Arrest_ID,FIR_ID,Person_ID,Accused_Name,Gender,Age,District,Station_ID,Arrest_Date,Arrest_Location,Arresting_Officer,Custody_Type,Bail_Status,Recovery_Item,Recovery_Value,Medical_Examination,Fingerprint_Taken,DNA_Sample,Photograph_Taken
ARR02457,FIR202500019,P007147,Akash Desai,Male,40,Bagalkote,PS0023,2025-01-07 11:51,Lodge,SI Ganesh Rao,Police Custody,Rejected,Gold,194011,Yes,Yes,No,No
ARR00814,FIR202500013,P001332,Manoj Hegde,Male,66,Bengaluru Rural,PS0083,2025-01-07 23:07,Lodge,PI Naveen Patil,Police Custody,Rejected,Vehicle,270325,Yes,No,No,No
ARR00836,FIR202500031,P002717,Suraj Shetty,Male,25,Belagavi,PS0054,2025-01-08 02:26,Lodge,PI Lakshmi Devi,Judicial Custody,Rejected,Cash,52084,No,No,Yes,No
ARR01508,FIR202500035,P004030,Ramesh Rao,Male,38,Chamarajanagar,PS0200,2025-01-08 23:25,Parking Lot,PI Naveen Patil,Released on Bail,Granted,Gold,418604,Yes,Yes,No,Yes
ARR01223,FIR202500015,P006323,Preethi Poojary,Female,70,Bengaluru Rural,PS0098,2025-01-09 19:08,Airport,PI Mahesh Bhat,Judicial Custody,Granted,None,0,No,Yes,No,Yes
ARR00394,FIR202500045,P006436,Abhishek Patil,Male,29,Bengaluru Urban,PS0111,2025-01-09 19:22,Shopping Mall,SI Divya Hegde,Police Custody,Pending,Drugs,130848,Yes,Yes,No,Yes
ARR00443,FIR202500051,P000418,Lokesh Reddy,Male,70,Bidar,PS0161,2025-01-10 17:09,Farm House,SI Suresh Kulkarni,Released on Bail,Pending,Gold,183323,Yes,No,Yes,No
ARR00224,FIR202500006,P005648,Kiran Bhat,Male,22,Chamarajanagar,PS0194,2025-01-10 17:52,Railway Station,SI Ganesh Rao,Released on Bail,Granted,Vehicle,358186,Yes,No,No,Yes
ARR01853,FIR202500052,P003724,Sanjay Naik,Male,32,Bengaluru Urban,PS0150,2025-01-10 21:59,Parking Lot,SI Prakash Sharma,Released on Bail,Granted,None,0,Yes,No,Yes,No
ARR00227,FIR202500014,P005955,Ganesh Shetty,Male,40,Bengaluru Rural,PS0095,2025-01-12 20:58,Shopping Mall,PI Ramesh Gowda,Judicial Custody,Granted,Laptop,495440,Yes,No,No,Yes
ARR00642,FIR202500071,P002383,Rohit Rao,Male,55,Bengaluru Rural,PS0099,2025-01-13 14:40,Shopping Mall,SI Ravi Kumar,Police Custody,Granted,Laptop,285798,No,No,Yes,No
ARR01125,FIR202500001,P002638,Manoj Verma,Male,57,Bengaluru Rural,PS0097,2025-01-17 14:41,Parking Lot,PI Naveen Patil,Police Custody,Pending,Vehicle,225007,No,Yes,Yes,No
ARR00564,FIR202500067,P002154,Mahesh Kumar,Male,44,Bengaluru Rural,PS0091,2025-01-17 20:15,Airport,SI Suresh Kulkarni,Police Custody,Granted,None,0,No,No,No,Yes
ARR00021,FIR202500116,P003890,Sanjay Joshi,Male,63,Bengaluru Urban,PS0127,2025-01-18 04:09,Lodge,SI Ganesh Rao,Police Custody,Granted,Drugs,445218,No,No,No,Yes
ARR01943,FIR202500125,P003491,Sanjay Angadi,Male,64,Chikkaballapura,PS0236,2025-01-18 04:51,Residence,PI Mahesh Bhat,Judicial Custody,Rejected,Vehicle,115688,No,No,Yes,No
ARR01518,FIR202500086,P003492,Mahesh Joshi,Male,20,Bengaluru Urban,PS0110,2025-01-18 09:26,Residence,SI Ravi Kumar,Judicial Custody,Rejected,Gold,398246,No,No,Yes,Yes
ARR01260,FIR202500044,P008356,Prakash Poojary,Male,30,Ballari,PS0042,2025-01-19 03:05,Parking Lot,PI Naveen Patil,Police Custody,Pending,Gold,117658,No,Yes,No,Yes
ARR00424,FIR202500034,P007013,Radhika Sharma,Female,52,Bidar,PS0163,2025-01-20 03:29,Hotel,SI Suresh Kulkarni,Police Custody,Granted,Laptop,336021,No,Yes,No,Yes
ARR00581,FIR202500027,P006878,Vijay Joshi,Male,39,Bengaluru Urban,PS0132,2025-01-21 02:38,Parking Lot,SI Suresh Kulkarni,Judicial Custody,Pending,None,0,No,Yes,Yes,No
ARR00533,FIR202500203,P009631,Darshan Angadi,Male,31,Bengaluru Rural,PS0089,2025-01-21 03:24,Farm House,PI Lakshmi Devi,Police Custody,Pending,Cash,41460,No,No,No,No
ARR00657,FIR202500016,P005961,Puneeth Gowda,Male,38,Bengaluru Rural,PS0081,2025-01-21 17:52,Residence,PI Ramesh Gowda,Police Custody,Rejected,Documents,342014,Yes,No,No,Yes
ARR00491,FIR202500109,P005252,Vijay Joshi,Male,64,Bengaluru Rural,PS0097,2025-01-21 18:10,Lodge,SI Ravi Kumar,Police Custody,Rejected,Drugs,446444,No,No,Yes,No
ARR00182,FIR202500132,P009435,Kiran Reddy,Male,27,Bengaluru Urban,PS0143,2025-01-21 20:46,Railway Station,PI Mahesh Bhat,Judicial Custody,Pending,Mobile Phones,389279,Yes,Yes,Yes,Yes
ARR02340,FIR202500161,P002329,Ajay Kulkarni,Male,21,Bengaluru Urban,PS0120,2025-01-22 01:52,Railway Station,SI Prakash Sharma,Released on Bail,Pending,Mobile Phones,206623,Yes,Yes,Yes,Yes
ARR02426,FIR202500004,P002009,Basavaraj Naik,Male,59,Bengaluru Urban,PS0134,2025-01-22 06:22,Bus Stand,PI Harish Naik,Judicial Custody,Granted,Vehicle,95918,No,Yes,No,Yes
ARR02423,FIR202500100,P005870,Rahul Naik,Male,41,Bengaluru Rural,PS0070,2025-01-22 10:38,Railway Station,PI Mahesh Bhat,Judicial Custody,Granted,Drugs,93823,No,Yes,Yes,No
ARR00573,FIR202500062,P007281,Suresh Patil,Male,37,Bengaluru Rural,PS0098,2025-01-22 10:53,Farm House,PI Ramesh Gowda,Judicial Custody,Rejected,Drugs,149008,Yes,Yes,No,No
ARR00018,FIR202500205,P009725,Puneeth Reddy,Male,50,Bagalkote,PS0007,2025-01-22 17:25,Bus Stand,SI Divya Hegde,Police Custody,Rejected,Gold,313947,No,Yes,Yes,Yes
ARR02306,FIR202500025,P001090,Lokesh Kambali,Male,64,Bengaluru Urban,PS0151,2025-01-22 22:22,Parking Lot,SI Ravi Kumar,Released on Bail,Pending,Weapons,188016,No,No,No,No
ARR01155,FIR202500163,P007194,Prakash Rao,Male,34,Bengaluru Rural,PS0082,2025-01-23 11:45,Highway Checkpost,PI Harish Naik,Judicial Custody,Pending,Drugs,138850,No,No,No,No
ARR02260,FIR202500183,P009015,Rohit Hegde,Male,45,Bengaluru Urban,PS0126,2025-01-23 17:05,Market Area,PI Harish Naik,Police Custody,Rejected,Gold,336225,Yes,No,Yes,Yes
ARR01069,FIR202500087,P002794,Ramesh Patil,Male,36,Chamarajanagar,PS0222,2025-01-23 19:28,Border Checkpost,PI Harish Naik,Judicial Custody,Granted,Documents,493759,No,Yes,No,No
ARR01641,FIR202500080,P002217,Ganesh Hiremath,Male,27,Bengaluru Rural,PS0078,2025-01-23 23:57,Bus Stand,SI Ravi Kumar,Police Custody,Granted,Laptop,452219,No,Yes,Yes,No
ARR00101,FIR202500214,P009625,Naveen Kambali,Male,46,Bengaluru Urban,PS0128,2025-01-24 01:58,Border Checkpost,SI Ganesh Rao,Released on Bail,Pending,Documents,340863,Yes,Yes,Yes,No
ARR00924,FIR202500129,P001156,Prakash Bhat,Male,26,Bengaluru Urban,PS0114,2025-01-24 10:20,Railway Station,PI Mahesh Bhat,Released on Bail,Rejected,Gold,183731,Yes,No,Yes,Yes
ARR00703,FIR202500085,P000779,Sanjay Siddiqui,Male,43,Ballari,PS0041,2025-01-24 12:16,Market Area,SI Suresh Kulkarni,Police Custody,Pending,Gold,469151,No,No,No,Yes
ARR01674,FIR202500101,P001918,Abhishek Rao,Male,24,Bengaluru Rural,PS0075,2025-01-24 15:53,Bus Stand,PI Harish Naik,Police Custody,Granted,Weapons,197259,Yes,No,Yes,No
ARR00383,FIR202500169,P002112,Basavaraj Joshi,Male,31,Chikkaballapura,PS0237,2025-01-25 00:10,Airport,PI Mahesh Bhat,Judicial Custody,Pending,Weapons,425860,Yes,No,No,No
ARR00754,FIR202500079,P009146,Mahesh Poojary,Male,27,Bagalkote,PS0020,2025-01-25 08:30,Hotel,PI Lakshmi Devi,Judicial Custody,Rejected,Weapons,474024,Yes,No,Yes,No
ARR02094,FIR202500184,P003891,Prakash Poojary,Male,20,Bengaluru Urban,PS0140,2025-01-25 09:20,Parking Lot,SI Suresh Kulkarni,Police Custody,Rejected,Vehicle,100150,Yes,No,Yes,Yes
ARR01746,FIR202500123,P006712,Mahesh Singh,Male,47,Belagavi,PS0068,2025-01-25 16:54,Airport,SI Prakash Sharma,Released on Bail,Granted,Gold,480730,Yes,Yes,No,No
ARR01423,FIR202500083,P007160,Keerthi Pujari,Female,62,Bengaluru Urban,PS0140,2025-01-25 17:42,Bus Stand,SI Ravi Kumar,Police Custody,Rejected,Mobile Phones,31593,Yes,No,No,No
ARR01652,FIR202500265,P009199,Vijay Hiremath,Male,41,Bengaluru Urban,PS0119,2025-01-25 17:54,Lodge,PI Mahesh Bhat,Judicial Custody,Pending,Gold,440230,Yes,No,No,No
ARR01316,FIR202500195,P006025,Ganesh Patil,Male,50,Bengaluru Urban,PS0112,2025-01-26 01:13,Airport,PI Lakshmi Devi,Judicial Custody,Pending,Documents,197938,Yes,No,Yes,No
ARR00558,FIR202500208,P009671,Suresh Angadi,Male,68,Bengaluru Urban,PS0123,2025-01-26 02:42,Parking Lot,SI Suresh Kulkarni,Released on Bail,Pending,Gold,269021,No,Yes,No,No
ARR00166,FIR202500243,P009410,Basavaraj Naik,Male,29,Bengaluru Urban,PS0120,2025-01-26 08:51,Residence,SI Prakash Sharma,Judicial Custody,Rejected,Documents,369382,No,Yes,No,Yes
ARR02164,FIR202500107,P001941,Ajay Pujari,Male,33,Bengaluru Urban,PS0144,2025-01-26 19:43,Shopping Mall,PI Naveen Patil,Police Custody,Granted,Cash,181939,No,No,No,No
ARR00083,FIR202500290,P008031,Ajay Hiremath,Male,33,Bengaluru Urban,PS0133,2025-01-27 09:14,Railway Station,PI Mahesh Bhat,Judicial Custody,Pending,Vehicle,141736,Yes,Yes,Yes,No
ARR01366,FIR202500063,P009355,Prakash Kulkarni,Male,47,Bengaluru Rural,PS0076,2025-01-27 15:47,Highway Checkpost,PI Harish Naik,Released on Bail,Pending,Drugs,77365,No,Yes,Yes,Yes
ARR01452,FIR202500264,P003855,Siddu Shetty,Male,23,Bengaluru Rural,PS0078,2025-01-27 21:37,Bus Stand,SI Divya Hegde,Judicial Custody,Granted,Vehicle,4340,No,No,No,No
ARR02137,FIR202500020,P009650,Shivakumar Angadi,Male,45,Chamarajanagar,PS0230,2025-01-27 22:17,Industrial Area,SI Ravi Kumar,Released on Bail,Granted,Documents,60136,Yes,Yes,Yes,No
ARR00831,FIR202500224,P008930,Arjun Verma,Male,46,Belagavi,PS0048,2025-01-27 23:18,Farm House,PI Harish Naik,Police Custody,Granted,Weapons,50879,No,Yes,No,No
ARR00690,FIR202500174,P008151,Basavaraj Poojary,Male,65,Bidar,PS0179,2025-01-28 03:26,Bus Stand,PI Ramesh Gowda,Released on Bail,Rejected,Weapons,449812,Yes,Yes,No,Yes
ARR00015,FIR202500315,P001784,Shivakumar Kumar,Male,50,Belagavi,PS0047,2025-01-28 15:12,Residence,PI Lakshmi Devi,Judicial Custody,Rejected,Cash,103848,Yes,Yes,Yes,No
ARR00583,FIR202500272,P006255,Puneeth Hiremath,Male,60,Bagalkote,PS0013,2025-01-28 18:42,Shopping Mall,SI Prakash Sharma,Police Custody,Granted,Weapons,390024,Yes,Yes,Yes,Yes
ARR00140,FIR202500150,P004087,Arjun Siddiqui,Male,29,Bidar,PS0178,2025-01-28 19:53,Railway Station,PI Lakshmi Devi,Police Custody,Pending,Mobile Phones,238583,No,No,Yes,Yes
ARR01470,FIR202500266,P006793,Ajay Hiremath,Male,46,Chamarajanagar,PS0207,2025-01-28 21:30,Farm House,PI Naveen Patil,Released on Bail,Granted,Mobile Phones,92665,No,No,Yes,Yes
ARR02051,FIR202500066,P002576,Vijay Kumar,Male,60,Bengaluru Rural,PS0088,2025-01-29 02:06,Market Area,PI Harish Naik,Released on Bail,Granted,Vehicle,242349,No,Yes,No,No
ARR00316,FIR202500009,P009085,Chetan Reddy,Male,34,Belagavi,PS0062,2025-01-29 03:50,Airport,PI Harish Naik,Judicial Custody,Pending,Gold,243815,No,No,No,Yes
ARR00416,FIR202500276,P003137,Harish Reddy,Male,58,Bengaluru Urban,PS0139,2025-01-29 07:19,Bus Stand,SI Ravi Kumar,Judicial Custody,Granted,Drugs,267109,Yes,Yes,No,Yes
ARR00755,FIR202500068,P008522,Vijay Kumar,Male,42,Bengaluru Urban,PS0140,2025-01-29 11:36,Hotel,SI Suresh Kulkarni,Judicial Custody,Granted,None,0,No,Yes,No,No
ARR00094,FIR202500194,P001400,Ramesh Sharma,Male,49,Bengaluru Urban,PS0118,2025-01-29 13:06,Shopping Mall,PI Naveen Patil,Police Custody,Granted,Mobile Phones,11334,No,No,No,No
ARR01983,FIR202500078,P009511,Puneeth Hegde,Male,26,Bengaluru Rural,PS0105,2025-01-29 18:05,Farm House,SI Ganesh Rao,Judicial Custody,Rejected,Vehicle,312030,No,No,No,Yes
ARR01444,FIR202500240,P004150,Siddu Hiremath,Male,28,Bengaluru Rural,PS0071,2025-01-29 18:35,Industrial Area,SI Suresh Kulkarni,Police Custody,Rejected,Documents,458509,Yes,No,No,Yes
ARR00789,FIR202500030,P004533,Naveen Sharma,Male,23,Bengaluru Rural,PS0085,2025-01-29 20:22,Airport,SI Suresh Kulkarni,Judicial Custody,Pending,Documents,323372,Yes,No,No,Yes
ARR01481,FIR202500105,P000219,Geetha Bhat,Female,43,Bengaluru Urban,PS0124,2025-01-30 04:46,Hotel,SI Prakash Sharma,Police Custody,Granted,Cash,400562,No,No,No,Yes
ARR00032,FIR202500233,P005701,Ravi Naik,Male,25,Bidar,PS0190,2025-01-30 05:20,Railway Station,PI Naveen Patil,Judicial Custody,Rejected,Vehicle,283830,Yes,No,Yes,Yes
ARR01957,FIR202500069,P006090,Suraj Reddy,Male,51,Bengaluru Rural,PS0086,2025-01-30 06:01,Farm House,SI Ravi Kumar,Police Custody,Granted,Documents,317925,Yes,No,Yes,No
ARR01175,FIR202500287,P003367,Anjali Kumar,Female,56,Chamarajanagar,PS0208,2025-01-30 12:05,Parking Lot,PI Ramesh Gowda,Judicial Custody,Rejected,Cash,415764,Yes,Yes,Yes,No
ARR00927,FIR202500255,P005287,Abhishek Kumar,Male,31,Bengaluru Urban,PS0134,2025-01-30 19:04,Highway Checkpost,PI Ramesh Gowda,Police Custody,Pending,Laptop,67113,Yes,Yes,Yes,Yes
ARR01590,FIR202500217,P001913,Ganesh Angadi,Male,51,Bengaluru Urban,PS0145,2025-01-30 21:26,Industrial Area,PI Harish Naik,Released on Bail,Granted,Laptop,220126,No,No,No,No
ARR01626,FIR202500333,P000333,Arjun Shetty,Male,48,Chamarajanagar,PS0226,2025-01-30 22:24,Highway Checkpost,SI Ravi Kumar,Released on Bail,Rejected,Cash,21701,Yes,Yes,No,No
ARR00770,FIR202500144,P007072,Vinay Reddy,Male,25,Bengaluru Rural,PS0095,2025-01-31 00:13,Shopping Mall,PI Ramesh Gowda,Police Custody,Granted,Documents,102160,No,No,No,No
ARR00521,FIR202500223,P003541,Suresh Kumar,Male,50,Bagalkote,PS0005,2025-01-31 05:00,Industrial Area,SI Divya Hegde,Judicial Custody,Granted,Vehicle,231621,No,No,No,Yes
ARR02197,FIR202500300,P001380,Harish Reddy,Male,70,Ballari,PS0032,2025-01-31 05:35,Hotel,PI Naveen Patil,Police Custody,Rejected,Gold,227263,Yes,No,Yes,No
ARR01824,FIR202500301,P006685,Ravi Joshi,Male,47,Chikkaballapura,PS0242,2025-01-31 09:37,Shopping Mall,SI Ganesh Rao,Released on Bail,Granted,Vehicle,87320,No,No,Yes,No
ARR02379,FIR202500093,P004353,Abhishek Verma,Male,22,Bengaluru Rural,PS0074,2025-01-31 15:47,Lodge,PI Mahesh Bhat,Judicial Custody,Granted,Cash,148571,No,Yes,No,No
ARR00205,FIR202500026,P006216,Ajay Joshi,Male,22,Bengaluru Rural,PS0100,2025-01-31 18:54,Shopping Mall,PI Ramesh Gowda,Released on Bail,Granted,Cash,369213,Yes,Yes,No,No
ARR00864,FIR202500103,P008141,Rekha Singh,Female,29,Bidar,PS0178,2025-02-01 00:22,Hotel,PI Ramesh Gowda,Judicial Custody,Granted,Cash,281462,Yes,No,No,No
ARR01238,FIR202500047,P003782,Harish Angadi,Male,68,Bengaluru Urban,PS0131,2025-02-01 10:51,Farm House,PI Harish Naik,Police Custody,Rejected,Laptop,475343,No,Yes,No,No
ARR00852,FIR202500288,P002820,Manoj Rao,Male,39,Bidar,PS0176,2025-02-01 20:38,Railway Station,PI Naveen Patil,Police Custody,Rejected,Laptop,115044,No,No,No,No
ARR01063,FIR202500088,P006892,Darshan Singh,Male,43,Bengaluru Urban,PS0111,2025-02-02 02:49,Airport,PI Harish Naik,Police Custody,Pending,Cash,245226,No,No,No,No
ARR01065,FIR202500291,P009662,Harish Pujari,Male,34,Chikkaballapura,PS0247,2025-02-02 04:25,Airport,PI Harish Naik,Police Custody,Rejected,Cash,6789,No,Yes,No,No
ARR00679,FIR202500239,P000982,Akash Rao,Male,28,Bengaluru Urban,PS0124,2025-02-02 05:47,Shopping Mall,PI Naveen Patil,Released on Bail,Rejected,Drugs,383650,Yes,No,Yes,No
ARR01814,FIR202500209,P006179,Divya Joshi,Female,30,Bengaluru Rural,PS0072,2025-02-02 14:08,Lodge,SI Suresh Kulkarni,Judicial Custody,Pending,Gold,30877,Yes,No,No,No
ARR01087,FIR202500343,P000560,Arjun Patil,Male,27,Bengaluru Rural,PS0102,2025-02-02 18:54,Residence,SI Ravi Kumar,Released on Bail,Pending,Weapons,419972,No,No,No,No
ARR01420,FIR202500270,P000146,Arjun Gowda,Male,35,Bengaluru Urban,PS0124,2025-02-02 23:02,Farm House,SI Ganesh Rao,Released on Bail,Pending,Laptop,104158,Yes,No,Yes,No
ARR00810,FIR202500200,P004239,Rahul Desai,Male,67,Bengaluru Urban,PS0127,2025-02-03 03:09,Airport,SI Suresh Kulkarni,Judicial Custody,Pending,Mobile Phones,38538,No,No,Yes,No
ARR00289,FIR202500091,P005512,Naveen Joshi,Male,27,Chamarajanagar,PS0232,2025-02-03 06:24,Market Area,PI Ramesh Gowda,Police Custody,Rejected,Laptop,355982,No,No,No,Yes
ARR00637,FIR202500325,P008647,Abhishek Poojary,Male,70,Bagalkote,PS0012,2025-02-03 06:49,Industrial Area,PI Ramesh Gowda,Released on Bail,Rejected,Cash,224958,Yes,Yes,Yes,Yes
ARR02278,FIR202500211,P000168,Manoj Naik,Male,56,Belagavi,PS0067,2025-02-03 11:07,Farm House,SI Ganesh Rao,Police Custody,Pending,None,0,Yes,Yes,No,No
ARR00791,FIR202500257,P004982,Shivakumar Singh,Male,29,Belagavi,PS0068,2025-02-03 13:49,Shopping Mall,SI Prakash Sharma,Judicial Custody,Rejected,Gold,323775,Yes,No,No,No
ARR01110,FIR202500280,P001441,Rahul Desai,Male,33,Bengaluru Rural,PS0070,2025-02-03 18:00,Residence,PI Naveen Patil,Judicial Custody,Granted,Mobile Phones,476946,No,No,No,No
ARR00605,FIR202500059,P000084,Rohit Joshi,Male,57,Belagavi,PS0062,2025-02-03 19:34,Lodge,SI Divya Hegde,Judicial Custody,Rejected,Gold,486947,Yes,Yes,No,Yes
ARR02170,FIR202500165,P007429,Harish Sharma,Male,56,Bengaluru Rural,PS0098,2025-02-04 01:50,Airport,SI Ravi Kumar,Released on Bail,Rejected,Weapons,350803,Yes,Yes,Yes,Yes
ARR00990,FIR202500348,P003618,Rahul Gowda,Male,59,Bengaluru Urban,PS0141,2025-02-04 02:14,Shopping Mall,PI Harish Naik,Judicial Custody,Rejected,Laptop,194852,Yes,No,No,Yes
ARR00062,FIR202500181,P008010,Naveen Verma,Male,48,Bengaluru Urban,PS0126,2025-02-04 03:42,Farm House,SI Prakash Sharma,Judicial Custody,Pending,Documents,297891,Yes,Yes,Yes,No
ARR00334,FIR202500058,P000416,Shivakumar Gowda,Male,53,Belagavi,PS0066,2025-02-04 04:33,Shopping Mall,PI Mahesh Bhat,Released on Bail,Rejected,None,0,No,No,Yes,No
ARR00920,FIR202500199,P004301,Harish Siddiqui,Male,30,Bengaluru Urban,PS0126,2025-02-04 06:14,Residence,SI Divya Hegde,Judicial Custody,Pending,Documents,126928,No,No,Yes,No
ARR00697,FIR202500185,P005867,Prakash Verma,Male,69,Bengaluru Urban,PS0126,2025-02-04 08:51,Highway Checkpost,SI Divya Hegde,Judicial Custody,Pending,Documents,121690,Yes,No,Yes,No
ARR01031,FIR202500204,P001354,Shreya Joshi,Female,40,Bengaluru Rural,PS0076,2025-02-04 11:58,Highway Checkpost,SI Prakash Sharma,Released on Bail,Rejected,Cash,58411,No,No,No,No
ARR02363,FIR202500207,P004176,Ravi Hegde,Male,71,Bengaluru Urban,PS0133,2025-02-04 12:01,Hotel,SI Ravi Kumar,Released on Bail,Rejected,Weapons,127445,Yes,No,No,Yes
ARR01587,FIR202500145,P003817,Suraj Reddy,Male,35,Bengaluru Urban,PS0115,2025-02-04 14:30,Highway Checkpost,PI Naveen Patil,Judicial Custody,Granted,Cash,457285,No,No,No,No
ARR00522,FIR202500277,P002955,Sowmya Gowda,Female,66,Bengaluru Urban,PS0111,2025-02-04 21:46,Border Checkpost,SI Suresh Kulkarni,Police Custody,Granted,Mobile Phones,6182,Yes,Yes,No,Yes
ARR01473,FIR202500378,P006623,Siddu Rao,Male,31,Bengaluru Rural,PS0074,2025-02-04 22:38,Border Checkpost,SI Ravi Kumar,Released on Bail,Rejected,None,0,No,No,No,No
ARR01660,FIR202500293,P009277,Ramesh Desai,Male,31,Bengaluru Rural,PS0093,2025-02-05 01:01,Airport,PI Harish Naik,Police Custody,Granted,Drugs,198172,Yes,No,Yes,No
ARR00258,FIR202500352,P004786,Ganesh Pujari,Male,42,Ballari,PS0044,2025-02-05 01:55,Border Checkpost,PI Ramesh Gowda,Released on Bail,Pending,Laptop,95683,No,No,No,No
ARR00020,FIR202500321,P002917,Vijay Siddiqui,Male,42,Bengaluru Urban,PS0136,2025-02-05 03:55,Industrial Area,PI Mahesh Bhat,Released on Bail,Rejected,Documents,69950,Yes,No,Yes,Yes
ARR01993,FIR202500317,P008798,Akash Kambali,Male,61,Chamarajanagar,PS0207,2025-02-05 07:59,Farm House,SI Divya Hegde,Released on Bail,Rejected,Laptop,19253,Yes,No,No,No
ARR00457,FIR202500292,P008632,Rahul Angadi,Male,51,Chikkaballapura,PS0246,2025-02-05 08:11,Railway Station,PI Ramesh Gowda,Released on Bail,Rejected,Weapons,124500,Yes,No,Yes,No
ARR01038,FIR202500032,P005306,Ravi Rao,Male,28,Bengaluru Rural,PS0073,2025-02-05 11:51,Highway Checkpost,SI Divya Hegde,Judicial Custody,Rejected,Vehicle,419019,Yes,No,No,No
ARR00729,FIR202500353,P009208,Mahesh Angadi,Male,26,Bengaluru Rural,PS0101,2025-02-05 17:03,Railway Station,PI Lakshmi Devi,Judicial Custody,Rejected,Drugs,424572,Yes,Yes,Yes,Yes
ARR01673,FIR202500219,P007652,Vidya Reddy,Female,44,Bengaluru Urban,PS0119,2025-02-05 18:37,Railway Station,SI Ravi Kumar,Released on Bail,Pending,Gold,50059,No,No,No,No
ARR02378,FIR202500262,P000406,Vijay Shetty,Male,26,Belagavi,PS0065,2025-02-05 18:43,Border Checkpost,SI Ravi Kumar,Judicial Custody,Granted,Weapons,109966,Yes,No,No,No
ARR00268,FIR202500305,P009806,Suresh Poojary,Male,68,Bengaluru Urban,PS0116,2025-02-05 19:39,Parking Lot,SI Prakash Sharma,Released on Bail,Granted,Vehicle,259958,Yes,Yes,Yes,No
ARR02314,FIR202500247,P005714,Mahesh Hiremath,Male,31,Bengaluru Urban,PS0131,2025-02-06 00:34,Market Area,SI Ganesh Rao,Police Custody,Granted,Vehicle,441342,No,No,No,No
ARR01865,FIR202500268,P003683,Rahul Gowda,Male,64,Ballari,PS0029,2025-02-06 09:15,Railway Station,PI Harish Naik,Police Custody,Granted,Cash,14854,No,Yes,Yes,Yes
ARR01313,FIR202500182,P006945,Manoj Reddy,Male,35,Bengaluru Urban,PS0121,2025-02-06 11:15,Residence,PI Harish Naik,Judicial Custody,Rejected,Vehicle,59692,No,Yes,Yes,Yes
ARR00593,FIR202500386,P002977,Prakash Desai,Male,63,Ballari,PS0045,2025-02-06 17:06,Airport,PI Ramesh Gowda,Judicial Custody,Pending,Documents,311627,No,No,Yes,No
ARR00309,FIR202500082,P002389,Ravi Hegde,Male,54,Belagavi,PS0059,2025-02-06 17:37,Highway Checkpost,PI Mahesh Bhat,Released on Bail,Pending,Weapons,156713,Yes,Yes,Yes,Yes
ARR00357,FIR202500154,P008480,Shivakumar Naik,Male,48,Bengaluru Rural,PS0087,2025-02-06 18:15,Shopping Mall,SI Suresh Kulkarni,Released on Bail,Pending,Documents,77064,No,Yes,Yes,Yes
ARR01739,FIR202500122,P002284,Sneha Kulkarni,Female,21,Belagavi,PS0060,2025-02-07 01:32,Railway Station,SI Suresh Kulkarni,Judicial Custody,Granted,Weapons,281361,No,Yes,No,Yes
ARR00447,FIR202500050,P009764,Nandini Sharma,Female,61,Bengaluru Urban,PS0141,2025-02-07 08:36,Bus Stand,SI Ganesh Rao,Judicial Custody,Pending,Laptop,250096,Yes,No,Yes,Yes
ARR02187,FIR202500330,P005046,Basavaraj Siddiqui,Male,23,Bengaluru Urban,PS0124,2025-02-07 18:00,Bus Stand,PI Naveen Patil,Judicial Custody,Rejected,Cash,14462,Yes,No,Yes,Yes
ARR00219,FIR202500089,P003985,Ajay Gowda,Male,53,Bagalkote,PS0006,2025-02-07 20:10,Hotel,PI Naveen Patil,Judicial Custody,Rejected,Vehicle,318960,No,Yes,Yes,No
ARR01284,FIR202500188,P001291,Naveen Patil,Male,56,Bengaluru Urban,PS0141,2025-02-08 00:47,Bus Stand,SI Suresh Kulkarni,Police Custody,Pending,None,0,Yes,No,No,No
ARR00540,FIR202500117,P008444,Vinay Shetty,Male,59,Bagalkote,PS0005,2025-02-08 10:53,Shopping Mall,PI Harish Naik,Police Custody,Pending,Laptop,116369,No,Yes,Yes,No
ARR01145,FIR202500331,P008584,Harish Kumar,Male,62,Bengaluru Urban,PS0119,2025-02-08 14:52,Farm House,SI Prakash Sharma,Released on Bail,Granted,Weapons,239533,No,Yes,No,No
ARR00609,FIR202500398,P005631,Shivakumar Singh,Male,61,Bengaluru Rural,PS0080,2025-02-08 18:29,Lodge,SI Divya Hegde,Released on Bail,Pending,Weapons,160273,Yes,No,Yes,No
ARR01913,FIR202500428,P005404,Mahesh Desai,Male,26,Bengaluru Rural,PS0103,2025-02-09 03:40,Bus Stand,SI Prakash Sharma,Judicial Custody,Rejected,Weapons,344967,Yes,No,Yes,Yes
ARR01705,FIR202500254,P007250,Ajay Naik,Male,32,Bengaluru Rural,PS0078,2025-02-09 03:43,Market Area,PI Lakshmi Devi,Released on Bail,Pending,Vehicle,448843,No,Yes,Yes,Yes
ARR01266,FIR202500416,P005344,Suresh Hiremath,Male,26,Bengaluru Rural,PS0086,2025-02-09 04:07,Farm House,PI Naveen Patil,Judicial Custody,Pending,Gold,341400,Yes,Yes,No,No
ARR01821,FIR202500151,P008019,Kiran Rao,Male,45,Bengaluru Urban,PS0133,2025-02-09 05:11,Bus Stand,SI Divya Hegde,Released on Bail,Granted,Vehicle,74646,Yes,Yes,Yes,No
ARR00700,FIR202500296,P002188,Rahul Reddy,Male,59,Bengaluru Rural,PS0087,2025-02-09 05:31,Lodge,PI Harish Naik,Police Custody,Granted,Laptop,301273,Yes,No,No,No
ARR01552,FIR202500153,P005651,Divya Verma,Female,53,Bengaluru Urban,PS0135,2025-02-10 01:29,Highway Checkpost,PI Lakshmi Devi,Released on Bail,Granted,Cash,27252,Yes,Yes,Yes,No
ARR00542,FIR202500241,P007028,Rahul Hiremath,Male,27,Bengaluru Rural,PS0101,2025-02-10 02:29,Bus Stand,PI Lakshmi Devi,Released on Bail,Granted,None,0,Yes,Yes,Yes,No
ARR00225,FIR202500345,P000528,Vinay Verma,Male,25,Chikkaballapura,PS0244,2025-02-10 06:33,Highway Checkpost,SI Suresh Kulkarni,Released on Bail,Granted,None,0,Yes,No,No,Yes
ARR01568,FIR202500332,P008884,Sanjay Angadi,Male,32,Bagalkote,PS0015,2025-02-10 09:34,Hotel,PI Naveen Patil,Judicial Custody,Rejected,Gold,318979,Yes,No,Yes,No
ARR00941,FIR202500389,P009283,Arjun Kambali,Male,43,Bengaluru Rural,PS0103,2025-02-10 11:08,Market Area,PI Naveen Patil,Police Custody,Granted,Weapons,377364,No,Yes,No,No
ARR01191,FIR202500310,P009046,Shreya Rao,Female,54,Bidar,PS0185,2025-02-10 16:34,Industrial Area,SI Ganesh Rao,Police Custody,Pending,Gold,9883,No,No,Yes,Yes
ARR00116,FIR202500108,P006720,Ramesh Siddiqui,Male,43,Bengaluru Urban,PS0150,2025-02-10 16:58,Highway Checkpost,SI Suresh Kulkarni,Judicial Custody,Rejected,Weapons,164619,Yes,No,Yes,Yes
ARR00659,FIR202500387,P000657,Ganesh Gowda,Male,36,Chamarajanagar,PS0229,2025-02-10 17:39,Hotel,PI Naveen Patil,Released on Bail,Granted,Gold,343563,No,Yes,No,Yes
ARR02156,FIR202500417,P005178,Ajay Kumar,Male,60,Bengaluru Urban,PS0140,2025-02-10 17:39,Market Area,SI Divya Hegde,Judicial Custody,Granted,Mobile Phones,434502,No,No,No,Yes
ARR01305,FIR202500429,P003004,Mahesh Kumar,Male,46,Ballari,PS0028,2025-02-10 18:13,Industrial Area,PI Naveen Patil,Police Custody,Rejected,Cash,377881,No,No,No,No
ARR00234,FIR202500135,P001615,Naveen Angadi,Male,68,Bidar,PS0153,2025-02-11 06:35,Lodge,PI Ramesh Gowda,Police Custody,Granted,Gold,285183,No,No,Yes,No
ARR00483,FIR202500361,P007251,Vinay Joshi,Male,59,Ballari,PS0026,2025-02-11 07:55,Shopping Mall,SI Divya Hegde,Judicial Custody,Pending,Mobile Phones,498837,No,No,No,Yes
ARR02394,FIR202500449,P005413,Chetan Kumar,Male,23,Bengaluru Urban,PS0118,2025-02-11 09:06,Bus Stand,SI Divya Hegde,Released on Bail,Granted,Mobile Phones,89736,No,Yes,No,Yes
ARR01934,FIR202500347,P000962,Naveen Desai,Male,55,Ballari,PS0040,2025-02-11 17:38,Hotel,SI Divya Hegde,Police Custody,Rejected,Weapons,295118,Yes,No,Yes,Yes
ARR01042,FIR202500226,P006096,Prakash Hegde,Male,70,Bengaluru Urban,PS0124,2025-02-11 23:11,Market Area,SI Divya Hegde,Police Custody,Granted,Gold,414604,No,Yes,No,Yes
ARR02339,FIR202500134,P002651,Ramesh Shetty,Male,45,Bengaluru Urban,PS0126,2025-02-11 23:38,Market Area,PI Ramesh Gowda,Released on Bail,Pending,Weapons,473064,No,No,Yes,No
ARR01303,FIR202500455,P003473,Basavaraj Patil,Male,60,Chikkaballapura,PS0241,2025-02-12 00:22,Industrial Area,SI Suresh Kulkarni,Police Custody,Granted,Vehicle,162414,No,Yes,No,Yes
ARR02333,FIR202500385,P008927,Kiran Singh,Male,62,Bagalkote,PS0001,2025-02-12 11:01,Hotel,PI Mahesh Bhat,Police Custody,Pending,Cash,224603,No,Yes,No,Yes
ARR01650,FIR202500104,P000010,Sowmya Verma,Female,22,Bidar,PS0165,2025-02-12 12:17,Highway Checkpost,PI Naveen Patil,Released on Bail,Granted,Weapons,308796,Yes,Yes,No,No
ARR00265,FIR202500115,P002667,Pradeep Joshi,Male,42,Bengaluru Urban,PS0141,2025-02-12 18:34,Residence,SI Ganesh Rao,Judicial Custody,Pending,None,0,No,No,Yes,Yes
ARR01475,FIR202500284,P006441,Shivakumar Gowda,Male,55,Bengaluru Urban,PS0152,2025-02-13 02:38,Industrial Area,PI Lakshmi Devi,Released on Bail,Pending,Gold,288886,No,Yes,Yes,No
ARR00817,FIR202500335,P002403,Bhavya Kulkarni,Female,35,Belagavi,PS0056,2025-02-13 03:15,Parking Lot,SI Prakash Sharma,Police Custody,Granted,Vehicle,37511,No,No,Yes,Yes
ARR00207,FIR202500242,P006142,Akash Joshi,Male,68,Bengaluru Urban,PS0126,2025-02-13 04:53,Residence,SI Divya Hegde,Judicial Custody,Pending,None,0,No,Yes,No,No
ARR00930,FIR202500138,P009584,Siddu Verma,Male,28,Bengaluru Urban,PS0122,2025-02-13 05:09,Airport,PI Harish Naik,Judicial Custody,Granted,Vehicle,119996,Yes,No,Yes,Yes
ARR00422,FIR202500222,P003645,Suraj Poojary,Male,34,Bengaluru Urban,PS0122,2025-02-13 09:44,Airport,PI Harish Naik,Judicial Custody,Rejected,None,0,No,No,No,Yes
ARR01485,FIR202500225,P005406,Suresh Kambali,Male,64,Belagavi,PS0047,2025-02-13 16:52,Hotel,SI Ravi Kumar,Released on Bail,Rejected,Documents,494175,No,No,No,No
ARR02225,FIR202500324,P004466,Basavaraj Singh,Male,71,Bengaluru Urban,PS0136,2025-02-13 19:53,Bus Stand,PI Lakshmi Devi,Judicial Custody,Rejected,Mobile Phones,236617,No,Yes,No,No
ARR01337,FIR202500152,P008878,Lokesh Kambali,Male,68,Bengaluru Urban,PS0130,2025-02-13 21:41,Market Area,SI Divya Hegde,Police Custody,Granted,Laptop,182817,No,No,Yes,No
ARR02243,FIR202500460,P008866,Ramesh Reddy,Male,44,Chamarajanagar,PS0234,2025-02-14 00:27,Highway Checkpost,SI Suresh Kulkarni,Judicial Custody,Pending,None,0,No,Yes,Yes,Yes
ARR01793,FIR202500111,P003757,Basavaraj Joshi,Male,49,Bengaluru Urban,PS0120,2025-02-14 01:43,Border Checkpost,PI Naveen Patil,Judicial Custody,Rejected,Gold,17527,No,Yes,No,No
ARR01883,FIR202500142,P001119,Siddu Kumar,Male,59,Chamarajanagar,PS0205,2025-02-14 07:29,Farm House,SI Prakash Sharma,Judicial Custody,Granted,Weapons,486465,Yes,No,Yes,No
ARR01199,FIR202500285,P001921,Darshan Pujari,Male,32,Bidar,PS0180,2025-02-14 08:40,Farm House,SI Ravi Kumar,Police Custody,Granted,Documents,35154,No,Yes,No,No
ARR00217,FIR202500246,P005441,Siddu Poojary,Male,63,Bengaluru Urban,PS0141,2025-02-14 16:22,Industrial Area,SI Ganesh Rao,Police Custody,Granted,Laptop,345582,No,Yes,No,Yes
ARR01324,FIR202500250,P007203,Arjun Angadi,Male,61,Bidar,PS0191,2025-02-14 20:43,Bus Stand,SI Ravi Kumar,Released on Bail,Granted,Weapons,296385,Yes,No,No,Yes
ARR00064,FIR202500202,P009928,Lokesh Angadi,Male,40,Bengaluru Urban,PS0125,2025-02-14 22:57,Industrial Area,PI Harish Naik,Released on Bail,Pending,Laptop,228197,No,Yes,Yes,Yes
ARR02468,FIR202500329,P007198,Harish Reddy,Male,35,Bengaluru Rural,PS0077,2025-02-15 06:36,Parking Lot,SI Ganesh Rao,Judicial Custody,Pending,Vehicle,351075,Yes,No,Yes,Yes
ARR01946,FIR202500411,P009046,Shreya Rao,Female,54,Bengaluru Rural,PS0104,2025-02-15 07:03,Market Area,SI Prakash Sharma,Judicial Custody,Rejected,Mobile Phones,176722,Yes,Yes,Yes,No
ARR00378,FIR202500399,P000319,Shivakumar Pujari,Male,68,Bengaluru Urban,PS0144,2025-02-15 07:34,Hotel,SI Divya Hegde,Released on Bail,Rejected,Cash,77271,Yes,No,No,No
ARR00630,FIR202500319,P006911,Prakash Gowda,Male,23,Bengaluru Rural,PS0086,2025-02-15 10:56,Parking Lot,SI Prakash Sharma,Judicial Custody,Pending,Weapons,221199,No,No,Yes,No
ARR00091,FIR202500139,P008923,Mahesh Gowda,Male,42,Bengaluru Urban,PS0143,2025-02-15 11:36,Lodge,PI Lakshmi Devi,Police Custody,Pending,Gold,383858,No,No,No,Yes
ARR00723,FIR202500338,P003701,Naveen Kambali,Male,26,Chamarajanagar,PS0195,2025-02-15 18:18,Hotel,PI Naveen Patil,Judicial Custody,Granted,Vehicle,258180,No,Yes,No,No
ARR00092,FIR202500197,P003782,Harish Angadi,Male,68,Bengaluru Urban,PS0117,2025-02-15 18:43,Lodge,SI Ravi Kumar,Released on Bail,Rejected,Cash,305730,Yes,Yes,Yes,Yes
ARR02096,FIR202500392,P001732,Vijay Patil,Male,62,Bengaluru Urban,PS0145,2025-02-15 20:29,Airport,SI Prakash Sharma,Released on Bail,Rejected,Vehicle,321940,No,No,No,No
ARR02112,FIR202500323,P005392,Suraj Desai,Male,50,Bengaluru Urban,PS0126,2025-02-16 05:47,Railway Station,PI Harish Naik,Police Custody,Rejected,Documents,83817,No,Yes,Yes,No
ARR01499,FIR202500177,P005485,Rohit Kulkarni,Male,56,Bagalkote,PS0021,2025-02-16 14:20,Shopping Mall,PI Harish Naik,Released on Bail,Pending,Laptop,37854,Yes,Yes,Yes,No
ARR01204,FIR202500308,P001895,Abhishek Hegde,Male,50,Bengaluru Rural,PS0070,2025-02-16 21:21,Market Area,PI Ramesh Gowda,Police Custody,Rejected,Weapons,301932,Yes,No,Yes,Yes
ARR01131,FIR202500313,P008680,Prakash Desai,Male,36,Belagavi,PS0066,2025-02-17 03:00,Farm House,PI Harish Naik,Released on Bail,Rejected,Cash,457122,No,Yes,No,No
ARR00118,FIR202500191,P007917,Rohit Patil,Male,18,Bengaluru Urban,PS0129,2025-02-17 04:34,Bus Stand,PI Lakshmi Devi,Released on Bail,Rejected,None,0,Yes,Yes,No,No
ARR00620,FIR202500316,P005316,Manoj Kumar,Male,45,Bidar,PS0158,2025-02-17 09:02,Residence,PI Ramesh Gowda,Released on Bail,Rejected,Cash,302269,Yes,No,Yes,Yes
ARR01738,FIR202500485,P006437,Vijay Naik,Male,36,Bengaluru Urban,PS0136,2025-02-17 15:02,Shopping Mall,PI Naveen Patil,Judicial Custody,Rejected,Gold,132303,No,No,No,Yes
ARR00239,FIR202500228,P008327,Prakash Hiremath,Male,31,Bengaluru Urban,PS0132,2025-02-17 15:43,Bus Stand,PI Lakshmi Devi,Police Custody,Pending,Gold,86343,No,No,Yes,Yes
ARR00865,FIR202500282,P000354,Rohit Kambali,Male,46,Bagalkote,PS0015,2025-02-17 23:37,Railway Station,PI Ramesh Gowda,Released on Bail,Pending,Laptop,390260,No,Yes,Yes,No
ARR01631,FIR202500484,P009286,Prakash Bhat,Male,37,Bengaluru Rural,PS0088,2025-02-18 03:56,Highway Checkpost,PI Harish Naik,Judicial Custody,Granted,Mobile Phones,118825,No,Yes,Yes,No
ARR02177,FIR202500362,P000688,Nandini Singh,Female,41,Bengaluru Urban,PS0135,2025-02-18 07:30,Residence,PI Ramesh Gowda,Released on Bail,Pending,Vehicle,97389,No,No,No,No
ARR00047,FIR202500312,P001128,Shivakumar Pujari,Male,62,Bidar,PS0184,2025-02-18 08:03,Lodge,SI Suresh Kulkarni,Released on Bail,Pending,Mobile Phones,163306,No,No,Yes,No
ARR01624,FIR202500405,P006942,Rohit Pujari,Male,23,Bagalkote,PS0004,2025-02-18 11:26,Hotel,SI Divya Hegde,Released on Bail,Granted,Mobile Phones,385098,No,Yes,Yes,Yes
ARR00125,FIR202500377,P003315,Abhishek Kambali,Male,24,Chamarajanagar,PS0219,2025-02-19 00:17,Railway Station,PI Harish Naik,Released on Bail,Rejected,Cash,344444,No,No,Yes,Yes
ARR01598,FIR202500376,P002306,Harini Verma,Female,36,Bengaluru Rural,PS0094,2025-02-19 11:15,Border Checkpost,PI Ramesh Gowda,Released on Bail,Rejected,Vehicle,342181,Yes,No,No,No
ARR00786,FIR202500501,P007790,Suraj Verma,Male,46,Bengaluru Rural,PS0070,2025-02-19 11:46,Shopping Mall,SI Suresh Kulkarni,Police Custody,Rejected,Laptop,461865,No,No,Yes,Yes
ARR02494,FIR202500337,P007329,Vijay Reddy,Male,60,Bengaluru Rural,PS0071,2025-02-19 12:01,Residence,SI Divya Hegde,Police Custody,Rejected,Laptop,475995,Yes,No,No,Yes
ARR01108,FIR202500253,P005433,Puneeth Reddy,Male,58,Bengaluru Urban,PS0142,2025-02-19 13:04,Farm House,SI Ravi Kumar,Released on Bail,Pending,Drugs,52528,Yes,Yes,No,Yes
ARR02291,FIR202500358,P007206,Vinay Siddiqui,Male,55,Bengaluru Urban,PS0125,2025-02-19 14:26,Hotel,SI Divya Hegde,Released on Bail,Pending,None,0,No,Yes,Yes,No
ARR00915,FIR202500499,P002087,Lokesh Naik,Male,33,Bengaluru Urban,PS0118,2025-02-19 14:50,Railway Station,SI Divya Hegde,Police Custody,Pending,Documents,453402,Yes,No,Yes,Yes
ARR00900,FIR202500495,P007147,Akash Desai,Male,40,Bengaluru Urban,PS0123,2025-02-19 15:37,Shopping Mall,SI Ravi Kumar,Police Custody,Granted,Laptop,195434,No,Yes,No,Yes
ARR00879,FIR202500456,P002523,Asha Poojary,Female,21,Bengaluru Urban,PS0110,2025-02-19 17:19,Airport,PI Lakshmi Devi,Police Custody,Rejected,Weapons,242227,No,Yes,No,No
ARR02124,FIR202500354,P000559,Mahesh Naik,Male,52,Belagavi,PS0068,2025-02-19 23:48,Shopping Mall,PI Naveen Patil,Judicial Custody,Granted,Weapons,269948,No,No,Yes,Yes
ARR02247,FIR202500457,P000235,Sanjay Hiremath,Male,54,Bengaluru Urban,PS0126,2025-02-20 01:29,Border Checkpost,SI Suresh Kulkarni,Released on Bail,Granted,Drugs,126916,No,Yes,No,No
ARR01858,FIR202500304,P008000,Suresh Hegde,Male,48,Bengaluru Rural,PS0076,2025-02-20 02:12,Bus Stand,SI Prakash Sharma,Police Custody,Granted,Vehicle,138910,Yes,Yes,No,Yes
ARR00287,FIR202500489,P002405,Nisha Angadi,Female,47,Chamarajanagar,PS0229,2025-02-20 09:14,Bus Stand,PI Lakshmi Devi,Police Custody,Rejected,Weapons,9160,Yes,Yes,Yes,No
ARR02029,FIR202500503,P009824,Vinay Joshi,Male,53,Belagavi,PS0052,2025-02-20 15:52,Border Checkpost,PI Naveen Patil,Judicial Custody,Pending,Cash,444361,Yes,No,Yes,No
ARR01576,FIR202500431,P008149,Prakash Reddy,Male,28,Bidar,PS0162,2025-02-21 04:00,Airport,PI Harish Naik,Released on Bail,Pending,Drugs,179728,No,No,Yes,No
ARR01255,FIR202500459,P009633,Asha Patil,Female,52,Chikkaballapura,PS0242,2025-02-21 05:23,Shopping Mall,PI Mahesh Bhat,Released on Bail,Granted,None,0,No,Yes,No,No
ARR00177,FIR202500536,P006435,Kiran Kambali,Male,67,Bengaluru Rural,PS0100,2025-02-21 11:27,Bus Stand,PI Naveen Patil,Released on Bail,Rejected,Drugs,319340,Yes,No,Yes,No
ARR00866,FIR202500342,P008147,Harish Joshi,Male,34,Bengaluru Urban,PS0126,2025-02-22 09:14,Bus Stand,SI Prakash Sharma,Judicial Custody,Rejected,Cash,303458,No,Yes,No,No
ARR02295,FIR202500366,P008579,Ajay Joshi,Male,44,Bengaluru Urban,PS0132,2025-02-22 18:06,Lodge,PI Naveen Patil,Police Custody,Granted,Documents,265294,No,No,No,No
ARR02381,FIR202500465,P000472,Kiran Patil,Male,53,Bengaluru Rural,PS0104,2025-02-23 00:10,Highway Checkpost,PI Naveen Patil,Judicial Custody,Pending,Weapons,320992,Yes,No,Yes,No
ARR01516,FIR202500547,P004667,Sangeetha Angadi,Female,22,Chikkaballapura,PS0238,2025-02-23 06:19,Farm House,PI Harish Naik,Police Custody,Granted,Documents,318127,Yes,No,Yes,No
ARR01206,FIR202500466,P002798,Vinay Poojary,Male,47,Chikkaballapura,PS0236,2025-02-23 06:20,Market Area,PI Naveen Patil,Police Custody,Granted,Cash,461174,Yes,No,No,Yes
ARR01879,FIR202500414,P007254,Prakash Angadi,Male,69,Bengaluru Rural,PS0095,2025-02-23 10:21,Parking Lot,PI Lakshmi Devi,Police Custody,Rejected,None,0,No,Yes,No,Yes
ARR00146,FIR202500381,P001295,Ajay Bhat,Male,33,Chamarajanagar,PS0215,2025-02-23 12:21,Hotel,PI Ramesh Gowda,Police Custody,Rejected,None,0,Yes,No,No,No
ARR02019,FIR202500507,P006862,Nisha Hegde,Female,27,Bengaluru Rural,PS0096,2025-02-23 20:29,Industrial Area,PI Ramesh Gowda,Police Custody,Pending,Mobile Phones,183252,Yes,Yes,Yes,No
ARR00180,FIR202500440,P005458,Anitha Kulkarni,Female,29,Chamarajanagar,PS0205,2025-02-24 04:59,Highway Checkpost,SI Ravi Kumar,Released on Bail,Rejected,None,0,No,No,No,No
ARR00502,FIR202500562,P006521,Abhishek Kumar,Male,37,Bengaluru Urban,PS0146,2025-02-24 06:48,Railway Station,SI Suresh Kulkarni,Judicial Custody,Rejected,Documents,81565,No,Yes,No,No
ARR01521,FIR202500346,P007918,Ravi Poojary,Male,45,Bengaluru Rural,PS0070,2025-02-24 09:21,Hotel,SI Divya Hegde,Police Custody,Granted,Mobile Phones,339191,No,Yes,No,No
ARR01044,FIR202500402,P009011,Ramesh Naik,Male,36,Bengaluru Urban,PS0150,2025-02-24 15:17,Farm House,SI Prakash Sharma,Police Custody,Rejected,Gold,120164,Yes,No,Yes,Yes
ARR00727,FIR202500436,P004911,Vinay Kumar,Male,32,Bengaluru Rural,PS0099,2025-02-24 21:38,Market Area,PI Ramesh Gowda,Police Custody,Pending,Weapons,8836,No,Yes,No,No
ARR01670,FIR202500458,P009827,Arjun Shetty,Male,37,Bengaluru Urban,PS0132,2025-02-25 01:05,Shopping Mall,SI Prakash Sharma,Police Custody,Pending,Mobile Phones,439000,Yes,No,Yes,No
ARR00576,FIR202500532,P007155,Chetan Singh,Male,46,Bengaluru Rural,PS0079,2025-02-25 17:36,Border Checkpost,PI Naveen Patil,Police Custody,Pending,Drugs,441362,No,Yes,No,Yes
ARR02311,FIR202500494,P006811,Darshan Naik,Male,42,Bengaluru Rural,PS0072,2025-02-25 20:05,Highway Checkpost,PI Mahesh Bhat,Judicial Custody,Granted,Vehicle,115462,Yes,No,No,Yes
ARR00796,FIR202500395,P008558,Basavaraj Shetty,Male,38,Bengaluru Rural,PS0080,2025-02-26 03:12,Bus Stand,SI Suresh Kulkarni,Released on Bail,Rejected,Documents,261733,Yes,Yes,No,No
ARR01285,FIR202500512,P007388,Puneeth Hegde,Male,33,Bengaluru Rural,PS0076,2025-02-26 04:14,Lodge,SI Suresh Kulkarni,Judicial Custody,Rejected,Drugs,410515,No,Yes,Yes,No
ARR00466,FIR202500393,P001969,Lokesh Hegde,Male,27,Bengaluru Urban,PS0147,2025-02-26 04:47,Border Checkpost,PI Lakshmi Devi,Judicial Custody,Granted,Weapons,484248,No,Yes,No,No
ARR00093,FIR202500336,P008146,Akash Pujari,Male,25,Bengaluru Rural,PS0098,2025-02-26 10:06,Highway Checkpost,PI Lakshmi Devi,Released on Bail,Pending,Gold,101027,No,Yes,No,No
ARR00756,FIR202500438,P006077,Basavaraj Joshi,Male,66,Bengaluru Rural,PS0099,2025-02-26 18:59,Bus Stand,PI Ramesh Gowda,Released on Bail,Rejected,Drugs,436740,Yes,No,No,Yes
ARR00801,FIR202500570,P002587,Ramesh Angadi,Male,18,Bengaluru Urban,PS0147,2025-02-26 21:16,Railway Station,PI Mahesh Bhat,Judicial Custody,Rejected,Documents,496534,Yes,No,Yes,No
ARR00130,FIR202500364,P001558,Abhishek Poojary,Male,43,Bengaluru Urban,PS0134,2025-02-26 23:46,Hotel,SI Ganesh Rao,Police Custody,Pending,Cash,170602,No,No,Yes,No
ARR00454,FIR202500595,P008094,Pradeep Desai,Male,55,Bidar,PS0163,2025-02-27 00:01,Farm House,PI Naveen Patil,Judicial Custody,Granted,Weapons,422166,Yes,Yes,No,No
ARR02484,FIR202500513,P004586,Radhika Shetty,Female,47,Belagavi,PS0061,2025-02-27 08:19,Market Area,PI Ramesh Gowda,Police Custody,Rejected,Documents,106420,No,No,Yes,Yes
ARR01291,FIR202500334,P008603,Vinay Poojary,Male,61,Chikkaballapura,PS0240,2025-02-27 15:31,Residence,PI Mahesh Bhat,Judicial Custody,Granted,Mobile Phones,206069,Yes,No,Yes,No
ARR00179,FIR202500420,P006852,Abhishek Kumar,Male,25,Bengaluru Rural,PS0095,2025-02-27 16:04,Hotel,PI Naveen Patil,Released on Bail,Granted,None,0,No,Yes,Yes,No
ARR00175,FIR202500550,P005463,Pradeep Naik,Male,57,Bengaluru Rural,PS0082,2025-02-27 17:05,Parking Lot,SI Prakash Sharma,Judicial Custody,Rejected,Vehicle,405166,No,No,Yes,Yes
ARR01622,FIR202500531,P001081,Darshan Bhat,Male,33,Bengaluru Urban,PS0124,2025-02-28 07:24,Railway Station,SI Suresh Kulkarni,Released on Bail,Rejected,Documents,175210,Yes,Yes,Yes,Yes
ARR01604,FIR202500443,P006945,Manoj Reddy,Male,35,Bengaluru Urban,PS0137,2025-02-28 08:37,Parking Lot,PI Harish Naik,Police Custody,Pending,None,0,No,No,No,Yes
ARR01019,FIR202500425,P001172,Suresh Patil,Male,69,Bengaluru Rural,PS0074,2025-02-28 22:10,Shopping Mall,PI Lakshmi Devi,Judicial Custody,Pending,Laptop,87757,Yes,Yes,No,Yes
ARR01880,FIR202500423,P009030,Suraj Shetty,Male,54,Bengaluru Urban,PS0141,2025-02-28 23:42,Border Checkpost,PI Ramesh Gowda,Police Custody,Pending,Gold,402738,Yes,No,Yes,No
ARR02079,FIR202500409,P008816,Rahul Singh,Male,62,Ballari,PS0042,2025-03-01 00:45,Highway Checkpost,SI Prakash Sharma,Police Custody,Granted,Drugs,134927,No,No,No,Yes
ARR00337,FIR202500492,P005391,Deepa Singh,Female,22,Chamarajanagar,PS0226,2025-03-01 07:37,Border Checkpost,SI Prakash Sharma,Police Custody,Rejected,Cash,442191,Yes,No,Yes,Yes
ARR02465,FIR202500580,P004375,Suraj Reddy,Male,48,Bengaluru Rural,PS0074,2025-03-01 13:38,Residence,SI Ravi Kumar,Police Custody,Pending,Laptop,269664,No,No,Yes,Yes
ARR00804,FIR202500530,P002854,Manoj Patil,Male,51,Chamarajanagar,PS0193,2025-03-01 18:23,Industrial Area,SI Prakash Sharma,Judicial Custody,Rejected,Laptop,58894,No,Yes,Yes,No
ARR00009,FIR202500451,P002934,Sanjay Patil,Male,23,Bengaluru Rural,PS0078,2025-03-01 22:24,Market Area,SI Suresh Kulkarni,Police Custody,Pending,Vehicle,83896,No,Yes,Yes,Yes
ARR02227,FIR202500350,P001004,Akash Hiremath,Male,52,Bagalkote,PS0014,2025-03-02 06:08,Border Checkpost,SI Divya Hegde,Judicial Custody,Granted,Vehicle,494122,Yes,No,No,Yes
ARR02399,FIR202500367,P003536,Vijay Hiremath,Male,59,Bidar,PS0155,2025-03-02 06:39,Border Checkpost,PI Mahesh Bhat,Police Custody,Pending,Laptop,307523,Yes,Yes,No,Yes
ARR02539,FIR202500521,P006527,Siddu Pujari,Male,65,Bidar,PS0177,2025-03-02 09:01,Farm House,SI Ganesh Rao,Police Custody,Pending,Drugs,36974,Yes,Yes,No,Yes
ARR01047,FIR202500567,P008797,Asha Hegde,Female,34,Bengaluru Rural,PS0100,2025-03-02 10:29,Airport,PI Ramesh Gowda,Released on Bail,Granted,Gold,165563,No,No,Yes,Yes
ARR00693,FIR202500573,P007806,Megha Poojary,Female,61,Ballari,PS0034,2025-03-02 11:36,Bus Stand,SI Ravi Kumar,Police Custody,Granted,Documents,495036,No,Yes,No,Yes
ARR00676,FIR202500498,P007308,Harish Patil,Male,66,Chamarajanagar,PS0226,2025-03-02 12:08,Lodge,PI Lakshmi Devi,Judicial Custody,Granted,Laptop,35301,Yes,Yes,Yes,Yes
ARR00200,FIR202500608,P007770,Sanjay Bhat,Male,68,Bengaluru Rural,PS0088,2025-03-02 13:40,Airport,PI Ramesh Gowda,Judicial Custody,Granted,Documents,182009,No,Yes,No,No
ARR00446,FIR202500602,P004130,Akash Poojary,Male,29,Bengaluru Urban,PS0112,2025-03-03 00:51,Shopping Mall,PI Naveen Patil,Judicial Custody,Granted,Mobile Phones,169070,No,Yes,Yes,No
ARR01283,FIR202500597,P007656,Harish Hiremath,Male,23,Bengaluru Urban,PS0143,2025-03-03 14:19,Border Checkpost,PI Mahesh Bhat,Police Custody,Granted,Mobile Phones,191073,No,Yes,No,No
ARR00776,FIR202500515,P007473,Rohit Bhat,Male,41,Chamarajanagar,PS0230,2025-03-03 22:32,Border Checkpost,SI Suresh Kulkarni,Police Custody,Rejected,Laptop,128095,No,No,Yes,No
ARR00505,FIR202500592,P006904,Lokesh Hegde,Male,66,Bengaluru Rural,PS0071,2025-03-03 23:04,Market Area,PI Ramesh Gowda,Judicial Custody,Rejected,Laptop,199990,Yes,No,No,No
ARR00136,FIR202500363,P001403,Sanjay Singh,Male,61,Belagavi,PS0051,2025-03-04 06:26,Parking Lot,SI Prakash Sharma,Police Custody,Rejected,Documents,227842,Yes,No,Yes,No
ARR01101,FIR202500600,P008996,Abhishek Naik,Male,35,Bengaluru Urban,PS0115,2025-03-04 06:39,Railway Station,SI Suresh Kulkarni,Judicial Custody,Granted,Cash,367454,Yes,Yes,Yes,No
ARR01230,FIR202500442,P005335,Mahesh Hiremath,Male,47,Chamarajanagar,PS0215,2025-03-04 08:10,Residence,PI Harish Naik,Judicial Custody,Granted,None,0,Yes,Yes,Yes,Yes
ARR00432,FIR202500469,P008478,Puneeth Kulkarni,Male,35,Bengaluru Rural,PS0085,2025-03-04 14:20,Border Checkpost,SI Prakash Sharma,Judicial Custody,Rejected,Gold,108756,No,Yes,Yes,Yes
ARR01618,FIR202500574,P000485,Suraj Bhat,Male,26,Chikkaballapura,PS0249,2025-03-04 15:05,Bus Stand,SI Ravi Kumar,Police Custody,Pending,Documents,285232,Yes,No,No,No
ARR00788,FIR202500471,P007826,Manoj Sharma,Male,67,Bengaluru Urban,PS0146,2025-03-04 22:05,Highway Checkpost,PI Harish Naik,Released on Bail,Pending,Drugs,264148,Yes,Yes,No,Yes
ARR02040,FIR202500578,P006051,Lokesh Pujari,Male,58,Bengaluru Rural,PS0071,2025-03-05 04:00,Market Area,SI Divya Hegde,Police Custody,Rejected,Drugs,67244,Yes,No,Yes,No
ARR00465,FIR202500630,P000070,Ramesh Pujari,Male,30,Bengaluru Rural,PS0109,2025-03-05 07:40,Lodge,PI Harish Naik,Released on Bail,Rejected,Mobile Phones,237293,Yes,Yes,Yes,Yes
ARR01489,FIR202500545,P001512,Rahul Pujari,Male,70,Bagalkote,PS0021,2025-03-05 08:08,Parking Lot,PI Mahesh Bhat,Judicial Custody,Granted,Documents,387327,Yes,No,No,Yes
ARR02282,FIR202500408,P002221,Harini Angadi,Female,52,Chamarajanagar,PS0225,2025-03-05 13:41,Market Area,PI Naveen Patil,Police Custody,Pending,Cash,2282,No,No,Yes,Yes
ARR01978,FIR202500517,P000990,Rohit Gowda,Male,37,Bengaluru Rural,PS0090,2025-03-05 16:43,Bus Stand,SI Ganesh Rao,Judicial Custody,Granted,None,0,No,Yes,No,Yes
ARR01514,FIR202500500,P007758,Shivakumar Singh,Male,19,Bengaluru Rural,PS0100,2025-03-05 22:11,Market Area,SI Divya Hegde,Released on Bail,Rejected,Laptop,280180,Yes,Yes,No,No
ARR01928,FIR202500533,P005923,Shivakumar Kulkarni,Male,39,Chamarajanagar,PS0228,2025-03-05 22:58,Hotel,PI Harish Naik,Judicial Custody,Granted,Cash,198621,No,Yes,No,Yes
ARR01525,FIR202500633,P008526,Arjun Reddy,Male,68,Bengaluru Urban,PS0131,2025-03-06 05:29,Airport,PI Naveen Patil,Police Custody,Rejected,Mobile Phones,259798,Yes,No,No,Yes
ARR02256,FIR202500624,P008074,Rahul Bhat,Male,20,Bengaluru Rural,PS0088,2025-03-06 20:58,Border Checkpost,PI Ramesh Gowda,Judicial Custody,Rejected,Weapons,231581,No,Yes,No,No
ARR00600,FIR202500627,P002606,Naveen Kulkarni,Male,48,Bidar,PS0192,2025-03-07 04:11,Airport,SI Divya Hegde,Police Custody,Granted,Cash,437194,Yes,No,Yes,Yes
ARR00425,FIR202500433,P009584,Siddu Verma,Male,28,Chikkaballapura,PS0248,2025-03-07 05:05,Residence,PI Harish Naik,Police Custody,Pending,None,0,No,No,Yes,Yes
ARR01045,FIR202500383,P005570,Abhishek Hiremath,Male,29,Bengaluru Rural,PS0086,2025-03-07 08:35,Residence,PI Ramesh Gowda,Judicial Custody,Rejected,None,0,Yes,Yes,No,No
ARR01117,FIR202500634,P009716,Ajay Reddy,Male,23,Chamarajanagar,PS0194,2025-03-07 18:00,Lodge,PI Lakshmi Devi,Released on Bail,Pending,Laptop,142021,Yes,No,Yes,Yes
ARR02020,FIR202500610,P003062,Ajay Kumar,Male,59,Bagalkote,PS0004,2025-03-08 05:07,Highway Checkpost,PI Lakshmi Devi,Judicial Custody,Pending,Weapons,252279,No,No,No,No
ARR00887,FIR202500546,P007397,Sanjay Kumar,Male,69,Bagalkote,PS0010,2025-03-08 05:19,Shopping Mall,SI Divya Hegde,Judicial Custody,Rejected,Mobile Phones,462298,Yes,No,Yes,No
ARR00548,FIR202500543,P008178,Sanjay Joshi,Male,39,Bidar,PS0182,2025-03-08 08:13,Border Checkpost,SI Ganesh Rao,Judicial Custody,Granted,Weapons,210053,Yes,No,No,Yes
ARR01559,FIR202500482,P003011,Manoj Naik,Male,19,Chikkaballapura,PS0244,2025-03-08 14:49,Market Area,SI Suresh Kulkarni,Judicial Custody,Pending,Documents,453850,Yes,No,Yes,No
ARR01187,FIR202500644,P004510,Harish Kulkarni,Male,44,Chamarajanagar,PS0225,2025-03-09 01:01,Highway Checkpost,SI Ravi Kumar,Police Custody,Rejected,Laptop,93500,Yes,Yes,Yes,Yes
ARR02473,FIR202500625,P002123,Ajay Hegde,Male,54,Bengaluru Urban,PS0110,2025-03-09 05:36,Border Checkpost,SI Divya Hegde,Released on Bail,Rejected,Documents,153323,Yes,Yes,No,Yes
ARR01498,FIR202500430,P005581,Ramesh Verma,Male,68,Bengaluru Rural,PS0074,2025-03-09 14:00,Parking Lot,SI Prakash Sharma,Police Custody,Granted,Vehicle,213857,Yes,Yes,Yes,No
ARR01315,FIR202500575,P003640,Puneeth Reddy,Male,49,Bengaluru Rural,PS0070,2025-03-09 16:17,Lodge,PI Ramesh Gowda,Police Custody,Granted,Drugs,248571,Yes,No,Yes,No
ARR02337,FIR202500522,P004424,Ravi Naik,Male,47,Chikkaballapura,PS0244,2025-03-09 17:03,Market Area,SI Suresh Kulkarni,Judicial Custody,Granted,Vehicle,484118,Yes,Yes,No,No
ARR01025,FIR202500664,P002663,Shivakumar Hegde,Male,39,Belagavi,PS0055,2025-03-09 18:18,Farm House,PI Lakshmi Devi,Judicial Custody,Pending,Weapons,51417,No,No,Yes,Yes
ARR01770,FIR202500463,P008651,Siddu Hiremath,Male,49,Bengaluru Rural,PS0086,2025-03-09 20:06,Shopping Mall,PI Naveen Patil,Police Custody,Pending,Vehicle,215921,No,No,No,Yes
ARR02309,FIR202500617,P007966,Akash Sharma,Male,68,Bidar,PS0165,2025-03-09 20:25,Farm House,SI Divya Hegde,Police Custody,Rejected,Laptop,351348,No,No,Yes,No
ARR00068,FIR202500593,P008873,Vinay Joshi,Male,20,Belagavi,PS0065,2025-03-09 20:40,Border Checkpost,SI Divya Hegde,Police Custody,Granted,Vehicle,479650,Yes,Yes,No,Yes
ARR01529,FIR202500628,P000428,Arjun Verma,Male,39,Bengaluru Urban,PS0146,2025-03-10 14:11,Highway Checkpost,PI Ramesh Gowda,Released on Bail,Rejected,Vehicle,439699,No,No,No,Yes
ARR00855,FIR202500671,P009326,Shreya Poojary,Female,61,Bengaluru Rural,PS0104,2025-03-10 22:10,Industrial Area,PI Ramesh Gowda,Released on Bail,Rejected,Drugs,48231,Yes,No,Yes,No
ARR02022,FIR202500645,P003588,Asha Kumar,Female,20,Chikkaballapura,PS0247,2025-03-11 00:30,Industrial Area,PI Naveen Patil,Police Custody,Rejected,Weapons,154083,Yes,No,Yes,Yes
ARR00832,FIR202500527,P000162,Vijay Kambali,Male,40,Bengaluru Rural,PS0106,2025-03-11 06:09,Shopping Mall,PI Naveen Patil,Police Custody,Pending,Documents,71367,Yes,Yes,Yes,No
ARR02216,FIR202500686,P009864,Prakash Joshi,Male,68,Bengaluru Urban,PS0136,2025-03-11 06:17,Residence,PI Naveen Patil,Police Custody,Rejected,None,0,No,Yes,No,Yes
ARR02188,FIR202500584,P007853,Nisha Pujari,Female,44,Bengaluru Rural,PS0097,2025-03-11 10:34,Railway Station,SI Divya Hegde,Police Custody,Granted,Mobile Phones,20945,Yes,No,No,Yes
ARR00242,FIR202500690,P000187,Arjun Sharma,Male,51,Bengaluru Urban,PS0147,2025-03-12 03:42,Industrial Area,SI Ganesh Rao,Judicial Custody,Rejected,Documents,415484,No,No,No,No
ARR00512,FIR202500586,P007460,Radhika Poojary,Female,34,Bengaluru Rural,PS0073,2025-03-12 12:34,Airport,SI Ravi Kumar,Released on Bail,Rejected,Drugs,190806,Yes,No,Yes,Yes
ARR00783,FIR202500538,P009858,Rahul Reddy,Male,36,Bengaluru Rural,PS0072,2025-03-12 16:13,Airport,PI Mahesh Bhat,Judicial Custody,Granted,Vehicle,350021,No,Yes,No,No
ARR02286,FIR202500540,P003655,Lokesh Naik,Male,51,Bengaluru Rural,PS0104,2025-03-12 23:57,Residence,SI Prakash Sharma,Released on Bail,Granted,Mobile Phones,382460,Yes,Yes,Yes,No
ARR00579,FIR202500675,P009931,Lokesh Naik,Male,27,Bengaluru Rural,PS0105,2025-03-13 02:42,Highway Checkpost,SI Ravi Kumar,Police Custody,Pending,Mobile Phones,407003,Yes,No,Yes,No
ARR00085,FIR202500525,P006917,Basavaraj Kulkarni,Male,32,Bengaluru Urban,PS0110,2025-03-13 17:31,Residence,PI Mahesh Bhat,Police Custody,Pending,Weapons,449384,No,No,No,Yes
ARR00802,FIR202500519,P003945,Ganesh Kumar,Male,70,Bengaluru Urban,PS0113,2025-03-13 20:03,Market Area,PI Lakshmi Devi,Police Custody,Granted,Vehicle,451880,Yes,Yes,Yes,No
ARR01929,FIR202500704,P008010,Naveen Verma,Male,48,Bengaluru Urban,PS0115,2025-03-13 23:31,Industrial Area,SI Suresh Kulkarni,Released on Bail,Granted,Laptop,197766,No,No,Yes,No
ARR01885,FIR202500561,P003843,Pradeep Sharma,Male,65,Ballari,PS0040,2025-03-14 00:06,Market Area,SI Suresh Kulkarni,Police Custody,Granted,Documents,122085,No,No,No,Yes
ARR00574,FIR202500481,P003549,Rahul Hiremath,Male,38,Bengaluru Rural,PS0090,2025-03-14 00:27,Lodge,SI Divya Hegde,Judicial Custody,Granted,Mobile Phones,369885,Yes,No,Yes,No
ARR01974,FIR202500669,P007842,Vinay Sharma,Male,61,Bengaluru Rural,PS0074,2025-03-14 01:15,Railway Station,SI Ganesh Rao,Released on Bail,Pending,None,0,Yes,Yes,No,Yes
ARR00977,FIR202500665,P001972,Rohit Kulkarni,Male,52,Bagalkote,PS0006,2025-03-14 02:34,Hotel,PI Harish Naik,Judicial Custody,Rejected,Documents,208413,Yes,Yes,Yes,Yes
ARR00736,FIR202500493,P003147,Arjun Reddy,Male,35,Bengaluru Urban,PS0124,2025-03-14 10:55,Hotel,SI Prakash Sharma,Police Custody,Granted,Vehicle,432559,Yes,No,No,Yes
ARR02104,FIR202500470,P009741,Arjun Hegde,Male,43,Chikkaballapura,PS0246,2025-03-14 15:48,Hotel,PI Ramesh Gowda,Judicial Custody,Granted,Cash,386549,No,No,Yes,No
ARR01851,FIR202500678,P006669,Shivakumar Kambali,Male,37,Ballari,PS0029,2025-03-14 20:03,Lodge,PI Lakshmi Devi,Police Custody,Rejected,Drugs,499517,Yes,Yes,No,Yes
ARR01765,FIR202500551,P000930,Shivakumar Desai,Male,33,Chamarajanagar,PS0193,2025-03-14 22:17,Residence,SI Divya Hegde,Released on Bail,Rejected,Documents,43626,No,No,Yes,Yes
ARR00816,FIR202500506,P005669,Darshan Hiremath,Male,46,Bengaluru Urban,PS0148,2025-03-14 23:33,Lodge,SI Ravi Kumar,Released on Bail,Rejected,Weapons,381387,Yes,Yes,No,No
ARR01334,FIR202500736,P005201,Lokesh Kulkarni,Male,28,Bengaluru Urban,PS0148,2025-03-15 04:38,Highway Checkpost,SI Ravi Kumar,Released on Bail,Rejected,Mobile Phones,216997,No,No,No,No
ARR01096,FIR202500516,P001145,Kiran Bhat,Male,41,Bengaluru Urban,PS0149,2025-03-15 05:23,Bus Stand,PI Ramesh Gowda,Judicial Custody,Rejected,None,0,No,No,Yes,Yes
ARR01438,FIR202500695,P003740,Basavaraj Bhat,Male,59,Bengaluru Urban,PS0152,2025-03-15 11:31,Shopping Mall,SI Suresh Kulkarni,Police Custody,Rejected,Documents,265336,No,No,No,Yes
ARR02204,FIR202500703,P009379,Rahul Verma,Male,39,Bengaluru Rural,PS0071,2025-03-15 21:23,Railway Station,SI Ravi Kumar,Judicial Custody,Pending,Weapons,125618,Yes,Yes,No,Yes
ARR02478,FIR202500679,P009524,Kiran Pujari,Male,34,Bagalkote,PS0019,2025-03-16 01:31,Railway Station,PI Naveen Patil,Released on Bail,Pending,Weapons,234454,No,Yes,No,No
ARR01289,FIR202500636,P005505,Preethi Gowda,Female,47,Bengaluru Rural,PS0086,2025-03-16 20:42,Farm House,SI Divya Hegde,Released on Bail,Rejected,Drugs,12410,No,Yes,Yes,No
ARR02404,FIR202500701,P004903,Puneeth Joshi,Male,48,Bengaluru Rural,PS0090,2025-03-17 03:25,Border Checkpost,SI Suresh Kulkarni,Judicial Custody,Granted,Mobile Phones,244973,No,Yes,No,No
ARR01791,FIR202500619,P007966,Akash Sharma,Male,68,Bidar,PS0170,2025-03-17 11:55,Industrial Area,PI Mahesh Bhat,Police Custody,Rejected,Laptop,289361,Yes,No,Yes,Yes
ARR01994,FIR202500667,P007798,Kiran Poojary,Male,45,Bengaluru Rural,PS0083,2025-03-17 13:00,Parking Lot,SI Suresh Kulkarni,Judicial Custody,Pending,Gold,347781,No,No,Yes,Yes
ARR00213,FIR202500524,P001434,Naveen Hegde,Male,50,Bengaluru Rural,PS0081,2025-03-17 14:56,Parking Lot,PI Harish Naik,Police Custody,Granted,Vehicle,256845,No,No,No,No
ARR00121,FIR202500631,P004237,Siddu Shetty,Male,21,Belagavi,PS0063,2025-03-17 17:08,Shopping Mall,SI Prakash Sharma,Released on Bail,Pending,Gold,267925,Yes,Yes,No,No
ARR00377,FIR202500557,P003174,Mahesh Hegde,Male,56,Bengaluru Urban,PS0128,2025-03-18 08:55,Market Area,SI Divya Hegde,Released on Bail,Rejected,Cash,28699,Yes,No,Yes,Yes
ARR01571,FIR202500591,P008231,Ramesh Poojary,Male,36,Bengaluru Urban,PS0135,2025-03-18 11:56,Lodge,PI Naveen Patil,Released on Bail,Granted,Gold,208600,No,No,No,Yes
ARR00275,FIR202500658,P002699,Akash Kulkarni,Male,45,Bengaluru Rural,PS0076,2025-03-18 13:10,Parking Lot,SI Divya Hegde,Judicial Custody,Rejected,Gold,346449,No,Yes,No,No
ARR02258,FIR202500738,P008385,Mahesh Reddy,Male,36,Bidar,PS0170,2025-03-18 16:20,Airport,SI Suresh Kulkarni,Released on Bail,Rejected,Gold,462153,No,Yes,No,Yes
ARR02316,FIR202500553,P006844,Arjun Rao,Male,49,Bidar,PS0183,2025-03-18 16:31,Residence,PI Mahesh Bhat,Police Custody,Granted,Documents,149304,Yes,No,No,No
ARR01728,FIR202500618,P003786,Puneeth Angadi,Male,57,Bengaluru Rural,PS0077,2025-03-19 04:15,Bus Stand,PI Harish Naik,Released on Bail,Pending,Documents,417135,No,Yes,No,Yes
ARR00475,FIR202500709,P006729,Siddu Kulkarni,Male,37,Bengaluru Urban,PS0123,2025-03-19 10:40,Industrial Area,PI Harish Naik,Police Custody,Granted,None,0,Yes,Yes,Yes,Yes
ARR01722,FIR202500663,P008007,Ganesh Kumar,Male,47,Bengaluru Urban,PS0126,2025-03-19 14:00,Shopping Mall,SI Ganesh Rao,Police Custody,Granted,Vehicle,262768,Yes,Yes,No,No
ARR02240,FIR202500590,P002884,Basavaraj Sharma,Male,63,Bengaluru Urban,PS0142,2025-03-19 17:13,Industrial Area,SI Prakash Sharma,Police Custody,Rejected,Drugs,187581,No,Yes,No,Yes
ARR02382,FIR202500680,P007525,Ravi Singh,Male,46,Bengaluru Rural,PS0094,2025-03-19 22:56,Bus Stand,SI Prakash Sharma,Police Custody,Pending,Gold,439585,No,No,No,Yes
ARR02502,FIR202500518,P000924,Vijay Rao,Male,56,Chamarajanagar,PS0230,2025-03-20 01:52,Market Area,SI Ravi Kumar,Police Custody,Granted,None,0,No,Yes,No,Yes
ARR01104,FIR202500661,P000160,Suraj Hiremath,Male,44,Chamarajanagar,PS0224,2025-03-20 02:20,Railway Station,SI Suresh Kulkarni,Police Custody,Pending,Vehicle,299028,Yes,No,Yes,No
ARR01351,FIR202500731,P008067,Siddu Reddy,Male,59,Bengaluru Rural,PS0080,2025-03-20 05:36,Parking Lot,PI Ramesh Gowda,Released on Bail,Rejected,Mobile Phones,162085,Yes,No,Yes,Yes
ARR00811,FIR202500662,P004530,Siddu Bhat,Male,47,Bengaluru Rural,PS0084,2025-03-20 10:32,Parking Lot,SI Prakash Sharma,Judicial Custody,Rejected,Drugs,288344,Yes,No,Yes,Yes
ARR02505,FIR202500666,P003434,Akash Desai,Male,55,Ballari,PS0032,2025-03-20 12:34,Residence,SI Ravi Kumar,Released on Bail,Granted,Vehicle,12925,Yes,No,No,No
ARR02393,FIR202500629,P000512,Puneeth Hiremath,Male,27,Bengaluru Rural,PS0101,2025-03-20 22:08,Farm House,SI Prakash Sharma,Judicial Custody,Pending,Mobile Phones,113632,No,No,Yes,Yes
ARR01330,FIR202500648,P001692,Ramesh Angadi,Male,41,Bengaluru Rural,PS0079,2025-03-21 05:39,Airport,PI Lakshmi Devi,Judicial Custody,Granted,Vehicle,332723,No,Yes,No,Yes
ARR00480,FIR202500556,P001494,Vinay Sharma,Male,51,Chikkaballapura,PS0237,2025-03-21 12:49,Railway Station,PI Ramesh Gowda,Police Custody,Granted,Cash,465283,Yes,No,No,No
ARR01169,FIR202500757,P000949,Manoj Hiremath,Male,53,Chamarajanagar,PS0201,2025-03-21 15:01,Airport,SI Prakash Sharma,Judicial Custody,Pending,Laptop,11443,Yes,No,No,Yes
ARR01912,FIR202500741,P009032,Arjun Desai,Male,53,Bengaluru Rural,PS0096,2025-03-21 15:33,Hotel,PI Naveen Patil,Released on Bail,Rejected,None,0,No,No,Yes,No
ARR02405,FIR202500607,P000801,Vijay Kumar,Male,46,Bengaluru Rural,PS0109,2025-03-21 19:39,Airport,SI Prakash Sharma,Judicial Custody,Granted,None,0,No,No,No,Yes
ARR01697,FIR202500554,P009322,Lokesh Singh,Male,37,Bengaluru Urban,PS0149,2025-03-21 23:01,Industrial Area,SI Ganesh Rao,Police Custody,Granted,Laptop,314365,Yes,No,Yes,Yes
ARR01596,FIR202500559,P006659,Rahul Verma,Male,59,Bengaluru Urban,PS0124,2025-03-22 06:50,Hotel,SI Ravi Kumar,Police Custody,Pending,Drugs,299967,Yes,No,No,No
ARR01232,FIR202500786,P006443,Lokesh Pujari,Male,68,Bengaluru Rural,PS0082,2025-03-22 15:28,Shopping Mall,PI Lakshmi Devi,Judicial Custody,Granted,Drugs,475614,Yes,No,No,Yes
ARR00278,FIR202500560,P005639,Vinay Kumar,Male,57,Bidar,PS0164,2025-03-22 17:23,Lodge,SI Ravi Kumar,Released on Bail,Granted,Cash,53938,No,No,Yes,Yes
ARR02140,FIR202500588,P001790,Lokesh Siddiqui,Male,28,Belagavi,PS0067,2025-03-22 20:33,Parking Lot,SI Ravi Kumar,Judicial Custody,Granted,Weapons,271935,Yes,Yes,No,No
ARR02497,FIR202500700,P008280,Geetha Verma,Female,54,Bengaluru Urban,PS0135,2025-03-22 21:22,Farm House,PI Naveen Patil,Judicial Custody,Rejected,Documents,149310,Yes,No,Yes,Yes
ARR01582,FIR202500758,P005851,Arjun Kambali,Male,65,Bengaluru Rural,PS0077,2025-03-23 04:18,Lodge,SI Prakash Sharma,Police Custody,Granted,Drugs,148491,Yes,Yes,No,Yes
ARR01243,FIR202500809,P002537,Ravi Hegde,Male,44,Belagavi,PS0060,2025-03-23 05:46,Parking Lot,SI Divya Hegde,Judicial Custody,Granted,Laptop,121682,Yes,Yes,Yes,Yes
ARR02326,FIR202500649,P002884,Basavaraj Sharma,Male,63,Chamarajanagar,PS0215,2025-03-23 07:23,Airport,PI Lakshmi Devi,Released on Bail,Pending,Vehicle,133689,No,Yes,Yes,Yes
ARR01570,FIR202500623,P005198,Rohit Poojary,Male,42,Bengaluru Rural,PS0081,2025-03-23 13:44,Shopping Mall,PI Mahesh Bhat,Released on Bail,Rejected,Weapons,115607,Yes,No,No,Yes
ARR01459,FIR202500814,P000653,Nandini Pujari,Female,48,Chikkaballapura,PS0235,2025-03-23 16:53,Residence,PI Naveen Patil,Judicial Custody,Pending,Drugs,127965,Yes,Yes,Yes,Yes
ARR02268,FIR202500688,P004512,Chetan Pujari,Male,32,Bidar,PS0173,2025-03-23 19:42,Lodge,SI Ravi Kumar,Police Custody,Granted,Vehicle,38136,Yes,No,Yes,Yes
ARR00893,FIR202500771,P002780,Pradeep Kambali,Male,39,Bengaluru Rural,PS0092,2025-03-24 03:35,Hotel,SI Suresh Kulkarni,Released on Bail,Granted,Vehicle,159326,No,Yes,Yes,Yes
ARR01949,FIR202500691,P009143,Chetan Verma,Male,21,Bengaluru Rural,PS0082,2025-03-24 04:53,Shopping Mall,SI Ganesh Rao,Police Custody,Granted,Drugs,130176,Yes,Yes,No,Yes
ARR00388,FIR202500724,P009038,Ramesh Sharma,Male,44,Bengaluru Urban,PS0116,2025-03-24 06:02,Farm House,SI Divya Hegde,Judicial Custody,Pending,Mobile Phones,258934,Yes,Yes,Yes,No
ARR01927,FIR202500793,P009743,Naveen Kulkarni,Male,64,Bengaluru Rural,PS0076,2025-03-24 07:07,Industrial Area,SI Ravi Kumar,Judicial Custody,Granted,Vehicle,117863,No,Yes,Yes,No
ARR02036,FIR202500746,P003060,Vijay Patil,Male,41,Bengaluru Rural,PS0070,2025-03-24 08:18,Market Area,SI Prakash Sharma,Judicial Custody,Pending,Gold,97598,No,No,No,Yes
ARR02024,FIR202500745,P005040,Naveen Siddiqui,Male,71,Bidar,PS0176,2025-03-24 14:32,Shopping Mall,SI Ravi Kumar,Released on Bail,Pending,Weapons,363608,No,No,No,No
ARR00150,FIR202500596,P008568,Rohit Patil,Male,68,Bengaluru Urban,PS0125,2025-03-24 15:06,Parking Lot,SI Suresh Kulkarni,Judicial Custody,Rejected,Weapons,407762,No,No,Yes,Yes
ARR00448,FIR202500657,P000273,Siddu Reddy,Male,44,Belagavi,PS0048,2025-03-24 20:32,Farm House,PI Naveen Patil,Judicial Custody,Granted,Drugs,441371,Yes,Yes,No,No
ARR02035,FIR202500765,P002433,Kiran Shetty,Male,66,Chamarajanagar,PS0219,2025-03-25 10:35,Parking Lot,PI Lakshmi Devi,Released on Bail,Granted,Vehicle,49174,No,No,No,Yes
ARR01222,FIR202500605,P000488,Chetan Verma,Male,23,Bengaluru Urban,PS0148,2025-03-25 11:40,Airport,PI Lakshmi Devi,Released on Bail,Pending,Documents,10580,Yes,Yes,No,No
ARR01264,FIR202500727,P002917,Vijay Siddiqui,Male,42,Bengaluru Rural,PS0090,2025-03-25 22:34,Railway Station,SI Prakash Sharma,Released on Bail,Pending,Weapons,81815,No,No,No,Yes
ARR00400,FIR202500685,P002841,Rahul Kumar,Male,36,Bengaluru Urban,PS0149,2025-03-26 02:07,Shopping Mall,PI Ramesh Gowda,Police Custody,Pending,Mobile Phones,427050,Yes,Yes,Yes,No
ARR01201,FIR202500579,P008597,Akash Kumar,Male,27,Bengaluru Rural,PS0087,2025-03-26 04:31,Airport,PI Ramesh Gowda,Released on Bail,Granted,Vehicle,349944,Yes,No,Yes,No
ARR00004,FIR202500707,P002485,Ganesh Hiremath,Male,50,Bengaluru Rural,PS0090,2025-03-26 18:02,Residence,SI Divya Hegde,Released on Bail,Granted,Drugs,219446,Yes,Yes,Yes,No
ARR02296,FIR202500819,P007318,Preethi Hiremath,Female,30,Bagalkote,PS0005,2025-03-26 19:32,Farm House,SI Prakash Sharma,Police Custody,Pending,Weapons,173792,Yes,Yes,No,No
ARR00616,FIR202500637,P002974,Ajay Hiremath,Male,25,Belagavi,PS0048,2025-03-27 05:15,Residence,SI Ganesh Rao,Judicial Custody,Rejected,Gold,130926,Yes,Yes,Yes,No
ARR02331,FIR202500717,P003469,Pradeep Joshi,Male,24,Bengaluru Urban,PS0110,2025-03-27 10:10,Hotel,SI Prakash Sharma,Police Custody,Granted,Weapons,213480,Yes,Yes,No,No
ARR02037,FIR202500789,P001002,Puneeth Desai,Male,27,Bengaluru Urban,PS0148,2025-03-27 14:59,Farm House,SI Suresh Kulkarni,Judicial Custody,Rejected,Vehicle,182626,Yes,Yes,No,No
ARR00006,FIR202500710,P000809,Mahesh Rao,Male,41,Chikkaballapura,PS0244,2025-03-27 16:45,Bus Stand,PI Mahesh Bhat,Police Custody,Granted,Vehicle,50162,Yes,No,No,Yes
ARR00586,FIR202500723,P002732,Shivakumar Siddiqui,Male,25,Bengaluru Urban,PS0144,2025-03-27 19:35,Lodge,SI Suresh Kulkarni,Police Custody,Granted,Drugs,88041,Yes,Yes,Yes,No
ARR00528,FIR202500702,P008921,Chetan Singh,Male,31,Belagavi,PS0066,2025-03-28 01:44,Residence,SI Prakash Sharma,Judicial Custody,Rejected,Documents,14017,No,Yes,Yes,Yes
ARR00307,FIR202500772,P002903,Ganesh Joshi,Male,22,Ballari,PS0030,2025-03-28 07:21,Railway Station,SI Ravi Kumar,Released on Bail,Granted,Gold,366729,Yes,Yes,Yes,Yes
ARR01472,FIR202500676,P005219,Kiran Kumar,Male,28,Bengaluru Urban,PS0152,2025-03-28 11:28,Airport,SI Suresh Kulkarni,Police Custody,Rejected,Gold,150645,Yes,Yes,No,Yes
ARR01976,FIR202500833,P006477,Vinay Bhat,Male,34,Bengaluru Rural,PS0105,2025-03-28 23:20,Border Checkpost,SI Ganesh Rao,Released on Bail,Pending,None,0,Yes,Yes,No,Yes
ARR01454,FIR202500620,P000329,Vijay Reddy,Male,25,Ballari,PS0030,2025-03-29 07:50,Industrial Area,SI Divya Hegde,Judicial Custody,Rejected,Drugs,106015,Yes,Yes,No,No
ARR01195,FIR202500730,P005300,Akash Singh,Male,20,Bagalkote,PS0003,2025-03-29 15:29,Industrial Area,PI Harish Naik,Released on Bail,Granted,Mobile Phones,119945,No,Yes,No,Yes
ARR01358,FIR202500852,P006744,Naveen Hiremath,Male,67,Bengaluru Rural,PS0084,2025-03-29 15:38,Residence,PI Harish Naik,Judicial Custody,Rejected,Cash,252445,Yes,No,Yes,No
ARR01186,FIR202500755,P001907,Sunitha Angadi,Female,20,Chikkaballapura,PS0244,2025-03-29 15:44,Residence,PI Ramesh Gowda,Released on Bail,Granted,None,0,No,No,Yes,No
ARR01359,FIR202500720,P009616,Kiran Pujari,Male,67,Bengaluru Rural,PS0087,2025-03-29 16:12,Border Checkpost,PI Mahesh Bhat,Police Custody,Pending,Vehicle,313651,Yes,No,No,Yes
ARR00462,FIR202500850,P005071,Abhishek Verma,Male,69,Bengaluru Rural,PS0100,2025-03-29 23:01,Highway Checkpost,SI Divya Hegde,Judicial Custody,Rejected,Vehicle,496458,Yes,No,No,No
ARR00088,FIR202500739,P005850,Basavaraj Siddiqui,Male,57,Bengaluru Rural,PS0109,2025-03-30 00:04,Shopping Mall,SI Divya Hegde,Judicial Custody,Granted,Cash,445152,Yes,Yes,No,No
ARR02438,FIR202500861,P000416,Shivakumar Gowda,Male,53,Bengaluru Urban,PS0117,2025-03-30 02:07,Lodge,SI Prakash Sharma,Judicial Custody,Pending,None,0,Yes,No,Yes,Yes
ARR00280,FIR202500846,P007870,Kiran Verma,Male,48,Bengaluru Urban,PS0110,2025-03-30 04:28,Airport,PI Mahesh Bhat,Judicial Custody,Granted,Laptop,475669,Yes,No,Yes,Yes
ARR00310,FIR202500642,P008400,Ajay Rao,Male,50,Bengaluru Rural,PS0096,2025-03-30 16:09,Residence,SI Prakash Sharma,Judicial Custody,Granted,Drugs,62315,Yes,Yes,No,Yes
ARR02482,FIR202500797,P003914,Ajay Siddiqui,Male,67,Bengaluru Rural,PS0080,2025-03-30 18:29,Highway Checkpost,PI Naveen Patil,Judicial Custody,Granted,Cash,63947,No,Yes,No,Yes
ARR01692,FIR202500826,P007204,Siddu Hegde,Male,54,Bengaluru Rural,PS0096,2025-03-30 19:41,Border Checkpost,PI Mahesh Bhat,Released on Bail,Rejected,Mobile Phones,391676,No,Yes,Yes,No
ARR02226,FIR202500732,P001753,Lokesh Hegde,Male,37,Bidar,PS0185,2025-03-30 20:12,Airport,PI Naveen Patil,Police Custody,Pending,None,0,Yes,Yes,Yes,No
ARR01371,FIR202500885,P001814,Naveen Rao,Male,31,Bengaluru Urban,PS0122,2025-03-30 21:14,Industrial Area,SI Suresh Kulkarni,Judicial Custody,Rejected,Gold,378762,No,No,No,Yes
ARR01720,FIR202500606,P008487,Pradeep Verma,Male,42,Belagavi,PS0057,2025-03-31 05:10,Residence,SI Prakash Sharma,Released on Bail,Pending,Laptop,187120,Yes,No,Yes,No
ARR02292,FIR202500632,P009855,Mahesh Rao,Male,28,Bengaluru Urban,PS0132,2025-03-31 09:33,Lodge,SI Suresh Kulkarni,Released on Bail,Pending,Mobile Phones,354572,Yes,No,Yes,No
ARR00897,FIR202500859,P004183,Ganesh Hegde,Male,54,Chamarajanagar,PS0197,2025-03-31 09:36,Highway Checkpost,PI Ramesh Gowda,Released on Bail,Rejected,Drugs,141282,Yes,Yes,Yes,No
ARR01345,FIR202500656,P005346,Ajay Sharma,Male,33,Belagavi,PS0053,2025-03-31 13:44,Railway Station,SI Ganesh Rao,Judicial Custody,Granted,Vehicle,35435,Yes,Yes,Yes,No
ARR00436,FIR202500670,P001127,Vinay Naik,Male,41,Bengaluru Urban,PS0117,2025-04-01 12:00,Shopping Mall,PI Mahesh Bhat,Judicial Custody,Pending,Gold,430938,Yes,Yes,Yes,Yes
ARR00348,FIR202500779,P000663,Pradeep Poojary,Male,18,Ballari,PS0045,2025-04-01 13:19,Highway Checkpost,SI Ravi Kumar,Judicial Custody,Rejected,Laptop,34204,No,No,Yes,Yes
ARR00228,FIR202500865,P005464,Akash Desai,Male,43,Bengaluru Rural,PS0073,2025-04-01 16:33,Lodge,PI Mahesh Bhat,Police Custody,Granted,Laptop,122979,No,No,No,No
ARR01779,FIR202500782,P000520,Ramesh Kambali,Male,37,Bengaluru Rural,PS0078,2025-04-01 19:48,Airport,PI Mahesh Bhat,Released on Bail,Rejected,Weapons,412012,No,Yes,Yes,Yes
ARR02452,FIR202500788,P008321,Anjali Kumar,Female,44,Bengaluru Rural,PS0097,2025-04-02 01:57,Railway Station,PI Harish Naik,Released on Bail,Pending,Mobile Phones,280697,Yes,Yes,Yes,Yes
ARR00806,FIR202500750,P002152,Prakash Verma,Male,64,Chamarajanagar,PS0208,2025-04-02 02:22,Farm House,PI Ramesh Gowda,Judicial Custody,Rejected,Cash,185116,No,Yes,Yes,No
ARR00186,FIR202500802,P008379,Vinay Kumar,Male,51,Bidar,PS0187,2025-04-02 05:23,Farm House,PI Mahesh Bhat,Released on Bail,Granted,Gold,165893,Yes,Yes,Yes,Yes
ARR01105,FIR202500659,P006882,Lokesh Pujari,Male,27,Bengaluru Urban,PS0132,2025-04-02 12:43,Railway Station,SI Ganesh Rao,Police Custody,Granted,Laptop,182831,Yes,Yes,Yes,No
ARR00711,FIR202500872,P008237,Rohit Naik,Male,49,Bengaluru Urban,PS0127,2025-04-02 14:03,Hotel,PI Lakshmi Devi,Police Custody,Pending,Documents,125359,No,Yes,Yes,No
ARR00437,FIR202500647,P003938,Sanjay Hegde,Male,31,Bagalkote,PS0012,2025-04-02 17:49,Highway Checkpost,SI Ravi Kumar,Police Custody,Pending,Documents,482501,No,Yes,No,No
ARR02095,FIR202500909,P008026,Shivakumar Kumar,Male,20,Bengaluru Rural,PS0095,2025-04-02 18:24,Railway Station,PI Harish Naik,Released on Bail,Pending,Vehicle,403464,Yes,Yes,No,No
ARR01612,FIR202500919,P005933,Chetan Bhat,Male,41,Bengaluru Urban,PS0143,2025-04-02 19:50,Lodge,PI Harish Naik,Released on Bail,Granted,None,0,No,Yes,No,No
ARR02143,FIR202500815,P008795,Darshan Kulkarni,Male,25,Bengaluru Rural,PS0080,2025-04-02 23:12,Bus Stand,SI Ravi Kumar,Police Custody,Rejected,Documents,207123,Yes,No,Yes,No
ARR00111,FIR202500796,P003354,Siddu Bhat,Male,19,Bengaluru Urban,PS0147,2025-04-03 11:49,Railway Station,SI Ravi Kumar,Police Custody,Pending,Mobile Phones,468399,Yes,Yes,Yes,Yes
ARR02414,FIR202500936,P000724,Divya Poojary,Female,44,Bengaluru Urban,PS0145,2025-04-03 13:17,Hotel,SI Divya Hegde,Released on Bail,Pending,Vehicle,240799,Yes,No,Yes,No
ARR00119,FIR202500923,P002766,Ganesh Shetty,Male,50,Bengaluru Urban,PS0110,2025-04-04 00:19,Industrial Area,PI Harish Naik,Police Custody,Pending,None,0,Yes,No,Yes,No
ARR02288,FIR202500901,P003622,Ajay Gowda,Male,59,Bengaluru Rural,PS0082,2025-04-04 01:06,Railway Station,SI Ravi Kumar,Released on Bail,Granted,Mobile Phones,484817,No,No,No,Yes
ARR00232,FIR202500903,P006994,Ravi Patil,Male,55,Bengaluru Rural,PS0085,2025-04-04 07:51,Farm House,PI Ramesh Gowda,Judicial Custody,Pending,Cash,315409,Yes,No,No,Yes
ARR00958,FIR202500937,P003536,Vijay Hiremath,Male,59,Chamarajanagar,PS0207,2025-04-04 20:02,Lodge,SI Suresh Kulkarni,Judicial Custody,Granted,Cash,8053,No,Yes,No,Yes
ARR01991,FIR202500729,P001636,Kiran Bhat,Male,58,Bengaluru Rural,PS0075,2025-04-04 22:27,Airport,PI Mahesh Bhat,Judicial Custody,Pending,None,0,Yes,Yes,Yes,Yes
ARR01265,FIR202500660,P009376,Abhishek Sharma,Male,50,Bengaluru Urban,PS0135,2025-04-05 03:21,Airport,SI Ganesh Rao,Released on Bail,Rejected,Cash,338358,No,Yes,No,Yes
ARR00880,FIR202500842,P004356,Naveen Sharma,Male,43,Bagalkote,PS0019,2025-04-05 06:21,Highway Checkpost,PI Mahesh Bhat,Released on Bail,Pending,Weapons,149518,Yes,Yes,No,No
ARR01036,FIR202500711,P000373,Vinay Kumar,Male,55,Bengaluru Rural,PS0086,2025-04-05 11:07,Border Checkpost,PI Ramesh Gowda,Police Custody,Pending,Weapons,392564,Yes,Yes,No,Yes
ARR00284,FIR202500799,P002507,Suresh Kambali,Male,19,Bengaluru Rural,PS0109,2025-04-05 18:22,Parking Lot,PI Lakshmi Devi,Police Custody,Rejected,Weapons,46771,No,No,No,No
ARR01882,FIR202500891,P003845,Pradeep Patil,Male,31,Bengaluru Urban,PS0115,2025-04-05 21:51,Bus Stand,PI Harish Naik,Judicial Custody,Granted,None,0,Yes,No,Yes,No
ARR01988,FIR202500880,P007824,Ajay Singh,Male,34,Bengaluru Rural,PS0088,2025-04-05 22:12,Hotel,SI Suresh Kulkarni,Released on Bail,Rejected,Weapons,404690,No,No,Yes,Yes
ARR01048,FIR202500840,P005930,Puneeth Sharma,Male,37,Bengaluru Urban,PS0150,2025-04-05 22:31,Highway Checkpost,PI Naveen Patil,Released on Bail,Pending,Drugs,119641,Yes,Yes,Yes,No
ARR02359,FIR202500694,P009684,Akash Hiremath,Male,61,Bengaluru Rural,PS0084,2025-04-05 23:16,Highway Checkpost,PI Ramesh Gowda,Released on Bail,Rejected,Gold,415582,No,Yes,Yes,No
ARR01926,FIR202500713,P007852,Anjali Verma,Female,25,Bengaluru Urban,PS0115,2025-04-06 08:09,Parking Lot,SI Ravi Kumar,Released on Bail,Granted,Vehicle,18015,Yes,No,Yes,Yes
ARR01852,FIR202500795,P003766,Akash Verma,Male,50,Bengaluru Urban,PS0133,2025-04-06 14:04,Railway Station,PI Harish Naik,Judicial Custody,Pending,Documents,207075,Yes,Yes,Yes,Yes
ARR01982,FIR202500752,P004384,Darshan Reddy,Male,27,Bengaluru Urban,PS0134,2025-04-06 19:44,Bus Stand,SI Prakash Sharma,Police Custody,Rejected,Documents,10172,No,Yes,Yes,Yes
ARR00412,FIR202500984,P008944,Keerthi Verma,Female,70,Bengaluru Rural,PS0107,2025-04-07 01:12,Bus Stand,SI Divya Hegde,Police Custody,Granted,Mobile Phones,434012,Yes,No,Yes,No
ARR02115,FIR202500763,P008699,Arjun Desai,Male,53,Bengaluru Urban,PS0137,2025-04-07 02:26,Residence,PI Ramesh Gowda,Judicial Custody,Granted,Gold,435279,Yes,No,No,Yes
ARR00525,FIR202500955,P008037,Manoj Angadi,Male,20,Ballari,PS0031,2025-04-07 04:52,Border Checkpost,SI Prakash Sharma,Released on Bail,Pending,Weapons,86940,Yes,No,No,Yes
ARR00201,FIR202500870,P007889,Ajay Singh,Male,20,Bidar,PS0177,2025-04-07 06:46,Market Area,PI Mahesh Bhat,Police Custody,Pending,Mobile Phones,284221,No,No,Yes,No
ARR00134,FIR202500684,P003285,Vidya Joshi,Female,65,Bengaluru Urban,PS0117,2025-04-07 12:03,Shopping Mall,SI Divya Hegde,Police Custody,Rejected,Documents,480998,No,Yes,Yes,Yes
ARR02413,FIR202500933,P002175,Abhishek Reddy,Male,68,Bengaluru Urban,PS0111,2025-04-07 21:56,Parking Lot,SI Ganesh Rao,Released on Bail,Rejected,Gold,236297,Yes,No,No,No
ARR00619,FIR202500759,P000420,Siddu Bhat,Male,64,Chikkaballapura,PS0247,2025-04-08 07:36,Parking Lot,PI Naveen Patil,Judicial Custody,Rejected,Weapons,303114,No,Yes,Yes,Yes
ARR02092,FIR202500924,P006826,Vinay Siddiqui,Male,69,Bengaluru Rural,PS0083,2025-04-08 14:27,Border Checkpost,PI Mahesh Bhat,Judicial Custody,Granted,Weapons,100235,Yes,No,No,Yes
ARR01474,FIR202500698,P007377,Naveen Naik,Male,27,Bengaluru Urban,PS0110,2025-04-08 18:02,Farm House,PI Harish Naik,Released on Bail,Granted,None,0,Yes,Yes,No,Yes
ARR01329,FIR202500986,P009681,Priya Sharma,Female,36,Bengaluru Rural,PS0089,2025-04-08 20:07,Border Checkpost,SI Ganesh Rao,Judicial Custody,Rejected,Documents,65321,No,Yes,Yes,No
ARR02098,FIR202500841,P001139,Basavaraj Rao,Male,40,Bengaluru Urban,PS0114,2025-04-08 21:09,Airport,SI Divya Hegde,Judicial Custody,Rejected,Drugs,401142,Yes,Yes,Yes,Yes
ARR00189,FIR202500879,P004677,Vijay Hegde,Male,32,Bengaluru Rural,PS0084,2025-04-09 02:44,Lodge,SI Suresh Kulkarni,Judicial Custody,Granted,Cash,305952,Yes,Yes,No,Yes
ARR01512,FIR202500810,P000115,Akash Hegde,Male,31,Chikkaballapura,PS0241,2025-04-09 04:25,Shopping Mall,PI Naveen Patil,Released on Bail,Pending,Mobile Phones,346914,No,No,Yes,Yes
ARR02364,FIR202500926,P004556,Harini Hegde,Female,28,Bengaluru Urban,PS0131,2025-04-09 15:52,Hotel,PI Naveen Patil,Police Custody,Rejected,Documents,351286,No,Yes,No,Yes
ARR00354,FIR202500956,P006355,Ganesh Kulkarni,Male,68,Bagalkote,PS0001,2025-04-09 18:34,Highway Checkpost,SI Divya Hegde,Police Custody,Pending,Gold,81596,No,Yes,No,Yes
ARR02536,FIR202500890,P002211,Akash Hiremath,Male,33,Bidar,PS0177,2025-04-09 22:05,Highway Checkpost,PI Harish Naik,Police Custody,Pending,Vehicle,281616,Yes,No,No,Yes
ARR01655,FIR202500957,P002661,Rahul Kumar,Male,20,Bengaluru Urban,PS0135,2025-04-10 12:32,Lodge,PI Mahesh Bhat,Released on Bail,Pending,Mobile Phones,443426,No,No,No,Yes
ARR01873,FIR202500976,P005682,Geetha Desai,Female,27,Belagavi,PS0057,2025-04-10 21:50,Railway Station,SI Divya Hegde,Released on Bail,Granted,Gold,414473,Yes,Yes,No,No
ARR00198,FIR202500748,P001701,Manoj Kumar,Male,21,Bengaluru Rural,PS0075,2025-04-11 01:32,Farm House,PI Harish Naik,Judicial Custody,Granted,Cash,440588,No,No,No,No
ARR01207,FIR202501009,P009211,Deepa Shetty,Female,23,Bengaluru Urban,PS0127,2025-04-11 05:36,Border Checkpost,SI Suresh Kulkarni,Police Custody,Pending,Documents,221708,No,Yes,Yes,Yes
ARR00994,FIR202500893,P003584,Puneeth Hiremath,Male,55,Bengaluru Urban,PS0134,2025-04-11 09:03,Airport,SI Ravi Kumar,Released on Bail,Granted,Laptop,405006,No,No,No,No
ARR01893,FIR202500928,P009464,Abhishek Siddiqui,Male,43,Bengaluru Rural,PS0096,2025-04-11 10:39,Shopping Mall,SI Prakash Sharma,Police Custody,Rejected,Drugs,83124,No,Yes,No,No
ARR00909,FIR202500768,P007315,Basavaraj Rao,Male,54,Bengaluru Rural,PS0104,2025-04-11 19:44,Bus Stand,PI Harish Naik,Released on Bail,Rejected,Documents,441482,Yes,Yes,Yes,No
ARR02056,FIR202500847,P001148,Prakash Poojary,Male,68,Chikkaballapura,PS0243,2025-04-11 22:50,Parking Lot,SI Suresh Kulkarni,Police Custody,Pending,Cash,79485,Yes,No,Yes,Yes
ARR00338,FIR202500881,P001008,Swathi Reddy,Female,22,Bengaluru Urban,PS0120,2025-04-12 01:51,Parking Lot,PI Naveen Patil,Police Custody,Granted,Cash,268555,No,No,No,Yes
ARR01009,FIR202500851,P009559,Shivakumar Poojary,Male,41,Bengaluru Urban,PS0132,2025-04-12 03:38,Bus Stand,SI Prakash Sharma,Released on Bail,Pending,Mobile Phones,190085,Yes,No,No,Yes
ARR01379,FIR202500970,P004028,Kavya Sharma,Female,20,Belagavi,PS0048,2025-04-12 04:42,Border Checkpost,PI Ramesh Gowda,Judicial Custody,Granted,Vehicle,264578,Yes,Yes,No,No
ARR00778,FIR202500776,P007338,Siddu Pujari,Male,57,Bengaluru Urban,PS0117,2025-04-12 14:10,Lodge,PI Mahesh Bhat,Police Custody,Rejected,Weapons,344831,Yes,No,Yes,Yes
ARR01811,FIR202501021,P006614,Mahesh Joshi,Male,55,Bengaluru Rural,PS0074,2025-04-13 03:04,Farm House,PI Ramesh Gowda,Judicial Custody,Pending,Cash,119279,No,No,No,Yes
ARR00648,FIR202500941,P002851,Anitha Hiremath,Female,52,Bengaluru Urban,PS0149,2025-04-13 05:25,Parking Lot,SI Prakash Sharma,Judicial Custody,Pending,Vehicle,316134,Yes,Yes,Yes,Yes
ARR02450,FIR202500832,P003691,Abhishek Reddy,Male,24,Bengaluru Urban,PS0111,2025-04-13 06:38,Parking Lot,PI Lakshmi Devi,Released on Bail,Rejected,Documents,139576,Yes,No,No,Yes
ARR01429,FIR202500907,P001215,Naveen Angadi,Male,32,Bengaluru Urban,PS0128,2025-04-13 18:00,Residence,PI Harish Naik,Released on Bail,Pending,Laptop,268917,Yes,Yes,No,Yes
ARR00479,FIR202500857,P006213,Kiran Reddy,Male,53,Bengaluru Rural,PS0105,2025-04-14 09:29,Railway Station,PI Lakshmi Devi,Judicial Custody,Rejected,Mobile Phones,297284,No,No,Yes,No
ARR01253,FIR202501039,P009485,Puneeth Siddiqui,Male,39,Bidar,PS0159,2025-04-14 18:10,Farm House,SI Suresh Kulkarni,Judicial Custody,Pending,Cash,110865,Yes,No,Yes,Yes
ARR00220,FIR202500725,P001881,Pradeep Angadi,Male,30,Bengaluru Rural,PS0106,2025-04-14 20:02,Parking Lot,SI Prakash Sharma,Police Custody,Granted,Mobile Phones,65915,No,Yes,No,Yes
ARR00418,FIR202501053,P006500,Sanjay Desai,Male,68,Bengaluru Rural,PS0092,2025-04-14 23:42,Border Checkpost,SI Suresh Kulkarni,Judicial Custody,Granted,Gold,175864,Yes,Yes,No,No
ARR00513,FIR202500775,P004345,Chetan Siddiqui,Male,18,Chamarajanagar,PS0212,2025-04-15 01:55,Bus Stand,PI Ramesh Gowda,Released on Bail,Rejected,Laptop,2584,No,Yes,No,Yes
ARR01555,FIR202500769,P000931,Mahesh Kumar,Male,23,Bagalkote,PS0022,2025-04-15 09:50,Shopping Mall,SI Ganesh Rao,Judicial Custody,Rejected,Gold,444302,Yes,No,Yes,Yes
ARR00646,FIR202500910,P006481,Vidya Sharma,Female,30,Bengaluru Urban,PS0141,2025-04-15 10:19,Farm House,SI Divya Hegde,Judicial Custody,Pending,Mobile Phones,153246,No,No,Yes,Yes
ARR00556,FIR202500945,P007109,Abhishek Kulkarni,Male,52,Bengaluru Rural,PS0093,2025-04-15 15:30,Lodge,SI Ravi Kumar,Police Custody,Rejected,Cash,440584,No,Yes,No,No
ARR00953,FIR202500972,P007202,Chetan Naik,Male,63,Bengaluru Urban,PS0131,2025-04-16 07:54,Highway Checkpost,PI Lakshmi Devi,Released on Bail,Granted,Drugs,369121,No,Yes,Yes,Yes
ARR00181,FIR202500818,P007544,Vinay Angadi,Male,20,Chamarajanagar,PS0223,2025-04-16 10:22,Lodge,PI Harish Naik,Judicial Custody,Rejected,Cash,463451,No,Yes,No,No
ARR02307,FIR202501004,P000058,Harini Pujari,Female,59,Bengaluru Rural,PS0093,2025-04-16 20:25,Market Area,PI Ramesh Gowda,Judicial Custody,Rejected,None,0,No,No,Yes,No
ARR00858,FIR202500964,P002184,Arjun Poojary,Male,43,Belagavi,PS0048,2025-04-16 22:21,Highway Checkpost,SI Prakash Sharma,Police Custody,Granted,None,0,No,No,No,Yes
ARR02271,FIR202501128,P006075,Shivakumar Kulkarni,Male,25,Chamarajanagar,PS0233,2025-04-17 07:33,Bus Stand,PI Ramesh Gowda,Released on Bail,Rejected,Vehicle,204792,No,Yes,No,No
ARR00993,FIR202501024,P009554,Pradeep Kambali,Male,65,Bengaluru Rural,PS0092,2025-04-17 09:08,Shopping Mall,PI Harish Naik,Police Custody,Granted,Drugs,126975,Yes,No,Yes,Yes
ARR01333,FIR202501060,P001045,Vijay Bhat,Male,56,Bengaluru Urban,PS0127,2025-04-17 09:26,Bus Stand,SI Ravi Kumar,Judicial Custody,Granted,Laptop,74013,Yes,No,Yes,No
ARR00184,FIR202501023,P004659,Siddu Siddiqui,Male,65,Bengaluru Urban,PS0111,2025-04-17 11:54,Industrial Area,SI Divya Hegde,Police Custody,Granted,Mobile Phones,446702,No,Yes,Yes,Yes
ARR00661,FIR202500791,P006049,Basavaraj Bhat,Male,24,Bengaluru Urban,PS0146,2025-04-17 14:18,Bus Stand,PI Mahesh Bhat,Judicial Custody,Rejected,Mobile Phones,117339,Yes,No,Yes,Yes
ARR02107,FIR202501043,P006096,Prakash Hegde,Male,70,Ballari,PS0045,2025-04-17 15:54,Highway Checkpost,PI Harish Naik,Released on Bail,Granted,Vehicle,293506,No,Yes,No,Yes
ARR00012,FIR202501030,P002928,Vidya Desai,Female,29,Bengaluru Urban,PS0142,2025-04-17 16:47,Parking Lot,PI Harish Naik,Released on Bail,Granted,Mobile Phones,179097,No,Yes,No,Yes
ARR00272,FIR202500894,P009018,Naveen Sharma,Male,22,Bengaluru Rural,PS0103,2025-04-17 20:38,Bus Stand,SI Ganesh Rao,Judicial Custody,Granted,Vehicle,369851,Yes,Yes,No,Yes
ARR01560,FIR202500940,P009213,Anjali Kumar,Female,69,Bengaluru Rural,PS0108,2025-04-18 04:07,Highway Checkpost,SI Ravi Kumar,Released on Bail,Granted,Mobile Phones,349177,No,Yes,No,No
ARR01343,FIR202501078,P009032,Arjun Desai,Male,53,Bengaluru Rural,PS0097,2025-04-18 06:48,Parking Lot,SI Ravi Kumar,Judicial Custody,Pending,Mobile Phones,100036,No,Yes,No,Yes
ARR00896,FIR202501117,P006026,Sanjay Verma,Male,40,Bengaluru Urban,PS0146,2025-04-18 17:21,Industrial Area,SI Divya Hegde,Released on Bail,Pending,Vehicle,55359,No,No,No,Yes
ARR00843,FIR202501087,P005667,Arjun Verma,Male,56,Bengaluru Urban,PS0144,2025-04-18 23:09,Bus Stand,PI Harish Naik,Released on Bail,Rejected,Documents,150512,No,Yes,Yes,No
ARR00151,FIR202500817,P009154,Arjun Poojary,Male,31,Chamarajanagar,PS0199,2025-04-18 23:20,Border Checkpost,SI Suresh Kulkarni,Judicial Custody,Pending,None,0,Yes,No,No,No
ARR00961,FIR202500889,P005942,Kiran Hegde,Male,33,Bengaluru Urban,PS0135,2025-04-19 05:02,Parking Lot,PI Lakshmi Devi,Judicial Custody,Pending,Vehicle,23663,Yes,No,No,Yes
ARR01546,FIR202501091,P004177,Darshan Kambali,Male,58,Bengaluru Urban,PS0113,2025-04-19 10:25,Border Checkpost,PI Harish Naik,Released on Bail,Pending,None,0,No,No,No,No
ARR02460,FIR202501099,P007039,Akash Gowda,Male,27,Bengaluru Urban,PS0135,2025-04-19 16:49,Border Checkpost,SI Ravi Kumar,Judicial Custody,Granted,Documents,224047,Yes,Yes,No,Yes
ARR01708,FIR202501072,P000556,Nandini Reddy,Female,32,Bidar,PS0165,2025-04-19 19:02,Border Checkpost,SI Prakash Sharma,Police Custody,Pending,Vehicle,390303,Yes,Yes,Yes,No
ARR00147,FIR202500962,P000398,Naveen Singh,Male,43,Chikkaballapura,PS0239,2025-04-19 19:36,Parking Lot,SI Suresh Kulkarni,Released on Bail,Pending,Gold,266835,Yes,Yes,Yes,No
ARR02148,FIR202501212,P002207,Sanjay Gowda,Male,33,Bidar,PS0181,2025-04-20 04:18,Bus Stand,PI Ramesh Gowda,Police Custody,Rejected,Gold,410463,No,Yes,Yes,Yes
ARR02106,FIR202501208,P006615,Ramesh Bhat,Male,58,Bidar,PS0189,2025-04-20 05:58,Highway Checkpost,PI Harish Naik,Police Custody,Granted,Drugs,440780,Yes,No,Yes,No
ARR00584,FIR202500987,P003524,Arjun Verma,Male,50,Bengaluru Urban,PS0129,2025-04-20 06:04,Parking Lot,SI Divya Hegde,Judicial Custody,Granted,Vehicle,462645,No,No,Yes,Yes
ARR00782,FIR202501146,P006600,Mahesh Hiremath,Male,55,Bengaluru Urban,PS0131,2025-04-20 06:36,Border Checkpost,PI Harish Naik,Police Custody,Pending,Gold,137382,Yes,Yes,Yes,No
ARR00604,FIR202501211,P003310,Ganesh Rao,Male,47,Belagavi,PS0057,2025-04-20 09:07,Bus Stand,SI Suresh Kulkarni,Police Custody,Granted,Vehicle,90683,Yes,Yes,Yes,Yes
ARR01167,FIR202500827,P007367,Sanjay Kumar,Male,31,Bidar,PS0168,2025-04-20 09:44,Airport,PI Ramesh Gowda,Judicial Custody,Pending,None,0,No,Yes,No,Yes
ARR01245,FIR202500871,P006219,Manoj Naik,Male,44,Chikkaballapura,PS0243,2025-04-20 11:48,Market Area,PI Harish Naik,Police Custody,Granted,Laptop,28821,No,No,No,No
ARR01548,FIR202500931,P006760,Rohit Bhat,Male,45,Bengaluru Urban,PS0133,2025-04-20 18:35,Hotel,PI Naveen Patil,Released on Bail,Rejected,Cash,87075,Yes,No,Yes,Yes
ARR00719,FIR202501235,P008399,Lokesh Shetty,Male,53,Bengaluru Rural,PS0076,2025-04-21 02:11,Highway Checkpost,SI Divya Hegde,Judicial Custody,Rejected,Laptop,354559,No,Yes,No,Yes
ARR01832,FIR202501118,P005430,Arjun Sharma,Male,39,Bidar,PS0187,2025-04-21 03:02,Railway Station,PI Ramesh Gowda,Judicial Custody,Rejected,Vehicle,145346,Yes,No,Yes,No
ARR00552,FIR202500831,P002220,Mahesh Kambali,Male,25,Bengaluru Urban,PS0137,2025-04-21 06:17,Border Checkpost,SI Suresh Kulkarni,Released on Bail,Granted,Laptop,415957,No,Yes,No,Yes
ARR01100,FIR202500993,P008555,Sanjay Gowda,Male,31,Bengaluru Rural,PS0076,2025-04-21 11:12,Market Area,SI Ravi Kumar,Police Custody,Pending,Vehicle,468670,No,Yes,Yes,No
ARR00229,FIR202501267,P002434,Rohit Reddy,Male,29,Bidar,PS0178,2025-04-21 11:30,Market Area,SI Divya Hegde,Judicial Custody,Rejected,Documents,242936,Yes,Yes,No,Yes
ARR01325,FIR202501047,P005527,Ajay Kumar,Male,48,Chamarajanagar,PS0196,2025-04-21 17:03,Shopping Mall,PI Lakshmi Devi,Police Custody,Rejected,Weapons,66504,No,No,No,No
ARR02535,FIR202501168,P001279,Mahesh Kumar,Male,26,Chamarajanagar,PS0203,2025-04-21 17:24,Industrial Area,SI Suresh Kulkarni,Police Custody,Granted,Mobile Phones,132587,Yes,Yes,No,Yes
ARR01477,FIR202501113,P005003,Sneha Reddy,Female,30,Bengaluru Urban,PS0141,2025-04-21 18:10,Lodge,PI Lakshmi Devi,Judicial Custody,Granted,Weapons,342238,Yes,No,Yes,Yes
ARR01115,FIR202501148,P004725,Rekha Singh,Female,67,Bagalkote,PS0013,2025-04-21 18:59,Lodge,SI Divya Hegde,Police Custody,Granted,Cash,51327,Yes,No,Yes,Yes
ARR00943,FIR202501223,P001985,Chetan Naik,Male,42,Ballari,PS0040,2025-04-21 20:58,Industrial Area,PI Naveen Patil,Judicial Custody,Pending,Documents,182619,Yes,No,Yes,Yes
ARR01638,FIR202501003,P006025,Ganesh Patil,Male,50,Bengaluru Rural,PS0090,2025-04-21 23:23,Highway Checkpost,SI Prakash Sharma,Released on Bail,Pending,Laptop,164956,No,No,No,No
ARR01004,FIR202500853,P003433,Shivakumar Kumar,Male,26,Bengaluru Rural,PS0090,2025-04-22 08:20,Hotel,PI Harish Naik,Police Custody,Pending,Weapons,267310,No,No,Yes,No
ARR01790,FIR202500999,P006264,Vijay Joshi,Male,31,Bengaluru Urban,PS0111,2025-04-22 12:33,Shopping Mall,PI Harish Naik,Police Custody,Pending,None,0,No,No,Yes,Yes
ARR00095,FIR202501166,P001119,Siddu Kumar,Male,59,Belagavi,PS0064,2025-04-22 18:47,Industrial Area,PI Lakshmi Devi,Judicial Custody,Rejected,Mobile Phones,487538,Yes,Yes,No,Yes
ARR02403,FIR202501191,P009473,Prakash Rao,Male,44,Chamarajanagar,PS0221,2025-04-22 20:08,Border Checkpost,PI Naveen Patil,Police Custody,Granted,Vehicle,53289,No,No,Yes,No
ARR00197,FIR202500952,P005550,Siddu Bhat,Male,62,Bengaluru Rural,PS0084,2025-04-23 04:05,Farm House,SI Ganesh Rao,Judicial Custody,Rejected,Documents,2394,Yes,Yes,Yes,No
ARR01569,FIR202500917,P000273,Siddu Reddy,Male,44,Bengaluru Urban,PS0121,2025-04-23 05:00,Border Checkpost,PI Ramesh Gowda,Judicial Custody,Pending,None,0,No,Yes,Yes,No
ARR01528,FIR202501014,P009967,Ravi Siddiqui,Male,18,Bidar,PS0158,2025-04-23 06:22,Bus Stand,SI Ravi Kumar,Police Custody,Granted,Documents,149553,Yes,Yes,No,Yes
ARR01368,FIR202501075,P004816,Suraj Angadi,Male,39,Bengaluru Rural,PS0091,2025-04-23 10:13,Airport,SI Prakash Sharma,Police Custody,Granted,Mobile Phones,289877,Yes,Yes,No,Yes
ARR00389,FIR202501181,P002219,Puneeth Hiremath,Male,43,Bengaluru Urban,PS0132,2025-04-23 20:17,Shopping Mall,SI Divya Hegde,Released on Bail,Pending,None,0,Yes,Yes,Yes,No
ARR00885,FIR202500997,P007448,Puneeth Verma,Male,53,Bengaluru Urban,PS0141,2025-04-24 01:00,Farm House,PI Harish Naik,Released on Bail,Granted,Documents,373116,Yes,No,Yes,No
ARR00031,FIR202500932,P006137,Darshan Rao,Male,49,Belagavi,PS0063,2025-04-24 07:39,Hotel,PI Ramesh Gowda,Police Custody,Rejected,Documents,75309,No,No,No,Yes
ARR01413,FIR202501138,P001866,Abhishek Angadi,Male,24,Bengaluru Rural,PS0071,2025-04-24 09:33,Bus Stand,SI Prakash Sharma,Police Custody,Granted,Mobile Phones,465142,No,No,No,Yes
ARR00363,FIR202500888,P009341,Prakash Hiremath,Male,37,Bengaluru Rural,PS0108,2025-04-24 11:13,Railway Station,PI Harish Naik,Judicial Custody,Pending,Drugs,302113,No,Yes,Yes,Yes
ARR01714,FIR202500849,P003787,Shivakumar Hegde,Male,51,Bidar,PS0162,2025-04-24 12:17,Shopping Mall,SI Suresh Kulkarni,Released on Bail,Pending,Drugs,212647,Yes,Yes,Yes,No
ARR01443,FIR202501287,P005000,Rahul Bhat,Male,18,Bidar,PS0181,2025-04-24 17:46,Hotel,PI Harish Naik,Judicial Custody,Granted,Laptop,331617,Yes,No,Yes,No
ARR01156,FIR202501177,P008476,Vinay Pujari,Male,54,Bengaluru Rural,PS0096,2025-04-25 02:56,Bus Stand,PI Lakshmi Devi,Police Custody,Pending,None,0,Yes,Yes,Yes,No
ARR01432,FIR202501280,P003997,Shreya Siddiqui,Female,24,Chamarajanagar,PS0204,2025-04-25 03:04,Border Checkpost,PI Lakshmi Devi,Police Custody,Rejected,Weapons,176720,Yes,No,No,No
ARR00216,FIR202500963,P000990,Rohit Gowda,Male,37,Bengaluru Urban,PS0134,2025-04-25 03:40,Farm House,SI Prakash Sharma,Judicial Custody,Granted,Documents,404204,Yes,Yes,Yes,Yes
ARR01696,FIR202501196,P006388,Akash Gowda,Male,26,Bengaluru Rural,PS0097,2025-04-25 10:15,Railway Station,SI Suresh Kulkarni,Judicial Custody,Pending,Drugs,330321,No,Yes,No,Yes
ARR01410,FIR202501005,P002859,Shivakumar Pujari,Male,26,Bidar,PS0179,2025-04-25 14:16,Shopping Mall,PI Lakshmi Devi,Judicial Custody,Rejected,None,0,Yes,Yes,No,No
ARR01730,FIR202500913,P002855,Kiran Shetty,Male,22,Bengaluru Urban,PS0131,2025-04-25 18:36,Farm House,SI Divya Hegde,Judicial Custody,Granted,Laptop,151813,Yes,Yes,No,No
ARR00359,FIR202500875,P007775,Naveen Joshi,Male,61,Ballari,PS0034,2025-04-25 19:50,Market Area,PI Mahesh Bhat,Judicial Custody,Pending,Vehicle,159383,No,Yes,No,No
ARR02434,FIR202501042,P003936,Sunitha Patil,Female,51,Bengaluru Urban,PS0135,2025-04-25 21:36,Farm House,SI Ganesh Rao,Judicial Custody,Pending,Drugs,336253,No,No,Yes,No
ARR01279,FIR202500998,P004587,Divya Pujari,Female,33,Bengaluru Rural,PS0102,2025-04-25 21:45,Farm House,SI Ganesh Rao,Police Custody,Rejected,Drugs,310889,No,Yes,No,Yes
ARR00917,FIR202501234,P006741,Ramesh Gowda,Male,69,Bengaluru Rural,PS0096,2025-04-26 04:22,Hotel,SI Ravi Kumar,Judicial Custody,Pending,Documents,63689,No,Yes,No,No
ARR02540,FIR202501094,P007428,Arjun Bhat,Male,24,Chamarajanagar,PS0215,2025-04-26 07:22,Border Checkpost,SI Divya Hegde,Judicial Custody,Granted,Vehicle,345773,No,Yes,Yes,Yes
ARR00575,FIR202501185,P002747,Mahesh Hegde,Male,59,Chikkaballapura,PS0243,2025-04-26 08:50,Lodge,SI Prakash Sharma,Police Custody,Granted,Mobile Phones,294259,No,Yes,Yes,Yes
ARR01919,FIR202501179,P000383,Mahesh Naik,Male,62,Belagavi,PS0069,2025-04-26 13:06,Hotel,SI Prakash Sharma,Judicial Custody,Pending,Vehicle,377322,Yes,Yes,No,No
ARR02299,FIR202500860,P000942,Arjun Naik,Male,49,Bengaluru Urban,PS0149,2025-04-26 14:23,Industrial Area,PI Lakshmi Devi,Judicial Custody,Rejected,None,0,No,Yes,No,No
ARR00271,FIR202500983,P007445,Puneeth Sharma,Male,43,Bengaluru Urban,PS0150,2025-04-26 18:18,Shopping Mall,PI Lakshmi Devi,Judicial Custody,Rejected,Cash,199962,Yes,Yes,No,Yes
ARR00192,FIR202500954,P005624,Naveen Hegde,Male,58,Bengaluru Urban,PS0119,2025-04-27 10:42,Railway Station,SI Prakash Sharma,Released on Bail,Granted,Mobile Phones,81640,Yes,No,Yes,No
ARR01595,FIR202501115,P005149,Akash Patil,Male,19,Bidar,PS0165,2025-04-27 12:54,Farm House,PI Lakshmi Devi,Police Custody,Pending,Gold,426637,No,Yes,No,Yes
ARR02054,FIR202500990,P005180,Harish Rao,Male,23,Bengaluru Rural,PS0076,2025-04-27 13:06,Shopping Mall,SI Prakash Sharma,Released on Bail,Granted,Laptop,439928,Yes,Yes,No,No
ARR00427,FIR202501010,P002612,Harish Bhat,Male,65,Bengaluru Urban,PS0145,2025-04-27 14:13,Hotel,PI Mahesh Bhat,Police Custody,Granted,Vehicle,328277,Yes,Yes,No,Yes
ARR01924,FIR202501061,P007277,Manoj Sharma,Male,61,Bengaluru Urban,PS0130,2025-04-27 17:36,Hotel,SI Divya Hegde,Released on Bail,Pending,Vehicle,369615,No,Yes,Yes,No
ARR00939,FIR202501309,P007514,Prakash Joshi,Male,64,Bengaluru Urban,PS0141,2025-04-27 19:01,Lodge,PI Harish Naik,Released on Bail,Pending,Weapons,469916,Yes,Yes,No,No
ARR01662,FIR202501194,P001109,Naveen Kumar,Male,42,Belagavi,PS0054,2025-04-28 06:38,Parking Lot,PI Lakshmi Devi,Released on Bail,Granted,Weapons,11741,Yes,Yes,Yes,Yes
ARR00980,FIR202501233,P007169,Lokesh Desai,Male,65,Chamarajanagar,PS0201,2025-04-28 15:07,Market Area,SI Suresh Kulkarni,Police Custody,Rejected,Cash,146685,No,No,No,Yes
ARR00681,FIR202501180,P008118,Vinay Angadi,Male,43,Bidar,PS0163,2025-04-28 18:26,Farm House,PI Naveen Patil,Released on Bail,Granted,Mobile Phones,403088,Yes,Yes,No,No
ARR00157,FIR202501147,P002163,Pradeep Hegde,Male,34,Bengaluru Rural,PS0094,2025-04-28 20:43,Highway Checkpost,SI Prakash Sharma,Judicial Custody,Granted,None,0,Yes,No,Yes,No
ARR00695,FIR202501245,P005855,Naveen Kambali,Male,50,Bengaluru Urban,PS0142,2025-04-28 21:59,Residence,PI Lakshmi Devi,Judicial Custody,Granted,Gold,232696,No,No,No,No
ARR01177,FIR202501107,P004068,Ramesh Hegde,Male,57,Chamarajanagar,PS0196,2025-04-28 22:58,Market Area,PI Mahesh Bhat,Police Custody,Rejected,Weapons,86437,No,No,No,No
ARR00877,FIR202501249,P006801,Ravi Reddy,Male,30,Bagalkote,PS0010,2025-04-28 23:56,Farm House,PI Lakshmi Devi,Released on Bail,Pending,None,0,No,Yes,No,No
ARR02131,FIR202500978,P008235,Prakash Hegde,Male,24,Bidar,PS0190,2025-04-29 02:11,Airport,PI Ramesh Gowda,Police Custody,Pending,Mobile Phones,259827,Yes,No,No,No
ARR00764,FIR202501157,P002636,Nisha Kambali,Female,71,Bengaluru Rural,PS0082,2025-04-29 02:35,Farm House,SI Suresh Kulkarni,Released on Bail,Granted,Vehicle,31088,Yes,Yes,Yes,No
ARR00274,FIR202501031,P009407,Abhishek Kambali,Male,23,Chamarajanagar,PS0209,2025-04-29 02:49,Highway Checkpost,PI Naveen Patil,Released on Bail,Rejected,Weapons,123935,No,No,No,No
ARR00571,FIR202501325,P006679,Rohit Verma,Male,54,Bengaluru Urban,PS0152,2025-04-29 03:18,Market Area,PI Harish Naik,Judicial Custody,Rejected,None,0,Yes,No,No,Yes
ARR01194,FIR202501088,P004902,Akash Kambali,Male,26,Belagavi,PS0056,2025-04-29 06:27,Railway Station,PI Harish Naik,Police Custody,Pending,Vehicle,196814,No,No,No,No
ARR00649,FIR202501283,P008191,Prakash Sharma,Male,32,Bengaluru Urban,PS0120,2025-04-29 09:48,Bus Stand,SI Ravi Kumar,Police Custody,Pending,Mobile Phones,47999,No,No,No,Yes
ARR00420,FIR202500966,P007612,Darshan Poojary,Male,53,Bengaluru Urban,PS0148,2025-04-29 14:36,Industrial Area,PI Lakshmi Devi,Released on Bail,Granted,Gold,325543,Yes,Yes,Yes,No
ARR01743,FIR202500943,P004787,Sangeetha Poojary,Female,46,Bagalkote,PS0005,2025-04-29 15:55,Lodge,SI Ravi Kumar,Police Custody,Granted,Cash,370645,No,No,No,No
ARR02055,FIR202501278,P000133,Chetan Kulkarni,Male,49,Bengaluru Rural,PS0074,2025-04-30 02:49,Industrial Area,SI Suresh Kulkarni,Released on Bail,Pending,Mobile Phones,36959,Yes,No,Yes,No
ARR02174,FIR202501038,P005854,Harish Patil,Male,56,Bengaluru Urban,PS0126,2025-04-30 03:37,Residence,SI Ganesh Rao,Judicial Custody,Pending,Cash,89950,Yes,Yes,No,Yes
ARR00598,FIR202500982,P006511,Manoj Pujari,Male,34,Bagalkote,PS0003,2025-04-30 09:21,Market Area,SI Ganesh Rao,Police Custody,Granted,Weapons,192005,No,No,Yes,Yes
ARR00061,FIR202501013,P002479,Naveen Sharma,Male,45,Belagavi,PS0052,2025-04-30 12:27,Residence,SI Suresh Kulkarni,Judicial Custody,Rejected,Documents,211329,No,Yes,Yes,Yes
ARR02308,FIR202500950,P002853,Shivakumar Bhat,Male,52,Bengaluru Rural,PS0101,2025-04-30 13:00,Parking Lot,PI Ramesh Gowda,Judicial Custody,Granted,Vehicle,107685,Yes,Yes,No,Yes
ARR01648,FIR202501011,P001081,Darshan Bhat,Male,33,Bengaluru Urban,PS0119,2025-04-30 15:30,Parking Lot,SI Prakash Sharma,Judicial Custody,Pending,Laptop,84758,Yes,No,No,No
ARR00037,FIR202500939,P001817,Kavya Joshi,Female,71,Chikkaballapura,PS0239,2025-04-30 16:12,Parking Lot,SI Ganesh Rao,Released on Bail,Granted,Laptop,359420,Yes,No,No,No
ARR00492,FIR202501292,P001022,Anitha Bhat,Female,51,Bengaluru Rural,PS0098,2025-04-30 16:39,Farm House,PI Ramesh Gowda,Police Custody,Pending,Drugs,78664,No,Yes,Yes,No
ARR02533,FIR202501370,P008998,Suresh Naik,Male,67,Belagavi,PS0047,2025-04-30 20:51,Parking Lot,PI Mahesh Bhat,Judicial Custody,Rejected,Gold,279908,No,No,Yes,Yes
ARR00568,FIR202501105,P000290,Puneeth Joshi,Male,53,Bengaluru Urban,PS0146,2025-05-01 00:33,Market Area,PI Mahesh Bhat,Judicial Custody,Pending,None,0,Yes,Yes,No,Yes
ARR00303,FIR202501065,P000155,Vijay Pujari,Male,71,Bengaluru Rural,PS0089,2025-05-01 13:31,Parking Lot,PI Lakshmi Devi,Judicial Custody,Granted,Drugs,73565,No,Yes,No,Yes
ARR02021,FIR202501318,P009163,Naveen Siddiqui,Male,59,Bengaluru Rural,PS0099,2025-05-01 14:32,Shopping Mall,PI Harish Naik,Police Custody,Granted,Laptop,434726,Yes,Yes,Yes,Yes
ARR00780,FIR202501127,P002814,Ganesh Reddy,Male,60,Belagavi,PS0061,2025-05-01 15:23,Industrial Area,SI Divya Hegde,Released on Bail,Pending,Gold,45131,No,No,No,No
ARR02475,FIR202501195,P002527,Arjun Desai,Male,20,Chamarajanagar,PS0203,2025-05-01 18:00,Lodge,SI Ravi Kumar,Judicial Custody,Granted,Mobile Phones,139188,Yes,Yes,Yes,No
ARR01442,FIR202501130,P000727,Abhishek Pujari,Male,70,Belagavi,PS0047,2025-05-01 21:27,Residence,PI Lakshmi Devi,Released on Bail,Pending,Weapons,171879,No,No,No,No
ARR01990,FIR202501098,P006436,Abhishek Patil,Male,29,Bengaluru Rural,PS0101,2025-05-01 23:41,Hotel,PI Mahesh Bhat,Police Custody,Rejected,Drugs,245577,No,No,No,Yes
ARR01725,FIR202501163,P009311,Mahesh Rao,Male,32,Bengaluru Rural,PS0078,2025-05-02 03:15,Border Checkpost,PI Naveen Patil,Police Custody,Pending,None,0,Yes,Yes,No,No
ARR00461,FIR202501308,P005255,Suraj Gowda,Male,69,Chamarajanagar,PS0207,2025-05-02 11:32,Parking Lot,SI Suresh Kulkarni,Released on Bail,Pending,Weapons,177539,Yes,No,No,No
ARR02429,FIR202501045,P004365,Sunitha Kulkarni,Female,70,Belagavi,PS0049,2025-05-02 16:11,Lodge,PI Naveen Patil,Judicial Custody,Rejected,Drugs,332703,No,Yes,No,No
ARR01502,FIR202501380,P005601,Mahesh Siddiqui,Male,57,Bagalkote,PS0005,2025-05-02 18:56,Railway Station,PI Mahesh Bhat,Judicial Custody,Pending,Cash,117472,No,Yes,Yes,No
ARR01553,FIR202501006,P000428,Arjun Verma,Male,39,Bidar,PS0156,2025-05-02 19:07,Market Area,SI Ravi Kumar,Released on Bail,Rejected,Drugs,84645,No,No,No,No
ARR00636,FIR202501077,P001528,Mahesh Rao,Male,61,Belagavi,PS0054,2025-05-02 22:14,Airport,SI Prakash Sharma,Released on Bail,Pending,Laptop,24050,No,Yes,No,No
ARR01776,FIR202501214,P006220,Nandini Desai,Female,65,Belagavi,PS0056,2025-05-02 22:38,Bus Stand,PI Lakshmi Devi,Police Custody,Pending,Documents,360458,No,No,Yes,Yes
ARR00253,FIR202500958,P005455,Lokesh Pujari,Male,56,Chikkaballapura,PS0249,2025-05-03 00:24,Railway Station,PI Harish Naik,Released on Bail,Granted,Gold,190816,Yes,Yes,Yes,Yes
ARR01859,FIR202501330,P002079,Akash Kulkarni,Male,19,Bengaluru Rural,PS0076,2025-05-03 01:21,Railway Station,PI Lakshmi Devi,Judicial Custody,Rejected,Documents,123913,Yes,Yes,Yes,No
ARR00373,FIR202501035,P007685,Akash Joshi,Male,41,Bengaluru Rural,PS0109,2025-05-03 03:49,Railway Station,PI Ramesh Gowda,Released on Bail,Pending,Gold,42048,Yes,Yes,No,No
ARR00120,FIR202501270,P007008,Naveen Kambali,Male,51,Bengaluru Rural,PS0072,2025-05-03 04:24,Highway Checkpost,PI Harish Naik,Released on Bail,Pending,Drugs,75191,Yes,No,No,Yes
ARR02127,FIR202501092,P009603,Chetan Kulkarni,Male,57,Bengaluru Urban,PS0143,2025-05-03 09:48,Hotel,SI Prakash Sharma,Police Custody,Pending,None,0,Yes,No,Yes,Yes
ARR00257,FIR202501034,P001325,Harish Hiremath,Male,42,Bengaluru Urban,PS0120,2025-05-03 10:11,Bus Stand,PI Mahesh Bhat,Released on Bail,Pending,Weapons,449166,No,Yes,Yes,No
ARR00477,FIR202501298,P008351,Vijay Naik,Male,64,Bengaluru Urban,PS0136,2025-05-03 13:52,Border Checkpost,PI Ramesh Gowda,Judicial Custody,Rejected,Mobile Phones,94739,Yes,Yes,Yes,No
ARR01651,FIR202501122,P004059,Darshan Siddiqui,Male,23,Bengaluru Rural,PS0070,2025-05-03 16:10,Hotel,PI Ramesh Gowda,Police Custody,Rejected,Drugs,219343,No,Yes,No,Yes
ARR01799,FIR202501323,P001650,Harini Shetty,Female,51,Bengaluru Urban,PS0113,2025-05-03 23:52,Railway Station,PI Harish Naik,Released on Bail,Pending,None,0,Yes,Yes,Yes,No
ARR00759,FIR202501340,P003102,Harish Kumar,Male,53,Bidar,PS0169,2025-05-04 00:20,Border Checkpost,PI Mahesh Bhat,Police Custody,Rejected,Cash,54681,No,No,No,No
ARR01808,FIR202501219,P007854,Arjun Kulkarni,Male,29,Bagalkote,PS0003,2025-05-04 03:00,Highway Checkpost,PI Naveen Patil,Police Custody,Pending,Laptop,475890,No,Yes,No,Yes
ARR01282,FIR202501162,P009954,Kiran Bhat,Male,42,Bidar,PS0176,2025-05-04 06:24,Industrial Area,SI Ganesh Rao,Judicial Custody,Rejected,Documents,171984,No,Yes,No,Yes
ARR01469,FIR202501260,P004243,Kiran Bhat,Male,52,Bengaluru Urban,PS0136,2025-05-04 08:22,Industrial Area,SI Divya Hegde,Police Custody,Pending,Documents,325869,Yes,No,No,Yes
ARR00622,FIR202501096,P009512,Kiran Singh,Male,57,Bengaluru Urban,PS0114,2025-05-04 14:03,Lodge,PI Mahesh Bhat,Police Custody,Pending,Gold,437633,Yes,Yes,Yes,No
ARR00353,FIR202501350,P005171,Vinay Hegde,Male,54,Bidar,PS0174,2025-05-04 19:29,Hotel,PI Mahesh Bhat,Judicial Custody,Rejected,Mobile Phones,122341,No,No,No,Yes
ARR00210,FIR202501382,P004209,Prakash Rao,Male,56,Bengaluru Rural,PS0086,2025-05-04 22:28,Parking Lot,SI Suresh Kulkarni,Released on Bail,Pending,None,0,No,Yes,No,Yes
ARR00974,FIR202501029,P008936,Harish Rao,Male,58,Bengaluru Urban,PS0148,2025-05-05 00:28,Highway Checkpost,PI Ramesh Gowda,Police Custody,Rejected,Documents,64137,No,No,Yes,Yes
ARR02305,FIR202501171,P009597,Naveen Kambali,Male,35,Bengaluru Urban,PS0134,2025-05-05 01:41,Hotel,PI Lakshmi Devi,Police Custody,Granted,Cash,250352,No,Yes,No,Yes
ARR00643,FIR202501286,P001112,Arjun Poojary,Male,26,Bengaluru Urban,PS0128,2025-05-05 03:38,Bus Stand,PI Mahesh Bhat,Police Custody,Rejected,None,0,Yes,No,No,No
ARR01198,FIR202501385,P007782,Arjun Joshi,Male,43,Ballari,PS0037,2025-05-05 06:03,Highway Checkpost,PI Mahesh Bhat,Judicial Custody,Pending,Drugs,231911,Yes,No,Yes,Yes
ARR02447,FIR202501067,P002569,Naveen Siddiqui,Male,32,Chamarajanagar,PS0227,2025-05-05 07:14,Industrial Area,PI Ramesh Gowda,Judicial Custody,Pending,Documents,489687,Yes,No,No,No
ARR01483,FIR202501296,P005665,Basavaraj Shetty,Male,31,Belagavi,PS0046,2025-05-05 18:44,Industrial Area,PI Ramesh Gowda,Judicial Custody,Pending,Cash,364150,Yes,Yes,Yes,Yes
ARR00374,FIR202501036,P003093,Shreya Joshi,Female,24,Bidar,PS0171,2025-05-06 15:34,Shopping Mall,PI Lakshmi Devi,Released on Bail,Granted,Drugs,113772,No,No,No,No
ARR00730,FIR202501256,P000177,Mahesh Singh,Male,56,Belagavi,PS0064,2025-05-06 17:58,Industrial Area,SI Ganesh Rao,Released on Bail,Rejected,Vehicle,411679,No,No,No,No
ARR00343,FIR202501037,P008948,Chetan Angadi,Male,47,Bagalkote,PS0024,2025-05-06 20:56,Border Checkpost,SI Suresh Kulkarni,Police Custody,Rejected,Gold,398135,No,No,Yes,No
ARR01196,FIR202501247,P000586,Ravi Kumar,Male,35,Bidar,PS0188,2025-05-06 23:06,Highway Checkpost,PI Ramesh Gowda,Judicial Custody,Rejected,None,0,Yes,Yes,No,Yes
ARR02481,FIR202501216,P000037,Arjun Naik,Male,29,Chikkaballapura,PS0241,2025-05-07 01:58,Residence,SI Ganesh Rao,Police Custody,Pending,Mobile Phones,186659,No,Yes,Yes,Yes
ARR01008,FIR202501068,P005544,Suraj Pujari,Male,56,Bengaluru Urban,PS0149,2025-05-07 08:24,Parking Lot,SI Suresh Kulkarni,Judicial Custody,Pending,Documents,339247,Yes,Yes,No,No
ARR01033,FIR202501332,P002034,Manoj Bhat,Male,23,Bengaluru Rural,PS0089,2025-05-07 11:18,Shopping Mall,PI Harish Naik,Released on Bail,Granted,Laptop,276906,No,No,No,No
ARR01276,FIR202501327,P005859,Suresh Reddy,Male,69,Bengaluru Urban,PS0129,2025-05-07 12:09,Industrial Area,PI Lakshmi Devi,Judicial Custody,Granted,Cash,305228,Yes,Yes,No,Yes
ARR02281,FIR202501032,P005770,Megha Rao,Female,19,Bagalkote,PS0001,2025-05-07 14:38,Industrial Area,SI Ganesh Rao,Police Custody,Pending,None,0,No,No,No,No
ARR00775,FIR202501158,P003592,Anitha Gowda,Female,47,Bengaluru Rural,PS0086,2025-05-07 15:20,Market Area,SI Prakash Sharma,Police Custody,Granted,Documents,28963,Yes,Yes,Yes,Yes
ARR02158,FIR202501084,P000855,Ravi Desai,Male,54,Chamarajanagar,PS0200,2025-05-07 21:03,Highway Checkpost,PI Mahesh Bhat,Police Custody,Rejected,Gold,472077,No,No,Yes,Yes
ARR00989,FIR202501198,P005821,Puneeth Bhat,Male,24,Bengaluru Rural,PS0095,2025-05-07 22:22,Highway Checkpost,PI Mahesh Bhat,Released on Bail,Granted,Drugs,413342,No,Yes,No,Yes
ARR02443,FIR202501089,P001534,Ravi Hegde,Male,56,Bengaluru Urban,PS0121,2025-05-07 22:37,Parking Lot,PI Ramesh Gowda,Judicial Custody,Rejected,Weapons,467714,No,Yes,No,Yes
ARR00014,FIR202501083,P001135,Lakshmi Desai,Female,55,Bengaluru Urban,PS0116,2025-05-07 22:54,Farm House,PI Naveen Patil,Released on Bail,Rejected,Cash,118453,No,No,No,Yes
ARR00244,FIR202501415,P004170,Akash Siddiqui,Male,68,Ballari,PS0030,2025-05-08 02:43,Bus Stand,SI Suresh Kulkarni,Judicial Custody,Granted,Weapons,388199,No,No,Yes,Yes
ARR00819,FIR202501164,P009362,Puneeth Sharma,Male,40,Chikkaballapura,PS0248,2025-05-08 03:51,Airport,SI Ravi Kumar,Released on Bail,Pending,Laptop,346658,No,No,No,No
ARR00019,FIR202501188,P007265,Suraj Reddy,Male,27,Bengaluru Urban,PS0144,2025-05-08 09:56,Parking Lot,SI Suresh Kulkarni,Police Custody,Granted,Weapons,83203,No,No,No,Yes
ARR02458,FIR202501058,P005014,Shivakumar Bhat,Male,26,Bagalkote,PS0015,2025-05-08 10:15,Industrial Area,SI Ganesh Rao,Judicial Custody,Rejected,Drugs,307155,No,Yes,Yes,Yes
ARR02200,FIR202501165,P005141,Arjun Hiremath,Male,28,Bengaluru Urban,PS0131,2025-05-08 18:41,Hotel,PI Harish Naik,Judicial Custody,Rejected,Laptop,95316,Yes,No,Yes,Yes
ARR02432,FIR202501328,P007955,Ajay Kulkarni,Male,41,Chamarajanagar,PS0202,2025-05-08 19:56,Parking Lot,SI Divya Hegde,Judicial Custody,Granted,Gold,410051,Yes,No,No,Yes
ARR00892,FIR202501334,P006421,Vidya Kulkarni,Female,62,Bagalkote,PS0018,2025-05-08 21:12,Airport,SI Suresh Kulkarni,Judicial Custody,Rejected,Mobile Phones,468075,No,No,No,No
ARR02221,FIR202501015,P005850,Basavaraj Siddiqui,Male,57,Bengaluru Urban,PS0143,2025-05-08 21:59,Farm House,SI Suresh Kulkarni,Police Custody,Rejected,Drugs,390912,Yes,Yes,No,No
ARR01309,FIR202501313,P008790,Basavaraj Bhat,Male,30,Chamarajanagar,PS0195,2025-05-08 22:50,Shopping Mall,PI Mahesh Bhat,Police Custody,Pending,Gold,26866,Yes,No,Yes,No
ARR01506,FIR202501199,P003303,Naveen Bhat,Male,59,Chamarajanagar,PS0199,2025-05-08 23:13,Farm House,SI Suresh Kulkarni,Police Custody,Granted,Vehicle,144275,Yes,Yes,No,No
ARR00185,FIR202501064,P009788,Manoj Angadi,Male,51,Belagavi,PS0055,2025-05-09 02:03,Residence,PI Harish Naik,Police Custody,Granted,None,0,Yes,No,No,No
ARR00199,FIR202501100,P008005,Sanjay Desai,Male,43,Ballari,PS0035,2025-05-09 03:34,Highway Checkpost,SI Suresh Kulkarni,Released on Bail,Granted,Laptop,418791,No,Yes,Yes,Yes
ARR00430,FIR202501337,P000522,Rohit Patil,Male,34,Bengaluru Rural,PS0080,2025-05-09 03:56,Hotel,PI Lakshmi Devi,Judicial Custody,Granted,Cash,126541,Yes,No,Yes,Yes
ARR00845,FIR202501186,P005674,Basavaraj Patil,Male,30,Bengaluru Urban,PS0149,2025-05-09 04:58,Bus Stand,SI Ganesh Rao,Judicial Custody,Granted,Cash,222456,Yes,No,No,Yes
ARR01417,FIR202501311,P004297,Vijay Hegde,Male,41,Bengaluru Rural,PS0071,2025-05-09 11:44,Residence,PI Harish Naik,Released on Bail,Pending,Weapons,128572,Yes,No,Yes,No
ARR00355,FIR202501439,P006877,Suraj Hiremath,Male,70,Chamarajanagar,PS0213,2025-05-09 12:38,Market Area,PI Ramesh Gowda,Released on Bail,Pending,Drugs,38836,Yes,No,No,Yes
ARR01146,FIR202501108,P009634,Suraj Sharma,Male,29,Ballari,PS0040,2025-05-09 16:43,Residence,PI Ramesh Gowda,Police Custody,Rejected,Cash,65583,No,No,Yes,No
ARR01386,FIR202501230,P006998,Ajay Verma,Male,39,Belagavi,PS0048,2025-05-09 18:36,Parking Lot,SI Prakash Sharma,Police Custody,Granted,Laptop,232005,No,No,Yes,No
ARR01995,FIR202501317,P007319,Sowmya Gowda,Female,18,Bengaluru Rural,PS0089,2025-05-09 19:40,Industrial Area,SI Ganesh Rao,Released on Bail,Granted,Gold,224779,Yes,Yes,Yes,Yes
ARR01979,FIR202501316,P006320,Chetan Kambali,Male,57,Bengaluru Rural,PS0096,2025-05-10 01:20,Farm House,SI Ravi Kumar,Released on Bail,Rejected,Vehicle,235557,Yes,Yes,No,No
ARR00794,FIR202501393,P005069,Vinay Hegde,Male,43,Belagavi,PS0063,2025-05-10 09:12,Lodge,SI Suresh Kulkarni,Judicial Custody,Rejected,Weapons,399170,No,Yes,Yes,Yes
ARR01517,FIR202501277,P000070,Ramesh Pujari,Male,30,Bengaluru Urban,PS0117,2025-05-10 10:57,Highway Checkpost,PI Naveen Patil,Released on Bail,Pending,Mobile Phones,108240,No,No,Yes,No
ARR01171,FIR202501116,P005482,Kiran Angadi,Male,71,Bengaluru Rural,PS0077,2025-05-10 17:57,Shopping Mall,PI Ramesh Gowda,Police Custody,Rejected,Laptop,13718,Yes,Yes,No,No
ARR02068,FIR202501425,P005382,Rahul Kumar,Male,27,Chamarajanagar,PS0225,2025-05-10 19:17,Farm House,PI Lakshmi Devi,Police Custody,Granted,Weapons,210686,Yes,Yes,No,Yes
ARR00955,FIR202501276,P002454,Siddu Hegde,Male,56,Bengaluru Urban,PS0143,2025-05-11 01:35,Market Area,PI Naveen Patil,Police Custody,Granted,Gold,293927,No,Yes,Yes,Yes
ARR00109,FIR202501490,P000602,Pooja Joshi,Female,51,Belagavi,PS0048,2025-05-11 01:38,Hotel,SI Prakash Sharma,Judicial Custody,Rejected,Gold,32445,Yes,Yes,No,Yes
ARR00671,FIR202501289,P000811,Vinay Singh,Male,69,Bidar,PS0180,2025-05-11 03:18,Border Checkpost,PI Harish Naik,Police Custody,Pending,Weapons,411856,Yes,No,No,No
ARR00152,FIR202501205,P009141,Chetan Rao,Male,35,Bengaluru Urban,PS0138,2025-05-11 05:44,Parking Lot,SI Divya Hegde,Judicial Custody,Rejected,Cash,55519,Yes,No,No,Yes
ARR01050,FIR202501176,P002579,Rohit Joshi,Male,68,Chamarajanagar,PS0219,2025-05-11 08:51,Lodge,PI Mahesh Bhat,Police Custody,Rejected,Drugs,235624,No,Yes,Yes,Yes
ARR00074,FIR202501418,P008446,Divya Naik,Female,47,Bengaluru Urban,PS0130,2025-05-11 09:05,Bus Stand,SI Suresh Kulkarni,Police Custody,Rejected,Laptop,411789,Yes,No,No,No
ARR00944,FIR202501266,P003467,Arjun Angadi,Male,29,Bengaluru Urban,PS0136,2025-05-11 11:32,Highway Checkpost,PI Harish Naik,Police Custody,Rejected,Documents,461885,Yes,No,No,Yes
ARR00772,FIR202501051,P001256,Lakshmi Kambali,Female,68,Bagalkote,PS0012,2025-05-11 12:47,Shopping Mall,SI Ganesh Rao,Police Custody,Granted,Documents,398676,No,No,Yes,No
ARR01318,FIR202501412,P008534,Ajay Desai,Male,23,Bengaluru Rural,PS0081,2025-05-12 10:00,Lodge,SI Suresh Kulkarni,Judicial Custody,Rejected,Vehicle,488447,Yes,Yes,Yes,Yes
ARR01445,FIR202501119,P006738,Chetan Kumar,Male,68,Bengaluru Urban,PS0123,2025-05-12 13:49,Shopping Mall,PI Naveen Patil,Judicial Custody,Granted,Weapons,301152,Yes,Yes,Yes,Yes
ARR02408,FIR202501303,P005895,Sunitha Poojary,Female,36,Bengaluru Rural,PS0086,2025-05-12 15:48,Highway Checkpost,SI Suresh Kulkarni,Released on Bail,Pending,None,0,No,No,Yes,No
ARR01706,FIR202501200,P009119,Manoj Pujari,Male,38,Bengaluru Rural,PS0083,2025-05-12 22:57,Industrial Area,PI Ramesh Gowda,Police Custody,Pending,Mobile Phones,348397,No,Yes,Yes,Yes
ARR01411,FIR202501110,P000306,Suraj Bhat,Male,63,Bengaluru Rural,PS0078,2025-05-13 04:20,Bus Stand,SI Suresh Kulkarni,Released on Bail,Pending,Weapons,283220,Yes,No,No,Yes
ARR00320,FIR202501349,P007431,Shivakumar Patil,Male,41,Chikkaballapura,PS0241,2025-05-13 06:32,Market Area,SI Divya Hegde,Released on Bail,Granted,Cash,57849,No,Yes,No,No
ARR01218,FIR202501290,P009057,Prakash Sharma,Male,45,Bengaluru Rural,PS0085,2025-05-13 10:33,Industrial Area,SI Suresh Kulkarni,Judicial Custody,Pending,Weapons,90831,No,Yes,Yes,Yes
ARR00508,FIR202501448,P003966,Ramesh Poojary,Male,70,Chikkaballapura,PS0239,2025-05-13 12:54,Border Checkpost,SI Prakash Sharma,Released on Bail,Granted,Cash,94438,No,Yes,Yes,Yes
ARR00918,FIR202501178,P000012,Arjun Gowda,Male,59,Bagalkote,PS0016,2025-05-13 18:44,Highway Checkpost,SI Suresh Kulkarni,Judicial Custody,Pending,Documents,156601,Yes,No,No,Yes
ARR01594,FIR202501135,P001498,Divya Patil,Female,42,Bagalkote,PS0007,2025-05-13 22:44,Highway Checkpost,PI Naveen Patil,Released on Bail,Rejected,Mobile Phones,107862,Yes,No,No,No
ARR02195,FIR202501241,P009349,Sanjay Naik,Male,37,Bagalkote,PS0019,2025-05-14 00:41,Industrial Area,PI Ramesh Gowda,Judicial Custody,Pending,Cash,86355,No,No,Yes,Yes
ARR02469,FIR202501097,P002321,Kiran Kumar,Male,20,Belagavi,PS0047,2025-05-14 02:21,Market Area,SI Ravi Kumar,Judicial Custody,Rejected,Gold,28794,No,No,No,Yes
ARR02120,FIR202501136,P002225,Ajay Joshi,Male,27,Bengaluru Urban,PS0121,2025-05-14 02:22,Residence,SI Prakash Sharma,Police Custody,Pending,Cash,26860,No,No,No,Yes
ARR01235,FIR202501222,P004578,Suresh Kumar,Male,20,Bengaluru Urban,PS0112,2025-05-14 19:54,Parking Lot,PI Harish Naik,Judicial Custody,Pending,Documents,374186,Yes,No,No,No
ARR02250,FIR202501134,P000766,Pradeep Singh,Male,34,Bengaluru Urban,PS0127,2025-05-14 20:09,Border Checkpost,SI Ganesh Rao,Judicial Custody,Pending,Documents,220176,Yes,No,No,No
ARR00235,FIR202501140,P002484,Shivakumar Pujari,Male,62,Bengaluru Urban,PS0121,2025-05-14 21:06,Market Area,SI Suresh Kulkarni,Police Custody,Pending,Vehicle,179230,Yes,No,No,Yes
ARR00238,FIR202501364,P003840,Ajay Desai,Male,49,Bengaluru Urban,PS0150,2025-05-15 05:02,Highway Checkpost,PI Lakshmi Devi,Released on Bail,Pending,Documents,457916,Yes,Yes,No,Yes
ARR01424,FIR202501458,P009997,Pradeep Shetty,Male,26,Ballari,PS0029,2025-05-15 06:56,Market Area,SI Ganesh Rao,Judicial Custody,Rejected,Drugs,77021,No,No,No,No
ARR00297,FIR202501523,P007598,Abhishek Naik,Male,31,Bidar,PS0159,2025-05-15 12:17,Residence,PI Harish Naik,Police Custody,Granted,Laptop,242640,No,Yes,Yes,No
ARR00273,FIR202501210,P006289,Prakash Gowda,Male,39,Bengaluru Urban,PS0137,2025-05-15 16:00,Lodge,PI Mahesh Bhat,Police Custody,Pending,Drugs,76370,No,Yes,No,Yes
ARR01500,FIR202501360,P007069,Ravi Poojary,Male,66,Bengaluru Rural,PS0096,2025-05-15 16:18,Hotel,SI Prakash Sharma,Police Custody,Rejected,Documents,306066,Yes,Yes,No,Yes
ARR00317,FIR202501413,P004419,Prakash Patil,Male,55,Bengaluru Rural,PS0072,2025-05-15 18:35,Lodge,SI Prakash Sharma,Released on Bail,Rejected,Cash,427166,No,Yes,Yes,Yes
ARR00907,FIR202501345,P009247,Kiran Rao,Male,32,Chikkaballapura,PS0241,2025-05-15 23:15,Shopping Mall,PI Harish Naik,Released on Bail,Granted,None,0,Yes,Yes,Yes,Yes
ARR02503,FIR202501202,P000555,Ravi Gowda,Male,37,Chamarajanagar,PS0203,2025-05-16 01:49,Farm House,PI Mahesh Bhat,Judicial Custody,Rejected,None,0,No,No,Yes,No
ARR00841,FIR202501520,P002664,Puneeth Patil,Male,62,Belagavi,PS0055,2025-05-16 03:27,Border Checkpost,SI Prakash Sharma,Judicial Custody,Rejected,Weapons,136326,Yes,No,No,Yes
ARR00371,FIR202501251,P004018,Sanjay Pujari,Male,23,Belagavi,PS0068,2025-05-16 10:59,Airport,PI Harish Naik,Police Custody,Granted,Drugs,56187,No,No,No,Yes
ARR02336,FIR202501565,P004560,Ravi Bhat,Male,30,Ballari,PS0031,2025-05-16 14:27,Market Area,SI Ravi Kumar,Released on Bail,Pending,Gold,398906,No,No,No,Yes
ARR01764,FIR202501151,P005100,Vijay Siddiqui,Male,22,Chamarajanagar,PS0195,2025-05-16 16:20,Highway Checkpost,SI Suresh Kulkarni,Released on Bail,Rejected,Mobile Phones,148594,Yes,Yes,No,Yes
ARR02136,FIR202501182,P001918,Abhishek Rao,Male,24,Chikkaballapura,PS0242,2025-05-16 16:53,Border Checkpost,SI Suresh Kulkarni,Released on Bail,Granted,Vehicle,428766,No,Yes,Yes,Yes
ARR01416,FIR202501329,P002073,Ajay Reddy,Male,19,Bengaluru Urban,PS0123,2025-05-16 18:06,Industrial Area,SI Ganesh Rao,Released on Bail,Granted,Weapons,431498,Yes,No,Yes,Yes
ARR01054,FIR202501478,P007086,Lokesh Joshi,Male,35,Belagavi,PS0046,2025-05-16 18:52,Market Area,PI Mahesh Bhat,Released on Bail,Rejected,Gold,349749,No,Yes,No,No
ARR02283,FIR202501489,P000362,Puneeth Rao,Male,26,Belagavi,PS0063,2025-05-16 23:13,Parking Lot,SI Divya Hegde,Judicial Custody,Pending,Weapons,13132,No,No,Yes,Yes
ARR02169,FIR202501229,P009196,Basavaraj Desai,Male,30,Bengaluru Urban,PS0148,2025-05-17 00:55,Residence,SI Divya Hegde,Released on Bail,Rejected,Cash,80320,No,Yes,No,Yes
ARR02085,FIR202501420,P005020,Ramesh Patil,Male,36,Bengaluru Rural,PS0080,2025-05-17 08:24,Bus Stand,SI Ravi Kumar,Police Custody,Pending,Documents,156450,No,Yes,No,No
ARR00110,FIR202501285,P009007,Siddu Bhat,Male,25,Bengaluru Rural,PS0091,2025-05-17 08:24,Farm House,SI Ravi Kumar,Police Custody,Granted,Drugs,270804,Yes,Yes,No,Yes
ARR00174,FIR202501534,P005384,Shreya Angadi,Female,58,Chikkaballapura,PS0243,2025-05-17 09:11,Farm House,SI Ganesh Rao,Police Custody,Granted,Documents,351341,Yes,Yes,Yes,Yes
ARR00401,FIR202501271,P007217,Basavaraj Hiremath,Male,63,Bengaluru Rural,PS0109,2025-05-17 16:18,Highway Checkpost,PI Ramesh Gowda,Judicial Custody,Granted,Weapons,82620,Yes,Yes,No,Yes
ARR00039,FIR202501394,P006496,Pradeep Rao,Male,59,Bengaluru Rural,PS0101,2025-05-17 17:07,Shopping Mall,SI Ravi Kumar,Judicial Custody,Granted,Gold,465392,No,No,No,Yes
ARR02002,FIR202501213,P006290,Ganesh Hegde,Male,42,Bidar,PS0170,2025-05-18 00:29,Farm House,PI Harish Naik,Released on Bail,Granted,Mobile Phones,494963,No,Yes,No,Yes
ARR00846,FIR202501495,P008528,Naveen Pujari,Male,69,Bengaluru Urban,PS0144,2025-05-18 02:28,Shopping Mall,PI Lakshmi Devi,Judicial Custody,Granted,Cash,149789,No,Yes,No,No
ARR00173,FIR202501250,P005289,Puneeth Siddiqui,Male,33,Bengaluru Urban,PS0139,2025-05-18 05:57,Airport,PI Ramesh Gowda,Police Custody,Pending,Gold,158641,Yes,Yes,Yes,Yes
ARR02380,FIR202501305,P004594,Darshan Reddy,Male,45,Bengaluru Urban,PS0133,2025-05-18 06:08,Market Area,SI Prakash Sharma,Police Custody,Pending,Laptop,324653,No,Yes,Yes,Yes
ARR00209,FIR202501438,P004357,Kusuma Siddiqui,Female,71,Ballari,PS0026,2025-05-18 10:19,Shopping Mall,PI Ramesh Gowda,Released on Bail,Granted,Cash,385814,Yes,No,No,Yes
ARR00634,FIR202501486,P006379,Anjali Kumar,Female,70,Bengaluru Urban,PS0125,2025-05-18 12:00,Bus Stand,SI Ravi Kumar,Released on Bail,Pending,Weapons,259763,Yes,No,No,No
ARR00013,FIR202501678,P002390,Naveen Siddiqui,Male,67,Bengaluru Rural,PS0081,2025-05-18 14:53,Shopping Mall,PI Mahesh Bhat,Police Custody,Pending,Gold,17131,Yes,No,Yes,No
ARR01911,FIR202501344,P002795,Harini Hegde,Female,21,Bengaluru Urban,PS0124,2025-05-18 16:53,Farm House,PI Lakshmi Devi,Police Custody,Granted,None,0,Yes,No,Yes,Yes
ARR00164,FIR202501227,P000150,Harish Angadi,Male,66,Bengaluru Urban,PS0110,2025-05-18 20:44,Airport,SI Ravi Kumar,Judicial Custody,Pending,Gold,394176,Yes,Yes,No,No
ARR00925,FIR202501659,P009388,Sanjay Pujari,Male,21,Bengaluru Rural,PS0094,2025-05-18 22:10,Farm House,SI Ravi Kumar,Police Custody,Rejected,None,0,No,No,Yes,No
ARR00561,FIR202501371,P007630,Ravi Siddiqui,Male,65,Ballari,PS0033,2025-05-19 00:13,Industrial Area,PI Naveen Patil,Released on Bail,Granted,Documents,395751,No,No,No,No
ARR00048,FIR202501518,P002437,Pradeep Hegde,Male,62,Chikkaballapura,PS0250,2025-05-19 06:01,Highway Checkpost,SI Ganesh Rao,Judicial Custody,Granted,Mobile Phones,48947,No,No,Yes,Yes
ARR01750,FIR202501522,P003237,Puneeth Bhat,Male,40,Belagavi,PS0047,2025-05-19 10:47,Parking Lot,SI Suresh Kulkarni,Released on Bail,Granted,Weapons,451245,No,Yes,No,No
ARR00790,FIR202501450,P005016,Anitha Shetty,Female,43,Bagalkote,PS0024,2025-05-19 13:25,Parking Lot,SI Prakash Sharma,Police Custody,Granted,Drugs,285209,Yes,Yes,Yes,Yes
ARR00434,FIR202501704,P004710,Suresh Patil,Male,33,Belagavi,PS0069,2025-05-19 15:46,Shopping Mall,PI Harish Naik,Released on Bail,Rejected,Weapons,468601,No,Yes,No,No
ARR00261,FIR202501562,P009008,Sneha Reddy,Female,31,Ballari,PS0039,2025-05-19 16:45,Shopping Mall,SI Prakash Sharma,Judicial Custody,Pending,Cash,186333,Yes,Yes,No,Yes
ARR01530,FIR202501561,P003127,Sanjay Siddiqui,Male,25,Chikkaballapura,PS0242,2025-05-19 23:27,Parking Lot,PI Lakshmi Devi,Released on Bail,Rejected,Gold,138254,Yes,No,Yes,No
ARR00762,FIR202501362,P005622,Prakash Verma,Male,70,Bengaluru Rural,PS0073,2025-05-20 10:07,Industrial Area,PI Ramesh Gowda,Judicial Custody,Pending,Weapons,116191,Yes,No,Yes,Yes
ARR01610,FIR202501648,P000794,Puneeth Kambali,Male,21,Bidar,PS0190,2025-05-20 14:07,Market Area,PI Lakshmi Devi,Police Custody,Rejected,Drugs,58281,Yes,Yes,No,Yes
ARR01613,FIR202501554,P004237,Siddu Shetty,Male,21,Belagavi,PS0066,2025-05-20 14:37,Bus Stand,PI Ramesh Gowda,Judicial Custody,Pending,Weapons,261823,No,Yes,No,Yes
ARR02069,FIR202501668,P008309,Ganesh Kulkarni,Male,43,Belagavi,PS0047,2025-05-20 14:54,Airport,SI Ganesh Rao,Police Custody,Pending,Mobile Phones,310098,Yes,No,No,Yes
ARR00589,FIR202501608,P006363,Ravi Poojary,Male,42,Bengaluru Rural,PS0101,2025-05-20 15:04,Highway Checkpost,SI Prakash Sharma,Judicial Custody,Rejected,Drugs,256925,No,No,No,Yes
ARR01229,FIR202501500,P008582,Siddu Pujari,Male,65,Belagavi,PS0053,2025-05-20 15:58,Residence,PI Ramesh Gowda,Police Custody,Rejected,Laptop,42871,Yes,Yes,Yes,No
ARR01144,FIR202501573,P001202,Naveen Singh,Male,66,Ballari,PS0032,2025-05-20 19:46,Lodge,SI Ravi Kumar,Judicial Custody,Granted,Vehicle,320270,Yes,Yes,Yes,No
ARR00126,FIR202501709,P003017,Pooja Sharma,Female,57,Chamarajanagar,PS0205,2025-05-20 22:54,Farm House,PI Lakshmi Devi,Released on Bail,Granted,Drugs,193267,No,Yes,No,Yes
ARR00038,FIR202501455,P009486,Basavaraj Joshi,Male,25,Belagavi,PS0050,2025-05-20 23:26,Parking Lot,PI Lakshmi Devi,Released on Bail,Rejected,None,0,Yes,Yes,Yes,Yes
ARR00382,FIR202501532,P001309,Shivakumar Poojary,Male,30,Bengaluru Rural,PS0100,2025-05-21 01:00,Border Checkpost,PI Mahesh Bhat,Judicial Custody,Granted,Cash,256025,Yes,Yes,No,No
ARR00159,FIR202501645,P008648,Lokesh Angadi,Male,25,Chikkaballapura,PS0250,2025-05-21 01:47,Residence,SI Divya Hegde,Judicial Custody,Granted,Drugs,175232,No,Yes,No,No
ARR01364,FIR202501312,P001155,Megha Kumar,Female,32,Bengaluru Rural,PS0081,2025-05-21 04:00,Parking Lot,PI Harish Naik,Judicial Custody,Rejected,Gold,182917,Yes,No,No,Yes
ARR00279,FIR202501275,P002359,Akash Shetty,Male,58,Ballari,PS0043,2025-05-21 07:32,Residence,SI Suresh Kulkarni,Released on Bail,Pending,None,0,No,No,No,Yes
ARR02199,FIR202501593,P002845,Vijay Desai,Male,68,Belagavi,PS0063,2025-05-21 09:50,Shopping Mall,SI Ganesh Rao,Police Custody,Pending,Laptop,422334,Yes,No,Yes,No
ARR00913,FIR202501627,P001874,Akash Desai,Male,51,Bidar,PS0175,2025-05-21 10:27,Railway Station,PI Ramesh Gowda,Released on Bail,Pending,Weapons,49582,Yes,No,Yes,No
ARR02162,FIR202501367,P000348,Mahesh Siddiqui,Male,71,Chamarajanagar,PS0214,2025-05-21 11:10,Farm House,PI Lakshmi Devi,Released on Bail,Granted,Mobile Phones,313864,No,Yes,Yes,Yes
ARR02078,FIR202501472,P006900,Pradeep Kumar,Male,65,Bidar,PS0165,2025-05-21 12:59,Market Area,PI Ramesh Gowda,Police Custody,Granted,Weapons,435637,No,Yes,Yes,No
ARR00557,FIR202501718,P005860,Rahul Siddiqui,Male,58,Bagalkote,PS0025,2025-05-21 13:10,Railway Station,PI Ramesh Gowda,Judicial Custody,Granted,Vehicle,188844,Yes,Yes,No,Yes
ARR02182,FIR202501446,P006889,Kiran Kambali,Male,38,Bidar,PS0189,2025-05-21 13:20,Industrial Area,SI Suresh Kulkarni,Police Custody,Rejected,Drugs,441549,Yes,No,Yes,Yes
ARR00916,FIR202501421,P005653,Ramesh Verma,Male,59,Belagavi,PS0069,2025-05-21 15:44,Industrial Area,SI Ravi Kumar,Released on Bail,Granted,Weapons,276013,Yes,No,Yes,Yes
ARR01254,FIR202501273,P003256,Prakash Kulkarni,Male,27,Chamarajanagar,PS0200,2025-05-21 16:31,Shopping Mall,PI Mahesh Bhat,Judicial Custody,Granted,Cash,127072,No,Yes,No,No
ARR02492,FIR202501483,P001714,Shivakumar Gowda,Male,37,Ballari,PS0035,2025-05-22 02:04,Hotel,PI Harish Naik,Judicial Custody,Rejected,Laptop,10448,Yes,Yes,Yes,Yes
ARR00100,FIR202501414,P004728,Pradeep Pujari,Male,53,Belagavi,PS0067,2025-05-22 03:55,Railway Station,PI Mahesh Bhat,Released on Bail,Granted,Cash,116098,No,No,No,Yes
ARR01623,FIR202501510,P007228,Siddu Pujari,Male,60,Bidar,PS0166,2025-05-22 05:39,Railway Station,PI Ramesh Gowda,Judicial Custody,Rejected,Laptop,419734,Yes,Yes,No,No
ARR01754,FIR202501331,P003669,Vijay Hiremath,Male,61,Bengaluru Rural,PS0085,2025-05-22 07:33,Market Area,SI Ganesh Rao,Released on Bail,Pending,Cash,96213,Yes,Yes,No,No
ARR01907,FIR202501531,P009323,Vijay Angadi,Male,56,Chikkaballapura,PS0247,2025-05-22 13:59,Market Area,PI Naveen Patil,Released on Bail,Granted,Mobile Phones,228995,No,No,Yes,Yes
ARR00952,FIR202501529,P002135,Priya Desai,Female,57,Chikkaballapura,PS0250,2025-05-22 16:51,Highway Checkpost,PI Lakshmi Devi,Released on Bail,Granted,Laptop,324929,No,No,Yes,No
ARR01620,FIR202501487,P005421,Abhishek Naik,Male,41,Chikkaballapura,PS0240,2025-05-22 22:35,Highway Checkpost,SI Prakash Sharma,Police Custody,Granted,Vehicle,275225,No,No,Yes,No
ARR02038,FIR202501508,P000862,Lakshmi Kumar,Female,58,Belagavi,PS0058,2025-05-23 05:38,Residence,SI Ganesh Rao,Police Custody,Pending,Drugs,162021,Yes,No,Yes,Yes
ARR00721,FIR202501395,P002799,Shivakumar Kambali,Male,59,Belagavi,PS0062,2025-05-23 06:43,Highway Checkpost,PI Harish Naik,Police Custody,Rejected,None,0,Yes,No,Yes,Yes
ARR02190,FIR202501470,P009509,Suresh Singh,Male,66,Ballari,PS0040,2025-05-23 09:34,Bus Stand,SI Divya Hegde,Judicial Custody,Pending,Laptop,408071,No,No,No,No
ARR00935,FIR202501684,P004561,Anitha Rao,Female,51,Bagalkote,PS0010,2025-05-23 12:19,Lodge,PI Ramesh Gowda,Police Custody,Pending,Documents,288169,Yes,Yes,No,No
ARR01843,FIR202501307,P006388,Akash Gowda,Male,26,Bengaluru Rural,PS0089,2025-05-23 14:26,Airport,SI Divya Hegde,Released on Bail,Rejected,Vehicle,421305,No,Yes,Yes,No
ARR02067,FIR202501692,P006806,Prakash Naik,Male,43,Bengaluru Urban,PS0118,2025-05-23 19:28,Farm House,PI Harish Naik,Released on Bail,Granted,Gold,215680,No,Yes,No,Yes
ARR00178,FIR202501722,P007060,Pradeep Shetty,Male,18,Ballari,PS0028,2025-05-23 20:14,Hotel,PI Mahesh Bhat,Police Custody,Granted,Gold,268525,No,No,No,Yes
ARR01864,FIR202501732,P005473,Ganesh Kulkarni,Male,30,Belagavi,PS0049,2025-05-23 20:52,Residence,SI Prakash Sharma,Judicial Custody,Rejected,Mobile Phones,354189,No,Yes,Yes,No
ARR01671,FIR202501375,P008782,Harish Shetty,Male,39,Bengaluru Rural,PS0107,2025-05-23 21:51,Lodge,PI Naveen Patil,Police Custody,Rejected,None,0,Yes,Yes,Yes,Yes
ARR01322,FIR202501710,P009023,Siddu Hiremath,Male,19,Bengaluru Urban,PS0112,2025-05-24 01:16,Bus Stand,PI Naveen Patil,Police Custody,Granted,Cash,190511,Yes,No,Yes,Yes
ARR00345,FIR202501575,P004693,Pradeep Rao,Male,28,Chikkaballapura,PS0243,2025-05-24 09:43,Shopping Mall,SI Suresh Kulkarni,Judicial Custody,Rejected,Mobile Phones,481336,Yes,No,No,No
ARR00667,FIR202501638,P005318,Harish Gowda,Male,55,Bagalkote,PS0024,2025-05-24 11:59,Parking Lot,PI Mahesh Bhat,Police Custody,Granted,Gold,489327,No,No,Yes,No
ARR00566,FIR202501424,P003687,Abhishek Kambali,Male,35,Chamarajanagar,PS0224,2025-05-24 12:56,Highway Checkpost,SI Ganesh Rao,Police Custody,Granted,Gold,444122,No,No,Yes,Yes
ARR01189,FIR202501498,P001084,Roopa Sharma,Female,71,Chamarajanagar,PS0197,2025-05-24 20:09,Lodge,SI Divya Hegde,Released on Bail,Rejected,Vehicle,466298,Yes,Yes,Yes,Yes
ARR00458,FIR202501587,P002581,Chetan Desai,Male,57,Bengaluru Rural,PS0104,2025-05-24 20:38,Hotel,SI Prakash Sharma,Judicial Custody,Rejected,None,0,Yes,No,No,Yes
ARR00081,FIR202501567,P003802,Sangeetha Desai,Female,22,Bidar,PS0169,2025-05-25 00:36,Industrial Area,PI Naveen Patil,Police Custody,Granted,Drugs,84033,No,No,No,Yes
ARR00001,FIR202501405,P001719,Lokesh Reddy,Male,65,Ballari,PS0041,2025-05-25 01:23,Bus Stand,SI Suresh Kulkarni,Judicial Custody,Pending,None,0,No,Yes,Yes,No
ARR00597,FIR202501665,P000380,Akash Hegde,Male,51,Belagavi,PS0067,2025-05-25 04:32,Airport,PI Naveen Patil,Police Custody,Pending,Gold,433059,No,No,No,No
ARR00318,FIR202501553,P002961,Vijay Reddy,Male,38,Belagavi,PS0057,2025-05-25 06:30,Residence,SI Divya Hegde,Released on Bail,Granted,Weapons,252178,No,Yes,No,No
ARR00732,FIR202501566,P002499,Lokesh Poojary,Male,43,Belagavi,PS0050,2025-05-25 07:13,Industrial Area,SI Ravi Kumar,Police Custody,Rejected,Drugs,28128,Yes,Yes,No,Yes
ARR00298,FIR202501477,P007882,Puneeth Kumar,Male,37,Belagavi,PS0051,2025-05-25 07:54,Border Checkpost,SI Ravi Kumar,Judicial Custody,Granted,None,0,Yes,Yes,No,No
ARR01431,FIR202501746,P004592,Ganesh Kulkarni,Male,55,Ballari,PS0034,2025-05-25 09:24,Market Area,SI Ganesh Rao,Police Custody,Pending,Gold,300045,Yes,No,Yes,No
ARR01619,FIR202501706,P002730,Sowmya Kumar,Female,36,Bengaluru Rural,PS0083,2025-05-25 11:51,Highway Checkpost,SI Divya Hegde,Police Custody,Pending,Documents,65017,No,Yes,No,No
ARR00818,FIR202501493,P005628,Kiran Singh,Male,28,Bidar,PS0158,2025-05-25 12:57,Farm House,PI Harish Naik,Released on Bail,Rejected,Vehicle,125950,No,Yes,Yes,Yes
ARR02376,FIR202501574,P002263,Kusuma Siddiqui,Female,26,Bengaluru Rural,PS0099,2025-05-25 16:01,Residence,SI Ravi Kumar,Police Custody,Granted,Laptop,203352,No,No,No,Yes
ARR00946,FIR202501352,P003890,Sanjay Joshi,Male,63,Bengaluru Urban,PS0144,2025-05-25 18:39,Market Area,PI Lakshmi Devi,Police Custody,Pending,Vehicle,344883,Yes,Yes,Yes,Yes
ARR01352,FIR202501618,P004146,Puneeth Desai,Male,51,Bidar,PS0155,2025-05-26 01:15,Residence,SI Suresh Kulkarni,Judicial Custody,Granted,Documents,349255,No,Yes,No,Yes
ARR01094,FIR202501620,P005214,Kavya Hegde,Female,20,Bengaluru Urban,PS0111,2025-05-26 02:31,Bus Stand,SI Suresh Kulkarni,Released on Bail,Pending,Drugs,489008,Yes,Yes,Yes,No
ARR02357,FIR202501326,P006770,Suresh Patil,Male,61,Bengaluru Rural,PS0084,2025-05-26 03:19,Hotel,PI Ramesh Gowda,Judicial Custody,Granted,Weapons,334783,No,No,No,Yes
ARR00767,FIR202501679,P006690,Naveen Gowda,Male,34,Chamarajanagar,PS0231,2025-05-26 04:02,Industrial Area,PI Lakshmi Devi,Judicial Custody,Rejected,Weapons,48880,No,Yes,Yes,No
ARR02265,FIR202501731,P004779,Rohit Desai,Male,49,Ballari,PS0036,2025-05-26 05:47,Market Area,PI Lakshmi Devi,Judicial Custody,Granted,Drugs,409904,No,No,No,No
ARR01172,FIR202501602,P000224,Ajay Kulkarni,Male,29,Belagavi,PS0046,2025-05-26 09:42,Airport,PI Ramesh Gowda,Police Custody,Rejected,Weapons,405718,No,Yes,Yes,No
ARR01948,FIR202501488,P008627,Chetan Desai,Male,67,Chikkaballapura,PS0244,2025-05-26 16:47,Shopping Mall,PI Lakshmi Devi,Police Custody,Granted,Weapons,309393,Yes,Yes,No,No
ARR02267,FIR202501543,P001793,Naveen Verma,Male,63,Ballari,PS0042,2025-05-26 17:09,Market Area,PI Lakshmi Devi,Released on Bail,Pending,Laptop,48666,No,Yes,No,No
ARR00674,FIR202501338,P009351,Kiran Hegde,Male,53,Bengaluru Urban,PS0113,2025-05-26 18:49,Airport,PI Harish Naik,Released on Bail,Granted,Vehicle,383486,No,No,Yes,Yes
ARR01774,FIR202501792,P007998,Vijay Verma,Male,39,Bengaluru Rural,PS0088,2025-05-27 03:22,Airport,PI Lakshmi Devi,Released on Bail,Rejected,Laptop,126615,No,No,Yes,Yes
ARR00285,FIR202501388,P009176,Manoj Gowda,Male,38,Chamarajanagar,PS0196,2025-05-27 05:59,Parking Lot,PI Ramesh Gowda,Released on Bail,Granted,Drugs,402059,Yes,Yes,No,No
ARR01702,FIR202501496,P008648,Lokesh Angadi,Male,25,Ballari,PS0042,2025-05-27 06:20,Bus Stand,SI Prakash Sharma,Judicial Custody,Pending,Cash,187683,No,No,Yes,Yes
ARR02116,FIR202501416,P005622,Prakash Verma,Male,70,Bagalkote,PS0014,2025-05-27 17:31,Bus Stand,PI Mahesh Bhat,Police Custody,Granted,Mobile Phones,76514,No,Yes,Yes,No
ARR00066,FIR202501346,P004433,Basavaraj Kambali,Male,40,Bengaluru Rural,PS0087,2025-05-27 20:38,Residence,PI Mahesh Bhat,Police Custody,Granted,Laptop,284647,No,No,No,No
ARR02391,FIR202501461,P008609,Manoj Angadi,Male,20,Bengaluru Urban,PS0117,2025-05-28 00:44,Shopping Mall,SI Ravi Kumar,Released on Bail,Granted,None,0,No,Yes,Yes,Yes
ARR01120,FIR202501698,P007705,Akash Hegde,Male,63,Bengaluru Rural,PS0081,2025-05-28 01:02,Hotel,PI Lakshmi Devi,Police Custody,Rejected,Mobile Phones,466898,No,Yes,No,Yes
ARR00950,FIR202501747,P007949,Ajay Shetty,Male,18,Bagalkote,PS0019,2025-05-28 04:30,Highway Checkpost,PI Mahesh Bhat,Police Custody,Pending,Weapons,353620,Yes,No,Yes,Yes
ARR00191,FIR202501527,P000897,Ravi Shetty,Male,48,Belagavi,PS0056,2025-05-28 04:40,Bus Stand,SI Suresh Kulkarni,Police Custody,Granted,None,0,No,Yes,Yes,No
ARR00968,FIR202501652,P006849,Swathi Verma,Female,47,Bagalkote,PS0022,2025-05-28 06:06,Lodge,PI Lakshmi Devi,Released on Bail,Pending,None,0,Yes,No,No,No
ARR01109,FIR202501402,P001968,Deepa Kumar,Female,27,Chamarajanagar,PS0201,2025-05-28 07:06,Hotel,SI Divya Hegde,Released on Bail,Granted,Laptop,56861,No,Yes,Yes,No
ARR01709,FIR202501735,P007963,Nandini Sharma,Female,25,Ballari,PS0039,2025-05-28 09:32,Bus Stand,PI Naveen Patil,Judicial Custody,Pending,Mobile Phones,373334,No,Yes,No,No
ARR00380,FIR202501365,P001202,Naveen Singh,Male,66,Bengaluru Urban,PS0144,2025-05-28 14:12,Highway Checkpost,PI Mahesh Bhat,Released on Bail,Rejected,None,0,No,No,No,Yes
ARR01256,FIR202501737,P007033,Rahul Rao,Male,40,Bengaluru Urban,PS0123,2025-05-28 16:53,Railway Station,PI Naveen Patil,Judicial Custody,Granted,Cash,293927,No,No,No,No
ARR00750,FIR202501400,P009993,Priya Shetty,Female,45,Bagalkote,PS0016,2025-05-28 18:27,Residence,SI Ravi Kumar,Released on Bail,Granted,Laptop,496527,Yes,Yes,No,Yes
ARR02301,FIR202501533,P006325,Prakash Bhat,Male,31,Bengaluru Urban,PS0117,2025-05-28 18:56,Parking Lot,PI Naveen Patil,Judicial Custody,Rejected,Gold,409829,Yes,No,No,No
ARR00269,FIR202501379,P003528,Darshan Kumar,Male,35,Bengaluru Rural,PS0090,2025-05-28 20:47,Border Checkpost,PI Harish Naik,Judicial Custody,Pending,Mobile Phones,464088,No,Yes,Yes,Yes
ARR00397,FIR202501494,P000492,Divya Poojary,Female,50,Ballari,PS0033,2025-05-28 23:51,Parking Lot,PI Mahesh Bhat,Police Custody,Pending,Mobile Phones,47074,Yes,Yes,Yes,Yes
ARR01817,FIR202501348,P005577,Suresh Rao,Male,69,Bidar,PS0188,2025-05-29 01:49,Bus Stand,PI Naveen Patil,Judicial Custody,Granted,Weapons,5975,Yes,No,No,Yes
ARR00587,FIR202501445,P003751,Geetha Patil,Female,25,Belagavi,PS0054,2025-05-29 04:19,Residence,SI Prakash Sharma,Police Custody,Pending,Cash,247531,No,No,Yes,Yes
ARR02464,FIR202501530,P004914,Vinay Singh,Male,30,Bagalkote,PS0014,2025-05-29 06:08,Shopping Mall,PI Harish Naik,Judicial Custody,Rejected,Vehicle,219847,No,Yes,No,No
ARR00970,FIR202501660,P006932,Chetan Verma,Male,28,Bengaluru Rural,PS0080,2025-05-29 12:11,Industrial Area,SI Ravi Kumar,Police Custody,Rejected,Gold,268678,No,No,Yes,No
ARR00344,FIR202501765,P001559,Rahul Kumar,Male,66,Belagavi,PS0061,2025-05-29 16:45,Railway Station,PI Ramesh Gowda,Police Custody,Pending,Vehicle,93387,No,No,No,Yes
ARR02065,FIR202501623,P000501,Akash Reddy,Male,43,Bidar,PS0192,2025-05-29 17:38,Highway Checkpost,SI Suresh Kulkarni,Released on Bail,Rejected,Cash,272218,Yes,No,Yes,No
ARR01319,FIR202501464,P006384,Puneeth Sharma,Male,50,Ballari,PS0029,2025-05-30 01:11,Market Area,PI Ramesh Gowda,Judicial Custody,Rejected,Gold,240646,No,Yes,No,No
ARR01234,FIR202501723,P000008,Suresh Patil,Male,47,Chamarajanagar,PS0214,2025-05-30 02:38,Railway Station,PI Lakshmi Devi,Police Custody,Pending,Mobile Phones,487114,No,Yes,Yes,No
ARR01812,FIR202501730,P007073,Vijay Naik,Male,21,Belagavi,PS0046,2025-05-30 03:34,Highway Checkpost,SI Ravi Kumar,Released on Bail,Granted,Mobile Phones,55749,Yes,Yes,Yes,No
ARR02229,FIR202501672,P002369,Manoj Angadi,Male,59,Belagavi,PS0066,2025-05-30 04:03,Farm House,PI Mahesh Bhat,Released on Bail,Rejected,Gold,64197,Yes,Yes,Yes,No
ARR02411,FIR202501555,P008342,Sanjay Poojary,Male,48,Chikkaballapura,PS0243,2025-05-30 07:03,Farm House,SI Ravi Kumar,Released on Bail,Rejected,Laptop,369812,Yes,No,Yes,No
ARR00411,FIR202501754,P006431,Suraj Naik,Male,20,Bengaluru Rural,PS0075,2025-05-30 09:17,Residence,SI Ganesh Rao,Judicial Custody,Rejected,Documents,287612,No,Yes,No,Yes
ARR01848,FIR202501417,P004904,Basavaraj Siddiqui,Male,28,Bagalkote,PS0002,2025-05-30 17:33,Parking Lot,PI Lakshmi Devi,Released on Bail,Pending,Cash,470206,No,No,Yes,Yes
ARR00854,FIR202501386,P009669,Vijay Siddiqui,Male,70,Bengaluru Rural,PS0079,2025-05-30 17:48,Shopping Mall,PI Lakshmi Devi,Judicial Custody,Pending,Documents,201192,Yes,No,Yes,Yes
ARR02072,FIR202501769,P009775,Lokesh Bhat,Male,60,Chamarajanagar,PS0221,2025-05-30 23:15,Farm House,SI Ravi Kumar,Police Custody,Pending,Gold,454012,Yes,Yes,No,No
ARR01998,FIR202501819,P001703,Kiran Sharma,Male,35,Belagavi,PS0058,2025-05-31 00:58,Shopping Mall,SI Ravi Kumar,Released on Bail,Rejected,Vehicle,129942,Yes,No,Yes,Yes
ARR00202,FIR202501780,P009070,Rahul Verma,Male,44,Ballari,PS0027,2025-05-31 04:00,Farm House,SI Prakash Sharma,Judicial Custody,Granted,Gold,220650,Yes,No,Yes,No
ARR02471,FIR202501459,P009619,Harish Singh,Male,67,Bidar,PS0157,2025-05-31 06:31,Railway Station,PI Ramesh Gowda,Released on Bail,Granted,Laptop,442790,Yes,No,Yes,Yes
ARR00103,FIR202501712,P005183,Abhishek Desai,Male,66,Belagavi,PS0048,2025-05-31 09:03,Parking Lot,SI Ravi Kumar,Released on Bail,Pending,Laptop,285581,No,Yes,Yes,No
ARR01592,FIR202501680,P002280,Vinay Naik,Male,57,Bidar,PS0172,2025-05-31 09:22,Airport,PI Lakshmi Devi,Judicial Custody,Pending,Drugs,236465,Yes,No,No,No
ARR01414,FIR202501617,P006920,Puneeth Gowda,Male,42,Ballari,PS0033,2025-05-31 11:43,Industrial Area,SI Suresh Kulkarni,Released on Bail,Granted,Documents,237225,Yes,No,No,No
ARR01168,FIR202501492,P003071,Anjali Desai,Female,58,Chamarajanagar,PS0201,2025-05-31 12:37,Railway Station,PI Ramesh Gowda,Police Custody,Pending,Vehicle,221884,Yes,No,Yes,No
ARR01602,FIR202501594,P002714,Akash Shetty,Male,33,Bidar,PS0170,2025-05-31 13:55,Border Checkpost,SI Suresh Kulkarni,Released on Bail,Pending,Mobile Phones,266783,Yes,No,No,Yes
ARR01406,FIR202501647,P001210,Prakash Patil,Male,68,Bengaluru Rural,PS0073,2025-05-31 19:21,Industrial Area,SI Ravi Kumar,Police Custody,Granted,Weapons,273976,No,Yes,No,Yes
ARR00978,FIR202501803,P002188,Rahul Reddy,Male,59,Bengaluru Urban,PS0138,2025-05-31 20:07,Hotel,PI Mahesh Bhat,Judicial Custody,Pending,Weapons,56724,Yes,No,Yes,No
ARR01476,FIR202501844,P008433,Ravi Joshi,Male,64,Bengaluru Urban,PS0131,2025-05-31 23:27,Farm House,SI Suresh Kulkarni,Judicial Custody,Rejected,Gold,419911,Yes,No,Yes,Yes
ARR01933,FIR202501609,P009118,Vinay Joshi,Male,28,Belagavi,PS0065,2025-06-01 00:28,Farm House,SI Prakash Sharma,Police Custody,Pending,Gold,414640,No,Yes,Yes,No
ARR02259,FIR202501539,P002129,Rahul Siddiqui,Male,42,Chamarajanagar,PS0208,2025-06-01 00:39,Industrial Area,SI Ravi Kumar,Released on Bail,Rejected,Gold,18009,No,No,Yes,Yes
ARR02179,FIR202501598,P007089,Chetan Kumar,Male,39,Bagalkote,PS0020,2025-06-01 02:38,Parking Lot,SI Divya Hegde,Released on Bail,Rejected,Weapons,166113,No,Yes,Yes,Yes
ARR02361,FIR202501869,P000517,Kusuma Patil,Female,45,Belagavi,PS0047,2025-06-01 07:12,Highway Checkpost,PI Naveen Patil,Police Custody,Granted,None,0,Yes,Yes,No,Yes
ARR00751,FIR202501661,P002267,Abhishek Siddiqui,Male,39,Belagavi,PS0048,2025-06-01 13:28,Bus Stand,PI Harish Naik,Judicial Custody,Rejected,Weapons,111338,Yes,No,Yes,Yes
ARR01149,FIR202501403,P002374,Ramesh Naik,Male,51,Bengaluru Urban,PS0117,2025-06-01 14:58,Market Area,SI Suresh Kulkarni,Judicial Custody,Granted,Mobile Phones,335412,Yes,No,No,No
ARR00599,FIR202501501,P004782,Sanjay Shetty,Male,33,Belagavi,PS0048,2025-06-01 16:59,Hotel,SI Divya Hegde,Judicial Custody,Rejected,Gold,194485,No,No,Yes,No
ARR01007,FIR202501545,P000398,Naveen Singh,Male,43,Bagalkote,PS0019,2025-06-01 19:40,Parking Lot,SI Ganesh Rao,Judicial Custody,Rejected,Documents,22200,Yes,Yes,No,No
ARR00608,FIR202501759,P005352,Shreya Poojary,Female,59,Bengaluru Rural,PS0075,2025-06-01 22:21,Bus Stand,SI Divya Hegde,Released on Bail,Pending,Vehicle,430837,Yes,No,Yes,Yes
ARR01116,FIR202501471,P002764,Chetan Kambali,Male,29,Bengaluru Rural,PS0081,2025-06-01 23:42,Railway Station,SI Ganesh Rao,Police Custody,Pending,Cash,191078,Yes,Yes,No,Yes
ARR01020,FIR202501708,P001754,Manoj Kambali,Male,33,Bengaluru Urban,PS0144,2025-06-02 00:08,Market Area,PI Harish Naik,Police Custody,Granted,Laptop,89582,No,Yes,Yes,No
ARR01760,FIR202501632,P003167,Lokesh Verma,Male,26,Belagavi,PS0052,2025-06-02 06:10,Lodge,PI Ramesh Gowda,Judicial Custody,Granted,Laptop,177569,No,Yes,Yes,Yes
ARR00945,FIR202501806,P005807,Naveen Shetty,Male,43,Chikkaballapura,PS0250,2025-06-02 07:03,Lodge,PI Harish Naik,Police Custody,Pending,Laptop,69197,No,Yes,Yes,Yes
ARR01742,FIR202501509,P003171,Harini Pujari,Female,39,Chamarajanagar,PS0216,2025-06-02 08:07,Railway Station,PI Mahesh Bhat,Police Custody,Rejected,Laptop,244707,No,No,No,No
ARR02006,FIR202501432,P007709,Arjun Hegde,Male,37,Ballari,PS0040,2025-06-02 09:16,Border Checkpost,PI Ramesh Gowda,Police Custody,Rejected,Gold,150950,Yes,No,No,No
ARR00017,FIR202501818,P009135,Abhishek Bhat,Male,47,Ballari,PS0027,2025-06-02 12:35,Residence,SI Ravi Kumar,Released on Bail,Pending,Mobile Phones,321675,No,No,Yes,No
ARR01745,FIR202501653,P002354,Harish Hiremath,Male,64,Bengaluru Rural,PS0100,2025-06-02 15:21,Hotel,PI Naveen Patil,Police Custody,Granted,Weapons,5383,Yes,No,No,No
ARR02512,FIR202501442,P009906,Suresh Angadi,Male,23,Belagavi,PS0051,2025-06-02 18:16,Railway Station,SI Prakash Sharma,Released on Bail,Granted,Cash,430968,Yes,Yes,Yes,No
ARR01336,FIR202501547,P001420,Vinay Patil,Male,64,Bengaluru Rural,PS0082,2025-06-02 20:47,Parking Lot,SI Divya Hegde,Released on Bail,Granted,Mobile Phones,196959,No,No,No,No
ARR00165,FIR202501452,P008688,Akash Kambali,Male,57,Ballari,PS0043,2025-06-03 00:09,Farm House,PI Lakshmi Devi,Police Custody,Granted,Drugs,380583,Yes,No,No,Yes
ARR01213,FIR202501760,P003395,Suraj Hegde,Male,54,Bagalkote,PS0018,2025-06-03 03:28,Border Checkpost,SI Prakash Sharma,Judicial Custody,Granted,Mobile Phones,216805,No,No,No,Yes
ARR00582,FIR202501467,P000586,Ravi Kumar,Male,35,Belagavi,PS0055,2025-06-03 03:41,Lodge,SI Suresh Kulkarni,Released on Bail,Pending,Mobile Phones,93852,Yes,No,No,No
ARR01996,FIR202501469,P001240,Shivakumar Gowda,Male,32,Bidar,PS0168,2025-06-03 07:07,Farm House,SI Suresh Kulkarni,Judicial Custody,Granted,Vehicle,479159,No,No,No,Yes
ARR00503,FIR202501801,P003204,Pradeep Siddiqui,Male,71,Belagavi,PS0049,2025-06-03 10:19,Farm House,PI Lakshmi Devi,Released on Bail,Granted,Drugs,173765,No,No,No,No
ARR01273,FIR202501551,P003939,Suresh Kulkarni,Male,68,Belagavi,PS0046,2025-06-03 11:18,Shopping Mall,SI Divya Hegde,Released on Bail,Granted,Laptop,355155,Yes,Yes,No,Yes
ARR01630,FIR202501728,P006699,Ajay Kulkarni,Male,56,Bengaluru Urban,PS0121,2025-06-03 12:03,Airport,SI Ravi Kumar,Judicial Custody,Rejected,Vehicle,205187,Yes,Yes,No,No
ARR01142,FIR202501664,P008966,Swathi Hegde,Female,25,Chamarajanagar,PS0197,2025-06-03 20:31,Bus Stand,SI Divya Hegde,Judicial Custody,Rejected,Cash,48267,Yes,No,Yes,Yes
ARR01457,FIR202501657,P003052,Prakash Sharma,Male,69,Bidar,PS0162,2025-06-03 23:29,Industrial Area,PI Naveen Patil,Released on Bail,Rejected,None,0,No,Yes,Yes,No
ARR01939,FIR202501761,P001575,Basavaraj Hegde,Male,25,Bengaluru Rural,PS0078,2025-06-04 00:44,Industrial Area,PI Naveen Patil,Judicial Custody,Pending,None,0,No,Yes,No,Yes
ARR01466,FIR202501674,P008614,Vinay Kumar,Male,32,Bagalkote,PS0002,2025-06-04 01:19,Market Area,SI Divya Hegde,Judicial Custody,Pending,None,0,No,Yes,Yes,Yes
ARR01797,FIR202501444,P007050,Harini Reddy,Female,59,Bidar,PS0185,2025-06-04 01:32,Highway Checkpost,PI Naveen Patil,Judicial Custody,Granted,Drugs,285540,No,No,Yes,No
ARR01981,FIR202501596,P001621,Arjun Sharma,Male,50,Chamarajanagar,PS0212,2025-06-04 05:15,Lodge,SI Ravi Kumar,Released on Bail,Rejected,Weapons,420994,Yes,Yes,Yes,No
ARR00306,FIR202501846,P008410,Suresh Pujari,Male,46,Bidar,PS0174,2025-06-04 06:39,Residence,SI Ganesh Rao,Released on Bail,Pending,Vehicle,206486,Yes,No,No,Yes
ARR01300,FIR202501799,P007852,Anjali Verma,Female,25,Bengaluru Rural,PS0090,2025-06-04 11:09,Railway Station,SI Prakash Sharma,Police Custody,Granted,Documents,372845,No,Yes,No,No
ARR01150,FIR202501570,P001244,Manoj Kumar,Male,38,Belagavi,PS0060,2025-06-04 16:41,Railway Station,SI Ganesh Rao,Police Custody,Pending,Vehicle,86355,Yes,No,No,No
ARR00539,FIR202501695,P009905,Shivakumar Naik,Male,60,Bengaluru Urban,PS0150,2025-06-04 18:01,Highway Checkpost,SI Ravi Kumar,Police Custody,Rejected,Cash,119883,No,No,No,No
ARR02163,FIR202501408,P008261,Ravi Naik,Male,27,Chamarajanagar,PS0210,2025-06-04 22:52,Shopping Mall,PI Harish Naik,Released on Bail,Pending,Vehicle,58934,Yes,Yes,No,No
ARR01921,FIR202501714,P007434,Sangeetha Bhat,Female,63,Belagavi,PS0062,2025-06-04 23:00,Highway Checkpost,PI Ramesh Gowda,Released on Bail,Granted,Mobile Phones,352191,No,Yes,No,No
ARR01719,FIR202501440,P006602,Rahul Kumar,Male,51,Belagavi,PS0047,2025-06-04 23:17,Bus Stand,PI Ramesh Gowda,Police Custody,Rejected,Documents,294561,Yes,No,Yes,No
ARR00906,FIR202501603,P006536,Puneeth Siddiqui,Male,60,Chikkaballapura,PS0250,2025-06-05 04:51,Industrial Area,SI Ravi Kumar,Released on Bail,Pending,Weapons,46047,Yes,No,No,No
ARR02383,FIR202501636,P009066,Ramesh Hegde,Male,30,Belagavi,PS0054,2025-06-05 06:35,Border Checkpost,SI Divya Hegde,Released on Bail,Granted,Drugs,32478,No,No,Yes,Yes
ARR02214,FIR202501564,P000749,Chetan Naik,Male,53,Ballari,PS0037,2025-06-05 08:26,Airport,SI Divya Hegde,Released on Bail,Granted,Mobile Phones,428276,No,Yes,Yes,No
ARR02474,FIR202501707,P006856,Sanjay Kambali,Male,71,Bidar,PS0172,2025-06-05 09:58,Residence,PI Mahesh Bhat,Judicial Custody,Granted,None,0,Yes,No,No,No
ARR00722,FIR202501506,P000001,Akash Verma,Male,34,Belagavi,PS0063,2025-06-05 10:41,Bus Stand,SI Divya Hegde,Police Custody,Pending,Laptop,265054,No,No,No,No
ARR00712,FIR202501693,P004348,Siddu Rao,Male,68,Ballari,PS0045,2025-06-05 11:54,Shopping Mall,PI Harish Naik,Judicial Custody,Granted,Laptop,275767,Yes,Yes,Yes,No
ARR00520,FIR202501503,P007220,Siddu Kumar,Male,34,Bidar,PS0159,2025-06-05 18:10,Industrial Area,SI Divya Hegde,Released on Bail,Granted,Gold,218867,Yes,Yes,No,No
ARR02009,FIR202501893,P009073,Siddu Kumar,Male,45,Belagavi,PS0058,2025-06-05 19:16,Market Area,SI Divya Hegde,Judicial Custody,Rejected,Documents,68688,No,Yes,No,No
ARR00222,FIR202501681,P007555,Darshan Hegde,Male,23,Chamarajanagar,PS0217,2025-06-05 22:05,Lodge,SI Prakash Sharma,Police Custody,Granted,Vehicle,123430,No,No,No,Yes
ARR02480,FIR202501611,P003867,Suraj Naik,Male,62,Bengaluru Urban,PS0147,2025-06-06 03:31,Railway Station,SI Divya Hegde,Released on Bail,Granted,Mobile Phones,152119,No,No,No,Yes
ARR00413,FIR202501873,P002214,Pradeep Angadi,Male,60,Belagavi,PS0067,2025-06-06 06:27,Farm House,SI Suresh Kulkarni,Judicial Custody,Rejected,Vehicle,341224,Yes,Yes,No,No
ARR00867,FIR202501931,P008175,Kiran Naik,Male,67,Chikkaballapura,PS0245,2025-06-06 09:40,Border Checkpost,SI Ravi Kumar,Released on Bail,Rejected,Weapons,341178,Yes,Yes,Yes,Yes
ARR02090,FIR202501641,P001621,Arjun Sharma,Male,50,Belagavi,PS0055,2025-06-06 18:12,Market Area,PI Naveen Patil,Judicial Custody,Granted,Vehicle,32526,Yes,No,No,Yes
ARR00162,FIR202501804,P006334,Megha Bhat,Female,22,Belagavi,PS0068,2025-06-06 18:37,Lodge,PI Naveen Patil,Police Custody,Rejected,Mobile Phones,292300,No,Yes,No,No
ARR00249,FIR202501798,P006704,Darshan Kambali,Male,41,Bengaluru Rural,PS0075,2025-06-06 19:02,Lodge,SI Ravi Kumar,Judicial Custody,Rejected,Mobile Phones,484576,No,Yes,Yes,Yes
ARR01157,FIR202501456,P006961,Vinay Naik,Male,54,Bagalkote,PS0001,2025-06-06 19:31,Residence,PI Ramesh Gowda,Police Custody,Rejected,Vehicle,106564,No,No,Yes,Yes
ARR02171,FIR202501624,P008593,Divya Shetty,Female,64,Chamarajanagar,PS0227,2025-06-07 05:22,Bus Stand,SI Ravi Kumar,Judicial Custody,Pending,Laptop,419129,No,No,Yes,Yes
ARR02420,FIR202501685,P004611,Naveen Naik,Male,41,Chamarajanagar,PS0210,2025-06-07 10:09,Residence,SI Ravi Kumar,Released on Bail,Granted,Mobile Phones,63124,No,No,Yes,No
ARR02032,FIR202501748,P000264,Shivakumar Shetty,Male,62,Bidar,PS0186,2025-06-07 12:56,Shopping Mall,SI Prakash Sharma,Released on Bail,Pending,Cash,256855,Yes,No,Yes,Yes
ARR02495,FIR202501820,P003896,Akash Poojary,Male,50,Ballari,PS0045,2025-06-07 14:29,Residence,PI Ramesh Gowda,Judicial Custody,Pending,Cash,36523,Yes,Yes,Yes,No
ARR00784,FIR202501499,P006102,Sowmya Singh,Female,50,Belagavi,PS0050,2025-06-07 14:32,Market Area,SI Suresh Kulkarni,Released on Bail,Granted,Gold,267054,Yes,Yes,Yes,Yes
ARR01566,FIR202501715,P000069,Abhishek Kumar,Male,34,Chamarajanagar,PS0203,2025-06-07 17:33,Industrial Area,SI Prakash Sharma,Judicial Custody,Pending,Vehicle,411874,No,No,Yes,No
ARR00259,FIR202501628,P001066,Lokesh Desai,Male,65,Bidar,PS0189,2025-06-07 22:15,Hotel,SI Divya Hegde,Judicial Custody,Granted,Documents,454137,Yes,No,No,Yes
ARR00812,FIR202501788,P006499,Pradeep Hiremath,Male,36,Bidar,PS0153,2025-06-07 23:40,Farm House,PI Mahesh Bhat,Released on Bail,Pending,Weapons,166010,No,No,No,Yes
ARR00052,FIR202501789,P001549,Pooja Kulkarni,Female,69,Belagavi,PS0066,2025-06-08 00:27,Industrial Area,PI Lakshmi Devi,Police Custody,Pending,Weapons,290291,Yes,Yes,No,Yes
ARR02186,FIR202501463,P008476,Vinay Pujari,Male,54,Chamarajanagar,PS0215,2025-06-08 09:53,Highway Checkpost,SI Suresh Kulkarni,Police Custody,Rejected,Drugs,240568,No,No,No,Yes
ARR01964,FIR202501475,P002346,Ramesh Joshi,Male,59,Bengaluru Urban,PS0138,2025-06-08 11:39,Highway Checkpost,SI Ganesh Rao,Released on Bail,Pending,None,0,No,No,Yes,No
ARR00051,FIR202501736,P001316,Sanjay Verma,Male,63,Bengaluru Urban,PS0121,2025-06-08 14:46,Shopping Mall,PI Harish Naik,Judicial Custody,Rejected,Drugs,44465,No,No,Yes,Yes
ARR01972,FIR202501965,P008456,Mahesh Bhat,Male,66,Bidar,PS0184,2025-06-08 15:57,Hotel,SI Suresh Kulkarni,Released on Bail,Rejected,Gold,370377,No,Yes,Yes,Yes
ARR01914,FIR202501580,P000080,Sanjay Desai,Male,23,Bidar,PS0191,2025-06-08 20:20,Farm House,PI Naveen Patil,Released on Bail,Granted,Vehicle,137464,No,Yes,Yes,Yes
ARR02526,FIR202501875,P006911,Prakash Gowda,Male,23,Bengaluru Rural,PS0084,2025-06-08 21:41,Market Area,PI Ramesh Gowda,Released on Bail,Pending,Drugs,345878,No,Yes,No,Yes
ARR02153,FIR202501595,P006602,Rahul Kumar,Male,51,Ballari,PS0040,2025-06-08 23:22,Railway Station,SI Suresh Kulkarni,Police Custody,Pending,Vehicle,482812,Yes,No,No,No
ARR00233,FIR202501793,P007608,Radhika Rao,Female,58,Belagavi,PS0047,2025-06-09 01:23,Border Checkpost,SI Prakash Sharma,Judicial Custody,Granted,Mobile Phones,293025,Yes,No,No,Yes
ARR00551,FIR202501616,P001004,Akash Hiremath,Male,52,Bengaluru Urban,PS0129,2025-06-09 02:03,Airport,PI Lakshmi Devi,Judicial Custody,Granted,Cash,400995,Yes,No,Yes,Yes
ARR00043,FIR202501756,P007511,Rahul Verma,Male,65,Ballari,PS0042,2025-06-09 06:34,Residence,SI Divya Hegde,Released on Bail,Granted,None,0,No,No,Yes,Yes
ARR01850,FIR202501749,P003598,Shreya Sharma,Female,69,Belagavi,PS0050,2025-06-09 08:43,Farm House,SI Ganesh Rao,Released on Bail,Rejected,Weapons,340585,No,No,Yes,Yes
ARR02520,FIR202501468,P006757,Ravi Rao,Male,33,Ballari,PS0043,2025-06-09 09:00,Farm House,SI Ganesh Rao,Released on Bail,Granted,Mobile Phones,229138,Yes,Yes,No,No
ARR00724,FIR202501842,P008619,Suraj Reddy,Male,57,Belagavi,PS0054,2025-06-09 09:35,Farm House,PI Ramesh Gowda,Police Custody,Granted,Cash,104421,No,No,No,No
ARR02371,FIR202501864,P006389,Sowmya Bhat,Female,50,Bidar,PS0188,2025-06-09 12:51,Hotel,SI Suresh Kulkarni,Judicial Custody,Granted,None,0,No,Yes,Yes,No
ARR00773,FIR202501776,P007610,Rahul Bhat,Male,51,Bidar,PS0189,2025-06-09 13:40,Bus Stand,SI Prakash Sharma,Released on Bail,Rejected,Cash,289561,No,No,Yes,Yes
ARR00332,FIR202501758,P004784,Shivakumar Reddy,Male,45,Chamarajanagar,PS0200,2025-06-09 15:55,Bus Stand,SI Ravi Kumar,Released on Bail,Rejected,Weapons,86340,Yes,No,No,Yes
ARR00260,FIR202501675,P000017,Sanjay Naik,Male,54,Bengaluru Urban,PS0111,2025-06-09 16:31,Residence,PI Harish Naik,Released on Bail,Granted,Documents,27213,No,No,No,Yes
ARR01188,FIR202501909,P000804,Darshan Hiremath,Male,20,Bidar,PS0180,2025-06-09 17:45,Highway Checkpost,SI Ganesh Rao,Police Custody,Rejected,Weapons,69807,Yes,No,Yes,No
ARR00449,FIR202501764,P006036,Nisha Desai,Female,68,Belagavi,PS0063,2025-06-10 03:56,Parking Lot,SI Divya Hegde,Police Custody,Rejected,Gold,292597,No,No,Yes,Yes
ARR01545,FIR202501884,P003126,Rekha Patil,Female,22,Chamarajanagar,PS0198,2025-06-10 04:48,Hotel,SI Prakash Sharma,Police Custody,Pending,Laptop,499570,Yes,No,No,Yes
ARR00452,FIR202501823,P006109,Prakash Kumar,Male,38,Belagavi,PS0053,2025-06-10 11:07,Residence,PI Naveen Patil,Police Custody,Granted,Weapons,333763,No,No,No,Yes
ARR00745,FIR202501863,P000273,Siddu Reddy,Male,44,Chamarajanagar,PS0216,2025-06-10 13:41,Farm House,SI Divya Hegde,Released on Bail,Pending,Weapons,233475,No,No,Yes,No
ARR00106,FIR202501699,P007975,Prakash Sharma,Male,31,Bengaluru Rural,PS0108,2025-06-10 16:16,Bus Stand,PI Mahesh Bhat,Police Custody,Pending,Laptop,292126,No,No,No,Yes
ARR00710,FIR202501927,P006457,Kiran Siddiqui,Male,43,Bengaluru Urban,PS0141,2025-06-10 17:12,Hotel,SI Prakash Sharma,Released on Bail,Granted,Documents,394841,No,No,Yes,No
ARR02176,FIR202501650,P008347,Harish Angadi,Male,34,Ballari,PS0043,2025-06-10 22:10,Farm House,PI Ramesh Gowda,Police Custody,Granted,None,0,Yes,Yes,No,No
ARR00975,FIR202501868,P006295,Anjali Reddy,Female,30,Ballari,PS0026,2025-06-11 01:37,Parking Lot,SI Suresh Kulkarni,Police Custody,Rejected,Weapons,51526,Yes,Yes,No,Yes
ARR01236,FIR202501984,P005467,Chetan Desai,Male,59,Bagalkote,PS0025,2025-06-11 03:38,Hotel,PI Naveen Patil,Judicial Custody,Rejected,Laptop,157470,No,Yes,Yes,No
ARR02008,FIR202501694,P008195,Mahesh Singh,Male,55,Bengaluru Urban,PS0129,2025-06-11 04:55,Parking Lot,PI Ramesh Gowda,Judicial Custody,Granted,Mobile Phones,399395,Yes,Yes,No,Yes
ARR01102,FIR202501630,P001276,Siddu Angadi,Male,43,Belagavi,PS0063,2025-06-11 05:40,Bus Stand,SI Suresh Kulkarni,Police Custody,Rejected,Gold,442660,Yes,No,No,Yes
ARR02167,FIR202501670,P005063,Lokesh Desai,Male,57,Bengaluru Rural,PS0074,2025-06-11 21:56,Border Checkpost,SI Divya Hegde,Judicial Custody,Granted,Mobile Phones,438738,No,No,No,Yes
ARR01119,FIR202501932,P008709,Chetan Poojary,Male,68,Ballari,PS0033,2025-06-12 00:48,Highway Checkpost,SI Divya Hegde,Judicial Custody,Rejected,Documents,417980,No,No,No,No
ARR00142,FIR202501576,P007659,Anitha Hiremath,Female,24,Bengaluru Rural,PS0077,2025-06-12 02:36,Industrial Area,PI Mahesh Bhat,Released on Bail,Granted,Laptop,468008,Yes,No,No,No
ARR01744,FIR202501677,P003757,Basavaraj Joshi,Male,49,Chamarajanagar,PS0205,2025-06-12 03:02,Railway Station,SI Suresh Kulkarni,Police Custody,Pending,None,0,Yes,Yes,No,Yes
ARR00328,FIR202501610,P003541,Suresh Kumar,Male,50,Chikkaballapura,PS0238,2025-06-12 04:08,Railway Station,PI Lakshmi Devi,Released on Bail,Granted,Vehicle,301957,Yes,Yes,Yes,Yes
ARR01581,FIR202501787,P006644,Harish Rao,Male,21,Ballari,PS0029,2025-06-12 05:14,Airport,SI Divya Hegde,Police Custody,Pending,Gold,435040,No,Yes,Yes,No
ARR00003,FIR202501882,P005683,Lokesh Hegde,Male,18,Chikkaballapura,PS0236,2025-06-12 07:15,Lodge,SI Suresh Kulkarni,Released on Bail,Rejected,Gold,391857,No,No,Yes,No
ARR00245,FIR202501989,P004070,Kiran Kulkarni,Male,66,Bagalkote,PS0022,2025-06-12 13:24,Residence,SI Ravi Kumar,Police Custody,Granted,Laptop,461118,Yes,No,Yes,Yes
ARR01544,FIR202501626,P009694,Ramesh Poojary,Male,19,Bidar,PS0163,2025-06-12 16:41,Highway Checkpost,SI Prakash Sharma,Judicial Custody,Pending,None,0,No,No,No,Yes
ARR00153,FIR202501774,P006266,Vijay Shetty,Male,29,Bidar,PS0153,2025-06-12 17:12,Residence,SI Prakash Sharma,Released on Bail,Granted,Weapons,294609,Yes,Yes,Yes,Yes
ARR00966,FIR202501619,P004148,Ramesh Bhat,Male,36,Ballari,PS0042,2025-06-12 19:20,Parking Lot,SI Ravi Kumar,Judicial Custody,Granted,Gold,288175,Yes,No,Yes,No
ARR01372,FIR202501935,P007442,Pradeep Singh,Male,31,Chikkaballapura,PS0248,2025-06-12 20:41,Industrial Area,SI Ravi Kumar,Released on Bail,Pending,Drugs,442853,No,Yes,Yes,Yes
ARR02230,FIR202501770,P001775,Keerthi Angadi,Female,20,Bengaluru Rural,PS0075,2025-06-12 22:25,Airport,SI Suresh Kulkarni,Released on Bail,Granted,Laptop,119822,Yes,No,No,Yes
ARR02133,FIR202501590,P007508,Basavaraj Bhat,Male,51,Bengaluru Rural,PS0085,2025-06-13 03:30,Border Checkpost,SI Divya Hegde,Released on Bail,Pending,None,0,No,No,No,Yes
ARR02439,FIR202501744,P002462,Abhishek Reddy,Male,19,Bengaluru Rural,PS0091,2025-06-13 06:05,Bus Stand,SI Divya Hegde,Judicial Custody,Pending,Documents,471697,No,No,No,Yes
ARR01945,FIR202501775,P008886,Suraj Hiremath,Male,63,Bidar,PS0180,2025-06-13 13:10,Highway Checkpost,PI Lakshmi Devi,Judicial Custody,Pending,Laptop,78078,No,Yes,No,Yes
ARR01860,FIR202501614,P004326,Lokesh Hegde,Male,32,Chamarajanagar,PS0212,2025-06-13 18:11,Bus Stand,PI Harish Naik,Police Custody,Pending,None,0,No,Yes,Yes,No
ARR00375,FIR202501885,P002755,Rahul Desai,Male,34,Bidar,PS0189,2025-06-14 06:15,Railway Station,SI Prakash Sharma,Police Custody,Pending,Vehicle,190331,Yes,No,No,Yes
ARR01164,FIR202501697,P009105,Lakshmi Siddiqui,Female,28,Chamarajanagar,PS0199,2025-06-14 06:29,Bus Stand,PI Lakshmi Devi,Police Custody,Granted,Weapons,146832,No,No,Yes,No
ARR02045,FIR202501741,P002572,Rahul Singh,Male,50,Ballari,PS0040,2025-06-14 12:40,Farm House,PI Lakshmi Devi,Released on Bail,Rejected,Drugs,147838,Yes,Yes,Yes,Yes
ARR00435,FIR202501705,P002152,Prakash Verma,Male,64,Chamarajanagar,PS0215,2025-06-14 14:19,Market Area,PI Lakshmi Devi,Judicial Custody,Granted,Cash,207794,Yes,Yes,Yes,No
ARR01404,FIR202501860,P000118,Kavya Joshi,Female,51,Belagavi,PS0066,2025-06-14 20:47,Parking Lot,SI Divya Hegde,Police Custody,Rejected,Laptop,132514,No,Yes,No,No
ARR01301,FIR202502051,P002857,Darshan Verma,Male,32,Bidar,PS0188,2025-06-14 21:57,Residence,PI Mahesh Bhat,Judicial Custody,Granted,Mobile Phones,58955,No,Yes,No,Yes
ARR00264,FIR202502047,P000925,Naveen Desai,Male,46,Belagavi,PS0049,2025-06-15 00:27,Residence,PI Naveen Patil,Released on Bail,Pending,Mobile Phones,36345,Yes,No,No,No
ARR00969,FIR202501953,P008980,Harish Singh,Male,65,Bengaluru Urban,PS0123,2025-06-15 05:47,Lodge,SI Ravi Kumar,Police Custody,Granted,None,0,Yes,No,No,Yes
ARR02269,FIR202502048,P002838,Ramesh Bhat,Male,27,Bengaluru Rural,PS0099,2025-06-15 07:27,Market Area,SI Divya Hegde,Police Custody,Pending,None,0,Yes,Yes,Yes,No
ARR00999,FIR202501795,P000106,Shivakumar Hegde,Male,61,Belagavi,PS0066,2025-06-15 08:07,Border Checkpost,SI Ganesh Rao,Released on Bail,Granted,Documents,161328,Yes,No,No,No
ARR00362,FIR202501880,P006523,Akash Desai,Male,31,Bengaluru Rural,PS0090,2025-06-15 13:57,Bus Stand,SI Ganesh Rao,Judicial Custody,Granted,Mobile Phones,376514,No,No,No,No
ARR01214,FIR202501836,P009423,Suraj Rao,Male,22,Belagavi,PS0055,2025-06-15 14:51,Lodge,SI Suresh Kulkarni,Police Custody,Rejected,Gold,57961,Yes,No,No,Yes
ARR01615,FIR202501826,P004312,Radhika Rao,Female,40,Bagalkote,PS0005,2025-06-15 19:22,Residence,PI Ramesh Gowda,Released on Bail,Granted,Gold,425058,No,No,No,No
ARR01845,FIR202501724,P002502,Akash Bhat,Male,70,Ballari,PS0036,2025-06-15 20:06,Railway Station,PI Lakshmi Devi,Police Custody,Granted,Cash,236213,Yes,Yes,No,No
ARR02084,FIR202501995,P006911,Prakash Gowda,Male,23,Belagavi,PS0051,2025-06-15 23:00,Hotel,SI Ganesh Rao,Judicial Custody,Rejected,None,0,Yes,Yes,Yes,Yes
ARR00669,FIR202501691,P002639,Siddu Desai,Male,51,Bengaluru Urban,PS0128,2025-06-15 23:01,Market Area,PI Harish Naik,Police Custody,Pending,Weapons,257492,Yes,Yes,Yes,Yes
ARR01881,FIR202501923,P004376,Ganesh Joshi,Male,33,Belagavi,PS0062,2025-06-16 01:12,Airport,SI Prakash Sharma,Police Custody,Rejected,Documents,63844,No,No,No,Yes
ARR00826,FIR202501790,P006308,Anjali Reddy,Female,26,Ballari,PS0031,2025-06-16 02:28,Industrial Area,SI Ganesh Rao,Police Custody,Rejected,Drugs,88828,No,Yes,Yes,Yes
ARR01084,FIR202501651,P008430,Suraj Kambali,Male,70,Bengaluru Rural,PS0075,2025-06-16 05:52,Shopping Mall,SI Suresh Kulkarni,Judicial Custody,Rejected,Drugs,294021,Yes,No,Yes,Yes
ARR00351,FIR202501781,P007863,Rohit Reddy,Male,25,Bengaluru Urban,PS0138,2025-06-16 10:18,Shopping Mall,SI Ravi Kumar,Released on Bail,Rejected,Documents,53643,No,Yes,No,No
ARR00753,FIR202501612,P003339,Ravi Reddy,Male,58,Ballari,PS0044,2025-06-16 12:34,Railway Station,PI Naveen Patil,Judicial Custody,Pending,Documents,158496,Yes,Yes,No,Yes
ARR00230,FIR202501779,P000990,Rohit Gowda,Male,37,Belagavi,PS0061,2025-06-16 13:01,Parking Lot,PI Naveen Patil,Judicial Custody,Granted,Mobile Phones,121606,Yes,Yes,Yes,Yes
ARR01106,FIR202501833,P004243,Kiran Bhat,Male,52,Bidar,PS0181,2025-06-16 13:34,Bus Stand,PI Naveen Patil,Released on Bail,Granted,None,0,Yes,No,No,Yes
ARR00104,FIR202501915,P005065,Sowmya Shetty,Female,40,Belagavi,PS0069,2025-06-16 17:51,Border Checkpost,PI Lakshmi Devi,Released on Bail,Granted,Laptop,101800,Yes,Yes,No,No
ARR02430,FIR202502033,P003589,Arjun Sharma,Male,50,Bagalkote,PS0005,2025-06-16 19:52,Airport,SI Ganesh Rao,Released on Bail,Pending,Documents,40936,No,No,No,No
ARR00766,FIR202501859,P001261,Suraj Poojary,Male,27,Bidar,PS0154,2025-06-17 00:26,Lodge,SI Suresh Kulkarni,Released on Bail,Granted,Laptop,379470,No,No,No,Yes
ARR01056,FIR202501646,P003570,Prakash Joshi,Male,57,Bagalkote,PS0025,2025-06-17 07:48,Shopping Mall,PI Harish Naik,Judicial Custody,Rejected,Cash,373684,No,No,No,No
ARR01562,FIR202502066,P002423,Pooja Singh,Female,68,Belagavi,PS0069,2025-06-17 12:31,Railway Station,PI Mahesh Bhat,Released on Bail,Rejected,None,0,No,No,No,No
ARR00793,FIR202501926,P008232,Rahul Hiremath,Male,25,Chamarajanagar,PS0215,2025-06-17 15:04,Highway Checkpost,SI Divya Hegde,Released on Bail,Granted,Drugs,389510,Yes,No,No,Yes
ARR01028,FIR202501877,P007687,Sanjay Desai,Male,41,Bengaluru Urban,PS0149,2025-06-17 21:16,Industrial Area,SI Suresh Kulkarni,Released on Bail,Granted,None,0,No,Yes,No,No
ARR01405,FIR202501835,P008842,Suraj Kambali,Male,60,Belagavi,PS0057,2025-06-18 01:08,Shopping Mall,SI Suresh Kulkarni,Police Custody,Granted,Laptop,149951,Yes,No,No,No
ARR00381,FIR202501981,P001538,Suresh Angadi,Male,38,Bengaluru Rural,PS0091,2025-06-18 01:53,Residence,PI Naveen Patil,Judicial Custody,Rejected,Drugs,76713,Yes,No,Yes,Yes
ARR01713,FIR202501896,P005960,Puneeth Shetty,Male,41,Bagalkote,PS0012,2025-06-18 02:13,Airport,PI Ramesh Gowda,Released on Bail,Rejected,Mobile Phones,358512,Yes,Yes,Yes,No
ARR00808,FIR202501912,P001224,Kiran Siddiqui,Male,68,Bengaluru Rural,PS0076,2025-06-18 04:06,Farm House,PI Harish Naik,Judicial Custody,Granted,None,0,No,Yes,No,No
ARR00898,FIR202502061,P000130,Harini Hiremath,Female,59,Belagavi,PS0067,2025-06-18 08:29,Shopping Mall,PI Naveen Patil,Judicial Custody,Pending,None,0,No,No,Yes,Yes
ARR01441,FIR202501733,P002448,Swathi Rao,Female,42,Bagalkote,PS0008,2025-06-18 11:38,Hotel,SI Divya Hegde,Police Custody,Granted,Drugs,3039,No,Yes,No,Yes
ARR00979,FIR202501987,P002388,Priya Shetty,Female,71,Bidar,PS0175,2025-06-18 15:11,Airport,PI Naveen Patil,Judicial Custody,Granted,Cash,353524,Yes,Yes,Yes,Yes
ARR01133,FIR202502055,P009123,Nisha Angadi,Female,39,Ballari,PS0032,2025-06-18 16:42,Residence,PI Ramesh Gowda,Released on Bail,Granted,Vehicle,205695,Yes,No,No,Yes
ARR01220,FIR202502030,P000074,Prakash Desai,Male,30,Ballari,PS0033,2025-06-18 17:17,Airport,PI Naveen Patil,Released on Bail,Rejected,Weapons,91959,Yes,Yes,Yes,No
ARR01661,FIR202502036,P002467,Rahul Sharma,Male,23,Belagavi,PS0068,2025-06-18 18:42,Parking Lot,SI Ganesh Rao,Judicial Custody,Granted,Gold,200021,No,Yes,No,Yes
ARR00635,FIR202501807,P007495,Preethi Bhat,Female,57,Chikkaballapura,PS0250,2025-06-18 21:45,Parking Lot,SI Ravi Kumar,Released on Bail,Pending,Laptop,450502,Yes,Yes,Yes,No
ARR02266,FIR202501834,P007224,Harish Sharma,Male,26,Bengaluru Rural,PS0095,2025-06-19 00:16,Highway Checkpost,SI Suresh Kulkarni,Released on Bail,Rejected,Gold,311872,No,Yes,No,No
ARR01757,FIR202501824,P007772,Manoj Hegde,Male,24,Bidar,PS0153,2025-06-19 00:43,Highway Checkpost,PI Harish Naik,Police Custody,Granted,Weapons,81170,Yes,Yes,Yes,No
ARR01733,FIR202501977,P005977,Rahul Singh,Male,45,Bengaluru Rural,PS0100,2025-06-19 01:30,Lodge,PI Naveen Patil,Released on Bail,Granted,None,0,No,Yes,No,Yes
ARR01070,FIR202502079,P002588,Ravi Rao,Male,28,Belagavi,PS0059,2025-06-19 03:34,Parking Lot,SI Prakash Sharma,Judicial Custody,Granted,Vehicle,109748,No,Yes,No,Yes
ARR00456,FIR202502027,P000294,Arjun Patil,Male,42,Ballari,PS0032,2025-06-19 05:36,Railway Station,SI Ravi Kumar,Released on Bail,Pending,Documents,207274,Yes,No,No,No
ARR00292,FIR202501933,P004188,Vijay Hegde,Male,69,Bengaluru Urban,PS0119,2025-06-19 05:39,Lodge,SI Prakash Sharma,Released on Bail,Rejected,Mobile Phones,478914,Yes,No,Yes,Yes
ARR00022,FIR202501725,P003380,Naveen Siddiqui,Male,39,Ballari,PS0031,2025-06-19 10:41,Hotel,PI Harish Naik,Police Custody,Rejected,Drugs,338142,Yes,Yes,No,Yes
ARR01340,FIR202501841,P006742,Basavaraj Verma,Male,55,Chamarajanagar,PS0214,2025-06-19 13:45,Market Area,SI Prakash Sharma,Police Custody,Pending,Laptop,137096,Yes,No,No,Yes
ARR00203,FIR202501847,P005519,Vidya Hiremath,Female,69,Bengaluru Rural,PS0084,2025-06-19 16:20,Airport,PI Mahesh Bhat,Police Custody,Pending,Laptop,474473,Yes,Yes,Yes,No
ARR02245,FIR202501782,P002350,Lokesh Angadi,Male,55,Chikkaballapura,PS0250,2025-06-20 01:58,Highway Checkpost,SI Prakash Sharma,Police Custody,Rejected,Mobile Phones,243719,No,Yes,No,No
ARR00010,FIR202501802,P001145,Kiran Bhat,Male,41,Bidar,PS0163,2025-06-20 19:59,Bus Stand,SI Ganesh Rao,Released on Bail,Granted,None,0,No,Yes,Yes,No
ARR02537,FIR202502031,P002743,Akash Kumar,Male,45,Bengaluru Urban,PS0148,2025-06-20 20:08,Lodge,PI Ramesh Gowda,Police Custody,Pending,Cash,292762,Yes,No,No,No
ARR01143,FIR202501970,P004485,Rohit Patil,Male,49,Bengaluru Rural,PS0086,2025-06-21 03:32,Parking Lot,SI Suresh Kulkarni,Released on Bail,Pending,None,0,Yes,No,Yes,Yes
ARR01367,FIR202501958,P001431,Vijay Hegde,Male,33,Chamarajanagar,PS0219,2025-06-21 04:14,Bus Stand,PI Lakshmi Devi,Police Custody,Granted,Mobile Phones,81174,Yes,No,No,Yes
ARR01030,FIR202501717,P006719,Akash Kulkarni,Male,24,Belagavi,PS0049,2025-06-21 06:46,Bus Stand,PI Harish Naik,Released on Bail,Granted,Gold,476139,No,No,No,No
ARR02012,FIR202501942,P001750,Suresh Desai,Male,32,Belagavi,PS0050,2025-06-21 07:14,Farm House,SI Ganesh Rao,Police Custody,Granted,Cash,275438,Yes,No,No,No
ARR00672,FIR202501966,P002857,Darshan Verma,Male,32,Chikkaballapura,PS0247,2025-06-21 13:15,Farm House,PI Naveen Patil,Judicial Custody,Rejected,Mobile Phones,79333,No,Yes,Yes,Yes
ARR00787,FIR202501992,P004510,Harish Kulkarni,Male,44,Bengaluru Urban,PS0122,2025-06-21 17:56,Bus Stand,PI Mahesh Bhat,Judicial Custody,Pending,Weapons,264641,No,Yes,No,No
ARR01667,FIR202502104,P002663,Shivakumar Hegde,Male,39,Bengaluru Urban,PS0122,2025-06-21 19:27,Airport,SI Suresh Kulkarni,Released on Bail,Rejected,Drugs,337420,No,Yes,No,Yes
ARR01686,FIR202501910,P009584,Siddu Verma,Male,28,Belagavi,PS0068,2025-06-21 21:07,Highway Checkpost,PI Harish Naik,Released on Bail,Rejected,Documents,297149,No,Yes,No,No
ARR01494,FIR202501816,P000850,Vidya Reddy,Female,43,Bagalkote,PS0003,2025-06-21 22:14,Residence,SI Divya Hegde,Judicial Custody,Pending,Drugs,22920,Yes,Yes,No,No
ARR01274,FIR202501763,P004289,Asha Pujari,Female,31,Bengaluru Urban,PS0131,2025-06-22 01:12,Farm House,SI Prakash Sharma,Released on Bail,Rejected,None,0,Yes,Yes,Yes,Yes
ARR02419,FIR202501840,P008725,Mahesh Kumar,Male,57,Bengaluru Rural,PS0104,2025-06-22 01:29,Lodge,PI Naveen Patil,Judicial Custody,Granted,Vehicle,461003,Yes,Yes,No,Yes
ARR00404,FIR202502118,P002480,Divya Singh,Female,64,Bagalkote,PS0020,2025-06-22 02:38,Airport,SI Prakash Sharma,Released on Bail,Rejected,Cash,405789,Yes,No,Yes,No
ARR01163,FIR202501786,P008134,Lokesh Patil,Male,32,Ballari,PS0044,2025-06-22 07:26,Residence,PI Naveen Patil,Released on Bail,Rejected,None,0,No,No,No,Yes
ARR02138,FIR202501925,P008520,Anitha Pujari,Female,63,Belagavi,PS0046,2025-06-22 14:57,Industrial Area,SI Ravi Kumar,Released on Bail,Granted,Cash,457463,No,Yes,Yes,No
ARR02490,FIR202502010,P003210,Ravi Kulkarni,Male,40,Ballari,PS0027,2025-06-22 21:54,Residence,SI Suresh Kulkarni,Police Custody,Rejected,Cash,162705,Yes,No,No,No
ARR02041,FIR202501897,P003449,Anitha Siddiqui,Female,27,Bengaluru Urban,PS0133,2025-06-23 06:44,Parking Lot,PI Harish Naik,Police Custody,Rejected,Mobile Phones,220633,No,Yes,No,No
ARR01132,FIR202501879,P006202,Sangeetha Kulkarni,Female,67,Bengaluru Urban,PS0125,2025-06-23 13:31,Industrial Area,PI Naveen Patil,Judicial Custody,Rejected,None,0,Yes,No,No,Yes
ARR02428,FIR202501861,P009353,Arjun Kulkarni,Male,42,Bengaluru Urban,PS0140,2025-06-23 13:41,Highway Checkpost,PI Ramesh Gowda,Police Custody,Pending,Gold,211673,Yes,Yes,Yes,Yes
ARR01388,FIR202502093,P007792,Kiran Hegde,Male,40,Ballari,PS0035,2025-06-23 14:34,Highway Checkpost,PI Ramesh Gowda,Judicial Custody,Rejected,Laptop,25231,Yes,No,No,No
ARR02513,FIR202502037,P004793,Puneeth Sharma,Male,59,Bengaluru Urban,PS0143,2025-06-23 15:58,Lodge,SI Suresh Kulkarni,Released on Bail,Rejected,Drugs,325345,Yes,Yes,No,Yes
ARR01625,FIR202501938,P007932,Arjun Hiremath,Male,44,Ballari,PS0031,2025-06-23 20:30,Industrial Area,SI Ganesh Rao,Judicial Custody,Rejected,Documents,128109,No,No,No,No
ARR02081,FIR202501986,P001294,Radhika Shetty,Female,65,Ballari,PS0031,2025-06-23 23:24,Farm House,PI Naveen Patil,Police Custody,Pending,Documents,18758,No,No,No,Yes
ARR00963,FIR202502078,P004999,Mahesh Hegde,Male,23,Bengaluru Rural,PS0085,2025-06-24 03:04,Farm House,SI Prakash Sharma,Police Custody,Granted,Cash,162719,No,No,Yes,No
ARR01510,FIR202502026,P009192,Suraj Reddy,Male,30,Bengaluru Rural,PS0082,2025-06-24 06:13,Highway Checkpost,SI Ganesh Rao,Judicial Custody,Granted,Laptop,145926,Yes,Yes,Yes,No
ARR02165,FIR202501811,P007207,Akash Hegde,Male,52,Ballari,PS0033,2025-06-24 06:46,Railway Station,PI Naveen Patil,Released on Bail,Pending,Weapons,113061,No,Yes,No,Yes
ARR00853,FIR202501968,P002926,Suraj Reddy,Male,37,Bidar,PS0161,2025-06-24 07:01,Border Checkpost,PI Ramesh Gowda,Released on Bail,Rejected,Mobile Phones,200769,Yes,No,No,Yes
ARR02129,FIR202501919,P004168,Puneeth Reddy,Male,33,Chamarajanagar,PS0194,2025-06-24 10:10,Highway Checkpost,SI Suresh Kulkarni,Released on Bail,Granted,Vehicle,4340,Yes,No,Yes,Yes
ARR02145,FIR202501930,P008010,Naveen Verma,Male,48,Bengaluru Urban,PS0124,2025-06-24 12:21,Hotel,SI Suresh Kulkarni,Released on Bail,Granted,Gold,17052,Yes,Yes,No,Yes
ARR02323,FIR202502046,P008149,Prakash Reddy,Male,28,Chamarajanagar,PS0209,2025-06-24 13:03,Market Area,PI Harish Naik,Released on Bail,Pending,Gold,163794,No,Yes,Yes,No
ARR00312,FIR202501848,P004959,Darshan Siddiqui,Male,29,Bidar,PS0172,2025-06-24 16:19,Railway Station,SI Prakash Sharma,Judicial Custody,Pending,Gold,113804,No,No,No,Yes
ARR02395,FIR202501866,P002542,Naveen Sharma,Male,46,Bidar,PS0179,2025-06-25 05:50,Industrial Area,PI Mahesh Bhat,Released on Bail,Rejected,Drugs,95926,Yes,No,No,Yes
ARR00809,FIR202501949,P002275,Chetan Verma,Male,51,Belagavi,PS0055,2025-06-25 07:47,Railway Station,SI Suresh Kulkarni,Released on Bail,Pending,Cash,285769,Yes,No,No,Yes
ARR00349,FIR202502039,P007683,Chetan Sharma,Male,32,Belagavi,PS0050,2025-06-25 15:22,Market Area,PI Naveen Patil,Police Custody,Rejected,Documents,227548,Yes,No,Yes,No
ARR00342,FIR202501850,P002916,Rohit Bhat,Male,65,Belagavi,PS0057,2025-06-25 22:11,Bus Stand,PI Mahesh Bhat,Police Custody,Granted,Mobile Phones,200194,No,Yes,No,No
ARR02025,FIR202501810,P004640,Sangeetha Desai,Female,40,Chamarajanagar,PS0234,2025-06-26 08:09,Industrial Area,PI Harish Naik,Police Custody,Pending,Vehicle,446968,No,Yes,Yes,No
ARR01665,FIR202501898,P008180,Shivakumar Kumar,Male,70,Ballari,PS0029,2025-06-26 11:33,Border Checkpost,SI Divya Hegde,Released on Bail,Granted,Laptop,70195,No,No,Yes,No
ARR00330,FIR202502112,P005963,Puneeth Hegde,Male,20,Bengaluru Rural,PS0097,2025-06-26 15:23,Farm House,SI Ravi Kumar,Judicial Custody,Rejected,Documents,140839,Yes,Yes,Yes,Yes
ARR01126,FIR202502085,P001616,Vinay Reddy,Male,65,Chamarajanagar,PS0206,2025-06-26 16:05,Highway Checkpost,PI Naveen Patil,Judicial Custody,Granted,Documents,56431,No,No,No,Yes
ARR00553,FIR202501903,P002935,Basavaraj Patil,Male,33,Bengaluru Urban,PS0116,2025-06-26 17:13,Bus Stand,PI Naveen Patil,Released on Bail,Pending,Gold,449133,No,Yes,No,No
ARR00947,FIR202501999,P002125,Shivakumar Siddiqui,Male,62,Ballari,PS0032,2025-06-26 18:58,Bus Stand,PI Lakshmi Devi,Police Custody,Rejected,Vehicle,8951,Yes,Yes,Yes,Yes
ARR01748,FIR202501883,P006521,Abhishek Kumar,Male,37,Belagavi,PS0051,2025-06-27 07:42,Highway Checkpost,SI Suresh Kulkarni,Released on Bail,Pending,Gold,394588,Yes,Yes,No,Yes
ARR01836,FIR202502008,P000122,Abhishek Sharma,Male,52,Belagavi,PS0052,2025-06-27 10:31,Residence,SI Divya Hegde,Police Custody,Rejected,Documents,192167,Yes,Yes,No,Yes
ARR01527,FIR202502167,P009655,Suresh Poojary,Male,60,Bengaluru Urban,PS0146,2025-06-27 10:47,Parking Lot,SI Ravi Kumar,Judicial Custody,Pending,Weapons,473815,No,No,Yes,Yes
ARR01916,FIR202501867,P005760,Naveen Kulkarni,Male,38,Belagavi,PS0069,2025-06-27 15:52,Hotel,SI Ravi Kumar,Police Custody,Granted,Gold,392385,No,Yes,No,No
ARR01493,FIR202501957,P009306,Ravi Gowda,Male,54,Belagavi,PS0049,2025-06-27 18:34,Bus Stand,PI Lakshmi Devi,Judicial Custody,Pending,Cash,119982,No,No,No,No
ARR00188,FIR202501894,P006157,Lokesh Reddy,Male,30,Belagavi,PS0055,2025-06-28 00:17,Shopping Mall,PI Naveen Patil,Judicial Custody,Rejected,Documents,262847,No,Yes,Yes,Yes
ARR01495,FIR202501924,P004539,Nandini Naik,Female,21,Ballari,PS0030,2025-06-28 08:27,Parking Lot,PI Mahesh Bhat,Police Custody,Rejected,Gold,107343,No,No,No,No
ARR01539,FIR202502129,P006394,Siddu Hegde,Male,29,Ballari,PS0040,2025-06-28 10:58,Shopping Mall,SI Prakash Sharma,Released on Bail,Granted,Drugs,150370,No,Yes,No,Yes
ARR02209,FIR202502182,P002886,Roopa Verma,Female,29,Belagavi,PS0063,2025-06-28 11:44,Border Checkpost,SI Divya Hegde,Judicial Custody,Rejected,Weapons,365658,No,No,No,No
ARR00169,FIR202501994,P002405,Nisha Angadi,Female,47,Bidar,PS0188,2025-06-28 13:06,Bus Stand,PI Mahesh Bhat,Released on Bail,Pending,Cash,383772,No,No,Yes,No
ARR01698,FIR202502152,P000098,Harish Angadi,Male,28,Bengaluru Rural,PS0080,2025-06-28 20:45,Industrial Area,SI Suresh Kulkarni,Released on Bail,Granted,Mobile Phones,25999,Yes,Yes,Yes,Yes
ARR01471,FIR202502110,P006549,Bhavya Angadi,Female,62,Bengaluru Rural,PS0074,2025-06-28 23:43,Market Area,SI Ravi Kumar,Judicial Custody,Pending,Gold,334239,No,Yes,Yes,No
ARR01412,FIR202502162,P004758,Sanjay Siddiqui,Male,40,Bagalkote,PS0014,2025-06-29 03:56,Railway Station,SI Ravi Kumar,Police Custody,Granted,Vehicle,333347,Yes,No,No,No
ARR00144,FIR202502161,P000584,Sanjay Kumar,Male,34,Belagavi,PS0053,2025-06-29 04:39,Hotel,PI Ramesh Gowda,Judicial Custody,Rejected,Gold,438260,No,Yes,Yes,No
ARR00652,FIR202502098,P001729,Suresh Siddiqui,Male,58,Bengaluru Urban,PS0115,2025-06-29 08:59,Industrial Area,SI Ravi Kumar,Judicial Custody,Pending,None,0,Yes,No,Yes,No
ARR01434,FIR202502143,P007449,Arjun Singh,Male,42,Bengaluru Urban,PS0136,2025-06-29 09:47,Industrial Area,PI Harish Naik,Police Custody,Rejected,Vehicle,182381,Yes,Yes,No,No
ARR01549,FIR202502022,P005007,Harini Reddy,Female,66,Bengaluru Urban,PS0123,2025-06-29 11:48,Bus Stand,PI Mahesh Bhat,Released on Bail,Pending,Laptop,166074,No,No,No,No
ARR02139,FIR202501967,P003704,Harish Shetty,Male,61,Chamarajanagar,PS0221,2025-06-29 18:19,Railway Station,SI Prakash Sharma,Released on Bail,Rejected,Drugs,141764,Yes,Yes,Yes,No
ARR02210,FIR202501895,P007693,Ravi Hiremath,Male,60,Belagavi,PS0052,2025-06-29 18:21,Airport,PI Naveen Patil,Released on Bail,Rejected,Drugs,357530,No,Yes,No,No
ARR01522,FIR202501920,P008312,Darshan Shetty,Male,19,Belagavi,PS0051,2025-06-29 20:25,Parking Lot,SI Ravi Kumar,Judicial Custody,Rejected,Drugs,118249,No,Yes,Yes,Yes
ARR01209,FIR202502049,P004826,Ajay Kumar,Male,66,Bengaluru Rural,PS0076,2025-06-29 22:08,Airport,SI Divya Hegde,Released on Bail,Rejected,Vehicle,28190,Yes,Yes,No,No
ARR02223,FIR202501948,P007201,Puneeth Gowda,Male,33,Chamarajanagar,PS0210,2025-06-30 04:11,Airport,PI Naveen Patil,Released on Bail,Granted,Drugs,303432,Yes,Yes,No,Yes
ARR00768,FIR202501908,P003808,Arjun Poojary,Male,29,Bagalkote,PS0014,2025-06-30 05:11,Railway Station,SI Prakash Sharma,Judicial Custody,Granted,Cash,354188,Yes,No,No,No
ARR01095,FIR202501973,P006538,Kiran Shetty,Male,39,Bengaluru Rural,PS0077,2025-06-30 09:59,Highway Checkpost,PI Ramesh Gowda,Released on Bail,Rejected,Gold,328933,No,No,Yes,No
ARR00934,FIR202501941,P001464,Manoj Sharma,Male,70,Bengaluru Rural,PS0077,2025-06-30 12:18,Bus Stand,SI Ravi Kumar,Judicial Custody,Pending,Mobile Phones,388108,No,Yes,Yes,Yes
ARR01377,FIR202501858,P004801,Geetha Verma,Female,35,Belagavi,PS0056,2025-06-30 12:27,Lodge,PI Ramesh Gowda,Released on Bail,Rejected,Documents,158930,Yes,Yes,No,Yes
ARR02071,FIR202502145,P007860,Basavaraj Shetty,Male,34,Belagavi,PS0058,2025-06-30 18:18,Lodge,PI Lakshmi Devi,Released on Bail,Rejected,Laptop,442357,No,Yes,No,No
ARR00628,FIR202502042,P006035,Basavaraj Siddiqui,Male,44,Ballari,PS0035,2025-06-30 21:42,Parking Lot,SI Ravi Kumar,Police Custody,Granted,Laptop,194164,No,Yes,No,No
ARR01339,FIR202501916,P001469,Arjun Singh,Male,58,Ballari,PS0030,2025-06-30 23:04,Lodge,PI Lakshmi Devi,Police Custody,Granted,Cash,479149,No,No,Yes,No
ARR00696,FIR202502035,P003237,Puneeth Bhat,Male,40,Ballari,PS0042,2025-07-01 00:51,Railway Station,SI Divya Hegde,Police Custody,Pending,Mobile Phones,411202,Yes,No,Yes,Yes
ARR00535,FIR202502125,P003539,Siddu Reddy,Male,48,Belagavi,PS0061,2025-07-01 06:46,Highway Checkpost,PI Harish Naik,Released on Bail,Rejected,Mobile Phones,483598,No,No,No,No
ARR02217,FIR202502045,P004277,Abhishek Patil,Male,37,Chamarajanagar,PS0215,2025-07-01 11:37,Border Checkpost,SI Prakash Sharma,Released on Bail,Granted,Laptop,211241,No,No,Yes,Yes
ARR01583,FIR202502102,P000198,Akash Verma,Male,64,Chamarajanagar,PS0202,2025-07-01 14:15,Industrial Area,SI Ravi Kumar,Judicial Custody,Granted,Gold,100168,Yes,Yes,Yes,Yes
ARR02091,FIR202502174,P008248,Sanjay Gowda,Male,28,Bengaluru Rural,PS0104,2025-07-02 01:14,Farm House,PI Naveen Patil,Police Custody,Rejected,Gold,112536,No,Yes,Yes,No
ARR00076,FIR202502091,P009021,Basavaraj Verma,Male,54,Ballari,PS0042,2025-07-02 03:24,Farm House,PI Ramesh Gowda,Police Custody,Rejected,Vehicle,306390,Yes,No,Yes,No
ARR00007,FIR202502077,P000211,Akash Rao,Male,54,Bengaluru Rural,PS0073,2025-07-02 03:34,Residence,SI Ganesh Rao,Police Custody,Rejected,Vehicle,172616,Yes,No,Yes,Yes
ARR02151,FIR202502007,P005001,Nandini Reddy,Female,55,Chamarajanagar,PS0216,2025-07-02 06:00,Lodge,PI Ramesh Gowda,Judicial Custody,Granted,Documents,124706,Yes,Yes,No,Yes
ARR02289,FIR202502075,P005794,Swathi Joshi,Female,31,Bengaluru Rural,PS0082,2025-07-02 08:44,Residence,PI Harish Naik,Released on Bail,Granted,None,0,Yes,No,No,Yes
ARR00878,FIR202502186,P008316,Arjun Reddy,Male,19,Chikkaballapura,PS0247,2025-07-02 09:26,Highway Checkpost,SI Suresh Kulkarni,Released on Bail,Rejected,Laptop,41098,Yes,No,Yes,No
ARR00607,FIR202501991,P000810,Vijay Rao,Male,56,Chikkaballapura,PS0245,2025-07-02 10:43,Market Area,SI Divya Hegde,Judicial Custody,Rejected,Laptop,170295,Yes,No,Yes,Yes
ARR02057,FIR202501982,P008865,Shivakumar Rao,Male,27,Bagalkote,PS0024,2025-07-02 14:27,Lodge,PI Harish Naik,Released on Bail,Granted,None,0,No,No,Yes,Yes
ARR01646,FIR202502121,P002317,Mahesh Hiremath,Male,18,Bidar,PS0179,2025-07-02 21:40,Hotel,PI Naveen Patil,Police Custody,Granted,Cash,273328,Yes,Yes,No,No
ARR00612,FIR202502181,P007808,Rohit Poojary,Male,43,Bengaluru Urban,PS0118,2025-07-02 21:43,Lodge,PI Harish Naik,Released on Bail,Rejected,Vehicle,331341,Yes,Yes,No,Yes
ARR01732,FIR202502063,P009912,Siddu Singh,Male,41,Belagavi,PS0048,2025-07-02 23:08,Railway Station,PI Mahesh Bhat,Judicial Custody,Granted,Mobile Phones,106770,No,No,Yes,Yes
ARR01828,FIR202502127,P008767,Rahul Angadi,Male,61,Bengaluru Rural,PS0092,2025-07-03 01:42,Railway Station,PI Mahesh Bhat,Released on Bail,Granted,Weapons,401277,No,No,No,No
ARR00204,FIR202502025,P004777,Prakash Desai,Male,42,Bidar,PS0186,2025-07-03 02:20,Industrial Area,PI Ramesh Gowda,Released on Bail,Rejected,Gold,253420,Yes,No,No,No
ARR01556,FIR202502146,P004664,Akash Hegde,Male,71,Chamarajanagar,PS0205,2025-07-03 02:55,Parking Lot,SI Ravi Kumar,Judicial Custody,Granted,Laptop,470413,No,Yes,Yes,Yes
ARR01403,FIR202502052,P001237,Lokesh Joshi,Male,45,Belagavi,PS0053,2025-07-03 03:01,Industrial Area,PI Lakshmi Devi,Police Custody,Granted,Documents,9085,No,No,No,Yes
ARR00127,FIR202501922,P004493,Sangeetha Hiremath,Female,64,Bidar,PS0188,2025-07-03 13:10,Hotel,SI Prakash Sharma,Released on Bail,Granted,Drugs,72697,No,Yes,No,No
ARR01159,FIR202501971,P006052,Ganesh Rao,Male,53,Ballari,PS0043,2025-07-03 20:14,Farm House,SI Suresh Kulkarni,Judicial Custody,Granted,None,0,Yes,No,No,No
ARR01012,FIR202502201,P000092,Suraj Kumar,Male,36,Ballari,PS0041,2025-07-03 20:44,Residence,SI Ganesh Rao,Police Custody,Rejected,Drugs,185940,Yes,No,No,No
ARR00777,FIR202502067,P008148,Rahul Kulkarni,Male,21,Bidar,PS0175,2025-07-03 20:50,Industrial Area,PI Mahesh Bhat,Released on Bail,Rejected,Vehicle,175270,No,Yes,No,Yes
ARR02279,FIR202502092,P003222,Darshan Bhat,Male,57,Chamarajanagar,PS0195,2025-07-04 05:38,Border Checkpost,SI Prakash Sharma,Judicial Custody,Pending,Gold,102069,Yes,No,Yes,No
ARR00705,FIR202502221,P008953,Harish Angadi,Male,36,Bengaluru Rural,PS0081,2025-07-04 07:52,Residence,SI Prakash Sharma,Police Custody,Pending,Mobile Phones,245004,No,No,No,No
ARR00740,FIR202502175,P000454,Suresh Patil,Male,20,Bidar,PS0168,2025-07-04 08:30,Residence,PI Mahesh Bhat,Released on Bail,Granted,Gold,461763,No,Yes,No,Yes
ARR00097,FIR202502158,P007951,Kiran Naik,Male,68,Bengaluru Urban,PS0122,2025-07-04 12:35,Parking Lot,PI Ramesh Gowda,Released on Bail,Pending,Documents,27059,No,Yes,Yes,Yes
ARR01298,FIR202501998,P006395,Nisha Sharma,Female,49,Bengaluru Urban,PS0146,2025-07-04 13:36,Highway Checkpost,SI Prakash Sharma,Judicial Custody,Pending,Weapons,258319,Yes,Yes,Yes,No
ARR01533,FIR202502057,P005283,Chetan Angadi,Male,23,Ballari,PS0042,2025-07-04 18:09,Hotel,PI Ramesh Gowda,Judicial Custody,Pending,Mobile Phones,99171,Yes,No,Yes,Yes
ARR00240,FIR202502070,P007044,Sanjay Patil,Male,29,Chamarajanagar,PS0220,2025-07-04 20:23,Farm House,PI Naveen Patil,Judicial Custody,Rejected,None,0,No,No,Yes,No
ARR02058,FIR202501974,P003023,Rahul Kulkarni,Male,62,Bengaluru Rural,PS0074,2025-07-04 21:46,Industrial Area,SI Ravi Kumar,Police Custody,Rejected,None,0,No,Yes,No,No
ARR00459,FIR202502223,P002832,Ramesh Rao,Male,58,Bagalkote,PS0018,2025-07-05 06:56,Market Area,PI Harish Naik,Police Custody,Pending,Drugs,184000,Yes,No,Yes,Yes
ARR00905,FIR202502053,P009533,Shivakumar Naik,Male,24,Bagalkote,PS0015,2025-07-05 09:54,Highway Checkpost,SI Ravi Kumar,Judicial Custody,Rejected,Documents,473386,Yes,Yes,Yes,Yes
ARR01749,FIR202501964,P007285,Darshan Siddiqui,Male,56,Bagalkote,PS0002,2025-07-05 14:16,Border Checkpost,SI Ganesh Rao,Police Custody,Granted,Documents,156291,No,Yes,Yes,No
ARR02211,FIR202501918,P004927,Harish Kumar,Male,40,Belagavi,PS0048,2025-07-05 17:26,Lodge,PI Harish Naik,Judicial Custody,Rejected,Documents,131542,Yes,Yes,No,Yes
ARR01869,FIR202502024,P001291,Naveen Patil,Male,56,Bengaluru Rural,PS0086,2025-07-05 22:40,Residence,SI Divya Hegde,Judicial Custody,Rejected,None,0,No,No,No,No
ARR01959,FIR202502183,P002803,Puneeth Desai,Male,64,Belagavi,PS0058,2025-07-06 08:59,Border Checkpost,PI Lakshmi Devi,Released on Bail,Granted,Drugs,243749,Yes,No,No,Yes
ARR01874,FIR202502214,P002720,Priya Singh,Female,36,Bengaluru Rural,PS0109,2025-07-06 12:26,Bus Stand,SI Ganesh Rao,Released on Bail,Rejected,Documents,444908,No,No,Yes,Yes
ARR01963,FIR202502073,P000970,Lokesh Verma,Male,56,Bengaluru Urban,PS0120,2025-07-06 12:28,Airport,PI Ramesh Gowda,Police Custody,Granted,Cash,49424,Yes,Yes,Yes,No
ARR00904,FIR202502276,P002253,Sanjay Hegde,Male,44,Bengaluru Urban,PS0122,2025-07-06 23:33,Shopping Mall,SI Prakash Sharma,Police Custody,Granted,Drugs,412282,No,Yes,Yes,Yes
ARR01621,FIR202502187,P008181,Suraj Sharma,Male,30,Belagavi,PS0051,2025-07-07 17:35,Market Area,SI Ganesh Rao,Police Custody,Pending,Cash,169236,No,Yes,No,Yes
ARR00138,FIR202502150,P003482,Vijay Hegde,Male,47,Belagavi,PS0054,2025-07-08 05:34,Market Area,PI Mahesh Bhat,Police Custody,Pending,Laptop,177303,Yes,No,No,No
ARR01532,FIR202502310,P002694,Siddu Joshi,Male,33,Bengaluru Urban,PS0144,2025-07-08 06:18,Residence,PI Harish Naik,Police Custody,Granted,Vehicle,89716,Yes,No,No,No
ARR01984,FIR202502256,P003467,Arjun Angadi,Male,29,Chamarajanagar,PS0198,2025-07-08 07:36,Residence,PI Mahesh Bhat,Police Custody,Granted,Documents,140266,Yes,No,Yes,Yes
ARR00333,FIR202502119,P002944,Shivakumar Desai,Male,66,Ballari,PS0038,2025-07-08 09:02,Shopping Mall,SI Prakash Sharma,Released on Bail,Rejected,Documents,70182,Yes,No,Yes,Yes
ARR00155,FIR202502217,P009185,Mahesh Sharma,Male,65,Bidar,PS0186,2025-07-08 10:12,Highway Checkpost,PI Mahesh Bhat,Police Custody,Pending,Vehicle,198090,No,Yes,No,No
ARR00713,FIR202502107,P007411,Ramesh Angadi,Male,30,Chikkaballapura,PS0236,2025-07-08 12:53,Railway Station,SI Prakash Sharma,Judicial Custody,Rejected,Mobile Phones,195179,No,Yes,Yes,Yes
ARR00028,FIR202502229,P009648,Darshan Shetty,Male,21,Ballari,PS0044,2025-07-08 14:44,Railway Station,SI Suresh Kulkarni,Released on Bail,Granted,Gold,105960,Yes,Yes,No,Yes
ARR01987,FIR202502109,P008404,Darshan Gowda,Male,29,Chamarajanagar,PS0201,2025-07-08 17:48,Airport,PI Naveen Patil,Judicial Custody,Granted,Drugs,130956,No,Yes,Yes,No
ARR01355,FIR202502163,P009772,Kavya Desai,Female,51,Ballari,PS0035,2025-07-08 19:50,Railway Station,SI Suresh Kulkarni,Released on Bail,Rejected,Drugs,95463,Yes,Yes,No,No
ARR00393,FIR202502288,P003691,Abhishek Reddy,Male,24,Bidar,PS0159,2025-07-08 22:29,Border Checkpost,SI Suresh Kulkarni,Judicial Custody,Rejected,Gold,149625,Yes,No,No,No
ARR00624,FIR202502228,P009757,Suresh Patil,Male,49,Chamarajanagar,PS0225,2025-07-09 00:41,Lodge,SI Divya Hegde,Released on Bail,Granted,Drugs,265397,Yes,No,Yes,No
ARR00509,FIR202502311,P005733,Shivakumar Reddy,Male,55,Ballari,PS0041,2025-07-09 01:21,Airport,PI Mahesh Bhat,Police Custody,Pending,Vehicle,424730,No,No,No,No
ARR00731,FIR202502062,P000967,Puneeth Sharma,Male,63,Bengaluru Urban,PS0143,2025-07-09 05:55,Farm House,SI Suresh Kulkarni,Released on Bail,Pending,Mobile Phones,207396,Yes,No,No,Yes
ARR02402,FIR202502032,P002074,Vinay Kambali,Male,49,Belagavi,PS0053,2025-07-09 07:19,Hotel,PI Naveen Patil,Police Custody,Pending,Vehicle,10803,No,No,Yes,Yes
ARR01450,FIR202502139,P006325,Prakash Bhat,Male,31,Chikkaballapura,PS0248,2025-07-10 05:22,Highway Checkpost,SI Ganesh Rao,Police Custody,Granted,Weapons,162329,No,Yes,Yes,No
ARR01854,FIR202502364,P009598,Priya Kambali,Female,47,Ballari,PS0035,2025-07-10 05:32,Farm House,SI Divya Hegde,Released on Bail,Rejected,Mobile Phones,346322,Yes,Yes,No,No
ARR00633,FIR202502009,P002469,Shivakumar Pujari,Male,60,Chamarajanagar,PS0207,2025-07-10 09:32,Industrial Area,PI Mahesh Bhat,Released on Bail,Rejected,Documents,450843,No,No,Yes,Yes
ARR00536,FIR202502089,P007242,Chetan Reddy,Male,47,Belagavi,PS0051,2025-07-10 13:07,Hotel,PI Lakshmi Devi,Police Custody,Pending,Weapons,408368,Yes,Yes,Yes,Yes
ARR01819,FIR202502154,P007768,Shivakumar Kambali,Male,27,Chamarajanagar,PS0197,2025-07-10 14:51,Border Checkpost,SI Divya Hegde,Judicial Custody,Granted,Vehicle,370244,No,No,Yes,Yes
ARR01717,FIR202502069,P005007,Harini Reddy,Female,66,Bidar,PS0178,2025-07-10 16:03,Bus Stand,PI Harish Naik,Released on Bail,Rejected,Documents,279613,Yes,Yes,No,Yes
ARR01897,FIR202502099,P004592,Ganesh Kulkarni,Male,55,Bengaluru Rural,PS0107,2025-07-11 11:22,Border Checkpost,PI Naveen Patil,Released on Bail,Rejected,Weapons,217349,No,Yes,Yes,No
ARR00919,FIR202502180,P002784,Mahesh Gowda,Male,27,Ballari,PS0039,2025-07-11 17:20,Lodge,SI Ravi Kumar,Police Custody,Pending,Mobile Phones,295623,Yes,No,Yes,No
ARR00578,FIR202502254,P001579,Rohit Reddy,Male,71,Bagalkote,PS0013,2025-07-11 20:44,Hotel,PI Naveen Patil,Released on Bail,Granted,Gold,471370,Yes,Yes,Yes,Yes
ARR02353,FIR202502326,P001902,Kiran Sharma,Male,44,Ballari,PS0036,2025-07-11 23:17,Hotel,PI Harish Naik,Released on Bail,Pending,Cash,234881,Yes,Yes,No,Yes
ARR02089,FIR202502258,P008988,Darshan Hiremath,Male,48,Bidar,PS0181,2025-07-12 11:34,Hotel,SI Divya Hegde,Judicial Custody,Pending,Cash,347860,No,No,No,No
ARR01558,FIR202502299,P009899,Mahesh Kumar,Male,67,Ballari,PS0029,2025-07-12 12:49,Border Checkpost,PI Naveen Patil,Released on Bail,Rejected,Mobile Phones,280231,Yes,Yes,Yes,No
ARR01902,FIR202502305,P008190,Naveen Hiremath,Male,38,Chamarajanagar,PS0211,2025-07-12 13:42,Shopping Mall,PI Ramesh Gowda,Judicial Custody,Rejected,Weapons,499612,Yes,No,No,No
ARR01086,FIR202502285,P001293,Pradeep Naik,Male,23,Ballari,PS0041,2025-07-12 15:31,Farm House,PI Ramesh Gowda,Police Custody,Rejected,Mobile Phones,341961,Yes,No,Yes,Yes
ARR02264,FIR202502137,P006038,Chetan Joshi,Male,55,Belagavi,PS0065,2025-07-12 19:58,Shopping Mall,SI Ganesh Rao,Released on Bail,Pending,Documents,197704,No,No,No,No
ARR02206,FIR202502076,P007099,Abhishek Joshi,Male,69,Bidar,PS0157,2025-07-12 23:39,Residence,SI Suresh Kulkarni,Police Custody,Pending,Documents,424918,No,No,Yes,No
ARR02005,FIR202502337,P005865,Siddu Gowda,Male,19,Ballari,PS0029,2025-07-13 03:24,Railway Station,PI Harish Naik,Released on Bail,Granted,Laptop,287141,Yes,No,No,Yes
ARR01436,FIR202502060,P004061,Sneha Pujari,Female,35,Chikkaballapura,PS0245,2025-07-13 15:59,Residence,PI Ramesh Gowda,Judicial Custody,Granted,Cash,20520,Yes,Yes,No,Yes
ARR01640,FIR202502056,P001169,Kiran Reddy,Male,71,Chamarajanagar,PS0233,2025-07-13 19:00,Bus Stand,SI Ganesh Rao,Police Custody,Granted,Vehicle,228647,No,Yes,No,Yes
ARR02322,FIR202502233,P002877,Ravi Angadi,Male,23,Ballari,PS0043,2025-07-13 19:55,Farm House,PI Naveen Patil,Police Custody,Granted,Vehicle,419902,No,No,Yes,No
ARR00194,FIR202502383,P006530,Chetan Bhat,Male,41,Chikkaballapura,PS0247,2025-07-13 23:40,Highway Checkpost,SI Prakash Sharma,Judicial Custody,Granted,Vehicle,271433,No,No,Yes,Yes
ARR01871,FIR202502064,P004457,Rahul Hiremath,Male,39,Bengaluru Urban,PS0149,2025-07-14 02:55,Railway Station,SI Suresh Kulkarni,Police Custody,Pending,Cash,447468,No,Yes,No,No
ARR00997,FIR202502371,P001157,Puneeth Rao,Male,32,Bengaluru Rural,PS0091,2025-07-14 04:17,Airport,PI Ramesh Gowda,Released on Bail,Granted,None,0,No,No,No,No
ARR00421,FIR202502120,P003561,Mahesh Patil,Male,40,Chikkaballapura,PS0236,2025-07-14 09:07,Airport,PI Lakshmi Devi,Released on Bail,Pending,Laptop,303810,Yes,No,No,Yes
ARR02224,FIR202502379,P008335,Kavya Hegde,Female,32,Bidar,PS0186,2025-07-14 09:15,Hotel,SI Divya Hegde,Released on Bail,Rejected,Drugs,120686,Yes,Yes,Yes,No
ARR02389,FIR202502095,P004791,Sanjay Siddiqui,Male,67,Bidar,PS0171,2025-07-14 09:25,Highway Checkpost,PI Ramesh Gowda,Released on Bail,Granted,None,0,Yes,Yes,No,Yes
ARR01492,FIR202502250,P003134,Sneha Kumar,Female,30,Bengaluru Rural,PS0104,2025-07-14 10:28,Farm House,SI Ravi Kumar,Police Custody,Granted,Gold,224027,No,No,Yes,Yes
ARR01954,FIR202502211,P005569,Darshan Pujari,Male,66,Bengaluru Urban,PS0129,2025-07-14 14:35,Market Area,SI Ganesh Rao,Police Custody,Pending,Laptop,184029,Yes,Yes,Yes,Yes
ARR01861,FIR202502333,P007622,Abhishek Siddiqui,Male,22,Chamarajanagar,PS0197,2025-07-14 16:12,Residence,PI Lakshmi Devi,Judicial Custody,Granted,Vehicle,265249,Yes,No,No,No
ARR01563,FIR202502133,P001268,Sanjay Shetty,Male,23,Chamarajanagar,PS0227,2025-07-14 17:40,Parking Lot,SI Ravi Kumar,Police Custody,Rejected,Gold,45327,No,No,Yes,No
ARR01684,FIR202502200,P009387,Basavaraj Bhat,Male,49,Ballari,PS0036,2025-07-15 09:03,Shopping Mall,PI Mahesh Bhat,Police Custody,Granted,Weapons,46428,No,No,No,No
ARR01572,FIR202502399,P001016,Mahesh Desai,Male,69,Ballari,PS0039,2025-07-15 10:23,Hotel,PI Harish Naik,Judicial Custody,Granted,Vehicle,310344,Yes,No,No,No
ARR02347,FIR202502303,P001783,Prakash Naik,Male,45,Ballari,PS0031,2025-07-15 16:37,Highway Checkpost,PI Lakshmi Devi,Police Custody,Pending,None,0,No,Yes,Yes,No
ARR01711,FIR202502415,P008932,Ravi Desai,Male,34,Bengaluru Urban,PS0119,2025-07-15 18:35,Parking Lot,SI Prakash Sharma,Released on Bail,Pending,Mobile Phones,109753,No,No,Yes,No
ARR01813,FIR202502327,P003639,Manoj Shetty,Male,48,Ballari,PS0037,2025-07-15 23:12,Market Area,PI Ramesh Gowda,Police Custody,Pending,Drugs,313899,No,Yes,Yes,Yes
ARR00386,FIR202502295,P002953,Rohit Patil,Male,70,Chamarajanagar,PS0206,2025-07-16 06:45,Industrial Area,PI Ramesh Gowda,Police Custody,Granted,Drugs,415275,No,Yes,Yes,No
ARR02014,FIR202502124,P004161,Vinay Singh,Male,26,Bagalkote,PS0004,2025-07-16 07:00,Bus Stand,PI Naveen Patil,Released on Bail,Granted,Drugs,390264,Yes,No,Yes,Yes
ARR02231,FIR202502442,P003984,Basavaraj Sharma,Male,29,Ballari,PS0031,2025-07-16 07:28,Farm House,SI Divya Hegde,Released on Bail,Granted,Gold,349877,Yes,Yes,Yes,Yes
ARR01092,FIR202502322,P006287,Shivakumar Desai,Male,28,Ballari,PS0042,2025-07-16 11:52,Market Area,PI Lakshmi Devi,Judicial Custody,Rejected,Documents,416767,No,No,No,No
ARR01211,FIR202502334,P000342,Pradeep Kumar,Male,19,Bengaluru Rural,PS0074,2025-07-16 12:19,Bus Stand,PI Ramesh Gowda,Police Custody,Pending,Drugs,141759,No,Yes,No,Yes
ARR00922,FIR202502315,P006628,Lokesh Kambali,Male,26,Ballari,PS0043,2025-07-16 14:06,Farm House,PI Mahesh Bhat,Released on Bail,Pending,Laptop,157040,No,Yes,Yes,No
ARR00429,FIR202502131,P005775,Roopa Singh,Female,46,Bidar,PS0174,2025-07-16 18:14,Market Area,SI Ganesh Rao,Released on Bail,Pending,Documents,412976,No,No,Yes,Yes
ARR00563,FIR202502447,P002906,Ravi Kambali,Male,62,Chamarajanagar,PS0222,2025-07-16 21:45,Farm House,SI Suresh Kulkarni,Police Custody,Granted,Weapons,298676,No,No,No,No
ARR02330,FIR202502292,P002624,Shivakumar Shetty,Male,28,Bagalkote,PS0005,2025-07-17 01:39,Highway Checkpost,SI Suresh Kulkarni,Police Custody,Pending,Vehicle,255209,Yes,Yes,No,No
ARR00471,FIR202502100,P007940,Suraj Sharma,Male,71,Bidar,PS0174,2025-07-17 03:37,Industrial Area,PI Lakshmi Devi,Released on Bail,Rejected,Mobile Phones,345563,Yes,No,Yes,Yes
ARR01724,FIR202502185,P000301,Chetan Reddy,Male,52,Bengaluru Urban,PS0131,2025-07-17 04:13,Market Area,SI Ravi Kumar,Judicial Custody,Granted,Documents,2368,Yes,Yes,No,Yes
ARR02525,FIR202502242,P007715,Lokesh Bhat,Male,54,Bidar,PS0153,2025-07-17 05:05,Railway Station,SI Divya Hegde,Judicial Custody,Pending,Vehicle,488980,No,No,No,Yes
ARR00218,FIR202502386,P004431,Mahesh Hiremath,Male,23,Belagavi,PS0049,2025-07-17 13:16,Parking Lot,SI Prakash Sharma,Judicial Custody,Rejected,Laptop,236433,No,No,Yes,Yes
ARR00340,FIR202502461,P006462,Mahesh Pujari,Male,56,Bidar,PS0154,2025-07-17 13:42,Parking Lot,SI Suresh Kulkarni,Police Custody,Pending,Vehicle,457040,Yes,Yes,No,Yes
ARR01433,FIR202502130,P002981,Suraj Verma,Male,47,Bengaluru Rural,PS0076,2025-07-17 14:36,Shopping Mall,SI Ganesh Rao,Judicial Custody,Granted,Cash,140124,No,Yes,Yes,No
ARR02496,FIR202502398,P007089,Chetan Kumar,Male,39,Belagavi,PS0069,2025-07-17 15:20,Market Area,SI Suresh Kulkarni,Released on Bail,Pending,None,0,No,No,Yes,Yes
ARR01699,FIR202502126,P002341,Ramesh Kumar,Male,50,Ballari,PS0029,2025-07-17 17:37,Lodge,SI Prakash Sharma,Released on Bail,Pending,Laptop,419325,No,Yes,No,No
ARR01520,FIR202502072,P002988,Darshan Pujari,Male,64,Ballari,PS0026,2025-07-17 20:11,Hotel,PI Lakshmi Devi,Judicial Custody,Granted,Vehicle,176348,Yes,No,Yes,Yes
ARR02412,FIR202502160,P003111,Kiran Rao,Male,58,Belagavi,PS0054,2025-07-18 05:22,Market Area,SI Divya Hegde,Judicial Custody,Pending,Documents,478245,Yes,Yes,No,Yes
ARR01829,FIR202502159,P000638,Pradeep Rao,Male,46,Ballari,PS0032,2025-07-18 13:22,Bus Stand,PI Harish Naik,Police Custody,Granted,Vehicle,287233,Yes,Yes,No,No
ARR00113,FIR202502208,P004157,Puneeth Desai,Male,24,Belagavi,PS0052,2025-07-18 17:07,Lodge,PI Lakshmi Devi,Judicial Custody,Granted,Documents,81228,Yes,Yes,Yes,No
ARR02212,FIR202502354,P007557,Puneeth Angadi,Male,27,Belagavi,PS0061,2025-07-18 21:30,Railway Station,PI Harish Naik,Judicial Custody,Granted,Weapons,456674,Yes,No,No,Yes
ARR00476,FIR202502352,P000352,Darshan Gowda,Male,39,Bidar,PS0155,2025-07-18 21:55,Highway Checkpost,SI Suresh Kulkarni,Judicial Custody,Rejected,Drugs,290869,Yes,No,No,No
ARR00392,FIR202502255,P005251,Kiran Desai,Male,26,Chamarajanagar,PS0196,2025-07-18 22:53,Market Area,PI Harish Naik,Police Custody,Rejected,Cash,146615,Yes,No,Yes,No
ARR01057,FIR202502177,P008008,Pradeep Angadi,Male,68,Bidar,PS0167,2025-07-19 01:12,Airport,SI Suresh Kulkarni,Judicial Custody,Rejected,None,0,Yes,No,Yes,Yes
ARR01212,FIR202502207,P001545,Siddu Desai,Male,20,Bidar,PS0192,2025-07-19 02:53,Residence,SI Ganesh Rao,Police Custody,Pending,Weapons,258547,No,Yes,No,Yes
ARR01781,FIR202502301,P007377,Naveen Naik,Male,27,Bengaluru Urban,PS0130,2025-07-19 07:30,Farm House,PI Lakshmi Devi,Released on Bail,Pending,Laptop,324067,No,No,No,Yes
ARR01114,FIR202502231,P000175,Ramesh Siddiqui,Male,31,Bidar,PS0173,2025-07-19 09:04,Shopping Mall,SI Divya Hegde,Judicial Custody,Rejected,Laptop,437173,No,Yes,No,Yes
ARR00704,FIR202502156,P005054,Sangeetha Hiremath,Female,65,Ballari,PS0045,2025-07-19 12:19,Border Checkpost,PI Lakshmi Devi,Released on Bail,Rejected,Documents,464152,Yes,Yes,Yes,No
ARR01642,FIR202502226,P006774,Ramesh Shetty,Male,36,Belagavi,PS0054,2025-07-19 16:50,Border Checkpost,PI Ramesh Gowda,Released on Bail,Rejected,None,0,No,No,Yes,Yes
ARR01537,FIR202502080,P001423,Sunitha Verma,Female,52,Bengaluru Urban,PS0152,2025-07-19 16:56,Highway Checkpost,SI Divya Hegde,Police Custody,Granted,Gold,212019,No,Yes,No,Yes
ARR00931,FIR202502247,P004827,Ramesh Shetty,Male,26,Ballari,PS0043,2025-07-19 18:54,Parking Lot,PI Ramesh Gowda,Judicial Custody,Granted,None,0,No,No,Yes,No
ARR01678,FIR202502485,P000013,Naveen Angadi,Male,42,Chamarajanagar,PS0207,2025-07-19 21:42,Highway Checkpost,PI Harish Naik,Released on Bail,Granted,Weapons,253776,Yes,Yes,Yes,No
ARR01118,FIR202502331,P007816,Lokesh Kambali,Male,52,Ballari,PS0034,2025-07-19 22:18,Railway Station,PI Lakshmi Devi,Judicial Custody,Granted,Gold,274525,No,No,Yes,No
ARR00737,FIR202502323,P001393,Shivakumar Pujari,Male,28,Belagavi,PS0068,2025-07-19 23:33,Bus Stand,PI Mahesh Bhat,Police Custody,Rejected,Mobile Phones,319612,No,Yes,No,No
ARR01796,FIR202502356,P004705,Ajay Pujari,Male,61,Chamarajanagar,PS0221,2025-07-20 00:25,Highway Checkpost,SI Suresh Kulkarni,Released on Bail,Rejected,Gold,14098,No,Yes,No,Yes
ARR02222,FIR202502151,P004669,Arjun Siddiqui,Male,65,Ballari,PS0038,2025-07-20 02:39,Shopping Mall,PI Harish Naik,Judicial Custody,Granted,Vehicle,445194,No,Yes,Yes,No
ARR00024,FIR202502224,P000672,Keerthi Patil,Female,49,Ballari,PS0040,2025-07-20 03:02,Farm House,PI Harish Naik,Police Custody,Rejected,Vehicle,377180,No,Yes,Yes,No
ARR00654,FIR202502237,P006987,Darshan Shetty,Male,29,Bidar,PS0170,2025-07-20 09:51,Parking Lot,PI Naveen Patil,Released on Bail,Pending,Cash,260593,No,Yes,No,Yes
ARR01597,FIR202502504,P003552,Ajay Kambali,Male,40,Bengaluru Urban,PS0138,2025-07-21 01:30,Lodge,SI Divya Hegde,Police Custody,Rejected,Gold,197341,Yes,Yes,No,No
ARR01645,FIR202502419,P004127,Arjun Shetty,Male,54,Belagavi,PS0048,2025-07-21 10:17,Highway Checkpost,SI Divya Hegde,Released on Bail,Pending,Documents,482316,No,Yes,Yes,Yes
ARR02154,FIR202502374,P007543,Akash Rao,Male,66,Ballari,PS0026,2025-07-21 10:45,Border Checkpost,PI Lakshmi Devi,Judicial Custody,Pending,Weapons,134799,Yes,No,No,No
ARR01005,FIR202502253,P005240,Suresh Naik,Male,23,Ballari,PS0028,2025-07-21 15:13,Industrial Area,SI Divya Hegde,Released on Bail,Pending,None,0,No,Yes,No,No
ARR01950,FIR202502341,P008160,Ravi Sharma,Male,55,Belagavi,PS0060,2025-07-22 00:24,Residence,PI Mahesh Bhat,Judicial Custody,Rejected,None,0,Yes,Yes,Yes,No
ARR01074,FIR202502265,P006537,Shivakumar Siddiqui,Male,38,Belagavi,PS0063,2025-07-22 15:50,Parking Lot,SI Ganesh Rao,Police Custody,Granted,Weapons,47926,No,No,No,No
ARR00908,FIR202502495,P001593,Mahesh Poojary,Male,58,Bengaluru Rural,PS0070,2025-07-22 16:36,Farm House,PI Ramesh Gowda,Judicial Custody,Rejected,Cash,60182,Yes,No,No,No
ARR00862,FIR202502312,P005272,Vinay Desai,Male,28,Ballari,PS0034,2025-07-22 21:30,Lodge,PI Harish Naik,Released on Bail,Rejected,Drugs,253466,No,No,No,Yes
ARR00933,FIR202502521,P003106,Rohit Patil,Male,57,Bengaluru Urban,PS0132,2025-07-22 22:54,Border Checkpost,SI Suresh Kulkarni,Police Custody,Rejected,Laptop,493832,Yes,Yes,No,Yes
ARR00760,FIR202502195,P000706,Anjali Hegde,Female,67,Chikkaballapura,PS0241,2025-07-23 02:46,Parking Lot,SI Ravi Kumar,Released on Bail,Rejected,Mobile Phones,160874,No,Yes,Yes,Yes
ARR01179,FIR202502272,P008707,Ramesh Hegde,Male,44,Ballari,PS0035,2025-07-23 05:30,Parking Lot,PI Harish Naik,Judicial Custody,Granted,None,0,Yes,Yes,No,Yes
ARR00347,FIR202502458,P007274,Suresh Bhat,Male,56,Chamarajanagar,PS0213,2025-07-23 08:11,Highway Checkpost,PI Mahesh Bhat,Police Custody,Rejected,None,0,No,Yes,No,Yes
ARR02524,FIR202502474,P000675,Rahul Sharma,Male,43,Belagavi,PS0064,2025-07-23 13:17,Border Checkpost,PI Ramesh Gowda,Police Custody,Rejected,Documents,308824,Yes,No,Yes,No
ARR00117,FIR202502473,P004159,Anjali Rao,Female,20,Chamarajanagar,PS0207,2025-07-23 20:06,Border Checkpost,PI Mahesh Bhat,Police Custody,Rejected,Gold,308731,Yes,No,Yes,Yes
ARR02442,FIR202502497,P001383,Shreya Naik,Female,62,Bagalkote,PS0013,2025-07-24 00:27,Shopping Mall,SI Prakash Sharma,Judicial Custody,Rejected,Cash,256284,Yes,Yes,No,No
ARR00569,FIR202502191,P007903,Basavaraj Naik,Male,25,Belagavi,PS0049,2025-07-24 00:47,Shopping Mall,SI Suresh Kulkarni,Judicial Custody,Granted,Drugs,193006,No,No,No,Yes
ARR02367,FIR202502448,P000584,Sanjay Kumar,Male,34,Ballari,PS0043,2025-07-24 01:37,Market Area,PI Naveen Patil,Released on Bail,Pending,Cash,26368,No,No,No,No
ARR01815,FIR202502170,P004958,Suraj Gowda,Male,25,Bagalkote,PS0009,2025-07-24 06:10,Highway Checkpost,PI Lakshmi Devi,Police Custody,Pending,Laptop,390005,No,Yes,Yes,Yes
ARR00484,FIR202502385,P008824,Suresh Singh,Male,31,Ballari,PS0045,2025-07-24 06:51,Bus Stand,PI Naveen Patil,Released on Bail,Rejected,Laptop,354527,Yes,Yes,Yes,Yes
ARR00441,FIR202502522,P005537,Kiran Naik,Male,43,Bengaluru Rural,PS0103,2025-07-24 08:44,Bus Stand,SI Ravi Kumar,Released on Bail,Pending,Drugs,412672,Yes,Yes,Yes,Yes
ARR01029,FIR202502277,P008029,Harish Hegde,Male,49,Ballari,PS0037,2025-07-24 20:38,Shopping Mall,SI Divya Hegde,Released on Bail,Granted,Vehicle,488006,Yes,No,Yes,Yes
ARR02297,FIR202502290,P006926,Abhishek Joshi,Male,44,Ballari,PS0031,2025-07-24 21:45,Parking Lot,PI Mahesh Bhat,Released on Bail,Granted,Laptop,223561,No,No,Yes,Yes
ARR00352,FIR202502362,P007835,Rohit Sharma,Male,56,Ballari,PS0033,2025-07-24 22:45,Parking Lot,PI Lakshmi Devi,Judicial Custody,Granted,Weapons,428938,No,Yes,Yes,Yes
ARR00981,FIR202502196,P009029,Kusuma Kumar,Female,28,Chikkaballapura,PS0247,2025-07-24 23:39,Market Area,SI Ravi Kumar,Police Custody,Pending,Cash,231251,No,Yes,No,No
ARR02397,FIR202502342,P002536,Manoj Poojary,Male,53,Belagavi,PS0053,2025-07-25 00:22,Residence,SI Ganesh Rao,Police Custody,Rejected,Cash,86639,Yes,Yes,No,Yes
ARR01082,FIR202502475,P005400,Ramesh Rao,Male,67,Bengaluru Rural,PS0089,2025-07-25 14:43,Market Area,PI Harish Naik,Released on Bail,Granted,Laptop,262494,Yes,Yes,Yes,Yes
ARR02493,FIR202502359,P007557,Puneeth Angadi,Male,27,Ballari,PS0026,2025-07-26 05:44,Market Area,SI Prakash Sharma,Released on Bail,Pending,Weapons,278058,Yes,No,Yes,No
ARR01577,FIR202502353,P001633,Lokesh Gowda,Male,70,Belagavi,PS0046,2025-07-26 08:03,Highway Checkpost,SI Ravi Kumar,Police Custody,Rejected,Vehicle,274046,Yes,Yes,No,Yes
ARR01419,FIR202502198,P008513,Darshan Verma,Male,40,Ballari,PS0037,2025-07-26 08:54,Industrial Area,SI Prakash Sharma,Judicial Custody,Rejected,Mobile Phones,317418,No,Yes,No,Yes
ARR01831,FIR202502216,P006380,Rahul Angadi,Male,48,Belagavi,PS0050,2025-07-26 11:51,Airport,SI Prakash Sharma,Judicial Custody,Granted,None,0,No,Yes,No,Yes
ARR00911,FIR202502556,P002689,Shivakumar Sharma,Male,61,Chikkaballapura,PS0250,2025-07-26 13:31,Parking Lot,PI Mahesh Bhat,Judicial Custody,Pending,Laptop,359021,Yes,Yes,Yes,Yes
ARR01599,FIR202502319,P007701,Siddu Joshi,Male,59,Chamarajanagar,PS0208,2025-07-26 14:31,Market Area,PI Lakshmi Devi,Judicial Custody,Granted,Cash,17814,No,Yes,No,No
ARR02215,FIR202502387,P006521,Abhishek Kumar,Male,37,Bengaluru Urban,PS0147,2025-07-26 17:43,Hotel,SI Suresh Kulkarni,Released on Bail,Pending,None,0,No,Yes,No,No
ARR01677,FIR202502427,P001933,Ramesh Shetty,Male,62,Chikkaballapura,PS0250,2025-07-26 19:51,Highway Checkpost,PI Harish Naik,Police Custody,Granted,Mobile Phones,5992,Yes,Yes,No,No
ARR00613,FIR202502378,P006558,Anjali Siddiqui,Female,45,Bengaluru Rural,PS0083,2025-07-27 03:59,Residence,PI Harish Naik,Released on Bail,Pending,Gold,310593,Yes,No,No,No
ARR01519,FIR202502220,P009867,Sangeetha Patil,Female,58,Bengaluru Rural,PS0092,2025-07-27 19:39,Parking Lot,SI Ganesh Rao,Judicial Custody,Granted,None,0,Yes,No,Yes,No
ARR01580,FIR202502218,P001679,Shivakumar Reddy,Male,28,Chikkaballapura,PS0245,2025-07-28 11:02,Lodge,PI Ramesh Gowda,Police Custody,Granted,Mobile Phones,88572,No,No,Yes,Yes
ARR00971,FIR202502232,P007404,Lokesh Rao,Male,52,Ballari,PS0044,2025-07-28 14:00,Market Area,SI Prakash Sharma,Released on Bail,Rejected,Weapons,44731,No,No,No,No
ARR02470,FIR202502480,P005382,Rahul Kumar,Male,27,Bengaluru Urban,PS0128,2025-07-28 14:12,Hotel,PI Lakshmi Devi,Released on Bail,Rejected,Vehicle,480461,Yes,No,Yes,No
ARR02275,FIR202502422,P009643,Arjun Poojary,Male,22,Belagavi,PS0060,2025-07-28 20:51,Airport,PI Naveen Patil,Police Custody,Pending,Weapons,468802,Yes,Yes,Yes,Yes
ARR02121,FIR202502389,P001515,Harish Shetty,Male,26,Bengaluru Rural,PS0071,2025-07-28 23:23,Bus Stand,SI Ravi Kumar,Judicial Custody,Rejected,Mobile Phones,463241,No,Yes,No,No
ARR00302,FIR202502289,P003156,Suraj Desai,Male,69,Ballari,PS0032,2025-07-29 01:15,Market Area,PI Mahesh Bhat,Judicial Custody,Rejected,None,0,No,No,Yes,No
ARR01310,FIR202502227,P007681,Pradeep Naik,Male,67,Chamarajanagar,PS0211,2025-07-29 03:41,Market Area,SI Suresh Kulkarni,Judicial Custody,Pending,Drugs,446152,No,Yes,Yes,Yes
ARR01876,FIR202502414,P001928,Puneeth Desai,Male,34,Belagavi,PS0057,2025-07-29 07:22,Airport,SI Suresh Kulkarni,Judicial Custody,Pending,Documents,53365,No,Yes,Yes,No
ARR01608,FIR202502400,P007298,Vinay Joshi,Male,25,Ballari,PS0027,2025-07-29 08:22,Railway Station,SI Prakash Sharma,Police Custody,Pending,Cash,15702,Yes,No,No,Yes
ARR02341,FIR202502573,P003750,Chetan Hegde,Male,36,Ballari,PS0036,2025-07-29 08:46,Residence,SI Ravi Kumar,Judicial Custody,Rejected,None,0,Yes,No,No,No
ARR00063,FIR202502516,P001768,Siddu Hegde,Male,33,Belagavi,PS0061,2025-07-29 16:16,Highway Checkpost,PI Ramesh Gowda,Police Custody,Granted,Cash,301838,No,No,No,Yes
ARR00470,FIR202502269,P006155,Vinay Rao,Male,60,Chikkaballapura,PS0235,2025-07-29 18:53,Parking Lot,PI Harish Naik,Released on Bail,Rejected,Laptop,205423,No,No,Yes,Yes
ARR01920,FIR202502466,P007840,Geetha Shetty,Female,64,Belagavi,PS0066,2025-07-30 00:18,Airport,PI Ramesh Gowda,Released on Bail,Granted,Documents,12990,No,No,No,Yes
ARR00799,FIR202502583,P000096,Rekha Rao,Female,32,Bidar,PS0164,2025-07-30 02:12,Parking Lot,PI Mahesh Bhat,Judicial Custody,Granted,Gold,488810,Yes,Yes,Yes,Yes
ARR01992,FIR202502391,P005733,Shivakumar Reddy,Male,55,Chamarajanagar,PS0209,2025-07-30 05:26,Industrial Area,PI Mahesh Bhat,Released on Bail,Rejected,Documents,149776,No,No,Yes,No
ARR00112,FIR202502496,P001940,Rohit Kumar,Male,57,Ballari,PS0027,2025-07-30 05:56,Border Checkpost,PI Harish Naik,Released on Bail,Granted,Documents,228455,Yes,Yes,No,No
ARR00252,FIR202502355,P002503,Kiran Kambali,Male,66,Bengaluru Rural,PS0102,2025-07-30 06:08,Industrial Area,SI Ganesh Rao,Released on Bail,Granted,Weapons,328192,Yes,Yes,No,Yes
ARR02117,FIR202502320,P004455,Shivakumar Poojary,Male,65,Ballari,PS0034,2025-07-30 06:37,Residence,SI Ravi Kumar,Police Custody,Rejected,Documents,295056,Yes,No,Yes,Yes
ARR00682,FIR202502489,P007147,Akash Desai,Male,40,Belagavi,PS0066,2025-07-30 07:28,Bus Stand,SI Divya Hegde,Released on Bail,Granted,Mobile Phones,45497,No,Yes,Yes,Yes
ARR01059,FIR202502380,P005907,Anjali Bhat,Female,60,Bengaluru Urban,PS0129,2025-07-30 09:44,Industrial Area,PI Lakshmi Devi,Police Custody,Pending,Mobile Phones,43138,No,No,No,No
ARR02487,FIR202502459,P007515,Shivakumar Naik,Male,28,Chamarajanagar,PS0204,2025-07-30 17:21,Shopping Mall,PI Ramesh Gowda,Police Custody,Granted,Vehicle,204657,No,No,Yes,No
ARR00625,FIR202502430,P007202,Chetan Naik,Male,63,Chikkaballapura,PS0242,2025-07-31 04:07,Parking Lot,PI Harish Naik,Police Custody,Granted,Weapons,419479,No,Yes,No,No
ARR01823,FIR202502523,P008062,Shivakumar Sharma,Male,47,Bengaluru Rural,PS0108,2025-07-31 06:15,Bus Stand,SI Prakash Sharma,Released on Bail,Rejected,Gold,447190,Yes,Yes,No,Yes
ARR00813,FIR202502572,P008070,Bhavya Desai,Female,31,Belagavi,PS0058,2025-07-31 11:54,Industrial Area,PI Ramesh Gowda,Released on Bail,Pending,Cash,387974,No,No,No,Yes
ARR00707,FIR202502263,P009835,Rohit Rao,Male,68,Bidar,PS0184,2025-07-31 11:59,Border Checkpost,PI Harish Naik,Judicial Custody,Granted,Gold,378182,No,No,Yes,Yes
ARR00902,FIR202502581,P009992,Ganesh Poojary,Male,47,Chikkaballapura,PS0235,2025-07-31 12:33,Industrial Area,PI Lakshmi Devi,Judicial Custody,Granted,Laptop,412676,Yes,No,No,No
ARR02346,FIR202502567,P007798,Kiran Poojary,Male,45,Belagavi,PS0048,2025-07-31 12:57,Railway Station,SI Ganesh Rao,Released on Bail,Pending,Gold,260034,Yes,No,Yes,Yes
ARR00833,FIR202502245,P002986,Suresh Naik,Male,36,Ballari,PS0026,2025-07-31 14:49,Lodge,SI Ravi Kumar,Judicial Custody,Pending,Cash,347172,Yes,No,No,No
ARR00286,FIR202502477,P003716,Vinay Patil,Male,70,Ballari,PS0044,2025-07-31 15:28,Border Checkpost,SI Ravi Kumar,Released on Bail,Rejected,Weapons,134538,Yes,Yes,Yes,No
ARR02528,FIR202502557,P002110,Abhishek Kambali,Male,70,Bagalkote,PS0014,2025-07-31 20:44,Shopping Mall,PI Lakshmi Devi,Released on Bail,Rejected,Drugs,263295,No,No,No,Yes
ARR01451,FIR202502501,P002967,Shivakumar Patil,Male,46,Ballari,PS0027,2025-07-31 20:48,Market Area,PI Lakshmi Devi,Police Custody,Granted,Drugs,74251,Yes,Yes,Yes,No
ARR02517,FIR202502508,P005845,Harish Singh,Male,48,Ballari,PS0031,2025-07-31 23:40,Lodge,PI Ramesh Gowda,Police Custody,Pending,Documents,89263,No,Yes,Yes,No
ARR02213,FIR202502325,P001387,Manoj Pujari,Male,45,Bengaluru Urban,PS0132,2025-08-01 04:28,Airport,PI Naveen Patil,Released on Bail,Rejected,Laptop,279217,Yes,No,No,Yes
ARR02285,FIR202502531,P005311,Pradeep Verma,Male,58,Belagavi,PS0062,2025-08-01 05:03,Lodge,SI Ravi Kumar,Released on Bail,Granted,Drugs,268684,No,Yes,No,Yes
ARR01463,FIR202502498,P006112,Basavaraj Rao,Male,60,Chamarajanagar,PS0198,2025-08-01 07:33,Lodge,PI Naveen Patil,Released on Bail,Rejected,Mobile Phones,185391,Yes,No,Yes,No
ARR00453,FIR202502336,P008994,Darshan Shetty,Male,60,Chamarajanagar,PS0203,2025-08-01 08:52,Lodge,PI Mahesh Bhat,Police Custody,Pending,Drugs,425369,No,No,Yes,Yes
ARR00487,FIR202502420,P002000,Akash Patil,Male,19,Bengaluru Rural,PS0089,2025-08-01 12:39,Industrial Area,SI Divya Hegde,Released on Bail,Rejected,Gold,447392,No,No,Yes,Yes
ARR01462,FIR202502278,P004824,Nisha Hiremath,Female,49,Bidar,PS0189,2025-08-01 16:04,Border Checkpost,PI Naveen Patil,Released on Bail,Rejected,Vehicle,339043,No,No,No,No
ARR00692,FIR202502511,P002443,Naveen Sharma,Male,27,Chamarajanagar,PS0230,2025-08-01 19:02,Shopping Mall,PI Mahesh Bhat,Police Custody,Rejected,Documents,417454,Yes,Yes,No,No
ARR00781,FIR202502429,P009785,Bhavya Sharma,Female,32,Chikkaballapura,PS0241,2025-08-02 03:02,Parking Lot,SI Prakash Sharma,Judicial Custody,Granted,Vehicle,49794,Yes,No,Yes,Yes
ARR01278,FIR202502564,P005087,Naveen Siddiqui,Male,38,Bengaluru Rural,PS0099,2025-08-02 10:24,Industrial Area,PI Ramesh Gowda,Police Custody,Pending,Mobile Phones,458963,Yes,No,Yes,Yes
ARR00496,FIR202502307,P009539,Lokesh Kambali,Male,19,Bengaluru Urban,PS0133,2025-08-02 17:34,Lodge,PI Harish Naik,Released on Bail,Rejected,Vehicle,61375,Yes,No,No,No
ARR00645,FIR202502273,P004610,Basavaraj Singh,Male,29,Chamarajanagar,PS0195,2025-08-02 20:04,Residence,SI Suresh Kulkarni,Police Custody,Pending,Gold,420685,No,No,Yes,No
ARR01385,FIR202502394,P009697,Darshan Patil,Male,61,Chamarajanagar,PS0223,2025-08-02 22:14,Residence,SI Ravi Kumar,Released on Bail,Rejected,Drugs,434932,No,Yes,No,Yes
ARR01611,FIR202502471,P000875,Mahesh Bhat,Male,31,Bengaluru Urban,PS0118,2025-08-03 00:01,Airport,SI Divya Hegde,Judicial Custody,Pending,Weapons,10548,Yes,Yes,No,Yes
ARR00489,FIR202502585,P009366,Basavaraj Naik,Male,36,Bagalkote,PS0005,2025-08-03 00:31,Railway Station,SI Ravi Kumar,Police Custody,Granted,Weapons,464986,Yes,Yes,Yes,No
ARR00154,FIR202502335,P003496,Naveen Sharma,Male,65,Bengaluru Rural,PS0107,2025-08-03 02:24,Residence,PI Naveen Patil,Released on Bail,Pending,None,0,No,No,Yes,Yes
ARR02255,FIR202502443,P002851,Anitha Hiremath,Female,52,Belagavi,PS0065,2025-08-03 05:06,Industrial Area,PI Lakshmi Devi,Released on Bail,Rejected,Vehicle,41523,No,No,No,No
ARR01691,FIR202502563,P002560,Ajay Sharma,Male,40,Ballari,PS0035,2025-08-03 06:03,Airport,PI Ramesh Gowda,Judicial Custody,Granted,Cash,345098,Yes,Yes,Yes,No
ARR02277,FIR202502298,P001615,Naveen Angadi,Male,68,Bagalkote,PS0019,2025-08-03 08:29,Railway Station,PI Ramesh Gowda,Released on Bail,Granted,Laptop,425531,No,Yes,Yes,Yes
ARR00708,FIR202502577,P002338,Siddu Kambali,Male,46,Bengaluru Rural,PS0091,2025-08-03 12:14,Border Checkpost,PI Ramesh Gowda,Released on Bail,Rejected,Cash,136871,Yes,No,No,No
ARR01888,FIR202502411,P004182,Abhishek Pujari,Male,59,Ballari,PS0041,2025-08-03 17:21,Railway Station,SI Suresh Kulkarni,Judicial Custody,Granted,Laptop,318009,No,No,No,Yes
ARR00834,FIR202502267,P003817,Suraj Reddy,Male,35,Belagavi,PS0053,2025-08-04 02:13,Railway Station,SI Ganesh Rao,Judicial Custody,Granted,None,0,No,Yes,Yes,Yes
ARR01244,FIR202502533,P007383,Sanjay Kambali,Male,26,Belagavi,PS0047,2025-08-04 04:02,Market Area,PI Ramesh Gowda,Released on Bail,Rejected,Drugs,246006,No,No,Yes,No
ARR01601,FIR202502627,P005434,Sanjay Singh,Male,64,Chamarajanagar,PS0217,2025-08-04 04:07,Residence,SI Suresh Kulkarni,Police Custody,Rejected,Drugs,49087,No,Yes,No,No
ARR02239,FIR202502376,P003275,Siddu Naik,Male,56,Belagavi,PS0064,2025-08-04 04:14,Market Area,SI Divya Hegde,Judicial Custody,Granted,Mobile Phones,318670,No,No,No,No
ARR02499,FIR202502526,P004796,Megha Siddiqui,Female,54,Belagavi,PS0056,2025-08-04 05:33,Residence,SI Prakash Sharma,Police Custody,Granted,Documents,493528,Yes,No,No,Yes
ARR01488,FIR202502562,P007315,Basavaraj Rao,Male,54,Ballari,PS0034,2025-08-04 19:42,Border Checkpost,SI Suresh Kulkarni,Police Custody,Pending,Documents,484007,No,Yes,No,Yes
ARR00384,FIR202502481,P007591,Siddu Angadi,Male,53,Belagavi,PS0046,2025-08-04 21:51,Parking Lot,SI Suresh Kulkarni,Police Custody,Rejected,Gold,480160,No,No,Yes,No
ARR01154,FIR202502287,P007959,Pradeep Singh,Male,36,Ballari,PS0032,2025-08-05 05:52,Bus Stand,PI Lakshmi Devi,Judicial Custody,Pending,Gold,38553,Yes,No,No,Yes
ARR01788,FIR202502347,P008667,Rohit Angadi,Male,46,Bidar,PS0171,2025-08-05 06:24,Parking Lot,PI Ramesh Gowda,Released on Bail,Pending,Documents,413115,Yes,Yes,Yes,Yes
ARR00231,FIR202502425,P002139,Ravi Reddy,Male,45,Ballari,PS0030,2025-08-05 11:58,Shopping Mall,PI Naveen Patil,Released on Bail,Pending,Laptop,305995,Yes,No,Yes,No
ARR01346,FIR202502462,P007521,Mahesh Sharma,Male,62,Belagavi,PS0060,2025-08-05 12:40,Parking Lot,PI Harish Naik,Police Custody,Rejected,None,0,No,Yes,Yes,No
ARR01904,FIR202502440,P001757,Lokesh Kumar,Male,54,Belagavi,PS0069,2025-08-06 04:39,Industrial Area,SI Ravi Kumar,Judicial Custody,Granted,Vehicle,214318,No,No,Yes,No
ARR01683,FIR202502543,P004851,Nisha Sharma,Female,53,Ballari,PS0033,2025-08-06 23:14,Parking Lot,SI Suresh Kulkarni,Police Custody,Rejected,Laptop,133259,No,No,Yes,Yes
ARR01958,FIR202502657,P008334,Suraj Hegde,Male,22,Chamarajanagar,PS0220,2025-08-07 00:17,Highway Checkpost,SI Prakash Sharma,Released on Bail,Granted,Cash,283421,Yes,Yes,Yes,Yes
ARR01011,FIR202502539,P007471,Rekha Kumar,Female,31,Bengaluru Urban,PS0121,2025-08-07 06:07,Highway Checkpost,SI Ravi Kumar,Judicial Custody,Pending,Documents,345734,No,No,No,No
ARR02185,FIR202502607,P001117,Ravi Hegde,Male,27,Bengaluru Rural,PS0075,2025-08-07 12:05,Parking Lot,SI Suresh Kulkarni,Police Custody,Granted,Gold,362805,No,Yes,No,Yes
ARR00839,FIR202502578,P009513,Mahesh Angadi,Male,34,Belagavi,PS0050,2025-08-07 13:33,Industrial Area,SI Suresh Kulkarni,Police Custody,Rejected,Laptop,458741,Yes,No,No,Yes
ARR00797,FIR202502605,P007933,Ganesh Patil,Male,44,Bengaluru Urban,PS0126,2025-08-07 19:45,Airport,SI Divya Hegde,Judicial Custody,Granted,Vehicle,159067,No,No,No,No
ARR01380,FIR202502515,P007857,Siddu Reddy,Male,32,Bidar,PS0155,2025-08-07 22:45,Industrial Area,PI Lakshmi Devi,Released on Bail,Pending,Weapons,208307,No,No,Yes,Yes
ARR00647,FIR202502360,P002299,Basavaraj Angadi,Male,54,Belagavi,PS0050,2025-08-07 23:47,Industrial Area,SI Suresh Kulkarni,Judicial Custody,Rejected,Documents,319641,Yes,Yes,Yes,Yes
ARR01107,FIR202502500,P008013,Ramesh Kambali,Male,38,Chikkaballapura,PS0247,2025-08-08 01:41,Hotel,SI Divya Hegde,Judicial Custody,Pending,Cash,191027,Yes,No,Yes,No
ARR02253,FIR202502544,P009405,Puneeth Verma,Male,65,Belagavi,PS0069,2025-08-08 01:57,Farm House,SI Suresh Kulkarni,Police Custody,Granted,Gold,476315,No,Yes,Yes,Yes
ARR02377,FIR202502382,P002516,Chetan Desai,Male,70,Bengaluru Rural,PS0072,2025-08-08 02:37,Parking Lot,PI Harish Naik,Judicial Custody,Rejected,Drugs,432279,Yes,Yes,No,No
ARR01654,FIR202502351,P009823,Lakshmi Verma,Female,70,Ballari,PS0044,2025-08-08 05:37,Farm House,SI Ravi Kumar,Police Custody,Pending,None,0,No,No,Yes,Yes
ARR02196,FIR202502565,P001282,Shivakumar Poojary,Male,49,Belagavi,PS0054,2025-08-08 06:22,Industrial Area,SI Prakash Sharma,Released on Bail,Pending,Documents,387021,No,No,Yes,Yes
ARR01378,FIR202502548,P002265,Harish Verma,Male,30,Chamarajanagar,PS0204,2025-08-08 18:40,Residence,SI Divya Hegde,Police Custody,Rejected,None,0,No,Yes,Yes,No
ARR01886,FIR202502494,P002104,Shivakumar Kulkarni,Male,48,Belagavi,PS0061,2025-08-08 21:56,Airport,SI Divya Hegde,Released on Bail,Granted,Laptop,468662,No,Yes,Yes,Yes
ARR02416,FIR202502372,P003956,Vinay Hiremath,Male,60,Bengaluru Rural,PS0103,2025-08-09 01:01,Railway Station,SI Ravi Kumar,Released on Bail,Pending,Vehicle,324928,No,No,No,Yes
ARR02080,FIR202502670,P007279,Ravi Shetty,Male,20,Belagavi,PS0067,2025-08-09 02:54,Shopping Mall,SI Divya Hegde,Police Custody,Pending,Cash,123504,No,No,Yes,No
ARR02152,FIR202502324,P002405,Nisha Angadi,Female,47,Ballari,PS0040,2025-08-09 12:28,Highway Checkpost,PI Harish Naik,Judicial Custody,Pending,Vehicle,147499,Yes,Yes,No,No
ARR02103,FIR202502560,P007716,Abhishek Joshi,Male,41,Bengaluru Urban,PS0129,2025-08-09 16:11,Border Checkpost,PI Lakshmi Devi,Judicial Custody,Granted,Vehicle,42142,No,No,Yes,No
ARR01306,FIR202502520,P001166,Rohit Gowda,Male,47,Chikkaballapura,PS0242,2025-08-10 03:47,Market Area,PI Mahesh Bhat,Police Custody,Pending,Mobile Phones,244128,Yes,Yes,No,Yes
ARR01418,FIR202502636,P008937,Darshan Siddiqui,Male,66,Bidar,PS0157,2025-08-10 10:39,Bus Stand,SI Prakash Sharma,Police Custody,Granted,Laptop,151853,Yes,Yes,No,No
ARR01185,FIR202502552,P008445,Kiran Singh,Male,59,Bidar,PS0162,2025-08-10 10:59,Highway Checkpost,SI Divya Hegde,Judicial Custody,Rejected,Mobile Phones,178058,Yes,Yes,Yes,Yes
ARR01197,FIR202502648,P009629,Naveen Hegde,Male,19,Belagavi,PS0069,2025-08-10 13:11,Shopping Mall,SI Ravi Kumar,Judicial Custody,Pending,None,0,No,No,No,No
ARR00455,FIR202502594,P008385,Mahesh Reddy,Male,36,Bengaluru Urban,PS0140,2025-08-10 15:28,Lodge,PI Ramesh Gowda,Judicial Custody,Rejected,Cash,65871,Yes,Yes,Yes,No
ARR00921,FIR202502535,P006374,Darshan Singh,Male,18,Belagavi,PS0054,2025-08-10 16:59,Airport,SI Ganesh Rao,Police Custody,Rejected,Gold,333660,Yes,Yes,Yes,No
ARR00824,FIR202502601,P007017,Puneeth Kambali,Male,59,Chamarajanagar,PS0207,2025-08-10 23:55,Highway Checkpost,SI Suresh Kulkarni,Judicial Custody,Rejected,Weapons,470442,Yes,Yes,Yes,Yes
ARR00390,FIR202502517,P002394,Siddu Poojary,Male,34,Bengaluru Rural,PS0070,2025-08-11 09:54,Residence,PI Harish Naik,Police Custody,Pending,Cash,433531,Yes,Yes,Yes,Yes
ARR01772,FIR202502549,P006145,Vijay Kumar,Male,60,Bidar,PS0179,2025-08-11 13:13,Hotel,SI Divya Hegde,Judicial Custody,Pending,Gold,465730,No,No,No,No
ARR00718,FIR202502672,P004708,Chetan Reddy,Male,53,Ballari,PS0041,2025-08-11 16:21,Parking Lot,SI Prakash Sharma,Judicial Custody,Granted,Laptop,21924,Yes,No,Yes,Yes
ARR00290,FIR202502696,P003335,Abhishek Bhat,Male,26,Belagavi,PS0050,2025-08-11 17:47,Residence,PI Harish Naik,Police Custody,Pending,Vehicle,128970,No,Yes,Yes,Yes
ARR01292,FIR202502423,P001853,Lokesh Verma,Male,65,Ballari,PS0043,2025-08-11 21:55,Industrial Area,SI Ravi Kumar,Judicial Custody,Granted,Mobile Phones,36156,Yes,Yes,No,No
ARR01986,FIR202502700,P006860,Vinay Singh,Male,57,Chamarajanagar,PS0222,2025-08-12 02:14,Farm House,SI Suresh Kulkarni,Judicial Custody,Rejected,Gold,366040,No,Yes,No,No
ARR00369,FIR202502449,P007118,Lokesh Pujari,Male,25,Belagavi,PS0064,2025-08-12 05:25,Bus Stand,SI Suresh Kulkarni,Released on Bail,Granted,Vehicle,348170,Yes,No,Yes,No
ARR01712,FIR202502436,P007736,Kiran Patil,Male,61,Chamarajanagar,PS0217,2025-08-12 11:11,Market Area,PI Lakshmi Devi,Released on Bail,Granted,Documents,379496,Yes,No,Yes,No
ARR01834,FIR202502408,P005325,Rohit Kumar,Male,62,Ballari,PS0026,2025-08-12 13:27,Farm House,SI Suresh Kulkarni,Released on Bail,Pending,Documents,13136,No,Yes,No,No
ARR01356,FIR202502674,P007694,Megha Hiremath,Female,66,Bengaluru Urban,PS0139,2025-08-12 14:15,Farm House,PI Harish Naik,Police Custody,Pending,Documents,312017,No,No,No,No
ARR01328,FIR202502633,P001311,Arjun Verma,Male,65,Bengaluru Urban,PS0125,2025-08-12 22:45,Residence,SI Ganesh Rao,Police Custody,Rejected,Documents,150699,No,No,Yes,Yes
ARR00698,FIR202502490,P000041,Sanjay Kambali,Male,58,Bengaluru Urban,PS0130,2025-08-13 02:23,Farm House,SI Ganesh Rao,Police Custody,Granted,Laptop,325374,No,Yes,No,No
ARR02344,FIR202502609,P009656,Sunitha Hegde,Female,43,Bengaluru Rural,PS0104,2025-08-13 04:54,Parking Lot,SI Prakash Sharma,Police Custody,Rejected,Gold,51893,No,No,No,No
ARR02193,FIR202502695,P007412,Akash Pujari,Male,45,Bengaluru Rural,PS0107,2025-08-13 05:25,Shopping Mall,PI Harish Naik,Police Custody,Pending,Documents,472973,Yes,Yes,No,Yes
ARR00002,FIR202502653,P005995,Suraj Hegde,Male,67,Chikkaballapura,PS0239,2025-08-13 20:28,Hotel,PI Naveen Patil,Released on Bail,Granted,None,0,No,Yes,Yes,Yes
ARR00407,FIR202502679,P003047,Siddu Singh,Male,32,Bidar,PS0159,2025-08-13 20:56,Industrial Area,SI Ganesh Rao,Police Custody,Pending,Cash,362232,No,No,No,Yes
ARR01989,FIR202502464,P007417,Ajay Hegde,Male,58,Bidar,PS0174,2025-08-13 23:45,Parking Lot,PI Mahesh Bhat,Judicial Custody,Rejected,Laptop,94337,Yes,No,No,Yes
ARR01951,FIR202502416,P009715,Priya Rao,Female,61,Belagavi,PS0062,2025-08-13 23:47,Lodge,SI Prakash Sharma,Judicial Custody,Granted,Drugs,379319,Yes,Yes,No,Yes
ARR00059,FIR202502579,P007854,Arjun Kulkarni,Male,29,Ballari,PS0029,2025-08-14 00:45,Market Area,SI Ravi Kumar,Judicial Custody,Granted,Mobile Phones,13654,Yes,No,Yes,No
ARR00779,FIR202502503,P003455,Anjali Joshi,Female,35,Belagavi,PS0063,2025-08-14 10:01,Hotel,PI Ramesh Gowda,Police Custody,Pending,Cash,277766,No,No,Yes,Yes
ARR00339,FIR202502628,P005262,Naveen Kumar,Male,32,Belagavi,PS0050,2025-08-14 10:11,Residence,PI Ramesh Gowda,Released on Bail,Granted,Vehicle,336689,No,Yes,No,No
ARR02011,FIR202502478,P003802,Sangeetha Desai,Female,22,Chamarajanagar,PS0204,2025-08-14 14:12,Airport,PI Mahesh Bhat,Judicial Custody,Granted,Mobile Phones,21347,No,No,No,Yes
ARR01496,FIR202502510,P006776,Shivakumar Hegde,Male,31,Ballari,PS0032,2025-08-14 18:29,Bus Stand,PI Ramesh Gowda,Judicial Custody,Granted,Documents,275506,No,No,No,Yes
ARR01139,FIR202502528,P001128,Shivakumar Pujari,Male,62,Ballari,PS0041,2025-08-14 20:52,Bus Stand,PI Naveen Patil,Police Custody,Granted,Gold,302139,Yes,Yes,Yes,No
ARR01657,FIR202502434,P006025,Ganesh Patil,Male,50,Belagavi,PS0069,2025-08-14 21:58,Airport,SI Prakash Sharma,Police Custody,Rejected,None,0,Yes,No,Yes,Yes
ARR00215,FIR202502506,P000180,Lakshmi Siddiqui,Female,24,Bengaluru Urban,PS0142,2025-08-15 02:44,Farm House,SI Divya Hegde,Judicial Custody,Pending,Weapons,372311,No,Yes,No,Yes
ARR00559,FIR202502659,P004919,Darshan Shetty,Male,36,Bengaluru Urban,PS0110,2025-08-15 08:51,Parking Lot,PI Mahesh Bhat,Judicial Custody,Granted,None,0,No,No,No,Yes
ARR00641,FIR202502558,P000177,Mahesh Singh,Male,56,Ballari,PS0027,2025-08-15 10:15,Industrial Area,SI Suresh Kulkarni,Police Custody,Granted,Laptop,162803,Yes,No,Yes,Yes
ARR00570,FIR202502472,P000717,Puneeth Reddy,Male,22,Bidar,PS0170,2025-08-15 11:23,Farm House,PI Lakshmi Devi,Released on Bail,Pending,Documents,113277,No,Yes,No,Yes
ARR01010,FIR202502512,P006617,Vidya Poojary,Female,45,Chamarajanagar,PS0205,2025-08-15 15:29,Farm House,PI Mahesh Bhat,Judicial Custody,Rejected,Vehicle,485246,Yes,No,No,No
ARR00402,FIR202502699,P003647,Kiran Kambali,Male,62,Bengaluru Urban,PS0129,2025-08-15 17:30,Railway Station,SI Ganesh Rao,Judicial Custody,Pending,Laptop,282777,No,Yes,Yes,Yes
ARR00481,FIR202502482,P002534,Ganesh Pujari,Male,20,Bidar,PS0177,2025-08-15 18:04,Residence,SI Ravi Kumar,Released on Bail,Granted,Gold,453178,Yes,No,No,Yes
ARR00193,FIR202502559,P002074,Vinay Kambali,Male,49,Ballari,PS0041,2025-08-16 01:04,Residence,SI Ravi Kumar,Released on Bail,Granted,Documents,51455,Yes,No,Yes,Yes
ARR02392,FIR202502660,P007220,Siddu Kumar,Male,34,Chamarajanagar,PS0207,2025-08-16 05:22,Residence,PI Harish Naik,Released on Bail,Granted,Mobile Phones,467413,Yes,Yes,Yes,No
ARR02234,FIR202502509,P001169,Kiran Reddy,Male,71,Bagalkote,PS0015,2025-08-16 05:23,Hotel,PI Lakshmi Devi,Judicial Custody,Rejected,Mobile Phones,457212,Yes,Yes,Yes,No
ARR00748,FIR202502658,P005499,Vijay Gowda,Male,44,Ballari,PS0037,2025-08-17 18:28,Parking Lot,PI Mahesh Bhat,Released on Bail,Pending,None,0,Yes,No,No,Yes
ARR01293,FIR202502692,P010000,Shivakumar Shetty,Male,58,Belagavi,PS0053,2025-08-18 08:09,Shopping Mall,SI Suresh Kulkarni,Police Custody,Granted,Gold,357762,No,Yes,No,Yes
ARR01394,FIR202502720,P006025,Ganesh Patil,Male,50,Belagavi,PS0046,2025-08-18 13:31,Residence,PI Harish Naik,Released on Bail,Rejected,Mobile Phones,25839,Yes,No,Yes,No
ARR00325,FIR202502587,P007329,Vijay Reddy,Male,60,Bidar,PS0164,2025-08-18 14:17,Railway Station,SI Ravi Kumar,Released on Bail,Pending,Drugs,300293,Yes,No,Yes,No
ARR01098,FIR202502678,P000330,Prakash Angadi,Male,60,Bengaluru Urban,PS0112,2025-08-19 01:31,Shopping Mall,PI Lakshmi Devi,Released on Bail,Rejected,Gold,139163,Yes,No,No,No
ARR02454,FIR202502791,P004214,Puneeth Kumar,Male,22,Bengaluru Urban,PS0135,2025-08-19 17:54,Airport,PI Mahesh Bhat,Judicial Custody,Rejected,Laptop,286533,Yes,Yes,Yes,Yes
ARR00926,FIR202502630,P000568,Ramesh Patil,Male,47,Belagavi,PS0047,2025-08-19 22:07,Airport,SI Suresh Kulkarni,Police Custody,Granted,Drugs,215726,No,Yes,Yes,Yes
ARR00478,FIR202502570,P006191,Rohit Poojary,Male,53,Bengaluru Rural,PS0081,2025-08-19 23:45,Farm House,PI Ramesh Gowda,Released on Bail,Pending,Gold,350199,No,No,No,Yes
ARR01930,FIR202502738,P007772,Manoj Hegde,Male,24,Belagavi,PS0057,2025-08-20 03:03,Residence,PI Harish Naik,Released on Bail,Granted,Mobile Phones,147133,No,No,No,No
ARR00735,FIR202502697,P001588,Sangeetha Poojary,Female,38,Bidar,PS0180,2025-08-20 06:23,Market Area,PI Lakshmi Devi,Police Custody,Granted,Vehicle,484571,No,No,Yes,No
ARR00035,FIR202502684,P002106,Arjun Kumar,Male,33,Chamarajanagar,PS0202,2025-08-20 11:47,Farm House,PI Mahesh Bhat,Released on Bail,Pending,Drugs,2951,No,No,Yes,Yes
ARR00107,FIR202502618,P008510,Suresh Bhat,Male,52,Chamarajanagar,PS0194,2025-08-21 06:25,Bus Stand,SI Suresh Kulkarni,Released on Bail,Rejected,Weapons,25601,No,Yes,Yes,Yes
ARR01589,FIR202502584,P002288,Nisha Kambali,Female,44,Chamarajanagar,PS0215,2025-08-21 06:27,Market Area,PI Mahesh Bhat,Police Custody,Pending,Vehicle,456347,Yes,Yes,Yes,No
ARR01060,FIR202502709,P000884,Naveen Kumar,Male,19,Belagavi,PS0058,2025-08-21 16:53,Hotel,SI Ganesh Rao,Judicial Custody,Pending,Mobile Phones,160983,Yes,No,No,No
ARR00660,FIR202502616,P005490,Chetan Verma,Male,66,Ballari,PS0034,2025-08-21 20:19,Parking Lot,PI Harish Naik,Judicial Custody,Granted,Laptop,8973,Yes,No,No,No
ARR00720,FIR202502731,P001160,Ajay Patil,Male,34,Ballari,PS0035,2025-08-21 22:53,Hotel,PI Naveen Patil,Released on Bail,Granted,Drugs,152218,Yes,Yes,Yes,No
ARR00739,FIR202502574,P008934,Mahesh Joshi,Male,33,Belagavi,PS0058,2025-08-22 00:47,Parking Lot,PI Ramesh Gowda,Released on Bail,Granted,None,0,No,No,Yes,Yes
ARR02455,FIR202502654,P009052,Vijay Patil,Male,60,Bidar,PS0169,2025-08-22 05:15,Railway Station,SI Prakash Sharma,Released on Bail,Granted,Mobile Phones,286931,No,No,No,No
ARR01297,FIR202502721,P001031,Sowmya Hiremath,Female,51,Bengaluru Rural,PS0078,2025-08-22 06:58,Airport,SI Divya Hegde,Judicial Custody,Granted,Documents,40237,Yes,Yes,No,Yes
ARR00515,FIR202502610,P006048,Prakash Rao,Male,69,Ballari,PS0031,2025-08-22 08:36,Lodge,SI Suresh Kulkarni,Judicial Custody,Pending,Mobile Phones,22388,Yes,Yes,Yes,Yes
ARR01176,FIR202502755,P003956,Vinay Hiremath,Male,60,Chamarajanagar,PS0219,2025-08-22 08:41,Market Area,PI Naveen Patil,Released on Bail,Rejected,Weapons,405785,No,Yes,Yes,Yes
ARR00699,FIR202502714,P008652,Lokesh Desai,Male,45,Ballari,PS0037,2025-08-22 10:15,Farm House,PI Ramesh Gowda,Judicial Custody,Granted,Documents,134022,Yes,No,No,No
ARR02300,FIR202502761,P008560,Sanjay Kumar,Male,56,Bengaluru Urban,PS0147,2025-08-22 13:04,Highway Checkpost,PI Lakshmi Devi,Judicial Custody,Pending,Gold,288222,No,No,No,Yes
ARR02518,FIR202502821,P007325,Roopa Shetty,Female,32,Bidar,PS0171,2025-08-22 14:39,Market Area,SI Divya Hegde,Released on Bail,Pending,None,0,Yes,Yes,Yes,No
ARR01440,FIR202502765,P009136,Mahesh Hiremath,Male,37,Chamarajanagar,PS0193,2025-08-22 16:45,Bus Stand,SI Suresh Kulkarni,Police Custody,Granted,Weapons,117011,No,Yes,No,Yes
ARR00319,FIR202502779,P009687,Arjun Hiremath,Male,56,Bengaluru Rural,PS0101,2025-08-22 20:28,Farm House,PI Harish Naik,Judicial Custody,Rejected,Cash,44406,Yes,No,No,Yes
ARR00541,FIR202502545,P001755,Vinay Shetty,Male,68,Bengaluru Urban,PS0121,2025-08-22 20:39,Border Checkpost,SI Divya Hegde,Released on Bail,Pending,Drugs,74630,Yes,No,Yes,No
ARR01242,FIR202502612,P004250,Deepa Hegde,Female,25,Ballari,PS0042,2025-08-22 21:52,Railway Station,PI Naveen Patil,Judicial Custody,Rejected,None,0,No,Yes,Yes,No
ARR01268,FIR202502793,P003936,Sunitha Patil,Female,51,Bengaluru Urban,PS0125,2025-08-23 02:50,Highway Checkpost,SI Prakash Sharma,Released on Bail,Rejected,Laptop,432086,Yes,Yes,No,No
ARR00631,FIR202502599,P009295,Darshan Joshi,Male,40,Belagavi,PS0061,2025-08-23 08:39,Residence,PI Mahesh Bhat,Released on Bail,Rejected,Drugs,115899,No,Yes,No,No
ARR00356,FIR202502683,P009500,Asha Verma,Female,22,Belagavi,PS0051,2025-08-24 13:33,Residence,PI Ramesh Gowda,Released on Bail,Rejected,Gold,444695,No,Yes,Yes,No
ARR00490,FIR202502874,P002941,Vinay Verma,Male,65,Bengaluru Rural,PS0077,2025-08-24 14:41,Airport,PI Harish Naik,Police Custody,Granted,None,0,No,Yes,Yes,No
ARR01134,FIR202502677,P001483,Rahul Siddiqui,Male,42,Bengaluru Rural,PS0097,2025-08-24 17:31,Highway Checkpost,SI Suresh Kulkarni,Police Custody,Pending,Drugs,371381,Yes,No,No,No
ARR00053,FIR202502775,P000679,Kiran Hiremath,Male,26,Bengaluru Urban,PS0125,2025-08-24 20:21,Farm House,PI Mahesh Bhat,Released on Bail,Pending,Gold,155180,Yes,No,Yes,Yes
ARR00957,FIR202502649,P005558,Harish Reddy,Male,21,Bengaluru Urban,PS0110,2025-08-25 04:02,Lodge,PI Lakshmi Devi,Released on Bail,Granted,Drugs,196411,Yes,Yes,No,No
ARR00308,FIR202502748,P003136,Pradeep Poojary,Male,26,Ballari,PS0034,2025-08-25 04:19,Residence,PI Ramesh Gowda,Judicial Custody,Granted,Weapons,452577,No,Yes,Yes,No
ARR00680,FIR202502688,P006923,Abhishek Gowda,Male,52,Chikkaballapura,PS0242,2025-08-25 06:01,Parking Lot,SI Ravi Kumar,Police Custody,Granted,Laptop,122579,No,No,No,No
ARR02205,FIR202502760,P004638,Sanjay Pujari,Male,35,Ballari,PS0029,2025-08-25 08:33,Parking Lot,SI Ravi Kumar,Released on Bail,Pending,Mobile Phones,102996,No,No,No,No
ARR01889,FIR202502894,P003392,Abhishek Patil,Male,22,Bagalkote,PS0005,2025-08-25 08:51,Railway Station,SI Ravi Kumar,Police Custody,Pending,Drugs,8735,No,Yes,No,Yes
ARR01942,FIR202502744,P009770,Vidya Kambali,Female,37,Ballari,PS0042,2025-08-25 10:44,Bus Stand,PI Naveen Patil,Judicial Custody,Rejected,Cash,20710,Yes,No,Yes,No
ARR00387,FIR202502762,P008813,Harish Sharma,Male,61,Bidar,PS0172,2025-08-25 14:27,Shopping Mall,PI Ramesh Gowda,Police Custody,Granted,Vehicle,205244,Yes,No,No,No
ARR00073,FIR202502798,P008698,Deepa Hegde,Female,70,Bengaluru Urban,PS0124,2025-08-25 19:46,Highway Checkpost,SI Prakash Sharma,Released on Bail,Rejected,Cash,340399,Yes,No,Yes,Yes
ARR01787,FIR202502897,P004385,Shreya Poojary,Female,32,Belagavi,PS0050,2025-08-25 22:47,Hotel,PI Lakshmi Devi,Released on Bail,Rejected,Drugs,451443,Yes,Yes,Yes,No
ARR02529,FIR202502802,P008819,Ramesh Hiremath,Male,21,Chamarajanagar,PS0212,2025-08-26 03:50,Parking Lot,SI Prakash Sharma,Released on Bail,Pending,None,0,Yes,Yes,No,No
ARR01501,FIR202502639,P007442,Pradeep Singh,Male,31,Ballari,PS0035,2025-08-26 07:16,Lodge,PI Mahesh Bhat,Police Custody,Rejected,Documents,321060,Yes,Yes,Yes,Yes
ARR01841,FIR202502919,P003699,Basavaraj Siddiqui,Male,33,Ballari,PS0035,2025-08-26 13:42,Shopping Mall,SI Suresh Kulkarni,Judicial Custody,Granted,Mobile Phones,144213,No,Yes,Yes,No
ARR01668,FIR202502702,P009845,Siddu Joshi,Male,58,Bengaluru Rural,PS0077,2025-08-26 17:23,Airport,PI Mahesh Bhat,Police Custody,Granted,Mobile Phones,454360,Yes,No,No,No
ARR02023,FIR202502655,P005609,Suresh Siddiqui,Male,63,Bengaluru Rural,PS0105,2025-08-26 18:25,Hotel,SI Divya Hegde,Judicial Custody,Granted,Cash,197544,No,No,No,No
ARR02472,FIR202502831,P009966,Lokesh Poojary,Male,28,Bagalkote,PS0016,2025-08-27 06:38,Shopping Mall,SI Divya Hegde,Released on Bail,Pending,Cash,47436,Yes,No,No,No
ARR01053,FIR202502741,P009487,Akash Hegde,Male,42,Bengaluru Urban,PS0139,2025-08-27 14:23,Hotel,PI Lakshmi Devi,Released on Bail,Pending,Cash,71183,Yes,Yes,Yes,No
ARR00615,FIR202502727,P001099,Ramesh Angadi,Male,68,Bidar,PS0186,2025-08-27 14:56,Lodge,PI Ramesh Gowda,Police Custody,Rejected,Cash,163639,Yes,Yes,No,No
ARR02044,FIR202502788,P002205,Harish Kambali,Male,48,Bagalkote,PS0015,2025-08-27 15:25,Highway Checkpost,SI Divya Hegde,Police Custody,Pending,Gold,479509,Yes,Yes,No,No
ARR02263,FIR202502883,P009418,Vinay Desai,Male,59,Bengaluru Rural,PS0108,2025-08-27 15:29,Residence,SI Suresh Kulkarni,Police Custody,Rejected,Cash,412967,Yes,Yes,Yes,No
ARR02161,FIR202502634,P001713,Ajay Kulkarni,Male,48,Belagavi,PS0058,2025-08-27 17:52,Lodge,SI Ravi Kumar,Police Custody,Pending,Laptop,422545,No,No,No,No
ARR00149,FIR202502576,P001671,Ajay Singh,Male,21,Bengaluru Rural,PS0102,2025-08-27 18:00,Residence,PI Harish Naik,Police Custody,Rejected,None,0,Yes,No,Yes,Yes
ARR01862,FIR202502752,P008573,Chetan Kulkarni,Male,61,Bengaluru Rural,PS0070,2025-08-27 23:36,Hotel,PI Naveen Patil,Police Custody,Pending,Mobile Phones,349441,Yes,Yes,No,No
ARR01847,FIR202502595,P002104,Shivakumar Kulkarni,Male,48,Belagavi,PS0064,2025-08-28 00:43,Parking Lot,PI Ramesh Gowda,Judicial Custody,Granted,Vehicle,304477,Yes,No,No,No
ARR02418,FIR202502880,P009297,Siddu Angadi,Male,24,Bengaluru Rural,PS0095,2025-08-28 01:44,Railway Station,PI Mahesh Bhat,Judicial Custody,Rejected,Gold,348697,No,Yes,Yes,Yes
ARR00960,FIR202502912,P003750,Chetan Hegde,Male,36,Bengaluru Rural,PS0076,2025-08-28 02:50,Airport,SI Ravi Kumar,Released on Bail,Rejected,Vehicle,161035,Yes,No,No,Yes
ARR01908,FIR202502772,P009075,Mahesh Poojary,Male,59,Bengaluru Urban,PS0112,2025-08-28 04:23,Railway Station,PI Harish Naik,Judicial Custody,Rejected,Gold,44056,Yes,No,No,Yes
ARR01658,FIR202502623,P006860,Vinay Singh,Male,57,Bengaluru Urban,PS0147,2025-08-28 13:56,Hotel,SI Prakash Sharma,Released on Bail,Pending,Weapons,269118,No,No,No,Yes
ARR01504,FIR202502588,P007751,Suraj Desai,Male,46,Bengaluru Rural,PS0088,2025-08-29 03:05,Market Area,SI Divya Hegde,Judicial Custody,Rejected,Weapons,238934,No,No,No,Yes
ARR00891,FIR202502668,P003759,Darshan Poojary,Male,41,Ballari,PS0042,2025-08-29 05:51,Residence,SI Ganesh Rao,Released on Bail,Rejected,Mobile Phones,17225,No,Yes,No,No
ARR01830,FIR202502589,P002738,Rohit Singh,Male,23,Chamarajanagar,PS0197,2025-08-29 10:02,Parking Lot,PI Naveen Patil,Judicial Custody,Pending,None,0,No,No,Yes,No
ARR00847,FIR202502937,P007409,Kiran Poojary,Male,45,Bengaluru Rural,PS0082,2025-08-29 12:10,Shopping Mall,PI Ramesh Gowda,Released on Bail,Granted,Drugs,326498,Yes,Yes,Yes,No
ARR00651,FIR202502792,P003920,Suraj Pujari,Male,56,Bengaluru Urban,PS0112,2025-08-29 17:53,Border Checkpost,SI Suresh Kulkarni,Judicial Custody,Pending,Gold,280782,Yes,Yes,Yes,Yes
ARR00327,FIR202502778,P005221,Ramesh Patil,Male,60,Chamarajanagar,PS0222,2025-08-29 19:00,Lodge,PI Mahesh Bhat,Police Custody,Granted,Weapons,263152,No,No,No,No
ARR00045,FIR202502774,P006314,Siddu Desai,Male,50,Bengaluru Urban,PS0131,2025-08-29 19:25,Lodge,PI Lakshmi Devi,Released on Bail,Granted,None,0,Yes,No,Yes,Yes
ARR02483,FIR202502869,P001131,Puneeth Naik,Male,49,Belagavi,PS0052,2025-08-29 19:46,Hotel,PI Lakshmi Devi,Released on Bail,Pending,Gold,450806,No,No,No,Yes
ARR01803,FIR202502901,P008233,Siddu Kulkarni,Male,42,Bengaluru Rural,PS0094,2025-08-29 21:22,Lodge,PI Ramesh Gowda,Released on Bail,Granted,Vehicle,158100,No,Yes,Yes,Yes
ARR01015,FIR202502826,P004744,Prakash Singh,Male,29,Bidar,PS0184,2025-08-29 21:30,Market Area,PI Mahesh Bhat,Police Custody,Pending,Weapons,255569,No,No,No,No
ARR01567,FIR202502918,P009484,Arjun Verma,Male,51,Bengaluru Rural,PS0087,2025-08-29 21:34,Market Area,PI Ramesh Gowda,Police Custody,Rejected,Gold,183366,No,Yes,Yes,No
ARR01375,FIR202502933,P007036,Harish Verma,Male,26,Belagavi,PS0068,2025-08-30 01:59,Airport,SI Ravi Kumar,Police Custody,Rejected,None,0,No,No,Yes,No
ARR01323,FIR202502784,P003129,Darshan Hegde,Male,23,Bengaluru Urban,PS0113,2025-08-30 03:13,Industrial Area,PI Lakshmi Devi,Police Custody,Pending,Gold,163575,Yes,No,No,No
ARR01542,FIR202503010,P006609,Bhavya Patil,Female,61,Bagalkote,PS0022,2025-08-30 13:23,Border Checkpost,PI Lakshmi Devi,Judicial Custody,Pending,None,0,Yes,No,Yes,Yes
ARR01780,FIR202502837,P009622,Ajay Siddiqui,Male,52,Bidar,PS0189,2025-08-30 20:24,Highway Checkpost,SI Ravi Kumar,Police Custody,Pending,None,0,No,Yes,Yes,Yes
ARR01633,FIR202502647,P006874,Kiran Reddy,Male,44,Belagavi,PS0057,2025-08-30 21:28,Railway Station,SI Suresh Kulkarni,Judicial Custody,Granted,Cash,481602,Yes,No,No,No
ARR01910,FIR202502635,P000831,Naveen Kambali,Male,49,Ballari,PS0043,2025-08-30 22:14,Border Checkpost,SI Suresh Kulkarni,Released on Bail,Pending,Mobile Phones,466413,No,Yes,No,Yes
ARR02485,FIR202502945,P008815,Sowmya Joshi,Female,70,Belagavi,PS0048,2025-08-31 01:06,Lodge,PI Lakshmi Devi,Released on Bail,Rejected,Gold,159169,Yes,Yes,Yes,No
ARR01960,FIR202502835,P004265,Sanjay Kambali,Male,46,Bengaluru Rural,PS0099,2025-08-31 02:40,Airport,SI Suresh Kulkarni,Police Custody,Granted,Mobile Phones,168856,No,Yes,Yes,Yes
ARR01679,FIR202502624,P001462,Kiran Sharma,Male,30,Chamarajanagar,PS0228,2025-08-31 02:53,Lodge,PI Mahesh Bhat,Released on Bail,Granted,Laptop,282762,No,Yes,No,Yes
ARR02033,FIR202502712,P001637,Vinay Shetty,Male,70,Ballari,PS0030,2025-08-31 17:11,Market Area,SI Divya Hegde,Judicial Custody,Granted,Laptop,28713,No,Yes,No,No
ARR02273,FIR202502900,P007718,Kiran Desai,Male,68,Bengaluru Rural,PS0078,2025-08-31 20:18,Market Area,SI Ganesh Rao,Judicial Custody,Pending,Weapons,191801,Yes,Yes,Yes,Yes
ARR00460,FIR202502981,P005441,Siddu Poojary,Male,63,Belagavi,PS0058,2025-08-31 23:23,Residence,SI Ravi Kumar,Released on Bail,Rejected,Cash,215953,No,Yes,No,No
ARR02147,FIR202502858,P002917,Vijay Siddiqui,Male,42,Bidar,PS0169,2025-08-31 23:30,Farm House,PI Mahesh Bhat,Police Custody,Pending,Mobile Phones,325192,Yes,No,Yes,No
ARR01311,FIR202502637,P009696,Puneeth Singh,Male,48,Bagalkote,PS0006,2025-09-01 02:16,Parking Lot,PI Ramesh Gowda,Judicial Custody,Rejected,Laptop,45878,Yes,Yes,No,No
ARR02351,FIR202502808,P001556,Harish Kumar,Male,53,Bidar,PS0168,2025-09-01 05:56,Hotel,SI Ravi Kumar,Released on Bail,Granted,Documents,312899,Yes,Yes,No,Yes
ARR02000,FIR202502878,P007089,Chetan Kumar,Male,39,Bidar,PS0186,2025-09-01 08:56,Border Checkpost,PI Harish Naik,Police Custody,Rejected,Vehicle,60952,No,No,No,Yes
ARR00078,FIR202502814,P001287,Ramesh Verma,Male,61,Chamarajanagar,PS0208,2025-09-01 14:17,Railway Station,SI Ravi Kumar,Police Custody,Granted,None,0,No,Yes,No,Yes
ARR01856,FIR202502643,P000355,Lokesh Rao,Male,30,Chikkaballapura,PS0248,2025-09-01 16:36,Railway Station,SI Ganesh Rao,Judicial Custody,Pending,Documents,420899,Yes,No,Yes,Yes
ARR01547,FIR202502915,P002923,Prakash Hiremath,Male,26,Ballari,PS0037,2025-09-01 16:56,Market Area,SI Prakash Sharma,Released on Bail,Granted,Cash,265737,No,Yes,No,No
ARR01225,FIR202502923,P003877,Prakash Rao,Male,53,Chamarajanagar,PS0193,2025-09-01 17:33,Farm House,PI Ramesh Gowda,Police Custody,Pending,Gold,487147,Yes,No,Yes,No
ARR01258,FIR202503016,P002036,Kiran Kumar,Male,38,Bengaluru Rural,PS0073,2025-09-01 18:53,Shopping Mall,PI Ramesh Gowda,Released on Bail,Rejected,Drugs,89482,Yes,Yes,Yes,No
ARR02105,FIR202502884,P009346,Ramesh Singh,Male,69,Bengaluru Rural,PS0084,2025-09-01 19:48,Parking Lot,PI Harish Naik,Judicial Custody,Granted,Cash,432254,Yes,Yes,Yes,Yes
ARR01892,FIR202502631,P003424,Vinay Desai,Male,34,Bengaluru Rural,PS0108,2025-09-01 21:12,Parking Lot,SI Ravi Kumar,Released on Bail,Granted,Drugs,416602,No,No,No,No
ARR00601,FIR202502756,P009236,Suresh Bhat,Male,66,Bidar,PS0160,2025-09-01 22:04,Border Checkpost,PI Lakshmi Devi,Released on Bail,Rejected,Mobile Phones,285808,Yes,Yes,Yes,No
ARR02203,FIR202502991,P009097,Basavaraj Pujari,Male,51,Bengaluru Urban,PS0144,2025-09-02 03:09,Bus Stand,PI Naveen Patil,Released on Bail,Granted,Vehicle,122418,Yes,No,No,Yes
ARR02516,FIR202502845,P004680,Ganesh Bhat,Male,59,Ballari,PS0031,2025-09-02 06:22,Railway Station,SI Ravi Kumar,Police Custody,Granted,Mobile Phones,359540,No,Yes,Yes,No
ARR00145,FIR202502777,P007487,Akash Shetty,Male,64,Ballari,PS0035,2025-09-02 11:12,Airport,PI Lakshmi Devi,Police Custody,Pending,None,0,Yes,Yes,Yes,No
ARR00044,FIR202502898,P009588,Ganesh Singh,Male,21,Bengaluru Rural,PS0092,2025-09-02 12:13,Parking Lot,SI Ravi Kumar,Judicial Custody,Rejected,Weapons,385264,No,Yes,Yes,No
ARR01551,FIR202502895,P003973,Nandini Hiremath,Female,40,Bengaluru Urban,PS0131,2025-09-02 13:54,Shopping Mall,SI Divya Hegde,Released on Bail,Rejected,Laptop,258698,Yes,No,Yes,Yes
ARR00610,FIR202502646,P006608,Harini Verma,Female,35,Bengaluru Rural,PS0099,2025-09-02 14:23,Airport,PI Mahesh Bhat,Judicial Custody,Pending,Documents,346464,Yes,No,Yes,Yes
ARR02531,FIR202502689,P009272,Suresh Bhat,Male,31,Bengaluru Rural,PS0088,2025-09-02 16:18,Farm House,PI Harish Naik,Released on Bail,Rejected,Documents,459575,Yes,Yes,Yes,Yes
ARR01839,FIR202502666,P008258,Akash Shetty,Male,52,Bengaluru Urban,PS0110,2025-09-02 20:31,Hotel,PI Ramesh Gowda,Police Custody,Granted,Mobile Phones,275364,No,Yes,No,No
ARR02280,FIR202503027,P009103,Abhishek Pujari,Male,45,Chikkaballapura,PS0237,2025-09-03 02:00,Railway Station,SI Ravi Kumar,Released on Bail,Granted,Cash,169932,Yes,Yes,Yes,No
ARR01643,FIR202502669,P000644,Shivakumar Reddy,Male,28,Bengaluru Rural,PS0098,2025-09-03 06:52,Lodge,SI Ravi Kumar,Judicial Custody,Pending,Cash,129584,Yes,Yes,No,No
ARR00096,FIR202502656,P007564,Arjun Angadi,Male,65,Ballari,PS0042,2025-09-03 07:20,Lodge,PI Lakshmi Devi,Police Custody,Granted,None,0,Yes,No,Yes,No
ARR02315,FIR202502742,P006838,Suraj Reddy,Male,70,Belagavi,PS0058,2025-09-03 12:37,Market Area,SI Suresh Kulkarni,Police Custody,Pending,Documents,287448,Yes,Yes,No,Yes
ARR00221,FIR202502680,P006836,Ravi Bhat,Male,19,Belagavi,PS0052,2025-09-03 13:20,Bus Stand,SI Suresh Kulkarni,Released on Bail,Rejected,Cash,356005,No,Yes,No,Yes
ARR02317,FIR202502982,P007168,Naveen Joshi,Male,44,Belagavi,PS0048,2025-09-03 14:37,Hotel,SI Suresh Kulkarni,Police Custody,Granted,Documents,404165,Yes,No,No,No
ARR02076,FIR202502665,P009661,Kusuma Angadi,Female,30,Chamarajanagar,PS0220,2025-09-03 17:02,Airport,PI Mahesh Bhat,Judicial Custody,Pending,None,0,No,Yes,Yes,Yes
ARR00595,FIR202502703,P009029,Kusuma Kumar,Female,28,Bengaluru Rural,PS0092,2025-09-03 17:51,Railway Station,PI Lakshmi Devi,Released on Bail,Pending,Weapons,305956,No,Yes,No,Yes
ARR00594,FIR202502815,P007925,Anjali Kambali,Female,38,Bengaluru Rural,PS0073,2025-09-03 19:55,Farm House,SI Ravi Kumar,Released on Bail,Rejected,Laptop,399428,No,No,Yes,No
ARR01399,FIR202502916,P007485,Anitha Hiremath,Female,70,Bengaluru Rural,PS0092,2025-09-03 22:58,Bus Stand,SI Ganesh Rao,Police Custody,Rejected,Drugs,433777,Yes,Yes,No,No
ARR02349,FIR202502690,P009434,Sunitha Gowda,Female,19,Bengaluru Rural,PS0082,2025-09-04 04:52,Hotel,PI Naveen Patil,Released on Bail,Rejected,Vehicle,392537,No,Yes,Yes,No
ARR02312,FIR202502893,P008141,Rekha Singh,Female,29,Bengaluru Rural,PS0071,2025-09-04 06:33,Farm House,PI Harish Naik,Police Custody,Pending,Gold,484101,No,No,No,No
ARR02342,FIR202502834,P005597,Abhishek Siddiqui,Male,69,Bengaluru Urban,PS0111,2025-09-04 08:53,Airport,SI Ganesh Rao,Police Custody,Pending,None,0,No,No,No,Yes
ARR02262,FIR202502707,P007020,Akash Desai,Male,46,Bidar,PS0161,2025-09-04 14:00,Parking Lot,PI Lakshmi Devi,Released on Bail,Pending,Laptop,108687,No,Yes,Yes,No
ARR02062,FIR202502833,P003900,Siddu Hiremath,Male,61,Bengaluru Urban,PS0148,2025-09-04 14:30,Parking Lot,SI Suresh Kulkarni,Police Custody,Pending,Vehicle,110699,No,Yes,No,Yes
ARR01490,FIR202503057,P003494,Puneeth Kulkarni,Male,21,Ballari,PS0043,2025-09-04 19:11,Hotel,PI Harish Naik,Judicial Custody,Pending,Cash,287594,Yes,No,No,Yes
ARR01430,FIR202502736,P008724,Suresh Kumar,Male,22,Belagavi,PS0056,2025-09-04 19:38,Highway Checkpost,PI Mahesh Bhat,Released on Bail,Rejected,Drugs,206294,No,No,No,No
ARR00664,FIR202502953,P007613,Vijay Kumar,Male,67,Ballari,PS0030,2025-09-04 21:25,Railway Station,SI Ravi Kumar,Released on Bail,Rejected,Drugs,102595,No,Yes,Yes,No
ARR00346,FIR202503043,P008026,Shivakumar Kumar,Male,20,Bidar,PS0163,2025-09-04 21:51,Parking Lot,SI Ravi Kumar,Judicial Custody,Rejected,None,0,Yes,No,No,Yes
ARR00577,FIR202503055,P002499,Lokesh Poojary,Male,43,Bengaluru Urban,PS0132,2025-09-04 23:21,Highway Checkpost,SI Suresh Kulkarni,Police Custody,Granted,Mobile Phones,490817,Yes,No,Yes,No
ARR02400,FIR202502650,P004992,Sanjay Desai,Male,31,Bengaluru Rural,PS0091,2025-09-05 05:38,Shopping Mall,PI Ramesh Gowda,Released on Bail,Granted,Vehicle,304530,No,No,No,No
ARR02088,FIR202503075,P004275,Sanjay Joshi,Male,36,Bidar,PS0163,2025-09-05 20:35,Bus Stand,SI Divya Hegde,Released on Bail,Granted,Laptop,480554,No,Yes,Yes,Yes
ARR02073,FIR202502733,P000224,Ajay Kulkarni,Male,29,Belagavi,PS0054,2025-09-06 01:27,Border Checkpost,SI Ravi Kumar,Police Custody,Rejected,Weapons,189557,No,Yes,No,Yes
ARR01804,FIR202502783,P002042,Basavaraj Kulkarni,Male,31,Ballari,PS0028,2025-09-06 01:44,Railway Station,SI Divya Hegde,Police Custody,Granted,Cash,20397,Yes,Yes,Yes,Yes
ARR00500,FIR202503026,P000615,Puneeth Verma,Male,34,Bagalkote,PS0019,2025-09-06 03:02,Hotel,PI Naveen Patil,Judicial Custody,Rejected,Gold,423247,Yes,No,No,Yes
ARR02328,FIR202502686,P008651,Siddu Hiremath,Male,49,Bidar,PS0181,2025-09-06 09:22,Residence,SI Ganesh Rao,Released on Bail,Rejected,Cash,317360,Yes,Yes,No,No
ARR00942,FIR202502908,P001918,Abhishek Rao,Male,24,Chamarajanagar,PS0202,2025-09-06 11:00,Bus Stand,PI Mahesh Bhat,Released on Bail,Granted,Drugs,210702,Yes,Yes,Yes,No
ARR02425,FIR202502747,P006886,Pradeep Hiremath,Male,64,Bengaluru Rural,PS0081,2025-09-06 17:00,Parking Lot,SI Prakash Sharma,Judicial Custody,Rejected,Vehicle,361300,No,Yes,No,Yes
ARR01609,FIR202502852,P005546,Shivakumar Verma,Male,69,Ballari,PS0028,2025-09-06 19:27,Railway Station,PI Naveen Patil,Judicial Custody,Pending,Weapons,88465,No,No,Yes,No
ARR01040,FIR202502820,P003811,Rohit Gowda,Male,20,Bidar,PS0176,2025-09-06 19:58,Airport,PI Lakshmi Devi,Released on Bail,Pending,Vehicle,82722,Yes,Yes,Yes,No
ARR00592,FIR202502746,P003412,Arjun Singh,Male,25,Belagavi,PS0068,2025-09-06 23:58,Parking Lot,PI Naveen Patil,Police Custody,Rejected,Gold,497825,No,Yes,Yes,No
ARR00899,FIR202502825,P006735,Kusuma Rao,Female,37,Bagalkote,PS0004,2025-09-07 01:28,Shopping Mall,SI Ganesh Rao,Judicial Custody,Pending,Drugs,278322,Yes,Yes,No,No
ARR02345,FIR202502904,P007187,Preethi Patil,Female,61,Bengaluru Rural,PS0085,2025-09-07 03:34,Border Checkpost,PI Harish Naik,Police Custody,Rejected,Documents,196878,No,No,Yes,Yes
ARR00967,FIR202503009,P007557,Puneeth Angadi,Male,27,Belagavi,PS0062,2025-09-07 08:30,Shopping Mall,SI Suresh Kulkarni,Police Custody,Rejected,Laptop,32945,No,Yes,Yes,No
ARR01878,FIR202502782,P007527,Abhishek Poojary,Male,67,Belagavi,PS0054,2025-09-07 09:45,Bus Stand,SI Ganesh Rao,Police Custody,Rejected,Documents,319434,No,No,No,No
ARR00688,FIR202503077,P001557,Preethi Rao,Female,58,Chamarajanagar,PS0212,2025-09-07 23:46,Industrial Area,SI Suresh Kulkarni,Released on Bail,Rejected,Cash,474941,No,No,No,No
ARR00040,FIR202502917,P009704,Basavaraj Kumar,Male,51,Belagavi,PS0056,2025-09-08 02:11,Residence,SI Ganesh Rao,Judicial Custody,Pending,Laptop,87519,Yes,No,No,No
ARR00250,FIR202503008,P002007,Darshan Angadi,Male,29,Bidar,PS0188,2025-09-08 04:54,Residence,SI Suresh Kulkarni,Police Custody,Granted,Cash,296581,Yes,Yes,Yes,No
ARR00385,FIR202502970,P009906,Suresh Angadi,Male,23,Bengaluru Rural,PS0091,2025-09-08 06:00,Residence,PI Naveen Patil,Released on Bail,Pending,Cash,34831,No,Yes,Yes,Yes
ARR01369,FIR202503072,P001472,Sneha Joshi,Female,42,Chikkaballapura,PS0241,2025-09-08 07:53,Market Area,SI Ravi Kumar,Released on Bail,Rejected,Cash,111514,Yes,Yes,No,Yes
ARR00617,FIR202502789,P007935,Pradeep Verma,Male,51,Bidar,PS0161,2025-09-08 07:58,Railway Station,SI Suresh Kulkarni,Police Custody,Rejected,Gold,279229,No,No,No,No
ARR01269,FIR202502902,P009465,Suresh Angadi,Male,35,Bidar,PS0165,2025-09-08 09:46,Border Checkpost,PI Ramesh Gowda,Police Custody,Granted,Drugs,137555,Yes,No,Yes,Yes
ARR00763,FIR202502985,P004328,Ganesh Hegde,Male,65,Ballari,PS0045,2025-09-08 15:35,Industrial Area,PI Ramesh Gowda,Released on Bail,Pending,Cash,45903,No,Yes,Yes,No
ARR00972,FIR202503019,P008731,Manoj Kulkarni,Male,65,Bagalkote,PS0015,2025-09-08 17:19,Lodge,PI Lakshmi Devi,Released on Bail,Rejected,Documents,50692,Yes,Yes,No,No
ARR01669,FIR202502693,P002649,Lokesh Sharma,Male,41,Bidar,PS0163,2025-09-08 18:37,Parking Lot,SI Ravi Kumar,Released on Bail,Rejected,Documents,20214,No,Yes,Yes,Yes
ARR02083,FIR202502750,P006797,Darshan Reddy,Male,49,Bidar,PS0156,2025-09-08 19:38,Border Checkpost,PI Lakshmi Devi,Released on Bail,Pending,Weapons,402014,No,Yes,Yes,Yes
ARR01350,FIR202502723,P003363,Ajay Gowda,Male,39,Bidar,PS0188,2025-09-08 21:25,Bus Stand,PI Naveen Patil,Police Custody,Granted,Laptop,356069,Yes,No,Yes,No
ARR00326,FIR202502759,P002791,Ramesh Angadi,Male,29,Belagavi,PS0054,2025-09-08 22:37,Airport,PI Naveen Patil,Police Custody,Rejected,Mobile Phones,151157,Yes,Yes,Yes,Yes
ARR00701,FIR202502997,P002848,Keerthi Singh,Female,59,Bidar,PS0166,2025-09-08 23:54,Shopping Mall,PI Lakshmi Devi,Judicial Custody,Pending,Weapons,297013,Yes,Yes,Yes,No
ARR02219,FIR202502954,P006607,Abhishek Hiremath,Male,28,Chamarajanagar,PS0195,2025-09-09 01:07,Parking Lot,SI Ganesh Rao,Released on Bail,Rejected,Cash,414525,Yes,No,No,No
ARR01524,FIR202502989,P002575,Rohit Shetty,Male,38,Bagalkote,PS0005,2025-09-09 04:57,Hotel,SI Suresh Kulkarni,Released on Bail,Granted,Drugs,493268,Yes,No,Yes,Yes
ARR01058,FIR202503110,P004631,Vinay Gowda,Male,20,Chamarajanagar,PS0204,2025-09-09 12:10,Market Area,PI Ramesh Gowda,Police Custody,Granted,Documents,177522,Yes,No,Yes,Yes
ARR00247,FIR202502704,P009584,Siddu Verma,Male,28,Bengaluru Urban,PS0110,2025-09-09 13:37,Residence,PI Lakshmi Devi,Released on Bail,Pending,None,0,No,Yes,Yes,No
ARR01152,FIR202502729,P004585,Ravi Gowda,Male,37,Bengaluru Urban,PS0141,2025-09-09 19:35,Highway Checkpost,SI Ravi Kumar,Judicial Custody,Pending,Vehicle,263562,Yes,Yes,Yes,No
ARR00639,FIR202502856,P006331,Geetha Rao,Female,45,Bagalkote,PS0005,2025-09-09 21:40,Lodge,SI Ganesh Rao,Released on Bail,Granted,Laptop,498658,Yes,No,Yes,Yes
ARR02318,FIR202503122,P005731,Nisha Desai,Female,44,Bengaluru Urban,PS0147,2025-09-09 22:42,Shopping Mall,PI Mahesh Bhat,Released on Bail,Pending,Mobile Phones,319391,Yes,No,No,No
ARR01360,FIR202502977,P001537,Kiran Sharma,Male,68,Bagalkote,PS0006,2025-09-09 23:16,Lodge,PI Lakshmi Devi,Judicial Custody,Granted,Gold,385186,Yes,Yes,Yes,No
ARR01574,FIR202502948,P001979,Naveen Kambali,Male,33,Ballari,PS0041,2025-09-10 00:26,Border Checkpost,SI Divya Hegde,Judicial Custody,Granted,Drugs,485140,Yes,Yes,Yes,Yes
ARR01482,FIR202503013,P007956,Ramesh Reddy,Male,52,Bagalkote,PS0025,2025-09-10 00:48,Parking Lot,SI Suresh Kulkarni,Released on Bail,Rejected,Drugs,463896,No,Yes,Yes,Yes
ARR01682,FIR202502885,P007054,Arjun Verma,Male,43,Bengaluru Urban,PS0150,2025-09-10 07:17,Bus Stand,PI Naveen Patil,Police Custody,Rejected,Cash,67926,No,No,Yes,Yes
ARR01947,FIR202503037,P005401,Suraj Verma,Male,26,Bengaluru Urban,PS0141,2025-09-10 09:51,Shopping Mall,SI Ganesh Rao,Judicial Custody,Rejected,Weapons,114660,Yes,Yes,No,Yes
ARR00360,FIR202502776,P002620,Darshan Pujari,Male,58,Chikkaballapura,PS0242,2025-09-10 11:35,Border Checkpost,SI Suresh Kulkarni,Judicial Custody,Rejected,Drugs,417507,No,No,No,Yes
ARR00875,FIR202502819,P006075,Shivakumar Kulkarni,Male,25,Bidar,PS0190,2025-09-10 16:21,Industrial Area,SI Ganesh Rao,Released on Bail,Rejected,Drugs,143804,No,No,No,No
ARR01826,FIR202502698,P009186,Darshan Verma,Male,49,Bagalkote,PS0001,2025-09-10 16:35,Lodge,PI Ramesh Gowda,Judicial Custody,Rejected,Documents,320708,No,No,Yes,No
ARR00546,FIR202502949,P005324,Pradeep Verma,Male,52,Chamarajanagar,PS0230,2025-09-10 20:32,Residence,SI Ravi Kumar,Released on Bail,Pending,Laptop,474529,No,No,Yes,No
ARR01681,FIR202503058,P006778,Harish Kambali,Male,29,Bengaluru Rural,PS0083,2025-09-10 23:10,Border Checkpost,PI Lakshmi Devi,Judicial Custody,Rejected,Documents,261336,Yes,No,Yes,Yes
ARR01701,FIR202502797,P005765,Ravi Angadi,Male,21,Ballari,PS0028,2025-09-11 02:41,Industrial Area,PI Lakshmi Devi,Released on Bail,Granted,Vehicle,220298,Yes,Yes,Yes,Yes
ARR01825,FIR202502861,P000622,Abhishek Joshi,Male,27,Chikkaballapura,PS0238,2025-09-11 09:17,Border Checkpost,SI Ravi Kumar,Judicial Custody,Rejected,Laptop,228628,Yes,No,Yes,No
ARR00350,FIR202503105,P003675,Rekha Reddy,Female,49,Bidar,PS0175,2025-09-11 11:00,Farm House,SI Divya Hegde,Police Custody,Rejected,Mobile Phones,492096,No,No,Yes,No
ARR01080,FIR202503154,P009092,Shreya Shetty,Female,66,Bengaluru Rural,PS0078,2025-09-11 18:50,Bus Stand,SI Ravi Kumar,Police Custody,Rejected,None,0,No,Yes,No,No
ARR01777,FIR202503038,P002173,Deepa Patil,Female,48,Chamarajanagar,PS0193,2025-09-11 19:58,Shopping Mall,PI Lakshmi Devi,Released on Bail,Granted,Cash,295831,No,Yes,No,Yes
ARR00562,FIR202502847,P007157,Rahul Hegde,Male,57,Ballari,PS0041,2025-09-12 00:02,Parking Lot,PI Ramesh Gowda,Judicial Custody,Rejected,Cash,260445,No,No,No,No
ARR01121,FIR202502980,P006416,Shivakumar Verma,Male,58,Belagavi,PS0057,2025-09-12 01:50,Market Area,SI Prakash Sharma,Released on Bail,Pending,Weapons,474725,No,No,Yes,No
ARR02477,FIR202502952,P006942,Rohit Pujari,Male,23,Ballari,PS0034,2025-09-12 01:59,Farm House,PI Lakshmi Devi,Judicial Custody,Granted,Documents,477357,Yes,No,Yes,Yes
ARR02246,FIR202502713,P004327,Ramesh Rao,Male,53,Chamarajanagar,PS0205,2025-09-12 03:30,Residence,SI Ganesh Rao,Judicial Custody,Pending,Laptop,120607,Yes,No,Yes,No
ARR01006,FIR202502938,P006392,Ajay Naik,Male,26,Chikkaballapura,PS0239,2025-09-12 10:44,Parking Lot,PI Ramesh Gowda,Released on Bail,Granted,Gold,364313,Yes,Yes,No,Yes
ARR02173,FIR202502842,P002107,Suraj Shetty,Male,31,Ballari,PS0027,2025-09-12 12:05,Highway Checkpost,PI Naveen Patil,Released on Bail,Granted,Laptop,342639,No,No,No,Yes
ARR02530,FIR202503099,P001238,Shreya Pujari,Female,58,Bidar,PS0177,2025-09-12 13:22,Bus Stand,PI Mahesh Bhat,Judicial Custody,Granted,Vehicle,74435,Yes,Yes,No,No
ARR00828,FIR202502998,P004233,Darshan Pujari,Male,32,Bengaluru Rural,PS0108,2025-09-12 16:37,Airport,PI Naveen Patil,Police Custody,Rejected,Weapons,25031,No,Yes,Yes,No
ARR00335,FIR202503124,P002118,Swathi Patil,Female,53,Chamarajanagar,PS0230,2025-09-12 17:32,Parking Lot,PI Ramesh Gowda,Released on Bail,Pending,Gold,278344,No,Yes,Yes,Yes
ARR00135,FIR202503047,P009893,Pradeep Angadi,Male,22,Belagavi,PS0065,2025-09-12 18:00,Market Area,SI Prakash Sharma,Released on Bail,Granted,Vehicle,111136,Yes,Yes,No,Yes
ARR00516,FIR202502865,P001433,Suraj Shetty,Male,62,Bagalkote,PS0016,2025-09-12 20:49,Farm House,SI Ravi Kumar,Judicial Custody,Rejected,Mobile Phones,277200,No,Yes,No,Yes
ARR01628,FIR202502931,P002124,Ajay Angadi,Male,50,Bengaluru Rural,PS0083,2025-09-12 22:30,Shopping Mall,SI Divya Hegde,Police Custody,Rejected,Gold,285257,No,No,No,No
ARR02358,FIR202503064,P003224,Ajay Patil,Male,29,Bengaluru Urban,PS0133,2025-09-12 22:43,Parking Lot,PI Harish Naik,Police Custody,Rejected,Vehicle,185502,No,Yes,Yes,No
ARR01802,FIR202502942,P002595,Kavya Naik,Female,35,Ballari,PS0031,2025-09-12 23:53,Market Area,PI Ramesh Gowda,Police Custody,Rejected,None,0,Yes,No,No,Yes
ARR01136,FIR202503046,P001109,Naveen Kumar,Male,42,Belagavi,PS0068,2025-09-13 02:53,Shopping Mall,PI Lakshmi Devi,Released on Bail,Rejected,Documents,66376,Yes,Yes,No,Yes
ARR00440,FIR202502877,P004702,Darshan Reddy,Male,68,Ballari,PS0038,2025-09-13 04:14,Shopping Mall,SI Prakash Sharma,Police Custody,Granted,Documents,86542,No,No,Yes,Yes
ARR00141,FIR202502994,P002411,Suraj Verma,Male,24,Bengaluru Rural,PS0085,2025-09-13 14:01,Shopping Mall,SI Ganesh Rao,Judicial Custody,Rejected,Weapons,127555,No,Yes,Yes,Yes
ARR01002,FIR202503089,P001395,Chetan Rao,Male,39,Bidar,PS0174,2025-09-13 15:35,Railway Station,PI Ramesh Gowda,Judicial Custody,Granted,Drugs,96614,Yes,No,No,No
ARR00082,FIR202502743,P008214,Shivakumar Poojary,Male,58,Bengaluru Rural,PS0070,2025-09-13 16:25,Industrial Area,SI Ganesh Rao,Police Custody,Rejected,Mobile Phones,38223,No,No,Yes,No
ARR01729,FIR202502844,P007172,Ravi Angadi,Male,30,Bengaluru Urban,PS0113,2025-09-13 23:01,Border Checkpost,PI Lakshmi Devi,Judicial Custody,Pending,Drugs,97813,No,Yes,No,Yes
ARR02039,FIR202503127,P008049,Pradeep Singh,Male,66,Chamarajanagar,PS0218,2025-09-14 05:05,Border Checkpost,PI Naveen Patil,Judicial Custody,Granted,Documents,366840,Yes,No,Yes,Yes
ARR00137,FIR202502823,P000084,Rohit Joshi,Male,57,Ballari,PS0035,2025-09-14 06:36,Airport,SI Suresh Kulkarni,Police Custody,Rejected,Weapons,102995,No,No,Yes,Yes
ARR01689,FIR202503151,P009415,Suresh Rao,Male,52,Bengaluru Rural,PS0093,2025-09-14 07:56,Residence,PI Harish Naik,Police Custody,Rejected,Vehicle,98080,Yes,No,No,No
ARR01798,FIR202503000,P006435,Kiran Kambali,Male,67,Bidar,PS0188,2025-09-14 08:42,Industrial Area,SI Ravi Kumar,Judicial Custody,Granted,Vehicle,464427,Yes,Yes,No,No
ARR00077,FIR202503100,P000386,Arjun Kulkarni,Male,42,Belagavi,PS0059,2025-09-14 09:14,Airport,SI Ganesh Rao,Police Custody,Pending,None,0,Yes,Yes,Yes,Yes
ARR00532,FIR202503035,P009274,Bhavya Kambali,Female,25,Belagavi,PS0059,2025-09-14 09:41,Parking Lot,PI Naveen Patil,Released on Bail,Rejected,Laptop,386034,Yes,No,Yes,Yes
ARR02017,FIR202502992,P007986,Arjun Angadi,Male,24,Belagavi,PS0046,2025-09-14 13:38,Airport,PI Lakshmi Devi,Judicial Custody,Rejected,Weapons,8303,No,Yes,Yes,Yes
ARR00774,FIR202502957,P009734,Pradeep Hegde,Male,19,Bengaluru Rural,PS0087,2025-09-14 16:09,Lodge,PI Harish Naik,Released on Bail,Pending,Cash,66979,Yes,Yes,No,Yes
ARR00499,FIR202502973,P004841,Sanjay Kulkarni,Male,64,Ballari,PS0027,2025-09-14 22:15,Market Area,SI Suresh Kulkarni,Police Custody,Pending,Gold,456856,No,No,Yes,No
ARR00283,FIR202502924,P001580,Mahesh Hegde,Male,24,Belagavi,PS0049,2025-09-15 10:17,Shopping Mall,SI Divya Hegde,Released on Bail,Pending,None,0,No,Yes,No,Yes
ARR00614,FIR202503056,P009390,Basavaraj Kambali,Male,23,Ballari,PS0027,2025-09-15 11:14,Highway Checkpost,SI Ganesh Rao,Released on Bail,Rejected,Gold,470304,No,Yes,No,Yes
ARR00469,FIR202502780,P004111,Kiran Kumar,Male,36,Chamarajanagar,PS0209,2025-09-15 11:57,Farm House,PI Naveen Patil,Police Custody,Pending,Cash,52489,Yes,No,Yes,No
ARR02498,FIR202502846,P002892,Pradeep Kumar,Male,37,Bengaluru Rural,PS0098,2025-09-15 21:40,Industrial Area,SI Ravi Kumar,Judicial Custody,Granted,Documents,194587,No,No,No,No
ARR00964,FIR202503094,P009109,Sanjay Kambali,Male,62,Bidar,PS0171,2025-09-15 23:54,Residence,SI Divya Hegde,Judicial Custody,Pending,Cash,190727,No,No,Yes,No
ARR02427,FIR202502936,P002862,Bhavya Bhat,Female,29,Belagavi,PS0063,2025-09-16 00:08,Market Area,PI Harish Naik,Police Custody,Granted,Gold,15156,Yes,No,Yes,Yes
ARR01361,FIR202502958,P002261,Rohit Kulkarni,Male,22,Belagavi,PS0049,2025-09-16 03:12,Market Area,PI Naveen Patil,Released on Bail,Pending,Cash,316130,Yes,Yes,No,Yes
ARR01437,FIR202502786,P008243,Ajay Sharma,Male,53,Bagalkote,PS0005,2025-09-16 05:14,Bus Stand,PI Ramesh Gowda,Released on Bail,Granted,Weapons,212185,No,No,No,No
ARR01855,FIR202503101,P002405,Nisha Angadi,Female,47,Bidar,PS0155,2025-09-16 13:55,Shopping Mall,PI Harish Naik,Judicial Custody,Granted,Laptop,409546,No,No,Yes,No
ARR00433,FIR202503144,P009363,Abhishek Reddy,Male,64,Bidar,PS0187,2025-09-16 14:28,Lodge,SI Ravi Kumar,Judicial Custody,Pending,Vehicle,222456,Yes,Yes,No,Yes
ARR01326,FIR202503132,P009352,Naveen Pujari,Male,31,Bengaluru Urban,PS0122,2025-09-16 15:32,Railway Station,PI Mahesh Bhat,Released on Bail,Rejected,Documents,416171,Yes,Yes,No,Yes
ARR01307,FIR202502806,P003140,Mahesh Kulkarni,Male,32,Bengaluru Urban,PS0111,2025-09-16 19:48,Hotel,PI Ramesh Gowda,Released on Bail,Pending,Laptop,414823,No,No,Yes,No
ARR00937,FIR202502832,P005634,Puneeth Singh,Male,51,Bengaluru Rural,PS0088,2025-09-16 20:13,Border Checkpost,PI Ramesh Gowda,Released on Bail,Rejected,Weapons,432877,Yes,No,No,No
ARR00547,FIR202502864,P008903,Bhavya Verma,Female,44,Ballari,PS0026,2025-09-16 21:25,Hotel,PI Ramesh Gowda,Judicial Custody,Granted,Mobile Phones,336399,No,No,No,No
ARR01513,FIR202502866,P007192,Pradeep Rao,Male,45,Belagavi,PS0051,2025-09-16 23:04,Lodge,SI Ravi Kumar,Judicial Custody,Rejected,Gold,8829,No,No,Yes,Yes
ARR01202,FIR202503025,P001161,Suraj Hiremath,Male,30,Belagavi,PS0067,2025-09-17 00:47,Residence,SI Prakash Sharma,Police Custody,Pending,Drugs,88378,No,No,Yes,Yes
ARR01251,FIR202503074,P008751,Akash Pujari,Male,62,Chamarajanagar,PS0228,2025-09-17 04:52,Border Checkpost,SI Prakash Sharma,Police Custody,Pending,Laptop,215574,Yes,Yes,Yes,Yes
ARR01838,FIR202503087,P009728,Basavaraj Patil,Male,36,Chamarajanagar,PS0218,2025-09-17 05:19,Airport,SI Prakash Sharma,Released on Bail,Rejected,Vehicle,404788,Yes,Yes,No,No
ARR00464,FIR202503030,P000951,Suraj Gowda,Male,24,Belagavi,PS0067,2025-09-17 08:46,Industrial Area,SI Divya Hegde,Police Custody,Rejected,Vehicle,350871,No,Yes,Yes,No
ARR00965,FIR202503178,P002187,Mahesh Angadi,Male,38,Chikkaballapura,PS0240,2025-09-17 08:52,Border Checkpost,SI Ganesh Rao,Judicial Custody,Granted,Gold,54152,Yes,Yes,No,No
ARR02122,FIR202502971,P006861,Pradeep Hegde,Male,60,Chamarajanagar,PS0221,2025-09-17 12:18,Industrial Area,SI Ganesh Rao,Released on Bail,Granted,Mobile Phones,92848,No,Yes,Yes,No
ARR01078,FIR202502822,P004597,Darshan Verma,Male,27,Chikkaballapura,PS0249,2025-09-17 16:40,Hotel,PI Ramesh Gowda,Released on Bail,Pending,Vehicle,414211,No,No,No,No
ARR00124,FIR202502979,P003431,Lokesh Patil,Male,23,Chamarajanagar,PS0195,2025-09-17 18:39,Market Area,SI Suresh Kulkarni,Judicial Custody,Rejected,None,0,No,No,No,No
ARR01491,FIR202502944,P003600,Shivakumar Kumar,Male,30,Belagavi,PS0047,2025-09-17 22:49,Market Area,PI Lakshmi Devi,Released on Bail,Rejected,Gold,234610,Yes,Yes,No,No
ARR00632,FIR202502860,P008210,Rohit Hegde,Male,68,Bengaluru Rural,PS0079,2025-09-18 01:58,Market Area,SI Divya Hegde,Judicial Custody,Granted,Cash,403017,No,No,No,No
ARR01373,FIR202503065,P003148,Manoj Desai,Male,40,Chamarajanagar,PS0232,2025-09-18 03:02,Airport,PI Harish Naik,Judicial Custody,Pending,Cash,416911,No,Yes,No,Yes
ARR01398,FIR202502899,P000804,Darshan Hiremath,Male,20,Ballari,PS0029,2025-09-18 04:49,Shopping Mall,SI Divya Hegde,Judicial Custody,Pending,Vehicle,107764,No,Yes,No,No
ARR01073,FIR202503095,P004588,Darshan Bhat,Male,47,Bidar,PS0188,2025-09-18 09:07,Market Area,SI Ravi Kumar,Police Custody,Granted,Vehicle,418347,No,No,Yes,No
ARR00734,FIR202502763,P001322,Arjun Hiremath,Male,36,Ballari,PS0028,2025-09-18 18:38,Market Area,PI Lakshmi Devi,Police Custody,Granted,Documents,302681,Yes,No,No,No
ARR01161,FIR202502855,P002852,Ajay Angadi,Male,26,Belagavi,PS0069,2025-09-18 20:15,Bus Stand,SI Prakash Sharma,Judicial Custody,Pending,Laptop,17118,Yes,Yes,No,Yes
ARR02004,FIR202503049,P001180,Sanjay Pujari,Male,24,Ballari,PS0032,2025-09-18 22:47,Farm House,SI Ravi Kumar,Released on Bail,Pending,Laptop,239864,Yes,Yes,Yes,No
ARR01578,FIR202503044,P000557,Puneeth Hiremath,Male,50,Bidar,PS0166,2025-09-19 00:00,Shopping Mall,PI Ramesh Gowda,Police Custody,Pending,Weapons,291529,No,Yes,No,Yes
ARR01723,FIR202502940,P004661,Puneeth Verma,Male,43,Bengaluru Rural,PS0102,2025-09-19 01:12,Highway Checkpost,PI Naveen Patil,Released on Bail,Granted,Mobile Phones,58286,No,No,Yes,Yes
ARR01794,FIR202503112,P008644,Rohit Sharma,Male,31,Bagalkote,PS0004,2025-09-19 02:29,Railway Station,SI Ravi Kumar,Police Custody,Pending,Vehicle,254267,Yes,No,Yes,No
ARR01693,FIR202502827,P005159,Rohit Angadi,Male,53,Chamarajanagar,PS0206,2025-09-19 04:35,Market Area,SI Prakash Sharma,Police Custody,Pending,Gold,329817,No,No,No,No
ARR00079,FIR202502863,P007250,Ajay Naik,Male,32,Bidar,PS0189,2025-09-19 11:22,Bus Stand,SI Divya Hegde,Released on Bail,Rejected,Laptop,407350,Yes,Yes,Yes,No
ARR00717,FIR202502939,P007007,Rahul Poojary,Male,50,Ballari,PS0026,2025-09-19 12:05,Residence,SI Ravi Kumar,Judicial Custody,Pending,Vehicle,119108,No,No,Yes,Yes
ARR00011,FIR202503066,P009079,Sanjay Poojary,Male,32,Belagavi,PS0053,2025-09-19 14:11,Parking Lot,SI Divya Hegde,Judicial Custody,Pending,Documents,265623,Yes,No,No,No
ARR00596,FIR202502928,P002677,Chetan Kumar,Male,63,Bengaluru Rural,PS0091,2025-09-19 15:12,Farm House,SI Ravi Kumar,Police Custody,Pending,Mobile Phones,359771,Yes,No,Yes,Yes
ARR01129,FIR202502888,P007228,Siddu Pujari,Male,60,Bengaluru Urban,PS0129,2025-09-19 17:37,Lodge,PI Ramesh Gowda,Judicial Custody,Granted,Documents,30626,Yes,Yes,Yes,Yes
ARR02015,FIR202502990,P007214,Sowmya Kulkarni,Female,36,Chamarajanagar,PS0206,2025-09-19 19:59,Residence,SI Ravi Kumar,Judicial Custody,Granted,Gold,61696,Yes,Yes,Yes,Yes
ARR01147,FIR202502800,P009024,Harish Reddy,Male,32,Belagavi,PS0056,2025-09-20 00:38,Parking Lot,PI Naveen Patil,Judicial Custody,Pending,Weapons,167841,No,No,No,No
ARR01980,FIR202502987,P005228,Kiran Sharma,Male,52,Belagavi,PS0062,2025-09-20 09:48,Parking Lot,SI Prakash Sharma,Released on Bail,Rejected,Weapons,185419,Yes,Yes,Yes,No
ARR00084,FIR202502824,P003807,Vinay Kumar,Male,25,Bidar,PS0180,2025-09-20 10:47,Market Area,PI Ramesh Gowda,Police Custody,Pending,Drugs,320277,No,Yes,Yes,Yes
ARR02128,FIR202503146,P006422,Basavaraj Angadi,Male,47,Bengaluru Urban,PS0120,2025-09-20 10:57,Residence,SI Suresh Kulkarni,Released on Bail,Rejected,Vehicle,128723,Yes,No,Yes,No
ARR02446,FIR202502851,P005364,Lokesh Patil,Male,55,Belagavi,PS0068,2025-09-20 14:58,Residence,SI Divya Hegde,Released on Bail,Granted,Vehicle,454978,Yes,Yes,No,Yes
ARR00629,FIR202503204,P002755,Rahul Desai,Male,34,Ballari,PS0027,2025-09-20 20:36,Airport,PI Harish Naik,Police Custody,Pending,Drugs,481132,Yes,Yes,Yes,No
ARR02198,FIR202503020,P009324,Ravi Sharma,Male,31,Belagavi,PS0050,2025-09-21 02:52,Border Checkpost,SI Ravi Kumar,Police Custody,Pending,Mobile Phones,150344,Yes,No,No,No
ARR00769,FIR202503080,P009943,Shreya Joshi,Female,35,Chamarajanagar,PS0234,2025-09-21 07:02,Residence,SI Prakash Sharma,Released on Bail,Pending,Vehicle,232189,Yes,Yes,Yes,No
ARR00087,FIR202502873,P005648,Kiran Bhat,Male,22,Bagalkote,PS0025,2025-09-21 15:47,Market Area,PI Ramesh Gowda,Judicial Custody,Pending,Documents,241191,Yes,Yes,No,No
ARR01561,FIR202502848,P004832,Ramesh Kumar,Male,19,Chamarajanagar,PS0202,2025-09-21 17:43,Market Area,PI Ramesh Gowda,Judicial Custody,Granted,Cash,25329,Yes,Yes,Yes,No
ARR00414,FIR202503081,P008328,Suraj Siddiqui,Male,19,Chamarajanagar,PS0213,2025-09-21 21:21,Hotel,PI Harish Naik,Police Custody,Pending,Weapons,324193,No,No,No,Yes
ARR01035,FIR202502983,P001140,Ganesh Angadi,Male,28,Bidar,PS0185,2025-09-22 08:51,Residence,SI Ravi Kumar,Released on Bail,Pending,Drugs,67831,Yes,Yes,No,Yes
ARR02042,FIR202502914,P006393,Vinay Poojary,Male,46,Bengaluru Rural,PS0086,2025-09-22 12:08,Market Area,PI Ramesh Gowda,Judicial Custody,Granted,Cash,81612,Yes,Yes,No,Yes
ARR01390,FIR202503165,P007257,Naveen Desai,Male,18,Chamarajanagar,PS0229,2025-09-22 19:44,Farm House,SI Suresh Kulkarni,Police Custody,Granted,Vehicle,219609,No,No,Yes,No
ARR00419,FIR202503121,P009866,Ramesh Bhat,Male,41,Bagalkote,PS0021,2025-09-22 23:39,Border Checkpost,PI Mahesh Bhat,Released on Bail,Rejected,Documents,319647,Yes,Yes,Yes,Yes
ARR01135,FIR202503086,P005408,Arjun Kambali,Male,65,Bagalkote,PS0001,2025-09-23 00:28,Railway Station,SI Ravi Kumar,Released on Bail,Rejected,Cash,149866,Yes,No,Yes,No
ARR01381,FIR202503142,P000123,Basavaraj Rao,Male,52,Bidar,PS0188,2025-09-23 00:49,Market Area,SI Ravi Kumar,Judicial Custody,Rejected,Drugs,100525,No,No,No,No
ARR00329,FIR202503159,P002981,Suraj Verma,Male,47,Belagavi,PS0065,2025-09-23 01:03,Shopping Mall,PI Lakshmi Devi,Released on Bail,Granted,None,0,Yes,No,Yes,No
ARR01272,FIR202503226,P000213,Mahesh Kambali,Male,35,Bidar,PS0163,2025-09-23 02:26,Farm House,SI Ravi Kumar,Judicial Custody,Granted,Documents,410076,Yes,Yes,Yes,No
ARR00473,FIR202502907,P001106,Arjun Pujari,Male,48,Bengaluru Rural,PS0101,2025-09-23 03:29,Railway Station,SI Ravi Kumar,Judicial Custody,Pending,Gold,386547,No,No,No,Yes
ARR01755,FIR202502857,P001492,Harini Kulkarni,Female,35,Belagavi,PS0069,2025-09-23 04:08,Lodge,SI Divya Hegde,Police Custody,Pending,Vehicle,175509,No,No,No,No
ARR01647,FIR202503021,P006342,Prakash Naik,Male,29,Belagavi,PS0047,2025-09-23 19:26,Highway Checkpost,PI Harish Naik,Police Custody,Pending,Laptop,350693,Yes,No,No,No
ARR00226,FIR202502976,P007623,Ramesh Pujari,Male,51,Bengaluru Rural,PS0092,2025-09-23 20:07,Lodge,PI Naveen Patil,Released on Bail,Rejected,Weapons,79166,Yes,Yes,Yes,No
ARR00976,FIR202503059,P009868,Prakash Poojary,Male,20,Bengaluru Rural,PS0082,2025-09-24 03:23,Parking Lot,SI Prakash Sharma,Judicial Custody,Granted,Documents,78667,No,No,Yes,No
ARR02031,FIR202503291,P008641,Prakash Angadi,Male,63,Chamarajanagar,PS0228,2025-09-24 07:08,Residence,SI Ravi Kumar,Judicial Custody,Rejected,Documents,147377,No,Yes,Yes,No
ARR01931,FIR202503119,P000948,Akash Angadi,Male,55,Bagalkote,PS0010,2025-09-24 17:03,Highway Checkpost,SI Suresh Kulkarni,Judicial Custody,Rejected,None,0,No,Yes,No,Yes
ARR01703,FIR202503117,P001080,Chetan Kumar,Male,34,Bengaluru Rural,PS0109,2025-09-24 17:35,Shopping Mall,SI Ganesh Rao,Police Custody,Granted,Mobile Phones,260194,No,Yes,Yes,No
ARR00835,FIR202503002,P001337,Abhishek Naik,Male,36,Chikkaballapura,PS0235,2025-09-24 23:13,Highway Checkpost,SI Prakash Sharma,Police Custody,Granted,Drugs,400850,Yes,Yes,Yes,No
ARR00341,FIR202503193,P000752,Rohit Joshi,Male,38,Chamarajanagar,PS0212,2025-09-25 00:06,Railway Station,PI Mahesh Bhat,Judicial Custody,Rejected,Gold,41242,No,Yes,No,Yes
ARR02066,FIR202503259,P009374,Vijay Shetty,Male,58,Bagalkote,PS0008,2025-09-25 01:50,Border Checkpost,PI Lakshmi Devi,Released on Bail,Granted,Gold,441453,No,No,No,Yes
ARR02388,FIR202502962,P009028,Vinay Joshi,Male,53,Bengaluru Urban,PS0122,2025-09-25 03:56,Highway Checkpost,SI Suresh Kulkarni,Released on Bail,Pending,Documents,236761,No,Yes,Yes,No
ARR02132,FIR202502867,P007524,Vijay Kulkarni,Male,20,Belagavi,PS0050,2025-09-25 04:47,Highway Checkpost,SI Ravi Kumar,Judicial Custody,Granted,Laptop,478955,No,Yes,No,Yes
ARR01690,FIR202503139,P000175,Ramesh Siddiqui,Male,31,Ballari,PS0037,2025-09-25 06:56,Farm House,PI Harish Naik,Police Custody,Pending,Weapons,385875,No,No,No,No
ARR01374,FIR202503274,P006307,Siddu Sharma,Male,46,Bengaluru Rural,PS0075,2025-09-25 07:24,Farm House,SI Prakash Sharma,Released on Bail,Rejected,Mobile Phones,187753,No,Yes,No,Yes
ARR00046,FIR202503051,P001709,Lakshmi Rao,Female,43,Bengaluru Rural,PS0097,2025-09-25 08:34,Highway Checkpost,PI Lakshmi Devi,Judicial Custody,Rejected,Cash,67428,No,No,Yes,No
ARR00276,FIR202503217,P000759,Arjun Kambali,Male,41,Chamarajanagar,PS0193,2025-09-25 15:30,Hotel,SI Ganesh Rao,Police Custody,Pending,Laptop,407234,Yes,Yes,Yes,No
ARR00567,FIR202502972,P009095,Ganesh Naik,Male,40,Bidar,PS0161,2025-09-25 16:00,Border Checkpost,PI Lakshmi Devi,Police Custody,Granted,Weapons,82057,No,Yes,Yes,No
ARR02155,FIR202503116,P003245,Nisha Singh,Female,70,Bagalkote,PS0010,2025-09-25 18:00,Railway Station,SI Prakash Sharma,Police Custody,Rejected,Mobile Phones,228270,No,No,Yes,No
ARR01290,FIR202502929,P006885,Rohit Sharma,Male,20,Bagalkote,PS0012,2025-09-25 18:51,Shopping Mall,PI Naveen Patil,Released on Bail,Granted,Documents,180392,Yes,Yes,No,Yes
ARR02448,FIR202503237,P003258,Divya Bhat,Female,44,Chamarajanagar,PS0207,2025-09-25 18:56,Bus Stand,SI Divya Hegde,Police Custody,Pending,Weapons,401191,Yes,Yes,No,No
ARR01656,FIR202503104,P007915,Vijay Bhat,Male,55,Bidar,PS0159,2025-09-25 21:55,Highway Checkpost,PI Mahesh Bhat,Police Custody,Pending,Laptop,115248,No,Yes,Yes,No
ARR00912,FIR202503071,P006910,Pradeep Patil,Male,48,Bagalkote,PS0020,2025-09-25 23:03,Airport,SI Ganesh Rao,Released on Bail,Rejected,Gold,98833,No,Yes,No,Yes
ARR00311,FIR202503028,P004440,Harish Kambali,Male,20,Bengaluru Rural,PS0085,2025-09-26 02:46,Bus Stand,SI Suresh Kulkarni,Judicial Custody,Rejected,Cash,275346,No,Yes,No,Yes
ARR02369,FIR202503012,P005227,Ravi Kumar,Male,53,Bengaluru Urban,PS0136,2025-09-26 04:52,Railway Station,SI Ravi Kumar,Judicial Custody,Pending,Gold,292868,No,Yes,No,No
ARR02320,FIR202503191,P008303,Akash Shetty,Male,58,Chamarajanagar,PS0212,2025-09-26 05:57,Residence,SI Ganesh Rao,Judicial Custody,Granted,None,0,No,No,No,No
ARR01783,FIR202503195,P008025,Prakash Hiremath,Male,39,Bidar,PS0157,2025-09-26 08:03,Border Checkpost,SI Prakash Sharma,Released on Bail,Rejected,Drugs,295884,No,Yes,Yes,No
ARR01955,FIR202503258,P008439,Swathi Kambali,Female,33,Chamarajanagar,PS0215,2025-09-26 11:36,Parking Lot,PI Mahesh Bhat,Police Custody,Granted,Cash,194358,Yes,No,No,Yes
ARR00246,FIR202503022,P007887,Naveen Angadi,Male,39,Bidar,PS0179,2025-09-26 14:13,Residence,SI Ravi Kumar,Police Custody,Granted,Gold,210355,No,Yes,No,No
ARR01446,FIR202503137,P006816,Sanjay Angadi,Male,68,Bidar,PS0157,2025-09-27 04:38,Residence,PI Harish Naik,Released on Bail,Granted,Weapons,373524,Yes,Yes,No,Yes
ARR02070,FIR202503241,P007849,Prakash Hegde,Male,18,Bengaluru Urban,PS0130,2025-09-27 10:22,Market Area,PI Mahesh Bhat,Judicial Custody,Rejected,Vehicle,266380,Yes,Yes,No,Yes
ARR01952,FIR202503050,P007821,Vidya Kulkarni,Female,28,Bengaluru Rural,PS0091,2025-09-27 17:04,Lodge,PI Naveen Patil,Released on Bail,Pending,Gold,17417,Yes,No,Yes,Yes
ARR01789,FIR202503302,P006385,Kiran Joshi,Male,50,Bidar,PS0158,2025-09-27 17:08,Bus Stand,SI Ganesh Rao,Police Custody,Pending,Drugs,331698,No,No,No,No
ARR00951,FIR202503156,P001816,Mahesh Kulkarni,Male,54,Bagalkote,PS0011,2025-09-27 19:41,Lodge,SI Divya Hegde,Released on Bail,Pending,Mobile Phones,345198,Yes,No,Yes,No
ARR01184,FIR202503145,P004404,Basavaraj Kumar,Male,61,Bagalkote,PS0009,2025-09-28 03:51,Border Checkpost,PI Lakshmi Devi,Released on Bail,Granted,Gold,465572,Yes,Yes,Yes,No
ARR00366,FIR202502993,P003088,Shreya Hegde,Female,20,Bengaluru Urban,PS0130,2025-09-28 04:51,Industrial Area,SI Suresh Kulkarni,Released on Bail,Granted,Gold,5865,No,No,Yes,Yes
ARR00910,FIR202503001,P007489,Darshan Kambali,Male,28,Chikkaballapura,PS0235,2025-09-28 11:08,Highway Checkpost,PI Lakshmi Devi,Judicial Custody,Granted,None,0,Yes,Yes,No,Yes
ARR02261,FIR202503246,P006886,Pradeep Hiremath,Male,64,Belagavi,PS0065,2025-09-29 06:30,Parking Lot,PI Ramesh Gowda,Released on Bail,Rejected,Gold,336913,No,No,Yes,No
ARR00108,FIR202503213,P006984,Suraj Shetty,Male,36,Bagalkote,PS0024,2025-09-29 17:00,Parking Lot,PI Harish Naik,Police Custody,Granted,Documents,137488,Yes,No,Yes,No
ARR01280,FIR202503266,P005857,Lokesh Patil,Male,50,Bidar,PS0169,2025-09-30 02:50,Farm House,PI Naveen Patil,Judicial Custody,Pending,Weapons,259727,No,No,Yes,Yes
ARR01541,FIR202503079,P008506,Mahesh Reddy,Male,69,Bengaluru Urban,PS0143,2025-09-30 04:46,Border Checkpost,PI Harish Naik,Police Custody,Pending,Documents,39345,No,Yes,Yes,Yes
ARR00214,FIR202503149,P005431,Ravi Bhat,Male,53,Bengaluru Urban,PS0139,2025-09-30 05:01,Industrial Area,PI Ramesh Gowda,Police Custody,Granted,Vehicle,35690,No,Yes,No,No
ARR00195,FIR202503034,P003618,Rahul Gowda,Male,59,Bengaluru Urban,PS0121,2025-09-30 11:41,Farm House,SI Ganesh Rao,Judicial Custody,Granted,Vehicle,487453,Yes,No,No,Yes
ARR01915,FIR202503286,P005550,Siddu Bhat,Male,62,Chamarajanagar,PS0205,2025-10-01 00:06,Parking Lot,PI Harish Naik,Released on Bail,Granted,Mobile Phones,16611,No,No,No,No
ARR00208,FIR202503261,P005639,Vinay Kumar,Male,57,Bidar,PS0174,2025-10-01 01:22,Railway Station,SI Suresh Kulkarni,Released on Bail,Granted,Gold,96622,No,Yes,No,Yes
ARR01250,FIR202503183,P007410,Anjali Bhat,Female,62,Bengaluru Rural,PS0073,2025-10-01 02:22,Railway Station,SI Ravi Kumar,Police Custody,Granted,Gold,227443,Yes,No,Yes,Yes
ARR02396,FIR202503248,P001067,Ramesh Kumar,Male,33,Chamarajanagar,PS0205,2025-10-01 03:29,Railway Station,PI Mahesh Bhat,Police Custody,Granted,Weapons,59540,Yes,No,No,Yes
ARR01805,FIR202503206,P001035,Pradeep Singh,Male,38,Bengaluru Urban,PS0151,2025-10-01 03:42,Industrial Area,SI Ganesh Rao,Judicial Custody,Granted,Cash,358902,Yes,No,Yes,No
ARR00304,FIR202503133,P007620,Basavaraj Patil,Male,28,Bagalkote,PS0006,2025-10-01 06:01,Farm House,SI Ravi Kumar,Released on Bail,Pending,Laptop,397436,No,No,No,No
ARR00606,FIR202503092,P007962,Prakash Bhat,Male,53,Bengaluru Urban,PS0119,2025-10-01 08:57,Shopping Mall,SI Divya Hegde,Police Custody,Rejected,Documents,235406,Yes,No,No,No
ARR02272,FIR202503305,P002278,Arjun Kambali,Male,30,Bengaluru Urban,PS0117,2025-10-01 12:52,Market Area,PI Lakshmi Devi,Released on Bail,Pending,Drugs,24240,No,Yes,No,No
ARR00293,FIR202503152,P004238,Akash Poojary,Male,67,Bagalkote,PS0015,2025-10-01 14:52,Residence,PI Ramesh Gowda,Police Custody,Rejected,None,0,Yes,No,No,Yes
ARR00537,FIR202503111,P002803,Puneeth Desai,Male,64,Ballari,PS0041,2025-10-01 20:19,Highway Checkpost,SI Suresh Kulkarni,Released on Bail,Pending,Laptop,223062,Yes,Yes,No,No
ARR02077,FIR202503203,P007857,Siddu Reddy,Male,32,Bengaluru Urban,PS0137,2025-10-02 02:13,Shopping Mall,PI Harish Naik,Released on Bail,Granted,Drugs,274632,Yes,No,Yes,Yes
ARR00928,FIR202503271,P002295,Rahul Joshi,Male,56,Chikkaballapura,PS0249,2025-10-02 06:18,Highway Checkpost,PI Mahesh Bhat,Released on Bail,Granted,Drugs,111995,No,No,Yes,Yes
ARR01317,FIR202503076,P008700,Suresh Desai,Male,31,Bengaluru Rural,PS0083,2025-10-02 06:19,Market Area,SI Ganesh Rao,Released on Bail,Pending,Cash,27447,Yes,Yes,Yes,No
ARR02130,FIR202503312,P007633,Swathi Kulkarni,Female,36,Bidar,PS0153,2025-10-02 09:28,Lodge,PI Lakshmi Devi,Police Custody,Rejected,Weapons,429525,No,No,Yes,No
ARR00055,FIR202503173,P009189,Sanjay Kumar,Male,31,Bidar,PS0170,2025-10-02 13:59,Bus Stand,PI Naveen Patil,Released on Bail,Granted,Gold,289234,No,No,Yes,Yes
ARR00139,FIR202503085,P009270,Harish Kulkarni,Male,26,Chamarajanagar,PS0217,2025-10-02 14:32,Highway Checkpost,PI Mahesh Bhat,Judicial Custody,Rejected,Drugs,412635,No,No,Yes,Yes
ARR01736,FIR202503186,P000034,Sowmya Hegde,Female,63,Bagalkote,PS0003,2025-10-02 14:45,Farm House,SI Prakash Sharma,Released on Bail,Granted,None,0,Yes,No,Yes,Yes
ARR01208,FIR202503340,P003636,Vinay Pujari,Male,21,Bidar,PS0161,2025-10-02 16:48,Highway Checkpost,SI Divya Hegde,Judicial Custody,Pending,Cash,497374,No,Yes,Yes,Yes
ARR02172,FIR202503090,P005401,Suraj Verma,Male,26,Bengaluru Urban,PS0125,2025-10-02 17:29,Shopping Mall,SI Divya Hegde,Police Custody,Granted,Laptop,228707,Yes,No,Yes,No
ARR01192,FIR202503134,P000476,Darshan Hiremath,Male,44,Bidar,PS0165,2025-10-03 01:07,Railway Station,PI Naveen Patil,Judicial Custody,Granted,Vehicle,38606,Yes,No,No,No
ARR01099,FIR202503214,P005428,Siddu Kambali,Male,24,Chamarajanagar,PS0219,2025-10-03 12:34,Shopping Mall,PI Lakshmi Devi,Police Custody,Granted,Documents,385658,Yes,No,Yes,Yes
ARR01687,FIR202503106,P002396,Rohit Rao,Male,57,Chamarajanagar,PS0215,2025-10-03 13:00,Shopping Mall,PI Mahesh Bhat,Released on Bail,Pending,Documents,159552,No,Yes,No,Yes
ARR01900,FIR202503194,P006251,Ravi Desai,Male,55,Chikkaballapura,PS0235,2025-10-03 13:05,Lodge,SI Ganesh Rao,Released on Bail,Rejected,Cash,146313,Yes,No,Yes,No
ARR02003,FIR202503268,P005690,Prakash Gowda,Male,65,Bengaluru Urban,PS0122,2025-10-04 00:06,Farm House,SI Divya Hegde,Police Custody,Granted,Vehicle,161675,No,Yes,Yes,No
ARR01093,FIR202503172,P008144,Darshan Verma,Male,41,Chamarajanagar,PS0222,2025-10-04 02:20,Bus Stand,SI Suresh Kulkarni,Judicial Custody,Granted,Drugs,235655,Yes,No,Yes,No
ARR01918,FIR202503307,P002254,Radhika Patil,Female,42,Bengaluru Rural,PS0090,2025-10-04 08:36,Residence,SI Prakash Sharma,Released on Bail,Pending,Laptop,93017,No,No,No,Yes
ARR01593,FIR202503135,P005508,Shivakumar Patil,Male,58,Bidar,PS0181,2025-10-04 10:15,Airport,SI Ravi Kumar,Released on Bail,Pending,Vehicle,126600,No,No,No,No
ARR01016,FIR202503405,P005933,Chetan Bhat,Male,41,Bengaluru Urban,PS0127,2025-10-04 11:06,Railway Station,PI Ramesh Gowda,Police Custody,Pending,Documents,2526,No,No,Yes,Yes
ARR01761,FIR202503386,P007978,Rahul Reddy,Male,59,Bidar,PS0172,2025-10-04 14:57,Bus Stand,SI Suresh Kulkarni,Judicial Custody,Pending,Drugs,21000,No,Yes,Yes,No
ARR00572,FIR202503338,P004484,Naveen Poojary,Male,60,Ballari,PS0030,2025-10-04 15:09,Highway Checkpost,SI Ravi Kumar,Released on Bail,Pending,Weapons,366180,Yes,No,Yes,Yes
ARR00514,FIR202503083,P003946,Ajay Bhat,Male,30,Chamarajanagar,PS0234,2025-10-04 23:37,Railway Station,SI Divya Hegde,Police Custody,Granted,Gold,129071,No,Yes,Yes,No
ARR02519,FIR202503188,P004031,Siddu Sharma,Male,25,Bidar,PS0155,2025-10-05 07:19,Highway Checkpost,PI Harish Naik,Judicial Custody,Granted,Drugs,115217,No,Yes,No,No
ARR01935,FIR202503138,P006326,Suraj Kumar,Male,57,Bagalkote,PS0018,2025-10-05 10:06,Border Checkpost,PI Harish Naik,Judicial Custody,Granted,Documents,407908,Yes,No,No,Yes
ARR01606,FIR202503285,P000055,Chetan Singh,Male,21,Bengaluru Rural,PS0076,2025-10-05 10:46,Lodge,SI Suresh Kulkarni,Judicial Custody,Granted,Cash,140130,Yes,Yes,No,Yes
ARR01890,FIR202503296,P003411,Abhishek Naik,Male,24,Bidar,PS0181,2025-10-06 01:19,Residence,PI Mahesh Bhat,Police Custody,Rejected,Mobile Phones,339693,No,No,Yes,No
ARR01312,FIR202503301,P001263,Anjali Shetty,Female,29,Chamarajanagar,PS0204,2025-10-06 04:13,Residence,PI Harish Naik,Judicial Custody,Granted,Cash,363293,No,No,No,Yes
ARR01203,FIR202503181,P007063,Darshan Siddiqui,Male,64,Bengaluru Urban,PS0150,2025-10-06 09:43,Lodge,PI Mahesh Bhat,Judicial Custody,Pending,Weapons,34950,No,Yes,No,Yes
ARR02257,FIR202503150,P007483,Sowmya Angadi,Female,25,Chamarajanagar,PS0201,2025-10-06 15:28,Border Checkpost,SI Ganesh Rao,Judicial Custody,Granted,Gold,387720,Yes,Yes,Yes,Yes
ARR00738,FIR202503310,P002279,Abhishek Pujari,Male,57,Chamarajanagar,PS0230,2025-10-06 17:14,Hotel,SI Suresh Kulkarni,Judicial Custody,Rejected,Gold,424487,Yes,No,Yes,Yes
ARR01017,FIR202503446,P007798,Kiran Poojary,Male,45,Bagalkote,PS0004,2025-10-07 03:29,Hotel,SI Suresh Kulkarni,Judicial Custody,Pending,Documents,179035,No,Yes,Yes,Yes
ARR01151,FIR202503281,P007061,Arjun Pujari,Male,24,Chamarajanagar,PS0216,2025-10-07 10:05,Border Checkpost,PI Harish Naik,Police Custody,Granted,Drugs,213257,Yes,Yes,No,Yes
ARR00281,FIR202503362,P006869,Basavaraj Reddy,Male,35,Chikkaballapura,PS0240,2025-10-07 15:48,Bus Stand,SI Ravi Kumar,Judicial Custody,Granted,None,0,No,Yes,No,Yes
ARR01773,FIR202503170,P007089,Chetan Kumar,Male,39,Bidar,PS0166,2025-10-07 19:54,Parking Lot,PI Naveen Patil,Released on Bail,Granted,Cash,412409,No,No,Yes,Yes
ARR01128,FIR202503319,P006894,Priya Naik,Female,24,Ballari,PS0028,2025-10-07 23:46,Market Area,SI Divya Hegde,Released on Bail,Granted,Cash,88237,No,No,Yes,Yes
ARR01575,FIR202503343,P006075,Shivakumar Kulkarni,Male,25,Chamarajanagar,PS0200,2025-10-07 23:46,Railway Station,PI Ramesh Gowda,Police Custody,Rejected,Documents,234845,No,Yes,Yes,Yes
ARR02534,FIR202503313,P007798,Kiran Poojary,Male,45,Chamarajanagar,PS0209,2025-10-08 03:38,Bus Stand,SI Ravi Kumar,Released on Bail,Granted,Laptop,277427,No,No,No,No
ARR00161,FIR202503123,P000093,Shreya Siddiqui,Female,59,Chamarajanagar,PS0232,2025-10-08 04:21,Airport,SI Suresh Kulkarni,Released on Bail,Pending,Weapons,156935,Yes,Yes,No,No
ARR01868,FIR202503300,P000112,Darshan Patil,Male,43,Bengaluru Rural,PS0100,2025-10-08 05:17,Highway Checkpost,PI Lakshmi Devi,Police Custody,Rejected,Mobile Phones,469410,Yes,No,No,Yes
ARR00901,FIR202503200,P003458,Rekha Desai,Female,68,Chamarajanagar,PS0216,2025-10-08 06:08,Lodge,SI Ganesh Rao,Judicial Custody,Granted,Gold,280352,Yes,Yes,Yes,Yes
ARR01439,FIR202503376,P007320,Chetan Gowda,Male,33,Bidar,PS0153,2025-10-08 09:50,Parking Lot,SI Suresh Kulkarni,Released on Bail,Rejected,Gold,375498,Yes,No,No,No
ARR02218,FIR202503187,P002372,Chetan Singh,Male,56,Bidar,PS0169,2025-10-08 14:55,Industrial Area,SI Ganesh Rao,Police Custody,Rejected,Cash,324526,No,Yes,No,Yes
ARR00638,FIR202503215,P003616,Suresh Bhat,Male,39,Bidar,PS0187,2025-10-08 15:31,Market Area,PI Harish Naik,Judicial Custody,Granted,Drugs,379565,Yes,Yes,Yes,Yes
ARR00114,FIR202503367,P006698,Chetan Kambali,Male,61,Ballari,PS0034,2025-10-08 18:43,Farm House,SI Suresh Kulkarni,Released on Bail,Granted,Cash,382132,Yes,No,Yes,Yes
ARR02435,FIR202503097,P002974,Ajay Hiremath,Male,25,Bidar,PS0161,2025-10-09 01:34,Farm House,PI Lakshmi Devi,Judicial Custody,Granted,None,0,Yes,No,No,Yes
ARR02192,FIR202503443,P007819,Arjun Gowda,Male,48,Chamarajanagar,PS0211,2025-10-09 02:49,Lodge,PI Mahesh Bhat,Police Custody,Granted,Gold,81126,Yes,Yes,Yes,No
ARR02254,FIR202503244,P003910,Ramesh Hiremath,Male,37,Bidar,PS0163,2025-10-09 13:17,Lodge,PI Naveen Patil,Police Custody,Pending,Cash,17839,Yes,Yes,No,No
ARR00163,FIR202503167,P005349,Rohit Verma,Male,40,Chikkaballapura,PS0249,2025-10-09 22:12,Border Checkpost,SI Ravi Kumar,Released on Bail,Granted,None,0,Yes,No,Yes,Yes
ARR01382,FIR202503247,P003961,Chetan Patil,Male,41,Bidar,PS0155,2025-10-10 01:05,Farm House,SI Ravi Kumar,Police Custody,Rejected,Laptop,42086,Yes,Yes,No,Yes
ARR02142,FIR202503161,P008188,Asha Singh,Female,29,Chikkaballapura,PS0237,2025-10-10 01:30,Market Area,SI Ravi Kumar,Judicial Custody,Pending,Vehicle,423206,No,Yes,No,Yes
ARR01342,FIR202503442,P007915,Vijay Bhat,Male,55,Bagalkote,PS0025,2025-10-10 01:36,Airport,PI Harish Naik,Police Custody,Granted,Laptop,38881,Yes,Yes,Yes,No
ARR00985,FIR202503379,P007243,Lokesh Joshi,Male,41,Bagalkote,PS0014,2025-10-10 11:58,Hotel,SI Suresh Kulkarni,Judicial Custody,Pending,Laptop,154875,No,Yes,No,Yes
ARR01735,FIR202503387,P001245,Ganesh Hiremath,Male,46,Belagavi,PS0062,2025-10-11 08:47,Lodge,SI Ganesh Rao,Released on Bail,Pending,Cash,379110,No,No,Yes,Yes
ARR02417,FIR202503306,P000164,Pradeep Joshi,Male,63,Ballari,PS0042,2025-10-11 08:51,Shopping Mall,SI Ganesh Rao,Police Custody,Granted,Cash,453931,No,No,No,No
ARR00368,FIR202503240,P001557,Preethi Rao,Female,58,Chamarajanagar,PS0214,2025-10-11 11:30,Highway Checkpost,SI Ravi Kumar,Released on Bail,Pending,None,0,No,Yes,No,Yes
ARR01973,FIR202503504,P007377,Naveen Naik,Male,27,Chamarajanagar,PS0234,2025-10-11 12:17,Parking Lot,PI Ramesh Gowda,Judicial Custody,Granted,Mobile Phones,450339,Yes,Yes,Yes,No
ARR01938,FIR202503466,P008556,Siddu Gowda,Male,71,Bengaluru Urban,PS0148,2025-10-11 14:41,Farm House,SI Ganesh Rao,Police Custody,Pending,Cash,322474,No,No,Yes,Yes
ARR02461,FIR202503179,P006955,Rohit Joshi,Male,25,Bagalkote,PS0001,2025-10-11 18:50,Industrial Area,SI Prakash Sharma,Judicial Custody,Granted,Gold,497998,No,No,Yes,No
ARR00860,FIR202503262,P004064,Suraj Angadi,Male,24,Chikkaballapura,PS0240,2025-10-12 15:37,Market Area,PI Mahesh Bhat,Judicial Custody,Pending,Weapons,26109,Yes,No,No,No
ARR02053,FIR202503344,P004069,Sangeetha Pujari,Female,43,Bengaluru Urban,PS0144,2025-10-12 19:38,Lodge,SI Divya Hegde,Police Custody,Granted,None,0,No,Yes,Yes,Yes
ARR01718,FIR202503453,P008194,Ramesh Kambali,Male,69,Bengaluru Rural,PS0091,2025-10-13 00:53,Farm House,SI Suresh Kulkarni,Released on Bail,Pending,None,0,Yes,Yes,Yes,Yes
ARR00507,FIR202503160,P004362,Siddu Rao,Male,68,Chamarajanagar,PS0211,2025-10-13 01:16,Farm House,SI Ravi Kumar,Judicial Custody,Granted,Mobile Phones,371965,No,No,No,No
ARR00805,FIR202503334,P004324,Ajay Siddiqui,Male,63,Chamarajanagar,PS0226,2025-10-13 02:00,Border Checkpost,SI Suresh Kulkarni,Police Custody,Granted,None,0,Yes,Yes,Yes,No
ARR02123,FIR202503311,P006780,Sowmya Angadi,Female,64,Bagalkote,PS0004,2025-10-13 04:55,Parking Lot,PI Mahesh Bhat,Judicial Custody,Rejected,Laptop,450076,Yes,No,No,Yes
ARR01629,FIR202503452,P004195,Suresh Singh,Male,59,Bidar,PS0159,2025-10-13 07:05,Bus Stand,PI Naveen Patil,Judicial Custody,Granted,Gold,158578,No,No,No,Yes
ARR02514,FIR202503495,P002606,Naveen Kulkarni,Male,48,Bengaluru Rural,PS0091,2025-10-13 10:59,Industrial Area,SI Prakash Sharma,Judicial Custody,Granted,Laptop,18281,No,Yes,Yes,Yes
ARR01614,FIR202503264,P009714,Vijay Verma,Male,67,Bengaluru Rural,PS0080,2025-10-13 11:45,Shopping Mall,PI Lakshmi Devi,Judicial Custody,Pending,Vehicle,236051,Yes,Yes,Yes,No
ARR01435,FIR202503221,P009400,Vinay Patil,Male,30,Chamarajanagar,PS0228,2025-10-13 13:36,Airport,SI Divya Hegde,Released on Bail,Granted,Documents,87034,Yes,Yes,Yes,Yes
ARR01664,FIR202503500,P000176,Harish Gowda,Male,56,Chamarajanagar,PS0224,2025-10-13 15:10,Hotel,PI Mahesh Bhat,Police Custody,Granted,Mobile Phones,147545,No,Yes,No,No
ARR01396,FIR202503361,P000877,Rahul Hegde,Male,54,Bengaluru Urban,PS0135,2025-10-14 06:50,Bus Stand,PI Ramesh Gowda,Police Custody,Pending,Drugs,89353,Yes,No,No,Yes
ARR01966,FIR202503230,P008617,Deepa Shetty,Female,43,Bidar,PS0175,2025-10-14 08:12,Farm House,PI Ramesh Gowda,Judicial Custody,Pending,Laptop,414934,No,Yes,No,Yes
ARR01022,FIR202503359,P006926,Abhishek Joshi,Male,44,Bidar,PS0187,2025-10-14 08:45,Industrial Area,SI Suresh Kulkarni,Police Custody,Rejected,Vehicle,23228,No,No,Yes,Yes
ARR01447,FIR202503461,P003553,Prakash Gowda,Male,61,Bidar,PS0186,2025-10-14 15:26,Hotel,SI Divya Hegde,Released on Bail,Pending,Drugs,2300,No,No,No,Yes
ARR01923,FIR202503493,P002760,Lokesh Pujari,Male,54,Chamarajanagar,PS0229,2025-10-15 09:44,Hotel,PI Naveen Patil,Judicial Custody,Granted,Mobile Phones,324475,No,Yes,No,No
ARR00888,FIR202503392,P007996,Abhishek Siddiqui,Male,52,Bidar,PS0166,2025-10-15 18:14,Railway Station,SI Ganesh Rao,Police Custody,Granted,Drugs,275809,Yes,Yes,Yes,No
ARR02086,FIR202503582,P004540,Abhishek Poojary,Male,28,Chamarajanagar,PS0194,2025-10-15 19:15,Border Checkpost,SI Divya Hegde,Police Custody,Pending,Cash,192982,Yes,Yes,Yes,No
ARR02304,FIR202503381,P001491,Ramesh Reddy,Male,63,Bengaluru Urban,PS0149,2025-10-16 01:41,Market Area,SI Divya Hegde,Judicial Custody,Pending,Documents,315155,Yes,Yes,Yes,Yes
ARR01348,FIR202503517,P005181,Rahul Sharma,Male,43,Bidar,PS0179,2025-10-16 04:11,Residence,PI Mahesh Bhat,Judicial Custody,Rejected,Vehicle,14645,Yes,Yes,No,No
ARR02049,FIR202503317,P002566,Arjun Singh,Male,61,Bagalkote,PS0015,2025-10-16 04:37,Industrial Area,SI Ravi Kumar,Released on Bail,Rejected,None,0,Yes,Yes,Yes,Yes
ARR01663,FIR202503574,P007041,Rahul Gowda,Male,69,Chamarajanagar,PS0201,2025-10-16 09:11,Farm House,PI Ramesh Gowda,Police Custody,Granted,Cash,156511,Yes,Yes,No,No
ARR01231,FIR202503519,P009535,Shivakumar Gowda,Male,54,Bidar,PS0159,2025-10-16 15:45,Highway Checkpost,PI Mahesh Bhat,Judicial Custody,Pending,Documents,482063,Yes,No,No,No
ARR00948,FIR202503322,P009383,Sneha Poojary,Female,34,Chamarajanagar,PS0210,2025-10-16 17:41,Industrial Area,SI Ravi Kumar,Judicial Custody,Pending,Laptop,109523,No,Yes,Yes,No
ARR01925,FIR202503239,P001590,Swathi Desai,Female,29,Bagalkote,PS0018,2025-10-16 21:07,Market Area,SI Prakash Sharma,Police Custody,Rejected,Documents,420689,Yes,Yes,Yes,Yes
ARR02242,FIR202503579,P003142,Priya Kumar,Female,38,Bengaluru Urban,PS0123,2025-10-16 22:35,Farm House,PI Harish Naik,Released on Bail,Rejected,Drugs,455708,Yes,Yes,Yes,No
ARR01903,FIR202503403,P007274,Suresh Bhat,Male,56,Bengaluru Urban,PS0124,2025-10-17 02:31,Lodge,SI Prakash Sharma,Released on Bail,Granted,Drugs,442133,Yes,No,No,No
ARR00825,FIR202503255,P002659,Suresh Joshi,Male,29,Bengaluru Urban,PS0143,2025-10-17 03:11,Market Area,PI Naveen Patil,Judicial Custody,Granted,Drugs,29621,Yes,Yes,No,No
ARR00415,FIR202503534,P005764,Puneeth Pujari,Male,49,Belagavi,PS0061,2025-10-17 04:14,Farm House,SI Ganesh Rao,Police Custody,Rejected,Weapons,383931,No,Yes,Yes,Yes
ARR00102,FIR202503633,P008929,Ramesh Naik,Male,58,Chamarajanagar,PS0216,2025-10-17 17:05,Airport,SI Suresh Kulkarni,Released on Bail,Granted,Laptop,89030,No,No,No,Yes
ARR01061,FIR202503335,P003689,Chetan Singh,Male,39,Chamarajanagar,PS0231,2025-10-17 22:16,Highway Checkpost,PI Naveen Patil,Police Custody,Pending,Gold,189485,Yes,Yes,No,Yes
ARR02325,FIR202503627,P003532,Kiran Naik,Male,19,Bagalkote,PS0003,2025-10-18 05:25,Industrial Area,SI Suresh Kulkarni,Police Custody,Pending,Cash,360521,No,Yes,Yes,No
ARR00822,FIR202503224,P005294,Suresh Bhat,Male,20,Bidar,PS0154,2025-10-18 05:35,Shopping Mall,SI Ravi Kumar,Judicial Custody,Rejected,Documents,187867,No,No,Yes,Yes
ARR02407,FIR202503463,P000584,Sanjay Kumar,Male,34,Chamarajanagar,PS0199,2025-10-18 13:46,Lodge,SI Ganesh Rao,Police Custody,Granted,Weapons,248678,No,Yes,No,Yes
ARR02384,FIR202503450,P004132,Priya Hiremath,Female,33,Bidar,PS0172,2025-10-18 15:20,Residence,SI Suresh Kulkarni,Released on Bail,Rejected,Gold,72925,No,Yes,No,No
ARR00959,FIR202503436,P008207,Harish Patil,Male,46,Chamarajanagar,PS0221,2025-10-18 18:18,Shopping Mall,PI Mahesh Bhat,Released on Bail,Rejected,Weapons,486300,Yes,No,Yes,No
ARR02522,FIR202503254,P008504,Naveen Gowda,Male,42,Bengaluru Urban,PS0112,2025-10-18 19:58,Railway Station,SI Ravi Kumar,Judicial Custody,Granted,Drugs,464560,No,No,Yes,No
ARR02251,FIR202503277,P005651,Divya Verma,Female,53,Chamarajanagar,PS0204,2025-10-18 21:26,Highway Checkpost,SI Prakash Sharma,Judicial Custody,Pending,Weapons,157925,Yes,No,No,No
ARR01076,FIR202503662,P007618,Ravi Patil,Male,24,Bidar,PS0183,2025-10-19 00:18,Airport,SI Prakash Sharma,Released on Bail,Granted,Weapons,202934,Yes,No,No,No
ARR00058,FIR202503383,P003651,Ramesh Naik,Male,47,Bagalkote,PS0019,2025-10-19 04:07,Industrial Area,PI Naveen Patil,Judicial Custody,Pending,Vehicle,270997,Yes,Yes,Yes,No
ARR01649,FIR202503599,P000393,Suresh Siddiqui,Male,50,Belagavi,PS0063,2025-10-19 05:06,Market Area,PI Harish Naik,Judicial Custody,Pending,Drugs,340398,No,Yes,No,Yes
ARR02463,FIR202503253,P008037,Manoj Angadi,Male,20,Bagalkote,PS0025,2025-10-19 05:51,Residence,PI Naveen Patil,Judicial Custody,Rejected,Weapons,4679,No,Yes,No,Yes
ARR00005,FIR202503660,P001409,Suraj Pujari,Male,44,Chamarajanagar,PS0193,2025-10-19 08:00,Parking Lot,SI Suresh Kulkarni,Police Custody,Granted,Mobile Phones,237010,No,No,Yes,No
ARR00684,FIR202503329,P005517,Prakash Hiremath,Male,34,Chamarajanagar,PS0214,2025-10-19 11:31,Farm House,PI Naveen Patil,Released on Bail,Pending,Mobile Phones,50552,No,Yes,No,Yes
ARR02370,FIR202503569,P004430,Arjun Bhat,Male,33,Chamarajanagar,PS0223,2025-10-19 13:07,Residence,PI Naveen Patil,Judicial Custody,Pending,Documents,89452,No,No,Yes,No
ARR02238,FIR202503318,P007678,Puneeth Hegde,Male,44,Bidar,PS0154,2025-10-19 14:47,Farm House,SI Prakash Sharma,Police Custody,Pending,Drugs,216475,No,No,Yes,No
ARR00765,FIR202503299,P001925,Shivakumar Siddiqui,Male,24,Bidar,PS0160,2025-10-19 14:52,Shopping Mall,PI Lakshmi Devi,Judicial Custody,Rejected,None,0,No,No,No,Yes
ARR02159,FIR202503272,P005966,Suraj Sharma,Male,44,Bidar,PS0163,2025-10-19 17:00,Farm House,SI Divya Hegde,Judicial Custody,Pending,Mobile Phones,122472,No,No,Yes,Yes
ARR02303,FIR202503354,P002913,Siddu Rao,Male,62,Bagalkote,PS0016,2025-10-19 18:35,Farm House,PI Mahesh Bhat,Judicial Custody,Pending,Vehicle,377597,No,No,No,No
ARR00379,FIR202503349,P000955,Mahesh Verma,Male,64,Bidar,PS0190,2025-10-20 00:55,Shopping Mall,PI Harish Naik,Released on Bail,Rejected,Mobile Phones,478941,Yes,No,No,No
ARR00869,FIR202503566,P008030,Rahul Desai,Male,21,Chamarajanagar,PS0199,2025-10-20 04:42,Airport,PI Naveen Patil,Judicial Custody,Rejected,Drugs,80423,Yes,No,Yes,No
ARR00358,FIR202503729,P008413,Suraj Kambali,Male,41,Bidar,PS0166,2025-10-20 07:47,Airport,SI Divya Hegde,Released on Bail,Granted,Mobile Phones,439946,No,No,Yes,No
ARR01891,FIR202503692,P000339,Lokesh Kambali,Male,71,Bidar,PS0161,2025-10-20 07:57,Residence,SI Prakash Sharma,Released on Bail,Pending,Cash,155623,Yes,No,No,Yes
ARR02232,FIR202503676,P000303,Rohit Gowda,Male,55,Bidar,PS0169,2025-10-20 08:37,Industrial Area,PI Lakshmi Devi,Police Custody,Pending,Laptop,311368,No,No,No,No
ARR01509,FIR202503618,P005810,Lokesh Kulkarni,Male,66,Chamarajanagar,PS0198,2025-10-20 09:39,Railway Station,PI Ramesh Gowda,Released on Bail,Granted,Weapons,60827,No,No,Yes,No
ARR00678,FIR202503549,P002454,Siddu Hegde,Male,56,Chamarajanagar,PS0210,2025-10-20 10:40,Railway Station,PI Naveen Patil,Police Custody,Rejected,Documents,368030,Yes,No,No,No
ARR00291,FIR202503298,P000397,Sangeetha Kumar,Female,50,Bengaluru Rural,PS0102,2025-10-20 11:31,Airport,PI Lakshmi Devi,Released on Bail,Pending,None,0,Yes,Yes,No,No
ARR02366,FIR202503401,P001121,Kiran Gowda,Male,44,Chamarajanagar,PS0205,2025-10-20 13:07,Railway Station,SI Ganesh Rao,Judicial Custody,Granted,Mobile Phones,186031,Yes,No,No,Yes
ARR01540,FIR202503431,P006485,Basavaraj Desai,Male,30,Bengaluru Urban,PS0130,2025-10-20 14:33,Residence,SI Ravi Kumar,Released on Bail,Rejected,Laptop,363176,No,Yes,No,No
ARR00549,FIR202503321,P009032,Arjun Desai,Male,53,Bengaluru Rural,PS0085,2025-10-20 16:50,Shopping Mall,SI Prakash Sharma,Judicial Custody,Pending,Drugs,108396,Yes,Yes,Yes,Yes
ARR01721,FIR202503719,P006280,Akash Naik,Male,30,Bidar,PS0161,2025-10-20 19:30,Border Checkpost,SI Ganesh Rao,Released on Bail,Pending,Gold,291774,No,No,Yes,No
ARR01376,FIR202503635,P008823,Rekha Siddiqui,Female,29,Bidar,PS0164,2025-10-20 20:08,Highway Checkpost,PI Harish Naik,Released on Bail,Granted,Weapons,498804,Yes,Yes,Yes,Yes
ARR01769,FIR202503580,P001231,Darshan Patil,Male,37,Bidar,PS0181,2025-10-20 20:18,Parking Lot,SI Ravi Kumar,Police Custody,Rejected,Drugs,277668,Yes,Yes,Yes,No
ARR02431,FIR202503385,P006817,Prakash Desai,Male,40,Chamarajanagar,PS0230,2025-10-20 22:57,Parking Lot,SI Ganesh Rao,Police Custody,Granted,Mobile Phones,32851,No,Yes,Yes,No
ARR01347,FIR202503278,P004664,Akash Hegde,Male,71,Bagalkote,PS0002,2025-10-21 01:35,Border Checkpost,SI Divya Hegde,Released on Bail,Rejected,Vehicle,456601,Yes,No,No,Yes
ARR02060,FIR202503678,P007336,Sunitha Rao,Female,36,Ballari,PS0045,2025-10-21 04:55,Railway Station,PI Naveen Patil,Released on Bail,Rejected,Mobile Phones,159523,Yes,No,Yes,No
ARR00998,FIR202503441,P005368,Rahul Kumar,Male,46,Chamarajanagar,PS0209,2025-10-21 06:50,Bus Stand,SI Prakash Sharma,Police Custody,Pending,Cash,255731,Yes,No,No,Yes
ARR00086,FIR202503743,P001964,Ravi Hiremath,Male,62,Chamarajanagar,PS0207,2025-10-22 03:28,Hotel,PI Harish Naik,Police Custody,Rejected,Weapons,24886,Yes,No,Yes,No
ARR01800,FIR202503496,P002214,Pradeep Angadi,Male,60,Bidar,PS0171,2025-10-22 06:26,Airport,PI Lakshmi Devi,Police Custody,Granted,Laptop,289049,No,Yes,Yes,Yes
ARR00431,FIR202503320,P004985,Kiran Kambali,Male,41,Bagalkote,PS0012,2025-10-22 07:16,Industrial Area,SI Ganesh Rao,Police Custody,Pending,Mobile Phones,109810,Yes,Yes,No,No
ARR00995,FIR202503510,P009880,Ganesh Kulkarni,Male,65,Belagavi,PS0068,2025-10-22 08:08,Parking Lot,PI Ramesh Gowda,Police Custody,Rejected,Cash,450741,No,No,Yes,Yes
ARR01627,FIR202503404,P003456,Roopa Hiremath,Female,27,Bengaluru Rural,PS0097,2025-10-22 09:13,Highway Checkpost,PI Lakshmi Devi,Police Custody,Pending,Cash,446622,Yes,Yes,Yes,No
ARR00863,FIR202503297,P008491,Ajay Naik,Male,70,Ballari,PS0027,2025-10-22 11:46,Residence,SI Suresh Kulkarni,Released on Bail,Pending,Drugs,187416,Yes,Yes,Yes,Yes
ARR00861,FIR202503721,P005372,Vinay Siddiqui,Male,24,Bengaluru Urban,PS0121,2025-10-22 11:58,Market Area,SI Ravi Kumar,Police Custody,Pending,Gold,188377,Yes,Yes,Yes,No
ARR02194,FIR202503596,P002446,Vinay Kambali,Male,28,Bengaluru Urban,PS0117,2025-10-22 12:20,Shopping Mall,PI Ramesh Gowda,Police Custody,Pending,None,0,Yes,No,No,Yes
ARR00733,FIR202503336,P002566,Arjun Singh,Male,61,Bagalkote,PS0003,2025-10-22 13:40,Residence,PI Naveen Patil,Released on Bail,Pending,Weapons,345404,Yes,No,Yes,No
ARR00627,FIR202503365,P005530,Pooja Patil,Female,43,Belagavi,PS0061,2025-10-22 15:50,Industrial Area,PI Lakshmi Devi,Released on Bail,Rejected,Documents,227555,Yes,No,No,No
ARR01421,FIR202503556,P006007,Abhishek Pujari,Male,34,Bengaluru Rural,PS0107,2025-10-22 15:51,Farm House,SI Ganesh Rao,Released on Bail,Granted,Gold,270654,Yes,Yes,No,Yes
ARR01257,FIR202503675,P007728,Mahesh Gowda,Male,58,Chamarajanagar,PS0195,2025-10-22 16:18,Bus Stand,PI Naveen Patil,Released on Bail,Rejected,Vehicle,421973,No,Yes,Yes,No
ARR01190,FIR202503738,P003258,Divya Bhat,Female,44,Chamarajanagar,PS0205,2025-10-22 16:53,Market Area,PI Lakshmi Devi,Judicial Custody,Pending,Mobile Phones,77179,Yes,Yes,No,No
ARR00143,FIR202503631,P006733,Sanjay Kulkarni,Male,28,Bagalkote,PS0020,2025-10-22 17:14,Railway Station,SI Divya Hegde,Judicial Custody,Granted,Gold,449228,Yes,Yes,Yes,No
ARR01997,FIR202503753,P000572,Darshan Poojary,Male,26,Bengaluru Urban,PS0138,2025-10-22 19:56,Residence,SI Divya Hegde,Released on Bail,Granted,Laptop,364957,Yes,Yes,Yes,Yes
ARR01726,FIR202503393,P001023,Vijay Naik,Male,46,Bidar,PS0175,2025-10-22 22:11,Parking Lot,PI Ramesh Gowda,Police Custody,Granted,Mobile Phones,178765,No,No,Yes,Yes
ARR01977,FIR202503346,P001852,Arjun Singh,Male,27,Bengaluru Urban,PS0117,2025-10-23 08:21,Lodge,SI Ravi Kumar,Judicial Custody,Granted,Mobile Phones,133061,No,No,No,Yes
ARR00060,FIR202503416,P007268,Pradeep Naik,Male,47,Bidar,PS0154,2025-10-23 12:29,Parking Lot,PI Lakshmi Devi,Released on Bail,Pending,Cash,130192,No,Yes,Yes,Yes
ARR01906,FIR202503347,P007159,Ganesh Kulkarni,Male,32,Bidar,PS0192,2025-10-23 17:55,Farm House,SI Prakash Sharma,Released on Bail,Rejected,None,0,Yes,No,No,Yes
ARR02018,FIR202503536,P005134,Prakash Poojary,Male,49,Belagavi,PS0048,2025-10-24 03:22,Railway Station,SI Prakash Sharma,Released on Bail,Granted,Mobile Phones,344478,No,Yes,No,No
ARR02244,FIR202503646,P007918,Ravi Poojary,Male,45,Chamarajanagar,PS0215,2025-10-24 06:32,Border Checkpost,PI Harish Naik,Judicial Custody,Pending,Cash,190083,Yes,Yes,Yes,Yes
ARR00054,FIR202503437,P008136,Naveen Bhat,Male,26,Chamarajanagar,PS0215,2025-10-24 13:05,Shopping Mall,SI Divya Hegde,Police Custody,Pending,Gold,263953,No,No,No,Yes
ARR02362,FIR202503641,P003425,Rohit Siddiqui,Male,26,Chamarajanagar,PS0194,2025-10-24 20:19,Bus Stand,SI Divya Hegde,Police Custody,Rejected,Mobile Phones,236918,No,Yes,Yes,No
ARR01400,FIR202503731,P009817,Prakash Verma,Male,61,Chamarajanagar,PS0211,2025-10-24 20:54,Parking Lot,SI Divya Hegde,Released on Bail,Pending,None,0,Yes,No,Yes,Yes
ARR01756,FIR202503805,P003175,Basavaraj Hegde,Male,20,Chamarajanagar,PS0210,2025-10-24 21:38,Highway Checkpost,SI Divya Hegde,Released on Bail,Granted,Drugs,269784,Yes,Yes,Yes,Yes
ARR01775,FIR202503655,P002793,Darshan Naik,Male,63,Chamarajanagar,PS0207,2025-10-25 00:18,Bus Stand,PI Lakshmi Devi,Police Custody,Pending,Laptop,430397,No,No,No,Yes
ARR00531,FIR202503837,P001111,Sanjay Siddiqui,Male,33,Bagalkote,PS0016,2025-10-25 02:19,Railway Station,SI Ravi Kumar,Judicial Custody,Pending,Gold,300283,No,No,No,Yes
ARR00277,FIR202503420,P006746,Basavaraj Kulkarni,Male,52,Bengaluru Urban,PS0113,2025-10-25 07:53,Shopping Mall,SI Suresh Kulkarni,Released on Bail,Pending,Documents,173165,No,No,No,No
ARR01486,FIR202503750,P008649,Lokesh Hiremath,Male,41,Chamarajanagar,PS0234,2025-10-25 11:50,Residence,PI Harish Naik,Police Custody,Pending,None,0,No,No,Yes,No
ARR01216,FIR202503314,P000885,Rahul Angadi,Male,60,Bagalkote,PS0020,2025-10-25 11:54,Bus Stand,SI Ganesh Rao,Judicial Custody,Rejected,Laptop,87618,Yes,No,Yes,Yes
ARR00168,FIR202503418,P006668,Shivakumar Kambali,Male,68,Chamarajanagar,PS0203,2025-10-25 12:08,Industrial Area,PI Mahesh Bhat,Judicial Custody,Pending,Vehicle,411659,Yes,Yes,Yes,No
ARR01896,FIR202503388,P005644,Ajay Verma,Male,23,Belagavi,PS0057,2025-10-25 15:19,Residence,SI Prakash Sharma,Police Custody,Pending,None,0,No,No,No,Yes
ARR02387,FIR202503469,P004223,Siddu Patil,Male,19,Bagalkote,PS0015,2025-10-25 17:10,Parking Lot,SI Suresh Kulkarni,Released on Bail,Pending,None,0,Yes,Yes,No,Yes
ARR00954,FIR202503558,P006023,Akash Gowda,Male,30,Bidar,PS0178,2025-10-25 18:12,Railway Station,PI Lakshmi Devi,Police Custody,Granted,Documents,257679,Yes,No,No,Yes
ARR02236,FIR202503661,P006369,Rohit Kumar,Male,44,Chikkaballapura,PS0246,2025-10-25 18:47,Lodge,SI Ravi Kumar,Released on Bail,Pending,Laptop,426251,No,No,No,Yes
ARR02201,FIR202503330,P005007,Harini Reddy,Female,66,Bidar,PS0173,2025-10-25 19:23,Hotel,SI Suresh Kulkarni,Released on Bail,Pending,Gold,11050,Yes,Yes,No,No
ARR01137,FIR202503650,P009532,Chetan Angadi,Male,26,Bengaluru Rural,PS0075,2025-10-25 20:14,Market Area,PI Mahesh Bhat,Judicial Custody,Granted,Cash,194477,No,No,No,Yes
ARR00881,FIR202503832,P009523,Manoj Desai,Male,37,Bagalkote,PS0001,2025-10-25 20:24,Residence,PI Ramesh Gowda,Judicial Custody,Pending,Mobile Phones,414524,No,No,No,No
ARR00936,FIR202503804,P008983,Basavaraj Naik,Male,46,Chamarajanagar,PS0214,2025-10-25 21:55,Lodge,PI Harish Naik,Police Custody,Pending,Drugs,226374,Yes,No,Yes,No
ARR00524,FIR202503708,P007857,Siddu Reddy,Male,32,Chamarajanagar,PS0234,2025-10-25 22:15,Railway Station,SI Ganesh Rao,Police Custody,Granted,None,0,No,Yes,No,No
ARR01349,FIR202503425,P000387,Pradeep Kambali,Male,55,Bagalkote,PS0010,2025-10-25 23:29,Highway Checkpost,PI Harish Naik,Judicial Custody,Rejected,Vehicle,204136,Yes,Yes,No,No
ARR02409,FIR202503841,P007400,Vinay Poojary,Male,34,Bagalkote,PS0009,2025-10-26 01:47,Airport,SI Ravi Kumar,Released on Bail,Pending,Laptop,363128,No,Yes,Yes,No
ARR01267,FIR202503735,P007907,Ravi Hiremath,Male,65,Chamarajanagar,PS0213,2025-10-26 06:00,Hotel,PI Mahesh Bhat,Judicial Custody,Pending,Weapons,231562,Yes,Yes,Yes,No
ARR01426,FIR202503528,P001538,Suresh Angadi,Male,38,Chamarajanagar,PS0210,2025-10-26 06:39,Railway Station,PI Lakshmi Devi,Police Custody,Pending,Vehicle,477167,No,No,No,No
ARR01795,FIR202503799,P005441,Siddu Poojary,Male,63,Chamarajanagar,PS0213,2025-10-26 07:06,Hotel,SI Prakash Sharma,Released on Bail,Pending,None,0,Yes,Yes,No,No
ARR01515,FIR202503484,P007858,Akash Singh,Male,65,Bidar,PS0189,2025-10-26 11:04,Border Checkpost,PI Harish Naik,Judicial Custody,Rejected,Vehicle,18312,Yes,Yes,No,No
ARR01281,FIR202503768,P007837,Basavaraj Naik,Male,36,Chamarajanagar,PS0228,2025-10-26 14:35,Hotel,PI Naveen Patil,Police Custody,Rejected,Documents,99343,Yes,No,No,Yes
ARR00301,FIR202503809,P003717,Ravi Poojary,Male,48,Belagavi,PS0053,2025-10-26 14:43,Industrial Area,PI Ramesh Gowda,Police Custody,Granted,Vehicle,30990,No,No,Yes,Yes
ARR02440,FIR202503497,P002821,Prakash Rao,Male,71,Bengaluru Urban,PS0115,2025-10-26 17:18,Shopping Mall,SI Suresh Kulkarni,Released on Bail,Pending,Cash,334475,Yes,No,No,Yes
ARR00236,FIR202503611,P001580,Mahesh Hegde,Male,24,Chamarajanagar,PS0195,2025-10-26 18:49,Highway Checkpost,SI Ravi Kumar,Judicial Custody,Granted,None,0,No,No,Yes,No
ARR01103,FIR202503791,P008657,Suresh Hiremath,Male,69,Chamarajanagar,PS0213,2025-10-26 21:35,Border Checkpost,SI Prakash Sharma,Released on Bail,Granted,Vehicle,396369,No,Yes,No,No
ARR01820,FIR202503537,P003788,Suresh Gowda,Male,66,Bidar,PS0158,2025-10-26 21:49,Railway Station,SI Suresh Kulkarni,Released on Bail,Rejected,Vehicle,94597,No,No,Yes,No
ARR00183,FIR202503610,P002022,Ramesh Angadi,Male,52,Chamarajanagar,PS0217,2025-10-26 22:33,Shopping Mall,SI Prakash Sharma,Judicial Custody,Granted,Weapons,382477,Yes,No,Yes,No
ARR01969,FIR202503565,P000961,Ganesh Kulkarni,Male,20,Ballari,PS0037,2025-10-27 02:34,Airport,PI Naveen Patil,Released on Bail,Rejected,Drugs,410402,No,Yes,No,No
ARR02109,FIR202503326,P002026,Lokesh Bhat,Male,37,Bidar,PS0160,2025-10-27 05:02,Lodge,SI Prakash Sharma,Released on Bail,Rejected,Weapons,184818,No,Yes,No,Yes
ARR00650,FIR202503590,P001970,Suraj Siddiqui,Male,60,Chamarajanagar,PS0195,2025-10-27 07:04,Airport,SI Prakash Sharma,Judicial Custody,Pending,Laptop,462814,Yes,Yes,No,No
ARR00842,FIR202503795,P002980,Ajay Poojary,Male,38,Chamarajanagar,PS0221,2025-10-27 07:20,Residence,PI Harish Naik,Police Custody,Granted,Laptop,143257,Yes,No,No,No
ARR01901,FIR202503756,P005047,Suresh Sharma,Male,20,Bidar,PS0171,2025-10-27 23:25,Airport,PI Mahesh Bhat,Released on Bail,Pending,Vehicle,117970,No,Yes,Yes,Yes
ARR02365,FIR202503720,P003646,Vijay Joshi,Male,64,Chamarajanagar,PS0197,2025-10-28 02:20,Shopping Mall,SI Ganesh Rao,Released on Bail,Rejected,None,0,No,No,Yes,No
ARR00991,FIR202503458,P004631,Vinay Gowda,Male,20,Bidar,PS0189,2025-10-28 06:19,Bus Stand,SI Divya Hegde,Police Custody,Pending,Laptop,396557,Yes,Yes,No,Yes
ARR00889,FIR202503647,P006393,Vinay Poojary,Male,46,Chamarajanagar,PS0220,2025-10-28 06:39,Border Checkpost,SI Ravi Kumar,Released on Bail,Pending,Weapons,338268,Yes,No,Yes,No
ARR02421,FIR202503790,P007497,Lokesh Reddy,Male,62,Belagavi,PS0065,2025-10-28 07:21,Farm House,SI Divya Hegde,Police Custody,Rejected,Mobile Phones,79354,Yes,No,Yes,No
ARR02354,FIR202503607,P000151,Pradeep Kumar,Male,56,Chamarajanagar,PS0197,2025-10-28 08:05,Railway Station,SI Suresh Kulkarni,Police Custody,Rejected,Mobile Phones,53672,Yes,No,Yes,Yes
ARR00670,FIR202503323,P007998,Vijay Verma,Male,39,Bidar,PS0190,2025-10-28 08:25,Farm House,SI Ravi Kumar,Judicial Custody,Pending,Vehicle,137854,No,No,No,Yes
ARR00517,FIR202503397,P000215,Manoj Hiremath,Male,18,Belagavi,PS0061,2025-10-28 14:47,Market Area,SI Suresh Kulkarni,Judicial Custody,Rejected,Cash,315585,Yes,Yes,Yes,No
ARR00025,FIR202503698,P005545,Ganesh Desai,Male,54,Chamarajanagar,PS0201,2025-10-28 15:21,Shopping Mall,SI Suresh Kulkarni,Released on Bail,Pending,Drugs,175335,No,Yes,Yes,Yes
ARR00890,FIR202503876,P004719,Siddu Hiremath,Male,71,Bidar,PS0164,2025-10-28 18:47,Residence,SI Divya Hegde,Police Custody,Pending,Cash,313597,No,Yes,No,Yes
ARR01165,FIR202503766,P002398,Ganesh Poojary,Male,42,Bidar,PS0161,2025-10-28 19:11,Shopping Mall,PI Mahesh Bhat,Released on Bail,Rejected,Documents,460857,Yes,Yes,Yes,No
ARR01557,FIR202503726,P007469,Vijay Naik,Male,58,Bidar,PS0178,2025-10-29 03:27,Bus Stand,PI Lakshmi Devi,Police Custody,Pending,Drugs,492475,No,No,No,Yes
ARR02235,FIR202503732,P003037,Naveen Verma,Male,58,Chamarajanagar,PS0215,2025-10-29 08:44,Shopping Mall,SI Suresh Kulkarni,Released on Bail,Granted,Drugs,493724,No,No,No,No
ARR01210,FIR202503737,P005357,Akash Shetty,Male,40,Chamarajanagar,PS0197,2025-10-29 08:54,Residence,SI Ganesh Rao,Released on Bail,Pending,Drugs,193794,No,Yes,Yes,Yes
ARR00196,FIR202503667,P002763,Ramesh Bhat,Male,60,Chamarajanagar,PS0217,2025-10-29 13:50,Highway Checkpost,PI Lakshmi Devi,Police Custody,Rejected,Mobile Phones,17163,Yes,No,No,Yes
ARR02486,FIR202503865,P007166,Ajay Desai,Male,29,Bagalkote,PS0023,2025-10-29 14:35,Airport,PI Mahesh Bhat,Released on Bail,Granted,Drugs,179631,No,Yes,Yes,Yes
ARR00687,FIR202503803,P006370,Ravi Siddiqui,Male,35,Bagalkote,PS0002,2025-10-29 20:12,Parking Lot,PI Naveen Patil,Judicial Custody,Rejected,Vehicle,355651,Yes,No,Yes,No
ARR01857,FIR202503648,P009086,Suresh Singh,Male,43,Bidar,PS0168,2025-10-30 00:52,Border Checkpost,PI Lakshmi Devi,Judicial Custody,Rejected,Drugs,257328,No,Yes,No,No
ARR01182,FIR202503881,P003442,Abhishek Singh,Male,23,Bengaluru Urban,PS0148,2025-10-30 03:17,Highway Checkpost,SI Ravi Kumar,Judicial Custody,Pending,Weapons,187243,Yes,No,Yes,Yes
ARR02466,FIR202503878,P000859,Naveen Singh,Male,36,Ballari,PS0032,2025-10-30 04:31,Industrial Area,PI Harish Naik,Judicial Custody,Granted,None,0,Yes,No,Yes,Yes
ARR01688,FIR202503857,P003609,Pradeep Poojary,Male,57,Bidar,PS0170,2025-10-30 06:10,Border Checkpost,SI Prakash Sharma,Judicial Custody,Pending,None,0,Yes,No,No,Yes
ARR01941,FIR202503621,P004534,Chetan Poojary,Male,43,Chamarajanagar,PS0227,2025-10-30 14:29,Hotel,SI Ravi Kumar,Judicial Custody,Rejected,Gold,289837,Yes,No,No,Yes
ARR00996,FIR202503855,P002454,Siddu Hegde,Male,56,Bagalkote,PS0001,2025-10-30 18:49,Bus Stand,PI Naveen Patil,Released on Bail,Granted,Documents,21891,Yes,No,Yes,No
ARR01818,FIR202503375,P002596,Vinay Kumar,Male,52,Bengaluru Urban,PS0126,2025-10-30 20:54,Lodge,PI Ramesh Gowda,Released on Bail,Pending,Mobile Phones,194486,No,Yes,Yes,Yes
ARR00856,FIR202503523,P002272,Ramesh Naik,Male,53,Bidar,PS0166,2025-10-30 22:44,Shopping Mall,SI Ravi Kumar,Judicial Custody,Granted,None,0,Yes,Yes,Yes,Yes
ARR01331,FIR202503901,P001396,Prakash Gowda,Male,35,Bagalkote,PS0012,2025-10-31 01:24,Parking Lot,PI Ramesh Gowda,Released on Bail,Pending,None,0,No,Yes,No,No
ARR02010,FIR202503372,P006249,Abhishek Naik,Male,36,Chamarajanagar,PS0208,2025-10-31 02:22,Market Area,PI Mahesh Bhat,Released on Bail,Rejected,Cash,391945,Yes,Yes,No,Yes
ARR02180,FIR202503775,P004951,Abhishek Singh,Male,36,Chikkaballapura,PS0245,2025-10-31 02:39,Railway Station,SI Prakash Sharma,Judicial Custody,Granted,Documents,451683,Yes,Yes,Yes,Yes
ARR01302,FIR202503718,P003944,Puneeth Poojary,Male,39,Bidar,PS0188,2025-10-31 08:05,Lodge,PI Harish Naik,Judicial Custody,Rejected,None,0,No,Yes,Yes,No
ARR01659,FIR202503525,P009082,Sanjay Joshi,Male,24,Bengaluru Urban,PS0119,2025-10-31 09:05,Industrial Area,PI Lakshmi Devi,Released on Bail,Pending,Laptop,287805,No,No,Yes,No
ARR01357,FIR202503499,P006976,Arjun Kulkarni,Male,22,Ballari,PS0038,2025-10-31 13:59,Airport,SI Ravi Kumar,Judicial Custody,Rejected,Gold,282320,Yes,Yes,No,No
ARR00034,FIR202503684,P009036,Sanjay Rao,Male,61,Bidar,PS0158,2025-10-31 20:23,Farm House,PI Naveen Patil,Police Custody,Pending,Documents,203363,No,No,No,No
ARR02293,FIR202503429,P000543,Arjun Kumar,Male,63,Chamarajanagar,PS0200,2025-10-31 21:01,Border Checkpost,PI Harish Naik,Judicial Custody,Rejected,Documents,95170,Yes,Yes,No,Yes
ARR01461,FIR202503644,P001202,Naveen Singh,Male,66,Bengaluru Urban,PS0139,2025-10-31 22:39,Residence,PI Naveen Patil,Released on Bail,Rejected,Vehicle,315774,Yes,Yes,No,No
ARR02141,FIR202503613,P004527,Chetan Poojary,Male,64,Chamarajanagar,PS0228,2025-11-01 05:02,Residence,PI Ramesh Gowda,Police Custody,Granted,Vehicle,378994,No,No,No,Yes
ARR00266,FIR202503798,P003204,Pradeep Siddiqui,Male,71,Bidar,PS0176,2025-11-01 05:51,Market Area,SI Prakash Sharma,Police Custody,Rejected,Mobile Phones,114199,No,Yes,No,No
ARR00872,FIR202503670,P009101,Chetan Siddiqui,Male,59,Chamarajanagar,PS0195,2025-11-01 10:42,Shopping Mall,PI Ramesh Gowda,Judicial Custody,Pending,Drugs,6022,Yes,Yes,Yes,Yes
ARR01603,FIR202503512,P008216,Pradeep Hiremath,Male,34,Ballari,PS0042,2025-11-01 11:06,Residence,PI Ramesh Gowda,Released on Bail,Pending,Weapons,336753,Yes,Yes,No,Yes
ARR00534,FIR202503716,P004417,Chetan Reddy,Male,61,Chamarajanagar,PS0215,2025-11-01 13:49,Parking Lot,SI Suresh Kulkarni,Judicial Custody,Rejected,Weapons,475620,No,No,Yes,Yes
ARR00743,FIR202503758,P008515,Akash Shetty,Male,69,Chamarajanagar,PS0211,2025-11-01 14:20,Industrial Area,PI Ramesh Gowda,Released on Bail,Rejected,Weapons,240730,Yes,No,Yes,No
ARR02119,FIR202503705,P006891,Siddu Singh,Male,43,Chamarajanagar,PS0217,2025-11-01 14:27,Railway Station,PI Lakshmi Devi,Police Custody,Rejected,None,0,No,Yes,No,No
ARR02479,FIR202503561,P004670,Ajay Desai,Male,70,Chamarajanagar,PS0231,2025-11-01 18:27,Bus Stand,PI Lakshmi Devi,Released on Bail,Rejected,Gold,182589,Yes,No,Yes,Yes
ARR02146,FIR202503473,P006126,Lakshmi Hiremath,Female,62,Bagalkote,PS0012,2025-11-01 22:21,Residence,SI Divya Hegde,Judicial Custody,Rejected,Weapons,326797,No,No,No,No
ARR00560,FIR202503478,P000795,Siddu Patil,Male,21,Bidar,PS0178,2025-11-01 22:22,Farm House,PI Ramesh Gowda,Released on Bail,Pending,Vehicle,28425,Yes,Yes,Yes,No
ARR01467,FIR202503696,P004152,Chetan Poojary,Male,32,Bagalkote,PS0021,2025-11-01 22:32,Railway Station,SI Divya Hegde,Judicial Custody,Granted,Drugs,425404,Yes,Yes,No,No
ARR01458,FIR202503598,P009347,Puneeth Singh,Male,49,Chamarajanagar,PS0232,2025-11-02 04:45,Highway Checkpost,SI Ganesh Rao,Police Custody,Pending,Cash,253560,No,No,Yes,Yes
ARR00395,FIR202503690,P000634,Ramesh Naik,Male,68,Chamarajanagar,PS0195,2025-11-02 05:44,Highway Checkpost,PI Mahesh Bhat,Released on Bail,Pending,Laptop,467254,No,Yes,No,No
ARR02444,FIR202503400,P002974,Ajay Hiremath,Male,25,Chamarajanagar,PS0228,2025-11-02 10:29,Residence,PI Ramesh Gowda,Police Custody,Granted,Documents,481981,Yes,Yes,Yes,No
ARR00206,FIR202503829,P005747,Pradeep Pujari,Male,61,Chamarajanagar,PS0213,2025-11-02 14:34,Farm House,SI Ganesh Rao,Judicial Custody,Pending,Gold,212040,No,Yes,No,Yes
ARR00840,FIR202503398,P004834,Vijay Kumar,Male,21,Chamarajanagar,PS0202,2025-11-02 14:43,Airport,SI Ravi Kumar,Police Custody,Rejected,Vehicle,205516,Yes,Yes,Yes,Yes
ARR01068,FIR202503600,P008928,Abhishek Hiremath,Male,30,Bidar,PS0189,2025-11-02 15:10,Shopping Mall,PI Ramesh Gowda,Police Custody,Pending,Weapons,18024,No,No,Yes,Yes
ARR00030,FIR202503657,P003837,Nandini Hegde,Female,45,Chamarajanagar,PS0205,2025-11-02 21:12,Bus Stand,PI Lakshmi Devi,Judicial Custody,Pending,None,0,Yes,Yes,No,Yes
ARR01001,FIR202503483,P003610,Chetan Rao,Male,30,Chamarajanagar,PS0196,2025-11-02 21:36,Shopping Mall,SI Suresh Kulkarni,Police Custody,Rejected,None,0,Yes,Yes,Yes,Yes
ARR00486,FIR202503507,P008361,Vijay Bhat,Male,46,Bagalkote,PS0022,2025-11-03 01:33,Lodge,SI Suresh Kulkarni,Police Custody,Rejected,None,0,No,No,Yes,No
ARR02449,FIR202503439,P004349,Suraj Verma,Male,59,Ballari,PS0034,2025-11-03 01:41,Airport,PI Ramesh Gowda,Police Custody,Granted,Laptop,143073,No,No,No,Yes
ARR02506,FIR202503885,P004075,Sowmya Sharma,Female,47,Chamarajanagar,PS0214,2025-11-03 02:44,Residence,PI Naveen Patil,Released on Bail,Granted,Documents,147841,Yes,Yes,Yes,Yes
ARR01867,FIR202503847,P004096,Siddu Poojary,Male,25,Bidar,PS0176,2025-11-03 03:27,Parking Lot,SI Suresh Kulkarni,Released on Bail,Rejected,Weapons,397634,Yes,Yes,No,Yes
ARR01872,FIR202503435,P008040,Vijay Joshi,Male,54,Chamarajanagar,PS0215,2025-11-03 04:00,Lodge,PI Harish Naik,Judicial Custody,Pending,Mobile Phones,417298,Yes,No,Yes,Yes
ARR01353,FIR202503751,P000406,Vijay Shetty,Male,26,Chamarajanagar,PS0223,2025-11-03 06:43,Hotel,SI Prakash Sharma,Police Custody,Pending,Laptop,234674,No,No,No,No
ARR00761,FIR202503848,P007900,Rohit Kambali,Male,33,Chamarajanagar,PS0193,2025-11-03 07:40,Residence,PI Naveen Patil,Police Custody,Granted,Documents,71350,Yes,Yes,Yes,No
ARR01511,FIR202503681,P005401,Suraj Verma,Male,26,Chamarajanagar,PS0206,2025-11-03 10:47,Industrial Area,SI Suresh Kulkarni,Released on Bail,Granted,Weapons,452156,Yes,Yes,No,Yes
ARR02355,FIR202503757,P000587,Chetan Reddy,Male,70,Chamarajanagar,PS0204,2025-11-03 11:00,Shopping Mall,SI Ravi Kumar,Police Custody,Pending,Mobile Phones,357657,No,Yes,No,Yes
ARR00588,FIR202503767,P006498,Vinay Rao,Male,66,Bengaluru Urban,PS0118,2025-11-03 11:15,Lodge,PI Harish Naik,Judicial Custody,Granted,Weapons,314990,Yes,No,Yes,Yes
ARR00482,FIR202503402,P004343,Naveen Sharma,Male,48,Chamarajanagar,PS0224,2025-11-03 12:10,Shopping Mall,SI Prakash Sharma,Released on Bail,Granted,Mobile Phones,265480,Yes,Yes,No,No
ARR00932,FIR202503808,P001447,Vinay Rao,Male,44,Bagalkote,PS0025,2025-11-03 14:59,Lodge,SI Suresh Kulkarni,Police Custody,Pending,Drugs,110699,No,Yes,Yes,No
ARR01140,FIR202503553,P007570,Sanjay Singh,Male,60,Chamarajanagar,PS0207,2025-11-03 16:32,Border Checkpost,PI Harish Naik,Judicial Custody,Rejected,Vehicle,190393,No,Yes,No,No
ARR00940,FIR202503502,P008737,Lokesh Gowda,Male,40,Bidar,PS0187,2025-11-03 18:00,Shopping Mall,SI Ganesh Rao,Released on Bail,Granted,Drugs,134521,Yes,Yes,No,No
ARR01052,FIR202503740,P002375,Pradeep Shetty,Male,65,Chamarajanagar,PS0225,2025-11-03 18:10,Residence,SI Ravi Kumar,Released on Bail,Pending,Laptop,202398,Yes,Yes,Yes,Yes
ARR01767,FIR202503818,P001561,Nandini Hegde,Female,55,Bagalkote,PS0010,2025-11-03 18:56,Border Checkpost,SI Divya Hegde,Judicial Custody,Granted,Drugs,408809,No,No,No,No
ARR01097,FIR202503879,P002597,Suraj Rao,Male,61,Chamarajanagar,PS0227,2025-11-03 20:16,Border Checkpost,PI Ramesh Gowda,Police Custody,Granted,Vehicle,200333,Yes,No,No,Yes
ARR00472,FIR202503508,P001929,Puneeth Poojary,Male,29,Chamarajanagar,PS0230,2025-11-03 21:31,Railway Station,PI Harish Naik,Judicial Custody,Pending,Laptop,379358,No,Yes,No,No
ARR01263,FIR202503717,P000432,Puneeth Siddiqui,Male,70,Chamarajanagar,PS0194,2025-11-04 06:44,Residence,SI Ravi Kumar,Judicial Custody,Granted,Gold,217881,No,Yes,No,No
ARR00962,FIR202503776,P004813,Shivakumar Hiremath,Male,51,Chamarajanagar,PS0221,2025-11-04 07:58,Hotel,PI Harish Naik,Judicial Custody,Granted,Vehicle,374765,Yes,Yes,No,No
ARR02436,FIR202503971,P000403,Anitha Bhat,Female,53,Bengaluru Rural,PS0081,2025-11-04 11:03,Residence,SI Prakash Sharma,Released on Bail,Granted,Drugs,312260,Yes,No,Yes,Yes
ARR02451,FIR202503434,P007399,Ganesh Pujari,Male,35,Bidar,PS0166,2025-11-04 18:27,Farm House,PI Lakshmi Devi,Judicial Custody,Granted,Weapons,174993,Yes,No,No,No
ARR01716,FIR202504003,P002267,Abhishek Siddiqui,Male,39,Bidar,PS0171,2025-11-04 19:12,Border Checkpost,PI Mahesh Bhat,Police Custody,Granted,Gold,339371,No,Yes,Yes,Yes
ARR00442,FIR202503746,P004705,Ajay Pujari,Male,61,Chamarajanagar,PS0230,2025-11-04 21:44,Airport,SI Prakash Sharma,Judicial Custody,Granted,Weapons,473809,Yes,No,No,No
ARR01768,FIR202503817,P003048,Ganesh Angadi,Male,22,Bagalkote,PS0008,2025-11-04 21:46,Shopping Mall,PI Ramesh Gowda,Released on Bail,Rejected,Weapons,367413,Yes,No,Yes,No
ARR00663,FIR202503683,P001314,Harish Gowda,Male,46,Chamarajanagar,PS0217,2025-11-05 00:30,Market Area,PI Mahesh Bhat,Police Custody,Granted,Gold,314261,No,No,Yes,No
ARR00956,FIR202503514,P006303,Abhishek Kulkarni,Male,57,Bengaluru Rural,PS0072,2025-11-05 04:05,Border Checkpost,SI Prakash Sharma,Police Custody,Rejected,Laptop,484580,No,No,No,Yes
ARR01936,FIR202503491,P004304,Rohit Patil,Male,44,Chamarajanagar,PS0226,2025-11-05 05:45,Residence,SI Divya Hegde,Released on Bail,Rejected,None,0,Yes,Yes,Yes,No
ARR00656,FIR202503632,P007518,Arjun Sharma,Male,40,Chamarajanagar,PS0208,2025-11-05 14:14,Farm House,PI Harish Naik,Judicial Custody,Rejected,Drugs,448755,Yes,Yes,No,Yes
ARR00367,FIR202503752,P009136,Mahesh Hiremath,Male,37,Bagalkote,PS0013,2025-11-05 17:49,Border Checkpost,PI Harish Naik,Released on Bail,Granted,Documents,181935,No,No,No,No
ARR00677,FIR202503594,P007603,Akash Patil,Male,21,Chamarajanagar,PS0215,2025-11-05 19:11,Shopping Mall,SI Divya Hegde,Judicial Custody,Pending,Documents,352275,No,Yes,No,Yes
ARR02160,FIR202503821,P006560,Lakshmi Gowda,Female,41,Bagalkote,PS0007,2025-11-05 23:20,Railway Station,PI Mahesh Bhat,Judicial Custody,Pending,Cash,483084,Yes,No,Yes,No
ARR02415,FIR202503638,P008621,Manoj Sharma,Male,26,Bengaluru Urban,PS0140,2025-11-06 00:48,Highway Checkpost,PI Ramesh Gowda,Police Custody,Pending,Cash,229172,Yes,No,Yes,Yes
ARR01632,FIR202503669,P005155,Deepa Gowda,Female,70,Chikkaballapura,PS0241,2025-11-06 03:13,Shopping Mall,PI Ramesh Gowda,Released on Bail,Rejected,Drugs,235780,Yes,Yes,No,Yes
ARR00746,FIR202503884,P001335,Manoj Kambali,Male,37,Bagalkote,PS0016,2025-11-06 06:02,Highway Checkpost,SI Divya Hegde,Released on Bail,Granted,Mobile Phones,491251,No,No,No,No
ARR00758,FIR202503760,P009179,Suresh Verma,Male,68,Bagalkote,PS0013,2025-11-06 06:30,Lodge,SI Prakash Sharma,Police Custody,Rejected,Mobile Phones,337316,Yes,Yes,No,Yes
ARR00241,FIR202504046,P005011,Sanjay Hegde,Male,65,Chamarajanagar,PS0234,2025-11-06 08:56,Shopping Mall,SI Ganesh Rao,Judicial Custody,Granted,Weapons,379482,Yes,No,No,Yes
ARR01694,FIR202503592,P006908,Swathi Shetty,Female,34,Bidar,PS0182,2025-11-06 09:05,Bus Stand,SI Divya Hegde,Released on Bail,Pending,Gold,483656,Yes,Yes,Yes,No
ARR02157,FIR202503503,P004307,Puneeth Rao,Male,37,Bengaluru Urban,PS0126,2025-11-06 12:41,Railway Station,SI Ravi Kumar,Released on Bail,Granted,Drugs,264134,Yes,No,No,No
ARR00065,FIR202503501,P004237,Siddu Shetty,Male,21,Bagalkote,PS0013,2025-11-06 12:44,Industrial Area,PI Ramesh Gowda,Released on Bail,Rejected,Vehicle,255836,No,No,No,Yes
ARR02202,FIR202503552,P000192,Mahesh Bhat,Male,45,Chamarajanagar,PS0213,2025-11-06 13:44,Market Area,SI Prakash Sharma,Police Custody,Pending,Documents,299509,No,No,Yes,Yes
ARR01085,FIR202503959,P000914,Vinay Poojary,Male,62,Bagalkote,PS0017,2025-11-06 14:52,Hotel,SI Ravi Kumar,Released on Bail,Granted,Laptop,250471,No,Yes,No,No
ARR01219,FIR202503789,P005012,Rahul Gowda,Male,36,Bengaluru Rural,PS0071,2025-11-06 15:44,Residence,SI Divya Hegde,Released on Bail,Granted,None,0,Yes,No,Yes,Yes
ARR01072,FIR202503668,P001525,Arjun Bhat,Male,37,Bengaluru Rural,PS0098,2025-11-06 17:10,Highway Checkpost,PI Harish Naik,Judicial Custody,Rejected,Laptop,232685,Yes,Yes,No,Yes
ARR00029,FIR202503513,P004734,Manoj Joshi,Male,38,Bengaluru Urban,PS0111,2025-11-07 03:52,Bus Stand,PI Ramesh Gowda,Judicial Custody,Pending,Cash,342463,Yes,Yes,Yes,Yes
ARR00626,FIR202504022,P000038,Chetan Bhat,Male,38,Chamarajanagar,PS0213,2025-11-07 10:25,Residence,PI Mahesh Bhat,Police Custody,Rejected,Cash,348805,Yes,No,No,Yes
ARR01067,FIR202503787,P005936,Ajay Sharma,Male,41,Bagalkote,PS0008,2025-11-07 11:00,Airport,SI Ganesh Rao,Released on Bail,Pending,Weapons,335127,No,Yes,No,Yes
ARR00666,FIR202504053,P009651,Shivakumar Bhat,Male,65,Bagalkote,PS0012,2025-11-07 12:15,Parking Lot,PI Lakshmi Devi,Police Custody,Rejected,Documents,243435,No,Yes,No,No
ARR00122,FIR202503854,P009255,Siddu Patil,Male,37,Bagalkote,PS0017,2025-11-07 14:12,Airport,PI Ramesh Gowda,Released on Bail,Rejected,Laptop,350976,Yes,No,Yes,No
ARR01261,FIR202503672,P008483,Ramesh Kulkarni,Male,26,Chamarajanagar,PS0223,2025-11-07 14:38,Parking Lot,SI Ravi Kumar,Released on Bail,Pending,Mobile Phones,286405,Yes,No,Yes,No
ARR01066,FIR202503665,P003018,Pradeep Sharma,Male,64,Bengaluru Rural,PS0079,2025-11-07 17:28,Highway Checkpost,SI Ravi Kumar,Released on Bail,Pending,Weapons,132526,Yes,Yes,Yes,Yes
ARR01180,FIR202503994,P008199,Puneeth Gowda,Male,46,Bengaluru Urban,PS0141,2025-11-07 18:13,Market Area,PI Lakshmi Devi,Judicial Custody,Pending,Laptop,461379,Yes,Yes,No,No
ARR01018,FIR202503570,P003031,Rahul Poojary,Male,34,Bidar,PS0154,2025-11-07 19:21,Railway Station,PI Ramesh Gowda,Police Custody,Granted,Mobile Phones,143001,Yes,Yes,No,No
ARR00527,FIR202504055,P001455,Ajay Shetty,Male,44,Bidar,PS0184,2025-11-08 01:07,Market Area,SI Ravi Kumar,Judicial Custody,Granted,Cash,332975,No,Yes,No,No
ARR02401,FIR202503567,P006640,Arjun Gowda,Male,58,Chamarajanagar,PS0225,2025-11-08 07:12,Market Area,PI Mahesh Bhat,Released on Bail,Pending,Drugs,97586,No,Yes,Yes,No
ARR00554,FIR202504059,P000507,Rohit Poojary,Male,61,Chamarajanagar,PS0219,2025-11-08 12:55,Railway Station,SI Suresh Kulkarni,Judicial Custody,Granted,Laptop,278822,Yes,No,Yes,No
ARR00938,FIR202503978,P008401,Naveen Poojary,Male,43,Bidar,PS0182,2025-11-08 17:49,Airport,PI Naveen Patil,Judicial Custody,Pending,Mobile Phones,121002,Yes,Yes,Yes,Yes
ARR01205,FIR202503762,P007183,Arjun Joshi,Male,35,Chamarajanagar,PS0230,2025-11-08 19:39,Lodge,PI Ramesh Gowda,Released on Bail,Granted,Mobile Phones,436709,Yes,Yes,No,No
ARR00089,FIR202503744,P007888,Pradeep Singh,Male,38,Chamarajanagar,PS0198,2025-11-08 22:41,Railway Station,PI Harish Naik,Judicial Custody,Granted,Weapons,160835,No,No,Yes,No
ARR01763,FIR202503942,P007008,Naveen Kambali,Male,51,Bidar,PS0165,2025-11-09 01:19,Railway Station,SI Divya Hegde,Released on Bail,Granted,Laptop,73924,Yes,Yes,No,No
ARR02001,FIR202503532,P004630,Divya Hiremath,Female,41,Bidar,PS0182,2025-11-09 02:22,Industrial Area,PI Ramesh Gowda,Released on Bail,Granted,Laptop,398573,Yes,Yes,Yes,No
ARR01809,FIR202503619,P005492,Rahul Poojary,Male,39,Bidar,PS0173,2025-11-09 06:00,Farm House,PI Harish Naik,Judicial Custody,Rejected,Mobile Phones,94606,Yes,No,Yes,Yes
ARR01961,FIR202503783,P002338,Siddu Kambali,Male,46,Bagalkote,PS0004,2025-11-09 06:09,Shopping Mall,SI Ganesh Rao,Police Custody,Pending,None,0,No,No,No,No
ARR01275,FIR202503777,P006887,Vinay Shetty,Male,54,Bidar,PS0163,2025-11-09 06:46,Border Checkpost,PI Naveen Patil,Released on Bail,Granted,Mobile Phones,113746,No,No,No,No
ARR02166,FIR202503538,P004621,Shivakumar Kambali,Male,50,Bengaluru Rural,PS0093,2025-11-09 07:06,Railway Station,PI Ramesh Gowda,Released on Bail,Rejected,Laptop,253388,No,No,Yes,No
ARR01564,FIR202503969,P001110,Mahesh Bhat,Male,52,Bagalkote,PS0014,2025-11-09 07:59,Border Checkpost,PI Naveen Patil,Released on Bail,Granted,Cash,11974,Yes,Yes,Yes,No
ARR01392,FIR202503548,P004276,Sneha Siddiqui,Female,55,Bidar,PS0192,2025-11-09 13:09,Airport,PI Harish Naik,Police Custody,Rejected,Vehicle,2675,No,Yes,Yes,Yes
ARR01666,FIR202503765,P004249,Kusuma Gowda,Female,55,Chamarajanagar,PS0210,2025-11-09 19:05,Border Checkpost,SI Ganesh Rao,Released on Bail,Granted,Drugs,244969,No,No,Yes,Yes
ARR00300,FIR202503622,P000173,Basavaraj Patil,Male,60,Chamarajanagar,PS0201,2025-11-09 20:21,Highway Checkpost,PI Harish Naik,Judicial Custody,Granted,Vehicle,170580,No,Yes,Yes,Yes
ARR01484,FIR202504069,P008595,Pradeep Angadi,Male,64,Bengaluru Rural,PS0075,2025-11-09 22:23,Bus Stand,PI Mahesh Bhat,Released on Bail,Pending,Drugs,135186,No,No,No,Yes
ARR01299,FIR202503784,P005688,Shivakumar Poojary,Male,26,Chamarajanagar,PS0208,2025-11-10 12:23,Bus Stand,PI Ramesh Gowda,Police Custody,Pending,Mobile Phones,270058,No,Yes,Yes,No
ARR01217,FIR202503868,P009653,Arjun Gowda,Male,40,Chamarajanagar,PS0219,2025-11-10 13:47,Farm House,SI Prakash Sharma,Police Custody,Granted,Drugs,145412,No,Yes,No,Yes
ARR02509,FIR202503576,P006010,Arjun Singh,Male,54,Bidar,PS0163,2025-11-10 15:26,Bus Stand,SI Suresh Kulkarni,Released on Bail,Granted,None,0,No,No,Yes,Yes
ARR01027,FIR202503712,P001541,Suraj Pujari,Male,65,Chamarajanagar,PS0206,2025-11-10 17:49,Border Checkpost,SI Ganesh Rao,Judicial Custody,Pending,Gold,296596,No,No,Yes,No
ARR02220,FIR202503825,P005665,Basavaraj Shetty,Male,31,Belagavi,PS0046,2025-11-11 05:43,Industrial Area,PI Naveen Patil,Judicial Custody,Pending,Cash,36357,No,No,No,No
ARR00270,FIR202504029,P004623,Shivakumar Desai,Male,23,Ballari,PS0026,2025-11-11 07:43,Industrial Area,PI Lakshmi Devi,Police Custody,Granted,Weapons,117985,No,No,No,Yes
ARR00868,FIR202503900,P007289,Abhishek Shetty,Male,58,Bengaluru Rural,PS0070,2025-11-11 11:53,Parking Lot,SI Prakash Sharma,Police Custody,Rejected,Mobile Phones,404382,Yes,Yes,Yes,No
ARR01338,FIR202503843,P003378,Akash Reddy,Male,25,Bagalkote,PS0013,2025-11-11 15:21,Parking Lot,PI Ramesh Gowda,Police Custody,Granted,Weapons,98907,No,Yes,No,Yes
ARR02046,FIR202503560,P009794,Suresh Bhat,Male,35,Chamarajanagar,PS0223,2025-11-11 20:08,Parking Lot,SI Prakash Sharma,Released on Bail,Rejected,Drugs,252948,Yes,Yes,No,Yes
ARR00069,FIR202503628,P004298,Lokesh Joshi,Male,22,Chamarajanagar,PS0228,2025-11-11 21:49,Market Area,SI Divya Hegde,Judicial Custody,Pending,None,0,Yes,No,No,No
ARR00493,FIR202503742,P001290,Sowmya Rao,Female,38,Bengaluru Urban,PS0121,2025-11-12 00:22,Lodge,PI Ramesh Gowda,Police Custody,Rejected,Drugs,253657,No,Yes,Yes,Yes
ARR01975,FIR202503773,P006446,Naveen Bhat,Male,36,Chamarajanagar,PS0218,2025-11-12 00:37,Border Checkpost,PI Ramesh Gowda,Judicial Custody,Rejected,Gold,438345,No,No,No,Yes
ARR00324,FIR202503555,P008607,Mahesh Kambali,Male,67,Bagalkote,PS0023,2025-11-12 01:50,Shopping Mall,PI Mahesh Bhat,Judicial Custody,Granted,Mobile Phones,292477,Yes,No,No,Yes
ARR01898,FIR202504146,P000188,Basavaraj Patil,Male,40,Bagalkote,PS0006,2025-11-12 03:24,Parking Lot,SI Ganesh Rao,Judicial Custody,Granted,Documents,458545,No,No,Yes,Yes
ARR01840,FIR202504071,P002487,Akash Pujari,Male,23,Chamarajanagar,PS0196,2025-11-12 03:33,Airport,SI Ravi Kumar,Judicial Custody,Pending,Gold,287111,Yes,Yes,Yes,No
ARR01565,FIR202503822,P001897,Shivakumar Gowda,Male,24,Bagalkote,PS0024,2025-11-12 05:55,Market Area,SI Divya Hegde,Judicial Custody,Rejected,None,0,No,Yes,No,Yes
ARR01637,FIR202503831,P009995,Priya Angadi,Female,55,Chamarajanagar,PS0196,2025-11-12 09:13,Parking Lot,PI Harish Naik,Police Custody,Pending,None,0,No,No,No,No
ARR00282,FIR202503755,P009121,Pradeep Verma,Male,56,Chamarajanagar,PS0200,2025-11-12 13:27,Lodge,PI Lakshmi Devi,Judicial Custody,Rejected,Documents,476953,No,Yes,No,Yes
ARR01536,FIR202503550,P004851,Nisha Sharma,Female,53,Chamarajanagar,PS0200,2025-11-12 15:27,Highway Checkpost,SI Ravi Kumar,Police Custody,Pending,Vehicle,470991,Yes,Yes,No,Yes
ARR00618,FIR202503985,P001470,Vidya Shetty,Female,33,Chamarajanagar,PS0194,2025-11-12 16:01,Hotel,PI Mahesh Bhat,Judicial Custody,Pending,Mobile Phones,462814,Yes,No,Yes,No
ARR01401,FIR202503749,P006187,Chetan Pujari,Male,24,Chamarajanagar,PS0196,2025-11-12 16:42,Residence,SI Divya Hegde,Police Custody,Rejected,Documents,293302,Yes,No,No,No
ARR02252,FIR202503546,P007548,Vijay Rao,Male,31,Chamarajanagar,PS0198,2025-11-12 21:20,Border Checkpost,PI Lakshmi Devi,Judicial Custody,Granted,Mobile Phones,219463,No,No,No,No
ARR01111,FIR202503606,P008677,Darshan Hegde,Male,24,Chamarajanagar,PS0216,2025-11-12 23:05,Airport,SI Divya Hegde,Police Custody,Rejected,Vehicle,357390,No,No,No,No
ARR01737,FIR202503577,P007916,Chetan Pujari,Male,63,Chamarajanagar,PS0203,2025-11-13 03:05,Farm House,PI Naveen Patil,Released on Bail,Rejected,Laptop,350564,No,Yes,Yes,No
ARR00237,FIR202503522,P004780,Harini Siddiqui,Female,23,Chamarajanagar,PS0218,2025-11-13 06:08,Border Checkpost,PI Harish Naik,Police Custody,Pending,Documents,143304,Yes,Yes,Yes,Yes
ARR00949,FIR202503968,P002847,Vinay Joshi,Male,69,Bengaluru Urban,PS0128,2025-11-13 10:45,Airport,PI Lakshmi Devi,Judicial Custody,Pending,Weapons,366969,No,No,No,No
ARR02324,FIR202503578,P004990,Ganesh Singh,Male,34,Chamarajanagar,PS0193,2025-11-13 14:20,Industrial Area,PI Naveen Patil,Judicial Custody,Granted,Cash,50928,No,Yes,No,Yes
ARR02249,FIR202503725,P002882,Sanjay Hegde,Male,26,Chamarajanagar,PS0200,2025-11-13 22:05,Lodge,PI Harish Naik,Police Custody,Granted,Vehicle,225156,No,Yes,Yes,Yes
ARR02048,FIR202504111,P007210,Nisha Reddy,Female,56,Chamarajanagar,PS0196,2025-11-13 22:07,Border Checkpost,PI Mahesh Bhat,Police Custody,Pending,Laptop,459642,Yes,No,Yes,No
ARR00850,FIR202503666,P003729,Harini Kumar,Female,62,Bagalkote,PS0010,2025-11-14 00:16,Border Checkpost,PI Lakshmi Devi,Judicial Custody,Rejected,Cash,310018,No,Yes,No,No
ARR01089,FIR202504038,P006809,Suraj Siddiqui,Male,50,Bengaluru Rural,PS0073,2025-11-14 00:23,Lodge,SI Ganesh Rao,Police Custody,Granted,Gold,192187,No,Yes,No,Yes
ARR01409,FIR202504189,P003264,Rahul Joshi,Male,22,Bidar,PS0173,2025-11-14 05:37,Airport,SI Suresh Kulkarni,Judicial Custody,Pending,Weapons,230792,Yes,Yes,No,No
ARR01700,FIR202504156,P000175,Ramesh Siddiqui,Male,31,Bengaluru Urban,PS0146,2025-11-14 05:53,Parking Lot,SI Prakash Sharma,Judicial Custody,Rejected,Cash,191398,No,No,No,No
ARR00983,FIR202504100,P009906,Suresh Angadi,Male,23,Chamarajanagar,PS0231,2025-11-14 07:32,Railway Station,PI Harish Naik,Released on Bail,Pending,Cash,197043,No,Yes,No,Yes
ARR01448,FIR202503823,P001621,Arjun Sharma,Male,50,Chamarajanagar,PS0196,2025-11-14 09:12,Airport,SI Ravi Kumar,Released on Bail,Rejected,None,0,Yes,No,No,No
ARR01023,FIR202503608,P002812,Geetha Poojary,Female,45,Bidar,PS0170,2025-11-14 16:28,Highway Checkpost,PI Lakshmi Devi,Released on Bail,Rejected,Documents,452462,Yes,No,Yes,Yes
ARR00876,FIR202503924,P002645,Abhishek Reddy,Male,38,Bidar,PS0165,2025-11-14 16:30,Farm House,SI Ravi Kumar,Judicial Custody,Granted,Drugs,456400,Yes,No,No,No
ARR01940,FIR202504142,P005446,Rekha Hiremath,Female,39,Chamarajanagar,PS0220,2025-11-14 18:47,Residence,PI Ramesh Gowda,Released on Bail,Rejected,Cash,343263,No,Yes,No,Yes
ARR01422,FIR202503880,P009032,Arjun Desai,Male,53,Bidar,PS0186,2025-11-14 20:16,Airport,PI Naveen Patil,Police Custody,Pending,Laptop,437196,No,No,No,Yes
ARR00450,FIR202503867,P004495,Shivakumar Reddy,Male,39,Bagalkote,PS0025,2025-11-14 23:19,Airport,PI Lakshmi Devi,Judicial Custody,Rejected,Weapons,356323,Yes,No,Yes,No
ARR02334,FIR202503563,P009760,Suresh Hegde,Male,26,Bengaluru Rural,PS0107,2025-11-15 03:57,Farm House,SI Ganesh Rao,Judicial Custody,Granted,Mobile Phones,340070,Yes,No,Yes,No
ARR00725,FIR202503948,P006153,Prakash Hegde,Male,41,Chamarajanagar,PS0205,2025-11-15 04:05,Bus Stand,SI Ganesh Rao,Police Custody,Pending,Laptop,356157,Yes,No,No,No
ARR01792,FIR202503722,P005619,Basavaraj Desai,Male,46,Chikkaballapura,PS0246,2025-11-15 09:07,Railway Station,PI Naveen Patil,Released on Bail,Rejected,None,0,No,Yes,No,Yes
ARR01455,FIR202503727,P009302,Kiran Siddiqui,Male,24,Bengaluru Urban,PS0124,2025-11-15 11:41,Market Area,SI Prakash Sharma,Police Custody,Pending,Gold,38841,No,Yes,Yes,Yes
ARR00820,FIR202503846,P002916,Rohit Bhat,Male,65,Bidar,PS0162,2025-11-15 12:17,Bus Stand,PI Ramesh Gowda,Police Custody,Rejected,None,0,No,Yes,No,Yes
ARR01579,FIR202504021,P008077,Vinay Singh,Male,39,Bagalkote,PS0025,2025-11-15 13:15,Hotel,SI Ganesh Rao,Judicial Custody,Granted,Vehicle,433997,No,Yes,No,Yes
ARR02456,FIR202503811,P005238,Puneeth Naik,Male,54,Bagalkote,PS0016,2025-11-15 13:46,Bus Stand,SI Ganesh Rao,Police Custody,Pending,Drugs,163244,Yes,No,Yes,No
ARR00396,FIR202504020,P006709,Nisha Siddiqui,Female,35,Chamarajanagar,PS0208,2025-11-15 13:56,Industrial Area,SI Ganesh Rao,Released on Bail,Rejected,Laptop,206669,No,Yes,No,No
ARR00511,FIR202503793,P007729,Prakash Siddiqui,Male,59,Bengaluru Urban,PS0125,2025-11-15 14:49,Border Checkpost,SI Prakash Sharma,Judicial Custody,Granted,Vehicle,145667,No,No,No,Yes
ARR00314,FIR202504118,P008578,Basavaraj Poojary,Male,23,Belagavi,PS0058,2025-11-15 15:26,Shopping Mall,SI Prakash Sharma,Released on Bail,Rejected,Drugs,473703,Yes,Yes,Yes,Yes
ARR00132,FIR202504032,P008516,Suresh Siddiqui,Male,33,Bagalkote,PS0007,2025-11-15 18:42,Parking Lot,SI Suresh Kulkarni,Released on Bail,Rejected,Weapons,126725,Yes,No,Yes,No
ARR02445,FIR202503806,P000137,Mahesh Reddy,Male,62,Chamarajanagar,PS0204,2025-11-16 04:33,Industrial Area,PI Ramesh Gowda,Released on Bail,Pending,None,0,Yes,No,No,Yes
ARR02511,FIR202503874,P009032,Arjun Desai,Male,53,Chamarajanagar,PS0224,2025-11-16 06:57,Shopping Mall,SI Suresh Kulkarni,Police Custody,Granted,Drugs,129179,Yes,Yes,Yes,Yes
ARR01534,FIR202504049,P003123,Darshan Rao,Male,57,Bengaluru Urban,PS0119,2025-11-16 11:11,Bus Stand,PI Lakshmi Devi,Police Custody,Pending,Gold,279173,Yes,Yes,Yes,Yes
ARR01653,FIR202503815,P001716,Sneha Bhat,Female,58,Bagalkote,PS0021,2025-11-16 12:44,Parking Lot,SI Ganesh Rao,Police Custody,Rejected,Weapons,330598,No,Yes,Yes,No
ARR00254,FIR202503794,P000053,Siddu Hiremath,Male,42,Bengaluru Rural,PS0096,2025-11-16 16:41,Market Area,SI Prakash Sharma,Police Custody,Rejected,Drugs,329479,No,No,No,Yes
ARR02063,FIR202504120,P008206,Abhishek Patil,Male,21,Belagavi,PS0059,2025-11-16 17:10,Bus Stand,PI Lakshmi Devi,Released on Bail,Granted,Vehicle,361636,Yes,No,No,Yes
ARR01550,FIR202504139,P006436,Abhishek Patil,Male,29,Bengaluru Rural,PS0074,2025-11-16 18:19,Railway Station,SI Suresh Kulkarni,Judicial Custody,Pending,None,0,No,Yes,Yes,Yes
ARR00686,FIR202503936,P009911,Chetan Gowda,Male,22,Chamarajanagar,PS0208,2025-11-16 18:35,Bus Stand,SI Suresh Kulkarni,Police Custody,Granted,Gold,469960,Yes,No,Yes,Yes
ARR00295,FIR202504096,P001779,Vinay Hiremath,Male,52,Ballari,PS0030,2025-11-16 20:40,Lodge,SI Ganesh Rao,Released on Bail,Granted,Cash,159774,No,Yes,Yes,No
ARR00807,FIR202504133,P009195,Vijay Pujari,Male,40,Bidar,PS0160,2025-11-16 22:12,Parking Lot,SI Suresh Kulkarni,Police Custody,Granted,None,0,Yes,No,No,No
ARR02313,FIR202503883,P007468,Darshan Hegde,Male,44,Bidar,PS0186,2025-11-17 02:02,Border Checkpost,PI Naveen Patil,Released on Bail,Rejected,None,0,No,No,Yes,Yes
ARR01034,FIR202503919,P000841,Siddu Kulkarni,Male,48,Ballari,PS0041,2025-11-17 02:29,Shopping Mall,PI Mahesh Bhat,Judicial Custody,Pending,Mobile Phones,309673,Yes,No,Yes,Yes
ARR00673,FIR202504144,P000763,Harish Bhat,Male,20,Bengaluru Urban,PS0134,2025-11-17 02:47,Shopping Mall,PI Naveen Patil,Police Custody,Pending,Gold,291705,Yes,No,No,No
ARR01304,FIR202503999,P003862,Ramesh Siddiqui,Male,59,Bengaluru Rural,PS0102,2025-11-17 06:50,Hotel,SI Ravi Kumar,Police Custody,Granted,Mobile Phones,221302,No,Yes,No,No
ARR01032,FIR202504132,P004181,Ganesh Naik,Male,37,Bengaluru Rural,PS0089,2025-11-17 09:16,Market Area,PI Mahesh Bhat,Released on Bail,Granted,Gold,59735,Yes,No,Yes,No
ARR00986,FIR202504090,P000727,Abhishek Pujari,Male,70,Chamarajanagar,PS0217,2025-11-17 10:32,Highway Checkpost,PI Ramesh Gowda,Judicial Custody,Pending,Gold,196333,No,Yes,No,Yes
ARR01784,FIR202503875,P005201,Lokesh Kulkarni,Male,28,Chamarajanagar,PS0218,2025-11-17 16:21,Airport,PI Ramesh Gowda,Police Custody,Rejected,Weapons,76551,Yes,No,Yes,Yes
ARR02110,FIR202504169,P007291,Ravi Pujari,Male,64,Bengaluru Urban,PS0149,2025-11-17 16:29,Shopping Mall,PI Lakshmi Devi,Police Custody,Granted,Weapons,121430,Yes,Yes,Yes,Yes
ARR01460,FIR202503974,P006854,Ramesh Kumar,Male,41,Bengaluru Urban,PS0143,2025-11-17 18:28,Airport,SI Ganesh Rao,Judicial Custody,Granted,Gold,137799,Yes,Yes,No,Yes
ARR00372,FIR202503826,P004173,Vijay Kulkarni,Male,35,Chamarajanagar,PS0218,2025-11-17 20:04,Market Area,SI Suresh Kulkarni,Released on Bail,Rejected,Mobile Phones,30481,Yes,Yes,No,No
ARR01286,FIR202503989,P003069,Chetan Sharma,Male,52,Bagalkote,PS0023,2025-11-17 20:20,Border Checkpost,SI Suresh Kulkarni,Police Custody,Granted,Mobile Phones,121498,Yes,Yes,No,Yes
ARR00988,FIR202504140,P001480,Sanjay Siddiqui,Male,62,Bidar,PS0157,2025-11-17 20:36,Railway Station,SI Divya Hegde,Released on Bail,Pending,Laptop,54240,Yes,No,No,No
ARR01759,FIR202504115,P005969,Akash Kulkarni,Male,56,Ballari,PS0044,2025-11-18 01:20,Farm House,SI Ravi Kumar,Released on Bail,Rejected,Drugs,16506,Yes,No,Yes,No
ARR01752,FIR202503920,P008115,Ravi Patil,Male,50,Bidar,PS0180,2025-11-18 07:39,Border Checkpost,PI Lakshmi Devi,Police Custody,Granted,Laptop,122084,No,Yes,No,No
ARR02134,FIR202504200,P009181,Shreya Gowda,Female,37,Chamarajanagar,PS0210,2025-11-18 10:08,Industrial Area,SI Divya Hegde,Judicial Custody,Rejected,Documents,216353,Yes,Yes,No,Yes
ARR01479,FIR202504208,P001013,Harish Shetty,Male,55,Chamarajanagar,PS0230,2025-11-18 10:10,Lodge,PI Naveen Patil,Released on Bail,Pending,Laptop,208555,Yes,No,Yes,Yes
ARR02488,FIR202504104,P009233,Rohit Sharma,Male,58,Bidar,PS0178,2025-11-18 13:13,Bus Stand,SI Prakash Sharma,Released on Bail,Pending,None,0,Yes,Yes,Yes,Yes
ARR00056,FIR202504035,P006355,Ganesh Kulkarni,Male,68,Bagalkote,PS0018,2025-11-18 17:41,Residence,SI Ganesh Rao,Judicial Custody,Pending,Cash,139744,No,No,No,Yes
ARR00662,FIR202503827,P000400,Ramesh Joshi,Male,37,Chamarajanagar,PS0202,2025-11-18 18:00,Railway Station,SI Prakash Sharma,Released on Bail,Pending,Laptop,497186,No,Yes,No,Yes
ARR00585,FIR202504184,P000106,Shivakumar Hegde,Male,61,Ballari,PS0026,2025-11-18 21:54,Shopping Mall,PI Harish Naik,Released on Bail,Granted,Drugs,231513,No,Yes,No,No
ARR00494,FIR202503956,P001402,Vinay Rao,Male,62,Chamarajanagar,PS0217,2025-11-19 00:56,Parking Lot,PI Ramesh Gowda,Released on Bail,Granted,Vehicle,247849,No,Yes,No,No
ARR00315,FIR202503940,P000079,Ramesh Hiremath,Male,58,Ballari,PS0032,2025-11-19 01:16,Airport,SI Ganesh Rao,Judicial Custody,Pending,None,0,Yes,Yes,No,Yes
ARR01766,FIR202504175,P009508,Suresh Kumar,Male,43,Bagalkote,PS0005,2025-11-19 09:26,Highway Checkpost,SI Ravi Kumar,Judicial Custody,Rejected,Vehicle,496910,No,Yes,Yes,Yes
ARR01639,FIR202504065,P001270,Ganesh Rao,Male,39,Bidar,PS0191,2025-11-19 15:35,Market Area,PI Ramesh Gowda,Judicial Custody,Granted,None,0,Yes,Yes,No,No
ARR00467,FIR202503970,P005586,Suresh Patil,Male,42,Bidar,PS0188,2025-11-19 19:50,Farm House,PI Harish Naik,Police Custody,Granted,Gold,44442,No,Yes,Yes,No
ARR02532,FIR202504167,P001425,Chetan Singh,Male,33,Ballari,PS0029,2025-11-19 22:15,Border Checkpost,PI Naveen Patil,Released on Bail,Granted,None,0,Yes,No,Yes,Yes
ARR02319,FIR202504024,P003967,Vinay Pujari,Male,66,Bidar,PS0190,2025-11-19 22:44,Residence,SI Suresh Kulkarni,Released on Bail,Pending,None,0,Yes,No,Yes,No
ARR02099,FIR202504171,P006008,Mahesh Desai,Male,35,Bidar,PS0171,2025-11-19 23:28,Shopping Mall,PI Mahesh Bhat,Police Custody,Granted,Gold,317235,Yes,No,Yes,Yes
ARR00115,FIR202504004,P005406,Suresh Kambali,Male,64,Chamarajanagar,PS0195,2025-11-20 07:58,Lodge,PI Harish Naik,Released on Bail,Pending,Mobile Phones,163159,No,No,Yes,Yes
ARR01685,FIR202503896,P000172,Rahul Desai,Male,30,Chamarajanagar,PS0196,2025-11-20 09:25,Hotel,SI Suresh Kulkarni,Judicial Custody,Granted,Weapons,313361,No,No,Yes,Yes
ARR01091,FIR202503745,P006212,Vinay Desai,Male,29,Bagalkote,PS0016,2025-11-20 11:01,Highway Checkpost,PI Mahesh Bhat,Police Custody,Granted,Mobile Phones,211016,No,Yes,Yes,No
ARR01835,FIR202503888,P006104,Chetan Kumar,Male,37,Bagalkote,PS0003,2025-11-20 13:23,Industrial Area,SI Divya Hegde,Police Custody,Granted,Gold,85085,No,Yes,Yes,Yes
ARR01026,FIR202504266,P008920,Shivakumar Hegde,Male,53,Bengaluru Urban,PS0151,2025-11-20 17:44,Railway Station,PI Harish Naik,Judicial Custody,Pending,Drugs,394932,Yes,Yes,Yes,No
ARR00041,FIR202504074,P005643,Kiran Bhat,Male,30,Belagavi,PS0056,2025-11-20 18:20,Farm House,PI Mahesh Bhat,Police Custody,Rejected,Documents,410853,Yes,Yes,No,No
ARR00075,FIR202504254,P001861,Darshan Joshi,Male,49,Bidar,PS0171,2025-11-20 18:20,Airport,SI Ravi Kumar,Police Custody,Granted,Mobile Phones,63379,No,Yes,Yes,Yes
ARR00747,FIR202504084,P007713,Manoj Reddy,Male,51,Chamarajanagar,PS0206,2025-11-20 23:33,Parking Lot,PI Ramesh Gowda,Police Custody,Granted,None,0,Yes,Yes,No,No
ARR01456,FIR202504178,P002965,Kiran Hegde,Male,64,Bagalkote,PS0008,2025-11-21 06:01,Hotel,PI Harish Naik,Released on Bail,Rejected,None,0,No,No,Yes,No
ARR02489,FIR202504260,P004294,Sanjay Reddy,Male,20,Bagalkote,PS0003,2025-11-21 13:14,Railway Station,PI Harish Naik,Police Custody,Granted,None,0,Yes,No,No,No
ARR02433,FIR202504336,P005678,Deepa Sharma,Female,40,Bengaluru Urban,PS0137,2025-11-21 13:26,Lodge,SI Prakash Sharma,Police Custody,Rejected,Weapons,198244,Yes,Yes,Yes,Yes
ARR01296,FIR202504187,P002085,Arjun Joshi,Male,42,Bidar,PS0165,2025-11-21 15:32,Lodge,SI Suresh Kulkarni,Released on Bail,Rejected,Laptop,405077,Yes,Yes,Yes,Yes
ARR00851,FIR202503819,P008425,Rahul Joshi,Male,55,Bengaluru Urban,PS0114,2025-11-21 15:56,Parking Lot,PI Lakshmi Devi,Police Custody,Pending,Drugs,215025,No,No,Yes,Yes
ARR00131,FIR202504249,P002406,Sanjay Angadi,Male,69,Chamarajanagar,PS0207,2025-11-21 16:28,Railway Station,PI Ramesh Gowda,Judicial Custody,Rejected,Vehicle,300359,Yes,Yes,No,No
ARR00838,FIR202503909,P000575,Rohit Sharma,Male,31,Bagalkote,PS0007,2025-11-21 18:08,Farm House,SI Divya Hegde,Released on Bail,Granted,Cash,48753,Yes,Yes,No,No
ARR01321,FIR202503816,P002749,Roopa Kumar,Female,49,Bidar,PS0179,2025-11-21 22:39,Parking Lot,PI Harish Naik,Judicial Custody,Granted,Gold,452705,Yes,Yes,Yes,Yes
ARR00506,FIR202503911,P004192,Ramesh Pujari,Male,31,Bidar,PS0164,2025-11-22 00:44,Residence,PI Mahesh Bhat,Released on Bail,Pending,Mobile Phones,255879,No,Yes,No,Yes
ARR00313,FIR202504196,P006229,Abhishek Patil,Male,59,Bidar,PS0169,2025-11-22 06:16,Lodge,PI Naveen Patil,Police Custody,Granted,Drugs,474107,Yes,Yes,No,Yes
ARR01644,FIR202504289,P006594,Ramesh Joshi,Male,68,Belagavi,PS0047,2025-11-22 06:38,Lodge,PI Naveen Patil,Released on Bail,Granted,Cash,444603,No,No,No,Yes
ARR00580,FIR202504010,P005822,Suresh Shetty,Male,21,Bidar,PS0191,2025-11-22 07:33,Shopping Mall,SI Prakash Sharma,Released on Bail,Pending,Documents,279040,No,No,No,No
ARR02191,FIR202504276,P004644,Rohit Kulkarni,Male,35,Bidar,PS0158,2025-11-22 08:16,Lodge,SI Ganesh Rao,Released on Bail,Pending,Documents,275007,Yes,No,Yes,Yes
ARR00016,FIR202503904,P007283,Prakash Sharma,Male,27,Chamarajanagar,PS0221,2025-11-22 09:58,Market Area,SI Ganesh Rao,Police Custody,Rejected,Vehicle,366035,Yes,Yes,No,No
ARR01786,FIR202503862,P003360,Ganesh Siddiqui,Male,65,Bidar,PS0183,2025-11-22 18:35,Railway Station,SI Ravi Kumar,Released on Bail,Granted,Gold,364387,Yes,Yes,Yes,Yes
ARR01259,FIR202504056,P003600,Shivakumar Kumar,Male,30,Bidar,PS0187,2025-11-22 21:28,Residence,PI Harish Naik,Police Custody,Rejected,Vehicle,232941,No,Yes,No,No
ARR00530,FIR202503992,P007393,Vijay Poojary,Male,41,Chikkaballapura,PS0249,2025-11-23 02:34,Shopping Mall,SI Prakash Sharma,Judicial Custody,Pending,Documents,401559,Yes,Yes,Yes,No
ARR00726,FIR202503986,P009491,Harish Shetty,Male,70,Bengaluru Urban,PS0111,2025-11-23 05:39,Parking Lot,PI Mahesh Bhat,Police Custody,Granted,Drugs,357434,Yes,No,Yes,No
ARR01415,FIR202503908,P003055,Puneeth Patil,Male,49,Bengaluru Rural,PS0109,2025-11-23 07:49,Parking Lot,PI Lakshmi Devi,Police Custody,Granted,Mobile Phones,36317,No,No,Yes,Yes
ARR01173,FIR202504157,P007705,Akash Hegde,Male,63,Chamarajanagar,PS0231,2025-11-23 08:41,Industrial Area,PI Harish Naik,Police Custody,Granted,Gold,365238,Yes,Yes,No,No
ARR00565,FIR202503838,P004090,Nisha Kumar,Female,60,Bidar,PS0192,2025-11-23 08:46,Bus Stand,PI Lakshmi Devi,Police Custody,Granted,None,0,Yes,No,No,No
ARR01200,FIR202504063,P009515,Naveen Gowda,Male,59,Bagalkote,PS0006,2025-11-23 10:26,Shopping Mall,SI Suresh Kulkarni,Judicial Custody,Pending,Vehicle,416595,No,No,Yes,No
ARR01607,FIR202504037,P007636,Sneha Kambali,Female,38,Chamarajanagar,PS0204,2025-11-23 17:31,Airport,PI Mahesh Bhat,Judicial Custody,Pending,Vehicle,65951,No,Yes,Yes,No
ARR02310,FIR202504148,P000187,Arjun Sharma,Male,51,Belagavi,PS0068,2025-11-23 18:48,Hotel,SI Divya Hegde,Police Custody,Rejected,Cash,110941,No,No,No,No
ARR00691,FIR202504385,P007456,Prakash Kambali,Male,24,Chamarajanagar,PS0194,2025-11-23 19:53,Market Area,PI Harish Naik,Police Custody,Granted,Gold,459215,No,Yes,No,Yes
ARR00463,FIR202504329,P009265,Nisha Naik,Female,69,Bidar,PS0172,2025-11-23 22:50,Shopping Mall,PI Harish Naik,Released on Bail,Pending,Drugs,49621,No,Yes,No,Yes
ARR01193,FIR202503845,P007884,Kusuma Singh,Female,29,Bagalkote,PS0003,2025-11-23 23:30,Railway Station,SI Divya Hegde,Police Custody,Rejected,Laptop,383617,Yes,Yes,No,No
ARR01077,FIR202504364,P005282,Pradeep Reddy,Male,39,Bidar,PS0185,2025-11-24 02:58,Hotel,SI Prakash Sharma,Police Custody,Pending,Cash,215194,No,No,No,No
ARR00376,FIR202503927,P007768,Shivakumar Kambali,Male,27,Chamarajanagar,PS0209,2025-11-24 06:54,Residence,PI Mahesh Bhat,Judicial Custody,Pending,Documents,246303,No,No,No,Yes
ARR00886,FIR202504081,P009920,Suresh Kumar,Male,37,Bidar,PS0172,2025-11-24 07:08,Industrial Area,PI Naveen Patil,Judicial Custody,Rejected,Drugs,162780,No,No,No,No
ARR00267,FIR202504275,P001385,Naveen Siddiqui,Male,64,Bengaluru Urban,PS0143,2025-11-24 14:11,Airport,PI Harish Naik,Police Custody,Pending,Weapons,415658,Yes,No,Yes,No
ARR01899,FIR202504297,P001411,Lokesh Shetty,Male,42,Chamarajanagar,PS0196,2025-11-24 14:17,Highway Checkpost,SI Ravi Kumar,Judicial Custody,Rejected,Laptop,231679,No,No,Yes,Yes
ARR00262,FIR202504274,P009515,Naveen Gowda,Male,59,Chamarajanagar,PS0227,2025-11-24 16:11,Industrial Area,SI Ganesh Rao,Released on Bail,Rejected,Mobile Phones,220343,Yes,Yes,Yes,Yes
ARR02108,FIR202504372,P005260,Akash Naik,Male,37,Bidar,PS0159,2025-11-24 20:30,Parking Lot,SI Divya Hegde,Judicial Custody,Granted,Cash,250461,No,Yes,Yes,Yes
ARR01332,FIR202504400,P001297,Pooja Joshi,Female,20,Bidar,PS0162,2025-11-24 21:24,Bus Stand,SI Suresh Kulkarni,Released on Bail,Granted,Documents,102779,Yes,No,Yes,No
ARR01393,FIR202503893,P000975,Lokesh Verma,Male,42,Bengaluru Urban,PS0113,2025-11-24 23:00,Residence,SI Suresh Kulkarni,Police Custody,Pending,Vehicle,235198,Yes,No,Yes,No
ARR01617,FIR202504072,P002552,Arjun Gowda,Male,29,Chamarajanagar,PS0211,2025-11-24 23:51,Hotel,SI Prakash Sharma,Police Custody,Rejected,Cash,111108,Yes,Yes,No,No
ARR01228,FIR202503993,P008751,Akash Pujari,Male,62,Bagalkote,PS0003,2025-11-24 23:58,Highway Checkpost,SI Prakash Sharma,Police Custody,Granted,Drugs,436532,Yes,Yes,No,Yes
ARR02422,FIR202504079,P005862,Chetan Gowda,Male,54,Ballari,PS0029,2025-11-25 00:34,Parking Lot,SI Ganesh Rao,Police Custody,Pending,None,0,Yes,No,No,No
ARR01362,FIR202503915,P000087,Rohit Kulkarni,Male,21,Chamarajanagar,PS0206,2025-11-25 01:31,Market Area,PI Lakshmi Devi,Police Custody,Pending,Laptop,25465,Yes,Yes,No,No
ARR02189,FIR202503998,P006239,Ajay Patil,Male,61,Bagalkote,PS0018,2025-11-25 02:04,Bus Stand,PI Ramesh Gowda,Police Custody,Rejected,Gold,359247,Yes,Yes,No,No
ARR00098,FIR202503967,P008382,Rekha Shetty,Female,43,Chamarajanagar,PS0210,2025-11-25 06:19,Shopping Mall,PI Lakshmi Devi,Police Custody,Rejected,Gold,454193,No,No,No,Yes
ARR01844,FIR202504368,P003205,Suraj Rao,Male,40,Bidar,PS0167,2025-11-25 07:11,Shopping Mall,PI Lakshmi Devi,Police Custody,Rejected,Documents,226036,No,No,Yes,No
ARR01676,FIR202504238,P002229,Rekha Rao,Female,67,Belagavi,PS0057,2025-11-25 07:26,Farm House,SI Ganesh Rao,Police Custody,Granted,Mobile Phones,456785,Yes,Yes,No,Yes
ARR00070,FIR202504435,P005274,Sanjay Naik,Male,23,Bidar,PS0189,2025-11-25 08:30,Airport,PI Naveen Patil,Police Custody,Pending,Cash,128915,No,No,Yes,Yes
ARR01875,FIR202503935,P005665,Basavaraj Shetty,Male,31,Chikkaballapura,PS0249,2025-11-25 11:39,Farm House,PI Mahesh Bhat,Released on Bail,Rejected,Cash,240660,Yes,No,Yes,No
ARR00067,FIR202504014,P008864,Naveen Naik,Male,26,Bagalkote,PS0004,2025-11-25 13:28,Residence,SI Ganesh Rao,Judicial Custody,Rejected,Vehicle,192761,No,No,No,Yes
ARR00538,FIR202503973,P000222,Suraj Pujari,Male,35,Bagalkote,PS0007,2025-11-25 14:36,Industrial Area,SI Prakash Sharma,Police Custody,Pending,None,0,Yes,Yes,No,Yes
ARR00873,FIR202504086,P005406,Suresh Kambali,Male,64,Chamarajanagar,PS0197,2025-11-25 15:56,Bus Stand,PI Ramesh Gowda,Police Custody,Rejected,Weapons,194465,No,No,No,No
ARR02372,FIR202504017,P002374,Ramesh Naik,Male,51,Bidar,PS0173,2025-11-25 15:56,Highway Checkpost,SI Ravi Kumar,Judicial Custody,Rejected,Vehicle,443733,Yes,No,Yes,No
ARR02504,FIR202504270,P005939,Kavya Kambali,Female,30,Belagavi,PS0064,2025-11-25 17:58,Border Checkpost,PI Naveen Patil,Judicial Custody,Pending,Gold,407307,No,No,Yes,Yes
ARR00331,FIR202504025,P006632,Deepa Kulkarni,Female,27,Chamarajanagar,PS0205,2025-11-25 18:53,Residence,SI Ganesh Rao,Police Custody,Granted,Cash,115374,No,Yes,Yes,No
ARR01710,FIR202503990,P007600,Kiran Poojary,Male,42,Chamarajanagar,PS0195,2025-11-25 23:31,Market Area,SI Ganesh Rao,Released on Bail,Pending,Cash,452748,Yes,No,Yes,No
ARR00874,FIR202504374,P004972,Mahesh Kumar,Male,63,Bidar,PS0153,2025-11-26 00:09,Airport,SI Ganesh Rao,Judicial Custody,Granted,Gold,380662,No,No,Yes,Yes
ARR01807,FIR202504211,P002748,Pradeep Singh,Male,48,Bidar,PS0166,2025-11-26 00:31,Railway Station,PI Lakshmi Devi,Police Custody,Pending,Drugs,341167,No,No,No,Yes
ARR00870,FIR202504339,P002387,Puneeth Kambali,Male,69,Bagalkote,PS0017,2025-11-26 01:29,Industrial Area,SI Divya Hegde,Judicial Custody,Granted,Drugs,360894,No,No,Yes,No
ARR02043,FIR202504474,P004255,Pradeep Pujari,Male,63,Bagalkote,PS0021,2025-11-26 02:15,Lodge,SI Ravi Kumar,Police Custody,Rejected,Drugs,229556,Yes,Yes,Yes,No
ARR01252,FIR202503866,P002067,Sowmya Pujari,Female,50,Bidar,PS0166,2025-11-26 09:01,Farm House,PI Harish Naik,Released on Bail,Pending,Gold,340818,No,No,No,No
ARR00426,FIR202504350,P009836,Mahesh Verma,Male,56,Chamarajanagar,PS0232,2025-11-26 10:07,Industrial Area,SI Divya Hegde,Police Custody,Rejected,Mobile Phones,264233,No,No,No,No
ARR00884,FIR202503950,P008734,Lokesh Joshi,Male,23,Bidar,PS0158,2025-11-26 12:13,Highway Checkpost,SI Divya Hegde,Police Custody,Pending,Vehicle,404522,Yes,Yes,No,No
ARR00408,FIR202504253,P000204,Rahul Rao,Male,56,Ballari,PS0028,2025-11-26 14:10,Parking Lot,PI Lakshmi Devi,Judicial Custody,Rejected,Cash,495417,Yes,Yes,No,Yes
ARR01383,FIR202503962,P009222,Kiran Bhat,Male,54,Chamarajanagar,PS0216,2025-11-26 16:47,Lodge,SI Ravi Kumar,Released on Bail,Rejected,Mobile Phones,211749,No,No,Yes,Yes
ARR01166,FIR202504255,P003666,Arjun Joshi,Male,69,Bidar,PS0187,2025-11-26 20:53,Market Area,PI Mahesh Bhat,Police Custody,Granted,Cash,345020,Yes,No,Yes,Yes
ARR00982,FIR202504185,P003361,Puneeth Shetty,Male,20,Bidar,PS0183,2025-11-26 21:57,Residence,SI Ganesh Rao,Judicial Custody,Granted,Cash,131968,No,Yes,Yes,No
ARR02406,FIR202504464,P000060,Bhavya Angadi,Female,68,Bidar,PS0159,2025-11-27 01:36,Highway Checkpost,PI Mahesh Bhat,Police Custody,Granted,Drugs,451562,No,No,No,No
ARR00742,FIR202503964,P000569,Lokesh Gowda,Male,55,Chamarajanagar,PS0228,2025-11-27 06:02,Parking Lot,PI Mahesh Bhat,Released on Bail,Granted,Gold,432193,No,Yes,Yes,Yes
ARR00844,FIR202504414,P005781,Ravi Sharma,Male,62,Bagalkote,PS0025,2025-11-27 06:14,Border Checkpost,PI Mahesh Bhat,Judicial Custody,Pending,Laptop,130540,No,No,No,No
ARR02390,FIR202503910,P002125,Shivakumar Siddiqui,Male,62,Chamarajanagar,PS0217,2025-11-27 07:01,Bus Stand,PI Lakshmi Devi,Judicial Custody,Granted,Laptop,245299,No,No,Yes,No
ARR01270,FIR202503938,P009598,Priya Kambali,Female,47,Bagalkote,PS0014,2025-11-27 09:46,Shopping Mall,SI Divya Hegde,Judicial Custody,Granted,Gold,222649,No,No,Yes,No
ARR00495,FIR202503957,P009217,Ajay Verma,Male,46,Bidar,PS0158,2025-11-27 12:54,Lodge,PI Harish Naik,Released on Bail,Granted,Gold,28634,Yes,Yes,Yes,No
ARR01407,FIR202504066,P001178,Akash Siddiqui,Male,57,Bagalkote,PS0007,2025-11-27 19:52,Highway Checkpost,PI Harish Naik,Police Custody,Rejected,Mobile Phones,414041,Yes,Yes,No,No
ARR00518,FIR202504252,P003848,Chetan Reddy,Male,52,Bidar,PS0158,2025-11-27 20:52,Hotel,PI Mahesh Bhat,Judicial Custody,Rejected,Drugs,418282,No,No,Yes,No
ARR02500,FIR202503949,P003633,Keerthi Naik,Female,55,Chamarajanagar,PS0222,2025-11-28 03:26,Market Area,PI Ramesh Gowda,Released on Bail,Rejected,Documents,186250,No,Yes,No,Yes
ARR00187,FIR202504407,P009715,Priya Rao,Female,61,Bengaluru Urban,PS0147,2025-11-28 07:39,Residence,SI Ravi Kumar,Released on Bail,Granted,Mobile Phones,212787,Yes,No,No,No
ARR01183,FIR202504154,P002835,Harish Poojary,Male,50,Chikkaballapura,PS0249,2025-11-28 14:20,Lodge,SI Ravi Kumar,Police Custody,Pending,Cash,70455,No,Yes,No,Yes
ARR00080,FIR202504117,P000767,Vinay Rao,Male,31,Bidar,PS0190,2025-11-28 15:10,Shopping Mall,PI Naveen Patil,Judicial Custody,Rejected,None,0,Yes,Yes,Yes,Yes
ARR01170,FIR202504209,P004197,Abhishek Verma,Male,32,Chikkaballapura,PS0239,2025-11-28 20:23,Shopping Mall,SI Suresh Kulkarni,Judicial Custody,Granted,Laptop,324997,Yes,Yes,No,No
ARR01389,FIR202504525,P000802,Vijay Poojary,Male,38,Bengaluru Rural,PS0101,2025-11-28 21:36,Shopping Mall,SI Suresh Kulkarni,Judicial Custody,Granted,Laptop,455327,Yes,Yes,Yes,Yes
ARR01887,FIR202503922,P003703,Prakash Hiremath,Male,62,Bidar,PS0179,2025-11-29 01:35,Border Checkpost,PI Harish Naik,Police Custody,Granted,Weapons,347629,No,Yes,Yes,Yes
ARR01586,FIR202504405,P001041,Ajay Reddy,Male,24,Bidar,PS0186,2025-11-29 16:29,Shopping Mall,PI Mahesh Bhat,Judicial Custody,Granted,Gold,499027,Yes,Yes,No,Yes
ARR01271,FIR202504239,P000745,Prakash Joshi,Male,39,Bidar,PS0170,2025-11-29 18:04,Border Checkpost,SI Suresh Kulkarni,Released on Bail,Rejected,Mobile Phones,340945,Yes,Yes,No,No
ARR00468,FIR202504396,P003623,Darshan Gowda,Male,40,Bidar,PS0159,2025-11-29 18:06,Industrial Area,PI Mahesh Bhat,Released on Bail,Pending,None,0,No,Yes,Yes,Yes
ARR01970,FIR202503946,P008311,Kiran Pujari,Male,59,Ballari,PS0033,2025-11-29 18:15,Railway Station,SI Divya Hegde,Police Custody,Granted,Weapons,489534,Yes,No,Yes,No
ARR01397,FIR202503997,P001125,Sunitha Bhat,Female,64,Chamarajanagar,PS0229,2025-11-29 19:27,Industrial Area,SI Suresh Kulkarni,Police Custody,Pending,None,0,No,No,Yes,No
ARR01753,FIR202504509,P006673,Pooja Rao,Female,55,Belagavi,PS0067,2025-11-29 21:32,Shopping Mall,PI Ramesh Gowda,Judicial Custody,Granted,Documents,339049,Yes,No,No,No
ARR02284,FIR202504447,P008438,Suresh Kumar,Male,51,Bengaluru Urban,PS0146,2025-11-30 01:59,Border Checkpost,SI Prakash Sharma,Police Custody,Pending,Gold,139207,No,Yes,Yes,No
ARR01365,FIR202503958,P002122,Deepa Kumar,Female,22,Bengaluru Urban,PS0143,2025-11-30 05:21,Hotel,PI Harish Naik,Judicial Custody,Pending,Drugs,60019,No,Yes,Yes,Yes
ARR00653,FIR202503987,P005128,Arjun Rao,Male,64,Belagavi,PS0051,2025-11-30 06:42,Border Checkpost,PI Lakshmi Devi,Police Custody,Granted,Weapons,118656,No,No,No,No
ARR01497,FIR202504229,P001777,Ganesh Sharma,Male,67,Bagalkote,PS0007,2025-11-30 07:53,Parking Lot,PI Ramesh Gowda,Released on Bail,Pending,Documents,441720,Yes,Yes,No,No
ARR00294,FIR202504572,P009840,Suraj Pujari,Male,24,Bidar,PS0155,2025-11-30 09:21,Airport,PI Mahesh Bhat,Judicial Custody,Pending,Gold,411631,Yes,Yes,Yes,Yes
ARR00744,FIR202504441,P006211,Puneeth Desai,Male,27,Bagalkote,PS0018,2025-11-30 12:04,Farm House,SI Prakash Sharma,Released on Bail,Pending,None,0,Yes,Yes,No,Yes
ARR00050,FIR202504221,P005101,Prakash Gowda,Male,62,Bidar,PS0188,2025-11-30 13:30,Hotel,SI Ravi Kumar,Released on Bail,Granted,Cash,134486,No,Yes,Yes,No
ARR01806,FIR202504125,P000679,Kiran Hiremath,Male,26,Bidar,PS0192,2025-11-30 17:55,Residence,PI Ramesh Gowda,Judicial Custody,Granted,Drugs,402527,No,No,No,Yes
ARR00033,FIR202504131,P007491,Ravi Rao,Male,35,Bengaluru Rural,PS0094,2025-11-30 18:45,Residence,PI Lakshmi Devi,Released on Bail,Pending,Weapons,130689,Yes,No,Yes,No
ARR01124,FIR202504285,P001348,Manoj Kumar,Male,41,Bidar,PS0186,2025-11-30 20:41,Highway Checkpost,SI Prakash Sharma,Judicial Custody,Pending,Drugs,154187,Yes,No,Yes,No
ARR01277,FIR202504377,P004789,Ganesh Sharma,Male,58,Bidar,PS0174,2025-11-30 21:26,Bus Stand,SI Ganesh Rao,Police Custody,Rejected,Gold,437300,No,Yes,No,Yes
ARR00752,FIR202504499,P006767,Kiran Patil,Male,52,Chamarajanagar,PS0198,2025-11-30 21:46,Airport,SI Ganesh Rao,Released on Bail,Granted,Mobile Phones,124064,No,Yes,Yes,No
ARR02538,FIR202504295,P000244,Lokesh Singh,Male,33,Chamarajanagar,PS0223,2025-12-01 03:00,Industrial Area,SI Ganesh Rao,Judicial Custody,Rejected,Weapons,300863,No,No,No,Yes
ARR02208,FIR202504456,P001286,Suresh Reddy,Male,37,Bidar,PS0189,2025-12-01 06:06,Farm House,PI Mahesh Bhat,Judicial Custody,Rejected,Documents,315084,No,No,No,Yes
ARR01785,FIR202503965,P003901,Ramesh Hegde,Male,36,Bidar,PS0153,2025-12-01 06:08,Industrial Area,PI Mahesh Bhat,Judicial Custody,Granted,Vehicle,79045,Yes,No,No,No
ARR02074,FIR202504552,P009975,Sanjay Angadi,Male,51,Bidar,PS0157,2025-12-01 09:28,Bus Stand,PI Naveen Patil,Judicial Custody,Pending,Weapons,266011,No,No,No,No
ARR00160,FIR202504311,P003951,Pradeep Bhat,Male,55,Bidar,PS0160,2025-12-01 13:32,Parking Lot,PI Ramesh Gowda,Judicial Custody,Pending,Documents,263989,Yes,Yes,Yes,No
ARR02101,FIR202504052,P009202,Mahesh Verma,Male,19,Chamarajanagar,PS0206,2025-12-01 16:17,Border Checkpost,PI Naveen Patil,Judicial Custody,Rejected,Mobile Phones,312752,Yes,No,No,Yes
ARR01287,FIR202504195,P007331,Vidya Hiremath,Female,32,Bidar,PS0159,2025-12-01 16:31,Industrial Area,PI Lakshmi Devi,Judicial Custody,Granted,Drugs,489408,No,No,No,Yes
ARR00474,FIR202504411,P009712,Manoj Rao,Male,45,Bidar,PS0190,2025-12-01 17:54,Industrial Area,PI Ramesh Gowda,Released on Bail,Granted,Vehicle,177205,No,Yes,Yes,Yes
ARR00321,FIR202504406,P001310,Prakash Kumar,Male,57,Bengaluru Urban,PS0119,2025-12-01 18:44,Parking Lot,SI Prakash Sharma,Released on Bail,Pending,Mobile Phones,54681,No,Yes,Yes,No
ARR00829,FIR202504272,P001273,Suraj Bhat,Male,69,Chamarajanagar,PS0205,2025-12-01 23:49,Airport,PI Mahesh Bhat,Police Custody,Pending,Documents,174155,Yes,No,No,No
ARR00702,FIR202504160,P008080,Deepa Naik,Female,52,Bagalkote,PS0012,2025-12-02 05:24,Market Area,SI Ravi Kumar,Police Custody,Pending,Gold,300971,Yes,Yes,Yes,Yes
ARR00176,FIR202504202,P003859,Manoj Kumar,Male,26,Chamarajanagar,PS0198,2025-12-02 06:24,Hotel,PI Ramesh Gowda,Judicial Custody,Rejected,Weapons,184059,No,Yes,No,No
ARR02294,FIR202504537,P007426,Sneha Sharma,Female,41,Chamarajanagar,PS0226,2025-12-02 06:31,Highway Checkpost,PI Harish Naik,Police Custody,Rejected,Vehicle,406985,Yes,Yes,No,Yes
ARR02374,FIR202504413,P000953,Arjun Rao,Male,58,Bagalkote,PS0024,2025-12-02 10:05,Market Area,PI Mahesh Bhat,Police Custody,Granted,Cash,141378,Yes,No,Yes,No
ARR01071,FIR202504061,P005650,Abhishek Patil,Male,46,Chamarajanagar,PS0207,2025-12-02 10:54,Highway Checkpost,PI Ramesh Gowda,Released on Bail,Rejected,Laptop,9838,No,No,Yes,No
ARR00658,FIR202504379,P000089,Manoj Joshi,Male,44,Bidar,PS0159,2025-12-02 11:11,Industrial Area,PI Harish Naik,Judicial Custody,Granted,Mobile Phones,479872,No,No,Yes,Yes
ARR00057,FIR202504460,P008922,Abhishek Kulkarni,Male,60,Chamarajanagar,PS0211,2025-12-02 12:16,Railway Station,PI Lakshmi Devi,Judicial Custody,Pending,Laptop,180227,Yes,Yes,Yes,No
ARR01505,FIR202504308,P005403,Sowmya Shetty,Female,26,Bidar,PS0157,2025-12-02 14:16,Highway Checkpost,SI Suresh Kulkarni,Police Custody,Pending,Documents,307635,No,Yes,No,No
ARR02424,FIR202504028,P006370,Ravi Siddiqui,Male,35,Bengaluru Rural,PS0104,2025-12-02 14:35,Industrial Area,PI Mahesh Bhat,Released on Bail,Rejected,Documents,209245,No,Yes,No,No
ARR02125,FIR202504369,P000984,Basavaraj Kumar,Male,60,Chamarajanagar,PS0201,2025-12-02 16:44,Highway Checkpost,PI Harish Naik,Released on Bail,Rejected,Vehicle,328398,Yes,Yes,Yes,Yes
ARR00694,FIR202504047,P009421,Darshan Reddy,Male,45,Bidar,PS0168,2025-12-02 18:09,Parking Lot,SI Prakash Sharma,Released on Bail,Pending,Weapons,417231,Yes,No,Yes,Yes
ARR02102,FIR202504399,P003500,Suresh Kulkarni,Male,31,Ballari,PS0043,2025-12-02 19:06,Parking Lot,SI Ravi Kumar,Police Custody,Pending,Drugs,459146,No,Yes,Yes,No
ARR00361,FIR202504450,P003797,Harish Kumar,Male,47,Bidar,PS0182,2025-12-02 23:34,Farm House,SI Suresh Kulkarni,Judicial Custody,Rejected,Laptop,125817,Yes,Yes,Yes,No
ARR02118,FIR202504214,P003505,Rekha Kumar,Female,54,Chamarajanagar,PS0201,2025-12-02 23:39,Residence,SI Ravi Kumar,Police Custody,Rejected,Drugs,427457,No,Yes,No,No
ARR00403,FIR202504393,P003026,Abhishek Siddiqui,Male,39,Chamarajanagar,PS0225,2025-12-03 00:37,Industrial Area,SI Divya Hegde,Judicial Custody,Pending,Vehicle,484175,No,No,Yes,Yes
ARR02510,FIR202504543,P005077,Arjun Singh,Male,21,Chamarajanagar,PS0197,2025-12-03 03:48,Hotel,PI Harish Naik,Judicial Custody,Pending,Laptop,49420,Yes,No,Yes,No
ARR02052,FIR202504138,P005938,Sanjay Joshi,Male,24,Bagalkote,PS0015,2025-12-03 04:16,Lodge,SI Ganesh Rao,Released on Bail,Pending,Laptop,65441,No,No,No,No
ARR02059,FIR202504493,P001987,Suraj Bhat,Male,46,Bengaluru Rural,PS0096,2025-12-03 04:41,Airport,PI Ramesh Gowda,Released on Bail,Rejected,Drugs,484559,No,Yes,No,Yes
ARR00803,FIR202504580,P006911,Prakash Gowda,Male,23,Bidar,PS0174,2025-12-03 04:53,Parking Lot,SI Prakash Sharma,Judicial Custody,Granted,Vehicle,96201,No,Yes,Yes,No
ARR01535,FIR202504088,P009040,Sangeetha Pujari,Female,66,Bidar,PS0160,2025-12-03 06:20,Market Area,SI Suresh Kulkarni,Judicial Custody,Pending,Mobile Phones,497397,No,Yes,No,Yes
ARR00984,FIR202504151,P009423,Suraj Rao,Male,22,Bengaluru Rural,PS0100,2025-12-03 06:25,Bus Stand,PI Ramesh Gowda,Police Custody,Granted,Vehicle,499827,Yes,Yes,Yes,Yes
ARR00129,FIR202504064,P005322,Pradeep Gowda,Male,65,Chamarajanagar,PS0226,2025-12-03 08:33,Airport,PI Naveen Patil,Released on Bail,Pending,None,0,Yes,No,No,No
ARR02343,FIR202504054,P006802,Sanjay Desai,Male,24,Bengaluru Rural,PS0082,2025-12-03 08:59,Farm House,SI Prakash Sharma,Judicial Custody,Rejected,Cash,347700,No,No,No,Yes
ARR01758,FIR202504124,P007255,Sowmya Bhat,Female,67,Bengaluru Rural,PS0087,2025-12-03 10:13,Airport,PI Naveen Patil,Judicial Custody,Pending,Mobile Phones,346301,No,No,Yes,Yes
ARR02135,FIR202504245,P000904,Ajay Sharma,Male,19,Bengaluru Rural,PS0072,2025-12-03 13:06,Highway Checkpost,SI Suresh Kulkarni,Police Custody,Granted,Documents,489962,Yes,Yes,Yes,Yes
ARR00882,FIR202504076,P001351,Ravi Joshi,Male,55,Bengaluru Rural,PS0081,2025-12-03 13:09,Bus Stand,PI Naveen Patil,Released on Bail,Rejected,Drugs,400820,Yes,No,Yes,No
ARR01523,FIR202504466,P009275,Chetan Poojary,Male,63,Bidar,PS0166,2025-12-03 13:25,Farm House,SI Ganesh Rao,Police Custody,Pending,Drugs,108602,No,No,Yes,Yes
ARR01241,FIR202504529,P000668,Sanjay Pujari,Male,28,Bengaluru Urban,PS0117,2025-12-03 18:57,Airport,PI Mahesh Bhat,Judicial Custody,Pending,Mobile Phones,224986,Yes,Yes,No,No
ARR02437,FIR202504403,P006043,Puneeth Kulkarni,Male,33,Bengaluru Urban,PS0122,2025-12-03 20:06,Lodge,PI Lakshmi Devi,Police Custody,Granted,Vehicle,124163,No,Yes,No,No
ARR00668,FIR202504422,P006042,Mahesh Singh,Male,43,Bidar,PS0166,2025-12-03 21:50,Lodge,PI Ramesh Gowda,Judicial Custody,Granted,Vehicle,139586,No,No,No,Yes
ARR02527,FIR202504602,P001230,Kiran Angadi,Male,52,Chikkaballapura,PS0241,2025-12-04 00:40,Border Checkpost,SI Prakash Sharma,Released on Bail,Rejected,Weapons,83912,Yes,No,No,Yes
ARR02298,FIR202504348,P004448,Rahul Kulkarni,Male,70,Bidar,PS0176,2025-12-04 02:38,Hotel,SI Prakash Sharma,Police Custody,Pending,Weapons,131487,Yes,No,Yes,Yes
ARR00771,FIR202504127,P001741,Ramesh Singh,Male,20,Bidar,PS0167,2025-12-04 07:27,Border Checkpost,PI Mahesh Bhat,Released on Bail,Rejected,Gold,13260,Yes,Yes,Yes,Yes
ARR01081,FIR202504444,P004615,Harish Hegde,Male,42,Bengaluru Rural,PS0098,2025-12-04 09:25,Bus Stand,SI Ganesh Rao,Police Custody,Granted,Mobile Phones,114745,No,No,Yes,Yes
ARR02050,FIR202504191,P006713,Suraj Desai,Male,57,Belagavi,PS0051,2025-12-04 11:47,Border Checkpost,SI Ganesh Rao,Police Custody,Granted,None,0,Yes,No,No,No
ARR02356,FIR202504398,P009247,Kiran Rao,Male,32,Chamarajanagar,PS0218,2025-12-04 14:01,Residence,SI Divya Hegde,Judicial Custody,Pending,Laptop,96507,Yes,Yes,No,Yes
ARR01039,FIR202504629,P009037,Puneeth Rao,Male,42,Bengaluru Rural,PS0102,2025-12-04 19:19,Bus Stand,SI Suresh Kulkarni,Released on Bail,Rejected,Drugs,491558,Yes,Yes,Yes,No
ARR00545,FIR202504469,P005612,Vinay Gowda,Male,33,Bengaluru Urban,PS0113,2025-12-04 19:28,Highway Checkpost,SI Ravi Kumar,Judicial Custody,Pending,None,0,Yes,No,Yes,No
ARR01113,FIR202504395,P000479,Suraj Poojary,Male,59,Bidar,PS0158,2025-12-04 22:01,Highway Checkpost,SI Prakash Sharma,Released on Bail,Pending,Gold,266918,Yes,No,Yes,Yes
ARR00212,FIR202504286,P009510,Vinay Rao,Male,19,Bidar,PS0175,2025-12-04 22:59,Hotel,SI Suresh Kulkarni,Released on Bail,Pending,Documents,480898,No,No,Yes,No
ARR00133,FIR202504345,P002343,Harish Singh,Male,58,Bidar,PS0163,2025-12-04 23:38,Lodge,PI Lakshmi Devi,Police Custody,Pending,Vehicle,355816,Yes,Yes,Yes,Yes
ARR01741,FIR202504632,P008227,Ravi Verma,Male,53,Bengaluru Rural,PS0078,2025-12-05 01:17,Bus Stand,SI Ravi Kumar,Judicial Custody,Granted,Laptop,156711,Yes,Yes,No,No
ARR01248,FIR202504301,P003114,Suraj Joshi,Male,65,Bidar,PS0174,2025-12-05 03:31,Railway Station,SI Divya Hegde,Released on Bail,Rejected,Laptop,489771,No,No,Yes,No
ARR00550,FIR202504089,P007614,Rohit Naik,Male,44,Ballari,PS0045,2025-12-05 09:53,Hotel,SI Divya Hegde,Released on Bail,Rejected,None,0,No,Yes,No,No
ARR00611,FIR202504490,P005954,Sanjay Siddiqui,Male,47,Bidar,PS0191,2025-12-05 12:07,Railway Station,SI Ravi Kumar,Released on Bail,Granted,Weapons,135829,Yes,Yes,Yes,Yes
ARR00800,FIR202504484,P002382,Ramesh Bhat,Male,55,Chikkaballapura,PS0236,2025-12-05 13:20,Market Area,PI Harish Naik,Judicial Custody,Pending,Documents,84535,No,No,No,Yes
ARR01762,FIR202504248,P003082,Ramesh Poojary,Male,60,Bidar,PS0180,2025-12-05 14:13,Shopping Mall,SI Suresh Kulkarni,Released on Bail,Granted,Gold,395530,No,No,No,Yes
ARR00749,FIR202504114,P001257,Darshan Rao,Male,47,Chamarajanagar,PS0194,2025-12-05 19:46,Airport,SI Ravi Kumar,Judicial Custody,Rejected,Weapons,418014,Yes,Yes,Yes,Yes
ARR01003,FIR202504163,P003945,Ganesh Kumar,Male,70,Bidar,PS0182,2025-12-05 19:58,Shopping Mall,PI Lakshmi Devi,Judicial Custody,Pending,Weapons,469167,Yes,No,No,Yes
ARR01740,FIR202504097,P002354,Harish Hiremath,Male,64,Bidar,PS0170,2025-12-05 22:44,Railway Station,PI Ramesh Gowda,Police Custody,Granted,Gold,318919,No,Yes,No,No
ARR00815,FIR202504030,P002591,Basavaraj Patil,Male,52,Chamarajanagar,PS0211,2025-12-06 05:40,Residence,PI Mahesh Bhat,Released on Bail,Pending,Vehicle,364484,No,Yes,Yes,No
ARR02233,FIR202504496,P001577,Rahul Kumar,Male,40,Bagalkote,PS0002,2025-12-06 08:38,Industrial Area,SI Ravi Kumar,Judicial Custody,Granted,Documents,423044,No,No,No,No
ARR01465,FIR202504521,P008542,Shreya Patil,Female,30,Chamarajanagar,PS0232,2025-12-06 23:19,Lodge,SI Prakash Sharma,Police Custody,Granted,None,0,No,No,No,No
ARR02368,FIR202504282,P000549,Harish Joshi,Male,62,Chamarajanagar,PS0227,2025-12-07 04:30,Border Checkpost,SI Ravi Kumar,Police Custody,Rejected,Weapons,64572,Yes,Yes,Yes,No
ARR00655,FIR202504159,P001890,Basavaraj Naik,Male,24,Chamarajanagar,PS0194,2025-12-07 05:06,Border Checkpost,SI Suresh Kulkarni,Police Custody,Rejected,Laptop,102992,No,No,Yes,Yes
ARR01605,FIR202504510,P008010,Naveen Verma,Male,48,Chamarajanagar,PS0223,2025-12-07 06:53,Farm House,SI Divya Hegde,Police Custody,Granted,Laptop,30985,No,Yes,No,Yes
ARR00255,FIR202504126,P009556,Harish Hiremath,Male,41,Bagalkote,PS0016,2025-12-07 07:39,Parking Lot,SI Ganesh Rao,Judicial Custody,Pending,Documents,217316,No,Yes,No,No
ARR01810,FIR202504675,P004377,Akash Reddy,Male,46,Bidar,PS0171,2025-12-07 08:24,Bus Stand,SI Ganesh Rao,Released on Bail,Pending,Documents,411380,No,Yes,Yes,Yes
ARR02276,FIR202504416,P001554,Mahesh Patil,Male,29,Bengaluru Urban,PS0137,2025-12-07 12:15,Shopping Mall,PI Harish Naik,Police Custody,Granted,Gold,107899,Yes,Yes,No,No
ARR01487,FIR202504292,P001444,Manoj Pujari,Male,57,Bidar,PS0167,2025-12-07 12:48,Airport,SI Divya Hegde,Released on Bail,Granted,None,0,No,No,Yes,Yes
ARR00792,FIR202504640,P003717,Ravi Poojary,Male,48,Bengaluru Rural,PS0070,2025-12-07 16:10,Railway Station,SI Ravi Kumar,Police Custody,Rejected,Mobile Phones,123736,Yes,No,No,Yes
ARR00172,FIR202504310,P002202,Rahul Desai,Male,27,Bidar,PS0172,2025-12-07 16:30,Border Checkpost,PI Naveen Patil,Police Custody,Granted,Vehicle,487633,Yes,Yes,Yes,Yes
ARR02093,FIR202504648,P008779,Akash Kulkarni,Male,40,Bagalkote,PS0022,2025-12-07 17:05,Industrial Area,PI Mahesh Bhat,Released on Bail,Rejected,Drugs,264743,Yes,No,No,Yes
ARR00323,FIR202504491,P006855,Shivakumar Bhat,Male,46,Bidar,PS0154,2025-12-07 20:13,Border Checkpost,PI Naveen Patil,Judicial Custody,Granted,Laptop,378751,Yes,Yes,Yes,Yes
ARR00243,FIR202504299,P009358,Vijay Patil,Male,59,Bidar,PS0171,2025-12-07 20:17,Residence,SI Divya Hegde,Released on Bail,Granted,Mobile Phones,126461,No,Yes,No,No
ARR00640,FIR202504319,P005388,Vinay Rao,Male,44,Ballari,PS0030,2025-12-07 21:03,Hotel,PI Mahesh Bhat,Police Custody,Rejected,Laptop,231065,Yes,Yes,No,Yes
ARR00510,FIR202504218,P004109,Ramesh Joshi,Male,47,Bagalkote,PS0020,2025-12-08 00:12,Hotel,SI Suresh Kulkarni,Police Custody,Pending,Documents,30472,No,No,Yes,Yes
ARR02149,FIR202504409,P006241,Kusuma Hiremath,Female,42,Bengaluru Rural,PS0108,2025-12-08 00:38,Airport,PI Lakshmi Devi,Judicial Custody,Pending,None,0,No,No,Yes,Yes
ARR01237,FIR202504333,P000677,Chetan Gowda,Male,27,Bidar,PS0187,2025-12-08 01:39,Lodge,SI Suresh Kulkarni,Judicial Custody,Rejected,Laptop,354521,Yes,Yes,Yes,No
ARR01049,FIR202504425,P009229,Shivakumar Sharma,Male,23,Bengaluru Urban,PS0118,2025-12-08 02:45,Parking Lot,PI Lakshmi Devi,Released on Bail,Granted,Weapons,29211,Yes,No,No,Yes
ARR00929,FIR202504210,P000030,Rahul Bhat,Male,20,Belagavi,PS0051,2025-12-08 05:22,Bus Stand,PI Lakshmi Devi,Judicial Custody,Rejected,Vehicle,170869,No,No,Yes,No
ARR00256,FIR202504194,P000985,Darshan Hegde,Male,33,Chamarajanagar,PS0193,2025-12-08 07:17,Shopping Mall,SI Prakash Sharma,Released on Bail,Granted,Vehicle,447104,Yes,Yes,No,No
ARR01141,FIR202504360,P005288,Vinay Desai,Male,20,Bagalkote,PS0002,2025-12-08 07:28,Market Area,SI Divya Hegde,Released on Bail,Granted,Documents,358803,No,No,Yes,Yes
ARR01680,FIR202504174,P005253,Anitha Poojary,Female,69,Bidar,PS0166,2025-12-08 11:39,Market Area,SI Prakash Sharma,Judicial Custody,Rejected,None,0,Yes,No,No,No
ARR02183,FIR202504164,P000677,Chetan Gowda,Male,27,Bagalkote,PS0013,2025-12-08 12:21,Hotel,SI Ravi Kumar,Released on Bail,Rejected,Weapons,154074,No,No,Yes,No
ARR01425,FIR202504657,P006663,Siddu Bhat,Male,42,Bagalkote,PS0010,2025-12-08 14:48,Residence,SI Suresh Kulkarni,Police Custody,Rejected,Laptop,325429,Yes,Yes,Yes,No
ARR00544,FIR202504321,P003809,Suraj Sharma,Male,51,Bengaluru Urban,PS0123,2025-12-08 19:56,Industrial Area,SI Divya Hegde,Police Custody,Granted,Cash,61917,No,Yes,No,Yes
ARR00644,FIR202504457,P004114,Rohit Angadi,Male,49,Bengaluru Urban,PS0151,2025-12-09 00:11,Railway Station,PI Mahesh Bhat,Released on Bail,Rejected,Vehicle,90572,Yes,Yes,Yes,No
ARR00683,FIR202504423,P000915,Kiran Rao,Male,24,Bidar,PS0182,2025-12-09 04:56,Market Area,PI Mahesh Bhat,Police Custody,Rejected,Cash,238506,Yes,Yes,No,No
ARR01288,FIR202504344,P002755,Rahul Desai,Male,34,Chamarajanagar,PS0228,2025-12-09 08:26,Highway Checkpost,SI Prakash Sharma,Police Custody,Rejected,Drugs,41168,No,No,Yes,No
ARR00451,FIR202504197,P005044,Mahesh Singh,Male,38,Bagalkote,PS0004,2025-12-09 12:11,Lodge,SI Divya Hegde,Police Custody,Rejected,Drugs,459979,Yes,Yes,Yes,No
ARR00049,FIR202504212,P002873,Manoj Rao,Male,53,Bidar,PS0175,2025-12-09 13:29,Lodge,SI Suresh Kulkarni,Released on Bail,Rejected,Gold,178461,No,Yes,Yes,Yes
ARR00706,FIR202504246,P007202,Chetan Naik,Male,63,Ballari,PS0043,2025-12-09 17:09,Parking Lot,PI Mahesh Bhat,Judicial Custody,Pending,Drugs,172573,Yes,Yes,Yes,Yes
ARR01965,FIR202504313,P003850,Radhika Pujari,Female,41,Bidar,PS0164,2025-12-10 02:39,Industrial Area,PI Lakshmi Devi,Judicial Custody,Granted,Gold,448885,No,No,No,Yes
ARR02491,FIR202504203,P005678,Deepa Sharma,Female,40,Chamarajanagar,PS0225,2025-12-10 05:00,Shopping Mall,PI Lakshmi Devi,Police Custody,Pending,Cash,290326,Yes,No,Yes,Yes
ARR01088,FIR202504519,P003785,Mahesh Shetty,Male,64,Bidar,PS0169,2025-12-10 07:57,Industrial Area,SI Divya Hegde,Released on Bail,Rejected,Documents,417704,No,Yes,Yes,No
ARR01314,FIR202504340,P005774,Puneeth Desai,Male,48,Chamarajanagar,PS0226,2025-12-10 10:17,Border Checkpost,SI Ganesh Rao,Released on Bail,Rejected,Laptop,226909,No,No,Yes,No
ARR00428,FIR202504671,P006942,Rohit Pujari,Male,23,Chamarajanagar,PS0220,2025-12-10 10:37,Border Checkpost,PI Mahesh Bhat,Judicial Custody,Granted,Documents,357869,Yes,No,Yes,Yes
ARR01233,FIR202504461,P002063,Kavya Shetty,Female,69,Bidar,PS0180,2025-12-10 13:03,Hotel,PI Harish Naik,Released on Bail,Pending,Documents,364570,No,No,No,Yes
ARR02113,FIR202504165,P005571,Pooja Naik,Female,21,Ballari,PS0037,2025-12-10 13:43,Industrial Area,SI Divya Hegde,Judicial Custody,Granted,Vehicle,243369,No,No,Yes,No
ARR00555,FIR202504468,P002204,Mahesh Hegde,Male,48,Bidar,PS0171,2025-12-10 14:22,Residence,SI Prakash Sharma,Judicial Custody,Rejected,Weapons,433947,No,Yes,No,No
ARR01402,FIR202504701,P000774,Siddu Poojary,Male,71,Chamarajanagar,PS0221,2025-12-10 14:44,Bus Stand,PI Ramesh Gowda,Judicial Custody,Granted,Gold,63805,No,Yes,No,No
ARR01849,FIR202504326,P006942,Rohit Pujari,Male,23,Bagalkote,PS0013,2025-12-10 15:42,Bus Stand,PI Harish Naik,Police Custody,Granted,Mobile Phones,499422,No,No,Yes,No
ARR00365,FIR202504674,P001493,Naveen Sharma,Male,31,Chamarajanagar,PS0204,2025-12-10 18:21,Farm House,SI Divya Hegde,Police Custody,Rejected,Cash,190998,Yes,No,Yes,No
ARR00211,FIR202504402,P001496,Suresh Shetty,Male,25,Bagalkote,PS0012,2025-12-10 18:35,Market Area,PI Harish Naik,Judicial Custody,Granted,Gold,361796,No,No,Yes,Yes
ARR01909,FIR202504247,P008338,Suresh Angadi,Male,30,Bidar,PS0164,2025-12-10 19:26,Bus Stand,SI Prakash Sharma,Police Custody,Pending,Mobile Phones,68322,Yes,No,Yes,Yes
ARR02385,FIR202504432,P000611,Sanjay Pujari,Male,51,Bagalkote,PS0004,2025-12-10 23:19,Shopping Mall,SI Divya Hegde,Police Custody,Rejected,Documents,90360,No,No,No,Yes
ARR02441,FIR202504582,P006197,Arjun Joshi,Male,65,Bengaluru Rural,PS0087,2025-12-11 00:44,Shopping Mall,SI Prakash Sharma,Released on Bail,Pending,Cash,172156,Yes,No,No,No
ARR01341,FIR202504199,P003688,Arjun Joshi,Male,48,Chamarajanagar,PS0199,2025-12-11 01:52,Market Area,SI Divya Hegde,Judicial Custody,Rejected,Cash,212448,No,Yes,No,No
ARR01246,FIR202504700,P007519,Arjun Kumar,Male,43,Bagalkote,PS0010,2025-12-11 04:45,Residence,PI Lakshmi Devi,Judicial Custody,Rejected,Mobile Phones,213057,Yes,No,No,Yes
ARR00741,FIR202504306,P008587,Kiran Kumar,Male,23,Bidar,PS0171,2025-12-11 10:03,Industrial Area,SI Prakash Sharma,Released on Bail,Rejected,Gold,44006,No,No,No,No
ARR00336,FIR202504470,P008286,Mahesh Sharma,Male,60,Bagalkote,PS0018,2025-12-11 12:40,Highway Checkpost,PI Naveen Patil,Released on Bail,Pending,Laptop,84678,No,No,Yes,No
ARR02459,FIR202504318,P005657,Pradeep Shetty,Male,27,Bagalkote,PS0006,2025-12-11 12:48,Border Checkpost,PI Lakshmi Devi,Released on Bail,Granted,Drugs,265331,Yes,No,No,No
ARR01055,FIR202504220,P000928,Suraj Reddy,Male,61,Bidar,PS0177,2025-12-11 15:01,Highway Checkpost,SI Divya Hegde,Released on Bail,Granted,Drugs,71392,Yes,No,Yes,Yes
ARR01363,FIR202504628,P006428,Suraj Siddiqui,Male,51,Bagalkote,PS0025,2025-12-11 15:01,Farm House,SI Ganesh Rao,Police Custody,Pending,Drugs,378272,Yes,No,Yes,No
ARR01937,FIR202504347,P005137,Basavaraj Patil,Male,43,Bidar,PS0176,2025-12-11 18:28,Parking Lot,PI Ramesh Gowda,Judicial Custody,Rejected,Gold,187370,Yes,No,No,No
ARR00158,FIR202504312,P002185,Kiran Verma,Male,26,Chamarajanagar,PS0225,2025-12-11 19:33,Bus Stand,SI Suresh Kulkarni,Judicial Custody,Pending,Drugs,337203,No,Yes,No,No
ARR02111,FIR202504439,P007104,Shivakumar Singh,Male,53,Bidar,PS0164,2025-12-11 20:43,Farm House,SI Ravi Kumar,Judicial Custody,Granted,Drugs,83888,Yes,No,Yes,No
ARR02375,FIR202504694,P006472,Suresh Poojary,Male,42,Chamarajanagar,PS0193,2025-12-12 03:24,Border Checkpost,SI Ravi Kumar,Judicial Custody,Granted,Vehicle,10801,No,Yes,No,Yes
ARR01215,FIR202504443,P008938,Prakash Shetty,Male,52,Chamarajanagar,PS0203,2025-12-12 05:28,Railway Station,PI Mahesh Bhat,Judicial Custody,Rejected,None,0,Yes,Yes,Yes,No
ARR01531,FIR202504207,P006038,Chetan Joshi,Male,55,Belagavi,PS0065,2025-12-12 07:37,Hotel,PI Lakshmi Devi,Police Custody,Rejected,Documents,290796,No,No,No,Yes
ARR00171,FIR202504330,P007438,Roopa Pujari,Female,36,Bidar,PS0162,2025-12-12 09:53,Lodge,SI Divya Hegde,Released on Bail,Pending,Documents,30690,Yes,No,No,No
ARR00438,FIR202504637,P008742,Rohit Kulkarni,Male,43,Belagavi,PS0069,2025-12-12 10:06,Farm House,PI Naveen Patil,Released on Bail,Granted,Laptop,488149,Yes,Yes,Yes,No
ARR00798,FIR202504660,P005416,Chetan Verma,Male,53,Chamarajanagar,PS0199,2025-12-12 11:34,Airport,PI Harish Naik,Judicial Custody,Pending,Mobile Phones,8816,No,No,Yes,Yes
ARR01588,FIR202504337,P008776,Suraj Bhat,Male,35,Bidar,PS0174,2025-12-12 11:40,Residence,PI Mahesh Bhat,Released on Bail,Rejected,Laptop,125084,Yes,Yes,No,No
ARR01064,FIR202504391,P002836,Arjun Patil,Male,50,Bengaluru Rural,PS0093,2025-12-12 17:20,Industrial Area,PI Mahesh Bhat,Judicial Custody,Pending,None,0,No,Yes,No,Yes
ARR02228,FIR202504635,P006487,Ravi Patil,Male,57,Bagalkote,PS0005,2025-12-12 17:25,Shopping Mall,PI Harish Naik,Judicial Custody,Rejected,Gold,485584,No,Yes,Yes,No
ARR02082,FIR202504705,P005538,Darshan Kulkarni,Male,62,Bidar,PS0157,2025-12-12 17:56,Border Checkpost,SI Ganesh Rao,Judicial Custody,Pending,Gold,308280,Yes,No,Yes,No
ARR00156,FIR202504571,P001547,Darshan Poojary,Male,49,Chamarajanagar,PS0208,2025-12-13 03:18,Residence,SI Ganesh Rao,Released on Bail,Pending,Documents,166006,Yes,Yes,No,No
ARR00370,FIR202504565,P009114,Basavaraj Sharma,Male,32,Ballari,PS0042,2025-12-13 03:47,Highway Checkpost,PI Naveen Patil,Released on Bail,Granted,Laptop,410040,Yes,Yes,No,No
ARR00859,FIR202504213,P004633,Ravi Kumar,Male,48,Bidar,PS0182,2025-12-13 09:57,Airport,PI Ramesh Gowda,Judicial Custody,Rejected,Laptop,305716,Yes,No,No,Yes
ARR02175,FIR202504296,P003927,Puneeth Joshi,Male,48,Bidar,PS0187,2025-12-13 12:56,Bus Stand,SI Suresh Kulkarni,Released on Bail,Granted,None,0,No,No,Yes,No
ARR00391,FIR202504567,P000896,Siddu Poojary,Male,69,Chamarajanagar,PS0217,2025-12-13 13:20,Border Checkpost,PI Harish Naik,Police Custody,Granted,Drugs,285872,No,No,Yes,No
ARR01041,FIR202504390,P008165,Shivakumar Desai,Male,38,Bagalkote,PS0006,2025-12-13 19:26,Lodge,SI Ganesh Rao,Police Custody,Granted,None,0,Yes,No,No,Yes
ARR02028,FIR202504680,P007901,Kavya Singh,Female,41,Bidar,PS0164,2025-12-13 20:48,Hotel,SI Prakash Sharma,Judicial Custody,Pending,Vehicle,374415,Yes,No,Yes,No
ARR02453,FIR202504381,P000600,Rahul Sharma,Male,24,Bidar,PS0160,2025-12-14 02:50,Industrial Area,SI Ganesh Rao,Police Custody,Granted,None,0,Yes,No,No,Yes
ARR02467,FIR202504514,P001339,Vijay Angadi,Male,55,Chamarajanagar,PS0218,2025-12-14 04:51,Border Checkpost,PI Ramesh Gowda,Released on Bail,Rejected,Gold,361045,Yes,Yes,No,Yes
ARR00689,FIR202504454,P004751,Kiran Siddiqui,Male,56,Bidar,PS0181,2025-12-14 04:58,Border Checkpost,PI Mahesh Bhat,Police Custody,Pending,Laptop,335935,Yes,No,No,No
ARR00923,FIR202504421,P002628,Suraj Joshi,Male,21,Chamarajanagar,PS0202,2025-12-14 09:41,Lodge,SI Prakash Sharma,Police Custody,Rejected,None,0,No,Yes,No,Yes
ARR00523,FIR202504596,P009517,Harini Kumar,Female,34,Ballari,PS0038,2025-12-14 10:48,Highway Checkpost,SI Ganesh Rao,Judicial Custody,Granted,Mobile Phones,57372,Yes,Yes,Yes,Yes
ARR00821,FIR202504759,P000413,Rahul Angadi,Male,38,Chamarajanagar,PS0221,2025-12-14 11:39,Lodge,PI Naveen Patil,Judicial Custody,Rejected,Drugs,347090,Yes,Yes,Yes,No
ARR01922,FIR202504424,P009420,Chetan Sharma,Male,58,Bidar,PS0170,2025-12-14 18:20,Parking Lot,SI Ganesh Rao,Police Custody,Granted,None,0,Yes,Yes,Yes,Yes
ARR01944,FIR202504264,P000227,Shivakumar Hiremath,Male,52,Bidar,PS0171,2025-12-14 21:15,Hotel,PI Mahesh Bhat,Released on Bail,Rejected,Mobile Phones,282095,Yes,Yes,Yes,Yes
ARR01370,FIR202504644,P009247,Kiran Rao,Male,32,Bengaluru Rural,PS0096,2025-12-14 21:33,Border Checkpost,PI Ramesh Gowda,Released on Bail,Pending,Gold,98826,No,Yes,Yes,No
ARR00398,FIR202504739,P005861,Basavaraj Angadi,Male,44,Bengaluru Rural,PS0075,2025-12-15 00:50,Lodge,PI Lakshmi Devi,Police Custody,Pending,Vehicle,164612,Yes,No,No,No
ARR01320,FIR202504695,P002256,Prakash Hiremath,Male,60,Bidar,PS0156,2025-12-15 04:51,Shopping Mall,PI Ramesh Gowda,Judicial Custody,Granted,Vehicle,401056,No,Yes,Yes,Yes
ARR01130,FIR202504616,P009591,Akash Reddy,Male,64,Bidar,PS0155,2025-12-15 05:12,Railway Station,PI Ramesh Gowda,Judicial Custody,Rejected,Vehicle,426325,Yes,Yes,No,Yes
ARR00026,FIR202504536,P009038,Ramesh Sharma,Male,44,Bagalkote,PS0010,2025-12-15 06:23,Shopping Mall,SI Ravi Kumar,Released on Bail,Granted,Gold,81764,No,Yes,No,Yes
ARR01013,FIR202504618,P005874,Siddu Bhat,Male,23,Chamarajanagar,PS0208,2025-12-15 07:33,Border Checkpost,SI Ganesh Rao,Judicial Custody,Pending,Vehicle,109702,Yes,Yes,No,Yes
ARR01846,FIR202504459,P002774,Deepa Gowda,Female,51,Chamarajanagar,PS0205,2025-12-15 20:12,Parking Lot,SI Ravi Kumar,Judicial Custody,Rejected,Weapons,361632,Yes,No,No,No
ARR01822,FIR202504761,P003523,Mahesh Sharma,Male,26,Bengaluru Urban,PS0151,2025-12-15 21:52,Railway Station,SI Prakash Sharma,Judicial Custody,Rejected,Mobile Phones,93070,Yes,No,Yes,Yes
ARR00405,FIR202504707,P004515,Sanjay Sharma,Male,49,Belagavi,PS0066,2025-12-15 22:13,Airport,SI Prakash Sharma,Released on Bail,Rejected,Mobile Phones,120121,No,Yes,No,Yes
ARR01335,FIR202504234,P002855,Kiran Shetty,Male,22,Bagalkote,PS0018,2025-12-16 05:32,Hotel,PI Harish Naik,Police Custody,Granted,Vehicle,8860,No,Yes,No,Yes
ARR00399,FIR202504679,P006451,Vinay Bhat,Male,32,Chamarajanagar,PS0210,2025-12-16 06:57,Shopping Mall,PI Lakshmi Devi,Police Custody,Pending,Mobile Phones,84202,Yes,Yes,No,Yes
ARR01240,FIR202504734,P003819,Shivakumar Verma,Male,33,Bengaluru Urban,PS0134,2025-12-16 10:14,Farm House,SI Prakash Sharma,Police Custody,Pending,Drugs,475632,Yes,Yes,Yes,Yes
ARR00364,FIR202504442,P003110,Radhika Patil,Female,69,Bidar,PS0159,2025-12-16 14:27,Hotel,SI Ravi Kumar,Police Custody,Pending,Mobile Phones,49752,No,No,No,No
ARR01727,FIR202504524,P001398,Pradeep Siddiqui,Male,49,Bengaluru Urban,PS0141,2025-12-16 14:33,Lodge,PI Harish Naik,Judicial Custody,Granted,Weapons,2553,Yes,No,Yes,Yes
ARR01675,FIR202504599,P000197,Suresh Poojary,Male,37,Belagavi,PS0066,2025-12-16 16:42,Market Area,PI Naveen Patil,Police Custody,Granted,Gold,18793,No,No,Yes,No
ARR01391,FIR202504676,P003209,Basavaraj Kulkarni,Male,61,Chikkaballapura,PS0242,2025-12-16 18:46,Parking Lot,PI Ramesh Gowda,Police Custody,Pending,Vehicle,49269,Yes,No,Yes,Yes
ARR01715,FIR202504583,P009606,Shreya Naik,Female,54,Belagavi,PS0061,2025-12-16 19:39,Airport,SI Ganesh Rao,Released on Bail,Rejected,Documents,348025,Yes,Yes,No,No
ARR02248,FIR202504574,P008026,Shivakumar Kumar,Male,20,Bidar,PS0171,2025-12-16 19:45,Railway Station,PI Mahesh Bhat,Police Custody,Granted,Drugs,179644,Yes,No,No,Yes
ARR02207,FIR202504258,P008168,Lokesh Rao,Male,64,Bagalkote,PS0012,2025-12-17 00:34,Railway Station,PI Mahesh Bhat,Judicial Custody,Rejected,Documents,63294,Yes,Yes,Yes,Yes
ARR02348,FIR202504607,P004225,Vijay Poojary,Male,21,Bidar,PS0155,2025-12-17 01:58,Industrial Area,SI Prakash Sharma,Police Custody,Granted,Vehicle,134741,No,Yes,Yes,No
ARR01327,FIR202504281,P008663,Rohit Patil,Male,63,Bagalkote,PS0003,2025-12-17 11:34,Lodge,PI Ramesh Gowda,Released on Bail,Pending,Drugs,123734,No,No,Yes,No
ARR02507,FIR202504205,P000343,Pradeep Hegde,Male,34,Bagalkote,PS0017,2025-12-17 15:20,Farm House,PI Naveen Patil,Judicial Custody,Granted,Cash,237935,Yes,Yes,Yes,Yes
ARR01148,FIR202504479,P008615,Manoj Desai,Male,65,Bidar,PS0167,2025-12-17 21:21,Industrial Area,SI Ravi Kumar,Judicial Custody,Granted,Vehicle,469692,No,No,Yes,No
ARR01635,FIR202504528,P003999,Manoj Kambali,Male,19,Chamarajanagar,PS0226,2025-12-17 21:32,Railway Station,PI Ramesh Gowda,Police Custody,Rejected,None,0,Yes,No,No,Yes
ARR02373,FIR202504579,P004398,Chetan Patil,Male,62,Chikkaballapura,PS0245,2025-12-17 21:36,Parking Lot,PI Harish Naik,Judicial Custody,Rejected,Weapons,72346,No,Yes,No,Yes
ARR01468,FIR202504226,P009649,Rohit Patil,Male,48,Bidar,PS0155,2025-12-17 23:24,Market Area,PI Harish Naik,Released on Bail,Granted,Documents,316930,Yes,No,No,Yes
ARR00485,FIR202504518,P006218,Anitha Bhat,Female,59,Chamarajanagar,PS0195,2025-12-18 08:37,Bus Stand,SI Suresh Kulkarni,Released on Bail,Rejected,Drugs,12549,Yes,No,No,Yes
ARR00042,FIR202504760,P006460,Asha Hegde,Female,47,Bidar,PS0188,2025-12-18 15:56,Border Checkpost,SI Prakash Sharma,Released on Bail,Pending,Vehicle,300978,Yes,No,Yes,No
ARR01507,FIR202504259,P008912,Ganesh Naik,Male,56,Chamarajanagar,PS0206,2025-12-18 20:06,Market Area,SI Ganesh Rao,Judicial Custody,Pending,Weapons,4032,Yes,Yes,No,Yes
ARR01634,FIR202504376,P003749,Bhavya Naik,Female,61,Bidar,PS0189,2025-12-18 22:15,Shopping Mall,SI Suresh Kulkarni,Judicial Custody,Granted,None,0,No,No,No,Yes
ARR02398,FIR202504658,P000206,Prakash Desai,Male,38,Bidar,PS0185,2025-12-19 03:48,Border Checkpost,PI Harish Naik,Police Custody,Pending,Documents,464360,Yes,Yes,Yes,No
ARR01478,FIR202504366,P006926,Abhishek Joshi,Male,44,Bidar,PS0190,2025-12-19 04:41,Railway Station,PI Mahesh Bhat,Judicial Custody,Granted,Cash,468032,Yes,No,No,Yes
ARR00987,FIR202504382,P006274,Suresh Shetty,Male,38,Bidar,PS0153,2025-12-19 05:07,Hotel,SI Ganesh Rao,Police Custody,Pending,Gold,195391,No,No,No,Yes
ARR01308,FIR202504729,P000553,Sanjay Kambali,Male,39,Bagalkote,PS0017,2025-12-19 09:34,Shopping Mall,SI Ravi Kumar,Police Custody,Rejected,None,0,No,Yes,No,Yes
ARR01024,FIR202504512,P006810,Abhishek Kulkarni,Male,53,Bagalkote,PS0021,2025-12-19 10:23,Railway Station,SI Suresh Kulkarni,Released on Bail,Pending,Laptop,139995,Yes,Yes,No,No
ARR00757,FIR202504515,P006979,Pradeep Rao,Male,69,Ballari,PS0032,2025-12-19 10:33,Parking Lot,SI Ganesh Rao,Released on Bail,Pending,Gold,190063,Yes,Yes,Yes,No
ARR00623,FIR202504775,P007898,Puneeth Kumar,Male,56,Bagalkote,PS0015,2025-12-19 12:23,Shopping Mall,PI Lakshmi Devi,Released on Bail,Rejected,Weapons,383400,No,No,Yes,No
ARR00409,FIR202504298,P006185,Anitha Sharma,Female,45,Bengaluru Urban,PS0110,2025-12-19 14:06,Airport,PI Mahesh Bhat,Judicial Custody,Pending,Laptop,182802,Yes,Yes,No,No
ARR00488,FIR202504280,P002271,Abhishek Rao,Male,35,Bengaluru Urban,PS0114,2025-12-19 14:14,Border Checkpost,PI Naveen Patil,Released on Bail,Granted,Laptop,62912,No,Yes,Yes,No
ARR01554,FIR202504584,P003808,Arjun Poojary,Male,29,Bagalkote,PS0023,2025-12-19 20:54,Market Area,PI Harish Naik,Released on Bail,Rejected,Gold,441942,No,Yes,No,No
ARR00715,FIR202504697,P005599,Shivakumar Poojary,Male,40,Bagalkote,PS0017,2025-12-19 22:27,Lodge,SI Suresh Kulkarni,Released on Bail,Pending,None,0,No,No,No,No
ARR02237,FIR202504404,P008747,Geetha Joshi,Female,55,Bidar,PS0165,2025-12-19 22:28,Lodge,SI Ganesh Rao,Police Custody,Pending,Drugs,262346,Yes,No,No,No
ARR01971,FIR202504553,P000233,Ganesh Sharma,Male,66,Ballari,PS0028,2025-12-19 23:11,Shopping Mall,PI Ramesh Gowda,Released on Bail,Granted,None,0,No,No,Yes,No
ARR01453,FIR202504733,P009767,Mahesh Hiremath,Male,24,Bagalkote,PS0003,2025-12-20 00:03,Residence,PI Ramesh Gowda,Judicial Custody,Granted,Laptop,139361,Yes,Yes,Yes,No
ARR01178,FIR202504498,P002191,Harish Bhat,Male,67,Chikkaballapura,PS0244,2025-12-20 09:02,Shopping Mall,PI Naveen Patil,Police Custody,Pending,Drugs,445304,No,No,Yes,Yes
ARR01344,FIR202504740,P007580,Arjun Rao,Male,28,Chamarajanagar,PS0201,2025-12-20 09:59,Market Area,SI Divya Hegde,Judicial Custody,Rejected,Mobile Phones,87432,No,Yes,No,No
ARR02241,FIR202504392,P007800,Darshan Desai,Male,24,Bidar,PS0153,2025-12-20 13:22,Railway Station,SI Ravi Kumar,Police Custody,Granted,Cash,422072,No,Yes,No,No
ARR01695,FIR202504304,P000417,Sanjay Siddiqui,Male,36,Chamarajanagar,PS0197,2025-12-20 17:34,Hotel,SI Ganesh Rao,Released on Bail,Rejected,Cash,207101,No,Yes,Yes,No
ARR00296,FIR202504622,P008337,Ajay Kulkarni,Male,51,Chamarajanagar,PS0227,2025-12-20 19:02,Industrial Area,PI Ramesh Gowda,Judicial Custody,Pending,Cash,128819,Yes,No,No,Yes
ARR02097,FIR202504283,P007362,Shivakumar Hegde,Male,29,Chamarajanagar,PS0224,2025-12-20 19:12,Parking Lot,SI Prakash Sharma,Judicial Custody,Pending,Mobile Phones,375237,No,Yes,No,No
ARR00501,FIR202504532,P003525,Akash Gowda,Male,35,Chamarajanagar,PS0194,2025-12-20 23:27,Market Area,PI Lakshmi Devi,Judicial Custody,Rejected,Vehicle,193856,No,Yes,Yes,Yes
ARR01953,FIR202504823,P002014,Prakash Shetty,Male,52,Bagalkote,PS0004,2025-12-21 01:05,Market Area,PI Harish Naik,Judicial Custody,Pending,Cash,497644,No,Yes,No,Yes
ARR00529,FIR202504535,P008061,Ramesh Pujari,Male,51,Bidar,PS0185,2025-12-21 07:03,Airport,SI Ravi Kumar,Judicial Custody,Pending,Vehicle,38839,Yes,No,Yes,Yes
ARR01227,FIR202504433,P004464,Ramesh Reddy,Male,42,Bidar,PS0172,2025-12-21 07:20,Border Checkpost,SI Prakash Sharma,Judicial Custody,Rejected,Cash,317656,No,Yes,No,No
ARR00857,FIR202504419,P000363,Vijay Rao,Male,49,Bidar,PS0153,2025-12-21 08:32,Railway Station,PI Lakshmi Devi,Released on Bail,Pending,Vehicle,27995,No,Yes,No,No
ARR01158,FIR202504566,P008997,Pradeep Shetty,Male,65,Chamarajanagar,PS0194,2025-12-21 08:57,Shopping Mall,PI Harish Naik,Police Custody,Rejected,Drugs,383243,No,No,No,No
ARR01968,FIR202504355,P004444,Manoj Patil,Male,46,Chamarajanagar,PS0202,2025-12-21 10:28,Hotel,SI Suresh Kulkarni,Judicial Custody,Granted,Drugs,20546,Yes,No,No,Yes
ARR01295,FIR202504327,P004968,Puneeth Rao,Male,54,Chamarajanagar,PS0198,2025-12-21 11:06,Hotel,SI Ganesh Rao,Released on Bail,Pending,Cash,220471,Yes,No,Yes,Yes
ARR01932,FIR202504725,P004566,Arjun Siddiqui,Male,51,Chikkaballapura,PS0238,2025-12-21 23:05,Hotel,SI Ravi Kumar,Police Custody,Pending,Gold,391711,Yes,Yes,No,Yes
ARR00288,FIR202504818,P002828,Ravi Sharma,Male,54,Bidar,PS0185,2025-12-22 00:59,Railway Station,PI Harish Naik,Released on Bail,Rejected,None,0,Yes,Yes,Yes,No
ARR01616,FIR202504652,P009906,Suresh Angadi,Male,23,Bidar,PS0165,2025-12-22 11:53,Airport,PI Ramesh Gowda,Judicial Custody,Rejected,Mobile Phones,75877,No,Yes,No,Yes
ARR00830,FIR202504668,P007379,Chetan Reddy,Male,49,Bagalkote,PS0015,2025-12-22 12:43,Railway Station,SI Suresh Kulkarni,Released on Bail,Granted,Drugs,26663,No,No,No,No
ARR00105,FIR202504776,P006971,Nandini Poojary,Female,38,Bidar,PS0164,2025-12-22 13:59,Highway Checkpost,PI Ramesh Gowda,Judicial Custody,Pending,Weapons,363187,No,Yes,No,Yes
ARR01112,FIR202504438,P001859,Manoj Shetty,Male,45,Bidar,PS0159,2025-12-22 15:34,Hotel,PI Lakshmi Devi,Judicial Custody,Rejected,Gold,128770,No,Yes,Yes,No
ARR02335,FIR202504606,P000964,Puneeth Siddiqui,Male,38,Bengaluru Rural,PS0108,2025-12-23 01:47,Highway Checkpost,PI Naveen Patil,Released on Bail,Pending,Vehicle,86987,Yes,No,Yes,No
ARR01704,FIR202504685,P007526,Manoj Sharma,Male,46,Bengaluru Rural,PS0078,2025-12-23 05:31,Industrial Area,SI Prakash Sharma,Police Custody,Pending,Mobile Phones,493373,Yes,No,No,No
ARR01384,FIR202504349,P009306,Ravi Gowda,Male,54,Bidar,PS0162,2025-12-23 13:57,Industrial Area,PI Mahesh Bhat,Police Custody,Granted,Mobile Phones,296850,No,No,No,Yes
ARR00251,FIR202504448,P009175,Ganesh Bhat,Male,59,Bidar,PS0153,2025-12-23 18:31,Bus Stand,PI Naveen Patil,Judicial Custody,Granted,Gold,439172,No,No,Yes,No
ARR00728,FIR202504556,P007780,Akash Hiremath,Male,69,Chamarajanagar,PS0231,2025-12-23 20:13,Farm House,PI Harish Naik,Judicial Custody,Rejected,Documents,89357,Yes,No,Yes,No
ARR01870,FIR202504600,P005124,Sanjay Siddiqui,Male,45,Chikkaballapura,PS0239,2025-12-23 21:27,Market Area,SI Ravi Kumar,Released on Bail,Rejected,Laptop,247276,No,Yes,No,Yes
ARR00871,FIR202504621,P008660,Kiran Kumar,Male,38,Bidar,PS0162,2025-12-24 00:25,Hotel,SI Ravi Kumar,Released on Bail,Granted,Laptop,19942,No,Yes,Yes,No
ARR00665,FIR202504780,P007557,Puneeth Angadi,Male,27,Chamarajanagar,PS0205,2025-12-24 02:38,Parking Lot,PI Lakshmi Devi,Police Custody,Rejected,Documents,304229,Yes,Yes,No,No
ARR00914,FIR202504483,P008968,Ganesh Kulkarni,Male,34,Bidar,PS0181,2025-12-24 04:05,Highway Checkpost,PI Ramesh Gowda,Police Custody,Rejected,Cash,55140,No,Yes,Yes,No
ARR01294,FIR202504832,P003709,Rohit Poojary,Male,52,Bengaluru Urban,PS0139,2025-12-24 04:55,Shopping Mall,PI Harish Naik,Police Custody,Pending,None,0,No,No,Yes,Yes
ARR02501,FIR202504768,P000014,Rekha Hiremath,Female,44,Bengaluru Urban,PS0113,2025-12-24 05:07,Residence,PI Lakshmi Devi,Released on Bail,Granted,Gold,289506,Yes,No,No,No
ARR01239,FIR202504594,P007665,Lokesh Desai,Male,36,Chamarajanagar,PS0209,2025-12-24 07:32,Parking Lot,SI Ganesh Rao,Police Custody,Rejected,Vehicle,469245,No,Yes,No,Yes
ARR00543,FIR202504373,P008645,Arjun Reddy,Male,30,Bidar,PS0153,2025-12-24 12:01,Bus Stand,SI Suresh Kulkarni,Released on Bail,Granted,Drugs,353023,No,Yes,Yes,No
ARR00590,FIR202504541,P008389,Suraj Hiremath,Male,49,Bidar,PS0155,2025-12-24 12:50,Market Area,SI Ganesh Rao,Police Custody,Rejected,Drugs,443467,Yes,No,No,No
ARR00423,FIR202504859,P004570,Vinay Desai,Male,34,Bidar,PS0166,2025-12-24 15:50,Airport,PI Harish Naik,Police Custody,Granted,Cash,482047,No,No,Yes,No
ARR00223,FIR202504853,P002876,Ganesh Siddiqui,Male,34,Bengaluru Urban,PS0122,2025-12-24 17:35,Border Checkpost,SI Prakash Sharma,Police Custody,Granted,Mobile Phones,346228,Yes,Yes,No,No
ARR01075,FIR202504719,P004851,Nisha Sharma,Female,53,Chamarajanagar,PS0213,2025-12-24 18:09,Parking Lot,SI Ganesh Rao,Released on Bail,Rejected,Mobile Phones,30148,No,No,No,Yes
ARR01833,FIR202504865,P003112,Kavya Siddiqui,Female,71,Bidar,PS0179,2025-12-24 19:24,Parking Lot,SI Divya Hegde,Released on Bail,Granted,Vehicle,53265,No,Yes,Yes,No
ARR01464,FIR202504703,P007163,Sangeetha Singh,Female,60,Ballari,PS0045,2025-12-25 01:42,Airport,SI Suresh Kulkarni,Police Custody,Rejected,Weapons,191132,Yes,No,No,No
ARR01480,FIR202504577,P005761,Deepa Desai,Female,40,Bengaluru Urban,PS0133,2025-12-25 04:44,Market Area,SI Divya Hegde,Police Custody,Rejected,Gold,246204,No,Yes,Yes,Yes
ARR02047,FIR202504841,P007365,Harish Hiremath,Male,43,Bidar,PS0191,2025-12-25 06:49,Parking Lot,SI Suresh Kulkarni,Judicial Custody,Rejected,Vehicle,281949,Yes,No,Yes,Yes
ARR00445,FIR202504662,P007961,Vinay Patil,Male,45,Bengaluru Urban,PS0118,2025-12-25 07:06,Railway Station,PI Lakshmi Devi,Released on Bail,Pending,Weapons,121381,Yes,Yes,Yes,Yes
ARR01021,FIR202504842,P005726,Rohit Poojary,Male,28,Bengaluru Urban,PS0144,2025-12-25 07:14,Market Area,PI Lakshmi Devi,Released on Bail,Pending,Mobile Phones,146079,No,No,No,No
ARR00023,FIR202504683,P002230,Suresh Joshi,Male,36,Chamarajanagar,PS0207,2025-12-25 14:21,Parking Lot,SI Ravi Kumar,Released on Bail,Rejected,None,0,No,No,Yes,Yes
ARR00008,FIR202504504,P000292,Puneeth Pujari,Male,60,Chamarajanagar,PS0218,2025-12-25 14:33,Lodge,PI Lakshmi Devi,Judicial Custody,Rejected,None,0,No,No,No,No
ARR01162,FIR202504642,P005998,Siddu Joshi,Male,54,Bagalkote,PS0022,2025-12-25 14:39,Market Area,SI Divya Hegde,Judicial Custody,Rejected,Drugs,461077,No,Yes,Yes,Yes
ARR00621,FIR202504610,P007053,Keerthi Hegde,Female,29,Chamarajanagar,PS0202,2025-12-25 16:50,Farm House,PI Mahesh Bhat,Judicial Custody,Granted,Weapons,313374,Yes,Yes,Yes,No
ARR00848,FIR202504809,P008799,Sowmya Shetty,Female,51,Chamarajanagar,PS0233,2025-12-25 22:48,Residence,SI Divya Hegde,Judicial Custody,Rejected,Gold,21921,No,Yes,No,Yes
ARR01584,FIR202504375,P008026,Shivakumar Kumar,Male,20,Bidar,PS0184,2025-12-26 02:45,Hotel,SI Ganesh Rao,Released on Bail,Granted,Vehicle,318291,No,Yes,Yes,Yes
ARR01153,FIR202504591,P005123,Harish Verma,Male,33,Bengaluru Urban,PS0143,2025-12-26 04:46,Farm House,SI Divya Hegde,Judicial Custody,Granted,Documents,129580,Yes,Yes,No,No
ARR02476,FIR202504523,P003815,Anitha Verma,Female,41,Belagavi,PS0066,2025-12-26 07:15,Railway Station,PI Mahesh Bhat,Released on Bail,Pending,Weapons,157324,No,Yes,No,Yes
ARR02508,FIR202504597,P007466,Chetan Siddiqui,Male,46,Bagalkote,PS0014,2025-12-26 11:38,Market Area,SI Divya Hegde,Judicial Custody,Granted,Documents,459364,No,Yes,No,No
ARR01999,FIR202504604,P005645,Ajay Hegde,Male,40,Chamarajanagar,PS0200,2025-12-26 14:00,Airport,SI Divya Hegde,Released on Bail,Pending,Gold,170762,Yes,Yes,Yes,No
ARR02302,FIR202504555,P003906,Divya Joshi,Female,24,Bidar,PS0172,2025-12-26 22:03,Industrial Area,PI Lakshmi Devi,Released on Bail,Rejected,Cash,72170,No,No,No,Yes
ARR02013,FIR202504743,P006960,Manoj Hiremath,Male,30,Ballari,PS0026,2025-12-27 03:46,Shopping Mall,SI Suresh Kulkarni,Police Custody,Pending,Documents,271459,No,No,Yes,Yes
ARR00591,FIR202504562,P002040,Arjun Rao,Male,69,Bidar,PS0170,2025-12-27 03:53,Farm House,PI Naveen Patil,Released on Bail,Rejected,None,0,Yes,No,No,No
ARR01037,FIR202504626,P007800,Darshan Desai,Male,24,Bagalkote,PS0019,2025-12-27 06:47,Shopping Mall,SI Ganesh Rao,Released on Bail,Pending,None,0,No,Yes,No,No
ARR02126,FIR202504696,P008532,Harish Angadi,Male,18,Bidar,PS0179,2025-12-27 13:00,Bus Stand,PI Lakshmi Devi,Judicial Custody,Granted,Weapons,239943,No,Yes,Yes,Yes
ARR02386,FIR202504720,P004642,Shivakumar Bhat,Male,71,Chamarajanagar,PS0209,2025-12-27 13:20,Farm House,PI Ramesh Gowda,Released on Bail,Pending,Gold,62881,Yes,No,Yes,Yes
ARR01174,FIR202504688,P003254,Pradeep Pujari,Male,26,Bagalkote,PS0023,2025-12-27 15:03,Hotel,SI Ganesh Rao,Released on Bail,Rejected,Laptop,343135,No,Yes,Yes,Yes
ARR00973,FIR202504814,P000632,Vijay Patil,Male,58,Chamarajanagar,PS0208,2025-12-27 17:03,Highway Checkpost,SI Suresh Kulkarni,Police Custody,Rejected,Weapons,41930,No,No,Yes,Yes
ARR01837,FIR202504786,P004210,Arjun Angadi,Male,54,Chamarajanagar,PS0202,2025-12-27 19:22,Residence,PI Mahesh Bhat,Judicial Custody,Granted,Cash,420770,No,Yes,Yes,No
ARR01249,FIR202504631,P007872,Prakash Kambali,Male,26,Bagalkote,PS0001,2025-12-27 21:55,Residence,PI Naveen Patil,Judicial Custody,Rejected,Weapons,132391,Yes,Yes,Yes,No
ARR02030,FIR202504887,P008974,Basavaraj Kumar,Male,53,Chamarajanagar,PS0213,2025-12-27 22:31,Airport,SI Divya Hegde,Police Custody,Rejected,None,0,Yes,No,No,No
ARR01224,FIR202504852,P008971,Ramesh Gowda,Male,27,Chamarajanagar,PS0212,2025-12-27 23:13,Market Area,PI Lakshmi Devi,Judicial Custody,Pending,Documents,216603,No,Yes,No,Yes
ARR01000,FIR202504891,P001224,Kiran Siddiqui,Male,68,Chamarajanagar,PS0209,2025-12-28 04:37,Hotel,PI Lakshmi Devi,Judicial Custody,Granted,Cash,395167,No,No,No,Yes
ARR01083,FIR202504825,P004841,Sanjay Kulkarni,Male,64,Bidar,PS0191,2025-12-28 06:16,Highway Checkpost,SI Suresh Kulkarni,Police Custody,Rejected,Vehicle,261808,No,No,No,Yes
ARR00444,FIR202504875,P004705,Ajay Pujari,Male,61,Belagavi,PS0062,2025-12-28 14:03,Industrial Area,PI Ramesh Gowda,Police Custody,Pending,Weapons,247383,Yes,Yes,No,No
ARR02410,FIR202504690,P009690,Mahesh Singh,Male,44,Chamarajanagar,PS0204,2025-12-28 17:56,Hotel,PI Mahesh Bhat,Judicial Custody,Rejected,Drugs,351659,No,Yes,No,No
ARR02150,FIR202504710,P000499,Ajay Patil,Male,57,Bidar,PS0168,2025-12-28 20:40,Railway Station,SI Suresh Kulkarni,Released on Bail,Pending,Gold,484994,No,Yes,Yes,No
ARR01387,FIR202504771,P006365,Rohit Bhat,Male,33,Chamarajanagar,PS0205,2025-12-28 21:06,Hotel,PI Naveen Patil,Released on Bail,Pending,Weapons,407306,Yes,No,Yes,Yes
ARR01221,FIR202504824,P006553,Abhishek Singh,Male,49,Bengaluru Urban,PS0113,2025-12-28 22:15,Residence,PI Naveen Patil,Judicial Custody,Pending,None,0,Yes,Yes,Yes,Yes
ARR00823,FIR202504850,P008972,Chetan Kumar,Male,53,Bengaluru Rural,PS0097,2025-12-29 07:19,Highway Checkpost,SI Ganesh Rao,Judicial Custody,Pending,Laptop,391217,Yes,Yes,Yes,Yes
ARR01079,FIR202504682,P009316,Kavya Angadi,Female,45,Belagavi,PS0068,2025-12-29 16:47,Farm House,PI Naveen Patil,Judicial Custody,Pending,Weapons,197365,No,No,No,Yes
ARR01734,FIR202504915,P007559,Vijay Patil,Male,58,Chamarajanagar,PS0201,2025-12-29 17:33,Hotel,SI Prakash Sharma,Judicial Custody,Granted,Documents,209302,No,Yes,No,Yes
ARR01122,FIR202504663,P004409,Ajay Desai,Male,20,Bidar,PS0171,2025-12-29 21:27,Bus Stand,PI Lakshmi Devi,Judicial Custody,Pending,Documents,233195,Yes,No,No,Yes
ARR01747,FIR202504534,P008841,Shreya Joshi,Female,44,Belagavi,PS0050,2025-12-30 01:59,Railway Station,SI Ganesh Rao,Released on Bail,Rejected,Gold,400343,No,No,Yes,No
ARR01573,FIR202504831,P005232,Kavya Patil,Female,23,Bagalkote,PS0007,2025-12-30 06:47,Farm House,SI Ganesh Rao,Released on Bail,Granted,Mobile Phones,102688,No,No,Yes,Yes
ARR01884,FIR202504589,P004240,Prakash Patil,Male,60,Chamarajanagar,PS0194,2025-12-30 07:25,Industrial Area,SI Suresh Kulkarni,Judicial Custody,Rejected,Cash,420736,Yes,Yes,Yes,Yes
ARR01043,FIR202504592,P001580,Mahesh Hegde,Male,24,Ballari,PS0033,2025-12-30 10:19,Residence,SI Divya Hegde,Police Custody,Rejected,Weapons,37424,Yes,No,Yes,No
ARR01816,FIR202504709,P006915,Ajay Angadi,Male,23,Bidar,PS0188,2025-12-30 10:30,Highway Checkpost,PI Lakshmi Devi,Released on Bail,Pending,Vehicle,394316,No,Yes,No,Yes
ARR01051,FIR202504585,P005316,Manoj Kumar,Male,45,Chamarajanagar,PS0216,2025-12-30 11:19,Market Area,SI Ganesh Rao,Police Custody,Pending,Gold,71777,Yes,Yes,Yes,Yes
ARR00709,FIR202504766,P002262,Ramesh Kulkarni,Male,46,Bidar,PS0155,2025-12-30 11:22,Parking Lot,SI Divya Hegde,Released on Bail,Pending,Documents,41952,No,Yes,No,No
ARR00090,FIR202504922,P003788,Suresh Gowda,Male,66,Ballari,PS0036,2025-12-30 13:46,Market Area,PI Harish Naik,Judicial Custody,Rejected,Weapons,126521,Yes,No,No,No
ARR01408,FIR202504587,P002222,Basavaraj Pujari,Male,46,Chamarajanagar,PS0210,2025-12-30 15:19,Hotel,PI Ramesh Gowda,Judicial Custody,Granted,Laptop,154365,Yes,No,Yes,Yes
ARR01600,FIR202504655,P004333,Suraj Shetty,Male,34,Chamarajanagar,PS0216,2025-12-30 23:09,Market Area,SI Prakash Sharma,Police Custody,Rejected,Mobile Phones,335307,No,Yes,Yes,No
ARR01771,FIR202504812,P000368,Darshan Rao,Male,37,Belagavi,PS0063,2025-12-31 01:51,Parking Lot,PI Harish Naik,Released on Bail,Granted,None,0,Yes,Yes,Yes,Yes
ARR00406,FIR202504769,P000694,Rahul Kambali,Male,51,Chamarajanagar,PS0224,2025-12-31 02:04,Parking Lot,SI Ravi Kumar,Judicial Custody,Rejected,Documents,387535,Yes,No,Yes,No
ARR01672,FIR202504620,P001221,Nandini Siddiqui,Female,21,Bidar,PS0154,2025-12-31 15:06,Residence,SI Prakash Sharma,Released on Bail,Pending,Drugs,22887,Yes,Yes,No,Yes
ARR01895,FIR202504751,P003956,Vinay Hiremath,Male,60,Bengaluru Urban,PS0140,2026-01-01 01:20,Hotel,SI Suresh Kulkarni,Released on Bail,Granted,Gold,447770,Yes,No,Yes,Yes
ARR00439,FIR202504956,P008550,Ravi Sharma,Male,54,Chamarajanagar,PS0206,2026-01-01 06:48,Parking Lot,SI Divya Hegde,Released on Bail,Granted,Cash,478157,No,Yes,Yes,No
ARR01526,FIR202504731,P007150,Radhika Joshi,Female,23,Chamarajanagar,PS0218,2026-01-01 08:16,Lodge,SI Ganesh Rao,Police Custody,Granted,Gold,71182,No,No,No,No
ARR02087,FIR202504907,P008905,Ganesh Kulkarni,Male,65,Chamarajanagar,PS0219,2026-01-01 12:29,Border Checkpost,PI Ramesh Gowda,Judicial Custody,Rejected,Weapons,212028,Yes,Yes,Yes,Yes
ARR00685,FIR202504686,P004332,Suraj Kumar,Male,64,Bagalkote,PS0022,2026-01-01 19:34,Industrial Area,SI Divya Hegde,Judicial Custody,Pending,Vehicle,354663,Yes,No,No,Yes
ARR01449,FIR202504886,P005548,Suresh Patil,Male,53,Bidar,PS0191,2026-01-01 22:33,Border Checkpost,PI Ramesh Gowda,Police Custody,Pending,Gold,386056,Yes,Yes,Yes,No
ARR00883,FIR202504963,P008654,Akash Sharma,Male,36,Bidar,PS0186,2026-01-01 22:50,Border Checkpost,SI Ganesh Rao,Released on Bail,Granted,Cash,6522,No,No,No,Yes
ARR02064,FIR202504643,P008813,Harish Sharma,Male,61,Bagalkote,PS0004,2026-01-02 11:43,Lodge,PI Naveen Patil,Released on Bail,Granted,Documents,411904,No,Yes,Yes,No
ARR02515,FIR202504650,P003289,Naveen Desai,Male,52,Chikkaballapura,PS0238,2026-01-02 16:35,Shopping Mall,SI Ganesh Rao,Judicial Custody,Rejected,Documents,323934,No,No,No,Yes
ARR00248,FIR202504989,P000679,Kiran Hiremath,Male,26,Bengaluru Urban,PS0148,2026-01-02 18:31,Residence,SI Divya Hegde,Released on Bail,Rejected,Gold,2126,No,No,Yes,Yes
ARR00849,FIR202504669,P002227,Manoj Gowda,Male,52,Chamarajanagar,PS0199,2026-01-03 02:50,Border Checkpost,PI Naveen Patil,Police Custody,Rejected,Vehicle,244969,Yes,No,No,Yes
ARR02270,FIR202504730,P006694,Pradeep Rao,Male,42,Chamarajanagar,PS0218,2026-01-03 03:12,Market Area,PI Mahesh Bhat,Released on Bail,Granted,Gold,479621,No,Yes,Yes,Yes
ARR01842,FIR202504639,P004752,Basavaraj Rao,Male,36,Bidar,PS0171,2026-01-03 05:07,Highway Checkpost,SI Prakash Sharma,Released on Bail,Rejected,Laptop,490522,Yes,No,No,Yes
ARR02462,FIR202504738,P007560,Rohit Angadi,Male,43,Chamarajanagar,PS0221,2026-01-03 12:09,Residence,SI Prakash Sharma,Police Custody,Rejected,Documents,123262,Yes,Yes,No,Yes
ARR01395,FIR202504763,P009201,Chetan Desai,Male,44,Bagalkote,PS0014,2026-01-03 14:18,Lodge,PI Lakshmi Devi,Released on Bail,Granted,Cash,461267,Yes,No,Yes,No
ARR01967,FIR202504917,P000243,Harish Joshi,Male,52,Bidar,PS0188,2026-01-03 14:55,Shopping Mall,SI Ravi Kumar,Released on Bail,Granted,Drugs,448232,Yes,No,No,Yes
ARR01354,FIR202504750,P008306,Ravi Kulkarni,Male,42,Bengaluru Urban,PS0137,2026-01-03 15:08,Airport,PI Harish Naik,Released on Bail,Granted,Vehicle,158843,No,No,Yes,Yes
ARR01262,FIR202504691,P005342,Rohit Hegde,Male,60,Chamarajanagar,PS0207,2026-01-03 17:16,Border Checkpost,SI Ganesh Rao,Released on Bail,Pending,Mobile Phones,390448,Yes,No,No,Yes
ARR01782,FIR202504699,P003796,Harish Kambali,Male,29,Ballari,PS0034,2026-01-03 17:35,Lodge,SI Suresh Kulkarni,Released on Bail,Pending,Laptop,298097,Yes,No,No,No
ARR02184,FIR202504961,P009610,Ganesh Joshi,Male,18,Bagalkote,PS0023,2026-01-03 21:13,Industrial Area,SI Ganesh Rao,Judicial Custody,Pending,Vehicle,31750,No,No,No,Yes
ARR01585,FIR202504778,P002290,Sanjay Poojary,Male,38,Bidar,PS0189,2026-01-03 22:36,Hotel,SI Suresh Kulkarni,Released on Bail,Granted,Documents,489469,No,No,No,Yes
ARR00504,FIR202504737,P006489,Kiran Reddy,Male,28,Belagavi,PS0066,2026-01-03 23:02,Highway Checkpost,SI Suresh Kulkarni,Released on Bail,Rejected,Documents,474098,Yes,Yes,No,Yes
ARR01751,FIR202504799,P001006,Ravi Sharma,Male,45,Bagalkote,PS0004,2026-01-04 00:48,Airport,PI Ramesh Gowda,Judicial Custody,Granted,Laptop,25102,Yes,No,Yes,Yes
ARR00410,FIR202504969,P002018,Mahesh Gowda,Male,58,Bengaluru Rural,PS0081,2026-01-04 03:46,Railway Station,SI Divya Hegde,Judicial Custody,Pending,Vehicle,22857,Yes,No,No,Yes
ARR00714,FIR202504713,P008449,Ravi Sharma,Male,46,Bagalkote,PS0012,2026-01-04 05:20,Shopping Mall,PI Naveen Patil,Police Custody,Rejected,Documents,3656,No,Yes,No,No
ARR01827,FIR202504872,P001714,Shivakumar Gowda,Male,37,Bidar,PS0182,2026-01-04 09:40,Highway Checkpost,SI Prakash Sharma,Police Custody,Rejected,Weapons,215378,No,Yes,Yes,No
ARR00894,FIR202504833,P006488,Sanjay Hegde,Male,26,Bagalkote,PS0001,2026-01-04 16:09,Parking Lot,PI Lakshmi Devi,Released on Bail,Granted,Mobile Phones,393569,No,No,No,Yes
ARR00322,FIR202504711,P008411,Radhika Gowda,Female,53,Bagalkote,PS0014,2026-01-04 19:47,Railway Station,PI Mahesh Bhat,Police Custody,Granted,Mobile Phones,328127,No,Yes,No,Yes
ARR02168,FIR202504888,P008251,Radhika Desai,Female,39,Chamarajanagar,PS0233,2026-01-04 22:24,Border Checkpost,SI Ravi Kumar,Released on Bail,Rejected,None,0,Yes,No,No,Yes
ARR00603,FIR202504924,P001823,Ajay Kulkarni,Male,24,Bidar,PS0174,2026-01-05 02:10,Highway Checkpost,PI Harish Naik,Judicial Custody,Pending,Cash,371110,Yes,Yes,No,Yes
ARR00167,FIR202504827,P001263,Anjali Shetty,Female,29,Belagavi,PS0054,2026-01-05 02:33,Shopping Mall,PI Naveen Patil,Judicial Custody,Pending,Laptop,244470,Yes,Yes,Yes,Yes
ARR01962,FIR202504926,P001472,Sneha Joshi,Female,42,Bengaluru Urban,PS0136,2026-01-05 06:22,Industrial Area,PI Lakshmi Devi,Released on Bail,Rejected,Mobile Phones,418928,Yes,No,Yes,Yes
ARR01731,FIR202504855,P009878,Puneeth Kambali,Male,64,Bagalkote,PS0019,2026-01-05 06:50,Highway Checkpost,PI Ramesh Gowda,Police Custody,Rejected,Weapons,14354,Yes,No,Yes,Yes
ARR01181,FIR202504876,P003781,Arjun Hiremath,Male,31,Bagalkote,PS0022,2026-01-05 09:38,Shopping Mall,PI Mahesh Bhat,Police Custody,Granted,Gold,98680,Yes,Yes,Yes,Yes
ARR01917,FIR202504857,P008468,Siddu Kambali,Male,40,Chamarajanagar,PS0228,2026-01-05 12:03,Industrial Area,PI Harish Naik,Released on Bail,Pending,None,0,Yes,Yes,No,No
ARR01138,FIR202504947,P005665,Basavaraj Shetty,Male,31,Bidar,PS0179,2026-01-06 04:59,Airport,PI Harish Naik,Police Custody,Rejected,None,0,No,Yes,No,Yes
ARR00072,FIR202504895,P000641,Harish Naik,Male,24,Bidar,PS0170,2026-01-06 06:30,Highway Checkpost,PI Harish Naik,Police Custody,Rejected,Mobile Phones,231348,Yes,Yes,No,Yes
ARR02274,FIR202504902,P003625,Anjali Desai,Female,52,Bengaluru Urban,PS0115,2026-01-06 06:30,Highway Checkpost,SI Ravi Kumar,Police Custody,Granted,Mobile Phones,69662,Yes,Yes,No,Yes
ARR00716,FIR202504753,P004686,Akash Shetty,Male,41,Bagalkote,PS0001,2026-01-06 06:40,Farm House,PI Ramesh Gowda,Released on Bail,Rejected,None,0,No,Yes,Yes,No
ARR00190,FIR202504756,P006052,Ganesh Rao,Male,53,Bagalkote,PS0014,2026-01-06 08:44,Railway Station,PI Ramesh Gowda,Released on Bail,Rejected,Weapons,354397,No,No,No,Yes
ARR00903,FIR202504937,P000846,Kiran Reddy,Male,39,Chamarajanagar,PS0218,2026-01-06 09:12,Airport,PI Naveen Patil,Released on Bail,Granted,Drugs,116718,No,Yes,No,Yes
ARR00519,FIR202504994,P003195,Bhavya Bhat,Female,25,Bagalkote,PS0012,2026-01-07 09:23,Bus Stand,SI Prakash Sharma,Judicial Custody,Rejected,None,0,Yes,Yes,Yes,Yes
ARR01014,FIR202504726,P006989,Vijay Kambali,Male,32,Bidar,PS0159,2026-01-07 10:26,Lodge,SI Suresh Kulkarni,Judicial Custody,Granted,Mobile Phones,151325,No,No,Yes,No
ARR02360,FIR202504800,P007228,Siddu Pujari,Male,60,Bengaluru Rural,PS0094,2026-01-07 11:17,Residence,PI Mahesh Bhat,Judicial Custody,Rejected,Weapons,301889,No,Yes,No,Yes
ARR01877,FIR202504693,P005426,Kiran Hegde,Male,48,Chamarajanagar,PS0210,2026-01-07 17:53,Parking Lot,PI Harish Naik,Released on Bail,Rejected,Vehicle,288714,No,Yes,No,No
ARR01247,FIR202504724,P004406,Basavaraj Kumar,Male,29,Chamarajanagar,PS0195,2026-01-07 20:21,Parking Lot,PI Ramesh Gowda,Judicial Custody,Rejected,Cash,363031,Yes,Yes,No,Yes
ARR02329,FIR202504736,P005890,Darshan Rao,Male,49,Chamarajanagar,PS0206,2026-01-07 21:33,Hotel,SI Ganesh Rao,Released on Bail,Rejected,Weapons,157571,No,Yes,Yes,Yes
ARR00837,FIR202504847,P005637,Rahul Verma,Male,35,Bagalkote,PS0024,2026-01-08 04:50,Hotel,SI Suresh Kulkarni,Judicial Custody,Rejected,None,0,Yes,No,No,No
ARR00417,FIR202504754,P009603,Chetan Kulkarni,Male,57,Chamarajanagar,PS0195,2026-01-08 14:30,Hotel,PI Mahesh Bhat,Police Custody,Granted,Laptop,356068,Yes,Yes,No,No
ARR00498,FIR202504880,P002785,Sanjay Sharma,Male,70,Chamarajanagar,PS0195,2026-01-08 16:42,Parking Lot,SI Ganesh Rao,Police Custody,Granted,Documents,50345,Yes,No,Yes,Yes
ARR01090,FIR202504890,P006801,Ravi Reddy,Male,30,Bengaluru Urban,PS0138,2026-01-09 05:38,Bus Stand,PI Lakshmi Devi,Released on Bail,Granted,Drugs,28906,No,Yes,No,Yes
ARR01160,FIR202504870,P009942,Suresh Gowda,Male,36,Bidar,PS0177,2026-01-09 15:50,Railway Station,SI Suresh Kulkarni,Released on Bail,Granted,Weapons,366433,Yes,Yes,No,Yes
ARR00785,FIR202504745,P001299,Rohit Angadi,Male,58,Bidar,PS0170,2026-01-09 17:07,Shopping Mall,PI Naveen Patil,Released on Bail,Granted,Drugs,346602,No,No,No,Yes
ARR02178,FIR202504828,P000502,Rahul Poojary,Male,67,Bagalkote,PS0004,2026-01-09 21:47,Lodge,PI Mahesh Bhat,Police Custody,Pending,Cash,262090,No,Yes,No,Yes
ARR01046,FIR202504909,P009144,Ajay Reddy,Male,51,Belagavi,PS0051,2026-01-09 22:52,Market Area,PI Ramesh Gowda,Released on Bail,Pending,Weapons,423010,Yes,Yes,No,No
ARR00148,FIR202504978,P009613,Asha Gowda,Female,24,Belagavi,PS0065,2026-01-10 04:12,Parking Lot,PI Harish Naik,Judicial Custody,Granted,Documents,289800,No,No,No,Yes
ARR00123,FIR202504820,P000907,Kiran Siddiqui,Male,20,Bagalkote,PS0015,2026-01-10 05:17,Parking Lot,PI Mahesh Bhat,Judicial Custody,Rejected,Drugs,72222,No,No,No,No
ARR02026,FIR202504728,P004706,Sunitha Naik,Female,61,Chamarajanagar,PS0228,2026-01-10 06:28,Shopping Mall,SI Ganesh Rao,Judicial Custody,Granted,Gold,405632,No,No,Yes,No
ARR00036,FIR202504837,P003130,Rahul Rao,Male,70,Bagalkote,PS0002,2026-01-10 06:41,Airport,SI Prakash Sharma,Released on Bail,Rejected,Weapons,65448,Yes,No,Yes,Yes
ARR00992,FIR202504921,P006217,Ajay Naik,Male,56,Bidar,PS0166,2026-01-10 08:03,Farm House,SI Suresh Kulkarni,Police Custody,Rejected,Cash,291592,No,No,Yes,No
ARR02523,FIR202504813,P006436,Abhishek Patil,Male,29,Bengaluru Rural,PS0073,2026-01-10 09:15,Airport,PI Ramesh Gowda,Released on Bail,Pending,Laptop,323668,No,Yes,Yes,No
ARR01905,FIR202504967,P001428,Sanjay Verma,Male,54,Bidar,PS0189,2026-01-10 14:32,Airport,SI Ravi Kumar,Released on Bail,Rejected,Documents,177000,No,Yes,Yes,Yes
ARR02144,FIR202504896,P009621,Darshan Naik,Male,50,Belagavi,PS0063,2026-01-11 06:00,Border Checkpost,SI Ganesh Rao,Police Custody,Pending,None,0,Yes,Yes,Yes,Yes
ARR02034,FIR202504928,P005365,Mahesh Angadi,Male,47,Bidar,PS0156,2026-01-11 09:25,Market Area,PI Ramesh Gowda,Released on Bail,Pending,Drugs,451661,No,No,Yes,No
ARR01428,FIR202504804,P007132,Vinay Patil,Male,40,Belagavi,PS0069,2026-01-11 12:21,Hotel,SI Suresh Kulkarni,Judicial Custody,Rejected,Vehicle,57087,Yes,Yes,Yes,Yes
ARR01985,FIR202504990,P003885,Suraj Kulkarni,Male,27,Bidar,PS0159,2026-01-12 03:54,Market Area,SI Suresh Kulkarni,Released on Bail,Rejected,Documents,141907,Yes,Yes,No,Yes
ARR02350,FIR202504816,P002918,Naveen Siddiqui,Male,36,Ballari,PS0026,2026-01-12 04:22,Lodge,PI Lakshmi Devi,Police Custody,Pending,Cash,382936,No,Yes,No,No
ARR01866,FIR202504806,P002558,Shivakumar Siddiqui,Male,44,Bidar,PS0184,2026-01-12 08:24,Shopping Mall,PI Mahesh Bhat,Police Custody,Pending,Mobile Phones,457117,Yes,Yes,Yes,No
ARR01707,FIR202504903,P006260,Puneeth Joshi,Male,53,Chamarajanagar,PS0196,2026-01-12 10:07,Highway Checkpost,PI Naveen Patil,Judicial Custody,Rejected,Weapons,394305,Yes,Yes,No,Yes
ARR02100,FIR202504796,P003632,Arjun Patil,Male,51,Bidar,PS0186,2026-01-12 19:29,Hotel,PI Harish Naik,Police Custody,Rejected,Weapons,73967,No,No,Yes,No
ARR00526,FIR202504908,P007850,Basavaraj Naik,Male,28,Chamarajanagar,PS0200,2026-01-12 19:44,Hotel,PI Mahesh Bhat,Released on Bail,Rejected,Mobile Phones,230052,Yes,No,Yes,No
ARR01591,FIR202504782,P001770,Ganesh Angadi,Male,27,Bidar,PS0157,2026-01-12 20:20,Lodge,SI Prakash Sharma,Judicial Custody,Pending,Mobile Phones,346161,Yes,Yes,Yes,No
ARR01538,FIR202504973,P006375,Akash Kambali,Male,48,Bengaluru Urban,PS0135,2026-01-12 21:27,Highway Checkpost,SI Prakash Sharma,Released on Bail,Pending,Documents,38261,No,Yes,No,Yes
ARR01543,FIR202504951,P001203,Suresh Kambali,Male,20,Bagalkote,PS0007,2026-01-13 01:47,Lodge,SI Prakash Sharma,Police Custody,Pending,Cash,119924,No,No,No,Yes
ARR02332,FIR202504721,P005112,Harish Sharma,Male,36,Bidar,PS0167,2026-01-13 02:39,Hotel,SI Prakash Sharma,Police Custody,Granted,Gold,467290,Yes,Yes,No,Yes
ARR01956,FIR202504862,P008158,Darshan Kambali,Male,66,Bidar,PS0154,2026-01-13 21:18,Airport,SI Ravi Kumar,Released on Bail,Rejected,Cash,459596,Yes,No,Yes,No
ARR00895,FIR202504997,P009167,Darshan Reddy,Male,22,Chamarajanagar,PS0222,2026-01-14 20:38,Railway Station,PI Lakshmi Devi,Released on Bail,Pending,Cash,420118,Yes,No,Yes,Yes
ARR00305,FIR202504807,P000607,Mahesh Poojary,Male,58,Chamarajanagar,PS0229,2026-01-15 02:42,Railway Station,SI Ganesh Rao,Police Custody,Granted,Cash,91256,No,No,No,No
ARR02352,FIR202504968,P009579,Arjun Patil,Male,25,Chamarajanagar,PS0233,2026-01-15 03:59,Railway Station,SI Ganesh Rao,Released on Bail,Rejected,Laptop,201226,Yes,Yes,No,Yes
ARR02290,FIR202504962,P000592,Prakash Kulkarni,Male,55,Bengaluru Urban,PS0135,2026-01-15 05:32,Border Checkpost,SI Ravi Kumar,Police Custody,Rejected,Gold,195518,No,Yes,No,No
ARR02287,FIR202504940,P007966,Akash Sharma,Male,68,Bidar,PS0153,2026-01-15 09:45,Border Checkpost,SI Ravi Kumar,Released on Bail,Granted,Mobile Phones,135921,No,No,No,Yes
ARR00027,FIR202504861,P004269,Radhika Verma,Female,37,Bidar,PS0160,2026-01-15 11:04,Shopping Mall,PI Mahesh Bhat,Judicial Custody,Granted,Documents,336721,No,Yes,No,No
ARR02327,FIR202504805,P009644,Mahesh Naik,Male,27,Bidar,PS0189,2026-01-15 15:27,Market Area,SI Ganesh Rao,Police Custody,Granted,Drugs,494403,Yes,Yes,Yes,Yes
ARR00299,FIR202504941,P004302,Sanjay Siddiqui,Male,46,Bengaluru Rural,PS0076,2026-01-16 00:24,Shopping Mall,PI Naveen Patil,Released on Bail,Rejected,Documents,114287,No,Yes,Yes,Yes
ARR00170,FIR202504866,P003044,Darshan Patil,Male,62,Bengaluru Urban,PS0145,2026-01-16 01:04,Border Checkpost,PI Harish Naik,Released on Bail,Rejected,Cash,43045,Yes,No,Yes,No
ARR00071,FIR202504949,P002477,Darshan Patil,Male,25,Belagavi,PS0062,2026-01-16 02:32,Highway Checkpost,PI Harish Naik,Judicial Custody,Granted,None,0,No,Yes,Yes,No
ARR02027,FIR202504958,P007320,Chetan Gowda,Male,33,Chamarajanagar,PS0224,2026-01-16 06:16,Border Checkpost,SI Suresh Kulkarni,Police Custody,Granted,Cash,440397,No,Yes,Yes,Yes
ARR02007,FIR202504878,P003256,Prakash Kulkarni,Male,27,Chamarajanagar,PS0204,2026-01-16 09:13,Market Area,SI Divya Hegde,Judicial Custody,Pending,Weapons,24789,Yes,No,No,No
ARR01427,FIR202504933,P001946,Rohit Shetty,Male,55,Chamarajanagar,PS0194,2026-01-16 11:09,Farm House,SI Ravi Kumar,Judicial Custody,Granted,Cash,227371,Yes,No,Yes,No
ARR00795,FIR202504889,P005623,Manoj Pujari,Male,40,Chikkaballapura,PS0245,2026-01-17 01:16,Lodge,PI Mahesh Bhat,Released on Bail,Rejected,Mobile Phones,413196,Yes,Yes,No,No
ARR00602,FIR202504810,P007174,Rahul Sharma,Male,62,Bidar,PS0180,2026-01-17 07:59,Parking Lot,SI Ravi Kumar,Judicial Custody,Pending,Laptop,205855,Yes,No,Yes,Yes
ARR01127,FIR202504911,P005244,Geetha Patil,Female,19,Bidar,PS0178,2026-01-17 11:22,Residence,SI Divya Hegde,Police Custody,Pending,Laptop,21926,Yes,Yes,No,Yes
ARR02181,FIR202504839,P003947,Naveen Naik,Male,34,Ballari,PS0031,2026-01-18 00:07,Border Checkpost,SI Prakash Sharma,Released on Bail,Granted,Documents,34637,No,No,Yes,No
ARR02338,FIR202504960,P001817,Kavya Joshi,Female,71,Bagalkote,PS0019,2026-01-18 07:47,Lodge,SI Prakash Sharma,Judicial Custody,Pending,Vehicle,27568,Yes,Yes,Yes,No
ARR01123,FIR202504836,P003964,Manoj Kambali,Male,32,Bidar,PS0153,2026-01-18 12:36,Lodge,SI Prakash Sharma,Released on Bail,Pending,Weapons,232927,Yes,Yes,Yes,No
ARR00128,FIR202504899,P009000,Kiran Singh,Male,50,Bidar,PS0189,2026-01-18 19:28,Airport,SI Ravi Kumar,Police Custody,Pending,Gold,299496,Yes,Yes,No,No
ARR00497,FIR202504867,P001516,Basavaraj Bhat,Male,45,Chamarajanagar,PS0230,2026-01-18 23:47,Railway Station,SI Suresh Kulkarni,Judicial Custody,Rejected,Documents,174410,Yes,No,Yes,Yes
ARR02521,FIR202504955,P001184,Harish Kulkarni,Male,68,Bengaluru Rural,PS0085,2026-01-20 07:22,Bus Stand,SI Suresh Kulkarni,Released on Bail,Pending,Vehicle,346534,Yes,Yes,Yes,No
ARR00099,FIR202504900,P002171,Rahul Poojary,Male,48,Belagavi,PS0046,2026-01-20 10:10,Industrial Area,PI Naveen Patil,Judicial Custody,Granted,Gold,57881,No,No,No,Yes
ARR01226,FIR202504970,P006654,Mahesh Naik,Male,66,Bidar,PS0170,2026-01-20 22:44,Highway Checkpost,PI Naveen Patil,Judicial Custody,Pending,None,0,No,Yes,No,No
ARR00827,FIR202504971,P004416,Chetan Patil,Male,53,Chamarajanagar,PS0206,2026-01-21 23:53,Lodge,PI Harish Naik,Released on Bail,Rejected,Vehicle,255347,No,Yes,No,Yes
ARR01863,FIR202504964,P002277,Shreya Reddy,Female,26,Chamarajanagar,PS0204,2026-01-22 01:02,Airport,PI Naveen Patil,Judicial Custody,Rejected,Mobile Phones,136349,Yes,No,No,Yes
ARR00675,FIR202504894,P001202,Naveen Singh,Male,66,Bidar,PS0168,2026-01-22 18:55,Airport,PI Harish Naik,Police Custody,Granted,Drugs,453043,Yes,No,Yes,Yes
ARR01503,FIR202504882,P008786,Darshan Hiremath,Male,66,Bidar,PS0179,2026-01-23 01:45,Parking Lot,SI Ravi Kumar,Judicial Custody,Pending,Mobile Phones,490656,No,No,Yes,No
ARR01062,FIR202504925,P001995,Keerthi Hegde,Female,48,Bengaluru Urban,PS0111,2026-01-23 20:51,Lodge,PI Mahesh Bhat,Released on Bail,Granted,Cash,482946,No,Yes,Yes,Yes
ARR00263,FIR202504863,P000542,Ganesh Naik,Male,31,Bidar,PS0168,2026-01-23 22:41,Railway Station,PI Lakshmi Devi,Police Custody,Rejected,Cash,90877,Yes,No,No,Yes
ARR02114,FIR202504920,P003027,Kusuma Kumar,Female,28,Ballari,PS0035,2026-01-23 23:12,Parking Lot,PI Lakshmi Devi,Police Custody,Rejected,Laptop,71635,No,No,Yes,No
ARR02061,FIR202504957,P001954,Prakash Shetty,Male,50,Bengaluru Rural,PS0099,2026-01-25 10:13,Farm House,PI Naveen Patil,Released on Bail,Granted,Vehicle,200145,Yes,Yes,Yes,Yes
ARR01801,FIR202504938,P007869,Siddu Hiremath,Male,65,Chikkaballapura,PS0250,2026-01-26 11:17,Airport,SI Ganesh Rao,Judicial Custody,Rejected,Documents,95850,Yes,Yes,Yes,Yes
ARR02075,FIR202504980,P004121,Rohit Sharma,Male,62,Bidar,PS0189,2026-01-27 15:50,Highway Checkpost,SI Divya Hegde,Judicial Custody,Granted,Gold,170019,No,No,No,No
ARR01636,FIR202504935,P008911,Lokesh Poojary,Male,25,Chamarajanagar,PS0216,2026-01-29 03:51,Highway Checkpost,SI Suresh Kulkarni,Police Custody,Granted,Vehicle,42445,No,No,Yes,No
ARR02321,FIR202504977,P004307,Puneeth Rao,Male,37,Bidar,PS0179,2026-01-30 03:54,Hotel,PI Naveen Patil,Judicial Custody,Rejected,Gold,88456,Yes,No,Yes,Yes
ARR02016,FIR202504986,P005830,Pradeep Siddiqui,Male,42,Chamarajanagar,PS0234,2026-01-31 19:09,Farm House,PI Mahesh Bhat,Police Custody,Granted,Laptop,410507,Yes,No,Yes,Yes
ARR01778,FIR202504998,P005371,Sangeetha Kambali,Female,49,Bengaluru Rural,PS0107,2026-02-01 10:31,Hotel,SI Prakash Sharma,Police Custody,Rejected,Laptop,267427,No,No,No,No
ARR01894,FIR202504975,P001139,Basavaraj Rao,Male,40,Ballari,PS0033,2026-02-04 05:38,Residence,PI Naveen Patil,Police Custody,Granted,None,0,Yes,No,Yes,No
