FIR_ID,FIR_Number,Station_ID,District,Incident_Date,FIR_Date,Crime_Head,Crime_Subhead,BNS_Sections,Latitude,Longitude,Complainant_ID,Victim_ID,Accused_ID,Investigating_Officer,Status
FIR202504798,FIR/4798/2025,PS0043,Ballari,2025-01-01 11:28,2025-01-01 13:28,Dacoity,Bank Dacoity,BNS 310(2),14.976731,76.986145,P009292,P006014,P009143,SI Ravi Kumar,Under Investigation
FIR202500441,FIR/0441/2025,PS0118,Bengaluru Urban,2025-01-01 11:12,2025-01-01 14:12,Theft,Pocket Pick,BNS 303(2),12.775239,77.689631,P003735,P004624,P008683,PI Harish Naik,Chargesheeted
FIR202504439,FIR/4439/2025,PS0099,Bengaluru Rural,2025-01-01 15:56,2025-01-01 21:56,Assault,Grievous Hurt,"BNS 115(2), BNS 117(2)",13.282256,77.697033,P004447,P003112,P007477,PI Chetan Kumar,Under Investigation
FIR202504901,FIR/4901/2025,PS0128,Bengaluru Urban,2025-01-01 15:29,2025-01-01 22:29,Fraud,Corporate Fraud,BNS 318(4),13.006856,77.587455,P004453,P009438,P008228,SI Divya Hegde,Under Investigation
FIR202500852,FIR/0852/2025,PS0019,Bagalkote,2025-01-01 05:23,2025-01-02 07:23,Cyber Crime,Financial Fraud,"IT Act 66D, BNS 318(4)",16.060365,75.868275,P008079,P007823,P008005,SI Ravi Kumar,Chargesheeted
FIR202501057,FIR/1057/2025,PS0062,Belagavi,2025-01-02 05:24,2025-01-02 09:24,NDPS,Possession of Narcotics,NDPS Act Sec 20(b),15.754685,74.47443,P003671,P005269,P003794,PI Chetan Kumar,Under Investigation
FIR202503430,FIR/3430/2025,PS0172,Bidar,2025-01-02 07:39,2025-01-02 14:39,Fraud,Corporate Fraud,BNS 318(4),17.940201,77.4924,P009560,P002862,P000662,SI Ganesh Rao,Chargesheeted
FIR202504668,FIR/4668/2025,PS0006,Bagalkote,2025-01-02 08:20,2025-01-02 15:20,Vehicle Theft,Car Theft,BNS 303(2),16.359789,75.770232,P008030,P009503,P003883,PI Chetan Kumar,Chargesheeted
FIR202501709,FIR/1709/2025,PS0166,Bidar,2025-01-02 14:58,2025-01-02 15:58,Burglary,Night House Breaking,"BNS 331(3), BNS 331(4)",17.812833,77.471842,P006243,P007804,P000759,SI Divya Hegde,Chargesheeted
FIR202500152,FIR/0152/2025,PS0175,Bidar,2025-01-02 11:00,2025-01-02 16:00,Burglary,Night House Breaking,"BNS 331(3), BNS 331(4)",18.035222,77.45402,P000894,P004083,P001571,PI Harish Naik,Closed
FIR202501937,FIR/1937/2025,PS0085,Bengaluru Rural,2025-01-01 16:28,2025-01-02 17:28,Robbery,Chain Snatching with Force,BNS 309(4),13.118124,77.427541,P006963,P006466,"P003201, P006685",PI Naveen Patil,Chargesheeted
FIR202501397,FIR/1397/2025,PS0153,Bidar,2025-01-02 16:51,2025-01-02 20:51,Murder,Gang Conflict,BNS 103(1),17.742167,77.351175,P003781,P001769,P009062,SI Ganesh Rao,Under Investigation
FIR202502756,FIR/2756/2025,PS0206,Chamarajanagar,2025-01-02 15:29,2025-01-02 21:29,Burglary,Day Burglary,"BNS 331(3), BNS 331(4)",11.832376,77.122546,P009489,P004123,"P004788, P001990",PI Lakshmi Devi,Untraced
FIR202500192,FIR/0192/2025,PS0088,Bengaluru Rural,2025-01-03 00:09,2025-01-03 01:09,Burglary,Day Burglary,"BNS 331(3), BNS 331(4)",13.050538,77.399674,P004472,P001669,P005554,SI Ganesh Rao,Under Investigation
FIR202500834,FIR/0834/2025,PS0111,Bengaluru Urban,2025-01-03 07:58,2025-01-03 08:58,Burglary,Night House Breaking,"BNS 331(3), BNS 331(4)",12.766961,77.56745,P006304,P001460,P000224,PI Naveen Patil,Chargesheeted
FIR202502900,FIR/2900/2025,PS0049,Belagavi,2025-01-03 00:00,2025-01-03 09:00,Robbery,Highway Robbery,BNS 309(4),15.901519,74.561126,P007443,P003049,P003619,SI Prakash Sharma,Chargesheeted
FIR202504550,FIR/4550/2025,PS0247,Chikkaballapura,2025-01-01 05:16,2025-01-03 10:16,Theft,Pocket Pick,BNS 303(2),13.490879,77.892303,P003449,P000138,P005618,PI Lakshmi Devi,Chargesheeted
FIR202500747,FIR/0747/2025,PS0174,Bidar,2025-01-03 06:10,2025-01-03 13:10,Cyber Crime,Financial Fraud,"IT Act 66D, BNS 318(4)",17.869758,77.577955,P009216,P001343,P009291,SI Ravi Kumar,Chargesheeted
FIR202502957,FIR/2957/2025,PS0089,Bengaluru Rural,2025-01-03 08:52,2025-01-03 15:52,Dacoity,Bank Dacoity,BNS 310(2),13.386629,77.592672,P005138,P002801,P008449,SI Divya Hegde,Untraced
FIR202501237,FIR/1237/2025,PS0054,Belagavi,2025-01-02 12:30,2025-01-03 19:30,Burglary,Day Burglary,"BNS 331(3), BNS 331(4)",15.904452,74.712616,P005751,P001157,P001046,SI Divya Hegde,Under Investigation
FIR202500903,FIR/0903/2025,PS0208,Chamarajanagar,2025-01-03 18:59,2025-01-03 19:59,Assault,Simple Assault,"BNS 115(2), BNS 117(2)",11.814922,77.149282,P007894,P009170,P007622,PI Harish Naik,Chargesheeted
FIR202502596,FIR/2596/2025,PS0086,Bengaluru Rural,2025-01-03 17:34,2025-01-03 21:34,NDPS,Possession of Narcotics,NDPS Act Sec 20(b),13.324409,77.474024,P007102,P008598,P007243,SI Divya Hegde,Chargesheeted
FIR202504219,FIR/4219/2025,PS0006,Bagalkote,2025-01-03 22:11,2025-01-03 23:11,Vehicle Theft,Two-Wheeler Theft,BNS 303(2),16.370127,75.738038,P006045,P009072,P005131,PI Harish Naik,Chargesheeted
FIR202500341,FIR/0341/2025,PS0190,Bidar,2025-01-02 14:37,2025-01-04 01:37,Fraud,Cheating,BNS 318(4),17.749412,77.566026,P004035,P001562,P006648,PI Ramesh Gowda,Under Investigation
FIR202501048,FIR/1048/2025,PS0100,Bengaluru Rural,2025-01-03 18:48,2025-01-04 03:48,Vehicle Theft,Two-Wheeler Theft,BNS 303(2),13.150482,77.544406,P000202,P005016,P005259,SI Ganesh Rao,Under Investigation
FIR202504910,FIR/4910/2025,PS0025,Bagalkote,2025-01-03 00:13,2025-01-04 11:13,Cyber Crime,Financial Fraud,"IT Act 66D, BNS 318(4)",16.335154,75.853913,P007230,P001536,P006698,SI Mahesh Bhat,Under Investigation
FIR202504817,FIR/4817/2025,PS0228,Chamarajanagar,2025-01-03 12:51,2025-01-04 13:51,NDPS,Drug Trafficking,NDPS Act Sec 20(b),12.134734,77.133494,P006219,P000027,"P002360, P001054",PI Chetan Kumar,Chargesheeted
FIR202501445,FIR/1445/2025,PS0001,Bagalkote,2025-01-04 12:12,2025-01-04 14:12,Dacoity,Armed Dacoity,BNS 310(2),16.197907,75.571966,P005132,P001869,P003089,PI Ramesh Gowda,Chargesheeted
FIR202504610,FIR/4610/2025,PS0237,Chikkaballapura,2025-01-03 14:28,2025-01-04 18:28,POCSO,Harassment,"POCSO Act Sec 4, BNS 64",13.338115,77.661515,P000249,P001154,P006344,PI Harish Naik,Chargesheeted
FIR202501493,FIR/1493/2025,PS0190,Bidar,2025-01-03 14:34,2025-01-05 02:34,Assault,Public Affray,"BNS 115(2), BNS 117(2)",17.745798,77.565582,P000306,P004888,P005623,SI Divya Hegde,Chargesheeted
FIR202501633,FIR/1633/2025,PS0031,Ballari,2025-01-04 15:43,2025-01-05 02:43,Robbery,Chain Snatching with Force,BNS 309(4),14.998394,77.112944,P008324,P005369,P007480,SI Divya Hegde,Closed
FIR202504815,FIR/4815/2025,PS0113,Bengaluru Urban,2025-01-04 23:07,2025-01-05 03:07,Assault,Public Affray,"BNS 115(2), BNS 117(2)",13.166647,77.504488,P005044,P004354,P008181,PI Harish Naik,Chargesheeted
FIR202500486,FIR/0486/2025,PS0250,Chikkaballapura,2025-01-04 21:07,2025-01-05 08:07,Vehicle Theft,Car Theft,BNS 303(2),13.572041,77.821723,P009944,P002412,P001831,SI Mahesh Bhat,Chargesheeted
FIR202503890,FIR/3890/2025,PS0141,Bengaluru Urban,2025-01-05 10:16,2025-01-05 11:16,Vehicle Theft,Car Theft,BNS 303(2),12.864873,77.388993,P006227,P006329,P001467,SI Divya Hegde,Chargesheeted
FIR202500980,FIR/0980/2025,PS0138,Bengaluru Urban,2025-01-01 01:55,2025-01-05 12:55,Fraud,Cheating,BNS 318(4),13.164265,77.454449,P007523,P000393,P001395,SI Prakash Sharma,Closed
FIR202500128,FIR/0128/2025,PS0225,Chamarajanagar,2025-01-03 10:23,2025-01-05 15:23,Theft,Pocket Pick,BNS 303(2),12.016225,76.779156,P005385,P008883,P009699,SI Divya Hegde,Chargesheeted
FIR202504327,FIR/4327/2025,PS0236,Chikkaballapura,2025-01-05 15:58,2025-01-05 19:58,Assault,Simple Assault,"BNS 115(2), BNS 117(2)",13.626283,77.940454,P008556,P006624,P002581,SI Prakash Sharma,Under Investigation
FIR202503420,FIR/3420/2025,PS0128,Bengaluru Urban,2025-01-05 16:00,2025-01-05 21:00,Cyber Crime,Financial Fraud,"IT Act 66D, BNS 318(4)",13.013455,77.590596,P008273,P005420,"P007039, P000307",PI Harish Naik,Chargesheeted
FIR202504345,FIR/4345/2025,PS0076,Bengaluru Rural,2025-01-03 12:17,2025-01-05 21:17,Cyber Crime,Financial Fraud,"IT Act 66D, BNS 318(4)",13.332619,77.752682,P009350,P002474,P007033,SI Ravi Kumar,Chargesheeted
FIR202500201,FIR/0201/2025,PS0182,Bidar,2025-01-04 21:22,2025-01-05 23:22,Assault,Simple Assault,"BNS 115(2), BNS 117(2)",17.897242,77.695876,P005004,P007355,"P003116, P008705",PI Harish Naik,Under Investigation
FIR202501180,FIR/1180/2025,PS0184,Bidar,2025-01-04 15:52,2025-01-06 00:52,Assault,Grievous Hurt,"BNS 115(2), BNS 117(2)",17.891684,77.61826,P002047,P001423,P005899,SI Prakash Sharma,Chargesheeted
FIR202504534,FIR/4534/2025,PS0116,Bengaluru Urban,2025-01-05 13:09,2025-01-06 01:09,Fraud,Corporate Fraud,BNS 318(4),12.985231,77.513581,P004877,P008528,P000054,PI Lakshmi Devi,Chargesheeted
FIR202501347,FIR/1347/2025,PS0100,Bengaluru Rural,2025-01-01 19:18,2025-01-06 01:18,Dacoity,Bank Dacoity,BNS 310(2),13.149587,77.548071,P009535,P005108,P009603,PI Naveen Patil,Untraced
FIR202503518,FIR/3518/2025,PS0017,Bagalkote,2025-01-03 20:09,2025-01-06 02:09,Cyber Crime,Phishing,"IT Act 66D, BNS 318(4)",16.273819,75.56829,P003495,P003909,"P005878, P004181",SI Ravi Kumar,Closed
FIR202503421,FIR/3421/2025,PS0132,Bengaluru Urban,2025-01-04 21:19,2025-01-06 07:19,Cyber Crime,Identity Theft,"IT Act 66D, BNS 318(4)",12.990325,77.660372,P002716,P003216,P008057,SI Prakash Sharma,Closed
FIR202503945,FIR/3945/2025,PS0127,Bengaluru Urban,2025-01-06 01:05,2025-01-06 10:05,POCSO,Sexual Assault on Minor,"POCSO Act Sec 4, BNS 64",13.136484,77.623166,P004049,P008784,P007017,SI Divya Hegde,Chargesheeted
FIR202502029,FIR/2029/2025,PS0125,Bengaluru Urban,2025-01-06 10:15,2025-01-06 15:15,Vehicle Theft,Two-Wheeler Theft,BNS 303(2),12.770448,77.722092,P004934,P009445,P000698,PI Naveen Patil,Under Investigation
FIR202503264,FIR/3264/2025,PS0040,Ballari,2025-01-04 12:58,2025-01-06 15:58,Assault,Grievous Hurt,"BNS 115(2), BNS 117(2)",15.334204,76.822483,P003332,P003407,P002638,PI Lakshmi Devi,Chargesheeted
FIR202500272,FIR/0272/2025,PS0041,Ballari,2025-01-06 14:30,2025-01-06 23:30,Murder,Dowry Homicide,BNS 103(1),15.252023,76.887275,P006518,P005523,P006944,SI Prakash Sharma,Under Investigation
FIR202500358,FIR/0358/2025,PS0097,Bengaluru Rural,2025-01-05 21:25,2025-01-07 00:25,Robbery,Chain Snatching with Force,BNS 309(4),13.131873,77.466433,P009652,P005197,P003910,PI Ramesh Gowda,Chargesheeted
FIR202504179,FIR/4179/2025,PS0160,Bidar,2025-01-06 00:49,2025-01-07 01:49,Theft,House Theft,BNS 303(2),17.86146,77.350656,P000492,P008493,"P007674, P000990",SI Mahesh Bhat,Under Investigation
FIR202503560,FIR/3560/2025,PS0033,Ballari,2025-01-06 17:53,2025-01-07 01:53,POCSO,Harassment,"POCSO Act Sec 4, BNS 64",15.035462,76.825667,P008515,P009579,P005464,SI Divya Hegde,Under Investigation
FIR202500556,FIR/0556/2025,PS0220,Chamarajanagar,2025-01-06 20:09,2025-01-07 05:09,NDPS,Drug Trafficking,NDPS Act Sec 20(b),11.789346,76.798638,P003747,P003277,P003294,PI Naveen Patil,Untraced
FIR202503816,FIR/3816/2025,PS0201,Chamarajanagar,2025-01-06 22:53,2025-01-07 07:53,Fraud,Corporate Fraud,BNS 318(4),12.014009,76.857212,P004661,P008983,P002470,SI Mahesh Bhat,Under Investigation
FIR202504603,FIR/4603/2025,PS0111,Bengaluru Urban,2025-01-07 00:11,2025-01-07 08:11,Cyber Crime,Identity Theft,"IT Act 66D, BNS 318(4)",12.779542,77.576617,P000833,P007768,P008582,PI Naveen Patil,Chargesheeted
FIR202504622,FIR/4622/2025,PS0154,Bidar,2025-01-03 10:51,2025-01-07 12:51,NDPS,Drug Trafficking,NDPS Act Sec 20(b),17.879508,77.393343,P004949,P003712,P001264,SI Ganesh Rao,Chargesheeted
FIR202500484,FIR/0484/2025,PS0015,Bagalkote,2025-01-03 12:01,2025-01-07 17:01,Fraud,Land Scam,BNS 318(4),16.029774,75.702065,P009601,P002686,P007327,PI Harish Naik,Closed
FIR202503152,FIR/3152/2025,PS0072,Bengaluru Rural,2025-01-07 10:16,2025-01-07 18:16,Murder,Personal Enmity,BNS 103(1),13.290207,77.640844,P009531,P001860,P006472,PI Ramesh Gowda,Under Investigation
FIR202500468,FIR/0468/2025,PS0207,Chamarajanagar,2025-01-07 17:24,2025-01-07 19:24,Dacoity,Armed Dacoity,BNS 310(2),12.062987,77.097158,P005089,P005640,"P001932, P009729",SI Prakash Sharma,Closed
FIR202500522,FIR/0522/2025,PS0036,Ballari,2025-01-05 14:32,2025-01-07 20:32,Dacoity,Bank Dacoity,BNS 310(2),15.240263,76.74634,P007812,P008596,P008413,PI Chetan Kumar,Chargesheeted
FIR202501843,FIR/1843/2025,PS0217,Chamarajanagar,2025-01-06 13:09,2025-01-07 21:09,Fraud,Cheating,BNS 318(4),11.753254,76.915225,P005043,P006249,P003956,PI Chetan Kumar,Under Investigation
FIR202501575,FIR/1575/2025,PS0068,Belagavi,2025-01-07 11:06,2025-01-07 23:06,Theft,Snatching,BNS 303(2),16.048395,74.367261,P008335,P003061,P004977,PI Naveen Patil,Chargesheeted
FIR202504252,FIR/4252/2025,PS0244,Chikkaballapura,2025-01-07 21:35,2025-01-08 01:35,Burglary,Night House Breaking,"BNS 331(3), BNS 331(4)",13.314285,77.894012,P004712,P005765,P004514,SI Ganesh Rao,Under Investigation
FIR202503494,FIR/3494/2025,PS0168,Bidar,2025-01-07 23:38,2025-01-08 01:38,Fraud,Cheating,BNS 318(4),17.730583,77.687001,P002164,P005306,P001284,SI Divya Hegde,Chargesheeted
FIR202500721,FIR/0721/2025,PS0031,Ballari,2025-01-03 18:58,2025-01-08 03:58,Burglary,Day Burglary,"BNS 331(3), BNS 331(4)",14.967472,77.117812,P001637,P008082,P009823,SI Divya Hegde,Chargesheeted
FIR202500107,FIR/0107/2025,PS0230,Chamarajanagar,2025-01-07 07:03,2025-01-08 08:03,Fraud,Corporate Fraud,BNS 318(4),11.738538,77.068446,P007211,P002336,P004083,SI Ganesh Rao,Closed
FIR202502347,FIR/2347/2025,PS0138,Bengaluru Urban,2025-01-08 08:15,2025-01-08 12:15,Fraud,Corporate Fraud,BNS 318(4),13.14784,77.461583,P004200,P003323,P004259,SI Divya Hegde,Chargesheeted
FIR202504313,FIR/4313/2025,PS0095,Bengaluru Rural,2025-01-08 10:18,2025-01-08 16:18,Murder,Gang Conflict,BNS 103(1),13.10006,77.415508,P000467,P003678,P004078,SI Mahesh Bhat,Chargesheeted
FIR202503823,FIR/3823/2025,PS0222,Chamarajanagar,2025-01-08 14:31,2025-01-08 16:31,Cyber Crime,Financial Fraud,"IT Act 66D, BNS 318(4)",11.916779,76.766409,P005743,P008653,P008452,PI Suresh Kulkarni,Chargesheeted
FIR202504810,FIR/4810/2025,PS0189,Bidar,2025-01-04 12:22,2025-01-08 18:22,Assault,Simple Assault,"BNS 115(2), BNS 117(2)",17.915433,77.375806,P004372,P008669,P001238,PI Harish Naik,Chargesheeted
FIR202503224,FIR/3224/2025,PS0057,Belagavi,2025-01-08 15:19,2025-01-08 23:19,NDPS,Drug Trafficking,NDPS Act Sec 20(b),15.695427,74.431737,P001668,P001059,P007369,SI Divya Hegde,Chargesheeted
FIR202504300,FIR/4300/2025,PS0161,Bidar,2025-01-09 00:57,2025-01-09 01:57,Theft,Snatching,BNS 303(2),17.997258,77.501575,P003202,P007330,P007538,SI Ganesh Rao,Under Investigation
FIR202500357,FIR/0357/2025,PS0083,Bengaluru Rural,2025-01-06 02:02,2025-01-09 05:02,Dacoity,Armed Dacoity,BNS 310(2),13.253705,77.555599,P008202,P002772,P005777,PI Ramesh Gowda,Chargesheeted
FIR202504672,FIR/4672/2025,PS0003,Bagalkote,2025-01-08 23:38,2025-01-09 05:38,Assault,Simple Assault,"BNS 115(2), BNS 117(2)",16.316953,75.872693,P006859,P009520,P005559,SI Ganesh Rao,Untraced
FIR202501460,FIR/1460/2025,PS0053,Belagavi,2025-01-06 00:00,2025-01-09 07:00,Dacoity,Armed Dacoity,BNS 310(2),15.852667,74.302727,P004268,P001973,P005683,SI Mahesh Bhat,Chargesheeted
FIR202503654,FIR/3654/2025,PS0070,Bengaluru Rural,2025-01-08 21:16,2025-01-09 08:16,POCSO,Sexual Assault on Minor,"POCSO Act Sec 4, BNS 64",13.251817,77.748586,P006511,P007889,P004992,SI Ganesh Rao,Under Investigation
FIR202500830,FIR/0830/2025,PS0212,Chamarajanagar,2025-01-09 02:24,2025-01-09 09:24,Fraud,Land Scam,BNS 318(4),12.036051,76.850147,P009329,P005883,P009974,SI Ganesh Rao,Chargesheeted
FIR202504302,FIR/4302/2025,PS0149,Bengaluru Urban,2025-01-07 10:06,2025-01-09 16:06,Vehicle Theft,Car Theft,BNS 303(2),13.087936,77.490871,P000388,P005193,P001398,PI Lakshmi Devi,Under Investigation
FIR202504683,FIR/4683/2025,PS0049,Belagavi,2025-01-08 21:44,2025-01-09 22:44,Theft,House Theft,BNS 303(2),15.910518,74.564975,P007543,P009738,P008394,PI Harish Naik,Under Investigation
FIR202500874,FIR/0874/2025,PS0105,Bengaluru Rural,2025-01-09 20:55,2025-01-10 02:55,NDPS,Possession of Narcotics,NDPS Act Sec 20(b),13.165905,77.632204,P006779,P003210,P001852,PI Chetan Kumar,Under Investigation
FIR202501578,FIR/1578/2025,PS0136,Bengaluru Urban,2025-01-09 06:22,2025-01-10 07:22,Cyber Crime,Financial Fraud,"IT Act 66D, BNS 318(4)",12.835711,77.62966,P001281,P008068,P003092,SI Mahesh Bhat,Under Investigation
FIR202502050,FIR/2050/2025,PS0043,Ballari,2025-01-07 23:42,2025-01-10 07:42,Vehicle Theft,Two-Wheeler Theft,BNS 303(2),14.975382,76.992813,P008150,P009264,P001645,SI Ganesh Rao,Chargesheeted
FIR202503849,FIR/3849/2025,PS0063,Belagavi,2025-01-09 01:49,2025-01-10 08:49,POCSO,Sexual Assault on Minor,"POCSO Act Sec 4, BNS 64",16.007381,74.675058,P007881,P007254,P003325,PI Naveen Patil,Chargesheeted
FIR202504288,FIR/4288/2025,PS0248,Chikkaballapura,2025-01-09 23:02,2025-01-10 11:02,Fraud,Land Scam,BNS 318(4),13.23936,77.77432,P000553,P003949,P002390,SI Mahesh Bhat,Under Investigation
FIR202502163,FIR/2163/2025,PS0210,Chamarajanagar,2025-01-10 02:11,2025-01-10 13:11,Cyber Crime,Phishing,"IT Act 66D, BNS 318(4)",11.989071,76.783076,P002126,P008528,P002411,PI Lakshmi Devi,Closed
FIR202502383,FIR/2383/2025,PS0093,Bengaluru Rural,2025-01-10 03:18,2025-01-10 13:18,Dacoity,Armed Dacoity,BNS 310(2),13.213749,77.559793,P004814,P007060,P009144,SI Ganesh Rao,Under Investigation
FIR202502588,FIR/2588/2025,PS0126,Bengaluru Urban,2025-01-10 07:42,2025-01-10 15:42,Vehicle Theft,Two-Wheeler Theft,BNS 303(2),12.876418,77.555828,P008798,P008115,P005209,PI Suresh Kulkarni,Chargesheeted
FIR202503065,FIR/3065/2025,PS0122,Bengaluru Urban,2025-01-10 07:20,2025-01-10 16:20,Assault,Public Affray,"BNS 115(2), BNS 117(2)",13.101087,77.542639,P004946,P007024,P000075,SI Ravi Kumar,Chargesheeted
FIR202503752,FIR/3752/2025,PS0195,Chamarajanagar,2025-01-09 17:57,2025-01-11 01:57,Cyber Crime,Identity Theft,"IT Act 66D, BNS 318(4)",11.868233,77.070695,P001000,P005660,P001912,SI Ganesh Rao,Chargesheeted
FIR202500891,FIR/0891/2025,PS0250,Chikkaballapura,2025-01-10 15:44,2025-01-11 02:44,Fraud,Cheating,BNS 318(4),13.553435,77.813064,P002567,P008109,P002961,SI Ganesh Rao,Chargesheeted
FIR202504627,FIR/4627/2025,PS0178,Bidar,2025-01-11 08:19,2025-01-11 09:19,Assault,Grievous Hurt,"BNS 115(2), BNS 117(2)",17.883832,77.489786,P006500,P006085,P003210,SI Ravi Kumar,Chargesheeted
FIR202500612,FIR/0612/2025,PS0136,Bengaluru Urban,2025-01-11 00:06,2025-01-11 10:06,Burglary,Day Burglary,"BNS 331(3), BNS 331(4)",12.812555,77.622496,P007063,P001663,P009368,PI Ramesh Gowda,Under Investigation
FIR202501958,FIR/1958/2025,PS0055,Belagavi,2025-01-11 13:55,2025-01-11 18:55,Fraud,Corporate Fraud,BNS 318(4),15.84757,74.374661,P009325,P006781,P005201,SI Divya Hegde,Closed
FIR202500564,FIR/0564/2025,PS0045,Ballari,2025-01-08 16:02,2025-01-11 19:02,Assault,Public Affray,"BNS 115(2), BNS 117(2)",14.974482,76.9011,P003045,P000353,P003718,PI Ramesh Gowda,Under Investigation
FIR202501731,FIR/1731/2025,PS0235,Chikkaballapura,2025-01-11 19:25,2025-01-11 22:25,Fraud,Cheating,BNS 318(4),13.275443,77.566813,P004569,P004996,P000138,SI Prakash Sharma,Chargesheeted
FIR202503689,FIR/3689/2025,PS0216,Chamarajanagar,2025-01-11 22:33,2025-01-12 00:33,Fraud,Land Scam,BNS 318(4),11.762501,76.939073,P002566,P004933,P000016,PI Naveen Patil,Chargesheeted
FIR202501366,FIR/1366/2025,PS0007,Bagalkote,2025-01-12 01:29,2025-01-12 02:29,Murder,Dowry Homicide,BNS 103(1),16.05852,75.615873,P008155,P005450,P000198,PI Lakshmi Devi,Chargesheeted
FIR202500896,FIR/0896/2025,PS0223,Chamarajanagar,2025-01-11 17:38,2025-01-12 02:38,Assault,Simple Assault,"BNS 115(2), BNS 117(2)",11.866552,76.775835,P005631,P006155,"P002258, P004206",SI Prakash Sharma,Under Investigation
FIR202501489,FIR/1489/2025,PS0133,Bengaluru Urban,2025-01-10 18:20,2025-01-12 03:20,Cyber Crime,Financial Fraud,"IT Act 66D, BNS 318(4)",13.027503,77.521133,P009538,P001767,"P001428, P007256",PI Suresh Kulkarni,Untraced
FIR202503214,FIR/3214/2025,PS0099,Bengaluru Rural,2025-01-12 00:54,2025-01-12 03:54,Robbery,Highway Robbery,BNS 309(4),13.250849,77.7075,P006444,P008906,P006388,PI Lakshmi Devi,Untraced
FIR202504788,FIR/4788/2025,PS0067,Belagavi,2025-01-11 06:13,2025-01-12 07:13,POCSO,Sexual Assault on Minor,"POCSO Act Sec 4, BNS 64",15.850594,74.707937,P002273,P009843,P005116,PI Harish Naik,Chargesheeted
FIR202500811,FIR/0811/2025,PS0202,Chamarajanagar,2025-01-07 02:21,2025-01-12 13:21,Murder,Personal Enmity,BNS 103(1),11.93919,76.856857,P000049,P001231,P009073,PI Chetan Kumar,Untraced
FIR202502867,FIR/2867/2025,PS0011,Bagalkote,2025-01-12 08:28,2025-01-12 14:28,Assault,Grievous Hurt,"BNS 115(2), BNS 117(2)",16.138232,75.678151,P004810,P005763,P003360,SI Ravi Kumar,Untraced
FIR202502705,FIR/2705/2025,PS0036,Ballari,2025-01-10 03:34,2025-01-12 15:34,Dacoity,Bank Dacoity,BNS 310(2),15.23689,76.762243,P009647,P001314,P007951,SI Ravi Kumar,Untraced
FIR202500608,FIR/0608/2025,PS0144,Bengaluru Urban,2025-01-11 12:15,2025-01-12 16:15,Fraud,Land Scam,BNS 318(4),12.832107,77.569719,P006403,P000569,P007665,PI Suresh Kulkarni,Under Investigation
FIR202502262,FIR/2262/2025,PS0222,Chamarajanagar,2025-01-11 17:50,2025-01-12 21:50,NDPS,Drug Trafficking,NDPS Act Sec 20(b),11.906114,76.750971,P009758,P009897,P002157,SI Ganesh Rao,Under Investigation
FIR202500384,FIR/0384/2025,PS0062,Belagavi,2025-01-12 21:23,2025-01-12 22:23,Burglary,Night House Breaking,"BNS 331(3), BNS 331(4)",15.756557,74.48654,P005565,P000597,P003339,PI Harish Naik,Under Investigation
FIR202502234,FIR/2234/2025,PS0013,Bagalkote,2025-01-11 18:41,2025-01-12 22:41,Theft,Pocket Pick,BNS 303(2),16.154251,75.673433,P007598,P001077,P001172,SI Divya Hegde,Untraced
FIR202503810,FIR/3810/2025,PS0015,Bagalkote,2025-01-12 22:10,2025-01-12 23:10,POCSO,Sexual Assault on Minor,"POCSO Act Sec 4, BNS 64",16.063248,75.673568,P006177,P005104,P003218,PI Suresh Kulkarni,Chargesheeted
FIR202503990,FIR/3990/2025,PS0033,Ballari,2025-01-09 18:54,2025-01-12 23:54,POCSO,Sexual Assault on Minor,"POCSO Act Sec 4, BNS 64",15.030927,76.840576,P007921,P005743,P001805,SI Mahesh Bhat,Under Investigation
FIR202501756,FIR/1756/2025,PS0090,Bengaluru Rural,2025-01-12 00:54,2025-01-13 08:54,POCSO,Sexual Assault on Minor,"POCSO Act Sec 4, BNS 64",13.424387,77.482761,P008196,P008218,P005877,SI Mahesh Bhat,Chargesheeted
FIR202504262,FIR/4262/2025,PS0098,Bengaluru Rural,2025-01-13 04:46,2025-01-13 09:46,Assault,Simple Assault,"BNS 115(2), BNS 117(2)",13.297168,77.722175,P002038,P003411,P008474,PI Suresh Kulkarni,Chargesheeted
FIR202504278,FIR/4278/2025,PS0183,Bidar,2025-01-11 05:59,2025-01-13 12:59,POCSO,Sexual Assault on Minor,"POCSO Act Sec 4, BNS 64",17.757572,77.390155,P008253,P009403,P002803,SI Prakash Sharma,Untraced
FIR202501474,FIR/1474/2025,PS0109,Bengaluru Rural,2025-01-10 14:28,2025-01-13 15:28,Theft,Pocket Pick,BNS 303(2),13.121919,77.580063,P006689,P003516,P003033,PI Ramesh Gowda,Chargesheeted
FIR202504354,FIR/4354/2025,PS0008,Bagalkote,2025-01-09 11:26,2025-01-13 19:26,Vehicle Theft,Two-Wheeler Theft,BNS 303(2),16.255062,75.521221,P003922,P003735,P009067,PI Naveen Patil,Under Investigation
FIR202502844,FIR/2844/2025,PS0177,Bidar,2025-01-12 12:10,2025-01-14 00:10,NDPS,Drug Trafficking,NDPS Act Sec 20(b),18.057586,77.324085,P006377,P002314,P009152,PI Naveen Patil,Untraced
FIR202501195,FIR/1195/2025,PS0193,Chamarajanagar,2025-01-13 14:11,2025-01-14 02:11,Theft,Snatching,BNS 303(2),11.99544,76.876842,P005598,P003250,P006109,PI Suresh Kulkarni,Chargesheeted
FIR202503340,FIR/3340/2025,PS0037,Ballari,2025-01-13 17:58,2025-01-14 03:58,Assault,Simple Assault,"BNS 115(2), BNS 117(2)",15.062876,77.04291,P004752,P003614,P001579,PI Harish Naik,Chargesheeted
FIR202500599,FIR/0599/2025,PS0171,Bidar,2025-01-13 02:49,2025-01-14 10:49,Theft,Snatching,BNS 303(2),17.75457,77.582765,P000999,P009493,"P008927, P006844",SI Mahesh Bhat,Under Investigation
FIR202502270,FIR/2270/2025,PS0059,Belagavi,2025-01-14 06:27,2025-01-14 13:27,Fraud,Cheating,BNS 318(4),15.815138,74.527628,P005417,P003508,P004235,PI Harish Naik,Under Investigation
FIR202504980,FIR/4980/2025,PS0149,Bengaluru Urban,2025-01-14 05:45,2025-01-14 13:45,Cyber Crime,Identity Theft,"IT Act 66D, BNS 318(4)",13.090523,77.47605,P001949,P000842,"P004275, P003772",PI Ramesh Gowda,Chargesheeted
FIR202501496,FIR/1496/2025,PS0152,Bengaluru Urban,2025-01-10 12:53,2025-01-14 13:53,POCSO,Harassment,"POCSO Act Sec 4, BNS 64",13.006239,77.416535,P005845,P006658,P005242,SI Mahesh Bhat,Chargesheeted
FIR202502478,FIR/2478/2025,PS0044,Ballari,2025-01-15 00:30,2025-01-15 09:30,Vehicle Theft,Two-Wheeler Theft,BNS 303(2),15.279797,76.943638,P009500,P001954,P001805,PI Chetan Kumar,Under Investigation
FIR202504570,FIR/4570/2025,PS0176,Bidar,2025-01-14 09:58,2025-01-15 13:58,Dacoity,Bank Dacoity,BNS 310(2),17.747099,77.551074,P002715,P003607,P004051,SI Divya Hegde,Chargesheeted
FIR202502333,FIR/2333/2025,PS0022,Bagalkote,2025-01-12 14:12,2025-01-15 19:12,NDPS,Possession of Narcotics,NDPS Act Sec 20(b),16.261687,75.615864,P002266,P007388,P001397,PI Lakshmi Devi,Under Investigation
FIR202504938,FIR/4938/2025,PS0236,Chikkaballapura,2025-01-15 01:28,2025-01-16 03:28,POCSO,Sexual Assault on Minor,"POCSO Act Sec 4, BNS 64",13.617424,77.921365,P009775,P009747,P008285,PI Chetan Kumar,Under Investigation
FIR202502643,FIR/2643/2025,PS0019,Bagalkote,2025-01-13 06:56,2025-01-16 07:56,Fraud,Land Scam,BNS 318(4),16.057802,75.884456,P008805,P003314,P003332,PI Chetan Kumar,Chargesheeted
FIR202501753,FIR/1753/2025,PS0134,Bengaluru Urban,2025-01-16 03:52,2025-01-16 09:52,Cyber Crime,Financial Fraud,"IT Act 66D, BNS 318(4)",12.794016,77.627694,P009342,P001725,P009481,SI Divya Hegde,Untraced
FIR202504385,FIR/4385/2025,PS0119,Bengaluru Urban,2025-01-13 05:27,2025-01-16 10:27,Fraud,Corporate Fraud,BNS 318(4),12.814281,77.79031,P000053,P002613,P002071,SI Ravi Kumar,Chargesheeted
FIR202504401,FIR/4401/2025,PS0097,Bengaluru Rural,2025-01-16 04:51,2025-01-16 14:51,Dacoity,Armed Dacoity,BNS 310(2),13.124961,77.490327,P009195,P008223,P000792,PI Naveen Patil,Chargesheeted
FIR202503491,FIR/3491/2025,PS0174,Bidar,2025-01-15 04:39,2025-01-16 15:39,Robbery,Highway Robbery,BNS 309(4),17.864204,77.559221,P006977,P009743,P008805,SI Ravi Kumar,Chargesheeted
FIR202502148,FIR/2148/2025,PS0235,Chikkaballapura,2025-01-16 13:44,2025-01-16 15:44,Fraud,Corporate Fraud,BNS 318(4),13.274859,77.576653,P000664,P002743,P001855,PI Suresh Kulkarni,Chargesheeted
FIR202500689,FIR/0689/2025,PS0101,Bengaluru Rural,2025-01-16 11:14,2025-01-16 16:14,NDPS,Possession of Narcotics,NDPS Act Sec 20(b),13.25766,77.725009,P007029,P002598,P006847,SI Ravi Kumar,Untraced
FIR202503161,FIR/3161/2025,PS0123,Bengaluru Urban,2025-01-14 06:42,2025-01-16 16:42,Murder,Gang Conflict,BNS 103(1),13.000778,77.49238,P003343,P007119,P006926,SI Ganesh Rao,Under Investigation
FIR202503534,FIR/3534/2025,PS0045,Ballari,2025-01-16 10:21,2025-01-16 19:21,Cyber Crime,Financial Fraud,"IT Act 66D, BNS 318(4)",14.992285,76.878376,P009037,P002653,"P009376, P000404",SI Divya Hegde,Chargesheeted
FIR202502378,FIR/2378/2025,PS0002,Bagalkote,2025-01-15 09:51,2025-01-16 20:51,POCSO,Sexual Assault on Minor,"POCSO Act Sec 4, BNS 64",16.104221,75.508614,P003895,P006536,P009535,PI Naveen Patil,Untraced
FIR202502861,FIR/2861/2025,PS0225,Chamarajanagar,2025-01-16 21:19,2025-01-17 02:19,Assault,Public Affray,"BNS 115(2), BNS 117(2)",12.002684,76.771738,P007282,P001061,P002550,PI Lakshmi Devi,Under Investigation
FIR202501901,FIR/1901/2025,PS0102,Bengaluru Rural,2025-01-16 23:30,2025-01-17 04:30,Assault,Simple Assault,"BNS 115(2), BNS 117(2)",13.110389,77.651537,P003625,P006939,P009719,SI Ravi Kumar,Under Investigation
FIR202504286,FIR/4286/2025,PS0228,Chamarajanagar,2025-01-16 22:36,2025-01-17 04:36,Fraud,Land Scam,BNS 318(4),12.121329,77.109339,P005058,P002944,P008118,SI Ravi Kumar,Chargesheeted
FIR202501071,FIR/1071/2025,PS0176,Bidar,2025-01-16 19:42,2025-01-17 06:42,Assault,Grievous Hurt,"BNS 115(2), BNS 117(2)",17.770752,77.526857,P002353,P002945,P000915,SI Prakash Sharma,Under Investigation
FIR202502526,FIR/2526/2025,PS0057,Belagavi,2025-01-14 07:00,2025-01-17 08:00,Burglary,Day Burglary,"BNS 331(3), BNS 331(4)",15.695124,74.407781,P000475,P005166,P006112,PI Harish Naik,Chargesheeted
FIR202500776,FIR/0776/2025,PS0048,Belagavi,2025-01-17 02:16,2025-01-17 09:16,Fraud,Corporate Fraud,BNS 318(4),15.748703,74.490329,P004829,P005766,P005864,SI Prakash Sharma,Chargesheeted
FIR202502237,FIR/2237/2025,PS0114,Bengaluru Urban,2025-01-13 09:52,2025-01-17 14:52,NDPS,Drug Trafficking,NDPS Act Sec 20(b),12.987034,77.745906,P001007,P001702,P000589,SI Divya Hegde,Chargesheeted
FIR202500433,FIR/0433/2025,PS0062,Belagavi,2025-01-16 12:41,2025-01-17 15:41,Vehicle Theft,Car Theft,BNS 303(2),15.769829,74.489793,P001935,P001841,P002035,PI Lakshmi Devi,Under Investigation
FIR202501425,FIR/1425/2025,PS0248,Chikkaballapura,2025-01-17 09:55,2025-01-17 17:55,Burglary,Night House Breaking,"BNS 331(3), BNS 331(4)",13.250853,77.768025,P009128,P001986,"P007546, P005431",PI Naveen Patil,Under Investigation
FIR202502275,FIR/2275/2025,PS0195,Chamarajanagar,2025-01-17 14:10,2025-01-17 20:10,Robbery,Highway Robbery,BNS 309(4),11.884592,77.055762,P002492,P006089,P004752,PI Lakshmi Devi,Chargesheeted
FIR202501688,FIR/1688/2025,PS0142,Bengaluru Urban,2025-01-17 08:24,2025-01-17 20:24,Fraud,Cheating,BNS 318(4),13.110257,77.768272,P007238,P005148,P007998,PI Suresh Kulkarni,Untraced
FIR202502871,FIR/2871/2025,PS0081,Bengaluru Rural,2025-01-17 10:35,2025-01-17 20:35,Assault,Grievous Hurt,"BNS 115(2), BNS 117(2)",13.205243,77.588872,P009135,P007258,P002577,SI Mahesh Bhat,Chargesheeted
FIR202504792,FIR/4792/2025,PS0164,Bidar,2025-01-17 16:49,2025-01-17 20:49,Fraud,Land Scam,BNS 318(4),17.956782,77.473118,P007616,P003930,P007947,PI Naveen Patil,Chargesheeted
FIR202503642,FIR/3642/2025,PS0094,Bengaluru Rural,2025-01-18 03:23,2025-01-18 04:23,Theft,Pocket Pick,BNS 303(2),13.046012,77.676253,P009307,P006225,P005537,SI Divya Hegde,Chargesheeted
FIR202503965,FIR/3965/2025,PS0089,Bengaluru Rural,2025-01-16 22:25,2025-01-18 10:25,Robbery,Chain Snatching with Force,BNS 309(4),13.360012,77.623687,P003259,P008032,P006214,PI Chetan Kumar,Chargesheeted
FIR202501261,FIR/1261/2025,PS0172,Bidar,2025-01-18 00:32,2025-01-18 11:32,Assault,Grievous Hurt,"BNS 115(2), BNS 117(2)",17.947913,77.503326,P008535,P002280,P004096,PI Chetan Kumar,Chargesheeted
FIR202504003,FIR/4003/2025,PS0046,Belagavi,2025-01-18 02:04,2025-01-18 12:04,Dacoity,Armed Dacoity,BNS 310(2),15.773915,74.50176,P009610,P001974,P005178,PI Naveen Patil,Chargesheeted
FIR202501452,FIR/1452/2025,PS0155,Bidar,2025-01-17 03:53,2025-01-18 13:53,Murder,Gang Conflict,BNS 103(1),17.958678,77.316488,P007724,P007448,P008958,PI Lakshmi Devi,Chargesheeted
FIR202503082,FIR/3082/2025,PS0067,Belagavi,2025-01-16 10:57,2025-01-18 13:57,Cyber Crime,Financial Fraud,"IT Act 66D, BNS 318(4)",15.856698,74.702883,P004154,P001644,P004966,PI Naveen Patil,Untraced
FIR202500765,FIR/0765/2025,PS0076,Bengaluru Rural,2025-01-18 10:59,2025-01-18 18:59,Assault,Public Affray,"BNS 115(2), BNS 117(2)",13.318405,77.769926,P002452,P001964,P000698,PI Harish Naik,Chargesheeted
FIR202500510,FIR/0510/2025,PS0202,Chamarajanagar,2025-01-18 11:29,2025-01-18 19:29,Vehicle Theft,Car Theft,BNS 303(2),11.934026,76.854197,P001145,P004401,P000577,SI Prakash Sharma,Chargesheeted
FIR202501895,FIR/1895/2025,PS0022,Bagalkote,2025-01-18 17:23,2025-01-18 21:23,Assault,Grievous Hurt,"BNS 115(2), BNS 117(2)",16.256712,75.635778,P003047,P007547,P004512,PI Suresh Kulkarni,Chargesheeted
FIR202504408,FIR/4408/2025,PS0153,Bidar,2025-01-18 16:43,2025-01-18 21:43,Assault,Grievous Hurt,"BNS 115(2), BNS 117(2)",17.753907,77.335303,P002601,P009930,P004030,PI Suresh Kulkarni,Chargesheeted
FIR202500824,FIR/0824/2025,PS0166,Bidar,2025-01-16 21:52,2025-01-19 00:52,NDPS,Drug Trafficking,NDPS Act Sec 20(b),17.809147,77.471715,P006353,P004424,P001156,PI Chetan Kumar,Chargesheeted
FIR202503499,FIR/3499/2025,PS0161,Bidar,2025-01-18 21:12,2025-01-19 02:12,POCSO,Harassment,"POCSO Act Sec 4, BNS 64",17.973363,77.507954,P003182,P006719,P009417,PI Harish Naik,Under Investigation
FIR202503001,FIR/3001/2025,PS0155,Bidar,2025-01-15 17:21,2025-01-19 03:21,Vehicle Theft,Two-Wheeler Theft,BNS 303(2),17.95809,77.320114,P009769,P009361,P002219,SI Mahesh Bhat,Chargesheeted
FIR202501720,FIR/1720/2025,PS0124,Bengaluru Urban,2025-01-19 03:06,2025-01-19 10:06,Cyber Crime,Phishing,"IT Act 66D, BNS 318(4)",13.061254,77.682957,P009722,P003272,P002212,PI Naveen Patil,Chargesheeted
FIR202503948,FIR/3948/2025,PS0181,Bidar,2025-01-18 23:37,2025-01-19 10:37,Assault,Grievous Hurt,"BNS 115(2), BNS 117(2)",17.99589,77.418234,P007447,P003019,P006960,SI Ganesh Rao,Chargesheeted
FIR202501401,FIR/1401/2025,PS0031,Ballari,2025-01-19 07:52,2025-01-19 11:52,Murder,Dowry Homicide,BNS 103(1),14.987402,77.083181,P000849,P007451,P002493,SI Ganesh Rao,Under Investigation
FIR202503173,FIR/3173/2025,PS0154,Bidar,2025-01-19 04:42,2025-01-19 12:42,Murder,Personal Enmity,BNS 103(1),17.873485,77.425648,P000450,P004469,P009828,PI Harish Naik,Chargesheeted
FIR202501287,FIR/1287/2025,PS0097,Bengaluru Rural,2025-01-18 02:22,2025-01-19 13:22,Assault,Grievous Hurt,"BNS 115(2), BNS 117(2)",13.131144,77.466439,P000523,P009848,P009537,PI Lakshmi Devi,Under Investigation
FIR202504696,FIR/4696/2025,PS0169,Bidar,2025-01-19 06:47,2025-01-19 14:47,Assault,Simple Assault,"BNS 115(2), BNS 117(2)",17.987561,77.71849,P006648,P000827,P003595,PI Chetan Kumar,Under Investigation
FIR202502492,FIR/2492/2025,PS0198,Chamarajanagar,2025-01-16 12:15,2025-01-19 19:15,Burglary,Night House Breaking,"BNS 331(3), BNS 331(4)",11.851684,77.04482,P001284,P006367,P003845,PI Ramesh Gowda,Chargesheeted
FIR202504444,FIR/4444/2025,PS0192,Bidar,2025-01-19 12:05,2025-01-19 20:05,Dacoity,Bank Dacoity,BNS 310(2),17.98124,77.339527,P007740,P004891,"P003375, P004856",SI Divya Hegde,Under Investigation
FIR202503561,FIR/3561/2025,PS0097,Bengaluru Rural,2025-01-18 15:03,2025-01-19 21:03,POCSO,Harassment,"POCSO Act Sec 4, BNS 64",13.125261,77.472008,P002254,P007613,P009886,SI Divya Hegde,Under Investigation
FIR202501680,FIR/1680/2025,PS0163,Bidar,2025-01-19 21:49,2025-01-19 22:49,Murder,Dowry Homicide,BNS 103(1),17.937341,77.587421,P003983,P003751,P005318,SI Divya Hegde,Untraced
FIR202501784,FIR/1784/2025,PS0218,Chamarajanagar,2025-01-19 16:16,2025-01-20 01:16,NDPS,Drug Trafficking,NDPS Act Sec 20(b),11.862708,77.04232,P007251,P006951,P001028,SI Prakash Sharma,Chargesheeted
FIR202504135,FIR/4135/2025,PS0249,Chikkaballapura,2025-01-19 22:34,2025-01-20 02:34,Theft,Pocket Pick,BNS 303(2),13.469144,77.526651,P007085,P006771,P009950,SI Mahesh Bhat,Chargesheeted
FIR202501476,FIR/1476/2025,PS0023,Bagalkote,2025-01-19 22:29,2025-01-20 04:29,Fraud,Cheating,BNS 318(4),16.089734,75.796229,P000686,P000933,P000896,SI Prakash Sharma,Untraced
FIR202502067,FIR/2067/2025,PS0064,Belagavi,2025-01-20 03:07,2025-01-20 05:07,NDPS,Drug Trafficking,NDPS Act Sec 20(b),15.931918,74.313378,P009660,P009896,P005329,SI Ganesh Rao,Untraced
FIR202500037,FIR/0037/2025,PS0244,Chikkaballapura,2025-01-18 02:26,2025-01-20 07:26,Dacoity,Bank Dacoity,BNS 310(2),13.296256,77.886173,P001779,P009142,P008396,PI Ramesh Gowda,Untraced
FIR202502569,FIR/2569/2025,PS0130,Bengaluru Urban,2025-01-19 20:12,2025-01-20 08:12,Fraud,Corporate Fraud,BNS 318(4),13.128789,77.471775,P002553,P000898,P001610,SI Ganesh Rao,Chargesheeted
FIR202503331,FIR/3331/2025,PS0237,Chikkaballapura,2025-01-20 02:31,2025-01-20 10:31,Murder,Dowry Homicide,BNS 103(1),13.366395,77.634125,P003054,P009065,P007461,SI Prakash Sharma,Chargesheeted
FIR202500479,FIR/0479/2025,PS0058,Belagavi,2025-01-19 04:49,2025-01-20 10:49,Assault,Grievous Hurt,"BNS 115(2), BNS 117(2)",15.722914,74.377201,P007865,P004512,"P002671, P002808",SI Prakash Sharma,Chargesheeted
FIR202504955,FIR/4955/2025,PS0231,Chamarajanagar,2025-01-17 06:17,2025-01-20 11:17,NDPS,Drug Trafficking,NDPS Act Sec 20(b),11.970064,77.008171,P002392,P003363,P002770,SI Ganesh Rao,Under Investigation
FIR202503710,FIR/3710/2025,PS0243,Chikkaballapura,2025-01-20 08:19,2025-01-20 17:19,Assault,Grievous Hurt,"BNS 115(2), BNS 117(2)",13.41855,77.876386,P000606,P003511,P001085,SI Mahesh Bhat,Under Investigation
FIR202502138,FIR/2138/2025,PS0183,Bidar,2025-01-18 11:09,2025-01-20 18:09,NDPS,Drug Trafficking,NDPS Act Sec 20(b),17.757146,77.406419,P007707,P004931,"P008611, P001771",PI Lakshmi Devi,Chargesheeted
FIR202502413,FIR/2413/2025,PS0136,Bengaluru Urban,2025-01-19 19:44,2025-01-20 23:44,Fraud,Land Scam,BNS 318(4),12.821439,77.624437,P008438,P004250,P009143,PI Naveen Patil,Chargesheeted
FIR202503382,FIR/3382/2025,PS0063,Belagavi,2025-01-17 13:20,2025-01-21 00:20,Robbery,Chain Snatching with Force,BNS 309(4),16.006139,74.676952,P002057,P005217,P009576,SI Prakash Sharma,Chargesheeted
FIR202502682,FIR/2682/2025,PS0020,Bagalkote,2025-01-19 02:30,2025-01-21 06:30,Theft,Snatching,BNS 303(2),16.26251,75.586215,P000877,P003849,P003879,SI Mahesh Bhat,Chargesheeted
FIR202502649,FIR/2649/2025,PS0001,Bagalkote,2025-01-20 12:19,2025-01-21 18:19,POCSO,Sexual Assault on Minor,"POCSO Act Sec 4, BNS 64",16.179331,75.586903,P004603,P009825,P007288,SI Ravi Kumar,Under Investigation
FIR202500371,FIR/0371/2025,PS0020,Bagalkote,2025-01-21 12:42,2025-01-21 19:42,Vehicle Theft,Car Theft,BNS 303(2),16.249798,75.597856,P004370,P002735,P007443,SI Ganesh Rao,Chargesheeted
FIR202502417,FIR/2417/2025,PS0107,Bengaluru Rural,2025-01-21 17:59,2025-01-21 23:59,Fraud,Corporate Fraud,BNS 318(4),13.136159,77.410578,P007230,P007559,"P001395, P007168",PI Suresh Kulkarni,Under Investigation
FIR202501387,FIR/1387/2025,PS0137,Bengaluru Urban,2025-01-16 19:56,2025-01-22 00:56,Assault,Public Affray,"BNS 115(2), BNS 117(2)",12.872186,77.708177,P002325,P004186,P007639,SI Ganesh Rao,Under Investigation
FIR202502226,FIR/2226/2025,PS0194,Chamarajanagar,2025-01-21 21:00,2025-01-22 01:00,Assault,Simple Assault,"BNS 115(2), BNS 117(2)",11.793389,76.874666,P007566,P000912,P002149,SI Ravi Kumar,Under Investigation
FIR202504883,FIR/4883/2025,PS0210,Chamarajanagar,2025-01-20 19:13,2025-01-22 01:13,Dacoity,Bank Dacoity,BNS 310(2),12.000005,76.80965,P008628,P000057,P005801,PI Suresh Kulkarni,Chargesheeted
FIR202500656,FIR/0656/2025,PS0088,Bengaluru Rural,2025-01-21 01:50,2025-01-22 06:50,Cyber Crime,Phishing,"IT Act 66D, BNS 318(4)",13.028163,77.398444,P000400,P003813,P003048,SI Ravi Kumar,Chargesheeted
FIR202503376,FIR/3376/2025,PS0204,Chamarajanagar,2025-01-21 13:32,2025-01-22 14:32,Vehicle Theft,Car Theft,BNS 303(2),12.042441,77.045421,P009591,P000467,P006211,SI Ganesh Rao,Chargesheeted
FIR202500163,FIR/0163/2025,PS0118,Bengaluru Urban,2025-01-22 08:42,2025-01-22 14:42,Cyber Crime,Identity Theft,"IT Act 66D, BNS 318(4)",12.801214,77.68298,P007948,P007466,P007625,PI Harish Naik,Under Investigation
FIR202501969,FIR/1969/2025,PS0131,Bengaluru Urban,2025-01-21 09:04,2025-01-22 15:04,Cyber Crime,Financial Fraud,"IT Act 66D, BNS 318(4)",13.009612,77.634408,P003701,P003509,P007810,PI Lakshmi Devi,Under Investigation
FIR202501690,FIR/1690/2025,PS0167,Bidar,2025-01-22 13:50,2025-01-22 15:50,Assault,Public Affray,"BNS 115(2), BNS 117(2)",18.041644,77.411206,P001293,P002821,P000976,PI Suresh Kulkarni,Chargesheeted
FIR202503538,FIR/3538/2025,PS0020,Bagalkote,2025-01-22 11:51,2025-01-22 16:51,Assault,Simple Assault,"BNS 115(2), BNS 117(2)",16.263315,75.582723,P009614,P008072,P009218,PI Naveen Patil,Untraced
FIR202504320,FIR/4320/2025,PS0010,Bagalkote,2025-01-22 19:41,2025-01-23 01:41,Burglary,Night House Breaking,"BNS 331(3), BNS 331(4)",16.181478,75.81957,P007906,P000847,P009951,SI Ganesh Rao,Chargesheeted
FIR202502585,FIR/2585/2025,PS0023,Bagalkote,2025-01-18 20:21,2025-01-23 06:21,Burglary,Night House Breaking,"BNS 331(3), BNS 331(4)",16.117129,75.806382,P006530,P003482,P004528,PI Naveen Patil,Closed
FIR202500729,FIR/0729/2025,PS0115,Bengaluru Urban,2025-01-23 03:24,2025-01-23 15:24,Robbery,Highway Robbery,BNS 309(4),12.867568,77.408757,P009002,P004890,P001397,PI Harish Naik,Under Investigation
FIR202504330,FIR/4330/2025,PS0068,Belagavi,2025-01-23 04:52,2025-01-23 15:52,Robbery,Highway Robbery,BNS 309(4),16.03332,74.385223,P004307,P003929,P000520,PI Suresh Kulkarni,Under Investigation
FIR202502766,FIR/2766/2025,PS0170,Bidar,2025-01-20 14:58,2025-01-23 19:58,Dacoity,Bank Dacoity,BNS 310(2),17.896522,77.401778,P008073,P000453,P004457,PI Suresh Kulkarni,Chargesheeted
FIR202501574,FIR/1574/2025,PS0161,Bidar,2025-01-21 14:04,2025-01-23 20:04,Assault,Public Affray,"BNS 115(2), BNS 117(2)",17.983566,77.520546,P000296,P000622,P005320,SI Prakash Sharma,Chargesheeted
FIR202504510,FIR/4510/2025,PS0153,Bidar,2025-01-23 14:47,2025-01-23 22:47,Cyber Crime,Identity Theft,"IT Act 66D, BNS 318(4)",17.745059,77.342954,P005753,P001703,P006239,PI Harish Naik,Closed
FIR202504263,FIR/4263/2025,PS0194,Chamarajanagar,2025-01-23 19:49,2025-01-24 07:49,Dacoity,Bank Dacoity,BNS 310(2),11.76444,76.889002,P001496,P009506,P004298,SI Ganesh Rao,Under Investigation
FIR202502774,FIR/2774/2025,PS0170,Bidar,2025-01-24 04:04,2025-01-24 10:04,Assault,Simple Assault,"BNS 115(2), BNS 117(2)",17.908603,77.380531,P009542,P000661,P006740,SI Prakash Sharma,Closed
FIR202501358,FIR/1358/2025,PS0139,Bengaluru Urban,2025-01-23 00:21,2025-01-24 10:21,Cyber Crime,Phishing,"IT Act 66D, BNS 318(4)",12.790096,77.55088,P009753,P001132,P006703,SI Prakash Sharma,Untraced
FIR202502822,FIR/2822/2025,PS0200,Chamarajanagar,2025-01-23 02:42,2025-01-24 10:42,Cyber Crime,Financial Fraud,"IT Act 66D, BNS 318(4)",11.780126,77.010278,P001924,P008797,P008224,PI Ramesh Gowda,Chargesheeted
FIR202503115,FIR/3115/2025,PS0033,Ballari,2025-01-21 10:10,2025-01-24 15:10,Theft,Snatching,BNS 303(2),15.034839,76.815296,P002748,P009874,P008052,PI Ramesh Gowda,Under Investigation
FIR202504197,FIR/4197/2025,PS0188,Bidar,2025-01-24 05:54,2025-01-24 17:54,Cyber Crime,Phishing,"IT Act 66D, BNS 318(4)",17.95832,77.683642,P004496,P003198,P008333,SI Mahesh Bhat,Chargesheeted
FIR202500405,FIR/0405/2025,PS0089,Bengaluru Rural,2025-01-22 19:01,2025-01-24 20:01,Theft,Snatching,BNS 303(2),13.363099,77.58931,P006917,P004642,P003322,PI Ramesh Gowda,Under Investigation
FIR202500269,FIR/0269/2025,PS0198,Chamarajanagar,2025-01-25 03:15,2025-01-25 06:15,Fraud,Corporate Fraud,BNS 318(4),11.834518,77.067238,P006803,P002430,P004834,PI Lakshmi Devi,Chargesheeted
FIR202503840,FIR/3840/2025,PS0226,Chamarajanagar,2025-01-25 03:58,2025-01-25 06:58,Murder,Dowry Homicide,BNS 103(1),11.770811,77.028034,P002979,P002004,P001388,PI Chetan Kumar,Under Investigation
FIR202500770,FIR/0770/2025,PS0126,Bengaluru Urban,2025-01-25 02:55,2025-01-25 08:55,Burglary,Night House Breaking,"BNS 331(3), BNS 331(4)",12.878058,77.565298,P003919,P005156,P009299,PI Harish Naik,Closed
FIR202502054,FIR/2054/2025,PS0020,Bagalkote,2025-01-24 23:26,2025-01-25 10:26,Burglary,Day Burglary,"BNS 331(3), BNS 331(4)",16.271462,75.574569,P005732,P003531,P005383,PI Chetan Kumar,Chargesheeted
FIR202502000,FIR/2000/2025,PS0215,Chamarajanagar,2025-01-25 04:41,2025-01-25 11:41,Cyber Crime,Financial Fraud,"IT Act 66D, BNS 318(4)",11.885353,76.955918,P009394,P006565,P003395,SI Divya Hegde,Under Investigation
FIR202504861,FIR/4861/2025,PS0081,Bengaluru Rural,2025-01-24 10:08,2025-01-25 12:08,Fraud,Corporate Fraud,BNS 318(4),13.176443,77.613738,P005925,P000790,P004221,PI Ramesh Gowda,Untraced
FIR202500118,FIR/0118/2025,PS0030,Ballari,2025-01-25 04:17,2025-01-25 14:17,Robbery,Chain Snatching with Force,BNS 309(4),15.196751,76.833176,P000382,P005620,P003814,SI Divya Hegde,Untraced
FIR202501897,FIR/1897/2025,PS0094,Bengaluru Rural,2025-01-25 03:27,2025-01-25 14:27,Cyber Crime,Financial Fraud,"IT Act 66D, BNS 318(4)",13.059641,77.664957,P003138,P003911,P007236,SI Prakash Sharma,Chargesheeted
FIR202500918,FIR/0918/2025,PS0124,Bengaluru Urban,2025-01-25 13:03,2025-01-25 21:03,Murder,Dowry Homicide,BNS 103(1),13.058454,77.659617,P001055,P009596,"P003577, P004785",SI Ravi Kumar,Under Investigation
FIR202503022,FIR/3022/2025,PS0008,Bagalkote,2025-01-25 15:03,2025-01-26 01:03,Fraud,Cheating,BNS 318(4),16.262232,75.527937,P008751,P007436,P001762,SI Mahesh Bhat,Untraced
FIR202503875,FIR/3875/2025,PS0209,Chamarajanagar,2025-01-22 20:57,2025-01-26 07:57,Vehicle Theft,Car Theft,BNS 303(2),12.074333,77.014059,P004410,P001955,P008476,PI Ramesh Gowda,Under Investigation
FIR202501122,FIR/1122/2025,PS0090,Bengaluru Rural,2025-01-25 09:17,2025-01-26 10:17,Cyber Crime,Phishing,"IT Act 66D, BNS 318(4)",13.393092,77.462925,P002459,P005856,P006904,PI Lakshmi Devi,Chargesheeted
FIR202501144,FIR/1144/2025,PS0004,Bagalkote,2025-01-23 09:49,2025-01-26 13:49,Fraud,Corporate Fraud,BNS 318(4),16.028184,75.673969,P004938,P007456,P006568,SI Prakash Sharma,Chargesheeted
FIR202503888,FIR/3888/2025,PS0031,Ballari,2025-01-24 13:20,2025-01-26 14:20,Assault,Grievous Hurt,"BNS 115(2), BNS 117(2)",14.998901,77.109309,P008293,P008778,P001204,SI Divya Hegde,Under Investigation
FIR202501634,FIR/1634/2025,PS0109,Bengaluru Rural,2025-01-26 02:20,2025-01-26 14:20,Theft,Snatching,BNS 303(2),13.094806,77.606619,P007806,P008132,P005520,SI Ravi Kumar,Under Investigation
FIR202500959,FIR/0959/2025,PS0158,Bidar,2025-01-23 04:34,2025-01-26 15:34,Dacoity,Armed Dacoity,BNS 310(2),17.907145,77.502095,P005613,P000700,P008699,PI Naveen Patil,Untraced
FIR202501830,FIR/1830/2025,PS0034,Ballari,2025-01-24 17:26,2025-01-26 18:26,Assault,Simple Assault,"BNS 115(2), BNS 117(2)",15.009855,77.11029,P007796,P005986,P008645,PI Harish Naik,Chargesheeted
FIR202500402,FIR/0402/2025,PS0158,Bidar,2025-01-26 11:40,2025-01-26 18:40,Fraud,Corporate Fraud,BNS 318(4),17.906041,77.495741,P007652,P004139,P005195,PI Suresh Kulkarni,Untraced
FIR202500378,FIR/0378/2025,PS0034,Ballari,2025-01-23 18:15,2025-01-26 19:15,Cyber Crime,Identity Theft,"IT Act 66D, BNS 318(4)",14.985475,77.077959,P005173,P003239,P005198,SI Ganesh Rao,Chargesheeted
FIR202501134,FIR/1134/2025,PS0202,Chamarajanagar,2025-01-23 19:08,2025-01-26 20:08,Vehicle Theft,Car Theft,BNS 303(2),11.923197,76.86754,P001408,P002041,P001050,SI Prakash Sharma,Chargesheeted
FIR202502424,FIR/2424/2025,PS0024,Bagalkote,2025-01-26 17:57,2025-01-26 20:57,Vehicle Theft,Two-Wheeler Theft,BNS 303(2),16.393943,75.516289,P003691,P003849,P009635,PI Harish Naik,Chargesheeted
FIR202503864,FIR/3864/2025,PS0165,Bidar,2025-01-24 19:27,2025-01-26 21:27,Assault,Simple Assault,"BNS 115(2), BNS 117(2)",18.029876,77.465631,P009294,P005728,P008845,SI Mahesh Bhat,Under Investigation
FIR202500461,FIR/0461/2025,PS0181,Bidar,2025-01-26 21:19,2025-01-26 22:19,Fraud,Land Scam,BNS 318(4),17.996415,77.424737,P002202,P009052,P004332,PI Ramesh Gowda,Closed
FIR202504285,FIR/4285/2025,PS0189,Bidar,2025-01-25 17:18,2025-01-27 00:18,Robbery,Highway Robbery,BNS 309(4),17.895106,77.388599,P007053,P009731,"P004019, P002717",PI Naveen Patil,Chargesheeted
FIR202501299,FIR/1299/2025,PS0224,Chamarajanagar,2025-01-26 13:22,2025-01-27 01:22,Burglary,Day Burglary,"BNS 331(3), BNS 331(4)",11.865026,76.829857,P000182,P001923,P000432,PI Lakshmi Devi,Chargesheeted
FIR202504094,FIR/4094/2025,PS0062,Belagavi,2025-01-26 16:31,2025-01-27 04:31,POCSO,Sexual Assault on Minor,"POCSO Act Sec 4, BNS 64",15.754297,74.490669,P000191,P008933,P000222,SI Prakash Sharma,Under Investigation
FIR202500975,FIR/0975/2025,PS0051,Belagavi,2025-01-27 01:45,2025-01-27 04:45,Burglary,Night House Breaking,"BNS 331(3), BNS 331(4)",16.004847,74.536146,P006547,P008697,P005233,SI Ganesh Rao,Under Investigation
FIR202501368,FIR/1368/2025,PS0248,Chikkaballapura,2025-01-26 00:45,2025-01-27 08:45,Cyber Crime,Financial Fraud,"IT Act 66D, BNS 318(4)",13.264408,77.797744,P008751,P001029,P005085,SI Mahesh Bhat,Chargesheeted
FIR202504928,FIR/4928/2025,PS0240,Chikkaballapura,2025-01-25 06:02,2025-01-27 10:02,Cyber Crime,Identity Theft,"IT Act 66D, BNS 318(4)",13.398717,77.830875,P002550,P008093,P008681,PI Lakshmi Devi,Under Investigation
FIR202501485,FIR/1485/2025,PS0139,Bengaluru Urban,2025-01-26 10:08,2025-01-27 13:08,Vehicle Theft,Car Theft,BNS 303(2),12.791796,77.536446,P002882,P002365,P001615,PI Chetan Kumar,Chargesheeted
FIR202500665,FIR/0665/2025,PS0047,Belagavi,2025-01-26 11:42,2025-01-27 18:42,NDPS,Drug Trafficking,NDPS Act Sec 20(b),15.949251,74.546437,P002077,P009598,P002019,SI Mahesh Bhat,Under Investigation
FIR202500923,FIR/0923/2025,PS0216,Chamarajanagar,2025-01-26 14:54,2025-01-27 20:54,Dacoity,Bank Dacoity,BNS 310(2),11.748313,76.953376,P007778,P009925,P004109,PI Ramesh Gowda,Under Investigation
FIR202504450,FIR/4450/2025,PS0157,Bidar,2025-01-27 18:09,2025-01-28 00:09,Murder,Gang Conflict,BNS 103(1),17.834278,77.582225,P009164,P001844,P002537,PI Ramesh Gowda,Closed
FIR202500315,FIR/0315/2025,PS0017,Bagalkote,2025-01-24 17:13,2025-01-28 02:13,Cyber Crime,Phishing,"IT Act 66D, BNS 318(4)",16.264448,75.545762,P001739,P007150,P008529,SI Prakash Sharma,Under Investigation
FIR202501531,FIR/1531/2025,PS0175,Bidar,2025-01-28 02:02,2025-01-28 04:02,Theft,House Theft,BNS 303(2),18.00383,77.438206,P009684,P007999,P000695,SI Divya Hegde,Under Investigation
FIR202502923,FIR/2923/2025,PS0250,Chikkaballapura,2025-01-24 03:42,2025-01-28 07:42,Burglary,Night House Breaking,"BNS 331(3), BNS 331(4)",13.571441,77.796833,P002707,P006368,P000360,PI Naveen Patil,Chargesheeted
FIR202504659,FIR/4659/2025,PS0168,Bidar,2025-01-28 03:19,2025-01-28 08:19,Assault,Public Affray,"BNS 115(2), BNS 117(2)",17.698181,77.684281,P008628,P004237,P005338,SI Prakash Sharma,Chargesheeted
FIR202500732,FIR/0732/2025,PS0151,Bengaluru Urban,2025-01-28 07:49,2025-01-28 10:49,Robbery,Chain Snatching with Force,BNS 309(4),12.883606,77.477474,P000992,P001669,P000556,PI Suresh Kulkarni,Chargesheeted
FIR202500159,FIR/0159/2025,PS0013,Bagalkote,2025-01-27 00:10,2025-01-28 11:10,Theft,Snatching,BNS 303(2),16.169442,75.649527,P006032,P006898,P001156,PI Lakshmi Devi,Under Investigation
FIR202500672,FIR/0672/2025,PS0242,Chikkaballapura,2025-01-26 16:34,2025-01-28 18:34,Assault,Public Affray,"BNS 115(2), BNS 117(2)",13.305136,77.848163,P002190,P009255,P004146,PI Suresh Kulkarni,Closed
FIR202501707,FIR/1707/2025,PS0182,Bidar,2025-01-28 06:43,2025-01-28 18:43,Dacoity,Bank Dacoity,BNS 310(2),17.9043,77.674205,P008685,P003548,"P001259, P000183",SI Mahesh Bhat,Chargesheeted
FIR202502217,FIR/2217/2025,PS0103,Bengaluru Rural,2025-01-28 15:49,2025-01-28 18:49,Theft,Snatching,BNS 303(2),13.339495,77.434189,P005846,P001363,P005364,SI Ganesh Rao,Under Investigation
FIR202500773,FIR/0773/2025,PS0222,Chamarajanagar,2025-01-27 17:52,2025-01-28 18:52,Robbery,Highway Robbery,BNS 309(4),11.906458,76.762257,P006471,P001047,P003862,PI Harish Naik,Chargesheeted
FIR202504049,FIR/4049/2025,PS0024,Bagalkote,2025-01-26 13:06,2025-01-29 00:06,Assault,Grievous Hurt,"BNS 115(2), BNS 117(2)",16.373009,75.527262,P005331,P007954,P009374,PI Chetan Kumar,Under Investigation
FIR202502464,FIR/2464/2025,PS0158,Bidar,2025-01-28 20:09,2025-01-29 04:09,Assault,Public Affray,"BNS 115(2), BNS 117(2)",17.905403,77.511441,P001962,P001497,P008811,PI Suresh Kulkarni,Untraced
FIR202504221,FIR/4221/2025,PS0094,Bengaluru Rural,2025-01-27 11:16,2025-01-29 13:16,Robbery,Chain Snatching with Force,BNS 309(4),13.069956,77.700094,P008815,P007885,P003945,SI Ravi Kumar,Chargesheeted
FIR202504147,FIR/4147/2025,PS0213,Chamarajanagar,2025-01-29 08:58,2025-01-29 14:58,POCSO,Sexual Assault on Minor,"POCSO Act Sec 4, BNS 64",12.049298,76.923173,P005028,P007843,P001501,SI Divya Hegde,Chargesheeted
FIR202500788,FIR/0788/2025,PS0147,Bengaluru Urban,2025-01-25 14:26,2025-01-29 15:26,Burglary,Day Burglary,"BNS 331(3), BNS 331(4)",12.89681,77.54702,P001845,P001376,P001987,PI Lakshmi Devi,Untraced
FIR202500372,FIR/0372/2025,PS0169,Bidar,2025-01-29 14:48,2025-01-29 16:48,Burglary,Night House Breaking,"BNS 331(3), BNS 331(4)",18.022302,77.691416,P001916,P003248,P001066,PI Harish Naik,Untraced
FIR202503049,FIR/3049/2025,PS0036,Ballari,2025-01-25 12:28,2025-01-29 19:28,Murder,Dowry Homicide,BNS 103(1),15.24839,76.747934,P001078,P006530,P008865,SI Ravi Kumar,Untraced
FIR202502674,FIR/2674/2025,PS0030,Ballari,2025-01-29 11:10,2025-01-29 21:10,Dacoity,Bank Dacoity,BNS 310(2),15.212225,76.832683,P000063,P003916,P006066,PI Ramesh Gowda,Under Investigation
FIR202501416,FIR/1416/2025,PS0074,Bengaluru Rural,2025-01-29 13:06,2025-01-29 22:06,Cyber Crime,Identity Theft,"IT Act 66D, BNS 318(4)",13.1595,77.576718,P005300,P003476,P007728,PI Chetan Kumar,Under Investigation
FIR202500842,FIR/0842/2025,PS0042,Ballari,2025-01-26 19:25,2025-01-29 23:25,Dacoity,Bank Dacoity,BNS 310(2),15.059153,76.998234,P003333,P008152,P005217,SI Prakash Sharma,Chargesheeted
FIR202503503,FIR/3503/2025,PS0073,Bengaluru Rural,2025-01-26 20:38,2025-01-30 03:38,Robbery,Highway Robbery,BNS 309(4),13.326466,77.612021,P007706,P000939,P007215,PI Ramesh Gowda,Under Investigation
FIR202501562,FIR/1562/2025,PS0173,Bidar,2025-01-29 20:48,2025-01-30 05:48,Dacoity,Bank Dacoity,BNS 310(2),17.747512,77.583399,P001073,P009024,P007882,SI Ravi Kumar,Chargesheeted
FIR202501395,FIR/1395/2025,PS0216,Chamarajanagar,2025-01-30 01:45,2025-01-30 06:45,Theft,House Theft,BNS 303(2),11.760574,76.95738,P004363,P001133,P000030,SI Mahesh Bhat,Chargesheeted
FIR202504517,FIR/4517/2025,PS0220,Chamarajanagar,2025-01-30 01:40,2025-01-30 11:40,Dacoity,Bank Dacoity,BNS 310(2),11.782964,76.794832,P004639,P008432,P002996,SI Prakash Sharma,Chargesheeted
FIR202503730,FIR/3730/2025,PS0223,Chamarajanagar,2025-01-30 05:02,2025-01-30 14:02,NDPS,Drug Trafficking,NDPS Act Sec 20(b),11.860364,76.801086,P006862,P003996,P004286,SI Divya Hegde,Under Investigation
FIR202503200,FIR/3200/2025,PS0003,Bagalkote,2025-01-27 10:46,2025-01-30 14:46,POCSO,Sexual Assault on Minor,"POCSO Act Sec 4, BNS 64",16.337625,75.862205,P006017,P005054,"P002293, P007240",PI Chetan Kumar,Under Investigation
FIR202502487,FIR/2487/2025,PS0079,Bengaluru Rural,2025-01-28 08:30,2025-01-30 15:30,Murder,Personal Enmity,BNS 103(1),13.100155,77.459988,P002688,P008871,P004593,SI Divya Hegde,Chargesheeted
FIR202500585,FIR/0585/2025,PS0035,Ballari,2025-01-27 07:53,2025-01-30 17:53,NDPS,Drug Trafficking,NDPS Act Sec 20(b),15.228549,76.8409,P005537,P002188,P005932,SI Ganesh Rao,Chargesheeted
FIR202504310,FIR/4310/2025,PS0236,Chikkaballapura,2025-01-28 12:33,2025-01-30 19:33,Vehicle Theft,Two-Wheeler Theft,BNS 303(2),13.603346,77.912161,P007720,P000922,P007128,SI Ravi Kumar,Closed
FIR202500514,FIR/0514/2025,PS0156,Bidar,2025-01-30 15:38,2025-01-30 22:38,Robbery,Highway Robbery,BNS 309(4),17.994434,77.493077,P006705,P008151,P004238,PI Ramesh Gowda,Under Investigation
FIR202500264,FIR/0264/2025,PS0213,Chamarajanagar,2025-01-29 15:35,2025-01-30 23:35,Theft,House Theft,BNS 303(2),12.028759,76.936986,P009359,P007870,P003790,PI Harish Naik,Chargesheeted
FIR202504878,FIR/4878/2025,PS0226,Chamarajanagar,2025-01-30 20:21,2025-01-31 01:21,Assault,Simple Assault,"BNS 115(2), BNS 117(2)",11.762712,76.997523,P006553,P009897,P006310,SI Ravi Kumar,Under Investigation
FIR202504894,FIR/4894/2025,PS0013,Bagalkote,2025-01-30 20:44,2025-01-31 01:44,Fraud,Land Scam,BNS 318(4),16.151582,75.649371,P001793,P006963,P008886,PI Harish Naik,Chargesheeted
FIR202504170,FIR/4170/2025,PS0214,Chamarajanagar,2025-01-30 02:17,2025-01-31 05:17,NDPS,Possession of Narcotics,NDPS Act Sec 20(b),11.919778,76.835046,P009180,P006604,P000033,SI Divya Hegde,Chargesheeted
FIR202501569,FIR/1569/2025,PS0071,Bengaluru Rural,2025-01-31 00:34,2025-01-31 05:34,Burglary,Day Burglary,"BNS 331(3), BNS 331(4)",13.055082,77.483189,P003642,P008150,P006031,PI Chetan Kumar,Chargesheeted
FIR202501809,FIR/1809/2025,PS0069,Belagavi,2025-01-30 20:08,2025-01-31 07:08,Dacoity,Armed Dacoity,BNS 310(2),15.840548,74.33774,P004109,P002111,P007741,SI Ravi Kumar,Chargesheeted
FIR202502265,FIR/2265/2025,PS0177,Bidar,2025-01-31 06:44,2025-01-31 12:44,Fraud,Land Scam,BNS 318(4),18.064643,77.325245,P006835,P007185,"P008404, P007598",SI Ravi Kumar,Under Investigation
FIR202503107,FIR/3107/2025,PS0203,Chamarajanagar,2025-01-30 09:29,2025-01-31 15:29,Cyber Crime,Financial Fraud,"IT Act 66D, BNS 318(4)",11.930127,76.862177,P002803,P002025,P009006,PI Ramesh Gowda,Under Investigation
FIR202503623,FIR/3623/2025,PS0162,Bidar,2025-01-31 10:00,2025-01-31 16:00,Assault,Public Affray,"BNS 115(2), BNS 117(2)",18.001579,77.488518,P002610,P001021,P006699,PI Ramesh Gowda,Chargesheeted
FIR202503369,FIR/3369/2025,PS0084,Bengaluru Rural,2025-01-28 08:26,2025-01-31 17:26,NDPS,Drug Trafficking,NDPS Act Sec 20(b),13.1741,77.54953,P001009,P008158,P004176,PI Naveen Patil,Closed
FIR202501615,FIR/1615/2025,PS0243,Chikkaballapura,2025-01-30 09:48,2025-01-31 17:48,Robbery,Chain Snatching with Force,BNS 309(4),13.42952,77.871686,P001311,P005544,P004859,SI Divya Hegde,Chargesheeted
FIR202501612,FIR/1612/2025,PS0126,Bengaluru Urban,2025-01-31 12:54,2025-01-31 22:54,Fraud,Cheating,BNS 318(4),12.853468,77.546767,P003391,P003636,P003985,SI Ravi Kumar,Under Investigation
FIR202503760,FIR/3760/2025,PS0062,Belagavi,2025-02-01 05:29,2025-02-01 07:29,Assault,Simple Assault,"BNS 115(2), BNS 117(2)",15.753437,74.48656,P009766,P002942,P000588,SI Ravi Kumar,Chargesheeted
FIR202503397,FIR/3397/2025,PS0129,Bengaluru Urban,2025-01-30 01:58,2025-02-01 07:58,Theft,Pocket Pick,BNS 303(2),12.792408,77.769925,P003455,P003851,P002607,PI Suresh Kulkarni,Chargesheeted
FIR202501589,FIR/1589/2025,PS0138,Bengaluru Urban,2025-02-01 07:25,2025-02-01 08:25,Cyber Crime,Phishing,"IT Act 66D, BNS 318(4)",13.172769,77.461791,P003759,P000380,P008662,SI Ganesh Rao,Under Investigation
FIR202500447,FIR/0447/2025,PS0131,Bengaluru Urban,2025-01-31 09:48,2025-02-01 13:48,Cyber Crime,Identity Theft,"IT Act 66D, BNS 318(4)",12.987622,77.621307,P001431,P004350,P005459,PI Naveen Patil,Under Investigation
FIR202500684,FIR/0684/2025,PS0227,Chamarajanagar,2025-02-01 05:44,2025-02-01 14:44,Dacoity,Bank Dacoity,BNS 310(2),11.910904,76.933171,P000682,P008093,P003479,PI Harish Naik,Under Investigation
FIR202500386,FIR/0386/2025,PS0036,Ballari,2025-02-01 15:52,2025-02-01 17:52,Assault,Public Affray,"BNS 115(2), BNS 117(2)",15.270019,76.762136,P003272,P005307,P006571,PI Chetan Kumar,Under Investigation
FIR202500924,FIR/0924/2025,PS0009,Bagalkote,2025-01-29 08:36,2025-02-01 18:36,Theft,Pocket Pick,BNS 303(2),16.071718,75.755314,P004763,P004121,P003709,PI Ramesh Gowda,Under Investigation
FIR202502362,FIR/2362/2025,PS0072,Bengaluru Rural,2025-01-31 11:54,2025-02-01 19:54,NDPS,Drug Trafficking,NDPS Act Sec 20(b),13.319988,77.633421,P001871,P004996,P006485,SI Mahesh Bhat,Chargesheeted
FIR202504779,FIR/4779/2025,PS0133,Bengaluru Urban,2025-01-30 10:23,2025-02-01 22:23,Burglary,Day Burglary,"BNS 331(3), BNS 331(4)",13.030418,77.536752,P001956,P009470,P000784,SI Ravi Kumar,Untraced
FIR202503113,FIR/3113/2025,PS0140,Bengaluru Urban,2025-02-01 12:23,2025-02-01 23:23,Cyber Crime,Financial Fraud,"IT Act 66D, BNS 318(4)",13.020851,77.662544,P007094,P009734,P001821,SI Ravi Kumar,Chargesheeted
FIR202503605,FIR/3605/2025,PS0230,Chamarajanagar,2025-02-01 16:57,2025-02-02 03:57,Cyber Crime,Financial Fraud,"IT Act 66D, BNS 318(4)",11.741097,77.046263,P005411,P009230,P009891,PI Lakshmi Devi,Chargesheeted
FIR202501221,FIR/1221/2025,PS0169,Bidar,2025-02-01 19:23,2025-02-02 04:23,Theft,Pocket Pick,BNS 303(2),18.006283,77.720766,P000190,P001934,P004373,SI Divya Hegde,Chargesheeted
FIR202502658,FIR/2658/2025,PS0174,Bidar,2025-02-01 05:43,2025-02-02 06:43,Assault,Grievous Hurt,"BNS 115(2), BNS 117(2)",17.884305,77.56153,P009962,P001736,P004860,PI Harish Naik,Under Investigation
FIR202500449,FIR/0449/2025,PS0241,Chikkaballapura,2025-02-02 06:08,2025-02-02 08:08,Vehicle Theft,Two-Wheeler Theft,BNS 303(2),13.265378,77.915706,P009122,P001463,P004518,PI Lakshmi Devi,Untraced
FIR202500084,FIR/0084/2025,PS0108,Bengaluru Rural,2025-01-31 21:24,2025-02-02 09:24,NDPS,Possession of Narcotics,NDPS Act Sec 20(b),13.201871,77.469319,P008411,P006698,"P000958, P006536",PI Chetan Kumar,Untraced
FIR202502982,FIR/2982/2025,PS0208,Chamarajanagar,2025-02-02 07:38,2025-02-02 10:38,Cyber Crime,Identity Theft,"IT Act 66D, BNS 318(4)",11.822884,77.124927,P001722,P006793,P004534,PI Ramesh Gowda,Under Investigation
FIR202502629,FIR/2629/2025,PS0235,Chikkaballapura,2025-02-01 06:52,2025-02-02 10:52,Theft,House Theft,BNS 303(2),13.300971,77.556933,P009899,P004310,P001088,PI Suresh Kulkarni,Chargesheeted
FIR202502380,FIR/2380/2025,PS0121,Bengaluru Urban,2025-01-31 04:34,2025-02-02 14:34,Robbery,Highway Robbery,BNS 309(4),13.09637,77.498368,P006208,P002071,P005424,SI Ganesh Rao,Chargesheeted
FIR202502992,FIR/2992/2025,PS0102,Bengaluru Rural,2025-02-02 05:04,2025-02-02 16:04,NDPS,Possession of Narcotics,NDPS Act Sec 20(b),13.110914,77.640636,P008464,P006813,P000479,SI Ganesh Rao,Chargesheeted
FIR202500296,FIR/0296/2025,PS0034,Ballari,2025-02-01 07:19,2025-02-02 19:19,Dacoity,Armed Dacoity,BNS 310(2),15.012338,77.085932,P009958,P009373,"P009513, P008619",SI Mahesh Bhat,Under Investigation
FIR202502002,FIR/2002/2025,PS0167,Bidar,2025-02-02 13:33,2025-02-02 20:33,Dacoity,Bank Dacoity,BNS 310(2),18.034487,77.423399,P001299,P004902,P005906,PI Lakshmi Devi,Chargesheeted
FIR202501995,FIR/1995/2025,PS0195,Chamarajanagar,2025-02-02 17:37,2025-02-02 20:37,Murder,Gang Conflict,BNS 103(1),11.875295,77.062297,P001359,P001791,"P000876, P009267",SI Ganesh Rao,Chargesheeted
FIR202500165,FIR/0165/2025,PS0022,Bagalkote,2025-01-31 15:25,2025-02-02 21:25,Fraud,Corporate Fraud,BNS 318(4),16.254677,75.611683,P001578,P001310,P004563,SI Ravi Kumar,Under Investigation
FIR202503454,FIR/3454/2025,PS0069,Belagavi,2025-02-02 19:25,2025-02-02 23:25,Vehicle Theft,Car Theft,BNS 303(2),15.852771,74.362401,P001696,P007710,P006870,SI Divya Hegde,Chargesheeted
FIR202503526,FIR/3526/2025,PS0124,Bengaluru Urban,2025-02-01 22:57,2025-02-02 23:57,Assault,Public Affray,"BNS 115(2), BNS 117(2)",13.074504,77.689269,P006023,P006965,"P002465, P006435",PI Lakshmi Devi,Closed
FIR202501907,FIR/1907/2025,PS0223,Chamarajanagar,2025-02-02 15:28,2025-02-03 01:28,Theft,Pocket Pick,BNS 303(2),11.851675,76.806595,P002595,P008071,P009250,PI Naveen Patil,Chargesheeted
FIR202502939,FIR/2939/2025,PS0016,Bagalkote,2025-02-01 21:10,2025-02-03 02:10,Burglary,Night House Breaking,"BNS 331(3), BNS 331(4)",15.965837,75.649225,P007265,P004127,"P002988, P006694",PI Suresh Kulkarni,Chargesheeted
FIR202500845,FIR/0845/2025,PS0228,Chamarajanagar,2025-01-31 19:37,2025-02-03 03:37,Assault,Simple Assault,"BNS 115(2), BNS 117(2)",12.103381,77.123893,P009961,P009020,P002112,SI Divya Hegde,Under Investigation
FIR202504531,FIR/4531/2025,PS0140,Bengaluru Urban,2025-02-01 03:04,2025-02-03 04:04,NDPS,Drug Trafficking,NDPS Act Sec 20(b),13.06019,77.666794,P000748,P009556,P000956,PI Suresh Kulkarni,Chargesheeted
FIR202500256,FIR/0256/2025,PS0121,Bengaluru Urban,2025-02-03 04:35,2025-02-03 12:35,Fraud,Land Scam,BNS 318(4),13.081818,77.512918,P000563,P003435,P003471,PI Lakshmi Devi,Under Investigation
FIR202501994,FIR/1994/2025,PS0050,Belagavi,2025-02-02 14:45,2025-02-03 16:45,Burglary,Night House Breaking,"BNS 331(3), BNS 331(4)",15.720788,74.33541,P002195,P000243,P004873,SI Prakash Sharma,Chargesheeted
FIR202500234,FIR/0234/2025,PS0111,Bengaluru Urban,2025-02-03 15:49,2025-02-03 19:49,Robbery,Highway Robbery,BNS 309(4),12.770409,77.573547,P003238,P008268,P000878,PI Harish Naik,Chargesheeted
FIR202500004,FIR/0004/2025,PS0076,Bengaluru Rural,2025-02-03 12:05,2025-02-03 22:05,Assault,Public Affray,"BNS 115(2), BNS 117(2)",13.327783,77.77162,P002647,P004540,P009543,PI Chetan Kumar,Under Investigation
FIR202500968,FIR/0968/2025,PS0008,Bagalkote,2025-02-02 15:55,2025-02-03 23:55,Vehicle Theft,Car Theft,BNS 303(2),16.257205,75.511253,P001230,P002878,P007041,SI Ravi Kumar,Chargesheeted
FIR202503609,FIR/3609/2025,PS0050,Belagavi,2025-02-02 14:42,2025-02-04 00:42,Burglary,Night House Breaking,"BNS 331(3), BNS 331(4)",15.720143,74.297565,P003157,P003495,P005340,SI Prakash Sharma,Under Investigation
FIR202503498,FIR/3498/2025,PS0096,Bengaluru Rural,2025-02-03 19:30,2025-02-04 02:30,POCSO,Sexual Assault on Minor,"POCSO Act Sec 4, BNS 64",13.145796,77.451234,P008122,P004304,P004337,PI Lakshmi Devi,Chargesheeted
FIR202503282,FIR/3282/2025,PS0105,Bengaluru Rural,2025-02-03 16:41,2025-02-04 03:41,NDPS,Drug Trafficking,NDPS Act Sec 20(b),13.14462,77.631768,P002379,P004510,P004060,SI Prakash Sharma,Under Investigation
FIR202501040,FIR/1040/2025,PS0236,Chikkaballapura,2025-01-30 01:50,2025-02-04 04:50,Dacoity,Armed Dacoity,BNS 310(2),13.614778,77.922031,P006700,P003406,P002746,SI Prakash Sharma,Chargesheeted
FIR202504204,FIR/4204/2025,PS0037,Ballari,2025-02-03 17:57,2025-02-04 04:57,POCSO,Sexual Assault on Minor,"POCSO Act Sec 4, BNS 64",15.098083,77.029937,P009605,P007062,"P001983, P004010",PI Naveen Patil,Chargesheeted
FIR202503941,FIR/3941/2025,PS0195,Chamarajanagar,2025-02-04 00:25,2025-02-04 06:25,Dacoity,Bank Dacoity,BNS 310(2),11.88385,77.076857,P004304,P005440,P008056,PI Naveen Patil,Under Investigation
FIR202503791,FIR/3791/2025,PS0241,Chikkaballapura,2025-02-01 20:26,2025-02-04 08:26,Assault,Grievous Hurt,"BNS 115(2), BNS 117(2)",13.281883,77.917081,P001281,P008119,P000237,PI Harish Naik,Chargesheeted
FIR202503922,FIR/3922/2025,PS0203,Chamarajanagar,2025-02-03 01:45,2025-02-04 08:45,Cyber Crime,Identity Theft,"IT Act 66D, BNS 318(4)",11.903561,76.875879,P004665,P006448,P008491,SI Divya Hegde,Chargesheeted
FIR202503541,FIR/3541/2025,PS0113,Bengaluru Urban,2025-02-04 08:54,2025-02-04 12:54,Cyber Crime,Identity Theft,"IT Act 66D, BNS 318(4)",13.177413,77.488935,P009385,P001994,P007091,PI Harish Naik,Chargesheeted
FIR202501377,FIR/1377/2025,PS0199,Chamarajanagar,2025-02-01 10:17,2025-02-04 14:17,Murder,Gang Conflict,BNS 103(1),11.856811,77.054476,P000718,P006964,P003295,SI Ganesh Rao,Chargesheeted
FIR202502874,FIR/2874/2025,PS0250,Chikkaballapura,2025-02-04 12:40,2025-02-04 14:40,NDPS,Drug Trafficking,NDPS Act Sec 20(b),13.570417,77.792715,P009049,P007137,P008677,SI Prakash Sharma,Under Investigation
FIR202502509,FIR/2509/2025,PS0158,Bidar,2025-02-04 02:49,2025-02-04 14:49,Cyber Crime,Financial Fraud,"IT Act 66D, BNS 318(4)",17.941383,77.502053,P007411,P000667,P007090,PI Suresh Kulkarni,Under Investigation
FIR202502690,FIR/2690/2025,PS0057,Belagavi,2025-02-01 07:46,2025-02-04 17:46,Assault,Simple Assault,"BNS 115(2), BNS 117(2)",15.670509,74.408432,P001913,P000508,P008929,PI Chetan Kumar,Under Investigation
FIR202500992,FIR/0992/2025,PS0118,Bengaluru Urban,2025-02-04 16:01,2025-02-04 19:01,Theft,Pocket Pick,BNS 303(2),12.793198,77.708309,P007585,P001323,P001750,PI Suresh Kulkarni,Closed
FIR202500673,FIR/0673/2025,PS0137,Bengaluru Urban,2025-02-04 17:31,2025-02-04 20:31,Fraud,Land Scam,BNS 318(4),12.85843,77.706477,P001440,P004566,P005006,PI Ramesh Gowda,Untraced
FIR202504834,FIR/4834/2025,PS0082,Bengaluru Rural,2025-02-01 13:13,2025-02-04 21:13,Assault,Simple Assault,"BNS 115(2), BNS 117(2)",13.343974,77.419873,P005439,P007062,P003018,PI Lakshmi Devi,Under Investigation
FIR202503820,FIR/3820/2025,PS0167,Bidar,2025-02-04 18:55,2025-02-04 23:55,Assault,Grievous Hurt,"BNS 115(2), BNS 117(2)",18.057807,77.436027,P002415,P000327,P000428,PI Naveen Patil,Untraced
FIR202500552,FIR/0552/2025,PS0107,Bengaluru Rural,2025-01-31 13:30,2025-02-05 01:30,Murder,Gang Conflict,BNS 103(1),13.135618,77.401699,P003190,P002062,P005326,PI Harish Naik,Under Investigation
FIR202504862,FIR/4862/2025,PS0232,Chamarajanagar,2025-02-05 01:19,2025-02-05 08:19,Vehicle Theft,Two-Wheeler Theft,BNS 303(2),11.795277,76.889124,P007004,P000658,"P007939, P006047",PI Suresh Kulkarni,Under Investigation
FIR202503954,FIR/3954/2025,PS0239,Chikkaballapura,2025-02-05 06:16,2025-02-05 09:16,Dacoity,Bank Dacoity,BNS 310(2),13.46747,77.66676,P002609,P002023,P002647,SI Ganesh Rao,Chargesheeted
FIR202504141,FIR/4141/2025,PS0065,Belagavi,2025-02-04 02:03,2025-02-05 10:03,Cyber Crime,Phishing,"IT Act 66D, BNS 318(4)",15.770977,74.440233,P000016,P004104,P007526,PI Ramesh Gowda,Chargesheeted
FIR202501795,FIR/1795/2025,PS0034,Ballari,2025-02-05 02:12,2025-02-05 10:12,Theft,Pocket Pick,BNS 303(2),15.002097,77.087425,P006331,P007093,P004960,SI Divya Hegde,Chargesheeted
FIR202504145,FIR/4145/2025,PS0068,Belagavi,2025-02-05 08:43,2025-02-05 12:43,Dacoity,Bank Dacoity,BNS 310(2),16.034,74.375568,P009110,P004138,P005665,SI Ravi Kumar,Under Investigation
FIR202500780,FIR/0780/2025,PS0069,Belagavi,2025-02-05 09:06,2025-02-05 14:06,Burglary,Night House Breaking,"BNS 331(3), BNS 331(4)",15.826524,74.355256,P002964,P005758,P007094,PI Lakshmi Devi,Chargesheeted
FIR202504811,FIR/4811/2025,PS0167,Bidar,2025-02-05 12:19,2025-02-05 14:19,Vehicle Theft,Two-Wheeler Theft,BNS 303(2),18.028696,77.435465,P005015,P001102,P007496,PI Chetan Kumar,Chargesheeted
FIR202500691,FIR/0691/2025,PS0143,Bengaluru Urban,2025-02-04 10:21,2025-02-05 14:21,Fraud,Cheating,BNS 318(4),12.796555,77.423723,P006768,P004859,P007017,PI Harish Naik,Chargesheeted
FIR202504198,FIR/4198/2025,PS0106,Bengaluru Rural,2025-02-05 07:22,2025-02-05 16:22,Burglary,Day Burglary,"BNS 331(3), BNS 331(4)",13.273059,77.539183,P008841,P002033,P000297,SI Mahesh Bhat,Under Investigation
FIR202504212,FIR/4212/2025,PS0108,Bengaluru Rural,2025-02-04 13:55,2025-02-05 17:55,NDPS,Drug Trafficking,NDPS Act Sec 20(b),13.203796,77.463741,P003541,P001304,P002286,PI Ramesh Gowda,Chargesheeted
FIR202502331,FIR/2331/2025,PS0116,Bengaluru Urban,2025-02-05 12:13,2025-02-05 18:13,Theft,House Theft,BNS 303(2),12.989206,77.528432,P008755,P002243,P007058,PI Harish Naik,Untraced
FIR202504274,FIR/4274/2025,PS0048,Belagavi,2025-02-05 15:38,2025-02-05 20:38,NDPS,Drug Trafficking,NDPS Act Sec 20(b),15.720586,74.506536,P004604,P006110,P007553,PI Ramesh Gowda,Untraced
FIR202501224,FIR/1224/2025,PS0080,Bengaluru Rural,2025-02-04 18:59,2025-02-05 22:59,POCSO,Harassment,"POCSO Act Sec 4, BNS 64",13.387581,77.590698,P001040,P005915,P000644,PI Chetan Kumar,Chargesheeted
FIR202504312,FIR/4312/2025,PS0174,Bidar,2025-02-05 15:26,2025-02-05 23:26,Robbery,Chain Snatching with Force,BNS 309(4),17.849929,77.566305,P005659,P007248,P009432,PI Suresh Kulkarni,Chargesheeted
FIR202504791,FIR/4791/2025,PS0245,Chikkaballapura,2025-02-04 12:48,2025-02-05 23:48,Vehicle Theft,Car Theft,BNS 303(2),13.346035,77.785301,P001449,P000473,P000413,SI Divya Hegde,Chargesheeted
FIR202503681,FIR/3681/2025,PS0040,Ballari,2025-02-05 18:26,2025-02-06 00:26,Vehicle Theft,Two-Wheeler Theft,BNS 303(2),15.34196,76.833912,P009093,P007114,P001090,SI Ravi Kumar,Chargesheeted
FIR202503218,FIR/3218/2025,PS0172,Bidar,2025-02-02 15:49,2025-02-06 00:49,Assault,Grievous Hurt,"BNS 115(2), BNS 117(2)",17.971833,77.50337,P008063,P007768,P006286,PI Ramesh Gowda,Chargesheeted
FIR202500912,FIR/0912/2025,PS0145,Bengaluru Urban,2025-02-03 19:01,2025-02-06 02:01,Theft,Snatching,BNS 303(2),12.822103,77.572606,P004748,P005816,P004317,PI Ramesh Gowda,Chargesheeted
FIR202504026,FIR/4026/2025,PS0021,Bagalkote,2025-02-05 23:15,2025-02-06 11:15,POCSO,Sexual Assault on Minor,"POCSO Act Sec 4, BNS 64",15.999029,75.520338,P002124,P004761,P002285,PI Ramesh Gowda,Under Investigation
FIR202501442,FIR/1442/2025,PS0052,Belagavi,2025-02-04 12:06,2025-02-06 15:06,Fraud,Cheating,BNS 318(4),15.908885,74.302227,P004489,P001874,P009707,PI Ramesh Gowda,Chargesheeted
FIR202500444,FIR/0444/2025,PS0185,Bidar,2025-02-06 05:13,2025-02-06 17:13,Murder,Gang Conflict,BNS 103(1),17.8785,77.518953,P003319,P001515,"P005270, P003109",SI Prakash Sharma,Under Investigation
FIR202500182,FIR/0182/2025,PS0028,Ballari,2025-02-06 07:04,2025-02-06 19:04,Assault,Simple Assault,"BNS 115(2), BNS 117(2)",15.01025,76.876231,P003255,P003762,P008430,SI Ganesh Rao,Under Investigation
FIR202500079,FIR/0079/2025,PS0125,Bengaluru Urban,2025-02-06 10:04,2025-02-06 21:04,Cyber Crime,Phishing,"IT Act 66D, BNS 318(4)",12.780449,77.712594,P001380,P006616,P002018,PI Naveen Patil,Untraced
FIR202502694,FIR/2694/2025,PS0162,Bidar,2025-02-05 16:00,2025-02-06 22:00,Cyber Crime,Financial Fraud,"IT Act 66D, BNS 318(4)",18.003622,77.48014,P007279,P002991,P009544,SI Prakash Sharma,Under Investigation
FIR202501539,FIR/1539/2025,PS0100,Bengaluru Rural,2025-02-06 17:02,2025-02-06 22:02,Vehicle Theft,Two-Wheeler Theft,BNS 303(2),13.166013,77.520074,P005107,P002827,P001671,PI Harish Naik,Chargesheeted
FIR202502124,FIR/2124/2025,PS0250,Chikkaballapura,2025-02-05 16:32,2025-02-06 23:32,Vehicle Theft,Car Theft,BNS 303(2),13.54266,77.782096,P002899,P003105,P008038,SI Mahesh Bhat,Under Investigation
FIR202503584,FIR/3584/2025,PS0107,Bengaluru Rural,2025-02-03 14:08,2025-02-07 01:08,Cyber Crime,Phishing,"IT Act 66D, BNS 318(4)",13.139902,77.429832,P000092,P005181,P003515,SI Divya Hegde,Under Investigation
FIR202502046,FIR/2046/2025,PS0238,Chikkaballapura,2025-02-06 16:27,2025-02-07 01:27,Robbery,Chain Snatching with Force,BNS 309(4),13.31411,77.926107,P004895,P008382,"P008060, P006007",SI Ravi Kumar,Chargesheeted
FIR202504790,FIR/4790/2025,PS0021,Bagalkote,2025-02-05 23:59,2025-02-07 04:59,Fraud,Land Scam,BNS 318(4),15.993537,75.546076,P000304,P002353,P002087,SI Ravi Kumar,Under Investigation
FIR202504593,FIR/4593/2025,PS0246,Chikkaballapura,2025-02-06 03:57,2025-02-07 05:57,Vehicle Theft,Car Theft,BNS 303(2),13.435362,77.738273,P007346,P000202,P003910,PI Ramesh Gowda,Chargesheeted
FIR202504235,FIR/4235/2025,PS0139,Bengaluru Urban,2025-02-06 06:58,2025-02-07 07:58,Vehicle Theft,Car Theft,BNS 303(2),12.820769,77.558647,P006231,P001787,"P001798, P000410",PI Suresh Kulkarni,Chargesheeted
FIR202502884,FIR/2884/2025,PS0047,Belagavi,2025-02-04 22:40,2025-02-07 09:40,Theft,House Theft,BNS 303(2),15.95717,74.555487,P006254,P008489,P008329,PI Naveen Patil,Chargesheeted
FIR202502246,FIR/2246/2025,PS0029,Ballari,2025-02-07 03:03,2025-02-07 10:03,NDPS,Possession of Narcotics,NDPS Act Sec 20(b),14.962683,76.909834,P002409,P002308,P007509,SI Mahesh Bhat,Closed
FIR202500170,FIR/0170/2025,PS0241,Chikkaballapura,2025-02-03 22:40,2025-02-07 10:40,NDPS,Drug Trafficking,NDPS Act Sec 20(b),13.254472,77.905757,P005554,P007653,P001849,SI Divya Hegde,Chargesheeted
FIR202500504,FIR/0504/2025,PS0094,Bengaluru Rural,2025-02-06 02:01,2025-02-07 11:01,Burglary,Day Burglary,"BNS 331(3), BNS 331(4)",13.069271,77.665824,P005846,P000766,P000805,SI Mahesh Bhat,Untraced
FIR202503970,FIR/3970/2025,PS0155,Bidar,2025-02-03 10:55,2025-02-07 13:55,Murder,Personal Enmity,BNS 103(1),17.984774,77.33698,P009180,P007284,P005337,PI Suresh Kulkarni,Chargesheeted
FIR202502688,FIR/2688/2025,PS0166,Bidar,2025-02-03 13:29,2025-02-07 14:29,Murder,Dowry Homicide,BNS 103(1),17.793509,77.508237,P000232,P007657,P003722,PI Ramesh Gowda,Closed
FIR202504011,FIR/4011/2025,PS0103,Bengaluru Rural,2025-02-07 06:41,2025-02-07 14:41,NDPS,Drug Trafficking,NDPS Act Sec 20(b),13.322521,77.442858,P001034,P005224,"P005185, P005000",SI Prakash Sharma,Untraced
FIR202500288,FIR/0288/2025,PS0055,Belagavi,2025-02-05 13:32,2025-02-07 16:32,Burglary,Day Burglary,"BNS 331(3), BNS 331(4)",15.810953,74.353209,P009463,P001917,P009195,SI Ganesh Rao,Chargesheeted
FIR202503910,FIR/3910/2025,PS0167,Bidar,2025-02-02 18:04,2025-02-07 21:04,Burglary,Night House Breaking,"BNS 331(3), BNS 331(4)",18.028435,77.445443,P002530,P009051,P009079,PI Naveen Patil,Chargesheeted
FIR202502621,FIR/2621/2025,PS0089,Bengaluru Rural,2025-02-07 22:59,2025-02-08 09:59,Theft,Snatching,BNS 303(2),13.36595,77.585491,P009327,P003001,P002104,PI Lakshmi Devi,Chargesheeted
FIR202500222,FIR/0222/2025,PS0213,Chamarajanagar,2025-02-08 09:02,2025-02-08 12:02,Dacoity,Bank Dacoity,BNS 310(2),12.043507,76.933662,P001730,P006930,P001158,PI Chetan Kumar,Chargesheeted
FIR202500134,FIR/0134/2025,PS0052,Belagavi,2025-02-08 00:34,2025-02-08 12:34,Assault,Grievous Hurt,"BNS 115(2), BNS 117(2)",15.915686,74.297929,P003977,P009940,P004927,PI Lakshmi Devi,Chargesheeted
FIR202500206,FIR/0206/2025,PS0162,Bidar,2025-02-08 04:07,2025-02-08 13:07,Assault,Simple Assault,"BNS 115(2), BNS 117(2)",18.006269,77.460882,P004814,P005071,P004881,SI Divya Hegde,Chargesheeted
FIR202503455,FIR/3455/2025,PS0079,Bengaluru Rural,2025-02-07 05:38,2025-02-08 15:38,Robbery,Highway Robbery,BNS 309(4),13.087256,77.44666,P000171,P007087,P001271,PI Suresh Kulkarni,Chargesheeted
FIR202502272,FIR/2272/2025,PS0233,Chamarajanagar,2025-02-07 06:19,2025-02-08 16:19,Vehicle Theft,Two-Wheeler Theft,BNS 303(2),11.75343,76.822685,P004869,P001276,P003859,SI Mahesh Bhat,Chargesheeted
FIR202504269,FIR/4269/2025,PS0042,Ballari,2025-02-06 15:39,2025-02-08 19:39,Robbery,Highway Robbery,BNS 309(4),15.056551,77.010781,P009849,P005985,P002350,PI Harish Naik,Under Investigation
FIR202502425,FIR/2425/2025,PS0154,Bidar,2025-02-04 20:39,2025-02-08 23:39,Assault,Public Affray,"BNS 115(2), BNS 117(2)",17.897026,77.419405,P001201,P009297,P009824,PI Harish Naik,Chargesheeted
FIR202500878,FIR/0878/2025,PS0137,Bengaluru Urban,2025-02-06 17:42,2025-02-09 05:42,Fraud,Corporate Fraud,BNS 318(4),12.866113,77.726338,P007392,P008857,P003660,SI Prakash Sharma,Chargesheeted
FIR202500112,FIR/0112/2025,PS0116,Bengaluru Urban,2025-02-08 22:54,2025-02-09 05:54,Cyber Crime,Phishing,"IT Act 66D, BNS 318(4)",12.995145,77.514336,P002226,P004253,P002036,PI Suresh Kulkarni,Under Investigation
FIR202504755,FIR/4755/2025,PS0177,Bidar,2025-02-05 23:01,2025-02-09 06:01,POCSO,Harassment,"POCSO Act Sec 4, BNS 64",18.035249,77.324131,P001687,P006221,P003752,SI Ganesh Rao,Under Investigation
FIR202502857,FIR/2857/2025,PS0163,Bidar,2025-02-08 23:00,2025-02-09 11:00,NDPS,Possession of Narcotics,NDPS Act Sec 20(b),17.946263,77.576763,P002903,P007713,P005773,PI Naveen Patil,Under Investigation
FIR202503158,FIR/3158/2025,PS0035,Ballari,2025-02-06 12:27,2025-02-09 13:27,Cyber Crime,Identity Theft,"IT Act 66D, BNS 318(4)",15.225623,76.847208,P004435,P003124,P001161,PI Ramesh Gowda,Chargesheeted
FIR202504819,FIR/4819/2025,PS0043,Ballari,2025-02-09 09:39,2025-02-09 14:39,Burglary,Night House Breaking,"BNS 331(3), BNS 331(4)",14.975211,76.973949,P009169,P008846,P002783,PI Harish Naik,Chargesheeted
FIR202502852,FIR/2852/2025,PS0057,Belagavi,2025-02-09 16:46,2025-02-09 17:46,Assault,Public Affray,"BNS 115(2), BNS 117(2)",15.672695,74.42849,P006574,P007720,P008059,PI Suresh Kulkarni,Under Investigation
FIR202504959,FIR/4959/2025,PS0031,Ballari,2025-02-09 11:52,2025-02-09 17:52,Dacoity,Armed Dacoity,BNS 310(2),14.994939,77.101304,P006062,P000489,P007838,SI Ganesh Rao,Chargesheeted
FIR202501559,FIR/1559/2025,PS0170,Bidar,2025-02-09 07:17,2025-02-09 19:17,Murder,Gang Conflict,BNS 103(1),17.90514,77.387311,P001855,P000171,"P000663, P004328",SI Prakash Sharma,Chargesheeted
FIR202502097,FIR/2097/2025,PS0233,Chamarajanagar,2025-02-07 21:09,2025-02-09 22:09,NDPS,Drug Trafficking,NDPS Act Sec 20(b),11.728975,76.817525,P007994,P001213,P005599,SI Prakash Sharma,Chargesheeted
FIR202504389,FIR/4389/2025,PS0153,Bidar,2025-02-09 21:30,2025-02-09 23:30,Dacoity,Bank Dacoity,BNS 310(2),17.741931,77.354126,P006497,P000834,P003611,PI Ramesh Gowda,Chargesheeted
FIR202500096,FIR/0096/2025,PS0128,Bengaluru Urban,2025-02-09 10:17,2025-02-10 12:17,Murder,Personal Enmity,BNS 103(1),13.035073,77.573386,P005286,P001674,P004839,PI Chetan Kumar,Chargesheeted
FIR202500218,FIR/0218/2025,PS0036,Ballari,2025-02-10 05:31,2025-02-10 13:31,Murder,Gang Conflict,BNS 103(1),15.246257,76.749325,P006184,P001996,P002047,PI Ramesh Gowda,Chargesheeted
FIR202502729,FIR/2729/2025,PS0206,Chamarajanagar,2025-02-10 05:53,2025-02-10 14:53,Fraud,Corporate Fraud,BNS 318(4),11.851923,77.106524,P008717,P008653,P006327,PI Harish Naik,Chargesheeted
FIR202502654,FIR/2654/2025,PS0047,Belagavi,2025-02-10 08:59,2025-02-10 15:59,Burglary,Day Burglary,"BNS 331(3), BNS 331(4)",15.966263,74.54091,P002783,P009848,P004714,PI Suresh Kulkarni,Untraced
FIR202502983,FIR/2983/2025,PS0155,Bidar,2025-02-10 15:42,2025-02-10 20:42,Assault,Simple Assault,"BNS 115(2), BNS 117(2)",17.95696,77.329156,P005079,P001534,P009891,SI Prakash Sharma,Under Investigation
FIR202500570,FIR/0570/2025,PS0246,Chikkaballapura,2025-02-10 13:12,2025-02-10 22:12,POCSO,Harassment,"POCSO Act Sec 4, BNS 64",13.44108,77.731849,P003019,P004734,P007923,SI Mahesh Bhat,Chargesheeted
FIR202503346,FIR/3346/2025,PS0099,Bengaluru Rural,2025-02-10 14:23,2025-02-10 22:23,NDPS,Possession of Narcotics,NDPS Act Sec 20(b),13.272766,77.696721,P007636,P000240,P008477,SI Ravi Kumar,Under Investigation
FIR202503895,FIR/3895/2025,PS0134,Bengaluru Urban,2025-02-08 12:16,2025-02-10 23:16,Cyber Crime,Phishing,"IT Act 66D, BNS 318(4)",12.806184,77.631391,P004262,P001351,"P008126, P000813",SI Ganesh Rao,Chargesheeted
FIR202503825,FIR/3825/2025,PS0111,Bengaluru Urban,2025-02-09 18:44,2025-02-11 00:44,Murder,Dowry Homicide,BNS 103(1),12.770544,77.553024,P008073,P003814,P003404,SI Ravi Kumar,Under Investigation
FIR202500396,FIR/0396/2025,PS0016,Bagalkote,2025-02-07 23:24,2025-02-11 02:24,Vehicle Theft,Car Theft,BNS 303(2),15.995262,75.661114,P003265,P006589,P008692,PI Harish Naik,Chargesheeted
FIR202501608,FIR/1608/2025,PS0048,Belagavi,2025-02-09 21:19,2025-02-11 04:19,Burglary,Day Burglary,"BNS 331(3), BNS 331(4)",15.722362,74.492812,P007777,P001349,P006405,PI Lakshmi Devi,Chargesheeted
FIR202504768,FIR/4768/2025,PS0208,Chamarajanagar,2025-02-10 04:19,2025-02-11 05:19,Assault,Grievous Hurt,"BNS 115(2), BNS 117(2)",11.819608,77.151886,P007560,P007617,P001730,PI Chetan Kumar,Chargesheeted
FIR202503919,FIR/3919/2025,PS0022,Bagalkote,2025-02-10 18:08,2025-02-11 06:08,Dacoity,Bank Dacoity,BNS 310(2),16.251037,75.622554,P007019,P004717,P001661,SI Mahesh Bhat,Chargesheeted
FIR202504314,FIR/4314/2025,PS0010,Bagalkote,2025-02-11 01:48,2025-02-11 07:48,Assault,Public Affray,"BNS 115(2), BNS 117(2)",16.154392,75.823205,P000207,P009419,P006930,SI Prakash Sharma,Under Investigation
FIR202503251,FIR/3251/2025,PS0062,Belagavi,2025-02-09 04:53,2025-02-11 07:53,Fraud,Corporate Fraud,BNS 318(4),15.765217,74.509431,P005261,P007242,P005872,SI Ravi Kumar,Under Investigation
FIR202503205,FIR/3205/2025,PS0067,Belagavi,2025-02-11 05:16,2025-02-11 08:16,Dacoity,Armed Dacoity,BNS 310(2),15.881737,74.700633,P009917,P004342,P004657,SI Ravi Kumar,Under Investigation
FIR202504909,FIR/4909/2025,PS0027,Ballari,2025-02-09 05:41,2025-02-11 08:41,Theft,House Theft,BNS 303(2),15.062846,77.0714,P006530,P001346,P008976,PI Ramesh Gowda,Untraced
FIR202501645,FIR/1645/2025,PS0064,Belagavi,2025-02-11 06:30,2025-02-11 10:30,Murder,Gang Conflict,BNS 103(1),15.900362,74.326399,P001106,P000651,P007932,SI Prakash Sharma,Closed
FIR202501113,FIR/1113/2025,PS0225,Chamarajanagar,2025-02-11 05:05,2025-02-11 11:05,Dacoity,Bank Dacoity,BNS 310(2),12.034903,76.7884,P009599,P002324,P001772,SI Divya Hegde,Under Investigation
FIR202502677,FIR/2677/2025,PS0020,Bagalkote,2025-02-11 12:41,2025-02-11 13:41,POCSO,Sexual Assault on Minor,"POCSO Act Sec 4, BNS 64",16.250655,75.588519,P002851,P009842,P008993,SI Mahesh Bhat,Chargesheeted
FIR202502260,FIR/2260/2025,PS0022,Bagalkote,2025-02-11 07:46,2025-02-11 13:46,Burglary,Day Burglary,"BNS 331(3), BNS 331(4)",16.238189,75.612218,P009474,P006959,P009893,PI Ramesh Gowda,Chargesheeted
FIR202503635,FIR/3635/2025,PS0197,Chamarajanagar,2025-02-09 10:44,2025-02-11 16:44,Dacoity,Bank Dacoity,BNS 310(2),11.85185,77.052357,P004641,P001159,P000621,SI Divya Hegde,Under Investigation
FIR202504294,FIR/4294/2025,PS0168,Bidar,2025-02-11 07:55,2025-02-11 18:55,Murder,Personal Enmity,BNS 103(1),17.699195,77.679133,P003242,P008597,P008167,SI Prakash Sharma,Closed
FIR202503736,FIR/3736/2025,PS0071,Bengaluru Rural,2025-02-11 20:11,2025-02-11 23:11,Burglary,Day Burglary,"BNS 331(3), BNS 331(4)",13.044367,77.503582,P002022,P003893,P001408,SI Prakash Sharma,Chargesheeted
FIR202502586,FIR/2586/2025,PS0024,Bagalkote,2025-02-10 13:32,2025-02-12 00:32,NDPS,Drug Trafficking,NDPS Act Sec 20(b),16.388962,75.514285,P006022,P005041,P004604,SI Divya Hegde,Untraced
FIR202501596,FIR/1596/2025,PS0150,Bengaluru Urban,2025-02-12 03:08,2025-02-12 05:08,Cyber Crime,Phishing,"IT Act 66D, BNS 318(4)",13.074911,77.695951,P000816,P004050,P003610,PI Ramesh Gowda,Under Investigation
FIR202503378,FIR/3378/2025,PS0246,Chikkaballapura,2025-02-11 20:37,2025-02-12 05:37,POCSO,Sexual Assault on Minor,"POCSO Act Sec 4, BNS 64",13.468557,77.729651,P008048,P007899,P000745,SI Prakash Sharma,Under Investigation
FIR202503889,FIR/3889/2025,PS0100,Bengaluru Rural,2025-02-11 04:42,2025-02-12 07:42,Assault,Public Affray,"BNS 115(2), BNS 117(2)",13.152732,77.545183,P009560,P003102,P001380,SI Divya Hegde,Chargesheeted
FIR202500617,FIR/0617/2025,PS0051,Belagavi,2025-02-11 05:42,2025-02-12 07:42,Assault,Simple Assault,"BNS 115(2), BNS 117(2)",15.997931,74.535849,P002623,P004318,P009277,SI Mahesh Bhat,Under Investigation
FIR202503777,FIR/3777/2025,PS0191,Bidar,2025-02-11 21:49,2025-02-12 07:49,Assault,Public Affray,"BNS 115(2), BNS 117(2)",17.911185,77.370834,P009004,P008124,P009845,PI Lakshmi Devi,Chargesheeted
FIR202502627,FIR/2627/2025,PS0143,Bengaluru Urban,2025-02-10 05:02,2025-02-12 09:02,NDPS,Possession of Narcotics,NDPS Act Sec 20(b),12.77199,77.420961,P006511,P008260,P002155,PI Naveen Patil,Under Investigation
FIR202503566,FIR/3566/2025,PS0125,Bengaluru Urban,2025-02-12 02:07,2025-02-12 14:07,Vehicle Theft,Two-Wheeler Theft,BNS 303(2),12.77722,77.702239,P006435,P002039,"P007946, P004891",SI Mahesh Bhat,Chargesheeted
FIR202502149,FIR/2149/2025,PS0020,Bagalkote,2025-02-12 13:13,2025-02-12 15:13,Burglary,Night House Breaking,"BNS 331(3), BNS 331(4)",16.253334,75.602272,P008512,P000938,P009330,SI Prakash Sharma,Chargesheeted
FIR202503595,FIR/3595/2025,PS0187,Bidar,2025-02-12 03:54,2025-02-12 15:54,Theft,Snatching,BNS 303(2),17.968923,77.727841,P005651,P007990,P006253,PI Lakshmi Devi,Under Investigation
FIR202503296,FIR/3296/2025,PS0239,Chikkaballapura,2025-02-12 14:53,2025-02-12 19:53,Assault,Grievous Hurt,"BNS 115(2), BNS 117(2)",13.447974,77.666199,P004008,P005380,P000666,PI Lakshmi Devi,Chargesheeted
FIR202500905,FIR/0905/2025,PS0128,Bengaluru Urban,2025-02-12 19:16,2025-02-12 21:16,Cyber Crime,Identity Theft,"IT Act 66D, BNS 318(4)",13.013136,77.586739,P000591,P008386,P003469,PI Naveen Patil,Under Investigation
FIR202502049,FIR/2049/2025,PS0150,Bengaluru Urban,2025-02-08 19:39,2025-02-12 22:39,NDPS,Drug Trafficking,NDPS Act Sec 20(b),13.097023,77.705218,P007099,P008892,P004301,PI Ramesh Gowda,Closed
FIR202501967,FIR/1967/2025,PS0213,Chamarajanagar,2025-02-12 15:03,2025-02-13 00:03,Assault,Simple Assault,"BNS 115(2), BNS 117(2)",12.052798,76.937476,P002742,P003974,P002272,SI Prakash Sharma,Chargesheeted
FIR202503084,FIR/3084/2025,PS0150,Bengaluru Urban,2025-02-11 14:14,2025-02-13 00:14,Fraud,Corporate Fraud,BNS 318(4),13.081487,77.707761,P002789,P007905,P008410,SI Divya Hegde,Under Investigation
FIR202504587,FIR/4587/2025,PS0086,Bengaluru Rural,2025-02-10 21:18,2025-02-13 02:18,Fraud,Land Scam,BNS 318(4),13.323215,77.504779,P008399,P000124,P005011,PI Naveen Patil,Under Investigation
FIR202501454,FIR/1454/2025,PS0164,Bidar,2025-02-11 19:15,2025-02-13 03:15,Murder,Gang Conflict,BNS 103(1),17.94445,77.448179,P005945,P009492,P004999,PI Lakshmi Devi,Chargesheeted
FIR202500856,FIR/0856/2025,PS0035,Ballari,2025-02-08 16:42,2025-02-13 03:42,Cyber Crime,Financial Fraud,"IT Act 66D, BNS 318(4)",15.223815,76.856608,P003823,P007792,P006433,PI Naveen Patil,Under Investigation
FIR202502121,FIR/2121/2025,PS0238,Chikkaballapura,2025-02-10 23:40,2025-02-13 04:40,Fraud,Cheating,BNS 318(4),13.335795,77.927432,P006889,P002671,P004959,SI Ganesh Rao,Under Investigation
FIR202501187,FIR/1187/2025,PS0111,Bengaluru Urban,2025-02-12 22:49,2025-02-13 04:49,Cyber Crime,Identity Theft,"IT Act 66D, BNS 318(4)",12.789668,77.538906,P001235,P008341,P008543,SI Mahesh Bhat,Untraced
FIR202503923,FIR/3923/2025,PS0161,Bidar,2025-02-12 20:30,2025-02-13 08:30,Assault,Public Affray,"BNS 115(2), BNS 117(2)",18.001065,77.497206,P003487,P004600,P004651,SI Prakash Sharma,Chargesheeted
FIR202501922,FIR/1922/2025,PS0002,Bagalkote,2025-02-13 04:05,2025-02-13 10:05,Dacoity,Armed Dacoity,BNS 310(2),16.123457,75.492054,P004284,P004329,P005014,SI Mahesh Bhat,Chargesheeted
FIR202500374,FIR/0374/2025,PS0133,Bengaluru Urban,2025-02-13 10:29,2025-02-13 11:29,Assault,Grievous Hurt,"BNS 115(2), BNS 117(2)",13.019687,77.547086,P002593,P000757,P008248,SI Ravi Kumar,Chargesheeted
FIR202502999,FIR/2999/2025,PS0229,Chamarajanagar,2025-02-13 07:38,2025-02-13 14:38,POCSO,Harassment,"POCSO Act Sec 4, BNS 64",12.054316,77.002629,P003172,P008104,P009340,SI Divya Hegde,Chargesheeted
FIR202501661,FIR/1661/2025,PS0223,Chamarajanagar,2025-02-12 10:40,2025-02-13 14:40,Vehicle Theft,Car Theft,BNS 303(2),11.876138,76.810389,P000908,P001848,P007189,PI Ramesh Gowda,Chargesheeted
FIR202501650,FIR/1650/2025,PS0181,Bidar,2025-02-10 13:50,2025-02-13 18:50,Dacoity,Armed Dacoity,BNS 310(2),18.027892,77.406801,P007955,P006047,P007234,SI Ravi Kumar,Under Investigation
FIR202500250,FIR/0250/2025,PS0035,Ballari,2025-02-12 18:32,2025-02-13 19:32,Cyber Crime,Phishing,"IT Act 66D, BNS 318(4)",15.218332,76.862331,P005372,P002814,P005679,PI Harish Naik,Under Investigation
FIR202501418,FIR/1418/2025,PS0057,Belagavi,2025-02-13 09:29,2025-02-13 20:29,NDPS,Drug Trafficking,NDPS Act Sec 20(b),15.695649,74.429252,P005007,P005666,"P004339, P008164",SI Mahesh Bhat,Under Investigation
FIR202501993,FIR/1993/2025,PS0032,Ballari,2025-02-13 02:55,2025-02-14 09:55,Assault,Simple Assault,"BNS 115(2), BNS 117(2)",15.17694,76.877156,P004839,P006159,P001695,SI Ganesh Rao,Untraced
FIR202503505,FIR/3505/2025,PS0027,Ballari,2025-02-09 03:56,2025-02-14 10:56,Dacoity,Armed Dacoity,BNS 310(2),15.049314,77.093609,P002673,P003408,P008831,SI Prakash Sharma,Chargesheeted
FIR202502805,FIR/2805/2025,PS0124,Bengaluru Urban,2025-02-13 03:56,2025-02-14 10:56,Vehicle Theft,Two-Wheeler Theft,BNS 303(2),13.073584,77.66752,P001771,P000050,P003655,SI Ravi Kumar,Untraced
FIR202501557,FIR/1557/2025,PS0036,Ballari,2025-02-13 07:41,2025-02-14 11:41,Assault,Public Affray,"BNS 115(2), BNS 117(2)",15.237796,76.757193,P001534,P003517,P006338,PI Lakshmi Devi,Under Investigation
FIR202500437,FIR/0437/2025,PS0248,Chikkaballapura,2025-02-11 03:05,2025-02-14 14:05,Vehicle Theft,Car Theft,BNS 303(2),13.251622,77.767236,P008648,P007910,P001765,PI Harish Naik,Under Investigation
FIR202500334,FIR/0334/2025,PS0107,Bengaluru Rural,2025-02-13 05:25,2025-02-14 15:25,Robbery,Chain Snatching with Force,BNS 309(4),13.114903,77.416974,P000337,P006712,"P008795, P005702",PI Harish Naik,Under Investigation
FIR202502894,FIR/2894/2025,PS0014,Bagalkote,2025-02-14 10:16,2025-02-14 19:16,Dacoity,Bank Dacoity,BNS 310(2),16.307785,75.832101,P005128,P008795,P000073,PI Suresh Kulkarni,Untraced
FIR202502777,FIR/2777/2025,PS0181,Bidar,2025-02-14 15:57,2025-02-14 19:57,POCSO,Sexual Assault on Minor,"POCSO Act Sec 4, BNS 64",18.025239,77.416037,P008972,P003581,P004049,PI Chetan Kumar,Chargesheeted
FIR202503349,FIR/3349/2025,PS0133,Bengaluru Urban,2025-02-14 13:13,2025-02-14 22:13,Robbery,Chain Snatching with Force,BNS 309(4),12.997711,77.532995,P008781,P000325,P007199,SI Ganesh Rao,Under Investigation
FIR202504431,FIR/4431/2025,PS0116,Bengaluru Urban,2025-02-11 21:41,2025-02-14 22:41,Fraud,Corporate Fraud,BNS 318(4),13.003521,77.516889,P000292,P001690,P006006,SI Divya Hegde,Under Investigation
FIR202502645,FIR/2645/2025,PS0249,Chikkaballapura,2025-02-14 20:27,2025-02-15 01:27,Fraud,Cheating,BNS 318(4),13.475458,77.525699,P008532,P008269,P001638,SI Divya Hegde,Chargesheeted
FIR202503902,FIR/3902/2025,PS0204,Chamarajanagar,2025-02-15 03:13,2025-02-15 11:13,Dacoity,Armed Dacoity,BNS 310(2),12.053514,77.080565,P005606,P003788,P003902,PI Naveen Patil,Under Investigation
FIR202504866,FIR/4866/2025,PS0008,Bagalkote,2025-02-14 14:32,2025-02-15 18:32,Vehicle Theft,Two-Wheeler Theft,BNS 303(2),16.265482,75.53244,P000540,P009743,P000677,SI Divya Hegde,Under Investigation
FIR202503041,FIR/3041/2025,PS0040,Ballari,2025-02-15 15:24,2025-02-15 23:24,Theft,House Theft,BNS 303(2),15.315644,76.808199,P000511,P002553,P005006,PI Lakshmi Devi,Chargesheeted
FIR202500439,FIR/0439/2025,PS0024,Bagalkote,2025-02-13 18:21,2025-02-16 00:21,Dacoity,Armed Dacoity,BNS 310(2),16.390927,75.519815,P006533,P001528,P008888,PI Lakshmi Devi,Untraced
FIR202501604,FIR/1604/2025,PS0090,Bengaluru Rural,2025-02-14 21:16,2025-02-16 09:16,Assault,Simple Assault,"BNS 115(2), BNS 117(2)",13.40321,77.480636,P009884,P007763,"P006878, P007009",PI Ramesh Gowda,Untraced
FIR202500431,FIR/0431/2025,PS0060,Belagavi,2025-02-16 01:35,2025-02-16 09:35,POCSO,Harassment,"POCSO Act Sec 4, BNS 64",16.021759,74.512863,P004471,P000147,P002125,SI Divya Hegde,Chargesheeted
FIR202503248,FIR/3248/2025,PS0009,Bagalkote,2025-02-15 07:04,2025-02-16 14:04,Theft,Snatching,BNS 303(2),16.089624,75.753599,P005791,P009832,P009434,PI Harish Naik,Chargesheeted
FIR202504458,FIR/4458/2025,PS0036,Ballari,2025-02-16 19:21,2025-02-16 20:21,Assault,Grievous Hurt,"BNS 115(2), BNS 117(2)",15.250442,76.761205,P003815,P002079,P002189,PI Harish Naik,Under Investigation
FIR202501865,FIR/1865/2025,PS0004,Bagalkote,2025-02-13 14:37,2025-02-17 00:37,Fraud,Corporate Fraud,BNS 318(4),16.036688,75.702494,P006600,P008333,P002677,SI Mahesh Bhat,Chargesheeted
FIR202500771,FIR/0771/2025,PS0095,Bengaluru Rural,2025-02-14 22:23,2025-02-17 01:23,Dacoity,Armed Dacoity,BNS 310(2),13.109468,77.399195,P006762,P002795,P004144,SI Divya Hegde,Chargesheeted
FIR202503570,FIR/3570/2025,PS0029,Ballari,2025-02-15 21:35,2025-02-17 01:35,NDPS,Possession of Narcotics,NDPS Act Sec 20(b),14.971781,76.876808,P007348,P005685,P004322,PI Suresh Kulkarni,Under Investigation
FIR202504421,FIR/4421/2025,PS0086,Bengaluru Rural,2025-02-13 15:22,2025-02-17 02:22,POCSO,Sexual Assault on Minor,"POCSO Act Sec 4, BNS 64",13.311479,77.487962,P001455,P009616,"P007862, P005843",PI Suresh Kulkarni,Untraced
FIR202504527,FIR/4527/2025,PS0173,Bidar,2025-02-13 18:40,2025-02-17 04:40,Vehicle Theft,Two-Wheeler Theft,BNS 303(2),17.743271,77.583673,P001212,P009007,P005608,SI Divya Hegde,Under Investigation
FIR202500767,FIR/0767/2025,PS0129,Bengaluru Urban,2025-02-15 02:16,2025-02-17 05:16,Vehicle Theft,Two-Wheeler Theft,BNS 303(2),12.790455,77.784805,P006984,P004285,P002337,PI Harish Naik,Chargesheeted
FIR202500058,FIR/0058/2025,PS0016,Bagalkote,2025-02-17 02:34,2025-02-17 07:34,Theft,Pocket Pick,BNS 303(2),16.000783,75.63772,P004400,P009062,P001364,PI Naveen Patil,Untraced
FIR202502795,FIR/2795/2025,PS0119,Bengaluru Urban,2025-02-17 02:42,2025-02-17 07:42,NDPS,Possession of Narcotics,NDPS Act Sec 20(b),12.806774,77.769016,P002532,P004393,P004997,PI Chetan Kumar,Under Investigation
FIR202502443,FIR/2443/2025,PS0032,Ballari,2025-02-12 00:48,2025-02-17 10:48,Vehicle Theft,Car Theft,BNS 303(2),15.178157,76.877398,P001029,P001437,P004516,PI Harish Naik,Under Investigation
FIR202500021,FIR/0021/2025,PS0082,Bengaluru Rural,2025-02-15 09:56,2025-02-17 10:56,Cyber Crime,Financial Fraud,"IT Act 66D, BNS 318(4)",13.348089,77.422345,P007112,P003664,P009855,SI Mahesh Bhat,Chargesheeted
FIR202502849,FIR/2849/2025,PS0075,Bengaluru Rural,2025-02-15 07:55,2025-02-17 12:55,Assault,Grievous Hurt,"BNS 115(2), BNS 117(2)",13.186839,77.52665,P001331,P006832,P009272,SI Divya Hegde,Under Investigation
FIR202502017,FIR/2017/2025,PS0175,Bidar,2025-02-17 03:42,2025-02-17 13:42,Assault,Public Affray,"BNS 115(2), BNS 117(2)",18.014005,77.432884,P008861,P009912,P009143,SI Prakash Sharma,Chargesheeted
FIR202501725,FIR/1725/2025,PS0182,Bidar,2025-02-17 07:02,2025-02-17 15:02,Dacoity,Bank Dacoity,BNS 310(2),17.906957,77.670791,P004594,P001391,P009030,PI Naveen Patil,Under Investigation
FIR202500897,FIR/0897/2025,PS0181,Bidar,2025-02-17 06:41,2025-02-17 16:41,Cyber Crime,Identity Theft,"IT Act 66D, BNS 318(4)",18.003313,77.405253,P006778,P003531,P008258,SI Mahesh Bhat,Chargesheeted
FIR202500915,FIR/0915/2025,PS0098,Bengaluru Rural,2025-02-17 11:49,2025-02-17 18:49,Fraud,Land Scam,BNS 318(4),13.279272,77.72627,P005647,P007117,P008325,SI Divya Hegde,Chargesheeted
FIR202503138,FIR/3138/2025,PS0107,Bengaluru Rural,2025-02-16 11:00,2025-02-17 21:00,Theft,Snatching,BNS 303(2),13.127579,77.416956,P002177,P004372,P000577,PI Harish Naik,Under Investigation
FIR202503943,FIR/3943/2025,PS0141,Bengaluru Urban,2025-02-16 15:32,2025-02-17 23:32,Vehicle Theft,Two-Wheeler Theft,BNS 303(2),12.857664,77.416462,P001322,P001284,P007181,PI Chetan Kumar,Chargesheeted
FIR202500799,FIR/0799/2025,PS0179,Bidar,2025-02-17 13:34,2025-02-18 00:34,Murder,Dowry Homicide,BNS 103(1),18.097817,77.391044,P003489,P000908,P007499,SI Divya Hegde,Chargesheeted
FIR202504277,FIR/4277/2025,PS0144,Bengaluru Urban,2025-02-17 23:29,2025-02-18 03:29,Dacoity,Armed Dacoity,BNS 310(2),12.82436,77.577621,P004656,P000787,P007309,SI Mahesh Bhat,Chargesheeted
FIR202503558,FIR/3558/2025,PS0250,Chikkaballapura,2025-02-16 20:55,2025-02-18 06:55,Vehicle Theft,Two-Wheeler Theft,BNS 303(2),13.541477,77.80656,P001091,P005883,P001615,PI Ramesh Gowda,Closed
FIR202504368,FIR/4368/2025,PS0139,Bengaluru Urban,2025-02-17 03:29,2025-02-18 08:29,Vehicle Theft,Car Theft,BNS 303(2),12.810678,77.53619,P005845,P002051,P004211,SI Ravi Kumar,Under Investigation
FIR202500460,FIR/0460/2025,PS0152,Bengaluru Urban,2025-02-18 06:25,2025-02-18 10:25,Burglary,Day Burglary,"BNS 331(3), BNS 331(4)",13.010966,77.408294,P003299,P003931,P006942,PI Lakshmi Devi,Chargesheeted
FIR202501932,FIR/1932/2025,PS0220,Chamarajanagar,2025-02-15 08:06,2025-02-18 11:06,Robbery,Chain Snatching with Force,BNS 309(4),11.799754,76.780369,P003347,P009990,P002905,SI Ravi Kumar,Chargesheeted
FIR202500809,FIR/0809/2025,PS0057,Belagavi,2025-02-13 02:56,2025-02-18 11:56,Theft,House Theft,BNS 303(2),15.681632,74.41955,P001409,P000249,P000915,SI Ravi Kumar,Chargesheeted
FIR202502948,FIR/2948/2025,PS0222,Chamarajanagar,2025-02-18 05:42,2025-02-18 13:42,Dacoity,Bank Dacoity,BNS 310(2),11.922778,76.772598,P007882,P007723,P008425,SI Ganesh Rao,Chargesheeted
FIR202501947,FIR/1947/2025,PS0072,Bengaluru Rural,2025-02-17 06:42,2025-02-18 14:42,Dacoity,Bank Dacoity,BNS 310(2),13.315389,77.623638,P003731,P009273,"P001928, P000940",PI Harish Naik,Chargesheeted
FIR202503175,FIR/3175/2025,PS0050,Belagavi,2025-02-15 08:49,2025-02-18 19:49,Assault,Simple Assault,"BNS 115(2), BNS 117(2)",15.700015,74.335546,P005403,P008214,"P001446, P004530",SI Divya Hegde,Chargesheeted
FIR202503832,FIR/3832/2025,PS0068,Belagavi,2025-02-18 21:23,2025-02-18 23:23,Burglary,Day Burglary,"BNS 331(3), BNS 331(4)",16.036654,74.370989,P004012,P003427,P000686,SI Ganesh Rao,Chargesheeted
FIR202501155,FIR/1155/2025,PS0006,Bagalkote,2025-02-18 19:49,2025-02-19 00:49,Dacoity,Armed Dacoity,BNS 310(2),16.368429,75.762356,P004005,P007585,P004708,PI Lakshmi Devi,Closed
FIR202501088,FIR/1088/2025,PS0165,Bidar,2025-02-18 04:50,2025-02-19 07:50,Dacoity,Armed Dacoity,BNS 310(2),18.031168,77.448901,P005574,P000365,P003538,PI Ramesh Gowda,Chargesheeted
FIR202503957,FIR/3957/2025,PS0184,Bidar,2025-02-19 04:14,2025-02-19 12:14,Robbery,Highway Robbery,BNS 309(4),17.88928,77.620478,P002167,P005503,P007074,PI Harish Naik,Chargesheeted
FIR202501389,FIR/1389/2025,PS0011,Bagalkote,2025-02-18 10:00,2025-02-19 13:00,Fraud,Corporate Fraud,BNS 318(4),16.138152,75.652223,P006178,P004005,P000464,PI Harish Naik,Chargesheeted
FIR202504132,FIR/4132/2025,PS0062,Belagavi,2025-02-18 10:27,2025-02-19 13:27,Burglary,Night House Breaking,"BNS 331(3), BNS 331(4)",15.751128,74.503721,P007358,P007005,P001675,SI Divya Hegde,Under Investigation
FIR202501379,FIR/1379/2025,PS0141,Bengaluru Urban,2025-02-19 04:04,2025-02-19 15:04,Vehicle Theft,Two-Wheeler Theft,BNS 303(2),12.87946,77.40065,P004891,P005048,P006744,PI Harish Naik,Chargesheeted
FIR202504997,FIR/4997/2025,PS0113,Bengaluru Urban,2025-02-19 05:35,2025-02-19 16:35,NDPS,Drug Trafficking,NDPS Act Sec 20(b),13.177243,77.488978,P006499,P005973,P002074,SI Prakash Sharma,Chargesheeted
FIR202501804,FIR/1804/2025,PS0210,Chamarajanagar,2025-02-18 16:41,2025-02-19 17:41,Fraud,Cheating,BNS 318(4),12.002866,76.789827,P001828,P007631,"P003808, P003251",PI Chetan Kumar,Chargesheeted
FIR202502878,FIR/2878/2025,PS0145,Bengaluru Urban,2025-02-19 12:45,2025-02-19 18:45,Murder,Gang Conflict,BNS 103(1),12.822132,77.602575,P001355,P002645,P002261,PI Suresh Kulkarni,Untraced
FIR202500074,FIR/0074/2025,PS0190,Bidar,2025-02-16 09:26,2025-02-19 19:26,Assault,Grievous Hurt,"BNS 115(2), BNS 117(2)",17.736288,77.575691,P004921,P009764,P002499,SI Divya Hegde,Under Investigation
FIR202502156,FIR/2156/2025,PS0244,Chikkaballapura,2025-02-18 16:26,2025-02-19 22:26,Vehicle Theft,Car Theft,BNS 303(2),13.318642,77.89002,P005094,P000958,P008910,PI Suresh Kulkarni,Chargesheeted
FIR202504109,FIR/4109/2025,PS0207,Chamarajanagar,2025-02-19 22:21,2025-02-20 06:21,Dacoity,Bank Dacoity,BNS 310(2),12.074736,77.098261,P006946,P001771,P002392,PI Chetan Kumar,Chargesheeted
FIR202500333,FIR/0333/2025,PS0186,Bidar,2025-02-19 20:30,2025-02-20 07:30,Theft,House Theft,BNS 303(2),17.728395,77.487143,P009294,P005956,"P006321, P006160",PI Harish Naik,Chargesheeted
FIR202504504,FIR/4504/2025,PS0090,Bengaluru Rural,2025-02-17 22:21,2025-02-20 08:21,Murder,Dowry Homicide,BNS 103(1),13.415879,77.486403,P008097,P009706,P004666,PI Naveen Patil,Under Investigation
FIR202500772,FIR/0772/2025,PS0210,Chamarajanagar,2025-02-18 10:36,2025-02-20 13:36,Cyber Crime,Phishing,"IT Act 66D, BNS 318(4)",12.000237,76.781,P001480,P000069,"P003156, P006938",SI Ganesh Rao,Chargesheeted
FIR202504246,FIR/4246/2025,PS0120,Bengaluru Urban,2025-02-20 06:27,2025-02-20 14:27,Cyber Crime,Phishing,"IT Act 66D, BNS 318(4)",13.135776,77.399889,P001348,P004457,P008316,PI Ramesh Gowda,Untraced
FIR202502114,FIR/2114/2025,PS0208,Chamarajanagar,2025-02-20 19:39,2025-02-20 23:39,Cyber Crime,Phishing,"IT Act 66D, BNS 318(4)",11.828976,77.147812,P002906,P004685,P000824,PI Chetan Kumar,Chargesheeted
FIR202500285,FIR/0285/2025,PS0013,Bagalkote,2025-02-15 21:38,2025-02-21 00:38,POCSO,Harassment,"POCSO Act Sec 4, BNS 64",16.16532,75.672556,P009988,P002105,P004487,PI Suresh Kulkarni,Under Investigation
FIR202503767,FIR/3767/2025,PS0226,Chamarajanagar,2025-02-20 13:44,2025-02-21 00:44,Murder,Personal Enmity,BNS 103(1),11.751535,77.01056,P004623,P009790,P000465,PI Suresh Kulkarni,Untraced
FIR202502055,FIR/2055/2025,PS0079,Bengaluru Rural,2025-02-20 00:18,2025-02-21 01:18,Murder,Dowry Homicide,BNS 103(1),13.082746,77.452033,P005349,P001049,P005785,SI Prakash Sharma,Chargesheeted
FIR202501869,FIR/1869/2025,PS0189,Bidar,2025-02-20 18:57,2025-02-21 03:57,Dacoity,Armed Dacoity,BNS 310(2),17.889041,77.380182,P003331,P000737,P001620,PI Naveen Patil,Chargesheeted
FIR202503852,FIR/3852/2025,PS0001,Bagalkote,2025-02-21 04:23,2025-02-21 08:23,Vehicle Theft,Car Theft,BNS 303(2),16.191506,75.593503,P009230,P007210,P007484,SI Ravi Kumar,Under Investigation
FIR202503025,FIR/3025/2025,PS0231,Chamarajanagar,2025-02-21 01:04,2025-02-21 09:04,NDPS,Drug Trafficking,NDPS Act Sec 20(b),11.964615,77.024684,P002549,P006216,P008025,PI Ramesh Gowda,Closed
FIR202501319,FIR/1319/2025,PS0083,Bengaluru Rural,2025-02-21 05:23,2025-02-21 12:23,POCSO,Harassment,"POCSO Act Sec 4, BNS 64",13.256709,77.583761,P001538,P007889,P005308,PI Suresh Kulkarni,Under Investigation
FIR202500736,FIR/0736/2025,PS0077,Bengaluru Rural,2025-02-20 13:06,2025-02-21 19:06,POCSO,Sexual Assault on Minor,"POCSO Act Sec 4, BNS 64",13.349292,77.606971,P008606,P007217,P007432,SI Ravi Kumar,Under Investigation
FIR202504329,FIR/4329/2025,PS0219,Chamarajanagar,2025-02-20 12:17,2025-02-21 21:17,Cyber Crime,Phishing,"IT Act 66D, BNS 318(4)",11.867377,76.889502,P000546,P007181,P006070,PI Ramesh Gowda,Chargesheeted
FIR202502239,FIR/2239/2025,PS0039,Ballari,2025-02-21 14:23,2025-02-21 22:23,Assault,Public Affray,"BNS 115(2), BNS 117(2)",15.321498,76.933541,P007912,P000855,P003800,PI Chetan Kumar,Untraced
FIR202504764,FIR/4764/2025,PS0136,Bengaluru Urban,2025-02-21 22:50,2025-02-22 03:50,Fraud,Corporate Fraud,BNS 318(4),12.831344,77.604677,P001400,P009500,P003964,SI Prakash Sharma,Chargesheeted
FIR202502604,FIR/2604/2025,PS0033,Ballari,2025-02-19 22:01,2025-02-22 07:01,Robbery,Chain Snatching with Force,BNS 309(4),15.023686,76.809094,P002218,P003126,P007042,SI Mahesh Bhat,Under Investigation
FIR202502238,FIR/2238/2025,PS0085,Bengaluru Rural,2025-02-22 02:18,2025-02-22 07:18,Assault,Grievous Hurt,"BNS 115(2), BNS 117(2)",13.1168,77.413764,P001291,P002168,"P002974, P001075",SI Divya Hegde,Chargesheeted
FIR202503330,FIR/3330/2025,PS0168,Bidar,2025-02-22 05:04,2025-02-22 08:04,Murder,Personal Enmity,BNS 103(1),17.717217,77.661312,P004802,P006173,P009470,PI Ramesh Gowda,Under Investigation
FIR202502918,FIR/2918/2025,PS0207,Chamarajanagar,2025-02-19 00:17,2025-02-22 08:17,POCSO,Sexual Assault on Minor,"POCSO Act Sec 4, BNS 64",12.086173,77.114022,P007072,P007889,P003732,SI Ganesh Rao,Under Investigation
FIR202503850,FIR/3850/2025,PS0079,Bengaluru Rural,2025-02-22 04:41,2025-02-22 09:41,Vehicle Theft,Car Theft,BNS 303(2),13.082113,77.452742,P008496,P005577,P002545,PI Naveen Patil,Under Investigation
FIR202501434,FIR/1434/2025,PS0071,Bengaluru Rural,2025-02-22 04:37,2025-02-22 11:37,Burglary,Night House Breaking,"BNS 331(3), BNS 331(4)",13.041615,77.514478,P001107,P005067,P007791,SI Mahesh Bhat,Under Investigation
FIR202501955,FIR/1955/2025,PS0217,Chamarajanagar,2025-02-20 10:20,2025-02-22 12:20,NDPS,Possession of Narcotics,NDPS Act Sec 20(b),11.736182,76.898836,P004762,P009895,P008203,PI Chetan Kumar,Chargesheeted
FIR202504398,FIR/4398/2025,PS0224,Chamarajanagar,2025-02-22 07:02,2025-02-22 13:02,POCSO,Harassment,"POCSO Act Sec 4, BNS 64",11.879515,76.834084,P004720,P008847,P007322,PI Lakshmi Devi,Chargesheeted
FIR202501436,FIR/1436/2025,PS0158,Bidar,2025-02-20 07:16,2025-02-22 13:16,Dacoity,Bank Dacoity,BNS 310(2),17.909164,77.512137,P006678,P006083,P009741,SI Ganesh Rao,Untraced
FIR202502063,FIR/2063/2025,PS0199,Chamarajanagar,2025-02-22 11:47,2025-02-22 14:47,Theft,Pocket Pick,BNS 303(2),11.859586,77.062621,P002861,P001076,P000645,SI Mahesh Bhat,Chargesheeted
FIR202501944,FIR/1944/2025,PS0156,Bidar,2025-02-22 05:39,2025-02-22 16:39,Vehicle Theft,Car Theft,BNS 303(2),18.012441,77.506931,P008594,P007562,P001156,PI Suresh Kulkarni,Chargesheeted
FIR202502193,FIR/2193/2025,PS0007,Bagalkote,2025-02-22 22:54,2025-02-23 00:54,Fraud,Land Scam,BNS 318(4),16.058472,75.636546,P004893,P004153,P004743,PI Lakshmi Devi,Under Investigation
FIR202502001,FIR/2001/2025,PS0241,Chikkaballapura,2025-02-20 16:14,2025-02-23 02:14,Robbery,Chain Snatching with Force,BNS 309(4),13.26401,77.909774,P003324,P007882,P000198,SI Mahesh Bhat,Closed
FIR202501533,FIR/1533/2025,PS0112,Bengaluru Urban,2025-02-22 15:39,2025-02-23 03:39,Fraud,Corporate Fraud,BNS 318(4),13.100021,77.612204,P009497,P009913,P005980,SI Ravi Kumar,Untraced
FIR202500663,FIR/0663/2025,PS0094,Bengaluru Rural,2025-02-23 04:05,2025-02-23 05:05,Fraud,Land Scam,BNS 318(4),13.070902,77.688157,P000446,P002026,P002031,PI Suresh Kulkarni,Under Investigation
FIR202504250,FIR/4250/2025,PS0247,Chikkaballapura,2025-02-22 00:34,2025-02-23 05:34,Robbery,Highway Robbery,BNS 309(4),13.46904,77.874712,P003064,P003819,P006418,PI Harish Naik,Chargesheeted
FIR202501927,FIR/1927/2025,PS0019,Bagalkote,2025-02-23 04:36,2025-02-23 06:36,Vehicle Theft,Two-Wheeler Theft,BNS 303(2),16.059357,75.884678,P001321,P004544,P007599,SI Divya Hegde,Chargesheeted
FIR202503010,FIR/3010/2025,PS0151,Bengaluru Urban,2025-02-20 00:16,2025-02-23 07:16,Vehicle Theft,Two-Wheeler Theft,BNS 303(2),12.86896,77.479722,P001906,P003441,P005793,PI Lakshmi Devi,Chargesheeted
FIR202504794,FIR/4794/2025,PS0070,Bengaluru Rural,2025-02-21 06:34,2025-02-23 11:34,NDPS,Drug Trafficking,NDPS Act Sec 20(b),13.282759,77.76053,P007935,P004072,P006127,PI Chetan Kumar,Untraced
FIR202504490,FIR/4490/2025,PS0180,Bidar,2025-02-23 09:56,2025-02-23 13:56,Assault,Simple Assault,"BNS 115(2), BNS 117(2)",18.035114,77.435724,P006434,P008881,P004677,SI Divya Hegde,Untraced
FIR202502183,FIR/2183/2025,PS0078,Bengaluru Rural,2025-02-23 13:39,2025-02-23 17:39,Vehicle Theft,Two-Wheeler Theft,BNS 303(2),13.110669,77.574155,P005536,P007427,P002896,PI Harish Naik,Under Investigation
FIR202504343,FIR/4343/2025,PS0168,Bidar,2025-02-21 06:35,2025-02-23 18:35,Murder,Personal Enmity,BNS 103(1),17.720468,77.663393,P001659,P002204,P001251,SI Prakash Sharma,Chargesheeted
FIR202500534,FIR/0534/2025,PS0016,Bagalkote,2025-02-23 10:26,2025-02-23 19:26,Assault,Grievous Hurt,"BNS 115(2), BNS 117(2)",15.976926,75.641051,P000758,P002906,P008648,PI Harish Naik,Untraced
FIR202504799,FIR/4799/2025,PS0074,Bengaluru Rural,2025-02-21 17:29,2025-02-23 22:29,Fraud,Land Scam,BNS 318(4),13.187006,77.558158,P009984,P003802,"P009077, P009119",PI Naveen Patil,Chargesheeted
FIR202503360,FIR/3360/2025,PS0026,Ballari,2025-02-23 12:07,2025-02-23 23:07,Assault,Public Affray,"BNS 115(2), BNS 117(2)",15.237718,76.981755,P001066,P008122,P006213,PI Harish Naik,Chargesheeted
FIR202501002,FIR/1002/2025,PS0201,Chamarajanagar,2025-02-23 19:49,2025-02-24 01:49,Burglary,Day Burglary,"BNS 331(3), BNS 331(4)",11.989071,76.846121,P001039,P002269,P008461,SI Ganesh Rao,Chargesheeted
FIR202502437,FIR/2437/2025,PS0230,Chamarajanagar,2025-02-22 22:12,2025-02-24 02:12,Fraud,Corporate Fraud,BNS 318(4),11.766795,77.068305,P002470,P003452,"P008746, P004287",SI Divya Hegde,Chargesheeted
FIR202504751,FIR/4751/2025,PS0004,Bagalkote,2025-02-23 14:33,2025-02-24 02:33,Burglary,Day Burglary,"BNS 331(3), BNS 331(4)",16.031536,75.666735,P004870,P008585,P008878,PI Ramesh Gowda,Under Investigation
FIR202502161,FIR/2161/2025,PS0168,Bidar,2025-02-24 01:46,2025-02-24 06:46,Theft,Snatching,BNS 303(2),17.701452,77.64988,P001541,P004380,"P009663, P000460",SI Mahesh Bhat,Chargesheeted
FIR202503876,FIR/3876/2025,PS0020,Bagalkote,2025-02-22 09:33,2025-02-24 12:33,Fraud,Cheating,BNS 318(4),16.23742,75.601351,P006817,P003194,P000055,SI Ravi Kumar,Chargesheeted
FIR202502446,FIR/2446/2025,PS0246,Chikkaballapura,2025-02-24 12:09,2025-02-24 13:09,POCSO,Sexual Assault on Minor,"POCSO Act Sec 4, BNS 64",13.430224,77.740209,P009706,P009137,P000106,SI Ganesh Rao,Under Investigation
FIR202502818,FIR/2818/2025,PS0093,Bengaluru Rural,2025-02-24 04:56,2025-02-24 15:56,Robbery,Chain Snatching with Force,BNS 309(4),13.222129,77.533019,P004607,P004880,P000043,PI Harish Naik,Under Investigation
FIR202504280,FIR/4280/2025,PS0082,Bengaluru Rural,2025-02-24 06:09,2025-02-24 17:09,Robbery,Chain Snatching with Force,BNS 309(4),13.333089,77.421237,P007092,P008697,P003498,SI Mahesh Bhat,Chargesheeted
FIR202501681,FIR/1681/2025,PS0230,Chamarajanagar,2025-02-23 13:20,2025-02-24 19:20,Assault,Public Affray,"BNS 115(2), BNS 117(2)",11.753501,77.046261,P005673,P005436,P001218,SI Mahesh Bhat,Chargesheeted
FIR202502624,FIR/2624/2025,PS0006,Bagalkote,2025-02-24 15:10,2025-02-24 21:10,Robbery,Highway Robbery,BNS 309(4),16.365824,75.748055,P006064,P007865,P003002,SI Prakash Sharma,Under Investigation
FIR202501580,FIR/1580/2025,PS0070,Bengaluru Rural,2025-02-22 20:16,2025-02-24 21:16,Dacoity,Bank Dacoity,BNS 310(2),13.266115,77.774911,P002915,P006293,P005015,PI Naveen Patil,Under Investigation
FIR202504673,FIR/4673/2025,PS0079,Bengaluru Rural,2025-02-24 09:28,2025-02-24 21:28,Assault,Grievous Hurt,"BNS 115(2), BNS 117(2)",13.079088,77.465002,P008156,P003192,P003571,PI Harish Naik,Untraced
FIR202503663,FIR/3663/2025,PS0219,Chamarajanagar,2025-02-24 15:17,2025-02-25 00:17,POCSO,Harassment,"POCSO Act Sec 4, BNS 64",11.861276,76.872871,P001021,P007947,P007017,SI Divya Hegde,Under Investigation
FIR202502735,FIR/2735/2025,PS0102,Bengaluru Rural,2025-02-19 16:33,2025-02-25 01:33,NDPS,Possession of Narcotics,NDPS Act Sec 20(b),13.123246,77.653963,P005462,P004366,P004663,PI Naveen Patil,Closed
FIR202501702,FIR/1702/2025,PS0101,Bengaluru Rural,2025-02-22 18:15,2025-02-25 03:15,Robbery,Chain Snatching with Force,BNS 309(4),13.282739,77.711139,P004955,P006095,P008725,PI Lakshmi Devi,Under Investigation
FIR202500694,FIR/0694/2025,PS0031,Ballari,2025-02-22 02:33,2025-02-25 03:33,Vehicle Theft,Two-Wheeler Theft,BNS 303(2),14.987467,77.089219,P002121,P006108,P003327,SI Ravi Kumar,Closed
FIR202504524,FIR/4524/2025,PS0131,Bengaluru Urban,2025-02-24 22:07,2025-02-25 04:07,Cyber Crime,Phishing,"IT Act 66D, BNS 318(4)",12.984858,77.63173,P007125,P008464,P001154,SI Prakash Sharma,Under Investigation
FIR202504394,FIR/4394/2025,PS0062,Belagavi,2025-02-25 00:47,2025-02-25 08:47,Theft,Snatching,BNS 303(2),15.757973,74.502299,P001260,P008371,P006443,PI Harish Naik,Under Investigation
FIR202500793,FIR/0793/2025,PS0120,Bengaluru Urban,2025-02-25 09:48,2025-02-25 11:48,Fraud,Cheating,BNS 318(4),13.149646,77.403458,P008916,P006404,P000758,PI Ramesh Gowda,Under Investigation
FIR202503436,FIR/3436/2025,PS0154,Bidar,2025-02-25 05:27,2025-02-25 13:27,POCSO,Harassment,"POCSO Act Sec 4, BNS 64",17.910846,77.397726,P007502,P005362,P001083,PI Chetan Kumar,Untraced
FIR202502595,FIR/2595/2025,PS0157,Bidar,2025-02-25 12:44,2025-02-25 20:44,Vehicle Theft,Car Theft,BNS 303(2),17.823995,77.583869,P007512,P000468,P000977,PI Ramesh Gowda,Under Investigation
FIR202503660,FIR/3660/2025,PS0152,Bengaluru Urban,2025-02-24 19:08,2025-02-25 21:08,Vehicle Theft,Two-Wheeler Theft,BNS 303(2),13.011774,77.392125,P005830,P001359,P003668,SI Ganesh Rao,Chargesheeted
FIR202501738,FIR/1738/2025,PS0058,Belagavi,2025-02-25 00:11,2025-02-26 05:11,Burglary,Day Burglary,"BNS 331(3), BNS 331(4)",15.714825,74.371894,P007671,P001597,P005175,PI Lakshmi Devi,Under Investigation
FIR202502287,FIR/2287/2025,PS0069,Belagavi,2025-02-26 02:40,2025-02-26 05:40,Theft,Snatching,BNS 303(2),15.855728,74.327587,P003564,P006968,"P005430, P004501",PI Naveen Patil,Under Investigation
FIR202500807,FIR/0807/2025,PS0052,Belagavi,2025-02-21 21:39,2025-02-26 06:39,Fraud,Land Scam,BNS 318(4),15.896734,74.305284,P005050,P000829,P009244,PI Ramesh Gowda,Untraced
FIR202503634,FIR/3634/2025,PS0044,Ballari,2025-02-24 19:49,2025-02-26 06:49,POCSO,Sexual Assault on Minor,"POCSO Act Sec 4, BNS 64",15.29051,76.935256,P008627,P000084,P007925,SI Divya Hegde,Chargesheeted
FIR202504403,FIR/4403/2025,PS0142,Bengaluru Urban,2025-02-26 05:10,2025-02-26 07:10,Fraud,Land Scam,BNS 318(4),13.107211,77.759282,P003849,P007714,P005640,SI Ravi Kumar,Under Investigation
FIR202501929,FIR/1929/2025,PS0188,Bidar,2025-02-21 06:56,2025-02-26 09:56,Dacoity,Bank Dacoity,BNS 310(2),17.952407,77.72076,P004160,P003909,P001082,SI Mahesh Bhat,Under Investigation
FIR202504812,FIR/4812/2025,PS0086,Bengaluru Rural,2025-02-26 06:01,2025-02-26 14:01,Burglary,Night House Breaking,"BNS 331(3), BNS 331(4)",13.301484,77.481579,P006788,P005290,P008506,SI Mahesh Bhat,Chargesheeted
FIR202500480,FIR/0480/2025,PS0196,Chamarajanagar,2025-02-26 08:03,2025-02-26 20:03,Theft,Snatching,BNS 303(2),12.007934,76.94802,P007590,P000723,"P001950, P002821",PI Naveen Patil,Under Investigation
FIR202504079,FIR/4079/2025,PS0097,Bengaluru Rural,2025-02-26 15:28,2025-02-26 20:28,Cyber Crime,Phishing,"IT Act 66D, BNS 318(4)",13.100343,77.476848,P007653,P001231,P009010,SI Ravi Kumar,Chargesheeted
FIR202500587,FIR/0587/2025,PS0043,Ballari,2025-02-26 17:53,2025-02-27 01:53,POCSO,Harassment,"POCSO Act Sec 4, BNS 64",14.969729,77.004578,P007308,P003182,P001547,PI Harish Naik,Under Investigation
FIR202500325,FIR/0325/2025,PS0015,Bagalkote,2025-02-23 21:10,2025-02-27 03:10,Cyber Crime,Financial Fraud,"IT Act 66D, BNS 318(4)",16.058025,75.708493,P001952,P006483,P000203,SI Ganesh Rao,Chargesheeted
FIR202503989,FIR/3989/2025,PS0021,Bagalkote,2025-02-23 20:33,2025-02-27 04:33,Theft,House Theft,BNS 303(2),15.982705,75.543748,P008955,P004055,P008460,SI Ganesh Rao,Chargesheeted
FIR202504069,FIR/4069/2025,PS0065,Belagavi,2025-02-25 23:06,2025-02-27 05:06,Assault,Grievous Hurt,"BNS 115(2), BNS 117(2)",15.770007,74.434478,P002374,P009748,P008309,PI Ramesh Gowda,Chargesheeted
FIR202504576,FIR/4576/2025,PS0223,Chamarajanagar,2025-02-26 20:08,2025-02-27 05:08,Assault,Public Affray,"BNS 115(2), BNS 117(2)",11.871891,76.801508,P000608,P008341,P002280,SI Prakash Sharma,Under Investigation
FIR202501546,FIR/1546/2025,PS0240,Chikkaballapura,2025-02-26 20:19,2025-02-27 05:19,Dacoity,Armed Dacoity,BNS 310(2),13.381528,77.798674,P006420,P007990,P007572,PI Chetan Kumar,Under Investigation
FIR202504115,FIR/4115/2025,PS0131,Bengaluru Urban,2025-02-26 19:01,2025-02-27 06:01,Vehicle Theft,Car Theft,BNS 303(2),13.001662,77.6294,P001788,P002047,"P009846, P009609",PI Naveen Patil,Untraced
FIR202501039,FIR/1039/2025,PS0104,Bengaluru Rural,2025-02-26 21:46,2025-02-27 07:46,Robbery,Chain Snatching with Force,BNS 309(4),13.410544,77.554555,P009965,P008628,P002467,SI Mahesh Bhat,Under Investigation
FIR202501428,FIR/1428/2025,PS0031,Ballari,2025-02-27 07:59,2025-02-27 08:59,Cyber Crime,Phishing,"IT Act 66D, BNS 318(4)",14.997742,77.109532,P003866,P000444,P004918,PI Naveen Patil,Chargesheeted
FIR202503447,FIR/3447/2025,PS0142,Bengaluru Urban,2025-02-25 09:38,2025-02-27 11:38,Cyber Crime,Financial Fraud,"IT Act 66D, BNS 318(4)",13.112298,77.776458,P006772,P005930,P000382,PI Suresh Kulkarni,Chargesheeted
FIR202503429,FIR/3429/2025,PS0100,Bengaluru Rural,2025-02-27 02:22,2025-02-27 13:22,Dacoity,Armed Dacoity,BNS 310(2),13.163912,77.552765,P000869,P001283,P002836,PI Suresh Kulkarni,Closed
FIR202503597,FIR/3597/2025,PS0039,Ballari,2025-02-26 10:23,2025-02-27 13:23,POCSO,Sexual Assault on Minor,"POCSO Act Sec 4, BNS 64",15.326506,76.953907,P005443,P005986,P003442,PI Harish Naik,Under Investigation
FIR202503164,FIR/3164/2025,PS0154,Bidar,2025-02-25 08:38,2025-02-27 13:38,Murder,Gang Conflict,BNS 103(1),17.893869,77.427439,P000245,P009627,P004193,PI Ramesh Gowda,Chargesheeted
FIR202500868,FIR/0868/2025,PS0032,Ballari,2025-02-27 07:39,2025-02-27 16:39,Cyber Crime,Phishing,"IT Act 66D, BNS 318(4)",15.155658,76.911772,P002643,P005362,"P001562, P009735",PI Chetan Kumar,Under Investigation
FIR202503109,FIR/3109/2025,PS0117,Bengaluru Urban,2025-02-27 14:55,2025-02-27 16:55,Cyber Crime,Phishing,"IT Act 66D, BNS 318(4)",13.119671,77.79103,P007731,P006049,P007637,SI Prakash Sharma,Under Investigation
FIR202502441,FIR/2441/2025,PS0126,Bengaluru Urban,2025-02-23 18:39,2025-02-27 20:39,Vehicle Theft,Car Theft,BNS 303(2),12.857313,77.545759,P001453,P005453,P000300,SI Prakash Sharma,Under Investigation
FIR202500013,FIR/0013/2025,PS0246,Chikkaballapura,2025-02-27 15:01,2025-02-27 21:01,Fraud,Corporate Fraud,BNS 318(4),13.452485,77.731346,P007357,P006884,P009837,SI Mahesh Bhat,Under Investigation
FIR202501409,FIR/1409/2025,PS0245,Chikkaballapura,2025-02-26 14:15,2025-02-27 21:15,Vehicle Theft,Car Theft,BNS 303(2),13.32764,77.775902,P007436,P007117,P002984,PI Naveen Patil,Under Investigation
FIR202502617,FIR/2617/2025,PS0059,Belagavi,2025-02-26 20:05,2025-02-28 01:05,Burglary,Day Burglary,"BNS 331(3), BNS 331(4)",15.818942,74.532587,P006054,P006413,P002502,PI Suresh Kulkarni,Chargesheeted
FIR202504174,FIR/4174/2025,PS0014,Bagalkote,2025-02-25 17:42,2025-02-28 02:42,Dacoity,Bank Dacoity,BNS 310(2),16.293033,75.846079,P007023,P005213,P008980,SI Divya Hegde,Chargesheeted
FIR202500481,FIR/0481/2025,PS0045,Ballari,2025-02-26 19:24,2025-02-28 03:24,Assault,Simple Assault,"BNS 115(2), BNS 117(2)",15.009166,76.876553,P003174,P007491,P004368,PI Lakshmi Devi,Under Investigation
FIR202504770,FIR/4770/2025,PS0141,Bengaluru Urban,2025-02-27 04:23,2025-02-28 05:23,Burglary,Night House Breaking,"BNS 331(3), BNS 331(4)",12.882629,77.401156,P001350,P004772,P008075,PI Harish Naik,Chargesheeted
FIR202501458,FIR/1458/2025,PS0228,Chamarajanagar,2025-02-25 06:32,2025-02-28 10:32,Vehicle Theft,Two-Wheeler Theft,BNS 303(2),12.110238,77.117941,P005033,P008063,P009500,SI Prakash Sharma,Chargesheeted
FIR202504021,FIR/4021/2025,PS0227,Chamarajanagar,2025-02-27 10:04,2025-02-28 13:04,Theft,House Theft,BNS 303(2),11.918639,76.940572,P007203,P008228,P000779,SI Ganesh Rao,Chargesheeted
FIR202502927,FIR/2927/2025,PS0173,Bidar,2025-02-24 06:18,2025-02-28 15:18,Assault,Simple Assault,"BNS 115(2), BNS 117(2)",17.738999,77.583985,P004133,P004594,P007971,PI Suresh Kulkarni,Under Investigation
FIR202501030,FIR/1030/2025,PS0004,Bagalkote,2025-02-26 05:21,2025-02-28 16:21,Robbery,Highway Robbery,BNS 309(4),16.046385,75.669663,P004204,P003380,P007428,PI Harish Naik,Under Investigation
FIR202504465,FIR/4465/2025,PS0228,Chamarajanagar,2025-02-27 11:21,2025-02-28 20:21,Fraud,Cheating,BNS 318(4),12.10423,77.129274,P003072,P002070,P001894,SI Prakash Sharma,Chargesheeted
FIR202503017,FIR/3017/2025,PS0119,Bengaluru Urban,2025-02-28 18:55,2025-02-28 22:55,Theft,Pocket Pick,BNS 303(2),12.819211,77.770112,P002908,P001882,P009050,SI Mahesh Bhat,Closed
FIR202500459,FIR/0459/2025,PS0089,Bengaluru Rural,2025-02-28 22:18,2025-03-01 00:18,Assault,Public Affray,"BNS 115(2), BNS 117(2)",13.375249,77.612162,P005543,P006267,P004006,PI Chetan Kumar,Closed
FIR202500406,FIR/0406/2025,PS0204,Chamarajanagar,2025-02-27 14:52,2025-03-01 02:52,Dacoity,Armed Dacoity,BNS 310(2),12.044495,77.06212,P006419,P005967,P000244,SI Prakash Sharma,Chargesheeted
FIR202501987,FIR/1987/2025,PS0030,Ballari,2025-02-28 03:50,2025-03-01 04:50,Assault,Grievous Hurt,"BNS 115(2), BNS 117(2)",15.210942,76.831614,P005407,P004549,P005659,SI Divya Hegde,Chargesheeted
FIR202503099,FIR/3099/2025,PS0181,Bidar,2025-02-25 19:50,2025-03-01 06:50,Theft,Pocket Pick,BNS 303(2),18.027898,77.424811,P002015,P004902,P005976,SI Prakash Sharma,Chargesheeted
FIR202504428,FIR/4428/2025,PS0152,Bengaluru Urban,2025-03-01 03:21,2025-03-01 07:21,Burglary,Day Burglary,"BNS 331(3), BNS 331(4)",12.992053,77.41128,P004519,P000510,P005025,SI Divya Hegde,Under Investigation
FIR202502799,FIR/2799/2025,PS0220,Chamarajanagar,2025-02-28 04:49,2025-03-01 08:49,Assault,Public Affray,"BNS 115(2), BNS 117(2)",11.81547,76.787574,P005538,P006608,P009277,PI Harish Naik,Untraced
FIR202501571,FIR/1571/2025,PS0129,Bengaluru Urban,2025-02-28 23:56,2025-03-01 08:56,Fraud,Cheating,BNS 318(4),12.813806,77.769293,P005444,P007442,P008316,PI Lakshmi Devi,Chargesheeted
FIR202501507,FIR/1507/2025,PS0059,Belagavi,2025-02-28 03:10,2025-03-01 09:10,Theft,Pocket Pick,BNS 303(2),15.830072,74.510973,P001484,P004402,P002955,PI Ramesh Gowda,Chargesheeted
FIR202502086,FIR/2086/2025,PS0242,Chikkaballapura,2025-03-01 10:55,2025-03-01 15:55,Dacoity,Bank Dacoity,BNS 310(2),13.282757,77.874138,P008743,P008806,P000004,SI Ganesh Rao,Chargesheeted
FIR202502553,FIR/2553/2025,PS0052,Belagavi,2025-03-01 14:44,2025-03-01 19:44,Dacoity,Armed Dacoity,BNS 310(2),15.914387,74.305323,P009162,P003617,P009465,SI Divya Hegde,Chargesheeted
FIR202504065,FIR/4065/2025,PS0173,Bidar,2025-02-28 11:41,2025-03-01 20:41,Theft,Pocket Pick,BNS 303(2),17.765727,77.592837,P001571,P005470,P000317,SI Prakash Sharma,Untraced
FIR202500476,FIR/0476/2025,PS0060,Belagavi,2025-03-01 18:50,2025-03-01 22:50,Robbery,Highway Robbery,BNS 309(4),16.012984,74.531047,P000626,P000735,P007573,SI Ganesh Rao,Under Investigation
FIR202500520,FIR/0520/2025,PS0098,Bengaluru Rural,2025-03-01 17:14,2025-03-01 23:14,Assault,Simple Assault,"BNS 115(2), BNS 117(2)",13.287248,77.741784,P006400,P006582,P007146,SI Divya Hegde,Under Investigation
FIR202502070,FIR/2070/2025,PS0086,Bengaluru Rural,2025-03-01 19:38,2025-03-02 03:38,POCSO,Sexual Assault on Minor,"POCSO Act Sec 4, BNS 64",13.318156,77.49196,P001627,P007833,P003537,SI Prakash Sharma,Under Investigation
FIR202502022,FIR/2022/2025,PS0154,Bidar,2025-03-01 03:56,2025-03-02 04:56,Assault,Simple Assault,"BNS 115(2), BNS 117(2)",17.900928,77.41309,P004420,P009602,P007527,PI Lakshmi Devi,Chargesheeted
FIR202503776,FIR/3776/2025,PS0211,Chamarajanagar,2025-03-02 04:54,2025-03-02 09:54,Fraud,Cheating,BNS 318(4),11.833639,77.080631,P000061,P001140,P009324,PI Suresh Kulkarni,Chargesheeted
FIR202504890,FIR/4890/2025,PS0097,Bengaluru Rural,2025-02-25 12:03,2025-03-02 13:03,NDPS,Possession of Narcotics,NDPS Act Sec 20(b),13.128491,77.48263,P007663,P006248,P004395,SI Ravi Kumar,Chargesheeted
FIR202502457,FIR/2457/2025,PS0212,Chamarajanagar,2025-03-01 08:48,2025-03-02 13:48,Vehicle Theft,Car Theft,BNS 303(2),12.017732,76.84061,P005532,P001892,P002329,SI Divya Hegde,Chargesheeted
FIR202503862,FIR/3862/2025,PS0046,Belagavi,2025-03-02 11:52,2025-03-02 14:52,Dacoity,Bank Dacoity,BNS 310(2),15.777643,74.516201,P006899,P007264,P009823,PI Suresh Kulkarni,Chargesheeted
FIR202504341,FIR/4341/2025,PS0019,Bagalkote,2025-02-28 06:17,2025-03-02 15:17,NDPS,Drug Trafficking,NDPS Act Sec 20(b),16.042067,75.881141,P003766,P004805,P004345,PI Harish Naik,Chargesheeted
FIR202503509,FIR/3509/2025,PS0185,Bidar,2025-03-02 14:47,2025-03-02 15:47,Murder,Personal Enmity,BNS 103(1),17.889391,77.527439,P005781,P004744,P001094,PI Lakshmi Devi,Under Investigation
FIR202502145,FIR/2145/2025,PS0104,Bengaluru Rural,2025-03-02 11:44,2025-03-02 16:44,NDPS,Drug Trafficking,NDPS Act Sec 20(b),13.441449,77.569033,P004364,P001697,P004827,SI Prakash Sharma,Chargesheeted
FIR202502572,FIR/2572/2025,PS0111,Bengaluru Urban,2025-03-02 09:42,2025-03-02 19:42,Fraud,Corporate Fraud,BNS 318(4),12.770751,77.538458,P007040,P007676,P003582,SI Ravi Kumar,Untraced
FIR202500768,FIR/0768/2025,PS0118,Bengaluru Urban,2025-03-02 09:44,2025-03-02 19:44,Burglary,Day Burglary,"BNS 331(3), BNS 331(4)",12.801348,77.694299,P003703,P005988,P003939,PI Suresh Kulkarni,Chargesheeted
FIR202504068,FIR/4068/2025,PS0024,Bagalkote,2025-02-26 16:28,2025-03-02 23:28,Assault,Public Affray,"BNS 115(2), BNS 117(2)",16.381541,75.521216,P000854,P001677,P000323,SI Prakash Sharma,Closed
FIR202501736,FIR/1736/2025,PS0100,Bengaluru Rural,2025-03-03 00:35,2025-03-03 11:35,POCSO,Sexual Assault on Minor,"POCSO Act Sec 4, BNS 64",13.148239,77.549398,P000469,P002267,P004183,PI Lakshmi Devi,Chargesheeted
FIR202500247,FIR/0247/2025,PS0224,Chamarajanagar,2025-03-03 11:38,2025-03-03 13:38,Vehicle Theft,Two-Wheeler Theft,BNS 303(2),11.851617,76.831084,P005677,P008249,P006316,SI Ganesh Rao,Chargesheeted
FIR202503673,FIR/3673/2025,PS0007,Bagalkote,2025-03-03 08:48,2025-03-03 13:48,Theft,Pocket Pick,BNS 303(2),16.077138,75.61587,P002802,P006749,P007862,PI Harish Naik,Untraced
FIR202502956,FIR/2956/2025,PS0122,Bengaluru Urban,2025-03-03 11:54,2025-03-03 14:54,Robbery,Highway Robbery,BNS 309(4),13.11552,77.53289,P007963,P009079,P004401,PI Lakshmi Devi,Under Investigation
FIR202500645,FIR/0645/2025,PS0157,Bidar,2025-03-02 11:10,2025-03-03 15:10,Murder,Gang Conflict,BNS 103(1),17.829285,77.56122,P000785,P003770,P002139,SI Ganesh Rao,Closed
FIR202504748,FIR/4748/2025,PS0116,Bengaluru Urban,2025-03-03 07:00,2025-03-03 18:00,Vehicle Theft,Two-Wheeler Theft,BNS 303(2),13.005707,77.519756,P001397,P005359,P004585,SI Ravi Kumar,Chargesheeted
FIR202501157,FIR/1157/2025,PS0128,Bengaluru Urban,2025-03-02 13:35,2025-03-03 21:35,Cyber Crime,Identity Theft,"IT Act 66D, BNS 318(4)",13.03412,77.592565,P005178,P008776,P001364,SI Ganesh Rao,Chargesheeted
FIR202502870,FIR/2870/2025,PS0141,Bengaluru Urban,2025-03-02 13:53,2025-03-03 21:53,Vehicle Theft,Two-Wheeler Theft,BNS 303(2),12.862517,77.386464,P000034,P008059,P008011,PI Naveen Patil,Chargesheeted
FIR202500293,FIR/0293/2025,PS0006,Bagalkote,2025-03-03 15:41,2025-03-03 22:41,Robbery,Highway Robbery,BNS 309(4),16.398728,75.765799,P003442,P005723,P003123,SI Prakash Sharma,Under Investigation
FIR202501349,FIR/1349/2025,PS0175,Bidar,2025-03-03 17:49,2025-03-03 22:49,Vehicle Theft,Two-Wheeler Theft,BNS 303(2),18.026422,77.432586,P000167,P006195,P001911,SI Prakash Sharma,Under Investigation
FIR202501432,FIR/1432/2025,PS0189,Bidar,2025-02-28 20:39,2025-03-04 00:39,Theft,House Theft,BNS 303(2),17.911852,77.375606,P000449,P007896,P006852,PI Chetan Kumar,Untraced
FIR202503542,FIR/3542/2025,PS0154,Bidar,2025-03-03 17:04,2025-03-04 03:04,Murder,Personal Enmity,BNS 103(1),17.876144,77.404251,P000254,P001136,P003434,PI Suresh Kulkarni,Chargesheeted
FIR202502210,FIR/2210/2025,PS0195,Chamarajanagar,2025-03-03 17:36,2025-03-04 03:36,Theft,Pocket Pick,BNS 303(2),11.868542,77.062204,P009872,P006333,P000123,PI Suresh Kulkarni,Chargesheeted
FIR202504761,FIR/4761/2025,PS0201,Chamarajanagar,2025-03-03 19:08,2025-03-04 04:08,Theft,House Theft,BNS 303(2),11.99119,76.820209,P008906,P008085,P008691,PI Suresh Kulkarni,Untraced
FIR202500822,FIR/0822/2025,PS0192,Bidar,2025-02-28 21:13,2025-03-04 05:13,Burglary,Day Burglary,"BNS 331(3), BNS 331(4)",17.980271,77.346622,P001506,P005324,P008115,PI Ramesh Gowda,Chargesheeted
FIR202504417,FIR/4417/2025,PS0196,Chamarajanagar,2025-03-04 01:31,2025-03-04 07:31,Cyber Crime,Financial Fraud,"IT Act 66D, BNS 318(4)",12.001551,76.966906,P005966,P007506,P005556,PI Naveen Patil,Chargesheeted
FIR202501541,FIR/1541/2025,PS0110,Bengaluru Urban,2025-03-04 07:39,2025-03-04 08:39,Dacoity,Bank Dacoity,BNS 310(2),13.154987,77.64002,P002617,P005347,P001496,SI Mahesh Bhat,Chargesheeted
FIR202502809,FIR/2809/2025,PS0030,Ballari,2025-02-27 03:41,2025-03-04 08:41,Assault,Grievous Hurt,"BNS 115(2), BNS 117(2)",15.185637,76.838696,P007833,P003315,P005631,PI Lakshmi Devi,Untraced
FIR202502173,FIR/2173/2025,PS0091,Bengaluru Rural,2025-03-04 00:30,2025-03-04 09:30,Dacoity,Armed Dacoity,BNS 310(2),13.056236,77.645319,P006812,P008696,P007637,PI Harish Naik,Under Investigation
FIR202502491,FIR/2491/2025,PS0236,Chikkaballapura,2025-03-03 03:22,2025-03-04 12:22,Assault,Grievous Hurt,"BNS 115(2), BNS 117(2)",13.624571,77.941488,P000356,P009971,P000760,PI Chetan Kumar,Chargesheeted
FIR202503395,FIR/3395/2025,PS0053,Belagavi,2025-03-03 05:35,2025-03-04 12:35,Burglary,Night House Breaking,"BNS 331(3), BNS 331(4)",15.856704,74.325618,P000625,P002732,P005700,SI Divya Hegde,Under Investigation
FIR202504837,FIR/4837/2025,PS0085,Bengaluru Rural,2025-03-04 05:52,2025-03-04 12:52,Fraud,Cheating,BNS 318(4),13.106097,77.416855,P004438,P004066,P008613,PI Ramesh Gowda,Chargesheeted
FIR202500518,FIR/0518/2025,PS0028,Ballari,2025-03-04 09:50,2025-03-04 15:50,Dacoity,Bank Dacoity,BNS 310(2),15.029881,76.851387,P009812,P009595,P003166,PI Suresh Kulkarni,Under Investigation
FIR202503189,FIR/3189/2025,PS0158,Bidar,2025-03-04 06:48,2025-03-04 16:48,Assault,Public Affray,"BNS 115(2), BNS 117(2)",17.936574,77.50128,P005117,P002184,P001250,PI Suresh Kulkarni,Untraced
FIR202503524,FIR/3524/2025,PS0241,Chikkaballapura,2025-03-03 14:23,2025-03-04 17:23,Fraud,Corporate Fraud,BNS 318(4),13.276665,77.898547,P000148,P006080,P004690,SI Ravi Kumar,Untraced
FIR202500221,FIR/0221/2025,PS0113,Bengaluru Urban,2025-03-04 16:08,2025-03-04 22:08,Cyber Crime,Financial Fraud,"IT Act 66D, BNS 318(4)",13.17338,77.483509,P000555,P006740,P002331,SI Divya Hegde,Untraced
FIR202501140,FIR/1140/2025,PS0206,Chamarajanagar,2025-03-04 18:29,2025-03-04 22:29,Vehicle Theft,Two-Wheeler Theft,BNS 303(2),11.843046,77.12361,P000236,P006360,P004466,PI Chetan Kumar,Untraced
FIR202500317,FIR/0317/2025,PS0130,Bengaluru Urban,2025-03-01 12:05,2025-03-04 23:05,Cyber Crime,Financial Fraud,"IT Act 66D, BNS 318(4)",13.129582,77.470448,P001010,P005125,P001768,SI Prakash Sharma,Chargesheeted
FIR202501214,FIR/1214/2025,PS0061,Belagavi,2025-03-03 16:42,2025-03-05 01:42,Burglary,Day Burglary,"BNS 331(3), BNS 331(4)",16.010479,74.42269,P001758,P000396,P006832,PI Chetan Kumar,Chargesheeted
FIR202504705,FIR/4705/2025,PS0007,Bagalkote,2025-03-03 15:20,2025-03-05 02:20,Murder,Gang Conflict,BNS 103(1),16.066344,75.612621,P008254,P004645,P002690,SI Divya Hegde,Chargesheeted
FIR202502556,FIR/2556/2025,PS0180,Bidar,2025-03-03 03:31,2025-03-05 04:31,Burglary,Night House Breaking,"BNS 331(3), BNS 331(4)",18.068173,77.413254,P009989,P000218,P005171,SI Prakash Sharma,Chargesheeted
FIR202502256,FIR/2256/2025,PS0088,Bengaluru Rural,2025-03-05 05:51,2025-03-05 06:51,POCSO,Harassment,"POCSO Act Sec 4, BNS 64",13.031004,77.395689,P003864,P004497,P004171,SI Mahesh Bhat,Under Investigation
FIR202504217,FIR/4217/2025,PS0112,Bengaluru Urban,2025-02-28 20:36,2025-03-05 07:36,Fraud,Land Scam,BNS 318(4),13.117658,77.592887,P004396,P000301,P005777,PI Harish Naik,Under Investigation
FIR202500735,FIR/0735/2025,PS0030,Ballari,2025-03-02 03:14,2025-03-05 12:14,Robbery,Highway Robbery,BNS 309(4),15.179977,76.841187,P008327,P002347,"P008084, P000177",PI Chetan Kumar,Untraced
FIR202501466,FIR/1466/2025,PS0077,Bengaluru Rural,2025-03-04 10:08,2025-03-05 14:08,Cyber Crime,Phishing,"IT Act 66D, BNS 318(4)",13.347358,77.598273,P002510,P002995,P003014,PI Harish Naik,Chargesheeted
FIR202501940,FIR/1940/2025,PS0082,Bengaluru Rural,2025-02-28 02:20,2025-03-05 14:20,Vehicle Theft,Car Theft,BNS 303(2),13.324347,77.425518,P005314,P009675,P001216,PI Chetan Kumar,Chargesheeted
FIR202504632,FIR/4632/2025,PS0227,Chamarajanagar,2025-03-04 13:22,2025-03-05 15:22,Dacoity,Armed Dacoity,BNS 310(2),11.889067,76.90768,P001500,P005802,P002744,SI Divya Hegde,Under Investigation
FIR202500816,FIR/0816/2025,PS0212,Chamarajanagar,2025-03-05 13:41,2025-03-05 17:41,Robbery,Chain Snatching with Force,BNS 309(4),12.043907,76.856225,P001776,P002539,P002161,SI Ravi Kumar,Under Investigation
FIR202500349,FIR/0349/2025,PS0084,Bengaluru Rural,2025-03-04 19:38,2025-03-05 20:38,NDPS,Possession of Narcotics,NDPS Act Sec 20(b),13.152224,77.552805,P009205,P001569,P008813,PI Suresh Kulkarni,Under Investigation
FIR202503812,FIR/3812/2025,PS0246,Chikkaballapura,2025-03-02 21:13,2025-03-06 01:13,Cyber Crime,Financial Fraud,"IT Act 66D, BNS 318(4)",13.430834,77.731369,P001281,P001178,P003832,PI Lakshmi Devi,Chargesheeted
FIR202503975,FIR/3975/2025,PS0181,Bidar,2025-03-05 23:58,2025-03-06 01:58,Burglary,Night House Breaking,"BNS 331(3), BNS 331(4)",18.020147,77.4162,P003442,P009642,P000915,PI Ramesh Gowda,Under Investigation
FIR202503104,FIR/3104/2025,PS0245,Chikkaballapura,2025-03-05 03:17,2025-03-06 06:17,Theft,House Theft,BNS 303(2),13.337624,77.767774,P008483,P009847,P000264,SI Ravi Kumar,Chargesheeted
FIR202502463,FIR/2463/2025,PS0073,Bengaluru Rural,2025-03-05 01:30,2025-03-06 06:30,POCSO,Sexual Assault on Minor,"POCSO Act Sec 4, BNS 64",13.353067,77.615696,P003983,P000073,P000590,PI Chetan Kumar,Under Investigation
FIR202503419,FIR/3419/2025,PS0001,Bagalkote,2025-03-06 07:55,2025-03-06 10:55,Fraud,Land Scam,BNS 318(4),16.180027,75.571772,P006171,P001442,P005096,SI Divya Hegde,Chargesheeted
FIR202504887,FIR/4887/2025,PS0103,Bengaluru Rural,2025-03-05 02:32,2025-03-06 13:32,NDPS,Drug Trafficking,NDPS Act Sec 20(b),13.322773,77.451818,P003248,P007064,P003824,PI Naveen Patil,Untraced
FIR202504773,FIR/4773/2025,PS0197,Chamarajanagar,2025-03-05 09:28,2025-03-06 20:28,Robbery,Highway Robbery,BNS 309(4),11.881923,77.033309,P005184,P005780,P003530,SI Mahesh Bhat,Under Investigation
FIR202503627,FIR/3627/2025,PS0019,Bagalkote,2025-03-05 10:07,2025-03-06 21:07,Assault,Public Affray,"BNS 115(2), BNS 117(2)",16.034142,75.892115,P008276,P006499,P004264,SI Ganesh Rao,Chargesheeted
FIR202500365,FIR/0365/2025,PS0087,Bengaluru Rural,2025-03-04 17:28,2025-03-07 00:28,Fraud,Cheating,BNS 318(4),13.162376,77.527499,P004589,P009042,P008311,PI Naveen Patil,Chargesheeted
FIR202504741,FIR/4741/2025,PS0214,Chamarajanagar,2025-03-05 23:01,2025-03-07 03:01,Dacoity,Armed Dacoity,BNS 310(2),11.93073,76.85968,P004988,P003716,P009961,PI Harish Naik,Chargesheeted
FIR202502397,FIR/2397/2025,PS0071,Bengaluru Rural,2025-03-07 01:51,2025-03-07 04:51,NDPS,Drug Trafficking,NDPS Act Sec 20(b),13.039229,77.486751,P005854,P008089,P008670,SI Divya Hegde,Chargesheeted
FIR202500708,FIR/0708/2025,PS0124,Bengaluru Urban,2025-03-02 18:14,2025-03-07 06:14,Robbery,Highway Robbery,BNS 309(4),13.070291,77.657332,P003764,P003087,"P004184, P006624",PI Harish Naik,Chargesheeted
FIR202503335,FIR/3335/2025,PS0171,Bidar,2025-03-03 23:03,2025-03-07 07:03,Robbery,Chain Snatching with Force,BNS 309(4),17.789459,77.57661,P007171,P007936,P004581,SI Ganesh Rao,Chargesheeted
FIR202502007,FIR/2007/2025,PS0210,Chamarajanagar,2025-03-06 22:43,2025-03-07 07:43,NDPS,Drug Trafficking,NDPS Act Sec 20(b),12.010003,76.793489,P004223,P002170,P003090,PI Harish Naik,Under Investigation
FIR202500699,FIR/0699/2025,PS0111,Bengaluru Urban,2025-03-04 04:24,2025-03-07 11:24,Robbery,Chain Snatching with Force,BNS 309(4),12.796687,77.566103,P004980,P003631,P001073,PI Harish Naik,Chargesheeted
FIR202500908,FIR/0908/2025,PS0102,Bengaluru Rural,2025-03-07 05:31,2025-03-07 14:31,NDPS,Possession of Narcotics,NDPS Act Sec 20(b),13.136706,77.652977,P007722,P004486,P004611,SI Prakash Sharma,Under Investigation
FIR202504364,FIR/4364/2025,PS0137,Bengaluru Urban,2025-03-07 06:23,2025-03-07 17:23,Theft,Pocket Pick,BNS 303(2),12.893051,77.732451,P007489,P009172,P009409,SI Divya Hegde,Under Investigation
FIR202501357,FIR/1357/2025,PS0122,Bengaluru Urban,2025-03-06 16:40,2025-03-07 19:40,Fraud,Land Scam,BNS 318(4),13.109159,77.551422,P007629,P005023,P002528,SI Prakash Sharma,Chargesheeted
FIR202501446,FIR/1446/2025,PS0105,Bengaluru Rural,2025-03-07 11:01,2025-03-07 23:01,POCSO,Harassment,"POCSO Act Sec 4, BNS 64",13.162119,77.635277,P007133,P002230,P004761,SI Divya Hegde,Chargesheeted
FIR202503111,FIR/3111/2025,PS0205,Chamarajanagar,2025-03-07 20:03,2025-03-08 02:03,Fraud,Land Scam,BNS 318(4),11.943572,76.775396,P002289,P007242,P009448,PI Naveen Patil,Under Investigation
FIR202501513,FIR/1513/2025,PS0082,Bengaluru Rural,2025-03-07 22:11,2025-03-08 03:11,Vehicle Theft,Car Theft,BNS 303(2),13.324564,77.40611,P005718,P009557,P004252,SI Divya Hegde,Under Investigation
FIR202501016,FIR/1016/2025,PS0171,Bidar,2025-03-07 23:42,2025-03-08 05:42,Vehicle Theft,Two-Wheeler Theft,BNS 303(2),17.792892,77.571937,P001044,P005252,P008683,SI Ganesh Rao,Under Investigation
FIR202500616,FIR/0616/2025,PS0204,Chamarajanagar,2025-03-07 23:29,2025-03-08 06:29,NDPS,Drug Trafficking,NDPS Act Sec 20(b),12.067554,77.083734,P001892,P005985,P004571,PI Harish Naik,Chargesheeted
FIR202502480,FIR/2480/2025,PS0001,Bagalkote,2025-03-08 06:23,2025-03-08 09:23,NDPS,Possession of Narcotics,NDPS Act Sec 20(b),16.197078,75.579782,P006413,P009798,P004226,PI Suresh Kulkarni,Under Investigation
FIR202502015,FIR/2015/2025,PS0011,Bagalkote,2025-03-06 01:52,2025-03-08 09:52,Cyber Crime,Financial Fraud,"IT Act 66D, BNS 318(4)",16.145449,75.670649,P004279,P009341,P009236,SI Ganesh Rao,Chargesheeted
FIR202500286,FIR/0286/2025,PS0093,Bengaluru Rural,2025-03-05 00:21,2025-03-08 10:21,Theft,Snatching,BNS 303(2),13.207714,77.561443,P000728,P008292,P009649,SI Prakash Sharma,Closed
FIR202503126,FIR/3126/2025,PS0075,Bengaluru Rural,2025-03-06 04:39,2025-03-08 10:39,Theft,Snatching,BNS 303(2),13.203431,77.504763,P001116,P005957,P006379,SI Ganesh Rao,Under Investigation
FIR202501286,FIR/1286/2025,PS0216,Chamarajanagar,2025-03-08 05:01,2025-03-08 13:01,Robbery,Chain Snatching with Force,BNS 309(4),11.73891,76.936562,P001642,P004556,"P001857, P000043",PI Ramesh Gowda,Chargesheeted
FIR202500733,FIR/0733/2025,PS0154,Bidar,2025-03-04 07:58,2025-03-08 13:58,Assault,Grievous Hurt,"BNS 115(2), BNS 117(2)",17.876641,77.409882,P001205,P002172,P004804,SI Ravi Kumar,Chargesheeted
FIR202502924,FIR/2924/2025,PS0022,Bagalkote,2025-03-08 14:16,2025-03-08 16:16,Assault,Grievous Hurt,"BNS 115(2), BNS 117(2)",16.267748,75.618285,P003694,P008121,P001390,SI Prakash Sharma,Under Investigation
FIR202500837,FIR/0837/2025,PS0032,Ballari,2025-03-08 16:08,2025-03-08 17:08,Assault,Simple Assault,"BNS 115(2), BNS 117(2)",15.16768,76.902862,P000015,P001604,P005544,PI Harish Naik,Under Investigation
FIR202502103,FIR/2103/2025,PS0142,Bengaluru Urban,2025-03-08 12:53,2025-03-08 19:53,Dacoity,Armed Dacoity,BNS 310(2),13.11228,77.738867,P008060,P005119,P006182,SI Mahesh Bhat,Chargesheeted
FIR202501158,FIR/1158/2025,PS0040,Ballari,2025-03-07 14:19,2025-03-08 20:19,Cyber Crime,Financial Fraud,"IT Act 66D, BNS 318(4)",15.311415,76.833923,P002407,P001460,P003819,SI Ravi Kumar,Under Investigation
FIR202503188,FIR/3188/2025,PS0036,Ballari,2025-03-07 13:43,2025-03-08 22:43,POCSO,Sexual Assault on Minor,"POCSO Act Sec 4, BNS 64",15.247261,76.776838,P009338,P002319,P003544,PI Naveen Patil,Chargesheeted
FIR202504030,FIR/4030/2025,PS0110,Bengaluru Urban,2025-03-07 22:19,2025-03-09 00:19,NDPS,Drug Trafficking,NDPS Act Sec 20(b),13.17246,77.62008,P007822,P003342,P005267,SI Ganesh Rao,Chargesheeted
FIR202502787,FIR/2787/2025,PS0185,Bidar,2025-03-06 02:12,2025-03-09 03:12,Dacoity,Bank Dacoity,BNS 310(2),17.878192,77.497928,P008069,P001389,P002083,PI Ramesh Gowda,Under Investigation
FIR202502386,FIR/2386/2025,PS0246,Chikkaballapura,2025-03-08 16:49,2025-03-09 04:49,Dacoity,Bank Dacoity,BNS 310(2),13.454023,77.710801,P001285,P008732,P003608,PI Lakshmi Devi,Under Investigation
FIR202503290,FIR/3290/2025,PS0085,Bengaluru Rural,2025-03-09 00:20,2025-03-09 07:20,Assault,Simple Assault,"BNS 115(2), BNS 117(2)",13.094827,77.412126,P007586,P003367,P009549,SI Divya Hegde,Chargesheeted
FIR202504084,FIR/4084/2025,PS0104,Bengaluru Rural,2025-03-09 06:39,2025-03-09 09:39,Assault,Simple Assault,"BNS 115(2), BNS 117(2)",13.44027,77.564979,P000350,P006174,P008313,PI Naveen Patil,Chargesheeted
FIR202500302,FIR/0302/2025,PS0100,Bengaluru Rural,2025-03-08 03:52,2025-03-09 15:52,Robbery,Chain Snatching with Force,BNS 309(4),13.133473,77.54786,P001605,P004212,P001448,SI Ravi Kumar,Untraced
FIR202504222,FIR/4222/2025,PS0134,Bengaluru Urban,2025-03-09 14:40,2025-03-09 16:40,Cyber Crime,Financial Fraud,"IT Act 66D, BNS 318(4)",12.797665,77.638878,P003368,P004472,P000066,SI Divya Hegde,Chargesheeted
FIR202501482,FIR/1482/2025,PS0182,Bidar,2025-03-09 16:48,2025-03-09 19:48,Assault,Simple Assault,"BNS 115(2), BNS 117(2)",17.90535,77.675909,P008364,P000021,"P001156, P001931",SI Prakash Sharma,Under Investigation
FIR202502371,FIR/2371/2025,PS0083,Bengaluru Rural,2025-03-10 01:23,2025-03-10 07:23,NDPS,Possession of Narcotics,NDPS Act Sec 20(b),13.240361,77.570479,P008414,P005442,P006187,PI Harish Naik,Chargesheeted
FIR202501979,FIR/1979/2025,PS0172,Bidar,2025-03-09 23:33,2025-03-10 10:33,Fraud,Land Scam,BNS 318(4),17.9722,77.499033,P006181,P004567,P006501,PI Suresh Kulkarni,Chargesheeted
FIR202500016,FIR/0016/2025,PS0234,Chamarajanagar,2025-03-07 08:28,2025-03-10 11:28,Fraud,Cheating,BNS 318(4),11.997483,76.814954,P007188,P008991,P006557,SI Ravi Kumar,Under Investigation
FIR202502745,FIR/2745/2025,PS0114,Bengaluru Urban,2025-03-10 14:11,2025-03-10 15:11,NDPS,Drug Trafficking,NDPS Act Sec 20(b),12.990595,77.761752,P002968,P000728,P000899,SI Ganesh Rao,Under Investigation
FIR202500711,FIR/0711/2025,PS0139,Bengaluru Urban,2025-03-09 04:37,2025-03-10 16:37,Theft,Snatching,BNS 303(2),12.795765,77.564488,P009364,P006875,P004369,PI Naveen Patil,Chargesheeted
FIR202501913,FIR/1913/2025,PS0019,Bagalkote,2025-03-10 12:55,2025-03-10 21:55,Vehicle Theft,Two-Wheeler Theft,BNS 303(2),16.059872,75.892318,P009037,P007349,P009302,SI Prakash Sharma,Chargesheeted
FIR202500143,FIR/0143/2025,PS0178,Bidar,2025-03-10 13:35,2025-03-11 01:35,Robbery,Highway Robbery,BNS 309(4),17.868285,77.495116,P004123,P002854,P008046,PI Lakshmi Devi,Under Investigation
FIR202501336,FIR/1336/2025,PS0150,Bengaluru Urban,2025-03-10 19:39,2025-03-11 03:39,Theft,Snatching,BNS 303(2),13.097874,77.718355,P009154,P002875,P009334,SI Divya Hegde,Under Investigation
FIR202500158,FIR/0158/2025,PS0186,Bidar,2025-03-11 00:19,2025-03-11 11:19,Dacoity,Armed Dacoity,BNS 310(2),17.725577,77.490478,P008265,P005875,P008907,SI Ganesh Rao,Chargesheeted
FIR202501437,FIR/1437/2025,PS0031,Ballari,2025-03-11 09:00,2025-03-11 12:00,Theft,Snatching,BNS 303(2),14.975547,77.088829,P002449,P000360,P006495,SI Divya Hegde,Under Investigation
FIR202504823,FIR/4823/2025,PS0207,Chamarajanagar,2025-03-10 03:32,2025-03-11 12:32,Burglary,Day Burglary,"BNS 331(3), BNS 331(4)",12.061086,77.112025,P007304,P006750,P008316,SI Divya Hegde,Under Investigation
FIR202502251,FIR/2251/2025,PS0037,Ballari,2025-03-11 01:37,2025-03-11 12:37,Assault,Simple Assault,"BNS 115(2), BNS 117(2)",15.065439,77.044591,P000899,P002349,P002490,SI Prakash Sharma,Chargesheeted
FIR202502701,FIR/2701/2025,PS0121,Bengaluru Urban,2025-03-10 13:05,2025-03-11 14:05,Cyber Crime,Financial Fraud,"IT Act 66D, BNS 318(4)",13.100971,77.498437,P005068,P008529,P007521,PI Chetan Kumar,Under Investigation
FIR202504453,FIR/4453/2025,PS0167,Bidar,2025-03-10 11:59,2025-03-11 15:59,Murder,Personal Enmity,BNS 103(1),18.037943,77.416744,P001863,P009998,P003553,PI Naveen Patil,Chargesheeted
FIR202500861,FIR/0861/2025,PS0179,Bidar,2025-03-11 10:39,2025-03-11 18:39,Assault,Simple Assault,"BNS 115(2), BNS 117(2)",18.108926,77.402391,P001883,P006695,P005125,PI Suresh Kulkarni,Chargesheeted
FIR202500579,FIR/0579/2025,PS0080,Bengaluru Rural,2025-03-09 20:48,2025-03-11 21:48,Dacoity,Bank Dacoity,BNS 310(2),13.379609,77.612659,P006280,P009767,P001816,SI Mahesh Bhat,Untraced
FIR202504661,FIR/4661/2025,PS0085,Bengaluru Rural,2025-03-08 20:01,2025-03-12 00:01,Assault,Public Affray,"BNS 115(2), BNS 117(2)",13.105958,77.405737,P005075,P006258,P004356,PI Naveen Patil,Chargesheeted
FIR202502356,FIR/2356/2025,PS0121,Bengaluru Urban,2025-03-11 00:27,2025-03-12 03:27,Murder,Personal Enmity,BNS 103(1),13.080205,77.494589,P004035,P002112,P003733,SI Ganesh Rao,Chargesheeted
FIR202500624,FIR/0624/2025,PS0210,Chamarajanagar,2025-03-12 00:42,2025-03-12 03:42,Murder,Dowry Homicide,BNS 103(1),11.993483,76.783358,P006374,P009414,P009819,PI Naveen Patil,Under Investigation
FIR202500860,FIR/0860/2025,PS0098,Bengaluru Rural,2025-03-10 03:11,2025-03-12 04:11,POCSO,Sexual Assault on Minor,"POCSO Act Sec 4, BNS 64",13.287381,77.732143,P007608,P002203,P001991,PI Harish Naik,Untraced
FIR202500223,FIR/0223/2025,PS0249,Chikkaballapura,2025-03-12 00:19,2025-03-12 05:19,Robbery,Highway Robbery,BNS 309(4),13.492556,77.53784,P005964,P004242,P008996,SI Prakash Sharma,Under Investigation
FIR202501364,FIR/1364/2025,PS0167,Bidar,2025-03-12 03:37,2025-03-12 05:37,NDPS,Possession of Narcotics,NDPS Act Sec 20(b),18.049959,77.432403,P002003,P001935,P007544,SI Divya Hegde,Chargesheeted
FIR202503704,FIR/3704/2025,PS0049,Belagavi,2025-03-12 04:09,2025-03-12 09:09,Cyber Crime,Phishing,"IT Act 66D, BNS 318(4)",15.916518,74.535939,P002762,P000307,P002523,SI Ganesh Rao,Chargesheeted
FIR202502765,FIR/2765/2025,PS0216,Chamarajanagar,2025-03-12 02:09,2025-03-12 09:09,Assault,Public Affray,"BNS 115(2), BNS 117(2)",11.763834,76.973143,P006671,P007589,P003862,SI Ravi Kumar,Under Investigation
FIR202500085,FIR/0085/2025,PS0138,Bengaluru Urban,2025-03-12 01:46,2025-03-12 13:46,Fraud,Corporate Fraud,BNS 318(4),13.138696,77.432549,P006353,P000741,P001521,PI Naveen Patil,Chargesheeted
FIR202503900,FIR/3900/2025,PS0062,Belagavi,2025-03-12 07:24,2025-03-12 16:24,NDPS,Drug Trafficking,NDPS Act Sec 20(b),15.778745,74.477551,P004002,P001194,P001268,SI Mahesh Bhat,Under Investigation
FIR202500595,FIR/0595/2025,PS0249,Chikkaballapura,2025-03-11 13:47,2025-03-13 00:47,Murder,Dowry Homicide,BNS 103(1),13.478004,77.524543,P006070,P006053,P006612,SI Divya Hegde,Chargesheeted
FIR202502398,FIR/2398/2025,PS0027,Ballari,2025-03-12 20:09,2025-03-13 02:09,POCSO,Harassment,"POCSO Act Sec 4, BNS 64",15.045907,77.066809,P005702,P005163,P002587,PI Suresh Kulkarni,Under Investigation
FIR202500983,FIR/0983/2025,PS0129,Bengaluru Urban,2025-03-11 22:14,2025-03-13 04:14,Fraud,Corporate Fraud,BNS 318(4),12.792718,77.752814,P006323,P003500,P002716,PI Naveen Patil,Chargesheeted
FIR202500415,FIR/0415/2025,PS0082,Bengaluru Rural,2025-03-08 21:05,2025-03-13 07:05,NDPS,Drug Trafficking,NDPS Act Sec 20(b),13.327091,77.423322,P004852,P000491,P006529,SI Mahesh Bhat,Under Investigation
FIR202500072,FIR/0072/2025,PS0114,Bengaluru Urban,2025-03-07 20:59,2025-03-13 07:59,POCSO,Harassment,"POCSO Act Sec 4, BNS 64",12.977475,77.730163,P007286,P001099,P008191,PI Chetan Kumar,Under Investigation
FIR202502833,FIR/2833/2025,PS0106,Bengaluru Rural,2025-03-13 08:40,2025-03-13 09:40,Fraud,Land Scam,BNS 318(4),13.271694,77.54919,P001639,P002158,P008072,PI Suresh Kulkarni,Under Investigation
FIR202504097,FIR/4097/2025,PS0075,Bengaluru Rural,2025-03-13 02:14,2025-03-13 10:14,POCSO,Sexual Assault on Minor,"POCSO Act Sec 4, BNS 64",13.196181,77.529398,P000479,P006747,P005155,PI Ramesh Gowda,Under Investigation
FIR202502477,FIR/2477/2025,PS0006,Bagalkote,2025-03-12 01:35,2025-03-13 11:35,Fraud,Land Scam,BNS 318(4),16.390896,75.754834,P007707,P001147,P004151,SI Ganesh Rao,Chargesheeted
FIR202502016,FIR/2016/2025,PS0002,Bagalkote,2025-03-13 08:49,2025-03-13 12:49,Cyber Crime,Financial Fraud,"IT Act 66D, BNS 318(4)",16.109465,75.518173,P002811,P005562,P008038,PI Chetan Kumar,Under Investigation
FIR202501120,FIR/1120/2025,PS0042,Ballari,2025-03-12 07:54,2025-03-13 12:54,Fraud,Corporate Fraud,BNS 318(4),15.043787,76.999817,P009913,P000410,P000795,SI Ganesh Rao,Chargesheeted
FIR202503674,FIR/3674/2025,PS0185,Bidar,2025-03-12 21:26,2025-03-13 22:26,Fraud,Corporate Fraud,BNS 318(4),17.894078,77.489758,P002812,P008470,"P002884, P004604",SI Ganesh Rao,Chargesheeted
FIR202500972,FIR/0972/2025,PS0109,Bengaluru Rural,2025-03-10 11:08,2025-03-13 23:08,Fraud,Cheating,BNS 318(4),13.087812,77.600655,P000482,P008481,"P001261, P003968",PI Suresh Kulkarni,Chargesheeted
FIR202500133,FIR/0133/2025,PS0245,Chikkaballapura,2025-03-13 16:37,2025-03-14 00:37,Theft,Snatching,BNS 303(2),13.332516,77.782066,P008056,P002975,P004945,PI Harish Naik,Chargesheeted
FIR202501265,FIR/1265/2025,PS0177,Bidar,2025-03-14 00:07,2025-03-14 01:07,NDPS,Possession of Narcotics,NDPS Act Sec 20(b),18.041112,77.338564,P009373,P004695,P002847,SI Divya Hegde,Chargesheeted
FIR202501304,FIR/1304/2025,PS0015,Bagalkote,2025-03-10 18:07,2025-03-14 03:07,Murder,Dowry Homicide,BNS 103(1),16.046177,75.701577,P004358,P009434,P001556,SI Ganesh Rao,Under Investigation
FIR202501933,FIR/1933/2025,PS0248,Chikkaballapura,2025-03-12 18:02,2025-03-14 06:02,Fraud,Corporate Fraud,BNS 318(4),13.273364,77.770076,P004213,P006153,P009542,SI Ganesh Rao,Under Investigation
FIR202503981,FIR/3981/2025,PS0186,Bidar,2025-03-13 19:28,2025-03-14 06:28,Theft,Pocket Pick,BNS 303(2),17.743144,77.510346,P008208,P002002,P005077,SI Mahesh Bhat,Chargesheeted
FIR202503926,FIR/3926/2025,PS0123,Bengaluru Urban,2025-03-10 23:24,2025-03-14 08:24,Assault,Grievous Hurt,"BNS 115(2), BNS 117(2)",13.00994,77.490459,P000722,P008265,P003270,SI Divya Hegde,Chargesheeted
FIR202504899,FIR/4899/2025,PS0008,Bagalkote,2025-03-14 06:54,2025-03-14 11:54,NDPS,Possession of Narcotics,NDPS Act Sec 20(b),16.253814,75.51021,P005481,P007817,P007637,SI Divya Hegde,Untraced
FIR202501660,FIR/1660/2025,PS0163,Bidar,2025-03-14 11:44,2025-03-14 13:44,Burglary,Day Burglary,"BNS 331(3), BNS 331(4)",17.939069,77.569718,P007688,P000469,P007332,PI Suresh Kulkarni,Under Investigation
FIR202504602,FIR/4602/2025,PS0248,Chikkaballapura,2025-03-13 13:01,2025-03-14 20:01,Theft,Snatching,BNS 303(2),13.270731,77.766698,P009423,P001699,P008805,SI Prakash Sharma,Under Investigation
FIR202504001,FIR/4001/2025,PS0016,Bagalkote,2025-03-12 15:18,2025-03-15 01:18,Theft,Snatching,BNS 303(2),15.964631,75.6425,P002339,P006367,P008165,PI Lakshmi Devi,Chargesheeted
FIR202504917,FIR/4917/2025,PS0011,Bagalkote,2025-03-15 03:13,2025-03-15 07:13,Vehicle Theft,Car Theft,BNS 303(2),16.137929,75.68038,P005141,P005527,P003716,PI Harish Naik,Chargesheeted
FIR202501256,FIR/1256/2025,PS0006,Bagalkote,2025-03-15 03:38,2025-03-15 07:38,Vehicle Theft,Two-Wheeler Theft,BNS 303(2),16.382665,75.772618,P004432,P006416,P009299,PI Ramesh Gowda,Chargesheeted
FIR202500803,FIR/0803/2025,PS0181,Bidar,2025-03-15 00:53,2025-03-15 09:53,Fraud,Corporate Fraud,BNS 318(4),18.009066,77.422801,P003494,P003001,P000822,PI Chetan Kumar,Under Investigation
FIR202502493,FIR/2493/2025,PS0084,Bengaluru Rural,2025-03-14 08:11,2025-03-15 11:11,Dacoity,Armed Dacoity,BNS 310(2),13.151666,77.551994,P007670,P008954,"P007668, P005057",SI Mahesh Bhat,Untraced
FIR202504733,FIR/4733/2025,PS0183,Bidar,2025-03-15 01:54,2025-03-15 11:54,POCSO,Sexual Assault on Minor,"POCSO Act Sec 4, BNS 64",17.779468,77.4023,P006355,P007883,P001096,SI Mahesh Bhat,Chargesheeted
FIR202502056,FIR/2056/2025,PS0134,Bengaluru Urban,2025-03-15 03:57,2025-03-15 11:57,Assault,Public Affray,"BNS 115(2), BNS 117(2)",12.809683,77.665266,P009709,P009996,P000697,PI Naveen Patil,Chargesheeted
FIR202500948,FIR/0948/2025,PS0227,Chamarajanagar,2025-03-10 10:51,2025-03-15 12:51,Murder,Dowry Homicide,BNS 103(1),11.913934,76.925316,P008759,P007946,P000891,PI Lakshmi Devi,Chargesheeted
FIR202501484,FIR/1484/2025,PS0167,Bidar,2025-03-14 12:33,2025-03-15 15:33,Assault,Simple Assault,"BNS 115(2), BNS 117(2)",18.059524,77.430954,P005509,P001489,P003316,PI Lakshmi Devi,Chargesheeted
FIR202500751,FIR/0751/2025,PS0133,Bengaluru Urban,2025-03-15 05:45,2025-03-15 17:45,Cyber Crime,Phishing,"IT Act 66D, BNS 318(4)",12.998598,77.536952,P009175,P000308,P009332,SI Mahesh Bhat,Chargesheeted
FIR202501504,FIR/1504/2025,PS0057,Belagavi,2025-03-14 18:45,2025-03-15 20:45,Burglary,Night House Breaking,"BNS 331(3), BNS 331(4)",15.666049,74.397557,P003133,P007898,P001316,PI Chetan Kumar,Chargesheeted
FIR202501459,FIR/1459/2025,PS0230,Chamarajanagar,2025-03-13 21:15,2025-03-16 02:15,Cyber Crime,Phishing,"IT Act 66D, BNS 318(4)",11.740384,77.059197,P005481,P008746,P004343,SI Prakash Sharma,Chargesheeted
FIR202501889,FIR/1889/2025,PS0137,Bengaluru Urban,2025-03-15 17:58,2025-03-16 04:58,Fraud,Corporate Fraud,BNS 318(4),12.878463,77.729209,P004968,P004702,P008918,SI Ganesh Rao,Under Investigation
FIR202502700,FIR/2700/2025,PS0229,Chamarajanagar,2025-03-14 00:05,2025-03-16 08:05,POCSO,Sexual Assault on Minor,"POCSO Act Sec 4, BNS 64",12.041956,77.003587,P000858,P009959,P007337,PI Ramesh Gowda,Under Investigation
FIR202502423,FIR/2423/2025,PS0044,Ballari,2025-03-16 04:07,2025-03-16 08:07,Vehicle Theft,Car Theft,BNS 303(2),15.313461,76.932389,P004409,P002743,P007270,SI Mahesh Bhat,Chargesheeted
FIR202504397,FIR/4397/2025,PS0158,Bidar,2025-03-16 04:04,2025-03-16 09:04,Assault,Simple Assault,"BNS 115(2), BNS 117(2)",17.903969,77.516768,P008683,P003803,P004776,SI Mahesh Bhat,Chargesheeted
FIR202503932,FIR/3932/2025,PS0184,Bidar,2025-03-16 07:11,2025-03-16 10:11,Robbery,Highway Robbery,BNS 309(4),17.901385,77.618549,P003739,P007161,P001271,SI Mahesh Bhat,Chargesheeted
FIR202503121,FIR/3121/2025,PS0063,Belagavi,2025-03-16 02:14,2025-03-16 11:14,Assault,Simple Assault,"BNS 115(2), BNS 117(2)",16.001965,74.699111,P003733,P004556,P008341,SI Ganesh Rao,Chargesheeted
FIR202504725,FIR/4725/2025,PS0150,Bengaluru Urban,2025-03-16 09:30,2025-03-16 12:30,Assault,Simple Assault,"BNS 115(2), BNS 117(2)",13.072864,77.725182,P002461,P005635,"P001212, P001530",PI Ramesh Gowda,Under Investigation
FIR202500379,FIR/0379/2025,PS0220,Chamarajanagar,2025-03-16 10:18,2025-03-16 13:18,Assault,Grievous Hurt,"BNS 115(2), BNS 117(2)",11.794823,76.793067,P003367,P003016,P005957,PI Suresh Kulkarni,Chargesheeted
FIR202503364,FIR/3364/2025,PS0137,Bengaluru Urban,2025-03-14 17:00,2025-03-16 19:00,Vehicle Theft,Car Theft,BNS 303(2),12.868294,77.711353,P000561,P005170,P009299,SI Ravi Kumar,Untraced
FIR202501862,FIR/1862/2025,PS0033,Ballari,2025-03-16 19:55,2025-03-16 20:55,Murder,Personal Enmity,BNS 103(1),15.042963,76.80126,P006285,P009034,P001636,PI Lakshmi Devi,Chargesheeted
FIR202503738,FIR/3738/2025,PS0194,Chamarajanagar,2025-03-16 17:20,2025-03-16 22:20,Murder,Personal Enmity,BNS 103(1),11.797796,76.884447,P000681,P009296,P003737,PI Harish Naik,Chargesheeted
FIR202501294,FIR/1294/2025,PS0104,Bengaluru Rural,2025-03-16 14:00,2025-03-17 01:00,Burglary,Day Burglary,"BNS 331(3), BNS 331(4)",13.408262,77.554638,P003132,P002284,P007850,PI Naveen Patil,Untraced
FIR202504422,FIR/4422/2025,PS0198,Chamarajanagar,2025-03-17 00:53,2025-03-17 01:53,Fraud,Land Scam,BNS 318(4),11.824464,77.068782,P003342,P002989,"P000668, P002087",SI Divya Hegde,Chargesheeted
FIR202500819,FIR/0819/2025,PS0063,Belagavi,2025-03-11 15:30,2025-03-17 03:30,POCSO,Sexual Assault on Minor,"POCSO Act Sec 4, BNS 64",16.007767,74.704046,P004398,P002023,P007582,SI Prakash Sharma,Chargesheeted
FIR202502558,FIR/2558/2025,PS0011,Bagalkote,2025-03-17 02:25,2025-03-17 04:25,POCSO,Harassment,"POCSO Act Sec 4, BNS 64",16.138267,75.659872,P004679,P001278,P008048,SI Mahesh Bhat,Chargesheeted
FIR202503052,FIR/3052/2025,PS0011,Bagalkote,2025-03-14 04:23,2025-03-17 07:23,Vehicle Theft,Car Theft,BNS 303(2),16.146477,75.66765,P006716,P001100,"P007780, P000599",PI Naveen Patil,Under Investigation
FIR202500753,FIR/0753/2025,PS0092,Bengaluru Rural,2025-03-17 04:27,2025-03-17 09:27,Cyber Crime,Identity Theft,"IT Act 66D, BNS 318(4)",13.055474,77.478275,P008353,P007187,P001206,SI Ravi Kumar,Chargesheeted
FIR202501529,FIR/1529/2025,PS0183,Bidar,2025-03-17 11:09,2025-03-17 16:09,POCSO,Sexual Assault on Minor,"POCSO Act Sec 4, BNS 64",17.782627,77.388881,P007917,P001130,"P005644, P009836",SI Prakash Sharma,Untraced
FIR202501619,FIR/1619/2025,PS0225,Chamarajanagar,2025-03-17 06:01,2025-03-17 17:01,Burglary,Night House Breaking,"BNS 331(3), BNS 331(4)",12.013751,76.788973,P001528,P001389,P001040,SI Prakash Sharma,Under Investigation
FIR202503322,FIR/3322/2025,PS0170,Bidar,2025-03-13 17:03,2025-03-17 22:03,Theft,House Theft,BNS 303(2),17.882567,77.372982,P001732,P002513,P009007,PI Ramesh Gowda,Under Investigation
FIR202504175,FIR/4175/2025,PS0235,Chikkaballapura,2025-03-13 12:25,2025-03-17 23:25,Cyber Crime,Financial Fraud,"IT Act 66D, BNS 318(4)",13.277103,77.563936,P002006,P006475,P010000,SI Ganesh Rao,Under Investigation
FIR202504780,FIR/4780/2025,PS0015,Bagalkote,2025-03-18 01:37,2025-03-18 03:37,Cyber Crime,Financial Fraud,"IT Act 66D, BNS 318(4)",16.055139,75.701367,P009233,P001789,P006670,PI Lakshmi Devi,Chargesheeted
FIR202501525,FIR/1525/2025,PS0155,Bidar,2025-03-15 22:37,2025-03-18 03:37,Assault,Public Affray,"BNS 115(2), BNS 117(2)",17.966415,77.33715,P001671,P004261,P006626,SI Ravi Kumar,Under Investigation
FIR202501210,FIR/1210/2025,PS0135,Bengaluru Urban,2025-03-18 02:59,2025-03-18 08:59,Cyber Crime,Financial Fraud,"IT Act 66D, BNS 318(4)",12.917707,77.445426,P000610,P008063,P006705,SI Ravi Kumar,Untraced
FIR202503333,FIR/3333/2025,PS0229,Chamarajanagar,2025-03-18 07:29,2025-03-18 09:29,Fraud,Land Scam,BNS 318(4),12.057141,77.013291,P008612,P006002,P005652,PI Chetan Kumar,Under Investigation
FIR202500943,FIR/0943/2025,PS0140,Bengaluru Urban,2025-03-16 23:15,2025-03-18 11:15,Fraud,Cheating,BNS 318(4),13.036925,77.683169,P008093,P005019,P004622,PI Harish Naik,Under Investigation
FIR202500003,FIR/0003/2025,PS0002,Bagalkote,2025-03-18 07:26,2025-03-18 12:26,Dacoity,Bank Dacoity,BNS 310(2),16.115307,75.492875,P009920,P008957,"P009050, P009025",PI Lakshmi Devi,Chargesheeted
FIR202502219,FIR/2219/2025,PS0172,Bidar,2025-03-17 09:46,2025-03-18 12:46,Assault,Grievous Hurt,"BNS 115(2), BNS 117(2)",17.953948,77.498912,P005240,P005734,P007489,SI Divya Hegde,Chargesheeted
FIR202503652,FIR/3652/2025,PS0210,Chamarajanagar,2025-03-18 05:47,2025-03-18 15:47,Murder,Gang Conflict,BNS 103(1),11.992949,76.816646,P007972,P004766,P004196,PI Chetan Kumar,Chargesheeted
FIR202504332,FIR/4332/2025,PS0164,Bidar,2025-03-15 07:08,2025-03-18 16:08,Fraud,Land Scam,BNS 318(4),17.951971,77.480027,P001931,P005373,P003630,PI Suresh Kulkarni,Chargesheeted
FIR202504785,FIR/4785/2025,PS0077,Bengaluru Rural,2025-03-14 09:13,2025-03-18 19:13,POCSO,Sexual Assault on Minor,"POCSO Act Sec 4, BNS 64",13.361928,77.631448,P004432,P009893,P007650,PI Chetan Kumar,Chargesheeted
FIR202501077,FIR/1077/2025,PS0153,Bidar,2025-03-18 14:28,2025-03-19 00:28,NDPS,Drug Trafficking,NDPS Act Sec 20(b),17.751597,77.330679,P003519,P002418,P001131,SI Divya Hegde,Closed
FIR202504118,FIR/4118/2025,PS0121,Bengaluru Urban,2025-03-18 21:31,2025-03-19 01:31,Cyber Crime,Phishing,"IT Act 66D, BNS 318(4)",13.101117,77.489525,P008326,P002814,P007637,SI Prakash Sharma,Under Investigation
FIR202504722,FIR/4722/2025,PS0250,Chikkaballapura,2025-03-14 21:46,2025-03-19 02:46,Vehicle Theft,Two-Wheeler Theft,BNS 303(2),13.568781,77.787297,P001070,P007966,P000777,SI Ganesh Rao,Chargesheeted
FIR202501200,FIR/1200/2025,PS0229,Chamarajanagar,2025-03-17 16:15,2025-03-19 03:15,POCSO,Harassment,"POCSO Act Sec 4, BNS 64",12.028057,77.013113,P000094,P009364,P006530,SI Mahesh Bhat,Closed
FIR202504025,FIR/4025/2025,PS0143,Bengaluru Urban,2025-03-17 23:58,2025-03-19 03:58,Fraud,Cheating,BNS 318(4),12.7987,77.415039,P008939,P007782,"P002042, P002341",PI Lakshmi Devi,Chargesheeted
FIR202503586,FIR/3586/2025,PS0018,Bagalkote,2025-03-19 02:30,2025-03-19 06:30,Assault,Grievous Hurt,"BNS 115(2), BNS 117(2)",16.203351,75.779769,P005208,P001297,P007338,PI Harish Naik,Chargesheeted
FIR202501050,FIR/1050/2025,PS0115,Bengaluru Urban,2025-03-16 19:54,2025-03-19 07:54,Burglary,Night House Breaking,"BNS 331(3), BNS 331(4)",12.89085,77.379149,P008190,P009614,P009674,SI Ravi Kumar,Chargesheeted
FIR202502341,FIR/2341/2025,PS0032,Ballari,2025-03-19 04:36,2025-03-19 08:36,Theft,House Theft,BNS 303(2),15.164373,76.887006,P008953,P004769,P004779,PI Ramesh Gowda,Chargesheeted
FIR202500283,FIR/0283/2025,PS0084,Bengaluru Rural,2025-03-18 23:32,2025-03-19 09:32,Assault,Public Affray,"BNS 115(2), BNS 117(2)",13.16106,77.550565,P005680,P005198,P003393,SI Mahesh Bhat,Under Investigation
FIR202500945,FIR/0945/2025,PS0085,Bengaluru Rural,2025-03-17 00:32,2025-03-19 09:32,Vehicle Theft,Car Theft,BNS 303(2),13.107763,77.407225,P005466,P002607,P000153,PI Harish Naik,Chargesheeted
FIR202503221,FIR/3221/2025,PS0004,Bagalkote,2025-03-18 22:12,2025-03-19 10:12,POCSO,Sexual Assault on Minor,"POCSO Act Sec 4, BNS 64",16.044432,75.682307,P001997,P001361,P003852,PI Ramesh Gowda,Under Investigation
FIR202502988,FIR/2988/2025,PS0174,Bidar,2025-03-19 07:27,2025-03-19 15:27,Murder,Gang Conflict,BNS 103(1),17.87747,77.557422,P003933,P006030,P007989,PI Harish Naik,Chargesheeted
FIR202503953,FIR/3953/2025,PS0096,Bengaluru Rural,2025-03-18 06:07,2025-03-19 17:07,Burglary,Day Burglary,"BNS 331(3), BNS 331(4)",13.140364,77.47645,P001348,P001856,P006442,PI Harish Naik,Chargesheeted
FIR202502098,FIR/2098/2025,PS0180,Bidar,2025-03-17 08:53,2025-03-19 19:53,Fraud,Land Scam,BNS 318(4),18.056829,77.416883,P009804,P003325,P004913,PI Lakshmi Devi,Chargesheeted
FIR202501021,FIR/1021/2025,PS0202,Chamarajanagar,2025-03-17 09:21,2025-03-19 20:21,Cyber Crime,Phishing,"IT Act 66D, BNS 318(4)",11.938431,76.883081,P003061,P001349,P008580,SI Mahesh Bhat,Under Investigation
FIR202501855,FIR/1855/2025,PS0213,Chamarajanagar,2025-03-18 17:23,2025-03-19 20:23,Vehicle Theft,Two-Wheeler Theft,BNS 303(2),12.037922,76.917874,P003296,P006493,P008875,SI Mahesh Bhat,Chargesheeted
FIR202502129,FIR/2129/2025,PS0147,Bengaluru Urban,2025-03-18 10:29,2025-03-19 20:29,Robbery,Highway Robbery,BNS 309(4),12.898704,77.543536,P005895,P009607,P005130,SI Ravi Kumar,Chargesheeted
FIR202503149,FIR/3149/2025,PS0043,Ballari,2025-03-19 18:04,2025-03-19 21:04,Murder,Gang Conflict,BNS 103(1),14.947729,76.991424,P006010,P007762,P007162,PI Lakshmi Devi,Chargesheeted
FIR202502877,FIR/2877/2025,PS0116,Bengaluru Urban,2025-03-19 13:51,2025-03-19 21:51,Vehicle Theft,Car Theft,BNS 303(2),12.990923,77.550647,P006519,P003178,"P003454, P007520",SI Ganesh Rao,Chargesheeted
FIR202503587,FIR/3587/2025,PS0026,Ballari,2025-03-18 18:45,2025-03-20 02:45,Cyber Crime,Phishing,"IT Act 66D, BNS 318(4)",15.240336,76.973668,P008736,P002248,P007353,SI Prakash Sharma,Under Investigation
FIR202504373,FIR/4373/2025,PS0086,Bengaluru Rural,2025-03-18 23:02,2025-03-20 03:02,Burglary,Night House Breaking,"BNS 331(3), BNS 331(4)",13.334824,77.482648,P002935,P000743,P002145,SI Mahesh Bhat,Untraced
FIR202503309,FIR/3309/2025,PS0228,Chamarajanagar,2025-03-19 23:15,2025-03-20 03:15,POCSO,Harassment,"POCSO Act Sec 4, BNS 64",12.105872,77.112456,P005353,P008412,P002878,SI Ganesh Rao,Under Investigation
FIR202504519,FIR/4519/2025,PS0037,Ballari,2025-03-19 22:23,2025-03-20 04:23,Fraud,Cheating,BNS 318(4),15.070326,77.056243,P002953,P006848,P004633,SI Mahesh Bhat,Untraced
FIR202504005,FIR/4005/2025,PS0063,Belagavi,2025-03-16 01:15,2025-03-20 05:15,Murder,Personal Enmity,BNS 103(1),16.015313,74.705471,P005783,P003975,P006043,SI Prakash Sharma,Chargesheeted
FIR202504324,FIR/4324/2025,PS0168,Bidar,2025-03-17 20:32,2025-03-20 07:32,Burglary,Day Burglary,"BNS 331(3), BNS 331(4)",17.700676,77.65253,P002388,P006271,P007451,PI Ramesh Gowda,Chargesheeted
FIR202500457,FIR/0457/2025,PS0068,Belagavi,2025-03-19 21:50,2025-03-20 07:50,NDPS,Drug Trafficking,NDPS Act Sec 20(b),16.044946,74.385158,P008924,P002515,P009193,PI Ramesh Gowda,Chargesheeted
FIR202503381,FIR/3381/2025,PS0097,Bengaluru Rural,2025-03-18 07:43,2025-03-20 10:43,Cyber Crime,Identity Theft,"IT Act 66D, BNS 318(4)",13.117587,77.47102,P004859,P008619,P006212,SI Divya Hegde,Under Investigation
FIR202504064,FIR/4064/2025,PS0238,Chikkaballapura,2025-03-19 02:10,2025-03-20 13:10,Burglary,Night House Breaking,"BNS 331(3), BNS 331(4)",13.313937,77.912502,P008826,P005561,P006387,SI Ravi Kumar,Chargesheeted
FIR202501514,FIR/1514/2025,PS0190,Bidar,2025-03-20 12:56,2025-03-20 16:56,Vehicle Theft,Two-Wheeler Theft,BNS 303(2),17.760691,77.595559,P005740,P001832,P004195,PI Naveen Patil,Under Investigation
FIR202503124,FIR/3124/2025,PS0080,Bengaluru Rural,2025-03-19 10:20,2025-03-20 22:20,Vehicle Theft,Car Theft,BNS 303(2),13.392794,77.598662,P008554,P007344,P003600,SI Ganesh Rao,Chargesheeted
FIR202501495,FIR/1495/2025,PS0090,Bengaluru Rural,2025-03-20 18:28,2025-03-21 02:28,NDPS,Drug Trafficking,NDPS Act Sec 20(b),13.393501,77.492674,P002903,P000502,"P008632, P000603",PI Harish Naik,Under Investigation
FIR202503433,FIR/3433/2025,PS0235,Chikkaballapura,2025-03-21 03:01,2025-03-21 05:01,Cyber Crime,Financial Fraud,"IT Act 66D, BNS 318(4)",13.298733,77.537963,P009316,P000977,P008483,SI Mahesh Bhat,Under Investigation
FIR202503668,FIR/3668/2025,PS0151,Bengaluru Urban,2025-03-20 18:02,2025-03-21 05:02,Cyber Crime,Phishing,"IT Act 66D, BNS 318(4)",12.880836,77.463774,P007679,P007867,P005380,PI Harish Naik,Chargesheeted
FIR202501147,FIR/1147/2025,PS0180,Bidar,2025-03-20 22:46,2025-03-21 10:46,Assault,Public Affray,"BNS 115(2), BNS 117(2)",18.058726,77.418416,P005136,P009310,P000946,SI Divya Hegde,Untraced
FIR202502227,FIR/2227/2025,PS0057,Belagavi,2025-03-17 03:14,2025-03-21 13:14,Murder,Personal Enmity,BNS 103(1),15.682714,74.43092,P005770,P001153,P001663,PI Naveen Patil,Under Investigation
FIR202503361,FIR/3361/2025,PS0158,Bidar,2025-03-21 07:07,2025-03-21 18:07,Assault,Grievous Hurt,"BNS 115(2), BNS 117(2)",17.934447,77.520815,P007113,P000813,"P000636, P009095",PI Lakshmi Devi,Under Investigation
FIR202503262,FIR/3262/2025,PS0240,Chikkaballapura,2025-03-19 08:03,2025-03-21 19:03,Vehicle Theft,Car Theft,BNS 303(2),13.397906,77.812669,P003552,P006122,P003473,SI Ganesh Rao,Chargesheeted
FIR202500876,FIR/0876/2025,PS0222,Chamarajanagar,2025-03-21 10:30,2025-03-21 19:30,Cyber Crime,Phishing,"IT Act 66D, BNS 318(4)",11.925408,76.7562,P003254,P009089,P000584,SI Ravi Kumar,Untraced
FIR202501068,FIR/1068/2025,PS0140,Bengaluru Urban,2025-03-16 14:09,2025-03-21 21:09,NDPS,Drug Trafficking,NDPS Act Sec 20(b),13.036413,77.654809,P006247,P002960,P006827,PI Ramesh Gowda,Under Investigation
FIR202500909,FIR/0909/2025,PS0108,Bengaluru Rural,2025-03-21 21:28,2025-03-21 23:28,Assault,Simple Assault,"BNS 115(2), BNS 117(2)",13.207563,77.43033,P007292,P005342,P003048,SI Mahesh Bhat,Chargesheeted
FIR202500410,FIR/0410/2025,PS0113,Bengaluru Urban,2025-03-21 22:07,2025-03-22 03:07,Robbery,Highway Robbery,BNS 309(4),13.15148,77.497664,P000342,P009026,P005774,SI Mahesh Bhat,Under Investigation
FIR202502637,FIR/2637/2025,PS0038,Ballari,2025-03-21 22:31,2025-03-22 03:31,Dacoity,Bank Dacoity,BNS 310(2),15.060742,77.074916,P006537,P009704,P001358,PI Naveen Patil,Untraced
FIR202502609,FIR/2609/2025,PS0008,Bagalkote,2025-03-20 00:32,2025-03-22 05:32,NDPS,Possession of Narcotics,NDPS Act Sec 20(b),16.260621,75.529561,P001384,P003833,"P000436, P008884",PI Harish Naik,Under Investigation
FIR202501411,FIR/1411/2025,PS0132,Bengaluru Urban,2025-03-22 03:24,2025-03-22 06:24,Fraud,Corporate Fraud,BNS 318(4),12.994611,77.652385,P002128,P003657,P009719,SI Mahesh Bhat,Chargesheeted
FIR202500225,FIR/0225/2025,PS0059,Belagavi,2025-03-22 02:07,2025-03-22 11:07,Robbery,Chain Snatching with Force,BNS 309(4),15.81673,74.52124,P004299,P009047,P009725,PI Chetan Kumar,Chargesheeted
FIR202502158,FIR/2158/2025,PS0170,Bidar,2025-03-20 18:50,2025-03-22 20:50,Assault,Simple Assault,"BNS 115(2), BNS 117(2)",17.875688,77.380285,P001571,P004530,P006608,SI Mahesh Bhat,Under Investigation
FIR202500604,FIR/0604/2025,PS0121,Bengaluru Urban,2025-03-20 15:07,2025-03-22 22:07,Robbery,Highway Robbery,BNS 309(4),13.089125,77.492012,P002308,P004011,P001133,PI Ramesh Gowda,Untraced
FIR202503575,FIR/3575/2025,PS0236,Chikkaballapura,2025-03-20 04:07,2025-03-23 10:07,Assault,Grievous Hurt,"BNS 115(2), BNS 117(2)",13.63803,77.922436,P005877,P006394,P000169,SI Ravi Kumar,Chargesheeted
FIR202502516,FIR/2516/2025,PS0080,Bengaluru Rural,2025-03-23 02:46,2025-03-23 10:46,Burglary,Night House Breaking,"BNS 331(3), BNS 331(4)",13.369446,77.608938,P007759,P003864,P008957,SI Divya Hegde,Under Investigation
FIR202501866,FIR/1866/2025,PS0045,Ballari,2025-03-21 07:18,2025-03-23 11:18,Vehicle Theft,Two-Wheeler Theft,BNS 303(2),14.977434,76.897896,P003164,P000376,P004026,SI Prakash Sharma,Untraced
FIR202504202,FIR/4202/2025,PS0049,Belagavi,2025-03-23 10:43,2025-03-23 11:43,NDPS,Possession of Narcotics,NDPS Act Sec 20(b),15.902456,74.525505,P007037,P009705,P006947,PI Suresh Kulkarni,Under Investigation
FIR202500065,FIR/0065/2025,PS0240,Chikkaballapura,2025-03-22 04:38,2025-03-23 12:38,Murder,Dowry Homicide,BNS 103(1),13.387934,77.833366,P000856,P004426,P002326,SI Ganesh Rao,Chargesheeted
FIR202502801,FIR/2801/2025,PS0238,Chikkaballapura,2025-03-22 10:56,2025-03-23 14:56,Dacoity,Armed Dacoity,BNS 310(2),13.316435,77.934727,P007898,P004735,P005428,PI Naveen Patil,Under Investigation
FIR202504177,FIR/4177/2025,PS0133,Bengaluru Urban,2025-03-20 08:44,2025-03-23 15:44,NDPS,Drug Trafficking,NDPS Act Sec 20(b),13.007779,77.52485,P001943,P003166,P003242,SI Prakash Sharma,Under Investigation
FIR202503146,FIR/3146/2025,PS0131,Bengaluru Urban,2025-03-23 09:27,2025-03-23 16:27,NDPS,Drug Trafficking,NDPS Act Sec 20(b),12.987708,77.641956,P003623,P003732,"P009199, P007054",PI Chetan Kumar,Chargesheeted
FIR202501463,FIR/1463/2025,PS0248,Chikkaballapura,2025-03-23 10:42,2025-03-23 20:42,POCSO,Sexual Assault on Minor,"POCSO Act Sec 4, BNS 64",13.235427,77.786779,P001655,P001366,P000781,SI Ganesh Rao,Chargesheeted
FIR202501643,FIR/1643/2025,PS0201,Chamarajanagar,2025-03-23 12:05,2025-03-23 21:05,Fraud,Corporate Fraud,BNS 318(4),12.01031,76.836339,P008380,P000702,P009759,SI Divya Hegde,Under Investigation
FIR202501799,FIR/1799/2025,PS0104,Bengaluru Rural,2025-03-22 09:25,2025-03-23 21:25,Murder,Dowry Homicide,BNS 103(1),13.408156,77.529672,P005875,P004733,P003365,PI Suresh Kulkarni,Under Investigation
FIR202503320,FIR/3320/2025,PS0132,Bengaluru Urban,2025-03-21 14:32,2025-03-23 22:32,Assault,Simple Assault,"BNS 115(2), BNS 117(2)",12.981218,77.688438,P004903,P009583,P008837,SI Ganesh Rao,Chargesheeted
FIR202501300,FIR/1300/2025,PS0141,Bengaluru Urban,2025-03-23 21:45,2025-03-23 22:45,Cyber Crime,Identity Theft,"IT Act 66D, BNS 318(4)",12.873985,77.393236,P000750,P007318,P008680,PI Lakshmi Devi,Under Investigation
FIR202504827,FIR/4827/2025,PS0033,Ballari,2025-03-18 12:28,2025-03-24 00:28,Assault,Grievous Hurt,"BNS 115(2), BNS 117(2)",15.013682,76.816659,P005969,P006693,P005469,PI Naveen Patil,Chargesheeted
FIR202502261,FIR/2261/2025,PS0131,Bengaluru Urban,2025-03-23 17:31,2025-03-24 00:31,Cyber Crime,Phishing,"IT Act 66D, BNS 318(4)",13.019371,77.621806,P001076,P008433,P002231,SI Ravi Kumar,Under Investigation
FIR202500450,FIR/0450/2025,PS0136,Bengaluru Urban,2025-03-23 18:59,2025-03-24 00:59,Cyber Crime,Financial Fraud,"IT Act 66D, BNS 318(4)",12.819069,77.609868,P009500,P003485,P001969,PI Lakshmi Devi,Chargesheeted
FIR202504259,FIR/4259/2025,PS0211,Chamarajanagar,2025-03-22 21:26,2025-03-24 04:26,Burglary,Night House Breaking,"BNS 331(3), BNS 331(4)",11.809611,77.075581,P001577,P003117,P004832,SI Prakash Sharma,Chargesheeted
FIR202503069,FIR/3069/2025,PS0089,Bengaluru Rural,2025-03-22 02:07,2025-03-24 10:07,Robbery,Chain Snatching with Force,BNS 309(4),13.357663,77.609377,P007302,P001482,P001969,PI Suresh Kulkarni,Chargesheeted
FIR202502998,FIR/2998/2025,PS0174,Bidar,2025-03-23 10:36,2025-03-24 14:36,Dacoity,Armed Dacoity,BNS 310(2),17.853673,77.547939,P007016,P000591,P005653,PI Lakshmi Devi,Chargesheeted
FIR202504535,FIR/4535/2025,PS0214,Chamarajanagar,2025-03-21 13:26,2025-03-24 15:26,Burglary,Night House Breaking,"BNS 331(3), BNS 331(4)",11.927341,76.850399,P003118,P005869,P005159,PI Chetan Kumar,Chargesheeted
FIR202502715,FIR/2715/2025,PS0161,Bidar,2025-03-24 13:08,2025-03-24 16:08,POCSO,Sexual Assault on Minor,"POCSO Act Sec 4, BNS 64",17.97605,77.529025,P005859,P008915,P002380,SI Divya Hegde,Under Investigation
FIR202502712,FIR/2712/2025,PS0052,Belagavi,2025-03-24 12:22,2025-03-24 16:22,Dacoity,Armed Dacoity,BNS 310(2),15.904589,74.294376,P006790,P003052,P009225,PI Lakshmi Devi,Chargesheeted
FIR202501910,FIR/1910/2025,PS0212,Chamarajanagar,2025-03-24 20:15,2025-03-25 04:15,Robbery,Chain Snatching with Force,BNS 309(4),12.044655,76.847256,P009072,P002249,P005414,PI Chetan Kumar,Under Investigation
FIR202500114,FIR/0114/2025,PS0122,Bengaluru Urban,2025-03-24 19:47,2025-03-25 05:47,Cyber Crime,Phishing,"IT Act 66D, BNS 318(4)",13.133602,77.539342,P005074,P000244,P002018,PI Harish Naik,Under Investigation
FIR202504653,FIR/4653/2025,PS0192,Bidar,2025-03-25 05:40,2025-03-25 06:40,Cyber Crime,Identity Theft,"IT Act 66D, BNS 318(4)",17.990135,77.326419,P004557,P006108,P001078,PI Lakshmi Devi,Under Investigation
FIR202500091,FIR/0091/2025,PS0162,Bidar,2025-03-24 05:24,2025-03-25 07:24,Assault,Simple Assault,"BNS 115(2), BNS 117(2)",18.013928,77.485237,P002194,P005584,P001762,PI Harish Naik,Under Investigation
FIR202501320,FIR/1320/2025,PS0011,Bagalkote,2025-03-23 00:11,2025-03-25 08:11,Fraud,Corporate Fraud,BNS 318(4),16.137121,75.668828,P007468,P006027,P008859,PI Lakshmi Devi,Chargesheeted
FIR202502727,FIR/2727/2025,PS0056,Belagavi,2025-03-22 21:13,2025-03-25 08:13,Assault,Public Affray,"BNS 115(2), BNS 117(2)",15.745252,74.590602,P009108,P007744,P000881,PI Chetan Kumar,Chargesheeted
FIR202504935,FIR/4935/2025,PS0135,Bengaluru Urban,2025-03-24 09:31,2025-03-25 10:31,Vehicle Theft,Car Theft,BNS 303(2),12.929046,77.440793,P003443,P000695,P009186,PI Chetan Kumar,Untraced
FIR202503517,FIR/3517/2025,PS0227,Chamarajanagar,2025-03-25 06:48,2025-03-25 10:48,Burglary,Day Burglary,"BNS 331(3), BNS 331(4)",11.913447,76.912681,P008135,P005429,P001622,PI Harish Naik,Under Investigation
FIR202503676,FIR/3676/2025,PS0135,Bengaluru Urban,2025-03-25 06:54,2025-03-25 10:54,Fraud,Cheating,BNS 318(4),12.905441,77.429132,P007912,P006087,P003192,SI Divya Hegde,Untraced
FIR202500951,FIR/0951/2025,PS0229,Chamarajanagar,2025-03-25 04:56,2025-03-25 13:56,NDPS,Drug Trafficking,NDPS Act Sec 20(b),12.032312,77.005706,P001471,P001784,P006233,PI Chetan Kumar,Closed
FIR202500190,FIR/0190/2025,PS0142,Bengaluru Urban,2025-03-24 12:02,2025-03-25 14:02,NDPS,Drug Trafficking,NDPS Act Sec 20(b),13.111008,77.752543,P006701,P003168,P005603,PI Harish Naik,Chargesheeted
FIR202504945,FIR/4945/2025,PS0049,Belagavi,2025-03-24 09:44,2025-03-25 15:44,Theft,Pocket Pick,BNS 303(2),15.900049,74.537728,P005571,P008886,P000911,SI Prakash Sharma,Under Investigation
FIR202503418,FIR/3418/2025,PS0063,Belagavi,2025-03-22 08:50,2025-03-25 16:50,Vehicle Theft,Car Theft,BNS 303(2),16.027765,74.677905,P005612,P006224,P001502,SI Prakash Sharma,Chargesheeted
FIR202503489,FIR/3489/2025,PS0207,Chamarajanagar,2025-03-21 11:08,2025-03-25 17:08,Fraud,Corporate Fraud,BNS 318(4),12.076461,77.1325,P009507,P006802,P002392,PI Chetan Kumar,Closed
FIR202502109,FIR/2109/2025,PS0072,Bengaluru Rural,2025-03-25 16:11,2025-03-25 23:11,Robbery,Chain Snatching with Force,BNS 309(4),13.316163,77.633255,P001222,P000044,"P002193, P000113",SI Ganesh Rao,Chargesheeted
FIR202501378,FIR/1378/2025,PS0123,Bengaluru Urban,2025-03-25 13:16,2025-03-25 23:16,Theft,Pocket Pick,BNS 303(2),13.026177,77.479069,P009035,P004082,P003918,PI Harish Naik,Under Investigation
FIR202500568,FIR/0568/2025,PS0145,Bengaluru Urban,2025-03-22 14:27,2025-03-26 00:27,Vehicle Theft,Two-Wheeler Theft,BNS 303(2),12.819005,77.593677,P000732,P007585,P004000,SI Ganesh Rao,Under Investigation
FIR202504213,FIR/4213/2025,PS0211,Chamarajanagar,2025-03-24 01:45,2025-03-26 04:45,NDPS,Possession of Narcotics,NDPS Act Sec 20(b),11.820122,77.073146,P009525,P006135,P004454,PI Suresh Kulkarni,Untraced
FIR202501964,FIR/1964/2025,PS0123,Bengaluru Urban,2025-03-26 00:27,2025-03-26 05:27,Robbery,Highway Robbery,BNS 309(4),13.003327,77.493021,P007313,P002126,P003648,SI Prakash Sharma,Under Investigation
FIR202501306,FIR/1306/2025,PS0249,Chikkaballapura,2025-03-26 07:19,2025-03-26 09:19,Theft,Snatching,BNS 303(2),13.484712,77.541726,P008777,P002912,"P003189, P008906",PI Suresh Kulkarni,Untraced
FIR202500229,FIR/0229/2025,PS0001,Bagalkote,2025-03-26 07:14,2025-03-26 11:14,Fraud,Cheating,BNS 318(4),16.169733,75.58072,P002915,P005947,P007122,SI Ravi Kumar,Chargesheeted
FIR202503315,FIR/3315/2025,PS0201,Chamarajanagar,2025-03-22 11:44,2025-03-26 15:44,Cyber Crime,Identity Theft,"IT Act 66D, BNS 318(4)",12.015799,76.8207,P002376,P001050,P007166,PI Naveen Patil,Under Investigation
FIR202503159,FIR/3159/2025,PS0160,Bidar,2025-03-24 10:18,2025-03-26 17:18,Murder,Personal Enmity,BNS 103(1),17.895806,77.355975,P007151,P008864,P005536,PI Lakshmi Devi,Chargesheeted
FIR202504695,FIR/4695/2025,PS0121,Bengaluru Urban,2025-03-26 11:44,2025-03-26 19:44,Vehicle Theft,Two-Wheeler Theft,BNS 303(2),13.101461,77.51339,P007826,P008753,P003039,PI Chetan Kumar,Untraced
FIR202504210,FIR/4210/2025,PS0185,Bidar,2025-03-23 17:32,2025-03-26 20:32,Assault,Public Affray,"BNS 115(2), BNS 117(2)",17.870076,77.489996,P005192,P005385,P008344,SI Ravi Kumar,Under Investigation
FIR202501785,FIR/1785/2025,PS0151,Bengaluru Urban,2025-03-26 11:59,2025-03-26 21:59,Fraud,Corporate Fraud,BNS 318(4),12.871813,77.478963,P001751,P000362,P000100,PI Lakshmi Devi,Under Investigation
FIR202504361,FIR/4361/2025,PS0114,Bengaluru Urban,2025-03-24 23:03,2025-03-27 00:03,Cyber Crime,Phishing,"IT Act 66D, BNS 318(4)",12.978127,77.752824,P009790,P004468,P007857,PI Ramesh Gowda,Chargesheeted
FIR202504382,FIR/4382/2025,PS0087,Bengaluru Rural,2025-03-26 17:50,2025-03-27 00:50,Fraud,Land Scam,BNS 318(4),13.128298,77.521801,P005403,P008300,P002427,SI Ganesh Rao,Chargesheeted
FIR202501593,FIR/1593/2025,PS0150,Bengaluru Urban,2025-03-26 20:11,2025-03-27 01:11,Burglary,Day Burglary,"BNS 331(3), BNS 331(4)",13.081945,77.703278,P005961,P008967,P001119,PI Harish Naik,Under Investigation
FIR202501464,FIR/1464/2025,PS0197,Chamarajanagar,2025-03-26 13:41,2025-03-27 01:41,NDPS,Possession of Narcotics,NDPS Act Sec 20(b),11.861936,77.064921,P001356,P009412,P003600,SI Mahesh Bhat,Chargesheeted
FIR202503003,FIR/3003/2025,PS0222,Chamarajanagar,2025-03-25 15:54,2025-03-27 02:54,Robbery,Highway Robbery,BNS 309(4),11.895849,76.769217,P002220,P003423,P004182,SI Ganesh Rao,Chargesheeted
FIR202502984,FIR/2984/2025,PS0223,Chamarajanagar,2025-03-23 02:42,2025-03-27 03:42,NDPS,Possession of Narcotics,NDPS Act Sec 20(b),11.875272,76.795739,P009107,P003565,P006180,SI Ganesh Rao,Untraced
FIR202500294,FIR/0294/2025,PS0089,Bengaluru Rural,2025-03-27 00:04,2025-03-27 05:04,Cyber Crime,Financial Fraud,"IT Act 66D, BNS 318(4)",13.38378,77.608086,P006304,P004732,P000974,SI Mahesh Bhat,Under Investigation
FIR202502767,FIR/2767/2025,PS0247,Chikkaballapura,2025-03-26 05:03,2025-03-27 06:03,Fraud,Cheating,BNS 318(4),13.498174,77.898941,P005659,P003891,P003616,SI Mahesh Bhat,Untraced
FIR202504258,FIR/4258/2025,PS0147,Bengaluru Urban,2025-03-26 22:26,2025-03-27 06:26,Theft,House Theft,BNS 303(2),12.906807,77.559818,P000119,P002400,P006052,SI Ravi Kumar,Untraced
FIR202500135,FIR/0135/2025,PS0014,Bagalkote,2025-03-26 20:24,2025-03-27 07:24,Dacoity,Bank Dacoity,BNS 310(2),16.292972,75.850975,P001684,P004792,P002061,SI Divya Hegde,Under Investigation
FIR202500666,FIR/0666/2025,PS0212,Chamarajanagar,2025-03-27 11:06,2025-03-27 13:06,NDPS,Possession of Narcotics,NDPS Act Sec 20(b),12.043157,76.845205,P005065,P007885,P002479,PI Chetan Kumar,Untraced
FIR202503873,FIR/3873/2025,PS0220,Chamarajanagar,2025-03-27 09:41,2025-03-27 17:41,Burglary,Night House Breaking,"BNS 331(3), BNS 331(4)",11.811415,76.808183,P004637,P007190,P004100,SI Ravi Kumar,Chargesheeted
FIR202504184,FIR/4184/2025,PS0155,Bidar,2025-03-27 09:55,2025-03-27 19:55,Cyber Crime,Identity Theft,"IT Act 66D, BNS 318(4)",17.964812,77.313432,P006305,P004919,P004540,PI Naveen Patil,Under Investigation
FIR202501743,FIR/1743/2025,PS0040,Ballari,2025-03-26 14:52,2025-03-27 21:52,NDPS,Drug Trafficking,NDPS Act Sec 20(b),15.333506,76.84043,P002253,P008454,"P001345, P003905",PI Lakshmi Devi,Chargesheeted
FIR202501891,FIR/1891/2025,PS0105,Bengaluru Rural,2025-03-26 17:31,2025-03-27 23:31,Vehicle Theft,Car Theft,BNS 303(2),13.177298,77.660542,P007096,P009324,P006197,SI Prakash Sharma,Chargesheeted
FIR202503174,FIR/3174/2025,PS0179,Bidar,2025-03-27 18:49,2025-03-27 23:49,POCSO,Harassment,"POCSO Act Sec 4, BNS 64",18.092135,77.402024,P004022,P007389,P007039,PI Suresh Kulkarni,Under Investigation
FIR202501163,FIR/1163/2025,PS0150,Bengaluru Urban,2025-03-27 15:44,2025-03-28 00:44,Cyber Crime,Phishing,"IT Act 66D, BNS 318(4)",13.076457,77.697543,P007113,P005471,P000536,PI Ramesh Gowda,Chargesheeted
FIR202501766,FIR/1766/2025,PS0116,Bengaluru Urban,2025-03-28 01:23,2025-03-28 02:23,Murder,Gang Conflict,BNS 103(1),12.992117,77.514266,P001641,P009184,P005091,SI Mahesh Bhat,Chargesheeted
FIR202504708,FIR/4708/2025,PS0237,Chikkaballapura,2025-03-27 15:51,2025-03-28 03:51,Vehicle Theft,Two-Wheeler Theft,BNS 303(2),13.353228,77.631984,P006557,P002388,P006664,PI Naveen Patil,Under Investigation
FIR202500846,FIR/0846/2025,PS0146,Bengaluru Urban,2025-03-25 21:24,2025-03-28 07:24,POCSO,Sexual Assault on Minor,"POCSO Act Sec 4, BNS 64",12.963674,77.776554,P009861,P004386,P004978,PI Ramesh Gowda,Under Investigation
FIR202502986,FIR/2986/2025,PS0171,Bidar,2025-03-26 02:32,2025-03-28 08:32,Robbery,Chain Snatching with Force,BNS 309(4),17.784265,77.571956,P007624,P003633,P002271,SI Ganesh Rao,Chargesheeted
FIR202501798,FIR/1798/2025,PS0086,Bengaluru Rural,2025-03-27 06:59,2025-03-28 08:59,Murder,Gang Conflict,BNS 103(1),13.331252,77.474425,P001502,P000967,P005216,SI Ravi Kumar,Chargesheeted
FIR202502277,FIR/2277/2025,PS0144,Bengaluru Urban,2025-03-28 02:46,2025-03-28 09:46,Fraud,Corporate Fraud,BNS 318(4),12.836482,77.577062,P000532,P006694,P000061,SI Ganesh Rao,Chargesheeted
FIR202502500,FIR/2500/2025,PS0203,Chamarajanagar,2025-03-28 05:41,2025-03-28 12:41,POCSO,Sexual Assault on Minor,"POCSO Act Sec 4, BNS 64",11.915207,76.871753,P000254,P005050,P007805,PI Lakshmi Devi,Under Investigation
FIR202500139,FIR/0139/2025,PS0227,Chamarajanagar,2025-03-28 04:46,2025-03-28 15:46,Murder,Gang Conflict,BNS 103(1),11.906429,76.90321,P003169,P002603,P009201,SI Ravi Kumar,Under Investigation
FIR202504613,FIR/4613/2025,PS0068,Belagavi,2025-03-27 11:40,2025-03-28 18:40,Dacoity,Armed Dacoity,BNS 310(2),16.046841,74.386204,P009175,P007674,P008325,PI Naveen Patil,Chargesheeted
FIR202500863,FIR/0863/2025,PS0007,Bagalkote,2025-03-28 11:22,2025-03-28 20:22,NDPS,Possession of Narcotics,NDPS Act Sec 20(b),16.078684,75.638999,P003219,P003921,P008936,PI Suresh Kulkarni,Under Investigation
FIR202500802,FIR/0802/2025,PS0077,Bengaluru Rural,2025-03-24 15:42,2025-03-28 23:42,Theft,Snatching,BNS 303(2),13.338916,77.602234,P003995,P005970,P005239,PI Lakshmi Devi,Chargesheeted
FIR202501512,FIR/1512/2025,PS0011,Bagalkote,2025-03-25 18:13,2025-03-29 02:13,Burglary,Night House Breaking,"BNS 331(3), BNS 331(4)",16.168438,75.655959,P007276,P005181,P004623,PI Ramesh Gowda,Chargesheeted
FIR202500559,FIR/0559/2025,PS0085,Bengaluru Rural,2025-03-28 22:08,2025-03-29 05:08,Fraud,Cheating,BNS 318(4),13.108212,77.439776,P009996,P006128,P005795,SI Mahesh Bhat,Chargesheeted
FIR202501236,FIR/1236/2025,PS0023,Bagalkote,2025-03-27 02:39,2025-03-29 08:39,Murder,Gang Conflict,BNS 103(1),16.114876,75.778739,P003341,P003222,P009544,PI Chetan Kumar,Chargesheeted
FIR202502153,FIR/2153/2025,PS0244,Chikkaballapura,2025-03-29 00:04,2025-03-29 12:04,Fraud,Corporate Fraud,BNS 318(4),13.301089,77.882689,P008737,P009087,P000080,SI Ravi Kumar,Closed
FIR202502159,FIR/2159/2025,PS0160,Bidar,2025-03-29 07:24,2025-03-29 13:24,Dacoity,Bank Dacoity,BNS 310(2),17.885225,77.367511,P008545,P002018,P002763,SI Mahesh Bhat,Chargesheeted
FIR202500323,FIR/0323/2025,PS0173,Bidar,2025-03-24 04:41,2025-03-29 13:41,Robbery,Chain Snatching with Force,BNS 309(4),17.773436,77.588012,P006101,P005205,P001941,PI Chetan Kumar,Untraced
FIR202504886,FIR/4886/2025,PS0030,Ballari,2025-03-28 08:48,2025-03-29 14:48,Assault,Simple Assault,"BNS 115(2), BNS 117(2)",15.190556,76.816094,P009107,P007145,P005438,SI Divya Hegde,Under Investigation
FIR202504844,FIR/4844/2025,PS0189,Bidar,2025-03-28 07:09,2025-03-29 15:09,Dacoity,Armed Dacoity,BNS 310(2),17.914907,77.399248,P007692,P002727,P000559,SI Ravi Kumar,Chargesheeted
FIR202502037,FIR/2037/2025,PS0183,Bidar,2025-03-29 12:01,2025-03-29 19:01,Dacoity,Armed Dacoity,BNS 310(2),17.758275,77.404066,P009832,P002417,P008504,PI Naveen Patil,Chargesheeted
FIR202502565,FIR/2565/2025,PS0196,Chamarajanagar,2025-03-27 19:01,2025-03-29 22:01,Fraud,Land Scam,BNS 318(4),11.994183,76.930779,P007414,P008539,P007006,PI Naveen Patil,Chargesheeted
FIR202503490,FIR/3490/2025,PS0008,Bagalkote,2025-03-28 14:11,2025-03-30 00:11,Murder,Dowry Homicide,BNS 103(1),16.274434,75.53125,P004733,P004561,P003768,SI Divya Hegde,Closed
FIR202502041,FIR/2041/2025,PS0039,Ballari,2025-03-26 12:20,2025-03-30 00:20,POCSO,Harassment,"POCSO Act Sec 4, BNS 64",15.344219,76.935539,P007331,P006639,P006920,SI Ravi Kumar,Untraced
FIR202500266,FIR/0266/2025,PS0071,Bengaluru Rural,2025-03-29 14:03,2025-03-30 01:03,Theft,House Theft,BNS 303(2),13.042654,77.51561,P000569,P006969,P001727,SI Ganesh Rao,Under Investigation
FIR202504293,FIR/4293/2025,PS0168,Bidar,2025-03-29 20:15,2025-03-30 08:15,Robbery,Chain Snatching with Force,BNS 309(4),17.715955,77.672516,P007139,P001889,P001455,PI Chetan Kumar,Chargesheeted
FIR202503821,FIR/3821/2025,PS0227,Chamarajanagar,2025-03-29 00:30,2025-03-30 08:30,Cyber Crime,Phishing,"IT Act 66D, BNS 318(4)",11.911857,76.933525,P001437,P009145,P003961,SI Divya Hegde,Under Investigation
FIR202503510,FIR/3510/2025,PS0076,Bengaluru Rural,2025-03-30 06:00,2025-03-30 11:00,NDPS,Drug Trafficking,NDPS Act Sec 20(b),13.316761,77.776721,P004315,P005789,P008227,SI Divya Hegde,Chargesheeted
FIR202500680,FIR/0680/2025,PS0076,Bengaluru Rural,2025-03-30 10:31,2025-03-30 14:31,Cyber Crime,Financial Fraud,"IT Act 66D, BNS 318(4)",13.321285,77.744977,P002017,P008354,P000185,PI Harish Naik,Under Investigation
FIR202504208,FIR/4208/2025,PS0113,Bengaluru Urban,2025-03-29 02:31,2025-03-30 14:31,Cyber Crime,Financial Fraud,"IT Act 66D, BNS 318(4)",13.170559,77.499384,P008839,P000206,P003244,PI Naveen Patil,Chargesheeted
FIR202501769,FIR/1769/2025,PS0042,Ballari,2025-03-30 09:21,2025-03-30 15:21,Assault,Public Affray,"BNS 115(2), BNS 117(2)",15.034488,77.010686,P001627,P000533,P000476,PI Naveen Patil,Chargesheeted
FIR202502803,FIR/2803/2025,PS0184,Bidar,2025-03-30 09:36,2025-03-30 19:36,Robbery,Highway Robbery,BNS 309(4),17.905738,77.61497,P009404,P004956,P002962,PI Chetan Kumar,Under Investigation
FIR202500794,FIR/0794/2025,PS0124,Bengaluru Urban,2025-03-30 16:43,2025-03-30 19:43,Fraud,Corporate Fraud,BNS 318(4),13.07885,77.680963,P002325,P008555,P009396,PI Lakshmi Devi,Under Investigation
FIR202500569,FIR/0569/2025,PS0033,Ballari,2025-03-30 17:58,2025-03-31 03:58,Assault,Public Affray,"BNS 115(2), BNS 117(2)",15.023745,76.815711,P002326,P005600,P008011,SI Prakash Sharma,Untraced
FIR202502455,FIR/2455/2025,PS0221,Chamarajanagar,2025-03-28 22:04,2025-03-31 05:04,Cyber Crime,Financial Fraud,"IT Act 66D, BNS 318(4)",12.040853,77.090262,P000189,P007690,P006033,PI Ramesh Gowda,Under Investigation
FIR202502954,FIR/2954/2025,PS0056,Belagavi,2025-03-31 02:08,2025-03-31 07:08,Robbery,Chain Snatching with Force,BNS 309(4),15.777573,74.603982,P007147,P007541,P000680,SI Prakash Sharma,Chargesheeted
FIR202502657,FIR/2657/2025,PS0158,Bidar,2025-03-30 21:36,2025-03-31 09:36,Vehicle Theft,Two-Wheeler Theft,BNS 303(2),17.912072,77.489484,P008941,P005601,P005942,PI Chetan Kumar,Chargesheeted
FIR202504140,FIR/4140/2025,PS0137,Bengaluru Urban,2025-03-30 21:50,2025-03-31 09:50,Cyber Crime,Identity Theft,"IT Act 66D, BNS 318(4)",12.87904,77.724385,P008152,P002334,P007049,SI Prakash Sharma,Chargesheeted
FIR202502958,FIR/2958/2025,PS0240,Chikkaballapura,2025-03-30 11:04,2025-03-31 12:04,NDPS,Drug Trafficking,NDPS Act Sec 20(b),13.397482,77.830428,P007009,P006929,P009142,PI Lakshmi Devi,Closed
FIR202503973,FIR/3973/2025,PS0049,Belagavi,2025-03-31 10:53,2025-03-31 17:53,POCSO,Harassment,"POCSO Act Sec 4, BNS 64",15.924283,74.547318,P001899,P000656,P007035,PI Lakshmi Devi,Chargesheeted
FIR202501796,FIR/1796/2025,PS0239,Chikkaballapura,2025-03-31 15:28,2025-03-31 18:28,Burglary,Day Burglary,"BNS 331(3), BNS 331(4)",13.451957,77.657702,P000973,P005446,P003137,SI Ravi Kumar,Chargesheeted
FIR202500796,FIR/0796/2025,PS0161,Bidar,2025-03-29 08:24,2025-03-31 20:24,Theft,Snatching,BNS 303(2),17.987284,77.50284,P008575,P001734,P003845,SI Ganesh Rao,Under Investigation
FIR202500594,FIR/0594/2025,PS0078,Bengaluru Rural,2025-03-31 08:58,2025-03-31 20:58,Robbery,Highway Robbery,BNS 309(4),13.124296,77.543546,P001631,P000142,P006485,PI Chetan Kumar,Closed
FIR202502907,FIR/2907/2025,PS0044,Ballari,2025-03-29 15:47,2025-03-31 23:47,Assault,Grievous Hurt,"BNS 115(2), BNS 117(2)",15.283998,76.909041,P004516,P009756,P008340,PI Lakshmi Devi,Under Investigation
FIR202502100,FIR/2100/2025,PS0040,Ballari,2025-03-31 18:43,2025-04-01 00:43,Fraud,Land Scam,BNS 318(4),15.307726,76.827491,P002527,P004477,P008075,SI Mahesh Bhat,Closed
FIR202500212,FIR/0212/2025,PS0196,Chamarajanagar,2025-03-31 23:04,2025-04-01 02:04,Dacoity,Armed Dacoity,BNS 310(2),12.004989,76.947198,P003049,P004826,P003886,PI Lakshmi Devi,Chargesheeted
FIR202502350,FIR/2350/2025,PS0203,Chamarajanagar,2025-04-01 01:47,2025-04-01 04:47,Vehicle Theft,Car Theft,BNS 303(2),11.906148,76.853306,P006737,P000313,P002445,PI Lakshmi Devi,Untraced
FIR202501717,FIR/1717/2025,PS0074,Bengaluru Rural,2025-04-01 08:25,2025-04-01 12:25,Murder,Dowry Homicide,BNS 103(1),13.168601,77.558514,P005759,P000667,P001164,PI Naveen Patil,Chargesheeted
FIR202503976,FIR/3976/2025,PS0147,Bengaluru Urban,2025-03-30 04:36,2025-04-01 12:36,Cyber Crime,Phishing,"IT Act 66D, BNS 318(4)",12.92554,77.570602,P009130,P000266,P004545,SI Mahesh Bhat,Under Investigation
FIR202502518,FIR/2518/2025,PS0126,Bengaluru Urban,2025-03-31 08:25,2025-04-01 15:25,Cyber Crime,Identity Theft,"IT Act 66D, BNS 318(4)",12.854384,77.5645,P002072,P009043,P002875,SI Prakash Sharma,Closed
FIR202503650,FIR/3650/2025,PS0059,Belagavi,2025-03-30 13:38,2025-04-01 17:38,Theft,Snatching,BNS 303(2),15.813911,74.500893,P001532,P007114,P008357,PI Ramesh Gowda,Chargesheeted
FIR202502048,FIR/2048/2025,PS0115,Bengaluru Urban,2025-03-27 11:24,2025-04-01 18:24,Fraud,Corporate Fraud,BNS 318(4),12.884942,77.38792,P004117,P002023,P007020,SI Mahesh Bhat,Chargesheeted
FIR202501173,FIR/1173/2025,PS0040,Ballari,2025-04-01 09:50,2025-04-01 18:50,Dacoity,Armed Dacoity,BNS 310(2),15.311711,76.841067,P004253,P009833,P004314,PI Lakshmi Devi,Under Investigation
FIR202500216,FIR/0216/2025,PS0143,Bengaluru Urban,2025-03-31 15:59,2025-04-01 18:59,Vehicle Theft,Two-Wheeler Theft,BNS 303(2),12.790291,77.40283,P008120,P006739,P002352,SI Mahesh Bhat,Chargesheeted
FIR202504893,FIR/4893/2025,PS0015,Bagalkote,2025-04-01 16:14,2025-04-01 19:14,Robbery,Chain Snatching with Force,BNS 309(4),16.049969,75.678328,P005383,P005529,P002580,PI Naveen Patil,Chargesheeted
FIR202502887,FIR/2887/2025,PS0084,Bengaluru Rural,2025-04-01 09:22,2025-04-01 20:22,Robbery,Highway Robbery,BNS 309(4),13.176927,77.546958,P005808,P007434,P001012,PI Chetan Kumar,Chargesheeted
FIR202501679,FIR/1679/2025,PS0025,Bagalkote,2025-03-30 21:56,2025-04-01 22:56,Fraud,Corporate Fraud,BNS 318(4),16.326535,75.843774,P001795,P005200,P005358,PI Suresh Kulkarni,Under Investigation
FIR202502865,FIR/2865/2025,PS0192,Bidar,2025-04-01 13:51,2025-04-02 00:51,Cyber Crime,Financial Fraud,"IT Act 66D, BNS 318(4)",17.977396,77.357258,P001732,P001358,P005374,PI Harish Naik,Under Investigation
FIR202503814,FIR/3814/2025,PS0180,Bidar,2025-04-02 01:36,2025-04-02 02:36,POCSO,Harassment,"POCSO Act Sec 4, BNS 64",18.041696,77.432521,P006486,P004072,P002444,SI Mahesh Bhat,Under Investigation
FIR202501797,FIR/1797/2025,PS0052,Belagavi,2025-04-02 01:47,2025-04-02 02:47,Assault,Grievous Hurt,"BNS 115(2), BNS 117(2)",15.904861,74.286998,P008797,P001625,P001178,PI Harish Naik,Under Investigation
FIR202503437,FIR/3437/2025,PS0118,Bengaluru Urban,2025-04-01 23:54,2025-04-02 05:54,Fraud,Corporate Fraud,BNS 318(4),12.804534,77.67787,P007901,P004127,P009075,SI Mahesh Bhat,Chargesheeted
FIR202500635,FIR/0635/2025,PS0083,Bengaluru Rural,2025-04-01 04:37,2025-04-02 08:37,Cyber Crime,Identity Theft,"IT Act 66D, BNS 318(4)",13.271347,77.557493,P000033,P008641,P000750,SI Ganesh Rao,Untraced
FIR202500746,FIR/0746/2025,PS0098,Bengaluru Rural,2025-04-02 01:22,2025-04-02 10:22,Robbery,Chain Snatching with Force,BNS 309(4),13.289293,77.738398,P006026,P004351,P000516,PI Harish Naik,Chargesheeted
FIR202500554,FIR/0554/2025,PS0146,Bengaluru Urban,2025-04-02 09:45,2025-04-02 14:45,Fraud,Cheating,BNS 318(4),12.944205,77.788936,P000715,P007982,P002278,SI Prakash Sharma,Under Investigation
FIR202500298,FIR/0298/2025,PS0233,Chamarajanagar,2025-04-01 10:44,2025-04-02 15:44,Dacoity,Bank Dacoity,BNS 310(2),11.751618,76.815781,P004828,P007238,P005940,SI Divya Hegde,Chargesheeted
FIR202501655,FIR/1655/2025,PS0227,Chamarajanagar,2025-04-02 04:02,2025-04-02 16:02,Robbery,Highway Robbery,BNS 309(4),11.898218,76.906004,P004516,P009919,P005606,PI Lakshmi Devi,Chargesheeted
FIR202500649,FIR/0649/2025,PS0019,Bagalkote,2025-03-30 12:15,2025-04-02 19:15,Theft,Pocket Pick,BNS 303(2),16.035821,75.877867,P000172,P006247,P000799,PI Chetan Kumar,Chargesheeted
FIR202504754,FIR/4754/2025,PS0005,Bagalkote,2025-04-02 08:24,2025-04-02 19:24,Assault,Public Affray,"BNS 115(2), BNS 117(2)",16.163048,75.593488,P003423,P008332,P000400,PI Suresh Kulkarni,Chargesheeted
FIR202504647,FIR/4647/2025,PS0046,Belagavi,2025-03-31 19:02,2025-04-02 20:02,Assault,Simple Assault,"BNS 115(2), BNS 117(2)",15.767715,74.499224,P002526,P006129,P004472,SI Prakash Sharma,Chargesheeted
FIR202501639,FIR/1639/2025,PS0172,Bidar,2025-04-01 18:05,2025-04-03 00:05,Fraud,Cheating,BNS 318(4),17.939278,77.47121,P006310,P000689,P006638,PI Suresh Kulkarni,Under Investigation
FIR202504418,FIR/4418/2025,PS0034,Ballari,2025-04-02 14:24,2025-04-03 02:24,Fraud,Land Scam,BNS 318(4),15.00853,77.100463,P007716,P008804,P004859,SI Divya Hegde,Under Investigation
FIR202501935,FIR/1935/2025,PS0117,Bengaluru Urban,2025-04-01 20:56,2025-04-03 02:56,Fraud,Corporate Fraud,BNS 318(4),13.137742,77.773007,P000624,P009491,P003976,SI Ravi Kumar,Under Investigation
FIR202502904,FIR/2904/2025,PS0128,Bengaluru Urban,2025-04-03 08:47,2025-04-03 09:47,NDPS,Drug Trafficking,NDPS Act Sec 20(b),13.035982,77.570852,P008424,P006190,P009462,SI Mahesh Bhat,Under Investigation
FIR202505000,FIR/5000/2025,PS0035,Ballari,2025-04-03 06:20,2025-04-03 12:20,Robbery,Highway Robbery,BNS 309(4),15.225786,76.869211,P007744,P007303,P001615,PI Suresh Kulkarni,Chargesheeted
FIR202500606,FIR/0606/2025,PS0214,Chamarajanagar,2025-04-03 09:36,2025-04-03 13:36,NDPS,Drug Trafficking,NDPS Act Sec 20(b),11.913907,76.82137,P009539,P006498,P000681,SI Divya Hegde,Under Investigation
FIR202501110,FIR/1110/2025,PS0109,Bengaluru Rural,2025-04-02 02:54,2025-04-03 14:54,Burglary,Night House Breaking,"BNS 331(3), BNS 331(4)",13.096539,77.575315,P000809,P004536,P001959,SI Ravi Kumar,Chargesheeted
FIR202502064,FIR/2064/2025,PS0180,Bidar,2025-04-01 13:52,2025-04-03 21:52,POCSO,Harassment,"POCSO Act Sec 4, BNS 64",18.032439,77.413359,P008110,P003545,P008842,PI Lakshmi Devi,Untraced
FIR202503610,FIR/3610/2025,PS0022,Bagalkote,2025-04-01 16:51,2025-04-04 00:51,Dacoity,Armed Dacoity,BNS 310(2),16.260989,75.638595,P006446,P008952,P005733,SI Ravi Kumar,Chargesheeted
FIR202501375,FIR/1375/2025,PS0007,Bagalkote,2025-03-31 20:28,2025-04-04 03:28,Assault,Grievous Hurt,"BNS 115(2), BNS 117(2)",16.082825,75.63731,P009665,P001087,P007265,SI Ganesh Rao,Under Investigation
FIR202503096,FIR/3096/2025,PS0148,Bengaluru Urban,2025-04-01 18:33,2025-04-04 03:33,Vehicle Theft,Two-Wheeler Theft,BNS 303(2),12.867031,77.65891,P004351,P009275,P001884,PI Naveen Patil,Closed
FIR202502972,FIR/2972/2025,PS0033,Ballari,2025-04-04 03:32,2025-04-04 04:32,Robbery,Highway Robbery,BNS 309(4),15.035224,76.825063,P002820,P008825,P008672,PI Lakshmi Devi,Untraced
FIR202500657,FIR/0657/2025,PS0088,Bengaluru Rural,2025-04-02 03:05,2025-04-04 06:05,Murder,Gang Conflict,BNS 103(1),13.025297,77.389385,P000932,P009871,P000727,SI Divya Hegde,Chargesheeted
FIR202503655,FIR/3655/2025,PS0017,Bagalkote,2025-04-01 03:32,2025-04-04 07:32,POCSO,Harassment,"POCSO Act Sec 4, BNS 64",16.279029,75.57114,P000625,P009717,P008531,PI Suresh Kulkarni,Closed
FIR202501081,FIR/1081/2025,PS0113,Bengaluru Urban,2025-04-04 00:10,2025-04-04 09:10,Dacoity,Armed Dacoity,BNS 310(2),13.175164,77.501899,P003738,P007807,P002167,PI Suresh Kulkarni,Chargesheeted
FIR202500289,FIR/0289/2025,PS0240,Chikkaballapura,2025-04-04 08:30,2025-04-04 09:30,NDPS,Drug Trafficking,NDPS Act Sec 20(b),13.398336,77.805298,P009654,P009114,P008662,PI Naveen Patil,Chargesheeted
FIR202500675,FIR/0675/2025,PS0212,Chamarajanagar,2025-04-03 08:52,2025-04-04 15:52,Burglary,Night House Breaking,"BNS 331(3), BNS 331(4)",12.023576,76.850114,P001477,P004175,P007116,PI Lakshmi Devi,Chargesheeted
FIR202502450,FIR/2450/2025,PS0004,Bagalkote,2025-04-02 15:25,2025-04-04 16:25,Vehicle Theft,Two-Wheeler Theft,BNS 303(2),16.040076,75.672159,P008139,P009655,"P004840, P001840",SI Ganesh Rao,Chargesheeted
FIR202502068,FIR/2068/2025,PS0065,Belagavi,2025-04-04 11:26,2025-04-04 17:26,Theft,House Theft,BNS 303(2),15.747729,74.415575,P002236,P006041,"P008115, P000343",PI Naveen Patil,Chargesheeted
FIR202501220,FIR/1220/2025,PS0089,Bengaluru Rural,2025-04-04 08:50,2025-04-04 19:50,NDPS,Drug Trafficking,NDPS Act Sec 20(b),13.361893,77.59319,P000678,P003406,P004358,SI Prakash Sharma,Untraced
FIR202504143,FIR/4143/2025,PS0127,Bengaluru Urban,2025-04-04 08:06,2025-04-04 20:06,Cyber Crime,Phishing,"IT Act 66D, BNS 318(4)",13.137113,77.626255,P007396,P001432,P006693,PI Chetan Kumar,Under Investigation
FIR202500310,FIR/0310/2025,PS0054,Belagavi,2025-04-02 11:25,2025-04-04 20:25,Theft,House Theft,BNS 303(2),15.897446,74.687404,P002970,P006136,P009416,PI Harish Naik,Untraced
FIR202500967,FIR/0967/2025,PS0119,Bengaluru Urban,2025-03-30 18:15,2025-04-04 23:15,Cyber Crime,Identity Theft,"IT Act 66D, BNS 318(4)",12.807879,77.80015,P008301,P005108,P009267,SI Ganesh Rao,Chargesheeted
FIR202500171,FIR/0171/2025,PS0112,Bengaluru Urban,2025-04-04 19:56,2025-04-04 23:56,Vehicle Theft,Two-Wheeler Theft,BNS 303(2),13.099178,77.582274,P003706,P008747,P009711,PI Naveen Patil,Chargesheeted
FIR202501718,FIR/1718/2025,PS0085,Bengaluru Rural,2025-04-03 00:24,2025-04-05 01:24,Robbery,Chain Snatching with Force,BNS 309(4),13.105312,77.440553,P007930,P002965,P004610,SI Mahesh Bhat,Under Investigation
FIR202500977,FIR/0977/2025,PS0039,Ballari,2025-04-04 14:46,2025-04-05 01:46,POCSO,Harassment,"POCSO Act Sec 4, BNS 64",15.331493,76.921585,P005766,P001812,P008128,SI Divya Hegde,Under Investigation
FIR202500435,FIR/0435/2025,PS0229,Chamarajanagar,2025-04-03 15:53,2025-04-05 01:53,POCSO,Sexual Assault on Minor,"POCSO Act Sec 4, BNS 64",12.033435,77.017004,P006039,P008416,P003799,PI Lakshmi Devi,Chargesheeted
FIR202504180,FIR/4180/2025,PS0224,Chamarajanagar,2025-04-02 16:05,2025-04-05 02:05,Assault,Public Affray,"BNS 115(2), BNS 117(2)",11.876837,76.836018,P000175,P007481,P000504,SI Divya Hegde,Chargesheeted
FIR202502997,FIR/2997/2025,PS0192,Bidar,2025-04-03 19:13,2025-04-05 06:13,NDPS,Possession of Narcotics,NDPS Act Sec 20(b),17.991551,77.336378,P002827,P009110,P000482,PI Chetan Kumar,Untraced
FIR202502831,FIR/2831/2025,PS0016,Bagalkote,2025-04-04 04:22,2025-04-05 06:22,NDPS,Drug Trafficking,NDPS Act Sec 20(b),15.971875,75.652427,P001158,P001045,P001615,SI Prakash Sharma,Under Investigation
FIR202504248,FIR/4248/2025,PS0031,Ballari,2025-04-03 02:21,2025-04-05 07:21,Assault,Simple Assault,"BNS 115(2), BNS 117(2)",14.982885,77.110613,P008663,P001974,P007833,SI Prakash Sharma,Chargesheeted
FIR202502427,FIR/2427/2025,PS0063,Belagavi,2025-04-05 01:25,2025-04-05 10:25,Fraud,Corporate Fraud,BNS 318(4),16.030368,74.678769,P001911,P005022,P005946,PI Lakshmi Devi,Under Investigation
FIR202504267,FIR/4267/2025,PS0226,Chamarajanagar,2025-04-05 09:03,2025-04-05 11:03,Fraud,Corporate Fraud,BNS 318(4),11.744622,77.025226,P007167,P007153,P002979,SI Mahesh Bhat,Under Investigation
FIR202503956,FIR/3956/2025,PS0085,Bengaluru Rural,2025-04-02 08:23,2025-04-05 12:23,Cyber Crime,Identity Theft,"IT Act 66D, BNS 318(4)",13.120805,77.435873,P008579,P006964,P002079,SI Prakash Sharma,Untraced
FIR202501148,FIR/1148/2025,PS0066,Belagavi,2025-04-04 18:06,2025-04-05 19:06,Burglary,Day Burglary,"BNS 331(3), BNS 331(4)",15.935045,74.637635,P009386,P004037,P005807,SI Ganesh Rao,Under Investigation
FIR202500147,FIR/0147/2025,PS0206,Chamarajanagar,2025-04-05 09:00,2025-04-05 20:00,POCSO,Harassment,"POCSO Act Sec 4, BNS 64",11.824855,77.102708,P005816,P006435,P007672,PI Suresh Kulkarni,Under Investigation
FIR202502407,FIR/2407/2025,PS0233,Chamarajanagar,2025-04-05 13:28,2025-04-05 21:28,Burglary,Day Burglary,"BNS 331(3), BNS 331(4)",11.742358,76.811496,P002242,P007200,P003516,SI Divya Hegde,Untraced
FIR202502310,FIR/2310/2025,PS0191,Bidar,2025-04-03 13:18,2025-04-06 00:18,Burglary,Day Burglary,"BNS 331(3), BNS 331(4)",17.90154,77.388179,P001864,P002339,P005425,SI Mahesh Bhat,Under Investigation
FIR202504501,FIR/4501/2025,PS0040,Ballari,2025-04-05 23:53,2025-04-06 00:53,Burglary,Day Burglary,"BNS 331(3), BNS 331(4)",15.329613,76.830743,P009396,P009096,P008267,SI Ganesh Rao,Under Investigation
FIR202501264,FIR/1264/2025,PS0163,Bidar,2025-04-02 20:43,2025-04-06 01:43,Assault,Grievous Hurt,"BNS 115(2), BNS 117(2)",17.947553,77.59938,P009505,P008166,P007428,SI Ganesh Rao,Under Investigation
FIR202503931,FIR/3931/2025,PS0041,Ballari,2025-04-04 20:54,2025-04-06 01:54,Burglary,Night House Breaking,"BNS 331(3), BNS 331(4)",15.238034,76.894498,P001002,P000845,P001439,PI Naveen Patil,Chargesheeted
FIR202503227,FIR/3227/2025,PS0193,Chamarajanagar,2025-03-31 18:45,2025-04-06 03:45,Burglary,Day Burglary,"BNS 331(3), BNS 331(4)",12.005052,76.857853,P006834,P000409,P008952,PI Ramesh Gowda,Untraced
FIR202503238,FIR/3238/2025,PS0077,Bengaluru Rural,2025-04-06 06:34,2025-04-06 08:34,Burglary,Night House Breaking,"BNS 331(3), BNS 331(4)",13.337224,77.603192,P000573,P008651,P009156,SI Ravi Kumar,Chargesheeted
FIR202502315,FIR/2315/2025,PS0054,Belagavi,2025-04-06 08:14,2025-04-06 09:14,Robbery,Chain Snatching with Force,BNS 309(4),15.927719,74.697619,P001038,P009121,P002322,SI Mahesh Bhat,Chargesheeted
FIR202500670,FIR/0670/2025,PS0118,Bengaluru Urban,2025-04-04 06:35,2025-04-06 10:35,Cyber Crime,Identity Theft,"IT Act 66D, BNS 318(4)",12.795156,77.681481,P007850,P001271,P000877,PI Ramesh Gowda,Chargesheeted
FIR202500866,FIR/0866/2025,PS0166,Bidar,2025-04-06 02:45,2025-04-06 10:45,Assault,Grievous Hurt,"BNS 115(2), BNS 117(2)",17.815247,77.485584,P008789,P008560,P009986,SI Ganesh Rao,Under Investigation
FIR202500798,FIR/0798/2025,PS0143,Bengaluru Urban,2025-04-06 04:46,2025-04-06 11:46,Assault,Simple Assault,"BNS 115(2), BNS 117(2)",12.796563,77.412753,P006713,P004052,P004962,SI Ganesh Rao,Chargesheeted
FIR202503259,FIR/3259/2025,PS0171,Bidar,2025-04-05 10:53,2025-04-06 20:53,Assault,Simple Assault,"BNS 115(2), BNS 117(2)",17.790295,77.585641,P007950,P002424,P004604,SI Ganesh Rao,Untraced
FIR202503136,FIR/3136/2025,PS0182,Bidar,2025-04-03 12:08,2025-04-06 21:08,Assault,Public Affray,"BNS 115(2), BNS 117(2)",17.927877,77.664707,P000708,P000455,P003870,SI Mahesh Bhat,Under Investigation
FIR202504530,FIR/4530/2025,PS0242,Chikkaballapura,2025-04-03 14:00,2025-04-06 23:00,Cyber Crime,Identity Theft,"IT Act 66D, BNS 318(4)",13.29887,77.860839,P004057,P003528,P005283,PI Harish Naik,Chargesheeted
FIR202500764,FIR/0764/2025,PS0127,Bengaluru Urban,2025-04-06 21:02,2025-04-07 01:02,Burglary,Day Burglary,"BNS 331(3), BNS 331(4)",13.115416,77.6598,P007468,P001896,P007515,PI Lakshmi Devi,Under Investigation
FIR202504474,FIR/4474/2025,PS0105,Bengaluru Rural,2025-04-06 22:46,2025-04-07 01:46,POCSO,Sexual Assault on Minor,"POCSO Act Sec 4, BNS 64",13.156585,77.6606,P006630,P007744,P005490,SI Ganesh Rao,Untraced
FIR202500629,FIR/0629/2025,PS0058,Belagavi,2025-04-06 14:21,2025-04-07 02:21,Theft,Pocket Pick,BNS 303(2),15.689023,74.377999,P001970,P009928,P008805,SI Ganesh Rao,Under Investigation
FIR202500900,FIR/0900/2025,PS0023,Bagalkote,2025-04-07 00:14,2025-04-07 03:14,Robbery,Chain Snatching with Force,BNS 309(4),16.115869,75.810477,P004817,P003929,P006499,PI Naveen Patil,Closed
FIR202501800,FIR/1800/2025,PS0145,Bengaluru Urban,2025-04-07 01:24,2025-04-07 03:24,Assault,Public Affray,"BNS 115(2), BNS 117(2)",12.830447,77.599458,P002829,P003838,P000988,SI Divya Hegde,Under Investigation
FIR202502375,FIR/2375/2025,PS0120,Bengaluru Urban,2025-04-07 01:40,2025-04-07 05:40,Fraud,Cheating,BNS 318(4),13.152183,77.412324,P007228,P006644,P008106,SI Divya Hegde,Chargesheeted
FIR202504076,FIR/4076/2025,PS0047,Belagavi,2025-04-07 03:45,2025-04-07 05:45,Assault,Grievous Hurt,"BNS 115(2), BNS 117(2)",15.950775,74.528764,P004840,P009403,P009775,PI Suresh Kulkarni,Chargesheeted
FIR202503292,FIR/3292/2025,PS0084,Bengaluru Rural,2025-04-07 00:59,2025-04-07 05:59,Dacoity,Bank Dacoity,BNS 310(2),13.17564,77.569718,P005803,P009121,P008019,PI Harish Naik,Chargesheeted
FIR202502295,FIR/2295/2025,PS0104,Bengaluru Rural,2025-04-07 03:17,2025-04-07 06:17,NDPS,Drug Trafficking,NDPS Act Sec 20(b),13.418782,77.530979,P001491,P004815,P006690,PI Naveen Patil,Chargesheeted
FIR202504299,FIR/4299/2025,PS0178,Bidar,2025-04-07 01:10,2025-04-07 09:10,NDPS,Drug Trafficking,NDPS Act Sec 20(b),17.898492,77.466584,P006009,P000235,P000503,SI Ravi Kumar,Chargesheeted
FIR202503826,FIR/3826/2025,PS0086,Bengaluru Rural,2025-04-06 03:11,2025-04-07 10:11,Murder,Gang Conflict,BNS 103(1),13.334538,77.498769,P003191,P009469,P003233,SI Mahesh Bhat,Under Investigation
FIR202500179,FIR/0179/2025,PS0227,Chamarajanagar,2025-04-07 03:11,2025-04-07 10:11,Murder,Personal Enmity,BNS 103(1),11.921518,76.931843,P007767,P008640,P008450,PI Chetan Kumar,Untraced
FIR202500532,FIR/0532/2025,PS0136,Bengaluru Urban,2025-04-05 10:11,2025-04-07 13:11,Cyber Crime,Phishing,"IT Act 66D, BNS 318(4)",12.808559,77.605621,P006252,P005434,P003083,PI Ramesh Gowda,Under Investigation
FIR202501447,FIR/1447/2025,PS0055,Belagavi,2025-04-07 04:44,2025-04-07 13:44,Burglary,Day Burglary,"BNS 331(3), BNS 331(4)",15.834679,74.355085,P000319,P009259,P005803,PI Naveen Patil,Chargesheeted
FIR202500669,FIR/0669/2025,PS0217,Chamarajanagar,2025-04-06 02:44,2025-04-07 13:44,Robbery,Highway Robbery,BNS 309(4),11.740833,76.883264,P000216,P006860,P009608,PI Harish Naik,Chargesheeted
FIR202502403,FIR/2403/2025,PS0104,Bengaluru Rural,2025-04-07 08:51,2025-04-07 15:51,POCSO,Harassment,"POCSO Act Sec 4, BNS 64",13.420895,77.543344,P008068,P006417,P000857,PI Naveen Patil,Chargesheeted
FIR202503758,FIR/3758/2025,PS0188,Bidar,2025-04-07 14:30,2025-04-07 16:30,NDPS,Possession of Narcotics,NDPS Act Sec 20(b),17.941615,77.703671,P002209,P003139,"P003403, P006407",SI Divya Hegde,Under Investigation
FIR202503408,FIR/3408/2025,PS0184,Bidar,2025-04-07 11:54,2025-04-07 16:54,Dacoity,Armed Dacoity,BNS 310(2),17.911056,77.635755,P008476,P004466,P009961,PI Chetan Kumar,Chargesheeted
FIR202502065,FIR/2065/2025,PS0202,Chamarajanagar,2025-04-06 14:55,2025-04-07 16:55,Cyber Crime,Phishing,"IT Act 66D, BNS 318(4)",11.952859,76.867561,P001880,P001033,P008761,PI Chetan Kumar,Untraced
FIR202502730,FIR/2730/2025,PS0212,Chamarajanagar,2025-04-07 06:03,2025-04-07 17:03,Vehicle Theft,Two-Wheeler Theft,BNS 303(2),12.038068,76.819133,P002568,P002944,"P007597, P002832",PI Chetan Kumar,Chargesheeted
FIR202502181,FIR/2181/2025,PS0002,Bagalkote,2025-04-06 15:25,2025-04-07 17:25,NDPS,Drug Trafficking,NDPS Act Sec 20(b),16.120206,75.51171,P000572,P009683,P006575,PI Chetan Kumar,Chargesheeted
FIR202501713,FIR/1713/2025,PS0235,Chikkaballapura,2025-04-07 18:12,2025-04-07 19:12,Burglary,Night House Breaking,"BNS 331(3), BNS 331(4)",13.304825,77.553174,P008065,P001869,P006811,PI Chetan Kumar,Chargesheeted
FIR202502578,FIR/2578/2025,PS0101,Bengaluru Rural,2025-04-07 10:15,2025-04-07 19:15,Fraud,Cheating,BNS 318(4),13.282954,77.731685,P005141,P003889,P008595,PI Lakshmi Devi,Under Investigation
FIR202502081,FIR/2081/2025,PS0038,Ballari,2025-04-07 08:49,2025-04-07 20:49,Robbery,Highway Robbery,BNS 309(4),15.065465,77.073929,P001517,P009259,P000449,PI Suresh Kulkarni,Chargesheeted
FIR202502722,FIR/2722/2025,PS0184,Bidar,2025-04-05 11:29,2025-04-07 21:29,Dacoity,Bank Dacoity,BNS 310(2),17.91239,77.605804,P002674,P000725,P003044,SI Ganesh Rao,Under Investigation
FIR202500987,FIR/0987/2025,PS0169,Bidar,2025-04-07 18:16,2025-04-07 23:16,Dacoity,Armed Dacoity,BNS 310(2),18.004718,77.6904,P009053,P000008,P004657,PI Naveen Patil,Chargesheeted
FIR202501990,FIR/1990/2025,PS0147,Bengaluru Urban,2025-04-07 14:39,2025-04-07 23:39,Fraud,Cheating,BNS 318(4),12.923773,77.540295,P009888,P004770,P003293,SI Ganesh Rao,Under Investigation
FIR202502840,FIR/2840/2025,PS0221,Chamarajanagar,2025-04-06 21:13,2025-04-08 02:13,Assault,Grievous Hurt,"BNS 115(2), BNS 117(2)",12.044972,77.082658,P002101,P007184,P008587,PI Harish Naik,Under Investigation
FIR202500477,FIR/0477/2025,PS0139,Bengaluru Urban,2025-04-07 23:56,2025-04-08 03:56,Fraud,Land Scam,BNS 318(4),12.811465,77.541324,P008954,P009492,P003928,SI Mahesh Bhat,Under Investigation
FIR202500129,FIR/0129/2025,PS0205,Chamarajanagar,2025-04-07 00:58,2025-04-08 03:58,Vehicle Theft,Car Theft,BNS 303(2),11.942508,76.790378,P002134,P003864,P006384,PI Suresh Kulkarni,Untraced
FIR202500103,FIR/0103/2025,PS0085,Bengaluru Rural,2025-04-07 20:33,2025-04-08 04:33,POCSO,Harassment,"POCSO Act Sec 4, BNS 64",13.08963,77.418485,P002513,P008537,P007298,PI Chetan Kumar,Chargesheeted
FIR202504116,FIR/4116/2025,PS0068,Belagavi,2025-04-07 22:01,2025-04-08 05:01,Assault,Grievous Hurt,"BNS 115(2), BNS 117(2)",16.049246,74.384038,P005752,P004942,"P004949, P000339",SI Ganesh Rao,Chargesheeted
FIR202502652,FIR/2652/2025,PS0168,Bidar,2025-04-07 22:36,2025-04-08 06:36,Murder,Personal Enmity,BNS 103(1),17.711967,77.654135,P002859,P006517,P003882,PI Ramesh Gowda,Closed
FIR202500836,FIR/0836/2025,PS0243,Chikkaballapura,2025-04-08 05:22,2025-04-08 07:22,Theft,Pocket Pick,BNS 303(2),13.45003,77.861349,P007429,P007993,P002748,PI Chetan Kumar,Closed
FIR202500540,FIR/0540/2025,PS0150,Bengaluru Urban,2025-04-06 20:19,2025-04-08 08:19,Vehicle Theft,Two-Wheeler Theft,BNS 303(2),13.083342,77.725206,P003461,P002617,P000675,SI Ganesh Rao,Under Investigation
FIR202503460,FIR/3460/2025,PS0102,Bengaluru Rural,2025-04-08 04:10,2025-04-08 09:10,Assault,Grievous Hurt,"BNS 115(2), BNS 117(2)",13.135705,77.661728,P008875,P007475,P008290,SI Ravi Kumar,Chargesheeted
FIR202500375,FIR/0375/2025,PS0115,Bengaluru Urban,2025-04-08 07:43,2025-04-08 09:43,Fraud,Corporate Fraud,BNS 318(4),12.869875,77.392622,P001566,P003387,P002264,SI Mahesh Bhat,Under Investigation
FIR202500432,FIR/0432/2025,PS0150,Bengaluru Urban,2025-04-07 05:07,2025-04-08 11:07,Assault,Grievous Hurt,"BNS 115(2), BNS 117(2)",13.072819,77.729928,P006623,P006056,P004594,PI Ramesh Gowda,Under Investigation
FIR202502021,FIR/2021/2025,PS0149,Bengaluru Urban,2025-04-05 10:19,2025-04-08 11:19,Cyber Crime,Identity Theft,"IT Act 66D, BNS 318(4)",13.081496,77.475231,P000972,P009208,P007877,PI Suresh Kulkarni,Chargesheeted
FIR202503782,FIR/3782/2025,PS0147,Bengaluru Urban,2025-04-05 07:44,2025-04-08 13:44,Cyber Crime,Phishing,"IT Act 66D, BNS 318(4)",12.896129,77.551193,P004805,P006250,P007377,PI Naveen Patil,Chargesheeted
FIR202503287,FIR/3287/2025,PS0051,Belagavi,2025-04-05 08:44,2025-04-08 14:44,Burglary,Night House Breaking,"BNS 331(3), BNS 331(4)",15.985914,74.533675,P006184,P005275,P003082,SI Ravi Kumar,Chargesheeted
FIR202501117,FIR/1117/2025,PS0045,Ballari,2025-04-07 11:01,2025-04-08 16:01,Theft,House Theft,BNS 303(2),15.00519,76.878662,P000406,P008895,"P001844, P007718",PI Ramesh Gowda,Under Investigation
FIR202502266,FIR/2266/2025,PS0027,Ballari,2025-04-07 08:11,2025-04-08 16:11,Fraud,Land Scam,BNS 318(4),15.032324,77.064697,P002801,P006873,P002232,PI Lakshmi Devi,Under Investigation
FIR202504225,FIR/4225/2025,PS0186,Bidar,2025-04-06 11:33,2025-04-08 17:33,Assault,Grievous Hurt,"BNS 115(2), BNS 117(2)",17.744921,77.515855,P000485,P009308,P002118,PI Lakshmi Devi,Chargesheeted
FIR202502974,FIR/2974/2025,PS0009,Bagalkote,2025-04-08 12:41,2025-04-08 18:41,Assault,Public Affray,"BNS 115(2), BNS 117(2)",16.058971,75.74806,P000296,P002274,P009916,SI Ravi Kumar,Chargesheeted
FIR202501399,FIR/1399/2025,PS0236,Chikkaballapura,2025-04-08 10:42,2025-04-08 20:42,NDPS,Drug Trafficking,NDPS Act Sec 20(b),13.605304,77.922713,P007993,P005913,P006151,SI Mahesh Bhat,Under Investigation
FIR202501084,FIR/1084/2025,PS0158,Bidar,2025-04-08 20:30,2025-04-08 21:30,Vehicle Theft,Two-Wheeler Theft,BNS 303(2),17.931541,77.515505,P007578,P004626,P003761,SI Divya Hegde,Chargesheeted
FIR202501676,FIR/1676/2025,PS0206,Chamarajanagar,2025-04-08 16:03,2025-04-08 22:03,POCSO,Sexual Assault on Minor,"POCSO Act Sec 4, BNS 64",11.834596,77.116017,P004515,P002931,P008203,SI Divya Hegde,Under Investigation
FIR202503313,FIR/3313/2025,PS0118,Bengaluru Urban,2025-04-07 14:54,2025-04-09 02:54,Vehicle Theft,Two-Wheeler Theft,BNS 303(2),12.784275,77.709022,P009024,P001986,P007581,PI Suresh Kulkarni,Chargesheeted
FIR202500990,FIR/0990/2025,PS0227,Chamarajanagar,2025-04-05 22:22,2025-04-09 05:22,Vehicle Theft,Two-Wheeler Theft,BNS 303(2),11.911402,76.926009,P002189,P003930,P006401,SI Ravi Kumar,Chargesheeted
FIR202502384,FIR/2384/2025,PS0006,Bagalkote,2025-04-05 19:01,2025-04-09 06:01,Assault,Grievous Hurt,"BNS 115(2), BNS 117(2)",16.387065,75.738522,P001336,P006630,P007365,PI Lakshmi Devi,Chargesheeted
FIR202503944,FIR/3944/2025,PS0035,Ballari,2025-04-09 00:23,2025-04-09 07:23,Assault,Grievous Hurt,"BNS 115(2), BNS 117(2)",15.241757,76.870495,P000025,P007499,P001555,SI Mahesh Bhat,Untraced
FIR202503749,FIR/3749/2025,PS0028,Ballari,2025-04-08 22:59,2025-04-09 08:59,Burglary,Night House Breaking,"BNS 331(3), BNS 331(4)",15.028146,76.847426,P004732,P003812,P007751,PI Chetan Kumar,Chargesheeted
FIR202504962,FIR/4962/2025,PS0086,Bengaluru Rural,2025-04-09 08:56,2025-04-09 09:56,Theft,Snatching,BNS 303(2),13.318142,77.495478,P006349,P009271,P006109,PI Lakshmi Devi,Chargesheeted
FIR202504616,FIR/4616/2025,PS0158,Bidar,2025-04-08 03:19,2025-04-09 12:19,Theft,House Theft,BNS 303(2),17.923497,77.49326,P006043,P004692,P007217,PI Lakshmi Devi,Chargesheeted
FIR202500832,FIR/0832/2025,PS0007,Bagalkote,2025-04-07 08:18,2025-04-09 15:18,Murder,Gang Conflict,BNS 103(1),16.073937,75.645493,P009665,P002380,"P008029, P003391",SI Mahesh Bhat,Chargesheeted
FIR202501968,FIR/1968/2025,PS0239,Chikkaballapura,2025-04-08 15:51,2025-04-09 18:51,Assault,Simple Assault,"BNS 115(2), BNS 117(2)",13.438904,77.687577,P001263,P000615,P005047,PI Harish Naik,Chargesheeted
FIR202500265,FIR/0265/2025,PS0175,Bidar,2025-04-09 10:53,2025-04-09 18:53,NDPS,Possession of Narcotics,NDPS Act Sec 20(b),18.025862,77.430463,P001889,P008576,P007497,SI Prakash Sharma,Under Investigation
FIR202501024,FIR/1024/2025,PS0140,Bengaluru Urban,2025-04-04 18:25,2025-04-09 19:25,Fraud,Cheating,BNS 318(4),13.03882,77.664365,P004758,P001754,P008316,SI Ganesh Rao,Under Investigation
FIR202500122,FIR/0122/2025,PS0127,Bengaluru Urban,2025-04-09 09:31,2025-04-09 19:31,NDPS,Possession of Narcotics,NDPS Act Sec 20(b),13.119168,77.647478,P007703,P004676,P008399,PI Harish Naik,Chargesheeted
FIR202504914,FIR/4914/2025,PS0004,Bagalkote,2025-04-09 10:58,2025-04-09 19:58,POCSO,Sexual Assault on Minor,"POCSO Act Sec 4, BNS 64",16.030081,75.672144,P005715,P006116,P009010,SI Mahesh Bhat,Chargesheeted
FIR202504142,FIR/4142/2025,PS0050,Belagavi,2025-04-09 11:44,2025-04-09 21:44,Vehicle Theft,Two-Wheeler Theft,BNS 303(2),15.707746,74.29644,P001698,P008010,P008132,SI Divya Hegde,Chargesheeted
FIR202503714,FIR/3714/2025,PS0085,Bengaluru Rural,2025-04-08 12:00,2025-04-09 23:00,Vehicle Theft,Two-Wheeler Theft,BNS 303(2),13.101733,77.428064,P000330,P001443,P008742,PI Chetan Kumar,Chargesheeted
FIR202502267,FIR/2267/2025,PS0244,Chikkaballapura,2025-04-08 16:17,2025-04-09 23:17,NDPS,Drug Trafficking,NDPS Act Sec 20(b),13.283466,77.908489,P004160,P007373,P008819,PI Lakshmi Devi,Chargesheeted
FIR202500763,FIR/0763/2025,PS0124,Bengaluru Urban,2025-04-06 16:38,2025-04-10 01:38,POCSO,Harassment,"POCSO Act Sec 4, BNS 64",13.094645,77.694858,P005348,P000659,P006908,SI Prakash Sharma,Untraced
FIR202500064,FIR/0064/2025,PS0154,Bidar,2025-04-08 22:18,2025-04-10 02:18,Assault,Public Affray,"BNS 115(2), BNS 117(2)",17.900929,77.40624,P001814,P002710,"P005238, P007528",PI Harish Naik,Under Investigation
FIR202501284,FIR/1284/2025,PS0213,Chamarajanagar,2025-04-09 22:10,2025-04-10 04:10,Theft,Snatching,BNS 303(2),12.030291,76.90991,P006687,P008218,P000761,SI Ganesh Rao,Under Investigation
FIR202504704,FIR/4704/2025,PS0077,Bengaluru Rural,2025-04-07 16:26,2025-04-10 04:26,Dacoity,Armed Dacoity,BNS 310(2),13.347647,77.598006,P009111,P002626,P003197,PI Ramesh Gowda,Chargesheeted
FIR202502316,FIR/2316/2025,PS0184,Bidar,2025-04-08 17:43,2025-04-10 04:43,Vehicle Theft,Car Theft,BNS 303(2),17.918342,77.620738,P003027,P000667,"P002085, P000211",SI Ravi Kumar,Chargesheeted
FIR202504046,FIR/4046/2025,PS0125,Bengaluru Urban,2025-04-08 02:25,2025-04-10 06:25,NDPS,Drug Trafficking,NDPS Act Sec 20(b),12.794675,77.717858,P001134,P007840,P003846,SI Ravi Kumar,Chargesheeted
FIR202501098,FIR/1098/2025,PS0086,Bengaluru Rural,2025-04-10 00:36,2025-04-10 07:36,Dacoity,Armed Dacoity,BNS 310(2),13.311125,77.503436,P002073,P009402,"P008126, P002779",SI Ganesh Rao,Chargesheeted
FIR202500491,FIR/0491/2025,PS0237,Chikkaballapura,2025-04-10 02:28,2025-04-10 08:28,Murder,Personal Enmity,BNS 103(1),13.335702,77.641189,P008760,P006868,P009799,PI Ramesh Gowda,Under Investigation
FIR202502317,FIR/2317/2025,PS0107,Bengaluru Rural,2025-04-09 02:47,2025-04-10 09:47,Dacoity,Armed Dacoity,BNS 310(2),13.143309,77.429853,P006156,P003895,P009189,SI Mahesh Bhat,Under Investigation
FIR202503112,FIR/3112/2025,PS0240,Chikkaballapura,2025-04-09 12:34,2025-04-10 13:34,POCSO,Sexual Assault on Minor,"POCSO Act Sec 4, BNS 64",13.401148,77.81936,P002672,P009358,P003920,SI Prakash Sharma,Chargesheeted
FIR202502917,FIR/2917/2025,PS0168,Bidar,2025-04-10 01:42,2025-04-10 13:42,Vehicle Theft,Car Theft,BNS 303(2),17.707277,77.677499,P009082,P008196,P001320,SI Prakash Sharma,Chargesheeted
FIR202501606,FIR/1606/2025,PS0192,Bidar,2025-04-09 02:55,2025-04-10 14:55,Murder,Dowry Homicide,BNS 103(1),17.997602,77.356827,P005965,P004520,P009052,PI Harish Naik,Chargesheeted
FIR202500453,FIR/0453/2025,PS0048,Belagavi,2025-04-08 14:49,2025-04-10 15:49,Theft,Pocket Pick,BNS 303(2),15.749244,74.476721,P003689,P003453,P000659,PI Ramesh Gowda,Chargesheeted
FIR202501250,FIR/1250/2025,PS0108,Bengaluru Rural,2025-04-10 13:13,2025-04-10 21:13,Theft,Snatching,BNS 303(2),13.184528,77.456124,P008123,P008334,P008721,PI Harish Naik,Chargesheeted
FIR202504829,FIR/4829/2025,PS0168,Bidar,2025-04-10 18:23,2025-04-10 21:23,Theft,Snatching,BNS 303(2),17.723793,77.684117,P001524,P001473,P000047,PI Lakshmi Devi,Under Investigation
FIR202500627,FIR/0627/2025,PS0060,Belagavi,2025-04-10 20:11,2025-04-10 23:11,Theft,Snatching,BNS 303(2),16.004622,74.529474,P006959,P003228,P002022,SI Prakash Sharma,Untraced
FIR202501115,FIR/1115/2025,PS0213,Chamarajanagar,2025-04-07 18:47,2025-04-11 01:47,Dacoity,Bank Dacoity,BNS 310(2),12.055232,76.907484,P004670,P001788,P006760,PI Chetan Kumar,Chargesheeted
FIR202501640,FIR/1640/2025,PS0183,Bidar,2025-04-09 14:47,2025-04-11 02:47,Murder,Personal Enmity,BNS 103(1),17.759456,77.385805,P004210,P006058,P006553,PI Lakshmi Devi,Chargesheeted
FIR202501281,FIR/1281/2025,PS0058,Belagavi,2025-04-09 17:27,2025-04-11 04:27,Burglary,Day Burglary,"BNS 331(3), BNS 331(4)",15.723634,74.402525,P002810,P009389,P001943,PI Harish Naik,Chargesheeted
FIR202504051,FIR/4051/2025,PS0085,Bengaluru Rural,2025-04-10 20:09,2025-04-11 05:09,NDPS,Possession of Narcotics,NDPS Act Sec 20(b),13.096794,77.421953,P002792,P004631,P007449,PI Ramesh Gowda,Chargesheeted
FIR202501789,FIR/1789/2025,PS0181,Bidar,2025-04-08 20:04,2025-04-11 07:04,Fraud,Corporate Fraud,BNS 318(4),18.023798,77.411892,P008364,P003529,P005006,PI Suresh Kulkarni,Chargesheeted
FIR202504800,FIR/4800/2025,PS0237,Chikkaballapura,2025-04-11 04:41,2025-04-11 08:41,Dacoity,Armed Dacoity,BNS 310(2),13.345955,77.640939,P001551,P003409,P003421,SI Ganesh Rao,Closed
FIR202501790,FIR/1790/2025,PS0124,Bengaluru Urban,2025-04-11 06:48,2025-04-11 13:48,Vehicle Theft,Two-Wheeler Theft,BNS 303(2),13.070131,77.689638,P009516,P004438,P006033,SI Prakash Sharma,Under Investigation
FIR202503337,FIR/3337/2025,PS0105,Bengaluru Rural,2025-04-10 14:23,2025-04-11 16:23,Vehicle Theft,Car Theft,BNS 303(2),13.146394,77.642733,P001458,P007865,P004213,PI Ramesh Gowda,Chargesheeted
FIR202503658,FIR/3658/2025,PS0201,Chamarajanagar,2025-04-09 12:48,2025-04-11 20:48,Assault,Grievous Hurt,"BNS 115(2), BNS 117(2)",12.002275,76.841933,P008145,P004456,P009601,PI Naveen Patil,Under Investigation
FIR202504325,FIR/4325/2025,PS0018,Bagalkote,2025-04-11 17:09,2025-04-11 21:09,Assault,Public Affray,"BNS 115(2), BNS 117(2)",16.187638,75.790826,P008034,P008802,"P007972, P004654",SI Ravi Kumar,Under Investigation
FIR202503012,FIR/3012/2025,PS0014,Bagalkote,2025-04-11 18:39,2025-04-11 22:39,Murder,Personal Enmity,BNS 103(1),16.301938,75.82617,P009749,P002797,P009447,SI Ganesh Rao,Chargesheeted
FIR202504323,FIR/4323/2025,PS0084,Bengaluru Rural,2025-04-11 17:11,2025-04-12 01:11,Murder,Dowry Homicide,BNS 103(1),13.171487,77.574659,P009826,P002595,P005112,PI Lakshmi Devi,Chargesheeted
FIR202502829,FIR/2829/2025,PS0139,Bengaluru Urban,2025-04-11 16:15,2025-04-12 02:15,NDPS,Drug Trafficking,NDPS Act Sec 20(b),12.789332,77.566802,P005950,P003579,P001753,PI Lakshmi Devi,Chargesheeted
FIR202503666,FIR/3666/2025,PS0002,Bagalkote,2025-04-09 21:00,2025-04-12 03:00,Vehicle Theft,Car Theft,BNS 303(2),16.092648,75.497864,P008225,P004201,P001436,PI Lakshmi Devi,Chargesheeted
FIR202502264,FIR/2264/2025,PS0045,Ballari,2025-04-10 23:16,2025-04-12 04:16,Vehicle Theft,Two-Wheeler Theft,BNS 303(2),14.972909,76.897921,P009599,P006469,"P004701, P007080",SI Mahesh Bhat,Chargesheeted
FIR202500791,FIR/0791/2025,PS0028,Ballari,2025-04-11 22:21,2025-04-12 04:21,Murder,Gang Conflict,BNS 103(1),15.03787,76.866807,P000078,P006746,"P007777, P000319",SI Ganesh Rao,Chargesheeted
FIR202503266,FIR/3266/2025,PS0079,Bengaluru Rural,2025-04-11 01:27,2025-04-12 04:27,Assault,Simple Assault,"BNS 115(2), BNS 117(2)",13.095486,77.478203,P009821,P001557,P001904,PI Lakshmi Devi,Under Investigation
FIR202501538,FIR/1538/2025,PS0193,Chamarajanagar,2025-04-10 17:55,2025-04-12 05:55,Assault,Grievous Hurt,"BNS 115(2), BNS 117(2)",12.003756,76.858619,P006578,P004101,P002018,SI Divya Hegde,Chargesheeted
FIR202501076,FIR/1076/2025,PS0015,Bagalkote,2025-04-11 03:34,2025-04-12 06:34,Fraud,Land Scam,BNS 318(4),16.039805,75.709226,P003594,P002707,P001419,PI Suresh Kulkarni,Untraced
FIR202502325,FIR/2325/2025,PS0112,Bengaluru Urban,2025-04-11 20:09,2025-04-12 07:09,Burglary,Night House Breaking,"BNS 331(3), BNS 331(4)",13.104154,77.608824,P005444,P008859,"P005597, P006007",PI Chetan Kumar,Under Investigation
FIR202501215,FIR/1215/2025,PS0189,Bidar,2025-04-10 06:12,2025-04-12 09:12,Murder,Dowry Homicide,BNS 103(1),17.89691,77.366352,P008108,P008881,P000865,SI Ganesh Rao,Chargesheeted
FIR202500882,FIR/0882/2025,PS0218,Chamarajanagar,2025-04-11 08:12,2025-04-12 13:12,Theft,House Theft,BNS 303(2),11.879288,77.053777,P002959,P008661,P004903,PI Ramesh Gowda,Chargesheeted
FIR202504989,FIR/4989/2025,PS0015,Bagalkote,2025-04-11 04:23,2025-04-12 13:23,POCSO,Harassment,"POCSO Act Sec 4, BNS 64",16.05331,75.707768,P001802,P000323,P008866,PI Lakshmi Devi,Chargesheeted
FIR202500184,FIR/0184/2025,PS0211,Chamarajanagar,2025-04-12 11:41,2025-04-12 13:41,Vehicle Theft,Two-Wheeler Theft,BNS 303(2),11.820811,77.063497,P003473,P005459,P006252,SI Prakash Sharma,Chargesheeted
FIR202501481,FIR/1481/2025,PS0012,Bagalkote,2025-04-11 12:50,2025-04-12 14:50,Dacoity,Bank Dacoity,BNS 310(2),16.255186,75.831094,P001082,P004891,P005435,SI Ganesh Rao,Under Investigation
FIR202501254,FIR/1254/2025,PS0165,Bidar,2025-04-12 14:15,2025-04-12 21:15,Assault,Simple Assault,"BNS 115(2), BNS 117(2)",18.045702,77.475694,P002232,P005866,P003926,PI Lakshmi Devi,Under Investigation
FIR202500631,FIR/0631/2025,PS0168,Bidar,2025-04-12 18:30,2025-04-13 02:30,Assault,Simple Assault,"BNS 115(2), BNS 117(2)",17.724582,77.673359,P004635,P003262,P008092,PI Naveen Patil,Chargesheeted
FIR202501834,FIR/1834/2025,PS0150,Bengaluru Urban,2025-04-08 17:20,2025-04-13 04:20,Fraud,Corporate Fraud,BNS 318(4),13.066719,77.728487,P005126,P002819,P006374,SI Ravi Kumar,Untraced
FIR202501998,FIR/1998/2025,PS0015,Bagalkote,2025-04-13 09:11,2025-04-13 17:11,Robbery,Highway Robbery,BNS 309(4),16.031206,75.703608,P002124,P002507,P007036,SI Divya Hegde,Chargesheeted
FIR202503768,FIR/3768/2025,PS0083,Bengaluru Rural,2025-04-12 09:35,2025-04-13 18:35,Cyber Crime,Financial Fraud,"IT Act 66D, BNS 318(4)",13.256627,77.569318,P000248,P008073,P002794,SI Ravi Kumar,Under Investigation
FIR202504317,FIR/4317/2025,PS0069,Belagavi,2025-04-13 11:53,2025-04-13 20:53,Assault,Simple Assault,"BNS 115(2), BNS 117(2)",15.820987,74.355741,P006629,P000865,P001902,SI Ravi Kumar,Chargesheeted
FIR202500077,FIR/0077/2025,PS0220,Chamarajanagar,2025-04-13 10:01,2025-04-13 22:01,Theft,Snatching,BNS 303(2),11.800643,76.777641,P006632,P009664,P005853,PI Lakshmi Devi,Chargesheeted
FIR202501238,FIR/1238/2025,PS0002,Bagalkote,2025-04-13 14:35,2025-04-13 22:35,Theft,Snatching,BNS 303(2),16.096484,75.507904,P007979,P003623,P001638,SI Ravi Kumar,Under Investigation
FIR202503239,FIR/3239/2025,PS0171,Bidar,2025-04-13 22:40,2025-04-14 00:40,Assault,Grievous Hurt,"BNS 115(2), BNS 117(2)",17.774548,77.556992,P008426,P004078,P001963,PI Lakshmi Devi,Chargesheeted
FIR202500090,FIR/0090/2025,PS0167,Bidar,2025-04-12 21:24,2025-04-14 01:24,Cyber Crime,Phishing,"IT Act 66D, BNS 318(4)",18.028301,77.443437,P006896,P001235,P004212,PI Suresh Kulkarni,Under Investigation
FIR202502083,FIR/2083/2025,PS0244,Chikkaballapura,2025-04-10 20:22,2025-04-14 04:22,Dacoity,Armed Dacoity,BNS 310(2),13.291537,77.906551,P007427,P009324,P005169,SI Divya Hegde,Chargesheeted
FIR202501881,FIR/1881/2025,PS0053,Belagavi,2025-04-14 09:49,2025-04-14 11:49,Cyber Crime,Financial Fraud,"IT Act 66D, BNS 318(4)",15.843474,74.3292,P002209,P003604,"P008622, P009277",SI Divya Hegde,Chargesheeted
FIR202500981,FIR/0981/2025,PS0148,Bengaluru Urban,2025-04-12 23:58,2025-04-14 11:58,Burglary,Night House Breaking,"BNS 331(3), BNS 331(4)",12.858856,77.660941,P000355,P002172,P002775,PI Suresh Kulkarni,Chargesheeted
FIR202504499,FIR/4499/2025,PS0197,Chamarajanagar,2025-04-11 07:17,2025-04-14 13:17,Dacoity,Bank Dacoity,BNS 310(2),11.877179,77.065323,P008008,P008690,P008683,SI Prakash Sharma,Chargesheeted
FIR202500783,FIR/0783/2025,PS0224,Chamarajanagar,2025-04-13 03:21,2025-04-14 13:21,Vehicle Theft,Two-Wheeler Theft,BNS 303(2),11.86075,76.805977,P003286,P009743,P006877,SI Divya Hegde,Chargesheeted
FIR202500113,FIR/0113/2025,PS0090,Bengaluru Rural,2025-04-14 10:31,2025-04-14 14:31,Dacoity,Armed Dacoity,BNS 310(2),13.399828,77.484972,P006289,P008057,P004795,SI Prakash Sharma,Under Investigation
FIR202504868,FIR/4868/2025,PS0104,Bengaluru Rural,2025-04-14 10:35,2025-04-14 14:35,Fraud,Cheating,BNS 318(4),13.443118,77.568949,P008635,P009690,P005681,PI Naveen Patil,Under Investigation
FIR202501153,FIR/1153/2025,PS0016,Bagalkote,2025-04-14 11:05,2025-04-14 21:05,Vehicle Theft,Two-Wheeler Theft,BNS 303(2),15.974981,75.640927,P001506,P005618,P000587,SI Ganesh Rao,Chargesheeted
FIR202502469,FIR/2469/2025,PS0189,Bidar,2025-04-14 15:07,2025-04-15 02:07,Dacoity,Bank Dacoity,BNS 310(2),17.886214,77.394857,P003123,P009854,"P001745, P008441",PI Lakshmi Devi,Chargesheeted
FIR202501029,FIR/1029/2025,PS0070,Bengaluru Rural,2025-04-12 18:44,2025-04-15 03:44,Burglary,Day Burglary,"BNS 331(3), BNS 331(4)",13.281506,77.759119,P009662,P000168,P004849,PI Chetan Kumar,Chargesheeted
FIR202501856,FIR/1856/2025,PS0130,Bengaluru Urban,2025-04-14 00:41,2025-04-15 11:41,Vehicle Theft,Two-Wheeler Theft,BNS 303(2),13.11478,77.492582,P005331,P000335,"P000480, P002857",SI Ravi Kumar,Closed
FIR202504466,FIR/4466/2025,PS0158,Bidar,2025-04-15 10:36,2025-04-15 12:36,Burglary,Night House Breaking,"BNS 331(3), BNS 331(4)",17.931223,77.489289,P001277,P003016,P000692,PI Naveen Patil,Chargesheeted
FIR202504163,FIR/4163/2025,PS0199,Chamarajanagar,2025-04-15 13:24,2025-04-15 14:24,Dacoity,Bank Dacoity,BNS 310(2),11.854669,77.049206,P008733,P000351,P007913,SI Divya Hegde,Chargesheeted
FIR202501041,FIR/1041/2025,PS0145,Bengaluru Urban,2025-04-15 10:14,2025-04-15 18:14,Robbery,Chain Snatching with Force,BNS 309(4),12.826393,77.57536,P003056,P005588,P002295,PI Suresh Kulkarni,Chargesheeted
FIR202502937,FIR/2937/2025,PS0077,Bengaluru Rural,2025-04-14 09:36,2025-04-15 18:36,Cyber Crime,Phishing,"IT Act 66D, BNS 318(4)",13.339392,77.603535,P004347,P000322,P003007,PI Chetan Kumar,Closed
FIR202502179,FIR/2179/2025,PS0060,Belagavi,2025-04-14 09:48,2025-04-15 20:48,Burglary,Day Burglary,"BNS 331(3), BNS 331(4)",16.021456,74.522107,P005398,P006402,P005018,SI Ravi Kumar,Closed
FIR202504778,FIR/4778/2025,PS0134,Bengaluru Urban,2025-04-14 19:12,2025-04-15 21:12,Fraud,Corporate Fraud,BNS 318(4),12.811748,77.652276,P008244,P000918,P002696,SI Ravi Kumar,Chargesheeted
FIR202502132,FIR/2132/2025,PS0185,Bidar,2025-04-15 20:00,2025-04-15 22:00,Dacoity,Bank Dacoity,BNS 310(2),17.884619,77.510408,P009247,P003560,P003250,SI Divya Hegde,Chargesheeted
FIR202501543,FIR/1543/2025,PS0234,Chamarajanagar,2025-04-16 04:13,2025-04-16 06:13,NDPS,Possession of Narcotics,NDPS Act Sec 20(b),12.005896,76.836515,P007989,P009693,P007292,SI Ravi Kumar,Untraced
FIR202500725,FIR/0725/2025,PS0238,Chikkaballapura,2025-04-14 23:05,2025-04-16 08:05,Burglary,Night House Breaking,"BNS 331(3), BNS 331(4)",13.308472,77.905605,P006737,P008666,P006035,PI Chetan Kumar,Chargesheeted
FIR202502522,FIR/2522/2025,PS0175,Bidar,2025-04-15 00:38,2025-04-16 08:38,NDPS,Drug Trafficking,NDPS Act Sec 20(b),18.01362,77.44025,P001891,P005370,P002709,PI Ramesh Gowda,Chargesheeted
FIR202503366,FIR/3366/2025,PS0084,Bengaluru Rural,2025-04-16 04:06,2025-04-16 09:06,POCSO,Sexual Assault on Minor,"POCSO Act Sec 4, BNS 64",13.148732,77.560938,P007031,P001173,P004567,SI Divya Hegde,Under Investigation
FIR202503280,FIR/3280/2025,PS0121,Bengaluru Urban,2025-04-15 05:21,2025-04-16 10:21,Fraud,Land Scam,BNS 318(4),13.075766,77.486287,P003117,P009559,P007125,PI Ramesh Gowda,Chargesheeted
FIR202502191,FIR/2191/2025,PS0242,Chikkaballapura,2025-04-15 08:31,2025-04-16 10:31,Robbery,Chain Snatching with Force,BNS 309(4),13.28968,77.856725,P000369,P007777,P005558,SI Mahesh Bhat,Under Investigation
FIR202504932,FIR/4932/2025,PS0047,Belagavi,2025-04-14 08:44,2025-04-16 10:44,Burglary,Night House Breaking,"BNS 331(3), BNS 331(4)",15.959484,74.555851,P001671,P009877,P005645,PI Naveen Patil,Chargesheeted
FIR202503067,FIR/3067/2025,PS0073,Bengaluru Rural,2025-04-16 04:50,2025-04-16 11:50,Vehicle Theft,Car Theft,BNS 303(2),13.345666,77.602078,P003566,P003816,P007427,SI Ganesh Rao,Chargesheeted
FIR202504927,FIR/4927/2025,PS0220,Chamarajanagar,2025-04-13 02:20,2025-04-16 12:20,Fraud,Corporate Fraud,BNS 318(4),11.787093,76.789897,P002789,P008902,P000542,PI Lakshmi Devi,Chargesheeted
FIR202500960,FIR/0960/2025,PS0178,Bidar,2025-04-12 08:23,2025-04-16 14:23,Murder,Gang Conflict,BNS 103(1),17.869165,77.49132,P002737,P009202,P008082,PI Naveen Patil,Under Investigation
FIR202501851,FIR/1851/2025,PS0193,Chamarajanagar,2025-04-14 05:53,2025-04-16 16:53,Theft,House Theft,BNS 303(2),12.010287,76.870456,P003985,P006748,P002814,PI Chetan Kumar,Closed
FIR202500026,FIR/0026/2025,PS0158,Bidar,2025-04-16 12:05,2025-04-16 18:05,Robbery,Highway Robbery,BNS 309(4),17.927936,77.497548,P004158,P002865,P005911,SI Divya Hegde,Chargesheeted
FIR202501609,FIR/1609/2025,PS0145,Bengaluru Urban,2025-04-15 12:50,2025-04-16 19:50,Assault,Public Affray,"BNS 115(2), BNS 117(2)",12.822359,77.605199,P002509,P004091,P004294,SI Divya Hegde,Under Investigation
FIR202500801,FIR/0801/2025,PS0196,Chamarajanagar,2025-04-16 12:53,2025-04-16 19:53,Theft,Snatching,BNS 303(2),12.003204,76.957011,P008170,P000779,P008304,PI Suresh Kulkarni,Chargesheeted
FIR202504987,FIR/4987/2025,PS0071,Bengaluru Rural,2025-04-16 13:55,2025-04-16 20:55,POCSO,Harassment,"POCSO Act Sec 4, BNS 64",13.054072,77.517839,P000158,P002410,P005281,SI Ganesh Rao,Chargesheeted
FIR202500789,FIR/0789/2025,PS0162,Bidar,2025-04-16 23:29,2025-04-17 01:29,Robbery,Chain Snatching with Force,BNS 309(4),18.019223,77.454694,P003662,P009147,P000689,PI Naveen Patil,Chargesheeted
FIR202504857,FIR/4857/2025,PS0007,Bagalkote,2025-04-15 00:38,2025-04-17 03:38,POCSO,Sexual Assault on Minor,"POCSO Act Sec 4, BNS 64",16.06747,75.635325,P004457,P009238,P004604,SI Divya Hegde,Chargesheeted
FIR202503914,FIR/3914/2025,PS0202,Chamarajanagar,2025-04-17 03:37,2025-04-17 11:37,Dacoity,Bank Dacoity,BNS 310(2),11.92587,76.859471,P007355,P005617,P008506,PI Harish Naik,Chargesheeted
FIR202500394,FIR/0394/2025,PS0226,Chamarajanagar,2025-04-17 01:54,2025-04-17 11:54,Cyber Crime,Financial Fraud,"IT Act 66D, BNS 318(4)",11.757271,76.992479,P006662,P002984,"P007504, P008680",PI Harish Naik,Under Investigation
FIR202500030,FIR/0030/2025,PS0112,Bengaluru Urban,2025-04-16 03:05,2025-04-17 12:05,Cyber Crime,Financial Fraud,"IT Act 66D, BNS 318(4)",13.123256,77.590004,P004862,P005786,P005225,PI Ramesh Gowda,Under Investigation
FIR202500430,FIR/0430/2025,PS0118,Bengaluru Urban,2025-04-17 09:22,2025-04-17 13:22,Robbery,Chain Snatching with Force,BNS 309(4),12.800857,77.684376,P003740,P006568,P007941,SI Ravi Kumar,Chargesheeted
FIR202504136,FIR/4136/2025,PS0140,Bengaluru Urban,2025-04-16 15:10,2025-04-17 20:10,Vehicle Theft,Car Theft,BNS 303(2),13.039452,77.663009,P009911,P001908,P007157,SI Ravi Kumar,Under Investigation
FIR202504108,FIR/4108/2025,PS0102,Bengaluru Rural,2025-04-16 10:59,2025-04-17 21:59,Burglary,Day Burglary,"BNS 331(3), BNS 331(4)",13.100332,77.627316,P004294,P002412,P000852,SI Ravi Kumar,Under Investigation
FIR202501441,FIR/1441/2025,PS0080,Bengaluru Rural,2025-04-16 18:11,2025-04-17 22:11,Cyber Crime,Identity Theft,"IT Act 66D, BNS 318(4)",13.366792,77.600759,P006074,P003294,P004536,PI Suresh Kulkarni,Chargesheeted
FIR202502711,FIR/2711/2025,PS0132,Bengaluru Urban,2025-04-17 20:16,2025-04-17 23:16,Cyber Crime,Identity Theft,"IT Act 66D, BNS 318(4)",12.99467,77.68557,P000650,P002792,P006948,SI Prakash Sharma,Under Investigation
FIR202501822,FIR/1822/2025,PS0042,Ballari,2025-04-17 11:45,2025-04-17 23:45,Robbery,Highway Robbery,BNS 309(4),15.058836,77.022311,P006553,P004747,P005473,SI Mahesh Bhat,Untraced
FIR202503497,FIR/3497/2025,PS0074,Bengaluru Rural,2025-04-16 16:52,2025-04-18 00:52,NDPS,Possession of Narcotics,NDPS Act Sec 20(b),13.184165,77.584942,P002789,P008974,P005131,PI Lakshmi Devi,Chargesheeted
FIR202502131,FIR/2131/2025,PS0093,Bengaluru Rural,2025-04-16 15:30,2025-04-18 03:30,Robbery,Highway Robbery,BNS 309(4),13.18653,77.550366,P004793,P007341,P001041,SI Mahesh Bhat,Under Investigation
FIR202502608,FIR/2608/2025,PS0081,Bengaluru Rural,2025-04-18 04:54,2025-04-18 05:54,Robbery,Chain Snatching with Force,BNS 309(4),13.17629,77.599701,P007030,P009895,P004370,PI Ramesh Gowda,Closed
FIR202502853,FIR/2853/2025,PS0187,Bidar,2025-04-18 03:38,2025-04-18 06:38,Murder,Personal Enmity,BNS 103(1),17.980637,77.691132,P004300,P005644,"P003766, P007242",SI Divya Hegde,Under Investigation
FIR202502444,FIR/2444/2025,PS0104,Bengaluru Rural,2025-04-17 00:49,2025-04-18 07:49,Murder,Personal Enmity,BNS 103(1),13.434868,77.55047,P001067,P003271,"P007930, P009817",PI Naveen Patil,Chargesheeted
FIR202504526,FIR/4526/2025,PS0132,Bengaluru Urban,2025-04-18 09:08,2025-04-18 10:08,Cyber Crime,Identity Theft,"IT Act 66D, BNS 318(4)",12.982517,77.656195,P001431,P006409,P008991,SI Ganesh Rao,Under Investigation
FIR202500452,FIR/0452/2025,PS0061,Belagavi,2025-04-18 12:18,2025-04-18 14:18,Murder,Dowry Homicide,BNS 103(1),16.030675,74.421352,P004591,P006401,"P004277, P002324",PI Lakshmi Devi,Untraced
FIR202503380,FIR/3380/2025,PS0194,Chamarajanagar,2025-04-17 10:17,2025-04-18 22:17,Fraud,Land Scam,BNS 318(4),11.791846,76.897288,P007122,P009618,P001987,PI Suresh Kulkarni,Under Investigation
FIR202500475,FIR/0475/2025,PS0105,Bengaluru Rural,2025-04-18 13:28,2025-04-18 22:28,NDPS,Possession of Narcotics,NDPS Act Sec 20(b),13.172633,77.644113,P009289,P001738,P002724,PI Naveen Patil,Under Investigation
FIR202502962,FIR/2962/2025,PS0122,Bengaluru Urban,2025-04-18 13:29,2025-04-19 00:29,Murder,Dowry Homicide,BNS 103(1),13.102028,77.552013,P004651,P003740,P009101,SI Ravi Kumar,Chargesheeted
FIR202504747,FIR/4747/2025,PS0083,Bengaluru Rural,2025-04-18 21:19,2025-04-19 01:19,Assault,Public Affray,"BNS 115(2), BNS 117(2)",13.244026,77.549953,P000234,P007655,P001974,PI Chetan Kumar,Under Investigation
FIR202502740,FIR/2740/2025,PS0081,Bengaluru Rural,2025-04-18 14:50,2025-04-19 01:50,Vehicle Theft,Car Theft,BNS 303(2),13.197205,77.6093,P008083,P001243,P003220,PI Suresh Kulkarni,Under Investigation
FIR202502644,FIR/2644/2025,PS0062,Belagavi,2025-04-18 21:05,2025-04-19 03:05,Vehicle Theft,Two-Wheeler Theft,BNS 303(2),15.756044,74.495667,P003247,P001458,P008086,SI Ganesh Rao,Chargesheeted
FIR202504805,FIR/4805/2025,PS0216,Chamarajanagar,2025-04-18 20:06,2025-04-19 05:06,Murder,Dowry Homicide,BNS 103(1),11.739879,76.945366,P005510,P001325,P009852,SI Ganesh Rao,Chargesheeted
FIR202500399,FIR/0399/2025,PS0233,Chamarajanagar,2025-04-18 21:43,2025-04-19 07:43,Robbery,Chain Snatching with Force,BNS 309(4),11.722451,76.799049,P004719,P005100,P003268,PI Chetan Kumar,Under Investigation
FIR202502320,FIR/2320/2025,PS0132,Bengaluru Urban,2025-04-19 05:34,2025-04-19 10:34,Cyber Crime,Identity Theft,"IT Act 66D, BNS 318(4)",12.980839,77.685877,P007213,P005777,P004296,PI Suresh Kulkarni,Under Investigation
FIR202504196,FIR/4196/2025,PS0203,Chamarajanagar,2025-04-17 06:26,2025-04-19 11:26,Fraud,Land Scam,BNS 318(4),11.91324,76.86225,P001227,P007183,P003096,PI Chetan Kumar,Chargesheeted
FIR202501001,FIR/1001/2025,PS0168,Bidar,2025-04-17 02:50,2025-04-19 12:50,Assault,Public Affray,"BNS 115(2), BNS 117(2)",17.715977,77.660522,P005635,P004700,P009155,SI Ganesh Rao,Untraced
FIR202500920,FIR/0920/2025,PS0156,Bidar,2025-04-17 02:11,2025-04-19 13:11,POCSO,Harassment,"POCSO Act Sec 4, BNS 64",18.013835,77.508494,P009606,P008779,P009516,PI Lakshmi Devi,Under Investigation
FIR202502197,FIR/2197/2025,PS0170,Bidar,2025-04-17 11:34,2025-04-19 16:34,Dacoity,Armed Dacoity,BNS 310(2),17.896198,77.372218,P005685,P009583,P002392,PI Lakshmi Devi,Chargesheeted
FIR202500042,FIR/0042/2025,PS0019,Bagalkote,2025-04-19 05:44,2025-04-19 16:44,Assault,Public Affray,"BNS 115(2), BNS 117(2)",16.063634,75.863894,P003073,P006825,P009883,PI Naveen Patil,Under Investigation
FIR202501708,FIR/1708/2025,PS0188,Bidar,2025-04-17 06:18,2025-04-19 18:18,Assault,Public Affray,"BNS 115(2), BNS 117(2)",17.938977,77.706291,P000008,P004006,P008533,PI Naveen Patil,Chargesheeted
FIR202501356,FIR/1356/2025,PS0095,Bengaluru Rural,2025-04-17 13:00,2025-04-20 00:00,POCSO,Harassment,"POCSO Act Sec 4, BNS 64",13.093884,77.424426,P002116,P007939,P006395,SI Divya Hegde,Closed
FIR202503432,FIR/3432/2025,PS0089,Bengaluru Rural,2025-04-18 13:30,2025-04-20 00:30,POCSO,Harassment,"POCSO Act Sec 4, BNS 64",13.374029,77.615868,P007877,P006092,P001291,PI Chetan Kumar,Under Investigation
FIR202501511,FIR/1511/2025,PS0162,Bidar,2025-04-19 17:24,2025-04-20 03:24,Assault,Grievous Hurt,"BNS 115(2), BNS 117(2)",17.999366,77.472921,P003300,P009953,P009312,PI Lakshmi Devi,Under Investigation
FIR202501653,FIR/1653/2025,PS0055,Belagavi,2025-04-19 17:37,2025-04-20 04:37,Dacoity,Armed Dacoity,BNS 310(2),15.834631,74.365775,P006873,P007965,P009107,PI Chetan Kumar,Chargesheeted
FIR202503746,FIR/3746/2025,PS0032,Ballari,2025-04-19 06:22,2025-04-20 10:22,Vehicle Theft,Car Theft,BNS 303(2),15.154255,76.879673,P001411,P001482,P000546,SI Prakash Sharma,Under Investigation
FIR202504581,FIR/4581/2025,PS0072,Bengaluru Rural,2025-04-16 09:58,2025-04-20 10:58,Assault,Grievous Hurt,"BNS 115(2), BNS 117(2)",13.321177,77.610537,P001343,P003435,P008864,PI Lakshmi Devi,Chargesheeted
FIR202504101,FIR/4101/2025,PS0021,Bagalkote,2025-04-19 10:34,2025-04-20 13:34,Robbery,Highway Robbery,BNS 309(4),15.977712,75.535661,P004896,P006385,P001914,PI Suresh Kulkarni,Chargesheeted
FIR202500278,FIR/0278/2025,PS0035,Ballari,2025-04-20 08:32,2025-04-20 16:32,Vehicle Theft,Car Theft,BNS 303(2),15.236218,76.839335,P003775,P003747,P009674,SI Ravi Kumar,Chargesheeted
FIR202503608,FIR/3608/2025,PS0152,Bengaluru Urban,2025-04-20 11:41,2025-04-20 17:41,Robbery,Chain Snatching with Force,BNS 309(4),13.008119,77.386805,P006971,P004719,P003041,PI Ramesh Gowda,Under Investigation
FIR202504211,FIR/4211/2025,PS0052,Belagavi,2025-04-20 10:51,2025-04-20 19:51,Theft,House Theft,BNS 303(2),15.925189,74.280023,P004143,P000210,P007534,SI Ganesh Rao,Chargesheeted
FIR202500516,FIR/0516/2025,PS0207,Chamarajanagar,2025-04-19 13:14,2025-04-20 20:14,POCSO,Sexual Assault on Minor,"POCSO Act Sec 4, BNS 64",12.095486,77.117526,P008335,P008265,P003998,SI Ganesh Rao,Chargesheeted
FIR202501075,FIR/1075/2025,PS0176,Bidar,2025-04-18 17:01,2025-04-20 23:01,Burglary,Night House Breaking,"BNS 331(3), BNS 331(4)",17.777059,77.537556,P006683,P005701,P000438,PI Harish Naik,Chargesheeted
FIR202502527,FIR/2527/2025,PS0098,Bengaluru Rural,2025-04-20 12:36,2025-04-21 00:36,Theft,Snatching,BNS 303(2),13.295914,77.74568,P005291,P001585,P002562,PI Harish Naik,Under Investigation
FIR202503554,FIR/3554/2025,PS0151,Bengaluru Urban,2025-04-20 22:40,2025-04-21 00:40,Murder,Dowry Homicide,BNS 103(1),12.874023,77.461135,P004574,P009115,P000026,PI Chetan Kumar,Chargesheeted
FIR202500307,FIR/0307/2025,PS0233,Chamarajanagar,2025-04-20 21:11,2025-04-21 02:11,Burglary,Day Burglary,"BNS 331(3), BNS 331(4)",11.744166,76.816576,P001784,P001272,P009347,PI Lakshmi Devi,Under Investigation
FIR202504734,FIR/4734/2025,PS0180,Bidar,2025-04-18 19:13,2025-04-21 03:13,Murder,Personal Enmity,BNS 103(1),18.066636,77.422297,P001067,P009150,P007605,PI Ramesh Gowda,Under Investigation
FIR202501635,FIR/1635/2025,PS0048,Belagavi,2025-04-18 00:56,2025-04-21 04:56,Assault,Public Affray,"BNS 115(2), BNS 117(2)",15.721295,74.470248,P003661,P008263,P001792,SI Mahesh Bhat,Chargesheeted
FIR202501199,FIR/1199/2025,PS0112,Bengaluru Urban,2025-04-21 05:09,2025-04-21 06:09,Cyber Crime,Financial Fraud,"IT Act 66D, BNS 318(4)",13.089928,77.577073,P007110,P000611,P003109,SI Ganesh Rao,Under Investigation
FIR202504151,FIR/4151/2025,PS0232,Chamarajanagar,2025-04-21 03:34,2025-04-21 07:34,Assault,Simple Assault,"BNS 115(2), BNS 117(2)",11.780571,76.883941,P003651,P009352,"P004313, P003992",SI Ganesh Rao,Chargesheeted
FIR202504484,FIR/4484/2025,PS0044,Ballari,2025-04-20 22:02,2025-04-21 09:02,Burglary,Day Burglary,"BNS 331(3), BNS 331(4)",15.297265,76.925246,P001273,P002607,P009197,PI Ramesh Gowda,Chargesheeted
FIR202504321,FIR/4321/2025,PS0229,Chamarajanagar,2025-04-21 05:01,2025-04-21 13:01,Dacoity,Armed Dacoity,BNS 310(2),12.05822,77.003175,P000294,P006604,P003934,PI Suresh Kulkarni,Chargesheeted
FIR202503375,FIR/3375/2025,PS0236,Chikkaballapura,2025-04-20 04:51,2025-04-21 16:51,Assault,Simple Assault,"BNS 115(2), BNS 117(2)",13.613555,77.919308,P004643,P002306,"P007977, P008997",PI Lakshmi Devi,Untraced
FIR202504440,FIR/4440/2025,PS0163,Bidar,2025-04-21 14:07,2025-04-21 20:07,Theft,Pocket Pick,BNS 303(2),17.926928,77.604868,P003962,P009681,P000714,PI Ramesh Gowda,Chargesheeted
FIR202503155,FIR/3155/2025,PS0129,Bengaluru Urban,2025-04-21 15:26,2025-04-21 21:26,Fraud,Cheating,BNS 318(4),12.808978,77.761352,P006842,P006756,P002284,PI Harish Naik,Chargesheeted
FIR202503908,FIR/3908/2025,PS0165,Bidar,2025-04-21 15:52,2025-04-21 22:52,POCSO,Harassment,"POCSO Act Sec 4, BNS 64",18.048755,77.474326,P005993,P004831,P007456,PI Suresh Kulkarni,Chargesheeted
FIR202502409,FIR/2409/2025,PS0008,Bagalkote,2025-04-21 18:06,2025-04-21 23:06,Burglary,Night House Breaking,"BNS 331(3), BNS 331(4)",16.271109,75.537198,P009224,P006537,P004344,PI Lakshmi Devi,Under Investigation
FIR202504924,FIR/4924/2025,PS0230,Chamarajanagar,2025-04-21 13:09,2025-04-22 00:09,Vehicle Theft,Two-Wheeler Theft,BNS 303(2),11.768292,77.057734,P001068,P008388,P005335,PI Lakshmi Devi,Under Investigation
FIR202504507,FIR/4507/2025,PS0094,Bengaluru Rural,2025-04-17 12:31,2025-04-22 00:31,Assault,Grievous Hurt,"BNS 115(2), BNS 117(2)",13.047805,77.676722,P004876,P009992,P000525,SI Mahesh Bhat,Chargesheeted
FIR202503664,FIR/3664/2025,PS0200,Chamarajanagar,2025-04-19 15:38,2025-04-22 00:38,Assault,Grievous Hurt,"BNS 115(2), BNS 117(2)",11.807255,77.029719,P001690,P006052,P007149,PI Chetan Kumar,Under Investigation
FIR202503142,FIR/3142/2025,PS0212,Chamarajanagar,2025-04-21 13:54,2025-04-22 00:54,Murder,Personal Enmity,BNS 103(1),12.04319,76.841741,P009660,P007152,P009153,PI Harish Naik,Chargesheeted
FIR202502122,FIR/2122/2025,PS0001,Bagalkote,2025-04-21 23:15,2025-04-22 02:15,Burglary,Day Burglary,"BNS 331(3), BNS 331(4)",16.173048,75.581109,P001439,P006013,P001412,PI Suresh Kulkarni,Chargesheeted
FIR202502731,FIR/2731/2025,PS0121,Bengaluru Urban,2025-04-21 21:31,2025-04-22 02:31,Vehicle Theft,Car Theft,BNS 303(2),13.095408,77.517204,P008454,P008523,P004029,SI Ravi Kumar,Closed
FIR202501978,FIR/1978/2025,PS0037,Ballari,2025-04-22 01:18,2025-04-22 06:18,Assault,Simple Assault,"BNS 115(2), BNS 117(2)",15.061327,77.036975,P002074,P007010,P008513,PI Chetan Kumar,Under Investigation
FIR202502519,FIR/2519/2025,PS0131,Bengaluru Urban,2025-04-21 08:14,2025-04-22 11:14,Vehicle Theft,Two-Wheeler Theft,BNS 303(2),13.008632,77.609842,P004157,P003168,P009157,SI Divya Hegde,Under Investigation
FIR202500545,FIR/0545/2025,PS0042,Ballari,2025-04-19 07:29,2025-04-22 11:29,Fraud,Cheating,BNS 318(4),15.029796,77.021042,P001661,P000985,P005276,SI Ganesh Rao,Under Investigation
FIR202503625,FIR/3625/2025,PS0020,Bagalkote,2025-04-17 05:24,2025-04-22 13:24,Robbery,Highway Robbery,BNS 309(4),16.236934,75.603752,P005843,P004312,P003289,SI Mahesh Bhat,Closed
FIR202504586,FIR/4586/2025,PS0207,Chamarajanagar,2025-04-20 07:05,2025-04-22 16:05,Robbery,Chain Snatching with Force,BNS 309(4),12.082031,77.101341,P004422,P009609,P008714,SI Ganesh Rao,Under Investigation
FIR202504641,FIR/4641/2025,PS0070,Bengaluru Rural,2025-04-22 07:30,2025-04-22 19:30,Burglary,Night House Breaking,"BNS 331(3), BNS 331(4)",13.26689,77.755416,P009704,P005016,P009689,PI Ramesh Gowda,Chargesheeted
FIR202503765,FIR/3765/2025,PS0074,Bengaluru Rural,2025-04-19 17:38,2025-04-22 19:38,Fraud,Corporate Fraud,BNS 318(4),13.175877,77.58776,P002093,P004205,P007244,SI Mahesh Bhat,Chargesheeted
FIR202503043,FIR/3043/2025,PS0163,Bidar,2025-04-22 15:29,2025-04-22 20:29,POCSO,Sexual Assault on Minor,"POCSO Act Sec 4, BNS 64",17.945647,77.607703,P007035,P000610,P002317,PI Naveen Patil,Chargesheeted
FIR202500022,FIR/0022/2025,PS0222,Chamarajanagar,2025-04-20 08:57,2025-04-22 20:57,Robbery,Highway Robbery,BNS 309(4),11.933616,76.747525,P004036,P008534,P007151,PI Chetan Kumar,Under Investigation
FIR202504496,FIR/4496/2025,PS0002,Bagalkote,2025-04-20 15:53,2025-04-22 23:53,NDPS,Drug Trafficking,NDPS Act Sec 20(b),16.115475,75.488767,P002442,P004361,P009505,SI Divya Hegde,Untraced
FIR202501171,FIR/1171/2025,PS0094,Bengaluru Rural,2025-04-20 13:41,2025-04-23 00:41,Assault,Grievous Hurt,"BNS 115(2), BNS 117(2)",13.082476,77.696761,P003566,P002480,P005546,SI Mahesh Bhat,Under Investigation
FIR202504419,FIR/4419/2025,PS0228,Chamarajanagar,2025-04-20 22:13,2025-04-23 01:13,NDPS,Drug Trafficking,NDPS Act Sec 20(b),12.113723,77.131886,P008058,P003837,"P005727, P000406",PI Harish Naik,Untraced
FIR202503803,FIR/3803/2025,PS0146,Bengaluru Urban,2025-04-23 07:03,2025-04-23 10:03,Vehicle Theft,Car Theft,BNS 303(2),12.946152,77.774391,P007653,P008692,P003898,SI Divya Hegde,Chargesheeted
FIR202501168,FIR/1168/2025,PS0156,Bidar,2025-04-20 11:02,2025-04-23 14:02,Murder,Dowry Homicide,BNS 103(1),17.97842,77.509651,P008864,P007250,P001136,PI Naveen Patil,Chargesheeted
FIR202504758,FIR/4758/2025,PS0182,Bidar,2025-04-23 10:51,2025-04-23 14:51,Dacoity,Armed Dacoity,BNS 310(2),17.932401,77.682063,P002514,P008092,"P009708, P001004",SI Ravi Kumar,Chargesheeted
FIR202500609,FIR/0609/2025,PS0036,Ballari,2025-04-21 12:36,2025-04-23 15:36,Assault,Simple Assault,"BNS 115(2), BNS 117(2)",15.247532,76.782191,P008826,P002923,P005410,SI Ravi Kumar,Chargesheeted
FIR202502485,FIR/2485/2025,PS0073,Bengaluru Rural,2025-04-23 10:01,2025-04-23 22:01,Vehicle Theft,Car Theft,BNS 303(2),13.335925,77.619386,P006787,P007482,P007619,PI Suresh Kulkarni,Under Investigation
FIR202503297,FIR/3297/2025,PS0240,Chikkaballapura,2025-04-20 10:34,2025-04-23 22:34,Murder,Gang Conflict,BNS 103(1),13.385465,77.824147,P008010,P000404,P001576,PI Suresh Kulkarni,Chargesheeted
FIR202503599,FIR/3599/2025,PS0197,Chamarajanagar,2025-04-22 19:44,2025-04-24 05:44,Burglary,Night House Breaking,"BNS 331(3), BNS 331(4)",11.865553,77.065429,P006201,P005833,P009305,SI Divya Hegde,Chargesheeted
FIR202503469,FIR/3469/2025,PS0177,Bidar,2025-04-23 01:56,2025-04-24 08:56,Murder,Dowry Homicide,BNS 103(1),18.068143,77.332217,P007703,P008774,P005148,PI Lakshmi Devi,Chargesheeted
FIR202503987,FIR/3987/2025,PS0212,Chamarajanagar,2025-04-24 10:15,2025-04-24 11:15,NDPS,Drug Trafficking,NDPS Act Sec 20(b),12.018342,76.857654,P005072,P007975,P001134,PI Suresh Kulkarni,Chargesheeted
FIR202504367,FIR/4367/2025,PS0153,Bidar,2025-04-23 01:01,2025-04-24 13:01,Cyber Crime,Financial Fraud,"IT Act 66D, BNS 318(4)",17.756194,77.349511,P000348,P008039,P008556,PI Chetan Kumar,Under Investigation
FIR202504215,FIR/4215/2025,PS0049,Belagavi,2025-04-24 02:32,2025-04-24 13:32,Robbery,Chain Snatching with Force,BNS 309(4),15.934686,74.562188,P008306,P006662,P006475,PI Lakshmi Devi,Under Investigation
FIR202500838,FIR/0838/2025,PS0118,Bengaluru Urban,2025-04-24 17:17,2025-04-24 19:17,NDPS,Possession of Narcotics,NDPS Act Sec 20(b),12.792862,77.711095,P006892,P000709,P005938,SI Ganesh Rao,Under Investigation
FIR202500814,FIR/0814/2025,PS0033,Ballari,2025-04-22 10:35,2025-04-24 19:35,Dacoity,Armed Dacoity,BNS 310(2),15.014423,76.833948,P007188,P008253,"P006484, P000147",PI Suresh Kulkarni,Chargesheeted
FIR202503277,FIR/3277/2025,PS0131,Bengaluru Urban,2025-04-24 18:56,2025-04-25 00:56,Fraud,Corporate Fraud,BNS 318(4),12.999989,77.643918,P007186,P001948,P004690,PI Ramesh Gowda,Under Investigation
FIR202501547,FIR/1547/2025,PS0026,Ballari,2025-04-22 23:02,2025-04-25 02:02,Theft,Pocket Pick,BNS 303(2),15.228524,76.970855,P004212,P006439,P006140,PI Harish Naik,Under Investigation
FIR202504671,FIR/4671/2025,PS0071,Bengaluru Rural,2025-04-24 21:53,2025-04-25 08:53,Cyber Crime,Financial Fraud,"IT Act 66D, BNS 318(4)",13.031001,77.483577,P006241,P002952,P002900,PI Harish Naik,Under Investigation
FIR202502229,FIR/2229/2025,PS0040,Ballari,2025-04-25 03:16,2025-04-25 09:16,Assault,Simple Assault,"BNS 115(2), BNS 117(2)",15.33879,76.833304,P005493,P000901,P007565,SI Mahesh Bhat,Under Investigation
FIR202503555,FIR/3555/2025,PS0148,Bengaluru Urban,2025-04-25 00:46,2025-04-25 09:46,Cyber Crime,Financial Fraud,"IT Act 66D, BNS 318(4)",12.836857,77.642222,P001957,P007339,"P008134, P008455",SI Ganesh Rao,Chargesheeted
FIR202501008,FIR/1008/2025,PS0094,Bengaluru Rural,2025-04-22 22:51,2025-04-25 09:51,NDPS,Drug Trafficking,NDPS Act Sec 20(b),13.057365,77.68673,P001683,P006689,P008639,PI Naveen Patil,Under Investigation
FIR202504098,FIR/4098/2025,PS0148,Bengaluru Urban,2025-04-23 00:55,2025-04-25 09:55,Cyber Crime,Financial Fraud,"IT Act 66D, BNS 318(4)",12.861404,77.650308,P004900,P006205,P005423,PI Ramesh Gowda,Under Investigation
FIR202504636,FIR/4636/2025,PS0042,Ballari,2025-04-25 10:05,2025-04-25 11:05,Vehicle Theft,Two-Wheeler Theft,BNS 303(2),15.023092,77.018228,P001940,P008770,P007768,SI Ravi Kumar,Chargesheeted
FIR202502764,FIR/2764/2025,PS0014,Bagalkote,2025-04-25 01:56,2025-04-25 11:56,Vehicle Theft,Two-Wheeler Theft,BNS 303(2),16.297479,75.821956,P008665,P002070,P009079,SI Divya Hegde,Chargesheeted
FIR202504913,FIR/4913/2025,PS0046,Belagavi,2025-04-22 10:32,2025-04-25 14:32,NDPS,Possession of Narcotics,NDPS Act Sec 20(b),15.788875,74.525554,P004404,P000245,P001120,PI Lakshmi Devi,Chargesheeted
FIR202503802,FIR/3802/2025,PS0002,Bagalkote,2025-04-23 10:43,2025-04-25 15:43,Dacoity,Armed Dacoity,BNS 310(2),16.101018,75.485221,P002415,P001683,P006783,PI Suresh Kulkarni,Under Investigation
FIR202504471,FIR/4471/2025,PS0149,Bengaluru Urban,2025-04-25 10:58,2025-04-25 15:58,Vehicle Theft,Car Theft,BNS 303(2),13.086164,77.478168,P005152,P006033,P008076,PI Suresh Kulkarni,Chargesheeted
FIR202504845,FIR/4845/2025,PS0043,Ballari,2025-04-22 09:00,2025-04-25 16:00,Assault,Grievous Hurt,"BNS 115(2), BNS 117(2)",14.973756,76.975059,P000261,P007263,P007658,SI Ganesh Rao,Chargesheeted
FIR202501322,FIR/1322/2025,PS0238,Chikkaballapura,2025-04-22 14:06,2025-04-25 16:06,Cyber Crime,Phishing,"IT Act 66D, BNS 318(4)",13.324408,77.911535,P008226,P006001,"P006141, P008876",SI Mahesh Bhat,Chargesheeted
FIR202500501,FIR/0501/2025,PS0068,Belagavi,2025-04-23 13:31,2025-04-25 16:31,Theft,Pocket Pick,BNS 303(2),16.025622,74.37734,P003652,P002617,P006157,PI Lakshmi Devi,Under Investigation
FIR202503938,FIR/3938/2025,PS0142,Bengaluru Urban,2025-04-22 07:16,2025-04-25 17:16,Cyber Crime,Phishing,"IT Act 66D, BNS 318(4)",13.098763,77.757374,P003323,P002705,"P006209, P008558",SI Prakash Sharma,Chargesheeted
FIR202502647,FIR/2647/2025,PS0145,Bengaluru Urban,2025-04-25 06:33,2025-04-25 17:33,Fraud,Corporate Fraud,BNS 318(4),12.830594,77.589218,P002101,P004927,"P001545, P000923",SI Ganesh Rao,Under Investigation
FIR202504489,FIR/4489/2025,PS0127,Bengaluru Urban,2025-04-24 14:55,2025-04-25 18:55,NDPS,Possession of Narcotics,NDPS Act Sec 20(b),13.100486,77.6464,P001347,P005921,P008653,PI Suresh Kulkarni,Under Investigation
FIR202500115,FIR/0115/2025,PS0010,Bagalkote,2025-04-25 20:27,2025-04-25 21:27,NDPS,Possession of Narcotics,NDPS Act Sec 20(b),16.164738,75.813169,P002914,P006441,P008086,SI Prakash Sharma,Under Investigation
FIR202503056,FIR/3056/2025,PS0110,Bengaluru Urban,2025-04-25 19:33,2025-04-26 03:33,Cyber Crime,Identity Theft,"IT Act 66D, BNS 318(4)",13.154941,77.639375,P005810,P003949,P008116,SI Prakash Sharma,Closed
FIR202504583,FIR/4583/2025,PS0198,Chamarajanagar,2025-04-25 19:23,2025-04-26 04:23,Vehicle Theft,Car Theft,BNS 303(2),11.858166,77.049793,P008896,P006473,P002483,SI Prakash Sharma,Chargesheeted
FIR202504541,FIR/4541/2025,PS0216,Chamarajanagar,2025-04-25 03:10,2025-04-26 05:10,Vehicle Theft,Two-Wheeler Theft,BNS 303(2),11.755703,76.946092,P006939,P003196,P008812,PI Suresh Kulkarni,Closed
FIR202502395,FIR/2395/2025,PS0198,Chamarajanagar,2025-04-26 02:48,2025-04-26 06:48,NDPS,Possession of Narcotics,NDPS Act Sec 20(b),11.838958,77.065181,P006781,P005911,P004064,SI Divya Hegde,Chargesheeted
FIR202504991,FIR/4991/2025,PS0108,Bengaluru Rural,2025-04-25 04:49,2025-04-26 07:49,Robbery,Chain Snatching with Force,BNS 309(4),13.20242,77.467717,P003979,P006159,P003782,PI Suresh Kulkarni,Chargesheeted
FIR202502562,FIR/2562/2025,PS0101,Bengaluru Rural,2025-04-24 02:00,2025-04-26 09:00,Theft,House Theft,BNS 303(2),13.261124,77.747084,P006532,P009815,P007797,SI Divya Hegde,Chargesheeted
FIR202500462,FIR/0462/2025,PS0126,Bengaluru Urban,2025-04-22 03:20,2025-04-26 15:20,Theft,Snatching,BNS 303(2),12.863428,77.578307,P000317,P001958,P000914,PI Suresh Kulkarni,Chargesheeted
FIR202503194,FIR/3194/2025,PS0046,Belagavi,2025-04-26 08:05,2025-04-26 17:05,Fraud,Corporate Fraud,BNS 318(4),15.756522,74.536519,P009872,P008899,P009283,SI Ravi Kumar,Chargesheeted
FIR202504767,FIR/4767/2025,PS0103,Bengaluru Rural,2025-04-26 19:33,2025-04-27 02:33,Robbery,Chain Snatching with Force,BNS 309(4),13.318136,77.459947,P006162,P001714,P009231,PI Suresh Kulkarni,Under Investigation
FIR202504630,FIR/4630/2025,PS0026,Ballari,2025-04-26 18:26,2025-04-27 06:26,Theft,Snatching,BNS 303(2),15.233909,76.983808,P001900,P009315,P008724,PI Ramesh Gowda,Chargesheeted
FIR202503929,FIR/3929/2025,PS0204,Chamarajanagar,2025-04-25 20:50,2025-04-27 06:50,Fraud,Cheating,BNS 318(4),12.045036,77.064256,P009768,P001493,P002811,SI Mahesh Bhat,Chargesheeted
FIR202502177,FIR/2177/2025,PS0184,Bidar,2025-04-24 00:01,2025-04-27 08:01,Vehicle Theft,Car Theft,BNS 303(2),17.888403,77.616781,P000083,P007966,P001261,SI Ganesh Rao,Under Investigation
FIR202501253,FIR/1253/2025,PS0001,Bagalkote,2025-04-25 20:30,2025-04-27 08:30,Fraud,Corporate Fraud,BNS 318(4),16.173319,75.562161,P004172,P002993,P007436,PI Suresh Kulkarni,Chargesheeted
FIR202504363,FIR/4363/2025,PS0233,Chamarajanagar,2025-04-27 01:51,2025-04-27 08:51,POCSO,Sexual Assault on Minor,"POCSO Act Sec 4, BNS 64",11.747873,76.823789,P002914,P006779,P003001,PI Harish Naik,Chargesheeted
FIR202504505,FIR/4505/2025,PS0204,Chamarajanagar,2025-04-24 07:25,2025-04-27 10:25,NDPS,Drug Trafficking,NDPS Act Sec 20(b),12.053156,77.068491,P008442,P000344,P001337,PI Suresh Kulkarni,Chargesheeted
FIR202503367,FIR/3367/2025,PS0143,Bengaluru Urban,2025-04-27 02:28,2025-04-27 10:28,Cyber Crime,Financial Fraud,"IT Act 66D, BNS 318(4)",12.796826,77.409511,P007050,P004988,"P003015, P006631",SI Divya Hegde,Chargesheeted
FIR202502090,FIR/2090/2025,PS0238,Chikkaballapura,2025-04-26 09:34,2025-04-27 10:34,Murder,Dowry Homicide,BNS 103(1),13.339019,77.934984,P000012,P004978,P002619,PI Lakshmi Devi,Chargesheeted
FIR202500614,FIR/0614/2025,PS0215,Chamarajanagar,2025-04-24 11:30,2025-04-27 13:30,Dacoity,Bank Dacoity,BNS 310(2),11.878579,76.98386,P006143,P008398,P005947,PI Suresh Kulkarni,Under Investigation
FIR202502152,FIR/2152/2025,PS0092,Bengaluru Rural,2025-04-27 12:22,2025-04-27 16:22,Fraud,Corporate Fraud,BNS 318(4),13.051677,77.491708,P003112,P009144,P003060,SI Ganesh Rao,Chargesheeted
FIR202504063,FIR/4063/2025,PS0125,Bengaluru Urban,2025-04-26 11:47,2025-04-27 17:47,Robbery,Highway Robbery,BNS 309(4),12.796975,77.696367,P006921,P007525,P005664,SI Divya Hegde,Chargesheeted
FIR202500395,FIR/0395/2025,PS0012,Bagalkote,2025-04-27 09:36,2025-04-27 19:36,POCSO,Sexual Assault on Minor,"POCSO Act Sec 4, BNS 64",16.271641,75.815698,P008266,P004237,P009015,SI Ravi Kumar,Chargesheeted
FIR202500008,FIR/0008/2025,PS0050,Belagavi,2025-04-25 18:08,2025-04-27 21:08,Robbery,Chain Snatching with Force,BNS 309(4),15.718009,74.304428,P002197,P003306,P006498,PI Ramesh Gowda,Untraced
FIR202503245,FIR/3245/2025,PS0214,Chamarajanagar,2025-04-26 15:34,2025-04-27 23:34,Fraud,Land Scam,BNS 318(4),11.915268,76.843939,P009825,P004037,P004515,SI Prakash Sharma,Chargesheeted
FIR202502011,FIR/2011/2025,PS0234,Chamarajanagar,2025-04-26 19:32,2025-04-28 00:32,Vehicle Theft,Two-Wheeler Theft,BNS 303(2),11.992223,76.839582,P009272,P009431,P003567,PI Harish Naik,Closed
FIR202504173,FIR/4173/2025,PS0070,Bengaluru Rural,2025-04-27 13:01,2025-04-28 01:01,NDPS,Drug Trafficking,NDPS Act Sec 20(b),13.286648,77.767272,P005037,P005414,P004637,PI Lakshmi Devi,Under Investigation
FIR202501128,FIR/1128/2025,PS0086,Bengaluru Rural,2025-04-27 17:13,2025-04-28 01:13,NDPS,Drug Trafficking,NDPS Act Sec 20(b),13.302408,77.473082,P004582,P007825,P002006,SI Ravi Kumar,Closed
FIR202501597,FIR/1597/2025,PS0053,Belagavi,2025-04-27 23:19,2025-04-28 01:19,Murder,Gang Conflict,BNS 103(1),15.86102,74.317287,P002589,P002262,P006934,PI Harish Naik,Under Investigation
FIR202502274,FIR/2274/2025,PS0040,Ballari,2025-04-28 03:30,2025-04-28 05:30,Assault,Simple Assault,"BNS 115(2), BNS 117(2)",15.307058,76.833173,P004166,P005921,P006416,PI Naveen Patil,Under Investigation
FIR202502760,FIR/2760/2025,PS0092,Bengaluru Rural,2025-04-25 01:14,2025-04-28 08:14,NDPS,Possession of Narcotics,NDPS Act Sec 20(b),13.050059,77.49383,P001388,P007998,P002219,PI Ramesh Gowda,Under Investigation
FIR202504193,FIR/4193/2025,PS0160,Bidar,2025-04-27 05:19,2025-04-28 09:19,Assault,Grievous Hurt,"BNS 115(2), BNS 117(2)",17.888136,77.360638,P004113,P001136,P008878,PI Ramesh Gowda,Chargesheeted
FIR202500233,FIR/0233/2025,PS0212,Chamarajanagar,2025-04-28 01:46,2025-04-28 12:46,Dacoity,Armed Dacoity,BNS 310(2),12.039129,76.840155,P006136,P009450,P005545,SI Mahesh Bhat,Chargesheeted
FIR202504749,FIR/4749/2025,PS0178,Bidar,2025-04-28 09:51,2025-04-28 14:51,NDPS,Drug Trafficking,NDPS Act Sec 20(b),17.886241,77.498702,P003036,P006075,P005262,PI Lakshmi Devi,Closed
FIR202504918,FIR/4918/2025,PS0072,Bengaluru Rural,2025-04-26 08:51,2025-04-28 15:51,Cyber Crime,Phishing,"IT Act 66D, BNS 318(4)",13.318595,77.624893,P008113,P009302,P002597,PI Suresh Kulkarni,Under Investigation
FIR202500593,FIR/0593/2025,PS0227,Chamarajanagar,2025-04-28 12:31,2025-04-28 19:31,Dacoity,Bank Dacoity,BNS 310(2),11.899457,76.931936,P007390,P003275,P003703,SI Divya Hegde,Chargesheeted
FIR202500804,FIR/0804/2025,PS0246,Chikkaballapura,2025-04-25 18:30,2025-04-28 20:30,Dacoity,Armed Dacoity,BNS 310(2),13.439858,77.747201,P008121,P005543,P005127,PI Ramesh Gowda,Under Investigation
FIR202504462,FIR/4462/2025,PS0135,Bengaluru Urban,2025-04-25 08:41,2025-04-28 20:41,Cyber Crime,Identity Theft,"IT Act 66D, BNS 318(4)",12.931124,77.431414,P002405,P005014,P005745,SI Prakash Sharma,Under Investigation
FIR202501558,FIR/1558/2025,PS0048,Belagavi,2025-04-27 15:19,2025-04-28 22:19,Burglary,Night House Breaking,"BNS 331(3), BNS 331(4)",15.739722,74.479758,P002482,P008407,P000483,SI Ravi Kumar,Chargesheeted
FIR202504355,FIR/4355/2025,PS0167,Bidar,2025-04-27 15:02,2025-04-29 00:02,Robbery,Highway Robbery,BNS 309(4),18.056593,77.442517,P002996,P004896,P006981,SI Divya Hegde,Chargesheeted
FIR202501152,FIR/1152/2025,PS0184,Bidar,2025-04-28 14:33,2025-04-29 01:33,Burglary,Day Burglary,"BNS 331(3), BNS 331(4)",17.901072,77.624367,P004738,P000751,P000658,PI Chetan Kumar,Chargesheeted
FIR202504268,FIR/4268/2025,PS0105,Bengaluru Rural,2025-04-24 01:32,2025-04-29 02:32,Cyber Crime,Identity Theft,"IT Act 66D, BNS 318(4)",13.178837,77.642023,P007251,P006256,P007667,PI Harish Naik,Chargesheeted
FIR202504024,FIR/4024/2025,PS0202,Chamarajanagar,2025-04-25 16:10,2025-04-29 04:10,Murder,Gang Conflict,BNS 103(1),11.942366,76.879699,P008324,P006536,P001506,PI Harish Naik,Under Investigation
FIR202504346,FIR/4346/2025,PS0195,Chamarajanagar,2025-04-23 22:59,2025-04-29 04:59,Robbery,Highway Robbery,BNS 309(4),11.881412,77.052752,P008819,P007330,P003542,PI Naveen Patil,Chargesheeted
FIR202501665,FIR/1665/2025,PS0142,Bengaluru Urban,2025-04-28 03:11,2025-04-29 07:11,Cyber Crime,Financial Fraud,"IT Act 66D, BNS 318(4)",13.089041,77.740699,P009872,P003618,P009956,SI Ganesh Rao,Chargesheeted
FIR202501825,FIR/1825/2025,PS0097,Bengaluru Rural,2025-04-28 21:38,2025-04-29 08:38,Robbery,Highway Robbery,BNS 309(4),13.112762,77.500608,P006784,P006402,P007431,SI Prakash Sharma,Under Investigation
FIR202504665,FIR/4665/2025,PS0186,Bidar,2025-04-27 07:05,2025-04-29 09:05,Fraud,Land Scam,BNS 318(4),17.736501,77.521647,P009972,P007195,P000826,SI Ravi Kumar,Chargesheeted
FIR202504975,FIR/4975/2025,PS0029,Ballari,2025-04-26 09:04,2025-04-29 10:04,Murder,Personal Enmity,BNS 103(1),14.974997,76.900577,P006082,P009498,"P005989, P000019",SI Ganesh Rao,Chargesheeted
FIR202500984,FIR/0984/2025,PS0179,Bidar,2025-04-29 05:18,2025-04-29 10:18,Dacoity,Armed Dacoity,BNS 310(2),18.080684,77.401763,P003110,P007722,P007408,PI Ramesh Gowda,Chargesheeted
FIR202504839,FIR/4839/2025,PS0158,Bidar,2025-04-29 01:20,2025-04-29 11:20,Murder,Dowry Homicide,BNS 103(1),17.937003,77.483825,P000792,P002325,P003806,SI Divya Hegde,Chargesheeted
FIR202502605,FIR/2605/2025,PS0035,Ballari,2025-04-29 04:09,2025-04-29 13:09,Cyber Crime,Identity Theft,"IT Act 66D, BNS 318(4)",15.235445,76.860105,P009243,P003685,"P000549, P009318",SI Ganesh Rao,Chargesheeted
FIR202501298,FIR/1298/2025,PS0068,Belagavi,2025-04-29 09:58,2025-04-29 13:58,Theft,Pocket Pick,BNS 303(2),16.029373,74.363095,P001774,P006434,P003221,SI Divya Hegde,Chargesheeted
FIR202503756,FIR/3756/2025,PS0111,Bengaluru Urban,2025-04-29 09:22,2025-04-29 14:22,Vehicle Theft,Car Theft,BNS 303(2),12.789169,77.567999,P004724,P003613,P009643,SI Prakash Sharma,Untraced
FIR202501647,FIR/1647/2025,PS0042,Ballari,2025-04-29 03:30,2025-04-29 15:30,Assault,Grievous Hurt,"BNS 115(2), BNS 117(2)",15.055514,77.004504,P001080,P001231,P005643,SI Ganesh Rao,Untraced
FIR202500111,FIR/0111/2025,PS0075,Bengaluru Rural,2025-04-29 16:27,2025-04-29 17:27,Murder,Gang Conflict,BNS 103(1),13.201558,77.502338,P005396,P006453,P003411,PI Naveen Patil,Chargesheeted
FIR202503512,FIR/3512/2025,PS0010,Bagalkote,2025-04-29 12:18,2025-04-29 22:18,Vehicle Theft,Car Theft,BNS 303(2),16.178352,75.811665,P000661,P001076,P001763,SI Divya Hegde,Chargesheeted
FIR202501499,FIR/1499/2025,PS0063,Belagavi,2025-04-29 00:51,2025-04-30 05:51,NDPS,Possession of Narcotics,NDPS Act Sec 20(b),16.030353,74.708865,P005182,P001976,P009965,PI Harish Naik,Chargesheeted
FIR202502473,FIR/2473/2025,PS0196,Chamarajanagar,2025-04-30 07:36,2025-04-30 08:36,Assault,Public Affray,"BNS 115(2), BNS 117(2)",11.991875,76.952056,P005824,P000593,P002536,SI Ravi Kumar,Chargesheeted
FIR202501058,FIR/1058/2025,PS0057,Belagavi,2025-04-29 06:05,2025-04-30 14:05,Assault,Public Affray,"BNS 115(2), BNS 117(2)",15.679418,74.396676,P000532,P004087,P005006,PI Naveen Patil,Chargesheeted
FIR202504019,FIR/4019/2025,PS0036,Ballari,2025-04-30 12:11,2025-04-30 14:11,Vehicle Theft,Two-Wheeler Theft,BNS 303(2),15.257428,76.780745,P005108,P009426,P000629,PI Naveen Patil,Chargesheeted
FIR202504351,FIR/4351/2025,PS0191,Bidar,2025-04-28 08:50,2025-04-30 14:50,Cyber Crime,Phishing,"IT Act 66D, BNS 318(4)",17.905496,77.38579,P001270,P004019,P001866,PI Naveen Patil,Under Investigation
FIR202504642,FIR/4642/2025,PS0167,Bidar,2025-04-29 09:59,2025-04-30 14:59,POCSO,Harassment,"POCSO Act Sec 4, BNS 64",18.052403,77.418272,P009175,P006763,P006430,PI Suresh Kulkarni,Under Investigation
FIR202504960,FIR/4960/2025,PS0071,Bengaluru Rural,2025-04-29 13:27,2025-04-30 15:27,POCSO,Sexual Assault on Minor,"POCSO Act Sec 4, BNS 64",13.03278,77.493022,P006630,P001508,P002883,SI Prakash Sharma,Chargesheeted
FIR202501248,FIR/1248/2025,PS0204,Chamarajanagar,2025-04-29 12:17,2025-04-30 16:17,Cyber Crime,Identity Theft,"IT Act 66D, BNS 318(4)",12.041589,77.071065,P004861,P009888,P007836,PI Naveen Patil,Under Investigation
FIR202504585,FIR/4585/2025,PS0112,Bengaluru Urban,2025-04-29 16:20,2025-04-30 18:20,Theft,Snatching,BNS 303(2),13.097971,77.577025,P006581,P001654,P001006,PI Ramesh Gowda,Chargesheeted
FIR202500066,FIR/0066/2025,PS0214,Chamarajanagar,2025-04-30 15:37,2025-04-30 18:37,POCSO,Sexual Assault on Minor,"POCSO Act Sec 4, BNS 64",11.932454,76.825749,P004991,P001709,P008863,PI Suresh Kulkarni,Chargesheeted
FIR202500946,FIR/0946/2025,PS0219,Chamarajanagar,2025-04-27 09:09,2025-04-30 19:09,Vehicle Theft,Car Theft,BNS 303(2),11.855039,76.882338,P004262,P008814,P001244,PI Ramesh Gowda,Chargesheeted
FIR202503839,FIR/3839/2025,PS0144,Bengaluru Urban,2025-04-30 11:50,2025-04-30 19:50,Vehicle Theft,Two-Wheeler Theft,BNS 303(2),12.833012,77.561276,P004481,P004926,P009512,SI Ganesh Rao,Chargesheeted
FIR202502026,FIR/2026/2025,PS0038,Ballari,2025-04-30 18:40,2025-04-30 20:40,Burglary,Night House Breaking,"BNS 331(3), BNS 331(4)",15.069204,77.047207,P002377,P000258,P003132,PI Lakshmi Devi,Under Investigation
FIR202503978,FIR/3978/2025,PS0108,Bengaluru Rural,2025-04-30 18:54,2025-05-01 00:54,Fraud,Corporate Fraud,BNS 318(4),13.177629,77.463738,P002092,P001311,P003322,PI Ramesh Gowda,Chargesheeted
FIR202503863,FIR/3863/2025,PS0094,Bengaluru Rural,2025-04-30 18:44,2025-05-01 01:44,Theft,House Theft,BNS 303(2),13.058001,77.682819,P000922,P003996,P001928,SI Divya Hegde,Closed
FIR202501613,FIR/1613/2025,PS0012,Bagalkote,2025-04-30 19:44,2025-05-01 03:44,NDPS,Possession of Narcotics,NDPS Act Sec 20(b),16.268063,75.824896,P000839,P003327,P009110,PI Ramesh Gowda,Chargesheeted
FIR202503212,FIR/3212/2025,PS0224,Chamarajanagar,2025-04-29 05:34,2025-05-01 08:34,POCSO,Sexual Assault on Minor,"POCSO Act Sec 4, BNS 64",11.841806,76.802019,P008511,P001496,P007969,PI Chetan Kumar,Untraced
FIR202500805,FIR/0805/2025,PS0148,Bengaluru Urban,2025-05-01 04:39,2025-05-01 11:39,Fraud,Cheating,BNS 318(4),12.852765,77.631001,P009109,P006900,P005757,PI Harish Naik,Under Investigation
FIR202503114,FIR/3114/2025,PS0220,Chamarajanagar,2025-04-30 11:18,2025-05-01 13:18,POCSO,Harassment,"POCSO Act Sec 4, BNS 64",11.805151,76.807397,P006443,P008599,P001567,PI Ramesh Gowda,Chargesheeted
FIR202503204,FIR/3204/2025,PS0065,Belagavi,2025-04-29 04:00,2025-05-01 15:00,Vehicle Theft,Two-Wheeler Theft,BNS 303(2),15.752816,74.446014,P003650,P008322,P009096,SI Ravi Kumar,Chargesheeted
FIR202504110,FIR/4110/2025,PS0227,Chamarajanagar,2025-05-01 04:37,2025-05-01 15:37,Murder,Personal Enmity,BNS 103(1),11.906499,76.926526,P000817,P000371,P006500,PI Lakshmi Devi,Chargesheeted
FIR202500403,FIR/0403/2025,PS0018,Bagalkote,2025-05-01 16:24,2025-05-01 18:24,Dacoity,Bank Dacoity,BNS 310(2),16.199748,75.815241,P009868,P005983,P001002,PI Naveen Patil,Chargesheeted
FIR202500517,FIR/0517/2025,PS0198,Chamarajanagar,2025-05-01 10:08,2025-05-01 19:08,Burglary,Day Burglary,"BNS 331(3), BNS 331(4)",11.859946,77.049537,P008476,P006380,P004081,SI Prakash Sharma,Chargesheeted
FIR202503108,FIR/3108/2025,PS0039,Ballari,2025-05-01 16:10,2025-05-01 21:10,Assault,Public Affray,"BNS 115(2), BNS 117(2)",15.337869,76.917246,P007730,P006406,P008219,SI Ravi Kumar,Untraced
FIR202501470,FIR/1470/2025,PS0068,Belagavi,2025-04-26 18:16,2025-05-01 21:16,Assault,Grievous Hurt,"BNS 115(2), BNS 117(2)",16.036268,74.366232,P007912,P001324,P001293,SI Divya Hegde,Chargesheeted
FIR202503323,FIR/3323/2025,PS0235,Chikkaballapura,2025-04-27 15:40,2025-05-01 22:40,Dacoity,Armed Dacoity,BNS 310(2),13.307799,77.5494,P004882,P005331,P001875,SI Divya Hegde,Under Investigation
FIR202504888,FIR/4888/2025,PS0028,Ballari,2025-05-01 19:17,2025-05-02 00:17,Murder,Gang Conflict,BNS 103(1),15.011962,76.878202,P007864,P007597,P007155,PI Naveen Patil,Untraced
FIR202503162,FIR/3162/2025,PS0190,Bidar,2025-04-27 20:19,2025-05-02 02:19,Theft,Snatching,BNS 303(2),17.754862,77.562137,P009912,P003374,P001894,PI Harish Naik,Chargesheeted
FIR202504626,FIR/4626/2025,PS0141,Bengaluru Urban,2025-04-26 20:12,2025-05-02 03:12,Theft,House Theft,BNS 303(2),12.857162,77.388812,P004697,P000178,P008158,SI Prakash Sharma,Chargesheeted
FIR202500018,FIR/0018/2025,PS0202,Chamarajanagar,2025-04-29 15:12,2025-05-02 03:12,Burglary,Night House Breaking,"BNS 331(3), BNS 331(4)",11.93366,76.863155,P003636,P005170,P008888,PI Suresh Kulkarni,Chargesheeted
FIR202501581,FIR/1581/2025,PS0031,Ballari,2025-05-02 04:14,2025-05-02 08:14,Burglary,Day Burglary,"BNS 331(3), BNS 331(4)",14.971914,77.092111,P000719,P003026,P006785,SI Mahesh Bhat,Chargesheeted
FIR202503811,FIR/3811/2025,PS0111,Bengaluru Urban,2025-05-02 03:27,2025-05-02 12:27,Burglary,Night House Breaking,"BNS 331(3), BNS 331(4)",12.790956,77.538299,P007041,P002935,P008387,PI Naveen Patil,Chargesheeted
FIR202501074,FIR/1074/2025,PS0156,Bidar,2025-04-30 08:08,2025-05-02 14:08,Murder,Personal Enmity,BNS 103(1),17.99316,77.500596,P009641,P007555,P009145,PI Naveen Patil,Chargesheeted
FIR202502394,FIR/2394/2025,PS0098,Bengaluru Rural,2025-05-02 04:41,2025-05-02 16:41,Vehicle Theft,Two-Wheeler Theft,BNS 303(2),13.273339,77.725682,P002945,P001704,P003110,PI Chetan Kumar,Under Investigation
FIR202501131,FIR/1131/2025,PS0097,Bengaluru Rural,2025-04-29 16:38,2025-05-02 18:38,Dacoity,Bank Dacoity,BNS 310(2),13.105562,77.496744,P008173,P001297,P000780,PI Naveen Patil,Chargesheeted
FIR202504482,FIR/4482/2025,PS0166,Bidar,2025-05-02 12:49,2025-05-02 18:49,Murder,Gang Conflict,BNS 103(1),17.793499,77.50195,P006310,P005628,P008768,SI Ravi Kumar,Under Investigation
FIR202500200,FIR/0200/2025,PS0012,Bagalkote,2025-04-29 17:08,2025-05-02 19:08,Burglary,Night House Breaking,"BNS 331(3), BNS 331(4)",16.271645,75.807588,P007396,P005376,P008673,PI Harish Naik,Under Investigation
FIR202503310,FIR/3310/2025,PS0143,Bengaluru Urban,2025-05-02 17:59,2025-05-02 21:59,Fraud,Cheating,BNS 318(4),12.790442,77.402904,P001804,P008858,P008615,PI Ramesh Gowda,Chargesheeted
FIR202502978,FIR/2978/2025,PS0233,Chamarajanagar,2025-05-01 21:44,2025-05-02 22:44,Dacoity,Armed Dacoity,BNS 310(2),11.718545,76.803696,P000747,P009240,P008102,PI Naveen Patil,Chargesheeted
FIR202504757,FIR/4757/2025,PS0090,Bengaluru Rural,2025-04-30 15:03,2025-05-03 03:03,Robbery,Highway Robbery,BNS 309(4),13.430997,77.48002,P000525,P007002,P007889,PI Ramesh Gowda,Chargesheeted
FIR202500339,FIR/0339/2025,PS0095,Bengaluru Rural,2025-05-01 01:25,2025-05-03 03:25,Vehicle Theft,Two-Wheeler Theft,BNS 303(2),13.114019,77.393859,P004252,P001448,P007770,PI Naveen Patil,Closed
FIR202504853,FIR/4853/2025,PS0020,Bagalkote,2025-05-02 01:17,2025-05-03 05:17,Cyber Crime,Financial Fraud,"IT Act 66D, BNS 318(4)",16.245031,75.599448,P009233,P003918,P006276,SI Mahesh Bhat,Untraced
FIR202503629,FIR/3629/2025,PS0236,Chikkaballapura,2025-05-02 23:17,2025-05-03 05:17,Robbery,Chain Snatching with Force,BNS 309(4),13.633483,77.918859,P008124,P001254,P002620,SI Ravi Kumar,Chargesheeted
FIR202503256,FIR/3256/2025,PS0033,Ballari,2025-05-01 22:22,2025-05-03 05:22,Murder,Dowry Homicide,BNS 103(1),15.027015,76.834897,P001081,P002753,P004147,SI Mahesh Bhat,Chargesheeted
FIR202500213,FIR/0213/2025,PS0206,Chamarajanagar,2025-05-02 00:35,2025-05-03 05:35,NDPS,Drug Trafficking,NDPS Act Sec 20(b),11.830099,77.091452,P002063,P002650,P008560,PI Suresh Kulkarni,Chargesheeted
FIR202503732,FIR/3732/2025,PS0122,Bengaluru Urban,2025-05-01 22:53,2025-05-03 06:53,Cyber Crime,Financial Fraud,"IT Act 66D, BNS 318(4)",13.114064,77.538213,P002545,P001287,P006436,PI Lakshmi Devi,Under Investigation
FIR202501373,FIR/1373/2025,PS0195,Chamarajanagar,2025-05-03 02:03,2025-05-03 07:03,NDPS,Drug Trafficking,NDPS Act Sec 20(b),11.869643,77.040664,P003703,P008378,P001024,SI Prakash Sharma,Chargesheeted
FIR202502739,FIR/2739/2025,PS0107,Bengaluru Rural,2025-05-03 05:22,2025-05-03 08:22,Assault,Public Affray,"BNS 115(2), BNS 117(2)",13.144448,77.415507,P008796,P004387,P008145,SI Mahesh Bhat,Under Investigation
FIR202500363,FIR/0363/2025,PS0046,Belagavi,2025-05-03 04:24,2025-05-03 12:24,Theft,Snatching,BNS 303(2),15.750821,74.503111,P004400,P009213,P005516,PI Naveen Patil,Chargesheeted
FIR202501939,FIR/1939/2025,PS0117,Bengaluru Urban,2025-05-03 11:33,2025-05-03 14:33,Dacoity,Armed Dacoity,BNS 310(2),13.13414,77.777327,P009785,P003624,P001387,SI Ravi Kumar,Chargesheeted
FIR202503808,FIR/3808/2025,PS0154,Bidar,2025-05-02 07:54,2025-05-03 14:54,NDPS,Drug Trafficking,NDPS Act Sec 20(b),17.891446,77.418526,P006948,P008551,P009141,SI Prakash Sharma,Under Investigation
FIR202503572,FIR/3572/2025,PS0150,Bengaluru Urban,2025-05-03 09:05,2025-05-03 16:05,Vehicle Theft,Car Theft,BNS 303(2),13.08877,77.703584,P009899,P008876,P008971,SI Prakash Sharma,Chargesheeted
FIR202502759,FIR/2759/2025,PS0157,Bidar,2025-05-01 04:42,2025-05-03 16:42,Murder,Gang Conflict,BNS 103(1),17.81086,77.579942,P001623,P005954,P007826,SI Prakash Sharma,Under Investigation
FIR202504357,FIR/4357/2025,PS0215,Chamarajanagar,2025-05-02 05:54,2025-05-03 17:54,Murder,Gang Conflict,BNS 103(1),11.87091,76.97929,P009517,P001473,P009406,SI Mahesh Bhat,Untraced
FIR202500035,FIR/0035/2025,PS0198,Chamarajanagar,2025-05-03 14:30,2025-05-03 18:30,Burglary,Day Burglary,"BNS 331(3), BNS 331(4)",11.831192,77.067267,P006850,P001546,P002835,PI Naveen Patil,Closed
FIR202500175,FIR/0175/2025,PS0041,Ballari,2025-05-03 15:31,2025-05-03 18:31,Theft,House Theft,BNS 303(2),15.234394,76.904794,P003089,P002840,P002663,PI Naveen Patil,Chargesheeted
FIR202500028,FIR/0028/2025,PS0017,Bagalkote,2025-05-01 10:36,2025-05-03 22:36,Fraud,Corporate Fraud,BNS 318(4),16.269213,75.557532,P006676,P003496,P009403,PI Suresh Kulkarni,Under Investigation
FIR202503207,FIR/3207/2025,PS0200,Chamarajanagar,2025-05-03 20:55,2025-05-03 23:55,Assault,Public Affray,"BNS 115(2), BNS 117(2)",11.802911,77.022213,P009242,P004054,P001676,PI Lakshmi Devi,Chargesheeted
FIR202500490,FIR/0490/2025,PS0164,Bidar,2025-05-02 17:23,2025-05-04 00:23,Theft,Pocket Pick,BNS 303(2),17.953959,77.4603,P005676,P004858,P000485,SI Prakash Sharma,Chargesheeted
FIR202502979,FIR/2979/2025,PS0100,Bengaluru Rural,2025-05-03 01:35,2025-05-04 03:35,Theft,Snatching,BNS 303(2),13.136237,77.542927,P004670,P005518,P000524,PI Ramesh Gowda,Chargesheeted
FIR202502332,FIR/2332/2025,PS0099,Bengaluru Rural,2025-05-01 19:15,2025-05-04 04:15,POCSO,Sexual Assault on Minor,"POCSO Act Sec 4, BNS 64",13.252765,77.707972,P008197,P005165,P004208,PI Ramesh Gowda,Chargesheeted
FIR202501625,FIR/1625/2025,PS0205,Chamarajanagar,2025-05-03 21:37,2025-05-04 04:37,Theft,Pocket Pick,BNS 303(2),11.94363,76.791288,P001008,P006200,P001850,SI Ganesh Rao,Under Investigation
FIR202502662,FIR/2662/2025,PS0083,Bengaluru Rural,2025-05-03 23:58,2025-05-04 04:58,Dacoity,Bank Dacoity,BNS 310(2),13.251395,77.575409,P009400,P001118,P003644,PI Harish Naik,Untraced
FIR202501136,FIR/1136/2025,PS0174,Bidar,2025-05-04 02:27,2025-05-04 11:27,NDPS,Possession of Narcotics,NDPS Act Sec 20(b),17.873746,77.564404,P008513,P002121,P009103,SI Mahesh Bhat,Under Investigation
FIR202504634,FIR/4634/2025,PS0243,Chikkaballapura,2025-05-03 08:42,2025-05-04 12:42,Dacoity,Armed Dacoity,BNS 310(2),13.449859,77.85582,P000101,P009007,P008151,SI Prakash Sharma,Chargesheeted
FIR202501721,FIR/1721/2025,PS0167,Bidar,2025-05-04 14:12,2025-05-04 17:12,Robbery,Chain Snatching with Force,BNS 309(4),18.042507,77.417381,P006874,P001394,P004740,PI Suresh Kulkarni,Chargesheeted
FIR202504256,FIR/4256/2025,PS0197,Chamarajanagar,2025-05-02 10:31,2025-05-04 18:31,Vehicle Theft,Car Theft,BNS 303(2),11.869731,77.045234,P000982,P007365,P001863,PI Harish Naik,Under Investigation
FIR202504595,FIR/4595/2025,PS0105,Bengaluru Rural,2025-05-02 12:09,2025-05-04 19:09,Theft,Pocket Pick,BNS 303(2),13.14612,77.655449,P001338,P004242,P008596,PI Lakshmi Devi,Under Investigation
FIR202500893,FIR/0893/2025,PS0037,Ballari,2025-04-30 15:21,2025-05-04 19:21,NDPS,Drug Trafficking,NDPS Act Sec 20(b),15.072844,77.038021,P006231,P001958,"P006082, P004880",PI Ramesh Gowda,Under Investigation
FIR202504808,FIR/4808/2025,PS0057,Belagavi,2025-05-02 10:54,2025-05-04 20:54,Burglary,Night House Breaking,"BNS 331(3), BNS 331(4)",15.694931,74.393418,P006998,P004802,P000203,SI Divya Hegde,Chargesheeted
FIR202500702,FIR/0702/2025,PS0055,Belagavi,2025-05-04 19:55,2025-05-04 21:55,Vehicle Theft,Car Theft,BNS 303(2),15.827654,74.345762,P008050,P001700,P003465,PI Ramesh Gowda,Under Investigation
FIR202502909,FIR/2909/2025,PS0069,Belagavi,2025-05-04 11:57,2025-05-04 21:57,Burglary,Day Burglary,"BNS 331(3), BNS 331(4)",15.857439,74.332191,P005129,P009663,P009204,PI Ramesh Gowda,Closed
FIR202502943,FIR/2943/2025,PS0054,Belagavi,2025-05-04 16:51,2025-05-04 23:51,Theft,Pocket Pick,BNS 303(2),15.927424,74.673792,P005048,P008325,P004873,SI Prakash Sharma,Chargesheeted
FIR202501372,FIR/1372/2025,PS0138,Bengaluru Urban,2025-05-04 13:54,2025-05-05 00:54,Cyber Crime,Phishing,"IT Act 66D, BNS 318(4)",13.167534,77.465294,P006223,P000042,P000855,SI Prakash Sharma,Under Investigation
FIR202502200,FIR/2200/2025,PS0040,Ballari,2025-05-02 23:15,2025-05-05 02:15,Theft,House Theft,BNS 303(2),15.318332,76.828617,P002227,P008610,P009975,SI Mahesh Bhat,Chargesheeted
FIR202500040,FIR/0040/2025,PS0250,Chikkaballapura,2025-05-05 00:26,2025-05-05 02:26,Vehicle Theft,Car Theft,BNS 303(2),13.548068,77.794062,P005286,P004331,P002692,SI Prakash Sharma,Under Investigation
FIR202501073,FIR/1073/2025,PS0166,Bidar,2025-05-02 15:17,2025-05-05 03:17,Dacoity,Bank Dacoity,BNS 310(2),17.820823,77.49297,P002047,P008258,P009320,PI Suresh Kulkarni,Chargesheeted
FIR202501962,FIR/1962/2025,PS0040,Ballari,2025-05-04 21:06,2025-05-05 04:06,Dacoity,Armed Dacoity,BNS 310(2),15.308235,76.835998,P008072,P001016,P009282,PI Lakshmi Devi,Chargesheeted
FIR202500756,FIR/0756/2025,PS0104,Bengaluru Rural,2025-05-03 21:12,2025-05-05 05:12,POCSO,Harassment,"POCSO Act Sec 4, BNS 64",13.424046,77.559588,P007300,P000235,P003042,SI Ravi Kumar,Untraced
FIR202501657,FIR/1657/2025,PS0226,Chamarajanagar,2025-05-04 21:29,2025-05-05 05:29,POCSO,Harassment,"POCSO Act Sec 4, BNS 64",11.772571,77.010857,P000382,P008416,P006579,PI Harish Naik,Chargesheeted
FIR202500759,FIR/0759/2025,PS0149,Bengaluru Urban,2025-05-04 05:12,2025-05-05 07:12,Fraud,Land Scam,BNS 318(4),13.082056,77.464169,P006974,P003322,P000962,PI Harish Naik,Chargesheeted
FIR202500808,FIR/0808/2025,PS0160,Bidar,2025-04-30 02:46,2025-05-05 11:46,Murder,Personal Enmity,BNS 103(1),17.85918,77.362104,P002977,P006860,P009067,SI Ganesh Rao,Chargesheeted
FIR202500583,FIR/0583/2025,PS0170,Bidar,2025-05-03 05:35,2025-05-05 12:35,Dacoity,Armed Dacoity,BNS 310(2),17.879215,77.390655,P000446,P009303,P008465,PI Harish Naik,Chargesheeted
FIR202503072,FIR/3072/2025,PS0200,Chamarajanagar,2025-05-05 07:45,2025-05-05 14:45,Assault,Public Affray,"BNS 115(2), BNS 117(2)",11.791198,77.036091,P009609,P004716,P000547,PI Ramesh Gowda,Chargesheeted
FIR202501695,FIR/1695/2025,PS0135,Bengaluru Urban,2025-05-02 12:12,2025-05-05 16:12,Cyber Crime,Identity Theft,"IT Act 66D, BNS 318(4)",12.916305,77.427484,P000688,P008020,P008748,PI Ramesh Gowda,Chargesheeted
FIR202503815,FIR/3815/2025,PS0185,Bidar,2025-05-05 04:33,2025-05-05 16:33,Vehicle Theft,Car Theft,BNS 303(2),17.890598,77.501685,P007868,P007976,P005421,PI Ramesh Gowda,Chargesheeted
FIR202502411,FIR/2411/2025,PS0106,Bengaluru Rural,2025-05-05 04:49,2025-05-05 16:49,Dacoity,Armed Dacoity,BNS 310(2),13.293554,77.543551,P006487,P001765,P007606,PI Suresh Kulkarni,Untraced
FIR202504801,FIR/4801/2025,PS0031,Ballari,2025-05-05 13:25,2025-05-05 19:25,NDPS,Drug Trafficking,NDPS Act Sec 20(b),14.977298,77.114908,P006002,P003877,P008920,PI Ramesh Gowda,Chargesheeted
FIR202500235,FIR/0235/2025,PS0110,Bengaluru Urban,2025-05-04 14:20,2025-05-05 21:20,Dacoity,Bank Dacoity,BNS 310(2),13.149026,77.6555,P004230,P002765,P002241,PI Ramesh Gowda,Chargesheeted
FIR202501091,FIR/1091/2025,PS0175,Bidar,2025-05-02 16:18,2025-05-06 01:18,POCSO,Sexual Assault on Minor,"POCSO Act Sec 4, BNS 64",18.009417,77.452153,P008878,P003506,P005597,SI Ravi Kumar,Untraced
FIR202504620,FIR/4620/2025,PS0180,Bidar,2025-05-04 16:55,2025-05-06 01:55,Murder,Dowry Homicide,BNS 103(1),18.039048,77.40961,P000864,P002133,P005196,SI Ravi Kumar,Chargesheeted
FIR202502209,FIR/2209/2025,PS0068,Belagavi,2025-05-04 20:19,2025-05-06 03:19,NDPS,Possession of Narcotics,NDPS Act Sec 20(b),16.019224,74.374691,P003178,P003745,P001060,SI Mahesh Bhat,Under Investigation
FIR202502030,FIR/2030/2025,PS0116,Bengaluru Urban,2025-04-30 21:37,2025-05-06 05:37,Cyber Crime,Identity Theft,"IT Act 66D, BNS 318(4)",12.973844,77.534758,P006251,P008749,P000994,SI Mahesh Bhat,Closed
FIR202501023,FIR/1023/2025,PS0110,Bengaluru Urban,2025-05-04 04:37,2025-05-06 08:37,Vehicle Theft,Two-Wheeler Theft,BNS 303(2),13.153303,77.631929,P002899,P009905,P006451,SI Ganesh Rao,Under Investigation
FIR202501170,FIR/1170/2025,PS0094,Bengaluru Rural,2025-05-06 06:50,2025-05-06 08:50,Assault,Public Affray,"BNS 115(2), BNS 117(2)",13.049807,77.689133,P006587,P006955,P008737,PI Ramesh Gowda,Chargesheeted
FIR202500565,FIR/0565/2025,PS0226,Chamarajanagar,2025-05-06 02:14,2025-05-06 09:14,Robbery,Highway Robbery,BNS 309(4),11.741331,76.992329,P006835,P002287,P008007,PI Lakshmi Devi,Chargesheeted
FIR202503881,FIR/3881/2025,PS0103,Bengaluru Rural,2025-05-05 05:23,2025-05-06 09:23,Robbery,Highway Robbery,BNS 309(4),13.312241,77.454727,P000570,P003739,P002156,PI Chetan Kumar,Untraced
FIR202503779,FIR/3779/2025,PS0018,Bagalkote,2025-05-03 01:57,2025-05-06 09:57,Murder,Gang Conflict,BNS 103(1),16.218172,75.782804,P004697,P002684,P005416,PI Ramesh Gowda,Chargesheeted
FIR202502782,FIR/2782/2025,PS0029,Ballari,2025-05-06 03:52,2025-05-06 10:52,NDPS,Drug Trafficking,NDPS Act Sec 20(b),14.967428,76.905368,P006853,P004393,P001037,PI Harish Naik,Chargesheeted
FIR202504936,FIR/4936/2025,PS0077,Bengaluru Rural,2025-05-02 03:16,2025-05-06 11:16,Burglary,Night House Breaking,"BNS 331(3), BNS 331(4)",13.372767,77.626029,P008638,P008892,P008871,SI Divya Hegde,Untraced
FIR202501767,FIR/1767/2025,PS0242,Chikkaballapura,2025-05-06 06:26,2025-05-06 12:26,Dacoity,Armed Dacoity,BNS 310(2),13.303527,77.874301,P004226,P002237,P002590,SI Divya Hegde,Under Investigation
FIR202502563,FIR/2563/2025,PS0058,Belagavi,2025-05-04 05:43,2025-05-06 12:43,Dacoity,Bank Dacoity,BNS 310(2),15.719311,74.378562,P007424,P000498,P008630,PI Chetan Kumar,Chargesheeted
FIR202503860,FIR/3860/2025,PS0158,Bidar,2025-05-06 05:43,2025-05-06 15:43,Assault,Grievous Hurt,"BNS 115(2), BNS 117(2)",17.931303,77.494609,P005960,P004866,P003487,SI Mahesh Bhat,Untraced
FIR202504608,FIR/4608/2025,PS0097,Bengaluru Rural,2025-05-06 14:54,2025-05-06 15:54,NDPS,Possession of Narcotics,NDPS Act Sec 20(b),13.100748,77.492966,P004554,P002201,P008560,PI Lakshmi Devi,Chargesheeted
FIR202500632,FIR/0632/2025,PS0218,Chamarajanagar,2025-05-06 12:04,2025-05-06 18:04,Theft,House Theft,BNS 303(2),11.856553,77.052569,P000053,P008621,P000235,SI Mahesh Bhat,Untraced
FIR202502334,FIR/2334/2025,PS0072,Bengaluru Rural,2025-05-06 08:14,2025-05-06 18:14,POCSO,Harassment,"POCSO Act Sec 4, BNS 64",13.304358,77.606554,P008937,P005842,P000229,PI Suresh Kulkarni,Chargesheeted
FIR202502408,FIR/2408/2025,PS0140,Bengaluru Urban,2025-05-05 07:58,2025-05-06 19:58,Vehicle Theft,Two-Wheeler Theft,BNS 303(2),13.044524,77.660121,P001161,P004793,P005050,SI Mahesh Bhat,Chargesheeted
FIR202501787,FIR/1787/2025,PS0193,Chamarajanagar,2025-05-06 19:56,2025-05-06 23:56,Assault,Public Affray,"BNS 115(2), BNS 117(2)",11.994231,76.849193,P002303,P003634,P005679,SI Ravi Kumar,Untraced
FIR202500039,FIR/0039/2025,PS0057,Belagavi,2025-05-06 23:28,2025-05-07 01:28,Theft,Snatching,BNS 303(2),15.693391,74.410057,P006711,P008257,P004059,SI Mahesh Bhat,Under Investigation
FIR202504877,FIR/4877/2025,PS0196,Chamarajanagar,2025-05-05 23:06,2025-05-07 02:06,Dacoity,Armed Dacoity,BNS 310(2),11.979996,76.962884,P002260,P004225,P000286,SI Ganesh Rao,Chargesheeted
FIR202501859,FIR/1859/2025,PS0051,Belagavi,2025-05-06 01:24,2025-05-07 02:24,Theft,Pocket Pick,BNS 303(2),15.989791,74.527229,P000313,P005362,P001184,PI Naveen Patil,Under Investigation
FIR202503594,FIR/3594/2025,PS0042,Ballari,2025-05-03 16:42,2025-05-07 02:42,Vehicle Theft,Two-Wheeler Theft,BNS 303(2),15.046404,77.024898,P004165,P004563,"P006024, P006550",PI Chetan Kumar,Chargesheeted
FIR202503865,FIR/3865/2025,PS0068,Belagavi,2025-05-04 16:46,2025-05-07 02:46,Burglary,Day Burglary,"BNS 331(3), BNS 331(4)",16.028957,74.37825,P002098,P001679,P003535,SI Ravi Kumar,Under Investigation
FIR202503223,FIR/3223/2025,PS0158,Bidar,2025-05-06 17:48,2025-05-07 02:48,Murder,Gang Conflict,BNS 103(1),17.920865,77.502354,P001449,P002729,P000930,SI Ravi Kumar,Chargesheeted
FIR202502786,FIR/2786/2025,PS0028,Ballari,2025-05-06 19:25,2025-05-07 06:25,Dacoity,Bank Dacoity,BNS 310(2),15.025943,76.860585,P006263,P006294,P006447,SI Ravi Kumar,Under Investigation
FIR202501656,FIR/1656/2025,PS0105,Bengaluru Rural,2025-05-05 22:34,2025-05-07 09:34,Vehicle Theft,Car Theft,BNS 303(2),13.14239,77.637167,P004940,P001889,P000823,PI Naveen Patil,Chargesheeted
FIR202504528,FIR/4528/2025,PS0141,Bengaluru Urban,2025-05-07 08:26,2025-05-07 10:26,Theft,House Theft,BNS 303(2),12.849883,77.391276,P003908,P006791,P006414,SI Divya Hegde,Under Investigation
FIR202500853,FIR/0853/2025,PS0139,Bengaluru Urban,2025-05-06 09:48,2025-05-07 12:48,Theft,Pocket Pick,BNS 303(2),12.800761,77.5721,P005023,P005775,P008860,PI Ramesh Gowda,Chargesheeted
FIR202503646,FIR/3646/2025,PS0116,Bengaluru Urban,2025-05-05 02:46,2025-05-07 13:46,Burglary,Day Burglary,"BNS 331(3), BNS 331(4)",12.96735,77.530488,P001314,P003901,P007671,PI Ramesh Gowda,Chargesheeted
FIR202503086,FIR/3086/2025,PS0227,Chamarajanagar,2025-05-07 05:23,2025-05-07 14:23,Robbery,Highway Robbery,BNS 309(4),11.896142,76.909277,P000936,P003519,P000733,PI Suresh Kulkarni,Under Investigation
FIR202501226,FIR/1226/2025,PS0085,Bengaluru Rural,2025-05-07 08:05,2025-05-07 15:05,Burglary,Night House Breaking,"BNS 331(3), BNS 331(4)",13.113542,77.435228,P008248,P003276,P006526,SI Prakash Sharma,Closed
FIR202504537,FIR/4537/2025,PS0196,Chamarajanagar,2025-05-04 09:24,2025-05-07 17:24,Dacoity,Bank Dacoity,BNS 310(2),12.005972,76.934419,P006629,P008839,P000366,PI Lakshmi Devi,Untraced
FIR202504970,FIR/4970/2025,PS0018,Bagalkote,2025-05-06 14:57,2025-05-07 20:57,Fraud,Cheating,BNS 318(4),16.189756,75.779194,P004042,P007893,P009079,SI Mahesh Bhat,Chargesheeted
FIR202504994,FIR/4994/2025,PS0060,Belagavi,2025-05-07 10:23,2025-05-07 21:23,Burglary,Night House Breaking,"BNS 331(3), BNS 331(4)",16.029762,74.532201,P005161,P009388,P006287,PI Lakshmi Devi,Under Investigation
FIR202501196,FIR/1196/2025,PS0083,Bengaluru Rural,2025-05-07 12:49,2025-05-07 21:49,Murder,Gang Conflict,BNS 103(1),13.272323,77.551645,P007751,P006697,P008966,SI Ganesh Rao,Chargesheeted
FIR202500826,FIR/0826/2025,PS0030,Ballari,2025-05-07 19:13,2025-05-07 22:13,Robbery,Chain Snatching with Force,BNS 309(4),15.193138,76.817771,P007422,P003490,P006303,PI Harish Naik,Under Investigation
FIR202500068,FIR/0068/2025,PS0188,Bidar,2025-05-07 13:35,2025-05-07 22:35,Vehicle Theft,Two-Wheeler Theft,BNS 303(2),17.94186,77.708431,P000044,P005211,P003303,SI Ravi Kumar,Under Investigation
FIR202501228,FIR/1228/2025,PS0208,Chamarajanagar,2025-05-07 15:46,2025-05-07 23:46,Murder,Personal Enmity,BNS 103(1),11.813405,77.141511,P001551,P005725,"P008399, P001327",SI Prakash Sharma,Under Investigation
FIR202503670,FIR/3670/2025,PS0192,Bidar,2025-05-07 14:27,2025-05-08 01:27,Murder,Dowry Homicide,BNS 103(1),17.96809,77.329556,P005298,P000376,"P008646, P001068",PI Lakshmi Devi,Under Investigation
FIR202501854,FIR/1854/2025,PS0207,Chamarajanagar,2025-05-07 22:53,2025-05-08 01:53,Fraud,Land Scam,BNS 318(4),12.069003,77.096409,P002034,P003574,P001654,PI Harish Naik,Chargesheeted
FIR202502600,FIR/2600/2025,PS0077,Bengaluru Rural,2025-05-07 20:01,2025-05-08 02:01,Burglary,Night House Breaking,"BNS 331(3), BNS 331(4)",13.346626,77.607155,P000640,P003466,"P007393, P005995",PI Lakshmi Devi,Chargesheeted
FIR202504436,FIR/4436/2025,PS0174,Bidar,2025-05-06 22:12,2025-05-08 04:12,Assault,Simple Assault,"BNS 115(2), BNS 117(2)",17.882741,77.551969,P009611,P003847,P007400,PI Lakshmi Devi,Chargesheeted
FIR202500506,FIR/0506/2025,PS0141,Bengaluru Urban,2025-05-06 05:28,2025-05-08 06:28,Theft,House Theft,BNS 303(2),12.861283,77.40192,P009357,P005751,P009980,SI Mahesh Bhat,Under Investigation
FIR202502706,FIR/2706/2025,PS0181,Bidar,2025-05-07 03:39,2025-05-08 07:39,Theft,Pocket Pick,BNS 303(2),18.027969,77.393744,P007387,P002158,"P008683, P000657",PI Naveen Patil,Under Investigation
FIR202504515,FIR/4515/2025,PS0034,Ballari,2025-05-05 06:34,2025-05-08 08:34,Murder,Gang Conflict,BNS 103(1),15.007679,77.076423,P009912,P001595,P007603,SI Prakash Sharma,Under Investigation
FIR202500577,FIR/0577/2025,PS0121,Bengaluru Urban,2025-05-05 02:50,2025-05-08 08:50,POCSO,Sexual Assault on Minor,"POCSO Act Sec 4, BNS 64",13.068869,77.505892,P009348,P002673,P001360,PI Harish Naik,Under Investigation
FIR202501549,FIR/1549/2025,PS0154,Bidar,2025-05-08 06:07,2025-05-08 09:07,Theft,Pocket Pick,BNS 303(2),17.876426,77.424261,P006053,P008968,P002569,PI Chetan Kumar,Under Investigation
FIR202504381,FIR/4381/2025,PS0181,Bidar,2025-05-05 06:58,2025-05-08 11:58,Theft,Pocket Pick,BNS 303(2),18.019788,77.394229,P008291,P004517,P004654,PI Chetan Kumar,Chargesheeted
FIR202502326,FIR/2326/2025,PS0041,Ballari,2025-05-08 07:24,2025-05-08 13:24,Robbery,Chain Snatching with Force,BNS 309(4),15.244928,76.901786,P006949,P002280,P002470,SI Divya Hegde,Chargesheeted
FIR202502843,FIR/2843/2025,PS0247,Chikkaballapura,2025-05-04 05:37,2025-05-08 14:37,Vehicle Theft,Two-Wheeler Theft,BNS 303(2),13.472364,77.891871,P000503,P004397,P006265,SI Mahesh Bhat,Under Investigation
FIR202502044,FIR/2044/2025,PS0214,Chamarajanagar,2025-05-08 13:59,2025-05-08 15:59,POCSO,Harassment,"POCSO Act Sec 4, BNS 64",11.94699,76.85269,P009488,P002726,"P004082, P005087",PI Ramesh Gowda,Untraced
FIR202500917,FIR/0917/2025,PS0094,Bengaluru Rural,2025-05-08 09:52,2025-05-08 20:52,POCSO,Sexual Assault on Minor,"POCSO Act Sec 4, BNS 64",13.072582,77.676648,P001501,P005965,P002659,PI Lakshmi Devi,Under Investigation
FIR202500620,FIR/0620/2025,PS0007,Bagalkote,2025-05-05 09:13,2025-05-08 21:13,POCSO,Harassment,"POCSO Act Sec 4, BNS 64",16.065797,75.649315,P009095,P000572,P004671,PI Harish Naik,Under Investigation
FIR202501548,FIR/1548/2025,PS0141,Bengaluru Urban,2025-05-06 13:13,2025-05-08 21:13,Burglary,Day Burglary,"BNS 331(3), BNS 331(4)",12.874653,77.399682,P002760,P008825,P006623,SI Prakash Sharma,Under Investigation
FIR202504059,FIR/4059/2025,PS0101,Bengaluru Rural,2025-05-08 16:17,2025-05-09 01:17,Assault,Public Affray,"BNS 115(2), BNS 117(2)",13.262651,77.741863,P004874,P006554,P007543,PI Naveen Patil,Chargesheeted
FIR202504438,FIR/4438/2025,PS0148,Bengaluru Urban,2025-05-07 23:26,2025-05-09 01:26,Cyber Crime,Identity Theft,"IT Act 66D, BNS 318(4)",12.847998,77.662901,P000383,P004229,P008842,SI Divya Hegde,Under Investigation
FIR202501175,FIR/1175/2025,PS0102,Bengaluru Rural,2025-05-07 02:02,2025-05-09 06:02,Cyber Crime,Identity Theft,"IT Act 66D, BNS 318(4)",13.133274,77.644754,P006346,P009888,P007329,PI Naveen Patil,Under Investigation
FIR202504461,FIR/4461/2025,PS0204,Chamarajanagar,2025-05-08 21:08,2025-05-09 07:08,Robbery,Highway Robbery,BNS 309(4),12.063775,77.064999,P006801,P006532,P000380,SI Ravi Kumar,Chargesheeted
FIR202502697,FIR/2697/2025,PS0233,Chamarajanagar,2025-05-09 03:30,2025-05-09 09:30,POCSO,Sexual Assault on Minor,"POCSO Act Sec 4, BNS 64",11.71673,76.804272,P008919,P000201,"P005281, P007610",PI Harish Naik,Chargesheeted
FIR202504644,FIR/4644/2025,PS0062,Belagavi,2025-05-03 22:48,2025-05-09 09:48,Robbery,Highway Robbery,BNS 309(4),15.774669,74.4924,P003782,P006864,P008688,PI Harish Naik,Untraced
FIR202503906,FIR/3906/2025,PS0067,Belagavi,2025-05-06 03:53,2025-05-09 09:53,Dacoity,Armed Dacoity,BNS 310(2),15.845479,74.680756,P009683,P002735,P008350,PI Suresh Kulkarni,Under Investigation
FIR202501961,FIR/1961/2025,PS0214,Chamarajanagar,2025-05-09 06:22,2025-05-09 14:22,Theft,Pocket Pick,BNS 303(2),11.921793,76.847912,P009871,P001495,P005010,SI Divya Hegde,Closed
FIR202502666,FIR/2666/2025,PS0034,Ballari,2025-05-07 12:41,2025-05-09 16:41,NDPS,Drug Trafficking,NDPS Act Sec 20(b),15.013804,77.08148,P002597,P001156,P001528,PI Suresh Kulkarni,Chargesheeted
FIR202500055,FIR/0055/2025,PS0165,Bidar,2025-05-07 17:13,2025-05-09 18:13,Cyber Crime,Identity Theft,"IT Act 66D, BNS 318(4)",18.044067,77.472618,P007452,P002533,P004768,SI Divya Hegde,Chargesheeted
FIR202503087,FIR/3087/2025,PS0193,Chamarajanagar,2025-05-07 16:31,2025-05-09 18:31,Fraud,Corporate Fraud,BNS 318(4),11.994415,76.843263,P009316,P003127,P006393,SI Ravi Kumar,Chargesheeted
FIR202500739,FIR/0739/2025,PS0102,Bengaluru Rural,2025-05-07 13:36,2025-05-09 19:36,Theft,House Theft,BNS 303(2),13.099945,77.635589,P001537,P002314,P009712,SI Ganesh Rao,Under Investigation
FIR202501726,FIR/1726/2025,PS0116,Bengaluru Urban,2025-05-06 22:38,2025-05-10 00:38,Burglary,Day Burglary,"BNS 331(3), BNS 331(4)",12.975534,77.519559,P009651,P001097,"P000875, P007038",PI Harish Naik,Chargesheeted
FIR202500261,FIR/0261/2025,PS0141,Bengaluru Urban,2025-05-07 15:10,2025-05-10 01:10,Assault,Simple Assault,"BNS 115(2), BNS 117(2)",12.872249,77.393778,P005672,P000272,"P004302, P003236",PI Chetan Kumar,Chargesheeted
FIR202502119,FIR/2119/2025,PS0182,Bidar,2025-05-05 15:28,2025-05-10 01:28,POCSO,Harassment,"POCSO Act Sec 4, BNS 64",17.899876,77.668014,P009332,P004291,P003514,SI Divya Hegde,Chargesheeted
FIR202504409,FIR/4409/2025,PS0213,Chamarajanagar,2025-05-08 15:57,2025-05-10 01:57,Assault,Simple Assault,"BNS 115(2), BNS 117(2)",12.036665,76.938256,P009959,P009339,P009797,PI Harish Naik,Under Investigation
FIR202500650,FIR/0650/2025,PS0039,Ballari,2025-05-08 15:06,2025-05-10 02:06,Burglary,Day Burglary,"BNS 331(3), BNS 331(4)",15.345783,76.947318,P003331,P008846,P002883,PI Lakshmi Devi,Under Investigation
FIR202502454,FIR/2454/2025,PS0040,Ballari,2025-05-08 23:13,2025-05-10 03:13,Dacoity,Bank Dacoity,BNS 310(2),15.31196,76.817726,P005417,P008361,"P009588, P000115",PI Chetan Kumar,Chargesheeted
FIR202500287,FIR/0287/2025,PS0162,Bidar,2025-05-10 00:39,2025-05-10 04:39,NDPS,Possession of Narcotics,NDPS Act Sec 20(b),18.008,77.459649,P008005,P007947,P007618,PI Suresh Kulkarni,Chargesheeted
FIR202502579,FIR/2579/2025,PS0202,Chamarajanagar,2025-05-09 23:41,2025-05-10 05:41,NDPS,Drug Trafficking,NDPS Act Sec 20(b),11.954328,76.874377,P008533,P006459,P005963,SI Prakash Sharma,Under Investigation
FIR202500398,FIR/0398/2025,PS0199,Chamarajanagar,2025-05-08 23:15,2025-05-10 11:15,Murder,Dowry Homicide,BNS 103(1),11.84183,77.043003,P004038,P000593,P003037,PI Chetan Kumar,Untraced
FIR202504544,FIR/4544/2025,PS0120,Bengaluru Urban,2025-05-10 05:24,2025-05-10 11:24,Fraud,Corporate Fraud,BNS 318(4),13.119078,77.409658,P004187,P009280,P008364,PI Chetan Kumar,Under Investigation
FIR202500934,FIR/0934/2025,PS0060,Belagavi,2025-05-09 00:34,2025-05-10 12:34,Murder,Dowry Homicide,BNS 103(1),16.025719,74.525641,P003898,P006725,P000204,PI Suresh Kulkarni,Under Investigation
FIR202503318,FIR/3318/2025,PS0101,Bengaluru Rural,2025-05-06 09:17,2025-05-10 13:17,Robbery,Highway Robbery,BNS 309(4),13.274206,77.738257,P000762,P004521,P002219,PI Suresh Kulkarni,Under Investigation
FIR202504685,FIR/4685/2025,PS0211,Chamarajanagar,2025-05-10 10:53,2025-05-10 13:53,Theft,House Theft,BNS 303(2),11.847561,77.088514,P004156,P003195,P006811,SI Ganesh Rao,Closed
FIR202502536,FIR/2536/2025,PS0152,Bengaluru Urban,2025-05-08 03:53,2025-05-10 15:53,Cyber Crime,Phishing,"IT Act 66D, BNS 318(4)",12.992901,77.394506,P008738,P008927,P006417,SI Divya Hegde,Under Investigation
FIR202504560,FIR/4560/2025,PS0228,Chamarajanagar,2025-05-10 09:28,2025-05-10 16:28,Cyber Crime,Financial Fraud,"IT Act 66D, BNS 318(4)",12.101809,77.137479,P008442,P004644,P003930,PI Suresh Kulkarni,Chargesheeted
FIR202501980,FIR/1980/2025,PS0159,Bidar,2025-05-07 12:08,2025-05-10 17:08,Vehicle Theft,Car Theft,BNS 303(2),18.075734,77.509667,P004251,P007088,P009816,PI Chetan Kumar,Chargesheeted
FIR202504095,FIR/4095/2025,PS0172,Bidar,2025-05-09 12:38,2025-05-10 17:38,Cyber Crime,Phishing,"IT Act 66D, BNS 318(4)",17.955919,77.494537,P004506,P009563,P008727,SI Ravi Kumar,Untraced
FIR202500697,FIR/0697/2025,PS0233,Chamarajanagar,2025-05-09 12:21,2025-05-10 18:21,Robbery,Highway Robbery,BNS 309(4),11.746917,76.80529,P004626,P003820,P006713,PI Ramesh Gowda,Chargesheeted
FIR202504838,FIR/4838/2025,PS0039,Ballari,2025-05-08 12:45,2025-05-10 18:45,Cyber Crime,Phishing,"IT Act 66D, BNS 318(4)",15.342088,76.944317,P002430,P002205,P008303,SI Prakash Sharma,Chargesheeted
FIR202502008,FIR/2008/2025,PS0229,Chamarajanagar,2025-05-09 08:26,2025-05-10 19:26,Dacoity,Armed Dacoity,BNS 310(2),12.042055,77.004285,P001068,P002210,P009810,SI Ganesh Rao,Chargesheeted
FIR202503411,FIR/3411/2025,PS0091,Bengaluru Rural,2025-05-08 14:22,2025-05-11 00:22,Robbery,Highway Robbery,BNS 309(4),13.058061,77.616841,P004105,P005908,P002226,PI Harish Naik,Untraced
FIR202503068,FIR/3068/2025,PS0115,Bengaluru Urban,2025-05-10 21:03,2025-05-11 01:03,Assault,Simple Assault,"BNS 115(2), BNS 117(2)",12.87818,77.384964,P002839,P006673,"P006383, P009651",PI Harish Naik,Untraced
FIR202501887,FIR/1887/2025,PS0233,Chamarajanagar,2025-05-11 01:03,2025-05-11 02:03,Burglary,Day Burglary,"BNS 331(3), BNS 331(4)",11.751987,76.83751,P005835,P007568,P003586,SI Ganesh Rao,Chargesheeted
FIR202504797,FIR/4797/2025,PS0194,Chamarajanagar,2025-05-10 23:28,2025-05-11 02:28,Dacoity,Armed Dacoity,BNS 310(2),11.782215,76.880242,P000229,P008304,P008579,PI Suresh Kulkarni,Chargesheeted
FIR202503789,FIR/3789/2025,PS0021,Bagalkote,2025-05-11 04:44,2025-05-11 05:44,Murder,Personal Enmity,BNS 103(1),15.992651,75.50897,P008057,P007675,P006025,PI Lakshmi Devi,Under Investigation
FIR202504041,FIR/4041/2025,PS0132,Bengaluru Urban,2025-05-08 01:48,2025-05-11 07:48,Murder,Personal Enmity,BNS 103(1),12.983046,77.658651,P002920,P008476,P003021,SI Ravi Kumar,Untraced
FIR202501879,FIR/1879/2025,PS0048,Belagavi,2025-05-11 06:52,2025-05-11 07:52,Robbery,Chain Snatching with Force,BNS 309(4),15.727992,74.48393,P002435,P002824,P009740,PI Lakshmi Devi,Untraced
FIR202503562,FIR/3562/2025,PS0097,Bengaluru Rural,2025-05-10 20:54,2025-05-11 08:54,Cyber Crime,Identity Theft,"IT Act 66D, BNS 318(4)",13.114882,77.500793,P009025,P001904,P004430,PI Suresh Kulkarni,Chargesheeted
FIR202502363,FIR/2363/2025,PS0093,Bengaluru Rural,2025-05-11 07:19,2025-05-11 09:19,NDPS,Drug Trafficking,NDPS Act Sec 20(b),13.186551,77.563016,P002361,P001783,P000846,SI Ravi Kumar,Chargesheeted
FIR202504334,FIR/4334/2025,PS0053,Belagavi,2025-05-09 02:09,2025-05-11 10:09,Cyber Crime,Phishing,"IT Act 66D, BNS 318(4)",15.853057,74.329263,P003670,P001206,P003364,PI Suresh Kulkarni,Under Investigation
FIR202500007,FIR/0007/2025,PS0029,Ballari,2025-05-09 07:14,2025-05-11 10:14,NDPS,Possession of Narcotics,NDPS Act Sec 20(b),14.978067,76.908831,P005630,P005851,P001577,PI Chetan Kumar,Chargesheeted
FIR202502128,FIR/2128/2025,PS0092,Bengaluru Rural,2025-05-08 08:24,2025-05-11 10:24,Murder,Gang Conflict,BNS 103(1),13.078106,77.488959,P008565,P007169,P009421,SI Prakash Sharma,Under Investigation
FIR202502489,FIR/2489/2025,PS0082,Bengaluru Rural,2025-05-10 07:26,2025-05-11 11:26,Burglary,Night House Breaking,"BNS 331(3), BNS 331(4)",13.341545,77.413851,P003151,P003405,P007157,SI Mahesh Bhat,Chargesheeted
FIR202504148,FIR/4148/2025,PS0104,Bengaluru Rural,2025-05-11 06:36,2025-05-11 11:36,Assault,Grievous Hurt,"BNS 115(2), BNS 117(2)",13.410935,77.55903,P002253,P003686,P005783,PI Suresh Kulkarni,Chargesheeted
FIR202504559,FIR/4559/2025,PS0135,Bengaluru Urban,2025-05-11 07:57,2025-05-11 12:57,Assault,Simple Assault,"BNS 115(2), BNS 117(2)",12.920798,77.440486,P000260,P008535,"P006254, P002523",SI Prakash Sharma,Closed
FIR202500728,FIR/0728/2025,PS0104,Bengaluru Rural,2025-05-08 09:22,2025-05-11 13:22,NDPS,Drug Trafficking,NDPS Act Sec 20(b),13.43731,77.549075,P003603,P002016,P002039,SI Mahesh Bhat,Chargesheeted
FIR202502798,FIR/2798/2025,PS0089,Bengaluru Rural,2025-05-10 06:21,2025-05-11 18:21,Theft,Snatching,BNS 303(2),13.392212,77.622966,P003152,P006516,P005357,PI Suresh Kulkarni,Chargesheeted
FIR202500618,FIR/0618/2025,PS0210,Chamarajanagar,2025-05-07 10:27,2025-05-11 19:27,Cyber Crime,Identity Theft,"IT Act 66D, BNS 318(4)",11.985327,76.780754,P005633,P008831,P004906,SI Divya Hegde,Chargesheeted
FIR202500489,FIR/0489/2025,PS0151,Bengaluru Urban,2025-05-11 15:51,2025-05-11 20:51,Fraud,Cheating,BNS 318(4),12.891853,77.462658,P003118,P001092,P006248,SI Ravi Kumar,Chargesheeted
FIR202503301,FIR/3301/2025,PS0220,Chamarajanagar,2025-05-12 00:13,2025-05-12 04:13,Murder,Personal Enmity,BNS 103(1),11.790354,76.814801,P001498,P004016,P004591,SI Ravi Kumar,Chargesheeted
FIR202504206,FIR/4206/2025,PS0116,Bengaluru Urban,2025-05-11 17:34,2025-05-12 05:34,Vehicle Theft,Car Theft,BNS 303(2),12.978186,77.525876,P005408,P004314,P008605,SI Divya Hegde,Closed
FIR202504729,FIR/4729/2025,PS0023,Bagalkote,2025-05-11 22:58,2025-05-12 08:58,Fraud,Cheating,BNS 318(4),16.121765,75.794371,P000324,P004933,P004670,SI Ravi Kumar,Under Investigation
FIR202503617,FIR/3617/2025,PS0229,Chamarajanagar,2025-05-12 02:14,2025-05-12 09:14,Assault,Simple Assault,"BNS 115(2), BNS 117(2)",12.040646,76.997798,P004431,P008906,P005963,PI Harish Naik,Chargesheeted
FIR202502804,FIR/2804/2025,PS0028,Ballari,2025-05-11 02:40,2025-05-12 09:40,NDPS,Possession of Narcotics,NDPS Act Sec 20(b),15.006278,76.845134,P007055,P003546,P000587,SI Divya Hegde,Untraced
FIR202501106,FIR/1106/2025,PS0092,Bengaluru Rural,2025-05-12 00:13,2025-05-12 10:13,Burglary,Day Burglary,"BNS 331(3), BNS 331(4)",13.07078,77.475065,P004570,P001947,P005998,SI Mahesh Bhat,Chargesheeted
FIR202503230,FIR/3230/2025,PS0059,Belagavi,2025-05-12 08:23,2025-05-12 10:23,Dacoity,Armed Dacoity,BNS 310(2),15.808058,74.514792,P004724,P001600,P005368,SI Ravi Kumar,Untraced
FIR202502630,FIR/2630/2025,PS0073,Bengaluru Rural,2025-05-12 10:45,2025-05-12 13:45,Cyber Crime,Phishing,"IT Act 66D, BNS 318(4)",13.354039,77.590197,P001925,P006088,P002243,PI Chetan Kumar,Under Investigation
FIR202504055,FIR/4055/2025,PS0049,Belagavi,2025-05-12 11:34,2025-05-12 16:34,Robbery,Highway Robbery,BNS 309(4),15.930297,74.550074,P003947,P008864,P009153,PI Lakshmi Devi,Chargesheeted
FIR202501315,FIR/1315/2025,PS0113,Bengaluru Urban,2025-05-09 09:26,2025-05-12 18:26,Fraud,Cheating,BNS 318(4),13.178374,77.476202,P000738,P008603,P005071,PI Suresh Kulkarni,Under Investigation
FIR202500925,FIR/0925/2025,PS0165,Bidar,2025-05-12 13:23,2025-05-12 19:23,Cyber Crime,Identity Theft,"IT Act 66D, BNS 318(4)",18.04904,77.473249,P008055,P001537,P002245,PI Lakshmi Devi,Chargesheeted
FIR202504621,FIR/4621/2025,PS0032,Ballari,2025-05-12 22:46,2025-05-12 23:46,Assault,Public Affray,"BNS 115(2), BNS 117(2)",15.17381,76.895205,P000834,P006058,P000834,PI Harish Naik,Chargesheeted
FIR202504820,FIR/4820/2025,PS0229,Chamarajanagar,2025-05-12 18:27,2025-05-13 00:27,Robbery,Highway Robbery,BNS 309(4),12.05466,77.014708,P000974,P005041,P004889,PI Ramesh Gowda,Under Investigation
FIR202503829,FIR/3829/2025,PS0023,Bagalkote,2025-05-10 19:24,2025-05-13 03:24,Burglary,Night House Breaking,"BNS 331(3), BNS 331(4)",16.125922,75.808114,P001577,P002687,P002728,PI Naveen Patil,Under Investigation
FIR202502936,FIR/2936/2025,PS0013,Bagalkote,2025-05-10 17:13,2025-05-13 04:13,Vehicle Theft,Two-Wheeler Theft,BNS 303(2),16.166641,75.653618,P005999,P001125,P002699,PI Ramesh Gowda,Under Investigation
FIR202502271,FIR/2271/2025,PS0044,Ballari,2025-05-12 21:28,2025-05-13 04:28,NDPS,Drug Trafficking,NDPS Act Sec 20(b),15.298301,76.943918,P007085,P004249,"P001171, P006986",SI Ganesh Rao,Chargesheeted
FIR202502763,FIR/2763/2025,PS0047,Belagavi,2025-05-13 03:20,2025-05-13 07:20,Murder,Dowry Homicide,BNS 103(1),15.96232,74.540246,P009131,P007166,P005082,SI Divya Hegde,Untraced
FIR202503632,FIR/3632/2025,PS0169,Bidar,2025-05-11 21:42,2025-05-13 09:42,Assault,Grievous Hurt,"BNS 115(2), BNS 117(2)",18.010965,77.712204,P005382,P007069,P004857,SI Prakash Sharma,Under Investigation
FIR202503771,FIR/3771/2025,PS0111,Bengaluru Urban,2025-05-11 09:21,2025-05-13 10:21,Cyber Crime,Financial Fraud,"IT Act 66D, BNS 318(4)",12.768442,77.574837,P002559,P005701,P001934,PI Chetan Kumar,Chargesheeted
FIR202504078,FIR/4078/2025,PS0052,Belagavi,2025-05-13 06:17,2025-05-13 11:17,Burglary,Day Burglary,"BNS 331(3), BNS 331(4)",15.92855,74.318086,P005057,P005768,P007151,SI Mahesh Bhat,Chargesheeted
FIR202503579,FIR/3579/2025,PS0054,Belagavi,2025-05-11 07:06,2025-05-13 12:06,Assault,Public Affray,"BNS 115(2), BNS 117(2)",15.934917,74.701498,P003821,P004260,P005474,PI Naveen Patil,Under Investigation
FIR202502860,FIR/2860/2025,PS0204,Chamarajanagar,2025-05-12 07:41,2025-05-13 13:41,Fraud,Corporate Fraud,BNS 318(4),12.043332,77.078416,P003658,P001510,P009121,SI Ravi Kumar,Chargesheeted
FIR202500246,FIR/0246/2025,PS0019,Bagalkote,2025-05-09 11:13,2025-05-13 19:13,Assault,Simple Assault,"BNS 115(2), BNS 117(2)",16.062981,75.871847,P007631,P005073,P006713,SI Ganesh Rao,Under Investigation
FIR202504315,FIR/4315/2025,PS0011,Bagalkote,2025-05-08 16:21,2025-05-13 20:21,Vehicle Theft,Two-Wheeler Theft,BNS 303(2),16.159917,75.657024,P007673,P007763,P009791,PI Chetan Kumar,Chargesheeted
FIR202502768,FIR/2768/2025,PS0044,Ballari,2025-05-12 17:38,2025-05-13 22:38,POCSO,Harassment,"POCSO Act Sec 4, BNS 64",15.306209,76.939959,P008808,P003269,P009891,PI Suresh Kulkarni,Chargesheeted
FIR202501302,FIR/1302/2025,PS0099,Bengaluru Rural,2025-05-12 19:40,2025-05-14 00:40,Assault,Simple Assault,"BNS 115(2), BNS 117(2)",13.245877,77.700795,P009641,P003383,P008278,PI Suresh Kulkarni,Under Investigation
FIR202503439,FIR/3439/2025,PS0092,Bengaluru Rural,2025-05-11 14:40,2025-05-14 02:40,Burglary,Day Burglary,"BNS 331(3), BNS 331(4)",13.040433,77.481887,P002689,P008802,P003403,PI Naveen Patil,Chargesheeted
FIR202503727,FIR/3727/2025,PS0063,Belagavi,2025-05-13 15:40,2025-05-14 02:40,Murder,Gang Conflict,BNS 103(1),16.018664,74.685261,P005956,P007683,P001618,PI Lakshmi Devi,Chargesheeted
FIR202502806,FIR/2806/2025,PS0195,Chamarajanagar,2025-05-12 22:48,2025-05-14 03:48,POCSO,Harassment,"POCSO Act Sec 4, BNS 64",11.858437,77.072173,P002971,P001441,P005433,SI Prakash Sharma,Untraced
FIR202502732,FIR/2732/2025,PS0117,Bengaluru Urban,2025-05-13 06:03,2025-05-14 09:03,Cyber Crime,Identity Theft,"IT Act 66D, BNS 318(4)",13.1082,77.789978,P005476,P006084,"P005550, P003848",SI Divya Hegde,Chargesheeted
FIR202504119,FIR/4119/2025,PS0114,Bengaluru Urban,2025-05-13 06:58,2025-05-14 09:58,Dacoity,Armed Dacoity,BNS 310(2),12.991533,77.756798,P000272,P003418,P004292,SI Ganesh Rao,Chargesheeted
FIR202502928,FIR/2928/2025,PS0058,Belagavi,2025-05-14 01:09,2025-05-14 12:09,Fraud,Land Scam,BNS 318(4),15.685577,74.372754,P003316,P001778,P002378,SI Mahesh Bhat,Untraced
FIR202503317,FIR/3317/2025,PS0159,Bidar,2025-05-14 11:55,2025-05-14 12:55,Burglary,Night House Breaking,"BNS 331(3), BNS 331(4)",18.068723,77.489521,P005014,P006505,P008022,PI Harish Naik,Under Investigation
FIR202501231,FIR/1231/2025,PS0124,Bengaluru Urban,2025-05-14 11:02,2025-05-14 14:02,Cyber Crime,Financial Fraud,"IT Act 66D, BNS 318(4)",13.087698,77.67453,P007488,P002638,P004188,SI Ravi Kumar,Under Investigation
FIR202503057,FIR/3057/2025,PS0095,Bengaluru Rural,2025-05-14 04:47,2025-05-14 14:47,POCSO,Sexual Assault on Minor,"POCSO Act Sec 4, BNS 64",13.111218,77.391814,P000837,P008322,P008022,PI Ramesh Gowda,Under Investigation
FIR202502836,FIR/2836/2025,PS0067,Belagavi,2025-05-13 12:42,2025-05-14 17:42,Dacoity,Armed Dacoity,BNS 310(2),15.885244,74.713062,P000476,P005781,P007109,PI Naveen Patil,Chargesheeted
FIR202500241,FIR/0241/2025,PS0127,Bengaluru Urban,2025-05-12 12:08,2025-05-14 19:08,Fraud,Corporate Fraud,BNS 318(4),13.118897,77.625608,P006440,P006680,P009892,PI Naveen Patil,Under Investigation
FIR202501654,FIR/1654/2025,PS0007,Bagalkote,2025-05-14 14:11,2025-05-14 21:11,NDPS,Drug Trafficking,NDPS Act Sec 20(b),16.07497,75.629176,P001532,P006380,P009354,SI Ravi Kumar,Chargesheeted
FIR202504849,FIR/4849/2025,PS0175,Bidar,2025-05-12 10:18,2025-05-14 22:18,Dacoity,Armed Dacoity,BNS 310(2),18.035603,77.420291,P008146,P009423,P001400,PI Suresh Kulkarni,Under Investigation
FIR202503461,FIR/3461/2025,PS0078,Bengaluru Rural,2025-05-14 23:19,2025-05-15 00:19,NDPS,Drug Trafficking,NDPS Act Sec 20(b),13.115757,77.56153,P009430,P002893,P006666,SI Prakash Sharma,Chargesheeted
FIR202503520,FIR/3520/2025,PS0175,Bidar,2025-05-13 19:28,2025-05-15 01:28,Theft,House Theft,BNS 303(2),18.000167,77.423781,P001327,P006128,P008700,PI Suresh Kulkarni,Untraced
FIR202502189,FIR/2189/2025,PS0120,Bengaluru Urban,2025-05-10 19:51,2025-05-15 01:51,Fraud,Land Scam,BNS 318(4),13.13604,77.409037,P000307,P001922,P008361,SI Ganesh Rao,Under Investigation
FIR202504687,FIR/4687/2025,PS0031,Ballari,2025-05-15 01:20,2025-05-15 02:20,Dacoity,Armed Dacoity,BNS 310(2),14.989371,77.082739,P005721,P003826,P004114,PI Chetan Kumar,Untraced
FIR202504718,FIR/4718/2025,PS0155,Bidar,2025-05-15 01:04,2025-05-15 03:04,Fraud,Corporate Fraud,BNS 318(4),17.969843,77.329646,P001207,P004927,P006219,SI Ravi Kumar,Under Investigation
FIR202503600,FIR/3600/2025,PS0179,Bidar,2025-05-14 22:21,2025-05-15 05:21,Fraud,Land Scam,BNS 318(4),18.082449,77.397002,P002732,P002990,P009277,PI Lakshmi Devi,Under Investigation
FIR202503963,FIR/3963/2025,PS0154,Bidar,2025-05-12 21:28,2025-05-15 05:28,Burglary,Day Burglary,"BNS 331(3), BNS 331(4)",17.900229,77.420035,P003319,P000315,P008515,SI Divya Hegde,Chargesheeted
FIR202504852,FIR/4852/2025,PS0242,Chikkaballapura,2025-05-13 22:00,2025-05-15 06:00,Cyber Crime,Financial Fraud,"IT Act 66D, BNS 318(4)",13.282936,77.847414,P005049,P008691,P000724,PI Ramesh Gowda,Chargesheeted
FIR202500224,FIR/0224/2025,PS0103,Bengaluru Rural,2025-05-15 04:32,2025-05-15 06:32,Cyber Crime,Identity Theft,"IT Act 66D, BNS 318(4)",13.330707,77.457859,P002819,P008381,P001718,PI Naveen Patil,Under Investigation
FIR202503716,FIR/3716/2025,PS0163,Bidar,2025-05-10 01:57,2025-05-15 07:57,NDPS,Possession of Narcotics,NDPS Act Sec 20(b),17.917176,77.58768,P007781,P004019,P004377,SI Ganesh Rao,Untraced
FIR202501730,FIR/1730/2025,PS0036,Ballari,2025-05-15 00:44,2025-05-15 08:44,Assault,Grievous Hurt,"BNS 115(2), BNS 117(2)",15.269228,76.748274,P001803,P003974,P007391,SI Prakash Sharma,Chargesheeted
FIR202503709,FIR/3709/2025,PS0168,Bidar,2025-05-15 06:11,2025-05-15 11:11,NDPS,Possession of Narcotics,NDPS Act Sec 20(b),17.710258,77.652682,P000644,P000846,P006987,PI Ramesh Gowda,Under Investigation
FIR202504134,FIR/4134/2025,PS0113,Bengaluru Urban,2025-05-12 04:21,2025-05-15 11:21,Cyber Crime,Phishing,"IT Act 66D, BNS 318(4)",13.165742,77.497768,P000518,P004902,P001196,SI Mahesh Bhat,Under Investigation
FIR202500576,FIR/0576/2025,PS0025,Bagalkote,2025-05-15 09:45,2025-05-15 11:45,Vehicle Theft,Two-Wheeler Theft,BNS 303(2),16.314726,75.835727,P001333,P003792,P003720,SI Ravi Kumar,Under Investigation
FIR202502664,FIR/2664/2025,PS0243,Chikkaballapura,2025-05-15 00:10,2025-05-15 12:10,Cyber Crime,Identity Theft,"IT Act 66D, BNS 318(4)",13.421392,77.863361,P004230,P009450,P007019,PI Harish Naik,Under Investigation
FIR202503483,FIR/3483/2025,PS0065,Belagavi,2025-05-14 10:52,2025-05-15 14:52,Theft,Snatching,BNS 303(2),15.751171,74.424902,P002901,P009017,P001466,PI Lakshmi Devi,Chargesheeted
FIR202504270,FIR/4270/2025,PS0076,Bengaluru Rural,2025-05-15 14:25,2025-05-15 15:25,Burglary,Day Burglary,"BNS 331(3), BNS 331(4)",13.321712,77.74556,P000532,P004238,P007687,PI Suresh Kulkarni,Untraced
FIR202501133,FIR/1133/2025,PS0210,Chamarajanagar,2025-05-13 11:11,2025-05-15 19:11,Assault,Simple Assault,"BNS 115(2), BNS 117(2)",11.988729,76.789287,P002764,P002416,P000628,PI Naveen Patil,Chargesheeted
FIR202501754,FIR/1754/2025,PS0189,Bidar,2025-05-13 12:28,2025-05-15 21:28,Dacoity,Bank Dacoity,BNS 310(2),17.911367,77.36975,P001651,P001707,P005253,SI Divya Hegde,Chargesheeted
FIR202503209,FIR/3209/2025,PS0108,Bengaluru Rural,2025-05-13 16:32,2025-05-15 22:32,Fraud,Corporate Fraud,BNS 318(4),13.180999,77.467759,P009119,P008954,P001158,PI Naveen Patil,Chargesheeted
FIR202503550,FIR/3550/2025,PS0241,Chikkaballapura,2025-05-12 20:55,2025-05-15 22:55,Theft,Pocket Pick,BNS 303(2),13.276432,77.917811,P005497,P003606,P009533,SI Divya Hegde,Under Investigation
FIR202503325,FIR/3325/2025,PS0100,Bengaluru Rural,2025-05-15 14:26,2025-05-15 23:26,Robbery,Chain Snatching with Force,BNS 309(4),13.128066,77.536104,P004241,P009065,P009532,PI Suresh Kulkarni,Chargesheeted
FIR202504178,FIR/4178/2025,PS0106,Bengaluru Rural,2025-05-11 12:44,2025-05-15 23:44,Assault,Simple Assault,"BNS 115(2), BNS 117(2)",13.287368,77.535088,P008574,P009432,P009230,PI Lakshmi Devi,Under Investigation
FIR202502059,FIR/2059/2025,PS0027,Ballari,2025-05-15 19:13,2025-05-16 01:13,Assault,Public Affray,"BNS 115(2), BNS 117(2)",15.042624,77.060548,P002911,P001478,P004399,PI Naveen Patil,Chargesheeted
FIR202504407,FIR/4407/2025,PS0111,Bengaluru Urban,2025-05-15 19:27,2025-05-16 04:27,Cyber Crime,Financial Fraud,"IT Act 66D, BNS 318(4)",12.762858,77.549282,P009826,P009673,P003034,PI Ramesh Gowda,Untraced
FIR202503918,FIR/3918/2025,PS0117,Bengaluru Urban,2025-05-15 18:44,2025-05-16 04:44,Cyber Crime,Phishing,"IT Act 66D, BNS 318(4)",13.100753,77.76996,P001233,P002931,"P006764, P009962",SI Ravi Kumar,Chargesheeted
FIR202501139,FIR/1139/2025,PS0248,Chikkaballapura,2025-05-15 22:21,2025-05-16 05:21,Cyber Crime,Financial Fraud,"IT Act 66D, BNS 318(4)",13.238836,77.77059,P005652,P005461,P001203,SI Ravi Kumar,Closed
FIR202500703,FIR/0703/2025,PS0129,Bengaluru Urban,2025-05-15 19:35,2025-05-16 05:35,Vehicle Theft,Two-Wheeler Theft,BNS 303(2),12.802635,77.763446,P003912,P009507,P001951,PI Harish Naik,Chargesheeted
FIR202503830,FIR/3830/2025,PS0128,Bengaluru Urban,2025-05-16 00:39,2025-05-16 05:39,Fraud,Corporate Fraud,BNS 318(4),13.034746,77.573538,P009302,P005805,P008297,SI Ravi Kumar,Closed
FIR202501444,FIR/1444/2025,PS0041,Ballari,2025-05-16 02:42,2025-05-16 05:42,Assault,Grievous Hurt,"BNS 115(2), BNS 117(2)",15.26267,76.893002,P008905,P008552,P003649,PI Chetan Kumar,Chargesheeted
FIR202504940,FIR/4940/2025,PS0082,Bengaluru Rural,2025-05-14 22:12,2025-05-16 09:12,Murder,Gang Conflict,BNS 103(1),13.362366,77.404971,P002725,P008527,P000762,PI Lakshmi Devi,Under Investigation
FIR202504933,FIR/4933/2025,PS0009,Bagalkote,2025-05-11 08:41,2025-05-16 10:41,Theft,Pocket Pick,BNS 303(2),16.069542,75.771741,P003336,P006363,P008399,SI Mahesh Bhat,Chargesheeted
FIR202500220,FIR/0220/2025,PS0102,Bengaluru Rural,2025-05-15 06:43,2025-05-16 11:43,Vehicle Theft,Two-Wheeler Theft,BNS 303(2),13.117625,77.659411,P001561,P002334,P008154,SI Prakash Sharma,Under Investigation
FIR202502876,FIR/2876/2025,PS0029,Ballari,2025-05-15 06:59,2025-05-16 11:59,Burglary,Day Burglary,"BNS 331(3), BNS 331(4)",14.975485,76.885222,P000647,P005702,P003162,PI Suresh Kulkarni,Chargesheeted
FIR202504088,FIR/4088/2025,PS0118,Bengaluru Urban,2025-05-13 00:51,2025-05-16 12:51,Robbery,Chain Snatching with Force,BNS 309(4),12.778144,77.698414,P007649,P002218,P006746,PI Naveen Patil,Under Investigation
FIR202502019,FIR/2019/2025,PS0056,Belagavi,2025-05-15 03:20,2025-05-16 15:20,Theft,Pocket Pick,BNS 303(2),15.746859,74.592363,P000248,P001204,P009849,PI Naveen Patil,Untraced
FIR202501644,FIR/1644/2025,PS0192,Bidar,2025-05-16 05:56,2025-05-16 16:56,Dacoity,Bank Dacoity,BNS 310(2),17.973999,77.354037,P001567,P009778,P002503,SI Mahesh Bhat,Chargesheeted
FIR202502543,FIR/2543/2025,PS0224,Chamarajanagar,2025-05-16 12:31,2025-05-16 17:31,Robbery,Chain Snatching with Force,BNS 309(4),11.870678,76.81813,P001124,P003430,P006967,SI Ganesh Rao,Under Investigation
FIR202502225,FIR/2225/2025,PS0212,Chamarajanagar,2025-05-16 20:24,2025-05-16 21:24,Dacoity,Bank Dacoity,BNS 310(2),12.036713,76.843237,P008095,P007847,P008050,PI Chetan Kumar,Under Investigation
FIR202501052,FIR/1052/2025,PS0138,Bengaluru Urban,2025-05-15 03:35,2025-05-17 04:35,Vehicle Theft,Two-Wheeler Theft,BNS 303(2),13.156176,77.452823,P005357,P004931,"P001669, P005287",PI Harish Naik,Under Investigation
FIR202502713,FIR/2713/2025,PS0141,Bengaluru Urban,2025-05-15 17:29,2025-05-17 05:29,Assault,Simple Assault,"BNS 115(2), BNS 117(2)",12.859399,77.401973,P008728,P001685,"P002054, P004003",SI Ravi Kumar,Under Investigation
FIR202502520,FIR/2520/2025,PS0236,Chikkaballapura,2025-05-17 03:27,2025-05-17 06:27,Assault,Simple Assault,"BNS 115(2), BNS 117(2)",13.625433,77.908583,P002905,P004077,"P005020, P004392",PI Harish Naik,Chargesheeted
FIR202501015,FIR/1015/2025,PS0246,Chikkaballapura,2025-05-17 04:26,2025-05-17 07:26,Robbery,Highway Robbery,BNS 309(4),13.46124,77.722499,P007884,P003513,P001454,SI Ganesh Rao,Chargesheeted
FIR202502959,FIR/2959/2025,PS0168,Bidar,2025-05-17 06:31,2025-05-17 07:31,NDPS,Possession of Narcotics,NDPS Act Sec 20(b),17.69613,77.686722,P008224,P009947,P000526,PI Ramesh Gowda,Chargesheeted
FIR202504682,FIR/4682/2025,PS0118,Bengaluru Urban,2025-05-14 09:23,2025-05-17 14:23,Cyber Crime,Phishing,"IT Act 66D, BNS 318(4)",12.787054,77.692112,P000324,P009874,P009692,SI Mahesh Bhat,Under Investigation
FIR202503750,FIR/3750/2025,PS0244,Chikkaballapura,2025-05-15 13:37,2025-05-17 14:37,Burglary,Night House Breaking,"BNS 331(3), BNS 331(4)",13.295455,77.88336,P004716,P009692,P001392,PI Lakshmi Devi,Under Investigation
FIR202503379,FIR/3379/2025,PS0152,Bengaluru Urban,2025-05-16 07:52,2025-05-17 17:52,Murder,Gang Conflict,BNS 103(1),13.012029,77.399425,P001889,P004152,P004139,SI Ravi Kumar,Chargesheeted
FIR202504495,FIR/4495/2025,PS0066,Belagavi,2025-05-17 11:53,2025-05-17 17:53,Murder,Dowry Homicide,BNS 103(1),15.940997,74.646181,P001099,P009664,P009458,PI Harish Naik,Chargesheeted
FIR202501957,FIR/1957/2025,PS0181,Bidar,2025-05-17 14:17,2025-05-17 18:17,Assault,Grievous Hurt,"BNS 115(2), BNS 117(2)",18.022895,77.421015,P001301,P008856,P002110,PI Ramesh Gowda,Chargesheeted
FIR202500775,FIR/0775/2025,PS0218,Chamarajanagar,2025-05-16 14:50,2025-05-18 00:50,POCSO,Harassment,"POCSO Act Sec 4, BNS 64",11.854258,77.038371,P000938,P006531,P001979,PI Chetan Kumar,Closed
FIR202504301,FIR/4301/2025,PS0035,Ballari,2025-05-17 21:56,2025-05-18 00:56,Murder,Gang Conflict,BNS 103(1),15.238756,76.849902,P003981,P000404,P003376,PI Suresh Kulkarni,Under Investigation
FIR202500099,FIR/0099/2025,PS0122,Bengaluru Urban,2025-05-17 13:13,2025-05-18 01:13,POCSO,Harassment,"POCSO Act Sec 4, BNS 64",13.117437,77.534749,P004390,P008533,"P009734, P005955",SI Prakash Sharma,Chargesheeted
FIR202503581,FIR/3581/2025,PS0173,Bidar,2025-05-16 23:22,2025-05-18 07:22,Cyber Crime,Financial Fraud,"IT Act 66D, BNS 318(4)",17.763827,77.608302,P003021,P008418,P002106,PI Lakshmi Devi,Untraced
FIR202500730,FIR/0730/2025,PS0192,Bidar,2025-05-15 23:03,2025-05-18 08:03,POCSO,Harassment,"POCSO Act Sec 4, BNS 64",17.962432,77.330313,P003244,P007914,P000478,PI Lakshmi Devi,Under Investigation
FIR202501042,FIR/1042/2025,PS0101,Bengaluru Rural,2025-05-17 09:31,2025-05-18 10:31,Murder,Personal Enmity,BNS 103(1),13.249315,77.747777,P003412,P003360,P009143,PI Harish Naik,Chargesheeted
FIR202503372,FIR/3372/2025,PS0188,Bidar,2025-05-16 03:03,2025-05-18 11:03,Dacoity,Armed Dacoity,BNS 310(2),17.958143,77.707639,P006871,P009905,P004690,PI Chetan Kumar,Chargesheeted
FIR202500795,FIR/0795/2025,PS0191,Bidar,2025-05-17 02:27,2025-05-18 13:27,Assault,Public Affray,"BNS 115(2), BNS 117(2)",17.90799,77.394604,P009312,P004223,P000182,SI Prakash Sharma,Chargesheeted
FIR202500259,FIR/0259/2025,PS0183,Bidar,2025-05-17 17:09,2025-05-18 18:09,Assault,Grievous Hurt,"BNS 115(2), BNS 117(2)",17.751914,77.408366,P003384,P008671,"P006812, P007203",PI Ramesh Gowda,Chargesheeted
FIR202502198,FIR/2198/2025,PS0214,Chamarajanagar,2025-05-18 10:18,2025-05-18 18:18,Assault,Grievous Hurt,"BNS 115(2), BNS 117(2)",11.945381,76.84618,P003487,P007300,P005131,PI Chetan Kumar,Closed
FIR202500057,FIR/0057/2025,PS0219,Chamarajanagar,2025-05-16 16:01,2025-05-18 21:01,POCSO,Sexual Assault on Minor,"POCSO Act Sec 4, BNS 64",11.878467,76.882685,P000169,P002550,P005797,SI Ravi Kumar,Chargesheeted
FIR202500041,FIR/0041/2025,PS0247,Chikkaballapura,2025-05-18 20:42,2025-05-18 21:42,Fraud,Corporate Fraud,BNS 318(4),13.48547,77.896645,P008328,P003156,P004362,PI Naveen Patil,Chargesheeted
FIR202501406,FIR/1406/2025,PS0069,Belagavi,2025-05-18 17:06,2025-05-19 02:06,Fraud,Corporate Fraud,BNS 318(4),15.82469,74.327423,P001344,P006158,P005776,PI Harish Naik,Chargesheeted
FIR202502471,FIR/2471/2025,PS0018,Bagalkote,2025-05-18 16:46,2025-05-19 02:46,Vehicle Theft,Two-Wheeler Theft,BNS 303(2),16.180582,75.784312,P002021,P003035,P003750,PI Naveen Patil,Chargesheeted
FIR202502901,FIR/2901/2025,PS0169,Bidar,2025-05-18 22:57,2025-05-19 02:57,Fraud,Land Scam,BNS 318(4),17.99147,77.711917,P007713,P007697,P001274,PI Naveen Patil,Under Investigation
FIR202500050,FIR/0050/2025,PS0198,Chamarajanagar,2025-05-18 19:33,2025-05-19 06:33,Vehicle Theft,Two-Wheeler Theft,BNS 303(2),11.826964,77.042322,P004082,P008342,P009587,PI Suresh Kulkarni,Chargesheeted
FIR202500140,FIR/0140/2025,PS0119,Bengaluru Urban,2025-05-18 02:43,2025-05-19 06:43,Fraud,Land Scam,BNS 318(4),12.820912,77.78562,P001538,P008091,P003984,PI Ramesh Gowda,Chargesheeted
FIR202503047,FIR/3047/2025,PS0084,Bengaluru Rural,2025-05-17 00:08,2025-05-19 09:08,Vehicle Theft,Two-Wheeler Theft,BNS 303(2),13.160892,77.544215,P002126,P005623,P001341,SI Mahesh Bhat,Chargesheeted
FIR202503537,FIR/3537/2025,PS0044,Ballari,2025-05-17 04:41,2025-05-19 16:41,Burglary,Day Burglary,"BNS 331(3), BNS 331(4)",15.282099,76.943718,P001492,P002773,"P006048, P001462",SI Prakash Sharma,Untraced
FIR202503007,FIR/3007/2025,PS0110,Bengaluru Urban,2025-05-17 05:46,2025-05-19 16:46,NDPS,Drug Trafficking,NDPS Act Sec 20(b),13.180123,77.652086,P003510,P009515,P001956,SI Divya Hegde,Closed
FIR202504451,FIR/4451/2025,PS0171,Bidar,2025-05-18 09:41,2025-05-19 17:41,Assault,Public Affray,"BNS 115(2), BNS 117(2)",17.786464,77.565701,P008398,P005670,P004161,PI Suresh Kulkarni,Chargesheeted
FIR202504831,FIR/4831/2025,PS0239,Chikkaballapura,2025-05-19 14:47,2025-05-19 17:47,Fraud,Corporate Fraud,BNS 318(4),13.457093,77.685196,P003565,P004739,"P009875, P009488",SI Ganesh Rao,Chargesheeted
FIR202501107,FIR/1107/2025,PS0102,Bengaluru Rural,2025-05-19 10:26,2025-05-19 18:26,NDPS,Drug Trafficking,NDPS Act Sec 20(b),13.115638,77.656896,P001105,P005646,P009570,SI Prakash Sharma,Chargesheeted
FIR202500376,FIR/0376/2025,PS0090,Bengaluru Rural,2025-05-18 11:49,2025-05-19 18:49,Assault,Public Affray,"BNS 115(2), BNS 117(2)",13.422413,77.458291,P008791,P008038,P003405,PI Harish Naik,Chargesheeted
FIR202502623,FIR/2623/2025,PS0083,Bengaluru Rural,2025-05-16 15:56,2025-05-19 19:56,Assault,Simple Assault,"BNS 115(2), BNS 117(2)",13.241763,77.561509,P004021,P002270,P004994,SI Ganesh Rao,Chargesheeted
FIR202502719,FIR/2719/2025,PS0146,Bengaluru Urban,2025-05-19 15:37,2025-05-19 21:37,Murder,Dowry Homicide,BNS 103(1),12.93101,77.787377,P007656,P005716,P008195,PI Suresh Kulkarni,Chargesheeted
FIR202504922,FIR/4922/2025,PS0163,Bidar,2025-05-19 20:41,2025-05-19 21:41,Assault,Simple Assault,"BNS 115(2), BNS 117(2)",17.915139,77.600529,P005516,P003828,P002833,SI Mahesh Bhat,Chargesheeted
FIR202501212,FIR/1212/2025,PS0165,Bidar,2025-05-18 13:29,2025-05-19 22:29,Robbery,Chain Snatching with Force,BNS 309(4),18.03928,77.466046,P004139,P001072,P006724,PI Harish Naik,Untraced
FIR202503125,FIR/3125/2025,PS0121,Bengaluru Urban,2025-05-19 19:04,2025-05-20 00:04,Vehicle Theft,Car Theft,BNS 303(2),13.09619,77.517109,P002275,P004845,P006511,SI Ravi Kumar,Under Investigation
FIR202503869,FIR/3869/2025,PS0176,Bidar,2025-05-19 21:15,2025-05-20 01:15,Burglary,Day Burglary,"BNS 331(3), BNS 331(4)",17.754211,77.525944,P004128,P002405,P001762,SI Ganesh Rao,Chargesheeted
FIR202502321,FIR/2321/2025,PS0237,Chikkaballapura,2025-05-19 13:37,2025-05-20 01:37,Cyber Crime,Identity Theft,"IT Act 66D, BNS 318(4)",13.368359,77.656043,P000990,P002967,P001062,PI Suresh Kulkarni,Chargesheeted
FIR202500993,FIR/0993/2025,PS0011,Bagalkote,2025-05-18 21:19,2025-05-20 04:19,Dacoity,Bank Dacoity,BNS 310(2),16.137625,75.677847,P004447,P000496,P004956,PI Suresh Kulkarni,Under Investigation
FIR202501674,FIR/1674/2025,PS0089,Bengaluru Rural,2025-05-19 20:39,2025-05-20 04:39,Vehicle Theft,Car Theft,BNS 303(2),13.384645,77.603205,P006211,P008681,P008212,SI Divya Hegde,Chargesheeted
FIR202500686,FIR/0686/2025,PS0019,Bagalkote,2025-05-17 18:14,2025-05-20 05:14,Fraud,Corporate Fraud,BNS 318(4),16.038374,75.885901,P000214,P009512,P006824,PI Chetan Kumar,Under Investigation
FIR202501602,FIR/1602/2025,PS0167,Bidar,2025-05-20 05:40,2025-05-20 07:40,Assault,Public Affray,"BNS 115(2), BNS 117(2)",18.025858,77.430005,P000297,P009513,P001079,PI Harish Naik,Chargesheeted
FIR202504992,FIR/4992/2025,PS0239,Chikkaballapura,2025-05-19 04:15,2025-05-20 08:15,Murder,Dowry Homicide,BNS 103(1),13.43898,77.671694,P008392,P005483,P004288,SI Ganesh Rao,Under Investigation
FIR202503907,FIR/3907/2025,PS0025,Bagalkote,2025-05-19 07:36,2025-05-20 08:36,Cyber Crime,Phishing,"IT Act 66D, BNS 318(4)",16.316431,75.836819,P003008,P007562,P006704,PI Chetan Kumar,Chargesheeted
FIR202501067,FIR/1067/2025,PS0140,Bengaluru Urban,2025-05-19 22:38,2025-05-20 10:38,Vehicle Theft,Car Theft,BNS 303(2),13.035503,77.679085,P003642,P005531,P003704,SI Ravi Kumar,Chargesheeted
FIR202501906,FIR/1906/2025,PS0108,Bengaluru Rural,2025-05-20 01:00,2025-05-20 11:00,Murder,Personal Enmity,BNS 103(1),13.210111,77.441821,P002032,P008781,P001367,SI Divya Hegde,Chargesheeted
FIR202501598,FIR/1598/2025,PS0001,Bagalkote,2025-05-18 23:31,2025-05-20 11:31,POCSO,Sexual Assault on Minor,"POCSO Act Sec 4, BNS 64",16.177523,75.594196,P004609,P007200,P008496,SI Mahesh Bhat,Chargesheeted
FIR202500070,FIR/0070/2025,PS0063,Belagavi,2025-05-20 05:24,2025-05-20 13:24,Burglary,Night House Breaking,"BNS 331(3), BNS 331(4)",16.010335,74.672034,P004019,P000207,P004197,PI Suresh Kulkarni,Under Investigation
FIR202500567,FIR/0567/2025,PS0004,Bagalkote,2025-05-18 13:06,2025-05-20 17:06,Cyber Crime,Identity Theft,"IT Act 66D, BNS 318(4)",16.026132,75.694449,P005913,P000336,P008773,SI Ravi Kumar,Chargesheeted
FIR202501757,FIR/1757/2025,PS0011,Bagalkote,2025-05-20 12:16,2025-05-20 17:16,Burglary,Night House Breaking,"BNS 331(3), BNS 331(4)",16.16675,75.661054,P009918,P004826,P009185,SI Mahesh Bhat,Chargesheeted
FIR202502139,FIR/2139/2025,PS0210,Chamarajanagar,2025-05-20 05:24,2025-05-20 17:24,Dacoity,Bank Dacoity,BNS 310(2),12.019848,76.784378,P004236,P002442,P009721,SI Mahesh Bhat,Under Investigation
FIR202501469,FIR/1469/2025,PS0057,Belagavi,2025-05-20 12:25,2025-05-20 17:25,NDPS,Possession of Narcotics,NDPS Act Sec 20(b),15.668269,74.409638,P008401,P005030,P006856,SI Mahesh Bhat,Under Investigation
FIR202503073,FIR/3073/2025,PS0227,Chamarajanagar,2025-05-20 07:00,2025-05-20 19:00,Vehicle Theft,Car Theft,BNS 303(2),11.897862,76.907993,P002784,P001863,P009547,PI Lakshmi Devi,Under Investigation
FIR202500356,FIR/0356/2025,PS0222,Chamarajanagar,2025-05-19 17:28,2025-05-20 19:28,Theft,House Theft,BNS 303(2),11.902869,76.755894,P009057,P005775,P001144,PI Chetan Kumar,Chargesheeted
FIR202501087,FIR/1087/2025,PS0204,Chamarajanagar,2025-05-20 14:23,2025-05-20 20:23,Fraud,Cheating,BNS 318(4),12.03812,77.075173,P008200,P006580,P005058,SI Prakash Sharma,Chargesheeted
FIR202503898,FIR/3898/2025,PS0038,Ballari,2025-05-19 12:30,2025-05-20 20:30,Burglary,Day Burglary,"BNS 331(3), BNS 331(4)",15.074692,77.07422,P001426,P001888,"P002547, P000599",SI Mahesh Bhat,Closed
FIR202501826,FIR/1826/2025,PS0121,Bengaluru Urban,2025-05-19 18:30,2025-05-20 22:30,Vehicle Theft,Car Theft,BNS 303(2),13.102469,77.519246,P002604,P002845,P002888,PI Suresh Kulkarni,Under Investigation
FIR202500933,FIR/0933/2025,PS0222,Chamarajanagar,2025-05-15 23:22,2025-05-21 00:22,Fraud,Land Scam,BNS 318(4),11.919593,76.771406,P008961,P004751,P008506,PI Ramesh Gowda,Under Investigation
FIR202504168,FIR/4168/2025,PS0148,Bengaluru Urban,2025-05-19 18:26,2025-05-21 01:26,Fraud,Cheating,BNS 318(4),12.876272,77.664504,P004699,P000003,P001748,PI Suresh Kulkarni,Chargesheeted
FIR202504413,FIR/4413/2025,PS0171,Bidar,2025-05-17 21:49,2025-05-21 01:49,Assault,Simple Assault,"BNS 115(2), BNS 117(2)",17.779376,77.54977,P005767,P009094,P007832,PI Suresh Kulkarni,Chargesheeted
FIR202500573,FIR/0573/2025,PS0032,Ballari,2025-05-15 18:42,2025-05-21 02:42,Burglary,Day Burglary,"BNS 331(3), BNS 331(4)",15.172323,76.906684,P005130,P009910,P008443,PI Naveen Patil,Chargesheeted
FIR202501318,FIR/1318/2025,PS0101,Bengaluru Rural,2025-05-19 19:42,2025-05-21 03:42,Burglary,Day Burglary,"BNS 331(3), BNS 331(4)",13.270376,77.732037,P002112,P000740,P001991,SI Divya Hegde,Chargesheeted
FIR202502308,FIR/2308/2025,PS0195,Chamarajanagar,2025-05-18 20:05,2025-05-21 05:05,Dacoity,Bank Dacoity,BNS 310(2),11.895412,77.055133,P001109,P006957,P001784,PI Ramesh Gowda,Chargesheeted
FIR202503942,FIR/3942/2025,PS0241,Chikkaballapura,2025-05-21 00:17,2025-05-21 05:17,Burglary,Day Burglary,"BNS 331(3), BNS 331(4)",13.281912,77.910564,P008719,P002094,P009640,PI Lakshmi Devi,Closed
FIR202501956,FIR/1956/2025,PS0199,Chamarajanagar,2025-05-19 18:28,2025-05-21 05:28,Burglary,Night House Breaking,"BNS 331(3), BNS 331(4)",11.861246,77.03693,P008339,P007531,P004927,PI Chetan Kumar,Chargesheeted
FIR202503743,FIR/3743/2025,PS0015,Bagalkote,2025-05-20 20:56,2025-05-21 07:56,Assault,Grievous Hurt,"BNS 115(2), BNS 117(2)",16.06771,75.701007,P007671,P003459,P009170,SI Mahesh Bhat,Under Investigation
FIR202504491,FIR/4491/2025,PS0105,Bengaluru Rural,2025-05-21 02:37,2025-05-21 08:37,POCSO,Harassment,"POCSO Act Sec 4, BNS 64",13.15301,77.627982,P003853,P005852,P008656,SI Prakash Sharma,Closed
FIR202501361,FIR/1361/2025,PS0036,Ballari,2025-05-21 00:11,2025-05-21 09:11,Assault,Simple Assault,"BNS 115(2), BNS 117(2)",15.253636,76.749193,P001576,P009688,P002756,PI Harish Naik,Chargesheeted
FIR202502373,FIR/2373/2025,PS0042,Ballari,2025-05-20 23:28,2025-05-21 09:28,Vehicle Theft,Two-Wheeler Theft,BNS 303(2),15.048252,77.009993,P006043,P007626,P000827,SI Mahesh Bhat,Chargesheeted
FIR202500955,FIR/0955/2025,PS0224,Chamarajanagar,2025-05-17 03:06,2025-05-21 12:06,Robbery,Highway Robbery,BNS 309(4),11.849605,76.815573,P005217,P000577,P004716,SI Divya Hegde,Chargesheeted
FIR202502533,FIR/2533/2025,PS0050,Belagavi,2025-05-21 04:49,2025-05-21 12:49,NDPS,Possession of Narcotics,NDPS Act Sec 20(b),15.701239,74.320328,P008552,P003043,P006464,PI Naveen Patil,Chargesheeted
FIR202500949,FIR/0949/2025,PS0018,Bagalkote,2025-05-19 02:35,2025-05-21 14:35,POCSO,Harassment,"POCSO Act Sec 4, BNS 64",16.188936,75.808961,P006297,P006215,P006379,SI Ganesh Rao,Chargesheeted
FIR202503536,FIR/3536/2025,PS0183,Bidar,2025-05-21 13:35,2025-05-21 14:35,POCSO,Harassment,"POCSO Act Sec 4, BNS 64",17.764406,77.385542,P008417,P003686,P001403,SI Divya Hegde,Chargesheeted
FIR202500712,FIR/0712/2025,PS0108,Bengaluru Rural,2025-05-20 05:50,2025-05-21 16:50,NDPS,Drug Trafficking,NDPS Act Sec 20(b),13.196605,77.434728,P002745,P006798,P000901,PI Chetan Kumar,Chargesheeted
FIR202500615,FIR/0615/2025,PS0238,Chikkaballapura,2025-05-21 04:53,2025-05-21 16:53,POCSO,Sexual Assault on Minor,"POCSO Act Sec 4, BNS 64",13.332689,77.906013,P001351,P009703,P007560,PI Lakshmi Devi,Chargesheeted
FIR202504889,FIR/4889/2025,PS0208,Chamarajanagar,2025-05-21 19:28,2025-05-21 20:28,Robbery,Highway Robbery,BNS 309(4),11.801173,77.12388,P007090,P002624,P006600,PI Harish Naik,Chargesheeted
FIR202501871,FIR/1871/2025,PS0111,Bengaluru Urban,2025-05-20 16:35,2025-05-21 21:35,Vehicle Theft,Two-Wheeler Theft,BNS 303(2),12.761981,77.567563,P006623,P000255,P005238,SI Mahesh Bhat,Chargesheeted
FIR202503345,FIR/3345/2025,PS0099,Bengaluru Rural,2025-05-21 15:50,2025-05-21 23:50,Vehicle Theft,Car Theft,BNS 303(2),13.275985,77.715892,P002430,P009179,P000789,SI Ganesh Rao,Untraced
FIR202503916,FIR/3916/2025,PS0194,Chamarajanagar,2025-05-21 14:28,2025-05-22 00:28,Vehicle Theft,Two-Wheeler Theft,BNS 303(2),11.781473,76.86517,P001190,P002949,"P008536, P003496",PI Lakshmi Devi,Chargesheeted
FIR202504953,FIR/4953/2025,PS0098,Bengaluru Rural,2025-05-19 22:52,2025-05-22 01:52,Dacoity,Armed Dacoity,BNS 310(2),13.28476,77.75446,P006805,P002215,P008694,SI Ganesh Rao,Under Investigation
FIR202500469,FIR/0469/2025,PS0149,Bengaluru Urban,2025-05-21 17:53,2025-05-22 03:53,Cyber Crime,Phishing,"IT Act 66D, BNS 318(4)",13.102504,77.481283,P005866,P006643,P000175,SI Ravi Kumar,Chargesheeted
FIR202502257,FIR/2257/2025,PS0151,Bengaluru Urban,2025-05-21 05:06,2025-05-22 06:06,Assault,Grievous Hurt,"BNS 115(2), BNS 117(2)",12.887416,77.457148,P005753,P002875,P006328,PI Ramesh Gowda,Chargesheeted
FIR202503145,FIR/3145/2025,PS0038,Ballari,2025-05-20 02:22,2025-05-22 06:22,Vehicle Theft,Car Theft,BNS 303(2),15.063433,77.074615,P000341,P002795,"P002999, P008752",SI Prakash Sharma,Chargesheeted
FIR202500658,FIR/0658/2025,PS0045,Ballari,2025-05-21 23:25,2025-05-22 06:25,Assault,Grievous Hurt,"BNS 115(2), BNS 117(2)",14.985205,76.879639,P004805,P007823,P007887,SI Ganesh Rao,Chargesheeted
FIR202504264,FIR/4264/2025,PS0116,Bengaluru Urban,2025-05-21 05:12,2025-05-22 07:12,Cyber Crime,Phishing,"IT Act 66D, BNS 318(4)",12.995184,77.547515,P005805,P008759,P007383,SI Prakash Sharma,Chargesheeted
FIR202503851,FIR/3851/2025,PS0119,Bengaluru Urban,2025-05-22 00:51,2025-05-22 07:51,Cyber Crime,Financial Fraud,"IT Act 66D, BNS 318(4)",12.834667,77.790184,P006276,P005411,P007894,PI Suresh Kulkarni,Under Investigation
FIR202500550,FIR/0550/2025,PS0140,Bengaluru Urban,2025-05-21 23:02,2025-05-22 10:02,Murder,Personal Enmity,BNS 103(1),13.028332,77.679681,P001608,P002780,P007599,SI Ravi Kumar,Under Investigation
FIR202501104,FIR/1104/2025,PS0213,Chamarajanagar,2025-05-21 09:40,2025-05-22 10:40,Murder,Dowry Homicide,BNS 103(1),12.05097,76.917883,P006791,P003590,P009684,SI Ganesh Rao,Closed
FIR202504710,FIR/4710/2025,PS0045,Ballari,2025-05-21 23:51,2025-05-22 10:51,Dacoity,Bank Dacoity,BNS 310(2),15.001888,76.879094,P002977,P008439,P008586,SI Prakash Sharma,Chargesheeted
FIR202501097,FIR/1097/2025,PS0112,Bengaluru Urban,2025-05-22 00:32,2025-05-22 12:32,Cyber Crime,Phishing,"IT Act 66D, BNS 318(4)",13.095983,77.589181,P006656,P000631,P003826,SI Ganesh Rao,Under Investigation
FIR202501246,FIR/1246/2025,PS0164,Bidar,2025-05-21 07:48,2025-05-22 12:48,Dacoity,Armed Dacoity,BNS 310(2),17.965414,77.468841,P005127,P008671,"P001257, P006641",SI Prakash Sharma,Closed
FIR202501885,FIR/1885/2025,PS0209,Chamarajanagar,2025-05-21 02:06,2025-05-22 13:06,Theft,House Theft,BNS 303(2),12.068416,77.008326,P008133,P008308,P006616,PI Naveen Patil,Under Investigation
FIR202501963,FIR/1963/2025,PS0190,Bidar,2025-05-21 09:36,2025-05-22 13:36,Vehicle Theft,Two-Wheeler Theft,BNS 303(2),17.724236,77.567103,P008406,P001363,P002829,SI Ravi Kumar,Chargesheeted
FIR202503904,FIR/3904/2025,PS0188,Bidar,2025-05-20 09:46,2025-05-22 18:46,Assault,Public Affray,"BNS 115(2), BNS 117(2)",17.929086,77.707465,P006557,P002218,P001616,PI Chetan Kumar,Chargesheeted
FIR202504146,FIR/4146/2025,PS0137,Bengaluru Urban,2025-05-22 11:44,2025-05-22 23:44,Cyber Crime,Phishing,"IT Act 66D, BNS 318(4)",12.89279,77.714154,P000874,P006286,P000055,SI Ganesh Rao,Under Investigation
FIR202504304,FIR/4304/2025,PS0094,Bengaluru Rural,2025-05-18 17:00,2025-05-23 01:00,Murder,Personal Enmity,BNS 103(1),13.052963,77.665107,P009583,P004086,P004578,PI Naveen Patil,Chargesheeted
FIR202500181,FIR/0181/2025,PS0145,Bengaluru Urban,2025-05-22 13:44,2025-05-23 01:44,Vehicle Theft,Car Theft,BNS 303(2),12.813227,77.581233,P004857,P005514,P002877,PI Suresh Kulkarni,Chargesheeted
FIR202504846,FIR/4846/2025,PS0024,Bagalkote,2025-05-23 01:07,2025-05-23 03:07,Theft,Pocket Pick,BNS 303(2),16.392798,75.507301,P009747,P006003,P007236,PI Suresh Kulkarni,Under Investigation
FIR202503147,FIR/3147/2025,PS0229,Chamarajanagar,2025-05-22 21:21,2025-05-23 03:21,Robbery,Chain Snatching with Force,BNS 309(4),12.056892,77.011773,P005963,P000149,P007789,PI Lakshmi Devi,Closed
FIR202502130,FIR/2130/2025,PS0141,Bengaluru Urban,2025-05-23 01:02,2025-05-23 05:02,Cyber Crime,Identity Theft,"IT Act 66D, BNS 318(4)",12.848694,77.403092,P006059,P002626,P002835,SI Prakash Sharma,Chargesheeted
FIR202504378,FIR/4378/2025,PS0083,Bengaluru Rural,2025-05-20 23:20,2025-05-23 05:20,Vehicle Theft,Car Theft,BNS 303(2),13.276182,77.568039,P003786,P006042,P008682,PI Chetan Kumar,Under Investigation
FIR202504697,FIR/4697/2025,PS0032,Ballari,2025-05-21 19:19,2025-05-23 06:19,Burglary,Night House Breaking,"BNS 331(3), BNS 331(4)",15.175375,76.876141,P007551,P008598,P006130,SI Ravi Kumar,Chargesheeted
FIR202502127,FIR/2127/2025,PS0120,Bengaluru Urban,2025-05-20 22:35,2025-05-23 07:35,POCSO,Harassment,"POCSO Act Sec 4, BNS 64",13.118193,77.410432,P009707,P007796,P005809,SI Ravi Kumar,Chargesheeted
FIR202503952,FIR/3952/2025,PS0132,Bengaluru Urban,2025-05-19 06:26,2025-05-23 10:26,Cyber Crime,Phishing,"IT Act 66D, BNS 318(4)",13.017358,77.684539,P002218,P003806,P004300,PI Chetan Kumar,Under Investigation
FIR202500914,FIR/0914/2025,PS0054,Belagavi,2025-05-23 00:35,2025-05-23 11:35,NDPS,Drug Trafficking,NDPS Act Sec 20(b),15.916973,74.704701,P003571,P007315,P002965,PI Naveen Patil,Chargesheeted
FIR202501938,FIR/1938/2025,PS0050,Belagavi,2025-05-23 06:34,2025-05-23 13:34,Murder,Dowry Homicide,BNS 103(1),15.693411,74.333619,P003188,P000504,P004747,PI Naveen Patil,Chargesheeted
FIR202504650,FIR/4650/2025,PS0043,Ballari,2025-05-22 07:43,2025-05-23 14:43,Robbery,Highway Robbery,BNS 309(4),14.961173,76.969763,P000466,P005666,P001217,SI Prakash Sharma,Chargesheeted
FIR202503722,FIR/3722/2025,PS0029,Ballari,2025-05-23 05:01,2025-05-23 15:01,Theft,Snatching,BNS 303(2),14.963439,76.873394,P003452,P004198,P004981,PI Suresh Kulkarni,Chargesheeted
FIR202503951,FIR/3951/2025,PS0189,Bidar,2025-05-19 14:41,2025-05-23 19:41,Vehicle Theft,Car Theft,BNS 303(2),17.895116,77.379908,P000082,P003061,P009158,PI Suresh Kulkarni,Chargesheeted
FIR202503089,FIR/3089/2025,PS0155,Bidar,2025-05-23 10:44,2025-05-23 21:44,Murder,Personal Enmity,BNS 103(1),17.971159,77.32347,P006249,P003510,"P001156, P002024",PI Lakshmi Devi,Chargesheeted
FIR202501550,FIR/1550/2025,PS0078,Bengaluru Rural,2025-05-22 14:24,2025-05-23 23:24,Theft,House Theft,BNS 303(2),13.11851,77.566693,P009872,P001665,P004618,SI Prakash Sharma,Chargesheeted
FIR202500340,FIR/0340/2025,PS0202,Chamarajanagar,2025-05-21 14:23,2025-05-24 00:23,Vehicle Theft,Two-Wheeler Theft,BNS 303(2),11.959208,76.876787,P006978,P004306,P006033,SI Mahesh Bhat,Closed
FIR202504121,FIR/4121/2025,PS0148,Bengaluru Urban,2025-05-22 00:04,2025-05-24 01:04,Fraud,Land Scam,BNS 318(4),12.848455,77.649285,P006906,P007143,P004687,SI Ganesh Rao,Chargesheeted
FIR202504762,FIR/4762/2025,PS0181,Bidar,2025-05-22 13:35,2025-05-24 01:35,Assault,Simple Assault,"BNS 115(2), BNS 117(2)",17.99229,77.425778,P000128,P001600,P003594,PI Ramesh Gowda,Under Investigation
FIR202502754,FIR/2754/2025,PS0130,Bengaluru Urban,2025-05-18 22:46,2025-05-24 03:46,Fraud,Cheating,BNS 318(4),13.121525,77.45558,P005637,P004324,P009723,PI Naveen Patil,Chargesheeted
FIR202502911,FIR/2911/2025,PS0117,Bengaluru Urban,2025-05-19 20:00,2025-05-24 04:00,Fraud,Land Scam,BNS 318(4),13.128295,77.787573,P000832,P002571,P004417,PI Ramesh Gowda,Under Investigation
FIR202504841,FIR/4841/2025,PS0224,Chamarajanagar,2025-05-23 17:05,2025-05-24 05:05,NDPS,Possession of Narcotics,NDPS Act Sec 20(b),11.877005,76.835143,P002381,P002507,P005363,PI Chetan Kumar,Chargesheeted
FIR202504951,FIR/4951/2025,PS0167,Bidar,2025-05-23 20:13,2025-05-24 05:13,Dacoity,Armed Dacoity,BNS 310(2),18.026841,77.407538,P004922,P003857,P003378,SI Divya Hegde,Chargesheeted
FIR202502402,FIR/2402/2025,PS0195,Chamarajanagar,2025-05-23 18:07,2025-05-24 06:07,Fraud,Cheating,BNS 318(4),11.876042,77.06335,P000913,P007713,P004661,PI Suresh Kulkarni,Untraced
FIR202501335,FIR/1335/2025,PS0172,Bidar,2025-05-22 01:29,2025-05-24 06:29,POCSO,Sexual Assault on Minor,"POCSO Act Sec 4, BNS 64",17.94209,77.502382,P009282,P001175,P008854,SI Mahesh Bhat,Chargesheeted
FIR202504826,FIR/4826/2025,PS0202,Chamarajanagar,2025-05-23 04:19,2025-05-24 10:19,Vehicle Theft,Car Theft,BNS 303(2),11.93917,76.855714,P009058,P008921,P003326,PI Harish Naik,Under Investigation
FIR202501269,FIR/1269/2025,PS0153,Bidar,2025-05-24 04:26,2025-05-24 11:26,Dacoity,Armed Dacoity,BNS 310(2),17.737733,77.356935,P001844,P000688,"P005598, P002758",SI Mahesh Bhat,Chargesheeted
FIR202503348,FIR/3348/2025,PS0071,Bengaluru Rural,2025-05-21 06:52,2025-05-24 13:52,Assault,Grievous Hurt,"BNS 115(2), BNS 117(2)",13.048049,77.490027,P001552,P008378,"P007765, P002052",PI Ramesh Gowda,Under Investigation
FIR202500831,FIR/0831/2025,PS0244,Chikkaballapura,2025-05-23 08:20,2025-05-24 17:20,Burglary,Day Burglary,"BNS 331(3), BNS 331(4)",13.289692,77.911567,P007092,P007588,P007735,PI Naveen Patil,Chargesheeted
FIR202500512,FIR/0512/2025,PS0078,Bengaluru Rural,2025-05-24 09:16,2025-05-24 18:16,Vehicle Theft,Car Theft,BNS 303(2),13.120164,77.563459,P005628,P000944,P006797,PI Naveen Patil,Chargesheeted
FIR202500952,FIR/0952/2025,PS0182,Bidar,2025-05-22 16:43,2025-05-24 19:43,Dacoity,Armed Dacoity,BNS 310(2),17.919834,77.675763,P002684,P008645,P003526,PI Suresh Kulkarni,Under Investigation
FIR202502790,FIR/2790/2025,PS0002,Bagalkote,2025-05-23 09:05,2025-05-24 20:05,Murder,Gang Conflict,BNS 103(1),16.118086,75.490154,P008776,P000585,P008851,SI Prakash Sharma,Under Investigation
FIR202503070,FIR/3070/2025,PS0121,Bengaluru Urban,2025-05-22 14:44,2025-05-24 20:44,Vehicle Theft,Car Theft,BNS 303(2),13.094625,77.517241,P007597,P007587,P006584,SI Mahesh Bhat,Chargesheeted
FIR202502174,FIR/2174/2025,PS0072,Bengaluru Rural,2025-05-24 12:42,2025-05-24 23:42,Burglary,Day Burglary,"BNS 331(3), BNS 331(4)",13.283586,77.621402,P009676,P005819,P002733,PI Harish Naik,Closed
FIR202503937,FIR/3937/2025,PS0194,Chamarajanagar,2025-05-24 18:22,2025-05-25 00:22,Cyber Crime,Financial Fraud,"IT Act 66D, BNS 318(4)",11.79196,76.896688,P002552,P005431,P009018,SI Ganesh Rao,Chargesheeted
FIR202500602,FIR/0602/2025,PS0027,Ballari,2025-05-22 17:24,2025-05-25 01:24,Burglary,Day Burglary,"BNS 331(3), BNS 331(4)",15.049596,77.081041,P007394,P008653,P000164,PI Ramesh Gowda,Chargesheeted
FIR202504007,FIR/4007/2025,PS0237,Chikkaballapura,2025-05-23 22:20,2025-05-25 02:20,Fraud,Land Scam,BNS 318(4),13.342483,77.639287,P003610,P006764,P005794,PI Chetan Kumar,Chargesheeted
FIR202503468,FIR/3468/2025,PS0210,Chamarajanagar,2025-05-21 02:17,2025-05-25 05:17,NDPS,Possession of Narcotics,NDPS Act Sec 20(b),11.989651,76.795129,P005177,P002443,P004320,SI Ravi Kumar,Under Investigation
FIR202503479,FIR/3479/2025,PS0071,Bengaluru Rural,2025-05-20 19:22,2025-05-25 06:22,Assault,Grievous Hurt,"BNS 115(2), BNS 117(2)",13.044468,77.501177,P001473,P006362,P008649,SI Prakash Sharma,Chargesheeted
FIR202501293,FIR/1293/2025,PS0187,Bidar,2025-05-25 01:15,2025-05-25 07:15,Vehicle Theft,Two-Wheeler Theft,BNS 303(2),17.976803,77.717529,P007235,P007523,P002878,SI Divya Hegde,Chargesheeted
FIR202504223,FIR/4223/2025,PS0081,Bengaluru Rural,2025-05-25 03:37,2025-05-25 07:37,Vehicle Theft,Two-Wheeler Theft,BNS 303(2),13.18894,77.590574,P003878,P003321,P003156,PI Harish Naik,Chargesheeted
FIR202504619,FIR/4619/2025,PS0051,Belagavi,2025-05-24 23:12,2025-05-25 08:12,Dacoity,Armed Dacoity,BNS 310(2),15.988746,74.546629,P001897,P004063,P009232,SI Ravi Kumar,Chargesheeted
FIR202502571,FIR/2571/2025,PS0042,Ballari,2025-05-23 23:41,2025-05-25 09:41,Assault,Grievous Hurt,"BNS 115(2), BNS 117(2)",15.045658,76.994005,P003490,P001241,P004604,PI Ramesh Gowda,Chargesheeted
FIR202503385,FIR/3385/2025,PS0247,Chikkaballapura,2025-05-25 05:20,2025-05-25 10:20,POCSO,Harassment,"POCSO Act Sec 4, BNS 64",13.467875,77.901992,P004406,P009168,P002080,PI Suresh Kulkarni,Chargesheeted
FIR202504031,FIR/4031/2025,PS0245,Chikkaballapura,2025-05-23 23:32,2025-05-25 10:32,Theft,House Theft,BNS 303(2),13.34583,77.795848,P006916,P007587,P009106,SI Divya Hegde,Untraced
FIR202502955,FIR/2955/2025,PS0013,Bagalkote,2025-05-25 06:52,2025-05-25 12:52,POCSO,Sexual Assault on Minor,"POCSO Act Sec 4, BNS 64",16.17508,75.682191,P002145,P008397,P002515,SI Mahesh Bhat,Under Investigation
FIR202502534,FIR/2534/2025,PS0210,Chamarajanagar,2025-05-21 01:15,2025-05-25 13:15,Vehicle Theft,Two-Wheeler Theft,BNS 303(2),11.998268,76.816788,P006178,P004251,P000910,SI Mahesh Bhat,Under Investigation
FIR202501433,FIR/1433/2025,PS0142,Bengaluru Urban,2025-05-25 12:29,2025-05-25 13:29,Cyber Crime,Phishing,"IT Act 66D, BNS 318(4)",13.083101,77.749604,P009101,P003753,P000781,SI Ravi Kumar,Chargesheeted
FIR202503683,FIR/3683/2025,PS0025,Bagalkote,2025-05-24 08:47,2025-05-25 13:47,Theft,Pocket Pick,BNS 303(2),16.335778,75.846033,P008098,P007384,P005479,PI Chetan Kumar,Under Investigation
FIR202503700,FIR/3700/2025,PS0188,Bidar,2025-05-25 11:36,2025-05-25 16:36,Murder,Personal Enmity,BNS 103(1),17.932366,77.691166,P006276,P008816,P008614,PI Lakshmi Devi,Chargesheeted
FIR202503527,FIR/3527/2025,PS0081,Bengaluru Rural,2025-05-25 16:28,2025-05-25 17:28,Assault,Grievous Hurt,"BNS 115(2), BNS 117(2)",13.207307,77.603226,P003917,P009410,"P009009, P003258",SI Ravi Kumar,Chargesheeted
FIR202501794,FIR/1794/2025,PS0009,Bagalkote,2025-05-25 11:57,2025-05-25 18:57,Robbery,Chain Snatching with Force,BNS 309(4),16.074317,75.755683,P008424,P008425,P007812,SI Mahesh Bhat,Chargesheeted
FIR202500932,FIR/0932/2025,PS0165,Bidar,2025-05-25 07:48,2025-05-25 19:48,NDPS,Possession of Narcotics,NDPS Act Sec 20(b),18.03044,77.467553,P000777,P002682,P003539,PI Ramesh Gowda,Under Investigation
FIR202501035,FIR/1035/2025,PS0217,Chamarajanagar,2025-05-25 13:29,2025-05-25 21:29,Theft,Pocket Pick,BNS 303(2),11.76097,76.887451,P002175,P000946,P002227,PI Suresh Kulkarni,Under Investigation
FIR202500098,FIR/0098/2025,PS0119,Bengaluru Urban,2025-05-25 20:53,2025-05-25 21:53,Theft,House Theft,BNS 303(2),12.838326,77.795205,P002027,P008991,P006367,SI Divya Hegde,Under Investigation
FIR202501494,FIR/1494/2025,PS0049,Belagavi,2025-05-25 18:45,2025-05-25 22:45,Theft,House Theft,BNS 303(2),15.903755,74.561247,P009799,P009839,P005482,SI Divya Hegde,Chargesheeted
FIR202501370,FIR/1370/2025,PS0191,Bidar,2025-05-22 13:59,2025-05-25 22:59,Murder,Dowry Homicide,BNS 103(1),17.903641,77.379751,P001467,P008510,P003895,PI Ramesh Gowda,Chargesheeted
FIR202500332,FIR/0332/2025,PS0241,Chikkaballapura,2025-05-25 16:03,2025-05-26 00:03,Fraud,Corporate Fraud,BNS 318(4),13.257177,77.920937,P006607,P002921,P009725,PI Suresh Kulkarni,Chargesheeted
FIR202501545,FIR/1545/2025,PS0180,Bidar,2025-05-25 01:19,2025-05-26 03:19,Assault,Grievous Hurt,"BNS 115(2), BNS 117(2)",18.039436,77.411713,P006412,P004173,P004606,PI Naveen Patil,Under Investigation
FIR202503638,FIR/3638/2025,PS0230,Chamarajanagar,2025-05-24 23:53,2025-05-26 03:53,NDPS,Possession of Narcotics,NDPS Act Sec 20(b),11.736433,77.048291,P001208,P003260,P004237,SI Divya Hegde,Under Investigation
FIR202502850,FIR/2850/2025,PS0013,Bagalkote,2025-05-24 22:44,2025-05-26 04:44,Assault,Grievous Hurt,"BNS 115(2), BNS 117(2)",16.169602,75.646019,P004151,P002945,P001808,SI Ravi Kumar,Under Investigation
FIR202502641,FIR/2641/2025,PS0171,Bidar,2025-05-24 22:22,2025-05-26 10:22,Assault,Grievous Hurt,"BNS 115(2), BNS 117(2)",17.760256,77.576984,P010000,P002521,P005692,SI Ravi Kumar,Chargesheeted
FIR202500252,FIR/0252/2025,PS0191,Bidar,2025-05-26 08:10,2025-05-26 11:10,Dacoity,Bank Dacoity,BNS 310(2),17.921345,77.368078,P004568,P007519,"P009488, P002907",SI Divya Hegde,Chargesheeted
FIR202504102,FIR/4102/2025,PS0213,Chamarajanagar,2025-05-22 07:01,2025-05-26 12:01,Murder,Dowry Homicide,BNS 103(1),12.059839,76.92069,P006808,P004846,"P000087, P000580",SI Ravi Kumar,Chargesheeted
FIR202500326,FIR/0326/2025,PS0026,Ballari,2025-05-23 06:55,2025-05-26 13:55,Dacoity,Armed Dacoity,BNS 310(2),15.23057,76.983116,P008605,P000547,P002941,SI Mahesh Bhat,Under Investigation
FIR202503278,FIR/3278/2025,PS0168,Bidar,2025-05-25 07:51,2025-05-26 14:51,Assault,Public Affray,"BNS 115(2), BNS 117(2)",17.724986,77.652512,P002845,P005180,P002202,PI Lakshmi Devi,Chargesheeted
FIR202500600,FIR/0600/2025,PS0050,Belagavi,2025-05-26 06:51,2025-05-26 16:51,Burglary,Night House Breaking,"BNS 331(3), BNS 331(4)",15.697114,74.302321,P008245,P008910,P004859,PI Suresh Kulkarni,Under Investigation
FIR202502435,FIR/2435/2025,PS0163,Bidar,2025-05-26 12:13,2025-05-26 18:13,Assault,Simple Assault,"BNS 115(2), BNS 117(2)",17.916407,77.586492,P004937,P006362,P004544,PI Naveen Patil,Chargesheeted
FIR202504870,FIR/4870/2025,PS0112,Bengaluru Urban,2025-05-25 06:58,2025-05-26 18:58,Fraud,Corporate Fraud,BNS 318(4),13.102983,77.574617,P006149,P001296,P006603,PI Ramesh Gowda,Chargesheeted
FIR202501750,FIR/1750/2025,PS0037,Ballari,2025-05-26 07:56,2025-05-26 19:56,NDPS,Drug Trafficking,NDPS Act Sec 20(b),15.093853,77.040338,P004392,P005659,P001483,PI Harish Naik,Chargesheeted
FIR202502342,FIR/2342/2025,PS0185,Bidar,2025-05-23 19:17,2025-05-26 21:17,Assault,Simple Assault,"BNS 115(2), BNS 117(2)",17.889192,77.491601,P004023,P009759,P009457,PI Ramesh Gowda,Chargesheeted
FIR202501617,FIR/1617/2025,PS0111,Bengaluru Urban,2025-05-26 21:59,2025-05-26 23:59,Cyber Crime,Financial Fraud,"IT Act 66D, BNS 318(4)",12.766181,77.543797,P000466,P005817,P005204,PI Ramesh Gowda,Under Investigation
FIR202502482,FIR/2482/2025,PS0150,Bengaluru Urban,2025-05-26 12:12,2025-05-27 00:12,Fraud,Cheating,BNS 318(4),13.065156,77.720251,P004106,P001209,P008762,PI Harish Naik,Under Investigation
FIR202504753,FIR/4753/2025,PS0031,Ballari,2025-05-25 17:54,2025-05-27 01:54,Assault,Grievous Hurt,"BNS 115(2), BNS 117(2)",14.991754,77.106935,P002599,P006938,P005743,SI Ganesh Rao,Chargesheeted
FIR202503118,FIR/3118/2025,PS0170,Bidar,2025-05-26 21:31,2025-05-27 03:31,Assault,Simple Assault,"BNS 115(2), BNS 117(2)",17.891885,77.388249,P002536,P000055,"P005228, P000158",PI Lakshmi Devi,Chargesheeted
FIR202504292,FIR/4292/2025,PS0234,Chamarajanagar,2025-05-26 19:43,2025-05-27 06:43,Assault,Simple Assault,"BNS 115(2), BNS 117(2)",12.012388,76.825033,P008161,P003793,P002460,SI Ganesh Rao,Chargesheeted
FIR202503669,FIR/3669/2025,PS0036,Ballari,2025-05-26 01:15,2025-05-27 09:15,Murder,Dowry Homicide,BNS 103(1),15.260903,76.749817,P007988,P007430,P002819,SI Prakash Sharma,Chargesheeted
FIR202500671,FIR/0671/2025,PS0066,Belagavi,2025-05-23 04:47,2025-05-27 09:47,Robbery,Highway Robbery,BNS 309(4),15.941726,74.639337,P009374,P000824,P005149,PI Naveen Patil,Chargesheeted
FIR202500683,FIR/0683/2025,PS0236,Chikkaballapura,2025-05-25 05:01,2025-05-27 11:01,Burglary,Night House Breaking,"BNS 331(3), BNS 331(4)",13.611767,77.940283,P006797,P005171,P005661,SI Mahesh Bhat,Chargesheeted
FIR202504018,FIR/4018/2025,PS0098,Bengaluru Rural,2025-05-25 07:01,2025-05-27 13:01,Vehicle Theft,Two-Wheeler Theft,BNS 303(2),13.272828,77.727683,P002518,P000089,P001322,PI Lakshmi Devi,Chargesheeted
FIR202503799,FIR/3799/2025,PS0121,Bengaluru Urban,2025-05-26 02:23,2025-05-27 13:23,Theft,Snatching,BNS 303(2),13.100968,77.499791,P007840,P005415,P006062,SI Ravi Kumar,Under Investigation
FIR202502960,FIR/2960/2025,PS0229,Chamarajanagar,2025-05-26 12:26,2025-05-27 13:26,POCSO,Harassment,"POCSO Act Sec 4, BNS 64",12.033503,77.002108,P000746,P003947,P004384,PI Harish Naik,Chargesheeted
FIR202504681,FIR/4681/2025,PS0083,Bengaluru Rural,2025-05-27 08:38,2025-05-27 13:38,Assault,Public Affray,"BNS 115(2), BNS 117(2)",13.263441,77.561231,P009604,P001946,P005261,SI Divya Hegde,Under Investigation
FIR202500388,FIR/0388/2025,PS0184,Bidar,2025-05-25 10:43,2025-05-27 13:43,Fraud,Corporate Fraud,BNS 318(4),17.892537,77.604708,P003850,P001234,P007686,SI Ganesh Rao,Under Investigation
FIR202501204,FIR/1204/2025,PS0110,Bengaluru Urban,2025-05-27 10:23,2025-05-27 14:23,Cyber Crime,Phishing,"IT Act 66D, BNS 318(4)",13.160866,77.656889,P004627,P003764,P007798,SI Ganesh Rao,Under Investigation
FIR202504536,FIR/4536/2025,PS0056,Belagavi,2025-05-26 10:12,2025-05-27 15:12,Burglary,Day Burglary,"BNS 331(3), BNS 331(4)",15.748523,74.600899,P003864,P005786,P009031,SI Mahesh Bhat,Under Investigation
FIR202500336,FIR/0336/2025,PS0044,Ballari,2025-05-24 05:22,2025-05-27 16:22,Assault,Grievous Hurt,"BNS 115(2), BNS 117(2)",15.288537,76.925056,P008183,P007806,P000364,SI Ganesh Rao,Under Investigation
FIR202502568,FIR/2568/2025,PS0181,Bidar,2025-05-26 15:36,2025-05-27 16:36,Dacoity,Bank Dacoity,BNS 310(2),18.010937,77.406543,P008161,P000727,P007223,PI Chetan Kumar,Under Investigation
FIR202501819,FIR/1819/2025,PS0181,Bidar,2025-05-24 14:49,2025-05-27 16:49,Murder,Dowry Homicide,BNS 103(1),18.026334,77.423173,P001624,P003912,P002867,SI Mahesh Bhat,Under Investigation
FIR202503076,FIR/3076/2025,PS0020,Bagalkote,2025-05-25 07:57,2025-05-27 18:57,Murder,Dowry Homicide,BNS 103(1),16.250702,75.572407,P008461,P005083,P005690,SI Ravi Kumar,Chargesheeted
FIR202504902,FIR/4902/2025,PS0044,Ballari,2025-05-27 11:05,2025-05-27 19:05,Dacoity,Armed Dacoity,BNS 310(2),15.306593,76.936298,P004825,P005097,"P008728, P003723",SI Prakash Sharma,Under Investigation
FIR202500674,FIR/0674/2025,PS0185,Bidar,2025-05-27 19:52,2025-05-27 20:52,Murder,Dowry Homicide,BNS 103(1),17.904277,77.498349,P002842,P007908,P006441,PI Chetan Kumar,Chargesheeted
FIR202503959,FIR/3959/2025,PS0199,Chamarajanagar,2025-05-27 18:00,2025-05-27 21:00,Robbery,Chain Snatching with Force,BNS 309(4),11.857832,77.043327,P004777,P004663,P008788,PI Naveen Patil,Chargesheeted
FIR202504842,FIR/4842/2025,PS0156,Bidar,2025-05-24 14:49,2025-05-27 21:49,Assault,Grievous Hurt,"BNS 115(2), BNS 117(2)",18.001694,77.50258,P007912,P000423,P008379,SI Prakash Sharma,Under Investigation
FIR202500936,FIR/0936/2025,PS0226,Chamarajanagar,2025-05-27 18:13,2025-05-28 00:13,Fraud,Corporate Fraud,BNS 318(4),11.756725,76.999915,P008567,P000887,P002831,SI Prakash Sharma,Chargesheeted
FIR202502062,FIR/2062/2025,PS0075,Bengaluru Rural,2025-05-27 00:18,2025-05-28 01:18,Burglary,Day Burglary,"BNS 331(3), BNS 331(4)",13.204925,77.511013,P000057,P000872,P009372,PI Lakshmi Devi,Under Investigation
FIR202502400,FIR/2400/2025,PS0138,Bengaluru Urban,2025-05-26 18:12,2025-05-28 05:12,Vehicle Theft,Two-Wheeler Theft,BNS 303(2),13.144198,77.437319,P007530,P004474,"P007506, P002897",PI Naveen Patil,Chargesheeted
FIR202502160,FIR/2160/2025,PS0244,Chikkaballapura,2025-05-28 02:29,2025-05-28 05:29,Murder,Personal Enmity,BNS 103(1),13.303226,77.914047,P008305,P001882,P006425,PI Ramesh Gowda,Chargesheeted
FIR202503984,FIR/3984/2025,PS0146,Bengaluru Urban,2025-05-23 07:48,2025-05-28 08:48,Burglary,Night House Breaking,"BNS 331(3), BNS 331(4)",12.945026,77.755748,P004535,P008263,P006663,SI Mahesh Bhat,Under Investigation
FIR202501339,FIR/1339/2025,PS0152,Bengaluru Urban,2025-05-28 05:11,2025-05-28 10:11,Murder,Dowry Homicide,BNS 103(1),13.023835,77.409185,P008786,P007693,P003639,SI Ravi Kumar,Chargesheeted
FIR202504590,FIR/4590/2025,PS0067,Belagavi,2025-05-26 04:15,2025-05-28 11:15,Murder,Dowry Homicide,BNS 103(1),15.860104,74.684656,P005121,P007392,"P009520, P000386",SI Ganesh Rao,Chargesheeted
FIR202500199,FIR/0199/2025,PS0060,Belagavi,2025-05-28 02:59,2025-05-28 12:59,POCSO,Sexual Assault on Minor,"POCSO Act Sec 4, BNS 64",16.03087,74.548421,P001160,P006807,P001790,SI Ganesh Rao,Under Investigation
FIR202501417,FIR/1417/2025,PS0168,Bidar,2025-05-28 13:45,2025-05-28 15:45,POCSO,Sexual Assault on Minor,"POCSO Act Sec 4, BNS 64",17.694101,77.66087,P009497,P000774,P004598,SI Ganesh Rao,Chargesheeted
FIR202504040,FIR/4040/2025,PS0015,Bagalkote,2025-05-28 17:05,2025-05-28 20:05,Theft,Snatching,BNS 303(2),16.028915,75.701847,P009321,P003031,P002573,PI Suresh Kulkarni,Chargesheeted
FIR202501982,FIR/1982/2025,PS0062,Belagavi,2025-05-27 15:35,2025-05-28 20:35,Vehicle Theft,Car Theft,BNS 303(2),15.754822,74.482574,P007487,P008541,P002366,PI Harish Naik,Chargesheeted
FIR202501942,FIR/1942/2025,PS0121,Bengaluru Urban,2025-05-28 19:30,2025-05-28 22:30,Fraud,Corporate Fraud,BNS 318(4),13.067502,77.481054,P006489,P006447,P005404,SI Prakash Sharma,Chargesheeted
FIR202503169,FIR/3169/2025,PS0168,Bidar,2025-05-28 16:31,2025-05-29 00:31,Robbery,Highway Robbery,BNS 309(4),17.700803,77.677572,P004583,P004598,P002531,SI Ravi Kumar,Chargesheeted
FIR202503507,FIR/3507/2025,PS0167,Bidar,2025-05-25 00:42,2025-05-29 02:42,POCSO,Harassment,"POCSO Act Sec 4, BNS 64",18.045731,77.416007,P007884,P006193,P000543,PI Naveen Patil,Chargesheeted
FIR202504181,FIR/4181/2025,PS0154,Bidar,2025-05-29 01:27,2025-05-29 04:27,Robbery,Chain Snatching with Force,BNS 309(4),17.88433,77.417627,P000795,P007123,P001294,SI Ravi Kumar,Under Investigation
FIR202501150,FIR/1150/2025,PS0135,Bengaluru Urban,2025-05-28 23:29,2025-05-29 05:29,Cyber Crime,Identity Theft,"IT Act 66D, BNS 318(4)",12.909956,77.447261,P005599,P009218,P004433,PI Naveen Patil,Closed
FIR202503530,FIR/3530/2025,PS0080,Bengaluru Rural,2025-05-28 03:35,2025-05-29 06:35,Cyber Crime,Identity Theft,"IT Act 66D, BNS 318(4)",13.389185,77.593615,P006672,P007561,P002246,PI Naveen Patil,Under Investigation
FIR202501566,FIR/1566/2025,PS0237,Chikkaballapura,2025-05-29 04:10,2025-05-29 08:10,Robbery,Chain Snatching with Force,BNS 309(4),13.342233,77.636791,P002482,P004815,P009223,PI Ramesh Gowda,Under Investigation
FIR202501952,FIR/1952/2025,PS0025,Bagalkote,2025-05-29 10:40,2025-05-29 11:40,Burglary,Day Burglary,"BNS 331(3), BNS 331(4)",16.321078,75.832895,P006160,P001785,P008207,SI Ravi Kumar,Under Investigation
FIR202502968,FIR/2968/2025,PS0146,Bengaluru Urban,2025-05-25 11:19,2025-05-29 12:19,Vehicle Theft,Car Theft,BNS 303(2),12.933323,77.788501,P007816,P007711,P008803,SI Mahesh Bhat,Under Investigation
FIR202500515,FIR/0515/2025,PS0159,Bidar,2025-05-29 01:24,2025-05-29 12:24,Assault,Public Affray,"BNS 115(2), BNS 117(2)",18.069549,77.507565,P005089,P002542,P004919,PI Naveen Patil,Chargesheeted
FIR202500633,FIR/0633/2025,PS0169,Bidar,2025-05-29 11:04,2025-05-29 13:04,Assault,Simple Assault,"BNS 115(2), BNS 117(2)",18.020752,77.714192,P000763,P009941,P004964,PI Harish Naik,Under Investigation
FIR202501045,FIR/1045/2025,PS0063,Belagavi,2025-05-29 12:52,2025-05-29 13:52,Burglary,Night House Breaking,"BNS 331(3), BNS 331(4)",16.012218,74.684022,P001264,P006690,P001854,SI Ravi Kumar,Under Investigation
FIR202501321,FIR/1321/2025,PS0199,Chamarajanagar,2025-05-29 10:27,2025-05-29 14:27,Robbery,Highway Robbery,BNS 309(4),11.851652,77.064664,P007815,P008129,"P008968, P005923",PI Suresh Kulkarni,Under Investigation
FIR202504265,FIR/4265/2025,PS0087,Bengaluru Rural,2025-05-28 08:12,2025-05-29 17:12,Murder,Dowry Homicide,BNS 103(1),13.138203,77.52389,P004152,P002840,P009912,SI Ganesh Rao,Under Investigation
FIR202503703,FIR/3703/2025,PS0194,Chamarajanagar,2025-05-29 10:36,2025-05-29 18:36,Theft,Snatching,BNS 303(2),11.770286,76.87999,P009783,P008391,P003498,PI Lakshmi Devi,Under Investigation
FIR202503847,FIR/3847/2025,PS0196,Chamarajanagar,2025-05-29 09:21,2025-05-29 19:21,Robbery,Highway Robbery,BNS 309(4),12.005992,76.934078,P000670,P005218,P004720,PI Ramesh Gowda,Under Investigation
FIR202503927,FIR/3927/2025,PS0128,Bengaluru Urban,2025-05-27 12:30,2025-05-29 19:30,Burglary,Day Burglary,"BNS 331(3), BNS 331(4)",13.036456,77.596618,P009548,P009881,P000090,SI Ravi Kumar,Untraced
FIR202502583,FIR/2583/2025,PS0089,Bengaluru Rural,2025-05-29 17:54,2025-05-29 23:54,Murder,Dowry Homicide,BNS 103(1),13.391875,77.618867,P008080,P005462,P007891,SI Prakash Sharma,Chargesheeted
FIR202500870,FIR/0870/2025,PS0115,Bengaluru Urban,2025-05-29 17:25,2025-05-30 01:25,Fraud,Land Scam,BNS 318(4),12.876854,77.376656,P007129,P001844,P007612,PI Harish Naik,Chargesheeted
FIR202504949,FIR/4949/2025,PS0069,Belagavi,2025-05-24 14:55,2025-05-30 01:55,Cyber Crime,Phishing,"IT Act 66D, BNS 318(4)",15.852358,74.337737,P000343,P004180,P009210,SI Ravi Kumar,Closed
FIR202503074,FIR/3074/2025,PS0148,Bengaluru Urban,2025-05-25 23:08,2025-05-30 04:08,Cyber Crime,Financial Fraud,"IT Act 66D, BNS 318(4)",12.841167,77.668901,P007373,P005210,P004210,SI Ganesh Rao,Chargesheeted
FIR202501233,FIR/1233/2025,PS0163,Bidar,2025-05-26 03:13,2025-05-30 05:13,Burglary,Night House Breaking,"BNS 331(3), BNS 331(4)",17.930876,77.586657,P006609,P007027,P002667,PI Harish Naik,Chargesheeted
FIR202503055,FIR/3055/2025,PS0090,Bengaluru Rural,2025-05-30 00:23,2025-05-30 06:23,Fraud,Cheating,BNS 318(4),13.394186,77.489438,P006293,P007012,P009143,SI Divya Hegde,Chargesheeted
FIR202504638,FIR/4638/2025,PS0149,Bengaluru Urban,2025-05-30 02:05,2025-05-30 08:05,Vehicle Theft,Two-Wheeler Theft,BNS 303(2),13.088045,77.490803,P001841,P001796,P007008,SI Mahesh Bhat,Chargesheeted
FIR202500032,FIR/0032/2025,PS0088,Bengaluru Rural,2025-05-30 05:26,2025-05-30 11:26,Theft,Pocket Pick,BNS 303(2),13.061066,77.402565,P007217,P009069,P000790,PI Naveen Patil,Chargesheeted
FIR202500586,FIR/0586/2025,PS0189,Bidar,2025-05-29 09:07,2025-05-30 12:07,POCSO,Sexual Assault on Minor,"POCSO Act Sec 4, BNS 64",17.893202,77.39204,P007108,P001392,P005833,SI Prakash Sharma,Chargesheeted
FIR202503302,FIR/3302/2025,PS0028,Ballari,2025-05-30 09:18,2025-05-30 16:18,Assault,Grievous Hurt,"BNS 115(2), BNS 117(2)",15.00964,76.858737,P008986,P001317,"P004339, P002132",PI Harish Naik,Under Investigation
FIR202502883,FIR/2883/2025,PS0091,Bengaluru Rural,2025-05-30 21:01,2025-05-30 23:01,Burglary,Night House Breaking,"BNS 331(3), BNS 331(4)",13.037534,77.614832,P004697,P004253,P008938,PI Naveen Patil,Chargesheeted
FIR202502208,FIR/2208/2025,PS0227,Chamarajanagar,2025-05-30 15:27,2025-05-31 01:27,Cyber Crime,Identity Theft,"IT Act 66D, BNS 318(4)",11.916754,76.939323,P007189,P007756,P009645,PI Suresh Kulkarni,Chargesheeted
FIR202504183,FIR/4183/2025,PS0211,Chamarajanagar,2025-05-28 14:59,2025-05-31 01:59,Robbery,Highway Robbery,BNS 309(4),11.825022,77.095388,P002015,P008595,P006144,PI Ramesh Gowda,Chargesheeted
FIR202500710,FIR/0710/2025,PS0207,Chamarajanagar,2025-05-29 20:53,2025-05-31 03:53,Murder,Personal Enmity,BNS 103(1),12.06168,77.123227,P009173,P007612,P009641,PI Lakshmi Devi,Under Investigation
FIR202501090,FIR/1090/2025,PS0162,Bidar,2025-05-31 01:12,2025-05-31 04:12,Burglary,Night House Breaking,"BNS 331(3), BNS 331(4)",18.02729,77.485412,P007960,P007938,P006370,SI Ravi Kumar,Closed
FIR202500001,FIR/0001/2025,PS0037,Ballari,2025-05-29 18:57,2025-05-31 04:57,Murder,Gang Conflict,BNS 103(1),15.082002,77.041064,P001062,P006283,P008286,PI Suresh Kulkarni,Chargesheeted
FIR202500284,FIR/0284/2025,PS0173,Bidar,2025-05-31 03:49,2025-05-31 11:49,Assault,Grievous Hurt,"BNS 115(2), BNS 117(2)",17.766097,77.591391,P000856,P006233,P009770,PI Harish Naik,Under Investigation
FIR202504814,FIR/4814/2025,PS0032,Ballari,2025-05-31 05:29,2025-05-31 12:29,Murder,Dowry Homicide,BNS 103(1),15.153944,76.892673,P005316,P008739,P003901,PI Suresh Kulkarni,Chargesheeted
FIR202500996,FIR/0996/2025,PS0157,Bidar,2025-05-28 05:47,2025-05-31 14:47,NDPS,Possession of Narcotics,NDPS Act Sec 20(b),17.805294,77.559318,P009982,P000057,P001113,SI Ganesh Rao,Under Investigation
FIR202502412,FIR/2412/2025,PS0219,Chamarajanagar,2025-05-28 08:58,2025-05-31 16:58,Burglary,Day Burglary,"BNS 331(3), BNS 331(4)",11.877557,76.878201,P001041,P006716,P006723,PI Harish Naik,Under Investigation
FIR202501663,FIR/1663/2025,PS0100,Bengaluru Rural,2025-05-31 13:13,2025-05-31 17:13,Theft,Pocket Pick,BNS 303(2),13.145324,77.520874,P001891,P009480,"P006644, P005076",SI Mahesh Bhat,Chargesheeted
FIR202501059,FIR/1059/2025,PS0208,Chamarajanagar,2025-05-31 16:36,2025-05-31 17:36,Burglary,Day Burglary,"BNS 331(3), BNS 331(4)",11.816458,77.121735,P008956,P000812,P000187,PI Harish Naik,Under Investigation
FIR202504309,FIR/4309/2025,PS0048,Belagavi,2025-05-31 09:38,2025-05-31 19:38,Dacoity,Bank Dacoity,BNS 310(2),15.725181,74.471844,P001227,P002363,P007363,SI Prakash Sharma,Chargesheeted
FIR202501014,FIR/1014/2025,PS0204,Chamarajanagar,2025-05-26 13:48,2025-05-31 19:48,Murder,Gang Conflict,BNS 103(1),12.059067,77.053308,P000253,P003618,P007341,SI Mahesh Bhat,Chargesheeted
FIR202503081,FIR/3081/2025,PS0183,Bidar,2025-05-29 18:17,2025-05-31 21:17,NDPS,Possession of Narcotics,NDPS Act Sec 20(b),17.781376,77.384687,P008154,P003753,P009725,PI Chetan Kumar,Under Investigation
FIR202501776,FIR/1776/2025,PS0172,Bidar,2025-05-30 19:46,2025-05-31 22:46,Theft,House Theft,BNS 303(2),17.971312,77.484587,P006775,P000996,P000869,SI Mahesh Bhat,Under Investigation
FIR202504859,FIR/4859/2025,PS0189,Bidar,2025-05-31 13:55,2025-05-31 23:55,Vehicle Theft,Two-Wheeler Theft,BNS 303(2),17.916487,77.371421,P007778,P005792,P003770,PI Ramesh Gowda,Under Investigation
FIR202502176,FIR/2176/2025,PS0140,Bengaluru Urban,2025-05-31 17:00,2025-06-01 00:00,Fraud,Land Scam,BNS 318(4),13.045856,77.676414,P009836,P003281,P009796,SI Ravi Kumar,Chargesheeted
FIR202501188,FIR/1188/2025,PS0176,Bidar,2025-05-30 21:59,2025-06-01 00:59,Robbery,Highway Robbery,BNS 309(4),17.744998,77.513844,P000561,P002186,P007996,PI Suresh Kulkarni,Chargesheeted
FIR202500509,FIR/0509/2025,PS0099,Bengaluru Rural,2025-05-30 13:26,2025-06-01 01:26,Vehicle Theft,Car Theft,BNS 303(2),13.258693,77.716969,P006386,P005991,P001507,PI Naveen Patil,Chargesheeted
FIR202503556,FIR/3556/2025,PS0194,Chamarajanagar,2025-05-31 00:37,2025-06-01 02:37,Vehicle Theft,Two-Wheeler Theft,BNS 303(2),11.79481,76.888981,P005934,P008414,P007790,SI Ganesh Rao,Under Investigation
FIR202504104,FIR/4104/2025,PS0109,Bengaluru Rural,2025-05-30 23:59,2025-06-01 03:59,Burglary,Night House Breaking,"BNS 331(3), BNS 331(4)",13.123493,77.586708,P000230,P001167,P009554,PI Naveen Patil,Chargesheeted
FIR202502052,FIR/2052/2025,PS0003,Bagalkote,2025-05-28 19:46,2025-06-01 04:46,Vehicle Theft,Two-Wheeler Theft,BNS 303(2),16.332558,75.874183,P007085,P009997,P007251,PI Harish Naik,Under Investigation
FIR202502650,FIR/2650/2025,PS0081,Bengaluru Rural,2025-05-31 01:41,2025-06-01 07:41,Dacoity,Bank Dacoity,BNS 310(2),13.173334,77.616669,P006144,P002905,"P006293, P004986",PI Harish Naik,Chargesheeted
FIR202504249,FIR/4249/2025,PS0187,Bidar,2025-05-31 05:47,2025-06-01 09:47,Murder,Gang Conflict,BNS 103(1),17.985477,77.719257,P009036,P005519,P001859,PI Ramesh Gowda,Under Investigation
FIR202502921,FIR/2921/2025,PS0066,Belagavi,2025-05-31 22:48,2025-06-01 10:48,Burglary,Night House Breaking,"BNS 331(3), BNS 331(4)",15.944457,74.643456,P001946,P002868,P003061,PI Suresh Kulkarni,Untraced
FIR202500411,FIR/0411/2025,PS0247,Chikkaballapura,2025-06-01 02:33,2025-06-01 11:33,Dacoity,Bank Dacoity,BNS 310(2),13.472767,77.876673,P006039,P009624,P007061,PI Ramesh Gowda,Closed
FIR202501396,FIR/1396/2025,PS0250,Chikkaballapura,2025-05-30 10:34,2025-06-01 13:34,Assault,Grievous Hurt,"BNS 115(2), BNS 117(2)",13.56311,77.815716,P002764,P000536,P003495,PI Suresh Kulkarni,Untraced
FIR202501846,FIR/1846/2025,PS0153,Bidar,2025-05-28 10:55,2025-06-01 14:55,Dacoity,Armed Dacoity,BNS 310(2),17.74401,77.353791,P009482,P007481,P003658,PI Harish Naik,Chargesheeted
FIR202503547,FIR/3547/2025,PS0199,Chamarajanagar,2025-06-01 06:35,2025-06-01 15:35,POCSO,Sexual Assault on Minor,"POCSO Act Sec 4, BNS 64",11.844679,77.057516,P005934,P000216,P009545,PI Naveen Patil,Chargesheeted
FIR202503798,FIR/3798/2025,PS0240,Chikkaballapura,2025-06-01 11:02,2025-06-01 17:02,Cyber Crime,Phishing,"IT Act 66D, BNS 318(4)",13.376931,77.797888,P007044,P001917,P001787,PI Suresh Kulkarni,Under Investigation
FIR202503132,FIR/3132/2025,PS0183,Bidar,2025-06-01 15:17,2025-06-01 17:17,Assault,Grievous Hurt,"BNS 115(2), BNS 117(2)",17.788827,77.412823,P006894,P009241,P009833,SI Prakash Sharma,Under Investigation
FIR202502734,FIR/2734/2025,PS0140,Bengaluru Urban,2025-05-30 07:30,2025-06-01 17:30,Vehicle Theft,Car Theft,BNS 303(2),13.045656,77.676287,P007134,P009175,P005776,PI Chetan Kumar,Chargesheeted
FIR202504435,FIR/4435/2025,PS0001,Bagalkote,2025-06-01 06:40,2025-06-01 17:40,Dacoity,Bank Dacoity,BNS 310(2),16.197598,75.56599,P009539,P006095,P002482,SI Prakash Sharma,Chargesheeted
FIR202500931,FIR/0931/2025,PS0073,Bengaluru Rural,2025-06-01 16:39,2025-06-01 21:39,Murder,Personal Enmity,BNS 103(1),13.358115,77.607791,P002339,P002084,P005805,SI Ravi Kumar,Chargesheeted
FIR202504720,FIR/4720/2025,PS0162,Bidar,2025-06-01 21:20,2025-06-01 22:20,Dacoity,Armed Dacoity,BNS 310(2),18.026554,77.457887,P003461,P006380,P000960,SI Divya Hegde,Chargesheeted
FIR202500343,FIR/0343/2025,PS0133,Bengaluru Urban,2025-05-31 20:54,2025-06-01 22:54,Fraud,Corporate Fraud,BNS 318(4),12.995447,77.52487,P007506,P001815,P002474,SI Divya Hegde,Chargesheeted
FIR202500136,FIR/0136/2025,PS0181,Bidar,2025-06-01 20:31,2025-06-02 02:31,Cyber Crime,Phishing,"IT Act 66D, BNS 318(4)",18.00489,77.40628,P001302,P006545,P008901,PI Lakshmi Devi,Under Investigation
FIR202500089,FIR/0089/2025,PS0017,Bagalkote,2025-06-01 17:57,2025-06-02 02:57,Burglary,Night House Breaking,"BNS 331(3), BNS 331(4)",16.271831,75.562212,P006168,P009910,P001149,SI Mahesh Bhat,Under Investigation
FIR202501781,FIR/1781/2025,PS0109,Bengaluru Rural,2025-06-02 00:47,2025-06-02 08:47,Vehicle Theft,Two-Wheeler Theft,BNS 303(2),13.087782,77.593262,P002320,P008176,P008115,SI Mahesh Bhat,Under Investigation
FIR202503283,FIR/3283/2025,PS0109,Bengaluru Rural,2025-06-02 03:40,2025-06-02 12:40,Burglary,Day Burglary,"BNS 331(3), BNS 331(4)",13.123973,77.583895,P003132,P005093,P000472,SI Ravi Kumar,Chargesheeted
FIR202502182,FIR/2182/2025,PS0183,Bidar,2025-05-30 00:58,2025-06-02 12:58,Fraud,Cheating,BNS 318(4),17.774258,77.380172,P005459,P000589,P009225,PI Lakshmi Devi,Under Investigation
FIR202502704,FIR/2704/2025,PS0130,Bengaluru Urban,2025-06-01 07:12,2025-06-02 13:12,Cyber Crime,Financial Fraud,"IT Act 66D, BNS 318(4)",13.101711,77.47518,P006442,P004972,P004200,SI Ravi Kumar,Under Investigation
FIR202504617,FIR/4617/2025,PS0136,Bengaluru Urban,2025-06-01 07:46,2025-06-02 17:46,Vehicle Theft,Two-Wheeler Theft,BNS 303(2),12.830036,77.612554,P007789,P006705,P001441,SI Mahesh Bhat,Chargesheeted
FIR202502945,FIR/2945/2025,PS0143,Bengaluru Urban,2025-06-02 16:52,2025-06-02 22:52,POCSO,Sexual Assault on Minor,"POCSO Act Sec 4, BNS 64",12.782055,77.407495,P000404,P006726,P000542,SI Divya Hegde,Chargesheeted
FIR202502252,FIR/2252/2025,PS0078,Bengaluru Rural,2025-05-29 19:34,2025-06-03 05:34,Burglary,Day Burglary,"BNS 331(3), BNS 331(4)",13.13548,77.550675,P000614,P004681,P001987,SI Mahesh Bhat,Closed
FIR202503444,FIR/3444/2025,PS0194,Chamarajanagar,2025-06-03 05:05,2025-06-03 07:05,Dacoity,Bank Dacoity,BNS 310(2),11.772677,76.865097,P001903,P006505,P002993,PI Ramesh Gowda,Untraced
FIR202504806,FIR/4806/2025,PS0143,Bengaluru Urban,2025-06-03 02:32,2025-06-03 07:32,Burglary,Night House Breaking,"BNS 331(3), BNS 331(4)",12.800501,77.39604,P009031,P006646,P001151,SI Divya Hegde,Chargesheeted
FIR202500038,FIR/0038/2025,PS0131,Bengaluru Urban,2025-06-03 07:31,2025-06-03 10:31,Dacoity,Bank Dacoity,BNS 310(2),12.983549,77.621023,P008137,P001556,P001339,PI Lakshmi Devi,Under Investigation
FIR202500738,FIR/0738/2025,PS0113,Bengaluru Urban,2025-05-31 08:04,2025-06-03 12:04,Vehicle Theft,Car Theft,BNS 303(2),13.173554,77.478229,P008672,P003957,P001294,PI Chetan Kumar,Chargesheeted
FIR202501064,FIR/1064/2025,PS0129,Bengaluru Urban,2025-06-01 12:46,2025-06-03 13:46,Cyber Crime,Identity Theft,"IT Act 66D, BNS 318(4)",12.802646,77.759879,P007506,P002760,P008603,SI Prakash Sharma,Chargesheeted
FIR202504640,FIR/4640/2025,PS0151,Bengaluru Urban,2025-06-02 12:35,2025-06-03 17:35,Fraud,Corporate Fraud,BNS 318(4),12.877587,77.447937,P003013,P006313,P007942,SI Mahesh Bhat,Under Investigation
FIR202503090,FIR/3090/2025,PS0154,Bidar,2025-06-03 07:00,2025-06-03 19:00,Fraud,Corporate Fraud,BNS 318(4),17.891585,77.422452,P003020,P009222,P009719,SI Divya Hegde,Chargesheeted
FIR202500196,FIR/0196/2025,PS0242,Chikkaballapura,2025-06-02 09:14,2025-06-03 19:14,Cyber Crime,Financial Fraud,"IT Act 66D, BNS 318(4)",13.269109,77.850516,P003585,P001112,P002955,PI Suresh Kulkarni,Chargesheeted
FIR202504122,FIR/4122/2025,PS0023,Bagalkote,2025-06-02 07:20,2025-06-03 19:20,Assault,Public Affray,"BNS 115(2), BNS 117(2)",16.100869,75.814942,P002908,P005691,P003254,PI Suresh Kulkarni,Under Investigation
FIR202504350,FIR/4350/2025,PS0173,Bidar,2025-06-03 17:17,2025-06-03 22:17,Burglary,Night House Breaking,"BNS 331(3), BNS 331(4)",17.73912,77.586142,P001758,P009350,P006955,PI Suresh Kulkarni,Chargesheeted
FIR202502247,FIR/2247/2025,PS0178,Bidar,2025-06-03 20:31,2025-06-03 23:31,Theft,Pocket Pick,BNS 303(2),17.864771,77.501652,P002670,P000375,P002406,SI Ganesh Rao,Chargesheeted
FIR202504693,FIR/4693/2025,PS0172,Bidar,2025-06-03 23:19,2025-06-04 01:19,Assault,Grievous Hurt,"BNS 115(2), BNS 117(2)",17.956394,77.502003,P008653,P002666,P009999,SI Mahesh Bhat,Untraced
FIR202503183,FIR/3183/2025,PS0169,Bidar,2025-06-03 14:30,2025-06-04 01:30,Assault,Grievous Hurt,"BNS 115(2), BNS 117(2)",18.008989,77.695791,P002881,P006228,P006108,PI Chetan Kumar,Chargesheeted
FIR202502996,FIR/2996/2025,PS0237,Chikkaballapura,2025-06-02 16:39,2025-06-04 01:39,Fraud,Cheating,BNS 318(4),13.340602,77.633465,P009039,P000189,P000638,PI Ramesh Gowda,Under Investigation
FIR202503409,FIR/3409/2025,PS0120,Bengaluru Urban,2025-06-02 15:19,2025-06-04 02:19,NDPS,Drug Trafficking,NDPS Act Sec 20(b),13.122157,77.391808,P009898,P007757,P008880,PI Lakshmi Devi,Chargesheeted
FIR202504475,FIR/4475/2025,PS0023,Bagalkote,2025-06-01 00:19,2025-06-04 05:19,NDPS,Possession of Narcotics,NDPS Act Sec 20(b),16.090157,75.810465,P001571,P008421,P009498,PI Suresh Kulkarni,Chargesheeted
FIR202504598,FIR/4598/2025,PS0168,Bidar,2025-06-03 19:13,2025-06-04 06:13,Robbery,Highway Robbery,BNS 309(4),17.730176,77.676305,P004256,P007528,P005193,SI Ganesh Rao,Under Investigation
FIR202500884,FIR/0884/2025,PS0056,Belagavi,2025-06-03 22:42,2025-06-04 07:42,Assault,Grievous Hurt,"BNS 115(2), BNS 117(2)",15.746025,74.593879,P002332,P008143,P000599,SI Prakash Sharma,Chargesheeted
FIR202504514,FIR/4514/2025,PS0077,Bengaluru Rural,2025-05-30 21:00,2025-06-04 08:00,Theft,House Theft,BNS 303(2),13.371806,77.6177,P005524,P008763,P002351,PI Ramesh Gowda,Under Investigation
FIR202503151,FIR/3151/2025,PS0007,Bagalkote,2025-06-04 01:24,2025-06-04 08:24,Assault,Grievous Hurt,"BNS 115(2), BNS 117(2)",16.062449,75.650955,P006910,P000024,P000885,SI Prakash Sharma,Under Investigation
FIR202502661,FIR/2661/2025,PS0006,Bagalkote,2025-06-03 03:21,2025-06-04 11:21,Fraud,Land Scam,BNS 318(4),16.368018,75.775126,P005397,P008372,P006972,PI Suresh Kulkarni,Chargesheeted
FIR202500843,FIR/0843/2025,PS0249,Chikkaballapura,2025-05-30 01:09,2025-06-04 13:09,POCSO,Sexual Assault on Minor,"POCSO Act Sec 4, BNS 64",13.470809,77.554238,P004553,P008940,P004654,PI Harish Naik,Under Investigation
FIR202503633,FIR/3633/2025,PS0046,Belagavi,2025-06-03 06:14,2025-06-04 13:14,Burglary,Night House Breaking,"BNS 331(3), BNS 331(4)",15.788497,74.514339,P000250,P004329,P002191,PI Naveen Patil,Chargesheeted
FIR202501696,FIR/1696/2025,PS0217,Chamarajanagar,2025-06-03 06:07,2025-06-04 15:07,Dacoity,Armed Dacoity,BNS 310(2),11.734729,76.884026,P000285,P005666,"P006628, P005710",PI Harish Naik,Chargesheeted
FIR202501861,FIR/1861/2025,PS0163,Bidar,2025-06-03 06:41,2025-06-04 15:41,Assault,Simple Assault,"BNS 115(2), BNS 117(2)",17.922946,77.598244,P008312,P008506,P008562,SI Divya Hegde,Chargesheeted
FIR202502778,FIR/2778/2025,PS0053,Belagavi,2025-06-01 10:43,2025-06-04 15:43,Theft,House Theft,BNS 303(2),15.861256,74.327696,P007279,P007459,P006713,SI Prakash Sharma,Chargesheeted
FIR202503400,FIR/3400/2025,PS0248,Chikkaballapura,2025-06-04 16:10,2025-06-04 20:10,Dacoity,Armed Dacoity,BNS 310(2),13.248349,77.79125,P003978,P006720,P003560,PI Suresh Kulkarni,Under Investigation
FIR202502961,FIR/2961/2025,PS0154,Bidar,2025-06-04 13:46,2025-06-04 21:46,POCSO,Sexual Assault on Minor,"POCSO Act Sec 4, BNS 64",17.875713,77.413144,P006945,P008727,P005090,PI Chetan Kumar,Under Investigation
FIR202503018,FIR/3018/2025,PS0024,Bagalkote,2025-06-03 12:48,2025-06-04 22:48,Theft,Pocket Pick,BNS 303(2),16.373188,75.52807,P009142,P000591,"P001762, P009217",SI Prakash Sharma,Chargesheeted
FIR202504876,FIR/4876/2025,PS0187,Bidar,2025-06-04 19:13,2025-06-05 01:13,NDPS,Drug Trafficking,NDPS Act Sec 20(b),17.988187,77.715687,P004929,P000738,P007429,SI Ganesh Rao,Under Investigation
FIR202501715,FIR/1715/2025,PS0165,Bidar,2025-06-04 16:18,2025-06-05 01:18,Murder,Dowry Homicide,BNS 103(1),18.046883,77.442077,P008973,P008412,P005675,PI Ramesh Gowda,Chargesheeted
FIR202501439,FIR/1439/2025,PS0144,Bengaluru Urban,2025-06-05 01:14,2025-06-05 02:14,Fraud,Land Scam,BNS 318(4),12.841569,77.581769,P002531,P003156,P007379,SI Ravi Kumar,Under Investigation
FIR202503443,FIR/3443/2025,PS0189,Bidar,2025-06-01 15:32,2025-06-05 02:32,Burglary,Day Burglary,"BNS 331(3), BNS 331(4)",17.880962,77.379571,P006786,P003325,P002153,SI Divya Hegde,Untraced
FIR202502283,FIR/2283/2025,PS0176,Bidar,2025-06-02 15:57,2025-06-05 02:57,Cyber Crime,Financial Fraud,"IT Act 66D, BNS 318(4)",17.765036,77.549536,P000360,P000914,P006273,PI Lakshmi Devi,Under Investigation
FIR202504106,FIR/4106/2025,PS0239,Chikkaballapura,2025-06-04 20:07,2025-06-05 03:07,Murder,Gang Conflict,BNS 103(1),13.474066,77.656815,P008424,P000147,P004922,PI Naveen Patil,Closed
FIR202502392,FIR/2392/2025,PS0187,Bidar,2025-06-05 00:19,2025-06-05 10:19,Cyber Crime,Identity Theft,"IT Act 66D, BNS 318(4)",17.970378,77.723696,P009577,P003977,P009757,PI Chetan Kumar,Chargesheeted
FIR202503008,FIR/3008/2025,PS0224,Chamarajanagar,2025-06-04 01:28,2025-06-05 10:28,Theft,House Theft,BNS 303(2),11.877591,76.822444,P007151,P006929,P007236,SI Prakash Sharma,Chargesheeted
FIR202500668,FIR/0668/2025,PS0124,Bengaluru Urban,2025-06-04 06:47,2025-06-05 11:47,Fraud,Land Scam,BNS 318(4),13.074645,77.669685,P008351,P004564,P003522,PI Harish Naik,Chargesheeted
FIR202502433,FIR/2433/2025,PS0121,Bengaluru Urban,2025-06-04 07:07,2025-06-05 13:07,Vehicle Theft,Two-Wheeler Theft,BNS 303(2),13.081526,77.502486,P000402,P001838,P001517,SI Ravi Kumar,Closed
FIR202504432,FIR/4432/2025,PS0074,Bengaluru Rural,2025-06-05 08:41,2025-06-05 15:41,Cyber Crime,Financial Fraud,"IT Act 66D, BNS 318(4)",13.181344,77.583825,P006000,P007102,"P007089, P006614",SI Ganesh Rao,Chargesheeted
FIR202500571,FIR/0571/2025,PS0238,Chikkaballapura,2025-06-04 07:16,2025-06-05 17:16,Assault,Grievous Hurt,"BNS 115(2), BNS 117(2)",13.34317,77.916252,P009601,P005813,P009760,SI Divya Hegde,Closed
FIR202500036,FIR/0036/2025,PS0137,Bengaluru Urban,2025-06-04 16:49,2025-06-05 20:49,Murder,Dowry Homicide,BNS 103(1),12.876543,77.741139,P002522,P007370,P002926,PI Naveen Patil,Chargesheeted
FIR202501092,FIR/1092/2025,PS0081,Bengaluru Rural,2025-06-01 17:18,2025-06-05 23:18,Dacoity,Bank Dacoity,BNS 310(2),13.19342,77.584373,P002891,P005073,P009441,SI Divya Hegde,Chargesheeted
FIR202500913,FIR/0913/2025,PS0148,Bengaluru Urban,2025-06-04 12:15,2025-06-06 00:15,POCSO,Harassment,"POCSO Act Sec 4, BNS 64",12.865869,77.640363,P006733,P008751,P000551,SI Ganesh Rao,Chargesheeted
FIR202501046,FIR/1046/2025,PS0024,Bagalkote,2025-06-03 14:45,2025-06-06 00:45,Fraud,Land Scam,BNS 318(4),16.389868,75.54421,P002869,P003156,P006474,PI Suresh Kulkarni,Under Investigation
FIR202503122,FIR/3122/2025,PS0076,Bengaluru Rural,2025-06-05 00:55,2025-06-06 01:55,Cyber Crime,Identity Theft,"IT Act 66D, BNS 318(4)",13.306598,77.752894,P005947,P001592,P007731,SI Prakash Sharma,Chargesheeted
FIR202504022,FIR/4022/2025,PS0062,Belagavi,2025-06-05 23:14,2025-06-06 04:14,Theft,Snatching,BNS 303(2),15.747119,74.484972,P004492,P005971,P009885,SI Ganesh Rao,Closed
FIR202504057,FIR/4057/2025,PS0136,Bengaluru Urban,2025-06-05 21:14,2025-06-06 04:14,Fraud,Cheating,BNS 318(4),12.839648,77.605416,P002953,P004348,P004536,PI Chetan Kumar,Chargesheeted
FIR202504216,FIR/4216/2025,PS0150,Bengaluru Urban,2025-06-04 21:23,2025-06-06 05:23,Vehicle Theft,Car Theft,BNS 303(2),13.087172,77.716304,P001106,P004028,P008096,PI Lakshmi Devi,Chargesheeted
FIR202500800,FIR/0800/2025,PS0104,Bengaluru Rural,2025-06-05 05:15,2025-06-06 08:15,POCSO,Sexual Assault on Minor,"POCSO Act Sec 4, BNS 64",13.440498,77.559018,P006097,P006867,P008906,SI Mahesh Bhat,Under Investigation
FIR202503417,FIR/3417/2025,PS0175,Bidar,2025-06-04 08:29,2025-06-06 10:29,Assault,Public Affray,"BNS 115(2), BNS 117(2)",18.012599,77.426332,P007427,P000579,P009143,SI Divya Hegde,Chargesheeted
FIR202503178,FIR/3178/2025,PS0101,Bengaluru Rural,2025-06-05 05:23,2025-06-06 12:23,Robbery,Highway Robbery,BNS 309(4),13.261106,77.744297,P008413,P000802,P007736,PI Naveen Patil,Under Investigation
FIR202504891,FIR/4891/2025,PS0091,Bengaluru Rural,2025-06-06 08:43,2025-06-06 18:43,Cyber Crime,Phishing,"IT Act 66D, BNS 318(4)",13.074767,77.632151,P002054,P002154,P009469,PI Naveen Patil,Under Investigation
FIR202504724,FIR/4724/2025,PS0018,Bagalkote,2025-06-06 13:53,2025-06-06 18:53,Dacoity,Armed Dacoity,BNS 310(2),16.203718,75.79662,P009408,P008500,P000244,PI Suresh Kulkarni,Closed
FIR202503341,FIR/3341/2025,PS0161,Bidar,2025-06-05 09:05,2025-06-06 20:05,Theft,Pocket Pick,BNS 303(2),17.979087,77.521895,P000688,P004960,P007587,SI Divya Hegde,Chargesheeted
FIR202500591,FIR/0591/2025,PS0141,Bengaluru Urban,2025-06-06 17:33,2025-06-06 20:33,Cyber Crime,Identity Theft,"IT Act 66D, BNS 318(4)",12.855119,77.404151,P006886,P001271,P008563,PI Ramesh Gowda,Under Investigation
FIR202502025,FIR/2025/2025,PS0101,Bengaluru Rural,2025-06-04 09:38,2025-06-06 21:38,Fraud,Corporate Fraud,BNS 318(4),13.251029,77.739537,P008497,P001498,P001132,SI Ravi Kumar,Closed
FIR202502214,FIR/2214/2025,PS0196,Chamarajanagar,2025-06-05 00:05,2025-06-07 06:05,NDPS,Drug Trafficking,NDPS Act Sec 20(b),11.99631,76.955789,P001559,P004063,P008628,PI Ramesh Gowda,Under Investigation
FIR202503241,FIR/3241/2025,PS0158,Bidar,2025-06-06 01:16,2025-06-07 09:16,Murder,Personal Enmity,BNS 103(1),17.920076,77.505832,P004015,P001405,P005131,PI Suresh Kulkarni,Under Investigation
FIR202502693,FIR/2693/2025,PS0206,Chamarajanagar,2025-06-05 06:17,2025-06-07 13:17,Cyber Crime,Financial Fraud,"IT Act 66D, BNS 318(4)",11.823575,77.099682,P009718,P009729,P008914,SI Mahesh Bhat,Chargesheeted
FIR202504954,FIR/4954/2025,PS0070,Bengaluru Rural,2025-06-07 06:24,2025-06-07 18:24,Assault,Public Affray,"BNS 115(2), BNS 117(2)",13.280737,77.745344,P007786,P008460,P001348,SI Ganesh Rao,Chargesheeted
FIR202500829,FIR/0829/2025,PS0091,Bengaluru Rural,2025-06-06 12:17,2025-06-07 23:17,Cyber Crime,Identity Theft,"IT Act 66D, BNS 318(4)",13.065677,77.633498,P006047,P002962,P004734,PI Lakshmi Devi,Chargesheeted
FIR202503153,FIR/3153/2025,PS0015,Bagalkote,2025-06-08 01:34,2025-06-08 02:34,Fraud,Corporate Fraud,BNS 318(4),16.053158,75.688478,P000525,P002915,"P008413, P005463",PI Chetan Kumar,Under Investigation
FIR202504775,FIR/4775/2025,PS0122,Bengaluru Urban,2025-06-03 23:07,2025-06-08 03:07,Murder,Gang Conflict,BNS 103(1),13.125598,77.562388,P006076,P003310,P004932,PI Harish Naik,Closed
FIR202504437,FIR/4437/2025,PS0152,Bengaluru Urban,2025-06-07 22:18,2025-06-08 06:18,Cyber Crime,Phishing,"IT Act 66D, BNS 318(4)",12.989455,77.385733,P006015,P006054,P000131,SI Prakash Sharma,Chargesheeted
FIR202504667,FIR/4667/2025,PS0165,Bidar,2025-06-07 23:57,2025-06-08 07:57,Fraud,Cheating,BNS 318(4),18.039832,77.459706,P008038,P006968,P002983,PI Naveen Patil,Closed
FIR202502501,FIR/2501/2025,PS0152,Bengaluru Urban,2025-06-07 21:46,2025-06-08 08:46,Dacoity,Armed Dacoity,BNS 310(2),13.008629,77.399632,P003802,P000609,P004499,PI Suresh Kulkarni,Under Investigation
FIR202503913,FIR/3913/2025,PS0144,Bengaluru Urban,2025-06-08 05:00,2025-06-08 10:00,Cyber Crime,Financial Fraud,"IT Act 66D, BNS 318(4)",12.821667,77.563653,P005540,P005874,P004240,PI Naveen Patil,Chargesheeted
FIR202503077,FIR/3077/2025,PS0211,Chamarajanagar,2025-06-08 08:57,2025-06-08 12:57,Cyber Crime,Phishing,"IT Act 66D, BNS 318(4)",11.810371,77.082927,P006963,P001911,P007422,SI Ganesh Rao,Under Investigation
FIR202503399,FIR/3399/2025,PS0070,Bengaluru Rural,2025-06-05 10:58,2025-06-08 12:58,Cyber Crime,Financial Fraud,"IT Act 66D, BNS 318(4)",13.284072,77.766911,P003147,P006190,P001729,PI Naveen Patil,Under Investigation
FIR202503763,FIR/3763/2025,PS0010,Bagalkote,2025-06-04 13:06,2025-06-08 17:06,Cyber Crime,Financial Fraud,"IT Act 66D, BNS 318(4)",16.187329,75.809369,P000134,P009052,P006988,PI Ramesh Gowda,Closed
FIR202502875,FIR/2875/2025,PS0034,Ballari,2025-06-08 18:16,2025-06-08 20:16,Assault,Grievous Hurt,"BNS 115(2), BNS 117(2)",14.98753,77.084999,P006838,P003179,P000005,SI Divya Hegde,Under Investigation
FIR202503365,FIR/3365/2025,PS0015,Bagalkote,2025-06-08 15:14,2025-06-08 23:14,Murder,Personal Enmity,BNS 103(1),16.040815,75.689568,P002167,P008839,P007182,PI Lakshmi Devi,Chargesheeted
FIR202504365,FIR/4365/2025,PS0021,Bagalkote,2025-06-05 01:29,2025-06-09 04:29,Assault,Grievous Hurt,"BNS 115(2), BNS 117(2)",15.993689,75.530075,P007149,P002872,P003882,SI Ganesh Rao,Closed
FIR202503657,FIR/3657/2025,PS0121,Bengaluru Urban,2025-06-07 04:02,2025-06-09 08:02,Fraud,Corporate Fraud,BNS 318(4),13.091546,77.494095,P003334,P004594,P002955,PI Chetan Kumar,Chargesheeted
FIR202502080,FIR/2080/2025,PS0178,Bidar,2025-06-09 07:27,2025-06-09 12:27,Murder,Gang Conflict,BNS 103(1),17.897058,77.462796,P001964,P000971,P000101,SI Prakash Sharma,Under Investigation
FIR202504034,FIR/4034/2025,PS0005,Bagalkote,2025-06-09 12:02,2025-06-09 14:02,NDPS,Drug Trafficking,NDPS Act Sec 20(b),16.135294,75.599971,P008327,P004941,P004826,SI Prakash Sharma,Chargesheeted
FIR202500580,FIR/0580/2025,PS0001,Bagalkote,2025-06-08 09:40,2025-06-09 15:40,Assault,Simple Assault,"BNS 115(2), BNS 117(2)",16.188601,75.576322,P002735,P003941,P003888,SI Mahesh Bhat,Under Investigation
FIR202502780,FIR/2780/2025,PS0155,Bidar,2025-06-09 11:03,2025-06-09 16:03,Burglary,Night House Breaking,"BNS 331(3), BNS 331(4)",17.966437,77.340335,P006942,P005853,P002058,PI Harish Naik,Under Investigation
FIR202501420,FIR/1420/2025,PS0166,Bidar,2025-06-07 07:16,2025-06-09 18:16,Cyber Crime,Identity Theft,"IT Act 66D, BNS 318(4)",17.800241,77.510882,P000223,P002451,P009725,SI Ravi Kumar,Chargesheeted
FIR202502839,FIR/2839/2025,PS0224,Chamarajanagar,2025-06-08 14:49,2025-06-09 19:49,Assault,Public Affray,"BNS 115(2), BNS 117(2)",11.876357,76.800421,P006566,P003915,P001778,PI Lakshmi Devi,Under Investigation
FIR202503276,FIR/3276/2025,PS0141,Bengaluru Urban,2025-06-09 10:41,2025-06-09 20:41,Cyber Crime,Phishing,"IT Act 66D, BNS 318(4)",12.88488,77.401168,P007300,P002172,P002219,SI Mahesh Bhat,Chargesheeted
FIR202501331,FIR/1331/2025,PS0103,Bengaluru Rural,2025-06-09 12:10,2025-06-09 21:10,NDPS,Possession of Narcotics,NDPS Act Sec 20(b),13.346758,77.429012,P009300,P005725,P008860,PI Suresh Kulkarni,Chargesheeted
FIR202501521,FIR/1521/2025,PS0139,Bengaluru Urban,2025-06-09 18:07,2025-06-09 22:07,POCSO,Harassment,"POCSO Act Sec 4, BNS 64",12.819587,77.535295,P004731,P005876,P009208,PI Suresh Kulkarni,Untraced
FIR202502279,FIR/2279/2025,PS0116,Bengaluru Urban,2025-06-09 20:31,2025-06-10 02:31,Fraud,Corporate Fraud,BNS 318(4),12.998683,77.515993,P001916,P000381,P004656,PI Lakshmi Devi,Closed
FIR202500253,FIR/0253/2025,PS0116,Bengaluru Urban,2025-06-10 00:00,2025-06-10 03:00,Cyber Crime,Identity Theft,"IT Act 66D, BNS 318(4)",12.967134,77.524275,P004976,P001993,P008917,PI Lakshmi Devi,Chargesheeted
FIR202503686,FIR/3686/2025,PS0129,Bengaluru Urban,2025-06-07 21:34,2025-06-10 04:34,Cyber Crime,Financial Fraud,"IT Act 66D, BNS 318(4)",12.799695,77.779371,P001064,P009103,P009790,PI Suresh Kulkarni,Under Investigation
FIR202503351,FIR/3351/2025,PS0035,Ballari,2025-06-10 03:45,2025-06-10 05:45,Murder,Personal Enmity,BNS 103(1),15.239393,76.868802,P009841,P008967,P008923,PI Lakshmi Devi,Under Investigation
FIR202502296,FIR/2296/2025,PS0047,Belagavi,2025-06-06 01:09,2025-06-10 08:09,Murder,Dowry Homicide,BNS 103(1),15.956407,74.536881,P009844,P000597,P006217,PI Ramesh Gowda,Chargesheeted
FIR202503606,FIR/3606/2025,PS0219,Chamarajanagar,2025-06-10 01:41,2025-06-10 08:41,Dacoity,Bank Dacoity,BNS 310(2),11.857549,76.867683,P007990,P006820,P002392,PI Chetan Kumar,Under Investigation
FIR202500291,FIR/0291/2025,PS0226,Chamarajanagar,2025-06-07 05:45,2025-06-10 11:45,Dacoity,Armed Dacoity,BNS 310(2),11.748399,76.992449,P008922,P005038,P006175,PI Harish Naik,Chargesheeted
FIR202500187,FIR/0187/2025,PS0193,Chamarajanagar,2025-06-07 03:25,2025-06-10 15:25,Fraud,Land Scam,BNS 318(4),12.00787,76.861754,P006472,P002915,P004970,PI Ramesh Gowda,Under Investigation
FIR202502685,FIR/2685/2025,PS0090,Bengaluru Rural,2025-06-09 10:25,2025-06-10 17:25,NDPS,Possession of Narcotics,NDPS Act Sec 20(b),13.399651,77.459515,P009584,P001317,P009960,PI Lakshmi Devi,Under Investigation
FIR202501775,FIR/1775/2025,PS0246,Chikkaballapura,2025-06-09 15:19,2025-06-10 18:19,Fraud,Land Scam,BNS 318(4),13.460179,77.713718,P000653,P006707,P004282,PI Naveen Patil,Under Investigation
FIR202501085,FIR/1085/2025,PS0180,Bidar,2025-06-07 13:57,2025-06-10 19:57,Burglary,Day Burglary,"BNS 331(3), BNS 331(4)",18.056777,77.432827,P004026,P009346,P002064,PI Ramesh Gowda,Under Investigation
FIR202501033,FIR/1033/2025,PS0212,Chamarajanagar,2025-06-10 15:59,2025-06-10 23:59,Burglary,Night House Breaking,"BNS 331(3), BNS 331(4)",12.027931,76.85246,P005772,P001174,P003982,PI Ramesh Gowda,Under Investigation
FIR202502244,FIR/2244/2025,PS0187,Bidar,2025-06-10 16:34,2025-06-11 01:34,NDPS,Possession of Narcotics,NDPS Act Sec 20(b),17.957537,77.72281,P008585,P009210,P000026,SI Divya Hegde,Chargesheeted
FIR202500290,FIR/0290/2025,PS0247,Chikkaballapura,2025-06-11 06:14,2025-06-11 09:14,Assault,Simple Assault,"BNS 115(2), BNS 117(2)",13.483948,77.870864,P003237,P007853,P004573,SI Prakash Sharma,Chargesheeted
FIR202501456,FIR/1456/2025,PS0146,Bengaluru Urban,2025-06-08 04:49,2025-06-11 09:49,Cyber Crime,Phishing,"IT Act 66D, BNS 318(4)",12.934176,77.756215,P008571,P006451,P007982,PI Ramesh Gowda,Chargesheeted
FIR202500723,FIR/0723/2025,PS0066,Belagavi,2025-06-10 00:22,2025-06-11 10:22,Fraud,Corporate Fraud,BNS 318(4),15.950435,74.611574,P002448,P006511,P008086,PI Ramesh Gowda,Untraced
FIR202500239,FIR/0239/2025,PS0017,Bagalkote,2025-06-11 06:20,2025-06-11 11:20,Robbery,Chain Snatching with Force,BNS 309(4),16.273533,75.561363,P005571,P007693,P003014,SI Prakash Sharma,Untraced
FIR202501892,FIR/1892/2025,PS0164,Bidar,2025-06-10 04:36,2025-06-11 12:36,Vehicle Theft,Car Theft,BNS 303(2),17.962775,77.441856,P003102,P005718,P007903,PI Chetan Kumar,Chargesheeted
FIR202501241,FIR/1241/2025,PS0006,Bagalkote,2025-06-11 11:21,2025-06-11 15:21,Fraud,Cheating,BNS 318(4),16.391961,75.768222,P006904,P004483,P007959,SI Prakash Sharma,Under Investigation
FIR202501563,FIR/1563/2025,PS0141,Bengaluru Urban,2025-06-10 14:58,2025-06-11 17:58,Cyber Crime,Financial Fraud,"IT Act 66D, BNS 318(4)",12.849951,77.41623,P000018,P000529,P009945,PI Ramesh Gowda,Chargesheeted
FIR202501630,FIR/1630/2025,PS0236,Chikkaballapura,2025-06-11 20:05,2025-06-11 21:05,Assault,Simple Assault,"BNS 115(2), BNS 117(2)",13.622135,77.938339,P004751,P007787,P008742,SI Mahesh Bhat,Chargesheeted
FIR202500890,FIR/0890/2025,PS0050,Belagavi,2025-06-08 22:44,2025-06-11 23:44,NDPS,Possession of Narcotics,NDPS Act Sec 20(b),15.704288,74.30276,P009691,P000075,P001635,PI Chetan Kumar,Chargesheeted
FIR202502969,FIR/2969/2025,PS0196,Chamarajanagar,2025-06-11 14:05,2025-06-12 00:05,Assault,Simple Assault,"BNS 115(2), BNS 117(2)",11.994461,76.954176,P001769,P002432,P006642,PI Harish Naik,Chargesheeted
FIR202502597,FIR/2597/2025,PS0119,Bengaluru Urban,2025-06-11 23:22,2025-06-12 01:22,Theft,Pocket Pick,BNS 303(2),12.826173,77.76706,P003695,P002302,P005024,PI Suresh Kulkarni,Closed
FIR202503675,FIR/3675/2025,PS0169,Bidar,2025-06-10 14:23,2025-06-12 01:23,Cyber Crime,Phishing,"IT Act 66D, BNS 318(4)",17.99518,77.702524,P002107,P006989,P005774,PI Naveen Patil,Under Investigation
FIR202501308,FIR/1308/2025,PS0236,Chikkaballapura,2025-06-10 21:01,2025-06-12 06:01,Theft,Pocket Pick,BNS 303(2),13.631764,77.919842,P000250,P001810,P009165,PI Suresh Kulkarni,Closed
FIR202504730,FIR/4730/2025,PS0119,Bengaluru Urban,2025-06-11 05:05,2025-06-12 06:05,Vehicle Theft,Two-Wheeler Theft,BNS 303(2),12.821844,77.784302,P004014,P009304,P002813,SI Divya Hegde,Under Investigation
FIR202504512,FIR/4512/2025,PS0249,Chikkaballapura,2025-06-11 19:02,2025-06-12 07:02,Assault,Simple Assault,"BNS 115(2), BNS 117(2)",13.467093,77.53145,P006230,P002218,P007527,SI Mahesh Bhat,Under Investigation
FIR202504347,FIR/4347/2025,PS0207,Chamarajanagar,2025-06-11 23:48,2025-06-12 08:48,Assault,Public Affray,"BNS 115(2), BNS 117(2)",12.091152,77.110887,P001880,P006218,P009082,SI Ravi Kumar,Chargesheeted
FIR202500494,FIR/0494/2025,PS0230,Chamarajanagar,2025-06-11 06:42,2025-06-12 10:42,NDPS,Possession of Narcotics,NDPS Act Sec 20(b),11.739599,77.043782,P009737,P002651,P003204,SI Prakash Sharma,Chargesheeted
FIR202504518,FIR/4518/2025,PS0027,Ballari,2025-06-11 23:07,2025-06-12 11:07,Vehicle Theft,Car Theft,BNS 303(2),15.030218,77.081027,P009785,P001571,P002902,SI Divya Hegde,Under Investigation
FIR202502490,FIR/2490/2025,PS0089,Bengaluru Rural,2025-06-07 14:00,2025-06-12 15:00,Burglary,Day Burglary,"BNS 331(3), BNS 331(4)",13.357374,77.595337,P003532,P006561,P006176,PI Lakshmi Devi,Chargesheeted
FIR202501921,FIR/1921/2025,PS0200,Chamarajanagar,2025-06-12 05:50,2025-06-12 15:50,Cyber Crime,Identity Theft,"IT Act 66D, BNS 318(4)",11.797277,77.010377,P007340,P003695,P004246,PI Suresh Kulkarni,Under Investigation
FIR202500319,FIR/0319/2025,PS0133,Bengaluru Urban,2025-06-11 15:44,2025-06-12 21:44,Murder,Gang Conflict,BNS 103(1),13.011251,77.516836,P003959,P007648,P008390,SI Ravi Kumar,Chargesheeted
FIR202502313,FIR/2313/2025,PS0111,Bengaluru Urban,2025-06-11 13:45,2025-06-12 21:45,Dacoity,Armed Dacoity,BNS 310(2),12.767087,77.545986,P006614,P004076,"P008648, P002325",SI Mahesh Bhat,Under Investigation
FIR202501412,FIR/1412/2025,PS0098,Bengaluru Rural,2025-06-12 14:25,2025-06-13 00:25,Vehicle Theft,Two-Wheeler Theft,BNS 303(2),13.289023,77.720078,P006310,P007264,P009340,PI Naveen Patil,Chargesheeted
FIR202503249,FIR/3249/2025,PS0199,Chamarajanagar,2025-06-12 22:57,2025-06-13 03:57,Robbery,Chain Snatching with Force,BNS 309(4),11.871901,77.051358,P004579,P000358,P007802,SI Prakash Sharma,Chargesheeted
FIR202502376,FIR/2376/2025,PS0031,Ballari,2025-06-07 16:54,2025-06-13 04:54,POCSO,Sexual Assault on Minor,"POCSO Act Sec 4, BNS 64",14.997668,77.095925,P001360,P006036,P000889,SI Prakash Sharma,Under Investigation
FIR202501706,FIR/1706/2025,PS0090,Bengaluru Rural,2025-06-11 02:50,2025-06-13 06:50,Cyber Crime,Identity Theft,"IT Act 66D, BNS 318(4)",13.416035,77.49437,P003579,P009315,P000505,SI Mahesh Bhat,Chargesheeted
FIR202500966,FIR/0966/2025,PS0231,Chamarajanagar,2025-06-13 05:55,2025-06-13 06:55,Robbery,Highway Robbery,BNS 309(4),11.968706,77.011708,P005129,P000728,P008479,PI Chetan Kumar,Closed
FIR202503523,FIR/3523/2025,PS0124,Bengaluru Urban,2025-06-12 19:57,2025-06-13 06:57,Cyber Crime,Phishing,"IT Act 66D, BNS 318(4)",13.076628,77.656988,P001424,P000348,P001203,PI Ramesh Gowda,Untraced
FIR202502293,FIR/2293/2025,PS0191,Bidar,2025-06-12 07:58,2025-06-13 08:58,NDPS,Drug Trafficking,NDPS Act Sec 20(b),17.921635,77.398324,P003941,P007892,P004664,SI Divya Hegde,Chargesheeted
FIR202502616,FIR/2616/2025,PS0242,Chikkaballapura,2025-06-11 21:48,2025-06-13 09:48,Vehicle Theft,Two-Wheeler Theft,BNS 303(2),13.27118,77.870022,P009010,P006746,P004536,PI Chetan Kumar,Untraced
FIR202501440,FIR/1440/2025,PS0173,Bidar,2025-06-08 05:15,2025-06-13 10:15,Assault,Grievous Hurt,"BNS 115(2), BNS 117(2)",17.746998,77.599958,P004567,P009390,P007257,SI Ravi Kumar,Under Investigation
FIR202504123,FIR/4123/2025,PS0030,Ballari,2025-06-11 01:19,2025-06-13 13:19,Murder,Gang Conflict,BNS 103(1),15.17447,76.843606,P002546,P000643,"P007861, P008692",SI Ganesh Rao,Chargesheeted
FIR202503338,FIR/3338/2025,PS0111,Bengaluru Urban,2025-06-13 10:42,2025-06-13 15:42,Cyber Crime,Phishing,"IT Act 66D, BNS 318(4)",12.771138,77.539646,P001032,P003734,P007204,PI Harish Naik,Under Investigation
FIR202500124,FIR/0124/2025,PS0155,Bidar,2025-06-13 05:22,2025-06-13 16:22,Assault,Public Affray,"BNS 115(2), BNS 117(2)",17.947939,77.337563,P000899,P003727,P006248,SI Ganesh Rao,Chargesheeted
FIR202502104,FIR/2104/2025,PS0016,Bagalkote,2025-06-12 18:53,2025-06-13 21:53,Burglary,Day Burglary,"BNS 331(3), BNS 331(4)",15.971661,75.660073,P001339,P009687,P001230,PI Naveen Patil,Under Investigation
FIR202504726,FIR/4726/2025,PS0229,Chamarajanagar,2025-06-13 02:14,2025-06-14 06:14,Theft,House Theft,BNS 303(2),12.062761,77.028126,P003929,P001964,P006412,SI Ganesh Rao,Under Investigation
FIR202500964,FIR/0964/2025,PS0210,Chamarajanagar,2025-06-11 00:26,2025-06-14 09:26,Robbery,Highway Robbery,BNS 309(4),12.012325,76.807749,P001635,P005064,P008650,SI Divya Hegde,Chargesheeted
FIR202504037,FIR/4037/2025,PS0179,Bidar,2025-06-13 03:26,2025-06-14 10:26,Vehicle Theft,Car Theft,BNS 303(2),18.090966,77.395494,P004939,P009579,P008347,PI Naveen Patil,Chargesheeted
FIR202502474,FIR/2474/2025,PS0160,Bidar,2025-06-14 01:45,2025-06-14 10:45,Assault,Simple Assault,"BNS 115(2), BNS 117(2)",17.884892,77.371142,P004878,P007498,P002219,SI Prakash Sharma,Chargesheeted
FIR202500724,FIR/0724/2025,PS0074,Bengaluru Rural,2025-06-13 08:49,2025-06-14 11:49,NDPS,Possession of Narcotics,NDPS Act Sec 20(b),13.178147,77.561168,P003622,P006100,"P003400, P003811",PI Lakshmi Devi,Chargesheeted
FIR202502503,FIR/2503/2025,PS0234,Chamarajanagar,2025-06-14 05:40,2025-06-14 13:40,Burglary,Day Burglary,"BNS 331(3), BNS 331(4)",12.015553,76.847901,P003945,P007143,P007100,PI Lakshmi Devi,Under Investigation
FIR202504169,FIR/4169/2025,PS0184,Bidar,2025-06-14 08:08,2025-06-14 14:08,Dacoity,Bank Dacoity,BNS 310(2),17.904528,77.605183,P005372,P000091,P002144,PI Naveen Patil,Chargesheeted
FIR202503728,FIR/3728/2025,PS0242,Chikkaballapura,2025-06-12 05:40,2025-06-14 16:40,Robbery,Highway Robbery,BNS 309(4),13.29574,77.855051,P002495,P004429,P006065,PI Suresh Kulkarni,Chargesheeted
FIR202502574,FIR/2574/2025,PS0182,Bidar,2025-06-14 15:12,2025-06-14 17:12,Vehicle Theft,Car Theft,BNS 303(2),17.911231,77.687283,P009289,P009626,P009087,SI Divya Hegde,Chargesheeted
FIR202502669,FIR/2669/2025,PS0075,Bengaluru Rural,2025-06-09 08:31,2025-06-14 17:31,Cyber Crime,Identity Theft,"IT Act 66D, BNS 318(4)",13.196813,77.537925,P006328,P001464,P004290,PI Ramesh Gowda,Chargesheeted
FIR202503540,FIR/3540/2025,PS0219,Chamarajanagar,2025-06-10 10:37,2025-06-14 20:37,Burglary,Day Burglary,"BNS 331(3), BNS 331(4)",11.856575,76.898219,P005587,P009447,P009440,PI Naveen Patil,Chargesheeted
FIR202503260,FIR/3260/2025,PS0119,Bengaluru Urban,2025-06-14 17:55,2025-06-14 21:55,Cyber Crime,Identity Theft,"IT Act 66D, BNS 318(4)",12.806648,77.79068,P007285,P003475,P002155,SI Ravi Kumar,Chargesheeted
FIR202503253,FIR/3253/2025,PS0185,Bidar,2025-06-12 12:15,2025-06-15 00:15,Murder,Personal Enmity,BNS 103(1),17.883593,77.506825,P006748,P003556,P003890,PI Lakshmi Devi,Closed
FIR202501328,FIR/1328/2025,PS0230,Chamarajanagar,2025-06-14 15:37,2025-06-15 01:37,Burglary,Day Burglary,"BNS 331(3), BNS 331(4)",11.746759,77.057723,P008314,P004643,P008749,PI Harish Naik,Chargesheeted
FIR202501376,FIR/1376/2025,PS0060,Belagavi,2025-06-14 15:30,2025-06-15 03:30,Theft,Snatching,BNS 303(2),16.023111,74.540696,P005666,P005601,P009670,PI Lakshmi Devi,Chargesheeted
FIR202503265,FIR/3265/2025,PS0248,Chikkaballapura,2025-06-11 03:28,2025-06-15 05:28,Cyber Crime,Financial Fraud,"IT Act 66D, BNS 318(4)",13.250488,77.794176,P004372,P005400,P004100,PI Ramesh Gowda,Under Investigation
FIR202503324,FIR/3324/2025,PS0076,Bengaluru Rural,2025-06-12 23:05,2025-06-15 06:05,Robbery,Chain Snatching with Force,BNS 309(4),13.30508,77.745085,P005756,P005753,P008529,SI Ganesh Rao,Chargesheeted
FIR202503449,FIR/3449/2025,PS0189,Bidar,2025-06-14 02:14,2025-06-15 06:14,Murder,Personal Enmity,BNS 103(1),17.918132,77.369373,P009836,P001404,P003274,PI Lakshmi Devi,Under Investigation
FIR202500383,FIR/0383/2025,PS0243,Chikkaballapura,2025-06-15 03:57,2025-06-15 10:57,Vehicle Theft,Two-Wheeler Theft,BNS 303(2),13.416892,77.890494,P007034,P007349,P008969,SI Divya Hegde,Under Investigation
FIR202501727,FIR/1727/2025,PS0237,Chikkaballapura,2025-06-15 02:21,2025-06-15 11:21,Dacoity,Bank Dacoity,BNS 310(2),13.356812,77.661908,P004593,P006440,P001941,PI Naveen Patil,Chargesheeted
FIR202502718,FIR/2718/2025,PS0227,Chamarajanagar,2025-06-15 06:07,2025-06-15 15:07,Assault,Grievous Hurt,"BNS 115(2), BNS 117(2)",11.894049,76.90411,P009028,P005513,P000907,PI Lakshmi Devi,Chargesheeted
FIR202501519,FIR/1519/2025,PS0226,Chamarajanagar,2025-06-14 09:28,2025-06-15 16:28,Burglary,Night House Breaking,"BNS 331(3), BNS 331(4)",11.76826,77.024738,P008260,P004227,P005138,SI Divya Hegde,Under Investigation
FIR202500655,FIR/0655/2025,PS0164,Bidar,2025-06-15 12:20,2025-06-15 17:20,Assault,Public Affray,"BNS 115(2), BNS 117(2)",17.940297,77.447665,P001735,P004845,P000690,PI Suresh Kulkarni,Chargesheeted
FIR202502140,FIR/2140/2025,PS0122,Bengaluru Urban,2025-06-13 13:22,2025-06-15 22:22,NDPS,Drug Trafficking,NDPS Act Sec 20(b),13.124112,77.555788,P002850,P006958,P001571,PI Chetan Kumar,Under Investigation
FIR202502309,FIR/2309/2025,PS0109,Bengaluru Rural,2025-06-15 22:26,2025-06-16 00:26,Murder,Personal Enmity,BNS 103(1),13.092163,77.584537,P008217,P005897,P006457,SI Divya Hegde,Under Investigation
FIR202501404,FIR/1404/2025,PS0059,Belagavi,2025-06-15 20:32,2025-06-16 02:32,Fraud,Land Scam,BNS 318(4),15.819964,74.534551,P005832,P009059,P001539,PI Lakshmi Devi,Untraced
FIR202504087,FIR/4087/2025,PS0067,Belagavi,2025-06-16 04:33,2025-06-16 06:33,Assault,Simple Assault,"BNS 115(2), BNS 117(2)",15.846412,74.685883,P003656,P004794,P002345,PI Suresh Kulkarni,Under Investigation
FIR202500436,FIR/0436/2025,PS0085,Bengaluru Rural,2025-06-16 02:41,2025-06-16 10:41,POCSO,Sexual Assault on Minor,"POCSO Act Sec 4, BNS 64",13.097912,77.412477,P004817,P003602,P007816,PI Harish Naik,Chargesheeted
FIR202503883,FIR/3883/2025,PS0098,Bengaluru Rural,2025-06-13 08:41,2025-06-16 12:41,Assault,Grievous Hurt,"BNS 115(2), BNS 117(2)",13.293363,77.749713,P002575,P008114,P000473,PI Harish Naik,Chargesheeted
FIR202501537,FIR/1537/2025,PS0080,Bengaluru Rural,2025-06-11 09:43,2025-06-16 12:43,Dacoity,Armed Dacoity,BNS 310(2),13.365041,77.577976,P007675,P008200,P008453,PI Suresh Kulkarni,Chargesheeted
FIR202500301,FIR/0301/2025,PS0149,Bengaluru Urban,2025-06-15 13:47,2025-06-16 14:47,Cyber Crime,Financial Fraud,"IT Act 66D, BNS 318(4)",13.072958,77.470923,P008133,P005401,P005930,SI Prakash Sharma,Chargesheeted
FIR202503051,FIR/3051/2025,PS0058,Belagavi,2025-06-15 09:34,2025-06-16 15:34,NDPS,Drug Trafficking,NDPS Act Sec 20(b),15.716612,74.378746,P004995,P000575,P007463,SI Ravi Kumar,Under Investigation
FIR202503464,FIR/3464/2025,PS0154,Bidar,2025-06-15 15:20,2025-06-16 16:20,Robbery,Highway Robbery,BNS 309(4),17.902051,77.419575,P001665,P000861,P000457,PI Naveen Patil,Chargesheeted
FIR202503092,FIR/3092/2025,PS0166,Bidar,2025-06-16 10:51,2025-06-16 20:51,Assault,Simple Assault,"BNS 115(2), BNS 117(2)",17.820694,77.486973,P004090,P008064,P001921,SI Ravi Kumar,Under Investigation
FIR202501422,FIR/1422/2025,PS0177,Bidar,2025-06-16 15:35,2025-06-16 23:35,Assault,Simple Assault,"BNS 115(2), BNS 117(2)",18.035249,77.33272,P008393,P002310,P002747,PI Suresh Kulkarni,Chargesheeted
FIR202504582,FIR/4582/2025,PS0212,Chamarajanagar,2025-06-16 17:44,2025-06-16 23:44,Vehicle Theft,Two-Wheeler Theft,BNS 303(2),12.022034,76.835735,P002883,P008035,P006897,PI Suresh Kulkarni,Chargesheeted
FIR202503596,FIR/3596/2025,PS0130,Bengaluru Urban,2025-06-16 22:20,2025-06-17 00:20,Murder,Dowry Homicide,BNS 103(1),13.100719,77.469883,P008796,P009752,"P007388, P004799",PI Chetan Kumar,Under Investigation
FIR202504508,FIR/4508/2025,PS0016,Bagalkote,2025-06-15 20:11,2025-06-17 03:11,Assault,Grievous Hurt,"BNS 115(2), BNS 117(2)",15.976646,75.662626,P001481,P005447,"P000884, P002385",SI Ganesh Rao,Under Investigation
FIR202503015,FIR/3015/2025,PS0241,Chikkaballapura,2025-06-15 15:49,2025-06-17 03:49,Vehicle Theft,Car Theft,BNS 303(2),13.272419,77.908358,P003364,P009436,P008948,SI Ravi Kumar,Chargesheeted
FIR202501177,FIR/1177/2025,PS0211,Chamarajanagar,2025-06-16 19:05,2025-06-17 06:05,Vehicle Theft,Two-Wheeler Theft,BNS 303(2),11.837461,77.090018,P001447,P002077,P006260,SI Divya Hegde,Chargesheeted
FIR202501363,FIR/1363/2025,PS0153,Bidar,2025-06-16 00:46,2025-06-17 06:46,Murder,Gang Conflict,BNS 103(1),17.739102,77.333694,P003880,P006781,P000363,SI Prakash Sharma,Chargesheeted
FIR202502040,FIR/2040/2025,PS0054,Belagavi,2025-06-16 04:26,2025-06-17 07:26,NDPS,Drug Trafficking,NDPS Act Sec 20(b),15.922358,74.681907,P002137,P004452,P007525,PI Chetan Kumar,Under Investigation
FIR202502462,FIR/2462/2025,PS0241,Chikkaballapura,2025-06-17 01:17,2025-06-17 08:17,Fraud,Corporate Fraud,BNS 318(4),13.27704,77.921496,P001297,P008127,P005163,PI Harish Naik,Chargesheeted
FIR202501691,FIR/1691/2025,PS0016,Bagalkote,2025-06-16 02:24,2025-06-17 08:24,POCSO,Harassment,"POCSO Act Sec 4, BNS 64",15.995506,75.643377,P001592,P002207,P005092,SI Mahesh Bhat,Chargesheeted
FIR202502679,FIR/2679/2025,PS0009,Bagalkote,2025-06-17 07:30,2025-06-17 08:30,Dacoity,Bank Dacoity,BNS 310(2),16.079958,75.747635,P002259,P002464,P004562,SI Mahesh Bhat,Chargesheeted
FIR202503734,FIR/3734/2025,PS0243,Chikkaballapura,2025-06-17 00:45,2025-06-17 08:45,Vehicle Theft,Car Theft,BNS 303(2),13.434844,77.878153,P002626,P004031,P009958,SI Ganesh Rao,Under Investigation
FIR202504556,FIR/4556/2025,PS0235,Chikkaballapura,2025-06-17 04:48,2025-06-17 08:48,NDPS,Drug Trafficking,NDPS Act Sec 20(b),13.276735,77.563414,P003276,P002065,P006020,SI Ganesh Rao,Chargesheeted
FIR202501103,FIR/1103/2025,PS0103,Bengaluru Rural,2025-06-17 00:06,2025-06-17 09:06,POCSO,Sexual Assault on Minor,"POCSO Act Sec 4, BNS 64",13.327973,77.431269,P008458,P001973,P009992,SI Ganesh Rao,Under Investigation
FIR202503701,FIR/3701/2025,PS0193,Chamarajanagar,2025-06-17 11:00,2025-06-17 12:00,Robbery,Highway Robbery,BNS 309(4),11.988537,76.848864,P004344,P001848,P007760,SI Ravi Kumar,Chargesheeted
FIR202501515,FIR/1515/2025,PS0206,Chamarajanagar,2025-06-17 11:49,2025-06-17 12:49,Burglary,Night House Breaking,"BNS 331(3), BNS 331(4)",11.831856,77.122867,P006033,P007371,P006923,PI Chetan Kumar,Under Investigation
FIR202502636,FIR/2636/2025,PS0098,Bengaluru Rural,2025-06-16 08:36,2025-06-17 16:36,Burglary,Day Burglary,"BNS 331(3), BNS 331(4)",13.277102,77.726318,P009215,P000993,P001743,SI Prakash Sharma,Under Investigation
FIR202502557,FIR/2557/2025,PS0114,Bengaluru Urban,2025-06-17 15:18,2025-06-17 21:18,Fraud,Corporate Fraud,BNS 318(4),12.958681,77.746382,P005883,P004349,P006482,SI Ganesh Rao,Chargesheeted
FIR202503624,FIR/3624/2025,PS0232,Chamarajanagar,2025-06-17 17:40,2025-06-17 22:40,Assault,Grievous Hurt,"BNS 115(2), BNS 117(2)",11.772335,76.89663,P002327,P005366,P007367,SI Ganesh Rao,Untraced
FIR202501601,FIR/1601/2025,PS0124,Bengaluru Urban,2025-06-17 21:06,2025-06-17 23:06,Vehicle Theft,Car Theft,BNS 303(2),13.089768,77.661298,P006307,P003940,P008431,PI Suresh Kulkarni,Chargesheeted
FIR202504545,FIR/4545/2025,PS0201,Chamarajanagar,2025-06-15 15:43,2025-06-18 01:43,Dacoity,Bank Dacoity,BNS 310(2),12.000516,76.822414,P003166,P003052,P006705,SI Divya Hegde,Under Investigation
FIR202503602,FIR/3602/2025,PS0083,Bengaluru Rural,2025-06-17 22:58,2025-06-18 03:58,Fraud,Land Scam,BNS 318(4),13.276135,77.558468,P001262,P000215,P007701,PI Naveen Patil,Chargesheeted
FIR202504723,FIR/4723/2025,PS0003,Bagalkote,2025-06-14 19:51,2025-06-18 04:51,Assault,Simple Assault,"BNS 115(2), BNS 117(2)",16.315271,75.864553,P006705,P009284,P001668,SI Mahesh Bhat,Chargesheeted
FIR202504557,FIR/4557/2025,PS0088,Bengaluru Rural,2025-06-15 22:57,2025-06-18 04:57,Dacoity,Armed Dacoity,BNS 310(2),13.029735,77.392585,P003288,P007260,P009827,PI Harish Naik,Untraced
FIR202504660,FIR/4660/2025,PS0022,Bagalkote,2025-06-17 23:21,2025-06-18 05:21,Vehicle Theft,Two-Wheeler Theft,BNS 303(2),16.259737,75.601901,P006614,P008388,P004523,SI Ravi Kumar,Untraced
FIR202502185,FIR/2185/2025,PS0170,Bidar,2025-06-16 19:11,2025-06-18 06:11,Murder,Gang Conflict,BNS 103(1),17.897487,77.389781,P009122,P003735,"P000736, P007782",PI Naveen Patil,Under Investigation
FIR202501271,FIR/1271/2025,PS0024,Bagalkote,2025-06-18 02:42,2025-06-18 09:42,Fraud,Land Scam,BNS 318(4),16.386274,75.511576,P004063,P000160,"P009114, P002299",SI Divya Hegde,Untraced
FIR202502300,FIR/2300/2025,PS0237,Chikkaballapura,2025-06-18 07:22,2025-06-18 10:22,Assault,Public Affray,"BNS 115(2), BNS 117(2)",13.350355,77.645048,P001427,P004637,P009191,SI Mahesh Bhat,Chargesheeted
FIR202502888,FIR/2888/2025,PS0106,Bengaluru Rural,2025-06-18 05:47,2025-06-18 11:47,POCSO,Sexual Assault on Minor,"POCSO Act Sec 4, BNS 64",13.306968,77.520404,P004574,P000458,P002445,SI Ganesh Rao,Untraced
FIR202502337,FIR/2337/2025,PS0122,Bengaluru Urban,2025-06-14 05:52,2025-06-18 11:52,NDPS,Drug Trafficking,NDPS Act Sec 20(b),13.125988,77.542896,P003537,P009594,P008203,PI Lakshmi Devi,Chargesheeted
FIR202501924,FIR/1924/2025,PS0218,Chamarajanagar,2025-06-18 02:15,2025-06-18 13:15,NDPS,Possession of Narcotics,NDPS Act Sec 20(b),11.870323,77.039068,P002948,P006696,P004755,PI Naveen Patil,Chargesheeted
FIR202502196,FIR/2196/2025,PS0200,Chamarajanagar,2025-06-18 03:36,2025-06-18 13:36,Dacoity,Armed Dacoity,BNS 310(2),11.811241,77.033736,P008575,P000954,P009544,SI Prakash Sharma,Chargesheeted
FIR202503846,FIR/3846/2025,PS0168,Bidar,2025-06-17 07:39,2025-06-18 13:39,Cyber Crime,Financial Fraud,"IT Act 66D, BNS 318(4)",17.709244,77.678601,P005988,P000899,P009378,PI Harish Naik,Closed
FIR202504706,FIR/4706/2025,PS0107,Bengaluru Rural,2025-06-18 07:06,2025-06-18 15:06,Theft,Snatching,BNS 303(2),13.13565,77.436567,P002534,P003103,"P007197, P008302",PI Naveen Patil,Chargesheeted
FIR202503156,FIR/3156/2025,PS0218,Chamarajanagar,2025-06-17 08:20,2025-06-18 16:20,Fraud,Land Scam,BNS 318(4),11.850497,77.021506,P002883,P005241,"P001925, P004340",PI Chetan Kumar,Chargesheeted
FIR202503250,FIR/3250/2025,PS0192,Bidar,2025-06-15 14:36,2025-06-18 17:36,POCSO,Sexual Assault on Minor,"POCSO Act Sec 4, BNS 64",17.985942,77.326664,P003294,P004996,P003048,PI Suresh Kulkarni,Chargesheeted
FIR202503368,FIR/3368/2025,PS0117,Bengaluru Urban,2025-06-18 17:37,2025-06-18 19:37,Cyber Crime,Identity Theft,"IT Act 66D, BNS 318(4)",13.136711,77.798596,P000753,P002979,P005530,SI Mahesh Bhat,Chargesheeted
FIR202500373,FIR/0373/2025,PS0159,Bidar,2025-06-17 17:40,2025-06-18 21:40,Assault,Public Affray,"BNS 115(2), BNS 117(2)",18.038471,77.476533,P007263,P008381,P001691,PI Harish Naik,Chargesheeted
FIR202502078,FIR/2078/2025,PS0164,Bidar,2025-06-17 19:07,2025-06-19 02:07,Murder,Gang Conflict,BNS 103(1),17.96225,77.443033,P003417,P008074,P000702,SI Prakash Sharma,Chargesheeted
FIR202502180,FIR/2180/2025,PS0064,Belagavi,2025-06-19 01:38,2025-06-19 06:38,Theft,Pocket Pick,BNS 303(2),15.910432,74.314579,P004138,P004257,"P001295, P005851",PI Suresh Kulkarni,Under Investigation
FIR202503999,FIR/3999/2025,PS0060,Belagavi,2025-06-17 00:08,2025-06-19 07:08,Theft,House Theft,BNS 303(2),16.002762,74.543155,P004296,P007825,P008560,PI Lakshmi Devi,Under Investigation
FIR202503641,FIR/3641/2025,PS0173,Bidar,2025-06-19 04:19,2025-06-19 14:19,Assault,Simple Assault,"BNS 115(2), BNS 117(2)",17.748347,77.602339,P000067,P001142,P005966,SI Divya Hegde,Under Investigation
FIR202502582,FIR/2582/2025,PS0111,Bengaluru Urban,2025-06-18 02:34,2025-06-19 14:34,NDPS,Possession of Narcotics,NDPS Act Sec 20(b),12.790891,77.575322,P005700,P001756,P009937,SI Prakash Sharma,Chargesheeted
FIR202504188,FIR/4188/2025,PS0205,Chamarajanagar,2025-06-19 08:50,2025-06-19 15:50,Vehicle Theft,Two-Wheeler Theft,BNS 303(2),11.950831,76.800664,P008740,P002236,P008848,SI Mahesh Bhat,Chargesheeted
FIR202500922,FIR/0922/2025,PS0159,Bidar,2025-06-18 16:03,2025-06-19 19:03,Dacoity,Bank Dacoity,BNS 310(2),18.047439,77.493568,P009770,P001481,P008860,SI Ganesh Rao,Untraced
FIR202501167,FIR/1167/2025,PS0046,Belagavi,2025-06-19 14:26,2025-06-19 22:26,Dacoity,Armed Dacoity,BNS 310(2),15.765758,74.512823,P001046,P003882,P006809,PI Ramesh Gowda,Chargesheeted
FIR202502879,FIR/2879/2025,PS0043,Ballari,2025-06-19 18:56,2025-06-20 04:56,Assault,Public Affray,"BNS 115(2), BNS 117(2)",14.965715,77.003809,P004817,P004804,P003926,PI Naveen Patil,Chargesheeted
FIR202504993,FIR/4993/2025,PS0097,Bengaluru Rural,2025-06-20 02:38,2025-06-20 07:38,Dacoity,Bank Dacoity,BNS 310(2),13.107673,77.494543,P009158,P008359,P006822,PI Ramesh Gowda,Under Investigation
FIR202502881,FIR/2881/2025,PS0138,Bengaluru Urban,2025-06-20 06:15,2025-06-20 08:15,Cyber Crime,Identity Theft,"IT Act 66D, BNS 318(4)",13.148832,77.455285,P009615,P004819,"P009352, P003554",SI Divya Hegde,Untraced
FIR202503100,FIR/3100/2025,PS0224,Chamarajanagar,2025-06-20 01:50,2025-06-20 09:50,Fraud,Corporate Fraud,BNS 318(4),11.843319,76.806073,P009452,P009177,P009321,SI Ganesh Rao,Under Investigation
FIR202504961,FIR/4961/2025,PS0090,Bengaluru Rural,2025-06-20 02:17,2025-06-20 11:17,Burglary,Night House Breaking,"BNS 331(3), BNS 331(4)",13.414403,77.490702,P009857,P009151,P006142,SI Ravi Kumar,Chargesheeted
FIR202501403,FIR/1403/2025,PS0199,Chamarajanagar,2025-06-20 09:13,2025-06-20 16:13,Vehicle Theft,Two-Wheeler Theft,BNS 303(2),11.850839,77.041022,P008523,P008013,P000886,PI Lakshmi Devi,Chargesheeted
FIR202504825,FIR/4825/2025,PS0056,Belagavi,2025-06-20 12:21,2025-06-20 17:21,Cyber Crime,Financial Fraud,"IT Act 66D, BNS 318(4)",15.77771,74.602154,P008186,P000634,"P007530, P004941",PI Harish Naik,Closed
FIR202501095,FIR/1095/2025,PS0054,Belagavi,2025-06-19 18:41,2025-06-20 20:41,Theft,House Theft,BNS 303(2),15.91496,74.675501,P004559,P007093,P009631,PI Harish Naik,Chargesheeted
FIR202502039,FIR/2039/2025,PS0136,Bengaluru Urban,2025-06-19 10:55,2025-06-20 20:55,Assault,Simple Assault,"BNS 115(2), BNS 117(2)",12.819492,77.617532,P004597,P001877,P002789,SI Ganesh Rao,Under Investigation
FIR202502003,FIR/2003/2025,PS0087,Bengaluru Rural,2025-06-20 16:35,2025-06-21 01:35,Robbery,Highway Robbery,BNS 309(4),13.132274,77.538071,P004888,P001555,P000306,SI Ganesh Rao,Under Investigation
FIR202501883,FIR/1883/2025,PS0196,Chamarajanagar,2025-06-20 17:09,2025-06-21 02:09,Burglary,Night House Breaking,"BNS 331(3), BNS 331(4)",12.005918,76.961059,P001413,P007106,P009433,SI Ganesh Rao,Under Investigation
FIR202501003,FIR/1003/2025,PS0151,Bengaluru Urban,2025-06-18 17:28,2025-06-21 03:28,Dacoity,Bank Dacoity,BNS 310(2),12.89018,77.449927,P003330,P007826,P000542,SI Ravi Kumar,Chargesheeted
FIR202500146,FIR/0146/2025,PS0188,Bidar,2025-06-19 19:03,2025-06-21 06:03,NDPS,Possession of Narcotics,NDPS Act Sec 20(b),17.945467,77.70735,P006402,P009802,P001636,SI Prakash Sharma,Chargesheeted
FIR202501668,FIR/1668/2025,PS0155,Bidar,2025-06-19 22:45,2025-06-21 07:45,Assault,Simple Assault,"BNS 115(2), BNS 117(2)",17.982414,77.325692,P008535,P007934,P006269,SI Prakash Sharma,Chargesheeted
FIR202503453,FIR/3453/2025,PS0145,Bengaluru Urban,2025-06-20 23:04,2025-06-21 08:04,Dacoity,Armed Dacoity,BNS 310(2),12.827462,77.581367,P003670,P008488,P004943,PI Naveen Patil,Untraced
FIR202503500,FIR/3500/2025,PS0143,Bengaluru Urban,2025-06-20 03:22,2025-06-21 08:22,Fraud,Corporate Fraud,BNS 318(4),12.809315,77.424873,P009349,P007499,P008293,PI Chetan Kumar,Chargesheeted
FIR202504958,FIR/4958/2025,PS0174,Bidar,2025-06-19 22:08,2025-06-21 09:08,Burglary,Day Burglary,"BNS 331(3), BNS 331(4)",17.848627,77.540807,P001618,P000574,P000126,PI Suresh Kulkarni,Untraced
FIR202501367,FIR/1367/2025,PS0017,Bagalkote,2025-06-21 06:46,2025-06-21 13:46,Dacoity,Bank Dacoity,BNS 310(2),16.257763,75.547912,P002968,P005007,P004782,PI Chetan Kumar,Chargesheeted
FIR202502187,FIR/2187/2025,PS0210,Chamarajanagar,2025-06-21 03:48,2025-06-21 13:48,Robbery,Highway Robbery,BNS 309(4),11.992853,76.800321,P002530,P004609,P001699,PI Naveen Patil,Chargesheeted
FIR202502736,FIR/2736/2025,PS0017,Bagalkote,2025-06-20 04:07,2025-06-21 15:07,Dacoity,Bank Dacoity,BNS 310(2),16.28413,75.575227,P003173,P002518,P008433,SI Divya Hegde,Under Investigation
FIR202500232,FIR/0232/2025,PS0204,Chamarajanagar,2025-06-20 09:12,2025-06-21 18:12,NDPS,Drug Trafficking,NDPS Act Sec 20(b),12.037571,77.069408,P008737,P004430,P007464,PI Suresh Kulkarni,Under Investigation
FIR202502724,FIR/2724/2025,PS0089,Bengaluru Rural,2025-06-21 14:17,2025-06-21 20:17,Theft,Snatching,BNS 303(2),13.384795,77.606141,P000342,P006975,P007177,PI Harish Naik,Closed
FIR202504316,FIR/4316/2025,PS0095,Bengaluru Rural,2025-06-20 15:29,2025-06-21 21:29,Burglary,Night House Breaking,"BNS 331(3), BNS 331(4)",13.076476,77.422129,P005824,P006284,P005736,PI Suresh Kulkarni,Chargesheeted
FIR202500582,FIR/0582/2025,PS0155,Bidar,2025-06-21 18:51,2025-06-21 22:51,Dacoity,Bank Dacoity,BNS 310(2),17.95547,77.334213,P000241,P006472,P006581,PI Harish Naik,Chargesheeted
FIR202501009,FIR/1009/2025,PS0166,Bidar,2025-06-22 01:35,2025-06-22 03:35,POCSO,Sexual Assault on Minor,"POCSO Act Sec 4, BNS 64",17.811973,77.502226,P006645,P007976,P000598,SI Mahesh Bhat,Under Investigation
FIR202502912,FIR/2912/2025,PS0087,Bengaluru Rural,2025-06-20 01:36,2025-06-22 05:36,Assault,Grievous Hurt,"BNS 115(2), BNS 117(2)",13.160938,77.51166,P003293,P004351,P002903,PI Ramesh Gowda,Under Investigation
FIR202504966,FIR/4966/2025,PS0061,Belagavi,2025-06-20 19:51,2025-06-22 05:51,Assault,Simple Assault,"BNS 115(2), BNS 117(2)",16.013997,74.416325,P000268,P008685,P002740,SI Ravi Kumar,Untraced
FIR202503807,FIR/3807/2025,PS0148,Bengaluru Urban,2025-06-17 20:24,2025-06-22 06:24,Fraud,Land Scam,BNS 318(4),12.853922,77.665281,P005843,P001916,P008245,SI Mahesh Bhat,Under Investigation
FIR202502324,FIR/2324/2025,PS0231,Chamarajanagar,2025-06-21 21:33,2025-06-22 07:33,Burglary,Night House Breaking,"BNS 331(3), BNS 331(4)",11.956026,77.00929,P003963,P009408,P005581,SI Ganesh Rao,Chargesheeted
FIR202503208,FIR/3208/2025,PS0091,Bengaluru Rural,2025-06-21 20:50,2025-06-22 07:50,Vehicle Theft,Two-Wheeler Theft,BNS 303(2),13.036363,77.626915,P004138,P000968,"P007610, P004530",SI Mahesh Bhat,Under Investigation
FIR202502673,FIR/2673/2025,PS0012,Bagalkote,2025-06-22 01:16,2025-06-22 09:16,Vehicle Theft,Two-Wheeler Theft,BNS 303(2),16.265374,75.81814,P003110,P004373,P000250,SI Mahesh Bhat,Untraced
FIR202504289,FIR/4289/2025,PS0084,Bengaluru Rural,2025-06-22 08:57,2025-06-22 09:57,Assault,Simple Assault,"BNS 115(2), BNS 117(2)",13.156916,77.548457,P005422,P006571,P008946,SI Mahesh Bhat,Under Investigation
FIR202500778,FIR/0778/2025,PS0056,Belagavi,2025-06-22 07:51,2025-06-22 11:51,NDPS,Possession of Narcotics,NDPS Act Sec 20(b),15.759622,74.592917,P002869,P009029,P002532,PI Suresh Kulkarni,Chargesheeted
FIR202500348,FIR/0348/2025,PS0014,Bagalkote,2025-06-22 05:58,2025-06-22 11:58,Robbery,Chain Snatching with Force,BNS 309(4),16.286579,75.840706,P004235,P001846,P005284,PI Harish Naik,Chargesheeted
FIR202501072,FIR/1072/2025,PS0066,Belagavi,2025-06-19 02:47,2025-06-22 13:47,Cyber Crime,Identity Theft,"IT Act 66D, BNS 318(4)",15.941258,74.612528,P000076,P002199,P004654,PI Lakshmi Devi,Chargesheeted
FIR202501716,FIR/1716/2025,PS0128,Bengaluru Urban,2025-06-17 11:50,2025-06-22 14:50,Burglary,Night House Breaking,"BNS 331(3), BNS 331(4)",13.032839,77.583763,P004316,P000917,P009726,SI Ravi Kumar,Chargesheeted
FIR202502845,FIR/2845/2025,PS0182,Bidar,2025-06-22 09:54,2025-06-22 15:54,Assault,Grievous Hurt,"BNS 115(2), BNS 117(2)",17.906393,77.674651,P006799,P001756,P002927,PI Lakshmi Devi,Under Investigation
FIR202503357,FIR/3357/2025,PS0201,Chamarajanagar,2025-06-18 09:55,2025-06-22 15:55,POCSO,Sexual Assault on Minor,"POCSO Act Sec 4, BNS 64",11.989383,76.82543,P002741,P005092,P005227,SI Ganesh Rao,Under Investigation
FIR202501882,FIR/1882/2025,PS0047,Belagavi,2025-06-21 11:54,2025-06-22 18:54,Cyber Crime,Phishing,"IT Act 66D, BNS 318(4)",15.95945,74.524918,P007317,P002789,P002418,SI Ravi Kumar,Chargesheeted
FIR202502146,FIR/2146/2025,PS0094,Bengaluru Rural,2025-06-21 10:27,2025-06-22 19:27,Theft,Snatching,BNS 303(2),13.051345,77.678046,P009292,P008058,P004068,PI Ramesh Gowda,Untraced
FIR202502194,FIR/2194/2025,PS0172,Bidar,2025-06-21 11:26,2025-06-22 22:26,Dacoity,Bank Dacoity,BNS 310(2),17.933882,77.497057,P008442,P008916,"P004927, P001679",SI Divya Hegde,Chargesheeted
FIR202501576,FIR/1576/2025,PS0215,Chamarajanagar,2025-06-22 19:36,2025-06-22 22:36,Cyber Crime,Identity Theft,"IT Act 66D, BNS 318(4)",11.855942,76.966167,P003344,P001352,P002068,SI Divya Hegde,Chargesheeted
FIR202503160,FIR/3160/2025,PS0032,Ballari,2025-06-20 16:57,2025-06-22 22:57,Assault,Simple Assault,"BNS 115(2), BNS 117(2)",15.179127,76.905027,P004822,P000397,P002657,SI Divya Hegde,Under Investigation
FIR202500056,FIR/0056/2025,PS0172,Bidar,2025-06-20 21:16,2025-06-22 23:16,Vehicle Theft,Car Theft,BNS 303(2),17.962633,77.495602,P008423,P005669,"P003654, P003642",SI Prakash Sharma,Chargesheeted
FIR202503861,FIR/3861/2025,PS0121,Bengaluru Urban,2025-06-22 12:19,2025-06-22 23:19,Robbery,Chain Snatching with Force,BNS 309(4),13.083734,77.481738,P000167,P006023,P007083,PI Lakshmi Devi,Chargesheeted
FIR202501191,FIR/1191/2025,PS0246,Chikkaballapura,2025-06-21 21:05,2025-06-23 00:05,Dacoity,Armed Dacoity,BNS 310(2),13.439374,77.715262,P007662,P007761,P002059,SI Mahesh Bhat,Under Investigation
FIR202504784,FIR/4784/2025,PS0173,Bidar,2025-06-18 16:54,2025-06-23 01:54,Assault,Public Affray,"BNS 115(2), BNS 117(2)",17.75561,77.608466,P003516,P004053,P007023,PI Suresh Kulkarni,Under Investigation
FIR202501673,FIR/1673/2025,PS0141,Bengaluru Urban,2025-06-22 18:40,2025-06-23 02:40,Murder,Gang Conflict,BNS 103(1),12.853376,77.416128,P003672,P003980,P004487,SI Ravi Kumar,Untraced
FIR202500401,FIR/0401/2025,PS0046,Belagavi,2025-06-22 17:05,2025-06-23 03:05,Vehicle Theft,Two-Wheeler Theft,BNS 303(2),15.76514,74.530718,P007687,P007902,P008953,PI Chetan Kumar,Under Investigation
FIR202504233,FIR/4233/2025,PS0009,Bagalkote,2025-06-22 20:45,2025-06-23 08:45,NDPS,Possession of Narcotics,NDPS Act Sec 20(b),16.06916,75.759183,P002625,P007610,P004231,PI Naveen Patil,Untraced
FIR202503745,FIR/3745/2025,PS0061,Belagavi,2025-06-21 01:35,2025-06-23 09:35,Burglary,Night House Breaking,"BNS 331(3), BNS 331(4)",16.016191,74.413105,P004202,P008529,"P008223, P002640",PI Naveen Patil,Under Investigation
FIR202504772,FIR/4772/2025,PS0216,Chamarajanagar,2025-06-22 07:05,2025-06-23 10:05,Fraud,Cheating,BNS 318(4),11.755889,76.955192,P005188,P002106,P002507,SI Divya Hegde,Chargesheeted
FIR202504656,FIR/4656/2025,PS0093,Bengaluru Rural,2025-06-22 23:37,2025-06-23 10:37,Theft,Pocket Pick,BNS 303(2),13.204895,77.54962,P007524,P000333,P005984,PI Naveen Patil,Chargesheeted
FIR202501184,FIR/1184/2025,PS0154,Bidar,2025-06-23 10:06,2025-06-23 12:06,Dacoity,Armed Dacoity,BNS 310(2),17.885558,77.3945,P002679,P005670,P007933,SI Divya Hegde,Untraced
FIR202501126,FIR/1126/2025,PS0069,Belagavi,2025-06-23 09:06,2025-06-23 13:06,Burglary,Night House Breaking,"BNS 331(3), BNS 331(4)",15.838313,74.346861,P006615,P001222,P008203,PI Ramesh Gowda,Under Investigation
FIR202504427,FIR/4427/2025,PS0187,Bidar,2025-06-22 06:12,2025-06-23 16:12,Dacoity,Bank Dacoity,BNS 310(2),17.986156,77.723281,P000096,P008082,P004270,PI Harish Naik,Chargesheeted
FIR202502512,FIR/2512/2025,PS0181,Bidar,2025-06-21 10:03,2025-06-23 19:03,Assault,Public Affray,"BNS 115(2), BNS 117(2)",17.999724,77.421887,P001397,P002235,P002354,SI Ganesh Rao,Under Investigation
FIR202503993,FIR/3993/2025,PS0228,Chamarajanagar,2025-06-20 08:36,2025-06-23 19:36,Robbery,Highway Robbery,BNS 309(4),12.102537,77.124922,P000823,P005846,P000018,SI Prakash Sharma,Under Investigation
FIR202500500,FIR/0500/2025,PS0074,Bengaluru Rural,2025-06-23 12:28,2025-06-24 00:28,Murder,Personal Enmity,BNS 103(1),13.182817,77.564792,P009944,P002381,P008123,PI Lakshmi Devi,Under Investigation
FIR202500679,FIR/0679/2025,PS0163,Bidar,2025-06-24 00:13,2025-06-24 01:13,Theft,Pocket Pick,BNS 303(2),17.954011,77.599343,P008785,P003370,P009441,SI Ravi Kumar,Chargesheeted
FIR202500474,FIR/0474/2025,PS0096,Bengaluru Rural,2025-06-20 19:03,2025-06-24 03:03,Dacoity,Armed Dacoity,BNS 310(2),13.158683,77.449696,P007535,P002386,P006767,SI Divya Hegde,Chargesheeted
FIR202500785,FIR/0785/2025,PS0139,Bengaluru Urban,2025-06-20 02:47,2025-06-24 03:47,Assault,Simple Assault,"BNS 115(2), BNS 117(2)",12.813637,77.561535,P000617,P003593,P001418,PI Ramesh Gowda,Chargesheeted
FIR202502164,FIR/2164/2025,PS0163,Bidar,2025-06-22 22:34,2025-06-24 05:34,Dacoity,Armed Dacoity,BNS 310(2),17.948574,77.59133,P005854,P002050,"P007752, P004797",SI Prakash Sharma,Chargesheeted
FIR202504879,FIR/4879/2025,PS0098,Bengaluru Rural,2025-06-21 19:55,2025-06-24 06:55,Theft,Snatching,BNS 303(2),13.294093,77.737567,P002759,P007178,P007124,SI Ravi Kumar,Under Investigation
FIR202502301,FIR/2301/2025,PS0165,Bidar,2025-06-21 20:20,2025-06-24 08:20,Assault,Grievous Hurt,"BNS 115(2), BNS 117(2)",18.056758,77.455945,P001987,P007749,P007350,PI Chetan Kumar,Under Investigation
FIR202502684,FIR/2684/2025,PS0078,Bengaluru Rural,2025-06-24 00:58,2025-06-24 08:58,Robbery,Chain Snatching with Force,BNS 309(4),13.120226,77.566979,P000402,P003624,P002861,PI Ramesh Gowda,Chargesheeted
FIR202504513,FIR/4513/2025,PS0158,Bidar,2025-06-21 08:04,2025-06-24 09:04,Robbery,Highway Robbery,BNS 309(4),17.923915,77.502606,P006933,P002464,P006379,SI Mahesh Bhat,Chargesheeted
FIR202502348,FIR/2348/2025,PS0246,Chikkaballapura,2025-06-23 22:49,2025-06-24 09:49,Burglary,Day Burglary,"BNS 331(3), BNS 331(4)",13.444748,77.739239,P005056,P005754,"P006757, P005307",SI Divya Hegde,Untraced
FIR202503219,FIR/3219/2025,PS0142,Bengaluru Urban,2025-06-24 10:08,2025-06-24 11:08,Robbery,Highway Robbery,BNS 309(4),13.099708,77.757951,P006196,P008360,P001489,SI Mahesh Bhat,Under Investigation
FIR202500352,FIR/0352/2025,PS0030,Ballari,2025-06-24 12:07,2025-06-24 15:07,Murder,Personal Enmity,BNS 103(1),15.209483,76.812605,P001804,P009426,P005799,PI Harish Naik,Chargesheeted
FIR202503800,FIR/3800/2025,PS0076,Bengaluru Rural,2025-06-24 14:11,2025-06-24 15:11,Murder,Personal Enmity,BNS 103(1),13.317249,77.768292,P007417,P004115,P005382,SI Ravi Kumar,Untraced
FIR202504865,FIR/4865/2025,PS0203,Chamarajanagar,2025-06-24 08:32,2025-06-24 18:32,Assault,Simple Assault,"BNS 115(2), BNS 117(2)",11.92896,76.849291,P006812,P003544,P002614,SI Prakash Sharma,Chargesheeted
FIR202502166,FIR/2166/2025,PS0208,Chamarajanagar,2025-06-24 09:47,2025-06-24 18:47,Fraud,Corporate Fraud,BNS 318(4),11.829882,77.135482,P000429,P002636,P009336,SI Ganesh Rao,Chargesheeted
FIR202502143,FIR/2143/2025,PS0178,Bidar,2025-06-21 22:48,2025-06-25 00:48,Assault,Grievous Hurt,"BNS 115(2), BNS 117(2)",17.899454,77.465888,P002878,P001651,P001713,PI Harish Naik,Chargesheeted
FIR202501426,FIR/1426/2025,PS0245,Chikkaballapura,2025-06-23 20:29,2025-06-25 01:29,Fraud,Corporate Fraud,BNS 318(4),13.315957,77.766864,P004999,P000799,P006882,PI Chetan Kumar,Chargesheeted
FIR202502628,FIR/2628/2025,PS0045,Ballari,2025-06-22 17:13,2025-06-25 03:13,Assault,Public Affray,"BNS 115(2), BNS 117(2)",15.003959,76.882559,P005752,P005535,P007580,PI Chetan Kumar,Chargesheeted
FIR202503838,FIR/3838/2025,PS0073,Bengaluru Rural,2025-06-23 23:54,2025-06-25 07:54,Vehicle Theft,Car Theft,BNS 303(2),13.357205,77.612667,P008872,P008467,P007451,PI Harish Naik,Under Investigation
FIR202503755,FIR/3755/2025,PS0167,Bidar,2025-06-22 21:19,2025-06-25 08:19,Assault,Simple Assault,"BNS 115(2), BNS 117(2)",18.046244,77.438289,P003943,P005240,P006504,PI Chetan Kumar,Chargesheeted
FIR202501946,FIR/1946/2025,PS0098,Bengaluru Rural,2025-06-23 05:24,2025-06-25 08:24,Robbery,Highway Robbery,BNS 309(4),13.277293,77.73027,P000821,P009680,P006415,PI Ramesh Gowda,Chargesheeted
FIR202502689,FIR/2689/2025,PS0079,Bengaluru Rural,2025-06-25 11:38,2025-06-25 15:38,Cyber Crime,Identity Theft,"IT Act 66D, BNS 318(4)",13.114488,77.446138,P001248,P000775,P004521,PI Chetan Kumar,Untraced
FIR202501622,FIR/1622/2025,PS0157,Bidar,2025-06-25 06:17,2025-06-25 16:17,Theft,House Theft,BNS 303(2),17.821698,77.56942,P006028,P001490,P000981,SI Prakash Sharma,Under Investigation
FIR202504782,FIR/4782/2025,PS0002,Bagalkote,2025-06-25 18:06,2025-06-25 19:06,Theft,House Theft,BNS 303(2),16.099165,75.508661,P006977,P005208,P004089,PI Lakshmi Devi,Under Investigation
FIR202502714,FIR/2714/2025,PS0191,Bidar,2025-06-25 14:00,2025-06-25 20:00,Dacoity,Bank Dacoity,BNS 310(2),17.932777,77.367232,P005950,P008604,P004510,SI Ravi Kumar,Chargesheeted
FIR202501208,FIR/1208/2025,PS0155,Bidar,2025-06-25 11:19,2025-06-25 21:19,Dacoity,Armed Dacoity,BNS 310(2),17.963895,77.338179,P004938,P006830,P001941,PI Harish Naik,Chargesheeted
FIR202501247,FIR/1247/2025,PS0205,Chamarajanagar,2025-06-24 20:15,2025-06-25 22:15,Dacoity,Bank Dacoity,BNS 310(2),11.92867,76.776164,P005814,P006693,P006486,PI Harish Naik,Untraced
FIR202500020,FIR/0020/2025,PS0066,Belagavi,2025-06-25 16:26,2025-06-26 00:26,Burglary,Night House Breaking,"BNS 331(3), BNS 331(4)",15.94128,74.62644,P000184,P009289,P001516,PI Naveen Patil,Under Investigation
FIR202500867,FIR/0867/2025,PS0017,Bagalkote,2025-06-24 21:03,2025-06-26 05:03,Burglary,Day Burglary,"BNS 331(3), BNS 331(4)",16.287236,75.547073,P008039,P002553,P009451,PI Ramesh Gowda,Under Investigation
FIR202500320,FIR/0320/2025,PS0245,Chikkaballapura,2025-06-25 03:32,2025-06-26 06:32,Cyber Crime,Financial Fraud,"IT Act 66D, BNS 318(4)",13.355685,77.795843,P002006,P002953,P004693,PI Naveen Patil,Chargesheeted
FIR202503759,FIR/3759/2025,PS0202,Chamarajanagar,2025-06-23 18:32,2025-06-26 06:32,Murder,Gang Conflict,BNS 103(1),11.92841,76.866352,P006815,P001257,P007508,SI Ganesh Rao,Under Investigation
FIR202503591,FIR/3591/2025,PS0113,Bengaluru Urban,2025-06-26 05:08,2025-06-26 09:08,Fraud,Corporate Fraud,BNS 318(4),13.146822,77.489973,P008303,P007807,P001016,PI Suresh Kulkarni,Chargesheeted
FIR202500426,FIR/0426/2025,PS0231,Chamarajanagar,2025-06-24 01:56,2025-06-26 09:56,Theft,Pocket Pick,BNS 303(2),11.978834,77.001238,P006225,P005858,P002056,PI Lakshmi Devi,Chargesheeted
FIR202500543,FIR/0543/2025,PS0238,Chikkaballapura,2025-06-26 08:18,2025-06-26 10:18,POCSO,Harassment,"POCSO Act Sec 4, BNS 64",13.342578,77.937114,P006831,P008702,"P007326, P006307",PI Ramesh Gowda,Chargesheeted
FIR202503393,FIR/3393/2025,PS0045,Ballari,2025-06-22 04:36,2025-06-26 14:36,Cyber Crime,Identity Theft,"IT Act 66D, BNS 318(4)",14.988799,76.870672,P002344,P000314,P009190,PI Harish Naik,Chargesheeted
FIR202500203,FIR/0203/2025,PS0183,Bidar,2025-06-25 11:58,2025-06-26 15:58,Murder,Gang Conflict,BNS 103(1),17.775348,77.395027,P009701,P001978,P002674,SI Ganesh Rao,Untraced
FIR202503358,FIR/3358/2025,PS0171,Bidar,2025-06-26 13:40,2025-06-26 16:40,Assault,Simple Assault,"BNS 115(2), BNS 117(2)",17.766528,77.560904,P001909,P000222,P006575,PI Suresh Kulkarni,Under Investigation
FIR202501386,FIR/1386/2025,PS0029,Ballari,2025-06-26 09:56,2025-06-26 16:56,Assault,Public Affray,"BNS 115(2), BNS 117(2)",14.982036,76.897079,P004860,P002987,P009616,SI Divya Hegde,Under Investigation
FIR202500817,FIR/0817/2025,PS0013,Bagalkote,2025-06-26 13:25,2025-06-26 17:25,Burglary,Night House Breaking,"BNS 331(3), BNS 331(4)",16.168126,75.684712,P000234,P005121,P007164,PI Suresh Kulkarni,Chargesheeted
FIR202500029,FIR/0029/2025,PS0137,Bengaluru Urban,2025-06-26 07:12,2025-06-26 19:12,Fraud,Land Scam,BNS 318(4),12.874809,77.718747,P002653,P007977,P008560,PI Naveen Patil,Chargesheeted
FIR202501431,FIR/1431/2025,PS0013,Bagalkote,2025-06-26 07:34,2025-06-26 19:34,Cyber Crime,Phishing,"IT Act 66D, BNS 318(4)",16.167174,75.680585,P003326,P001566,P008537,SI Divya Hegde,Closed
FIR202502497,FIR/2497/2025,PS0195,Chamarajanagar,2025-06-26 04:56,2025-06-27 05:56,POCSO,Harassment,"POCSO Act Sec 4, BNS 64",11.86971,77.059482,P003343,P002561,P000971,PI Chetan Kumar,Chargesheeted
FIR202504255,FIR/4255/2025,PS0233,Chamarajanagar,2025-06-26 23:59,2025-06-27 07:59,Murder,Personal Enmity,BNS 103(1),11.725354,76.823422,P007630,P003390,P002007,PI Ramesh Gowda,Chargesheeted
FIR202500226,FIR/0226/2025,PS0211,Chamarajanagar,2025-06-26 06:38,2025-06-27 09:38,Assault,Grievous Hurt,"BNS 115(2), BNS 117(2)",11.833619,77.086924,P008435,P006463,P004441,SI Mahesh Bhat,Under Investigation
FIR202501723,FIR/1723/2025,PS0168,Bidar,2025-06-26 07:33,2025-06-27 11:33,Murder,Gang Conflict,BNS 103(1),17.709043,77.674669,P005323,P004660,P003094,PI Ramesh Gowda,Under Investigation
FIR202501285,FIR/1285/2025,PS0187,Bidar,2025-06-22 07:04,2025-06-27 12:04,Fraud,Land Scam,BNS 318(4),17.983448,77.72168,P008178,P000883,P007627,PI Harish Naik,Chargesheeted
FIR202501325,FIR/1325/2025,PS0149,Bengaluru Urban,2025-06-27 09:09,2025-06-27 12:09,Vehicle Theft,Two-Wheeler Theft,BNS 303(2),13.075543,77.458908,P007799,P007444,P006049,PI Lakshmi Devi,Chargesheeted
FIR202500492,FIR/0492/2025,PS0027,Ballari,2025-06-27 05:27,2025-06-27 12:27,Assault,Simple Assault,"BNS 115(2), BNS 117(2)",15.044208,77.067923,P006739,P009547,P002600,SI Mahesh Bhat,Chargesheeted
FIR202501063,FIR/1063/2025,PS0218,Chamarajanagar,2025-06-27 07:56,2025-06-27 14:56,Murder,Gang Conflict,BNS 103(1),11.850896,77.04533,P004603,P006306,P003099,SI Ravi Kumar,Under Investigation
FIR202503327,FIR/3327/2025,PS0106,Bengaluru Rural,2025-06-27 04:22,2025-06-27 15:22,POCSO,Harassment,"POCSO Act Sec 4, BNS 64",13.305609,77.548837,P008886,P007882,P006695,PI Naveen Patil,Chargesheeted
FIR202504948,FIR/4948/2025,PS0197,Chamarajanagar,2025-06-22 07:31,2025-06-27 15:31,POCSO,Harassment,"POCSO Act Sec 4, BNS 64",11.850807,77.044152,P004052,P004336,P007823,PI Chetan Kumar,Under Investigation
FIR202502695,FIR/2695/2025,PS0180,Bidar,2025-06-23 07:15,2025-06-27 16:15,Vehicle Theft,Car Theft,BNS 303(2),18.048739,77.418369,P003873,P005467,P009135,PI Chetan Kumar,Untraced
FIR202503854,FIR/3854/2025,PS0128,Bengaluru Urban,2025-06-25 14:54,2025-06-27 16:54,Cyber Crime,Identity Theft,"IT Act 66D, BNS 318(4)",13.042025,77.586383,P003769,P009651,P001564,PI Lakshmi Devi,Chargesheeted
FIR202503706,FIR/3706/2025,PS0209,Chamarajanagar,2025-06-25 14:20,2025-06-27 18:20,Burglary,Night House Breaking,"BNS 331(3), BNS 331(4)",12.06865,77.011312,P005025,P007330,P000012,PI Suresh Kulkarni,Chargesheeted
FIR202502125,FIR/2125/2025,PS0181,Bidar,2025-06-27 09:08,2025-06-27 19:08,Cyber Crime,Financial Fraud,"IT Act 66D, BNS 318(4)",18.025481,77.406774,P004740,P004717,P007281,SI Mahesh Bhat,Under Investigation
FIR202504674,FIR/4674/2025,PS0147,Bengaluru Urban,2025-06-27 17:34,2025-06-27 20:34,Cyber Crime,Phishing,"IT Act 66D, BNS 318(4)",12.904428,77.559734,P002023,P003819,P008894,PI Ramesh Gowda,Under Investigation
FIR202502215,FIR/2215/2025,PS0196,Chamarajanagar,2025-06-27 18:17,2025-06-27 21:17,Dacoity,Bank Dacoity,BNS 310(2),12.011066,76.927902,P002170,P000175,P003976,PI Lakshmi Devi,Under Investigation
FIR202502484,FIR/2484/2025,PS0221,Chamarajanagar,2025-06-25 20:00,2025-06-27 23:00,Theft,House Theft,BNS 303(2),12.059099,77.115632,P005273,P008664,P005895,PI Harish Naik,Chargesheeted
FIR202501875,FIR/1875/2025,PS0107,Bengaluru Rural,2025-06-27 16:11,2025-06-27 23:11,NDPS,Possession of Narcotics,NDPS Act Sec 20(b),13.123382,77.440007,P001255,P008306,P006362,PI Suresh Kulkarni,Chargesheeted
FIR202503291,FIR/3291/2025,PS0022,Bagalkote,2025-06-27 12:54,2025-06-28 00:54,Vehicle Theft,Car Theft,BNS 303(2),16.244926,75.621243,P008482,P002228,"P005190, P007993",PI Lakshmi Devi,Chargesheeted
FIR202502302,FIR/2302/2025,PS0005,Bagalkote,2025-06-26 20:43,2025-06-28 01:43,NDPS,Possession of Narcotics,NDPS Act Sec 20(b),16.165863,75.586853,P008264,P006160,P004607,PI Ramesh Gowda,Closed
FIR202503737,FIR/3737/2025,PS0037,Ballari,2025-06-26 15:58,2025-06-28 01:58,Murder,Personal Enmity,BNS 103(1),15.094372,77.054758,P006640,P002754,P001528,PI Chetan Kumar,Under Investigation
FIR202504847,FIR/4847/2025,PS0202,Chamarajanagar,2025-06-26 22:10,2025-06-28 04:10,Assault,Simple Assault,"BNS 115(2), BNS 117(2)",11.953684,76.881389,P003038,P002931,P007809,PI Ramesh Gowda,Chargesheeted
FIR202502656,FIR/2656/2025,PS0200,Chamarajanagar,2025-06-27 17:24,2025-06-28 05:24,Burglary,Night House Breaking,"BNS 331(3), BNS 331(4)",11.782733,77.022373,P002201,P007070,P004253,PI Ramesh Gowda,Chargesheeted
FIR202501291,FIR/1291/2025,PS0189,Bidar,2025-06-28 00:04,2025-06-28 06:04,Assault,Simple Assault,"BNS 115(2), BNS 117(2)",17.908127,77.390721,P007484,P008772,P000809,PI Harish Naik,Chargesheeted
FIR202503571,FIR/3571/2025,PS0187,Bidar,2025-06-27 00:04,2025-06-28 07:04,Dacoity,Armed Dacoity,BNS 310(2),17.983025,77.693438,P006074,P007188,P003439,PI Lakshmi Devi,Chargesheeted
FIR202502366,FIR/2366/2025,PS0080,Bengaluru Rural,2025-06-27 23:41,2025-06-28 07:41,Assault,Simple Assault,"BNS 115(2), BNS 117(2)",13.397579,77.592305,P004843,P008058,P008232,PI Naveen Patil,Under Investigation
FIR202504093,FIR/4093/2025,PS0021,Bagalkote,2025-06-26 11:22,2025-06-28 12:22,POCSO,Harassment,"POCSO Act Sec 4, BNS 64",15.984062,75.538141,P003179,P005384,P001569,SI Ravi Kumar,Under Investigation
FIR202504931,FIR/4931/2025,PS0031,Ballari,2025-06-26 02:46,2025-06-28 13:46,Murder,Dowry Homicide,BNS 103(1),14.974705,77.117908,P003709,P008089,P003801,SI Ganesh Rao,Chargesheeted
FIR202500821,FIR/0821/2025,PS0049,Belagavi,2025-06-27 01:55,2025-06-28 13:55,Cyber Crime,Financial Fraud,"IT Act 66D, BNS 318(4)",15.930819,74.536312,P004806,P008288,P004381,PI Chetan Kumar,Chargesheeted
FIR202504010,FIR/4010/2025,PS0101,Bengaluru Rural,2025-06-28 09:32,2025-06-28 18:32,Assault,Public Affray,"BNS 115(2), BNS 117(2)",13.28453,77.725094,P007430,P009244,P000969,PI Ramesh Gowda,Chargesheeted
FIR202501905,FIR/1905/2025,PS0191,Bidar,2025-06-26 14:52,2025-06-28 18:52,Assault,Simple Assault,"BNS 115(2), BNS 117(2)",17.920619,77.381347,P005268,P003360,P005628,PI Ramesh Gowda,Untraced
FIR202502576,FIR/2576/2025,PS0093,Bengaluru Rural,2025-06-28 17:14,2025-06-28 20:14,Murder,Personal Enmity,BNS 103(1),13.186177,77.539511,P008079,P009713,P009349,SI Ganesh Rao,Chargesheeted
FIR202502856,FIR/2856/2025,PS0142,Bengaluru Urban,2025-06-28 12:06,2025-06-28 23:06,Cyber Crime,Phishing,"IT Act 66D, BNS 318(4)",13.117002,77.739282,P000794,P005936,P005546,PI Lakshmi Devi,Under Investigation
FIR202501390,FIR/1390/2025,PS0064,Belagavi,2025-06-28 16:52,2025-06-29 02:52,Dacoity,Armed Dacoity,BNS 310(2),15.90631,74.312954,P003213,P004119,P005523,PI Lakshmi Devi,Chargesheeted
FIR202501509,FIR/1509/2025,PS0031,Ballari,2025-06-25 00:19,2025-06-29 04:19,POCSO,Sexual Assault on Minor,"POCSO Act Sec 4, BNS 64",14.983064,77.113583,P009054,P000830,P008736,PI Naveen Patil,Under Investigation
FIR202504828,FIR/4828/2025,PS0181,Bidar,2025-06-29 01:50,2025-06-29 04:50,POCSO,Harassment,"POCSO Act Sec 4, BNS 64",17.993269,77.394776,P000760,P006640,P008022,SI Ganesh Rao,Chargesheeted
FIR202500353,FIR/0353/2025,PS0060,Belagavi,2025-06-28 21:02,2025-06-29 08:02,Dacoity,Bank Dacoity,BNS 310(2),16.031291,74.534742,P009879,P005036,P005737,PI Naveen Patil,Untraced
FIR202504131,FIR/4131/2025,PS0008,Bagalkote,2025-06-29 03:31,2025-06-29 09:31,Murder,Personal Enmity,BNS 103(1),16.258622,75.522168,P002345,P006247,P008906,SI Ganesh Rao,Under Investigation
FIR202502573,FIR/2573/2025,PS0137,Bengaluru Urban,2025-06-25 23:45,2025-06-29 09:45,Murder,Gang Conflict,BNS 103(1),12.869534,77.734345,P009096,P005653,P005565,SI Divya Hegde,Under Investigation
FIR202500344,FIR/0344/2025,PS0150,Bengaluru Urban,2025-06-28 06:48,2025-06-29 11:48,Cyber Crime,Phishing,"IT Act 66D, BNS 318(4)",13.065174,77.698108,P000588,P008728,P001425,SI Prakash Sharma,Chargesheeted
FIR202501192,FIR/1192/2025,PS0010,Bagalkote,2025-06-27 09:00,2025-06-29 12:00,Vehicle Theft,Two-Wheeler Theft,BNS 303(2),16.177974,75.825181,P001775,P001941,P009379,PI Lakshmi Devi,Under Investigation
FIR202504580,FIR/4580/2025,PS0061,Belagavi,2025-06-28 06:34,2025-06-29 15:34,Assault,Simple Assault,"BNS 115(2), BNS 117(2)",16.033995,74.401712,P008113,P008845,P007717,PI Lakshmi Devi,Chargesheeted
FIR202501805,FIR/1805/2025,PS0149,Bengaluru Urban,2025-06-29 09:16,2025-06-29 19:16,Cyber Crime,Financial Fraud,"IT Act 66D, BNS 318(4)",13.078099,77.488519,P009800,P008412,P008863,PI Naveen Patil,Chargesheeted
FIR202500033,FIR/0033/2025,PS0186,Bidar,2025-06-28 08:32,2025-06-29 19:32,Assault,Simple Assault,"BNS 115(2), BNS 117(2)",17.739162,77.497068,P006545,P003838,P009335,PI Ramesh Gowda,Chargesheeted
FIR202503651,FIR/3651/2025,PS0164,Bidar,2025-06-26 17:06,2025-06-29 22:06,NDPS,Possession of Narcotics,NDPS Act Sec 20(b),17.963706,77.443405,P001057,P006708,P008100,SI Ganesh Rao,Chargesheeted
FIR202503030,FIR/3030/2025,PS0004,Bagalkote,2025-06-29 00:49,2025-06-30 01:49,Cyber Crime,Financial Fraud,"IT Act 66D, BNS 318(4)",16.045917,75.686414,P004365,P009990,P002542,SI Mahesh Bhat,Chargesheeted
FIR202502126,FIR/2126/2025,PS0203,Chamarajanagar,2025-06-29 23:31,2025-06-30 02:31,POCSO,Sexual Assault on Minor,"POCSO Act Sec 4, BNS 64",11.919829,76.871156,P003638,P000246,P008528,SI Divya Hegde,Under Investigation
FIR202504606,FIR/4606/2025,PS0149,Bengaluru Urban,2025-06-30 02:49,2025-06-30 04:49,Cyber Crime,Financial Fraud,"IT Act 66D, BNS 318(4)",13.103808,77.458401,P003853,P003360,P006993,SI Mahesh Bhat,Under Investigation
FIR202502896,FIR/2896/2025,PS0038,Ballari,2025-06-30 01:32,2025-06-30 07:32,Assault,Public Affray,"BNS 115(2), BNS 117(2)",15.086545,77.050425,P003410,P005977,P004712,PI Ramesh Gowda,Under Investigation
FIR202500322,FIR/0322/2025,PS0095,Bengaluru Rural,2025-06-30 09:41,2025-06-30 12:41,POCSO,Harassment,"POCSO Act Sec 4, BNS 64",13.108559,77.391283,P009737,P002781,P002428,PI Ramesh Gowda,Under Investigation
FIR202502826,FIR/2826/2025,PS0210,Chamarajanagar,2025-06-30 11:43,2025-06-30 12:43,Fraud,Cheating,BNS 318(4),12.018902,76.782965,P003904,P002649,P009905,PI Harish Naik,Chargesheeted
FIR202501487,FIR/1487/2025,PS0185,Bidar,2025-06-30 04:05,2025-06-30 15:05,Assault,Grievous Hurt,"BNS 115(2), BNS 117(2)",17.873217,77.497059,P006376,P004246,P000026,PI Lakshmi Devi,Chargesheeted
FIR202501986,FIR/1986/2025,PS0001,Bagalkote,2025-06-28 14:14,2025-06-30 15:14,Theft,Pocket Pick,BNS 303(2),16.179463,75.558477,P006057,P000942,P001444,PI Naveen Patil,Chargesheeted
FIR202501257,FIR/1257/2025,PS0191,Bidar,2025-06-29 04:47,2025-06-30 16:47,Assault,Public Affray,"BNS 115(2), BNS 117(2)",17.939182,77.369235,P002001,P004263,P001858,SI Divya Hegde,Chargesheeted
FIR202503352,FIR/3352/2025,PS0162,Bidar,2025-06-30 10:47,2025-06-30 18:47,Murder,Gang Conflict,BNS 103(1),18.028014,77.451063,P003878,P004612,P000859,SI Prakash Sharma,Chargesheeted
FIR202503947,FIR/3947/2025,PS0102,Bengaluru Rural,2025-06-30 19:53,2025-06-30 20:53,NDPS,Possession of Narcotics,NDPS Act Sec 20(b),13.112072,77.633472,P001015,P008348,P001546,PI Chetan Kumar,Chargesheeted
FIR202504679,FIR/4679/2025,PS0146,Bengaluru Urban,2025-06-30 21:14,2025-07-01 01:14,Fraud,Land Scam,BNS 318(4),12.963868,77.761923,P009752,P003030,P006996,SI Divya Hegde,Chargesheeted
FIR202501973,FIR/1973/2025,PS0099,Bengaluru Rural,2025-06-30 00:36,2025-07-01 03:36,Theft,Pocket Pick,BNS 303(2),13.275068,77.699878,P000810,P007407,P006579,SI Ganesh Rao,Chargesheeted
FIR202502670,FIR/2670/2025,PS0104,Bengaluru Rural,2025-06-29 23:09,2025-07-01 08:09,POCSO,Harassment,"POCSO Act Sec 4, BNS 64",13.425481,77.55006,P008427,P004077,P002485,SI Mahesh Bhat,Chargesheeted
FIR202501677,FIR/1677/2025,PS0171,Bidar,2025-06-28 00:21,2025-07-01 08:21,Dacoity,Bank Dacoity,BNS 310(2),17.792181,77.560166,P000894,P008943,P005252,SI Prakash Sharma,Chargesheeted
FIR202502903,FIR/2903/2025,PS0228,Chamarajanagar,2025-06-30 04:15,2025-07-01 09:15,Dacoity,Armed Dacoity,BNS 310(2),12.127199,77.10299,P008776,P003210,"P005009, P003011",PI Harish Naik,Chargesheeted
FIR202500416,FIR/0416/2025,PS0113,Bengaluru Urban,2025-07-01 03:21,2025-07-01 15:21,Fraud,Land Scam,BNS 318(4),13.146044,77.473797,P000817,P006528,P006339,SI Mahesh Bhat,Chargesheeted
FIR202500110,FIR/0110/2025,PS0225,Chamarajanagar,2025-07-01 13:32,2025-07-01 16:32,Dacoity,Armed Dacoity,BNS 310(2),12.03362,76.781791,P002748,P003622,P004093,PI Ramesh Gowda,Under Investigation
FIR202501201,FIR/1201/2025,PS0078,Bengaluru Rural,2025-07-01 17:31,2025-07-01 22:31,Murder,Gang Conflict,BNS 103(1),13.13194,77.555327,P009399,P000298,P009563,PI Suresh Kulkarni,Chargesheeted
FIR202500653,FIR/0653/2025,PS0224,Chamarajanagar,2025-07-01 21:48,2025-07-01 22:48,Assault,Public Affray,"BNS 115(2), BNS 117(2)",11.879918,76.836128,P006370,P002678,"P006538, P001586",SI Divya Hegde,Chargesheeted
FIR202504979,FIR/4979/2025,PS0056,Belagavi,2025-06-29 14:52,2025-07-01 23:52,NDPS,Possession of Narcotics,NDPS Act Sec 20(b),15.754954,74.608402,P009154,P005366,P008481,SI Mahesh Bhat,Untraced
FIR202502434,FIR/2434/2025,PS0149,Bengaluru Urban,2025-06-30 15:48,2025-07-02 01:48,Murder,Personal Enmity,BNS 103(1),13.067967,77.495,P008664,P001236,"P004265, P000574",PI Chetan Kumar,Untraced
FIR202502479,FIR/2479/2025,PS0118,Bengaluru Urban,2025-07-02 01:04,2025-07-02 02:04,Fraud,Land Scam,BNS 318(4),12.775009,77.685827,P008656,P007915,P007202,PI Ramesh Gowda,Under Investigation
FIR202504669,FIR/4669/2025,PS0170,Bidar,2025-07-01 01:26,2025-07-02 05:26,Burglary,Day Burglary,"BNS 331(3), BNS 331(4)",17.898307,77.392487,P000169,P003671,P003091,PI Naveen Patil,Chargesheeted
FIR202501025,FIR/1025/2025,PS0123,Bengaluru Urban,2025-07-02 00:01,2025-07-02 07:01,Cyber Crime,Phishing,"IT Act 66D, BNS 318(4)",13.019114,77.482356,P008359,P005045,P006170,PI Ramesh Gowda,Under Investigation
FIR202503604,FIR/3604/2025,PS0122,Bengaluru Urban,2025-06-30 01:20,2025-07-02 13:20,Cyber Crime,Identity Theft,"IT Act 66D, BNS 318(4)",13.100552,77.54196,P008756,P001513,P000893,SI Divya Hegde,Under Investigation
FIR202500385,FIR/0385/2025,PS0220,Chamarajanagar,2025-07-02 10:44,2025-07-02 14:44,Dacoity,Bank Dacoity,BNS 310(2),11.817262,76.789871,P003970,P000024,P001781,SI Prakash Sharma,Chargesheeted
FIR202503202,FIR/3202/2025,PS0138,Bengaluru Urban,2025-07-02 12:36,2025-07-02 17:36,Vehicle Theft,Car Theft,BNS 303(2),13.169215,77.43371,P002065,P005297,P008664,SI Divya Hegde,Chargesheeted
FIR202501811,FIR/1811/2025,PS0081,Bengaluru Rural,2025-06-29 09:03,2025-07-02 18:03,Cyber Crime,Financial Fraud,"IT Act 66D, BNS 318(4)",13.184382,77.589629,P003632,P003678,P008853,SI Ravi Kumar,Chargesheeted
FIR202502775,FIR/2775/2025,PS0196,Chamarajanagar,2025-07-02 10:37,2025-07-02 19:37,Theft,Pocket Pick,BNS 303(2),12.009929,76.959262,P003626,P007278,P008468,SI Mahesh Bhat,Under Investigation
FIR202501211,FIR/1211/2025,PS0002,Bagalkote,2025-07-02 16:23,2025-07-02 21:23,Theft,Pocket Pick,BNS 303(2),16.118199,75.517892,P004464,P003081,P001708,SI Mahesh Bhat,Untraced
FIR202504479,FIR/4479/2025,PS0196,Chamarajanagar,2025-07-02 12:22,2025-07-02 23:22,Murder,Personal Enmity,BNS 103(1),11.976114,76.947811,P003435,P008541,P000634,PI Harish Naik,Chargesheeted
FIR202500081,FIR/0081/2025,PS0246,Chikkaballapura,2025-06-29 16:05,2025-07-03 00:05,Assault,Grievous Hurt,"BNS 115(2), BNS 117(2)",13.462357,77.727276,P000575,P009906,P007348,PI Naveen Patil,Chargesheeted
FIR202501564,FIR/1564/2025,PS0220,Chamarajanagar,2025-07-02 23:13,2025-07-03 03:13,Cyber Crime,Identity Theft,"IT Act 66D, BNS 318(4)",11.796766,76.780818,P001101,P002993,"P008042, P009766",PI Naveen Patil,Chargesheeted
FIR202502744,FIR/2744/2025,PS0079,Bengaluru Rural,2025-07-02 20:54,2025-07-03 04:54,Vehicle Theft,Car Theft,BNS 303(2),13.105233,77.462515,P005063,P001057,P008982,SI Ganesh Rao,Under Investigation
FIR202501465,FIR/1465/2025,PS0051,Belagavi,2025-07-02 22:03,2025-07-03 05:03,Dacoity,Armed Dacoity,BNS 310(2),15.997594,74.53355,P003769,P006462,P009911,PI Chetan Kumar,Chargesheeted
FIR202501752,FIR/1752/2025,PS0016,Bagalkote,2025-07-03 04:30,2025-07-03 06:30,Theft,Snatching,BNS 303(2),16.001055,75.656155,P005657,P001607,"P009410, P005018",PI Suresh Kulkarni,Chargesheeted
FIR202502781,FIR/2781/2025,PS0174,Bidar,2025-06-30 00:29,2025-07-03 12:29,Vehicle Theft,Two-Wheeler Theft,BNS 303(2),17.870286,77.574774,P008148,P005990,P007817,SI Prakash Sharma,Chargesheeted
FIR202502307,FIR/2307/2025,PS0133,Bengaluru Urban,2025-06-30 06:39,2025-07-03 12:39,Vehicle Theft,Two-Wheeler Theft,BNS 303(2),13.022491,77.522065,P002696,P001895,P007522,SI Prakash Sharma,Chargesheeted
FIR202502116,FIR/2116/2025,PS0135,Bengaluru Urban,2025-07-03 11:46,2025-07-03 12:46,Cyber Crime,Financial Fraud,"IT Act 66D, BNS 318(4)",12.910846,77.441953,P000480,P004325,P005491,SI Ravi Kumar,Under Investigation
FIR202501393,FIR/1393/2025,PS0123,Bengaluru Urban,2025-07-03 06:23,2025-07-03 15:23,Cyber Crime,Phishing,"IT Act 66D, BNS 318(4)",13.023358,77.505494,P006841,P005831,"P003010, P003607",SI Divya Hegde,Chargesheeted
FIR202500752,FIR/0752/2025,PS0169,Bidar,2025-06-28 06:04,2025-07-03 18:04,Burglary,Day Burglary,"BNS 331(3), BNS 331(4)",18.010875,77.693806,P006500,P004664,P009942,SI Divya Hegde,Chargesheeted
FIR202500750,FIR/0750/2025,PS0186,Bidar,2025-07-01 07:15,2025-07-03 18:15,NDPS,Possession of Narcotics,NDPS Act Sec 20(b),17.750331,77.51338,P005798,P000721,"P009728, P004110",PI Suresh Kulkarni,Under Investigation
FIR202501311,FIR/1311/2025,PS0197,Chamarajanagar,2025-07-01 23:36,2025-07-04 02:36,Murder,Personal Enmity,BNS 103(1),11.867091,77.061214,P002949,P000034,P002395,PI Lakshmi Devi,Under Investigation
FIR202500647,FIR/0647/2025,PS0088,Bengaluru Rural,2025-07-01 05:44,2025-07-04 06:44,Theft,Pocket Pick,BNS 303(2),13.02828,77.384244,P008451,P007715,P008947,SI Ganesh Rao,Under Investigation
FIR202501343,FIR/1343/2025,PS0180,Bidar,2025-07-04 02:03,2025-07-04 13:03,Assault,Simple Assault,"BNS 115(2), BNS 117(2)",18.04108,77.418651,P005151,P007479,P005013,SI Ganesh Rao,Chargesheeted
FIR202502468,FIR/2468/2025,PS0122,Bengaluru Urban,2025-07-04 03:24,2025-07-04 13:24,Fraud,Cheating,BNS 318(4),13.116572,77.536595,P001354,P003182,P009036,PI Lakshmi Devi,Chargesheeted
FIR202503285,FIR/3285/2025,PS0109,Bengaluru Rural,2025-07-03 07:49,2025-07-04 19:49,Murder,Gang Conflict,BNS 103(1),13.087856,77.602788,P001966,P001165,P001886,SI Prakash Sharma,Untraced
FIR202501305,FIR/1305/2025,PS0022,Bagalkote,2025-07-04 20:15,2025-07-04 21:15,Murder,Dowry Homicide,BNS 103(1),16.251459,75.612167,P005900,P007813,P004982,PI Suresh Kulkarni,Under Investigation
FIR202504073,FIR/4073/2025,PS0240,Chikkaballapura,2025-07-04 15:12,2025-07-04 22:12,Theft,Snatching,BNS 303(2),13.407264,77.812077,P006232,P007920,P006279,SI Mahesh Bhat,Chargesheeted
FIR202500210,FIR/0210/2025,PS0074,Bengaluru Rural,2025-07-01 20:21,2025-07-04 23:21,Fraud,Corporate Fraud,BNS 318(4),13.192248,77.574008,P003103,P005393,P007723,SI Mahesh Bhat,Chargesheeted
FIR202504900,FIR/4900/2025,PS0236,Chikkaballapura,2025-07-04 15:45,2025-07-05 01:45,Vehicle Theft,Two-Wheeler Theft,BNS 303(2),13.610445,77.919453,P002209,P007841,P005349,SI Mahesh Bhat,Under Investigation
FIR202501659,FIR/1659/2025,PS0013,Bagalkote,2025-07-05 00:08,2025-07-05 03:08,Assault,Public Affray,"BNS 115(2), BNS 117(2)",16.168276,75.676807,P005225,P006892,P003097,PI Lakshmi Devi,Under Investigation
FIR202502554,FIR/2554/2025,PS0078,Bengaluru Rural,2025-07-04 00:34,2025-07-05 03:34,Vehicle Theft,Car Theft,BNS 303(2),13.136078,77.54589,P002576,P004789,P004476,PI Chetan Kumar,Under Investigation
FIR202503974,FIR/3974/2025,PS0057,Belagavi,2025-07-04 21:31,2025-07-05 06:31,Cyber Crime,Phishing,"IT Act 66D, BNS 318(4)",15.693269,74.417736,P005393,P002152,P001999,PI Naveen Patil,Under Investigation
FIR202500511,FIR/0511/2025,PS0221,Chamarajanagar,2025-07-04 20:46,2025-07-05 06:46,Fraud,Land Scam,BNS 318(4),12.035483,77.086514,P000368,P004646,P004690,SI Mahesh Bhat,Under Investigation
FIR202504410,FIR/4410/2025,PS0227,Chamarajanagar,2025-07-05 08:33,2025-07-05 10:33,Fraud,Land Scam,BNS 318(4),11.902634,76.941265,P006218,P007590,P007611,SI Mahesh Bhat,Chargesheeted
FIR202502319,FIR/2319/2025,PS0072,Bengaluru Rural,2025-07-04 07:48,2025-07-05 11:48,Murder,Gang Conflict,BNS 103(1),13.291411,77.640482,P000854,P000875,P007539,PI Lakshmi Devi,Under Investigation
FIR202500366,FIR/0366/2025,PS0025,Bagalkote,2025-07-03 09:42,2025-07-05 16:42,Fraud,Cheating,BNS 318(4),16.316028,75.845573,P007985,P005975,P000624,SI Mahesh Bhat,Under Investigation
FIR202501427,FIR/1427/2025,PS0108,Bengaluru Rural,2025-07-05 10:16,2025-07-05 17:16,Burglary,Day Burglary,"BNS 331(3), BNS 331(4)",13.206194,77.454487,P007064,P003377,P009414,PI Ramesh Gowda,Chargesheeted
FIR202504017,FIR/4017/2025,PS0168,Bidar,2025-07-04 13:32,2025-07-05 18:32,Assault,Grievous Hurt,"BNS 115(2), BNS 117(2)",17.69583,77.674954,P004734,P001438,P002417,SI Ganesh Rao,Closed
FIR202500762,FIR/0762/2025,PS0221,Chamarajanagar,2025-07-05 11:43,2025-07-05 19:43,Burglary,Day Burglary,"BNS 331(3), BNS 331(4)",12.034066,77.11089,P009671,P003137,P008405,SI Divya Hegde,Chargesheeted
FIR202504699,FIR/4699/2025,PS0138,Bengaluru Urban,2025-07-04 13:12,2025-07-05 20:12,Cyber Crime,Identity Theft,"IT Act 66D, BNS 318(4)",13.173309,77.446766,P009823,P006066,P009223,PI Ramesh Gowda,Under Investigation
FIR202502947,FIR/2947/2025,PS0074,Bengaluru Rural,2025-07-04 08:33,2025-07-05 20:33,Murder,Dowry Homicide,BNS 103(1),13.188581,77.565354,P004127,P007704,P002596,PI Harish Naik,Under Investigation
FIR202504903,FIR/4903/2025,PS0112,Bengaluru Urban,2025-07-05 17:40,2025-07-05 20:40,Fraud,Land Scam,BNS 318(4),13.11739,77.590476,P003901,P008729,P006874,PI Suresh Kulkarni,Under Investigation
FIR202500087,FIR/0087/2025,PS0169,Bidar,2025-07-04 12:47,2025-07-06 00:47,Assault,Public Affray,"BNS 115(2), BNS 117(2)",17.998994,77.722793,P004799,P002768,P003158,PI Lakshmi Devi,Closed
FIR202500957,FIR/0957/2025,PS0099,Bengaluru Rural,2025-07-03 22:33,2025-07-06 05:33,Robbery,Highway Robbery,BNS 309(4),13.273631,77.718577,P006922,P002395,P002136,PI Suresh Kulkarni,Under Investigation
FIR202503040,FIR/3040/2025,PS0231,Chamarajanagar,2025-07-06 05:52,2025-07-06 06:52,Assault,Simple Assault,"BNS 115(2), BNS 117(2)",11.979502,77.012486,P001196,P007591,P009820,PI Lakshmi Devi,Chargesheeted
FIR202503543,FIR/3543/2025,PS0075,Bengaluru Rural,2025-07-03 19:55,2025-07-06 06:55,Fraud,Cheating,BNS 318(4),13.214124,77.524621,P007261,P005086,P006668,SI Ravi Kumar,Under Investigation
FIR202502135,FIR/2135/2025,PS0002,Bagalkote,2025-07-06 05:26,2025-07-06 08:26,Robbery,Chain Snatching with Force,BNS 309(4),16.098944,75.501828,P006974,P007193,P008086,SI Ganesh Rao,Under Investigation
FIR202503966,FIR/3966/2025,PS0017,Bagalkote,2025-07-05 05:23,2025-07-06 09:23,Dacoity,Bank Dacoity,BNS 310(2),16.277983,75.539383,P001159,P006247,P001638,PI Harish Naik,Under Investigation
FIR202504150,FIR/4150/2025,PS0030,Ballari,2025-07-04 09:31,2025-07-06 10:31,Robbery,Chain Snatching with Force,BNS 309(4),15.190834,76.814657,P001708,P002972,P008786,SI Ganesh Rao,Chargesheeted
FIR202504281,FIR/4281/2025,PS0007,Bagalkote,2025-07-05 10:36,2025-07-06 11:36,Murder,Dowry Homicide,BNS 103(1),16.076864,75.63261,P002885,P004068,P009486,PI Naveen Patil,Under Investigation
FIR202504460,FIR/4460/2025,PS0139,Bengaluru Urban,2025-07-06 09:16,2025-07-06 19:16,Fraud,Cheating,BNS 318(4),12.808873,77.543542,P003205,P005285,P002119,PI Harish Naik,Chargesheeted
FIR202501255,FIR/1255/2025,PS0085,Bengaluru Rural,2025-07-03 16:41,2025-07-06 19:41,Robbery,Chain Snatching with Force,BNS 309(4),13.108947,77.405892,P002617,P004669,P006370,PI Lakshmi Devi,Untraced
FIR202502769,FIR/2769/2025,PS0142,Bengaluru Urban,2025-07-06 10:24,2025-07-06 21:24,Fraud,Corporate Fraud,BNS 318(4),13.108024,77.744692,P001093,P000551,P008332,PI Harish Naik,Under Investigation
FIR202504553,FIR/4553/2025,PS0150,Bengaluru Urban,2025-07-03 18:42,2025-07-06 22:42,Dacoity,Armed Dacoity,BNS 310(2),13.065448,77.717364,P000620,P000098,P009484,PI Ramesh Gowda,Closed
FIR202504412,FIR/4412/2025,PS0104,Bengaluru Rural,2025-07-06 14:53,2025-07-06 22:53,Vehicle Theft,Two-Wheeler Theft,BNS 303(2),13.43985,77.552213,P002136,P000892,P006517,PI Ramesh Gowda,Under Investigation
FIR202501729,FIR/1729/2025,PS0127,Bengaluru Urban,2025-07-05 16:00,2025-07-07 00:00,Fraud,Corporate Fraud,BNS 318(4),13.111618,77.648295,P001454,P007761,P007404,PI Naveen Patil,Under Investigation
FIR202504942,FIR/4942/2025,PS0063,Belagavi,2025-07-05 21:30,2025-07-07 04:30,Theft,Snatching,BNS 303(2),16.002209,74.683564,P000938,P007899,P003423,PI Ramesh Gowda,Chargesheeted
FIR202503035,FIR/3035/2025,PS0067,Belagavi,2025-07-07 04:10,2025-07-07 05:10,Dacoity,Bank Dacoity,BNS 310(2),15.876244,74.688642,P002662,P001918,P007807,SI Divya Hegde,Under Investigation
FIR202502358,FIR/2358/2025,PS0079,Bengaluru Rural,2025-07-03 04:37,2025-07-07 11:37,Vehicle Theft,Car Theft,BNS 303(2),13.0971,77.467052,P006310,P004582,P002074,PI Chetan Kumar,Under Investigation
FIR202501309,FIR/1309/2025,PS0054,Belagavi,2025-07-07 08:19,2025-07-07 12:19,Theft,Snatching,BNS 303(2),15.899509,74.687425,P000475,P002205,P006407,PI Ramesh Gowda,Under Investigation
FIR202502051,FIR/2051/2025,PS0153,Bidar,2025-07-07 08:32,2025-07-07 12:32,Robbery,Chain Snatching with Force,BNS 309(4),17.770205,77.360072,P000966,P007055,P005956,PI Lakshmi Devi,Under Investigation
FIR202502668,FIR/2668/2025,PS0006,Bagalkote,2025-07-07 03:38,2025-07-07 15:38,POCSO,Sexual Assault on Minor,"POCSO Act Sec 4, BNS 64",16.367497,75.743554,P001240,P001986,P001033,PI Naveen Patil,Chargesheeted
FIR202504023,FIR/4023/2025,PS0200,Chamarajanagar,2025-07-06 05:02,2025-07-07 16:02,NDPS,Possession of Narcotics,NDPS Act Sec 20(b),11.792894,77.03652,P009393,P004742,P006563,SI Ganesh Rao,Under Investigation
FIR202501671,FIR/1671/2025,PS0154,Bidar,2025-07-04 15:14,2025-07-07 19:14,Vehicle Theft,Car Theft,BNS 303(2),17.906428,77.417089,P006820,P002797,P009864,SI Prakash Sharma,Chargesheeted
FIR202501900,FIR/1900/2025,PS0227,Chamarajanagar,2025-07-07 11:41,2025-07-07 19:41,Fraud,Corporate Fraud,BNS 318(4),11.902303,76.904589,P003383,P009481,"P007867, P005663",PI Chetan Kumar,Chargesheeted
FIR202504577,FIR/4577/2025,PS0230,Chamarajanagar,2025-07-02 18:59,2025-07-07 22:59,Fraud,Cheating,BNS 318(4),11.738278,77.055408,P003958,P000989,P005561,SI Prakash Sharma,Chargesheeted
FIR202503528,FIR/3528/2025,PS0214,Chamarajanagar,2025-07-07 19:19,2025-07-08 01:19,Murder,Personal Enmity,BNS 103(1),11.927072,76.83811,P004454,P008016,P001896,PI Chetan Kumar,Untraced
FIR202504503,FIR/4503/2025,PS0234,Chamarajanagar,2025-07-07 08:34,2025-07-08 13:34,Dacoity,Bank Dacoity,BNS 310(2),12.014141,76.812254,P005665,P003238,P001756,PI Lakshmi Devi,Under Investigation
FIR202502812,FIR/2812/2025,PS0162,Bidar,2025-07-06 08:48,2025-07-08 15:48,Murder,Gang Conflict,BNS 103(1),18.013964,77.482425,P000372,P005682,P003552,SI Ravi Kumar,Chargesheeted
FIR202501056,FIR/1056/2025,PS0227,Chamarajanagar,2025-07-07 08:30,2025-07-08 18:30,Cyber Crime,Phishing,"IT Act 66D, BNS 318(4)",11.893666,76.930663,P003364,P003993,P005563,SI Ganesh Rao,Chargesheeted
FIR202500956,FIR/0956/2025,PS0127,Bengaluru Urban,2025-07-08 08:07,2025-07-08 20:07,Vehicle Theft,Car Theft,BNS 303(2),13.106761,77.624308,P007653,P003692,P000021,PI Naveen Patil,Chargesheeted
FIR202504912,FIR/4912/2025,PS0196,Chamarajanagar,2025-07-08 14:31,2025-07-08 21:31,Burglary,Day Burglary,"BNS 331(3), BNS 331(4)",11.998316,76.936493,P000172,P007661,P006000,PI Naveen Patil,Under Investigation
FIR202503871,FIR/3871/2025,PS0063,Belagavi,2025-07-07 13:17,2025-07-08 22:17,Theft,House Theft,BNS 303(2),16.034207,74.690494,P004999,P000293,P001272,PI Suresh Kulkarni,Untraced
FIR202500141,FIR/0141/2025,PS0144,Bengaluru Urban,2025-07-08 19:55,2025-07-08 22:55,NDPS,Drug Trafficking,NDPS Act Sec 20(b),12.815721,77.562978,P001498,P005232,P001198,PI Suresh Kulkarni,Under Investigation
FIR202504129,FIR/4129/2025,PS0003,Bagalkote,2025-07-05 12:57,2025-07-08 22:57,Theft,Snatching,BNS 303(2),16.328217,75.868395,P001801,P002330,P003348,PI Lakshmi Devi,Chargesheeted
FIR202502692,FIR/2692/2025,PS0172,Bidar,2025-07-08 22:50,2025-07-09 00:50,NDPS,Possession of Narcotics,NDPS Act Sec 20(b),17.95042,77.472027,P008071,P000542,P007839,SI Prakash Sharma,Chargesheeted
FIR202504739,FIR/4739/2025,PS0214,Chamarajanagar,2025-07-04 17:32,2025-07-09 01:32,Robbery,Chain Snatching with Force,BNS 309(4),11.929694,76.827715,P000843,P008811,P001950,SI Ganesh Rao,Chargesheeted
FIR202500546,FIR/0546/2025,PS0070,Bengaluru Rural,2025-07-04 13:48,2025-07-09 01:48,Assault,Grievous Hurt,"BNS 115(2), BNS 117(2)",13.270626,77.743969,P008619,P005366,P002516,PI Harish Naik,Untraced
FIR202501280,FIR/1280/2025,PS0073,Bengaluru Rural,2025-07-08 21:09,2025-07-09 02:09,POCSO,Sexual Assault on Minor,"POCSO Act Sec 4, BNS 64",13.344817,77.621353,P003379,P004904,P002714,SI Mahesh Bhat,Under Investigation
FIR202502660,FIR/2660/2025,PS0032,Ballari,2025-07-08 15:33,2025-07-09 02:33,Assault,Public Affray,"BNS 115(2), BNS 117(2)",15.155816,76.895435,P002047,P006719,P009544,SI Ravi Kumar,Under Investigation
FIR202504946,FIR/4946/2025,PS0090,Bengaluru Rural,2025-07-08 20:36,2025-07-09 02:36,Murder,Gang Conflict,BNS 103(1),13.425301,77.491209,P000014,P008037,P001034,PI Naveen Patil,Under Investigation
FIR202501965,FIR/1965/2025,PS0219,Chamarajanagar,2025-07-05 15:54,2025-07-09 02:54,Dacoity,Bank Dacoity,BNS 310(2),11.848664,76.870564,P005919,P000938,P001593,PI Suresh Kulkarni,Under Investigation
FIR202504963,FIR/4963/2025,PS0243,Chikkaballapura,2025-07-05 18:45,2025-07-09 04:45,POCSO,Sexual Assault on Minor,"POCSO Act Sec 4, BNS 64",13.451398,77.857839,P003151,P009643,P004324,SI Ganesh Rao,Chargesheeted
FIR202503940,FIR/3940/2025,PS0072,Bengaluru Rural,2025-07-05 21:05,2025-07-09 07:05,Murder,Personal Enmity,BNS 103(1),13.316186,77.640547,P001412,P006719,P000566,SI Divya Hegde,Under Investigation
FIR202502838,FIR/2838/2025,PS0017,Bagalkote,2025-07-08 07:53,2025-07-09 11:53,Murder,Dowry Homicide,BNS 103(1),16.273431,75.545532,P008068,P007705,"P005221, P000961",SI Ravi Kumar,Chargesheeted
FIR202500561,FIR/0561/2025,PS0091,Bengaluru Rural,2025-07-07 01:43,2025-07-09 12:43,Fraud,Land Scam,BNS 318(4),13.044066,77.636913,P000488,P002857,P002473,SI Prakash Sharma,Under Investigation
FIR202504232,FIR/4232/2025,PS0134,Bengaluru Urban,2025-07-09 17:26,2025-07-09 18:26,Dacoity,Armed Dacoity,BNS 310(2),12.802961,77.654314,P001581,P000473,P009292,PI Naveen Patil,Chargesheeted
FIR202503672,FIR/3672/2025,PS0183,Bidar,2025-07-09 08:37,2025-07-09 18:37,Cyber Crime,Phishing,"IT Act 66D, BNS 318(4)",17.773032,77.409544,P006708,P005902,P008718,PI Ramesh Gowda,Chargesheeted
FIR202502980,FIR/2980/2025,PS0042,Ballari,2025-07-09 09:45,2025-07-09 18:45,Burglary,Day Burglary,"BNS 331(3), BNS 331(4)",15.034451,77.011961,P005843,P006239,P008285,PI Chetan Kumar,Chargesheeted
FIR202502268,FIR/2268/2025,PS0085,Bengaluru Rural,2025-07-09 06:54,2025-07-09 18:54,Cyber Crime,Financial Fraud,"IT Act 66D, BNS 318(4)",13.109174,77.432381,P008901,P006523,P005673,PI Chetan Kumar,Under Investigation
FIR202502101,FIR/2101/2025,PS0232,Chamarajanagar,2025-07-04 12:23,2025-07-09 19:23,Burglary,Night House Breaking,"BNS 331(3), BNS 331(4)",11.772064,76.899318,P008861,P004060,P006994,PI Chetan Kumar,Under Investigation
FIR202503343,FIR/3343/2025,PS0215,Chamarajanagar,2025-07-09 11:30,2025-07-09 23:30,Cyber Crime,Financial Fraud,"IT Act 66D, BNS 318(4)",11.865984,76.985521,P002729,P000062,P005888,SI Ravi Kumar,Under Investigation
FIR202501327,FIR/1327/2025,PS0162,Bidar,2025-07-09 14:59,2025-07-10 00:59,Dacoity,Bank Dacoity,BNS 310(2),18.006437,77.481481,P002594,P006358,P008189,PI Suresh Kulkarni,Untraced
FIR202502925,FIR/2925/2025,PS0184,Bidar,2025-07-08 20:03,2025-07-10 03:03,Dacoity,Armed Dacoity,BNS 310(2),17.913327,77.614005,P006672,P000676,P006245,SI Ravi Kumar,Untraced
FIR202502733,FIR/2733/2025,PS0233,Chamarajanagar,2025-07-09 02:08,2025-07-10 03:08,Vehicle Theft,Two-Wheeler Theft,BNS 303(2),11.733016,76.818695,P008191,P006376,P000461,SI Mahesh Bhat,Untraced
FIR202501807,FIR/1807/2025,PS0163,Bidar,2025-07-10 04:40,2025-07-10 08:40,POCSO,Sexual Assault on Minor,"POCSO Act Sec 4, BNS 64",17.917029,77.591472,P006564,P008653,P003486,PI Ramesh Gowda,Chargesheeted
FIR202500742,FIR/0742/2025,PS0151,Bengaluru Urban,2025-07-07 05:29,2025-07-10 10:29,Cyber Crime,Identity Theft,"IT Act 66D, BNS 318(4)",12.866722,77.449182,P004999,P008583,P001950,SI Ravi Kumar,Under Investigation
FIR202504777,FIR/4777/2025,PS0123,Bengaluru Urban,2025-07-10 00:26,2025-07-10 11:26,NDPS,Drug Trafficking,NDPS Act Sec 20(b),13.015101,77.493279,P006553,P007414,P007114,PI Naveen Patil,Chargesheeted
FIR202504133,FIR/4133/2025,PS0188,Bidar,2025-07-10 03:35,2025-07-10 11:35,Assault,Grievous Hurt,"BNS 115(2), BNS 117(2)",17.933149,77.682347,P005123,P000046,P001457,SI Mahesh Bhat,Under Investigation
FIR202502991,FIR/2991/2025,PS0216,Chamarajanagar,2025-07-08 06:48,2025-07-10 13:48,Dacoity,Armed Dacoity,BNS 310(2),11.748369,76.938366,P005878,P005160,"P007350, P009668",PI Lakshmi Devi,Untraced
FIR202503590,FIR/3590/2025,PS0121,Bengaluru Urban,2025-07-09 07:17,2025-07-10 19:17,Vehicle Theft,Two-Wheeler Theft,BNS 303(2),13.084765,77.51813,P008800,P001293,P008952,PI Chetan Kumar,Chargesheeted
FIR202503506,FIR/3506/2025,PS0144,Bengaluru Urban,2025-07-09 17:38,2025-07-10 23:38,Theft,House Theft,BNS 303(2),12.828459,77.570524,P009045,P000416,P000153,PI Harish Naik,Under Investigation
FIR202500537,FIR/0537/2025,PS0144,Bengaluru Urban,2025-07-10 19:03,2025-07-11 01:03,Dacoity,Armed Dacoity,BNS 310(2),12.835804,77.558749,P008614,P009119,P001463,SI Ganesh Rao,Chargesheeted
FIR202500270,FIR/0270/2025,PS0061,Belagavi,2025-07-07 18:33,2025-07-11 02:33,Theft,Snatching,BNS 303(2),16.023812,74.421737,P003081,P009375,P002172,PI Lakshmi Devi,Chargesheeted
FIR202504719,FIR/4719/2025,PS0245,Chikkaballapura,2025-07-10 15:18,2025-07-11 03:18,NDPS,Possession of Narcotics,NDPS Act Sec 20(b),13.320439,77.770533,P001845,P009526,P009201,SI Divya Hegde,Under Investigation
FIR202500297,FIR/0297/2025,PS0249,Chikkaballapura,2025-07-10 01:35,2025-07-11 03:35,Theft,Pocket Pick,BNS 303(2),13.484324,77.552705,P002532,P004701,P007595,PI Naveen Patil,Under Investigation
FIR202500425,FIR/0425/2025,PS0153,Bidar,2025-07-09 18:44,2025-07-11 03:44,Dacoity,Bank Dacoity,BNS 310(2),17.76103,77.352132,P001393,P003077,"P009625, P007175",PI Lakshmi Devi,Under Investigation
FIR202501544,FIR/1544/2025,PS0235,Chikkaballapura,2025-07-06 21:18,2025-07-11 05:18,NDPS,Possession of Narcotics,NDPS Act Sec 20(b),13.278504,77.546181,P009690,P009198,P005324,PI Chetan Kumar,Under Investigation
FIR202501850,FIR/1850/2025,PS0209,Chamarajanagar,2025-07-10 20:37,2025-07-11 05:37,Burglary,Night House Breaking,"BNS 331(3), BNS 331(4)",12.078814,77.022732,P007065,P004055,P003363,SI Divya Hegde,Chargesheeted
FIR202500404,FIR/0404/2025,PS0141,Bengaluru Urban,2025-07-11 07:26,2025-07-11 08:26,Burglary,Night House Breaking,"BNS 331(3), BNS 331(4)",12.857206,77.402631,P006397,P004221,P009829,PI Harish Naik,Under Investigation
FIR202504572,FIR/4572/2025,PS0210,Chamarajanagar,2025-07-11 07:59,2025-07-11 13:59,Robbery,Highway Robbery,BNS 309(4),12.003418,76.788096,P008053,P005866,P008241,SI Ravi Kumar,Chargesheeted
FIR202504897,FIR/4897/2025,PS0108,Bengaluru Rural,2025-07-10 10:05,2025-07-11 20:05,Vehicle Theft,Car Theft,BNS 303(2),13.197503,77.461828,P002828,P001432,P002347,PI Suresh Kulkarni,Under Investigation
FIR202500881,FIR/0881/2025,PS0084,Bengaluru Rural,2025-07-11 13:22,2025-07-11 22:22,Fraud,Corporate Fraud,BNS 318(4),13.149517,77.551661,P003204,P004138,P006145,SI Divya Hegde,Chargesheeted
FIR202504113,FIR/4113/2025,PS0135,Bengaluru Urban,2025-07-11 14:32,2025-07-11 23:32,Cyber Crime,Phishing,"IT Act 66D, BNS 318(4)",12.906711,77.44386,P007659,P003060,P009360,PI Chetan Kumar,Chargesheeted
FIR202501239,FIR/1239/2025,PS0230,Chamarajanagar,2025-07-11 15:17,2025-07-12 01:17,Cyber Crime,Identity Theft,"IT Act 66D, BNS 318(4)",11.740952,77.04713,P003304,P006342,P005508,PI Ramesh Gowda,Chargesheeted
FIR202500071,FIR/0071/2025,PS0235,Chikkaballapura,2025-07-11 00:28,2025-07-12 04:28,Theft,Snatching,BNS 303(2),13.283426,77.561927,P008070,P007354,P006426,SI Mahesh Bhat,Chargesheeted
FIR202500709,FIR/0709/2025,PS0123,Bengaluru Urban,2025-07-09 02:34,2025-07-12 04:34,Murder,Personal Enmity,BNS 103(1),13.006867,77.505499,P002708,P007404,P002645,PI Suresh Kulkarni,Under Investigation
FIR202501333,FIR/1333/2025,PS0142,Bengaluru Urban,2025-07-07 21:27,2025-07-12 05:27,Fraud,Cheating,BNS 318(4),13.087028,77.763754,P001660,P004960,P009929,PI Naveen Patil,Chargesheeted
FIR202504328,FIR/4328/2025,PS0232,Chamarajanagar,2025-07-12 06:08,2025-07-12 07:08,Dacoity,Bank Dacoity,BNS 310(2),11.773014,76.906785,P004529,P008876,P004684,PI Naveen Patil,Untraced
FIR202503064,FIR/3064/2025,PS0034,Ballari,2025-07-12 01:19,2025-07-12 08:19,NDPS,Drug Trafficking,NDPS Act Sec 20(b),15.019771,77.11081,P006964,P003573,P005523,PI Suresh Kulkarni,Closed
FIR202501981,FIR/1981/2025,PS0026,Ballari,2025-07-11 07:22,2025-07-12 11:22,Assault,Public Affray,"BNS 115(2), BNS 117(2)",15.201376,76.952089,P004578,P000988,P001076,PI Naveen Patil,Under Investigation
FIR202503414,FIR/3414/2025,PS0066,Belagavi,2025-07-11 09:29,2025-07-12 13:29,Dacoity,Bank Dacoity,BNS 310(2),15.93898,74.634823,P007466,P000067,P007705,PI Ramesh Gowda,Chargesheeted
FIR202504125,FIR/4125/2025,PS0125,Bengaluru Urban,2025-07-11 07:54,2025-07-12 14:54,Fraud,Corporate Fraud,BNS 318(4),12.778891,77.731473,P009769,P000852,P002484,SI Divya Hegde,Untraced
FIR202501664,FIR/1664/2025,PS0019,Bagalkote,2025-07-12 08:45,2025-07-12 17:45,Theft,Pocket Pick,BNS 303(2),16.043894,75.890341,P001086,P002971,P007613,PI Harish Naik,Untraced
FIR202502361,FIR/2361/2025,PS0192,Bidar,2025-07-12 14:50,2025-07-12 17:50,Assault,Public Affray,"BNS 115(2), BNS 117(2)",17.975895,77.325402,P008602,P006355,P001087,SI Prakash Sharma,Chargesheeted
FIR202500254,FIR/0254/2025,PS0173,Bidar,2025-07-10 11:12,2025-07-12 20:12,Theft,Snatching,BNS 303(2),17.767937,77.60574,P002589,P004895,P008277,SI Prakash Sharma,Under Investigation
FIR202501353,FIR/1353/2025,PS0027,Ballari,2025-07-12 13:51,2025-07-12 20:51,Assault,Public Affray,"BNS 115(2), BNS 117(2)",15.030051,77.066154,P008403,P007664,P001227,SI Ravi Kumar,Untraced
FIR202502470,FIR/2470/2025,PS0213,Chamarajanagar,2025-07-11 10:56,2025-07-12 22:56,Theft,Snatching,BNS 303(2),12.050649,76.916655,P009205,P005133,P004339,PI Lakshmi Devi,Under Investigation
FIR202504291,FIR/4291/2025,PS0198,Chamarajanagar,2025-07-13 08:17,2025-07-13 09:17,Theft,Snatching,BNS 303(2),11.852125,77.045774,P009882,P001714,P007992,SI Ravi Kumar,Chargesheeted
FIR202504077,FIR/4077/2025,PS0152,Bengaluru Urban,2025-07-11 04:14,2025-07-13 15:14,Burglary,Night House Breaking,"BNS 331(3), BNS 331(4)",13.002214,77.38599,P009744,P009782,P002204,PI Suresh Kulkarni,Chargesheeted
FIR202503423,FIR/3423/2025,PS0027,Ballari,2025-07-11 11:26,2025-07-13 17:26,Burglary,Day Burglary,"BNS 331(3), BNS 331(4)",15.051883,77.090309,P008831,P004413,P009241,PI Suresh Kulkarni,Untraced
FIR202501020,FIR/1020/2025,PS0162,Bidar,2025-07-12 01:37,2025-07-14 05:37,Assault,Grievous Hurt,"BNS 115(2), BNS 117(2)",17.992505,77.480483,P007330,P007578,P007732,PI Harish Naik,Chargesheeted
FIR202500524,FIR/0524/2025,PS0167,Bidar,2025-07-13 02:38,2025-07-14 05:38,Robbery,Highway Robbery,BNS 309(4),18.035504,77.42758,P004086,P003653,P002670,SI Mahesh Bhat,Under Investigation
FIR202503269,FIR/3269/2025,PS0157,Bidar,2025-07-13 00:40,2025-07-14 05:40,Vehicle Theft,Car Theft,BNS 303(2),17.823728,77.590726,P009115,P009904,P000301,PI Suresh Kulkarni,Under Investigation
FIR202501745,FIR/1745/2025,PS0237,Chikkaballapura,2025-07-12 21:42,2025-07-14 09:42,Cyber Crime,Financial Fraud,"IT Act 66D, BNS 318(4)",13.334023,77.652792,P002797,P007499,"P006995, P002912",SI Mahesh Bhat,Chargesheeted
FIR202502738,FIR/2738/2025,PS0168,Bidar,2025-07-11 01:07,2025-07-14 13:07,Vehicle Theft,Two-Wheeler Theft,BNS 303(2),17.699429,77.685787,P009733,P002431,"P004990, P002939",SI Divya Hegde,Chargesheeted
FIR202500080,FIR/0080/2025,PS0090,Bengaluru Rural,2025-07-12 08:15,2025-07-14 15:15,Assault,Public Affray,"BNS 115(2), BNS 117(2)",13.41884,77.484607,P000254,P005341,P009184,SI Ravi Kumar,Untraced
FIR202501524,FIR/1524/2025,PS0157,Bidar,2025-07-14 16:24,2025-07-14 17:24,Assault,Simple Assault,"BNS 115(2), BNS 117(2)",17.800429,77.585491,P005747,P001149,P008564,SI Divya Hegde,Under Investigation
FIR202503293,FIR/3293/2025,PS0176,Bidar,2025-07-11 13:49,2025-07-14 21:49,Dacoity,Armed Dacoity,BNS 310(2),17.762248,77.525819,P001181,P001122,P001393,PI Ramesh Gowda,Under Investigation
FIR202504271,FIR/4271/2025,PS0030,Ballari,2025-07-14 16:04,2025-07-15 01:04,Murder,Personal Enmity,BNS 103(1),15.189424,76.818144,P002296,P000402,P007060,PI Lakshmi Devi,Under Investigation
FIR202500463,FIR/0463/2025,PS0191,Bidar,2025-07-14 01:15,2025-07-15 03:15,Dacoity,Bank Dacoity,BNS 310(2),17.912256,77.374696,P009842,P008693,"P008863, P000335",PI Harish Naik,Chargesheeted
FIR202501027,FIR/1027/2025,PS0003,Bagalkote,2025-07-13 21:17,2025-07-15 03:17,NDPS,Drug Trafficking,NDPS Act Sec 20(b),16.338745,75.886196,P005791,P006336,P004673,PI Suresh Kulkarni,Chargesheeted
FIR202503598,FIR/3598/2025,PS0158,Bidar,2025-07-15 01:06,2025-07-15 08:06,Assault,Public Affray,"BNS 115(2), BNS 117(2)",17.931024,77.511506,P005474,P000572,P000291,PI Suresh Kulkarni,Closed
FIR202503679,FIR/3679/2025,PS0119,Bengaluru Urban,2025-07-12 03:42,2025-07-15 09:42,Murder,Personal Enmity,BNS 103(1),12.816264,77.798766,P002527,P009595,P005002,SI Divya Hegde,Under Investigation
FIR202504048,FIR/4048/2025,PS0148,Bengaluru Urban,2025-07-14 06:13,2025-07-15 12:13,Theft,Snatching,BNS 303(2),12.8591,77.643713,P004152,P006500,P000831,PI Naveen Patil,Chargesheeted
FIR202504919,FIR/4919/2025,PS0169,Bidar,2025-07-15 12:11,2025-07-15 13:11,Murder,Gang Conflict,BNS 103(1),17.989809,77.69762,P007389,P008967,P004527,PI Lakshmi Devi,Closed
FIR202503585,FIR/3585/2025,PS0151,Bengaluru Urban,2025-07-15 12:41,2025-07-15 14:41,Vehicle Theft,Two-Wheeler Theft,BNS 303(2),12.886034,77.468718,P005524,P009423,P000243,PI Lakshmi Devi,Chargesheeted
FIR202504086,FIR/4086/2025,PS0035,Ballari,2025-07-13 03:24,2025-07-15 15:24,NDPS,Possession of Narcotics,NDPS Act Sec 20(b),15.215491,76.836797,P006851,P002618,P000633,SI Prakash Sharma,Chargesheeted
FIR202504096,FIR/4096/2025,PS0104,Bengaluru Rural,2025-07-15 14:49,2025-07-15 15:49,Robbery,Highway Robbery,BNS 309(4),13.437236,77.542387,P003073,P003371,P004020,SI Divya Hegde,Under Investigation
FIR202500154,FIR/0154/2025,PS0041,Ballari,2025-07-15 11:18,2025-07-15 17:18,Dacoity,Armed Dacoity,BNS 310(2),15.24587,76.903718,P003995,P002175,P004766,SI Mahesh Bhat,Chargesheeted
FIR202501687,FIR/1687/2025,PS0151,Bengaluru Urban,2025-07-12 11:06,2025-07-15 23:06,Vehicle Theft,Two-Wheeler Theft,BNS 303(2),12.883152,77.454053,P003848,P003724,P006527,PI Ramesh Gowda,Chargesheeted
FIR202503186,FIR/3186/2025,PS0195,Chamarajanagar,2025-07-14 21:37,2025-07-15 23:37,Murder,Dowry Homicide,BNS 103(1),11.893853,77.041049,P002668,P008875,P001039,SI Ravi Kumar,Under Investigation
FIR202501977,FIR/1977/2025,PS0027,Ballari,2025-07-13 17:34,2025-07-16 00:34,POCSO,Sexual Assault on Minor,"POCSO Act Sec 4, BNS 64",15.028394,77.062045,P004791,P007484,P006477,PI Lakshmi Devi,Chargesheeted
FIR202504803,FIR/4803/2025,PS0193,Chamarajanagar,2025-07-15 12:35,2025-07-16 00:35,Fraud,Corporate Fraud,BNS 318(4),11.998159,76.853518,P001893,P009711,P004121,PI Lakshmi Devi,Under Investigation
FIR202503110,FIR/3110/2025,PS0189,Bidar,2025-07-15 15:15,2025-07-16 02:15,POCSO,Harassment,"POCSO Act Sec 4, BNS 64",17.886386,77.381655,P001869,P003987,P003125,PI Naveen Patil,Under Investigation
FIR202503334,FIR/3334/2025,PS0077,Bengaluru Rural,2025-07-15 20:01,2025-07-16 08:01,Assault,Public Affray,"BNS 115(2), BNS 117(2)",13.365426,77.630244,P008358,P007665,P009655,SI Ganesh Rao,Under Investigation
FIR202503868,FIR/3868/2025,PS0234,Chamarajanagar,2025-07-15 23:11,2025-07-16 09:11,Fraud,Land Scam,BNS 318(4),11.990926,76.83414,P000222,P000167,P009624,PI Chetan Kumar,Under Investigation
FIR202500999,FIR/0999/2025,PS0033,Ballari,2025-07-16 03:37,2025-07-16 12:37,Murder,Gang Conflict,BNS 103(1),15.041615,76.839042,P007356,P000580,P006760,PI Naveen Patil,Under Investigation
FIR202500557,FIR/0557/2025,PS0175,Bidar,2025-07-13 04:17,2025-07-16 13:17,NDPS,Drug Trafficking,NDPS Act Sec 20(b),18.027842,77.416476,P001617,P009751,P003532,PI Naveen Patil,Under Investigation
FIR202504487,FIR/4487/2025,PS0110,Bengaluru Urban,2025-07-15 02:32,2025-07-16 14:32,Cyber Crime,Identity Theft,"IT Act 66D, BNS 318(4)",13.170431,77.621029,P004637,P002314,P001689,PI Chetan Kumar,Under Investigation
FIR202501383,FIR/1383/2025,PS0164,Bidar,2025-07-16 04:36,2025-07-16 14:36,Burglary,Day Burglary,"BNS 331(3), BNS 331(4)",17.939004,77.470722,P008785,P001743,P005240,SI Divya Hegde,Under Investigation
FIR202502420,FIR/2420/2025,PS0003,Bagalkote,2025-07-16 11:55,2025-07-16 18:55,Fraud,Cheating,BNS 318(4),16.346549,75.89343,P006319,P002404,P008748,PI Lakshmi Devi,Under Investigation
FIR202504506,FIR/4506/2025,PS0034,Ballari,2025-07-16 14:23,2025-07-16 19:23,Murder,Gang Conflict,BNS 103(1),14.994685,77.077433,P006243,P007274,P007417,PI Naveen Patil,Under Investigation
FIR202502902,FIR/2902/2025,PS0055,Belagavi,2025-07-16 18:06,2025-07-16 21:06,NDPS,Drug Trafficking,NDPS Act Sec 20(b),15.839705,74.350705,P003046,P003091,P006033,SI Prakash Sharma,Chargesheeted
FIR202500423,FIR/0423/2025,PS0062,Belagavi,2025-07-15 19:07,2025-07-16 22:07,Burglary,Day Burglary,"BNS 331(3), BNS 331(4)",15.764047,74.477201,P002513,P007011,P003829,PI Lakshmi Devi,Chargesheeted
FIR202504348,FIR/4348/2025,PS0162,Bidar,2025-07-16 22:54,2025-07-16 23:54,Dacoity,Bank Dacoity,BNS 310(2),18.019749,77.473199,P006772,P003052,"P009010, P007950",SI Ravi Kumar,Chargesheeted
FIR202501868,FIR/1868/2025,PS0228,Chamarajanagar,2025-07-14 01:30,2025-07-17 02:30,Burglary,Night House Breaking,"BNS 331(3), BNS 331(4)",12.107378,77.125444,P005938,P009655,P001388,PI Suresh Kulkarni,Under Investigation
FIR202501923,FIR/1923/2025,PS0079,Bengaluru Rural,2025-07-15 00:44,2025-07-17 04:44,Cyber Crime,Financial Fraud,"IT Act 66D, BNS 318(4)",13.078975,77.445707,P002216,P005292,P009957,SI Mahesh Bhat,Under Investigation
FIR202503719,FIR/3719/2025,PS0128,Bengaluru Urban,2025-07-17 05:23,2025-07-17 07:23,Fraud,Land Scam,BNS 318(4),13.028538,77.567316,P002995,P003757,P005546,SI Ganesh Rao,Under Investigation
FIR202500183,FIR/0183/2025,PS0108,Bengaluru Rural,2025-07-15 06:29,2025-07-17 10:29,Robbery,Chain Snatching with Force,BNS 309(4),13.189627,77.462011,P004870,P000189,P002187,PI Ramesh Gowda,Under Investigation
FIR202504333,FIR/4333/2025,PS0066,Belagavi,2025-07-17 05:22,2025-07-17 12:22,Burglary,Day Burglary,"BNS 331(3), BNS 331(4)",15.944829,74.649597,P002701,P008910,P009686,PI Lakshmi Devi,Chargesheeted
FIR202502561,FIR/2561/2025,PS0181,Bidar,2025-07-14 02:27,2025-07-17 12:27,Assault,Public Affray,"BNS 115(2), BNS 117(2)",17.999981,77.406801,P002703,P008254,P007860,PI Harish Naik,Under Investigation
FIR202504100,FIR/4100/2025,PS0139,Bengaluru Urban,2025-07-17 11:52,2025-07-17 12:52,Murder,Personal Enmity,BNS 103(1),12.824516,77.543114,P002903,P009660,P009295,SI Ganesh Rao,Chargesheeted
FIR202502814,FIR/2814/2025,PS0037,Ballari,2025-07-16 08:36,2025-07-17 13:36,Vehicle Theft,Car Theft,BNS 303(2),15.082316,77.060162,P001493,P006782,P003899,SI Mahesh Bhat,Chargesheeted
FIR202501832,FIR/1832/2025,PS0005,Bagalkote,2025-07-16 09:09,2025-07-17 15:09,Murder,Dowry Homicide,BNS 103(1),16.154191,75.568092,P007821,P006822,P005918,SI Ganesh Rao,Chargesheeted
FIR202504058,FIR/4058/2025,PS0126,Bengaluru Urban,2025-07-13 17:17,2025-07-18 00:17,Cyber Crime,Financial Fraud,"IT Act 66D, BNS 318(4)",12.869405,77.564619,P000946,P004119,P004395,PI Chetan Kumar,Chargesheeted
FIR202503995,FIR/3995/2025,PS0152,Bengaluru Urban,2025-07-16 12:34,2025-07-18 00:34,Burglary,Day Burglary,"BNS 331(3), BNS 331(4)",13.010268,77.383203,P002292,P008196,P005843,PI Naveen Patil,Under Investigation
FIR202503695,FIR/3695/2025,PS0179,Bidar,2025-07-17 22:44,2025-07-18 00:44,Theft,House Theft,BNS 303(2),18.081584,77.400493,P005491,P008343,P007398,PI Suresh Kulkarni,Under Investigation
FIR202501371,FIR/1371/2025,PS0161,Bidar,2025-07-15 18:02,2025-07-18 02:02,Murder,Gang Conflict,BNS 103(1),17.985869,77.493847,P000515,P001256,P002267,SI Divya Hegde,Chargesheeted
FIR202503139,FIR/3139/2025,PS0050,Belagavi,2025-07-15 23:21,2025-07-18 09:21,Burglary,Day Burglary,"BNS 331(3), BNS 331(4)",15.712678,74.312025,P000081,P001208,P004424,SI Ravi Kumar,Chargesheeted
FIR202504240,FIR/4240/2025,PS0180,Bidar,2025-07-18 01:41,2025-07-18 09:41,Robbery,Highway Robbery,BNS 309(4),18.048879,77.432893,P008553,P004147,"P007350, P004916",PI Suresh Kulkarni,Chargesheeted
FIR202504043,FIR/4043/2025,PS0239,Chikkaballapura,2025-07-18 07:57,2025-07-18 10:57,POCSO,Harassment,"POCSO Act Sec 4, BNS 64",13.466024,77.691867,P008427,P004198,"P004812, P004071",PI Chetan Kumar,Chargesheeted
FIR202500413,FIR/0413/2025,PS0233,Chamarajanagar,2025-07-16 10:18,2025-07-18 13:18,NDPS,Possession of Narcotics,NDPS Act Sec 20(b),11.737186,76.815723,P002506,P006812,P002098,SI Mahesh Bhat,Chargesheeted
FIR202504745,FIR/4745/2025,PS0209,Chamarajanagar,2025-07-18 02:58,2025-07-18 13:58,Assault,Simple Assault,"BNS 115(2), BNS 117(2)",12.055468,77.01954,P004333,P005773,P002398,PI Lakshmi Devi,Chargesheeted
FIR202504600,FIR/4600/2025,PS0116,Bengaluru Urban,2025-07-18 06:09,2025-07-18 14:09,Cyber Crime,Phishing,"IT Act 66D, BNS 318(4)",12.984255,77.549127,P004034,P009786,P003299,PI Suresh Kulkarni,Untraced
FIR202500237,FIR/0237/2025,PS0115,Bengaluru Urban,2025-07-17 08:29,2025-07-18 19:29,Fraud,Land Scam,BNS 318(4),12.872193,77.408712,P001193,P002116,P004077,SI Mahesh Bhat,Under Investigation
FIR202501711,FIR/1711/2025,PS0133,Bengaluru Urban,2025-07-18 16:41,2025-07-18 19:41,Vehicle Theft,Car Theft,BNS 303(2),13.020206,77.529001,P006407,P001519,P006366,PI Harish Naik,Under Investigation
FIR202503697,FIR/3697/2025,PS0119,Bengaluru Urban,2025-07-17 14:41,2025-07-18 21:41,Fraud,Land Scam,BNS 318(4),12.829083,77.789303,P005621,P004790,P003926,PI Naveen Patil,Untraced
FIR202502797,FIR/2797/2025,PS0131,Bengaluru Urban,2025-07-18 15:00,2025-07-19 00:00,Robbery,Chain Snatching with Force,BNS 309(4),13.000714,77.639551,P009708,P004036,P008510,PI Ramesh Gowda,Untraced
FIR202501450,FIR/1450/2025,PS0173,Bidar,2025-07-14 21:02,2025-07-19 02:02,Burglary,Day Burglary,"BNS 331(3), BNS 331(4)",17.770518,77.607874,P009357,P000874,P007195,PI Harish Naik,Untraced
FIR202500901,FIR/0901/2025,PS0115,Bengaluru Urban,2025-07-16 08:11,2025-07-19 09:11,Vehicle Theft,Two-Wheeler Theft,BNS 303(2),12.878955,77.410234,P000632,P008402,P004307,PI Chetan Kumar,Chargesheeted
FIR202504727,FIR/4727/2025,PS0078,Bengaluru Rural,2025-07-18 14:39,2025-07-19 15:39,Assault,Grievous Hurt,"BNS 115(2), BNS 117(2)",13.104248,77.576806,P000914,P003024,P001447,PI Lakshmi Devi,Chargesheeted
FIR202501876,FIR/1876/2025,PS0013,Bagalkote,2025-07-19 08:24,2025-07-19 18:24,POCSO,Sexual Assault on Minor,"POCSO Act Sec 4, BNS 64",16.153026,75.676531,P003468,P006955,P004597,SI Ganesh Rao,Chargesheeted
FIR202503294,FIR/3294/2025,PS0155,Bidar,2025-07-16 07:08,2025-07-19 19:08,Assault,Simple Assault,"BNS 115(2), BNS 117(2)",17.981567,77.324662,P000894,P004684,"P000632, P006338",PI Lakshmi Devi,Chargesheeted
FIR202502365,FIR/2365/2025,PS0223,Chamarajanagar,2025-07-19 10:08,2025-07-19 20:08,Cyber Crime,Identity Theft,"IT Act 66D, BNS 318(4)",11.842482,76.804204,P008206,P004700,P001529,SI Prakash Sharma,Under Investigation
FIR202502092,FIR/2092/2025,PS0126,Bengaluru Urban,2025-07-19 21:08,2025-07-19 22:08,Fraud,Corporate Fraud,BNS 318(4),12.855404,77.556853,P008308,P002211,P005532,PI Chetan Kumar,Chargesheeted
FIR202500982,FIR/0982/2025,PS0135,Bengaluru Urban,2025-07-19 15:29,2025-07-19 23:29,NDPS,Possession of Narcotics,NDPS Act Sec 20(b),12.916352,77.458101,P005439,P007003,P003683,SI Ganesh Rao,Untraced
FIR202501410,FIR/1410/2025,PS0171,Bidar,2025-07-19 21:40,2025-07-19 23:40,Fraud,Cheating,BNS 318(4),17.767008,77.586549,P002364,P004328,"P008050, P001922",PI Harish Naik,Chargesheeted
FIR202504379,FIR/4379/2025,PS0196,Chamarajanagar,2025-07-19 19:42,2025-07-19 23:42,Burglary,Day Burglary,"BNS 331(3), BNS 331(4)",11.983603,76.937636,P000148,P009981,P001968,SI Mahesh Bhat,Chargesheeted
FIR202500523,FIR/0523/2025,PS0020,Bagalkote,2025-07-17 20:46,2025-07-19 23:46,NDPS,Possession of Narcotics,NDPS Act Sec 20(b),16.268095,75.58154,P006768,P007497,P007201,SI Prakash Sharma,Under Investigation
FIR202504070,FIR/4070/2025,PS0039,Ballari,2025-07-16 23:06,2025-07-20 01:06,Vehicle Theft,Two-Wheeler Theft,BNS 303(2),15.348821,76.917696,P003444,P005870,P009814,PI Naveen Patil,Chargesheeted
FIR202503731,FIR/3731/2025,PS0237,Chikkaballapura,2025-07-19 00:52,2025-07-20 03:52,Assault,Grievous Hurt,"BNS 115(2), BNS 117(2)",13.351967,77.660767,P004058,P006891,P009858,PI Ramesh Gowda,Chargesheeted
FIR202501032,FIR/1032/2025,PS0074,Bengaluru Rural,2025-07-18 21:26,2025-07-20 05:26,Assault,Grievous Hurt,"BNS 115(2), BNS 117(2)",13.177389,77.59048,P005397,P008833,P009196,SI Ravi Kumar,Closed
FIR202502619,FIR/2619/2025,PS0187,Bidar,2025-07-19 20:39,2025-07-20 06:39,Dacoity,Bank Dacoity,BNS 310(2),17.972934,77.696245,P002188,P006322,P005160,SI Ravi Kumar,Chargesheeted
FIR202502204,FIR/2204/2025,PS0060,Belagavi,2025-07-18 04:44,2025-07-20 06:44,NDPS,Possession of Narcotics,NDPS Act Sec 20(b),16.024219,74.514876,P002645,P001913,P009468,PI Ramesh Gowda,Chargesheeted
FIR202501917,FIR/1917/2025,PS0095,Bengaluru Rural,2025-07-15 01:49,2025-07-20 12:49,Cyber Crime,Identity Theft,"IT Act 66D, BNS 318(4)",13.083598,77.411647,P005074,P006295,P009405,PI Lakshmi Devi,Chargesheeted
FIR202503179,FIR/3179/2025,PS0086,Bengaluru Rural,2025-07-19 02:21,2025-07-20 14:21,Vehicle Theft,Two-Wheeler Theft,BNS 303(2),13.30326,77.493818,P001958,P007353,P003786,SI Mahesh Bhat,Under Investigation
FIR202502036,FIR/2036/2025,PS0220,Chamarajanagar,2025-07-20 05:08,2025-07-20 16:08,Assault,Grievous Hurt,"BNS 115(2), BNS 117(2)",11.799808,76.817604,P004304,P008820,P003269,SI Divya Hegde,Under Investigation
FIR202501666,FIR/1666/2025,PS0229,Chamarajanagar,2025-07-15 13:13,2025-07-20 23:13,Murder,Gang Conflict,BNS 103(1),12.059813,77.000744,P002466,P006697,P007815,PI Harish Naik,Under Investigation
FIR202500505,FIR/0505/2025,PS0210,Chamarajanagar,2025-07-20 12:34,2025-07-20 23:34,Cyber Crime,Identity Theft,"IT Act 66D, BNS 318(4)",12.007478,76.796617,P001627,P006451,P006226,PI Lakshmi Devi,Chargesheeted
FIR202504629,FIR/4629/2025,PS0145,Bengaluru Urban,2025-07-20 00:24,2025-07-21 03:24,Assault,Simple Assault,"BNS 115(2), BNS 117(2)",12.829158,77.600811,P000278,P006189,P003334,SI Mahesh Bhat,Under Investigation
FIR202503834,FIR/3834/2025,PS0067,Belagavi,2025-07-19 18:21,2025-07-21 04:21,POCSO,Harassment,"POCSO Act Sec 4, BNS 64",15.882326,74.715972,P007612,P004429,P004743,PI Ramesh Gowda,Chargesheeted
FIR202502263,FIR/2263/2025,PS0123,Bengaluru Urban,2025-07-17 19:15,2025-07-21 06:15,Fraud,Land Scam,BNS 318(4),13.020208,77.473377,P006584,P000152,P009392,PI Chetan Kumar,Under Investigation
FIR202503680,FIR/3680/2025,PS0180,Bidar,2025-07-19 08:23,2025-07-21 10:23,Assault,Grievous Hurt,"BNS 115(2), BNS 117(2)",18.028456,77.433644,P008831,P004700,P001093,PI Naveen Patil,Chargesheeted
FIR202500991,FIR/0991/2025,PS0124,Bengaluru Urban,2025-07-21 01:25,2025-07-21 11:25,Cyber Crime,Identity Theft,"IT Act 66D, BNS 318(4)",13.094243,77.667761,P002670,P005181,P008432,SI Prakash Sharma,Chargesheeted
FIR202500251,FIR/0251/2025,PS0212,Chamarajanagar,2025-07-20 07:52,2025-07-21 13:52,Theft,House Theft,BNS 303(2),12.016886,76.8516,P005297,P003032,P006184,PI Harish Naik,Chargesheeted
FIR202504366,FIR/4366/2025,PS0178,Bidar,2025-07-21 11:01,2025-07-21 16:01,NDPS,Possession of Narcotics,NDPS Act Sec 20(b),17.878328,77.473661,P007321,P004600,P007755,PI Harish Naik,Chargesheeted
FIR202502144,FIR/2144/2025,PS0002,Bagalkote,2025-07-18 09:11,2025-07-21 16:11,Robbery,Highway Robbery,BNS 309(4),16.118509,75.50194,P009720,P007856,P004974,PI Suresh Kulkarni,Chargesheeted
FIR202503796,FIR/3796/2025,PS0009,Bagalkote,2025-07-19 17:37,2025-07-21 19:37,Cyber Crime,Identity Theft,"IT Act 66D, BNS 318(4)",16.059572,75.781838,P005924,P006480,P000609,PI Suresh Kulkarni,Chargesheeted
FIR202501222,FIR/1222/2025,PS0086,Bengaluru Rural,2025-07-20 10:20,2025-07-21 20:20,Assault,Simple Assault,"BNS 115(2), BNS 117(2)",13.323782,77.467937,P003516,P007673,P002793,PI Chetan Kumar,Under Investigation
FIR202504941,FIR/4941/2025,PS0030,Ballari,2025-07-21 22:21,2025-07-22 01:21,Robbery,Highway Robbery,BNS 309(4),15.208643,76.811824,P002279,P008953,"P004431, P006155",PI Ramesh Gowda,Chargesheeted
FIR202502949,FIR/2949/2025,PS0196,Chamarajanagar,2025-07-20 05:57,2025-07-22 06:57,Vehicle Theft,Car Theft,BNS 303(2),11.982942,76.933036,P009106,P002016,P009747,SI Prakash Sharma,Under Investigation
FIR202501354,FIR/1354/2025,PS0230,Chamarajanagar,2025-07-19 03:33,2025-07-22 07:33,Murder,Gang Conflict,BNS 103(1),11.755017,77.042611,P007149,P008365,P007886,PI Harish Naik,Chargesheeted
FIR202503347,FIR/3347/2025,PS0226,Chamarajanagar,2025-07-21 21:24,2025-07-22 09:24,Burglary,Day Burglary,"BNS 331(3), BNS 331(4)",11.749349,77.020469,P005212,P002693,P004481,SI Divya Hegde,Chargesheeted
FIR202503557,FIR/3557/2025,PS0042,Ballari,2025-07-21 06:19,2025-07-22 12:19,NDPS,Possession of Narcotics,NDPS Act Sec 20(b),15.05942,77.013408,P005091,P006388,"P001763, P009666",PI Chetan Kumar,Chargesheeted
FIR202503134,FIR/3134/2025,PS0239,Chikkaballapura,2025-07-19 11:36,2025-07-22 12:36,Robbery,Highway Robbery,BNS 309(4),13.452609,77.689399,P007750,P005501,P006085,SI Divya Hegde,Under Investigation
FIR202503172,FIR/3172/2025,PS0118,Bengaluru Urban,2025-07-22 05:38,2025-07-22 13:38,Dacoity,Armed Dacoity,BNS 310(2),12.771248,77.682453,P006535,P004039,P004046,PI Lakshmi Devi,Chargesheeted
FIR202500470,FIR/0470/2025,PS0012,Bagalkote,2025-07-19 10:56,2025-07-22 13:56,Vehicle Theft,Car Theft,BNS 303(2),16.286839,75.8359,P009934,P004369,P006018,PI Ramesh Gowda,Closed
FIR202501310,FIR/1310/2025,PS0145,Bengaluru Urban,2025-07-22 11:18,2025-07-22 15:18,Vehicle Theft,Car Theft,BNS 303(2),12.79363,77.574554,P001816,P002147,P005365,PI Suresh Kulkarni,Chargesheeted
FIR202500929,FIR/0929/2025,PS0158,Bidar,2025-07-19 05:19,2025-07-22 16:19,Assault,Public Affray,"BNS 115(2), BNS 117(2)",17.919557,77.494458,P003472,P009079,P007610,PI Chetan Kumar,Chargesheeted
FIR202503079,FIR/3079/2025,PS0030,Ballari,2025-07-22 12:39,2025-07-22 16:39,Cyber Crime,Phishing,"IT Act 66D, BNS 318(4)",15.186077,76.843041,P003042,P003135,P009094,PI Naveen Patil,Chargesheeted
FIR202503137,FIR/3137/2025,PS0019,Bagalkote,2025-07-22 13:21,2025-07-22 22:21,Burglary,Day Burglary,"BNS 331(3), BNS 331(4)",16.044427,75.87409,P000219,P000123,P001237,SI Divya Hegde,Chargesheeted
FIR202501737,FIR/1737/2025,PS0122,Bengaluru Urban,2025-07-22 12:46,2025-07-22 22:46,Vehicle Theft,Car Theft,BNS 303(2),13.096371,77.558239,P009341,P008754,P009243,PI Ramesh Gowda,Chargesheeted
FIR202501828,FIR/1828/2025,PS0212,Chamarajanagar,2025-07-22 17:32,2025-07-22 23:32,Vehicle Theft,Two-Wheeler Theft,BNS 303(2),12.049113,76.842821,P009778,P002899,P007277,SI Divya Hegde,Chargesheeted
FIR202504982,FIR/4982/2025,PS0069,Belagavi,2025-07-20 02:04,2025-07-23 04:04,Dacoity,Armed Dacoity,BNS 310(2),15.830048,74.359597,P007306,P008146,P009385,SI Ravi Kumar,Under Investigation
FIR202504128,FIR/4128/2025,PS0240,Chikkaballapura,2025-07-22 23:29,2025-07-23 04:29,Vehicle Theft,Car Theft,BNS 303(2),13.383364,77.798108,P004649,P005609,P005857,PI Lakshmi Devi,Under Investigation
FIR202502329,FIR/2329/2025,PS0162,Bidar,2025-07-23 01:15,2025-07-23 06:15,Fraud,Corporate Fraud,BNS 318(4),18.019917,77.476368,P002848,P009144,P000749,PI Ramesh Gowda,Closed
FIR202500148,FIR/0148/2025,PS0120,Bengaluru Urban,2025-07-21 14:47,2025-07-23 15:47,Fraud,Land Scam,BNS 318(4),13.126165,77.404215,P001187,P001951,P007634,SI Divya Hegde,Chargesheeted
FIR202500895,FIR/0895/2025,PS0009,Bagalkote,2025-07-22 17:22,2025-07-23 23:22,Vehicle Theft,Two-Wheeler Theft,BNS 303(2),16.073485,75.745549,P001460,P005481,P008361,SI Prakash Sharma,Chargesheeted
FIR202502203,FIR/2203/2025,PS0049,Belagavi,2025-07-23 20:50,2025-07-23 23:50,Cyber Crime,Identity Theft,"IT Act 66D, BNS 318(4)",15.906157,74.556101,P007102,P000811,P006266,SI Ganesh Rao,Under Investigation
FIR202503406,FIR/3406/2025,PS0173,Bidar,2025-07-23 17:09,2025-07-24 04:09,Assault,Public Affray,"BNS 115(2), BNS 117(2)",17.767024,77.596495,P008022,P002077,P001017,PI Suresh Kulkarni,Chargesheeted
FIR202500088,FIR/0088/2025,PS0032,Ballari,2025-07-24 11:46,2025-07-24 13:46,Vehicle Theft,Car Theft,BNS 303(2),15.172711,76.907807,P006564,P005704,P003014,SI Ravi Kumar,Chargesheeted
FIR202500563,FIR/0563/2025,PS0228,Chamarajanagar,2025-07-24 12:48,2025-07-24 13:48,Fraud,Cheating,BNS 318(4),12.114105,77.1269,P009695,P005487,P009683,SI Divya Hegde,Chargesheeted
FIR202500693,FIR/0693/2025,PS0123,Bengaluru Urban,2025-07-21 12:51,2025-07-24 15:51,Cyber Crime,Financial Fraud,"IT Act 66D, BNS 318(4)",13.004195,77.494032,P009995,P000213,P000773,PI Chetan Kumar,Chargesheeted
FIR202500850,FIR/0850/2025,PS0226,Chamarajanagar,2025-07-23 03:52,2025-07-24 15:52,Theft,Pocket Pick,BNS 303(2),11.752655,77.027425,P001730,P007040,P004465,SI Divya Hegde,Under Investigation
FIR202500393,FIR/0393/2025,PS0133,Bengaluru Urban,2025-07-24 12:17,2025-07-24 16:17,Vehicle Theft,Car Theft,BNS 303(2),13.017652,77.517187,P001065,P007590,P007948,SI Divya Hegde,Under Investigation
FIR202504869,FIR/4869/2025,PS0143,Bengaluru Urban,2025-07-24 15:56,2025-07-24 20:56,NDPS,Possession of Narcotics,NDPS Act Sec 20(b),12.788395,77.394428,P006786,P002301,P007713,PI Chetan Kumar,Chargesheeted
FIR202504326,FIR/4326/2025,PS0178,Bidar,2025-07-22 16:59,2025-07-25 00:59,Dacoity,Bank Dacoity,BNS 310(2),17.863625,77.50016,P006647,P008660,P008312,PI Ramesh Gowda,Under Investigation
FIR202503649,FIR/3649/2025,PS0221,Chamarajanagar,2025-07-21 21:03,2025-07-25 03:03,POCSO,Harassment,"POCSO Act Sec 4, BNS 64",12.035818,77.106269,P007845,P005064,"P007873, P006421",SI Prakash Sharma,Chargesheeted
FIR202504783,FIR/4783/2025,PS0213,Chamarajanagar,2025-07-24 17:43,2025-07-25 04:43,Burglary,Day Burglary,"BNS 331(3), BNS 331(4)",12.054324,76.912779,P001442,P001561,P001659,SI Mahesh Bhat,Chargesheeted
FIR202500707,FIR/0707/2025,PS0191,Bidar,2025-07-24 02:25,2025-07-25 05:25,Dacoity,Armed Dacoity,BNS 310(2),17.922858,77.376572,P003485,P002243,P003423,SI Mahesh Bhat,Chargesheeted
FIR202500662,FIR/0662/2025,PS0024,Bagalkote,2025-07-23 22:39,2025-07-25 05:39,Robbery,Highway Robbery,BNS 309(4),16.394283,75.53169,P004278,P008588,P007325,SI Ganesh Rao,Closed
FIR202502377,FIR/2377/2025,PS0034,Ballari,2025-07-25 04:40,2025-07-25 06:40,Assault,Simple Assault,"BNS 115(2), BNS 117(2)",14.991191,77.104759,P007617,P009466,P007752,PI Chetan Kumar,Under Investigation
FIR202504160,FIR/4160/2025,PS0234,Chamarajanagar,2025-07-24 23:15,2025-07-25 10:15,Burglary,Night House Breaking,"BNS 331(3), BNS 331(4)",12.023191,76.811567,P006266,P003674,P004153,PI Ramesh Gowda,Under Investigation
FIR202504563,FIR/4563/2025,PS0164,Bidar,2025-07-25 05:39,2025-07-25 10:39,Assault,Public Affray,"BNS 115(2), BNS 117(2)",17.952609,77.466259,P000215,P001272,P005782,SI Prakash Sharma,Chargesheeted
FIR202503303,FIR/3303/2025,PS0103,Bengaluru Rural,2025-07-25 08:36,2025-07-25 15:36,Dacoity,Armed Dacoity,BNS 310(2),13.348795,77.453003,P005528,P002264,P004859,PI Chetan Kumar,Untraced
FIR202500641,FIR/0641/2025,PS0095,Bengaluru Rural,2025-07-24 10:33,2025-07-25 20:33,Fraud,Corporate Fraud,BNS 318(4),13.099396,77.388015,P005111,P008108,P001989,SI Divya Hegde,Chargesheeted
FIR202502938,FIR/2938/2025,PS0071,Bengaluru Rural,2025-07-25 18:51,2025-07-25 23:51,Dacoity,Bank Dacoity,BNS 310(2),13.036241,77.48513,P000262,P001831,P006809,SI Ganesh Rao,Under Investigation
FIR202502278,FIR/2278/2025,PS0127,Bengaluru Urban,2025-07-26 01:49,2025-07-26 05:49,Fraud,Land Scam,BNS 318(4),13.109231,77.639629,P007024,P002557,P007401,SI Ganesh Rao,Chargesheeted
FIR202501590,FIR/1590/2025,PS0035,Ballari,2025-07-25 02:59,2025-07-26 06:59,Vehicle Theft,Two-Wheeler Theft,BNS 303(2),15.234365,76.86594,P002473,P004527,P007964,PI Lakshmi Devi,Chargesheeted
FIR202502707,FIR/2707/2025,PS0102,Bengaluru Rural,2025-07-23 03:54,2025-07-26 07:54,Cyber Crime,Phishing,"IT Act 66D, BNS 318(4)",13.1051,77.664559,P004638,P006871,P003008,PI Harish Naik,Chargesheeted
FIR202503394,FIR/3394/2025,PS0209,Chamarajanagar,2025-07-26 02:44,2025-07-26 09:44,Assault,Grievous Hurt,"BNS 115(2), BNS 117(2)",12.068776,76.987052,P009591,P005484,P008282,PI Chetan Kumar,Under Investigation
FIR202503216,FIR/3216/2025,PS0034,Ballari,2025-07-25 08:18,2025-07-26 12:18,Assault,Grievous Hurt,"BNS 115(2), BNS 117(2)",14.993337,77.109577,P004927,P000277,P000613,PI Naveen Patil,Chargesheeted
FIR202502524,FIR/2524/2025,PS0238,Chikkaballapura,2025-07-26 12:44,2025-07-26 13:44,Murder,Gang Conflict,BNS 103(1),13.340735,77.90768,P005692,P003858,"P005218, P005591",PI Lakshmi Devi,Chargesheeted
FIR202503513,FIR/3513/2025,PS0023,Bagalkote,2025-07-26 12:16,2025-07-26 17:16,Assault,Simple Assault,"BNS 115(2), BNS 117(2)",16.101001,75.814437,P008506,P004307,P005615,PI Suresh Kulkarni,Under Investigation
FIR202503220,FIR/3220/2025,PS0035,Ballari,2025-07-26 05:42,2025-07-26 17:42,Vehicle Theft,Two-Wheeler Theft,BNS 303(2),15.218591,76.838881,P004402,P001766,P005546,SI Ganesh Rao,Chargesheeted
FIR202502946,FIR/2946/2025,PS0188,Bidar,2025-07-24 12:33,2025-07-26 23:33,Cyber Crime,Identity Theft,"IT Act 66D, BNS 318(4)",17.930661,77.718148,P000611,P009428,P008856,SI Prakash Sharma,Under Investigation
FIR202501273,FIR/1273/2025,PS0057,Belagavi,2025-07-26 14:46,2025-07-26 23:46,Assault,Grievous Hurt,"BNS 115(2), BNS 117(2)",15.687836,74.406969,P000572,P002562,P007092,SI Divya Hegde,Chargesheeted
FIR202501388,FIR/1388/2025,PS0034,Ballari,2025-07-26 19:19,2025-07-27 00:19,Murder,Dowry Homicide,BNS 103(1),14.98679,77.082937,P001415,P005742,P002868,PI Lakshmi Devi,Under Investigation
FIR202501780,FIR/1780/2025,PS0077,Bengaluru Rural,2025-07-24 19:11,2025-07-27 02:11,Dacoity,Bank Dacoity,BNS 310(2),13.371542,77.600145,P001362,P005317,P009208,PI Naveen Patil,Under Investigation
FIR202503844,FIR/3844/2025,PS0210,Chamarajanagar,2025-07-26 15:13,2025-07-27 02:13,NDPS,Possession of Narcotics,NDPS Act Sec 20(b),11.994341,76.800584,P001783,P009063,P001823,SI Prakash Sharma,Under Investigation
FIR202503488,FIR/3488/2025,PS0182,Bidar,2025-07-26 19:50,2025-07-27 02:50,Murder,Gang Conflict,BNS 103(1),17.902317,77.683608,P006534,P007446,P008482,PI Naveen Patil,Chargesheeted
FIR202503355,FIR/3355/2025,PS0225,Chamarajanagar,2025-07-26 21:56,2025-07-27 05:56,NDPS,Possession of Narcotics,NDPS Act Sec 20(b),11.999004,76.789764,P009135,P002924,P004168,SI Divya Hegde,Under Investigation
FIR202503412,FIR/3412/2025,PS0034,Ballari,2025-07-25 03:55,2025-07-27 06:55,Fraud,Corporate Fraud,BNS 318(4),15.010535,77.077401,P003244,P009219,P000026,PI Suresh Kulkarni,Chargesheeted
FIR202504746,FIR/4746/2025,PS0094,Bengaluru Rural,2025-07-27 06:06,2025-07-27 08:06,Assault,Public Affray,"BNS 115(2), BNS 117(2)",13.074918,77.671584,P005556,P008622,P004469,PI Harish Naik,Chargesheeted
FIR202500442,FIR/0442/2025,PS0030,Ballari,2025-07-27 01:31,2025-07-27 12:31,Assault,Public Affray,"BNS 115(2), BNS 117(2)",15.187408,76.829724,P004876,P001317,P003523,PI Ramesh Gowda,Under Investigation
FIR202502942,FIR/2942/2025,PS0011,Bagalkote,2025-07-27 03:34,2025-07-27 13:34,Fraud,Land Scam,BNS 318(4),16.17071,75.682251,P004728,P004380,P000517,PI Harish Naik,Under Investigation
FIR202504547,FIR/4547/2025,PS0023,Bagalkote,2025-07-27 03:34,2025-07-27 13:34,NDPS,Possession of Narcotics,NDPS Act Sec 20(b),16.09863,75.806466,P000028,P004857,P004787,SI Ravi Kumar,Under Investigation
FIR202500652,FIR/0652/2025,PS0147,Bengaluru Urban,2025-07-27 13:13,2025-07-27 14:13,Cyber Crime,Phishing,"IT Act 66D, BNS 318(4)",12.934018,77.535026,P002862,P001927,P007029,PI Ramesh Gowda,Chargesheeted
FIR202501012,FIR/1012/2025,PS0151,Bengaluru Urban,2025-07-24 07:43,2025-07-27 14:43,Cyber Crime,Phishing,"IT Act 66D, BNS 318(4)",12.861306,77.453038,P003974,P009817,P002566,PI Lakshmi Devi,Under Investigation
FIR202504138,FIR/4138/2025,PS0102,Bengaluru Rural,2025-07-26 07:27,2025-07-27 19:27,Robbery,Chain Snatching with Force,BNS 309(4),13.111946,77.653397,P007130,P005707,P001926,PI Lakshmi Devi,Chargesheeted
FIR202503740,FIR/3740/2025,PS0170,Bidar,2025-07-25 07:38,2025-07-27 19:38,Vehicle Theft,Two-Wheeler Theft,BNS 303(2),17.902449,77.394895,P002503,P005345,P000899,PI Ramesh Gowda,Chargesheeted
FIR202502757,FIR/2757/2025,PS0182,Bidar,2025-07-26 14:29,2025-07-27 20:29,Murder,Gang Conflict,BNS 103(1),17.905348,77.679109,P004313,P000149,P006770,SI Mahesh Bhat,Under Investigation
FIR202501991,FIR/1991/2025,PS0002,Bagalkote,2025-07-26 20:01,2025-07-27 21:01,Assault,Simple Assault,"BNS 115(2), BNS 117(2)",16.098137,75.518806,P006027,P004826,P005630,SI Mahesh Bhat,Under Investigation
FIR202502184,FIR/2184/2025,PS0226,Chamarajanagar,2025-07-27 11:52,2025-07-27 21:52,POCSO,Harassment,"POCSO Act Sec 4, BNS 64",11.772363,76.988329,P005032,P008644,P008943,SI Mahesh Bhat,Chargesheeted
FIR202504968,FIR/4968/2025,PS0229,Chamarajanagar,2025-07-27 21:42,2025-07-28 01:42,Assault,Grievous Hurt,"BNS 115(2), BNS 117(2)",12.035955,77.029121,P000251,P008862,P001881,PI Naveen Patil,Under Investigation
FIR202501022,FIR/1022/2025,PS0073,Bengaluru Rural,2025-07-26 21:13,2025-07-28 02:13,Murder,Dowry Homicide,BNS 103(1),13.34956,77.618915,P002908,P005824,P008074,PI Chetan Kumar,Under Investigation
FIR202504199,FIR/4199/2025,PS0050,Belagavi,2025-07-27 23:36,2025-07-28 02:36,Vehicle Theft,Car Theft,BNS 303(2),15.715397,74.308139,P007859,P000337,P001856,SI Prakash Sharma,Closed
FIR202501586,FIR/1586/2025,PS0248,Chikkaballapura,2025-07-26 18:54,2025-07-28 02:54,Assault,Simple Assault,"BNS 115(2), BNS 117(2)",13.258875,77.779456,P003807,P007257,P003636,SI Ravi Kumar,Under Investigation
FIR202504042,FIR/4042/2025,PS0038,Ballari,2025-07-25 18:07,2025-07-28 04:07,Assault,Simple Assault,"BNS 115(2), BNS 117(2)",15.067435,77.057404,P007958,P006329,P001445,PI Naveen Patil,Under Investigation
FIR202502088,FIR/2088/2025,PS0077,Bengaluru Rural,2025-07-27 16:09,2025-07-28 04:09,Theft,Pocket Pick,BNS 303(2),13.343564,77.614944,P005236,P000655,P009294,PI Suresh Kulkarni,Under Investigation
FIR202501858,FIR/1858/2025,PS0150,Bengaluru Urban,2025-07-26 20:14,2025-07-28 04:14,Assault,Simple Assault,"BNS 115(2), BNS 117(2)",13.093524,77.725493,P006732,P009335,P005124,SI Mahesh Bhat,Untraced
FIR202500937,FIR/0937/2025,PS0199,Chamarajanagar,2025-07-27 04:42,2025-07-28 08:42,Assault,Simple Assault,"BNS 115(2), BNS 117(2)",11.858128,77.064086,P006607,P002578,P004243,PI Lakshmi Devi,Under Investigation
FIR202502511,FIR/2511/2025,PS0018,Bagalkote,2025-07-28 15:07,2025-07-28 16:07,Cyber Crime,Identity Theft,"IT Act 66D, BNS 318(4)",16.214076,75.788202,P004065,P001123,P004038,PI Suresh Kulkarni,Chargesheeted
FIR202503235,FIR/3235/2025,PS0161,Bidar,2025-07-28 11:44,2025-07-28 17:44,Burglary,Day Burglary,"BNS 331(3), BNS 331(4)",17.967808,77.521729,P008317,P002180,P007796,PI Ramesh Gowda,Chargesheeted
FIR202500138,FIR/0138/2025,PS0053,Belagavi,2025-07-26 16:05,2025-07-29 00:05,Dacoity,Armed Dacoity,BNS 310(2),15.868036,74.307504,P007441,P009909,P006602,SI Ravi Kumar,Chargesheeted
FIR202504362,FIR/4362/2025,PS0072,Bengaluru Rural,2025-07-28 17:28,2025-07-29 01:28,Assault,Public Affray,"BNS 115(2), BNS 117(2)",13.316792,77.611067,P003403,P008009,P003317,SI Prakash Sharma,Chargesheeted
FIR202503790,FIR/3790/2025,PS0100,Bengaluru Rural,2025-07-24 01:41,2025-07-29 03:41,Cyber Crime,Financial Fraud,"IT Act 66D, BNS 318(4)",13.139591,77.548442,P009507,P001038,P005969,PI Chetan Kumar,Chargesheeted
FIR202501703,FIR/1703/2025,PS0170,Bidar,2025-07-27 10:14,2025-07-29 12:14,Assault,Public Affray,"BNS 115(2), BNS 117(2)",17.882943,77.379279,P008934,P004709,P000985,PI Naveen Patil,Under Investigation
FIR202501093,FIR/1093/2025,PS0157,Bidar,2025-07-29 08:58,2025-07-29 13:58,Vehicle Theft,Two-Wheeler Theft,BNS 303(2),17.808722,77.566677,P004838,P006052,P007002,PI Lakshmi Devi,Chargesheeted
FIR202502709,FIR/2709/2025,PS0014,Bagalkote,2025-07-28 09:25,2025-07-29 17:25,NDPS,Drug Trafficking,NDPS Act Sec 20(b),16.285117,75.855174,P001991,P006173,P009888,SI Prakash Sharma,Chargesheeted
FIR202502311,FIR/2311/2025,PS0211,Chamarajanagar,2025-07-29 08:31,2025-07-29 17:31,POCSO,Harassment,"POCSO Act Sec 4, BNS 64",11.837059,77.059829,P005371,P009353,P000537,PI Naveen Patil,Under Investigation
FIR202502810,FIR/2810/2025,PS0097,Bengaluru Rural,2025-07-29 17:17,2025-07-29 19:17,POCSO,Sexual Assault on Minor,"POCSO Act Sec 4, BNS 64",13.099972,77.479983,P008948,P003237,P001533,PI Ramesh Gowda,Under Investigation
FIR202500619,FIR/0619/2025,PS0213,Chamarajanagar,2025-07-27 16:16,2025-07-29 22:16,Assault,Public Affray,"BNS 115(2), BNS 117(2)",12.051131,76.918831,P001027,P008257,P009391,PI Chetan Kumar,Chargesheeted
FIR202503613,FIR/3613/2025,PS0206,Chamarajanagar,2025-07-28 19:08,2025-07-30 00:08,Robbery,Highway Robbery,BNS 309(4),11.836864,77.098211,P009246,P003386,P008339,SI Mahesh Bhat,Chargesheeted
FIR202504092,FIR/4092/2025,PS0174,Bidar,2025-07-29 15:09,2025-07-30 01:09,Assault,Simple Assault,"BNS 115(2), BNS 117(2)",17.879987,77.579243,P001598,P002753,P006718,PI Suresh Kulkarni,Untraced
FIR202504984,FIR/4984/2025,PS0053,Belagavi,2025-07-28 17:35,2025-07-30 01:35,NDPS,Drug Trafficking,NDPS Act Sec 20(b),15.863397,74.310337,P002153,P008281,"P009745, P000499",PI Ramesh Gowda,Chargesheeted
FIR202502057,FIR/2057/2025,PS0243,Chikkaballapura,2025-07-30 02:15,2025-07-30 03:15,Fraud,Cheating,BNS 318(4),13.454005,77.892031,P005311,P006181,P009229,PI Lakshmi Devi,Untraced
FIR202501044,FIR/1044/2025,PS0174,Bidar,2025-07-29 16:23,2025-07-30 03:23,Robbery,Highway Robbery,BNS 309(4),17.85139,77.561646,P006586,P003101,"P003210, P002018",SI Ganesh Rao,Untraced
FIR202504691,FIR/4691/2025,PS0069,Belagavi,2025-07-28 21:10,2025-07-30 05:10,Burglary,Day Burglary,"BNS 331(3), BNS 331(4)",15.821759,74.324467,P009899,P006180,P003156,PI Lakshmi Devi,Chargesheeted
FIR202500496,FIR/0496/2025,PS0106,Bengaluru Rural,2025-07-28 20:27,2025-07-30 07:27,POCSO,Harassment,"POCSO Act Sec 4, BNS 64",13.297382,77.541187,P003162,P007984,P005439,PI Lakshmi Devi,Under Investigation
FIR202502920,FIR/2920/2025,PS0185,Bidar,2025-07-29 01:41,2025-07-30 07:41,Burglary,Night House Breaking,"BNS 331(3), BNS 331(4)",17.901916,77.488671,P002880,P004232,P001105,PI Harish Naik,Under Investigation
FIR202501219,FIR/1219/2025,PS0029,Ballari,2025-07-29 23:58,2025-07-30 07:58,Cyber Crime,Financial Fraud,"IT Act 66D, BNS 318(4)",14.961488,76.889743,P000712,P007723,P001173,SI Ganesh Rao,Under Investigation
FIR202502136,FIR/2136/2025,PS0191,Bidar,2025-07-30 03:58,2025-07-30 09:58,NDPS,Possession of Narcotics,NDPS Act Sec 20(b),17.9385,77.385437,P006871,P000894,P001844,SI Ganesh Rao,Under Investigation
FIR202503075,FIR/3075/2025,PS0106,Bengaluru Rural,2025-07-30 07:26,2025-07-30 11:26,Cyber Crime,Identity Theft,"IT Act 66D, BNS 318(4)",13.304393,77.550701,P009377,P009011,P008343,PI Suresh Kulkarni,Chargesheeted
FIR202503729,FIR/3729/2025,PS0168,Bidar,2025-07-30 04:07,2025-07-30 15:07,Fraud,Cheating,BNS 318(4),17.71793,77.684689,P009977,P007219,P006134,PI Suresh Kulkarni,Under Investigation
FIR202501943,FIR/1943/2025,PS0205,Chamarajanagar,2025-07-25 17:41,2025-07-30 19:41,Vehicle Theft,Car Theft,BNS 303(2),11.946752,76.798762,P009805,P008926,P009441,PI Lakshmi Devi,Untraced
FIR202502077,FIR/2077/2025,PS0123,Bengaluru Urban,2025-07-29 20:50,2025-07-30 21:50,Vehicle Theft,Two-Wheeler Theft,BNS 303(2),13.004542,77.479155,P001599,P009546,P003433,SI Divya Hegde,Under Investigation
FIR202500120,FIR/0120/2025,PS0190,Bidar,2025-07-29 00:11,2025-07-31 02:11,Assault,Simple Assault,"BNS 115(2), BNS 117(2)",17.760837,77.591345,P003423,P005458,P002691,SI Mahesh Bhat,Untraced
FIR202501847,FIR/1847/2025,PS0073,Bengaluru Rural,2025-07-29 21:29,2025-07-31 02:29,POCSO,Harassment,"POCSO Act Sec 4, BNS 64",13.346179,77.592592,P005582,P010000,P004210,PI Ramesh Gowda,Under Investigation
FIR202503583,FIR/3583/2025,PS0037,Ballari,2025-07-31 07:36,2025-07-31 10:36,POCSO,Harassment,"POCSO Act Sec 4, BNS 64",15.067798,77.038276,P007620,P008908,"P007350, P005849",SI Divya Hegde,Under Investigation
FIR202500101,FIR/0101/2025,PS0004,Bagalkote,2025-07-30 04:56,2025-07-31 11:56,POCSO,Sexual Assault on Minor,"POCSO Act Sec 4, BNS 64",16.048821,75.702033,P008351,P000174,P000244,SI Divya Hegde,Under Investigation
FIR202501260,FIR/1260/2025,PS0109,Bengaluru Rural,2025-07-29 11:08,2025-07-31 12:08,POCSO,Sexual Assault on Minor,"POCSO Act Sec 4, BNS 64",13.089891,77.59315,P007789,P005552,P005926,SI Divya Hegde,Under Investigation
FIR202503485,FIR/3485/2025,PS0060,Belagavi,2025-07-31 11:13,2025-07-31 13:13,POCSO,Harassment,"POCSO Act Sec 4, BNS 64",16.014899,74.542419,P005127,P004513,P001376,PI Harish Naik,Closed
FIR202500440,FIR/0440/2025,PS0067,Belagavi,2025-07-31 05:02,2025-07-31 14:02,Fraud,Corporate Fraud,BNS 318(4),15.878386,74.678991,P002489,P002405,"P006386, P003280",SI Ganesh Rao,Chargesheeted
FIR202501143,FIR/1143/2025,PS0024,Bagalkote,2025-07-30 06:07,2025-07-31 14:07,POCSO,Sexual Assault on Minor,"POCSO Act Sec 4, BNS 64",16.394265,75.516852,P000933,P003204,"P002588, P005964",SI Ganesh Rao,Chargesheeted
FIR202501678,FIR/1678/2025,PS0199,Chamarajanagar,2025-07-30 02:35,2025-07-31 14:35,NDPS,Possession of Narcotics,NDPS Act Sec 20(b),11.871734,77.067619,P000379,P005467,P008778,SI Ganesh Rao,Chargesheeted
FIR202503080,FIR/3080/2025,PS0188,Bidar,2025-07-30 11:59,2025-07-31 14:59,Assault,Grievous Hurt,"BNS 115(2), BNS 117(2)",17.960296,77.695057,P006930,P009619,P001505,PI Suresh Kulkarni,Chargesheeted
FIR202504406,FIR/4406/2025,PS0130,Bengaluru Urban,2025-07-31 05:28,2025-07-31 15:28,Fraud,Corporate Fraud,BNS 318(4),13.111554,77.471262,P004701,P000700,P007713,PI Harish Naik,Under Investigation
FIR202503735,FIR/3735/2025,PS0201,Chamarajanagar,2025-07-31 13:06,2025-07-31 20:06,Assault,Grievous Hurt,"BNS 115(2), BNS 117(2)",12.009626,76.845003,P006611,P006756,P001941,SI Ganesh Rao,Under Investigation
FIR202501061,FIR/1061/2025,PS0005,Bagalkote,2025-07-31 13:50,2025-07-31 20:50,Dacoity,Bank Dacoity,BNS 310(2),16.170103,75.583661,P005465,P001816,P008695,SI Prakash Sharma,Under Investigation
FIR202500230,FIR/0230/2025,PS0091,Bengaluru Rural,2025-07-30 08:59,2025-07-31 20:59,Cyber Crime,Financial Fraud,"IT Act 66D, BNS 318(4)",13.067037,77.613462,P009602,P004296,P003114,PI Naveen Patil,Chargesheeted
FIR202501646,FIR/1646/2025,PS0033,Ballari,2025-07-29 11:34,2025-07-31 22:34,Robbery,Chain Snatching with Force,BNS 309(4),15.030586,76.824768,P001447,P009478,P004973,SI Ganesh Rao,Untraced
FIR202501138,FIR/1138/2025,PS0069,Belagavi,2025-07-28 22:15,2025-07-31 23:15,NDPS,Possession of Narcotics,NDPS Act Sec 20(b),15.836893,74.354751,P002648,P006317,P004915,PI Ramesh Gowda,Under Investigation
FIR202500177,FIR/0177/2025,PS0163,Bidar,2025-07-30 13:41,2025-08-01 00:41,Dacoity,Armed Dacoity,BNS 310(2),17.924942,77.569621,P007477,P002352,P001001,PI Harish Naik,Untraced
FIR202503354,FIR/3354/2025,PS0030,Ballari,2025-07-31 22:00,2025-08-01 05:00,Theft,Pocket Pick,BNS 303(2),15.174924,76.809929,P008807,P008652,P001062,SI Prakash Sharma,Closed
FIR202503270,FIR/3270/2025,PS0244,Chikkaballapura,2025-07-31 07:46,2025-08-01 10:46,Dacoity,Armed Dacoity,BNS 310(2),13.287176,77.895388,P005212,P006127,P009175,SI Divya Hegde,Under Investigation
FIR202501629,FIR/1629/2025,PS0179,Bidar,2025-08-01 07:29,2025-08-01 13:29,Theft,Pocket Pick,BNS 303(2),18.078666,77.391036,P001753,P005447,P007268,SI Divya Hegde,Chargesheeted
FIR202501329,FIR/1329/2025,PS0116,Bengaluru Urban,2025-08-01 02:31,2025-08-01 13:31,Fraud,Land Scam,BNS 318(4),13.000007,77.530047,P002659,P002031,P006482,SI Ravi Kumar,Chargesheeted
FIR202501894,FIR/1894/2025,PS0147,Bengaluru Urban,2025-07-29 04:02,2025-08-01 14:02,Cyber Crime,Phishing,"IT Act 66D, BNS 318(4)",12.917594,77.543526,P007047,P009572,P003691,SI Mahesh Bhat,Chargesheeted
FIR202502419,FIR/2419/2025,PS0060,Belagavi,2025-08-01 02:40,2025-08-01 14:40,POCSO,Sexual Assault on Minor,"POCSO Act Sec 4, BNS 64",16.007583,74.520865,P006451,P005996,P007713,PI Ramesh Gowda,Chargesheeted
FIR202503462,FIR/3462/2025,PS0015,Bagalkote,2025-07-31 06:01,2025-08-01 18:01,Cyber Crime,Financial Fraud,"IT Act 66D, BNS 318(4)",16.045839,75.68639,P004885,P003058,P000062,SI Ganesh Rao,Under Investigation
FIR202503236,FIR/3236/2025,PS0071,Bengaluru Rural,2025-08-01 06:47,2025-08-01 18:47,Cyber Crime,Financial Fraud,"IT Act 66D, BNS 318(4)",13.03639,77.499421,P009732,P005755,P005393,PI Naveen Patil,Under Investigation
FIR202502195,FIR/2195/2025,PS0129,Bengaluru Urban,2025-07-29 20:32,2025-08-01 21:32,Vehicle Theft,Car Theft,BNS 303(2),12.819757,77.778782,P007022,P002696,P001121,PI Naveen Patil,Chargesheeted
FIR202504472,FIR/4472/2025,PS0042,Ballari,2025-07-29 18:19,2025-08-01 22:19,Murder,Dowry Homicide,BNS 103(1),15.025321,76.986536,P008869,P001815,P008881,SI Divya Hegde,Chargesheeted
FIR202502250,FIR/2250/2025,PS0136,Bengaluru Urban,2025-07-29 17:31,2025-08-02 01:31,Cyber Crime,Phishing,"IT Act 66D, BNS 318(4)",12.806471,77.616304,P005306,P001924,P004210,PI Ramesh Gowda,Closed
FIR202500188,FIR/0188/2025,PS0238,Chikkaballapura,2025-07-31 18:47,2025-08-02 02:47,Fraud,Land Scam,BNS 318(4),13.318488,77.913822,P001028,P006592,P005978,SI Divya Hegde,Closed
FIR202502748,FIR/2748/2025,PS0164,Bidar,2025-07-31 18:06,2025-08-02 04:06,Dacoity,Armed Dacoity,BNS 310(2),17.953326,77.456769,P008395,P006614,P003159,PI Naveen Patil,Chargesheeted
FIR202504279,FIR/4279/2025,PS0210,Chamarajanagar,2025-08-01 19:00,2025-08-02 06:00,Vehicle Theft,Car Theft,BNS 303(2),12.020954,76.79534,P006674,P008673,P002791,SI Prakash Sharma,Chargesheeted
FIR202502841,FIR/2841/2025,PS0224,Chamarajanagar,2025-08-02 01:56,2025-08-02 06:56,Cyber Crime,Identity Theft,"IT Act 66D, BNS 318(4)",11.87243,76.817236,P003325,P009665,P003807,PI Naveen Patil,Under Investigation
FIR202502537,FIR/2537/2025,PS0227,Chamarajanagar,2025-08-02 05:07,2025-08-02 07:07,Cyber Crime,Phishing,"IT Act 66D, BNS 318(4)",11.912746,76.902804,P001384,P006904,P004461,SI Prakash Sharma,Untraced
FIR202502459,FIR/2459/2025,PS0081,Bengaluru Rural,2025-07-30 05:59,2025-08-02 08:59,Fraud,Corporate Fraud,BNS 318(4),13.180062,77.60573,P002838,P005505,"P009706, P001281",SI Divya Hegde,Chargesheeted
FIR202503718,FIR/3718/2025,PS0045,Ballari,2025-08-02 10:33,2025-08-02 14:33,Assault,Public Affray,"BNS 115(2), BNS 117(2)",14.995534,76.877939,P006266,P000271,P007207,PI Harish Naik,Under Investigation
FIR202501722,FIR/1722/2025,PS0220,Chamarajanagar,2025-07-31 15:08,2025-08-02 18:08,Cyber Crime,Identity Theft,"IT Act 66D, BNS 318(4)",11.8083,76.801012,P009091,P004771,P008922,PI Chetan Kumar,Under Investigation
FIR202500048,FIR/0048/2025,PS0162,Bidar,2025-08-02 06:34,2025-08-02 18:34,Robbery,Highway Robbery,BNS 309(4),18.005598,77.484714,P000497,P004058,P005236,SI Divya Hegde,Under Investigation
FIR202504594,FIR/4594/2025,PS0065,Belagavi,2025-08-02 18:45,2025-08-03 06:45,Assault,Simple Assault,"BNS 115(2), BNS 117(2)",15.744373,74.447714,P000470,P003532,P001121,SI Mahesh Bhat,Chargesheeted
FIR202502851,FIR/2851/2025,PS0230,Chamarajanagar,2025-08-01 19:41,2025-08-03 07:41,NDPS,Possession of Narcotics,NDPS Act Sec 20(b),11.74393,77.056038,P007830,P001697,P001478,PI Chetan Kumar,Under Investigation
FIR202502891,FIR/2891/2025,PS0085,Bengaluru Rural,2025-08-03 05:23,2025-08-03 13:23,Murder,Personal Enmity,BNS 103(1),13.091597,77.427722,P000750,P000677,P009629,PI Harish Naik,Under Investigation
FIR202500108,FIR/0108/2025,PS0053,Belagavi,2025-08-03 02:40,2025-08-03 13:40,Burglary,Night House Breaking,"BNS 331(3), BNS 331(4)",15.870132,74.317227,P001103,P002767,P001889,PI Naveen Patil,Chargesheeted
FIR202500155,FIR/0155/2025,PS0063,Belagavi,2025-08-03 10:43,2025-08-03 19:43,NDPS,Drug Trafficking,NDPS Act Sec 20(b),16.027829,74.696386,P007425,P002353,P000694,PI Harish Naik,Chargesheeted
FIR202504555,FIR/4555/2025,PS0244,Chikkaballapura,2025-08-03 08:24,2025-08-03 20:24,Vehicle Theft,Car Theft,BNS 303(2),13.30906,77.91124,P001818,P008609,P005532,PI Lakshmi Devi,Under Investigation
FIR202502935,FIR/2935/2025,PS0001,Bagalkote,2025-08-03 12:43,2025-08-03 21:43,Assault,Public Affray,"BNS 115(2), BNS 117(2)",16.168435,75.566188,P008005,P003936,P008648,PI Suresh Kulkarni,Closed
FIR202502940,FIR/2940/2025,PS0027,Ballari,2025-08-03 10:24,2025-08-03 22:24,Assault,Grievous Hurt,"BNS 115(2), BNS 117(2)",15.03352,77.087741,P004348,P003500,P003614,SI Divya Hegde,Chargesheeted
FIR202501810,FIR/1810/2025,PS0018,Bagalkote,2025-08-03 17:34,2025-08-04 00:34,Assault,Public Affray,"BNS 115(2), BNS 117(2)",16.185324,75.790984,P007432,P002567,"P008194, P005132",SI Prakash Sharma,Chargesheeted
FIR202500495,FIR/0495/2025,PS0164,Bidar,2025-08-03 21:19,2025-08-04 07:19,Murder,Gang Conflict,BNS 103(1),17.933664,77.474265,P007963,P003708,P008555,PI Suresh Kulkarni,Chargesheeted
FIR202501400,FIR/1400/2025,PS0032,Ballari,2025-08-03 03:37,2025-08-04 11:37,Murder,Gang Conflict,BNS 103(1),15.176498,76.901731,P003902,P008439,P004570,SI Ganesh Rao,Untraced
FIR202501151,FIR/1151/2025,PS0028,Ballari,2025-08-04 07:35,2025-08-04 12:35,NDPS,Drug Trafficking,NDPS Act Sec 20(b),15.018545,76.843551,P005347,P008806,P005512,SI Prakash Sharma,Chargesheeted
FIR202503009,FIR/3009/2025,PS0128,Bengaluru Urban,2025-07-31 11:08,2025-08-04 13:08,Burglary,Night House Breaking,"BNS 331(3), BNS 331(4)",13.015415,77.579572,P003895,P007238,P000178,PI Suresh Kulkarni,Chargesheeted
FIR202501267,FIR/1267/2025,PS0212,Chamarajanagar,2025-08-04 05:23,2025-08-04 16:23,Dacoity,Bank Dacoity,BNS 310(2),12.041564,76.82728,P001283,P008095,P006431,PI Harish Naik,Chargesheeted
FIR202504796,FIR/4796/2025,PS0042,Ballari,2025-08-04 17:16,2025-08-04 23:16,Fraud,Corporate Fraud,BNS 318(4),15.054622,76.990303,P000965,P006993,"P008824, P001399",PI Ramesh Gowda,Untraced
FIR202502535,FIR/2535/2025,PS0033,Ballari,2025-08-04 16:22,2025-08-05 00:22,NDPS,Drug Trafficking,NDPS Act Sec 20(b),15.027592,76.808464,P000446,P004821,P005593,SI Prakash Sharma,Chargesheeted
FIR202501516,FIR/1516/2025,PS0241,Chikkaballapura,2025-08-04 18:52,2025-08-05 01:52,NDPS,Possession of Narcotics,NDPS Act Sec 20(b),13.247515,77.899931,P008264,P001273,P008965,PI Lakshmi Devi,Untraced
FIR202501398,FIR/1398/2025,PS0048,Belagavi,2025-08-03 23:26,2025-08-05 02:26,Theft,Snatching,BNS 303(2),15.742631,74.502674,P005754,P006253,P002374,SI Ganesh Rao,Chargesheeted
FIR202503446,FIR/3446/2025,PS0224,Chamarajanagar,2025-08-04 23:28,2025-08-05 03:28,NDPS,Drug Trafficking,NDPS Act Sec 20(b),11.864836,76.799811,P006360,P001967,"P003215, P008715",SI Divya Hegde,Chargesheeted
FIR202503217,FIR/3217/2025,PS0114,Bengaluru Urban,2025-08-05 01:36,2025-08-05 03:36,Cyber Crime,Financial Fraud,"IT Act 66D, BNS 318(4)",12.962696,77.728744,P000905,P008328,P008289,PI Suresh Kulkarni,Chargesheeted
FIR202501314,FIR/1314/2025,PS0236,Chikkaballapura,2025-08-05 01:41,2025-08-05 07:41,Murder,Personal Enmity,BNS 103(1),13.611082,77.905088,P005201,P004700,P009709,SI Prakash Sharma,Chargesheeted
FIR202500687,FIR/0687/2025,PS0212,Chamarajanagar,2025-08-03 08:35,2025-08-05 09:35,NDPS,Drug Trafficking,NDPS Act Sec 20(b),12.040108,76.843721,P003325,P004741,P002478,PI Suresh Kulkarni,Chargesheeted
FIR202504721,FIR/4721/2025,PS0076,Bengaluru Rural,2025-08-04 07:06,2025-08-05 10:06,Assault,Public Affray,"BNS 115(2), BNS 117(2)",13.315128,77.779874,P009120,P009557,P001069,SI Ravi Kumar,Under Investigation
FIR202504468,FIR/4468/2025,PS0102,Bengaluru Rural,2025-08-02 02:18,2025-08-05 10:18,POCSO,Sexual Assault on Minor,"POCSO Act Sec 4, BNS 64",13.125114,77.646085,P002120,P005016,P006303,SI Prakash Sharma,Chargesheeted
FIR202501351,FIR/1351/2025,PS0154,Bidar,2025-08-05 09:59,2025-08-05 11:59,Burglary,Night House Breaking,"BNS 331(3), BNS 331(4)",17.89944,77.405369,P002251,P007071,"P004653, P000153",SI Ganesh Rao,Chargesheeted
FIR202504429,FIR/4429/2025,PS0108,Bengaluru Rural,2025-08-04 05:03,2025-08-05 12:03,Robbery,Highway Robbery,BNS 309(4),13.17883,77.442225,P007440,P008184,P004346,SI Ravi Kumar,Chargesheeted
FIR202504662,FIR/4662/2025,PS0052,Belagavi,2025-08-04 05:49,2025-08-05 14:49,Vehicle Theft,Car Theft,BNS 303(2),15.912083,74.306729,P001281,P008051,P008990,SI Ravi Kumar,Chargesheeted
FIR202500719,FIR/0719/2025,PS0100,Bengaluru Rural,2025-08-04 12:49,2025-08-05 21:49,Cyber Crime,Phishing,"IT Act 66D, BNS 318(4)",13.163237,77.543446,P007321,P005076,P006052,PI Harish Naik,Chargesheeted
FIR202500904,FIR/0904/2025,PS0023,Bagalkote,2025-08-05 16:34,2025-08-06 00:34,Murder,Personal Enmity,BNS 103(1),16.116111,75.813196,P008619,P009679,P000555,PI Suresh Kulkarni,Untraced
FIR202501675,FIR/1675/2025,PS0164,Bidar,2025-08-02 23:06,2025-08-06 02:06,Assault,Grievous Hurt,"BNS 115(2), BNS 117(2)",17.95766,77.451614,P008397,P001853,P008956,SI Ravi Kumar,Under Investigation
FIR202500766,FIR/0766/2025,PS0089,Bengaluru Rural,2025-08-05 17:11,2025-08-06 02:11,Murder,Personal Enmity,BNS 103(1),13.390769,77.619926,P006004,P006036,"P000155, P003482",PI Suresh Kulkarni,Chargesheeted
FIR202503274,FIR/3274/2025,PS0063,Belagavi,2025-08-03 17:41,2025-08-06 02:41,POCSO,Harassment,"POCSO Act Sec 4, BNS 64",16.008407,74.703404,P000808,P000967,P000578,SI Ravi Kumar,Chargesheeted
FIR202501402,FIR/1402/2025,PS0237,Chikkaballapura,2025-08-05 20:26,2025-08-06 03:26,NDPS,Drug Trafficking,NDPS Act Sec 20(b),13.36188,77.631737,P002247,P002256,P009487,PI Harish Naik,Under Investigation
FIR202502344,FIR/2344/2025,PS0108,Bengaluru Rural,2025-08-04 22:39,2025-08-06 03:39,NDPS,Drug Trafficking,NDPS Act Sec 20(b),13.207213,77.463088,P004399,P002164,P001079,PI Lakshmi Devi,Chargesheeted
FIR202504736,FIR/4736/2025,PS0018,Bagalkote,2025-08-05 01:38,2025-08-06 07:38,Theft,Snatching,BNS 303(2),16.189797,75.780284,P000171,P002482,P004225,PI Naveen Patil,Under Investigation
FIR202500601,FIR/0601/2025,PS0011,Bagalkote,2025-08-05 02:47,2025-08-06 07:47,Fraud,Cheating,BNS 318(4),16.167185,75.647586,P000029,P009636,P005242,PI Chetan Kumar,Chargesheeted
FIR202501996,FIR/1996/2025,PS0233,Chamarajanagar,2025-08-03 22:56,2025-08-06 09:56,Burglary,Day Burglary,"BNS 331(3), BNS 331(4)",11.739602,76.830358,P000108,P008516,P002333,PI Harish Naik,Under Investigation
FIR202502746,FIR/2746/2025,PS0097,Bengaluru Rural,2025-08-02 05:40,2025-08-06 13:40,Murder,Dowry Homicide,BNS 103(1),13.112034,77.465389,P002854,P006997,P001261,PI Lakshmi Devi,Under Investigation
FIR202500164,FIR/0164/2025,PS0232,Chamarajanagar,2025-08-06 12:39,2025-08-06 15:39,Cyber Crime,Identity Theft,"IT Act 66D, BNS 318(4)",11.800533,76.876293,P001739,P000070,P006821,SI Prakash Sharma,Chargesheeted
FIR202500305,FIR/0305/2025,PS0152,Bengaluru Urban,2025-08-06 07:40,2025-08-06 18:40,Theft,Pocket Pick,BNS 303(2),13.017326,77.383933,P004206,P006846,P009039,PI Chetan Kumar,Chargesheeted
FIR202503362,FIR/3362/2025,PS0142,Bengaluru Urban,2025-08-02 12:12,2025-08-06 20:12,Fraud,Land Scam,BNS 318(4),13.1107,77.768178,P003582,P007984,P007105,SI Divya Hegde,Under Investigation
FIR202501225,FIR/1225/2025,PS0225,Chamarajanagar,2025-08-06 14:28,2025-08-06 21:28,NDPS,Possession of Narcotics,NDPS Act Sec 20(b),11.999582,76.788313,P008286,P004455,"P004005, P001762",SI Ravi Kumar,Chargesheeted
FIR202500267,FIR/0267/2025,PS0093,Bengaluru Rural,2025-08-06 18:30,2025-08-06 21:30,Murder,Dowry Homicide,BNS 103(1),13.206896,77.56761,P002756,P003162,P003153,PI Lakshmi Devi,Under Investigation
FIR202504311,FIR/4311/2025,PS0136,Bengaluru Urban,2025-08-06 14:37,2025-08-06 22:37,Fraud,Corporate Fraud,BNS 318(4),12.811174,77.61207,P008546,P004142,P000416,SI Ganesh Rao,Chargesheeted
FIR202501121,FIR/1121/2025,PS0183,Bidar,2025-08-05 15:58,2025-08-07 01:58,Dacoity,Armed Dacoity,BNS 310(2),17.765349,77.396308,P008307,P005050,P008298,SI Ravi Kumar,Under Investigation
FIR202501449,FIR/1449/2025,PS0104,Bengaluru Rural,2025-08-03 00:54,2025-08-07 02:54,Burglary,Day Burglary,"BNS 331(3), BNS 331(4)",13.434997,77.559259,P008897,P002452,P009653,PI Suresh Kulkarni,Chargesheeted
FIR202501909,FIR/1909/2025,PS0139,Bengaluru Urban,2025-08-07 02:13,2025-08-07 05:13,Vehicle Theft,Car Theft,BNS 303(2),12.790927,77.538732,P008814,P007942,"P005131, P001950",SI Divya Hegde,Chargesheeted
FIR202500864,FIR/0864/2025,PS0023,Bagalkote,2025-08-05 19:05,2025-08-07 06:05,Theft,Snatching,BNS 303(2),16.090985,75.794788,P000928,P005134,P004765,PI Chetan Kumar,Closed
FIR202502368,FIR/2368/2025,PS0125,Bengaluru Urban,2025-08-07 00:24,2025-08-07 08:24,Theft,House Theft,BNS 303(2),12.796334,77.71023,P009273,P008240,P001615,PI Harish Naik,Chargesheeted
FIR202503806,FIR/3806/2025,PS0085,Bengaluru Rural,2025-08-04 22:39,2025-08-07 09:39,Cyber Crime,Phishing,"IT Act 66D, BNS 318(4)",13.110361,77.412591,P002069,P007153,P001282,SI Ravi Kumar,Chargesheeted
FIR202503601,FIR/3601/2025,PS0037,Ballari,2025-08-06 06:15,2025-08-07 10:15,Murder,Gang Conflict,BNS 103(1),15.06077,77.041706,P004591,P009485,P001166,PI Harish Naik,Under Investigation
FIR202502703,FIR/2703/2025,PS0074,Bengaluru Rural,2025-08-07 00:14,2025-08-07 12:14,Vehicle Theft,Car Theft,BNS 303(2),13.156499,77.58843,P004865,P005140,P008077,SI Divya Hegde,Chargesheeted
FIR202504916,FIR/4916/2025,PS0238,Chikkaballapura,2025-08-07 10:31,2025-08-07 15:31,Theft,Pocket Pick,BNS 303(2),13.320394,77.938008,P004795,P003786,"P009988, P009107",SI Ravi Kumar,Chargesheeted
FIR202500713,FIR/0713/2025,PS0080,Bengaluru Rural,2025-08-07 07:50,2025-08-07 15:50,Fraud,Corporate Fraud,BNS 318(4),13.366899,77.580782,P001195,P009321,"P004979, P000955",SI Ravi Kumar,Chargesheeted
FIR202503279,FIR/3279/2025,PS0088,Bengaluru Rural,2025-08-07 09:33,2025-08-07 16:33,Theft,Snatching,BNS 303(2),13.043832,77.411096,P008317,P001107,P000005,SI Ravi Kumar,Under Investigation
FIR202504760,FIR/4760/2025,PS0061,Belagavi,2025-08-07 09:10,2025-08-07 19:10,Dacoity,Armed Dacoity,BNS 310(2),16.036256,74.417067,P004412,P008611,P001126,SI Mahesh Bhat,Chargesheeted
FIR202504604,FIR/4604/2025,PS0001,Bagalkote,2025-08-05 19:25,2025-08-08 00:25,NDPS,Drug Trafficking,NDPS Act Sec 20(b),16.186332,75.563023,P000788,P003054,P007139,PI Harish Naik,Chargesheeted
FIR202504605,FIR/4605/2025,PS0220,Chamarajanagar,2025-08-06 23:43,2025-08-08 01:43,NDPS,Drug Trafficking,NDPS Act Sec 20(b),11.795263,76.778859,P006008,P003389,P002303,SI Ravi Kumar,Chargesheeted
FIR202500979,FIR/0979/2025,PS0174,Bidar,2025-08-07 19:04,2025-08-08 07:04,Cyber Crime,Phishing,"IT Act 66D, BNS 318(4)",17.863798,77.545903,P001945,P008916,P000821,SI Ravi Kumar,Under Investigation
FIR202503741,FIR/3741/2025,PS0153,Bidar,2025-08-08 08:32,2025-08-08 10:32,Dacoity,Armed Dacoity,BNS 310(2),17.74796,77.365124,P007236,P000342,P001558,PI Ramesh Gowda,Under Investigation
FIR202503273,FIR/3273/2025,PS0206,Chamarajanagar,2025-08-08 06:34,2025-08-08 10:34,Vehicle Theft,Car Theft,BNS 303(2),11.842649,77.100541,P008656,P007029,P002606,SI Prakash Sharma,Chargesheeted
FIR202500664,FIR/0664/2025,PS0130,Bengaluru Urban,2025-08-05 02:34,2025-08-08 10:34,Burglary,Night House Breaking,"BNS 331(3), BNS 331(4)",13.119194,77.464594,P002530,P002766,P004034,PI Naveen Patil,Under Investigation
FIR202503726,FIR/3726/2025,PS0204,Chamarajanagar,2025-08-07 05:12,2025-08-08 12:12,Burglary,Night House Breaking,"BNS 331(3), BNS 331(4)",12.056385,77.049757,P003351,P004415,P007117,PI Naveen Patil,Chargesheeted
FIR202503785,FIR/3785/2025,PS0122,Bengaluru Urban,2025-08-08 06:31,2025-08-08 12:31,Vehicle Theft,Car Theft,BNS 303(2),13.100551,77.559428,P006105,P009339,P003949,PI Naveen Patil,Chargesheeted
FIR202502495,FIR/2495/2025,PS0111,Bengaluru Urban,2025-08-08 09:59,2025-08-08 14:59,Cyber Crime,Phishing,"IT Act 66D, BNS 318(4)",12.776439,77.557665,P008293,P007659,"P002070, P007934",SI Prakash Sharma,Under Investigation
FIR202502612,FIR/2612/2025,PS0012,Bagalkote,2025-08-07 09:39,2025-08-08 15:39,Fraud,Cheating,BNS 318(4),16.276385,75.82472,P001220,P008321,P005266,PI Harish Naik,Under Investigation
FIR202501471,FIR/1471/2025,PS0135,Bengaluru Urban,2025-08-08 11:40,2025-08-08 15:40,Theft,Pocket Pick,BNS 303(2),12.925818,77.452964,P000229,P003050,"P006459, P001874",PI Harish Naik,Chargesheeted
FIR202500792,FIR/0792/2025,PS0100,Bengaluru Rural,2025-08-08 17:18,2025-08-08 18:18,POCSO,Harassment,"POCSO Act Sec 4, BNS 64",13.135345,77.528244,P009715,P004488,P002174,PI Harish Naik,Chargesheeted
FIR202503020,FIR/3020/2025,PS0119,Bengaluru Urban,2025-08-07 07:03,2025-08-08 19:03,Assault,Public Affray,"BNS 115(2), BNS 117(2)",12.811309,77.796139,P006581,P009443,P006032,PI Suresh Kulkarni,Chargesheeted
FIR202502060,FIR/2060/2025,PS0040,Ballari,2025-08-08 13:12,2025-08-08 19:12,Murder,Gang Conflict,BNS 103(1),15.314658,76.847204,P004010,P008506,P003536,PI Ramesh Gowda,Chargesheeted
FIR202502741,FIR/2741/2025,PS0042,Ballari,2025-08-08 18:30,2025-08-08 21:30,Robbery,Highway Robbery,BNS 309(4),15.034031,76.992901,P006355,P002512,"P009746, P003192",SI Divya Hegde,Chargesheeted
FIR202500930,FIR/0930/2025,PS0218,Chamarajanagar,2025-08-08 13:19,2025-08-09 00:19,Fraud,Corporate Fraud,BNS 318(4),11.881431,77.027688,P007002,P007772,P008099,PI Harish Naik,Under Investigation
FIR202500623,FIR/0623/2025,PS0042,Ballari,2025-08-04 22:11,2025-08-09 04:11,Vehicle Theft,Two-Wheeler Theft,BNS 303(2),15.052612,77.020268,P008465,P004553,P004958,SI Ganesh Rao,Under Investigation
FIR202503998,FIR/3998/2025,PS0174,Bidar,2025-08-09 03:21,2025-08-09 04:21,Assault,Public Affray,"BNS 115(2), BNS 117(2)",17.848846,77.574133,P001759,P009683,P000513,SI Divya Hegde,Under Investigation
FIR202501174,FIR/1174/2025,PS0207,Chamarajanagar,2025-08-08 23:46,2025-08-09 05:46,Fraud,Land Scam,BNS 318(4),12.089171,77.100824,P002030,P000960,P000136,PI Lakshmi Devi,Untraced
FIR202504628,FIR/4628/2025,PS0249,Chikkaballapura,2025-08-08 04:31,2025-08-09 09:31,Fraud,Corporate Fraud,BNS 318(4),13.496507,77.525445,P003217,P000378,P005935,PI Naveen Patil,Chargesheeted
FIR202502710,FIR/2710/2025,PS0059,Belagavi,2025-08-08 11:06,2025-08-09 14:06,Robbery,Chain Snatching with Force,BNS 309(4),15.807244,74.497244,P003130,P009816,P007361,PI Suresh Kulkarni,Under Investigation
FIR202501119,FIR/1119/2025,PS0175,Bidar,2025-08-09 09:44,2025-08-09 15:44,Robbery,Highway Robbery,BNS 309(4),18.010838,77.440203,P008787,P001347,P005607,PI Suresh Kulkarni,Chargesheeted
FIR202501970,FIR/1970/2025,PS0017,Bagalkote,2025-08-07 15:33,2025-08-09 19:33,Theft,Snatching,BNS 303(2),16.25622,75.541012,P001547,P007903,P005207,PI Naveen Patil,Chargesheeted
FIR202503739,FIR/3739/2025,PS0178,Bidar,2025-08-08 18:30,2025-08-09 20:30,Murder,Dowry Homicide,BNS 103(1),17.878326,77.495997,P009413,P000305,"P001716, P009423",PI Suresh Kulkarni,Untraced
FIR202502292,FIR/2292/2025,PS0214,Chamarajanagar,2025-08-08 16:33,2025-08-09 21:33,NDPS,Possession of Narcotics,NDPS Act Sec 20(b),11.946716,76.829938,P006257,P002841,P000120,PI Suresh Kulkarni,Chargesheeted
FIR202500313,FIR/0313/2025,PS0102,Bengaluru Rural,2025-08-07 14:59,2025-08-10 01:59,Fraud,Corporate Fraud,BNS 318(4),13.126803,77.644113,P009512,P001865,P003013,PI Naveen Patil,Under Investigation
FIR202500061,FIR/0061/2025,PS0220,Chamarajanagar,2025-08-08 23:49,2025-08-10 02:49,POCSO,Sexual Assault on Minor,"POCSO Act Sec 4, BNS 64",11.78543,76.792228,P004865,P004636,P000426,SI Ravi Kumar,Under Investigation
FIR202503288,FIR/3288/2025,PS0059,Belagavi,2025-08-06 15:03,2025-08-10 03:03,Dacoity,Bank Dacoity,BNS 310(2),15.796858,74.523522,P005506,P005042,P000171,PI Suresh Kulkarni,Closed
FIR202504085,FIR/4085/2025,PS0228,Chamarajanagar,2025-08-09 22:44,2025-08-10 04:44,Burglary,Day Burglary,"BNS 331(3), BNS 331(4)",12.125174,77.10395,P000688,P005251,P008050,PI Suresh Kulkarni,Chargesheeted
FIR202500456,FIR/0456/2025,PS0016,Bagalkote,2025-08-10 06:49,2025-08-10 08:49,Cyber Crime,Phishing,"IT Act 66D, BNS 318(4)",15.999216,75.655668,P009616,P000986,P000383,PI Naveen Patil,Chargesheeted
FIR202501480,FIR/1480/2025,PS0001,Bagalkote,2025-08-10 02:32,2025-08-10 09:32,Cyber Crime,Phishing,"IT Act 66D, BNS 318(4)",16.175649,75.590596,P003026,P004197,P000544,PI Ramesh Gowda,Under Investigation
FIR202500209,FIR/0209/2025,PS0181,Bidar,2025-08-09 08:08,2025-08-10 11:08,Robbery,Highway Robbery,BNS 309(4),17.992715,77.417741,P003083,P000128,P007167,PI Ramesh Gowda,Untraced
FIR202504002,FIR/4002/2025,PS0036,Ballari,2025-08-10 03:55,2025-08-10 11:55,Assault,Simple Assault,"BNS 115(2), BNS 117(2)",15.258076,76.754057,P009943,P006237,P000269,SI Ganesh Rao,Chargesheeted
FIR202501382,FIR/1382/2025,PS0228,Chamarajanagar,2025-08-09 11:16,2025-08-10 14:16,Robbery,Highway Robbery,BNS 309(4),12.124964,77.134125,P007523,P000740,"P007157, P009973",PI Lakshmi Devi,Chargesheeted
FIR202501330,FIR/1330/2025,PS0127,Bengaluru Urban,2025-08-10 13:31,2025-08-10 15:31,Cyber Crime,Financial Fraud,"IT Act 66D, BNS 318(4)",13.112478,77.63608,P003252,P008839,P005108,SI Ravi Kumar,Chargesheeted
FIR202501435,FIR/1435/2025,PS0230,Chamarajanagar,2025-08-05 10:47,2025-08-10 18:47,Cyber Crime,Financial Fraud,"IT Act 66D, BNS 318(4)",11.741688,77.070203,P002918,P004708,P000802,PI Lakshmi Devi,Under Investigation
FIR202502506,FIR/2506/2025,PS0142,Bengaluru Urban,2025-08-10 15:57,2025-08-10 18:57,NDPS,Possession of Narcotics,NDPS Act Sec 20(b),13.108742,77.759797,P002078,P001456,P000017,SI Mahesh Bhat,Chargesheeted
FIR202504260,FIR/4260/2025,PS0189,Bidar,2025-08-09 16:39,2025-08-11 00:39,Assault,Grievous Hurt,"BNS 115(2), BNS 117(2)",17.902185,77.376092,P006680,P007300,P000922,SI Mahesh Bhat,Chargesheeted
FIR202502396,FIR/2396/2025,PS0170,Bidar,2025-08-11 01:33,2025-08-11 04:33,Murder,Dowry Homicide,BNS 103(1),17.901602,77.374559,P006275,P008314,P007313,SI Ganesh Rao,Chargesheeted
FIR202502559,FIR/2559/2025,PS0193,Chamarajanagar,2025-08-11 01:18,2025-08-11 06:18,Fraud,Cheating,BNS 318(4),11.987891,76.844551,P009315,P001992,P008362,PI Harish Naik,Chargesheeted
FIR202500127,FIR/0127/2025,PS0069,Belagavi,2025-08-10 21:51,2025-08-11 08:51,NDPS,Possession of Narcotics,NDPS Act Sec 20(b),15.827166,74.351325,P003348,P005669,P006135,SI Ravi Kumar,Untraced
FIR202503191,FIR/3191/2025,PS0064,Belagavi,2025-08-10 06:02,2025-08-11 10:02,Theft,Snatching,BNS 303(2),15.906985,74.314089,P008811,P003194,P005586,PI Chetan Kumar,Chargesheeted
FIR202503925,FIR/3925/2025,PS0053,Belagavi,2025-08-11 08:08,2025-08-11 11:08,Robbery,Highway Robbery,BNS 309(4),15.867241,74.325033,P008825,P008195,P001156,SI Prakash Sharma,Chargesheeted
FIR202500754,FIR/0754/2025,PS0167,Bidar,2025-08-11 12:21,2025-08-11 13:21,POCSO,Sexual Assault on Minor,"POCSO Act Sec 4, BNS 64",18.04312,77.437615,P003805,P005123,P006898,PI Lakshmi Devi,Chargesheeted
FIR202500467,FIR/0467/2025,PS0068,Belagavi,2025-08-11 05:13,2025-08-11 14:13,Dacoity,Armed Dacoity,BNS 310(2),16.036485,74.363197,P002676,P009022,P002903,SI Ganesh Rao,Under Investigation
FIR202502410,FIR/2410/2025,PS0122,Bengaluru Urban,2025-08-06 15:47,2025-08-11 17:47,Burglary,Night House Breaking,"BNS 331(3), BNS 331(4)",13.10805,77.555046,P004857,P000432,P004376,PI Suresh Kulkarni,Under Investigation
FIR202503936,FIR/3936/2025,PS0182,Bidar,2025-08-10 10:58,2025-08-11 20:58,Assault,Grievous Hurt,"BNS 115(2), BNS 117(2)",17.913467,77.688656,P005175,P003515,P004223,PI Suresh Kulkarni,Chargesheeted
FIR202504957,FIR/4957/2025,PS0230,Chamarajanagar,2025-08-10 12:59,2025-08-11 21:59,Assault,Public Affray,"BNS 115(2), BNS 117(2)",11.769014,77.049974,P009965,P000327,"P004823, P003195",SI Ganesh Rao,Under Investigation
FIR202502496,FIR/2496/2025,PS0227,Chamarajanagar,2025-08-09 22:16,2025-08-11 23:16,POCSO,Harassment,"POCSO Act Sec 4, BNS 64",11.893908,76.911059,P000271,P008182,P009093,PI Lakshmi Devi,Under Investigation
FIR202502743,FIR/2743/2025,PS0002,Bagalkote,2025-08-11 16:45,2025-08-12 02:45,Assault,Simple Assault,"BNS 115(2), BNS 117(2)",16.097389,75.489607,P005729,P006268,P001401,PI Suresh Kulkarni,Under Investigation
FIR202500174,FIR/0174/2025,PS0248,Chikkaballapura,2025-08-11 00:53,2025-08-12 04:53,POCSO,Sexual Assault on Minor,"POCSO Act Sec 4, BNS 64",13.271762,77.766272,P001621,P006763,P005793,PI Suresh Kulkarni,Under Investigation
FIR202501873,FIR/1873/2025,PS0196,Chamarajanagar,2025-08-11 20:31,2025-08-12 06:31,Assault,Grievous Hurt,"BNS 115(2), BNS 117(2)",12.008248,76.953217,P000478,P007548,P008031,SI Prakash Sharma,Under Investigation
FIR202500872,FIR/0872/2025,PS0006,Bagalkote,2025-08-12 02:00,2025-08-12 07:00,Fraud,Land Scam,BNS 318(4),16.376959,75.746403,P006744,P009121,P008096,PI Chetan Kumar,Chargesheeted
FIR202500698,FIR/0698/2025,PS0140,Bengaluru Urban,2025-08-10 03:06,2025-08-12 07:06,Assault,Public Affray,"BNS 115(2), BNS 117(2)",13.030832,77.666026,P000808,P000796,P000475,SI Divya Hegde,Under Investigation
FIR202504700,FIR/4700/2025,PS0139,Bengaluru Urban,2025-08-09 00:21,2025-08-12 12:21,Burglary,Day Burglary,"BNS 331(3), BNS 331(4)",12.794114,77.549336,P003364,P006369,P000433,SI Mahesh Bhat,Untraced
FIR202501165,FIR/1165/2025,PS0238,Chikkaballapura,2025-08-11 10:48,2025-08-12 12:48,Burglary,Day Burglary,"BNS 331(3), BNS 331(4)",13.325023,77.939134,P007253,P007118,P005759,SI Prakash Sharma,Untraced
FIR202500162,FIR/0162/2025,PS0046,Belagavi,2025-08-12 10:09,2025-08-12 13:09,Fraud,Cheating,BNS 318(4),15.754262,74.51003,P006639,P003144,P003845,SI Mahesh Bhat,Under Investigation
FIR202504089,FIR/4089/2025,PS0233,Chamarajanagar,2025-08-12 07:10,2025-08-12 13:10,NDPS,Drug Trafficking,NDPS Act Sec 20(b),11.744207,76.825475,P000183,P003655,P009514,PI Lakshmi Devi,Chargesheeted
FIR202503962,FIR/3962/2025,PS0174,Bidar,2025-08-08 10:30,2025-08-12 13:30,Assault,Grievous Hurt,"BNS 115(2), BNS 117(2)",17.865882,77.574929,P005378,P002803,P002770,PI Ramesh Gowda,Chargesheeted
FIR202503934,FIR/3934/2025,PS0226,Chamarajanagar,2025-08-10 06:32,2025-08-12 13:32,Robbery,Chain Snatching with Force,BNS 309(4),11.766255,77.00762,P007722,P007073,P008401,SI Divya Hegde,Under Investigation
FIR202502728,FIR/2728/2025,PS0027,Ballari,2025-08-09 02:33,2025-08-12 13:33,Robbery,Chain Snatching with Force,BNS 309(4),15.029632,77.060901,P006505,P008453,P007355,SI Ravi Kumar,Under Investigation
FIR202504732,FIR/4732/2025,PS0163,Bidar,2025-08-10 13:07,2025-08-12 17:07,Dacoity,Armed Dacoity,BNS 310(2),17.943052,77.578453,P000665,P009584,P002498,SI Ravi Kumar,Under Investigation
FIR202503148,FIR/3148/2025,PS0082,Bengaluru Rural,2025-08-12 10:25,2025-08-12 19:25,Vehicle Theft,Two-Wheeler Theft,BNS 303(2),13.323426,77.405304,P009032,P008272,P004908,PI Lakshmi Devi,Chargesheeted
FIR202502475,FIR/2475/2025,PS0248,Chikkaballapura,2025-08-11 14:08,2025-08-12 20:08,Fraud,Corporate Fraud,BNS 318(4),13.255297,77.787515,P000005,P001265,P003781,PI Harish Naik,Chargesheeted
FIR202504551,FIR/4551/2025,PS0175,Bidar,2025-08-12 09:11,2025-08-12 21:11,Burglary,Day Burglary,"BNS 331(3), BNS 331(4)",18.003683,77.433561,P009055,P000033,P007448,SI Ganesh Rao,Under Investigation
FIR202503254,FIR/3254/2025,PS0071,Bengaluru Rural,2025-08-12 12:25,2025-08-12 21:25,Murder,Gang Conflict,BNS 103(1),13.053815,77.501422,P002443,P000228,P009882,PI Harish Naik,Chargesheeted
FIR202504038,FIR/4038/2025,PS0078,Bengaluru Rural,2025-08-12 21:41,2025-08-13 01:41,Cyber Crime,Financial Fraud,"IT Act 66D, BNS 318(4)",13.140753,77.557135,P006719,P003602,P001068,PI Chetan Kumar,Chargesheeted
FIR202502796,FIR/2796/2025,PS0118,Bengaluru Urban,2025-08-10 14:57,2025-08-13 02:57,Cyber Crime,Financial Fraud,"IT Act 66D, BNS 318(4)",12.783731,77.696461,P002199,P006941,P008240,PI Chetan Kumar,Chargesheeted
FIR202504538,FIR/4538/2025,PS0113,Bengaluru Urban,2025-08-12 21:13,2025-08-13 03:13,Cyber Crime,Financial Fraud,"IT Act 66D, BNS 318(4)",13.152039,77.502978,P005409,P007690,P001703,PI Ramesh Gowda,Under Investigation
FIR202502352,FIR/2352/2025,PS0191,Bidar,2025-08-10 19:51,2025-08-13 04:51,POCSO,Sexual Assault on Minor,"POCSO Act Sec 4, BNS 64",17.91134,77.397127,P001401,P006493,P005501,PI Suresh Kulkarni,Under Investigation
FIR202503131,FIR/3131/2025,PS0171,Bidar,2025-08-12 03:04,2025-08-13 05:04,NDPS,Possession of Narcotics,NDPS Act Sec 20(b),17.753783,77.551859,P003833,P007258,P006788,PI Ramesh Gowda,Under Investigation
FIR202501114,FIR/1114/2025,PS0160,Bidar,2025-08-12 06:11,2025-08-13 09:11,Burglary,Night House Breaking,"BNS 331(3), BNS 331(4)",17.867005,77.366315,P001814,P004280,P005920,PI Suresh Kulkarni,Untraced
FIR202503458,FIR/3458/2025,PS0177,Bidar,2025-08-10 05:27,2025-08-13 12:27,Assault,Grievous Hurt,"BNS 115(2), BNS 117(2)",18.065411,77.335102,P009495,P003452,P001615,PI Ramesh Gowda,Untraced
FIR202503687,FIR/3687/2025,PS0245,Chikkaballapura,2025-08-13 06:36,2025-08-13 12:36,Robbery,Highway Robbery,BNS 309(4),13.338508,77.78917,P005744,P008528,P005322,PI Harish Naik,Chargesheeted
FIR202501618,FIR/1618/2025,PS0148,Bengaluru Urban,2025-08-13 09:36,2025-08-13 15:36,Cyber Crime,Identity Theft,"IT Act 66D, BNS 318(4)",12.854741,77.640742,P001494,P004886,P004811,PI Ramesh Gowda,Chargesheeted
FIR202504015,FIR/4015/2025,PS0057,Belagavi,2025-08-13 06:12,2025-08-13 16:12,Burglary,Night House Breaking,"BNS 331(3), BNS 331(4)",15.687286,74.423687,P005037,P007419,"P006945, P009869",SI Ravi Kumar,Under Investigation
FIR202500487,FIR/0487/2025,PS0109,Bengaluru Rural,2025-08-13 17:06,2025-08-13 18:06,Vehicle Theft,Two-Wheeler Theft,BNS 303(2),13.104891,77.578402,P007892,P001509,P007815,SI Mahesh Bhat,Chargesheeted
FIR202504728,FIR/4728/2025,PS0224,Chamarajanagar,2025-08-11 20:07,2025-08-13 21:07,Burglary,Night House Breaking,"BNS 331(3), BNS 331(4)",11.871693,76.837972,P008858,P001063,P004064,PI Suresh Kulkarni,Chargesheeted
FIR202504016,FIR/4016/2025,PS0057,Belagavi,2025-08-10 15:42,2025-08-13 23:42,Assault,Simple Assault,"BNS 115(2), BNS 117(2)",15.689307,74.424698,P000113,P008719,P003681,PI Harish Naik,Chargesheeted
FIR202504907,FIR/4907/2025,PS0165,Bidar,2025-08-12 15:25,2025-08-14 03:25,Robbery,Chain Snatching with Force,BNS 309(4),18.052832,77.452822,P006656,P001005,P002824,SI Prakash Sharma,Chargesheeted
FIR202500228,FIR/0228/2025,PS0164,Bidar,2025-08-13 22:36,2025-08-14 03:36,Assault,Grievous Hurt,"BNS 115(2), BNS 117(2)",17.940191,77.45878,P005204,P009634,P008030,SI Mahesh Bhat,Chargesheeted
FIR202503553,FIR/3553/2025,PS0116,Bengaluru Urban,2025-08-09 21:05,2025-08-14 07:05,Fraud,Land Scam,BNS 318(4),12.998912,77.548071,P001076,P001212,P008588,SI Prakash Sharma,Chargesheeted
FIR202504029,FIR/4029/2025,PS0148,Bengaluru Urban,2025-08-14 01:24,2025-08-14 10:24,Assault,Public Affray,"BNS 115(2), BNS 117(2)",12.851987,77.667403,P006515,P007292,P006715,SI Ganesh Rao,Chargesheeted
FIR202501176,FIR/1176/2025,PS0200,Chamarajanagar,2025-08-14 09:37,2025-08-14 13:37,Fraud,Corporate Fraud,BNS 318(4),11.78032,77.028375,P002655,P000992,P009568,SI Divya Hegde,Chargesheeted
FIR202503885,FIR/3885/2025,PS0231,Chamarajanagar,2025-08-14 05:39,2025-08-14 13:39,Robbery,Highway Robbery,BNS 309(4),11.978722,77.006338,P006280,P007054,P006496,SI Prakash Sharma,Chargesheeted
FIR202503878,FIR/3878/2025,PS0164,Bidar,2025-08-14 04:56,2025-08-14 14:56,Vehicle Theft,Car Theft,BNS 303(2),17.949887,77.44166,P001958,P008848,P000452,SI Ganesh Rao,Under Investigation
FIR202504766,FIR/4766/2025,PS0159,Bidar,2025-08-14 07:28,2025-08-14 17:28,Burglary,Night House Breaking,"BNS 331(3), BNS 331(4)",18.052013,77.499706,P006736,P004136,P006492,PI Naveen Patil,Under Investigation
FIR202503336,FIR/3336/2025,PS0231,Chamarajanagar,2025-08-14 13:30,2025-08-14 17:30,Burglary,Night House Breaking,"BNS 331(3), BNS 331(4)",11.978883,77.000728,P002774,P007335,P005876,PI Naveen Patil,Chargesheeted
FIR202500412,FIR/0412/2025,PS0080,Bengaluru Rural,2025-08-12 06:44,2025-08-14 17:44,POCSO,Harassment,"POCSO Act Sec 4, BNS 64",13.38866,77.610065,P002622,P004922,P007268,SI Prakash Sharma,Chargesheeted
FIR202504522,FIR/4522/2025,PS0004,Bagalkote,2025-08-14 17:28,2025-08-14 19:28,Vehicle Theft,Car Theft,BNS 303(2),16.051682,75.686912,P007824,P002783,P004789,SI Prakash Sharma,Chargesheeted
FIR202500886,FIR/0886/2025,PS0074,Bengaluru Rural,2025-08-14 20:57,2025-08-14 23:57,Theft,Snatching,BNS 303(2),13.173753,77.592859,P007020,P001697,P005667,PI Chetan Kumar,Chargesheeted
FIR202502675,FIR/2675/2025,PS0078,Bengaluru Rural,2025-08-14 16:09,2025-08-15 00:09,Robbery,Chain Snatching with Force,BNS 309(4),13.114667,77.551347,P001034,P006043,P008525,PI Naveen Patil,Chargesheeted
FIR202504303,FIR/4303/2025,PS0111,Bengaluru Urban,2025-08-10 13:38,2025-08-15 00:38,Assault,Grievous Hurt,"BNS 115(2), BNS 117(2)",12.778181,77.576485,P008470,P001398,"P000572, P006693",SI Prakash Sharma,Under Investigation
FIR202501931,FIR/1931/2025,PS0110,Bengaluru Urban,2025-08-13 18:47,2025-08-15 01:47,Cyber Crime,Financial Fraud,"IT Act 66D, BNS 318(4)",13.152522,77.632892,P009196,P000878,P000188,SI Divya Hegde,Chargesheeted
FIR202501732,FIR/1732/2025,PS0068,Belagavi,2025-08-12 18:25,2025-08-15 02:25,Robbery,Chain Snatching with Force,BNS 309(4),16.013998,74.390513,P007147,P001517,P003714,PI Ramesh Gowda,Closed
FIR202503478,FIR/3478/2025,PS0169,Bidar,2025-08-14 01:17,2025-08-15 08:17,Assault,Public Affray,"BNS 115(2), BNS 117(2)",17.987101,77.727302,P001320,P000213,P003460,PI Ramesh Gowda,Under Investigation
FIR202503098,FIR/3098/2025,PS0213,Chamarajanagar,2025-08-14 23:44,2025-08-15 08:44,Vehicle Theft,Two-Wheeler Theft,BNS 303(2),12.049423,76.935257,P003690,P006768,P006402,SI Prakash Sharma,Under Investigation
FIR202504463,FIR/4463/2025,PS0154,Bidar,2025-08-13 05:47,2025-08-15 10:47,NDPS,Possession of Narcotics,NDPS Act Sec 20(b),17.878298,77.412979,P006701,P003361,P005018,SI Divya Hegde,Chargesheeted
FIR202502638,FIR/2638/2025,PS0216,Chamarajanagar,2025-08-15 04:31,2025-08-15 11:31,Robbery,Chain Snatching with Force,BNS 309(4),11.7718,76.972415,P004710,P000658,P003169,PI Harish Naik,Under Investigation
FIR202504843,FIR/4843/2025,PS0091,Bengaluru Rural,2025-08-15 03:05,2025-08-15 12:05,POCSO,Harassment,"POCSO Act Sec 4, BNS 64",13.040566,77.642222,P006644,P000903,P001812,PI Naveen Patil,Untraced
FIR202504229,FIR/4229/2025,PS0113,Bengaluru Urban,2025-08-15 14:22,2025-08-15 15:22,Vehicle Theft,Car Theft,BNS 303(2),13.147057,77.493177,P002895,P001303,P007749,SI Ravi Kumar,Chargesheeted
FIR202501945,FIR/1945/2025,PS0039,Ballari,2025-08-14 10:43,2025-08-15 15:43,Murder,Gang Conflict,BNS 103(1),15.317779,76.940097,P001088,P008442,"P009719, P002578",PI Suresh Kulkarni,Under Investigation
FIR202503935,FIR/3935/2025,PS0182,Bidar,2025-08-14 09:07,2025-08-15 16:07,Fraud,Corporate Fraud,BNS 318(4),17.912693,77.667869,P004028,P008820,P008114,PI Ramesh Gowda,Chargesheeted
FIR202503665,FIR/3665/2025,PS0118,Bengaluru Urban,2025-08-15 07:26,2025-08-15 17:26,Fraud,Corporate Fraud,BNS 318(4),12.793003,77.686033,P009396,P005356,P004233,PI Suresh Kulkarni,Chargesheeted
FIR202500731,FIR/0731/2025,PS0020,Bagalkote,2025-08-11 12:54,2025-08-16 00:54,POCSO,Sexual Assault on Minor,"POCSO Act Sec 4, BNS 64",16.235728,75.598464,P007696,P004745,P009567,SI Divya Hegde,Chargesheeted
FIR202502465,FIR/2465/2025,PS0123,Bengaluru Urban,2025-08-15 01:31,2025-08-16 04:31,Vehicle Theft,Two-Wheeler Theft,BNS 303(2),13.038241,77.470158,P008838,P001443,P003561,SI Divya Hegde,Under Investigation
FIR202502201,FIR/2201/2025,PS0001,Bagalkote,2025-08-16 03:28,2025-08-16 08:28,Robbery,Highway Robbery,BNS 309(4),16.199745,75.593557,P008259,P005890,P005522,PI Ramesh Gowda,Under Investigation
FIR202501036,FIR/1036/2025,PS0105,Bengaluru Rural,2025-08-15 00:14,2025-08-16 11:14,POCSO,Sexual Assault on Minor,"POCSO Act Sec 4, BNS 64",13.14837,77.638997,P002328,P000297,P002579,SI Divya Hegde,Chargesheeted
FIR202500377,FIR/0377/2025,PS0162,Bidar,2025-08-16 09:36,2025-08-16 11:36,Fraud,Land Scam,BNS 318(4),18.016329,77.47936,P008139,P001492,P001340,PI Ramesh Gowda,Under Investigation
FIR202502635,FIR/2635/2025,PS0089,Bengaluru Rural,2025-08-16 04:47,2025-08-16 11:47,Assault,Public Affray,"BNS 115(2), BNS 117(2)",13.35657,77.617516,P003423,P004068,P006503,PI Chetan Kumar,Chargesheeted
FIR202501326,FIR/1326/2025,PS0016,Bagalkote,2025-08-16 01:08,2025-08-16 12:08,Vehicle Theft,Car Theft,BNS 303(2),15.970403,75.665441,P003541,P002633,P009290,PI Ramesh Gowda,Under Investigation
FIR202501344,FIR/1344/2025,PS0231,Chamarajanagar,2025-08-16 10:20,2025-08-16 12:20,Assault,Public Affray,"BNS 115(2), BNS 117(2)",11.948752,77.010281,P000647,P008885,P004086,PI Naveen Patil,Under Investigation
FIR202501047,FIR/1047/2025,PS0024,Bagalkote,2025-08-15 03:22,2025-08-16 15:22,Robbery,Chain Snatching with Force,BNS 309(4),16.379447,75.524794,P008783,P004953,P002823,PI Ramesh Gowda,Chargesheeted
FIR202501911,FIR/1911/2025,PS0075,Bengaluru Rural,2025-08-16 15:26,2025-08-16 18:26,NDPS,Possession of Narcotics,NDPS Act Sec 20(b),13.204725,77.531519,P001445,P005921,P001207,PI Chetan Kumar,Chargesheeted
FIR202500240,FIR/0240/2025,PS0175,Bidar,2025-08-15 17:24,2025-08-16 19:24,Burglary,Night House Breaking,"BNS 331(3), BNS 331(4)",17.996375,77.424264,P002260,P002743,P001579,PI Lakshmi Devi,Untraced
FIR202501055,FIR/1055/2025,PS0017,Bagalkote,2025-08-13 19:12,2025-08-16 21:12,Murder,Personal Enmity,BNS 103(1),16.281649,75.577274,P005682,P006908,P006325,SI Prakash Sharma,Under Investigation
FIR202501669,FIR/1669/2025,PS0058,Belagavi,2025-08-15 20:06,2025-08-16 22:06,Theft,House Theft,BNS 303(2),15.705089,74.376702,P000202,P008172,P002237,PI Suresh Kulkarni,Chargesheeted
FIR202502318,FIR/2318/2025,PS0118,Bengaluru Urban,2025-08-15 12:14,2025-08-16 22:14,Cyber Crime,Identity Theft,"IT Act 66D, BNS 318(4)",12.778461,77.682739,P007711,P005405,P003498,PI Harish Naik,Chargesheeted
FIR202504920,FIR/4920/2025,PS0214,Chamarajanagar,2025-08-15 12:11,2025-08-16 23:11,Cyber Crime,Financial Fraud,"IT Act 66D, BNS 318(4)",11.920444,76.826608,P006114,P009970,P009865,SI Ganesh Rao,Chargesheeted
FIR202503877,FIR/3877/2025,PS0170,Bidar,2025-08-16 12:39,2025-08-17 00:39,NDPS,Possession of Narcotics,NDPS Act Sec 20(b),17.891675,77.39191,P001208,P003440,P003867,PI Suresh Kulkarni,Chargesheeted
FIR202501999,FIR/1999/2025,PS0208,Chamarajanagar,2025-08-15 05:04,2025-08-17 06:04,Theft,House Theft,BNS 303(2),11.807142,77.125747,P002019,P003599,P007317,PI Suresh Kulkarni,Under Investigation
FIR202503939,FIR/3939/2025,PS0233,Chamarajanagar,2025-08-17 02:13,2025-08-17 07:13,Dacoity,Bank Dacoity,BNS 310(2),11.7306,76.819222,P005045,P007345,P006370,PI Harish Naik,Chargesheeted
FIR202502808,FIR/2808/2025,PS0110,Bengaluru Urban,2025-08-17 00:16,2025-08-17 08:16,Murder,Dowry Homicide,BNS 103(1),13.152054,77.648688,P003067,P003761,P002916,PI Chetan Kumar,Under Investigation
FIR202500818,FIR/0818/2025,PS0115,Bengaluru Urban,2025-08-14 02:51,2025-08-17 08:51,Murder,Dowry Homicide,BNS 103(1),12.890884,77.383595,P001653,P002250,P006338,SI Ravi Kumar,Under Investigation
FIR202500312,FIR/0312/2025,PS0151,Bengaluru Urban,2025-08-17 00:36,2025-08-17 10:36,Assault,Grievous Hurt,"BNS 115(2), BNS 117(2)",12.87483,77.474368,P007757,P005929,P008667,PI Chetan Kumar,Under Investigation
FIR202503848,FIR/3848/2025,PS0221,Chamarajanagar,2025-08-17 07:33,2025-08-17 13:33,Dacoity,Bank Dacoity,BNS 310(2),12.053509,77.087932,P004853,P009659,P002322,PI Suresh Kulkarni,Under Investigation
FIR202504371,FIR/4371/2025,PS0209,Chamarajanagar,2025-08-17 06:54,2025-08-17 14:54,Murder,Personal Enmity,BNS 103(1),12.073087,77.009026,P007440,P009131,P007873,PI Harish Naik,Chargesheeted
FIR202503761,FIR/3761/2025,PS0203,Chamarajanagar,2025-08-17 05:27,2025-08-17 17:27,Fraud,Cheating,BNS 318(4),11.914859,76.85462,P004757,P006474,P000172,SI Ravi Kumar,Untraced
FIR202500389,FIR/0389/2025,PS0192,Bidar,2025-08-14 15:32,2025-08-17 18:32,Robbery,Chain Snatching with Force,BNS 309(4),17.976364,77.329643,P003257,P002905,P008346,SI Prakash Sharma,Chargesheeted
FIR202504769,FIR/4769/2025,PS0006,Bagalkote,2025-08-16 17:09,2025-08-17 22:09,Fraud,Land Scam,BNS 318(4),16.37336,75.748289,P002305,P005676,P004985,PI Chetan Kumar,Under Investigation
FIR202502415,FIR/2415/2025,PS0146,Bengaluru Urban,2025-08-16 18:10,2025-08-17 22:10,Fraud,Cheating,BNS 318(4),12.957408,77.760963,P003867,P009947,P009971,PI Naveen Patil,Untraced
FIR202503123,FIR/3123/2025,PS0026,Ballari,2025-08-15 21:48,2025-08-18 02:48,Burglary,Day Burglary,"BNS 331(3), BNS 331(4)",15.210613,76.952499,P002794,P005838,P005633,SI Ganesh Rao,Under Investigation
FIR202503492,FIR/3492/2025,PS0001,Bagalkote,2025-08-16 21:09,2025-08-18 04:09,Murder,Gang Conflict,BNS 103(1),16.165592,75.581434,P003608,P006610,P007326,PI Suresh Kulkarni,Under Investigation
FIR202502514,FIR/2514/2025,PS0147,Bengaluru Urban,2025-08-14 04:03,2025-08-18 05:03,Burglary,Night House Breaking,"BNS 331(3), BNS 331(4)",12.898698,77.542815,P008147,P008298,P009037,PI Harish Naik,Chargesheeted
FIR202500005,FIR/0005/2025,PS0137,Bengaluru Urban,2025-08-15 20:51,2025-08-18 05:51,Fraud,Land Scam,BNS 318(4),12.855753,77.714329,P000903,P000490,P003003,SI Divya Hegde,Chargesheeted
FIR202504552,FIR/4552/2025,PS0104,Bengaluru Rural,2025-08-17 19:06,2025-08-18 06:06,Cyber Crime,Phishing,"IT Act 66D, BNS 318(4)",13.425458,77.562587,P006667,P002279,P002661,SI Mahesh Bhat,Untraced
FIR202504062,FIR/4062/2025,PS0032,Ballari,2025-08-17 05:52,2025-08-18 08:52,Dacoity,Bank Dacoity,BNS 310(2),15.152076,76.887148,P005721,P002532,P005679,SI Ravi Kumar,Chargesheeted
FIR202502885,FIR/2885/2025,PS0075,Bengaluru Rural,2025-08-18 10:38,2025-08-18 12:38,Robbery,Highway Robbery,BNS 309(4),13.196502,77.517048,P006817,P000130,"P006672, P007975",SI Ganesh Rao,Untraced
FIR202501701,FIR/1701/2025,PS0037,Ballari,2025-08-18 05:31,2025-08-18 13:31,NDPS,Drug Trafficking,NDPS Act Sec 20(b),15.065873,77.040859,P006843,P000376,P001036,SI Ravi Kumar,Chargesheeted
FIR202502686,FIR/2686/2025,PS0104,Bengaluru Rural,2025-08-18 11:50,2025-08-18 14:50,Theft,House Theft,BNS 303(2),13.409762,77.539251,P005809,P003472,P004863,SI Divya Hegde,Chargesheeted
FIR202501259,FIR/1259/2025,PS0139,Bengaluru Urban,2025-08-18 07:43,2025-08-18 16:43,Cyber Crime,Financial Fraud,"IT Act 66D, BNS 318(4)",12.827674,77.539411,P004022,P005531,"P004904, P003010",PI Chetan Kumar,Chargesheeted
FIR202500927,FIR/0927/2025,PS0221,Chamarajanagar,2025-08-18 15:49,2025-08-18 18:49,Dacoity,Bank Dacoity,BNS 310(2),12.033663,77.113925,P007945,P007724,P009746,PI Naveen Patil,Untraced
FIR202501501,FIR/1501/2025,PS0080,Bengaluru Rural,2025-08-18 18:12,2025-08-18 19:12,Cyber Crime,Phishing,"IT Act 66D, BNS 318(4)",13.389205,77.599389,P004314,P008820,P009430,SI Ganesh Rao,Under Investigation
FIR202501108,FIR/1108/2025,PS0039,Ballari,2025-08-18 12:42,2025-08-18 23:42,Murder,Personal Enmity,BNS 103(1),15.33041,76.939391,P008861,P005943,P001754,SI Mahesh Bhat,Chargesheeted
FIR202501877,FIR/1877/2025,PS0045,Ballari,2025-08-18 23:08,2025-08-19 01:08,Murder,Gang Conflict,BNS 103(1),15.006482,76.895464,P008669,P007609,P003062,PI Harish Naik,Chargesheeted
FIR202500024,FIR/0024/2025,PS0206,Chamarajanagar,2025-08-18 16:44,2025-08-19 02:44,Cyber Crime,Identity Theft,"IT Act 66D, BNS 318(4)",11.818527,77.09899,P004257,P007112,P001970,PI Suresh Kulkarni,Under Investigation
FIR202502108,FIR/2108/2025,PS0108,Bengaluru Rural,2025-08-18 03:08,2025-08-19 05:08,POCSO,Harassment,"POCSO Act Sec 4, BNS 64",13.18285,77.468309,P009288,P004616,"P005109, P000358",SI Divya Hegde,Under Investigation
FIR202500916,FIR/0916/2025,PS0060,Belagavi,2025-08-18 18:36,2025-08-19 05:36,Theft,House Theft,BNS 303(2),16.028804,74.512624,P000066,P001228,P007668,SI Ravi Kumar,Chargesheeted
FIR202500131,FIR/0131/2025,PS0196,Chamarajanagar,2025-08-16 23:50,2025-08-19 05:50,Assault,Grievous Hurt,"BNS 115(2), BNS 117(2)",11.980393,76.956243,P005987,P003555,P001396,PI Chetan Kumar,Chargesheeted
FIR202501274,FIR/1274/2025,PS0010,Bagalkote,2025-08-18 00:42,2025-08-19 08:42,Robbery,Chain Snatching with Force,BNS 309(4),16.159068,75.82608,P008602,P005549,P009958,SI Prakash Sharma,Untraced
FIR202503339,FIR/3339/2025,PS0206,Chamarajanagar,2025-08-18 01:50,2025-08-19 09:50,Burglary,Day Burglary,"BNS 331(3), BNS 331(4)",11.818049,77.091322,P006639,P009142,P008306,PI Suresh Kulkarni,Under Investigation
FIR202500093,FIR/0093/2025,PS0223,Chamarajanagar,2025-08-16 06:42,2025-08-19 10:42,Fraud,Cheating,BNS 318(4),11.872124,76.775702,P000294,P000042,P000622,SI Mahesh Bhat,Closed
FIR202501062,FIR/1062/2025,PS0130,Bengaluru Urban,2025-08-18 10:50,2025-08-19 13:50,Assault,Public Affray,"BNS 115(2), BNS 117(2)",13.098568,77.4626,P007299,P006898,"P006212, P009264",PI Suresh Kulkarni,Chargesheeted
FIR202504307,FIR/4307/2025,PS0141,Bengaluru Urban,2025-08-19 06:31,2025-08-19 14:31,Cyber Crime,Identity Theft,"IT Act 66D, BNS 318(4)",12.865704,77.406609,P007196,P005098,P002557,PI Ramesh Gowda,Closed
FIR202503171,FIR/3171/2025,PS0052,Belagavi,2025-08-19 14:01,2025-08-19 19:01,Cyber Crime,Phishing,"IT Act 66D, BNS 318(4)",15.926243,74.284099,P003550,P006080,P006708,SI Divya Hegde,Under Investigation
FIR202503240,FIR/3240/2025,PS0242,Chikkaballapura,2025-08-19 17:09,2025-08-19 21:09,Burglary,Day Burglary,"BNS 331(3), BNS 331(4)",13.295863,77.847283,P000041,P007631,P007005,SI Divya Hegde,Under Investigation
FIR202502542,FIR/2542/2025,PS0073,Bengaluru Rural,2025-08-19 15:23,2025-08-19 22:23,Burglary,Night House Breaking,"BNS 331(3), BNS 331(4)",13.346437,77.599352,P008998,P000375,P009794,PI Lakshmi Devi,Under Investigation
FIR202500953,FIR/0953/2025,PS0249,Chikkaballapura,2025-08-18 14:27,2025-08-19 22:27,Robbery,Chain Snatching with Force,BNS 309(4),13.479667,77.543869,P005823,P009356,P000457,PI Ramesh Gowda,Chargesheeted
FIR202500607,FIR/0607/2025,PS0041,Ballari,2025-08-19 20:40,2025-08-20 05:40,Theft,Pocket Pick,BNS 303(2),15.251373,76.915877,P009627,P001739,P009860,SI Prakash Sharma,Chargesheeted
FIR202503019,FIR/3019/2025,PS0229,Chamarajanagar,2025-08-19 23:36,2025-08-20 07:36,Theft,Snatching,BNS 303(2),12.027033,77.019279,P008988,P003260,P001203,SI Divya Hegde,Untraced
FIR202504676,FIR/4676/2025,PS0155,Bidar,2025-08-19 23:41,2025-08-20 08:41,Dacoity,Bank Dacoity,BNS 310(2),17.97225,77.348941,P004708,P009181,P000261,SI Ravi Kumar,Chargesheeted
FIR202503588,FIR/3588/2025,PS0078,Bengaluru Rural,2025-08-17 10:00,2025-08-20 14:00,Murder,Gang Conflict,BNS 103(1),13.142716,77.551643,P001599,P003506,P007710,PI Suresh Kulkarni,Under Investigation
FIR202501099,FIR/1099/2025,PS0045,Ballari,2025-08-20 03:21,2025-08-20 15:21,Dacoity,Armed Dacoity,BNS 310(2),14.994454,76.872568,P008141,P007329,P007389,PI Suresh Kulkarni,Untraced
FIR202500810,FIR/0810/2025,PS0146,Bengaluru Urban,2025-08-19 06:38,2025-08-20 17:38,Cyber Crime,Financial Fraud,"IT Act 66D, BNS 318(4)",12.96332,77.793285,P005254,P007902,P008478,PI Lakshmi Devi,Under Investigation
FIR202502665,FIR/2665/2025,PS0045,Ballari,2025-08-17 13:22,2025-08-20 21:22,Assault,Grievous Hurt,"BNS 115(2), BNS 117(2)",14.972138,76.904223,P002170,P002661,P009286,PI Suresh Kulkarni,Chargesheeted
FIR202502632,FIR/2632/2025,PS0244,Chikkaballapura,2025-08-20 16:31,2025-08-20 21:31,Robbery,Chain Snatching with Force,BNS 309(4),13.285979,77.914413,P001741,P000680,P007958,PI Naveen Patil,Chargesheeted
FIR202504896,FIR/4896/2025,PS0023,Bagalkote,2025-08-20 13:46,2025-08-20 21:46,Burglary,Night House Breaking,"BNS 331(3), BNS 331(4)",16.126259,75.785838,P007365,P003707,P002392,SI Ravi Kumar,Chargesheeted
FIR202501820,FIR/1820/2025,PS0092,Bengaluru Rural,2025-08-20 21:03,2025-08-20 22:03,Murder,Personal Enmity,BNS 103(1),13.06496,77.459379,P002744,P004488,P002040,PI Suresh Kulkarni,Under Investigation
FIR202501083,FIR/1083/2025,PS0130,Bengaluru Urban,2025-08-20 16:53,2025-08-20 22:53,Fraud,Corporate Fraud,BNS 318(4),13.102976,77.463142,P000161,P008739,P004204,SI Prakash Sharma,Under Investigation
FIR202500424,FIR/0424/2025,PS0177,Bidar,2025-08-18 20:54,2025-08-21 03:54,Dacoity,Armed Dacoity,BNS 310(2),18.04507,77.321558,P002422,P004189,P000703,PI Chetan Kumar,Under Investigation
FIR202502483,FIR/2483/2025,PS0146,Bengaluru Urban,2025-08-20 23:25,2025-08-21 05:25,Fraud,Corporate Fraud,BNS 318(4),12.945596,77.758792,P000697,P009569,P001081,PI Lakshmi Devi,Chargesheeted
FIR202502117,FIR/2117/2025,PS0020,Bagalkote,2025-08-21 01:51,2025-08-21 07:51,Vehicle Theft,Car Theft,BNS 303(2),16.268449,75.576021,P008618,P004839,P004278,SI Prakash Sharma,Chargesheeted
FIR202500202,FIR/0202/2025,PS0183,Bidar,2025-08-21 02:42,2025-08-21 10:42,POCSO,Harassment,"POCSO Act Sec 4, BNS 64",17.783759,77.397397,P004831,P004120,P005546,SI Prakash Sharma,Closed
FIR202503677,FIR/3677/2025,PS0147,Bengaluru Urban,2025-08-21 08:24,2025-08-21 12:24,Fraud,Cheating,BNS 318(4),12.922307,77.557492,P000167,P001567,P002542,PI Harish Naik,Chargesheeted
FIR202502290,FIR/2290/2025,PS0135,Bengaluru Urban,2025-08-20 09:30,2025-08-21 20:30,Murder,Dowry Homicide,BNS 103(1),12.917815,77.438344,P005428,P008445,P007385,PI Lakshmi Devi,Under Investigation
FIR202501166,FIR/1166/2025,PS0145,Bengaluru Urban,2025-08-21 18:59,2025-08-21 20:59,NDPS,Possession of Narcotics,NDPS Act Sec 20(b),12.830705,77.589538,P000833,P009820,P003371,PI Naveen Patil,Chargesheeted
FIR202501641,FIR/1641/2025,PS0001,Bagalkote,2025-08-21 12:31,2025-08-21 21:31,Theft,Pocket Pick,BNS 303(2),16.201162,75.562498,P000816,P009822,P000071,SI Divya Hegde,Under Investigation
FIR202500031,FIR/0031/2025,PS0209,Chamarajanagar,2025-08-20 13:49,2025-08-21 22:49,Vehicle Theft,Two-Wheeler Theft,BNS 303(2),12.067845,77.01689,P001066,P001294,P001118,PI Suresh Kulkarni,Under Investigation
FIR202504237,FIR/4237/2025,PS0113,Bengaluru Urban,2025-08-19 15:45,2025-08-21 23:45,Assault,Grievous Hurt,"BNS 115(2), BNS 117(2)",13.169738,77.499352,P002415,P006529,P006539,PI Suresh Kulkarni,Under Investigation
FIR202500123,FIR/0123/2025,PS0005,Bagalkote,2025-08-21 22:23,2025-08-22 00:23,Vehicle Theft,Car Theft,BNS 303(2),16.145907,75.567669,P009828,P009861,P000223,PI Harish Naik,Chargesheeted
FIR202501223,FIR/1223/2025,PS0111,Bengaluru Urban,2025-08-21 23:17,2025-08-22 02:17,Fraud,Corporate Fraud,BNS 318(4),12.78345,77.575272,P006892,P000221,P006385,SI Mahesh Bhat,Chargesheeted
FIR202504139,FIR/4139/2025,PS0176,Bidar,2025-08-20 17:57,2025-08-22 02:57,Assault,Public Affray,"BNS 115(2), BNS 117(2)",17.765156,77.524039,P008165,P003469,P008488,PI Ramesh Gowda,Under Investigation
FIR202503261,FIR/3261/2025,PS0014,Bagalkote,2025-08-21 02:17,2025-08-22 03:17,NDPS,Possession of Narcotics,NDPS Act Sec 20(b),16.314596,75.852647,P000741,P009971,P008216,SI Mahesh Bhat,Under Investigation
FIR202501348,FIR/1348/2025,PS0224,Chamarajanagar,2025-08-22 00:58,2025-08-22 04:58,Assault,Simple Assault,"BNS 115(2), BNS 117(2)",11.877128,76.800071,P005513,P004849,P004327,SI Ravi Kumar,Closed
FIR202500758,FIR/0758/2025,PS0007,Bagalkote,2025-08-20 06:22,2025-08-22 09:22,Fraud,Corporate Fraud,BNS 318(4),16.077986,75.630961,P000158,P000719,"P003276, P001554",SI Divya Hegde,Chargesheeted
FIR202501783,FIR/1783/2025,PS0111,Bengaluru Urban,2025-08-22 05:30,2025-08-22 10:30,Burglary,Night House Breaking,"BNS 331(3), BNS 331(4)",12.78211,77.54488,P006629,P009660,P001839,SI Prakash Sharma,Untraced
FIR202502242,FIR/2242/2025,PS0018,Bagalkote,2025-08-21 02:18,2025-08-22 14:18,NDPS,Possession of Narcotics,NDPS Act Sec 20(b),16.208946,75.776808,P001461,P000176,P000414,SI Ganesh Rao,Under Investigation
FIR202503531,FIR/3531/2025,PS0163,Bidar,2025-08-19 05:25,2025-08-22 15:25,Assault,Public Affray,"BNS 115(2), BNS 117(2)",17.91526,77.577637,P007554,P009921,P007010,PI Suresh Kulkarni,Chargesheeted
FIR202502241,FIR/2241/2025,PS0047,Belagavi,2025-08-18 11:16,2025-08-22 21:16,Assault,Public Affray,"BNS 115(2), BNS 117(2)",15.968858,74.544828,P005354,P007621,P007442,SI Divya Hegde,Chargesheeted
FIR202504516,FIR/4516/2025,PS0237,Chikkaballapura,2025-08-21 15:17,2025-08-22 23:17,Vehicle Theft,Two-Wheeler Theft,BNS 303(2),13.33607,77.646042,P009296,P006493,P007200,SI Mahesh Bhat,Chargesheeted
FIR202501829,FIR/1829/2025,PS0174,Bidar,2025-08-20 16:39,2025-08-22 23:39,Cyber Crime,Identity Theft,"IT Act 66D, BNS 318(4)",17.871866,77.545451,P007898,P000555,P008920,PI Ramesh Gowda,Chargesheeted
FIR202503038,FIR/3038/2025,PS0083,Bengaluru Rural,2025-08-21 12:54,2025-08-23 00:54,Assault,Grievous Hurt,"BNS 115(2), BNS 117(2)",13.27445,77.57559,P008447,P004056,P000507,SI Prakash Sharma,Chargesheeted
FIR202504402,FIR/4402/2025,PS0200,Chamarajanagar,2025-08-22 20:27,2025-08-23 01:27,Fraud,Corporate Fraud,BNS 318(4),11.787279,77.036788,P009524,P007029,P001490,SI Ravi Kumar,Under Investigation
FIR202500150,FIR/0150/2025,PS0128,Bengaluru Urban,2025-08-21 15:02,2025-08-23 02:02,Fraud,Cheating,BNS 318(4),13.036927,77.581685,P000047,P005800,P002185,PI Suresh Kulkarni,Untraced
FIR202500408,FIR/0408/2025,PS0115,Bengaluru Urban,2025-08-22 00:53,2025-08-23 08:53,Vehicle Theft,Car Theft,BNS 303(2),12.881207,77.393625,P000942,P000415,P008096,PI Lakshmi Devi,Under Investigation
FIR202504905,FIR/4905/2025,PS0233,Chamarajanagar,2025-08-18 00:43,2025-08-23 09:43,POCSO,Sexual Assault on Minor,"POCSO Act Sec 4, BNS 64",11.718899,76.80627,P009256,P008726,P009955,PI Naveen Patil,Chargesheeted
FIR202501145,FIR/1145/2025,PS0118,Bengaluru Urban,2025-08-22 09:45,2025-08-23 13:45,Burglary,Night House Breaking,"BNS 331(3), BNS 331(4)",12.793175,77.687138,P003757,P009157,"P001142, P004047",PI Chetan Kumar,Chargesheeted
FIR202504863,FIR/4863/2025,PS0101,Bengaluru Rural,2025-08-19 13:09,2025-08-23 17:09,Robbery,Chain Snatching with Force,BNS 309(4),13.250692,77.722313,P007223,P002820,P004548,SI Ravi Kumar,Under Investigation
FIR202504441,FIR/4441/2025,PS0097,Bengaluru Rural,2025-08-23 19:55,2025-08-24 03:55,Cyber Crime,Identity Theft,"IT Act 66D, BNS 318(4)",13.122946,77.47306,P005027,P005640,P005622,SI Ganesh Rao,Untraced
FIR202501950,FIR/1950/2025,PS0128,Bengaluru Urban,2025-08-22 23:56,2025-08-24 03:56,Theft,Pocket Pick,BNS 303(2),13.013762,77.575161,P004453,P001026,P000005,PI Lakshmi Devi,Untraced
FIR202502020,FIR/2020/2025,PS0008,Bagalkote,2025-08-22 17:13,2025-08-24 04:13,Burglary,Day Burglary,"BNS 331(3), BNS 331(4)",16.271978,75.537592,P006730,P007719,P006659,SI Mahesh Bhat,Under Investigation
FIR202501279,FIR/1279/2025,PS0154,Bidar,2025-08-23 20:09,2025-08-24 05:09,Assault,Grievous Hurt,"BNS 115(2), BNS 117(2)",17.873955,77.408838,P002930,P009564,P002150,PI Suresh Kulkarni,Chargesheeted
FIR202502525,FIR/2525/2025,PS0227,Chamarajanagar,2025-08-24 00:50,2025-08-24 07:50,POCSO,Harassment,"POCSO Act Sec 4, BNS 64",11.900582,76.925995,P008205,P004417,P004246,PI Naveen Patil,Chargesheeted
FIR202503794,FIR/3794/2025,PS0024,Bagalkote,2025-08-20 02:46,2025-08-24 11:46,Cyber Crime,Financial Fraud,"IT Act 66D, BNS 318(4)",16.389061,75.544788,P009699,P008552,P004295,SI Mahesh Bhat,Chargesheeted
FIR202501266,FIR/1266/2025,PS0097,Bengaluru Rural,2025-08-20 09:00,2025-08-24 12:00,Fraud,Land Scam,BNS 318(4),13.114254,77.463683,P003868,P007724,P007295,SI Prakash Sharma,Chargesheeted
FIR202503237,FIR/3237/2025,PS0232,Chamarajanagar,2025-08-21 09:14,2025-08-24 15:14,Fraud,Cheating,BNS 318(4),11.780303,76.894082,P007312,P007164,P002228,SI Ganesh Rao,Chargesheeted
FIR202504420,FIR/4420/2025,PS0049,Belagavi,2025-08-23 10:53,2025-08-24 16:53,Assault,Grievous Hurt,"BNS 115(2), BNS 117(2)",15.905026,74.54359,P009761,P007201,P003052,PI Chetan Kumar,Untraced
FIR202502639,FIR/2639/2025,PS0057,Belagavi,2025-08-21 13:00,2025-08-24 18:00,Burglary,Day Burglary,"BNS 331(3), BNS 331(4)",15.671243,74.412218,P005972,P004674,P008287,PI Harish Naik,Chargesheeted
FIR202500797,FIR/0797/2025,PS0235,Chikkaballapura,2025-08-24 15:23,2025-08-24 20:23,Vehicle Theft,Two-Wheeler Theft,BNS 303(2),13.282859,77.557414,P003583,P001920,P000419,SI Prakash Sharma,Under Investigation
FIR202502824,FIR/2824/2025,PS0153,Bidar,2025-08-22 13:30,2025-08-25 00:30,Vehicle Theft,Two-Wheeler Theft,BNS 303(2),17.757322,77.326049,P001081,P001383,P002906,PI Suresh Kulkarni,Under Investigation
FIR202503050,FIR/3050/2025,PS0136,Bengaluru Urban,2025-08-22 13:10,2025-08-25 01:10,Cyber Crime,Financial Fraud,"IT Act 66D, BNS 318(4)",12.841845,77.598332,P009685,P008583,P007785,SI Ganesh Rao,Chargesheeted
FIR202501018,FIR/1018/2025,PS0044,Ballari,2025-08-24 13:40,2025-08-25 01:40,Fraud,Corporate Fraud,BNS 318(4),15.298164,76.938983,P001838,P008509,P002584,PI Harish Naik,Chargesheeted
FIR202504915,FIR/4915/2025,PS0193,Chamarajanagar,2025-08-24 16:26,2025-08-25 04:26,NDPS,Possession of Narcotics,NDPS Act Sec 20(b),12.001946,76.876061,P000810,P008520,P007520,PI Chetan Kumar,Chargesheeted
FIR202501747,FIR/1747/2025,PS0124,Bengaluru Urban,2025-08-22 07:28,2025-08-25 09:28,Murder,Dowry Homicide,BNS 103(1),13.074886,77.665343,P000649,P006058,"P007854, P004146",SI Mahesh Bhat,Under Investigation
FIR202502751,FIR/2751/2025,PS0159,Bidar,2025-08-24 10:44,2025-08-25 15:44,NDPS,Drug Trafficking,NDPS Act Sec 20(b),18.070539,77.500945,P004504,P000917,P004841,PI Chetan Kumar,Under Investigation
FIR202502370,FIR/2370/2025,PS0003,Bagalkote,2025-08-25 16:01,2025-08-25 19:01,Vehicle Theft,Two-Wheeler Theft,BNS 303(2),16.347888,75.893111,P004639,P008484,P009153,SI Mahesh Bhat,Chargesheeted
FIR202502681,FIR/2681/2025,PS0179,Bidar,2025-08-24 20:07,2025-08-25 23:07,Cyber Crime,Identity Theft,"IT Act 66D, BNS 318(4)",18.115346,77.368961,P009624,P000451,P003915,PI Lakshmi Devi,Chargesheeted
FIR202503300,FIR/3300/2025,PS0211,Chamarajanagar,2025-08-24 13:53,2025-08-26 00:53,Fraud,Land Scam,BNS 318(4),11.81332,77.063802,P004540,P004989,P003225,PI Harish Naik,Under Investigation
FIR202504486,FIR/4486/2025,PS0116,Bengaluru Urban,2025-08-25 21:11,2025-08-26 04:11,Burglary,Day Burglary,"BNS 331(3), BNS 331(4)",13.004205,77.520264,P004475,P007172,P002207,SI Prakash Sharma,Untraced
FIR202503622,FIR/3622/2025,PS0036,Ballari,2025-08-26 01:40,2025-08-26 08:40,Murder,Dowry Homicide,BNS 103(1),15.27024,76.775779,P006721,P002876,P004105,PI Ramesh Gowda,Chargesheeted
FIR202500941,FIR/0941/2025,PS0243,Chikkaballapura,2025-08-23 07:32,2025-08-26 10:32,Murder,Gang Conflict,BNS 103(1),13.438118,77.863826,P008530,P008556,P005597,SI Mahesh Bhat,Under Investigation
FIR202504165,FIR/4165/2025,PS0232,Chamarajanagar,2025-08-26 09:41,2025-08-26 13:41,POCSO,Harassment,"POCSO Act Sec 4, BNS 64",11.794204,76.892993,P000257,P008344,P005143,PI Naveen Patil,Chargesheeted
FIR202501307,FIR/1307/2025,PS0058,Belagavi,2025-08-26 15:09,2025-08-26 16:09,Fraud,Land Scam,BNS 318(4),15.72075,74.402593,P006677,P007991,P005089,PI Suresh Kulkarni,Chargesheeted
FIR202504983,FIR/4983/2025,PS0127,Bengaluru Urban,2025-08-25 13:14,2025-08-26 16:14,Fraud,Land Scam,BNS 318(4),13.136042,77.631361,P000982,P000002,"P003073, P005483",SI Ravi Kumar,Under Investigation
FIR202501323,FIR/1323/2025,PS0048,Belagavi,2025-08-26 07:02,2025-08-26 18:02,NDPS,Drug Trafficking,NDPS Act Sec 20(b),15.73585,74.474681,P002126,P006123,P005683,PI Harish Naik,Under Investigation
FIR202502807,FIR/2807/2025,PS0126,Bengaluru Urban,2025-08-26 08:24,2025-08-26 19:24,Murder,Dowry Homicide,BNS 103(1),12.864987,77.54442,P005632,P000984,P001342,PI Ramesh Gowda,Closed
FIR202503551,FIR/3551/2025,PS0008,Bagalkote,2025-08-25 11:55,2025-08-26 20:55,Cyber Crime,Identity Theft,"IT Act 66D, BNS 318(4)",16.282834,75.537458,P008244,P002338,P004843,PI Harish Naik,Chargesheeted
FIR202504774,FIR/4774/2025,PS0190,Bidar,2025-08-25 20:10,2025-08-26 21:10,Assault,Grievous Hurt,"BNS 115(2), BNS 117(2)",17.724866,77.572109,P009628,P006359,P008018,PI Naveen Patil,Chargesheeted
FIR202500245,FIR/0245/2025,PS0078,Bengaluru Rural,2025-08-23 10:35,2025-08-26 22:35,Burglary,Night House Breaking,"BNS 331(3), BNS 331(4)",13.1382,77.575865,P003396,P005415,P009804,PI Suresh Kulkarni,Chargesheeted
FIR202504411,FIR/4411/2025,PS0155,Bidar,2025-08-25 10:40,2025-08-26 22:40,Assault,Grievous Hurt,"BNS 115(2), BNS 117(2)",17.970416,77.344652,P007763,P002015,P003685,SI Divya Hegde,Untraced
FIR202501652,FIR/1652/2025,PS0157,Bidar,2025-08-26 12:55,2025-08-26 22:55,Assault,Public Affray,"BNS 115(2), BNS 117(2)",17.826312,77.559621,P001459,P007913,P006599,SI Prakash Sharma,Chargesheeted
FIR202501914,FIR/1914/2025,PS0131,Bengaluru Urban,2025-08-25 12:55,2025-08-26 22:55,Fraud,Cheating,BNS 318(4),12.980547,77.643557,P005337,P000313,P001157,PI Lakshmi Devi,Under Investigation
FIR202502346,FIR/2346/2025,PS0070,Bengaluru Rural,2025-08-24 23:20,2025-08-27 03:20,Cyber Crime,Phishing,"IT Act 66D, BNS 318(4)",13.25784,77.745922,P003316,P007858,P007068,SI Ganesh Rao,Untraced
FIR202504455,FIR/4455/2025,PS0236,Chikkaballapura,2025-08-27 00:31,2025-08-27 03:31,Dacoity,Armed Dacoity,BNS 310(2),13.608837,77.928417,P007742,P003136,P007729,PI Suresh Kulkarni,Chargesheeted
FIR202503037,FIR/3037/2025,PS0245,Chikkaballapura,2025-08-25 17:02,2025-08-27 04:02,Cyber Crime,Identity Theft,"IT Act 66D, BNS 318(4)",13.324091,77.762365,P006725,P006715,P000255,PI Naveen Patil,Under Investigation
FIR202501742,FIR/1742/2025,PS0058,Belagavi,2025-08-26 18:52,2025-08-27 06:52,Dacoity,Armed Dacoity,BNS 310(2),15.711381,74.370777,P009911,P004222,P006631,SI Prakash Sharma,Under Investigation
FIR202503563,FIR/3563/2025,PS0068,Belagavi,2025-08-26 05:03,2025-08-27 11:03,Cyber Crime,Financial Fraud,"IT Act 66D, BNS 318(4)",16.026533,74.363558,P005998,P008619,P005603,PI Ramesh Gowda,Chargesheeted
FIR202501771,FIR/1771/2025,PS0148,Bengaluru Urban,2025-08-27 13:55,2025-08-27 14:55,Murder,Dowry Homicide,BNS 103(1),12.856784,77.656534,P009517,P002292,"P006363, P001853",PI Lakshmi Devi,Under Investigation
FIR202503268,FIR/3268/2025,PS0073,Bengaluru Rural,2025-08-26 04:38,2025-08-27 16:38,Burglary,Day Burglary,"BNS 331(3), BNS 331(4)",13.359187,77.596572,P009441,P009213,P006854,SI Mahesh Bhat,Closed
FIR202504884,FIR/4884/2025,PS0093,Bengaluru Rural,2025-08-24 10:16,2025-08-27 17:16,Dacoity,Bank Dacoity,BNS 310(2),13.208621,77.570575,P000314,P004498,P003063,SI Ganesh Rao,Untraced
FIR202504943,FIR/4943/2025,PS0051,Belagavi,2025-08-27 12:57,2025-08-27 17:57,Theft,House Theft,BNS 303(2),15.988053,74.541959,P000591,P005154,"P001703, P008560",PI Chetan Kumar,Chargesheeted
FIR202501384,FIR/1384/2025,PS0123,Bengaluru Urban,2025-08-25 17:41,2025-08-27 18:41,Cyber Crime,Financial Fraud,"IT Act 66D, BNS 318(4)",13.029292,77.470731,P009410,P008777,P006485,PI Naveen Patil,Chargesheeted
FIR202503961,FIR/3961/2025,PS0193,Chamarajanagar,2025-08-27 09:44,2025-08-27 18:44,Vehicle Theft,Two-Wheeler Theft,BNS 303(2),12.017239,76.847097,P001010,P006985,P003369,SI Prakash Sharma,Closed
FIR202501181,FIR/1181/2025,PS0104,Bengaluru Rural,2025-08-26 16:12,2025-08-27 20:12,NDPS,Drug Trafficking,NDPS Act Sec 20(b),13.438916,77.563757,P003723,P001931,P001409,PI Ramesh Gowda,Under Investigation
FIR202504542,FIR/4542/2025,PS0224,Chamarajanagar,2025-08-25 15:13,2025-08-27 23:13,Burglary,Day Burglary,"BNS 331(3), BNS 331(4)",11.855777,76.802575,P002055,P007020,P002540,SI Mahesh Bhat,Chargesheeted
FIR202503307,FIR/3307/2025,PS0129,Bengaluru Urban,2025-08-26 13:37,2025-08-27 23:37,Cyber Crime,Financial Fraud,"IT Act 66D, BNS 318(4)",12.781645,77.760138,P010000,P000772,P006091,SI Prakash Sharma,Chargesheeted
FIR202502976,FIR/2976/2025,PS0087,Bengaluru Rural,2025-08-26 17:54,2025-08-28 01:54,NDPS,Drug Trafficking,NDPS Act Sec 20(b),13.129221,77.511583,P008935,P005960,P008662,PI Suresh Kulkarni,Chargesheeted
FIR202504349,FIR/4349/2025,PS0063,Belagavi,2025-08-25 20:19,2025-08-28 07:19,POCSO,Sexual Assault on Minor,"POCSO Act Sec 4, BNS 64",16.02344,74.685989,P001011,P007535,"P003516, P001795",PI Naveen Patil,Chargesheeted
FIR202503144,FIR/3144/2025,PS0076,Bengaluru Rural,2025-08-27 21:26,2025-08-28 07:26,Murder,Personal Enmity,BNS 103(1),13.300522,77.77296,P004971,P005672,P005272,SI Ravi Kumar,Chargesheeted
FIR202500681,FIR/0681/2025,PS0070,Bengaluru Rural,2025-08-27 22:43,2025-08-28 07:43,Cyber Crime,Identity Theft,"IT Act 66D, BNS 318(4)",13.255055,77.744946,P008039,P002062,P002275,PI Suresh Kulkarni,Under Investigation
FIR202503203,FIR/3203/2025,PS0163,Bidar,2025-08-26 23:21,2025-08-28 08:21,NDPS,Drug Trafficking,NDPS Act Sec 20(b),17.954302,77.598762,P001671,P005248,P009724,SI Ganesh Rao,Chargesheeted
FIR202502499,FIR/2499/2025,PS0088,Bengaluru Rural,2025-08-27 20:41,2025-08-28 08:41,Fraud,Corporate Fraud,BNS 318(4),13.031688,77.407433,P002326,P008640,P002418,PI Lakshmi Devi,Under Investigation
FIR202502858,FIR/2858/2025,PS0249,Chikkaballapura,2025-08-28 03:53,2025-08-28 11:53,Cyber Crime,Phishing,"IT Act 66D, BNS 318(4)",13.471187,77.5381,P005002,P008485,P007915,SI Ganesh Rao,Untraced
FIR202503306,FIR/3306/2025,PS0144,Bengaluru Urban,2025-08-27 04:50,2025-08-28 12:50,Vehicle Theft,Two-Wheeler Theft,BNS 303(2),12.82566,77.56436,P005336,P004781,P001058,SI Prakash Sharma,Closed
FIR202503451,FIR/3451/2025,PS0039,Ballari,2025-08-28 03:49,2025-08-28 14:49,Fraud,Land Scam,BNS 318(4),15.340995,76.92274,P005813,P009477,"P003900, P005993",SI Divya Hegde,Chargesheeted
FIR202500695,FIR/0695/2025,PS0248,Chikkaballapura,2025-08-26 03:09,2025-08-28 15:09,Theft,Snatching,BNS 303(2),13.25221,77.792058,P007613,P000212,P000445,PI Chetan Kumar,Under Investigation
FIR202501649,FIR/1649/2025,PS0029,Ballari,2025-08-28 04:15,2025-08-28 15:15,Assault,Public Affray,"BNS 115(2), BNS 117(2)",14.976903,76.902041,P001455,P004112,P002876,SI Mahesh Bhat,Under Investigation
FIR202503011,FIR/3011/2025,PS0150,Bengaluru Urban,2025-08-28 05:41,2025-08-28 17:41,Burglary,Day Burglary,"BNS 331(3), BNS 331(4)",13.079175,77.711839,P005046,P008354,P004866,SI Ravi Kumar,Chargesheeted
FIR202502577,FIR/2577/2025,PS0170,Bidar,2025-08-28 09:09,2025-08-28 19:09,Assault,Grievous Hurt,"BNS 115(2), BNS 117(2)",17.902878,77.383917,P000054,P002829,P003930,PI Naveen Patil,Under Investigation
FIR202501317,FIR/1317/2025,PS0192,Bidar,2025-08-25 13:50,2025-08-28 20:50,Burglary,Day Burglary,"BNS 331(3), BNS 331(4)",18.001888,77.343916,P007100,P006438,P003069,PI Naveen Patil,Under Investigation
FIR202503762,FIR/3762/2025,PS0210,Chamarajanagar,2025-08-27 18:50,2025-08-28 20:50,NDPS,Drug Trafficking,NDPS Act Sec 20(b),11.987613,76.804426,P005622,P003307,P002755,PI Ramesh Gowda,Chargesheeted
FIR202501960,FIR/1960/2025,PS0158,Bidar,2025-08-27 16:56,2025-08-28 22:56,Burglary,Night House Breaking,"BNS 331(3), BNS 331(4)",17.923147,77.492452,P007714,P003098,P005521,PI Harish Naik,Under Investigation
FIR202503228,FIR/3228/2025,PS0136,Bengaluru Urban,2025-08-26 19:11,2025-08-29 03:11,Dacoity,Bank Dacoity,BNS 310(2),12.82064,77.609774,P006669,P007202,P007666,SI Ganesh Rao,Chargesheeted
FIR202502910,FIR/2910/2025,PS0071,Bengaluru Rural,2025-08-29 01:35,2025-08-29 03:35,POCSO,Harassment,"POCSO Act Sec 4, BNS 64",13.018749,77.491409,P002133,P000464,P004950,SI Divya Hegde,Chargesheeted
FIR202501278,FIR/1278/2025,PS0015,Bagalkote,2025-08-28 18:05,2025-08-29 04:05,Murder,Dowry Homicide,BNS 103(1),16.036047,75.708359,P002903,P004970,P003843,PI Suresh Kulkarni,Chargesheeted
FIR202504308,FIR/4308/2025,PS0067,Belagavi,2025-08-28 16:25,2025-08-29 04:25,Theft,House Theft,BNS 303(2),15.86371,74.715251,P009522,P001815,P004307,PI Ramesh Gowda,Chargesheeted
FIR202503535,FIR/3535/2025,PS0101,Bengaluru Rural,2025-08-29 02:33,2025-08-29 04:33,POCSO,Sexual Assault on Minor,"POCSO Act Sec 4, BNS 64",13.275917,77.721361,P008261,P004047,P006178,PI Lakshmi Devi,Chargesheeted
FIR202504245,FIR/4245/2025,PS0127,Bengaluru Urban,2025-08-28 19:06,2025-08-29 05:06,Cyber Crime,Financial Fraud,"IT Act 66D, BNS 318(4)",13.106744,77.645064,P007774,P004522,P000663,SI Prakash Sharma,Chargesheeted
FIR202501930,FIR/1930/2025,PS0060,Belagavi,2025-08-28 18:04,2025-08-29 06:04,Burglary,Day Burglary,"BNS 331(3), BNS 331(4)",16.003713,74.541748,P003230,P004202,P009857,PI Suresh Kulkarni,Under Investigation
FIR202500419,FIR/0419/2025,PS0249,Chikkaballapura,2025-08-29 00:18,2025-08-29 06:18,Cyber Crime,Phishing,"IT Act 66D, BNS 318(4)",13.498689,77.54346,P006757,P004300,P009913,PI Harish Naik,Chargesheeted
FIR202503308,FIR/3308/2025,PS0012,Bagalkote,2025-08-25 22:36,2025-08-29 08:36,Burglary,Day Burglary,"BNS 331(3), BNS 331(4)",16.254537,75.834726,P008097,P004536,P006280,PI Ramesh Gowda,Chargesheeted
FIR202502099,FIR/2099/2025,PS0216,Chamarajanagar,2025-08-27 16:45,2025-08-29 17:45,Vehicle Theft,Car Theft,BNS 303(2),11.738556,76.950113,P003732,P007260,P009007,PI Lakshmi Devi,Chargesheeted
FIR202502212,FIR/2212/2025,PS0151,Bengaluru Urban,2025-08-29 17:31,2025-08-30 02:31,Dacoity,Bank Dacoity,BNS 310(2),12.889234,77.47795,P006973,P005907,P007700,PI Suresh Kulkarni,Closed
FIR202500362,FIR/0362/2025,PS0082,Bengaluru Rural,2025-08-26 21:03,2025-08-30 05:03,Murder,Personal Enmity,BNS 103(1),13.331407,77.407736,P005987,P005640,P005067,PI Lakshmi Devi,Chargesheeted
FIR202500482,FIR/0482/2025,PS0008,Bagalkote,2025-08-30 05:02,2025-08-30 06:02,Murder,Gang Conflict,BNS 103(1),16.245768,75.525329,P007806,P000928,P009223,PI Harish Naik,Under Investigation
FIR202500263,FIR/0263/2025,PS0080,Bengaluru Rural,2025-08-26 02:10,2025-08-30 08:10,Vehicle Theft,Car Theft,BNS 303(2),13.368339,77.605529,P009468,P008515,P009233,SI Ganesh Rao,Under Investigation
FIR202500572,FIR/0572/2025,PS0068,Belagavi,2025-08-28 05:35,2025-08-30 08:35,Theft,Pocket Pick,BNS 303(2),16.02912,74.362652,P004030,P004979,P002057,PI Suresh Kulkarni,Under Investigation
FIR202504737,FIR/4737/2025,PS0168,Bidar,2025-08-25 05:22,2025-08-30 09:22,Murder,Gang Conflict,BNS 103(1),17.729549,77.680235,P005422,P001577,P005940,PI Lakshmi Devi,Under Investigation
FIR202502981,FIR/2981/2025,PS0228,Chamarajanagar,2025-08-30 05:18,2025-08-30 13:18,Robbery,Chain Snatching with Force,BNS 309(4),12.110231,77.124045,P002926,P001627,P003186,SI Ganesh Rao,Chargesheeted
FIR202503353,FIR/3353/2025,PS0109,Bengaluru Rural,2025-08-29 08:59,2025-08-30 17:59,Burglary,Night House Breaking,"BNS 331(3), BNS 331(4)",13.092557,77.590359,P008135,P008581,P006683,PI Ramesh Gowda,Chargesheeted
FIR202500207,FIR/0207/2025,PS0169,Bidar,2025-08-29 13:19,2025-08-30 21:19,Murder,Gang Conflict,BNS 103(1),17.989059,77.693913,P009411,P003593,P004036,SI Divya Hegde,Under Investigation
FIR202503034,FIR/3034/2025,PS0094,Bengaluru Rural,2025-08-29 12:44,2025-08-30 21:44,Theft,Pocket Pick,BNS 303(2),13.069851,77.662929,P002471,P003091,P001576,SI Mahesh Bhat,Chargesheeted
FIR202501112,FIR/1112/2025,PS0143,Bengaluru Urban,2025-08-28 15:22,2025-08-31 01:22,Theft,Snatching,BNS 303(2),12.770005,77.397215,P002386,P000290,P004577,SI Ravi Kumar,Chargesheeted
FIR202503574,FIR/3574/2025,PS0047,Belagavi,2025-08-31 02:06,2025-08-31 04:06,Fraud,Corporate Fraud,BNS 318(4),15.955082,74.522471,P003202,P003428,P008022,PI Naveen Patil,Under Investigation
FIR202502389,FIR/2389/2025,PS0069,Belagavi,2025-08-30 03:17,2025-08-31 04:17,Dacoity,Armed Dacoity,BNS 310(2),15.849261,74.361796,P004302,P004633,P001842,PI Harish Naik,Chargesheeted
FIR202501768,FIR/1768/2025,PS0087,Bengaluru Rural,2025-08-30 23:51,2025-08-31 06:51,Burglary,Night House Breaking,"BNS 331(3), BNS 331(4)",13.134321,77.536378,P007645,P002837,P001013,SI Prakash Sharma,Chargesheeted
FIR202501508,FIR/1508/2025,PS0150,Bengaluru Urban,2025-08-28 20:18,2025-08-31 07:18,Cyber Crime,Identity Theft,"IT Act 66D, BNS 318(4)",13.08308,77.701645,P001117,P007939,"P008414, P004352",PI Suresh Kulkarni,Chargesheeted
FIR202504340,FIR/4340/2025,PS0191,Bidar,2025-08-30 05:45,2025-08-31 07:45,Assault,Grievous Hurt,"BNS 115(2), BNS 117(2)",17.907442,77.400753,P003441,P008153,P006631,PI Suresh Kulkarni,Chargesheeted
FIR202500935,FIR/0935/2025,PS0125,Bengaluru Urban,2025-08-30 19:46,2025-08-31 07:46,Burglary,Day Burglary,"BNS 331(3), BNS 331(4)",12.800931,77.704989,P009264,P000838,P000618,SI Ganesh Rao,Untraced
FIR202502006,FIR/2006/2025,PS0156,Bidar,2025-08-29 22:20,2025-08-31 08:20,Dacoity,Armed Dacoity,BNS 310(2),17.985928,77.490178,P008183,P003745,P002771,PI Suresh Kulkarni,Chargesheeted
FIR202503949,FIR/3949/2025,PS0172,Bidar,2025-08-29 00:02,2025-08-31 11:02,POCSO,Sexual Assault on Minor,"POCSO Act Sec 4, BNS 64",17.949553,77.502061,P000896,P004117,P004241,PI Suresh Kulkarni,Chargesheeted
FIR202500045,FIR/0045/2025,PS0030,Ballari,2025-08-31 12:14,2025-08-31 17:14,Fraud,Corporate Fraud,BNS 318(4),15.185857,76.829955,P008203,P008275,P006732,PI Harish Naik,Chargesheeted
FIR202502439,FIR/2439/2025,PS0096,Bengaluru Rural,2025-08-31 21:02,2025-08-31 23:02,Burglary,Day Burglary,"BNS 331(3), BNS 331(4)",13.124169,77.477092,P006652,P002153,P009519,SI Divya Hegde,Chargesheeted
FIR202504787,FIR/4787/2025,PS0045,Ballari,2025-08-30 16:35,2025-08-31 23:35,Fraud,Land Scam,BNS 318(4),14.977131,76.87697,P007751,P005634,P007759,PI Chetan Kumar,Under Investigation
FIR202501632,FIR/1632/2025,PS0127,Bengaluru Urban,2025-08-31 01:18,2025-09-01 03:18,NDPS,Possession of Narcotics,NDPS Act Sec 20(b),13.107711,77.625884,P001710,P002210,P009358,PI Naveen Patil,Chargesheeted
FIR202502648,FIR/2648/2025,PS0138,Bengaluru Urban,2025-09-01 02:04,2025-09-01 04:04,Vehicle Theft,Car Theft,BNS 303(2),13.158438,77.447579,P008304,P007029,P001763,PI Ramesh Gowda,Under Investigation
FIR202500989,FIR/0989/2025,PS0052,Belagavi,2025-08-28 02:16,2025-09-01 04:16,Dacoity,Armed Dacoity,BNS 310(2),15.909167,74.296769,P006224,P008041,P004817,PI Naveen Patil,Under Investigation
FIR202501146,FIR/1146/2025,PS0038,Ballari,2025-09-01 10:09,2025-09-01 11:09,Theft,Pocket Pick,BNS 303(2),15.05245,77.06305,P006624,P005058,P002283,PI Harish Naik,Under Investigation
FIR202501636,FIR/1636/2025,PS0059,Belagavi,2025-09-01 06:35,2025-09-01 13:35,Burglary,Night House Breaking,"BNS 331(3), BNS 331(4)",15.819118,74.498339,P009861,P000189,P006051,PI Suresh Kulkarni,Untraced
FIR202501624,FIR/1624/2025,PS0144,Bengaluru Urban,2025-09-01 05:56,2025-09-01 15:56,Cyber Crime,Phishing,"IT Act 66D, BNS 318(4)",12.833648,77.557311,P007333,P007110,P005338,PI Naveen Patil,Closed
FIR202500255,FIR/0255/2025,PS0064,Belagavi,2025-09-01 12:36,2025-09-01 17:36,Murder,Personal Enmity,BNS 103(1),15.90387,74.312066,P001409,P002852,P000110,SI Divya Hegde,Untraced
FIR202501316,FIR/1316/2025,PS0013,Bagalkote,2025-08-31 13:34,2025-09-01 23:34,Theft,House Theft,BNS 303(2),16.15751,75.670329,P007533,P000457,P008964,PI Chetan Kumar,Closed
FIR202501451,FIR/1451/2025,PS0144,Bengaluru Urban,2025-08-31 19:20,2025-09-02 00:20,Assault,Grievous Hurt,"BNS 115(2), BNS 117(2)",12.82973,77.593873,P000975,P006229,P001947,SI Mahesh Bhat,Under Investigation
FIR202502530,FIR/2530/2025,PS0146,Bengaluru Urban,2025-09-01 23:01,2025-09-02 01:01,Cyber Crime,Financial Fraud,"IT Act 66D, BNS 318(4)",12.960337,77.780989,P006116,P001810,P004686,SI Ganesh Rao,Under Investigation
FIR202502886,FIR/2886/2025,PS0151,Bengaluru Urban,2025-08-29 15:14,2025-09-02 02:14,Robbery,Highway Robbery,BNS 309(4),12.878164,77.48381,P005035,P006600,P001148,SI Ganesh Rao,Chargesheeted
FIR202503576,FIR/3576/2025,PS0180,Bidar,2025-08-28 20:06,2025-09-02 03:06,NDPS,Possession of Narcotics,NDPS Act Sec 20(b),18.053374,77.421973,P007480,P001679,P003676,PI Lakshmi Devi,Chargesheeted
FIR202503724,FIR/3724/2025,PS0056,Belagavi,2025-09-01 01:51,2025-09-02 05:51,Fraud,Corporate Fraud,BNS 318(4),15.750611,74.616547,P003623,P001936,P009045,PI Lakshmi Devi,Under Investigation
FIR202502772,FIR/2772/2025,PS0214,Chamarajanagar,2025-09-02 01:18,2025-09-02 08:18,Cyber Crime,Phishing,"IT Act 66D, BNS 318(4)",11.934697,76.827206,P002639,P007344,P001918,PI Naveen Patil,Under Investigation
FIR202501611,FIR/1611/2025,PS0092,Bengaluru Rural,2025-09-02 08:44,2025-09-02 15:44,Burglary,Day Burglary,"BNS 331(3), BNS 331(4)",13.072048,77.475557,P000243,P008666,P001158,SI Divya Hegde,Closed
FIR202503459,FIR/3459/2025,PS0024,Bagalkote,2025-09-01 05:59,2025-09-02 16:59,POCSO,Sexual Assault on Minor,"POCSO Act Sec 4, BNS 64",16.369994,75.517532,P002163,P005144,P001433,PI Chetan Kumar,Chargesheeted
FIR202501342,FIR/1342/2025,PS0150,Bengaluru Urban,2025-09-02 14:56,2025-09-02 19:56,Fraud,Cheating,BNS 318(4),13.085894,77.714965,P002275,P000171,P006986,PI Harish Naik,Chargesheeted
FIR202502053,FIR/2053/2025,PS0198,Chamarajanagar,2025-08-30 08:46,2025-09-02 20:46,Murder,Dowry Homicide,BNS 103(1),11.83198,77.06261,P000395,P006393,P006738,PI Harish Naik,Under Investigation
FIR202502112,FIR/2112/2025,PS0081,Bengaluru Rural,2025-09-02 13:34,2025-09-02 21:34,Robbery,Highway Robbery,BNS 309(4),13.176702,77.594513,P008949,P008726,P007261,PI Chetan Kumar,Chargesheeted
FIR202504105,FIR/4105/2025,PS0229,Chamarajanagar,2025-09-01 10:00,2025-09-02 22:00,Robbery,Chain Snatching with Force,BNS 309(4),12.055829,77.002409,P005027,P002699,P009928,SI Ravi Kumar,Chargesheeted
FIR202503592,FIR/3592/2025,PS0061,Belagavi,2025-08-31 21:25,2025-09-02 22:25,Murder,Gang Conflict,BNS 103(1),16.018746,74.409494,P007620,P006036,P004603,PI Naveen Patil,Chargesheeted
FIR202502934,FIR/2934/2025,PS0051,Belagavi,2025-08-31 23:26,2025-09-03 02:26,POCSO,Harassment,"POCSO Act Sec 4, BNS 64",15.987307,74.532091,P001591,P002499,"P003085, P007727",PI Chetan Kumar,Chargesheeted
FIR202502613,FIR/2613/2025,PS0232,Chamarajanagar,2025-09-01 16:31,2025-09-03 02:31,Assault,Public Affray,"BNS 115(2), BNS 117(2)",11.785119,76.88613,P008314,P000050,P007038,PI Lakshmi Devi,Under Investigation
FIR202500205,FIR/0205/2025,PS0170,Bidar,2025-09-01 21:11,2025-09-03 03:11,Murder,Personal Enmity,BNS 103(1),17.888213,77.384117,P008457,P006232,P009626,SI Ganesh Rao,Chargesheeted
FIR202500661,FIR/0661/2025,PS0102,Bengaluru Rural,2025-09-03 03:17,2025-09-03 04:17,Assault,Simple Assault,"BNS 115(2), BNS 117(2)",13.115894,77.631086,P009512,P004384,P001176,SI Ravi Kumar,Chargesheeted
FIR202502502,FIR/2502/2025,PS0111,Bengaluru Urban,2025-08-30 23:08,2025-09-03 09:08,NDPS,Drug Trafficking,NDPS Act Sec 20(b),12.796934,77.555674,P009603,P004226,P005797,PI Chetan Kumar,Chargesheeted
FIR202503818,FIR/3818/2025,PS0098,Bengaluru Rural,2025-09-02 07:56,2025-09-03 09:56,Theft,Pocket Pick,BNS 303(2),13.296762,77.75263,P007669,P005895,P009064,PI Chetan Kumar,Chargesheeted
FIR202500073,FIR/0073/2025,PS0151,Bengaluru Urban,2025-09-03 04:03,2025-09-03 11:03,Robbery,Chain Snatching with Force,BNS 309(4),12.868064,77.463192,P001112,P003478,P002675,SI Prakash Sharma,Untraced
FIR202500720,FIR/0720/2025,PS0015,Bagalkote,2025-09-03 07:24,2025-09-03 14:24,Vehicle Theft,Car Theft,BNS 303(2),16.035807,75.70663,P008833,P007648,P007869,PI Lakshmi Devi,Chargesheeted
FIR202500100,FIR/0100/2025,PS0117,Bengaluru Urban,2025-09-02 09:17,2025-09-03 15:17,NDPS,Possession of Narcotics,NDPS Act Sec 20(b),13.114592,77.78251,P004531,P006012,P003713,PI Chetan Kumar,Chargesheeted
FIR202502107,FIR/2107/2025,PS0070,Bengaluru Rural,2025-09-03 14:08,2025-09-03 17:08,NDPS,Drug Trafficking,NDPS Act Sec 20(b),13.262717,77.755614,P007739,P004965,P001580,PI Lakshmi Devi,Under Investigation
FIR202502045,FIR/2045/2025,PS0140,Bengaluru Urban,2025-09-02 09:14,2025-09-03 17:14,Burglary,Day Burglary,"BNS 331(3), BNS 331(4)",13.04633,77.652472,P007024,P003469,P002220,PI Lakshmi Devi,Chargesheeted
FIR202500242,FIR/0242/2025,PS0085,Bengaluru Rural,2025-09-03 15:42,2025-09-03 17:42,Dacoity,Bank Dacoity,BNS 310(2),13.112042,77.43864,P004568,P002789,P005266,PI Chetan Kumar,Under Investigation
FIR202500755,FIR/0755/2025,PS0047,Belagavi,2025-09-03 10:11,2025-09-03 20:11,POCSO,Sexual Assault on Minor,"POCSO Act Sec 4, BNS 64",15.977912,74.525693,P005200,P006631,P009957,SI Ganesh Rao,Closed
FIR202504044,FIR/4044/2025,PS0176,Bidar,2025-08-30 12:40,2025-09-03 22:40,Fraud,Cheating,BNS 318(4),17.771702,77.520435,P003844,P006905,P007007,PI Lakshmi Devi,Chargesheeted
FIR202504670,FIR/4670/2025,PS0012,Bagalkote,2025-08-30 13:13,2025-09-03 23:13,Robbery,Chain Snatching with Force,BNS 309(4),16.283097,75.802808,P004466,P007372,P008657,PI Naveen Patil,Under Investigation
FIR202501017,FIR/1017/2025,PS0004,Bagalkote,2025-09-02 21:53,2025-09-04 00:53,Assault,Grievous Hurt,"BNS 115(2), BNS 117(2)",16.051937,75.666699,P007922,P003191,P003115,SI Mahesh Bhat,Chargesheeted
FIR202501230,FIR/1230/2025,PS0195,Chamarajanagar,2025-09-01 20:12,2025-09-04 03:12,NDPS,Drug Trafficking,NDPS Act Sec 20(b),11.872274,77.044947,P003123,P000678,"P001111, P007937",SI Ganesh Rao,Chargesheeted
FIR202504050,FIR/4050/2025,PS0134,Bengaluru Urban,2025-09-03 23:52,2025-09-04 06:52,Vehicle Theft,Car Theft,BNS 303(2),12.829639,77.648915,P009074,P000549,P007314,PI Ramesh Gowda,Chargesheeted
FIR202503593,FIR/3593/2025,PS0236,Chikkaballapura,2025-08-31 00:55,2025-09-04 06:55,Assault,Grievous Hurt,"BNS 115(2), BNS 117(2)",13.633644,77.93398,P005387,P009110,P001068,SI Prakash Sharma,Untraced
FIR202500596,FIR/0596/2025,PS0044,Ballari,2025-08-30 02:47,2025-09-04 08:47,Assault,Public Affray,"BNS 115(2), BNS 117(2)",15.285974,76.93933,P007539,P006494,"P008940, P000949",SI Prakash Sharma,Chargesheeted
FIR202504904,FIR/4904/2025,PS0243,Chikkaballapura,2025-09-03 23:35,2025-09-04 09:35,Robbery,Chain Snatching with Force,BNS 309(4),13.42987,77.858024,P006226,P009694,P003640,PI Suresh Kulkarni,Under Investigation
FIR202504209,FIR/4209/2025,PS0150,Bengaluru Urban,2025-09-04 09:37,2025-09-04 10:37,Cyber Crime,Phishing,"IT Act 66D, BNS 318(4)",13.071194,77.712238,P002808,P003063,P001924,PI Lakshmi Devi,Under Investigation
FIR202504014,FIR/4014/2025,PS0241,Chikkaballapura,2025-09-04 02:47,2025-09-04 10:47,Theft,Pocket Pick,BNS 303(2),13.254111,77.908124,P004248,P001149,P008353,PI Suresh Kulkarni,Chargesheeted
FIR202504072,FIR/4072/2025,PS0204,Chamarajanagar,2025-09-04 11:55,2025-09-04 12:55,POCSO,Harassment,"POCSO Act Sec 4, BNS 64",12.049706,77.061259,P009953,P002024,P005494,SI Prakash Sharma,Under Investigation
FIR202504858,FIR/4858/2025,PS0016,Bagalkote,2025-09-03 13:16,2025-09-04 14:16,POCSO,Harassment,"POCSO Act Sec 4, BNS 64",15.981657,75.639548,P008913,P004484,P004509,PI Chetan Kumar,Under Investigation
FIR202504149,FIR/4149/2025,PS0206,Chamarajanagar,2025-09-04 13:53,2025-09-04 15:53,Assault,Public Affray,"BNS 115(2), BNS 117(2)",11.826594,77.119331,P003774,P008030,P000103,PI Lakshmi Devi,Chargesheeted
FIR202500260,FIR/0260/2025,PS0172,Bidar,2025-09-03 14:25,2025-09-04 16:25,Dacoity,Armed Dacoity,BNS 310(2),17.951823,77.4756,P001328,P009937,P008751,PI Naveen Patil,Under Investigation
FIR202503702,FIR/3702/2025,PS0133,Bengaluru Urban,2025-09-03 15:34,2025-09-04 19:34,Cyber Crime,Phishing,"IT Act 66D, BNS 318(4)",12.996447,77.532343,P001523,P009849,P005408,PI Naveen Patil,Under Investigation
FIR202503521,FIR/3521/2025,PS0209,Chamarajanagar,2025-08-31 14:13,2025-09-04 20:13,Assault,Grievous Hurt,"BNS 115(2), BNS 117(2)",12.076879,77.011919,P000541,P005030,P008153,SI Divya Hegde,Under Investigation
FIR202502414,FIR/2414/2025,PS0104,Bengaluru Rural,2025-09-04 15:45,2025-09-04 20:45,Dacoity,Bank Dacoity,BNS 310(2),13.432611,77.566656,P000032,P003017,P004923,SI Ravi Kumar,Chargesheeted
FIR202501746,FIR/1746/2025,PS0050,Belagavi,2025-09-03 18:58,2025-09-04 20:58,NDPS,Drug Trafficking,NDPS Act Sec 20(b),15.711432,74.334831,P000962,P008845,P004566,SI Ravi Kumar,Chargesheeted
FIR202500787,FIR/0787/2025,PS0186,Bidar,2025-09-02 13:47,2025-09-04 22:47,Murder,Personal Enmity,BNS 103(1),17.737032,77.521355,P007908,P004900,P000801,PI Ramesh Gowda,Chargesheeted
FIR202504156,FIR/4156/2025,PS0091,Bengaluru Rural,2025-09-04 22:43,2025-09-05 01:43,Robbery,Chain Snatching with Force,BNS 309(4),13.05459,77.63055,P006711,P000087,P003306,SI Ganesh Rao,Under Investigation
FIR202501583,FIR/1583/2025,PS0139,Bengaluru Urban,2025-09-05 00:06,2025-09-05 02:06,Burglary,Day Burglary,"BNS 331(3), BNS 331(4)",12.799609,77.541471,P004271,P004168,P007281,PI Chetan Kumar,Under Investigation
FIR202500862,FIR/0862/2025,PS0176,Bidar,2025-09-02 17:18,2025-09-05 05:18,Fraud,Land Scam,BNS 318(4),17.766445,77.531739,P002306,P008358,P000247,SI Mahesh Bhat,Chargesheeted
FIR202502820,FIR/2820/2025,PS0248,Chikkaballapura,2025-09-05 03:51,2025-09-05 09:51,Murder,Dowry Homicide,BNS 103(1),13.271127,77.770326,P003605,P005568,P006861,SI Prakash Sharma,Chargesheeted
FIR202501258,FIR/1258/2025,PS0039,Ballari,2025-09-04 22:29,2025-09-05 10:29,Murder,Gang Conflict,BNS 103(1),15.330791,76.955448,P002056,P003911,P003750,PI Lakshmi Devi,Under Investigation
FIR202501292,FIR/1292/2025,PS0112,Bengaluru Urban,2025-09-05 10:55,2025-09-05 12:55,Cyber Crime,Identity Theft,"IT Act 66D, BNS 318(4)",13.102054,77.584529,P002310,P000818,P009647,SI Ganesh Rao,Under Investigation
FIR202500195,FIR/0195/2025,PS0173,Bidar,2025-09-05 11:46,2025-09-05 14:46,Theft,Pocket Pick,BNS 303(2),17.756194,77.580458,P005963,P006625,P003566,PI Chetan Kumar,Under Investigation
FIR202502458,FIR/2458/2025,PS0216,Chamarajanagar,2025-09-02 12:03,2025-09-05 16:03,Theft,House Theft,BNS 303(2),11.735663,76.961904,P000547,P001654,P009485,SI Divya Hegde,Under Investigation
FIR202503211,FIR/3211/2025,PS0111,Bengaluru Urban,2025-09-02 19:39,2025-09-06 02:39,Robbery,Chain Snatching with Force,BNS 309(4),12.770453,77.55546,P001963,P007285,P007178,SI Divya Hegde,Chargesheeted
FIR202501782,FIR/1782/2025,PS0193,Chamarajanagar,2025-09-05 22:47,2025-09-06 02:47,Theft,Pocket Pick,BNS 303(2),11.990992,76.840613,P004616,P007573,P004660,SI Ravi Kumar,Chargesheeted
FIR202502989,FIR/2989/2025,PS0249,Chikkaballapura,2025-09-04 21:09,2025-09-06 06:09,Fraud,Cheating,BNS 318(4),13.471102,77.547767,P004076,P004106,P009791,SI Ravi Kumar,Chargesheeted
FIR202503504,FIR/3504/2025,PS0126,Bengaluru Urban,2025-09-06 04:47,2025-09-06 07:47,Robbery,Highway Robbery,BNS 309(4),12.888065,77.546013,P007934,P002738,P000332,PI Lakshmi Devi,Under Investigation
FIR202503332,FIR/3332/2025,PS0057,Belagavi,2025-09-05 22:53,2025-09-06 08:53,Burglary,Day Burglary,"BNS 331(3), BNS 331(4)",15.675844,74.392598,P009436,P001557,"P004865, P001042",SI Ravi Kumar,Under Investigation
FIR202501242,FIR/1242/2025,PS0186,Bidar,2025-09-06 03:26,2025-09-06 10:26,Theft,Snatching,BNS 303(2),17.720299,77.51737,P001446,P005923,P005993,PI Lakshmi Devi,Under Investigation
FIR202504596,FIR/4596/2025,PS0129,Bengaluru Urban,2025-09-05 01:34,2025-09-06 11:34,Fraud,Corporate Fraud,BNS 318(4),12.807853,77.757891,P002321,P003368,P000709,SI Mahesh Bhat,Chargesheeted
FIR202503475,FIR/3475/2025,PS0159,Bidar,2025-09-06 05:34,2025-09-06 15:34,Fraud,Corporate Fraud,BNS 318(4),18.060358,77.491818,P002178,P009747,"P003724, P001020",PI Ramesh Gowda,Under Investigation
FIR202500777,FIR/0777/2025,PS0190,Bidar,2025-09-05 08:35,2025-09-06 18:35,Cyber Crime,Identity Theft,"IT Act 66D, BNS 318(4)",17.761265,77.591555,P001997,P000694,P000153,SI Divya Hegde,Chargesheeted
FIR202503222,FIR/3222/2025,PS0111,Bengaluru Urban,2025-09-05 07:07,2025-09-06 19:07,Cyber Crime,Phishing,"IT Act 66D, BNS 318(4)",12.778036,77.549879,P007711,P000215,P005694,SI Ravi Kumar,Chargesheeted
FIR202500857,FIR/0857/2025,PS0136,Bengaluru Urban,2025-09-06 15:36,2025-09-06 19:36,Cyber Crime,Financial Fraud,"IT Act 66D, BNS 318(4)",12.811153,77.597192,P003473,P000744,P006077,SI Ravi Kumar,Under Investigation
FIR202504414,FIR/4414/2025,PS0203,Chamarajanagar,2025-09-06 10:43,2025-09-06 22:43,Burglary,Day Burglary,"BNS 331(3), BNS 331(4)",11.924444,76.854249,P002979,P008236,P007548,SI Divya Hegde,Under Investigation
FIR202503692,FIR/3692/2025,PS0097,Bengaluru Rural,2025-09-06 11:02,2025-09-06 23:02,Assault,Public Affray,"BNS 115(2), BNS 117(2)",13.115673,77.483879,P001287,P000895,P005729,SI Ravi Kumar,Chargesheeted
FIR202504612,FIR/4612/2025,PS0090,Bengaluru Rural,2025-09-06 20:32,2025-09-07 01:32,Theft,House Theft,BNS 303(2),13.426372,77.460862,P001362,P002751,P005680,PI Lakshmi Devi,Chargesheeted
FIR202501530,FIR/1530/2025,PS0104,Bengaluru Rural,2025-09-06 02:08,2025-09-07 04:08,Assault,Public Affray,"BNS 115(2), BNS 117(2)",13.431451,77.567267,P008184,P001519,P001868,PI Naveen Patil,Chargesheeted
FIR202504533,FIR/4533/2025,PS0124,Bengaluru Urban,2025-09-05 03:34,2025-09-07 04:34,Theft,House Theft,BNS 303(2),13.084077,77.68509,P004491,P005058,P002419,PI Naveen Patil,Under Investigation
FIR202503778,FIR/3778/2025,PS0091,Bengaluru Rural,2025-09-07 01:51,2025-09-07 05:51,Cyber Crime,Phishing,"IT Act 66D, BNS 318(4)",13.044798,77.643459,P006521,P001823,P002477,PI Suresh Kulkarni,Chargesheeted
FIR202500466,FIR/0466/2025,PS0078,Bengaluru Rural,2025-09-02 00:35,2025-09-07 06:35,Theft,Pocket Pick,BNS 303(2),13.123862,77.5513,P008780,P005881,P007897,PI Suresh Kulkarni,Under Investigation
FIR202501102,FIR/1102/2025,PS0172,Bidar,2025-09-06 06:42,2025-09-07 09:42,Assault,Public Affray,"BNS 115(2), BNS 117(2)",17.960464,77.467758,P002304,P001609,P004928,PI Ramesh Gowda,Under Investigation
FIR202502864,FIR/2864/2025,PS0167,Bidar,2025-09-05 02:33,2025-09-07 11:33,Robbery,Chain Snatching with Force,BNS 309(4),18.030961,77.442796,P001972,P007634,P000170,PI Lakshmi Devi,Chargesheeted
FIR202504117,FIR/4117/2025,PS0106,Bengaluru Rural,2025-09-06 08:52,2025-09-07 11:52,POCSO,Harassment,"POCSO Act Sec 4, BNS 64",13.282124,77.539469,P007778,P006858,P009984,PI Lakshmi Devi,Untraced
FIR202501763,FIR/1763/2025,PS0104,Bengaluru Rural,2025-09-06 00:30,2025-09-07 12:30,POCSO,Sexual Assault on Minor,"POCSO Act Sec 4, BNS 64",13.414891,77.552105,P007487,P003569,P008928,PI Lakshmi Devi,Under Investigation
FIR202503201,FIR/3201/2025,PS0105,Bengaluru Rural,2025-09-07 03:30,2025-09-07 12:30,Burglary,Day Burglary,"BNS 331(3), BNS 331(4)",13.14468,77.640407,P003555,P000504,"P002223, P003690",PI Harish Naik,Chargesheeted
FIR202503920,FIR/3920/2025,PS0191,Bidar,2025-09-07 05:54,2025-09-07 14:54,Assault,Grievous Hurt,"BNS 115(2), BNS 117(2)",17.901568,77.402793,P002408,P003906,P006371,PI Suresh Kulkarni,Chargesheeted
FIR202501857,FIR/1857/2025,PS0234,Chamarajanagar,2025-09-07 11:06,2025-09-07 20:06,Cyber Crime,Phishing,"IT Act 66D, BNS 318(4)",12.02262,76.834049,P009950,P000855,P006437,SI Ganesh Rao,Under Investigation
FIR202501429,FIR/1429/2025,PS0108,Bengaluru Rural,2025-09-06 15:07,2025-09-07 20:07,Burglary,Day Burglary,"BNS 331(3), BNS 331(4)",13.177003,77.448261,P000136,P007251,P007532,PI Suresh Kulkarni,Chargesheeted
FIR202501461,FIR/1461/2025,PS0173,Bidar,2025-09-07 13:42,2025-09-07 21:42,Cyber Crime,Financial Fraud,"IT Act 66D, BNS 318(4)",17.7648,77.57405,P007747,P001676,P007216,SI Prakash Sharma,Under Investigation
FIR202504698,FIR/4698/2025,PS0053,Belagavi,2025-09-07 19:10,2025-09-07 22:10,Assault,Grievous Hurt,"BNS 115(2), BNS 117(2)",15.876426,74.328872,P007881,P000031,"P002021, P009931",SI Ganesh Rao,Chargesheeted
FIR202501808,FIR/1808/2025,PS0197,Chamarajanagar,2025-09-02 16:49,2025-09-07 22:49,Theft,Pocket Pick,BNS 303(2),11.843621,77.037771,P000251,P001730,P007668,PI Harish Naik,Chargesheeted
FIR202501912,FIR/1912/2025,PS0006,Bagalkote,2025-09-03 20:06,2025-09-07 23:06,Fraud,Corporate Fraud,BNS 318(4),16.362322,75.75518,P009627,P005970,"P007715, P002867",SI Ravi Kumar,Chargesheeted
FIR202504492,FIR/4492/2025,PS0130,Bengaluru Urban,2025-09-07 12:15,2025-09-08 00:15,Cyber Crime,Phishing,"IT Act 66D, BNS 318(4)",13.112002,77.476227,P003740,P002271,P000676,PI Chetan Kumar,Chargesheeted
FIR202502449,FIR/2449/2025,PS0109,Bengaluru Rural,2025-09-04 20:04,2025-09-08 02:04,Vehicle Theft,Two-Wheeler Theft,BNS 303(2),13.094031,77.582976,P006390,P001754,P005685,PI Ramesh Gowda,Under Investigation
FIR202501600,FIR/1600/2025,PS0117,Bengaluru Urban,2025-09-07 15:20,2025-09-08 02:20,Fraud,Corporate Fraud,BNS 318(4),13.125122,77.786473,P009594,P009493,P005634,PI Suresh Kulkarni,Under Investigation
FIR202503884,FIR/3884/2025,PS0013,Bagalkote,2025-09-07 22:29,2025-09-08 02:29,POCSO,Sexual Assault on Minor,"POCSO Act Sec 4, BNS 64",16.147189,75.663704,P001989,P009481,P006952,PI Lakshmi Devi,Chargesheeted
FIR202502517,FIR/2517/2025,PS0126,Bengaluru Urban,2025-09-08 04:01,2025-09-08 07:01,Cyber Crime,Identity Theft,"IT Act 66D, BNS 318(4)",12.88788,77.561425,P004932,P002020,P006946,SI Prakash Sharma,Under Investigation
FIR202500584,FIR/0584/2025,PS0079,Bengaluru Rural,2025-09-07 20:49,2025-09-08 08:49,Fraud,Land Scam,BNS 318(4),13.084539,77.442787,P005388,P001434,P004101,PI Ramesh Gowda,Closed
FIR202502971,FIR/2971/2025,PS0140,Bengaluru Urban,2025-09-04 22:56,2025-09-08 10:56,Vehicle Theft,Car Theft,BNS 303(2),13.034676,77.648108,P003088,P000594,P008981,SI Divya Hegde,Under Investigation
FIR202503582,FIR/3582/2025,PS0134,Bengaluru Urban,2025-09-08 01:13,2025-09-08 12:13,Cyber Crime,Phishing,"IT Act 66D, BNS 318(4)",12.802356,77.655994,P002662,P006187,P006473,PI Naveen Patil,Untraced
FIR202501845,FIR/1845/2025,PS0160,Bidar,2025-09-07 12:36,2025-09-08 14:36,Dacoity,Armed Dacoity,BNS 310(2),17.888035,77.356694,P003161,P004858,P007523,PI Ramesh Gowda,Chargesheeted
FIR202503694,FIR/3694/2025,PS0141,Bengaluru Urban,2025-09-07 13:12,2025-09-08 20:12,Dacoity,Armed Dacoity,BNS 310(2),12.855367,77.402203,P006182,P007246,P004247,SI Ravi Kumar,Untraced
FIR202503120,FIR/3120/2025,PS0108,Bengaluru Rural,2025-09-05 20:19,2025-09-08 22:19,Murder,Gang Conflict,BNS 103(1),13.198089,77.44236,P004181,P001781,P007634,SI Ganesh Rao,Under Investigation
FIR202504442,FIR/4442/2025,PS0140,Bengaluru Urban,2025-09-07 21:22,2025-09-09 02:22,Cyber Crime,Phishing,"IT Act 66D, BNS 318(4)",13.021579,77.662828,P009107,P007088,"P008143, P009791",PI Lakshmi Devi,Under Investigation
FIR202504470,FIR/4470/2025,PS0087,Bengaluru Rural,2025-09-06 21:40,2025-09-09 03:40,Burglary,Night House Breaking,"BNS 331(3), BNS 331(4)",13.133326,77.500179,P008524,P005409,P004117,SI Divya Hegde,Chargesheeted
FIR202500603,FIR/0603/2025,PS0182,Bidar,2025-09-04 00:15,2025-09-09 04:15,POCSO,Harassment,"POCSO Act Sec 4, BNS 64",17.91544,77.681472,P009712,P008166,P005683,PI Naveen Patil,Chargesheeted
FIR202503880,FIR/3880/2025,PS0119,Bengaluru Urban,2025-09-06 23:55,2025-09-09 05:55,Robbery,Chain Snatching with Force,BNS 309(4),12.839703,77.788806,P000682,P003238,"P002904, P009201",SI Prakash Sharma,Chargesheeted
FIR202500268,FIR/0268/2025,PS0150,Bengaluru Urban,2025-09-08 05:09,2025-09-09 06:09,Cyber Crime,Identity Theft,"IT Act 66D, BNS 318(4)",13.079772,77.71536,P001495,P002987,P002571,PI Lakshmi Devi,Chargesheeted
FIR202500295,FIR/0295/2025,PS0143,Bengaluru Urban,2025-09-09 11:03,2025-09-09 12:03,Vehicle Theft,Car Theft,BNS 303(2),12.802632,77.42716,P007516,P006125,P008319,PI Ramesh Gowda,Under Investigation
FIR202503891,FIR/3891/2025,PS0041,Ballari,2025-09-04 00:18,2025-09-09 12:18,Vehicle Theft,Car Theft,BNS 303(2),15.272106,76.88976,P003446,P005758,P005144,SI Ganesh Rao,Chargesheeted
FIR202504494,FIR/4494/2025,PS0060,Belagavi,2025-09-07 09:11,2025-09-09 14:11,Dacoity,Armed Dacoity,BNS 310(2),16.014459,74.514434,P001604,P003182,P000982,PI Lakshmi Devi,Under Investigation
FIR202500166,FIR/0166/2025,PS0115,Bengaluru Urban,2025-09-06 06:17,2025-09-09 16:17,Burglary,Day Burglary,"BNS 331(3), BNS 331(4)",12.867062,77.38728,P005479,P001494,P001833,SI Ravi Kumar,Chargesheeted
FIR202501135,FIR/1135/2025,PS0025,Bagalkote,2025-09-09 10:42,2025-09-09 17:42,Cyber Crime,Financial Fraud,"IT Act 66D, BNS 318(4)",16.338484,75.844674,P000653,P000578,P008034,PI Ramesh Gowda,Untraced
FIR202504191,FIR/4191/2025,PS0146,Bengaluru Urban,2025-09-06 09:35,2025-09-09 18:35,Cyber Crime,Phishing,"IT Act 66D, BNS 318(4)",12.94795,77.765141,P008947,P009543,P005884,SI Ravi Kumar,Closed
FIR202501189,FIR/1189/2025,PS0015,Bagalkote,2025-09-08 13:07,2025-09-09 19:07,Dacoity,Armed Dacoity,BNS 310(2),16.037233,75.685384,P005359,P004304,P000933,SI Divya Hegde,Chargesheeted
FIR202502855,FIR/2855/2025,PS0083,Bengaluru Rural,2025-09-09 07:15,2025-09-09 19:15,Theft,Pocket Pick,BNS 303(2),13.239174,77.55997,P004951,P004053,P000735,PI Ramesh Gowda,Chargesheeted
FIR202500191,FIR/0191/2025,PS0189,Bidar,2025-09-06 14:38,2025-09-09 19:38,Assault,Grievous Hurt,"BNS 115(2), BNS 117(2)",17.882983,77.362398,P007032,P004686,P007800,SI Ganesh Rao,Chargesheeted
FIR202500761,FIR/0761/2025,PS0236,Chikkaballapura,2025-09-06 20:22,2025-09-09 23:22,Assault,Simple Assault,"BNS 115(2), BNS 117(2)",13.619499,77.902536,P004230,P007363,"P008999, P002567",PI Naveen Patil,Chargesheeted
FIR202503774,FIR/3774/2025,PS0155,Bidar,2025-09-09 14:09,2025-09-10 00:09,Dacoity,Bank Dacoity,BNS 310(2),17.981314,77.3282,P002468,P001827,P005373,PI Harish Naik,Chargesheeted
FIR202503671,FIR/3671/2025,PS0060,Belagavi,2025-09-09 22:58,2025-09-10 03:58,Murder,Personal Enmity,BNS 103(1),16.019145,74.514121,P001957,P005258,P002992,SI Mahesh Bhat,Chargesheeted
FIR202500898,FIR/0898/2025,PS0217,Chamarajanagar,2025-09-08 17:03,2025-09-10 04:03,NDPS,Drug Trafficking,NDPS Act Sec 20(b),11.749281,76.886122,P006777,P007126,"P001332, P003301",PI Ramesh Gowda,Chargesheeted
FIR202503166,FIR/3166/2025,PS0057,Belagavi,2025-09-10 02:28,2025-09-10 04:28,Murder,Personal Enmity,BNS 103(1),15.677589,74.422207,P000672,P005790,"P005933, P008701",PI Lakshmi Devi,Chargesheeted
FIR202502667,FIR/2667/2025,PS0107,Bengaluru Rural,2025-09-07 00:21,2025-09-10 09:21,Murder,Gang Conflict,BNS 103(1),13.129006,77.405113,P003127,P008556,P003541,PI Harish Naik,Under Investigation
FIR202500660,FIR/0660/2025,PS0152,Bengaluru Urban,2025-09-09 10:05,2025-09-10 12:05,Cyber Crime,Financial Fraud,"IT Act 66D, BNS 318(4)",13.007723,77.407052,P004351,P004002,P007406,PI Naveen Patil,Chargesheeted
FIR202504548,FIR/4548/2025,PS0012,Bagalkote,2025-09-09 07:06,2025-09-10 18:06,Assault,Public Affray,"BNS 115(2), BNS 117(2)",16.287645,75.806379,P006938,P007584,P003047,PI Suresh Kulkarni,Chargesheeted
FIR202501684,FIR/1684/2025,PS0026,Ballari,2025-09-07 16:11,2025-09-10 19:11,Assault,Simple Assault,"BNS 115(2), BNS 117(2)",15.234697,76.947138,P006770,P005813,P000781,SI Divya Hegde,Closed
FIR202502243,FIR/2243/2025,PS0041,Ballari,2025-09-10 11:29,2025-09-10 21:29,Cyber Crime,Identity Theft,"IT Act 66D, BNS 318(4)",15.257284,76.884376,P003320,P001064,"P001050, P001357",PI Naveen Patil,Chargesheeted
FIR202501642,FIR/1642/2025,PS0199,Chamarajanagar,2025-09-09 13:24,2025-09-10 22:24,Theft,Pocket Pick,BNS 303(2),11.858944,77.051962,P002896,P005919,P001843,SI Prakash Sharma,Under Investigation
FIR202502023,FIR/2023/2025,PS0120,Bengaluru Urban,2025-09-09 10:47,2025-09-10 22:47,Cyber Crime,Identity Theft,"IT Act 66D, BNS 318(4)",13.122623,77.401837,P002678,P008754,P003109,SI Prakash Sharma,Chargesheeted
FIR202501405,FIR/1405/2025,PS0111,Bengaluru Urban,2025-09-07 22:24,2025-09-10 23:24,POCSO,Harassment,"POCSO Act Sec 4, BNS 64",12.762302,77.555997,P008332,P009823,P002222,PI Naveen Patil,Under Investigation
FIR202501483,FIR/1483/2025,PS0072,Bengaluru Rural,2025-09-10 13:24,2025-09-11 00:24,Theft,House Theft,BNS 303(2),13.321931,77.637581,P007438,P001409,P005101,PI Suresh Kulkarni,Chargesheeted
FIR202502111,FIR/2111/2025,PS0037,Ballari,2025-09-10 02:51,2025-09-11 04:51,Murder,Gang Conflict,BNS 103(1),15.081463,77.035303,P008343,P000499,P007547,PI Naveen Patil,Under Investigation
FIR202503416,FIR/3416/2025,PS0158,Bidar,2025-09-11 01:56,2025-09-11 04:56,Vehicle Theft,Two-Wheeler Theft,BNS 303(2),17.914259,77.513282,P004754,P002990,P007289,PI Chetan Kumar,Chargesheeted
FIR202501492,FIR/1492/2025,PS0212,Chamarajanagar,2025-09-08 22:24,2025-09-11 06:24,Theft,Pocket Pick,BNS 303(2),12.035738,76.820264,P003882,P002787,P007498,PI Naveen Patil,Chargesheeted
FIR202502726,FIR/2726/2025,PS0172,Bidar,2025-09-09 00:02,2025-09-11 08:02,Murder,Dowry Homicide,BNS 103(1),17.947658,77.499352,P004672,P001900,P001306,PI Harish Naik,Under Investigation
FIR202503473,FIR/3473/2025,PS0060,Belagavi,2025-09-11 02:46,2025-09-11 08:46,Cyber Crime,Financial Fraud,"IT Act 66D, BNS 318(4)",16.019732,74.526064,P009810,P007341,P008696,SI Mahesh Bhat,Under Investigation
FIR202504205,FIR/4205/2025,PS0128,Bengaluru Urban,2025-09-10 20:55,2025-09-11 08:55,Fraud,Corporate Fraud,BNS 318(4),13.043258,77.565791,P001144,P001839,P000989,SI Divya Hegde,Chargesheeted
FIR202500047,FIR/0047/2025,PS0074,Bengaluru Rural,2025-09-09 12:29,2025-09-11 13:29,NDPS,Possession of Narcotics,NDPS Act Sec 20(b),13.169043,77.557771,P006806,P007685,P007675,PI Suresh Kulkarni,Under Investigation
FIR202502964,FIR/2964/2025,PS0223,Chamarajanagar,2025-09-10 05:01,2025-09-11 14:01,Dacoity,Armed Dacoity,BNS 310(2),11.844506,76.798096,P007858,P001050,P008025,SI Divya Hegde,Chargesheeted
FIR202501132,FIR/1132/2025,PS0248,Chikkaballapura,2025-09-11 05:33,2025-09-11 14:33,Murder,Dowry Homicide,BNS 103(1),13.2669,77.769471,P004280,P009847,P008471,PI Ramesh Gowda,Chargesheeted
FIR202503215,FIR/3215/2025,PS0223,Chamarajanagar,2025-09-11 06:56,2025-09-11 17:56,Cyber Crime,Phishing,"IT Act 66D, BNS 318(4)",11.853543,76.79684,P000910,P004411,P006840,SI Mahesh Bhat,Chargesheeted
FIR202504358,FIR/4358/2025,PS0104,Bengaluru Rural,2025-09-11 20:21,2025-09-11 22:21,Murder,Gang Conflict,BNS 103(1),13.428607,77.53125,P001424,P006566,P008413,PI Chetan Kumar,Chargesheeted
FIR202501693,FIR/1693/2025,PS0041,Ballari,2025-09-10 12:42,2025-09-11 22:42,Dacoity,Armed Dacoity,BNS 310(2),15.2667,76.89393,P001529,P005464,P007854,PI Suresh Kulkarni,Chargesheeted
FIR202502551,FIR/2551/2025,PS0018,Bagalkote,2025-09-11 20:40,2025-09-11 23:40,Cyber Crime,Identity Theft,"IT Act 66D, BNS 318(4)",16.199424,75.780396,P003543,P004879,P006182,SI Divya Hegde,Under Investigation
FIR202503255,FIR/3255/2025,PS0227,Chamarajanagar,2025-09-11 17:39,2025-09-12 00:39,Vehicle Theft,Two-Wheeler Theft,BNS 303(2),11.901245,76.928881,P001839,P006164,P009114,SI Ganesh Rao,Chargesheeted
FIR202501235,FIR/1235/2025,PS0221,Chamarajanagar,2025-09-11 22:51,2025-09-12 00:51,NDPS,Drug Trafficking,NDPS Act Sec 20(b),12.046805,77.08426,P005958,P006240,P005016,SI Ravi Kumar,Chargesheeted
FIR202503440,FIR/3440/2025,PS0094,Bengaluru Rural,2025-09-11 23:18,2025-09-12 02:18,Assault,Simple Assault,"BNS 115(2), BNS 117(2)",13.053045,77.678598,P006642,P001379,P000812,PI Naveen Patil,Under Investigation
FIR202504297,FIR/4297/2025,PS0043,Ballari,2025-09-11 16:02,2025-09-12 03:02,Burglary,Day Burglary,"BNS 331(3), BNS 331(4)",14.959207,76.976878,P007267,P000371,P004852,SI Mahesh Bhat,Chargesheeted
FIR202504244,FIR/4244/2025,PS0048,Belagavi,2025-09-09 22:14,2025-09-12 03:14,Burglary,Night House Breaking,"BNS 331(3), BNS 331(4)",15.754906,74.491339,P002758,P001570,P005859,SI Ganesh Rao,Untraced
FIR202504981,FIR/4981/2025,PS0224,Chamarajanagar,2025-09-10 21:35,2025-09-12 06:35,Murder,Personal Enmity,BNS 103(1),11.88131,76.798473,P004879,P007495,P003174,PI Ramesh Gowda,Chargesheeted
FIR202504971,FIR/4971/2025,PS0249,Chikkaballapura,2025-09-11 22:43,2025-09-12 06:43,Theft,Pocket Pick,BNS 303(2),13.497858,77.528423,P008050,P002561,P009875,PI Lakshmi Devi,Chargesheeted
FIR202504430,FIR/4430/2025,PS0189,Bidar,2025-09-12 01:26,2025-09-12 09:26,Dacoity,Armed Dacoity,BNS 310(2),17.894244,77.374142,P007713,P009244,P001667,PI Lakshmi Devi,Untraced
FIR202504986,FIR/4986/2025,PS0161,Bidar,2025-09-12 07:27,2025-09-12 10:27,Fraud,Cheating,BNS 318(4),17.990642,77.497291,P007342,P005608,P006803,PI Naveen Patil,Untraced
FIR202504004,FIR/4004/2025,PS0247,Chikkaballapura,2025-09-11 07:15,2025-09-12 12:15,Robbery,Chain Snatching with Force,BNS 309(4),13.477213,77.885453,P008822,P000323,P009322,SI Ravi Kumar,Under Investigation
FIR202502755,FIR/2755/2025,PS0218,Chamarajanagar,2025-09-07 06:24,2025-09-12 12:24,Burglary,Night House Breaking,"BNS 331(3), BNS 331(4)",11.84838,77.052097,P006681,P002847,P002707,SI Prakash Sharma,Chargesheeted
FIR202503828,FIR/3828/2025,PS0005,Bagalkote,2025-09-11 06:33,2025-09-12 12:33,NDPS,Drug Trafficking,NDPS Act Sec 20(b),16.163388,75.591634,P006267,P004506,P002706,SI Divya Hegde,Chargesheeted
FIR202503711,FIR/3711/2025,PS0149,Bengaluru Urban,2025-09-11 09:49,2025-09-12 16:49,Robbery,Highway Robbery,BNS 309(4),13.105041,77.469546,P007669,P003082,P003738,SI Ravi Kumar,Chargesheeted
FIR202504137,FIR/4137/2025,PS0091,Bengaluru Rural,2025-09-12 14:32,2025-09-12 20:32,Theft,House Theft,BNS 303(2),13.071997,77.640929,P005749,P009643,P007285,PI Chetan Kumar,Chargesheeted
FIR202501263,FIR/1263/2025,PS0101,Bengaluru Rural,2025-09-12 14:11,2025-09-12 22:11,Fraud,Cheating,BNS 318(4),13.252909,77.728543,P008300,P000327,P004690,PI Lakshmi Devi,Chargesheeted
FIR202501762,FIR/1762/2025,PS0105,Bengaluru Rural,2025-09-13 00:05,2025-09-13 05:05,Fraud,Corporate Fraud,BNS 318(4),13.169547,77.656249,P007989,P002287,P005405,PI Ramesh Gowda,Closed
FIR202500497,FIR/0497/2025,PS0103,Bengaluru Rural,2025-09-12 22:20,2025-09-13 07:20,POCSO,Sexual Assault on Minor,"POCSO Act Sec 4, BNS 64",13.337471,77.427413,P003628,P005895,"P003494, P008552",PI Lakshmi Devi,Under Investigation
FIR202501096,FIR/1096/2025,PS0176,Bidar,2025-09-11 23:30,2025-09-13 07:30,Burglary,Day Burglary,"BNS 331(3), BNS 331(4)",17.764241,77.532021,P007946,P004066,P004002,SI Divya Hegde,Chargesheeted
FIR202501896,FIR/1896/2025,PS0139,Bengaluru Urban,2025-09-13 00:08,2025-09-13 08:08,Vehicle Theft,Car Theft,BNS 303(2),12.799728,77.560503,P009829,P009245,"P008911, P009674",SI Prakash Sharma,Chargesheeted
FIR202500078,FIR/0078/2025,PS0128,Bengaluru Urban,2025-09-12 21:29,2025-09-13 08:29,Vehicle Theft,Two-Wheeler Theft,BNS 303(2),13.008241,77.565777,P006193,P005015,P008912,SI Ganesh Rao,Under Investigation
FIR202500760,FIR/0760/2025,PS0026,Ballari,2025-09-12 23:49,2025-09-13 08:49,Cyber Crime,Phishing,"IT Act 66D, BNS 318(4)",15.219281,76.955457,P006308,P002655,P000348,SI Mahesh Bhat,Closed
FIR202501627,FIR/1627/2025,PS0240,Chikkaballapura,2025-09-13 04:22,2025-09-13 09:22,POCSO,Sexual Assault on Minor,"POCSO Act Sec 4, BNS 64",13.396703,77.813979,P000730,P001167,P001861,PI Suresh Kulkarni,Under Investigation
FIR202504540,FIR/4540/2025,PS0058,Belagavi,2025-09-11 00:25,2025-09-13 09:25,Assault,Public Affray,"BNS 115(2), BNS 117(2)",15.711349,74.386828,P001785,P009463,P004945,PI Chetan Kumar,Chargesheeted
FIR202503772,FIR/3772/2025,PS0223,Chamarajanagar,2025-09-11 08:39,2025-09-13 11:39,Fraud,Land Scam,BNS 318(4),11.848527,76.775675,P003620,P005468,P003588,SI Divya Hegde,Chargesheeted
FIR202503119,FIR/3119/2025,PS0038,Ballari,2025-09-12 03:04,2025-09-13 12:04,Assault,Grievous Hurt,"BNS 115(2), BNS 117(2)",15.088136,77.087081,P009285,P001359,P000516,SI Ganesh Rao,Under Investigation
FIR202502603,FIR/2603/2025,PS0063,Belagavi,2025-09-13 11:02,2025-09-13 16:02,Burglary,Night House Breaking,"BNS 331(3), BNS 331(4)",16.011728,74.708855,P001921,P007090,P005180,PI Ramesh Gowda,Under Investigation
FIR202503383,FIR/3383/2025,PS0074,Bengaluru Rural,2025-09-12 15:54,2025-09-13 18:54,Theft,Snatching,BNS 303(2),13.160357,77.589458,P002638,P007742,P006665,SI Ganesh Rao,Chargesheeted
FIR202503879,FIR/3879/2025,PS0199,Chamarajanagar,2025-09-13 12:28,2025-09-13 20:28,Murder,Personal Enmity,BNS 103(1),11.875805,77.035149,P007618,P002708,P008211,PI Naveen Patil,Chargesheeted
FIR202503911,FIR/3911/2025,PS0150,Bengaluru Urban,2025-09-13 19:10,2025-09-13 22:10,Cyber Crime,Identity Theft,"IT Act 66D, BNS 318(4)",13.083728,77.719228,P002964,P004681,P007890,SI Ganesh Rao,Chargesheeted
FIR202500879,FIR/0879/2025,PS0250,Chikkaballapura,2025-09-13 16:14,2025-09-14 00:14,Robbery,Highway Robbery,BNS 309(4),13.557183,77.80953,P009073,P001984,P008120,PI Ramesh Gowda,Untraced
FIR202502897,FIR/2897/2025,PS0248,Chikkaballapura,2025-09-13 19:15,2025-09-14 03:15,Murder,Personal Enmity,BNS 103(1),13.262912,77.782429,P001964,P002090,P006213,PI Ramesh Gowda,Chargesheeted
FIR202504060,FIR/4060/2025,PS0220,Chamarajanagar,2025-09-12 23:41,2025-09-14 05:41,Theft,Pocket Pick,BNS 303(2),11.798475,76.807131,P009195,P003860,"P006723, P002217",SI Divya Hegde,Chargesheeted
FIR202500109,FIR/0109/2025,PS0087,Bengaluru Rural,2025-09-14 10:03,2025-09-14 14:03,POCSO,Sexual Assault on Minor,"POCSO Act Sec 4, BNS 64",13.151275,77.534614,P007792,P004210,P005386,PI Ramesh Gowda,Chargesheeted
FIR202502367,FIR/2367/2025,PS0184,Bidar,2025-09-13 03:14,2025-09-14 14:14,Cyber Crime,Identity Theft,"IT Act 66D, BNS 318(4)",17.891665,77.638985,P006053,P007804,P002391,PI Harish Naik,Untraced
FIR202502024,FIR/2024/2025,PS0207,Chamarajanagar,2025-09-12 12:15,2025-09-14 15:15,Assault,Public Affray,"BNS 115(2), BNS 117(2)",12.082874,77.109622,P008666,P001089,P006264,PI Chetan Kumar,Under Investigation
FIR202504126,FIR/4126/2025,PS0217,Chamarajanagar,2025-09-13 10:48,2025-09-14 15:48,Vehicle Theft,Car Theft,BNS 303(2),11.755245,76.914658,P006971,P004131,P005936,PI Lakshmi Devi,Chargesheeted
FIR202502549,FIR/2549/2025,PS0050,Belagavi,2025-09-12 12:57,2025-09-14 16:57,Cyber Crime,Identity Theft,"IT Act 66D, BNS 318(4)",15.720659,74.29846,P004772,P006869,P002855,PI Naveen Patil,Chargesheeted
FIR202504712,FIR/4712/2025,PS0008,Bagalkote,2025-09-14 12:20,2025-09-14 17:20,Cyber Crime,Identity Theft,"IT Act 66D, BNS 318(4)",16.277573,75.509163,P000651,P008828,"P003708, P009097",PI Harish Naik,Closed
FIR202502919,FIR/2919/2025,PS0018,Bagalkote,2025-09-14 14:57,2025-09-14 18:57,NDPS,Possession of Narcotics,NDPS Act Sec 20(b),16.183374,75.810874,P007340,P001505,P003795,SI Mahesh Bhat,Chargesheeted
FIR202500359,FIR/0359/2025,PS0054,Belagavi,2025-09-14 19:48,2025-09-14 20:48,Theft,Pocket Pick,BNS 303(2),15.905369,74.67545,P005543,P004956,P007280,SI Prakash Sharma,Under Investigation
FIR202504457,FIR/4457/2025,PS0107,Bengaluru Rural,2025-09-13 16:58,2025-09-14 21:58,Vehicle Theft,Two-Wheeler Theft,BNS 303(2),13.141188,77.438668,P007599,P006211,"P000938, P006630",PI Chetan Kumar,Under Investigation
FIR202504856,FIR/4856/2025,PS0115,Bengaluru Urban,2025-09-11 13:09,2025-09-14 22:09,Cyber Crime,Financial Fraud,"IT Act 66D, BNS 318(4)",12.870989,77.392202,P004073,P002650,P001799,SI Ravi Kumar,Chargesheeted
FIR202504568,FIR/4568/2025,PS0107,Bengaluru Rural,2025-09-13 14:26,2025-09-14 22:26,Burglary,Day Burglary,"BNS 331(3), BNS 331(4)",13.136838,77.412692,P008779,P008294,P001067,PI Harish Naik,Under Investigation
FIR202500847,FIR/0847/2025,PS0094,Bengaluru Rural,2025-09-13 18:08,2025-09-15 00:08,Dacoity,Armed Dacoity,BNS 310(2),13.06947,77.683243,P000009,P006093,P009719,SI Ganesh Rao,Chargesheeted
FIR202503242,FIR/3242/2025,PS0115,Bengaluru Urban,2025-09-12 15:12,2025-09-15 02:12,Cyber Crime,Identity Theft,"IT Act 66D, BNS 318(4)",12.891743,77.384699,P004153,P009217,P003677,PI Suresh Kulkarni,Under Investigation
FIR202503377,FIR/3377/2025,PS0024,Bagalkote,2025-09-13 22:09,2025-09-15 03:09,Burglary,Night House Breaking,"BNS 331(3), BNS 331(4)",16.378625,75.520754,P008154,P000170,"P003140, P005028",PI Harish Naik,Chargesheeted
FIR202504558,FIR/4558/2025,PS0003,Bagalkote,2025-09-12 17:46,2025-09-15 05:46,Dacoity,Armed Dacoity,BNS 310(2),16.350509,75.87203,P004704,P003538,P000398,SI Prakash Sharma,Under Investigation
FIR202500345,FIR/0345/2025,PS0214,Chamarajanagar,2025-09-15 11:41,2025-09-15 13:41,Burglary,Night House Breaking,"BNS 331(3), BNS 331(4)",11.937248,76.835437,P002319,P002503,P000343,SI Divya Hegde,Chargesheeted
FIR202503607,FIR/3607/2025,PS0164,Bidar,2025-09-15 08:55,2025-09-15 13:55,Robbery,Highway Robbery,BNS 309(4),17.94209,77.469587,P008986,P007670,P003955,PI Chetan Kumar,Chargesheeted
FIR202502399,FIR/2399/2025,PS0014,Bagalkote,2025-09-13 06:28,2025-09-15 14:28,Assault,Public Affray,"BNS 115(2), BNS 117(2)",16.31456,75.829977,P001329,P003392,P002470,PI Naveen Patil,Chargesheeted
FIR202500306,FIR/0306/2025,PS0231,Chamarajanagar,2025-09-15 03:39,2025-09-15 14:39,POCSO,Sexual Assault on Minor,"POCSO Act Sec 4, BNS 64",11.972308,77.016611,P002066,P004946,P001925,PI Lakshmi Devi,Chargesheeted
FIR202501616,FIR/1616/2025,PS0071,Bengaluru Rural,2025-09-15 12:39,2025-09-15 15:39,Robbery,Chain Snatching with Force,BNS 309(4),13.032789,77.494914,P000549,P004127,P007205,PI Harish Naik,Chargesheeted
FIR202504566,FIR/4566/2025,PS0119,Bengaluru Urban,2025-09-14 09:50,2025-09-15 15:50,Vehicle Theft,Two-Wheeler Theft,BNS 303(2),12.834515,77.770298,P008873,P000914,P007086,SI Ganesh Rao,Chargesheeted
FIR202502770,FIR/2770/2025,PS0143,Bengaluru Urban,2025-09-13 06:29,2025-09-15 16:29,Vehicle Theft,Car Theft,BNS 303(2),12.801896,77.426569,P000242,P005507,P008767,SI Mahesh Bhat,Chargesheeted
FIR202501863,FIR/1863/2025,PS0110,Bengaluru Urban,2025-09-15 07:31,2025-09-15 18:31,Vehicle Theft,Two-Wheeler Theft,BNS 303(2),13.157482,77.628474,P003956,P006146,P001964,PI Chetan Kumar,Chargesheeted
FIR202500651,FIR/0651/2025,PS0223,Chamarajanagar,2025-09-15 07:07,2025-09-15 19:07,Burglary,Day Burglary,"BNS 331(3), BNS 331(4)",11.8695,76.778482,P000113,P004554,P008712,PI Chetan Kumar,Chargesheeted
FIR202504934,FIR/4934/2025,PS0201,Chamarajanagar,2025-09-15 19:35,2025-09-15 21:35,POCSO,Harassment,"POCSO Act Sec 4, BNS 64",11.98194,76.83269,P003671,P001205,P002046,SI Ganesh Rao,Under Investigation
FIR202503328,FIR/3328/2025,PS0242,Chikkaballapura,2025-09-12 19:04,2025-09-16 00:04,Cyber Crime,Phishing,"IT Act 66D, BNS 318(4)",13.267306,77.878216,P003165,P006346,P007107,SI Ravi Kumar,Under Investigation
FIR202502486,FIR/2486/2025,PS0143,Bengaluru Urban,2025-09-15 14:09,2025-09-16 02:09,Assault,Grievous Hurt,"BNS 115(2), BNS 117(2)",12.789639,77.403492,P005981,P008899,P005760,PI Lakshmi Devi,Chargesheeted
FIR202501806,FIR/1806/2025,PS0122,Bengaluru Urban,2025-09-12 20:20,2025-09-16 02:20,Vehicle Theft,Two-Wheeler Theft,BNS 303(2),13.102686,77.544135,P002127,P005967,P002129,PI Lakshmi Devi,Under Investigation
FIR202502538,FIR/2538/2025,PS0146,Bengaluru Urban,2025-09-13 20:28,2025-09-16 02:28,Burglary,Night House Breaking,"BNS 331(3), BNS 331(4)",12.939003,77.772454,P006637,P001777,P002883,PI Naveen Patil,Chargesheeted
FIR202503525,FIR/3525/2025,PS0175,Bidar,2025-09-14 00:00,2025-09-16 06:00,Robbery,Highway Robbery,BNS 309(4),18.026719,77.420741,P009011,P007056,P000267,SI Prakash Sharma,Under Investigation
FIR202502590,FIR/2590/2025,PS0026,Ballari,2025-09-13 11:17,2025-09-16 16:17,Assault,Public Affray,"BNS 115(2), BNS 117(2)",15.202974,76.950469,P007756,P004551,P008597,SI Ganesh Rao,Chargesheeted
FIR202501352,FIR/1352/2025,PS0232,Chamarajanagar,2025-09-16 05:55,2025-09-16 16:55,Murder,Dowry Homicide,BNS 103(1),11.790766,76.902209,P002102,P004763,P002461,PI Naveen Patil,Untraced
FIR202500717,FIR/0717/2025,PS0056,Belagavi,2025-09-15 16:22,2025-09-16 17:22,Theft,House Theft,BNS 303(2),15.757493,74.611203,P007205,P003354,P006109,PI Harish Naik,Chargesheeted
FIR202502369,FIR/2369/2025,PS0128,Bengaluru Urban,2025-09-15 07:32,2025-09-16 19:32,Cyber Crime,Phishing,"IT Act 66D, BNS 318(4)",13.030029,77.567291,P006737,P009799,P002956,PI Lakshmi Devi,Chargesheeted
FIR202502672,FIR/2672/2025,PS0051,Belagavi,2025-09-16 14:40,2025-09-16 19:40,Theft,Snatching,BNS 303(2),15.990202,74.529286,P005513,P008985,P006523,PI Chetan Kumar,Chargesheeted
FIR202504481,FIR/4481/2025,PS0043,Ballari,2025-09-13 17:34,2025-09-16 21:34,Burglary,Day Burglary,"BNS 331(3), BNS 331(4)",14.95692,76.982868,P001052,P001663,P009974,SI Mahesh Bhat,Untraced
FIR202501486,FIR/1486/2025,PS0002,Bagalkote,2025-09-14 13:38,2025-09-16 22:38,Burglary,Night House Breaking,"BNS 331(3), BNS 331(4)",16.101752,75.513336,P000799,P002771,P004781,SI Ganesh Rao,Untraced
FIR202500637,FIR/0637/2025,PS0210,Chamarajanagar,2025-09-16 20:50,2025-09-16 22:50,Robbery,Chain Snatching with Force,BNS 309(4),11.993374,76.788,P006096,P000431,"P008030, P001703",SI Prakash Sharma,Chargesheeted
FIR202502043,FIR/2043/2025,PS0104,Bengaluru Rural,2025-09-15 18:31,2025-09-17 00:31,Burglary,Night House Breaking,"BNS 331(3), BNS 331(4)",13.405281,77.535605,P003287,P000545,P007421,PI Harish Naik,Chargesheeted
FIR202503645,FIR/3645/2025,PS0126,Bengaluru Urban,2025-09-12 17:34,2025-09-17 01:34,Assault,Simple Assault,"BNS 115(2), BNS 117(2)",12.879936,77.545955,P003932,P005193,P005597,SI Ganesh Rao,Under Investigation
FIR202502560,FIR/2560/2025,PS0247,Chikkaballapura,2025-09-16 21:15,2025-09-17 02:15,Fraud,Corporate Fraud,BNS 318(4),13.471634,77.898335,P000148,P009979,P005118,PI Harish Naik,Under Investigation
FIR202504714,FIR/4714/2025,PS0184,Bidar,2025-09-16 22:17,2025-09-17 02:17,Fraud,Corporate Fraud,BNS 318(4),17.912293,77.634856,P003316,P006844,P002828,SI Ganesh Rao,Chargesheeted
FIR202501577,FIR/1577/2025,PS0070,Bengaluru Rural,2025-09-16 14:23,2025-09-17 02:23,POCSO,Harassment,"POCSO Act Sec 4, BNS 64",13.265908,77.760635,P002057,P004222,P009208,PI Suresh Kulkarni,Chargesheeted
FIR202504251,FIR/4251/2025,PS0155,Bidar,2025-09-16 16:02,2025-09-17 03:02,Assault,Public Affray,"BNS 115(2), BNS 117(2)",17.977794,77.331552,P003383,P004304,P004138,SI Ganesh Rao,Under Investigation
FIR202504392,FIR/4392/2025,PS0078,Bengaluru Rural,2025-09-16 20:41,2025-09-17 04:41,Burglary,Night House Breaking,"BNS 331(3), BNS 331(4)",13.130626,77.558837,P001315,P006321,"P000794, P008175",SI Prakash Sharma,Closed
FIR202500137,FIR/0137/2025,PS0225,Chamarajanagar,2025-09-16 20:56,2025-09-17 05:56,POCSO,Harassment,"POCSO Act Sec 4, BNS 64",12.006607,76.780271,P007096,P001487,P006778,PI Chetan Kumar,Chargesheeted
FIR202502357,FIR/2357/2025,PS0209,Chamarajanagar,2025-09-16 23:31,2025-09-17 07:31,Dacoity,Armed Dacoity,BNS 310(2),12.057221,76.983943,P008508,P007905,P009221,PI Suresh Kulkarni,Chargesheeted
FIR202502944,FIR/2944/2025,PS0175,Bidar,2025-09-16 01:08,2025-09-17 08:08,Murder,Personal Enmity,BNS 103(1),17.999157,77.428243,P000588,P000449,P000500,SI Ravi Kumar,Chargesheeted
FIR202500638,FIR/0638/2025,PS0142,Bengaluru Urban,2025-09-16 21:41,2025-09-17 08:41,Burglary,Night House Breaking,"BNS 331(3), BNS 331(4)",13.086099,77.749404,P000125,P005327,P009863,PI Lakshmi Devi,Untraced
FIR202503463,FIR/3463/2025,PS0138,Bengaluru Urban,2025-09-16 09:27,2025-09-17 11:27,Vehicle Theft,Two-Wheeler Theft,BNS 303(2),13.138928,77.454168,P007727,P007524,P001941,PI Ramesh Gowda,Chargesheeted
FIR202502248,FIR/2248/2025,PS0038,Ballari,2025-09-17 11:19,2025-09-17 14:19,Dacoity,Armed Dacoity,BNS 310(2),15.064946,77.050332,P003633,P004995,P000561,SI Ganesh Rao,Chargesheeted
FIR202504337,FIR/4337/2025,PS0184,Bidar,2025-09-17 14:18,2025-09-17 16:18,NDPS,Drug Trafficking,NDPS Act Sec 20(b),17.900244,77.611202,P005736,P005995,P003764,SI Ravi Kumar,Under Investigation
FIR202503470,FIR/3470/2025,PS0227,Chamarajanagar,2025-09-16 12:19,2025-09-17 16:19,Fraud,Corporate Fraud,BNS 318(4),11.897432,76.908655,P001924,P003534,P002737,PI Chetan Kumar,Chargesheeted
FIR202501535,FIR/1535/2025,PS0161,Bidar,2025-09-17 07:28,2025-09-17 18:28,Cyber Crime,Financial Fraud,"IT Act 66D, BNS 318(4)",17.985213,77.519462,P000035,P003541,P009007,PI Chetan Kumar,Untraced
FIR202500499,FIR/0499/2025,PS0006,Bagalkote,2025-09-16 15:12,2025-09-17 22:12,POCSO,Harassment,"POCSO Act Sec 4, BNS 64",16.367418,75.754617,P008739,P006717,P006482,PI Suresh Kulkarni,Chargesheeted
FIR202502898,FIR/2898/2025,PS0077,Bengaluru Rural,2025-09-17 16:04,2025-09-18 02:04,Dacoity,Armed Dacoity,BNS 310(2),13.366299,77.622074,P000811,P008937,P000866,SI Mahesh Bhat,Under Investigation
FIR202504006,FIR/4006/2025,PS0222,Chamarajanagar,2025-09-16 23:42,2025-09-18 02:42,Fraud,Land Scam,BNS 318(4),11.918697,76.743167,P008908,P009989,P003999,PI Naveen Patil,Chargesheeted
FIR202502207,FIR/2207/2025,PS0055,Belagavi,2025-09-16 18:18,2025-09-18 05:18,Theft,Pocket Pick,BNS 303(2),15.846934,74.369308,P007896,P006754,P001127,SI Ravi Kumar,Chargesheeted
FIR202504187,FIR/4187/2025,PS0099,Bengaluru Rural,2025-09-15 03:57,2025-09-18 07:57,Robbery,Highway Robbery,BNS 309(4),13.258679,77.717785,P003558,P008168,P003681,PI Ramesh Gowda,Under Investigation
FIR202502529,FIR/2529/2025,PS0063,Belagavi,2025-09-18 04:42,2025-09-18 10:42,Assault,Grievous Hurt,"BNS 115(2), BNS 117(2)",16.024918,74.704793,P003860,P001878,P005481,SI Divya Hegde,Under Investigation
FIR202504388,FIR/4388/2025,PS0216,Chamarajanagar,2025-09-16 08:32,2025-09-18 11:32,Murder,Personal Enmity,BNS 103(1),11.773018,76.959834,P005270,P005569,P004192,PI Chetan Kumar,Under Investigation
FIR202500535,FIR/0535/2025,PS0072,Bengaluru Rural,2025-09-16 06:34,2025-09-18 11:34,POCSO,Harassment,"POCSO Act Sec 4, BNS 64",13.300058,77.635416,P008868,P004030,P003025,SI Ravi Kumar,Chargesheeted
FIR202500749,FIR/0749/2025,PS0216,Chamarajanagar,2025-09-18 08:18,2025-09-18 15:18,Robbery,Highway Robbery,BNS 309(4),11.763111,76.94428,P000086,P002893,P001231,PI Suresh Kulkarni,Chargesheeted
FIR202502095,FIR/2095/2025,PS0220,Chamarajanagar,2025-09-18 12:33,2025-09-18 15:33,POCSO,Sexual Assault on Minor,"POCSO Act Sec 4, BNS 64",11.788046,76.815054,P001561,P004594,P008424,PI Chetan Kumar,Chargesheeted
FIR202503766,FIR/3766/2025,PS0187,Bidar,2025-09-17 17:18,2025-09-18 18:18,Robbery,Highway Robbery,BNS 309(4),17.963134,77.730019,P000573,P003942,P007402,SI Prakash Sharma,Chargesheeted
FIR202504998,FIR/4998/2025,PS0028,Ballari,2025-09-17 17:33,2025-09-18 18:33,Dacoity,Armed Dacoity,BNS 310(2),15.027579,76.860894,P001386,P001543,P009842,PI Naveen Patil,Under Investigation
FIR202502393,FIR/2393/2025,PS0059,Belagavi,2025-09-18 16:21,2025-09-18 20:21,POCSO,Harassment,"POCSO Act Sec 4, BNS 64",15.818863,74.534425,P006402,P001897,P001638,PI Suresh Kulkarni,Chargesheeted
FIR202500160,FIR/0160/2025,PS0023,Bagalkote,2025-09-17 11:59,2025-09-18 22:59,NDPS,Drug Trafficking,NDPS Act Sec 20(b),16.101795,75.802516,P001277,P003971,P006331,PI Harish Naik,Chargesheeted
FIR202501369,FIR/1369/2025,PS0140,Bengaluru Urban,2025-09-15 19:55,2025-09-19 00:55,Fraud,Cheating,BNS 318(4),13.046883,77.674779,P004778,P007881,P009193,PI Suresh Kulkarni,Chargesheeted
FIR202500092,FIR/0092/2025,PS0190,Bidar,2025-09-18 01:12,2025-09-19 02:12,Burglary,Night House Breaking,"BNS 331(3), BNS 331(4)",17.729111,77.588135,P006262,P003750,P005306,PI Naveen Patil,Under Investigation
FIR202504276,FIR/4276/2025,PS0115,Bengaluru Urban,2025-09-18 20:37,2025-09-19 02:37,Cyber Crime,Phishing,"IT Act 66D, BNS 318(4)",12.885693,77.394956,P000687,P003393,P003056,PI Suresh Kulkarni,Chargesheeted
FIR202503983,FIR/3983/2025,PS0072,Bengaluru Rural,2025-09-18 00:00,2025-09-19 06:00,POCSO,Harassment,"POCSO Act Sec 4, BNS 64",13.321897,77.642545,P009563,P008281,P000866,PI Lakshmi Devi,Chargesheeted
FIR202504155,FIR/4155/2025,PS0239,Chikkaballapura,2025-09-18 20:03,2025-09-19 07:03,Burglary,Day Burglary,"BNS 331(3), BNS 331(4)",13.456824,77.661757,P005418,P009473,P007707,SI Ravi Kumar,Under Investigation
FIR202500704,FIR/0704/2025,PS0076,Bengaluru Rural,2025-09-19 05:40,2025-09-19 07:40,Dacoity,Armed Dacoity,BNS 310(2),13.309495,77.745681,P007837,P006035,P004613,PI Ramesh Gowda,Under Investigation
FIR202501408,FIR/1408/2025,PS0022,Bagalkote,2025-09-19 02:49,2025-09-19 07:49,NDPS,Possession of Narcotics,NDPS Act Sec 20(b),16.253656,75.623281,P001551,P001440,P009893,PI Harish Naik,Under Investigation
FIR202503684,FIR/3684/2025,PS0084,Bengaluru Rural,2025-09-16 21:58,2025-09-19 07:58,Dacoity,Armed Dacoity,BNS 310(2),13.181479,77.541299,P008285,P001170,P004335,PI Naveen Patil,Chargesheeted
FIR202500536,FIR/0536/2025,PS0155,Bidar,2025-09-17 06:44,2025-09-19 11:44,Cyber Crime,Financial Fraud,"IT Act 66D, BNS 318(4)",17.956819,77.343727,P000909,P001576,P004558,PI Chetan Kumar,Under Investigation
FIR202500715,FIR/0715/2025,PS0207,Chamarajanagar,2025-09-16 09:55,2025-09-19 16:55,Robbery,Highway Robbery,BNS 309(4),12.07791,77.096849,P005639,P009573,P009948,SI Ravi Kumar,Under Investigation
FIR202504020,FIR/4020/2025,PS0214,Chamarajanagar,2025-09-19 05:21,2025-09-19 17:21,Theft,House Theft,BNS 303(2),11.933452,76.841215,P005721,P009161,P008779,PI Suresh Kulkarni,Under Investigation
FIR202503095,FIR/3095/2025,PS0154,Bidar,2025-09-18 08:18,2025-09-19 20:18,Robbery,Chain Snatching with Force,BNS 309(4),17.894418,77.39096,P007721,P001956,P004914,PI Harish Naik,Under Investigation
FIR202501172,FIR/1172/2025,PS0173,Bidar,2025-09-19 14:45,2025-09-19 22:45,POCSO,Sexual Assault on Minor,"POCSO Act Sec 4, BNS 64",17.75518,77.599869,P004137,P007975,P008501,PI Suresh Kulkarni,Under Investigation
FIR202502893,FIR/2893/2025,PS0065,Belagavi,2025-09-19 20:48,2025-09-20 01:48,Assault,Simple Assault,"BNS 115(2), BNS 117(2)",15.738953,74.421454,P008303,P007321,P008657,PI Lakshmi Devi,Chargesheeted
FIR202501169,FIR/1169/2025,PS0017,Bagalkote,2025-09-18 19:24,2025-09-20 02:24,NDPS,Possession of Narcotics,NDPS Act Sec 20(b),16.251923,75.576004,P002773,P000475,P006444,SI Mahesh Bhat,Chargesheeted
FIR202502175,FIR/2175/2025,PS0081,Bengaluru Rural,2025-09-20 00:24,2025-09-20 03:24,Murder,Gang Conflict,BNS 103(1),13.177267,77.585696,P003949,P005174,P007962,SI Prakash Sharma,Chargesheeted
FIR202503225,FIR/3225/2025,PS0237,Chikkaballapura,2025-09-20 04:24,2025-09-20 12:24,Cyber Crime,Identity Theft,"IT Act 66D, BNS 318(4)",13.368396,77.631009,P003012,P006919,P000899,PI Chetan Kumar,Chargesheeted
FIR202501162,FIR/1162/2025,PS0052,Belagavi,2025-09-20 05:52,2025-09-20 12:52,Dacoity,Bank Dacoity,BNS 310(2),15.906225,74.31028,P007470,P009785,P008342,SI Mahesh Bhat,Chargesheeted
FIR202503508,FIR/3508/2025,PS0081,Bengaluru Rural,2025-09-18 11:27,2025-09-20 13:27,Fraud,Cheating,BNS 318(4),13.185535,77.581448,P007232,P003098,P001928,PI Naveen Patil,Untraced
FIR202500243,FIR/0243/2025,PS0167,Bidar,2025-09-19 12:04,2025-09-20 20:04,Murder,Personal Enmity,BNS 103(1),18.060892,77.407183,P004900,P000934,P009713,PI Naveen Patil,Chargesheeted
FIR202501197,FIR/1197/2025,PS0054,Belagavi,2025-09-15 08:20,2025-09-20 20:20,Theft,House Theft,BNS 303(2),15.92044,74.707344,P007779,P002910,P000700,PI Harish Naik,Under Investigation
FIR202503319,FIR/3319/2025,PS0025,Bagalkote,2025-09-21 01:09,2025-09-21 05:09,NDPS,Possession of Narcotics,NDPS Act Sec 20(b),16.338125,75.838752,P003264,P000845,P000560,PI Chetan Kumar,Under Investigation
FIR202504717,FIR/4717/2025,PS0197,Chamarajanagar,2025-09-19 04:11,2025-09-21 05:11,POCSO,Harassment,"POCSO Act Sec 4, BNS 64",11.880184,77.063913,P002682,P001263,P002078,PI Lakshmi Devi,Chargesheeted
FIR202504742,FIR/4742/2025,PS0211,Chamarajanagar,2025-09-18 03:00,2025-09-21 06:00,Dacoity,Armed Dacoity,BNS 310(2),11.834663,77.09268,P005009,P005679,P008263,SI Ravi Kumar,Chargesheeted
FIR202500644,FIR/0644/2025,PS0060,Belagavi,2025-09-20 22:23,2025-09-21 08:23,Dacoity,Armed Dacoity,BNS 310(2),16.001833,74.519054,P000727,P002798,P001351,SI Ravi Kumar,Under Investigation
FIR202502072,FIR/2072/2025,PS0147,Bengaluru Urban,2025-09-20 21:43,2025-09-21 08:43,Assault,Simple Assault,"BNS 115(2), BNS 117(2)",12.90368,77.571764,P001401,P003824,P009762,SI Ravi Kumar,Chargesheeted
FIR202501599,FIR/1599/2025,PS0123,Bengaluru Urban,2025-09-21 06:37,2025-09-21 10:37,Fraud,Land Scam,BNS 318(4),13.003872,77.481668,P003653,P008607,P009329,PI Ramesh Gowda,Chargesheeted
FIR202503391,FIR/3391/2025,PS0155,Bidar,2025-09-16 05:53,2025-09-21 11:53,Robbery,Chain Snatching with Force,BNS 309(4),17.964495,77.344988,P008499,P003010,P006760,SI Divya Hegde,Under Investigation
FIR202500335,FIR/0335/2025,PS0109,Bengaluru Rural,2025-09-21 04:57,2025-09-21 14:57,Murder,Gang Conflict,BNS 103(1),13.116235,77.594857,P006543,P000437,P007957,SI Ravi Kumar,Chargesheeted
FIR202502042,FIR/2042/2025,PS0015,Bagalkote,2025-09-19 05:59,2025-09-21 15:59,Assault,Simple Assault,"BNS 115(2), BNS 117(2)",16.035305,75.705067,P009719,P008360,P001280,PI Naveen Patil,Chargesheeted
FIR202501178,FIR/1178/2025,PS0047,Belagavi,2025-09-21 07:25,2025-09-21 16:25,Assault,Public Affray,"BNS 115(2), BNS 117(2)",15.980521,74.540685,P006491,P002024,P009957,PI Suresh Kulkarni,Closed
FIR202500541,FIR/0541/2025,PS0238,Chikkaballapura,2025-09-21 09:18,2025-09-21 20:18,Dacoity,Armed Dacoity,BNS 310(2),13.320034,77.91101,P004105,P001274,P003941,PI Naveen Patil,Under Investigation
FIR202502967,FIR/2967/2025,PS0229,Chamarajanagar,2025-09-20 18:12,2025-09-21 23:12,Robbery,Highway Robbery,BNS 309(4),12.056799,77.025854,P002685,P007543,P006580,PI Ramesh Gowda,Chargesheeted
FIR202503062,FIR/3062/2025,PS0164,Bidar,2025-09-21 18:11,2025-09-22 02:11,Cyber Crime,Financial Fraud,"IT Act 66D, BNS 318(4)",17.93581,77.470184,P001556,P005976,P001304,PI Harish Naik,Chargesheeted
FIR202500974,FIR/0974/2025,PS0248,Chikkaballapura,2025-09-20 22:36,2025-09-22 02:36,Burglary,Night House Breaking,"BNS 331(3), BNS 331(4)",13.241648,77.799983,P003858,P008524,P002454,SI Ravi Kumar,Chargesheeted
FIR202503226,FIR/3226/2025,PS0073,Bengaluru Rural,2025-09-21 23:46,2025-09-22 02:46,NDPS,Possession of Narcotics,NDPS Act Sec 20(b),13.331264,77.597866,P004597,P001979,P004007,PI Naveen Patil,Untraced
FIR202504449,FIR/4449/2025,PS0197,Chamarajanagar,2025-09-20 22:14,2025-09-22 07:14,POCSO,Sexual Assault on Minor,"POCSO Act Sec 4, BNS 64",11.863972,77.045387,P002904,P007510,P004439,PI Chetan Kumar,Chargesheeted
FIR202500316,FIR/0316/2025,PS0066,Belagavi,2025-09-18 22:27,2025-09-22 09:27,Theft,House Theft,BNS 303(2),15.950075,74.628153,P000550,P004173,P004871,SI Ravi Kumar,Under Investigation
FIR202502965,FIR/2965/2025,PS0013,Bagalkote,2025-09-19 01:14,2025-09-22 10:14,NDPS,Possession of Narcotics,NDPS Act Sec 20(b),16.161791,75.675184,P006367,P000489,P005926,SI Ravi Kumar,Chargesheeted
FIR202501334,FIR/1334/2025,PS0011,Bagalkote,2025-09-19 02:34,2025-09-22 10:34,Burglary,Night House Breaking,"BNS 331(3), BNS 331(4)",16.136984,75.65836,P004671,P006840,P007643,PI Harish Naik,Untraced
FIR202500745,FIR/0745/2025,PS0096,Bengaluru Rural,2025-09-20 23:10,2025-09-22 11:10,Assault,Public Affray,"BNS 115(2), BNS 117(2)",13.123912,77.481928,P009026,P008407,P004710,PI Lakshmi Devi,Chargesheeted
FIR202503295,FIR/3295/2025,PS0174,Bidar,2025-09-21 12:20,2025-09-22 13:20,Robbery,Highway Robbery,BNS 309(4),17.856856,77.572042,P002165,P006612,P008644,PI Chetan Kumar,Closed
FIR202501837,FIR/1837/2025,PS0023,Bagalkote,2025-09-21 10:07,2025-09-22 17:07,Fraud,Cheating,BNS 318(4),16.122563,75.804654,P006801,P005815,"P000663, P004384",PI Harish Naik,Untraced
FIR202502634,FIR/2634/2025,PS0020,Bagalkote,2025-09-21 09:48,2025-09-22 17:48,Fraud,Corporate Fraud,BNS 318(4),16.263849,75.597435,P004716,P007256,"P008871, P006558",PI Harish Naik,Chargesheeted
FIR202502966,FIR/2966/2025,PS0080,Bengaluru Rural,2025-09-19 15:13,2025-09-22 18:13,Vehicle Theft,Car Theft,BNS 303(2),13.366121,77.593499,P002540,P008879,P001414,SI Prakash Sharma,Chargesheeted
FIR202501000,FIR/1000/2025,PS0018,Bagalkote,2025-09-20 20:06,2025-09-23 00:06,POCSO,Harassment,"POCSO Act Sec 4, BNS 64",16.210157,75.803951,P006988,P008157,P007599,SI Divya Hegde,Chargesheeted
FIR202503568,FIR/3568/2025,PS0122,Bengaluru Urban,2025-09-22 19:38,2025-09-23 00:38,Cyber Crime,Identity Theft,"IT Act 66D, BNS 318(4)",13.115584,77.551333,P006009,P004536,P007276,SI Ravi Kumar,Chargesheeted
FIR202503742,FIR/3742/2025,PS0208,Chamarajanagar,2025-09-22 17:19,2025-09-23 01:19,Cyber Crime,Financial Fraud,"IT Act 66D, BNS 318(4)",11.811946,77.151699,P004473,P001617,P002800,PI Lakshmi Devi,Under Investigation
FIR202502594,FIR/2594/2025,PS0227,Chamarajanagar,2025-09-19 21:26,2025-09-23 01:26,Theft,House Theft,BNS 303(2),11.887597,76.939395,P004478,P006900,P008111,PI Harish Naik,Chargesheeted
FIR202501915,FIR/1915/2025,PS0050,Belagavi,2025-09-21 22:26,2025-09-23 02:26,Murder,Gang Conflict,BNS 103(1),15.705945,74.33576,P005714,P000814,P008926,PI Suresh Kulkarni,Chargesheeted
FIR202501019,FIR/1019/2025,PS0064,Belagavi,2025-09-22 15:35,2025-09-23 02:35,Fraud,Corporate Fraud,BNS 318(4),15.897794,74.311412,P005838,P008328,P004981,PI Naveen Patil,Chargesheeted
FIR202501864,FIR/1864/2025,PS0115,Bengaluru Urban,2025-09-19 20:59,2025-09-23 04:59,Dacoity,Bank Dacoity,BNS 310(2),12.860797,77.389847,P001354,P010000,"P006543, P002715",SI Prakash Sharma,Under Investigation
FIR202503244,FIR/3244/2025,PS0133,Bengaluru Urban,2025-09-21 21:14,2025-09-23 05:14,Cyber Crime,Financial Fraud,"IT Act 66D, BNS 318(4)",13.007441,77.528044,P007276,P009416,P002279,SI Divya Hegde,Chargesheeted
FIR202502539,FIR/2539/2025,PS0110,Bengaluru Urban,2025-09-23 02:31,2025-09-23 09:31,Fraud,Land Scam,BNS 318(4),13.144151,77.634684,P003742,P008704,P002155,PI Chetan Kumar,Chargesheeted
FIR202504493,FIR/4493/2025,PS0027,Ballari,2025-09-23 00:54,2025-09-23 09:54,POCSO,Harassment,"POCSO Act Sec 4, BNS 64",15.062042,77.067717,P005248,P005486,P008669,PI Ramesh Gowda,Chargesheeted
FIR202500781,FIR/0781/2025,PS0101,Bengaluru Rural,2025-09-20 11:11,2025-09-23 15:11,Fraud,Land Scam,BNS 318(4),13.259511,77.71956,P000112,P005655,P000032,PI Naveen Patil,Under Investigation
FIR202501124,FIR/1124/2025,PS0100,Bengaluru Rural,2025-09-20 09:49,2025-09-23 15:49,Assault,Simple Assault,"BNS 115(2), BNS 117(2)",13.140274,77.521846,P006997,P002592,P000133,PI Chetan Kumar,Under Investigation
FIR202500197,FIR/0197/2025,PS0186,Bidar,2025-09-23 14:50,2025-09-23 15:50,Dacoity,Armed Dacoity,BNS 310(2),17.725287,77.511121,P002224,P007913,P001921,PI Naveen Patil,Under Investigation
FIR202504036,FIR/4036/2025,PS0074,Bengaluru Rural,2025-09-23 16:49,2025-09-24 00:49,Fraud,Land Scam,BNS 318(4),13.175746,77.595721,P004786,P009765,P009365,PI Harish Naik,Chargesheeted
FIR202501893,FIR/1893/2025,PS0026,Ballari,2025-09-22 17:09,2025-09-24 02:09,Robbery,Chain Snatching with Force,BNS 309(4),15.21547,76.964633,P008433,P004295,P008807,PI Harish Naik,Chargesheeted
FIR202502899,FIR/2899/2025,PS0001,Bagalkote,2025-09-24 01:57,2025-09-24 02:57,Vehicle Theft,Two-Wheeler Theft,BNS 303(2),16.19671,75.562848,P008394,P003941,P000562,SI Ganesh Rao,Under Investigation
FIR202503698,FIR/3698/2025,PS0126,Bengaluru Urban,2025-09-23 04:48,2025-09-24 07:48,Fraud,Corporate Fraud,BNS 318(4),12.870027,77.566201,P008599,P004289,P004418,PI Harish Naik,Chargesheeted
FIR202502314,FIR/2314/2025,PS0094,Bengaluru Rural,2025-09-24 01:18,2025-09-24 08:18,Dacoity,Armed Dacoity,BNS 310(2),13.071034,77.67009,P007489,P000609,P007806,PI Ramesh Gowda,Under Investigation
FIR202503784,FIR/3784/2025,PS0109,Bengaluru Rural,2025-09-22 03:59,2025-09-24 10:59,Robbery,Highway Robbery,BNS 309(4),13.105156,77.593585,P001628,P006865,P004875,PI Lakshmi Devi,Chargesheeted
FIR202502606,FIR/2606/2025,PS0108,Bengaluru Rural,2025-09-24 01:11,2025-09-24 11:11,Dacoity,Armed Dacoity,BNS 310(2),13.178933,77.46917,P006270,P003547,P005357,SI Mahesh Bhat,Under Investigation
FIR202503691,FIR/3691/2025,PS0137,Bengaluru Urban,2025-09-24 07:18,2025-09-24 12:18,POCSO,Harassment,"POCSO Act Sec 4, BNS 64",12.856181,77.732018,P006498,P006420,"P006407, P002955",PI Ramesh Gowda,Untraced
FIR202501899,FIR/1899/2025,PS0056,Belagavi,2025-09-23 00:48,2025-09-24 12:48,NDPS,Drug Trafficking,NDPS Act Sec 20(b),15.759591,74.602575,P009313,P007562,P003681,PI Harish Naik,Under Investigation
FIR202504824,FIR/4824/2025,PS0227,Chamarajanagar,2025-09-23 06:52,2025-09-24 12:52,Theft,Pocket Pick,BNS 303(2),11.916659,76.90996,P001757,P002258,P003877,PI Lakshmi Devi,Under Investigation
FIR202504921,FIR/4921/2025,PS0205,Chamarajanagar,2025-09-24 14:22,2025-09-24 18:22,Dacoity,Bank Dacoity,BNS 310(2),11.954807,76.787369,P000545,P006282,P007451,SI Prakash Sharma,Closed
FIR202504937,FIR/4937/2025,PS0231,Chamarajanagar,2025-09-22 11:30,2025-09-24 18:30,NDPS,Drug Trafficking,NDPS Act Sec 20(b),11.981643,76.99986,P007553,P009909,P007070,SI Mahesh Bhat,Under Investigation
FIR202504052,FIR/4052/2025,PS0070,Bengaluru Rural,2025-09-21 13:45,2025-09-24 20:45,NDPS,Possession of Narcotics,NDPS Act Sec 20(b),13.271322,77.775551,P009898,P003186,P006608,PI Ramesh Gowda,Under Investigation
FIR202501560,FIR/1560/2025,PS0008,Bagalkote,2025-09-24 18:48,2025-09-24 21:48,Vehicle Theft,Two-Wheeler Theft,BNS 303(2),16.257896,75.507739,P003321,P006805,P002987,PI Chetan Kumar,Chargesheeted
FIR202504194,FIR/4194/2025,PS0247,Chikkaballapura,2025-09-24 16:00,2025-09-24 22:00,NDPS,Drug Trafficking,NDPS Act Sec 20(b),13.490931,77.895055,P003796,P000153,P009341,SI Divya Hegde,Chargesheeted
FIR202503311,FIR/3311/2025,PS0069,Belagavi,2025-09-24 18:53,2025-09-24 22:53,Burglary,Night House Breaking,"BNS 331(3), BNS 331(4)",15.82279,74.354537,P001418,P003071,P006254,PI Harish Naik,Chargesheeted
FIR202503980,FIR/3980/2025,PS0027,Ballari,2025-09-24 16:18,2025-09-25 02:18,Murder,Gang Conflict,BNS 103(1),15.053811,77.063202,P008442,P001157,P005406,PI Ramesh Gowda,Chargesheeted
FIR202504396,FIR/4396/2025,PS0052,Belagavi,2025-09-23 21:42,2025-09-25 04:42,Burglary,Night House Breaking,"BNS 331(3), BNS 331(4)",15.914688,74.286692,P009297,P004513,P001559,SI Ravi Kumar,Under Investigation
FIR202503106,FIR/3106/2025,PS0051,Belagavi,2025-09-24 01:36,2025-09-25 08:36,Robbery,Highway Robbery,BNS 309(4),16.010523,74.513968,P004622,P003103,P001126,PI Naveen Patil,Under Investigation
FIR202501346,FIR/1346/2025,PS0128,Bengaluru Urban,2025-09-23 01:30,2025-09-25 11:30,Vehicle Theft,Car Theft,BNS 303(2),13.009804,77.560072,P008734,P004530,P006716,PI Harish Naik,Closed
FIR202501532,FIR/1532/2025,PS0040,Ballari,2025-09-25 03:58,2025-09-25 11:58,Assault,Simple Assault,"BNS 115(2), BNS 117(2)",15.313714,76.839421,P004313,P002465,P008913,PI Naveen Patil,Untraced
FIR202504759,FIR/4759/2025,PS0022,Bagalkote,2025-09-24 07:14,2025-09-25 12:14,Dacoity,Armed Dacoity,BNS 310(2),16.238817,75.617883,P001129,P003909,P001021,PI Naveen Patil,Chargesheeted
FIR202503407,FIR/3407/2025,PS0026,Ballari,2025-09-24 04:06,2025-09-25 13:06,Assault,Grievous Hurt,"BNS 115(2), BNS 117(2)",15.232837,76.961302,P009244,P004984,P000320,PI Naveen Patil,Untraced
FIR202502932,FIR/2932/2025,PS0044,Ballari,2025-09-25 16:57,2025-09-25 18:57,Cyber Crime,Phishing,"IT Act 66D, BNS 318(4)",15.285019,76.937522,P007365,P005700,P006133,PI Harish Naik,Under Investigation
FIR202503831,FIR/3831/2025,PS0236,Chikkaballapura,2025-09-24 11:17,2025-09-25 20:17,Theft,Snatching,BNS 303(2),13.628874,77.942221,P004164,P009157,P009843,PI Naveen Patil,Under Investigation
FIR202502360,FIR/2360/2025,PS0212,Chamarajanagar,2025-09-24 18:44,2025-09-25 20:44,Vehicle Theft,Two-Wheeler Theft,BNS 303(2),12.052928,76.820728,P006079,P004481,P003800,PI Suresh Kulkarni,Chargesheeted
FIR202500995,FIR/0995/2025,PS0223,Chamarajanagar,2025-09-22 13:14,2025-09-25 23:14,Dacoity,Bank Dacoity,BNS 310(2),11.861986,76.779737,P005928,P005825,P008249,SI Mahesh Bhat,Under Investigation
FIR202504689,FIR/4689/2025,PS0193,Chamarajanagar,2025-09-25 15:06,2025-09-26 00:06,Dacoity,Bank Dacoity,BNS 310(2),11.982946,76.857355,P009177,P005539,P000749,PI Harish Naik,Chargesheeted
FIR202504054,FIR/4054/2025,PS0247,Chikkaballapura,2025-09-23 17:43,2025-09-26 02:43,Dacoity,Bank Dacoity,BNS 310(2),13.492811,77.872503,P004516,P005010,P005026,PI Harish Naik,Under Investigation
FIR202501710,FIR/1710/2025,PS0111,Bengaluru Urban,2025-09-23 00:21,2025-09-26 07:21,Cyber Crime,Phishing,"IT Act 66D, BNS 318(4)",12.766814,77.548509,P003333,P004892,P004375,SI Mahesh Bhat,Chargesheeted
FIR202504356,FIR/4356/2025,PS0162,Bidar,2025-09-26 05:26,2025-09-26 07:26,Vehicle Theft,Car Theft,BNS 303(2),17.996179,77.45047,P002368,P004058,P009865,PI Naveen Patil,Under Investigation
FIR202504511,FIR/4511/2025,PS0159,Bidar,2025-09-26 09:11,2025-09-26 11:11,Vehicle Theft,Two-Wheeler Theft,BNS 303(2),18.075519,77.488975,P000565,P003195,P002755,SI Ganesh Rao,Chargesheeted
FIR202502154,FIR/2154/2025,PS0240,Chikkaballapura,2025-09-26 10:21,2025-09-26 11:21,NDPS,Drug Trafficking,NDPS Act Sec 20(b),13.382525,77.800639,P000486,P004908,P004800,PI Suresh Kulkarni,Chargesheeted
FIR202503893,FIR/3893/2025,PS0129,Bengaluru Urban,2025-09-26 00:45,2025-09-26 11:45,Fraud,Cheating,BNS 318(4),12.816519,77.764291,P003872,P002252,P003101,SI Prakash Sharma,Chargesheeted
FIR202503060,FIR/3060/2025,PS0181,Bidar,2025-09-25 07:05,2025-09-26 14:05,Murder,Personal Enmity,BNS 103(1),18.002589,77.417197,P000359,P007732,P008009,PI Chetan Kumar,Under Investigation
FIR202501359,FIR/1359/2025,PS0009,Bagalkote,2025-09-25 02:48,2025-09-26 14:48,Murder,Personal Enmity,BNS 103(1),16.090372,75.75385,P002997,P004267,P006161,SI Mahesh Bhat,Chargesheeted
FIR202501430,FIR/1430/2025,PS0088,Bengaluru Rural,2025-09-26 13:01,2025-09-26 16:01,Assault,Simple Assault,"BNS 115(2), BNS 117(2)",13.024116,77.385358,P006917,P001651,P006428,SI Ganesh Rao,Chargesheeted
FIR202501082,FIR/1082/2025,PS0090,Bengaluru Rural,2025-09-26 11:35,2025-09-26 18:35,Murder,Gang Conflict,BNS 103(1),13.399089,77.492982,P002605,P001320,P002852,PI Chetan Kumar,Chargesheeted
FIR202500023,FIR/0023/2025,PS0129,Bengaluru Urban,2025-09-26 14:17,2025-09-26 19:17,Vehicle Theft,Car Theft,BNS 303(2),12.784629,77.777779,P005949,P007021,P004500,SI Divya Hegde,Under Investigation
FIR202502009,FIR/2009/2025,PS0151,Bengaluru Urban,2025-09-26 16:21,2025-09-26 20:21,Cyber Crime,Financial Fraud,"IT Act 66D, BNS 318(4)",12.882357,77.444543,P001501,P001945,"P002708, P006850",SI Mahesh Bhat,Chargesheeted
FIR202502581,FIR/2581/2025,PS0174,Bidar,2025-09-22 21:00,2025-09-27 01:00,Cyber Crime,Phishing,"IT Act 66D, BNS 318(4)",17.858784,77.568968,P004805,P001933,P006240,SI Mahesh Bhat,Under Investigation
FIR202503059,FIR/3059/2025,PS0058,Belagavi,2025-09-23 19:13,2025-09-27 02:13,Fraud,Cheating,BNS 318(4),15.688102,74.384365,P008870,P008920,P009109,PI Naveen Patil,Chargesheeted
FIR202501821,FIR/1821/2025,PS0016,Bagalkote,2025-09-26 18:18,2025-09-27 03:18,Cyber Crime,Financial Fraud,"IT Act 66D, BNS 318(4)",15.99103,75.662557,P001736,P005759,P001228,PI Lakshmi Devi,Chargesheeted
FIR202501637,FIR/1637/2025,PS0091,Bengaluru Rural,2025-09-26 21:51,2025-09-27 03:51,NDPS,Possession of Narcotics,NDPS Act Sec 20(b),13.053788,77.6404,P008087,P007610,P006099,PI Harish Naik,Under Investigation
FIR202500548,FIR/0548/2025,PS0090,Bengaluru Rural,2025-09-27 02:33,2025-09-27 07:33,Cyber Crime,Financial Fraud,"IT Act 66D, BNS 318(4)",13.417507,77.486107,P007955,P000112,P000999,PI Lakshmi Devi,Chargesheeted
FIR202500714,FIR/0714/2025,PS0189,Bidar,2025-09-27 01:26,2025-09-27 13:26,Assault,Public Affray,"BNS 115(2), BNS 117(2)",17.914118,77.373862,P009068,P000660,P008137,SI Prakash Sharma,Chargesheeted
FIR202501997,FIR/1997/2025,PS0217,Chamarajanagar,2025-09-26 03:39,2025-09-27 13:39,Theft,Pocket Pick,BNS 303(2),11.760185,76.880843,P005665,P003410,P006787,PI Harish Naik,Chargesheeted
FIR202503682,FIR/3682/2025,PS0087,Bengaluru Rural,2025-09-27 04:04,2025-09-27 15:04,Assault,Grievous Hurt,"BNS 115(2), BNS 117(2)",13.146889,77.517934,P003522,P002515,P004297,PI Ramesh Gowda,Under Investigation
FIR202504091,FIR/4091/2025,PS0039,Ballari,2025-09-26 18:18,2025-09-27 19:18,Cyber Crime,Identity Theft,"IT Act 66D, BNS 318(4)",15.322899,76.944218,P007482,P006103,P002849,SI Divya Hegde,Chargesheeted
FIR202501626,FIR/1626/2025,PS0222,Chamarajanagar,2025-09-26 09:10,2025-09-27 21:10,POCSO,Sexual Assault on Minor,"POCSO Act Sec 4, BNS 64",11.918838,76.742053,P005285,P001521,P005614,SI Prakash Sharma,Under Investigation
FIR202502076,FIR/2076/2025,PS0119,Bengaluru Urban,2025-09-27 15:43,2025-09-28 00:43,Fraud,Cheating,BNS 318(4),12.829836,77.78655,P006184,P001607,P000899,SI Prakash Sharma,Under Investigation
FIR202502231,FIR/2231/2025,PS0193,Chamarajanagar,2025-09-27 14:25,2025-09-28 02:25,Cyber Crime,Phishing,"IT Act 66D, BNS 318(4)",11.983692,76.871179,P003279,P007844,P006602,PI Suresh Kulkarni,Under Investigation
FIR202503028,FIR/3028/2025,PS0130,Bengaluru Urban,2025-09-27 21:44,2025-09-28 02:44,POCSO,Harassment,"POCSO Act Sec 4, BNS 64",13.124955,77.491568,P007737,P006904,P009070,PI Lakshmi Devi,Chargesheeted
FIR202503438,FIR/3438/2025,PS0218,Chamarajanagar,2025-09-28 03:11,2025-09-28 04:11,NDPS,Possession of Narcotics,NDPS Act Sec 20(b),11.861379,77.02266,P003055,P007611,P005069,PI Chetan Kumar,Chargesheeted
FIR202501925,FIR/1925/2025,PS0203,Chamarajanagar,2025-09-28 04:35,2025-09-28 05:35,NDPS,Drug Trafficking,NDPS Act Sec 20(b),11.906613,76.87343,P000790,P000904,P000414,PI Suresh Kulkarni,Under Investigation
FIR202503611,FIR/3611/2025,PS0041,Ballari,2025-09-27 19:28,2025-09-28 07:28,Dacoity,Bank Dacoity,BNS 310(2),15.253541,76.8812,P008071,P007382,P001175,PI Ramesh Gowda,Under Investigation
FIR202504111,FIR/4111/2025,PS0192,Bidar,2025-09-27 20:08,2025-09-28 08:08,Dacoity,Bank Dacoity,BNS 310(2),18.001949,77.349257,P002128,P004597,P003737,PI Chetan Kumar,Chargesheeted
FIR202501836,FIR/1836/2025,PS0196,Chamarajanagar,2025-09-27 23:26,2025-09-28 08:26,Robbery,Highway Robbery,BNS 309(4),12.006936,76.930818,P006771,P001632,P008860,SI Mahesh Bhat,Closed
FIR202500823,FIR/0823/2025,PS0024,Bagalkote,2025-09-28 01:43,2025-09-28 09:43,Dacoity,Armed Dacoity,BNS 310(2),16.36925,75.534803,P009134,P001701,P000655,SI Ganesh Rao,Untraced
FIR202502515,FIR/2515/2025,PS0243,Chikkaballapura,2025-09-28 10:43,2025-09-28 12:43,Murder,Gang Conflict,BNS 103(1),13.448731,77.883676,P004412,P007375,P003855,SI Mahesh Bhat,Under Investigation
FIR202500875,FIR/0875/2025,PS0096,Bengaluru Rural,2025-09-26 09:45,2025-09-28 12:45,Theft,Snatching,BNS 303(2),13.13757,77.45209,P008519,P002422,P005382,PI Harish Naik,Under Investigation
FIR202504578,FIR/4578/2025,PS0150,Bengaluru Urban,2025-09-25 10:23,2025-09-28 14:23,Fraud,Corporate Fraud,BNS 318(4),13.064215,77.700978,P007751,P006457,P002790,PI Ramesh Gowda,Chargesheeted
FIR202500538,FIR/0538/2025,PS0062,Belagavi,2025-09-28 04:08,2025-09-28 15:08,Burglary,Day Burglary,"BNS 331(3), BNS 331(4)",15.76852,74.480918,P006733,P007873,P006042,PI Naveen Patil,Chargesheeted
FIR202504284,FIR/4284/2025,PS0179,Bidar,2025-09-27 04:45,2025-09-28 15:45,Assault,Public Affray,"BNS 115(2), BNS 117(2)",18.087874,77.404572,P003600,P007532,P006686,PI Chetan Kumar,Chargesheeted
FIR202503000,FIR/3000/2025,PS0003,Bagalkote,2025-09-28 09:31,2025-09-28 17:31,NDPS,Drug Trafficking,NDPS Act Sec 20(b),16.342707,75.886557,P002778,P002767,P003980,SI Ganesh Rao,Chargesheeted
FIR202501198,FIR/1198/2025,PS0224,Chamarajanagar,2025-09-24 10:32,2025-09-28 19:32,Robbery,Chain Snatching with Force,BNS 309(4),11.863058,76.827264,P001680,P003973,P000253,PI Suresh Kulkarni,Under Investigation
FIR202504477,FIR/4477/2025,PS0046,Belagavi,2025-09-28 12:37,2025-09-28 19:37,Burglary,Day Burglary,"BNS 331(3), BNS 331(4)",15.760798,74.510953,P004869,P005137,P008614,SI Prakash Sharma,Closed
FIR202502339,FIR/2339/2025,PS0077,Bengaluru Rural,2025-09-27 09:44,2025-09-28 21:44,Robbery,Highway Robbery,BNS 309(4),13.346533,77.596309,P006583,P008295,P004599,SI Ganesh Rao,Chargesheeted
FIR202502202,FIR/2202/2025,PS0222,Chamarajanagar,2025-09-28 13:46,2025-09-28 22:46,Theft,Snatching,BNS 303(2),11.900312,76.763815,P006401,P002025,P007896,PI Naveen Patil,Chargesheeted
FIR202501878,FIR/1878/2025,PS0142,Bengaluru Urban,2025-09-28 23:12,2025-09-29 00:12,Assault,Simple Assault,"BNS 115(2), BNS 117(2)",13.085854,77.764296,P003092,P004935,P003043,PI Chetan Kumar,Chargesheeted
FIR202500086,FIR/0086/2025,PS0158,Bidar,2025-09-27 20:05,2025-09-29 04:05,Dacoity,Armed Dacoity,BNS 310(2),17.934697,77.491749,P008687,P009727,P008190,PI Suresh Kulkarni,Chargesheeted
FIR202504399,FIR/4399/2025,PS0150,Bengaluru Urban,2025-09-27 18:32,2025-09-29 04:32,Cyber Crime,Identity Theft,"IT Act 66D, BNS 318(4)",13.09677,77.71971,P002007,P000697,P005830,PI Harish Naik,Chargesheeted
FIR202502663,FIR/2663/2025,PS0238,Chikkaballapura,2025-09-28 23:53,2025-09-29 04:53,NDPS,Drug Trafficking,NDPS Act Sec 20(b),13.315182,77.919073,P000935,P006173,P007641,SI Mahesh Bhat,Untraced
FIR202504633,FIR/4633/2025,PS0011,Bagalkote,2025-09-28 22:16,2025-09-29 08:16,Robbery,Highway Robbery,BNS 309(4),16.157727,75.660511,P009471,P003928,P009418,PI Harish Naik,Under Investigation
FIR202504615,FIR/4615/2025,PS0009,Bagalkote,2025-09-29 05:57,2025-09-29 09:57,Dacoity,Armed Dacoity,BNS 310(2),16.092678,75.775252,P006924,P003720,P004951,SI Ganesh Rao,Under Investigation
FIR202503511,FIR/3511/2025,PS0078,Bengaluru Rural,2025-09-29 10:35,2025-09-29 11:35,POCSO,Sexual Assault on Minor,"POCSO Act Sec 4, BNS 64",13.111207,77.554158,P004981,P004697,P006104,PI Chetan Kumar,Under Investigation
FIR202503867,FIR/3867/2025,PS0082,Bengaluru Rural,2025-09-29 11:07,2025-09-29 12:07,Burglary,Day Burglary,"BNS 331(3), BNS 331(4)",13.326308,77.422853,P005709,P003470,P006579,PI Harish Naik,Under Investigation
FIR202500271,FIR/0271/2025,PS0229,Chamarajanagar,2025-09-29 08:08,2025-09-29 18:08,Burglary,Night House Breaking,"BNS 331(3), BNS 331(4)",12.055685,77.001757,P000644,P007777,P005646,PI Lakshmi Devi,Under Investigation
FIR202501886,FIR/1886/2025,PS0200,Chamarajanagar,2025-09-27 16:46,2025-09-29 19:46,Dacoity,Bank Dacoity,BNS 310(2),11.787429,77.011104,P006693,P001323,P003467,SI Prakash Sharma,Chargesheeted
FIR202500928,FIR/0928/2025,PS0217,Chamarajanagar,2025-09-28 08:32,2025-09-29 20:32,Theft,House Theft,BNS 303(2),11.738805,76.884669,P009200,P001201,P008636,PI Suresh Kulkarni,Untraced
FIR202501884,FIR/1884/2025,PS0041,Ballari,2025-09-28 13:32,2025-09-29 23:32,NDPS,Drug Trafficking,NDPS Act Sec 20(b),15.261204,76.90805,P007330,P005878,P003528,PI Harish Naik,Chargesheeted
FIR202500304,FIR/0304/2025,PS0072,Bengaluru Rural,2025-09-29 16:32,2025-09-30 00:32,Assault,Grievous Hurt,"BNS 115(2), BNS 117(2)",13.303093,77.635951,P004885,P009535,P006153,PI Harish Naik,Untraced
FIR202501190,FIR/1190/2025,PS0027,Ballari,2025-09-29 00:50,2025-09-30 05:50,Robbery,Chain Snatching with Force,BNS 309(4),15.056233,77.078698,P008993,P007135,"P006014, P006092",PI Chetan Kumar,Under Investigation
FIR202503177,FIR/3177/2025,PS0124,Bengaluru Urban,2025-09-30 06:37,2025-09-30 08:37,Fraud,Corporate Fraud,BNS 318(4),13.091445,77.689904,P001027,P001773,P008325,PI Suresh Kulkarni,Under Investigation
FIR202504816,FIR/4816/2025,PS0039,Ballari,2025-09-26 07:44,2025-09-30 08:44,Vehicle Theft,Two-Wheeler Theft,BNS 303(2),15.32803,76.942233,P005341,P007065,P001560,SI Ravi Kumar,Chargesheeted
FIR202503578,FIR/3578/2025,PS0177,Bidar,2025-09-30 08:00,2025-09-30 09:00,Cyber Crime,Identity Theft,"IT Act 66D, BNS 318(4)",18.065772,77.319669,P000841,P000344,P008372,SI Ravi Kumar,Chargesheeted
FIR202502467,FIR/2467/2025,PS0194,Chamarajanagar,2025-09-29 08:13,2025-09-30 09:13,Robbery,Highway Robbery,BNS 309(4),11.768647,76.868849,P007141,P005881,P003118,PI Suresh Kulkarni,Chargesheeted
FIR202502460,FIR/2460/2025,PS0062,Belagavi,2025-09-30 02:22,2025-09-30 09:22,Burglary,Day Burglary,"BNS 331(3), BNS 331(4)",15.74758,74.485878,P007195,P006371,P005401,PI Harish Naik,Chargesheeted
FIR202501792,FIR/1792/2025,PS0164,Bidar,2025-09-26 00:30,2025-09-30 09:30,Robbery,Chain Snatching with Force,BNS 309(4),17.934526,77.468251,P006648,P001793,P007386,SI Ravi Kumar,Chargesheeted
FIR202501658,FIR/1658/2025,PS0194,Chamarajanagar,2025-09-30 09:04,2025-09-30 10:04,Robbery,Chain Snatching with Force,BNS 309(4),11.777343,76.885145,P007542,P005256,"P001684, P000241",PI Lakshmi Devi,Under Investigation
FIR202504750,FIR/4750/2025,PS0125,Bengaluru Urban,2025-09-30 02:42,2025-09-30 10:42,Vehicle Theft,Car Theft,BNS 303(2),12.784998,77.699201,P004610,P004244,P005246,PI Suresh Kulkarni,Chargesheeted
FIR202500636,FIR/0636/2025,PS0242,Chikkaballapura,2025-09-30 08:28,2025-09-30 14:28,NDPS,Possession of Narcotics,NDPS Act Sec 20(b),13.289023,77.866888,P004249,P003309,P006613,SI Mahesh Bhat,Under Investigation
FIR202503206,FIR/3206/2025,PS0052,Belagavi,2025-09-30 21:18,2025-09-30 23:18,Burglary,Night House Breaking,"BNS 331(3), BNS 331(4)",15.919573,74.290593,P002943,P005367,"P000362, P001310",PI Ramesh Gowda,Chargesheeted
FIR202504789,FIR/4789/2025,PS0079,Bengaluru Rural,2025-09-29 22:38,2025-10-01 04:38,NDPS,Drug Trafficking,NDPS Act Sec 20(b),13.106011,77.452617,P007667,P002249,P000494,PI Harish Naik,Chargesheeted
FIR202500844,FIR/0844/2025,PS0045,Ballari,2025-10-01 01:59,2025-10-01 05:59,Theft,House Theft,BNS 303(2),14.991721,76.909339,P008408,P006835,"P006172, P005162",PI Chetan Kumar,Under Investigation
FIR202503795,FIR/3795/2025,PS0128,Bengaluru Urban,2025-10-01 04:59,2025-10-01 08:59,Robbery,Highway Robbery,BNS 309(4),13.018453,77.561889,P008189,P003421,P007442,SI Prakash Sharma,Under Investigation
FIR202500156,FIR/0156/2025,PS0050,Belagavi,2025-10-01 00:31,2025-10-01 09:31,Murder,Gang Conflict,BNS 103(1),15.689327,74.322094,P008974,P000097,P007044,SI Divya Hegde,Untraced
FIR202504459,FIR/4459/2025,PS0008,Bagalkote,2025-10-01 00:35,2025-10-01 10:35,Murder,Personal Enmity,BNS 103(1),16.245847,75.519006,P006708,P004063,P001145,PI Naveen Patil,Untraced
FIR202503232,FIR/3232/2025,PS0026,Ballari,2025-09-30 05:59,2025-10-01 13:59,Vehicle Theft,Car Theft,BNS 303(2),15.201684,76.952722,P008580,P002130,P006248,SI Ravi Kumar,Chargesheeted
FIR202504686,FIR/4686/2025,PS0008,Bagalkote,2025-09-30 11:00,2025-10-01 14:00,NDPS,Possession of Narcotics,NDPS Act Sec 20(b),16.283829,75.522763,P002359,P005785,P004901,SI Prakash Sharma,Under Investigation
FIR202503545,FIR/3545/2025,PS0184,Bidar,2025-09-30 07:10,2025-10-01 15:10,POCSO,Sexual Assault on Minor,"POCSO Act Sec 4, BNS 64",17.900528,77.626499,P008761,P009965,P006054,SI Ravi Kumar,Closed
FIR202501234,FIR/1234/2025,PS0017,Bagalkote,2025-10-01 06:44,2025-10-01 16:44,Dacoity,Armed Dacoity,BNS 310(2),16.285314,75.551502,P006522,P002120,P000767,PI Suresh Kulkarni,Under Investigation
FIR202500488,FIR/0488/2025,PS0131,Bengaluru Urban,2025-10-01 12:38,2025-10-01 17:38,Fraud,Cheating,BNS 318(4),12.984796,77.614424,P001588,P007606,P005965,SI Prakash Sharma,Under Investigation
FIR202503004,FIR/3004/2025,PS0153,Bidar,2025-09-28 14:32,2025-10-01 19:32,Assault,Public Affray,"BNS 115(2), BNS 117(2)",17.750283,77.347025,P003041,P003019,"P006103, P008680",PI Naveen Patil,Chargesheeted
FIR202502815,FIR/2815/2025,PS0125,Bengaluru Urban,2025-10-01 14:28,2025-10-01 20:28,Robbery,Highway Robbery,BNS 309(4),12.779146,77.693538,P009478,P002773,P006229,PI Chetan Kumar,Under Investigation
FIR202502133,FIR/2133/2025,PS0129,Bengaluru Urban,2025-09-30 13:07,2025-10-01 21:07,Fraud,Corporate Fraud,BNS 318(4),12.815452,77.777155,P004128,P009606,"P009622, P001891",PI Naveen Patil,Under Investigation
FIR202501183,FIR/1183/2025,PS0086,Bengaluru Rural,2025-09-29 16:29,2025-10-01 22:29,Robbery,Chain Snatching with Force,BNS 309(4),13.306812,77.504657,P007362,P004592,P004414,SI Ravi Kumar,Untraced
FIR202500985,FIR/0985/2025,PS0113,Bengaluru Urban,2025-09-29 20:53,2025-10-02 00:53,Cyber Crime,Phishing,"IT Act 66D, BNS 318(4)",13.15374,77.506041,P003243,P002903,P001701,SI Mahesh Bhat,Untraced
FIR202502294,FIR/2294/2025,PS0226,Chamarajanagar,2025-10-01 23:08,2025-10-02 01:08,Murder,Dowry Homicide,BNS 103(1),11.76939,77.010193,P001427,P007293,P008717,PI Naveen Patil,Under Investigation
FIR202502089,FIR/2089/2025,PS0124,Bengaluru Urban,2025-10-01 18:27,2025-10-02 03:27,Murder,Personal Enmity,BNS 103(1),13.071714,77.688445,P007179,P007214,P005384,SI Divya Hegde,Chargesheeted
FIR202500458,FIR/0458/2025,PS0144,Bengaluru Urban,2025-10-01 22:30,2025-10-02 04:30,Cyber Crime,Phishing,"IT Act 66D, BNS 318(4)",12.813038,77.560384,P009834,P002957,P007439,SI Ravi Kumar,Chargesheeted
FIR202501216,FIR/1216/2025,PS0233,Chamarajanagar,2025-10-01 18:01,2025-10-02 06:01,Theft,House Theft,BNS 303(2),11.754612,76.81365,P004050,P007030,P009738,PI Ramesh Gowda,Under Investigation
FIR202504045,FIR/4045/2025,PS0148,Bengaluru Urban,2025-09-30 23:47,2025-10-02 08:47,Fraud,Corporate Fraud,BNS 318(4),12.869843,77.655973,P001204,P005821,P003311,PI Chetan Kumar,Chargesheeted
FIR202504521,FIR/4521/2025,PS0055,Belagavi,2025-10-01 01:49,2025-10-02 08:49,Theft,House Theft,BNS 303(2),15.812509,74.356029,P009617,P008347,P004596,SI Prakash Sharma,Untraced
FIR202504275,FIR/4275/2025,PS0118,Bengaluru Urban,2025-10-01 21:36,2025-10-02 09:36,POCSO,Sexual Assault on Minor,"POCSO Act Sec 4, BNS 64",12.799349,77.702945,P000333,P008218,P008475,SI Ganesh Rao,Chargesheeted
FIR202500387,FIR/0387/2025,PS0079,Bengaluru Rural,2025-09-30 22:48,2025-10-02 09:48,Cyber Crime,Financial Fraud,"IT Act 66D, BNS 318(4)",13.089238,77.461712,P005084,P005601,P009297,SI Prakash Sharma,Chargesheeted
FIR202500142,FIR/0142/2025,PS0105,Bengaluru Rural,2025-10-02 00:52,2025-10-02 11:52,Fraud,Land Scam,BNS 318(4),13.144642,77.639907,P007281,P009868,"P002394, P008311",SI Ravi Kumar,Chargesheeted
FIR202501740,FIR/1740/2025,PS0057,Belagavi,2025-10-02 08:47,2025-10-02 14:47,Burglary,Day Burglary,"BNS 331(3), BNS 331(4)",15.667333,74.402927,P008128,P001502,P008097,SI Prakash Sharma,Chargesheeted
FIR202504601,FIR/4601/2025,PS0178,Bidar,2025-10-02 05:36,2025-10-02 15:36,Burglary,Day Burglary,"BNS 331(3), BNS 331(4)",17.8645,77.488962,P007889,P005050,P001394,SI Divya Hegde,Chargesheeted
FIR202501587,FIR/1587/2025,PS0129,Bengaluru Urban,2025-10-02 07:00,2025-10-02 18:00,Cyber Crime,Identity Theft,"IT Act 66D, BNS 318(4)",12.785006,77.761426,P009585,P009889,P000142,PI Lakshmi Devi,Chargesheeted
FIR202502747,FIR/2747/2025,PS0118,Bengaluru Urban,2025-10-02 09:33,2025-10-02 18:33,Cyber Crime,Phishing,"IT Act 66D, BNS 318(4)",12.79396,77.673275,P003261,P001871,P008707,SI Ganesh Rao,Untraced
FIR202502802,FIR/2802/2025,PS0068,Belagavi,2025-10-02 16:42,2025-10-02 18:42,Assault,Grievous Hurt,"BNS 115(2), BNS 117(2)",16.039172,74.392484,P004712,P002038,P003769,SI Prakash Sharma,Chargesheeted
FIR202502353,FIR/2353/2025,PS0232,Chamarajanagar,2025-10-02 14:28,2025-10-02 19:28,POCSO,Sexual Assault on Minor,"POCSO Act Sec 4, BNS 64",11.770948,76.875604,P006679,P002282,P005093,PI Ramesh Gowda,Chargesheeted
FIR202504607,FIR/4607/2025,PS0215,Chamarajanagar,2025-10-02 11:47,2025-10-02 19:47,Burglary,Night House Breaking,"BNS 331(3), BNS 331(4)",11.859275,76.973042,P003659,P008104,P003952,PI Chetan Kumar,Under Investigation
FIR202502540,FIR/2540/2025,PS0137,Bengaluru Urban,2025-10-01 21:14,2025-10-03 00:14,Cyber Crime,Financial Fraud,"IT Act 66D, BNS 318(4)",12.870357,77.725437,P002021,P004395,P009813,PI Suresh Kulkarni,Under Investigation
FIR202500214,FIR/0214/2025,PS0170,Bidar,2025-10-03 00:35,2025-10-03 01:35,Theft,Pocket Pick,BNS 303(2),17.875769,77.386877,P007999,P006406,P009546,SI Prakash Sharma,Under Investigation
FIR202500017,FIR/0017/2025,PS0210,Chamarajanagar,2025-10-01 17:35,2025-10-03 01:35,NDPS,Drug Trafficking,NDPS Act Sec 20(b),11.992526,76.790248,P008535,P000647,P001457,SI Ganesh Rao,Untraced
FIR202502702,FIR/2702/2025,PS0116,Bengaluru Urban,2025-09-29 15:52,2025-10-03 01:52,Fraud,Land Scam,BNS 318(4),12.978893,77.543166,P000398,P005216,P007596,PI Chetan Kumar,Under Investigation
FIR202500392,FIR/0392/2025,PS0070,Bengaluru Rural,2025-10-01 20:37,2025-10-03 03:37,Burglary,Night House Breaking,"BNS 331(3), BNS 331(4)",13.271105,77.749221,P009242,P005260,"P002323, P009369",SI Divya Hegde,Chargesheeted
FIR202504434,FIR/4434/2025,PS0064,Belagavi,2025-10-03 00:26,2025-10-03 06:26,Fraud,Corporate Fraud,BNS 318(4),15.919333,74.313056,P003917,P006189,P005547,PI Naveen Patil,Untraced
FIR202503971,FIR/3971/2025,PS0235,Chikkaballapura,2025-10-03 00:31,2025-10-03 06:31,NDPS,Drug Trafficking,NDPS Act Sec 20(b),13.27006,77.57446,P001599,P003442,P006855,SI Prakash Sharma,Chargesheeted
FIR202504447,FIR/4447/2025,PS0124,Bengaluru Urban,2025-09-29 23:34,2025-10-03 06:34,POCSO,Harassment,"POCSO Act Sec 4, BNS 64",13.080019,77.681118,P000594,P001241,P002883,SI Divya Hegde,Chargesheeted
FIR202503912,FIR/3912/2025,PS0164,Bidar,2025-10-03 00:44,2025-10-03 07:44,Robbery,Highway Robbery,BNS 309(4),17.969488,77.463716,P005854,P004612,P001154,PI Lakshmi Devi,Chargesheeted
FIR202500231,FIR/0231/2025,PS0149,Bengaluru Urban,2025-10-02 22:48,2025-10-03 09:48,Vehicle Theft,Car Theft,BNS 303(2),13.087132,77.463476,P007338,P005050,P001503,PI Chetan Kumar,Chargesheeted
FIR202501852,FIR/1852/2025,PS0071,Bengaluru Rural,2025-10-03 02:57,2025-10-03 09:57,Robbery,Highway Robbery,BNS 309(4),13.028026,77.498549,P007463,P002478,P000194,PI Chetan Kumar,Untraced
FIR202501765,FIR/1765/2025,PS0215,Chamarajanagar,2025-09-30 01:29,2025-10-03 12:29,POCSO,Harassment,"POCSO Act Sec 4, BNS 64",11.866685,76.962104,P006338,P004484,P004423,SI Ganesh Rao,Chargesheeted
FIR202502531,FIR/2531/2025,PS0017,Bagalkote,2025-10-01 04:15,2025-10-03 13:15,Robbery,Chain Snatching with Force,BNS 309(4),16.286178,75.545689,P007192,P005606,P002632,PI Harish Naik,Chargesheeted
FIR202503495,FIR/3495/2025,PS0171,Bidar,2025-09-28 10:42,2025-10-03 15:42,Fraud,Cheating,BNS 318(4),17.78161,77.579523,P000963,P001406,P009809,PI Harish Naik,Under Investigation
FIR202504207,FIR/4207/2025,PS0080,Bengaluru Rural,2025-10-02 13:33,2025-10-03 16:33,NDPS,Possession of Narcotics,NDPS Act Sec 20(b),13.373748,77.616638,P009217,P002715,P007444,SI Divya Hegde,Chargesheeted
FIR202504926,FIR/4926/2025,PS0165,Bidar,2025-10-02 10:53,2025-10-03 16:53,Theft,Pocket Pick,BNS 303(2),18.041955,77.458345,P008092,P004286,P004398,SI Mahesh Bhat,Chargesheeted
FIR202501007,FIR/1007/2025,PS0028,Ballari,2025-10-01 14:34,2025-10-03 18:34,Murder,Dowry Homicide,BNS 103(1),15.033732,76.863194,P005014,P000419,"P009975, P002892",PI Harish Naik,Untraced
FIR202501801,FIR/1801/2025,PS0116,Bengaluru Urban,2025-10-03 15:52,2025-10-03 18:52,Robbery,Highway Robbery,BNS 309(4),12.97047,77.514653,P003609,P008553,P007488,SI Mahesh Bhat,Chargesheeted
FIR202501089,FIR/1089/2025,PS0146,Bengaluru Urban,2025-10-03 10:25,2025-10-03 22:25,Fraud,Corporate Fraud,BNS 318(4),12.955252,77.759575,P001293,P008916,P002665,PI Chetan Kumar,Under Investigation
FIR202500059,FIR/0059/2025,PS0040,Ballari,2025-10-03 16:04,2025-10-04 00:04,Assault,Simple Assault,"BNS 115(2), BNS 117(2)",15.331811,76.847403,P008018,P004057,P005996,PI Naveen Patil,Chargesheeted
FIR202504575,FIR/4575/2025,PS0240,Chikkaballapura,2025-10-01 19:02,2025-10-04 04:02,Theft,House Theft,BNS 303(2),13.387387,77.798107,P009859,P005453,P008508,PI Lakshmi Devi,Closed
FIR202504166,FIR/4166/2025,PS0205,Chamarajanagar,2025-10-02 21:04,2025-10-04 04:04,Fraud,Cheating,BNS 318(4),11.954016,76.780036,P002483,P000798,P005094,PI Chetan Kumar,Chargesheeted
FIR202504081,FIR/4081/2025,PS0192,Bidar,2025-10-03 23:10,2025-10-04 07:10,POCSO,Sexual Assault on Minor,"POCSO Act Sec 4, BNS 64",18.00172,77.348416,P009302,P008911,P009488,SI Prakash Sharma,Chargesheeted
FIR202504053,FIR/4053/2025,PS0089,Bengaluru Rural,2025-09-30 05:33,2025-10-04 07:33,POCSO,Sexual Assault on Minor,"POCSO Act Sec 4, BNS 64",13.370614,77.622071,P003118,P003654,P000079,PI Naveen Patil,Chargesheeted
FIR202503013,FIR/3013/2025,PS0058,Belagavi,2025-10-04 00:54,2025-10-04 07:54,Theft,Snatching,BNS 303(2),15.723323,74.372828,P004919,P007707,P008338,PI Harish Naik,Chargesheeted
FIR202504840,FIR/4840/2025,PS0194,Chamarajanagar,2025-10-04 04:06,2025-10-04 08:06,Theft,House Theft,BNS 303(2),11.791774,76.890426,P001490,P009950,P004925,PI Suresh Kulkarni,Chargesheeted
FIR202501761,FIR/1761/2025,PS0048,Belagavi,2025-10-04 04:18,2025-10-04 10:18,Burglary,Day Burglary,"BNS 331(3), BNS 331(4)",15.715572,74.493768,P006404,P004977,P005993,SI Ganesh Rao,Under Investigation
FIR202500880,FIR/0880/2025,PS0100,Bengaluru Rural,2025-10-03 09:39,2025-10-04 12:39,POCSO,Sexual Assault on Minor,"POCSO Act Sec 4, BNS 64",13.133231,77.529648,P000057,P007243,P009590,SI Prakash Sharma,Chargesheeted
FIR202503326,FIR/3326/2025,PS0054,Belagavi,2025-10-03 08:10,2025-10-04 13:10,Burglary,Night House Breaking,"BNS 331(3), BNS 331(4)",15.901695,74.704297,P009104,P000610,P008806,SI Ganesh Rao,Chargesheeted
FIR202502545,FIR/2545/2025,PS0244,Chikkaballapura,2025-10-04 02:27,2025-10-04 13:27,Burglary,Night House Breaking,"BNS 331(3), BNS 331(4)",13.295651,77.908333,P003545,P001202,P004919,SI Ravi Kumar,Untraced
FIR202503252,FIR/3252/2025,PS0091,Bengaluru Rural,2025-10-03 02:41,2025-10-04 14:41,NDPS,Possession of Narcotics,NDPS Act Sec 20(b),13.067247,77.634892,P004309,P000664,P009968,SI Mahesh Bhat,Chargesheeted
FIR202504967,FIR/4967/2025,PS0055,Belagavi,2025-10-04 02:56,2025-10-04 14:56,Theft,Pocket Pick,BNS 303(2),15.839681,74.345135,P001545,P001582,P003601,PI Naveen Patil,Chargesheeted
FIR202501814,FIR/1814/2025,PS0118,Bengaluru Urban,2025-10-04 08:54,2025-10-04 15:54,Fraud,Corporate Fraud,BNS 318(4),12.780416,77.710359,P007197,P008739,P005269,PI Ramesh Gowda,Chargesheeted
FIR202501078,FIR/1078/2025,PS0201,Chamarajanagar,2025-10-03 14:00,2025-10-04 16:00,Robbery,Highway Robbery,BNS 309(4),11.979296,76.834241,P004765,P009886,P009386,SI Ganesh Rao,Chargesheeted
FIR202500054,FIR/0054/2025,PS0131,Bengaluru Urban,2025-09-29 04:07,2025-10-04 16:07,Burglary,Night House Breaking,"BNS 331(3), BNS 331(4)",13.003012,77.617086,P009469,P003235,P003192,SI Prakash Sharma,Chargesheeted
FIR202501218,FIR/1218/2025,PS0134,Bengaluru Urban,2025-10-03 11:54,2025-10-04 18:54,Vehicle Theft,Car Theft,BNS 303(2),12.794542,77.657156,P003766,P002749,P001636,PI Chetan Kumar,Under Investigation
FIR202502258,FIR/2258/2025,PS0169,Bidar,2025-10-04 17:11,2025-10-04 19:11,Assault,Public Affray,"BNS 115(2), BNS 117(2)",18.026244,77.689554,P005184,P005532,P009167,SI Mahesh Bhat,Chargesheeted
FIR202504711,FIR/4711/2025,PS0074,Bengaluru Rural,2025-10-01 13:57,2025-10-04 19:57,Cyber Crime,Identity Theft,"IT Act 66D, BNS 318(4)",13.18042,77.57123,P008841,P004628,P002466,PI Harish Naik,Chargesheeted
FIR202500446,FIR/0446/2025,PS0122,Bengaluru Urban,2025-10-03 18:39,2025-10-04 20:39,Cyber Crime,Phishing,"IT Act 66D, BNS 318(4)",13.09771,77.54193,P001230,P005230,P007813,PI Ramesh Gowda,Chargesheeted
FIR202504342,FIR/4342/2025,PS0175,Bidar,2025-10-04 14:24,2025-10-04 21:24,Assault,Grievous Hurt,"BNS 115(2), BNS 117(2)",17.998039,77.445917,P009288,P000017,P001804,SI Prakash Sharma,Under Investigation
FIR202502771,FIR/2771/2025,PS0223,Chamarajanagar,2025-10-04 12:59,2025-10-04 21:59,Robbery,Highway Robbery,BNS 309(4),11.847622,76.792551,P009208,P008772,P007274,SI Mahesh Bhat,Under Investigation
FIR202503195,FIR/3195/2025,PS0002,Bagalkote,2025-10-04 12:31,2025-10-05 00:31,Fraud,Corporate Fraud,BNS 318(4),16.115553,75.505502,P004630,P001175,P000501,PI Harish Naik,Under Investigation
FIR202501839,FIR/1839/2025,PS0191,Bidar,2025-10-02 20:42,2025-10-05 01:42,Assault,Grievous Hurt,"BNS 115(2), BNS 117(2)",17.923077,77.367381,P004990,P004139,P006836,SI Divya Hegde,Chargesheeted
FIR202500858,FIR/0858/2025,PS0131,Bengaluru Urban,2025-10-02 00:34,2025-10-05 02:34,Robbery,Chain Snatching with Force,BNS 309(4),13.000757,77.632052,P003316,P000394,P004744,PI Suresh Kulkarni,Chargesheeted
FIR202500178,FIR/0178/2025,PS0195,Chamarajanagar,2025-10-04 00:11,2025-10-05 04:11,Robbery,Chain Snatching with Force,BNS 309(4),11.882316,77.072087,P001765,P006362,P003646,PI Suresh Kulkarni,Chargesheeted
FIR202504027,FIR/4027/2025,PS0079,Bengaluru Rural,2025-10-04 22:22,2025-10-05 04:22,Cyber Crime,Identity Theft,"IT Act 66D, BNS 318(4)",13.09181,77.47789,P001524,P005538,P005368,PI Chetan Kumar,Under Investigation
FIR202502922,FIR/2922/2025,PS0154,Bidar,2025-10-04 21:48,2025-10-05 06:48,Murder,Gang Conflict,BNS 103(1),17.879809,77.398629,P002408,P007974,P000717,SI Prakash Sharma,Chargesheeted
FIR202504881,FIR/4881/2025,PS0147,Bengaluru Urban,2025-10-04 19:32,2025-10-05 07:32,Fraud,Cheating,BNS 318(4),12.911742,77.533921,P005083,P006503,P002045,PI Ramesh Gowda,Chargesheeted
FIR202504969,FIR/4969/2025,PS0222,Chamarajanagar,2025-10-05 03:26,2025-10-05 08:26,NDPS,Drug Trafficking,NDPS Act Sec 20(b),11.900332,76.767675,P004842,P005112,P004526,SI Ravi Kumar,Chargesheeted
FIR202502610,FIR/2610/2025,PS0210,Chamarajanagar,2025-10-04 05:05,2025-10-05 10:05,Burglary,Night House Breaking,"BNS 331(3), BNS 331(4)",11.9962,76.779797,P001224,P003255,P009182,SI Divya Hegde,Closed
FIR202500116,FIR/0116/2025,PS0129,Bengaluru Urban,2025-10-02 08:12,2025-10-05 11:12,NDPS,Possession of Narcotics,NDPS Act Sec 20(b),12.795107,77.771553,P006452,P006379,P003914,PI Ramesh Gowda,Under Investigation
FIR202502401,FIR/2401/2025,PS0188,Bidar,2025-10-05 01:01,2025-10-05 12:01,Dacoity,Bank Dacoity,BNS 310(2),17.946553,77.691628,P002539,P008776,P006154,SI Ravi Kumar,Chargesheeted
FIR202502640,FIR/2640/2025,PS0194,Chamarajanagar,2025-10-04 01:13,2025-10-05 12:13,POCSO,Harassment,"POCSO Act Sec 4, BNS 64",11.781521,76.879426,P002202,P006456,P004285,SI Prakash Sharma,Closed
FIR202501592,FIR/1592/2025,PS0064,Belagavi,2025-10-03 08:38,2025-10-05 12:38,NDPS,Possession of Narcotics,NDPS Act Sec 20(b),15.934338,74.314773,P009850,P007865,P008336,PI Chetan Kumar,Chargesheeted
FIR202500390,FIR/0390/2025,PS0073,Bengaluru Rural,2025-10-05 07:22,2025-10-05 17:22,Assault,Grievous Hurt,"BNS 115(2), BNS 117(2)",13.333114,77.58386,P007773,P009135,P007314,SI Ganesh Rao,Closed
FIR202501983,FIR/1983/2025,PS0094,Bengaluru Rural,2025-10-05 12:30,2025-10-05 18:30,POCSO,Harassment,"POCSO Act Sec 4, BNS 64",13.076251,77.667927,P004079,P001921,P001575,PI Chetan Kumar,Chargesheeted
FIR202502993,FIR/2993/2025,PS0149,Bengaluru Urban,2025-10-05 07:32,2025-10-05 18:32,Cyber Crime,Financial Fraud,"IT Act 66D, BNS 318(4)",13.094174,77.467987,P002517,P002694,P000217,SI Prakash Sharma,Untraced
FIR202502273,FIR/2273/2025,PS0106,Bengaluru Rural,2025-10-05 17:33,2025-10-05 20:33,Cyber Crime,Identity Theft,"IT Act 66D, BNS 318(4)",13.286777,77.541289,P005610,P005904,P001577,SI Prakash Sharma,Chargesheeted
FIR202503787,FIR/3787/2025,PS0221,Chamarajanagar,2025-10-05 14:08,2025-10-05 21:08,Cyber Crime,Identity Theft,"IT Act 66D, BNS 318(4)",12.054005,77.104297,P002219,P003086,P007961,PI Suresh Kulkarni,Chargesheeted
FIR202500954,FIR/0954/2025,PS0216,Chamarajanagar,2025-10-02 13:50,2025-10-05 22:50,POCSO,Harassment,"POCSO Act Sec 4, BNS 64",11.755585,76.956543,P007176,P001969,P004261,PI Naveen Patil,Untraced
FIR202500337,FIR/0337/2025,PS0150,Bengaluru Urban,2025-10-02 18:56,2025-10-05 23:56,Vehicle Theft,Car Theft,BNS 303(2),13.063825,77.705977,P001157,P005969,P007290,PI Naveen Patil,Chargesheeted
FIR202504159,FIR/4159/2025,PS0115,Bengaluru Urban,2025-10-05 14:41,2025-10-06 00:41,Cyber Crime,Financial Fraud,"IT Act 66D, BNS 318(4)",12.877623,77.388966,P000432,P003114,P008462,SI Mahesh Bhat,Under Investigation
FIR202502827,FIR/2827/2025,PS0209,Chamarajanagar,2025-10-05 16:11,2025-10-06 02:11,Murder,Personal Enmity,BNS 103(1),12.073413,77.001359,P000718,P006842,P002782,SI Ravi Kumar,Under Investigation
FIR202503063,FIR/3063/2025,PS0191,Bidar,2025-10-05 19:12,2025-10-06 05:12,Dacoity,Armed Dacoity,BNS 310(2),17.91602,77.400973,P008531,P003912,P002217,PI Harish Naik,Chargesheeted
FIR202500588,FIR/0588/2025,PS0114,Bengaluru Urban,2025-10-06 06:11,2025-10-06 07:11,Theft,Snatching,BNS 303(2),12.98894,77.734365,P005000,P004923,P004167,SI Divya Hegde,Chargesheeted
FIR202504588,FIR/4588/2025,PS0151,Bengaluru Urban,2025-10-06 00:20,2025-10-06 07:20,Vehicle Theft,Two-Wheeler Theft,BNS 303(2),12.880875,77.464282,P004011,P000040,P009136,SI Mahesh Bhat,Untraced
FIR202503143,FIR/3143/2025,PS0100,Bengaluru Rural,2025-10-05 04:40,2025-10-06 07:40,Dacoity,Bank Dacoity,BNS 310(2),13.167232,77.549097,P006857,P005990,P003136,SI Ravi Kumar,Chargesheeted
FIR202504186,FIR/4186/2025,PS0156,Bidar,2025-10-05 22:57,2025-10-06 10:57,NDPS,Possession of Narcotics,NDPS Act Sec 20(b),18.008344,77.507266,P004924,P000505,P004378,SI Ganesh Rao,Untraced
FIR202500942,FIR/0942/2025,PS0028,Ballari,2025-10-04 08:58,2025-10-06 10:58,Dacoity,Bank Dacoity,BNS 310(2),15.027284,76.864886,P005936,P005015,P001025,PI Naveen Patil,Chargesheeted
FIR202500786,FIR/0786/2025,PS0212,Chamarajanagar,2025-10-06 09:09,2025-10-06 11:09,Assault,Public Affray,"BNS 115(2), BNS 117(2)",12.017826,76.831507,P006391,P002330,P009845,SI Mahesh Bhat,Under Investigation
FIR202500052,FIR/0052/2025,PS0035,Ballari,2025-10-06 05:25,2025-10-06 11:25,Dacoity,Armed Dacoity,BNS 310(2),15.251294,76.842077,P003403,P005266,P000618,SI Prakash Sharma,Chargesheeted
FIR202502233,FIR/2233/2025,PS0214,Chamarajanagar,2025-10-06 00:46,2025-10-06 11:46,Dacoity,Bank Dacoity,BNS 310(2),11.924116,76.842093,P003134,P005892,P001055,PI Chetan Kumar,Chargesheeted
FIR202501202,FIR/1202/2025,PS0102,Bengaluru Rural,2025-10-06 11:03,2025-10-06 12:03,Fraud,Land Scam,BNS 318(4),13.114409,77.664143,P008179,P008883,"P002818, P001619",PI Lakshmi Devi,Untraced
FIR202500560,FIR/0560/2025,PS0063,Belagavi,2025-10-04 00:15,2025-10-06 12:15,Assault,Public Affray,"BNS 115(2), BNS 117(2)",16.0325,74.709859,P005656,P000914,P008210,SI Divya Hegde,Under Investigation
FIR202504678,FIR/4678/2025,PS0039,Ballari,2025-10-05 04:26,2025-10-06 13:26,Assault,Grievous Hurt,"BNS 115(2), BNS 117(2)",15.341389,76.952288,P002726,P002346,P007825,SI Mahesh Bhat,Chargesheeted
FIR202502933,FIR/2933/2025,PS0141,Bengaluru Urban,2025-10-05 05:37,2025-10-06 13:37,Fraud,Corporate Fraud,BNS 318(4),12.873226,77.417171,P009742,P001965,P001471,PI Lakshmi Devi,Chargesheeted
FIR202500640,FIR/0640/2025,PS0052,Belagavi,2025-10-04 03:31,2025-10-06 14:31,POCSO,Harassment,"POCSO Act Sec 4, BNS 64",15.922017,74.306746,P009883,P006463,P006537,PI Harish Naik,Under Investigation
FIR202502532,FIR/2532/2025,PS0078,Bengaluru Rural,2025-10-04 03:55,2025-10-06 14:55,Assault,Public Affray,"BNS 115(2), BNS 117(2)",13.106369,77.550159,P009095,P008581,P000002,PI Ramesh Gowda,Chargesheeted
FIR202501160,FIR/1160/2025,PS0092,Bengaluru Rural,2025-10-06 04:08,2025-10-06 15:08,Assault,Simple Assault,"BNS 115(2), BNS 117(2)",13.074974,77.469551,P006988,P004426,P002211,SI Ganesh Rao,Chargesheeted
FIR202503661,FIR/3661/2025,PS0105,Bengaluru Rural,2025-10-06 07:23,2025-10-06 15:23,Cyber Crime,Financial Fraud,"IT Act 66D, BNS 318(4)",13.163695,77.656601,P005066,P005163,P007409,SI Divya Hegde,Chargesheeted
FIR202501345,FIR/1345/2025,PS0246,Chikkaballapura,2025-10-06 06:18,2025-10-06 16:18,Murder,Personal Enmity,BNS 103(1),13.448524,77.722984,P006025,P005330,P002443,PI Chetan Kumar,Chargesheeted
FIR202504871,FIR/4871/2025,PS0087,Bengaluru Rural,2025-10-06 08:54,2025-10-06 16:54,Burglary,Night House Breaking,"BNS 331(3), BNS 331(4)",13.142394,77.506332,P006600,P001359,P001805,PI Ramesh Gowda,Chargesheeted
FIR202504950,FIR/4950/2025,PS0099,Bengaluru Rural,2025-10-06 06:06,2025-10-06 18:06,Theft,House Theft,BNS 303(2),13.270798,77.686543,P006720,P004845,P004070,PI Naveen Patil,Chargesheeted
FIR202501759,FIR/1759/2025,PS0001,Bagalkote,2025-10-05 19:09,2025-10-06 20:09,Theft,Pocket Pick,BNS 303(2),16.192523,75.569737,P003377,P006957,P009597,SI Divya Hegde,Chargesheeted
FIR202501101,FIR/1101/2025,PS0017,Bagalkote,2025-10-04 15:34,2025-10-06 22:34,Vehicle Theft,Car Theft,BNS 303(2),16.277774,75.561749,P004981,P004438,P003762,SI Prakash Sharma,Under Investigation
FIR202502118,FIR/2118/2025,PS0178,Bidar,2025-10-06 16:47,2025-10-06 22:47,Fraud,Corporate Fraud,BNS 318(4),17.895238,77.470761,P004240,P009411,P001637,SI Prakash Sharma,Chargesheeted
FIR202504099,FIR/4099/2025,PS0243,Chikkaballapura,2025-10-06 12:11,2025-10-06 23:11,Assault,Public Affray,"BNS 115(2), BNS 117(2)",13.432553,77.887483,P000661,P007233,P001692,SI Ganesh Rao,Chargesheeted
FIR202500027,FIR/0027/2025,PS0033,Ballari,2025-10-03 18:43,2025-10-07 01:43,Burglary,Day Burglary,"BNS 331(3), BNS 331(4)",15.040995,76.817818,P003921,P005139,P006915,SI Ganesh Rao,Under Investigation
FIR202503210,FIR/3210/2025,PS0113,Bengaluru Urban,2025-10-06 00:20,2025-10-07 03:20,Murder,Gang Conflict,BNS 103(1),13.172277,77.50202,P006986,P007676,P009614,PI Naveen Patil,Chargesheeted
FIR202500605,FIR/0605/2025,PS0030,Ballari,2025-10-06 18:07,2025-10-07 04:07,Robbery,Highway Robbery,BNS 309(4),15.181714,76.83711,P009481,P002631,P002583,SI Prakash Sharma,Chargesheeted
FIR202500194,FIR/0194/2025,PS0147,Bengaluru Urban,2025-10-04 03:51,2025-10-07 04:51,Cyber Crime,Financial Fraud,"IT Act 66D, BNS 318(4)",12.897698,77.539617,P008827,P003514,P003239,PI Ramesh Gowda,Chargesheeted
FIR202504872,FIR/4872/2025,PS0058,Belagavi,2025-10-02 23:21,2025-10-07 05:21,Theft,House Theft,BNS 303(2),15.688441,74.393878,P008910,P007617,P002218,PI Naveen Patil,Chargesheeted
FIR202502452,FIR/2452/2025,PS0120,Bengaluru Urban,2025-10-06 23:38,2025-10-07 05:38,Cyber Crime,Financial Fraud,"IT Act 66D, BNS 318(4)",13.122489,77.393778,P008253,P004897,P003349,PI Chetan Kumar,Chargesheeted
FIR202503968,FIR/3968/2025,PS0242,Chikkaballapura,2025-10-07 02:46,2025-10-07 10:46,Robbery,Chain Snatching with Force,BNS 309(4),13.276101,77.866603,P003837,P001812,P003872,PI Lakshmi Devi,Chargesheeted
FIR202502789,FIR/2789/2025,PS0113,Bengaluru Urban,2025-10-04 02:25,2025-10-07 12:25,Burglary,Day Burglary,"BNS 331(3), BNS 331(4)",13.1506,77.511727,P001469,P004227,P002617,PI Naveen Patil,Chargesheeted
FIR202502102,FIR/2102/2025,PS0038,Ballari,2025-10-06 08:38,2025-10-07 13:38,NDPS,Drug Trafficking,NDPS Act Sec 20(b),15.053082,77.059424,P003146,P009088,P005294,PI Harish Naik,Chargesheeted
FIR202500782,FIR/0782/2025,PS0161,Bidar,2025-10-06 15:00,2025-10-07 18:00,Dacoity,Bank Dacoity,BNS 310(2),18.002616,77.505486,P002707,P003819,P009878,PI Suresh Kulkarni,Under Investigation
FIR202503564,FIR/3564/2025,PS0041,Ballari,2025-10-04 19:57,2025-10-07 20:57,Assault,Public Affray,"BNS 115(2), BNS 117(2)",15.241494,76.892492,P000236,P000206,P006658,SI Ravi Kumar,Chargesheeted
FIR202503960,FIR/3960/2025,PS0079,Bengaluru Rural,2025-10-06 17:43,2025-10-07 23:43,Dacoity,Bank Dacoity,BNS 310(2),13.095371,77.46751,P009683,P007779,P006045,PI Lakshmi Devi,Chargesheeted
FIR202501683,FIR/1683/2025,PS0237,Chikkaballapura,2025-10-08 01:41,2025-10-08 03:41,Cyber Crime,Identity Theft,"IT Act 66D, BNS 318(4)",13.364778,77.663869,P002881,P007993,P004927,SI Ganesh Rao,Under Investigation
FIR202504282,FIR/4282/2025,PS0068,Belagavi,2025-10-06 21:07,2025-10-08 05:07,Burglary,Day Burglary,"BNS 331(3), BNS 331(4)",16.040785,74.382116,P005032,P008015,P006044,PI Harish Naik,Under Investigation
FIR202504400,FIR/4400/2025,PS0081,Bengaluru Rural,2025-10-08 06:03,2025-10-08 08:03,NDPS,Possession of Narcotics,NDPS Act Sec 20(b),13.180568,77.606121,P004651,P006076,P003212,SI Ravi Kumar,Chargesheeted
FIR202500610,FIR/0610/2025,PS0048,Belagavi,2025-10-04 07:22,2025-10-08 09:22,Murder,Personal Enmity,BNS 103(1),15.722933,74.500177,P005669,P008018,P006270,SI Divya Hegde,Under Investigation
FIR202501841,FIR/1841/2025,PS0012,Bagalkote,2025-10-08 08:35,2025-10-08 09:35,Assault,Grievous Hurt,"BNS 115(2), BNS 117(2)",16.287615,75.827391,P008798,P005012,P005793,PI Lakshmi Devi,Chargesheeted
FIR202502312,FIR/2312/2025,PS0045,Ballari,2025-10-08 09:08,2025-10-08 10:08,Dacoity,Armed Dacoity,BNS 310(2),15.005224,76.893825,P002018,P007489,P009181,PI Chetan Kumar,Under Investigation
FIR202500354,FIR/0354/2025,PS0085,Bengaluru Rural,2025-10-04 03:01,2025-10-08 13:01,Theft,Snatching,BNS 303(2),13.098483,77.438749,P000098,P007875,P000804,SI Prakash Sharma,Under Investigation
FIR202500525,FIR/0525/2025,PS0075,Bengaluru Rural,2025-10-06 11:33,2025-10-08 17:33,Cyber Crime,Financial Fraud,"IT Act 66D, BNS 318(4)",13.204268,77.526324,P006493,P008263,P002199,SI Divya Hegde,Under Investigation
FIR202500507,FIR/0507/2025,PS0063,Belagavi,2025-10-08 05:39,2025-10-08 17:39,Burglary,Night House Breaking,"BNS 331(3), BNS 331(4)",16.013207,74.671154,P001491,P006057,P000642,SI Ravi Kumar,Chargesheeted
FIR202502220,FIR/2220/2025,PS0158,Bidar,2025-10-08 11:22,2025-10-08 18:22,Fraud,Land Scam,BNS 318(4),17.938652,77.49954,P002646,P004083,"P006024, P005374",PI Harish Naik,Under Investigation
FIR202501568,FIR/1568/2025,PS0242,Chikkaballapura,2025-10-05 09:46,2025-10-08 18:46,Robbery,Highway Robbery,BNS 309(4),13.286296,77.840744,P008131,P004544,P009632,PI Chetan Kumar,Under Investigation
FIR202500006,FIR/0006/2025,PS0151,Bengaluru Urban,2025-10-08 15:55,2025-10-08 20:55,Vehicle Theft,Car Theft,BNS 303(2),12.867892,77.477679,P003969,P007159,P004786,SI Mahesh Bhat,Under Investigation
FIR202502642,FIR/2642/2025,PS0110,Bengaluru Urban,2025-10-08 15:57,2025-10-08 20:57,Burglary,Night House Breaking,"BNS 331(3), BNS 331(4)",13.148789,77.639234,P006407,P004381,P008920,SI Ravi Kumar,Chargesheeted
FIR202502889,FIR/2889/2025,PS0149,Bengaluru Urban,2025-10-08 21:23,2025-10-08 22:23,Murder,Gang Conflict,BNS 103(1),13.089255,77.463432,P008396,P008291,P005874,SI Divya Hegde,Chargesheeted
FIR202504231,FIR/4231/2025,PS0006,Bagalkote,2025-10-06 15:26,2025-10-08 22:26,Cyber Crime,Phishing,"IT Act 66D, BNS 318(4)",16.372531,75.763939,P001319,P004195,P009541,SI Ganesh Rao,Under Investigation
FIR202500062,FIR/0062/2025,PS0029,Ballari,2025-10-08 15:51,2025-10-08 23:51,Assault,Simple Assault,"BNS 115(2), BNS 117(2)",14.985924,76.874801,P001573,P005190,P004931,PI Naveen Patil,Under Investigation
FIR202500926,FIR/0926/2025,PS0185,Bidar,2025-10-08 23:07,2025-10-09 00:07,Theft,Pocket Pick,BNS 303(2),17.900963,77.516982,P005979,P002287,P006933,PI Chetan Kumar,Chargesheeted
FIR202502580,FIR/2580/2025,PS0093,Bengaluru Rural,2025-10-04 13:56,2025-10-09 00:56,Theft,House Theft,BNS 303(2),13.216535,77.54935,P004266,P001309,P005277,PI Harish Naik,Under Investigation
FIR202504771,FIR/4771/2025,PS0146,Bengaluru Urban,2025-10-08 14:51,2025-10-09 02:51,Vehicle Theft,Car Theft,BNS 303(2),12.932043,77.773586,P001058,P003823,P008036,SI Mahesh Bhat,Chargesheeted
FIR202502286,FIR/2286/2025,PS0240,Chikkaballapura,2025-10-09 02:08,2025-10-09 03:08,Robbery,Highway Robbery,BNS 309(4),13.404181,77.801363,P000818,P005128,P004629,SI Prakash Sharma,Under Investigation
FIR202502035,FIR/2035/2025,PS0142,Bengaluru Urban,2025-10-04 16:49,2025-10-09 03:49,Dacoity,Armed Dacoity,BNS 310(2),13.082508,77.765068,P005528,P009039,P001788,PI Chetan Kumar,Chargesheeted
FIR202502691,FIR/2691/2025,PS0053,Belagavi,2025-10-08 23:17,2025-10-09 06:17,Robbery,Chain Snatching with Force,BNS 309(4),15.869782,74.335549,P003723,P003473,P001108,PI Lakshmi Devi,Chargesheeted
FIR202500828,FIR/0828/2025,PS0131,Bengaluru Urban,2025-10-08 23:36,2025-10-09 06:36,Vehicle Theft,Two-Wheeler Theft,BNS 303(2),13.008989,77.625285,P007827,P008835,P003191,SI Divya Hegde,Chargesheeted
FIR202500102,FIR/0102/2025,PS0167,Bidar,2025-10-09 03:09,2025-10-09 07:09,Dacoity,Bank Dacoity,BNS 310(2),18.024071,77.437727,P005940,P006272,P005848,SI Divya Hegde,Chargesheeted
FIR202502058,FIR/2058/2025,PS0028,Ballari,2025-10-09 05:29,2025-10-09 08:29,Dacoity,Bank Dacoity,BNS 310(2),15.004994,76.838665,P005163,P008671,P002299,PI Lakshmi Devi,Chargesheeted
FIR202503559,FIR/3559/2025,PS0221,Chamarajanagar,2025-10-07 22:30,2025-10-09 08:30,Burglary,Night House Breaking,"BNS 331(3), BNS 331(4)",12.046147,77.083626,P002039,P003276,P008488,PI Naveen Patil,Chargesheeted
FIR202504664,FIR/4664/2025,PS0074,Bengaluru Rural,2025-10-08 21:14,2025-10-09 09:14,Vehicle Theft,Two-Wheeler Theft,BNS 303(2),13.157264,77.562489,P005465,P005088,P003423,SI Mahesh Bhat,Under Investigation
FIR202501988,FIR/1988/2025,PS0076,Bengaluru Rural,2025-10-09 04:11,2025-10-09 10:11,Murder,Gang Conflict,BNS 103(1),13.326461,77.754292,P005382,P009298,P000909,SI Prakash Sharma,Chargesheeted
FIR202502832,FIR/2832/2025,PS0034,Ballari,2025-10-04 10:47,2025-10-09 12:47,Theft,House Theft,BNS 303(2),15.016023,77.074726,P000938,P002021,P001010,SI Ganesh Rao,Chargesheeted
FIR202500330,FIR/0330/2025,PS0143,Bengaluru Urban,2025-10-09 06:29,2025-10-09 13:29,Assault,Public Affray,"BNS 115(2), BNS 117(2)",12.789787,77.402033,P002047,P005078,"P003599, P000766",SI Mahesh Bhat,Chargesheeted
FIR202503603,FIR/3603/2025,PS0060,Belagavi,2025-10-08 01:36,2025-10-09 13:36,Assault,Grievous Hurt,"BNS 115(2), BNS 117(2)",16.015568,74.537225,P003073,P003864,P002981,PI Suresh Kulkarni,Chargesheeted
FIR202501984,FIR/1984/2025,PS0112,Bengaluru Urban,2025-10-09 04:55,2025-10-09 13:55,Cyber Crime,Identity Theft,"IT Act 66D, BNS 318(4)",13.099018,77.579782,P001214,P001450,P000592,PI Naveen Patil,Under Investigation
FIR202500965,FIR/0965/2025,PS0072,Bengaluru Rural,2025-10-04 05:37,2025-10-09 17:37,Cyber Crime,Financial Fraud,"IT Act 66D, BNS 318(4)",13.318572,77.622173,P009411,P001821,P006160,PI Suresh Kulkarni,Chargesheeted
FIR202500498,FIR/0498/2025,PS0177,Bidar,2025-10-09 09:20,2025-10-09 18:20,Assault,Public Affray,"BNS 115(2), BNS 117(2)",18.068134,77.326724,P005259,P001531,P000998,PI Ramesh Gowda,Chargesheeted
FIR202501813,FIR/1813/2025,PS0183,Bidar,2025-10-08 16:18,2025-10-09 20:18,Assault,Public Affray,"BNS 115(2), BNS 117(2)",17.785969,77.39474,P003537,P004104,P009747,PI Suresh Kulkarni,Chargesheeted
FIR202500318,FIR/0318/2025,PS0151,Bengaluru Urban,2025-10-08 08:52,2025-10-09 20:52,POCSO,Sexual Assault on Minor,"POCSO Act Sec 4, BNS 64",12.87986,77.482869,P008237,P008864,P004575,SI Mahesh Bhat,Under Investigation
FIR202501840,FIR/1840/2025,PS0184,Bidar,2025-10-07 16:00,2025-10-10 03:00,Murder,Gang Conflict,BNS 103(1),17.890651,77.604747,P003832,P003722,P000287,PI Suresh Kulkarni,Under Investigation
FIR202502091,FIR/2091/2025,PS0037,Ballari,2025-10-09 03:09,2025-10-10 04:09,Dacoity,Bank Dacoity,BNS 310(2),15.094705,77.050534,P004034,P002010,"P006320, P007032",SI Ganesh Rao,Chargesheeted
FIR202503329,FIR/3329/2025,PS0083,Bengaluru Rural,2025-10-07 00:33,2025-10-10 04:33,NDPS,Possession of Narcotics,NDPS Act Sec 20(b),13.249417,77.573454,P001206,P004246,P008813,PI Harish Naik,Under Investigation
FIR202503389,FIR/3389/2025,PS0169,Bidar,2025-10-07 17:17,2025-10-10 05:17,Robbery,Chain Snatching with Force,BNS 309(4),18.026594,77.711233,P009977,P000517,P007491,PI Chetan Kumar,Chargesheeted
FIR202501207,FIR/1207/2025,PS0117,Bengaluru Urban,2025-10-08 22:34,2025-10-10 06:34,NDPS,Possession of Narcotics,NDPS Act Sec 20(b),13.107173,77.804983,P001820,P002600,P005418,PI Naveen Patil,Under Investigation
FIR202500011,FIR/0011/2025,PS0028,Ballari,2025-10-09 22:11,2025-10-10 07:11,NDPS,Drug Trafficking,NDPS Act Sec 20(b),15.014835,76.864616,P007935,P003969,P001023,SI Prakash Sharma,Under Investigation
FIR202500774,FIR/0774/2025,PS0113,Bengaluru Urban,2025-10-10 08:15,2025-10-10 09:15,Assault,Simple Assault,"BNS 115(2), BNS 117(2)",13.166111,77.482095,P004690,P008719,P008988,PI Suresh Kulkarni,Chargesheeted
FIR202503452,FIR/3452/2025,PS0151,Bengaluru Urban,2025-10-10 03:42,2025-10-10 09:42,Murder,Personal Enmity,BNS 103(1),12.863025,77.457962,P008554,P006988,P007175,PI Lakshmi Devi,Chargesheeted
FIR202502528,FIR/2528/2025,PS0026,Ballari,2025-10-10 07:20,2025-10-10 15:20,Murder,Dowry Homicide,BNS 103(1),15.211077,76.984284,P001228,P001121,P009941,PI Ramesh Gowda,Chargesheeted
FIR202503628,FIR/3628/2025,PS0170,Bidar,2025-10-09 14:46,2025-10-10 16:46,Fraud,Corporate Fraud,BNS 318(4),17.903881,77.393097,P008722,P000054,P008023,SI Prakash Sharma,Chargesheeted
FIR202503529,FIR/3529/2025,PS0114,Bengaluru Urban,2025-10-07 18:51,2025-10-10 21:51,Cyber Crime,Phishing,"IT Act 66D, BNS 318(4)",12.979468,77.728996,P007041,P007660,P006462,PI Ramesh Gowda,Chargesheeted
FIR202503764,FIR/3764/2025,PS0219,Chamarajanagar,2025-10-09 11:48,2025-10-10 22:48,Murder,Dowry Homicide,BNS 103(1),11.862512,76.890619,P001230,P002803,P004150,PI Naveen Patil,Chargesheeted
FIR202501105,FIR/1105/2025,PS0211,Chamarajanagar,2025-10-10 14:22,2025-10-11 01:22,Burglary,Night House Breaking,"BNS 331(3), BNS 331(4)",11.845049,77.074121,P006082,P004276,P006833,SI Ravi Kumar,Under Investigation
FIR202500575,FIR/0575/2025,PS0005,Bagalkote,2025-10-08 13:49,2025-10-11 01:49,Dacoity,Bank Dacoity,BNS 310(2),16.133161,75.598776,P005271,P007050,P000903,PI Suresh Kulkarni,Chargesheeted
FIR202501086,FIR/1086/2025,PS0237,Chikkaballapura,2025-10-09 21:21,2025-10-11 02:21,Dacoity,Armed Dacoity,BNS 310(2),13.366558,77.649559,P009511,P003454,P001297,SI Prakash Sharma,Under Investigation
FIR202502607,FIR/2607/2025,PS0109,Bengaluru Rural,2025-10-06 01:23,2025-10-11 03:23,Theft,Pocket Pick,BNS 303(2),13.092855,77.585837,P007440,P000018,P009351,PI Harish Naik,Untraced
FIR202502794,FIR/2794/2025,PS0166,Bidar,2025-10-10 17:53,2025-10-11 05:53,NDPS,Drug Trafficking,NDPS Act Sec 20(b),17.793517,77.504065,P009031,P000018,P005781,PI Chetan Kumar,Chargesheeted
FIR202503532,FIR/3532/2025,PS0227,Chamarajanagar,2025-10-11 03:53,2025-10-11 07:53,Burglary,Night House Breaking,"BNS 331(3), BNS 331(4)",11.888664,76.939051,P003125,P003129,P001522,SI Ravi Kumar,Under Investigation
FIR202501971,FIR/1971/2025,PS0031,Ballari,2025-10-09 22:34,2025-10-11 09:34,Dacoity,Bank Dacoity,BNS 310(2),14.975032,77.103608,P000100,P008028,P003403,PI Lakshmi Devi,Under Investigation
FIR202504885,FIR/4885/2025,PS0088,Bengaluru Rural,2025-10-11 07:39,2025-10-11 10:39,Fraud,Corporate Fraud,BNS 318(4),13.04907,77.39554,P008041,P008460,P008369,SI Divya Hegde,Under Investigation
FIR202504344,FIR/4344/2025,PS0063,Belagavi,2025-10-10 23:48,2025-10-11 10:48,Fraud,Land Scam,BNS 318(4),16.030232,74.703859,P006783,P009983,"P004280, P009523",PI Suresh Kulkarni,Under Investigation
FIR202503046,FIR/3046/2025,PS0135,Bengaluru Urban,2025-10-08 03:49,2025-10-11 10:49,Cyber Crime,Identity Theft,"IT Act 66D, BNS 318(4)",12.916636,77.448494,P008439,P005232,P009288,PI Chetan Kumar,Under Investigation
FIR202501705,FIR/1705/2025,PS0129,Bengaluru Urban,2025-10-08 08:21,2025-10-11 11:21,NDPS,Drug Trafficking,NDPS Act Sec 20(b),12.799964,77.768256,P003628,P002488,P004603,PI Suresh Kulkarni,Under Investigation
FIR202502221,FIR/2221/2025,PS0184,Bidar,2025-10-10 02:34,2025-10-11 11:34,Cyber Crime,Phishing,"IT Act 66D, BNS 318(4)",17.921603,77.619214,P000628,P000437,P009722,SI Divya Hegde,Under Investigation
FIR202501520,FIR/1520/2025,PS0121,Bengaluru Urban,2025-10-11 08:59,2025-10-11 11:59,Fraud,Corporate Fraud,BNS 318(4),13.070475,77.504691,P000176,P003009,P008160,PI Harish Naik,Chargesheeted
FIR202501205,FIR/1205/2025,PS0108,Bengaluru Rural,2025-10-09 02:56,2025-10-11 13:56,Dacoity,Armed Dacoity,BNS 310(2),13.178019,77.446409,P007552,P008556,P007308,PI Suresh Kulkarni,Chargesheeted
FIR202500740,FIR/0740/2025,PS0180,Bidar,2025-10-10 12:15,2025-10-11 15:15,NDPS,Possession of Narcotics,NDPS Act Sec 20(b),18.06041,77.423206,P003130,P002362,P005517,PI Harish Naik,Under Investigation
FIR202503150,FIR/3150/2025,PS0030,Ballari,2025-10-09 09:00,2025-10-11 17:00,Assault,Public Affray,"BNS 115(2), BNS 117(2)",15.199156,76.824778,P004077,P007432,P005118,SI Mahesh Bhat,Chargesheeted
FIR202503058,FIR/3058/2025,PS0153,Bidar,2025-10-11 05:25,2025-10-11 17:25,Assault,Public Affray,"BNS 115(2), BNS 117(2)",17.736021,77.363249,P001616,P009174,P003674,SI Mahesh Bhat,Under Investigation
FIR202501880,FIR/1880/2025,PS0218,Chamarajanagar,2025-10-07 15:23,2025-10-11 18:23,NDPS,Possession of Narcotics,NDPS Act Sec 20(b),11.868579,77.047259,P005162,P008606,P003322,PI Ramesh Gowda,Chargesheeted
FIR202500737,FIR/0737/2025,PS0015,Bagalkote,2025-10-07 13:08,2025-10-11 21:08,NDPS,Possession of Narcotics,NDPS Act Sec 20(b),16.051288,75.688245,P009420,P000739,P000543,SI Divya Hegde,Closed
FIR202503032,FIR/3032/2025,PS0164,Bidar,2025-10-11 10:26,2025-10-11 21:26,Assault,Simple Assault,"BNS 115(2), BNS 117(2)",17.961713,77.464875,P001628,P002165,P002292,PI Chetan Kumar,Under Investigation
FIR202500921,FIR/0921/2025,PS0171,Bidar,2025-10-10 17:38,2025-10-11 22:38,Dacoity,Bank Dacoity,BNS 310(2),17.784113,77.570629,P004380,P007543,P001808,PI Naveen Patil,Closed
FIR202500121,FIR/0121/2025,PS0187,Bidar,2025-10-06 10:40,2025-10-11 22:40,Assault,Public Affray,"BNS 115(2), BNS 117(2)",17.983105,77.703389,P000637,P001162,P009033,PI Harish Naik,Under Investigation
FIR202504200,FIR/4200/2025,PS0238,Chikkaballapura,2025-10-11 15:01,2025-10-12 00:01,Murder,Personal Enmity,BNS 103(1),13.333217,77.92416,P002073,P009451,P007206,SI Divya Hegde,Chargesheeted
FIR202500119,FIR/0119/2025,PS0093,Bengaluru Rural,2025-10-10 21:12,2025-10-12 00:12,Assault,Simple Assault,"BNS 115(2), BNS 117(2)",13.213741,77.539498,P004417,P003463,P008484,PI Ramesh Gowda,Untraced
FIR202500149,FIR/0149/2025,PS0196,Chamarajanagar,2025-10-07 19:01,2025-10-12 01:01,Assault,Simple Assault,"BNS 115(2), BNS 117(2)",11.981949,76.961474,P003737,P005352,P006160,PI Ramesh Gowda,Chargesheeted
FIR202503031,FIR/3031/2025,PS0154,Bidar,2025-10-11 21:46,2025-10-12 02:46,Burglary,Night House Breaking,"BNS 331(3), BNS 331(4)",17.903842,77.397551,P005340,P004273,P004127,PI Ramesh Gowda,Untraced
FIR202501724,FIR/1724/2025,PS0047,Belagavi,2025-10-11 21:12,2025-10-12 03:12,Cyber Crime,Phishing,"IT Act 66D, BNS 318(4)",15.958635,74.524164,P009592,P007693,P005948,SI Mahesh Bhat,Chargesheeted
FIR202501240,FIR/1240/2025,PS0226,Chamarajanagar,2025-10-11 02:12,2025-10-12 03:12,Vehicle Theft,Car Theft,BNS 303(2),11.766879,77.023373,P006281,P003871,P001899,PI Chetan Kumar,Under Investigation
FIR202503824,FIR/3824/2025,PS0070,Bengaluru Rural,2025-10-08 00:36,2025-10-12 03:36,Dacoity,Armed Dacoity,BNS 310(2),13.252658,77.748106,P004847,P001534,P000448,PI Lakshmi Devi,Untraced
FIR202503636,FIR/3636/2025,PS0072,Bengaluru Rural,2025-10-10 20:02,2025-10-12 04:02,POCSO,Harassment,"POCSO Act Sec 4, BNS 64",13.312669,77.642458,P004541,P005860,P005928,SI Prakash Sharma,Chargesheeted
FIR202500215,FIR/0215/2025,PS0093,Bengaluru Rural,2025-10-10 03:03,2025-10-12 04:03,Burglary,Night House Breaking,"BNS 331(3), BNS 331(4)",13.215693,77.56294,P001911,P007476,P003986,PI Suresh Kulkarni,Chargesheeted
FIR202500274,FIR/0274/2025,PS0026,Ballari,2025-10-11 18:44,2025-10-12 05:44,Dacoity,Bank Dacoity,BNS 310(2),15.230508,76.965215,P002148,P001018,P000920,SI Mahesh Bhat,Chargesheeted
FIR202500434,FIR/0434/2025,PS0226,Chamarajanagar,2025-10-12 02:18,2025-10-12 07:18,Assault,Grievous Hurt,"BNS 115(2), BNS 117(2)",11.747134,77.017877,P002746,P006970,P003266,PI Chetan Kumar,Chargesheeted
FIR202501989,FIR/1989/2025,PS0210,Chamarajanagar,2025-10-11 22:59,2025-10-12 07:59,Robbery,Highway Robbery,BNS 309(4),12.013595,76.812802,P007858,P003335,P000201,PI Harish Naik,Chargesheeted
FIR202504467,FIR/4467/2025,PS0187,Bidar,2025-10-12 07:22,2025-10-12 09:22,Theft,Snatching,BNS 303(2),17.981275,77.728454,P007706,P008274,P005711,PI Harish Naik,Chargesheeted
FIR202502106,FIR/2106/2025,PS0157,Bidar,2025-10-11 03:24,2025-10-12 11:24,Assault,Grievous Hurt,"BNS 115(2), BNS 117(2)",17.817723,77.569693,P007645,P002180,P001457,PI Suresh Kulkarni,Under Investigation
FIR202504214,FIR/4214/2025,PS0219,Chamarajanagar,2025-10-11 04:58,2025-10-12 11:58,Cyber Crime,Phishing,"IT Act 66D, BNS 318(4)",11.859272,76.891304,P008828,P005817,P001652,PI Chetan Kumar,Under Investigation
FIR202501773,FIR/1773/2025,PS0112,Bengaluru Urban,2025-10-09 07:26,2025-10-12 12:26,Cyber Crime,Phishing,"IT Act 66D, BNS 318(4)",13.104136,77.610642,P001347,P005610,P003604,PI Harish Naik,Closed
FIR202504684,FIR/4684/2025,PS0086,Bengaluru Rural,2025-10-12 04:37,2025-10-12 13:37,Cyber Crime,Phishing,"IT Act 66D, BNS 318(4)",13.302792,77.479343,P001995,P001796,P006440,SI Prakash Sharma,Under Investigation
FIR202501217,FIR/1217/2025,PS0034,Ballari,2025-10-12 05:48,2025-10-12 16:48,Assault,Grievous Hurt,"BNS 115(2), BNS 117(2)",15.003469,77.08774,P000782,P000017,P003995,PI Lakshmi Devi,Under Investigation
FIR202504476,FIR/4476/2025,PS0097,Bengaluru Rural,2025-10-12 19:23,2025-10-12 20:23,Vehicle Theft,Car Theft,BNS 303(2),13.138488,77.498917,P006760,P006208,"P008508, P007250",SI Ganesh Rao,Chargesheeted
FIR202504864,FIR/4864/2025,PS0196,Chamarajanagar,2025-10-12 20:58,2025-10-12 21:58,POCSO,Harassment,"POCSO Act Sec 4, BNS 64",12.009435,76.939643,P005667,P003173,P005862,PI Harish Naik,Chargesheeted
FIR202501628,FIR/1628/2025,PS0062,Belagavi,2025-10-09 17:01,2025-10-12 22:01,Theft,House Theft,BNS 303(2),15.762537,74.502768,P001118,P002243,P003164,SI Divya Hegde,Chargesheeted
FIR202504639,FIR/4639/2025,PS0217,Chamarajanagar,2025-10-11 13:21,2025-10-12 22:21,Cyber Crime,Identity Theft,"IT Act 66D, BNS 318(4)",11.72392,76.880679,P002790,P002194,P003049,PI Chetan Kumar,Chargesheeted
FIR202503061,FIR/3061/2025,PS0066,Belagavi,2025-10-12 18:11,2025-10-12 23:11,Burglary,Night House Breaking,"BNS 331(3), BNS 331(4)",15.930813,74.62683,P008353,P006770,P006630,PI Suresh Kulkarni,Chargesheeted
FIR202504624,FIR/4624/2025,PS0219,Chamarajanagar,2025-10-12 13:47,2025-10-12 23:47,Murder,Gang Conflict,BNS 103(1),11.864251,76.867893,P002509,P006914,P001945,SI Ravi Kumar,Chargesheeted
FIR202502405,FIR/2405/2025,PS0029,Ballari,2025-10-12 22:09,2025-10-13 00:09,Robbery,Highway Robbery,BNS 309(4),14.966846,76.893524,P004945,P008889,P002462,PI Suresh Kulkarni,Chargesheeted
FIR202504562,FIR/4562/2025,PS0019,Bagalkote,2025-10-09 01:37,2025-10-13 03:37,POCSO,Harassment,"POCSO Act Sec 4, BNS 64",16.036012,75.87248,P007733,P002449,P001711,PI Chetan Kumar,Under Investigation
FIR202504243,FIR/4243/2025,PS0168,Bidar,2025-10-12 20:12,2025-10-13 04:12,Fraud,Land Scam,BNS 318(4),17.729002,77.664335,P006762,P001105,P007910,PI Ramesh Gowda,Chargesheeted
FIR202500002,FIR/0002/2025,PS0120,Bengaluru Urban,2025-10-11 02:56,2025-10-13 06:56,Dacoity,Bank Dacoity,BNS 310(2),13.121995,77.401661,P007584,P001718,P005626,PI Suresh Kulkarni,Chargesheeted
FIR202501824,FIR/1824/2025,PS0064,Belagavi,2025-10-10 05:07,2025-10-13 08:07,POCSO,Sexual Assault on Minor,"POCSO Act Sec 4, BNS 64",15.915962,74.320946,P003556,P008739,P001613,PI Naveen Patil,Untraced
FIR202503448,FIR/3448/2025,PS0148,Bengaluru Urban,2025-10-13 04:54,2025-10-13 08:54,Murder,Personal Enmity,BNS 103(1),12.849075,77.637786,P000060,P007104,P001665,PI Naveen Patil,Chargesheeted
FIR202504763,FIR/4763/2025,PS0026,Ballari,2025-10-13 06:51,2025-10-13 11:51,Burglary,Night House Breaking,"BNS 331(3), BNS 331(4)",15.216007,76.966805,P009224,P006113,P001062,PI Suresh Kulkarni,Under Investigation
FIR202502014,FIR/2014/2025,PS0036,Ballari,2025-10-11 11:26,2025-10-13 13:26,Fraud,Corporate Fraud,BNS 318(4),15.236954,76.747276,P002203,P003809,P008038,SI Mahesh Bhat,Chargesheeted
FIR202502977,FIR/2977/2025,PS0129,Bengaluru Urban,2025-10-09 10:46,2025-10-13 14:46,Cyber Crime,Financial Fraud,"IT Act 66D, BNS 318(4)",12.78693,77.780485,P000481,P005283,P006835,PI Suresh Kulkarni,Chargesheeted
FIR202504835,FIR/4835/2025,PS0145,Bengaluru Urban,2025-10-10 04:37,2025-10-13 15:37,Vehicle Theft,Two-Wheeler Theft,BNS 303(2),12.829886,77.590237,P004873,P001563,P007600,PI Harish Naik,Under Investigation
FIR202503897,FIR/3897/2025,PS0152,Bengaluru Urban,2025-10-10 15:22,2025-10-13 16:22,POCSO,Sexual Assault on Minor,"POCSO Act Sec 4, BNS 64",13.026911,77.384209,P000346,P001959,"P006793, P007935",SI Ravi Kumar,Chargesheeted
FIR202502031,FIR/2031/2025,PS0113,Bengaluru Urban,2025-10-12 15:32,2025-10-13 20:32,Vehicle Theft,Two-Wheeler Theft,BNS 303(2),13.148116,77.482392,P008976,P001594,P008805,PI Lakshmi Devi,Under Investigation
FIR202502240,FIR/2240/2025,PS0067,Belagavi,2025-10-13 13:06,2025-10-13 22:06,Assault,Public Affray,"BNS 115(2), BNS 117(2)",15.871957,74.695198,P009295,P009801,"P004158, P004821",PI Naveen Patil,Under Investigation
FIR202500097,FIR/0097/2025,PS0078,Bengaluru Rural,2025-10-13 15:20,2025-10-13 22:20,Theft,Snatching,BNS 303(2),13.132195,77.57103,P008197,P000974,P003310,PI Lakshmi Devi,Chargesheeted
FIR202500275,FIR/0275/2025,PS0108,Bengaluru Rural,2025-10-12 12:06,2025-10-14 00:06,Vehicle Theft,Two-Wheeler Theft,BNS 303(2),13.189977,77.443409,P009359,P001050,P005860,PI Suresh Kulkarni,Chargesheeted
FIR202502906,FIR/2906/2025,PS0118,Bengaluru Urban,2025-10-11 19:30,2025-10-14 01:30,Murder,Dowry Homicide,BNS 103(1),12.801206,77.706525,P009801,P000023,P005824,PI Suresh Kulkarni,Chargesheeted
FIR202504716,FIR/4716/2025,PS0073,Bengaluru Rural,2025-10-13 01:12,2025-10-14 02:12,POCSO,Harassment,"POCSO Act Sec 4, BNS 64",13.333985,77.592724,P003428,P000952,P004862,PI Harish Naik,Under Investigation
FIR202501972,FIR/1972/2025,PS0055,Belagavi,2025-10-09 02:00,2025-10-14 03:00,Burglary,Night House Breaking,"BNS 331(3), BNS 331(4)",15.833698,74.353088,P001836,P000110,P007339,SI Divya Hegde,Chargesheeted
FIR202503016,FIR/3016/2025,PS0143,Bengaluru Urban,2025-10-09 20:48,2025-10-14 03:48,POCSO,Sexual Assault on Minor,"POCSO Act Sec 4, BNS 64",12.808447,77.416014,P006941,P006980,P000361,PI Ramesh Gowda,Closed
FIR202500282,FIR/0282/2025,PS0090,Bengaluru Rural,2025-10-14 03:43,2025-10-14 04:43,POCSO,Harassment,"POCSO Act Sec 4, BNS 64",13.408253,77.466309,P004513,P003890,P005137,PI Lakshmi Devi,Chargesheeted
FIR202500621,FIR/0621/2025,PS0105,Bengaluru Rural,2025-10-14 05:10,2025-10-14 07:10,Cyber Crime,Financial Fraud,"IT Act 66D, BNS 318(4)",13.139444,77.659344,P008010,P004985,P007862,PI Lakshmi Devi,Under Investigation
FIR202501551,FIR/1551/2025,PS0066,Belagavi,2025-10-14 03:27,2025-10-14 09:27,Robbery,Highway Robbery,BNS 309(4),15.942626,74.642302,P007770,P005397,P000890,PI Suresh Kulkarni,Chargesheeted
FIR202504448,FIR/4448/2025,PS0142,Bengaluru Urban,2025-10-14 03:39,2025-10-14 11:39,Cyber Crime,Financial Fraud,"IT Act 66D, BNS 318(4)",13.083327,77.770206,P009465,P001227,P002773,PI Ramesh Gowda,Chargesheeted
FIR202500865,FIR/0865/2025,PS0171,Bidar,2025-10-12 09:56,2025-10-14 11:56,NDPS,Drug Trafficking,NDPS Act Sec 20(b),17.776646,77.550471,P001657,P004443,P008017,SI Mahesh Bhat,Chargesheeted
FIR202502186,FIR/2186/2025,PS0221,Chamarajanagar,2025-10-13 02:56,2025-10-14 12:56,Vehicle Theft,Two-Wheeler Theft,BNS 303(2),12.060263,77.081941,P005240,P006540,P000752,PI Naveen Patil,Under Investigation
FIR202501503,FIR/1503/2025,PS0027,Ballari,2025-10-14 09:34,2025-10-14 14:34,Cyber Crime,Financial Fraud,"IT Act 66D, BNS 318(4)",15.029828,77.068324,P003718,P003843,P006682,PI Harish Naik,Chargesheeted
FIR202502749,FIR/2749/2025,PS0054,Belagavi,2025-10-14 05:07,2025-10-14 17:07,Dacoity,Armed Dacoity,BNS 310(2),15.935241,74.712725,P006793,P001505,P004966,PI Chetan Kumar,Chargesheeted
FIR202501080,FIR/1080/2025,PS0230,Chamarajanagar,2025-10-11 15:11,2025-10-14 17:11,NDPS,Possession of Narcotics,NDPS Act Sec 20(b),11.768824,77.042882,P009134,P001619,P006792,PI Lakshmi Devi,Chargesheeted
FIR202502723,FIR/2723/2025,PS0057,Belagavi,2025-10-14 06:25,2025-10-14 17:25,Theft,Pocket Pick,BNS 303(2),15.67853,74.42657,P003402,P004226,P002343,SI Ganesh Rao,Chargesheeted
FIR202502776,FIR/2776/2025,PS0101,Bengaluru Rural,2025-10-14 10:41,2025-10-14 18:41,NDPS,Possession of Narcotics,NDPS Act Sec 20(b),13.255335,77.722727,P008839,P001291,P004111,PI Ramesh Gowda,Chargesheeted
FIR202503770,FIR/3770/2025,PS0132,Bengaluru Urban,2025-10-13 16:12,2025-10-14 19:12,Vehicle Theft,Car Theft,BNS 303(2),13.013904,77.662866,P009308,P003151,P000457,PI Suresh Kulkarni,Chargesheeted
FIR202500151,FIR/0151/2025,PS0109,Bengaluru Rural,2025-10-14 12:05,2025-10-14 22:05,Vehicle Theft,Car Theft,BNS 303(2),13.101572,77.586054,P003210,P009395,"P005726, P005169",PI Suresh Kulkarni,Chargesheeted
FIR202502335,FIR/2335/2025,PS0034,Ballari,2025-10-12 16:11,2025-10-14 22:11,Dacoity,Bank Dacoity,BNS 310(2),15.000069,77.093649,P009137,P001768,P000007,SI Mahesh Bhat,Untraced
FIR202502868,FIR/2868/2025,PS0200,Chamarajanagar,2025-10-14 13:06,2025-10-15 01:06,Cyber Crime,Financial Fraud,"IT Act 66D, BNS 318(4)",11.783442,77.017242,P008154,P009106,P000268,PI Harish Naik,Untraced
FIR202501159,FIR/1159/2025,PS0211,Chamarajanagar,2025-10-09 19:04,2025-10-15 02:04,Cyber Crime,Identity Theft,"IT Act 66D, BNS 318(4)",11.839326,77.070557,P007259,P004324,P004946,SI Prakash Sharma,Chargesheeted
FIR202504331,FIR/4331/2025,PS0150,Bengaluru Urban,2025-10-13 15:19,2025-10-15 02:19,Theft,Pocket Pick,BNS 303(2),13.071192,77.698522,P005618,P006625,P005231,PI Lakshmi Devi,Chargesheeted
FIR202500578,FIR/0578/2025,PS0140,Bengaluru Urban,2025-10-14 20:17,2025-10-15 04:17,NDPS,Possession of Narcotics,NDPS Act Sec 20(b),13.026811,77.6545,P009020,P008988,P005719,PI Harish Naik,Chargesheeted
FIR202502218,FIR/2218/2025,PS0006,Bagalkote,2025-10-14 22:05,2025-10-15 05:05,Burglary,Day Burglary,"BNS 331(3), BNS 331(4)",16.376374,75.740465,P004796,P000863,P005487,PI Harish Naik,Chargesheeted
FIR202504032,FIR/4032/2025,PS0170,Bidar,2025-10-15 02:33,2025-10-15 07:33,Fraud,Cheating,BNS 318(4),17.895627,77.369752,P006072,P006319,P003765,SI Mahesh Bhat,Untraced
FIR202503298,FIR/3298/2025,PS0053,Belagavi,2025-10-12 06:12,2025-10-15 08:12,Dacoity,Bank Dacoity,BNS 310(2),15.862742,74.32529,P005212,P008869,P008385,SI Prakash Sharma,Chargesheeted
FIR202503427,FIR/3427/2025,PS0059,Belagavi,2025-10-15 08:12,2025-10-15 10:12,Burglary,Night House Breaking,"BNS 331(3), BNS 331(4)",15.825097,74.50576,P005327,P003193,P002340,PI Chetan Kumar,Untraced
FIR202502120,FIR/2120/2025,PS0064,Belagavi,2025-10-15 05:15,2025-10-15 11:15,Burglary,Day Burglary,"BNS 331(3), BNS 331(4)",15.921035,74.342896,P005563,P003396,P004859,PI Lakshmi Devi,Under Investigation
FIR202501872,FIR/1872/2025,PS0173,Bidar,2025-10-12 06:00,2025-10-15 16:00,Murder,Gang Conflict,BNS 103(1),17.742442,77.600117,P005220,P003827,P004614,PI Ramesh Gowda,Chargesheeted
FIR202501109,FIR/1109/2025,PS0154,Bidar,2025-10-15 13:09,2025-10-15 16:09,Assault,Simple Assault,"BNS 115(2), BNS 117(2)",17.887395,77.428383,P001222,P007082,"P002449, P004487",PI Harish Naik,Under Investigation
FIR202500744,FIR/0744/2025,PS0056,Belagavi,2025-10-15 08:00,2025-10-15 19:00,Theft,House Theft,BNS 303(2),15.746868,74.597807,P003809,P000794,P002171,SI Ravi Kumar,Under Investigation
FIR202501751,FIR/1751/2025,PS0105,Bengaluru Rural,2025-10-13 15:59,2025-10-15 19:59,Assault,Public Affray,"BNS 115(2), BNS 117(2)",13.142445,77.657686,P009993,P007890,P001508,PI Naveen Patil,Chargesheeted
FIR202503769,FIR/3769/2025,PS0098,Bengaluru Rural,2025-10-13 08:47,2025-10-15 20:47,Dacoity,Bank Dacoity,BNS 310(2),13.281363,77.746621,P003643,P000895,P006291,PI Ramesh Gowda,Chargesheeted
FIR202501918,FIR/1918/2025,PS0083,Bengaluru Rural,2025-10-15 14:58,2025-10-15 20:58,Burglary,Day Burglary,"BNS 331(3), BNS 331(4)",13.268903,77.553097,P007473,P009808,P001658,SI Divya Hegde,Under Investigation
FIR202502929,FIR/2929/2025,PS0195,Chamarajanagar,2025-10-12 15:14,2025-10-15 22:14,Theft,Snatching,BNS 303(2),11.856858,77.041485,P003799,P006916,P007267,PI Chetan Kumar,Closed
FIR202500815,FIR/0815/2025,PS0080,Bengaluru Rural,2025-10-14 21:06,2025-10-16 06:06,Assault,Grievous Hurt,"BNS 115(2), BNS 117(2)",13.395689,77.583544,P003294,P001286,P002418,PI Suresh Kulkarni,Chargesheeted
FIR202501125,FIR/1125/2025,PS0078,Bengaluru Rural,2025-10-15 22:50,2025-10-16 06:50,Cyber Crime,Financial Fraud,"IT Act 66D, BNS 318(4)",13.140077,77.570366,P003898,P007069,P009473,PI Suresh Kulkarni,Chargesheeted
FIR202501296,FIR/1296/2025,PS0036,Ballari,2025-10-13 06:54,2025-10-16 07:54,Assault,Public Affray,"BNS 115(2), BNS 117(2)",15.23933,76.757597,P005092,P004103,"P008114, P002004",PI Chetan Kumar,Chargesheeted
FIR202503958,FIR/3958/2025,PS0237,Chikkaballapura,2025-10-12 22:11,2025-10-16 08:11,Vehicle Theft,Car Theft,BNS 303(2),13.341961,77.657537,P000453,P006102,"P008856, P003962",SI Mahesh Bhat,Under Investigation
FIR202503176,FIR/3176/2025,PS0216,Chamarajanagar,2025-10-15 02:25,2025-10-16 08:25,Vehicle Theft,Two-Wheeler Theft,BNS 303(2),11.765406,76.96849,P001228,P000853,P002386,SI Divya Hegde,Chargesheeted
FIR202501898,FIR/1898/2025,PS0167,Bidar,2025-10-16 08:14,2025-10-16 09:14,Robbery,Highway Robbery,BNS 309(4),18.042597,77.440133,P009959,P001025,P006248,PI Ramesh Gowda,Under Investigation
FIR202504456,FIR/4456/2025,PS0005,Bagalkote,2025-10-16 03:05,2025-10-16 10:05,Dacoity,Bank Dacoity,BNS 310(2),16.16958,75.595565,P000785,P004718,P007159,PI Ramesh Gowda,Under Investigation
FIR202501890,FIR/1890/2025,PS0090,Bengaluru Rural,2025-10-16 04:16,2025-10-16 10:16,Burglary,Night House Breaking,"BNS 331(3), BNS 331(4)",13.430294,77.486081,P003780,P009575,P009507,PI Lakshmi Devi,Under Investigation
FIR202504832,FIR/4832/2025,PS0104,Bengaluru Rural,2025-10-16 12:56,2025-10-16 13:56,Burglary,Night House Breaking,"BNS 331(3), BNS 331(4)",13.429706,77.561985,P006034,P006026,P000558,SI Mahesh Bhat,Chargesheeted
FIR202501037,FIR/1037/2025,PS0157,Bidar,2025-10-13 04:08,2025-10-16 14:08,POCSO,Harassment,"POCSO Act Sec 4, BNS 64",17.813729,77.566657,P003879,P007962,P002192,PI Ramesh Gowda,Under Investigation
FIR202500544,FIR/0544/2025,PS0185,Bidar,2025-10-14 07:29,2025-10-16 14:29,Vehicle Theft,Car Theft,BNS 303(2),17.876492,77.524007,P008695,P009721,P007137,SI Divya Hegde,Under Investigation
FIR202503924,FIR/3924/2025,PS0138,Bengaluru Urban,2025-10-15 12:16,2025-10-16 17:16,Dacoity,Bank Dacoity,BNS 310(2),13.148056,77.468531,P003725,P009798,P003750,PI Suresh Kulkarni,Chargesheeted
FIR202504082,FIR/4082/2025,PS0215,Chamarajanagar,2025-10-13 06:48,2025-10-16 17:48,NDPS,Possession of Narcotics,NDPS Act Sec 20(b),11.869894,76.965854,P003949,P008290,P005660,PI Naveen Patil,Under Investigation
FIR202500654,FIR/0654/2025,PS0150,Bengaluru Urban,2025-10-14 17:02,2025-10-16 20:02,Cyber Crime,Financial Fraud,"IT Act 66D, BNS 318(4)",13.069399,77.71175,P006043,P003684,P009665,SI Ravi Kumar,Chargesheeted
FIR202503039,FIR/3039/2025,PS0200,Chamarajanagar,2025-10-12 16:41,2025-10-16 20:41,Cyber Crime,Identity Theft,"IT Act 66D, BNS 318(4)",11.808642,77.025136,P001722,P009818,P006380,SI Mahesh Bhat,Chargesheeted
FIR202501823,FIR/1823/2025,PS0073,Bengaluru Rural,2025-10-14 15:46,2025-10-16 22:46,Assault,Grievous Hurt,"BNS 115(2), BNS 117(2)",13.348261,77.587037,P000650,P006362,P006120,PI Chetan Kumar,Under Investigation
FIR202504283,FIR/4283/2025,PS0219,Chamarajanagar,2025-10-16 14:49,2025-10-16 22:49,Dacoity,Bank Dacoity,BNS 310(2),11.87691,76.878617,P002178,P000006,P005599,SI Mahesh Bhat,Chargesheeted
FIR202502696,FIR/2696/2025,PS0135,Bengaluru Urban,2025-10-16 23:38,2025-10-17 01:38,Theft,House Theft,BNS 303(2),12.919945,77.464649,P002202,P000140,P009005,PI Naveen Patil,Under Investigation
FIR202504162,FIR/4162/2025,PS0240,Chikkaballapura,2025-10-16 17:37,2025-10-17 03:37,Theft,Pocket Pick,BNS 303(2),13.392678,77.795093,P001185,P005318,"P005063, P002630",SI Ganesh Rao,Chargesheeted
FIR202500566,FIR/0566/2025,PS0204,Chamarajanagar,2025-10-15 18:41,2025-10-17 06:41,Theft,Pocket Pick,BNS 303(2),12.036589,77.076277,P005857,P005373,P007519,SI Ganesh Rao,Chargesheeted
FIR202502421,FIR/2421/2025,PS0181,Bidar,2025-10-17 06:09,2025-10-17 07:09,Burglary,Night House Breaking,"BNS 331(3), BNS 331(4)",18.012326,77.416702,P003157,P008973,P004749,SI Prakash Sharma,Under Investigation
FIR202501010,FIR/1010/2025,PS0062,Belagavi,2025-10-12 04:28,2025-10-17 07:28,Assault,Grievous Hurt,"BNS 115(2), BNS 117(2)",15.763344,74.483024,P001287,P002342,P000967,PI Naveen Patil,Under Investigation
FIR202504875,FIR/4875/2025,PS0171,Bidar,2025-10-16 02:33,2025-10-17 08:33,Burglary,Day Burglary,"BNS 331(3), BNS 331(4)",17.754958,77.580004,P003420,P006843,P002188,PI Chetan Kumar,Chargesheeted
FIR202500682,FIR/0682/2025,PS0243,Chikkaballapura,2025-10-15 03:47,2025-10-17 10:47,Robbery,Chain Snatching with Force,BNS 309(4),13.438636,77.879471,P003820,P003704,P008382,PI Naveen Patil,Chargesheeted
FIR202501916,FIR/1916/2025,PS0214,Chamarajanagar,2025-10-16 23:03,2025-10-17 11:03,Murder,Gang Conflict,BNS 103(1),11.939007,76.853301,P004865,P005585,"P000748, P001102",SI Ravi Kumar,Untraced
FIR202502354,FIR/2354/2025,PS0190,Bidar,2025-10-17 07:59,2025-10-17 11:59,Assault,Public Affray,"BNS 115(2), BNS 117(2)",17.735054,77.587866,P000624,P009831,"P001779, P003144",SI Ganesh Rao,Chargesheeted
FIR202501698,FIR/1698/2025,PS0004,Bagalkote,2025-10-17 08:31,2025-10-17 12:31,Murder,Gang Conflict,BNS 103(1),16.0142,75.705715,P008479,P007842,P004715,PI Chetan Kumar,Chargesheeted
FIR202504830,FIR/4830/2025,PS0088,Bengaluru Rural,2025-10-14 07:04,2025-10-17 14:04,Vehicle Theft,Two-Wheeler Theft,BNS 303(2),13.044662,77.393506,P000209,P005543,P002252,PI Chetan Kumar,Under Investigation
FIR202504130,FIR/4130/2025,PS0004,Bagalkote,2025-10-16 05:20,2025-10-17 14:20,Burglary,Night House Breaking,"BNS 331(3), BNS 331(4)",16.027341,75.703583,P004179,P003007,P009890,PI Lakshmi Devi,Chargesheeted
FIR202501149,FIR/1149/2025,PS0109,Bengaluru Rural,2025-10-17 07:44,2025-10-17 14:44,Vehicle Theft,Car Theft,BNS 303(2),13.116849,77.593885,P004976,P008787,P007819,PI Ramesh Gowda,Chargesheeted
FIR202503006,FIR/3006/2025,PS0188,Bidar,2025-10-16 14:55,2025-10-17 15:55,Assault,Grievous Hurt,"BNS 115(2), BNS 117(2)",17.937221,77.713369,P006217,P005774,P008203,PI Suresh Kulkarni,Chargesheeted
FIR202502653,FIR/2653/2025,PS0035,Ballari,2025-10-13 15:09,2025-10-17 19:09,Robbery,Highway Robbery,BNS 309(4),15.246829,76.847579,P001566,P002451,P003601,PI Naveen Patil,Untraced
FIR202504614,FIR/4614/2025,PS0076,Bengaluru Rural,2025-10-12 15:17,2025-10-17 19:17,Fraud,Cheating,BNS 318(4),13.334531,77.754961,P002302,P005973,P008192,SI Prakash Sharma,Chargesheeted
FIR202504426,FIR/4426/2025,PS0214,Chamarajanagar,2025-10-17 08:43,2025-10-17 20:43,Murder,Personal Enmity,BNS 103(1),11.927522,76.855755,P007040,P009962,P003031,PI Harish Naik,Chargesheeted
FIR202503842,FIR/3842/2025,PS0231,Chamarajanagar,2025-10-17 02:47,2025-10-18 03:47,Dacoity,Bank Dacoity,BNS 310(2),11.954568,77.032939,P007554,P003198,P009920,PI Suresh Kulkarni,Under Investigation
FIR202503813,FIR/3813/2025,PS0071,Bengaluru Rural,2025-10-17 17:31,2025-10-18 05:31,Murder,Personal Enmity,BNS 103(1),13.043581,77.49629,P005993,P009491,P003468,PI Ramesh Gowda,Under Investigation
FIR202503410,FIR/3410/2025,PS0215,Chamarajanagar,2025-10-16 22:13,2025-10-18 07:13,Cyber Crime,Phishing,"IT Act 66D, BNS 318(4)",11.879387,76.958179,P005923,P006151,P001995,SI Prakash Sharma,Under Investigation
FIR202503425,FIR/3425/2025,PS0135,Bengaluru Urban,2025-10-17 05:14,2025-10-18 09:14,Fraud,Land Scam,BNS 318(4),12.908907,77.46511,P008676,P007855,P000251,SI Ravi Kumar,Chargesheeted
FIR202501079,FIR/1079/2025,PS0189,Bidar,2025-10-18 01:33,2025-10-18 09:33,Assault,Grievous Hurt,"BNS 115(2), BNS 117(2)",17.913159,77.386343,P008687,P009590,P003721,SI Ravi Kumar,Chargesheeted
FIR202503456,FIR/3456/2025,PS0152,Bengaluru Urban,2025-10-18 01:02,2025-10-18 11:02,Theft,House Theft,BNS 303(2),13.025085,77.407235,P005624,P000775,P006342,SI Divya Hegde,Chargesheeted
FIR202503866,FIR/3866/2025,PS0149,Bengaluru Urban,2025-10-17 10:45,2025-10-18 11:45,POCSO,Harassment,"POCSO Act Sec 4, BNS 64",13.075623,77.468715,P009772,P006934,P005100,PI Harish Naik,Chargesheeted
FIR202502093,FIR/2093/2025,PS0134,Bengaluru Urban,2025-10-17 01:27,2025-10-18 12:27,Vehicle Theft,Car Theft,BNS 303(2),12.822284,77.635561,P007112,P002467,P009526,SI Mahesh Bhat,Under Investigation
FIR202500944,FIR/0944/2025,PS0170,Bidar,2025-10-18 11:45,2025-10-18 13:45,Dacoity,Bank Dacoity,BNS 310(2),17.900302,77.369022,P004770,P004824,P001661,SI Divya Hegde,Chargesheeted
FIR202502817,FIR/2817/2025,PS0169,Bidar,2025-10-18 04:29,2025-10-18 14:29,Assault,Simple Assault,"BNS 115(2), BNS 117(2)",18.010621,77.690603,P005703,P007416,P004642,PI Lakshmi Devi,Chargesheeted
FIR202500894,FIR/0894/2025,PS0076,Bengaluru Rural,2025-10-18 09:44,2025-10-18 16:44,Assault,Simple Assault,"BNS 115(2), BNS 117(2)",13.307509,77.744715,P009123,P006823,P001194,PI Naveen Patil,Chargesheeted
FIR202503982,FIR/3982/2025,PS0159,Bidar,2025-10-15 15:15,2025-10-18 18:15,Assault,Grievous Hurt,"BNS 115(2), BNS 117(2)",18.063617,77.509329,P006525,P002232,P007518,PI Naveen Patil,Chargesheeted
FIR202503539,FIR/3539/2025,PS0075,Bengaluru Rural,2025-10-18 09:24,2025-10-18 19:24,Murder,Gang Conflict,BNS 103(1),13.198431,77.508804,P004406,P007930,P003535,SI Prakash Sharma,Under Investigation
FIR202501065,FIR/1065/2025,PS0174,Bidar,2025-10-14 14:57,2025-10-18 19:57,Dacoity,Bank Dacoity,BNS 310(2),17.875455,77.579283,P009610,P009248,P002332,PI Ramesh Gowda,Chargesheeted
FIR202504690,FIR/4690/2025,PS0123,Bengaluru Urban,2025-10-16 11:18,2025-10-18 20:18,Vehicle Theft,Car Theft,BNS 303(2),13.034949,77.485553,P000642,P002139,P004691,PI Harish Naik,Closed
FIR202503667,FIR/3667/2025,PS0242,Chikkaballapura,2025-10-18 13:49,2025-10-18 20:49,Theft,Snatching,BNS 303(2),13.275397,77.851167,P005470,P008409,P009873,PI Chetan Kumar,Under Investigation
FIR202504306,FIR/4306/2025,PS0075,Bengaluru Rural,2025-10-18 22:07,2025-10-19 01:07,Robbery,Chain Snatching with Force,BNS 309(4),13.197399,77.517633,P004806,P003335,P002408,PI Naveen Patil,Chargesheeted
FIR202502750,FIR/2750/2025,PS0040,Ballari,2025-10-15 18:06,2025-10-19 02:06,Burglary,Night House Breaking,"BNS 331(3), BNS 331(4)",15.330894,76.838839,P006346,P002137,P001094,SI Prakash Sharma,Under Investigation
FIR202503964,FIR/3964/2025,PS0014,Bagalkote,2025-10-16 18:00,2025-10-19 04:00,Vehicle Theft,Two-Wheeler Theft,BNS 303(2),16.287799,75.829077,P001391,P002649,P002091,SI Ganesh Rao,Under Investigation
FIR202500464,FIR/0464/2025,PS0225,Chamarajanagar,2025-10-19 01:44,2025-10-19 04:44,Vehicle Theft,Two-Wheeler Theft,BNS 303(2),11.999212,76.765123,P008607,P001252,P009835,SI Ravi Kumar,Closed
FIR202501275,FIR/1275/2025,PS0119,Bengaluru Urban,2025-10-18 20:02,2025-10-19 06:02,Vehicle Theft,Car Theft,BNS 303(2),12.832204,77.765392,P006875,P006727,P009823,PI Lakshmi Devi,Chargesheeted
FIR202504599,FIR/4599/2025,PS0082,Bengaluru Rural,2025-10-18 21:40,2025-10-19 06:40,NDPS,Possession of Narcotics,NDPS Act Sec 20(b),13.343924,77.429306,P008918,P008598,P001528,PI Suresh Kulkarni,Chargesheeted
FIR202501350,FIR/1350/2025,PS0028,Ballari,2025-10-17 20:40,2025-10-19 07:40,Robbery,Highway Robbery,BNS 309(4),15.027956,76.867398,P005935,P001512,P001103,PI Ramesh Gowda,Under Investigation
FIR202503805,FIR/3805/2025,PS0075,Bengaluru Rural,2025-10-18 02:08,2025-10-19 11:08,Burglary,Night House Breaking,"BNS 331(3), BNS 331(4)",13.21635,77.536909,P000477,P004557,P001493,SI Mahesh Bhat,Under Investigation
FIR202504675,FIR/4675/2025,PS0206,Chamarajanagar,2025-10-19 09:16,2025-10-19 18:16,Murder,Dowry Homicide,BNS 103(1),11.838054,77.12067,P007953,P002119,P006242,PI Chetan Kumar,Untraced
FIR202502447,FIR/2447/2025,PS0056,Belagavi,2025-10-19 09:49,2025-10-19 19:49,Assault,Public Affray,"BNS 115(2), BNS 117(2)",15.757509,74.598963,P006836,P007193,P002841,PI Lakshmi Devi,Under Investigation
FIR202503388,FIR/3388/2025,PS0069,Belagavi,2025-10-18 15:49,2025-10-19 20:49,POCSO,Harassment,"POCSO Act Sec 4, BNS 64",15.833526,74.361625,P007232,P003861,P007834,PI Naveen Patil,Under Investigation
FIR202501748,FIR/1748/2025,PS0108,Bengaluru Rural,2025-10-19 12:58,2025-10-19 20:58,Assault,Simple Assault,"BNS 115(2), BNS 117(2)",13.197409,77.464307,P005181,P009617,P001315,SI Ganesh Rao,Under Investigation
FIR202502305,FIR/2305/2025,PS0250,Chikkaballapura,2025-10-17 12:27,2025-10-19 22:27,Cyber Crime,Identity Theft,"IT Act 66D, BNS 318(4)",13.540708,77.82159,P009091,P007927,P002973,PI Suresh Kulkarni,Chargesheeted
FIR202500558,FIR/0558/2025,PS0013,Bagalkote,2025-10-18 15:51,2025-10-20 02:51,Assault,Grievous Hurt,"BNS 115(2), BNS 117(2)",16.166265,75.675031,P007611,P003132,P000457,PI Lakshmi Devi,Untraced
FIR202500314,FIR/0314/2025,PS0034,Ballari,2025-10-20 00:00,2025-10-20 07:00,Burglary,Night House Breaking,"BNS 331(3), BNS 331(4)",15.004063,77.078242,P005428,P000072,P008069,PI Chetan Kumar,Chargesheeted
FIR202502428,FIR/2428/2025,PS0009,Bagalkote,2025-10-19 01:04,2025-10-20 10:04,Cyber Crime,Financial Fraud,"IT Act 66D, BNS 318(4)",16.0883,75.777727,P006337,P005319,P000288,SI Ravi Kumar,Under Investigation
FIR202504242,FIR/4242/2025,PS0167,Bidar,2025-10-20 02:05,2025-10-20 10:05,Assault,Grievous Hurt,"BNS 115(2), BNS 117(2)",18.05186,77.442088,P000616,P003818,P004363,SI Ganesh Rao,Chargesheeted
FIR202503967,FIR/3967/2025,PS0235,Chikkaballapura,2025-10-20 04:08,2025-10-20 10:08,Murder,Gang Conflict,BNS 103(1),13.277979,77.538532,P003342,P002540,P000455,PI Lakshmi Devi,Chargesheeted
FIR202503135,FIR/3135/2025,PS0222,Chamarajanagar,2025-10-18 01:07,2025-10-20 13:07,Dacoity,Armed Dacoity,BNS 310(2),11.905175,76.742185,P006994,P000089,P004098,SI Prakash Sharma,Chargesheeted
FIR202500104,FIR/0104/2025,PS0008,Bagalkote,2025-10-20 12:41,2025-10-20 14:41,Burglary,Night House Breaking,"BNS 331(3), BNS 331(4)",16.268753,75.533608,P006699,P009840,"P000394, P009277",SI Prakash Sharma,Closed
FIR202501209,FIR/1209/2025,PS0184,Bidar,2025-10-18 07:14,2025-10-20 15:14,Assault,Grievous Hurt,"BNS 115(2), BNS 117(2)",17.924435,77.604212,P009946,P001547,P009325,PI Suresh Kulkarni,Under Investigation
FIR202502075,FIR/2075/2025,PS0176,Bidar,2025-10-20 06:35,2025-10-20 15:35,Assault,Grievous Hurt,"BNS 115(2), BNS 117(2)",17.77033,77.549854,P006755,P000012,P002649,SI Divya Hegde,Untraced
FIR202502773,FIR/2773/2025,PS0132,Bengaluru Urban,2025-10-15 15:33,2025-10-20 17:33,Vehicle Theft,Car Theft,BNS 303(2),13.016763,77.672319,P005287,P008232,"P007953, P005081",SI Ganesh Rao,Chargesheeted
FIR202500963,FIR/0963/2025,PS0142,Bengaluru Urban,2025-10-19 06:37,2025-10-20 18:37,Theft,Snatching,BNS 303(2),13.110346,77.740503,P004325,P001348,"P000470, P007654",SI Ravi Kumar,Under Investigation
FIR202500400,FIR/0400/2025,PS0048,Belagavi,2025-10-20 16:12,2025-10-20 22:12,Theft,Pocket Pick,BNS 303(2),15.720618,74.468129,P003104,P008746,P000333,SI Ganesh Rao,Chargesheeted
FIR202501815,FIR/1815/2025,PS0048,Belagavi,2025-10-20 14:31,2025-10-20 22:31,Cyber Crime,Phishing,"IT Act 66D, BNS 318(4)",15.720128,74.496362,P002823,P002096,P009279,PI Lakshmi Devi,Chargesheeted
FIR202504546,FIR/4546/2025,PS0195,Chamarajanagar,2025-10-20 18:32,2025-10-20 22:32,Cyber Crime,Identity Theft,"IT Act 66D, BNS 318(4)",11.893651,77.077541,P002165,P001485,P005332,SI Divya Hegde,Chargesheeted
FIR202502987,FIR/2987/2025,PS0145,Bengaluru Urban,2025-10-17 22:48,2025-10-21 00:48,Murder,Gang Conflict,BNS 103(1),12.820274,77.587942,P003766,P001479,P008155,SI Mahesh Bhat,Under Investigation
FIR202504821,FIR/4821/2025,PS0108,Bengaluru Rural,2025-10-20 12:53,2025-10-21 00:53,Cyber Crime,Financial Fraud,"IT Act 66D, BNS 318(4)",13.179005,77.436035,P009058,P005285,P006045,PI Suresh Kulkarni,Under Investigation
FIR202501540,FIR/1540/2025,PS0191,Bidar,2025-10-19 18:33,2025-10-21 02:33,Assault,Public Affray,"BNS 115(2), BNS 117(2)",17.934015,77.372116,P003654,P004423,P005688,PI Suresh Kulkarni,Under Investigation
FIR202502725,FIR/2725/2025,PS0240,Chikkaballapura,2025-10-20 16:35,2025-10-21 02:35,Assault,Public Affray,"BNS 115(2), BNS 117(2)",13.396513,77.807576,P005887,P005740,P008236,PI Chetan Kumar,Under Investigation
FIR202504635,FIR/4635/2025,PS0008,Bagalkote,2025-10-21 00:36,2025-10-21 02:36,Cyber Crime,Financial Fraud,"IT Act 66D, BNS 318(4)",16.260439,75.500064,P004888,P001187,P003925,PI Lakshmi Devi,Under Investigation
FIR202500529,FIR/0529/2025,PS0061,Belagavi,2025-10-18 02:57,2025-10-21 04:57,Burglary,Night House Breaking,"BNS 331(3), BNS 331(4)",16.012045,74.40715,P005107,P003688,"P002787, P008821",SI Prakash Sharma,Closed
FIR202500180,FIR/0180/2025,PS0163,Bidar,2025-10-21 02:43,2025-10-21 05:43,Dacoity,Bank Dacoity,BNS 310(2),17.916717,77.584974,P001615,P002290,P007385,PI Ramesh Gowda,Under Investigation
FIR202501276,FIR/1276/2025,PS0169,Bidar,2025-10-20 04:15,2025-10-21 06:15,Fraud,Cheating,BNS 318(4),17.994317,77.701775,P003508,P000930,P004403,SI Divya Hegde,Chargesheeted
FIR202502436,FIR/2436/2025,PS0051,Belagavi,2025-10-17 23:37,2025-10-21 06:37,Burglary,Day Burglary,"BNS 331(3), BNS 331(4)",15.996638,74.518658,P003463,P009174,P000441,SI Mahesh Bhat,Under Investigation
FIR202503457,FIR/3457/2025,PS0156,Bidar,2025-10-20 23:51,2025-10-21 07:51,Assault,Public Affray,"BNS 115(2), BNS 117(2)",18.006995,77.509294,P000670,P006387,"P003424, P008487",PI Chetan Kumar,Under Investigation
FIR202500351,FIR/0351/2025,PS0173,Bidar,2025-10-19 22:11,2025-10-21 08:11,Cyber Crime,Financial Fraud,"IT Act 66D, BNS 318(4)",17.737768,77.590296,P002002,P008551,P005838,PI Ramesh Gowda,Under Investigation
FIR202502626,FIR/2626/2025,PS0020,Bagalkote,2025-10-20 21:58,2025-10-21 09:58,NDPS,Drug Trafficking,NDPS Act Sec 20(b),16.269481,75.592156,P005271,P006282,P001913,SI Ravi Kumar,Chargesheeted
FIR202502476,FIR/2476/2025,PS0178,Bidar,2025-10-21 02:58,2025-10-21 09:58,Assault,Public Affray,"BNS 115(2), BNS 117(2)",17.888159,77.476138,P007903,P002853,P005080,PI Chetan Kumar,Chargesheeted
FIR202501699,FIR/1699/2025,PS0034,Ballari,2025-10-21 02:03,2025-10-21 11:03,Assault,Grievous Hurt,"BNS 115(2), BNS 117(2)",14.986415,77.080237,P007667,P004616,P009823,PI Chetan Kumar,Chargesheeted
FIR202501936,FIR/1936/2025,PS0018,Bagalkote,2025-10-20 03:12,2025-10-21 11:12,Robbery,Highway Robbery,BNS 309(4),16.207749,75.795782,P000019,P003020,P009161,SI Ravi Kumar,Chargesheeted
FIR202500986,FIR/0986/2025,PS0029,Ballari,2025-10-19 04:13,2025-10-21 12:13,Assault,Grievous Hurt,"BNS 115(2), BNS 117(2)",14.994444,76.877269,P001154,P002967,P001388,SI Prakash Sharma,Chargesheeted
FIR202502951,FIR/2951/2025,PS0180,Bidar,2025-10-21 00:59,2025-10-21 12:59,NDPS,Drug Trafficking,NDPS Act Sec 20(b),18.046675,77.434011,P005568,P000809,P008771,SI Ganesh Rao,Chargesheeted
FIR202504319,FIR/4319/2025,PS0184,Bidar,2025-10-20 07:03,2025-10-21 13:03,Fraud,Cheating,BNS 318(4),17.924141,77.638958,P006996,P001092,P002957,PI Chetan Kumar,Under Investigation
FIR202501902,FIR/1902/2025,PS0114,Bengaluru Urban,2025-10-21 08:00,2025-10-21 14:00,Vehicle Theft,Car Theft,BNS 303(2),12.987656,77.759627,P008707,P002672,P002396,SI Ravi Kumar,Untraced
FIR202501423,FIR/1423/2025,PS0164,Bidar,2025-10-18 11:08,2025-10-21 16:08,Assault,Simple Assault,"BNS 115(2), BNS 117(2)",17.96386,77.47748,P002897,P001447,"P009593, P008640",PI Naveen Patil,Under Investigation
FIR202503316,FIR/3316/2025,PS0084,Bengaluru Rural,2025-10-21 15:39,2025-10-21 16:39,Assault,Simple Assault,"BNS 115(2), BNS 117(2)",13.166217,77.57356,P001152,P000280,P007290,SI Prakash Sharma,Chargesheeted
FIR202503091,FIR/3091/2025,PS0167,Bidar,2025-10-20 17:29,2025-10-21 19:29,Assault,Grievous Hurt,"BNS 115(2), BNS 117(2)",18.02597,77.420145,P002991,P001595,P006727,SI Prakash Sharma,Under Investigation
FIR202503299,FIR/3299/2025,PS0036,Ballari,2025-10-20 11:37,2025-10-21 19:37,Fraud,Cheating,BNS 318(4),15.271369,76.746123,P009423,P009050,P000068,SI Ganesh Rao,Chargesheeted
FIR202503801,FIR/3801/2025,PS0187,Bidar,2025-10-21 17:05,2025-10-21 20:05,Assault,Grievous Hurt,"BNS 115(2), BNS 117(2)",17.964619,77.698189,P001863,P002331,P001950,SI Prakash Sharma,Chargesheeted
FIR202503874,FIR/3874/2025,PS0211,Chamarajanagar,2025-10-18 22:03,2025-10-22 00:03,Assault,Public Affray,"BNS 115(2), BNS 117(2)",11.820215,77.058657,P009547,P000589,P007614,PI Lakshmi Devi,Chargesheeted
FIR202503751,FIR/3751/2025,PS0134,Bengaluru Urban,2025-10-17 22:53,2025-10-22 03:53,Vehicle Theft,Two-Wheeler Theft,BNS 303(2),12.793252,77.646026,P002258,P000545,P000727,PI Suresh Kulkarni,Chargesheeted
FIR202503045,FIR/3045/2025,PS0013,Bagalkote,2025-10-19 20:52,2025-10-22 07:52,Dacoity,Armed Dacoity,BNS 310(2),16.155287,75.646283,P009700,P002745,P008203,PI Chetan Kumar,Chargesheeted
FIR202500873,FIR/0873/2025,PS0029,Ballari,2025-10-22 00:48,2025-10-22 08:48,Dacoity,Bank Dacoity,BNS 310(2),14.959945,76.896323,P007575,P000443,P004119,PI Ramesh Gowda,Chargesheeted
FIR202504567,FIR/4567/2025,PS0022,Bagalkote,2025-10-22 06:55,2025-10-22 09:55,Robbery,Highway Robbery,BNS 309(4),16.24959,75.611976,P005851,P009836,"P000154, P000069",SI Ganesh Rao,Under Investigation
FIR202502404,FIR/2404/2025,PS0121,Bengaluru Urban,2025-10-22 05:08,2025-10-22 14:08,Theft,Snatching,BNS 303(2),13.066409,77.487925,P003058,P004553,P004722,PI Harish Naik,Untraced
FIR202504592,FIR/4592/2025,PS0159,Bidar,2025-10-22 09:18,2025-10-22 14:18,Fraud,Land Scam,BNS 318(4),18.047232,77.479372,P003133,P005819,P006740,PI Ramesh Gowda,Closed
FIR202500877,FIR/0877/2025,PS0213,Chamarajanagar,2025-10-22 07:50,2025-10-22 14:50,Robbery,Chain Snatching with Force,BNS 309(4),12.028524,76.937258,P007842,P001180,P008863,PI Chetan Kumar,Chargesheeted
FIR202500531,FIR/0531/2025,PS0014,Bagalkote,2025-10-21 06:09,2025-10-22 16:09,NDPS,Possession of Narcotics,NDPS Act Sec 20(b),16.308136,75.843078,P001881,P005054,P006631,PI Harish Naik,Under Investigation
FIR202503199,FIR/3199/2025,PS0064,Belagavi,2025-10-19 07:23,2025-10-22 16:23,Burglary,Day Burglary,"BNS 331(3), BNS 331(4)",15.930666,74.338952,P005602,P009955,P005188,PI Harish Naik,Chargesheeted
FIR202502448,FIR/2448/2025,PS0038,Ballari,2025-10-20 04:49,2025-10-22 16:49,Assault,Public Affray,"BNS 115(2), BNS 117(2)",15.07518,77.086142,P002986,P004806,P004754,PI Ramesh Gowda,Chargesheeted
FIR202504336,FIR/4336/2025,PS0116,Bengaluru Urban,2025-10-22 13:51,2025-10-22 18:51,Fraud,Cheating,BNS 318(4),12.980575,77.537811,P002260,P001658,P002510,SI Ganesh Rao,Under Investigation
FIR202501561,FIR/1561/2025,PS0047,Belagavi,2025-10-22 10:14,2025-10-22 20:14,POCSO,Harassment,"POCSO Act Sec 4, BNS 64",15.981816,74.553093,P004614,P003993,P001755,PI Lakshmi Devi,Under Investigation
FIR202503284,FIR/3284/2025,PS0064,Belagavi,2025-10-22 17:15,2025-10-22 22:15,Robbery,Chain Snatching with Force,BNS 309(4),15.923373,74.346544,P008311,P005512,P009414,SI Ravi Kumar,Under Investigation
FIR202501755,FIR/1755/2025,PS0147,Bengaluru Urban,2025-10-22 14:49,2025-10-22 22:49,Vehicle Theft,Two-Wheeler Theft,BNS 303(2),12.89928,77.557412,P002403,P000282,"P003275, P008356",PI Harish Naik,Chargesheeted
FIR202503387,FIR/3387/2025,PS0219,Chamarajanagar,2025-10-22 16:31,2025-10-23 01:31,Dacoity,Armed Dacoity,BNS 310(2),11.861615,76.888324,P006255,P001713,P005934,PI Harish Naik,Chargesheeted
FIR202501193,FIR/1193/2025,PS0146,Bengaluru Urban,2025-10-23 03:23,2025-10-23 04:23,Theft,House Theft,BNS 303(2),12.958404,77.772141,P006943,P008374,P009793,PI Harish Naik,Under Investigation
FIR202503783,FIR/3783/2025,PS0054,Belagavi,2025-10-22 23:12,2025-10-23 08:12,Robbery,Highway Robbery,BNS 309(4),15.922793,74.686405,P004413,P006121,P000142,PI Chetan Kumar,Chargesheeted
FIR202504688,FIR/4688/2025,PS0192,Bidar,2025-10-21 23:51,2025-10-23 10:51,Dacoity,Bank Dacoity,BNS 310(2),17.999979,77.326114,P006079,P001136,P000387,PI Chetan Kumar,Chargesheeted
FIR202501623,FIR/1623/2025,PS0125,Bengaluru Urban,2025-10-23 03:58,2025-10-23 10:58,Cyber Crime,Financial Fraud,"IT Act 66D, BNS 318(4)",12.774268,77.697634,P003712,P001788,"P001528, P009843",PI Ramesh Gowda,Untraced
FIR202503493,FIR/3493/2025,PS0112,Bengaluru Urban,2025-10-22 10:55,2025-10-23 11:55,Assault,Simple Assault,"BNS 115(2), BNS 117(2)",13.091742,77.585026,P003300,P008721,P007681,SI Divya Hegde,Chargesheeted
FIR202500718,FIR/0718/2025,PS0096,Bengaluru Rural,2025-10-21 04:14,2025-10-23 13:14,Vehicle Theft,Two-Wheeler Theft,BNS 303(2),13.160865,77.477819,P008126,P008884,P002392,PI Ramesh Gowda,Under Investigation
FIR202502236,FIR/2236/2025,PS0020,Bagalkote,2025-10-23 01:46,2025-10-23 13:46,Theft,Pocket Pick,BNS 303(2),16.271298,75.57584,P003079,P002558,P008334,SI Divya Hegde,Chargesheeted
FIR202503373,FIR/3373/2025,PS0166,Bidar,2025-10-23 03:36,2025-10-23 14:36,Assault,Grievous Hurt,"BNS 115(2), BNS 117(2)",17.798995,77.481041,P004228,P006895,P001356,PI Lakshmi Devi,Chargesheeted
FIR202502472,FIR/2472/2025,PS0014,Bagalkote,2025-10-23 09:05,2025-10-23 15:05,POCSO,Harassment,"POCSO Act Sec 4, BNS 64",16.324755,75.852042,P001440,P002843,P003710,PI Chetan Kumar,Chargesheeted
FIR202500812,FIR/0812/2025,PS0040,Ballari,2025-10-20 05:35,2025-10-23 16:35,Assault,Public Affray,"BNS 115(2), BNS 117(2)",15.307235,76.846621,P000664,P003599,P000582,PI Harish Naik,Untraced
FIR202500125,FIR/0125/2025,PS0076,Bengaluru Rural,2025-10-22 08:41,2025-10-23 16:41,Theft,House Theft,BNS 303(2),13.330719,77.768203,P007201,P008934,P004214,PI Naveen Patil,Untraced
FIR202504241,FIR/4241/2025,PS0232,Chamarajanagar,2025-10-21 14:14,2025-10-23 17:14,Murder,Gang Conflict,BNS 103(1),11.788512,76.8909,P007961,P005869,P005945,SI Divya Hegde,Chargesheeted
FIR202502211,FIR/2211/2025,PS0223,Chamarajanagar,2025-10-23 15:07,2025-10-23 20:07,Theft,House Theft,BNS 303(2),11.843909,76.806671,P005041,P001624,P000941,PI Chetan Kumar,Chargesheeted
FIR202501510,FIR/1510/2025,PS0051,Belagavi,2025-10-23 11:21,2025-10-23 21:21,Murder,Gang Conflict,BNS 103(1),15.996289,74.520016,P009625,P005494,P007386,SI Divya Hegde,Under Investigation
FIR202501758,FIR/1758/2025,PS0126,Bengaluru Urban,2025-10-23 18:05,2025-10-23 22:05,Vehicle Theft,Car Theft,BNS 303(2),12.859054,77.578173,P002237,P007297,"P006338, P003785",PI Naveen Patil,Under Investigation
FIR202502432,FIR/2432/2025,PS0143,Bengaluru Urban,2025-10-23 21:29,2025-10-23 23:29,Fraud,Land Scam,BNS 318(4),12.806096,77.41711,P007717,P003448,P002591,SI Mahesh Bhat,Chargesheeted
FIR202504813,FIR/4813/2025,PS0131,Bengaluru Urban,2025-10-21 11:59,2025-10-23 23:59,Fraud,Cheating,BNS 318(4),12.992687,77.610543,P008272,P000467,P003524,PI Ramesh Gowda,Chargesheeted
FIR202503985,FIR/3985/2025,PS0085,Bengaluru Rural,2025-10-20 23:46,2025-10-24 03:46,Theft,Snatching,BNS 303(2),13.093488,77.415329,P007098,P003058,P004614,PI Chetan Kumar,Closed
FIR202502085,FIR/2085/2025,PS0023,Bagalkote,2025-10-23 20:58,2025-10-24 06:58,Cyber Crime,Financial Fraud,"IT Act 66D, BNS 318(4)",16.119016,75.781801,P005388,P009169,"P008126, P004318",PI Harish Naik,Under Investigation
FIR202504497,FIR/4497/2025,PS0164,Bidar,2025-10-24 02:56,2025-10-24 07:56,Theft,Pocket Pick,BNS 303(2),17.970425,77.441918,P000735,P003925,P005507,SI Ganesh Rao,Chargesheeted
FIR202502505,FIR/2505/2025,PS0043,Ballari,2025-10-23 05:03,2025-10-24 08:03,Dacoity,Bank Dacoity,BNS 310(2),14.979505,76.985294,P000348,P005542,P007620,PI Lakshmi Devi,Chargesheeted
FIR202502953,FIR/2953/2025,PS0123,Bengaluru Urban,2025-10-23 21:15,2025-10-24 09:15,Cyber Crime,Identity Theft,"IT Act 66D, BNS 318(4)",13.016162,77.488438,P008294,P007927,P002012,PI Chetan Kumar,Under Investigation
FIR202504008,FIR/4008/2025,PS0185,Bidar,2025-10-23 08:54,2025-10-24 09:54,Fraud,Corporate Fraud,BNS 318(4),17.890637,77.524633,P009509,P009502,P000008,SI Divya Hegde,Under Investigation
FIR202503213,FIR/3213/2025,PS0249,Chikkaballapura,2025-10-22 10:26,2025-10-24 11:26,Assault,Public Affray,"BNS 115(2), BNS 117(2)",13.486885,77.537584,P007148,P004026,P009057,PI Suresh Kulkarni,Under Investigation
FIR202504201,FIR/4201/2025,PS0228,Chamarajanagar,2025-10-24 08:10,2025-10-24 15:10,Fraud,Cheating,BNS 318(4),12.110675,77.142278,P001870,P002990,P005204,PI Suresh Kulkarni,Chargesheeted
FIR202503659,FIR/3659/2025,PS0151,Bengaluru Urban,2025-10-24 11:11,2025-10-24 16:11,Vehicle Theft,Car Theft,BNS 303(2),12.872462,77.444573,P009816,P008980,P003492,PI Ramesh Gowda,Untraced
FIR202503577,FIR/3577/2025,PS0082,Bengaluru Rural,2025-10-20 10:30,2025-10-24 18:30,Fraud,Land Scam,BNS 318(4),13.324057,77.421561,P001342,P005006,P005527,PI Lakshmi Devi,Chargesheeted
FIR202501277,FIR/1277/2025,PS0062,Belagavi,2025-10-22 11:38,2025-10-24 21:38,Theft,House Theft,BNS 303(2),15.75922,74.473655,P006595,P001228,P007982,PI Naveen Patil,Chargesheeted
FIR202502828,FIR/2828/2025,PS0155,Bidar,2025-10-24 20:51,2025-10-24 21:51,Fraud,Corporate Fraud,BNS 318(4),17.974133,77.347619,P000191,P007168,P004406,PI Lakshmi Devi,Chargesheeted
FIR202504972,FIR/4972/2025,PS0245,Chikkaballapura,2025-10-24 14:21,2025-10-24 22:21,NDPS,Possession of Narcotics,NDPS Act Sec 20(b),13.343646,77.76747,P004421,P009468,P003521,PI Ramesh Gowda,Untraced
FIR202501788,FIR/1788/2025,PS0042,Ballari,2025-10-22 15:16,2025-10-25 01:16,Murder,Personal Enmity,BNS 103(1),15.051702,77.012118,P001718,P004878,P001434,SI Prakash Sharma,Under Investigation
FIR202502466,FIR/2466/2025,PS0032,Ballari,2025-10-22 16:37,2025-10-25 01:37,Assault,Grievous Hurt,"BNS 115(2), BNS 117(2)",15.158373,76.878281,P003915,P007845,P009260,SI Mahesh Bhat,Chargesheeted
FIR202500743,FIR/0743/2025,PS0004,Bagalkote,2025-10-24 16:34,2025-10-25 02:34,Dacoity,Armed Dacoity,BNS 310(2),16.052513,75.668893,P003992,P008082,"P006213, P004910",SI Divya Hegde,Under Investigation
FIR202504391,FIR/4391/2025,PS0033,Ballari,2025-10-24 15:26,2025-10-25 03:26,Dacoity,Bank Dacoity,BNS 310(2),15.004097,76.804866,P001783,P002982,P006741,SI Ganesh Rao,Chargesheeted
FIR202504802,FIR/4802/2025,PS0154,Bidar,2025-10-25 02:36,2025-10-25 09:36,Robbery,Highway Robbery,BNS 309(4),17.887584,77.411791,P007566,P008126,P005960,PI Ramesh Gowda,Chargesheeted
FIR202503002,FIR/3002/2025,PS0141,Bengaluru Urban,2025-10-25 04:23,2025-10-25 10:23,Fraud,Cheating,BNS 318(4),12.855228,77.39601,P000668,P000037,P001732,SI Ravi Kumar,Under Investigation
FIR202503305,FIR/3305/2025,PS0142,Bengaluru Urban,2025-10-25 05:34,2025-10-25 10:34,Fraud,Land Scam,BNS 318(4),13.112776,77.766331,P002713,P001194,P000471,SI Prakash Sharma,Chargesheeted
FIR202504353,FIR/4353/2025,PS0061,Belagavi,2025-10-25 08:43,2025-10-25 10:43,Burglary,Day Burglary,"BNS 331(3), BNS 331(4)",16.024824,74.429412,P003120,P001299,P008354,SI Prakash Sharma,Chargesheeted
FIR202502671,FIR/2671/2025,PS0129,Bengaluru Urban,2025-10-24 09:33,2025-10-25 13:33,Cyber Crime,Phishing,"IT Act 66D, BNS 318(4)",12.809728,77.755981,P009009,P005155,P005282,PI Harish Naik,Chargesheeted
FIR202500455,FIR/0455/2025,PS0053,Belagavi,2025-10-25 12:35,2025-10-25 14:35,Cyber Crime,Financial Fraud,"IT Act 66D, BNS 318(4)",15.862678,74.332741,P002607,P006053,P008010,SI Mahesh Bhat,Chargesheeted
FIR202500677,FIR/0677/2025,PS0166,Bidar,2025-10-24 10:27,2025-10-25 17:27,Dacoity,Bank Dacoity,BNS 310(2),17.81888,77.507269,P009930,P005833,P002010,SI Mahesh Bhat,Chargesheeted
FIR202501118,FIR/1118/2025,PS0126,Bengaluru Urban,2025-10-25 09:46,2025-10-25 18:46,Fraud,Land Scam,BNS 318(4),12.862976,77.556442,P005465,P008610,P009621,SI Mahesh Bhat,Chargesheeted
FIR202502157,FIR/2157/2025,PS0103,Bengaluru Rural,2025-10-25 12:02,2025-10-25 20:02,Robbery,Highway Robbery,BNS 309(4),13.350328,77.44755,P000852,P001495,P006026,PI Suresh Kulkarni,Closed
FIR202503901,FIR/3901/2025,PS0134,Bengaluru Urban,2025-10-22 19:30,2025-10-25 20:30,Burglary,Night House Breaking,"BNS 331(3), BNS 331(4)",12.818531,77.63159,P006696,P004373,P000309,PI Chetan Kumar,Under Investigation
FIR202503621,FIR/3621/2025,PS0027,Ballari,2025-10-23 08:36,2025-10-25 20:36,Assault,Public Affray,"BNS 115(2), BNS 117(2)",15.031801,77.091054,P001121,P002192,P008375,PI Chetan Kumar,Under Investigation
FIR202503725,FIR/3725/2025,PS0238,Chikkaballapura,2025-10-25 11:51,2025-10-25 20:51,POCSO,Harassment,"POCSO Act Sec 4, BNS 64",13.344822,77.931051,P002389,P004742,P003840,PI Harish Naik,Chargesheeted
FIR202501985,FIR/1985/2025,PS0001,Bagalkote,2025-10-20 15:10,2025-10-25 21:10,Dacoity,Armed Dacoity,BNS 310(2),16.180904,75.591514,P007804,P002220,P009306,PI Lakshmi Devi,Under Investigation
FIR202504298,FIR/4298/2025,PS0101,Bengaluru Rural,2025-10-24 13:44,2025-10-25 23:44,Burglary,Day Burglary,"BNS 331(3), BNS 331(4)",13.254568,77.743629,P001380,P009494,P007854,PI Chetan Kumar,Chargesheeted
FIR202500589,FIR/0589/2025,PS0225,Chamarajanagar,2025-10-25 22:07,2025-10-26 00:07,Cyber Crime,Financial Fraud,"IT Act 66D, BNS 318(4)",11.998707,76.779325,P000154,P000050,P008888,PI Naveen Patil,Untraced
FIR202502737,FIR/2737/2025,PS0106,Bengaluru Rural,2025-10-22 17:10,2025-10-26 00:10,Murder,Dowry Homicide,BNS 103(1),13.270801,77.526418,P003970,P005818,P008702,SI Ravi Kumar,Chargesheeted
FIR202503856,FIR/3856/2025,PS0204,Chamarajanagar,2025-10-22 15:47,2025-10-26 01:47,Murder,Dowry Homicide,BNS 103(1),12.067846,77.051605,P000582,P001184,P000124,PI Ramesh Gowda,Untraced
FIR202504405,FIR/4405/2025,PS0162,Bidar,2025-10-24 17:17,2025-10-26 03:17,Dacoity,Bank Dacoity,BNS 310(2),18.011449,77.458134,P002835,P004442,P004878,PI Naveen Patil,Chargesheeted
FIR202503979,FIR/3979/2025,PS0110,Bengaluru Urban,2025-10-25 19:47,2025-10-26 03:47,Vehicle Theft,Two-Wheeler Theft,BNS 303(2),13.161057,77.625198,P005792,P006560,P008731,PI Ramesh Gowda,Chargesheeted
FIR202504000,FIR/4000/2025,PS0200,Chamarajanagar,2025-10-24 20:06,2025-10-26 04:06,Dacoity,Armed Dacoity,BNS 310(2),11.787955,77.039959,P008247,P002106,P009094,SI Ganesh Rao,Under Investigation
FIR202504090,FIR/4090/2025,PS0065,Belagavi,2025-10-26 01:13,2025-10-26 07:13,Vehicle Theft,Car Theft,BNS 303(2),15.737018,74.445552,P000993,P000359,P008944,PI Naveen Patil,Closed
FIR202501477,FIR/1477/2025,PS0123,Bengaluru Urban,2025-10-25 20:14,2025-10-26 08:14,Assault,Simple Assault,"BNS 115(2), BNS 117(2)",13.011296,77.497121,P002597,P000577,P001527,PI Ramesh Gowda,Chargesheeted
FIR202504854,FIR/4854/2025,PS0023,Bagalkote,2025-10-23 10:29,2025-10-26 11:29,NDPS,Drug Trafficking,NDPS Act Sec 20(b),16.119187,75.799492,P008809,P002629,P009687,PI Naveen Patil,Under Investigation
FIR202503476,FIR/3476/2025,PS0102,Bengaluru Rural,2025-10-24 09:01,2025-10-26 13:01,Robbery,Highway Robbery,BNS 309(4),13.117047,77.653393,P002069,P000872,P002299,SI Ganesh Rao,Chargesheeted
FIR202503748,FIR/3748/2025,PS0140,Bengaluru Urban,2025-10-26 02:22,2025-10-26 13:22,Cyber Crime,Identity Theft,"IT Act 66D, BNS 318(4)",13.046087,77.658717,P003425,P001720,P002533,PI Naveen Patil,Chargesheeted
FIR202504287,FIR/4287/2025,PS0186,Bidar,2025-10-24 08:43,2025-10-26 17:43,Dacoity,Bank Dacoity,BNS 310(2),17.746031,77.48755,P008214,P006725,P003927,SI Mahesh Bhat,Under Investigation
FIR202500892,FIR/0892/2025,PS0180,Bidar,2025-10-26 13:17,2025-10-26 20:17,Dacoity,Armed Dacoity,BNS 310(2),18.050988,77.422953,P001082,P003682,P008030,PI Chetan Kumar,Under Investigation
FIR202502513,FIR/2513/2025,PS0210,Chamarajanagar,2025-10-26 09:09,2025-10-26 21:09,Vehicle Theft,Two-Wheeler Theft,BNS 303(2),12.013188,76.797815,P002297,P003605,"P003297, P007174",SI Divya Hegde,Chargesheeted
FIR202500839,FIR/0839/2025,PS0173,Bidar,2025-10-26 19:15,2025-10-26 23:15,Murder,Personal Enmity,BNS 103(1),17.749579,77.581107,P006827,P001774,P005313,PI Ramesh Gowda,Closed
FIR202500409,FIR/0409/2025,PS0221,Chamarajanagar,2025-10-26 11:42,2025-10-26 23:42,Dacoity,Bank Dacoity,BNS 310(2),12.045852,77.114458,P005297,P003800,P008120,SI Mahesh Bhat,Chargesheeted
FIR202501976,FIR/1976/2025,PS0082,Bengaluru Rural,2025-10-25 13:06,2025-10-27 00:06,NDPS,Drug Trafficking,NDPS Act Sec 20(b),13.358563,77.413093,P004310,P006164,P002382,PI Harish Naik,Under Investigation
FIR202503626,FIR/3626/2025,PS0027,Ballari,2025-10-25 14:16,2025-10-27 00:16,Assault,Simple Assault,"BNS 115(2), BNS 117(2)",15.026461,77.091963,P001230,P004309,P003359,PI Suresh Kulkarni,Chargesheeted
FIR202500324,FIR/0324/2025,PS0216,Chamarajanagar,2025-10-25 20:31,2025-10-27 01:31,Burglary,Night House Breaking,"BNS 331(3), BNS 331(4)",11.767888,76.941303,P009768,P005221,P003626,SI Ravi Kumar,Untraced
FIR202503157,FIR/3157/2025,PS0177,Bidar,2025-10-25 22:43,2025-10-27 01:43,POCSO,Harassment,"POCSO Act Sec 4, BNS 64",18.044984,77.344475,P007453,P002748,P006667,PI Naveen Patil,Chargesheeted
FIR202504648,FIR/4648/2025,PS0063,Belagavi,2025-10-26 20:17,2025-10-27 02:17,Murder,Personal Enmity,BNS 103(1),16.018833,74.673077,P000140,P004494,P007907,PI Ramesh Gowda,Under Investigation
FIR202502406,FIR/2406/2025,PS0121,Bengaluru Urban,2025-10-26 23:44,2025-10-27 05:44,Burglary,Day Burglary,"BNS 331(3), BNS 331(4)",13.086128,77.503142,P000875,P000218,P000932,SI Prakash Sharma,Under Investigation
FIR202503396,FIR/3396/2025,PS0050,Belagavi,2025-10-26 19:38,2025-10-27 06:38,Theft,Snatching,BNS 303(2),15.716639,74.301249,P004515,P003305,P005637,PI Harish Naik,Chargesheeted
FIR202504074,FIR/4074/2025,PS0248,Chikkaballapura,2025-10-27 01:40,2025-10-27 06:40,Robbery,Highway Robbery,BNS 309(4),13.272281,77.783154,P008963,P007928,P007665,PI Chetan Kumar,Chargesheeted
FIR202502223,FIR/2223/2025,PS0118,Bengaluru Urban,2025-10-24 20:58,2025-10-27 06:58,Fraud,Corporate Fraud,BNS 318(4),12.805409,77.693768,P007225,P002777,P006966,PI Lakshmi Devi,Under Investigation
FIR202501391,FIR/1391/2025,PS0061,Belagavi,2025-10-27 01:29,2025-10-27 07:29,POCSO,Sexual Assault on Minor,"POCSO Act Sec 4, BNS 64",16.039045,74.413086,P002473,P003056,P006585,SI Prakash Sharma,Under Investigation
FIR202501588,FIR/1588/2025,PS0244,Chikkaballapura,2025-10-26 04:29,2025-10-27 10:29,Assault,Simple Assault,"BNS 115(2), BNS 117(2)",13.30854,77.9061,P003300,P005416,P008261,PI Chetan Kumar,Under Investigation
FIR202502601,FIR/2601/2025,PS0159,Bidar,2025-10-22 09:34,2025-10-27 11:34,Assault,Grievous Hurt,"BNS 115(2), BNS 117(2)",18.037373,77.507452,P009268,P007498,P006866,SI Divya Hegde,Under Investigation
FIR202500338,FIR/0338/2025,PS0112,Bengaluru Urban,2025-10-27 13:15,2025-10-27 15:15,Fraud,Land Scam,BNS 318(4),13.114576,77.575602,P002347,P008860,P009667,PI Harish Naik,Under Investigation
FIR202503744,FIR/3744/2025,PS0119,Bengaluru Urban,2025-10-25 08:30,2025-10-27 15:30,Theft,Snatching,BNS 303(2),12.814791,77.779612,P002930,P008279,P003788,SI Ravi Kumar,Under Investigation
FIR202504404,FIR/4404/2025,PS0032,Ballari,2025-10-25 12:01,2025-10-27 16:01,Burglary,Day Burglary,"BNS 331(3), BNS 331(4)",15.179347,76.882166,P003804,P009079,P009690,SI Prakash Sharma,Under Investigation
FIR202503094,FIR/3094/2025,PS0149,Bengaluru Urban,2025-10-27 11:11,2025-10-27 16:11,Vehicle Theft,Two-Wheeler Theft,BNS 303(2),13.095324,77.474142,P008674,P000719,P008803,SI Divya Hegde,Under Investigation
FIR202500369,FIR/0369/2025,PS0042,Ballari,2025-10-26 10:06,2025-10-27 22:06,Assault,Public Affray,"BNS 115(2), BNS 117(2)",15.031949,77.00926,P008569,P008288,P001763,SI Prakash Sharma,Chargesheeted
FIR202501407,FIR/1407/2025,PS0206,Chamarajanagar,2025-10-27 19:23,2025-10-27 22:23,POCSO,Harassment,"POCSO Act Sec 4, BNS 64",11.837796,77.117472,P009619,P009327,P000798,SI Ganesh Rao,Chargesheeted
FIR202502792,FIR/2792/2025,PS0115,Bengaluru Urban,2025-10-27 21:44,2025-10-27 22:44,NDPS,Drug Trafficking,NDPS Act Sec 20(b),12.883566,77.385115,P003517,P002642,P000553,SI Ganesh Rao,Chargesheeted
FIR202500483,FIR/0483/2025,PS0177,Bidar,2025-10-27 13:02,2025-10-27 23:02,Theft,House Theft,BNS 303(2),18.059721,77.318454,P009079,P001406,P009671,PI Chetan Kumar,Under Investigation
FIR202504643,FIR/4643/2025,PS0068,Belagavi,2025-10-27 18:06,2025-10-27 23:06,Robbery,Highway Robbery,BNS 309(4),16.029803,74.382742,P006221,P005649,P009038,PI Naveen Patil,Under Investigation
FIR202503853,FIR/3853/2025,PS0212,Chamarajanagar,2025-10-27 21:47,2025-10-27 23:47,Burglary,Day Burglary,"BNS 331(3), BNS 331(4)",12.044918,76.855601,P007304,P001071,P002487,PI Suresh Kulkarni,Chargesheeted
FIR202501565,FIR/1565/2025,PS0012,Bagalkote,2025-10-26 17:13,2025-10-28 01:13,Robbery,Chain Snatching with Force,BNS 309(4),16.276861,75.8014,P008108,P005296,P008279,PI Suresh Kulkarni,Closed
FIR202503258,FIR/3258/2025,PS0118,Bengaluru Urban,2025-10-28 00:52,2025-10-28 02:52,Robbery,Highway Robbery,BNS 309(4),12.807885,77.686718,P002840,P003298,P004777,SI Ganesh Rao,Chargesheeted
FIR202503487,FIR/3487/2025,PS0010,Bagalkote,2025-10-28 00:02,2025-10-28 04:02,Burglary,Night House Breaking,"BNS 331(3), BNS 331(4)",16.189329,75.823428,P008584,P002942,P008156,SI Divya Hegde,Chargesheeted
FIR202504735,FIR/4735/2025,PS0197,Chamarajanagar,2025-10-24 22:13,2025-10-28 04:13,Assault,Grievous Hurt,"BNS 115(2), BNS 117(2)",11.881899,77.044348,P008630,P005968,P000814,PI Suresh Kulkarni,Under Investigation
FIR202502708,FIR/2708/2025,PS0035,Ballari,2025-10-27 19:20,2025-10-28 07:20,Cyber Crime,Financial Fraud,"IT Act 66D, BNS 318(4)",15.226228,76.8361,P000879,P004596,P001101,PI Chetan Kumar,Under Investigation
FIR202504939,FIR/4939/2025,PS0225,Chamarajanagar,2025-10-28 00:44,2025-10-28 07:44,POCSO,Sexual Assault on Minor,"POCSO Act Sec 4, BNS 64",12.01755,76.777861,P002796,P005373,P005238,PI Chetan Kumar,Under Investigation
FIR202502388,FIR/2388/2025,PS0045,Ballari,2025-10-27 06:58,2025-10-28 07:58,NDPS,Possession of Narcotics,NDPS Act Sec 20(b),15.006469,76.901226,P003932,P009133,P002044,PI Naveen Patil,Chargesheeted
FIR202503350,FIR/3350/2025,PS0222,Chamarajanagar,2025-10-22 20:02,2025-10-28 08:02,Fraud,Land Scam,BNS 318(4),11.918545,76.754988,P005890,P002682,P004405,PI Lakshmi Devi,Chargesheeted
FIR202504525,FIR/4525/2025,PS0072,Bengaluru Rural,2025-10-28 06:11,2025-10-28 09:11,Theft,House Theft,BNS 303(2),13.300991,77.616401,P007270,P008185,P008465,SI Ganesh Rao,Under Investigation
FIR202503928,FIR/3928/2025,PS0128,Bengaluru Urban,2025-10-27 12:24,2025-10-28 15:24,NDPS,Possession of Narcotics,NDPS Act Sec 20(b),13.01474,77.563689,P009340,P006246,P005304,PI Chetan Kumar,Chargesheeted
FIR202503841,FIR/3841/2025,PS0202,Chamarajanagar,2025-10-28 07:31,2025-10-28 16:31,Dacoity,Armed Dacoity,BNS 310(2),11.950059,76.856251,P007899,P002123,P008860,SI Ravi Kumar,Under Investigation
FIR202504874,FIR/4874/2025,PS0160,Bidar,2025-10-27 09:18,2025-10-28 17:18,Fraud,Cheating,BNS 318(4),17.883076,77.369113,P007398,P007288,P006097,PI Lakshmi Devi,Chargesheeted
FIR202504709,FIR/4709/2025,PS0148,Bengaluru Urban,2025-10-28 14:32,2025-10-28 17:32,POCSO,Sexual Assault on Minor,"POCSO Act Sec 4, BNS 64",12.861051,77.663209,P007233,P000211,P007637,PI Suresh Kulkarni,Under Investigation
FIR202503415,FIR/3415/2025,PS0211,Chamarajanagar,2025-10-28 08:19,2025-10-28 19:19,NDPS,Possession of Narcotics,NDPS Act Sec 20(b),11.832528,77.060573,P001500,P009527,P009719,SI Ravi Kumar,Under Investigation
FIR202500643,FIR/0643/2025,PS0110,Bengaluru Urban,2025-10-26 16:20,2025-10-28 19:20,Dacoity,Bank Dacoity,BNS 310(2),13.145556,77.650934,P005250,P004629,P006979,SI Ganesh Rao,Under Investigation
FIR202500485,FIR/0485/2025,PS0017,Bagalkote,2025-10-28 10:03,2025-10-28 20:03,Assault,Grievous Hurt,"BNS 115(2), BNS 117(2)",16.263552,75.559879,P003252,P005063,P002302,SI Ganesh Rao,Under Investigation
FIR202502825,FIR/2825/2025,PS0022,Bagalkote,2025-10-26 20:07,2025-10-28 22:07,Assault,Simple Assault,"BNS 115(2), BNS 117(2)",16.255325,75.640473,P007872,P008557,P008366,SI Ganesh Rao,Under Investigation
FIR202503048,FIR/3048/2025,PS0126,Bengaluru Urban,2025-10-25 22:33,2025-10-29 00:33,Fraud,Cheating,BNS 318(4),12.872859,77.547785,P007626,P006350,P000368,SI Ganesh Rao,Chargesheeted
FIR202502631,FIR/2631/2025,PS0089,Bengaluru Rural,2025-10-28 21:53,2025-10-29 01:53,Vehicle Theft,Two-Wheeler Theft,BNS 303(2),13.391094,77.608863,P005872,P007077,P002260,SI Divya Hegde,Under Investigation
FIR202502717,FIR/2717/2025,PS0174,Bidar,2025-10-28 02:39,2025-10-29 03:39,Vehicle Theft,Two-Wheeler Theft,BNS 303(2),17.861537,77.550381,P001361,P007133,P003308,PI Lakshmi Devi,Untraced
FIR202502440,FIR/2440/2025,PS0123,Bengaluru Urban,2025-10-24 22:55,2025-10-29 03:55,Fraud,Corporate Fraud,BNS 318(4),13.028002,77.506386,P000029,P007978,P001763,SI Ganesh Rao,Chargesheeted
FIR202500907,FIR/0907/2025,PS0181,Bidar,2025-10-28 16:18,2025-10-29 04:18,Assault,Simple Assault,"BNS 115(2), BNS 117(2)",18.003921,77.392593,P007245,P001450,P000591,PI Lakshmi Devi,Chargesheeted
FIR202503544,FIR/3544/2025,PS0064,Belagavi,2025-10-29 02:16,2025-10-29 06:16,Theft,House Theft,BNS 303(2),15.910257,74.351146,P006588,P006468,P005237,PI Ramesh Gowda,Chargesheeted
FIR202500428,FIR/0428/2025,PS0165,Bidar,2025-10-25 05:04,2025-10-29 08:04,Murder,Dowry Homicide,BNS 103(1),18.040351,77.458397,P006857,P004283,P001234,PI Naveen Patil,Under Investigation
FIR202503133,FIR/3133/2025,PS0118,Bengaluru Urban,2025-10-26 03:22,2025-10-29 09:22,Fraud,Cheating,BNS 318(4),12.776202,77.692112,P009978,P005442,P009277,SI Ganesh Rao,Chargesheeted
FIR202500381,FIR/0381/2025,PS0178,Bidar,2025-10-29 08:01,2025-10-29 10:01,Dacoity,Armed Dacoity,BNS 310(2),17.884328,77.488742,P007116,P002598,P006038,PI Lakshmi Devi,Under Investigation
FIR202500347,FIR/0347/2025,PS0100,Bengaluru Rural,2025-10-28 05:14,2025-10-29 13:14,NDPS,Drug Trafficking,NDPS Act Sec 20(b),13.140998,77.549005,P001970,P007305,P000679,PI Naveen Patil,Chargesheeted
FIR202504855,FIR/4855/2025,PS0077,Bengaluru Rural,2025-10-28 01:26,2025-10-29 13:26,Theft,Pocket Pick,BNS 303(2),13.341983,77.622393,P003705,P002618,P008860,PI Lakshmi Devi,Chargesheeted
FIR202502591,FIR/2591/2025,PS0234,Chamarajanagar,2025-10-29 07:47,2025-10-29 14:47,NDPS,Drug Trafficking,NDPS Act Sec 20(b),12.00657,76.809672,P009574,P009873,P009879,SI Prakash Sharma,Chargesheeted
FIR202500060,FIR/0060/2025,PS0139,Bengaluru Urban,2025-10-27 06:36,2025-10-29 15:36,Fraud,Cheating,BNS 318(4),12.798914,77.534038,P006466,P001180,P008607,SI Mahesh Bhat,Chargesheeted
FIR202504623,FIR/4623/2025,PS0223,Chamarajanagar,2025-10-29 04:48,2025-10-29 15:48,Theft,House Theft,BNS 303(2),11.846091,76.803764,P005115,P007199,P007474,SI Mahesh Bhat,Under Investigation
FIR202500626,FIR/0626/2025,PS0077,Bengaluru Rural,2025-10-28 08:03,2025-10-29 16:03,Vehicle Theft,Two-Wheeler Theft,BNS 303(2),13.341307,77.612729,P007395,P009003,P008419,SI Divya Hegde,Closed
FIR202503565,FIR/3565/2025,PS0133,Bengaluru Urban,2025-10-24 05:18,2025-10-29 16:18,Cyber Crime,Phishing,"IT Act 66D, BNS 318(4)",13.00419,77.534905,P002725,P004468,P001015,PI Suresh Kulkarni,Chargesheeted
FIR202502819,FIR/2819/2025,PS0122,Bengaluru Urban,2025-10-28 05:23,2025-10-29 16:23,Cyber Crime,Phishing,"IT Act 66D, BNS 318(4)",13.115108,77.546799,P006839,P008318,P000174,SI Ganesh Rao,Chargesheeted
FIR202501206,FIR/1206/2025,PS0217,Chamarajanagar,2025-10-29 14:24,2025-10-29 17:24,POCSO,Harassment,"POCSO Act Sec 4, BNS 64",11.754744,76.884335,P004534,P008020,P006766,SI Prakash Sharma,Untraced
FIR202501324,FIR/1324/2025,PS0115,Bengaluru Urban,2025-10-28 11:59,2025-10-29 17:59,Vehicle Theft,Car Theft,BNS 303(2),12.873204,77.380946,P002776,P002142,P009058,PI Suresh Kulkarni,Chargesheeted
FIR202500502,FIR/0502/2025,PS0026,Ballari,2025-10-28 18:54,2025-10-29 19:54,Murder,Dowry Homicide,BNS 103(1),15.230146,76.967236,P009103,P009216,"P005315, P008124",SI Prakash Sharma,Chargesheeted
FIR202503450,FIR/3450/2025,PS0098,Bengaluru Rural,2025-10-27 20:55,2025-10-30 02:55,Robbery,Chain Snatching with Force,BNS 309(4),13.296128,77.740244,P004860,P002479,P007541,SI Mahesh Bhat,Under Investigation
FIR202500346,FIR/0346/2025,PS0109,Bengaluru Rural,2025-10-26 15:27,2025-10-30 03:27,Robbery,Highway Robbery,BNS 309(4),13.121346,77.593274,P004553,P009979,"P008437, P008614",PI Lakshmi Devi,Under Investigation
FIR202502552,FIR/2552/2025,PS0069,Belagavi,2025-10-29 22:29,2025-10-30 03:29,Theft,Snatching,BNS 303(2),15.845628,74.337785,P001987,P003160,P001923,PI Ramesh Gowda,Chargesheeted
FIR202500976,FIR/0976/2025,PS0183,Bidar,2025-10-30 02:44,2025-10-30 03:44,Murder,Personal Enmity,BNS 103(1),17.75402,77.388938,P005727,P001878,P005181,SI Divya Hegde,Under Investigation
FIR202500421,FIR/0421/2025,PS0023,Bagalkote,2025-10-29 17:58,2025-10-30 03:58,POCSO,Sexual Assault on Minor,"POCSO Act Sec 4, BNS 64",16.096839,75.799234,P005169,P006112,P006616,SI Ravi Kumar,Untraced
FIR202502230,FIR/2230/2025,PS0135,Bengaluru Urban,2025-10-29 22:53,2025-10-30 06:53,NDPS,Drug Trafficking,NDPS Act Sec 20(b),12.913751,77.454313,P006635,P000623,P009679,SI Prakash Sharma,Under Investigation
FIR202503640,FIR/3640/2025,PS0071,Bengaluru Rural,2025-10-30 04:49,2025-10-30 07:49,Dacoity,Bank Dacoity,BNS 310(2),13.046542,77.49937,P008346,P006787,P005325,SI Mahesh Bhat,Chargesheeted
FIR202501116,FIR/1116/2025,PS0198,Chamarajanagar,2025-10-30 07:54,2025-10-30 08:54,Dacoity,Bank Dacoity,BNS 310(2),11.832,77.040303,P003169,P002138,P001283,SI Mahesh Bhat,Chargesheeted
FIR202501605,FIR/1605/2025,PS0008,Bagalkote,2025-10-27 09:34,2025-10-30 10:34,Assault,Grievous Hurt,"BNS 115(2), BNS 117(2)",16.281839,75.533014,P005640,P004877,P009650,PI Harish Naik,Chargesheeted
FIR202504395,FIR/4395/2025,PS0177,Bidar,2025-10-30 01:23,2025-10-30 12:23,Robbery,Chain Snatching with Force,BNS 309(4),18.04627,77.317104,P006712,P002688,P002214,PI Suresh Kulkarni,Chargesheeted
FIR202503130,FIR/3130/2025,PS0043,Ballari,2025-10-27 11:55,2025-10-30 12:55,Dacoity,Armed Dacoity,BNS 310(2),14.978995,76.997356,P003965,P002160,P003972,PI Lakshmi Devi,Untraced
FIR202501340,FIR/1340/2025,PS0118,Bengaluru Urban,2025-10-30 02:27,2025-10-30 13:27,Fraud,Land Scam,BNS 318(4),12.794981,77.69853,P009441,P001694,P000420,PI Ramesh Gowda,Under Investigation
FIR202503915,FIR/3915/2025,PS0021,Bagalkote,2025-10-30 08:56,2025-10-30 13:56,Murder,Gang Conflict,BNS 103(1),16.007298,75.528363,P009861,P005166,P001673,PI Lakshmi Devi,Under Investigation
FIR202500706,FIR/0706/2025,PS0188,Bidar,2025-10-30 07:42,2025-10-30 15:42,Robbery,Chain Snatching with Force,BNS 309(4),17.953546,77.69835,P003831,P003011,P002634,PI Chetan Kumar,Chargesheeted
FIR202501777,FIR/1777/2025,PS0129,Bengaluru Urban,2025-10-30 07:43,2025-10-30 15:43,Dacoity,Bank Dacoity,BNS 310(2),12.795016,77.755407,P003739,P004460,"P009664, P006900",PI Harish Naik,Chargesheeted
FIR202503168,FIR/3168/2025,PS0195,Chamarajanagar,2025-10-29 13:15,2025-10-30 16:15,POCSO,Sexual Assault on Minor,"POCSO Act Sec 4, BNS 64",11.882071,77.067691,P008699,P009279,P000273,PI Harish Naik,Chargesheeted
FIR202502481,FIR/2481/2025,PS0243,Chikkaballapura,2025-10-29 08:39,2025-10-30 16:39,Burglary,Night House Breaking,"BNS 331(3), BNS 331(4)",13.425563,77.859705,P003161,P009913,P001513,PI Naveen Patil,Chargesheeted
FIR202500095,FIR/0095/2025,PS0035,Ballari,2025-10-27 07:02,2025-10-30 17:02,Theft,Pocket Pick,BNS 303(2),15.227075,76.842894,P003600,P006259,P005208,SI Ravi Kumar,Under Investigation
FIR202503793,FIR/3793/2025,PS0010,Bagalkote,2025-10-29 10:08,2025-10-30 17:08,Robbery,Chain Snatching with Force,BNS 309(4),16.170984,75.798793,P007049,P001075,P009394,SI Prakash Sharma,Under Investigation
FIR202504500,FIR/4500/2025,PS0039,Ballari,2025-10-30 12:17,2025-10-30 19:17,Assault,Grievous Hurt,"BNS 115(2), BNS 117(2)",15.34183,76.927462,P008410,P008293,P005621,PI Chetan Kumar,Chargesheeted
FIR202504234,FIR/4234/2025,PS0111,Bengaluru Urban,2025-10-30 11:04,2025-10-30 20:04,Cyber Crime,Phishing,"IT Act 66D, BNS 318(4)",12.785144,77.571673,P007758,P002339,"P006213, P002615",SI Divya Hegde,Under Investigation
FIR202502073,FIR/2073/2025,PS0069,Belagavi,2025-10-29 18:01,2025-10-30 21:01,Burglary,Day Burglary,"BNS 331(3), BNS 331(4)",15.852943,74.334506,P007461,P003709,P006396,SI Ganesh Rao,Chargesheeted
FIR202504061,FIR/4061/2025,PS0026,Ballari,2025-10-28 16:58,2025-10-30 21:58,Fraud,Corporate Fraud,BNS 318(4),15.215171,76.954079,P007101,P001771,P000944,PI Naveen Patil,Chargesheeted
FIR202502034,FIR/2034/2025,PS0040,Ballari,2025-10-29 11:45,2025-10-30 23:45,Fraud,Land Scam,BNS 318(4),15.339223,76.837109,P004854,P004452,P005210,SI Mahesh Bhat,Chargesheeted
FIR202500825,FIR/0825/2025,PS0194,Chamarajanagar,2025-10-30 15:57,2025-10-30 23:57,Vehicle Theft,Car Theft,BNS 303(2),11.785641,76.872563,P006330,P000795,P008337,PI Chetan Kumar,Chargesheeted
FIR202502084,FIR/2084/2025,PS0002,Bagalkote,2025-10-30 18:41,2025-10-31 00:41,Fraud,Corporate Fraud,BNS 318(4),16.10583,75.491731,P009233,P000832,P005816,SI Prakash Sharma,Chargesheeted
FIR202500382,FIR/0382/2025,PS0149,Bengaluru Urban,2025-10-30 19:50,2025-10-31 06:50,Vehicle Theft,Two-Wheeler Theft,BNS 303(2),13.078853,77.459247,P000068,P004722,P007559,PI Suresh Kulkarni,Chargesheeted
FIR202504083,FIR/4083/2025,PS0238,Chikkaballapura,2025-10-31 02:56,2025-10-31 06:56,Burglary,Night House Breaking,"BNS 331(3), BNS 331(4)",13.345111,77.930892,P001232,P000327,P004784,PI Suresh Kulkarni,Untraced
FIR202503342,FIR/3342/2025,PS0089,Bengaluru Rural,2025-10-29 01:25,2025-10-31 09:25,NDPS,Possession of Narcotics,NDPS Act Sec 20(b),13.36817,77.61745,P002082,P007539,P003540,SI Prakash Sharma,Under Investigation
FIR202502555,FIR/2555/2025,PS0040,Ballari,2025-10-31 08:26,2025-10-31 10:26,Dacoity,Bank Dacoity,BNS 310(2),15.316358,76.840966,P003618,P006567,P004756,PI Chetan Kumar,Chargesheeted
FIR202500997,FIR/0997/2025,PS0128,Bengaluru Urban,2025-10-30 03:02,2025-10-31 11:02,Vehicle Theft,Car Theft,BNS 303(2),13.009966,77.567635,P002408,P008243,P002701,SI Divya Hegde,Chargesheeted
FIR202501252,FIR/1252/2025,PS0137,Bengaluru Urban,2025-10-30 05:10,2025-10-31 11:10,Vehicle Theft,Two-Wheeler Theft,BNS 303(2),12.889203,77.731432,P005756,P000131,P008328,SI Ganesh Rao,Closed
FIR202500678,FIR/0678/2025,PS0193,Chamarajanagar,2025-10-31 05:43,2025-10-31 12:43,Cyber Crime,Identity Theft,"IT Act 66D, BNS 318(4)",12.003174,76.873423,P003759,P003086,P001741,PI Lakshmi Devi,Chargesheeted
FIR202501579,FIR/1579/2025,PS0228,Chamarajanagar,2025-10-30 01:51,2025-10-31 12:51,POCSO,Sexual Assault on Minor,"POCSO Act Sec 4, BNS 64",12.118817,77.127574,P007905,P009589,P003506,PI Naveen Patil,Untraced
FIR202502253,FIR/2253/2025,PS0087,Bengaluru Rural,2025-10-31 10:38,2025-10-31 13:38,Fraud,Corporate Fraud,BNS 318(4),13.145749,77.526434,P007910,P006035,P001469,SI Mahesh Bhat,Under Investigation
FIR202504103,FIR/4103/2025,PS0227,Chamarajanagar,2025-10-31 11:37,2025-10-31 15:37,Cyber Crime,Phishing,"IT Act 66D, BNS 318(4)",11.911333,76.910158,P004164,P001620,P001475,SI Prakash Sharma,Chargesheeted
FIR202503413,FIR/3413/2025,PS0189,Bidar,2025-10-31 09:41,2025-10-31 16:41,Theft,Pocket Pick,BNS 303(2),17.897375,77.36265,P001591,P002642,P005342,PI Ramesh Gowda,Chargesheeted
FIR202503281,FIR/3281/2025,PS0165,Bidar,2025-10-31 16:22,2025-10-31 19:22,Fraud,Corporate Fraud,BNS 318(4),18.06167,77.468631,P008220,P002534,P009216,PI Lakshmi Devi,Under Investigation
FIR202500613,FIR/0613/2025,PS0098,Bengaluru Rural,2025-10-31 14:11,2025-10-31 21:11,POCSO,Harassment,"POCSO Act Sec 4, BNS 64",13.267563,77.723827,P005159,P006328,P006476,PI Harish Naik,Under Investigation
FIR202503398,FIR/3398/2025,PS0064,Belagavi,2025-10-31 15:38,2025-10-31 21:38,Assault,Simple Assault,"BNS 115(2), BNS 117(2)",15.907266,74.328304,P005068,P000808,P006826,SI Ganesh Rao,Chargesheeted
FIR202503899,FIR/3899/2025,PS0227,Chamarajanagar,2025-10-28 20:25,2025-11-01 00:25,Dacoity,Bank Dacoity,BNS 310(2),11.904672,76.909259,P000227,P005194,P008506,SI Mahesh Bhat,Chargesheeted
FIR202502113,FIR/2113/2025,PS0099,Bengaluru Rural,2025-10-31 12:42,2025-11-01 00:42,Vehicle Theft,Two-Wheeler Theft,BNS 303(2),13.279163,77.688195,P004165,P002638,P001493,SI Ganesh Rao,Chargesheeted
FIR202501874,FIR/1874/2025,PS0241,Chikkaballapura,2025-11-01 00:30,2025-11-01 02:30,Assault,Grievous Hurt,"BNS 115(2), BNS 117(2)",13.261986,77.932185,P004932,P009527,P005701,SI Divya Hegde,Under Investigation
FIR202503286,FIR/3286/2025,PS0173,Bidar,2025-10-27 23:30,2025-11-01 07:30,Vehicle Theft,Two-Wheeler Theft,BNS 303(2),17.735813,77.598105,P002442,P001899,P007093,SI Ravi Kumar,Under Investigation
FIR202504702,FIR/4702/2025,PS0218,Chamarajanagar,2025-11-01 07:07,2025-11-01 08:07,Cyber Crime,Financial Fraud,"IT Act 66D, BNS 318(4)",11.864933,77.026404,P000361,P004592,P008053,PI Suresh Kulkarni,Chargesheeted
FIR202500153,FIR/0153/2025,PS0024,Bagalkote,2025-10-27 04:27,2025-11-01 08:27,Burglary,Night House Breaking,"BNS 331(3), BNS 331(4)",16.377082,75.515131,P009281,P004111,P006688,PI Ramesh Gowda,Chargesheeted
FIR202502584,FIR/2584/2025,PS0174,Bidar,2025-10-30 04:31,2025-11-01 08:31,Theft,Snatching,BNS 303(2),17.860415,77.540294,P009360,P007726,P006978,PI Ramesh Gowda,Chargesheeted
FIR202504185,FIR/4185/2025,PS0130,Bengaluru Urban,2025-11-01 03:46,2025-11-01 09:46,Assault,Grievous Hurt,"BNS 115(2), BNS 117(2)",13.12504,77.479399,P005744,P004755,P000189,SI Prakash Sharma,Closed
FIR202504380,FIR/4380/2025,PS0028,Ballari,2025-10-31 07:36,2025-11-01 10:36,Assault,Simple Assault,"BNS 115(2), BNS 117(2)",15.007651,76.863051,P004811,P008921,P005564,SI Prakash Sharma,Chargesheeted
FIR202503950,FIR/3950/2025,PS0042,Ballari,2025-11-01 12:51,2025-11-01 13:51,POCSO,Sexual Assault on Minor,"POCSO Act Sec 4, BNS 64",15.041045,77.021403,P001606,P000114,P001438,SI Mahesh Bhat,Chargesheeted
FIR202502721,FIR/2721/2025,PS0168,Bidar,2025-11-01 08:56,2025-11-01 13:56,Murder,Gang Conflict,BNS 103(1),17.716346,77.662507,P006126,P000603,P006999,SI Ravi Kumar,Under Investigation
FIR202504253,FIR/4253/2025,PS0170,Bidar,2025-11-01 07:04,2025-11-01 15:04,Dacoity,Bank Dacoity,BNS 310(2),17.873457,77.364352,P005977,P001128,P000110,PI Harish Naik,Under Investigation
FIR202500331,FIR/0331/2025,PS0116,Bengaluru Urban,2025-10-31 12:01,2025-11-01 19:01,Vehicle Theft,Car Theft,BNS 303(2),12.995564,77.551972,P000516,P004402,P002164,PI Lakshmi Devi,Chargesheeted
FIR202503580,FIR/3580/2025,PS0070,Bengaluru Rural,2025-10-29 18:09,2025-11-01 21:09,NDPS,Drug Trafficking,NDPS Act Sec 20(b),13.272316,77.757887,P009340,P003714,P006620,PI Chetan Kumar,Chargesheeted
FIR202504944,FIR/4944/2025,PS0180,Bidar,2025-11-01 20:32,2025-11-01 21:32,Dacoity,Bank Dacoity,BNS 310(2),18.036165,77.418239,P006987,P004409,P008675,SI Prakash Sharma,Chargesheeted
FIR202500648,FIR/0648/2025,PS0212,Chamarajanagar,2025-10-31 18:45,2025-11-01 21:45,Theft,House Theft,BNS 303(2),12.050625,76.848115,P002546,P006993,P009163,PI Naveen Patil,Chargesheeted
FIR202500806,FIR/0806/2025,PS0097,Bengaluru Rural,2025-11-01 15:08,2025-11-02 00:08,Fraud,Land Scam,BNS 318(4),13.116925,77.482616,P005538,P002346,P005056,PI Ramesh Gowda,Chargesheeted
FIR202503515,FIR/3515/2025,PS0172,Bidar,2025-11-01 19:15,2025-11-02 03:15,Burglary,Day Burglary,"BNS 331(3), BNS 331(4)",17.935393,77.470187,P006195,P001773,P002739,PI Naveen Patil,Under Investigation
FIR202502188,FIR/2188/2025,PS0159,Bidar,2025-11-01 23:34,2025-11-02 03:34,Assault,Simple Assault,"BNS 115(2), BNS 117(2)",18.052115,77.483928,P003517,P004004,P008028,PI Naveen Patil,Chargesheeted
FIR202501414,FIR/1414/2025,PS0181,Bidar,2025-10-30 22:27,2025-11-02 04:27,Dacoity,Armed Dacoity,BNS 310(2),18.026717,77.392356,P007100,P003893,P002200,SI Mahesh Bhat,Chargesheeted
FIR202501870,FIR/1870/2025,PS0099,Bengaluru Rural,2025-11-02 01:27,2025-11-02 05:27,Burglary,Night House Breaking,"BNS 331(3), BNS 331(4)",13.270215,77.690551,P004772,P003538,P007460,PI Naveen Patil,Closed
FIR202500328,FIR/0328/2025,PS0088,Bengaluru Rural,2025-11-02 01:39,2025-11-02 07:39,Assault,Simple Assault,"BNS 115(2), BNS 117(2)",13.061081,77.407466,P004002,P006753,P008775,PI Chetan Kumar,Chargesheeted
FIR202503972,FIR/3972/2025,PS0034,Ballari,2025-11-01 22:51,2025-11-02 08:51,Robbery,Highway Robbery,BNS 309(4),15.021044,77.110926,P005893,P008026,P005047,PI Suresh Kulkarni,Chargesheeted
FIR202503859,FIR/3859/2025,PS0066,Belagavi,2025-11-02 05:59,2025-11-02 08:59,Vehicle Theft,Car Theft,BNS 303(2),15.932749,74.615354,P008880,P000279,P002955,SI Ganesh Rao,Chargesheeted
FIR202503044,FIR/3044/2025,PS0076,Bengaluru Rural,2025-11-02 09:11,2025-11-02 10:11,Murder,Dowry Homicide,BNS 103(1),13.307,77.765577,P008974,P004102,P009862,PI Naveen Patil,Under Investigation
FIR202502416,FIR/2416/2025,PS0056,Belagavi,2025-11-02 09:15,2025-11-02 11:15,NDPS,Drug Trafficking,NDPS Act Sec 20(b),15.746928,74.619419,P002025,P008209,P001991,PI Harish Naik,Under Investigation
FIR202502013,FIR/2013/2025,PS0119,Bengaluru Urban,2025-11-02 03:59,2025-11-02 11:59,Cyber Crime,Financial Fraud,"IT Act 66D, BNS 318(4)",12.803596,77.773087,P006563,P007590,P005885,SI Prakash Sharma,Chargesheeted
FIR202502848,FIR/2848/2025,PS0204,Chamarajanagar,2025-10-30 08:56,2025-11-02 13:56,NDPS,Drug Trafficking,NDPS Act Sec 20(b),12.058523,77.069989,P004072,P005452,P004540,SI Prakash Sharma,Under Investigation
FIR202502165,FIR/2165/2025,PS0179,Bidar,2025-10-28 04:01,2025-11-02 14:01,NDPS,Drug Trafficking,NDPS Act Sec 20(b),18.111578,77.387453,P003914,P004252,P002913,PI Naveen Patil,Chargesheeted
FIR202503882,FIR/3882/2025,PS0157,Bidar,2025-10-30 08:33,2025-11-02 15:33,Assault,Simple Assault,"BNS 115(2), BNS 117(2)",17.809184,77.574368,P005841,P007650,P003587,PI Harish Naik,Untraced
FIR202500741,FIR/0741/2025,PS0242,Chikkaballapura,2025-11-01 06:58,2025-11-02 15:58,POCSO,Harassment,"POCSO Act Sec 4, BNS 64",13.275506,77.855268,P005268,P001627,P003845,PI Naveen Patil,Under Investigation
FIR202501948,FIR/1948/2025,PS0040,Ballari,2025-10-31 16:14,2025-11-02 17:14,POCSO,Sexual Assault on Minor,"POCSO Act Sec 4, BNS 64",15.313286,76.816663,P009383,P006283,P006398,PI Ramesh Gowda,Under Investigation
FIR202504446,FIR/4446/2025,PS0241,Chikkaballapura,2025-10-31 13:33,2025-11-02 18:33,NDPS,Drug Trafficking,NDPS Act Sec 20(b),13.248128,77.899349,P001121,P004251,P004017,SI Divya Hegde,Under Investigation
FIR202501835,FIR/1835/2025,PS0131,Bengaluru Urban,2025-10-31 08:06,2025-11-02 19:06,NDPS,Possession of Narcotics,NDPS Act Sec 20(b),12.997896,77.630725,P000609,P005122,P005395,PI Naveen Patil,Chargesheeted
FIR202504543,FIR/4543/2025,PS0225,Chamarajanagar,2025-10-30 11:39,2025-11-02 21:39,Theft,Snatching,BNS 303(2),12.031141,76.765437,P009502,P004372,P000882,SI Prakash Sharma,Chargesheeted
FIR202501049,FIR/1049/2025,PS0225,Chamarajanagar,2025-11-02 12:58,2025-11-02 22:58,POCSO,Harassment,"POCSO Act Sec 4, BNS 64",12.018618,76.762651,P002838,P001597,P009420,SI Ganesh Rao,Chargesheeted
FIR202501735,FIR/1735/2025,PS0195,Chamarajanagar,2025-11-01 14:02,2025-11-03 00:02,Cyber Crime,Financial Fraud,"IT Act 66D, BNS 318(4)",11.872133,77.050472,P004529,P005118,P007071,PI Harish Naik,Chargesheeted
FIR202502303,FIR/2303/2025,PS0215,Chamarajanagar,2025-11-02 12:56,2025-11-03 00:56,NDPS,Possession of Narcotics,NDPS Act Sec 20(b),11.86269,76.955806,P004057,P000241,P008932,PI Harish Naik,Chargesheeted
FIR202500067,FIR/0067/2025,PS0039,Ballari,2025-10-30 18:17,2025-11-03 04:17,Dacoity,Bank Dacoity,BNS 310(2),15.331596,76.924096,P006614,P008474,P005755,PI Chetan Kumar,Chargesheeted
FIR202504731,FIR/4731/2025,PS0237,Chikkaballapura,2025-11-02 22:02,2025-11-03 05:02,Fraud,Cheating,BNS 318(4),13.361915,77.648015,P009120,P002463,P008186,PI Lakshmi Devi,Untraced
FIR202504416,FIR/4416/2025,PS0045,Ballari,2025-11-02 03:42,2025-11-03 05:42,Dacoity,Armed Dacoity,BNS 310(2),14.992482,76.872882,P005333,P007066,P001894,SI Ravi Kumar,Under Investigation
FIR202503707,FIR/3707/2025,PS0241,Chikkaballapura,2025-11-01 19:42,2025-11-03 06:42,Dacoity,Armed Dacoity,BNS 310(2),13.245448,77.924264,P009885,P007201,P005104,SI Mahesh Bhat,Under Investigation
FIR202502914,FIR/2914/2025,PS0210,Chamarajanagar,2025-11-01 19:17,2025-11-03 07:17,Assault,Public Affray,"BNS 115(2), BNS 117(2)",11.990588,76.798963,P004700,P002807,P004669,SI Ganesh Rao,Chargesheeted
FIR202504172,FIR/4172/2025,PS0052,Belagavi,2025-10-31 07:09,2025-11-03 08:09,POCSO,Harassment,"POCSO Act Sec 4, BNS 64",15.897971,74.295507,P002676,P006512,P002002,PI Lakshmi Devi,Chargesheeted
FIR202502343,FIR/2343/2025,PS0200,Chamarajanagar,2025-11-01 20:42,2025-11-03 08:42,Theft,House Theft,BNS 303(2),11.805651,77.030421,P007340,P006335,P007537,SI Ganesh Rao,Under Investigation
FIR202503754,FIR/3754/2025,PS0218,Chamarajanagar,2025-11-01 20:52,2025-11-03 08:52,Burglary,Night House Breaking,"BNS 331(3), BNS 331(4)",11.854994,77.041507,P005086,P000366,P000631,SI Ganesh Rao,Chargesheeted
FIR202504035,FIR/4035/2025,PS0035,Ballari,2025-11-02 01:42,2025-11-03 11:42,Assault,Public Affray,"BNS 115(2), BNS 117(2)",15.245097,76.87227,P008075,P006751,P002799,SI Prakash Sharma,Chargesheeted
FIR202500883,FIR/0883/2025,PS0229,Chamarajanagar,2025-11-03 08:46,2025-11-03 11:46,Theft,Snatching,BNS 303(2),12.05204,77.028424,P002447,P000301,P007715,PI Naveen Patil,Chargesheeted
FIR202502245,FIR/2245/2025,PS0163,Bidar,2025-11-01 06:29,2025-11-03 12:29,Assault,Public Affray,"BNS 115(2), BNS 117(2)",17.927933,77.577267,P008669,P004368,P005366,SI Mahesh Bhat,Untraced
FIR202503246,FIR/3246/2025,PS0089,Bengaluru Rural,2025-11-01 11:47,2025-11-03 12:47,Dacoity,Armed Dacoity,BNS 310(2),13.355189,77.600913,P004552,P009220,P006932,SI Divya Hegde,Untraced
FIR202501582,FIR/1582/2025,PS0085,Bengaluru Rural,2025-11-03 10:49,2025-11-03 12:49,Fraud,Corporate Fraud,BNS 318(4),13.086542,77.4358,P003348,P008012,P002469,SI Prakash Sharma,Under Investigation
FIR202504478,FIR/4478/2025,PS0147,Bengaluru Urban,2025-11-03 08:12,2025-11-03 13:12,POCSO,Sexual Assault on Minor,"POCSO Act Sec 4, BNS 64",12.931261,77.569025,P006552,P004916,P007017,PI Harish Naik,Under Investigation
FIR202501475,FIR/1475/2025,PS0182,Bidar,2025-11-01 06:26,2025-11-03 13:26,Dacoity,Bank Dacoity,BNS 310(2),17.911615,77.669036,P002266,P002397,P002964,PI Chetan Kumar,Chargesheeted
FIR202501542,FIR/1542/2025,PS0055,Belagavi,2025-11-02 03:48,2025-11-03 14:48,Assault,Public Affray,"BNS 115(2), BNS 117(2)",15.808919,74.356299,P008387,P008263,P006485,SI Prakash Sharma,Under Investigation
FIR202504809,FIR/4809/2025,PS0044,Ballari,2025-11-01 11:19,2025-11-03 16:19,Vehicle Theft,Car Theft,BNS 303(2),15.302473,76.911801,P004775,P002974,P009799,SI Ganesh Rao,Under Investigation
FIR202502205,FIR/2205/2025,PS0028,Ballari,2025-10-31 11:36,2025-11-03 18:36,Cyber Crime,Phishing,"IT Act 66D, BNS 318(4)",15.042287,76.861311,P002311,P005627,P007691,PI Harish Naik,Chargesheeted
FIR202502507,FIR/2507/2025,PS0003,Bagalkote,2025-11-02 07:47,2025-11-03 19:47,Assault,Grievous Hurt,"BNS 115(2), BNS 117(2)",16.344582,75.857815,P007792,P007123,P009467,SI Divya Hegde,Under Investigation
FIR202503321,FIR/3321/2025,PS0173,Bidar,2025-11-03 12:48,2025-11-03 19:48,Robbery,Highway Robbery,BNS 309(4),17.747258,77.609263,P005883,P003870,P008159,SI Mahesh Bhat,Under Investigation
FIR202504226,FIR/4226/2025,PS0210,Chamarajanagar,2025-11-02 13:05,2025-11-03 21:05,Cyber Crime,Identity Theft,"IT Act 66D, BNS 318(4)",12.011053,76.810351,P008805,P003015,P008748,PI Ramesh Gowda,Chargesheeted
FIR202504988,FIR/4988/2025,PS0028,Ballari,2025-11-02 17:05,2025-11-03 22:05,Theft,Pocket Pick,BNS 303(2),15.040688,76.841996,P002413,P001324,P002818,PI Harish Naik,Untraced
FIR202503639,FIR/3639/2025,PS0114,Bengaluru Urban,2025-11-03 16:57,2025-11-03 23:57,Vehicle Theft,Car Theft,BNS 303(2),12.974567,77.742997,P000622,P000978,"P003279, P006361",SI Divya Hegde,Under Investigation
FIR202502618,FIR/2618/2025,PS0155,Bidar,2025-11-03 19:53,2025-11-04 00:53,Dacoity,Armed Dacoity,BNS 310(2),17.956581,77.327986,P005602,P007639,P009958,PI Ramesh Gowda,Chargesheeted
FIR202504469,FIR/4469/2025,PS0173,Bidar,2025-11-03 16:06,2025-11-04 01:06,POCSO,Sexual Assault on Minor,"POCSO Act Sec 4, BNS 64",17.736457,77.577857,P006089,P004914,"P008269, P000166",SI Mahesh Bhat,Chargesheeted
FIR202503699,FIR/3699/2025,PS0182,Bidar,2025-11-02 15:36,2025-11-04 01:36,Assault,Public Affray,"BNS 115(2), BNS 117(2)",17.925215,77.688777,P003337,P007291,P007445,SI Mahesh Bhat,Untraced
FIR202503165,FIR/3165/2025,PS0101,Bengaluru Rural,2025-11-02 15:14,2025-11-04 03:14,Burglary,Night House Breaking,"BNS 331(3), BNS 331(4)",13.268856,77.71719,P007243,P000193,"P009067, P009234",SI Ganesh Rao,Under Investigation
FIR202504107,FIR/4107/2025,PS0035,Ballari,2025-11-03 22:18,2025-11-04 03:18,Dacoity,Bank Dacoity,BNS 310(2),15.215288,76.86292,P003441,P009980,P005865,PI Chetan Kumar,Chargesheeted
FIR202502299,FIR/2299/2025,PS0226,Chamarajanagar,2025-11-02 00:34,2025-11-04 04:34,Theft,Pocket Pick,BNS 303(2),11.743439,76.98989,P002406,P007861,"P007165, P009032",PI Harish Naik,Untraced
FIR202501526,FIR/1526/2025,PS0200,Chamarajanagar,2025-11-01 23:05,2025-11-04 05:05,Theft,House Theft,BNS 303(2),11.794477,77.033132,P001236,P005430,P001887,PI Lakshmi Devi,Under Investigation
FIR202504415,FIR/4415/2025,PS0127,Bengaluru Urban,2025-11-01 18:45,2025-11-04 06:45,Dacoity,Bank Dacoity,BNS 310(2),13.112626,77.625649,P003806,P001859,P002123,SI Prakash Sharma,Chargesheeted
FIR202503027,FIR/3027/2025,PS0061,Belagavi,2025-11-02 03:55,2025-11-04 06:55,Theft,Pocket Pick,BNS 303(2),16.008443,74.432349,P003527,P007936,P008025,PI Chetan Kumar,Chargesheeted
FIR202502821,FIR/2821/2025,PS0111,Bengaluru Urban,2025-11-02 01:19,2025-11-04 09:19,Cyber Crime,Phishing,"IT Act 66D, BNS 318(4)",12.762843,77.574272,P004844,P007338,P003111,SI Divya Hegde,Chargesheeted
FIR202504565,FIR/4565/2025,PS0020,Bagalkote,2025-11-01 05:04,2025-11-04 10:04,Theft,Pocket Pick,BNS 303(2),16.26332,75.587053,P005827,P008651,P003809,SI Divya Hegde,Closed
FIR202501667,FIR/1667/2025,PS0017,Bagalkote,2025-11-03 08:07,2025-11-04 11:07,Burglary,Day Burglary,"BNS 331(3), BNS 331(4)",16.274285,75.540667,P009517,P006692,P006607,PI Lakshmi Devi,Chargesheeted
FIR202504956,FIR/4956/2025,PS0161,Bidar,2025-11-04 04:56,2025-11-04 13:56,Assault,Public Affray,"BNS 115(2), BNS 117(2)",17.989417,77.511213,P001937,P003477,P000259,SI Prakash Sharma,Chargesheeted
FIR202504230,FIR/4230/2025,PS0029,Ballari,2025-11-02 07:36,2025-11-04 14:36,Cyber Crime,Phishing,"IT Act 66D, BNS 318(4)",14.98948,76.906983,P002980,P004756,P005357,PI Chetan Kumar,Under Investigation
FIR202501919,FIR/1919/2025,PS0001,Bagalkote,2025-11-04 05:44,2025-11-04 15:44,Fraud,Land Scam,BNS 318(4),16.175079,75.592745,P005492,P005005,P002258,PI Chetan Kumar,Under Investigation
FIR202501838,FIR/1838/2025,PS0086,Bengaluru Rural,2025-11-04 13:12,2025-11-04 16:12,NDPS,Drug Trafficking,NDPS Act Sec 20(b),13.309675,77.476049,P002510,P003220,P006412,PI Suresh Kulkarni,Under Investigation
FIR202504996,FIR/4996/2025,PS0199,Chamarajanagar,2025-11-02 09:28,2025-11-04 16:28,Cyber Crime,Identity Theft,"IT Act 66D, BNS 318(4)",11.87595,77.047573,P003584,P009779,P003609,PI Ramesh Gowda,Under Investigation
FIR202503182,FIR/3182/2025,PS0128,Bengaluru Urban,2025-11-04 18:10,2025-11-04 20:10,Fraud,Cheating,BNS 318(4),13.023263,77.591266,P009084,P004235,P007966,SI Mahesh Bhat,Under Investigation
FIR202504039,FIR/4039/2025,PS0129,Bengaluru Urban,2025-11-01 16:31,2025-11-04 21:31,NDPS,Drug Trafficking,NDPS Act Sec 20(b),12.792082,77.777702,P009816,P008349,P002989,SI Divya Hegde,Chargesheeted
FIR202502018,FIR/2018/2025,PS0151,Bengaluru Urban,2025-11-04 17:24,2025-11-04 22:24,Burglary,Day Burglary,"BNS 331(3), BNS 331(4)",12.872238,77.462455,P002809,P001562,P009222,SI Ganesh Rao,Chargesheeted
FIR202504473,FIR/4473/2025,PS0221,Chamarajanagar,2025-11-04 20:36,2025-11-05 00:36,POCSO,Sexual Assault on Minor,"POCSO Act Sec 4, BNS 64",12.031017,77.115752,P009658,P000266,P002612,SI Ganesh Rao,Chargesheeted
FIR202501034,FIR/1034/2025,PS0062,Belagavi,2025-11-04 00:54,2025-11-05 01:54,Theft,House Theft,BNS 303(2),15.755562,74.47513,P003730,P001185,P009351,SI Divya Hegde,Under Investigation
FIR202504818,FIR/4818/2025,PS0072,Bengaluru Rural,2025-11-04 19:06,2025-11-05 03:06,POCSO,Sexual Assault on Minor,"POCSO Act Sec 4, BNS 64",13.282679,77.640194,P003652,P002047,P004716,PI Naveen Patil,Chargesheeted
FIR202503467,FIR/3467/2025,PS0055,Belagavi,2025-11-05 00:47,2025-11-05 03:47,Murder,Gang Conflict,BNS 103(1),15.829245,74.368279,P009344,P008145,P003426,PI Naveen Patil,Under Investigation
FIR202500198,FIR/0198/2025,PS0059,Belagavi,2025-11-05 00:38,2025-11-05 05:38,Fraud,Corporate Fraud,BNS 318(4),15.820246,74.530241,P002275,P006568,P008391,SI Ravi Kumar,Chargesheeted
FIR202502306,FIR/2306/2025,PS0057,Belagavi,2025-11-04 20:25,2025-11-05 06:25,Murder,Gang Conflict,BNS 103(1),15.664449,74.399616,P002898,P004268,P002489,SI Divya Hegde,Closed
FIR202501232,FIR/1232/2025,PS0159,Bidar,2025-11-05 04:30,2025-11-05 07:30,Dacoity,Armed Dacoity,BNS 310(2),18.04896,77.488981,P004022,P009314,P007132,SI Mahesh Bhat,Under Investigation
FIR202502655,FIR/2655/2025,PS0039,Ballari,2025-11-04 21:56,2025-11-05 09:56,Murder,Personal Enmity,BNS 103(1),15.337314,76.916056,P007529,P003266,P000227,SI Ravi Kumar,Chargesheeted
FIR202501245,FIR/1245/2025,PS0242,Chikkaballapura,2025-11-05 03:58,2025-11-05 09:58,Burglary,Day Burglary,"BNS 331(3), BNS 331(4)",13.276057,77.842628,P009836,P005390,P004485,PI Ramesh Gowda,Chargesheeted
FIR202501959,FIR/1959/2025,PS0052,Belagavi,2025-11-03 07:57,2025-11-05 11:57,Burglary,Night House Breaking,"BNS 331(3), BNS 331(4)",15.925168,74.299493,P006641,P002791,P007863,PI Lakshmi Devi,Chargesheeted
FIR202501380,FIR/1380/2025,PS0154,Bidar,2025-11-05 05:00,2025-11-05 12:00,Assault,Simple Assault,"BNS 115(2), BNS 117(2)",17.88039,77.422725,P009693,P005537,P004146,SI Ganesh Rao,Under Investigation
FIR202503275,FIR/3275/2025,PS0005,Bagalkote,2025-11-04 06:52,2025-11-05 12:52,Robbery,Chain Snatching with Force,BNS 309(4),16.170546,75.595822,P008897,P003685,P004604,SI Divya Hegde,Chargesheeted
FIR202501682,FIR/1682/2025,PS0041,Ballari,2025-11-04 07:46,2025-11-05 14:46,Fraud,Corporate Fraud,BNS 318(4),15.266934,76.909378,P003743,P005150,P007121,PI Lakshmi Devi,Under Investigation
FIR202501926,FIR/1926/2025,PS0248,Chikkaballapura,2025-11-04 12:50,2025-11-05 14:50,Cyber Crime,Identity Theft,"IT Act 66D, BNS 318(4)",13.234794,77.788852,P004990,P009093,P005219,PI Ramesh Gowda,Under Investigation
FIR202500885,FIR/0885/2025,PS0223,Chamarajanagar,2025-11-05 04:38,2025-11-05 15:38,Theft,House Theft,BNS 303(2),11.848819,76.800901,P001561,P009976,P003622,PI Lakshmi Devi,Under Investigation
FIR202500429,FIR/0429/2025,PS0237,Chikkaballapura,2025-11-03 08:06,2025-11-05 17:06,Assault,Public Affray,"BNS 115(2), BNS 117(2)",13.351039,77.636783,P005024,P006628,P003086,PI Suresh Kulkarni,Untraced
FIR202500630,FIR/0630/2025,PS0195,Chamarajanagar,2025-11-04 06:14,2025-11-05 17:14,Burglary,Night House Breaking,"BNS 331(3), BNS 331(4)",11.858059,77.04508,P004752,P005900,P006859,SI Ravi Kumar,Under Investigation
FIR202501213,FIR/1213/2025,PS0123,Bengaluru Urban,2025-11-05 14:44,2025-11-05 17:44,Murder,Dowry Homicide,BNS 103(1),13.021783,77.471322,P001776,P006497,P005220,PI Harish Naik,Chargesheeted
FIR202504974,FIR/4974/2025,PS0026,Ballari,2025-11-01 07:45,2025-11-05 17:45,Murder,Personal Enmity,BNS 103(1),15.201441,76.953142,P009829,P000448,P006391,SI Ravi Kumar,Under Investigation
FIR202503991,FIR/3991/2025,PS0116,Bengaluru Urban,2025-11-05 15:42,2025-11-05 18:42,Dacoity,Armed Dacoity,BNS 310(2),13.004527,77.519639,P001436,P009084,P005941,PI Ramesh Gowda,Under Investigation
FIR202504067,FIR/4067/2025,PS0196,Chamarajanagar,2025-11-02 12:56,2025-11-05 20:56,Cyber Crime,Identity Theft,"IT Act 66D, BNS 318(4)",12.000796,76.943906,P009557,P002138,P005704,SI Divya Hegde,Under Investigation
FIR202500258,FIR/0258/2025,PS0150,Bengaluru Urban,2025-11-01 16:05,2025-11-05 21:05,POCSO,Harassment,"POCSO Act Sec 4, BNS 64",13.097566,77.727923,P001049,P005837,P008775,SI Divya Hegde,Under Investigation
FIR202501697,FIR/1697/2025,PS0237,Chikkaballapura,2025-11-04 17:29,2025-11-05 22:29,NDPS,Drug Trafficking,NDPS Act Sec 20(b),13.353428,77.658827,P005810,P004823,P004209,PI Harish Naik,Chargesheeted
FIR202503723,FIR/3723/2025,PS0216,Chamarajanagar,2025-11-05 23:23,2025-11-06 00:23,Cyber Crime,Identity Theft,"IT Act 66D, BNS 318(4)",11.747569,76.97223,P008446,P004098,P008977,PI Harish Naik,Under Investigation
FIR202504195,FIR/4195/2025,PS0137,Bengaluru Urban,2025-11-01 22:22,2025-11-06 02:22,Vehicle Theft,Two-Wheeler Theft,BNS 303(2),12.890979,77.741656,P003776,P000655,P007549,PI Lakshmi Devi,Under Investigation
FIR202502687,FIR/2687/2025,PS0116,Bengaluru Urban,2025-11-04 17:34,2025-11-06 03:34,Theft,Snatching,BNS 303(2),12.981857,77.518136,P000157,P001992,"P006160, P003881",SI Mahesh Bhat,Closed
FIR202503472,FIR/3472/2025,PS0063,Belagavi,2025-11-06 01:59,2025-11-06 06:59,Burglary,Night House Breaking,"BNS 331(3), BNS 331(4)",16.024836,74.709434,P009346,P003558,P001919,PI Chetan Kumar,Chargesheeted
FIR202504804,FIR/4804/2025,PS0044,Ballari,2025-11-06 02:55,2025-11-06 07:55,Assault,Public Affray,"BNS 115(2), BNS 117(2)",15.294743,76.92501,P009755,P003651,P003897,PI Lakshmi Devi,Chargesheeted
FIR202501786,FIR/1786/2025,PS0083,Bengaluru Rural,2025-11-06 00:09,2025-11-06 09:09,Dacoity,Armed Dacoity,BNS 310(2),13.254803,77.577848,P004288,P004116,P000687,SI Prakash Sharma,Under Investigation
FIR202504978,FIR/4978/2025,PS0044,Ballari,2025-11-06 06:12,2025-11-06 10:12,Murder,Dowry Homicide,BNS 103(1),15.297831,76.910353,P004957,P003158,P008651,PI Chetan Kumar,Chargesheeted
FIR202500012,FIR/0012/2025,PS0169,Bidar,2025-11-04 22:44,2025-11-06 10:44,POCSO,Harassment,"POCSO Act Sec 4, BNS 64",18.000794,77.727252,P006804,P008620,P007845,PI Harish Naik,Under Investigation
FIR202503426,FIR/3426/2025,PS0184,Bidar,2025-11-06 09:18,2025-11-06 13:18,Theft,Pocket Pick,BNS 303(2),17.891352,77.625674,P003124,P007368,P005224,SI Ravi Kumar,Chargesheeted
FIR202503567,FIR/3567/2025,PS0126,Bengaluru Urban,2025-11-01 13:25,2025-11-06 15:25,Assault,Grievous Hurt,"BNS 115(2), BNS 117(2)",12.880411,77.568216,P002844,P001894,P004758,SI Divya Hegde,Under Investigation
FIR202500574,FIR/0574/2025,PS0236,Chikkaballapura,2025-11-05 08:48,2025-11-06 15:48,Assault,Simple Assault,"BNS 115(2), BNS 117(2)",13.622281,77.930337,P001192,P003545,P003148,SI Ganesh Rao,Chargesheeted
FIR202500292,FIR/0292/2025,PS0237,Chikkaballapura,2025-11-06 06:36,2025-11-06 16:36,Dacoity,Bank Dacoity,BNS 310(2),13.343934,77.638137,P001721,P004387,P008496,SI Ganesh Rao,Chargesheeted
FIR202503477,FIR/3477/2025,PS0138,Bengaluru Urban,2025-11-03 17:35,2025-11-06 20:35,Fraud,Cheating,BNS 318(4),13.168092,77.445492,P004157,P008590,P007599,PI Harish Naik,Chargesheeted
FIR202503804,FIR/3804/2025,PS0082,Bengaluru Rural,2025-11-04 18:58,2025-11-06 20:58,Dacoity,Armed Dacoity,BNS 310(2),13.339149,77.414949,P005356,P005684,P001035,PI Suresh Kulkarni,Chargesheeted
FIR202503198,FIR/3198/2025,PS0158,Bidar,2025-11-01 17:20,2025-11-06 21:20,Dacoity,Armed Dacoity,BNS 310(2),17.916446,77.506286,P008147,P005195,P005498,SI Ganesh Rao,Under Investigation
FIR202500276,FIR/0276/2025,PS0116,Bengaluru Urban,2025-11-05 13:27,2025-11-06 21:27,Vehicle Theft,Two-Wheeler Theft,BNS 303(2),12.998262,77.522037,P005693,P003671,P001265,SI Mahesh Bhat,Under Investigation
FIR202501975,FIR/1975/2025,PS0221,Chamarajanagar,2025-11-06 15:48,2025-11-06 22:48,Robbery,Highway Robbery,BNS 309(4),12.056035,77.09896,P006956,P002396,P002764,SI Divya Hegde,Chargesheeted
FIR202501094,FIR/1094/2025,PS0048,Belagavi,2025-11-06 14:09,2025-11-06 23:09,Fraud,Cheating,BNS 318(4),15.736224,74.49598,P009277,P003296,P000097,SI Divya Hegde,Untraced
FIR202503685,FIR/3685/2025,PS0108,Bengaluru Rural,2025-11-06 13:54,2025-11-06 23:54,Robbery,Chain Snatching with Force,BNS 309(4),13.205436,77.455047,P009778,P009390,P008235,PI Lakshmi Devi,Chargesheeted
FIR202504579,FIR/4579/2025,PS0041,Ballari,2025-11-07 00:16,2025-11-07 03:16,Burglary,Day Burglary,"BNS 331(3), BNS 331(4)",15.250943,76.910104,P009227,P006747,"P005386, P002915",SI Ganesh Rao,Chargesheeted
FIR202500082,FIR/0082/2025,PS0020,Bagalkote,2025-11-06 19:46,2025-11-07 03:46,Burglary,Day Burglary,"BNS 331(3), BNS 331(4)",16.245762,75.605348,P002553,P003748,P002395,SI Divya Hegde,Chargesheeted
FIR202502171,FIR/2171/2025,PS0089,Bengaluru Rural,2025-11-06 16:06,2025-11-07 04:06,POCSO,Sexual Assault on Minor,"POCSO Act Sec 4, BNS 64",13.367049,77.596458,P006137,P009949,P007666,PI Ramesh Gowda,Chargesheeted
FIR202502550,FIR/2550/2025,PS0117,Bengaluru Urban,2025-11-07 01:27,2025-11-07 04:27,Vehicle Theft,Car Theft,BNS 303(2),13.133985,77.797537,P004923,P008295,P001941,SI Ganesh Rao,Under Investigation
FIR202502541,FIR/2541/2025,PS0091,Bengaluru Rural,2025-11-03 19:27,2025-11-07 04:27,Murder,Personal Enmity,BNS 103(1),13.036884,77.639228,P008903,P005278,P004426,SI Divya Hegde,Chargesheeted
FIR202500176,FIR/0176/2025,PS0132,Bengaluru Urban,2025-11-03 02:04,2025-11-07 06:04,Cyber Crime,Phishing,"IT Act 66D, BNS 318(4)",12.989683,77.655058,P009796,P006101,P008189,SI Mahesh Bhat,Chargesheeted
FIR202503955,FIR/3955/2025,PS0053,Belagavi,2025-11-05 03:16,2025-11-07 07:16,Burglary,Day Burglary,"BNS 331(3), BNS 331(4)",15.848674,74.323572,P004739,P009322,P003026,PI Ramesh Gowda,Under Investigation
FIR202500542,FIR/0542/2025,PS0211,Chamarajanagar,2025-11-06 23:27,2025-11-07 08:27,POCSO,Harassment,"POCSO Act Sec 4, BNS 64",11.842545,77.085828,P001925,P002041,P002796,SI Ravi Kumar,Under Investigation
FIR202501272,FIR/1272/2025,PS0219,Chamarajanagar,2025-11-06 02:30,2025-11-07 08:30,Assault,Grievous Hurt,"BNS 115(2), BNS 117(2)",11.884319,76.865261,P000187,P007637,P004073,SI Ganesh Rao,Chargesheeted
FIR202502854,FIR/2854/2025,PS0156,Bidar,2025-11-07 04:56,2025-11-07 09:56,Vehicle Theft,Two-Wheeler Theft,BNS 303(2),18.010372,77.509457,P006516,P005295,P008325,SI Ganesh Rao,Chargesheeted
FIR202504793,FIR/4793/2025,PS0069,Belagavi,2025-11-06 22:40,2025-11-07 10:40,Theft,House Theft,BNS 303(2),15.819704,74.341477,P007866,P004316,P001385,SI Ravi Kumar,Chargesheeted
FIR202503870,FIR/3870/2025,PS0219,Chamarajanagar,2025-11-06 05:43,2025-11-07 10:43,Theft,Snatching,BNS 303(2),11.858955,76.880772,P006702,P006780,P001314,PI Naveen Patil,Under Investigation
FIR202502587,FIR/2587/2025,PS0077,Bengaluru Rural,2025-11-05 06:22,2025-11-07 12:22,Robbery,Chain Snatching with Force,BNS 309(4),13.366825,77.615201,P007455,P008672,P009013,PI Suresh Kulkarni,Under Investigation
FIR202502430,FIR/2430/2025,PS0215,Chamarajanagar,2025-11-04 10:59,2025-11-07 12:59,Theft,House Theft,BNS 303(2),11.875775,76.958577,P001666,P000592,"P006007, P005128",SI Divya Hegde,Chargesheeted
FIR202500539,FIR/0539/2025,PS0019,Bagalkote,2025-11-06 16:43,2025-11-07 18:43,Dacoity,Armed Dacoity,BNS 310(2),16.029904,75.893101,P008576,P001767,P003570,PI Suresh Kulkarni,Under Investigation
FIR202503614,FIR/3614/2025,PS0223,Chamarajanagar,2025-11-06 12:35,2025-11-07 22:35,Burglary,Night House Breaking,"BNS 331(3), BNS 331(4)",11.873246,76.80597,P001587,P003319,P005086,SI Divya Hegde,Untraced
FIR202501227,FIR/1227/2025,PS0096,Bengaluru Rural,2025-11-07 18:44,2025-11-07 22:44,Fraud,Corporate Fraud,BNS 318(4),13.132811,77.462624,P006074,P006098,"P009935, P008782",PI Harish Naik,Closed
FIR202503648,FIR/3648/2025,PS0085,Bengaluru Rural,2025-11-07 16:51,2025-11-07 22:51,Vehicle Theft,Two-Wheeler Theft,BNS 303(2),13.09185,77.419346,P009214,P007074,P004076,PI Chetan Kumar,Chargesheeted
FIR202502823,FIR/2823/2025,PS0230,Chamarajanagar,2025-11-07 14:27,2025-11-07 23:27,Dacoity,Armed Dacoity,BNS 310(2),11.75781,77.059933,P004754,P006425,P009400,PI Harish Naik,Chargesheeted
FIR202504677,FIR/4677/2025,PS0179,Bidar,2025-11-07 14:40,2025-11-07 23:40,Assault,Public Affray,"BNS 115(2), BNS 117(2)",18.077403,77.389037,P005754,P009718,P009752,SI Ravi Kumar,Chargesheeted
FIR202504164,FIR/4164/2025,PS0237,Chikkaballapura,2025-11-07 16:48,2025-11-08 00:48,Robbery,Highway Robbery,BNS 309(4),13.333974,77.639963,P002074,P006945,P004711,PI Suresh Kulkarni,Chargesheeted
FIR202500117,FIR/0117/2025,PS0147,Bengaluru Urban,2025-11-08 00:54,2025-11-08 01:54,Vehicle Theft,Car Theft,BNS 303(2),12.910478,77.553537,P001508,P008732,P008000,PI Lakshmi Devi,Chargesheeted
FIR202500705,FIR/0705/2025,PS0012,Bagalkote,2025-11-07 23:59,2025-11-08 02:59,NDPS,Drug Trafficking,NDPS Act Sec 20(b),16.260421,75.827693,P008252,P007058,P008934,PI Harish Naik,Chargesheeted
FIR202502862,FIR/2862/2025,PS0184,Bidar,2025-11-07 20:15,2025-11-08 03:15,Burglary,Day Burglary,"BNS 331(3), BNS 331(4)",17.924697,77.624463,P008696,P000814,P001392,SI Prakash Sharma,Chargesheeted
FIR202500871,FIR/0871/2025,PS0166,Bidar,2025-11-06 22:28,2025-11-08 04:28,Assault,Simple Assault,"BNS 115(2), BNS 117(2)",17.817234,77.482672,P009163,P002095,P008099,PI Lakshmi Devi,Under Investigation
FIR202504703,FIR/4703/2025,PS0157,Bidar,2025-11-06 21:28,2025-11-08 05:28,POCSO,Sexual Assault on Minor,"POCSO Act Sec 4, BNS 64",17.830468,77.582823,P001103,P007231,P000693,SI Mahesh Bhat,Chargesheeted
FIR202500813,FIR/0813/2025,PS0046,Belagavi,2025-11-07 00:40,2025-11-08 05:40,Cyber Crime,Identity Theft,"IT Act 66D, BNS 318(4)",15.766995,74.498498,P009757,P004019,P001291,SI Mahesh Bhat,Chargesheeted
FIR202504360,FIR/4360/2025,PS0204,Chamarajanagar,2025-11-07 19:14,2025-11-08 06:14,Burglary,Day Burglary,"BNS 331(3), BNS 331(4)",12.033341,77.065376,P003123,P006316,"P008637, P003503",SI Ravi Kumar,Chargesheeted
FIR202500273,FIR/0273/2025,PS0027,Ballari,2025-11-07 08:29,2025-11-08 09:29,Robbery,Chain Snatching with Force,BNS 309(4),15.054484,77.068021,P004743,P007041,"P004791, P007134",PI Harish Naik,Untraced
FIR202501553,FIR/1553/2025,PS0187,Bidar,2025-11-07 02:03,2025-11-08 10:03,Cyber Crime,Financial Fraud,"IT Act 66D, BNS 318(4)",17.9527,77.702292,P000263,P009557,P001083,SI Divya Hegde,Untraced
FIR202504424,FIR/4424/2025,PS0128,Bengaluru Urban,2025-11-08 08:53,2025-11-08 10:53,Assault,Simple Assault,"BNS 115(2), BNS 117(2)",13.01789,77.588973,P006319,P005413,P007918,SI Divya Hegde,Chargesheeted
FIR202500009,FIR/0009/2025,PS0114,Bengaluru Urban,2025-11-08 03:27,2025-11-08 12:27,Fraud,Corporate Fraud,BNS 318(4),12.968704,77.729408,P003600,P009455,"P008229, P005954",PI Lakshmi Devi,Chargesheeted
FIR202502758,FIR/2758/2025,PS0170,Bidar,2025-11-07 04:13,2025-11-08 14:13,Cyber Crime,Phishing,"IT Act 66D, BNS 318(4)",17.899222,77.377545,P004484,P009558,P009366,PI Lakshmi Devi,Under Investigation
FIR202501060,FIR/1060/2025,PS0248,Chikkaballapura,2025-11-05 04:26,2025-11-08 15:26,POCSO,Sexual Assault on Minor,"POCSO Act Sec 4, BNS 64",13.261758,77.778025,P009660,P009075,P008815,PI Suresh Kulkarni,Chargesheeted
FIR202502720,FIR/2720/2025,PS0203,Chamarajanagar,2025-11-08 14:50,2025-11-08 15:50,Assault,Simple Assault,"BNS 115(2), BNS 117(2)",11.916473,76.863319,P000647,P007696,P004785,PI Suresh Kulkarni,Untraced
FIR202503712,FIR/3712/2025,PS0045,Ballari,2025-11-07 11:50,2025-11-08 15:50,POCSO,Sexual Assault on Minor,"POCSO Act Sec 4, BNS 64",15.008596,76.88595,P000253,P004272,P000904,PI Ramesh Gowda,Under Investigation
FIR202503887,FIR/3887/2025,PS0016,Bagalkote,2025-11-07 06:03,2025-11-08 16:03,Murder,Dowry Homicide,BNS 103(1),15.963833,75.65587,P008077,P002469,P005734,SI Ganesh Rao,Chargesheeted
FIR202504224,FIR/4224/2025,PS0095,Bengaluru Rural,2025-11-08 13:14,2025-11-08 17:14,Assault,Public Affray,"BNS 115(2), BNS 117(2)",13.098303,77.400056,P004329,P003827,P002755,SI Mahesh Bhat,Under Investigation
FIR202503836,FIR/3836/2025,PS0102,Bengaluru Rural,2025-11-08 11:48,2025-11-08 18:48,Assault,Public Affray,"BNS 115(2), BNS 117(2)",13.105257,77.628624,P000817,P004250,P009831,SI Ravi Kumar,Under Investigation
FIR202500076,FIR/0076/2025,PS0158,Bidar,2025-11-08 08:12,2025-11-08 19:12,Assault,Grievous Hurt,"BNS 115(2), BNS 117(2)",17.908732,77.507352,P007050,P000373,P003213,PI Lakshmi Devi,Chargesheeted
FIR202501502,FIR/1502/2025,PS0153,Bidar,2025-11-07 15:42,2025-11-08 19:42,Assault,Simple Assault,"BNS 115(2), BNS 117(2)",17.771005,77.328066,P000580,P005609,P008717,SI Prakash Sharma,Untraced
FIR202503988,FIR/3988/2025,PS0238,Chikkaballapura,2025-11-07 17:48,2025-11-08 19:48,Murder,Dowry Homicide,BNS 103(1),13.335012,77.936147,P008554,P004099,P004805,SI Ravi Kumar,Chargesheeted
FIR202503083,FIR/3083/2025,PS0030,Ballari,2025-11-08 10:50,2025-11-08 19:50,Assault,Simple Assault,"BNS 115(2), BNS 117(2)",15.174859,76.821163,P000932,P006137,P009908,PI Naveen Patil,Chargesheeted
FIR202503533,FIR/3533/2025,PS0146,Bengaluru Urban,2025-11-08 22:24,2025-11-08 23:24,Assault,Simple Assault,"BNS 115(2), BNS 117(2)",12.948355,77.764289,P003797,P007523,P004564,PI Naveen Patil,Chargesheeted
FIR202502615,FIR/2615/2025,PS0059,Belagavi,2025-11-08 14:29,2025-11-09 00:29,Robbery,Highway Robbery,BNS 309(4),15.82644,74.50928,P006126,P003166,P000391,PI Naveen Patil,Under Investigation
FIR202502134,FIR/2134/2025,PS0165,Bidar,2025-11-08 22:36,2025-11-09 00:36,Dacoity,Armed Dacoity,BNS 310(2),18.033117,77.478491,P005508,P003288,"P003856, P004256",PI Ramesh Gowda,Under Investigation
FIR202503753,FIR/3753/2025,PS0199,Chamarajanagar,2025-11-07 14:11,2025-11-09 01:11,Robbery,Chain Snatching with Force,BNS 309(4),11.870685,77.057479,P006138,P004466,P003370,PI Naveen Patil,Chargesheeted
FIR202502298,FIR/2298/2025,PS0181,Bidar,2025-11-08 13:37,2025-11-09 01:37,Assault,Simple Assault,"BNS 115(2), BNS 117(2)",18.010563,77.40184,P002778,P003313,P008983,PI Chetan Kumar,Under Investigation
FIR202504272,FIR/4272/2025,PS0040,Ballari,2025-11-06 16:46,2025-11-09 01:46,Vehicle Theft,Car Theft,BNS 303(2),15.31721,76.827237,P007997,P003989,P009179,PI Lakshmi Devi,Chargesheeted
FIR202503033,FIR/3033/2025,PS0091,Bengaluru Rural,2025-11-08 18:16,2025-11-09 03:16,Robbery,Chain Snatching with Force,BNS 309(4),13.044457,77.633266,P001191,P000503,"P007412, P001169",SI Prakash Sharma,Under Investigation
FIR202501670,FIR/1670/2025,PS0171,Bidar,2025-11-09 03:39,2025-11-09 05:39,Theft,House Theft,BNS 303(2),17.787543,77.558648,P005460,P001153,P004810,SI Prakash Sharma,Chargesheeted
FIR202504715,FIR/4715/2025,PS0118,Bengaluru Urban,2025-11-07 19:53,2025-11-09 05:53,Cyber Crime,Financial Fraud,"IT Act 66D, BNS 318(4)",12.782316,77.686272,P005135,P004358,P005434,PI Chetan Kumar,Chargesheeted
FIR202501066,FIR/1066/2025,PS0222,Chamarajanagar,2025-11-08 23:41,2025-11-09 06:41,Burglary,Night House Breaking,"BNS 331(3), BNS 331(4)",11.917501,76.756116,P006114,P002734,P006957,PI Harish Naik,Under Investigation
FIR202502783,FIR/2783/2025,PS0037,Ballari,2025-11-07 23:47,2025-11-09 06:47,Assault,Public Affray,"BNS 115(2), BNS 117(2)",15.07497,77.064188,P009119,P007139,P007133,PI Naveen Patil,Untraced
FIR202500308,FIR/0308/2025,PS0035,Ballari,2025-11-07 23:22,2025-11-09 08:22,Vehicle Theft,Two-Wheeler Theft,BNS 303(2),15.247946,76.836721,P000608,P006029,P009957,SI Mahesh Bhat,Chargesheeted
FIR202501662,FIR/1662/2025,PS0227,Chamarajanagar,2025-11-08 07:08,2025-11-09 09:08,POCSO,Harassment,"POCSO Act Sec 4, BNS 64",11.921513,76.917954,P007036,P006238,P007960,SI Ravi Kumar,Under Investigation
FIR202504498,FIR/4498/2025,PS0021,Bagalkote,2025-11-05 23:49,2025-11-09 09:49,Assault,Grievous Hurt,"BNS 115(2), BNS 117(2)",16.016224,75.522321,P009484,P007958,P006884,SI Prakash Sharma,Under Investigation
FIR202502284,FIR/2284/2025,PS0066,Belagavi,2025-11-09 07:05,2025-11-09 12:05,Theft,Pocket Pick,BNS 303(2),15.966501,74.640452,P007870,P004302,P001408,SI Ravi Kumar,Under Investigation
FIR202503435,FIR/3435/2025,PS0190,Bidar,2025-11-09 07:32,2025-11-09 13:32,Theft,Snatching,BNS 303(2),17.73795,77.59385,P007681,P007411,P002639,PI Naveen Patil,Closed
FIR202501739,FIR/1739/2025,PS0093,Bengaluru Rural,2025-11-09 07:38,2025-11-09 14:38,Burglary,Night House Breaking,"BNS 331(3), BNS 331(4)",13.204771,77.563417,P009439,P002331,P000001,PI Harish Naik,Chargesheeted
FIR202500962,FIR/0962/2025,PS0094,Bengaluru Rural,2025-11-08 07:47,2025-11-09 16:47,Cyber Crime,Identity Theft,"IT Act 66D, BNS 318(4)",13.050407,77.675839,P006269,P002822,P009133,SI Ravi Kumar,Closed
FIR202504114,FIR/4114/2025,PS0137,Bengaluru Urban,2025-11-06 15:29,2025-11-09 18:29,Vehicle Theft,Two-Wheeler Theft,BNS 303(2),12.878137,77.734421,P002288,P004731,P005821,PI Suresh Kulkarni,Chargesheeted
FIR202502651,FIR/2651/2025,PS0217,Chamarajanagar,2025-11-06 12:46,2025-11-09 19:46,Fraud,Land Scam,BNS 318(4),11.759845,76.908483,P008385,P005525,"P002009, P008873",PI Chetan Kumar,Chargesheeted
FIR202504589,FIR/4589/2025,PS0041,Ballari,2025-11-09 16:35,2025-11-09 20:35,Murder,Gang Conflict,BNS 103(1),15.246474,76.914424,P008326,P008245,"P004535, P005679",PI Ramesh Gowda,Chargesheeted
FIR202503243,FIR/3243/2025,PS0114,Bengaluru Urban,2025-11-07 13:15,2025-11-09 21:15,Cyber Crime,Financial Fraud,"IT Act 66D, BNS 318(4)",12.963862,77.73465,P009152,P008255,P008413,PI Harish Naik,Chargesheeted
FIR202501505,FIR/1505/2025,PS0090,Bengaluru Rural,2025-11-08 19:30,2025-11-09 21:30,POCSO,Sexual Assault on Minor,"POCSO Act Sec 4, BNS 64",13.425024,77.468904,P000299,P002193,P008108,SI Ravi Kumar,Under Investigation
FIR202501011,FIR/1011/2025,PS0150,Bengaluru Urban,2025-11-09 16:44,2025-11-09 21:44,Dacoity,Armed Dacoity,BNS 310(2),13.080715,77.7246,P006901,P002540,P008508,PI Chetan Kumar,Chargesheeted
FIR202500420,FIR/0420/2025,PS0110,Bengaluru Urban,2025-11-07 11:46,2025-11-09 23:46,Vehicle Theft,Car Theft,BNS 303(2),13.169849,77.618548,P009825,P000840,P001806,SI Mahesh Bhat,Chargesheeted
FIR202503428,FIR/3428/2025,PS0072,Bengaluru Rural,2025-11-04 18:36,2025-11-10 00:36,Fraud,Corporate Fraud,BNS 318(4),13.311115,77.621764,P009381,P001821,P004334,SI Ravi Kumar,Untraced
FIR202500454,FIR/0454/2025,PS0169,Bidar,2025-11-09 17:37,2025-11-10 04:37,Cyber Crime,Identity Theft,"IT Act 66D, BNS 318(4)",18.017506,77.717511,P001766,P002412,P007448,PI Suresh Kulkarni,Untraced
FIR202503514,FIR/3514/2025,PS0130,Bengaluru Urban,2025-11-08 20:55,2025-11-10 05:55,Vehicle Theft,Two-Wheeler Theft,BNS 303(2),13.110429,77.469757,P009961,P008856,P002944,PI Ramesh Gowda,Under Investigation
FIR202502232,FIR/2232/2025,PS0004,Bagalkote,2025-11-09 21:56,2025-11-10 05:56,Vehicle Theft,Car Theft,BNS 303(2),16.013648,75.670742,P005959,P008373,P006606,PI Ramesh Gowda,Chargesheeted
FIR202503501,FIR/3501/2025,PS0019,Bagalkote,2025-11-09 19:56,2025-11-10 06:56,Theft,Pocket Pick,BNS 303(2),16.031941,75.871065,P007021,P003106,P006759,SI Prakash Sharma,Under Investigation
FIR202502504,FIR/2504/2025,PS0127,Bengaluru Urban,2025-11-08 22:36,2025-11-10 07:36,Vehicle Theft,Two-Wheeler Theft,BNS 303(2),13.127202,77.622766,P007521,P004887,P009207,PI Ramesh Gowda,Under Investigation
FIR202502276,FIR/2276/2025,PS0027,Ballari,2025-11-10 01:28,2025-11-10 08:28,Vehicle Theft,Car Theft,BNS 303(2),15.062511,77.06886,P006953,P005043,P009957,SI Ganesh Rao,Chargesheeted
FIR202503093,FIR/3093/2025,PS0096,Bengaluru Rural,2025-11-09 23:10,2025-11-10 10:10,NDPS,Possession of Narcotics,NDPS Act Sec 20(b),13.147456,77.464635,P008094,P003526,P006691,PI Suresh Kulkarni,Closed
FIR202502859,FIR/2859/2025,PS0031,Ballari,2025-11-10 04:30,2025-11-10 11:30,Dacoity,Armed Dacoity,BNS 310(2),14.993591,77.106268,P006463,P005163,P009868,SI Ravi Kumar,Under Investigation
FIR202503809,FIR/3809/2025,PS0221,Chamarajanagar,2025-11-10 09:40,2025-11-10 11:40,Assault,Simple Assault,"BNS 115(2), BNS 117(2)",12.055898,77.093913,P003632,P009873,P004955,PI Suresh Kulkarni,Under Investigation
FIR202502811,FIR/2811/2025,PS0116,Bengaluru Urban,2025-11-08 03:53,2025-11-10 11:53,Cyber Crime,Financial Fraud,"IT Act 66D, BNS 318(4)",12.999677,77.512893,P003394,P008482,P009694,PI Suresh Kulkarni,Chargesheeted
FIR202502327,FIR/2327/2025,PS0130,Bengaluru Urban,2025-11-09 07:58,2025-11-10 11:58,Vehicle Theft,Two-Wheeler Theft,BNS 303(2),13.109909,77.474356,P008010,P001253,P007027,PI Chetan Kumar,Under Investigation
FIR202503401,FIR/3401/2025,PS0101,Bengaluru Rural,2025-11-10 07:52,2025-11-10 12:52,POCSO,Harassment,"POCSO Act Sec 4, BNS 64",13.267154,77.713761,P006377,P008869,P008985,PI Chetan Kumar,Chargesheeted
FIR202500105,FIR/0105/2025,PS0185,Bidar,2025-11-10 07:20,2025-11-10 13:20,POCSO,Sexual Assault on Minor,"POCSO Act Sec 4, BNS 64",17.89811,77.510871,P007632,P005265,P008661,PI Naveen Patil,Chargesheeted
FIR202500854,FIR/0854/2025,PS0010,Bagalkote,2025-11-10 02:35,2025-11-10 13:35,Cyber Crime,Phishing,"IT Act 66D, BNS 318(4)",16.183501,75.801028,P004066,P008809,P004016,PI Ramesh Gowda,Chargesheeted
FIR202502872,FIR/2872/2025,PS0012,Bagalkote,2025-11-07 11:53,2025-11-10 13:53,Robbery,Highway Robbery,BNS 309(4),16.271777,75.80089,P000504,P007215,P001988,SI Mahesh Bhat,Under Investigation
FIR202502391,FIR/2391/2025,PS0013,Bagalkote,2025-11-10 06:34,2025-11-10 14:34,Theft,Pocket Pick,BNS 303(2),16.167556,75.667681,P005000,P004745,P007359,SI Ravi Kumar,Chargesheeted
FIR202503078,FIR/3078/2025,PS0241,Chikkaballapura,2025-11-10 14:42,2025-11-10 15:42,NDPS,Drug Trafficking,NDPS Act Sec 20(b),13.280939,77.897019,P004067,P003831,P006647,SI Mahesh Bhat,Under Investigation
FIR202501733,FIR/1733/2025,PS0045,Ballari,2025-11-07 03:42,2025-11-10 15:42,Burglary,Day Burglary,"BNS 331(3), BNS 331(4)",15.005059,76.889238,P004145,P006125,P005367,SI Ganesh Rao,Untraced
FIR202504867,FIR/4867/2025,PS0071,Bengaluru Rural,2025-11-07 13:12,2025-11-10 16:12,Dacoity,Armed Dacoity,BNS 310(2),13.034153,77.495358,P009050,P009761,P006802,SI Mahesh Bhat,Chargesheeted
FIR202501448,FIR/1448/2025,PS0071,Bengaluru Rural,2025-11-10 09:05,2025-11-10 18:05,Murder,Dowry Homicide,BNS 103(1),13.016548,77.513431,P001148,P009984,P009051,PI Lakshmi Devi,Untraced
FIR202501270,FIR/1270/2025,PS0147,Bengaluru Urban,2025-11-09 12:28,2025-11-10 18:28,Cyber Crime,Phishing,"IT Act 66D, BNS 318(4)",12.934168,77.572902,P004991,P008061,P008130,SI Ganesh Rao,Untraced
FIR202502908,FIR/2908/2025,PS0030,Ballari,2025-11-10 19:56,2025-11-10 23:56,Assault,Grievous Hurt,"BNS 115(2), BNS 117(2)",15.192211,76.825189,P000865,P008764,P003232,SI Ganesh Rao,Closed
FIR202504127,FIR/4127/2025,PS0147,Bengaluru Urban,2025-11-10 15:24,2025-11-11 00:24,Assault,Simple Assault,"BNS 115(2), BNS 117(2)",12.924122,77.570761,P002430,P009322,P007451,PI Chetan Kumar,Chargesheeted
FIR202503693,FIR/3693/2025,PS0084,Bengaluru Rural,2025-11-10 15:35,2025-11-11 03:35,Vehicle Theft,Two-Wheeler Theft,BNS 303(2),13.150238,77.576044,P002099,P006960,P001581,SI Mahesh Bhat,Chargesheeted
FIR202501028,FIR/1028/2025,PS0205,Chamarajanagar,2025-11-10 19:10,2025-11-11 07:10,Dacoity,Armed Dacoity,BNS 310(2),11.934237,76.804343,P007631,P000605,P000206,PI Chetan Kumar,Chargesheeted
FIR202501714,FIR/1714/2025,PS0233,Chamarajanagar,2025-11-10 04:17,2025-11-11 09:17,Murder,Gang Conflict,BNS 103(1),11.717973,76.826638,P000266,P006017,P004690,PI Harish Naik,Chargesheeted
FIR202504386,FIR/4386/2025,PS0156,Bidar,2025-11-11 08:21,2025-11-11 09:21,Assault,Grievous Hurt,"BNS 115(2), BNS 117(2)",18.009253,77.506482,P003406,P003795,P003474,SI Prakash Sharma,Untraced
FIR202500418,FIR/0418/2025,PS0149,Bengaluru Urban,2025-11-10 22:44,2025-11-11 10:44,Fraud,Corporate Fraud,BNS 318(4),13.091825,77.491108,P006232,P008661,P009654,SI Ravi Kumar,Under Investigation
FIR202502570,FIR/2570/2025,PS0068,Belagavi,2025-11-10 23:20,2025-11-11 11:20,Robbery,Highway Robbery,BNS 309(4),16.034137,74.373256,P006281,P003782,P008210,SI Mahesh Bhat,Chargesheeted
FIR202500173,FIR/0173/2025,PS0070,Bengaluru Rural,2025-11-08 08:02,2025-11-11 14:02,Burglary,Day Burglary,"BNS 331(3), BNS 331(4)",13.279034,77.747329,P005562,P009940,P004646,PI Harish Naik,Under Investigation
FIR202502028,FIR/2028/2025,PS0210,Chamarajanagar,2025-11-11 05:26,2025-11-11 14:26,NDPS,Possession of Narcotics,NDPS Act Sec 20(b),11.998117,76.806878,P008556,P003615,P004173,PI Lakshmi Devi,Under Investigation
FIR202504947,FIR/4947/2025,PS0042,Ballari,2025-11-11 16:20,2025-11-11 18:20,Cyber Crime,Identity Theft,"IT Act 66D, BNS 318(4)",15.047237,77.011062,P008578,P008975,P006706,PI Suresh Kulkarni,Untraced
FIR202503903,FIR/3903/2025,PS0186,Bidar,2025-11-08 17:44,2025-11-11 20:44,Dacoity,Bank Dacoity,BNS 310(2),17.728064,77.514974,P005827,P002051,P006824,PI Naveen Patil,Under Investigation
FIR202501555,FIR/1555/2025,PS0015,Bagalkote,2025-11-10 09:46,2025-11-11 20:46,Fraud,Land Scam,BNS 318(4),16.045814,75.673574,P007698,P008455,P007487,SI Ganesh Rao,Chargesheeted
FIR202500887,FIR/0887/2025,PS0242,Chikkaballapura,2025-11-09 15:09,2025-11-11 21:09,NDPS,Drug Trafficking,NDPS Act Sec 20(b),13.289167,77.872124,P004193,P002840,P005997,SI Mahesh Bhat,Chargesheeted
FIR202503573,FIR/3573/2025,PS0046,Belagavi,2025-11-10 10:24,2025-11-11 21:24,Assault,Public Affray,"BNS 115(2), BNS 117(2)",15.750307,74.514676,P006011,P003786,P005138,PI Lakshmi Devi,Closed
FIR202502304,FIR/2304/2025,PS0011,Bagalkote,2025-11-10 12:28,2025-11-11 21:28,Murder,Personal Enmity,BNS 103(1),16.139752,75.652279,P002938,P005739,P009247,SI Mahesh Bhat,Untraced
FIR202500069,FIR/0069/2025,PS0080,Bengaluru Rural,2025-11-11 13:11,2025-11-11 22:11,Fraud,Cheating,BNS 318(4),13.389429,77.586393,P004517,P002400,P005991,PI Chetan Kumar,Chargesheeted
FIR202501570,FIR/1570/2025,PS0168,Bidar,2025-11-11 20:58,2025-11-11 22:58,Assault,Grievous Hurt,"BNS 115(2), BNS 117(2)",17.714424,77.650502,P003361,P005924,P009634,SI Mahesh Bhat,Under Investigation
FIR202502147,FIR/2147/2025,PS0025,Bagalkote,2025-11-07 21:52,2025-11-11 23:52,NDPS,Possession of Narcotics,NDPS Act Sec 20(b),16.331363,75.845926,P000566,P001262,P005106,PI Ramesh Gowda,Chargesheeted
FIR202503992,FIR/3992/2025,PS0193,Chamarajanagar,2025-11-11 15:47,2025-11-12 03:47,Vehicle Theft,Two-Wheeler Theft,BNS 303(2),12.003065,76.862159,P002007,P007467,P007291,PI Suresh Kulkarni,Under Investigation
FIR202502178,FIR/2178/2025,PS0049,Belagavi,2025-11-11 22:49,2025-11-12 03:49,Assault,Grievous Hurt,"BNS 115(2), BNS 117(2)",15.922535,74.556661,P005089,P004181,P002917,SI Prakash Sharma,Untraced
FIR202501004,FIR/1004/2025,PS0120,Bengaluru Urban,2025-11-10 02:43,2025-11-12 04:43,Dacoity,Bank Dacoity,BNS 310(2),13.117898,77.417968,P003401,P005328,P009293,PI Ramesh Gowda,Chargesheeted
FIR202502926,FIR/2926/2025,PS0068,Belagavi,2025-11-11 22:10,2025-11-12 05:10,Burglary,Night House Breaking,"BNS 331(3), BNS 331(4)",16.034467,74.391229,P008262,P005183,P000618,PI Lakshmi Devi,Under Investigation
FIR202502426,FIR/2426/2025,PS0154,Bidar,2025-11-10 22:42,2025-11-12 07:42,Vehicle Theft,Two-Wheeler Theft,BNS 303(2),17.873524,77.420411,P003541,P008941,P001259,PI Chetan Kumar,Chargesheeted
FIR202504851,FIR/4851/2025,PS0003,Bagalkote,2025-11-11 08:49,2025-11-12 12:49,Assault,Grievous Hurt,"BNS 115(2), BNS 117(2)",16.319721,75.874834,P001143,P008725,P007326,SI Prakash Sharma,Under Investigation
FIR202501554,FIR/1554/2025,PS0205,Chamarajanagar,2025-11-12 12:13,2025-11-12 13:13,Theft,House Theft,BNS 303(2),11.935865,76.765374,P009778,P004353,P001326,PI Suresh Kulkarni,Chargesheeted
FIR202500370,FIR/0370/2025,PS0224,Chamarajanagar,2025-11-07 08:25,2025-11-12 13:25,Cyber Crime,Phishing,"IT Act 66D, BNS 318(4)",11.875638,76.809742,P007141,P009747,P007828,PI Naveen Patil,Under Investigation
FIR202503817,FIR/3817/2025,PS0177,Bidar,2025-11-12 09:00,2025-11-12 14:00,Theft,Pocket Pick,BNS 303(2),18.056301,77.317716,P002661,P004572,P008624,SI Ravi Kumar,Chargesheeted
FIR202500364,FIR/0364/2025,PS0148,Bengaluru Urban,2025-11-12 14:01,2025-11-12 15:01,Fraud,Cheating,BNS 318(4),12.840208,77.664956,P009472,P001375,P001621,SI Mahesh Bhat,Chargesheeted
FIR202503644,FIR/3644/2025,PS0160,Bidar,2025-11-11 06:34,2025-11-12 15:34,NDPS,Drug Trafficking,NDPS Act Sec 20(b),17.860664,77.342709,P007110,P008471,P000764,PI Chetan Kumar,Chargesheeted
FIR202503129,FIR/3129/2025,PS0161,Bidar,2025-11-09 11:53,2025-11-12 16:53,Assault,Simple Assault,"BNS 115(2), BNS 117(2)",18.002152,77.490984,P000559,P004694,P002867,PI Harish Naik,Chargesheeted
FIR202500841,FIR/0841/2025,PS0041,Ballari,2025-11-12 10:43,2025-11-12 17:43,Assault,Grievous Hurt,"BNS 115(2), BNS 117(2)",15.263139,76.89223,P005477,P003904,P002087,SI Prakash Sharma,Closed
FIR202504322,FIR/4322/2025,PS0159,Bidar,2025-11-09 10:03,2025-11-12 18:03,Vehicle Theft,Two-Wheeler Theft,BNS 303(2),18.058569,77.486395,P007059,P001197,P007558,PI Ramesh Gowda,Under Investigation
FIR202502793,FIR/2793/2025,PS0127,Bengaluru Urban,2025-11-11 06:06,2025-11-12 18:06,NDPS,Possession of Narcotics,NDPS Act Sec 20(b),13.120902,77.66226,P007579,P001273,P004700,SI Divya Hegde,Chargesheeted
FIR202503894,FIR/3894/2025,PS0111,Bengaluru Urban,2025-11-11 14:26,2025-11-12 21:26,Vehicle Theft,Two-Wheeler Theft,BNS 303(2),12.772737,77.574341,P006424,P008005,P009270,PI Chetan Kumar,Under Investigation
FIR202504625,FIR/4625/2025,PS0097,Bengaluru Rural,2025-11-12 16:25,2025-11-12 22:25,Cyber Crime,Identity Theft,"IT Act 66D, BNS 318(4)",13.130654,77.461505,P005432,P001448,"P002084, P006631",SI Divya Hegde,Under Investigation
FIR202503190,FIR/3190/2025,PS0205,Chamarajanagar,2025-11-12 17:05,2025-11-13 03:05,Vehicle Theft,Car Theft,BNS 303(2),11.946569,76.78118,P008831,P003530,P000304,PI Chetan Kumar,Chargesheeted
FIR202504425,FIR/4425/2025,PS0033,Ballari,2025-11-11 23:24,2025-11-13 04:24,Assault,Simple Assault,"BNS 115(2), BNS 117(2)",15.025416,76.839678,P003495,P005044,P008503,PI Ramesh Gowda,Chargesheeted
FIR202504203,FIR/4203/2025,PS0239,Chikkaballapura,2025-11-12 23:07,2025-11-13 05:07,Fraud,Cheating,BNS 318(4),13.462776,77.668333,P004439,P007489,P006961,PI Harish Naik,Under Investigation
FIR202504182,FIR/4182/2025,PS0129,Bengaluru Urban,2025-11-13 03:36,2025-11-13 09:36,Dacoity,Bank Dacoity,BNS 310(2),12.803385,77.773543,P006748,P007950,P009866,SI Ganesh Rao,Chargesheeted
FIR202500840,FIR/0840/2025,PS0008,Bagalkote,2025-11-11 03:41,2025-11-13 09:41,Vehicle Theft,Two-Wheeler Theft,BNS 303(2),16.255278,75.538178,P007511,P002373,P009556,PI Lakshmi Devi,Chargesheeted
FIR202503619,FIR/3619/2025,PS0185,Bidar,2025-11-12 04:06,2025-11-13 10:06,Assault,Simple Assault,"BNS 115(2), BNS 117(2)",17.896627,77.525812,P004454,P006075,P000153,PI Naveen Patil,Chargesheeted
FIR202503569,FIR/3569/2025,PS0239,Chikkaballapura,2025-11-13 07:52,2025-11-13 10:52,Burglary,Night House Breaking,"BNS 331(3), BNS 331(4)",13.448515,77.681184,P004329,P005455,"P001276, P003881",SI Ravi Kumar,Under Investigation
FIR202504836,FIR/4836/2025,PS0014,Bagalkote,2025-11-12 12:01,2025-11-13 13:01,Fraud,Corporate Fraud,BNS 318(4),16.315952,75.82335,P004909,P009567,P001512,PI Naveen Patil,Chargesheeted
FIR202502611,FIR/2611/2025,PS0134,Bengaluru Urban,2025-11-13 01:39,2025-11-13 13:39,Cyber Crime,Financial Fraud,"IT Act 66D, BNS 318(4)",12.811568,77.663981,P005397,P001460,"P001679, P008584",PI Ramesh Gowda,Under Investigation
FIR202503184,FIR/3184/2025,PS0192,Bidar,2025-11-11 13:59,2025-11-13 14:59,Assault,Simple Assault,"BNS 115(2), BNS 117(2)",17.994806,77.358048,P002422,P009874,P001294,PI Lakshmi Devi,Under Investigation
FIR202503986,FIR/3986/2025,PS0001,Bagalkote,2025-11-13 14:15,2025-11-13 15:15,Assault,Grievous Hurt,"BNS 115(2), BNS 117(2)",16.199239,75.582719,P004315,P002265,P001500,SI Ravi Kumar,Chargesheeted
FIR202502213,FIR/2213/2025,PS0130,Bengaluru Urban,2025-11-13 11:06,2025-11-13 16:06,Fraud,Land Scam,BNS 318(4),13.123678,77.4668,P001071,P005971,P000732,SI Ganesh Rao,Chargesheeted
FIR202501419,FIR/1419/2025,PS0143,Bengaluru Urban,2025-11-13 13:12,2025-11-13 18:12,Cyber Crime,Financial Fraud,"IT Act 66D, BNS 318(4)",12.796641,77.393133,P002403,P001281,P004816,PI Chetan Kumar,Under Investigation
FIR202503969,FIR/3969/2025,PS0144,Bengaluru Urban,2025-11-12 11:53,2025-11-13 18:53,Burglary,Day Burglary,"BNS 331(3), BNS 331(4)",12.837254,77.574181,P002551,P000701,P001735,PI Chetan Kumar,Under Investigation
FIR202500508,FIR/0508/2025,PS0042,Ballari,2025-11-13 13:00,2025-11-13 22:00,POCSO,Harassment,"POCSO Act Sec 4, BNS 64",15.034304,77.017736,P000775,P009657,P005629,PI Naveen Patil,Chargesheeted
FIR202501123,FIR/1123/2025,PS0146,Bengaluru Urban,2025-11-12 18:04,2025-11-13 22:04,Fraud,Cheating,BNS 318(4),12.929612,77.788092,P003451,P007633,P000879,SI Prakash Sharma,Under Investigation
FIR202501069,FIR/1069/2025,PS0143,Bengaluru Urban,2025-11-11 20:26,2025-11-13 22:26,Dacoity,Armed Dacoity,BNS 310(2),12.795396,77.398329,P006014,P002403,P006193,PI Ramesh Gowda,Untraced
FIR202503434,FIR/3434/2025,PS0175,Bidar,2025-11-13 20:02,2025-11-13 23:02,Assault,Public Affray,"BNS 115(2), BNS 117(2)",18.007117,77.450636,P000062,P001743,P005212,SI Divya Hegde,Under Investigation
FIR202501203,FIR/1203/2025,PS0051,Belagavi,2025-11-13 16:03,2025-11-14 00:03,Cyber Crime,Identity Theft,"IT Act 66D, BNS 318(4)",15.995249,74.540419,P001664,P007280,P002694,SI Mahesh Bhat,Untraced
FIR202501031,FIR/1031/2025,PS0104,Bengaluru Rural,2025-11-13 18:14,2025-11-14 02:14,Robbery,Highway Robbery,BNS 309(4),13.423008,77.548967,P002760,P005821,P002785,SI Prakash Sharma,Untraced
FIR202500551,FIR/0551/2025,PS0221,Chamarajanagar,2025-11-12 01:43,2025-11-14 05:43,Murder,Dowry Homicide,BNS 103(1),12.041953,77.104584,P004189,P007685,"P005883, P004024",SI Mahesh Bhat,Untraced
FIR202500889,FIR/0889/2025,PS0118,Bengaluru Urban,2025-11-13 23:48,2025-11-14 06:48,Vehicle Theft,Two-Wheeler Theft,BNS 303(2),12.80804,77.680207,P001119,P000310,P003127,SI Ravi Kumar,Chargesheeted
FIR202503170,FIR/3170/2025,PS0103,Bengaluru Rural,2025-11-14 03:07,2025-11-14 10:07,Murder,Personal Enmity,BNS 103(1),13.316631,77.446418,P004523,P003139,P003297,SI Mahesh Bhat,Chargesheeted
FIR202503101,FIR/3101/2025,PS0142,Bengaluru Urban,2025-11-14 02:15,2025-11-14 12:15,Vehicle Theft,Two-Wheeler Theft,BNS 303(2),13.101915,77.768732,P001980,P004624,P009063,SI Ravi Kumar,Under Investigation
FIR202504509,FIR/4509/2025,PS0199,Chamarajanagar,2025-11-14 07:59,2025-11-14 12:59,Assault,Simple Assault,"BNS 115(2), BNS 117(2)",11.857026,77.042801,P001518,P002707,P004347,PI Ramesh Gowda,Under Investigation
FIR202504637,FIR/4637/2025,PS0196,Chamarajanagar,2025-11-14 12:05,2025-11-14 13:05,Murder,Personal Enmity,BNS 103(1),11.975382,76.934623,P007824,P008884,P006790,SI Divya Hegde,Chargesheeted
FIR202503797,FIR/3797/2025,PS0097,Bengaluru Rural,2025-11-14 11:19,2025-11-14 13:19,Murder,Dowry Homicide,BNS 103(1),13.132676,77.493044,P005375,P002921,P009435,PI Suresh Kulkarni,Chargesheeted
FIR202500132,FIR/0132/2025,PS0093,Bengaluru Rural,2025-11-14 08:26,2025-11-14 14:26,Dacoity,Armed Dacoity,BNS 310(2),13.225085,77.53564,P000766,P004374,P006158,PI Suresh Kulkarni,Chargesheeted
FIR202501610,FIR/1610/2025,PS0123,Bengaluru Urban,2025-11-13 03:04,2025-11-14 15:04,Burglary,Night House Breaking,"BNS 331(3), BNS 331(4)",13.037231,77.480772,P003634,P007362,P000396,PI Chetan Kumar,Under Investigation
FIR202502498,FIR/2498/2025,PS0173,Bidar,2025-11-14 05:57,2025-11-14 16:57,Theft,Pocket Pick,BNS 303(2),17.744503,77.579916,P007572,P000354,P008094,PI Ramesh Gowda,Untraced
FIR202504375,FIR/4375/2025,PS0174,Bidar,2025-11-14 15:22,2025-11-14 17:22,Dacoity,Bank Dacoity,BNS 310(2),17.882524,77.548968,P005340,P004976,P008805,PI Harish Naik,Under Investigation
FIR202500186,FIR/0186/2025,PS0157,Bidar,2025-11-13 15:27,2025-11-14 17:27,Burglary,Night House Breaking,"BNS 331(3), BNS 331(4)",17.827436,77.571019,P001725,P000470,P000038,PI Naveen Patil,Under Investigation
FIR202502622,FIR/2622/2025,PS0235,Chikkaballapura,2025-11-13 07:08,2025-11-14 19:08,Murder,Gang Conflict,BNS 103(1),13.291363,77.5762,P005747,P001567,P009189,SI Ravi Kumar,Chargesheeted
FIR202502340,FIR/2340/2025,PS0172,Bidar,2025-11-14 16:45,2025-11-14 21:45,Theft,Pocket Pick,BNS 303(2),17.957863,77.495904,P005663,P009064,P009714,SI Ravi Kumar,Under Investigation
FIR202503141,FIR/3141/2025,PS0035,Ballari,2025-11-13 13:02,2025-11-14 22:02,Cyber Crime,Identity Theft,"IT Act 66D, BNS 318(4)",15.230216,76.870701,P006677,P002118,P005574,SI Mahesh Bhat,Chargesheeted
FIR202500342,FIR/0342/2025,PS0099,Bengaluru Rural,2025-11-14 20:54,2025-11-14 23:54,Dacoity,Armed Dacoity,BNS 310(2),13.244185,77.702611,P002863,P001219,P006081,PI Naveen Patil,Under Investigation
FIR202501491,FIR/1491/2025,PS0038,Ballari,2025-11-13 18:36,2025-11-15 00:36,Assault,Public Affray,"BNS 115(2), BNS 117(2)",15.088602,77.051392,P002430,P004423,P008657,PI Naveen Patil,Chargesheeted
FIR202501903,FIR/1903/2025,PS0025,Bagalkote,2025-11-14 18:38,2025-11-15 00:38,Burglary,Day Burglary,"BNS 331(3), BNS 331(4)",16.322944,75.849995,P004819,P007878,P008173,SI Ravi Kumar,Under Investigation
FIR202503466,FIR/3466/2025,PS0234,Chamarajanagar,2025-11-14 23:31,2025-11-15 01:31,Assault,Grievous Hurt,"BNS 115(2), BNS 117(2)",12.002687,76.825171,P005281,P007968,P007198,SI Prakash Sharma,Chargesheeted
FIR202502249,FIR/2249/2025,PS0178,Bidar,2025-11-14 22:44,2025-11-15 01:44,Assault,Simple Assault,"BNS 115(2), BNS 117(2)",17.867171,77.493747,P001900,P003976,P005600,PI Chetan Kumar,Untraced
FIR202500168,FIR/0168/2025,PS0179,Bidar,2025-11-14 22:07,2025-11-15 02:07,Theft,House Theft,BNS 303(2),18.109367,77.383968,P002895,P001407,P003926,SI Divya Hegde,Under Investigation
FIR202501051,FIR/1051/2025,PS0024,Bagalkote,2025-11-14 22:46,2025-11-15 05:46,Murder,Personal Enmity,BNS 103(1),16.39921,75.544876,P007720,P001743,P005135,PI Suresh Kulkarni,Closed
FIR202501038,FIR/1038/2025,PS0121,Bengaluru Urban,2025-11-14 20:05,2025-11-15 08:05,Fraud,Corporate Fraud,BNS 318(4),13.08661,77.497183,P002082,P008759,P000297,SI Divya Hegde,Chargesheeted
FIR202503845,FIR/3845/2025,PS0076,Bengaluru Rural,2025-11-13 21:56,2025-11-15 08:56,Dacoity,Armed Dacoity,BNS 310(2),13.330146,77.768707,P009911,P004911,P006925,PI Lakshmi Devi,Under Investigation
FIR202501283,FIR/1283/2025,PS0036,Ballari,2025-11-09 21:10,2025-11-15 09:10,Robbery,Highway Robbery,BNS 309(4),15.250915,76.764003,P000063,P003200,P004455,PI Ramesh Gowda,Chargesheeted
FIR202501741,FIR/1741/2025,PS0066,Belagavi,2025-11-15 00:12,2025-11-15 10:12,Burglary,Night House Breaking,"BNS 331(3), BNS 331(4)",15.944034,74.612321,P003438,P007841,P001275,PI Naveen Patil,Under Investigation
FIR202502646,FIR/2646/2025,PS0140,Bengaluru Urban,2025-11-15 08:17,2025-11-15 10:17,POCSO,Sexual Assault on Minor,"POCSO Act Sec 4, BNS 64",13.058607,77.65679,P003595,P005040,P002338,PI Suresh Kulkarni,Under Investigation
FIR202503140,FIR/3140/2025,PS0120,Bengaluru Urban,2025-11-15 06:26,2025-11-15 10:26,Assault,Grievous Hurt,"BNS 115(2), BNS 117(2)",13.130274,77.38341,P009280,P000119,P000978,PI Lakshmi Devi,Chargesheeted
FIR202500592,FIR/0592/2025,PS0151,Bengaluru Urban,2025-11-15 01:28,2025-11-15 11:28,Assault,Simple Assault,"BNS 115(2), BNS 117(2)",12.864805,77.463047,P002995,P008434,P006216,SI Prakash Sharma,Under Investigation
FIR202500161,FIR/0161/2025,PS0163,Bidar,2025-11-14 02:49,2025-11-15 11:49,Theft,Pocket Pick,BNS 303(2),17.941276,77.595393,P002544,P004507,"P007273, P001969",SI Prakash Sharma,Untraced
FIR202500961,FIR/0961/2025,PS0233,Chamarajanagar,2025-11-15 11:05,2025-11-15 12:05,Robbery,Chain Snatching with Force,BNS 309(4),11.722965,76.808812,P009538,P000688,"P005774, P008480",SI Mahesh Bhat,Chargesheeted
FIR202503858,FIR/3858/2025,PS0127,Bengaluru Urban,2025-11-14 09:11,2025-11-15 13:11,Cyber Crime,Financial Fraud,"IT Act 66D, BNS 318(4)",13.117818,77.660187,P006482,P004307,P009105,SI Divya Hegde,Chargesheeted
FIR202501182,FIR/1182/2025,PS0126,Bengaluru Urban,2025-11-14 03:00,2025-11-15 14:00,Fraud,Cheating,BNS 318(4),12.859058,77.573407,P001822,P002565,P000600,SI Mahesh Bhat,Under Investigation
FIR202503994,FIR/3994/2025,PS0248,Chikkaballapura,2025-11-10 04:56,2025-11-15 15:56,Vehicle Theft,Two-Wheeler Theft,BNS 303(2),13.247862,77.796963,P007377,P000831,P008373,PI Lakshmi Devi,Closed
FIR202504257,FIR/4257/2025,PS0164,Bidar,2025-11-14 11:20,2025-11-15 16:20,Burglary,Night House Breaking,"BNS 331(3), BNS 331(4)",17.949556,77.444017,P001182,P009134,P001972,PI Chetan Kumar,Chargesheeted
FIR202501941,FIR/1941/2025,PS0188,Bidar,2025-11-15 05:33,2025-11-15 16:33,Assault,Simple Assault,"BNS 115(2), BNS 117(2)",17.952981,77.69952,P008558,P009919,P002413,PI Ramesh Gowda,Under Investigation
FIR202501573,FIR/1573/2025,PS0170,Bidar,2025-11-14 13:51,2025-11-15 17:51,Murder,Personal Enmity,BNS 103(1),17.881919,77.392453,P009352,P005012,P008748,SI Divya Hegde,Under Investigation
FIR202502678,FIR/2678/2025,PS0162,Bidar,2025-11-14 12:06,2025-11-15 18:06,Fraud,Cheating,BNS 318(4),18.002801,77.455079,P004205,P004828,P000993,PI Lakshmi Devi,Under Investigation
FIR202504906,FIR/4906/2025,PS0188,Bidar,2025-11-14 06:27,2025-11-15 18:27,Burglary,Day Burglary,"BNS 331(3), BNS 331(4)",17.934228,77.692299,P008749,P003765,P002600,SI Prakash Sharma,Under Investigation
FIR202503688,FIR/3688/2025,PS0186,Bidar,2025-11-15 12:32,2025-11-15 20:32,Dacoity,Bank Dacoity,BNS 310(2),17.750987,77.499154,P007492,P007114,P004463,SI Divya Hegde,Chargesheeted
FIR202503837,FIR/3837/2025,PS0154,Bidar,2025-11-10 10:43,2025-11-15 20:43,Burglary,Night House Breaking,"BNS 331(3), BNS 331(4)",17.898956,77.419685,P005012,P009472,P004527,PI Naveen Patil,Chargesheeted
FIR202501974,FIR/1974/2025,PS0013,Bagalkote,2025-11-15 20:40,2025-11-15 21:40,Theft,House Theft,BNS 303(2),16.173208,75.65465,P006949,P008850,P000588,PI Ramesh Gowda,Chargesheeted
FIR202502620,FIR/2620/2025,PS0226,Chamarajanagar,2025-11-13 20:06,2025-11-15 22:06,Theft,Snatching,BNS 303(2),11.753871,77.017113,P004055,P009730,P002976,PI Ramesh Gowda,Untraced
FIR202504464,FIR/4464/2025,PS0210,Chamarajanagar,2025-11-15 13:11,2025-11-15 22:11,Cyber Crime,Phishing,"IT Act 66D, BNS 318(4)",11.994144,76.800199,P005322,P002018,P006992,SI Prakash Sharma,Under Investigation
FIR202502096,FIR/2096/2025,PS0008,Bagalkote,2025-11-12 20:21,2025-11-15 22:21,Assault,Grievous Hurt,"BNS 115(2), BNS 117(2)",16.249926,75.527063,P006945,P008189,"P002236, P005902",PI Harish Naik,Chargesheeted
FIR202500530,FIR/0530/2025,PS0151,Bengaluru Urban,2025-11-15 13:33,2025-11-16 00:33,Fraud,Land Scam,BNS 318(4),12.861904,77.445455,P000227,P006158,P003796,PI Ramesh Gowda,Chargesheeted
FIR202503029,FIR/3029/2025,PS0145,Bengaluru Urban,2025-11-13 17:36,2025-11-16 01:36,Cyber Crime,Financial Fraud,"IT Act 66D, BNS 318(4)",12.803896,77.576886,P005493,P002243,P006010,SI Prakash Sharma,Closed
FIR202500958,FIR/0958/2025,PS0095,Bengaluru Rural,2025-11-16 01:44,2025-11-16 02:44,Burglary,Night House Breaking,"BNS 331(3), BNS 331(4)",13.097956,77.422867,P004355,P009404,P003418,SI Ganesh Rao,Chargesheeted
FIR202502842,FIR/2842/2025,PS0226,Chamarajanagar,2025-11-16 00:25,2025-11-16 03:25,Dacoity,Bank Dacoity,BNS 310(2),11.765144,77.010492,P004966,P009169,P007407,PI Ramesh Gowda,Under Investigation
FIR202502336,FIR/2336/2025,PS0063,Belagavi,2025-11-15 17:56,2025-11-16 03:56,Murder,Dowry Homicide,BNS 103(1),16.012738,74.699019,P008324,P003454,P009100,SI Ganesh Rao,Chargesheeted
FIR202503257,FIR/3257/2025,PS0012,Bagalkote,2025-11-13 17:23,2025-11-16 05:23,Vehicle Theft,Two-Wheeler Theft,BNS 303(2),16.281412,75.825398,P007697,P007294,P001083,PI Harish Naik,Untraced
FIR202501908,FIR/1908/2025,PS0224,Chamarajanagar,2025-11-15 01:24,2025-11-16 06:24,Theft,Pocket Pick,BNS 303(2),11.851824,76.810745,P004229,P005848,P009511,SI Ganesh Rao,Chargesheeted
FIR202502192,FIR/2192/2025,PS0065,Belagavi,2025-11-14 03:28,2025-11-16 06:28,Fraud,Corporate Fraud,BNS 318(4),15.758513,74.43076,P009537,P006567,"P006801, P008855",PI Chetan Kumar,Chargesheeted
FIR202503643,FIR/3643/2025,PS0216,Chamarajanagar,2025-11-15 20:32,2025-11-16 06:32,Dacoity,Armed Dacoity,BNS 310(2),11.741953,76.957815,P001393,P006782,P005242,PI Suresh Kulkarni,Chargesheeted
FIR202502004,FIR/2004/2025,PS0041,Ballari,2025-11-15 19:07,2025-11-16 07:07,Assault,Grievous Hurt,"BNS 115(2), BNS 117(2)",15.25159,76.876756,P006638,P004340,P006968,PI Lakshmi Devi,Chargesheeted
FIR202503720,FIR/3720/2025,PS0126,Bengaluru Urban,2025-11-16 03:55,2025-11-16 07:55,Cyber Crime,Phishing,"IT Act 66D, BNS 318(4)",12.888371,77.548399,P007655,P002066,P005769,PI Ramesh Gowda,Closed
FIR202500950,FIR/0950/2025,PS0114,Bengaluru Urban,2025-11-15 04:52,2025-11-16 09:52,NDPS,Drug Trafficking,NDPS Act Sec 20(b),12.980226,77.74946,P002408,P002653,P009114,SI Prakash Sharma,Under Investigation
FIR202501295,FIR/1295/2025,PS0134,Bengaluru Urban,2025-11-15 07:42,2025-11-16 10:42,Fraud,Corporate Fraud,BNS 318(4),12.82625,77.631564,P009745,P000649,P006282,PI Lakshmi Devi,Chargesheeted
FIR202500748,FIR/0748/2025,PS0021,Bagalkote,2025-11-16 07:46,2025-11-16 10:46,Murder,Personal Enmity,BNS 103(1),15.989069,75.538992,P007165,P002102,P000751,PI Naveen Patil,Chargesheeted
FIR202502837,FIR/2837/2025,PS0047,Belagavi,2025-11-16 09:35,2025-11-16 11:35,NDPS,Drug Trafficking,NDPS Act Sec 20(b),15.970414,74.553843,P003294,P003267,"P008652, P000884",PI Chetan Kumar,Under Investigation
FIR202501268,FIR/1268/2025,PS0118,Bengaluru Urban,2025-11-16 09:58,2025-11-16 14:58,Cyber Crime,Financial Fraud,"IT Act 66D, BNS 318(4)",12.77304,77.690891,P008268,P001380,P002424,SI Divya Hegde,Chargesheeted
FIR202500368,FIR/0368/2025,PS0087,Bengaluru Rural,2025-11-12 04:28,2025-11-16 15:28,Vehicle Theft,Two-Wheeler Theft,BNS 303(2),13.161046,77.522055,P005574,P008218,P000819,SI Divya Hegde,Chargesheeted
FIR202504744,FIR/4744/2025,PS0086,Bengaluru Rural,2025-11-14 14:11,2025-11-16 17:11,Theft,Pocket Pick,BNS 303(2),13.322915,77.503824,P005636,P009756,P001064,PI Chetan Kumar,Closed
FIR202503103,FIR/3103/2025,PS0203,Chamarajanagar,2025-11-15 11:21,2025-11-16 17:21,Assault,Simple Assault,"BNS 115(2), BNS 117(2)",11.919692,76.869424,P003007,P003508,P002784,SI Ganesh Rao,Chargesheeted
FIR202501179,FIR/1179/2025,PS0194,Chamarajanagar,2025-11-15 09:37,2025-11-16 17:37,POCSO,Sexual Assault on Minor,"POCSO Act Sec 4, BNS 64",11.780108,76.871237,P005824,P004240,P009503,SI Ravi Kumar,Under Investigation
FIR202504370,FIR/4370/2025,PS0163,Bidar,2025-11-15 06:59,2025-11-16 18:59,Assault,Simple Assault,"BNS 115(2), BNS 117(2)",17.917937,77.600327,P004086,P007601,P003881,PI Suresh Kulkarni,Chargesheeted
FIR202501595,FIR/1595/2025,PS0058,Belagavi,2025-11-15 15:03,2025-11-16 19:03,Theft,Snatching,BNS 303(2),15.695094,74.384237,P009247,P004685,P001301,SI Mahesh Bhat,Under Investigation
FIR202500994,FIR/0994/2025,PS0249,Chikkaballapura,2025-11-15 12:01,2025-11-16 20:01,Robbery,Highway Robbery,BNS 309(4),13.489376,77.535247,P005706,P004217,P001046,PI Chetan Kumar,Chargesheeted
FIR202501614,FIR/1614/2025,PS0112,Bengaluru Urban,2025-11-16 20:58,2025-11-16 22:58,Vehicle Theft,Two-Wheeler Theft,BNS 303(2),13.111135,77.600576,P000964,P006714,P008523,SI Ganesh Rao,Under Investigation
FIR202504247,FIR/4247/2025,PS0219,Chamarajanagar,2025-11-16 19:31,2025-11-17 04:31,Assault,Public Affray,"BNS 115(2), BNS 117(2)",11.871419,76.896255,P007248,P006298,P002034,SI Ravi Kumar,Chargesheeted
FIR202504892,FIR/4892/2025,PS0005,Bagalkote,2025-11-16 02:17,2025-11-17 05:17,Assault,Grievous Hurt,"BNS 115(2), BNS 117(2)",16.148809,75.591269,P002958,P000402,P005761,PI Chetan Kumar,Chargesheeted
FIR202503181,FIR/3181/2025,PS0250,Chikkaballapura,2025-11-13 20:41,2025-11-17 06:41,NDPS,Drug Trafficking,NDPS Act Sec 20(b),13.555011,77.804007,P005530,P004162,P005486,PI Ramesh Gowda,Under Investigation
FIR202504218,FIR/4218/2025,PS0200,Chamarajanagar,2025-11-17 07:26,2025-11-17 08:26,Burglary,Night House Breaking,"BNS 331(3), BNS 331(4)",11.795798,77.019195,P002554,P005117,P009287,PI Naveen Patil,Chargesheeted
FIR202504554,FIR/4554/2025,PS0092,Bengaluru Rural,2025-11-17 09:12,2025-11-17 13:12,Murder,Dowry Homicide,BNS 103(1),13.058514,77.485379,P004932,P007788,P005668,SI Ganesh Rao,Chargesheeted
FIR202502082,FIR/2082/2025,PS0073,Bengaluru Rural,2025-11-16 07:57,2025-11-17 13:57,Cyber Crime,Financial Fraud,"IT Act 66D, BNS 318(4)",13.333671,77.611736,P001347,P005280,P004141,SI Divya Hegde,Chargesheeted
FIR202504584,FIR/4584/2025,PS0156,Bidar,2025-11-17 11:58,2025-11-17 13:58,POCSO,Sexual Assault on Minor,"POCSO Act Sec 4, BNS 64",17.997414,77.516963,P000265,P001449,P005842,PI Suresh Kulkarni,Chargesheeted
FIR202503359,FIR/3359/2025,PS0093,Bengaluru Rural,2025-11-17 13:15,2025-11-17 14:15,Dacoity,Bank Dacoity,BNS 310(2),13.202279,77.547304,P003330,P008613,P003967,PI Lakshmi Devi,Untraced
FIR202502985,FIR/2985/2025,PS0045,Ballari,2025-11-13 10:40,2025-11-17 14:40,Dacoity,Bank Dacoity,BNS 310(2),14.995409,76.877635,P006241,P003915,P003237,SI Prakash Sharma,Chargesheeted
FIR202502905,FIR/2905/2025,PS0242,Chikkaballapura,2025-11-12 11:13,2025-11-17 15:13,Theft,Snatching,BNS 303(2),13.275048,77.850264,P009571,P005225,P001335,SI Ganesh Rao,Chargesheeted
FIR202504384,FIR/4384/2025,PS0123,Bengaluru Urban,2025-11-17 08:22,2025-11-17 15:22,Dacoity,Bank Dacoity,BNS 310(2),13.01001,77.496846,P007953,P005690,"P008028, P003687",PI Suresh Kulkarni,Under Investigation
FIR202504701,FIR/4701/2025,PS0066,Belagavi,2025-11-16 08:23,2025-11-17 15:23,Assault,Simple Assault,"BNS 115(2), BNS 117(2)",15.969809,74.613415,P006692,P004171,P001703,PI Chetan Kumar,Under Investigation
FIR202501928,FIR/1928/2025,PS0032,Ballari,2025-11-17 05:26,2025-11-17 15:26,Assault,Simple Assault,"BNS 115(2), BNS 117(2)",15.141119,76.87592,P002403,P009050,P006438,PI Lakshmi Devi,Untraced
FIR202501951,FIR/1951/2025,PS0100,Bengaluru Rural,2025-11-16 15:32,2025-11-17 17:32,Cyber Crime,Identity Theft,"IT Act 66D, BNS 318(4)",13.145559,77.529956,P002912,P001021,P003984,PI Suresh Kulkarni,Chargesheeted
FIR202503696,FIR/3696/2025,PS0111,Bengaluru Urban,2025-11-17 09:58,2025-11-17 19:58,POCSO,Sexual Assault on Minor,"POCSO Act Sec 4, BNS 64",12.791578,77.561826,P009441,P000294,P009323,SI Divya Hegde,Chargesheeted
FIR202504529,FIR/4529/2025,PS0123,Bengaluru Urban,2025-11-17 14:33,2025-11-17 22:33,Vehicle Theft,Car Theft,BNS 303(2),13.034512,77.50275,P008755,P009423,P009899,PI Ramesh Gowda,Under Investigation
FIR202501620,FIR/1620/2025,PS0019,Bagalkote,2025-11-17 17:13,2025-11-18 00:13,POCSO,Harassment,"POCSO Act Sec 4, BNS 64",16.04235,75.883954,P000330,P007767,P003768,PI Chetan Kumar,Untraced
FIR202500014,FIR/0014/2025,PS0235,Chikkaballapura,2025-11-17 12:21,2025-11-18 00:21,POCSO,Sexual Assault on Minor,"POCSO Act Sec 4, BNS 64",13.275077,77.573454,P003151,P000468,P006121,SI Divya Hegde,Chargesheeted
FIR202502461,FIR/2461/2025,PS0186,Bidar,2025-11-14 00:59,2025-11-18 01:59,POCSO,Harassment,"POCSO Act Sec 4, BNS 64",17.735599,77.515802,P003725,P001674,P001245,PI Harish Naik,Chargesheeted
FIR202501770,FIR/1770/2025,PS0056,Belagavi,2025-11-13 19:06,2025-11-18 02:06,Fraud,Cheating,BNS 318(4),15.761112,74.610709,P007288,P005638,P002107,PI Suresh Kulkarni,Under Investigation
FIR202500208,FIR/0208/2025,PS0155,Bidar,2025-11-15 19:51,2025-11-18 02:51,Dacoity,Bank Dacoity,BNS 310(2),17.978367,77.320669,P006151,P002635,P004152,PI Harish Naik,Under Investigation
FIR202501523,FIR/1523/2025,PS0163,Bidar,2025-11-15 21:05,2025-11-18 04:05,Dacoity,Armed Dacoity,BNS 310(2),17.926399,77.607022,P004074,P007992,P004096,PI Naveen Patil,Untraced
FIR202504423,FIR/4423/2025,PS0162,Bidar,2025-11-16 22:19,2025-11-18 04:19,Assault,Simple Assault,"BNS 115(2), BNS 117(2)",18.023068,77.46028,P004522,P001908,P000806,PI Lakshmi Devi,Closed
FIR202504520,FIR/4520/2025,PS0080,Bengaluru Rural,2025-11-17 17:50,2025-11-18 04:50,Assault,Public Affray,"BNS 115(2), BNS 117(2)",13.389956,77.59802,P002621,P007528,P007922,PI Ramesh Gowda,Untraced
FIR202502322,FIR/2322/2025,PS0122,Bengaluru Urban,2025-11-15 00:12,2025-11-18 08:12,Burglary,Day Burglary,"BNS 331(3), BNS 331(4)",13.111776,77.532422,P005793,P009859,P002820,PI Harish Naik,Under Investigation
FIR202501849,FIR/1849/2025,PS0040,Ballari,2025-11-17 05:52,2025-11-18 08:52,Assault,Simple Assault,"BNS 115(2), BNS 117(2)",15.328322,76.812669,P004593,P005063,P008129,PI Lakshmi Devi,Chargesheeted
FIR202502880,FIR/2880/2025,PS0153,Bidar,2025-11-16 02:07,2025-11-18 09:07,NDPS,Possession of Narcotics,NDPS Act Sec 20(b),17.760611,77.328749,P002102,P007254,P006321,PI Ramesh Gowda,Chargesheeted
FIR202503386,FIR/3386/2025,PS0166,Bidar,2025-11-17 22:47,2025-11-18 09:47,Dacoity,Bank Dacoity,BNS 310(2),17.784706,77.507996,P004090,P007651,P006762,SI Divya Hegde,Chargesheeted
FIR202500280,FIR/0280/2025,PS0129,Bengaluru Urban,2025-11-18 03:55,2025-11-18 09:55,Cyber Crime,Financial Fraud,"IT Act 66D, BNS 318(4)",12.792801,77.761496,P004648,P007781,P006742,SI Prakash Sharma,Untraced
FIR202502521,FIR/2521/2025,PS0047,Belagavi,2025-11-16 04:16,2025-11-18 11:16,Theft,Snatching,BNS 303(2),15.945806,74.534278,P008298,P009766,P009002,SI Mahesh Bhat,Chargesheeted
FIR202503548,FIR/3548/2025,PS0026,Ballari,2025-11-15 11:35,2025-11-18 12:35,Assault,Public Affray,"BNS 115(2), BNS 117(2)",15.211429,76.950802,P007154,P001466,P008456,PI Naveen Patil,Under Investigation
FIR202503272,FIR/3272/2025,PS0012,Bagalkote,2025-11-17 09:12,2025-11-18 14:12,POCSO,Harassment,"POCSO Act Sec 4, BNS 64",16.284134,75.821379,P002518,P001425,P009268,PI Chetan Kumar,Chargesheeted
FIR202503014,FIR/3014/2025,PS0028,Ballari,2025-11-18 10:14,2025-11-18 14:14,Cyber Crime,Financial Fraud,"IT Act 66D, BNS 318(4)",15.009902,76.857525,P005774,P006619,P006818,PI Lakshmi Devi,Chargesheeted
FIR202501774,FIR/1774/2025,PS0009,Bagalkote,2025-11-18 06:09,2025-11-18 15:09,Vehicle Theft,Two-Wheeler Theft,BNS 303(2),16.064634,75.756621,P005995,P001912,P005389,SI Prakash Sharma,Chargesheeted
FIR202501506,FIR/1506/2025,PS0245,Chikkaballapura,2025-11-17 09:18,2025-11-18 16:18,Dacoity,Bank Dacoity,BNS 310(2),13.325316,77.771988,P000546,P004828,P008887,SI Ravi Kumar,Under Investigation
FIR202504985,FIR/4985/2025,PS0195,Chamarajanagar,2025-11-18 08:55,2025-11-18 19:55,Vehicle Theft,Two-Wheeler Theft,BNS 303(2),11.880247,77.067426,P004039,P008509,P005962,PI Harish Naik,Chargesheeted
FIR202500391,FIR/0391/2025,PS0157,Bidar,2025-11-17 10:04,2025-11-18 21:04,Dacoity,Bank Dacoity,BNS 310(2),17.807569,77.561761,P006229,P006211,P008614,SI Ganesh Rao,Under Investigation
FIR202502172,FIR/2172/2025,PS0021,Bagalkote,2025-11-17 16:07,2025-11-18 21:07,Dacoity,Bank Dacoity,BNS 310(2),16.006417,75.521194,P009137,P005162,P006482,SI Mahesh Bhat,Chargesheeted
FIR202502169,FIR/2169/2025,PS0241,Chikkaballapura,2025-11-18 12:40,2025-11-18 22:40,Robbery,Highway Robbery,BNS 309(4),13.247429,77.903318,P004492,P005633,P009270,PI Naveen Patil,Under Investigation
FIR202504075,FIR/4075/2025,PS0007,Bagalkote,2025-11-17 14:06,2025-11-19 00:06,Assault,Grievous Hurt,"BNS 115(2), BNS 117(2)",16.090443,75.648716,P003243,P003931,P009716,PI Ramesh Gowda,Untraced
FIR202500547,FIR/0547/2025,PS0113,Bengaluru Urban,2025-11-18 13:48,2025-11-19 00:48,Cyber Crime,Phishing,"IT Act 66D, BNS 318(4)",13.161648,77.51099,P005427,P008508,P008469,PI Lakshmi Devi,Chargesheeted
FIR202502351,FIR/2351/2025,PS0005,Bagalkote,2025-11-18 14:31,2025-11-19 02:31,Dacoity,Bank Dacoity,BNS 310(2),16.157698,75.566345,P006145,P007335,P000393,PI Lakshmi Devi,Chargesheeted
FIR202504488,FIR/4488/2025,PS0064,Belagavi,2025-11-17 20:26,2025-11-19 05:26,Burglary,Night House Breaking,"BNS 331(3), BNS 331(4)",15.897129,74.322595,P006464,P006590,P006406,SI Ganesh Rao,Under Investigation
FIR202500597,FIR/0597/2025,PS0025,Bagalkote,2025-11-17 22:33,2025-11-19 08:33,POCSO,Harassment,"POCSO Act Sec 4, BNS 64",16.319362,75.863041,P005387,P009146,P006601,PI Chetan Kumar,Chargesheeted
FIR202504374,FIR/4374/2025,PS0135,Bengaluru Urban,2025-11-16 04:52,2025-11-19 08:52,Cyber Crime,Identity Theft,"IT Act 66D, BNS 318(4)",12.917663,77.437488,P003190,P007646,P007072,SI Prakash Sharma,Chargesheeted
FIR202500581,FIR/0581/2025,PS0197,Chamarajanagar,2025-11-16 02:05,2025-11-19 09:05,Vehicle Theft,Car Theft,BNS 303(2),11.861774,77.063395,P000013,P008945,P003437,SI Ganesh Rao,Chargesheeted
FIR202503775,FIR/3775/2025,PS0051,Belagavi,2025-11-19 04:11,2025-11-19 10:11,Burglary,Night House Breaking,"BNS 331(3), BNS 331(4)",16.001883,74.537236,P004714,P008474,P007666,PI Harish Naik,Untraced
FIR202502387,FIR/2387/2025,PS0066,Belagavi,2025-11-18 05:43,2025-11-19 11:43,Cyber Crime,Financial Fraud,"IT Act 66D, BNS 318(4)",15.950948,74.648786,P001984,P005376,P009924,PI Suresh Kulkarni,Under Investigation
FIR202500350,FIR/0350/2025,PS0098,Bengaluru Rural,2025-11-15 02:00,2025-11-19 12:00,Dacoity,Bank Dacoity,BNS 310(2),13.272203,77.751901,P001257,P004884,P005540,PI Suresh Kulkarni,Chargesheeted
FIR202504480,FIR/4480/2025,PS0006,Bagalkote,2025-11-19 03:11,2025-11-19 13:11,Assault,Public Affray,"BNS 115(2), BNS 117(2)",16.391472,75.739254,P002568,P008789,P008780,SI Ganesh Rao,Under Investigation
FIR202504569,FIR/4569/2025,PS0012,Bagalkote,2025-11-19 12:50,2025-11-19 13:50,POCSO,Sexual Assault on Minor,"POCSO Act Sec 4, BNS 64",16.255299,75.822921,P001747,P003110,P005867,PI Ramesh Gowda,Chargesheeted
FIR202501651,FIR/1651/2025,PS0029,Ballari,2025-11-18 11:02,2025-11-19 14:02,Theft,Snatching,BNS 303(2),14.969642,76.88906,P002662,P008143,P004948,SI Ganesh Rao,Under Investigation
FIR202504383,FIR/4383/2025,PS0029,Ballari,2025-11-18 03:18,2025-11-19 14:18,Fraud,Cheating,BNS 318(4),14.962704,76.898788,P005506,P007513,P001698,PI Lakshmi Devi,Chargesheeted
FIR202502589,FIR/2589/2025,PS0089,Bengaluru Rural,2025-11-19 04:20,2025-11-19 14:20,Vehicle Theft,Car Theft,BNS 303(2),13.385431,77.602962,P004704,P001529,P001779,SI Mahesh Bhat,Under Investigation
FIR202500300,FIR/0300/2025,PS0077,Bengaluru Rural,2025-11-18 05:41,2025-11-19 14:41,Murder,Dowry Homicide,BNS 103(1),13.336217,77.619847,P001804,P006665,P004077,PI Naveen Patil,Chargesheeted
FIR202501802,FIR/1802/2025,PS0189,Bidar,2025-11-18 13:40,2025-11-19 15:40,Murder,Gang Conflict,BNS 103(1),17.911053,77.388055,P004342,P005214,P008905,PI Lakshmi Devi,Under Investigation
FIR202501779,FIR/1779/2025,PS0145,Bengaluru Urban,2025-11-16 13:13,2025-11-19 16:13,Dacoity,Bank Dacoity,BNS 310(2),12.820831,77.600365,P007413,P002309,P005862,SI Divya Hegde,Chargesheeted
FIR202503196,FIR/3196/2025,PS0006,Bagalkote,2025-11-19 09:18,2025-11-19 17:18,Theft,Snatching,BNS 303(2),16.372936,75.740341,P000030,P002323,P000144,SI Divya Hegde,Chargesheeted
FIR202501229,FIR/1229/2025,PS0239,Chikkaballapura,2025-11-15 13:06,2025-11-19 18:06,Murder,Gang Conflict,BNS 103(1),13.452217,77.684662,P002869,P007176,P000589,SI Divya Hegde,Under Investigation
FIR202500238,FIR/0238/2025,PS0078,Bengaluru Rural,2025-11-16 16:35,2025-11-19 20:35,Theft,Pocket Pick,BNS 303(2),13.135,77.567491,P005523,P000267,P003884,PI Naveen Patil,Chargesheeted
FIR202501497,FIR/1497/2025,PS0081,Bengaluru Rural,2025-11-18 08:41,2025-11-19 20:41,Assault,Public Affray,"BNS 115(2), BNS 117(2)",13.191477,77.591881,P008542,P006829,P002946,SI Prakash Sharma,Under Investigation
FIR202504190,FIR/4190/2025,PS0030,Ballari,2025-11-14 09:42,2025-11-19 20:42,Assault,Simple Assault,"BNS 115(2), BNS 117(2)",15.213358,76.830029,P002968,P001313,P007278,SI Mahesh Bhat,Chargesheeted
FIR202503678,FIR/3678/2025,PS0039,Ballari,2025-11-19 12:36,2025-11-19 23:36,Murder,Dowry Homicide,BNS 103(1),15.331518,76.947378,P001456,P000271,P009508,PI Lakshmi Devi,Chargesheeted
FIR202500167,FIR/0167/2025,PS0171,Bidar,2025-11-18 13:20,2025-11-20 00:20,Vehicle Theft,Car Theft,BNS 303(2),17.790243,77.569168,P000779,P007762,P003130,PI Harish Naik,Chargesheeted
FIR202500855,FIR/0855/2025,PS0102,Bengaluru Rural,2025-11-19 16:42,2025-11-20 00:42,Assault,Grievous Hurt,"BNS 115(2), BNS 117(2)",13.100813,77.662224,P000314,P000347,"P003055, P007465",SI Ganesh Rao,Chargesheeted
FIR202503026,FIR/3026/2025,PS0145,Bengaluru Urban,2025-11-14 20:10,2025-11-20 01:10,Fraud,Corporate Fraud,BNS 318(4),12.803903,77.601339,P001248,P006582,"P006882, P009415",SI Divya Hegde,Untraced
FIR202500172,FIR/0172/2025,PS0058,Belagavi,2025-11-19 19:28,2025-11-20 02:28,Dacoity,Armed Dacoity,BNS 310(2),15.705313,74.389163,P001983,P002116,P005487,PI Naveen Patil,Chargesheeted
FIR202501127,FIR/1127/2025,PS0230,Chamarajanagar,2025-11-20 00:04,2025-11-20 03:04,Fraud,Corporate Fraud,BNS 318(4),11.769936,77.057302,P003936,P000396,P005330,SI Mahesh Bhat,Untraced
FIR202502168,FIR/2168/2025,PS0221,Chamarajanagar,2025-11-14 18:04,2025-11-20 06:04,Assault,Public Affray,"BNS 115(2), BNS 117(2)",12.025729,77.104862,P004949,P009695,P006353,PI Lakshmi Devi,Chargesheeted
FIR202504539,FIR/4539/2025,PS0186,Bidar,2025-11-19 23:50,2025-11-20 06:50,POCSO,Harassment,"POCSO Act Sec 4, BNS 64",17.740165,77.519758,P000563,P003494,P006551,SI Divya Hegde,Under Investigation
FIR202504080,FIR/4080/2025,PS0203,Chamarajanagar,2025-11-20 03:11,2025-11-20 07:11,Vehicle Theft,Car Theft,BNS 303(2),11.895703,76.870352,P000294,P005877,P008027,PI Naveen Patil,Under Investigation
FIR202502431,FIR/2431/2025,PS0186,Bidar,2025-11-18 22:21,2025-11-20 07:21,Robbery,Chain Snatching with Force,BNS 309(4),17.753007,77.491012,P000111,P004394,P004315,SI Divya Hegde,Untraced
FIR202500219,FIR/0219/2025,PS0033,Ballari,2025-11-17 20:19,2025-11-20 08:19,Burglary,Day Burglary,"BNS 331(3), BNS 331(4)",15.004887,76.82966,P008858,P008091,"P007280, P007269",PI Harish Naik,Chargesheeted
FIR202500034,FIR/0034/2025,PS0018,Bagalkote,2025-11-20 00:12,2025-11-20 11:12,Robbery,Highway Robbery,BNS 309(4),16.20362,75.793427,P000874,P009763,P006446,PI Ramesh Gowda,Chargesheeted
FIR202501438,FIR/1438/2025,PS0065,Belagavi,2025-11-20 09:57,2025-11-20 11:57,Burglary,Day Burglary,"BNS 331(3), BNS 331(4)",15.75036,74.436069,P009508,P004220,P003913,PI Naveen Patil,Closed
FIR202502544,FIR/2544/2025,PS0124,Bengaluru Urban,2025-11-20 02:40,2025-11-20 14:40,Robbery,Highway Robbery,BNS 309(4),13.060411,77.67665,P009313,P000615,P009654,SI Mahesh Bhat,Chargesheeted
FIR202502323,FIR/2323/2025,PS0247,Chikkaballapura,2025-11-20 13:02,2025-11-20 15:02,Fraud,Cheating,BNS 318(4),13.489409,77.897066,P004442,P004690,P001757,PI Harish Naik,Under Investigation
FIR202500211,FIR/0211/2025,PS0073,Bengaluru Rural,2025-11-20 11:12,2025-11-20 16:12,Theft,Snatching,BNS 303(2),13.330565,77.582871,P002762,P000099,P009441,PI Chetan Kumar,Under Investigation
FIR202502349,FIR/2349/2025,PS0063,Belagavi,2025-11-20 13:46,2025-11-20 18:46,Cyber Crime,Phishing,"IT Act 66D, BNS 318(4)",16.022487,74.705632,P009794,P005952,P003700,PI Harish Naik,Under Investigation
FIR202500204,FIR/0204/2025,PS0036,Ballari,2025-11-20 19:24,2025-11-20 21:24,Vehicle Theft,Two-Wheeler Theft,BNS 303(2),15.26003,76.753358,P008861,P008208,"P001092, P005471",SI Mahesh Bhat,Chargesheeted
FIR202504658,FIR/4658/2025,PS0049,Belagavi,2025-11-20 14:38,2025-11-20 21:38,Dacoity,Bank Dacoity,BNS 310(2),15.931761,74.554375,P001583,P003019,P002289,SI Ravi Kumar,Under Investigation
FIR202504908,FIR/4908/2025,PS0133,Bengaluru Urban,2025-11-19 14:17,2025-11-20 22:17,Murder,Dowry Homicide,BNS 103(1),13.00178,77.51724,P006586,P003548,P004487,SI Ganesh Rao,Closed
FIR202500722,FIR/0722/2025,PS0193,Chamarajanagar,2025-11-19 22:00,2025-11-21 00:00,Vehicle Theft,Car Theft,BNS 303(2),12.004009,76.843236,P003574,P002587,P001491,PI Suresh Kulkarni,Chargesheeted
FIR202500639,FIR/0639/2025,PS0190,Bidar,2025-11-20 17:00,2025-11-21 01:00,POCSO,Harassment,"POCSO Act Sec 4, BNS 64",17.752331,77.566548,P001055,P007181,P005407,SI Prakash Sharma,Chargesheeted
FIR202500784,FIR/0784/2025,PS0181,Bidar,2025-11-20 21:29,2025-11-21 01:29,Fraud,Corporate Fraud,BNS 318(4),18.019045,77.411714,P006023,P009526,P006255,SI Mahesh Bhat,Under Investigation
FIR202503886,FIR/3886/2025,PS0100,Bengaluru Rural,2025-11-20 18:18,2025-11-21 02:18,Cyber Crime,Phishing,"IT Act 66D, BNS 318(4)",13.12772,77.5248,P005464,P006398,P004137,PI Ramesh Gowda,Under Investigation
FIR202502269,FIR/2269/2025,PS0054,Belagavi,2025-11-20 23:29,2025-11-21 03:29,POCSO,Harassment,"POCSO Act Sec 4, BNS 64",15.914694,74.684526,P002707,P008511,P000769,PI Ramesh Gowda,Closed
FIR202501186,FIR/1186/2025,PS0088,Bengaluru Rural,2025-11-18 21:57,2025-11-21 04:57,Dacoity,Bank Dacoity,BNS 310(2),13.044343,77.394977,P009813,P000828,P008506,PI Lakshmi Devi,Chargesheeted
FIR202502941,FIR/2941/2025,PS0027,Ballari,2025-11-20 19:20,2025-11-21 07:20,Assault,Simple Assault,"BNS 115(2), BNS 117(2)",15.030876,77.064703,P004439,P003563,P000044,PI Harish Naik,Under Investigation
FIR202504911,FIR/4911/2025,PS0159,Bidar,2025-11-20 03:09,2025-11-21 09:09,Murder,Dowry Homicide,BNS 103(1),18.055424,77.480641,P008605,P005978,"P007468, P006779",SI Ravi Kumar,Under Investigation
FIR202501312,FIR/1312/2025,PS0005,Bagalkote,2025-11-16 06:03,2025-11-21 10:03,Burglary,Night House Breaking,"BNS 331(3), BNS 331(4)",16.140707,75.591405,P009301,P009570,"P004444, P003700",PI Naveen Patil,Under Investigation
FIR202502916,FIR/2916/2025,PS0244,Chikkaballapura,2025-11-16 03:16,2025-11-21 11:16,Theft,Snatching,BNS 303(2),13.310469,77.921612,P004310,P002437,P009389,SI Ravi Kumar,Under Investigation
FIR202501289,FIR/1289/2025,PS0175,Bidar,2025-11-20 05:28,2025-11-21 12:28,Theft,Snatching,BNS 303(2),18.032466,77.423305,P000289,P005950,P007709,PI Chetan Kumar,Under Investigation
FIR202500528,FIR/0528/2025,PS0201,Chamarajanagar,2025-11-21 13:41,2025-11-21 16:41,Assault,Simple Assault,"BNS 115(2), BNS 117(2)",12.015455,76.855241,P007432,P008749,P008734,PI Harish Naik,Under Investigation
FIR202500329,FIR/0329/2025,PS0185,Bidar,2025-11-19 11:26,2025-11-21 18:26,Dacoity,Bank Dacoity,BNS 310(2),17.882157,77.497042,P000740,P009056,P008748,SI Divya Hegde,Under Investigation
FIR202504597,FIR/4597/2025,PS0121,Bengaluru Urban,2025-11-18 18:03,2025-11-21 20:03,Fraud,Land Scam,BNS 318(4),13.066802,77.511799,P002035,P007097,P004371,SI Divya Hegde,Chargesheeted
FIR202500906,FIR/0906/2025,PS0084,Bengaluru Rural,2025-11-21 10:38,2025-11-21 20:38,Fraud,Land Scam,BNS 318(4),13.176129,77.564036,P003754,P001987,P009546,SI Ganesh Rao,Chargesheeted
FIR202500236,FIR/0236/2025,PS0132,Bengaluru Urban,2025-11-21 20:40,2025-11-21 22:40,Cyber Crime,Phishing,"IT Act 66D, BNS 318(4)",13.010335,77.657716,P008495,P006138,P003926,SI Divya Hegde,Under Investigation
FIR202501607,FIR/1607/2025,PS0022,Bagalkote,2025-11-21 15:07,2025-11-21 23:07,Murder,Personal Enmity,BNS 103(1),16.248692,75.604135,P008363,P001617,P004205,PI Naveen Patil,Chargesheeted
FIR202502074,FIR/2074/2025,PS0056,Belagavi,2025-11-21 16:15,2025-11-22 00:15,Murder,Gang Conflict,BNS 103(1),15.751844,74.594438,P001548,P000452,P004705,SI Mahesh Bhat,Chargesheeted
FIR202503127,FIR/3127/2025,PS0148,Bengaluru Urban,2025-11-20 21:10,2025-11-22 02:10,Robbery,Highway Robbery,BNS 309(4),12.844578,77.639674,P007670,P004262,P009914,PI Lakshmi Devi,Chargesheeted
FIR202503312,FIR/3312/2025,PS0114,Bengaluru Urban,2025-11-20 18:54,2025-11-22 04:54,Fraud,Cheating,BNS 318(4),12.962167,77.74504,P007033,P009380,P009304,PI Naveen Patil,Chargesheeted
FIR202500478,FIR/0478/2025,PS0181,Bidar,2025-11-22 02:16,2025-11-22 05:16,Murder,Dowry Homicide,BNS 103(1),17.998784,77.399614,P001792,P009715,P002297,PI Suresh Kulkarni,Under Investigation
FIR202501490,FIR/1490/2025,PS0105,Bengaluru Rural,2025-11-20 01:09,2025-11-22 06:09,POCSO,Sexual Assault on Minor,"POCSO Act Sec 4, BNS 64",13.177812,77.647859,P005227,P003026,P001322,PI Harish Naik,Chargesheeted
FIR202500919,FIR/0919/2025,PS0057,Belagavi,2025-11-22 01:17,2025-11-22 06:17,Robbery,Chain Snatching with Force,BNS 309(4),15.673801,74.39551,P003519,P001524,P000600,PI Naveen Patil,Chargesheeted
FIR202502142,FIR/2142/2025,PS0055,Belagavi,2025-11-19 21:18,2025-11-22 06:18,Burglary,Day Burglary,"BNS 331(3), BNS 331(4)",15.817905,74.360569,P005191,P003059,P006304,PI Chetan Kumar,Chargesheeted
FIR202503374,FIR/3374/2025,PS0030,Ballari,2025-11-18 02:30,2025-11-22 08:30,Assault,Simple Assault,"BNS 115(2), BNS 117(2)",15.188334,76.835267,P004292,P008360,P006131,PI Ramesh Gowda,Chargesheeted
FIR202500367,FIR/0367/2025,PS0191,Bidar,2025-11-21 07:00,2025-11-22 09:00,Fraud,Corporate Fraud,BNS 318(4),17.929874,77.367749,P006427,P005446,P003605,PI Suresh Kulkarni,Chargesheeted
FIR202500193,FIR/0193/2025,PS0220,Chamarajanagar,2025-11-21 08:18,2025-11-22 09:18,Vehicle Theft,Two-Wheeler Theft,BNS 303(2),11.794228,76.794052,P000670,P007544,"P001762, P000931",SI Prakash Sharma,Under Investigation
FIR202504254,FIR/4254/2025,PS0007,Bagalkote,2025-11-22 03:11,2025-11-22 12:11,Fraud,Corporate Fraud,BNS 318(4),16.090546,75.628325,P007901,P003666,P007794,PI Lakshmi Devi,Chargesheeted
FIR202503482,FIR/3482/2025,PS0250,Chikkaballapura,2025-11-21 07:03,2025-11-22 15:03,Robbery,Highway Robbery,BNS 309(4),13.540058,77.818624,P000420,P009899,P000554,PI Suresh Kulkarni,Chargesheeted
FIR202504305,FIR/4305/2025,PS0194,Chamarajanagar,2025-11-22 09:51,2025-11-22 15:51,Robbery,Chain Snatching with Force,BNS 309(4),11.765399,76.873695,P007131,P004921,P001943,PI Chetan Kumar,Chargesheeted
FIR202500978,FIR/0978/2025,PS0138,Bengaluru Urban,2025-11-21 13:04,2025-11-22 16:04,Vehicle Theft,Two-Wheeler Theft,BNS 303(2),13.13708,77.439689,P007016,P008148,P003064,PI Naveen Patil,Under Investigation
FIR202500277,FIR/0277/2025,PS0170,Bidar,2025-11-21 13:22,2025-11-22 16:22,NDPS,Possession of Narcotics,NDPS Act Sec 20(b),17.892558,77.385179,P007561,P005153,P003755,PI Chetan Kumar,Under Investigation
FIR202503163,FIR/3163/2025,PS0087,Bengaluru Rural,2025-11-22 13:40,2025-11-22 16:40,NDPS,Drug Trafficking,NDPS Act Sec 20(b),13.161551,77.514254,P009422,P000524,"P004560, P004210",SI Ravi Kumar,Chargesheeted
FIR202504692,FIR/4692/2025,PS0032,Ballari,2025-11-22 14:22,2025-11-22 17:22,Vehicle Theft,Car Theft,BNS 303(2),15.141865,76.910524,P000634,P005980,P008833,SI Ravi Kumar,Chargesheeted
FIR202503128,FIR/3128/2025,PS0114,Bengaluru Urban,2025-11-22 11:26,2025-11-22 20:26,Vehicle Theft,Car Theft,BNS 303(2),12.989572,77.764881,P008022,P001837,"P003935, P009759",PI Naveen Patil,Under Investigation
FIR202503827,FIR/3827/2025,PS0207,Chamarajanagar,2025-11-22 09:07,2025-11-22 21:07,Burglary,Day Burglary,"BNS 331(3), BNS 331(4)",12.086675,77.117351,P005622,P003107,P001220,PI Suresh Kulkarni,Untraced
FIR202504393,FIR/4393/2025,PS0148,Bengaluru Urban,2025-11-21 18:24,2025-11-22 21:24,Robbery,Chain Snatching with Force,BNS 309(4),12.844329,77.668908,P005454,P001608,P009767,SI Mahesh Bhat,Closed
FIR202502567,FIR/2567/2025,PS0173,Bidar,2025-11-22 20:27,2025-11-22 21:27,Burglary,Day Burglary,"BNS 331(3), BNS 331(4)",17.748163,77.603711,P006196,P003816,P003368,PI Chetan Kumar,Closed
FIR202504012,FIR/4012/2025,PS0106,Bengaluru Rural,2025-11-22 13:09,2025-11-22 22:09,NDPS,Drug Trafficking,NDPS Act Sec 20(b),13.286747,77.542452,P007795,P004266,P003717,SI Mahesh Bhat,Chargesheeted
FIR202502235,FIR/2235/2025,PS0114,Bengaluru Urban,2025-11-22 20:02,2025-11-22 23:02,Theft,House Theft,BNS 303(2),12.962997,77.727123,P005728,P004584,"P001617, P005467",PI Naveen Patil,Untraced
FIR202504923,FIR/4923/2025,PS0176,Bidar,2025-11-20 01:26,2025-11-23 04:26,Assault,Public Affray,"BNS 115(2), BNS 117(2)",17.75226,77.530579,P003699,P001301,P002322,PI Harish Naik,Chargesheeted
FIR202501005,FIR/1005/2025,PS0085,Bengaluru Rural,2025-11-21 16:30,2025-11-23 04:30,Dacoity,Bank Dacoity,BNS 310(2),13.103506,77.434582,P008380,P005713,P009872,SI Divya Hegde,Under Investigation
FIR202501142,FIR/1142/2025,PS0156,Bidar,2025-11-23 01:10,2025-11-23 05:10,Cyber Crime,Phishing,"IT Act 66D, BNS 318(4)",17.994421,77.503548,P002391,P005308,P007978,PI Suresh Kulkarni,Under Investigation
FIR202501888,FIR/1888/2025,PS0145,Bengaluru Urban,2025-11-22 09:40,2025-11-23 11:40,Fraud,Cheating,BNS 318(4),12.80705,77.587841,P009653,P006229,P000610,SI Ravi Kumar,Chargesheeted
FIR202504651,FIR/4651/2025,PS0237,Chikkaballapura,2025-11-20 05:45,2025-11-23 13:45,Robbery,Highway Robbery,BNS 309(4),13.3677,77.647011,P000168,P000499,"P006893, P005392",SI Prakash Sharma,Chargesheeted
FIR202503546,FIR/3546/2025,PS0023,Bagalkote,2025-11-23 06:56,2025-11-23 14:56,NDPS,Possession of Narcotics,NDPS Act Sec 20(b),16.107397,75.794517,P002596,P000127,P008697,SI Divya Hegde,Under Investigation
FIR202503304,FIR/3304/2025,PS0247,Chikkaballapura,2025-11-23 09:10,2025-11-23 17:10,Cyber Crime,Financial Fraud,"IT Act 66D, BNS 318(4)",13.484377,77.874444,P004064,P002059,P005890,SI Ravi Kumar,Untraced
FIR202501392,FIR/1392/2025,PS0250,Chikkaballapura,2025-11-22 16:29,2025-11-23 19:29,POCSO,Harassment,"POCSO Act Sec 4, BNS 64",13.539136,77.813298,P007642,P005847,P002759,PI Suresh Kulkarni,Chargesheeted
FIR202503618,FIR/3618/2025,PS0108,Bengaluru Rural,2025-11-23 19:46,2025-11-23 22:46,Vehicle Theft,Two-Wheeler Theft,BNS 303(2),13.176757,77.432581,P008528,P003839,P003362,PI Suresh Kulkarni,Chargesheeted
FIR202503933,FIR/3933/2025,PS0128,Bengaluru Urban,2025-11-21 17:17,2025-11-24 00:17,Dacoity,Bank Dacoity,BNS 310(2),13.044623,77.584173,P005887,P005158,"P003192, P001890",PI Harish Naik,Chargesheeted
FIR202500051,FIR/0051/2025,PS0123,Bengaluru Urban,2025-11-22 13:10,2025-11-24 01:10,Cyber Crime,Identity Theft,"IT Act 66D, BNS 318(4)",13.01495,77.492766,P003186,P001921,P007094,PI Chetan Kumar,Chargesheeted
FIR202502566,FIR/2566/2025,PS0067,Belagavi,2025-11-23 17:07,2025-11-24 03:07,POCSO,Sexual Assault on Minor,"POCSO Act Sec 4, BNS 64",15.88505,74.680207,P006708,P009457,P005597,SI Prakash Sharma,Under Investigation
FIR202500010,FIR/0010/2025,PS0051,Belagavi,2025-11-21 01:48,2025-11-24 03:48,Assault,Public Affray,"BNS 115(2), BNS 117(2)",16.00284,74.528363,P009018,P007482,P008146,SI Mahesh Bhat,Under Investigation
FIR202502359,FIR/2359/2025,PS0121,Bengaluru Urban,2025-11-24 00:25,2025-11-24 04:25,Dacoity,Bank Dacoity,BNS 310(2),13.086137,77.480966,P003761,P009177,P000005,SI Mahesh Bhat,Chargesheeted
FIR202504372,FIR/4372/2025,PS0050,Belagavi,2025-11-23 22:28,2025-11-24 05:28,Assault,Simple Assault,"BNS 115(2), BNS 117(2)",15.722751,74.30949,P004270,P000952,P005582,PI Ramesh Gowda,Chargesheeted
FIR202501860,FIR/1860/2025,PS0011,Bagalkote,2025-11-24 02:24,2025-11-24 06:24,Assault,Public Affray,"BNS 115(2), BNS 117(2)",16.143883,75.675821,P002835,P001411,P001434,SI Prakash Sharma,Chargesheeted
FIR202503773,FIR/3773/2025,PS0215,Chamarajanagar,2025-11-22 19:31,2025-11-24 07:31,Cyber Crime,Phishing,"IT Act 66D, BNS 318(4)",11.88019,76.984987,P008519,P006689,P005870,SI Mahesh Bhat,Chargesheeted
FIR202500281,FIR/0281/2025,PS0035,Ballari,2025-11-22 20:46,2025-11-24 08:46,Dacoity,Bank Dacoity,BNS 310(2),15.228536,76.843217,P009564,P006059,P007224,SI Ganesh Rao,Under Investigation
FIR202500185,FIR/0185/2025,PS0076,Bengaluru Rural,2025-11-21 08:25,2025-11-24 09:25,Cyber Crime,Financial Fraud,"IT Act 66D, BNS 318(4)",13.335249,77.78086,P001946,P004604,"P002628, P004895",PI Naveen Patil,Under Investigation
FIR202501621,FIR/1621/2025,PS0186,Bidar,2025-11-24 02:59,2025-11-24 10:59,Murder,Gang Conflict,BNS 103(1),17.753134,77.485661,P002619,P001714,P003630,PI Suresh Kulkarni,Chargesheeted
FIR202502381,FIR/2381/2025,PS0008,Bagalkote,2025-11-23 03:10,2025-11-24 11:10,Assault,Public Affray,"BNS 115(2), BNS 117(2)",16.279449,75.537587,P002505,P003222,P000161,PI Harish Naik,Under Investigation
FIR202504990,FIR/4990/2025,PS0154,Bidar,2025-11-22 01:54,2025-11-24 11:54,Assault,Grievous Hurt,"BNS 115(2), BNS 117(2)",17.885985,77.413564,P008526,P008796,P009732,PI Suresh Kulkarni,Chargesheeted
FIR202503486,FIR/3486/2025,PS0018,Bagalkote,2025-11-23 01:20,2025-11-24 13:20,POCSO,Harassment,"POCSO Act Sec 4, BNS 64",16.203239,75.784493,P004048,P001648,P000923,PI Suresh Kulkarni,Untraced
FIR202500227,FIR/0227/2025,PS0010,Bagalkote,2025-11-21 03:22,2025-11-24 13:22,Burglary,Night House Breaking,"BNS 331(3), BNS 331(4)",16.152894,75.813604,P001159,P008572,P002889,SI Prakash Sharma,Under Investigation
FIR202504666,FIR/4666/2025,PS0146,Bengaluru Urban,2025-11-23 10:29,2025-11-24 16:29,Fraud,Cheating,BNS 318(4),12.934249,77.775362,P002584,P004109,P002576,PI Harish Naik,Under Investigation
FIR202500513,FIR/0513/2025,PS0089,Bengaluru Rural,2025-11-23 15:59,2025-11-24 16:59,Fraud,Corporate Fraud,BNS 318(4),13.375299,77.612223,P009608,P002960,P001606,PI Naveen Patil,Under Investigation
FIR202503516,FIR/3516/2025,PS0005,Bagalkote,2025-11-22 13:26,2025-11-24 17:26,Murder,Dowry Homicide,BNS 103(1),16.167342,75.572128,P004980,P000876,P001356,PI Lakshmi Devi,Chargesheeted
FIR202501818,FIR/1818/2025,PS0114,Bengaluru Urban,2025-11-22 09:03,2025-11-24 20:03,Fraud,Cheating,BNS 318(4),12.974529,77.764135,P000966,P005584,P005311,SI Ravi Kumar,Under Investigation
FIR202504239,FIR/4239/2025,PS0078,Bengaluru Rural,2025-11-24 16:25,2025-11-24 20:25,Robbery,Highway Robbery,BNS 309(4),13.112313,77.556164,P009355,P004117,P000884,PI Lakshmi Devi,Untraced
FIR202501472,FIR/1472/2025,PS0163,Bidar,2025-11-24 11:57,2025-11-24 20:57,Theft,Pocket Pick,BNS 303(2),17.937693,77.580847,P005173,P009162,P001160,SI Prakash Sharma,Chargesheeted
FIR202501689,FIR/1689/2025,PS0211,Chamarajanagar,2025-11-22 09:20,2025-11-24 21:20,Murder,Gang Conflict,BNS 103(1),11.831669,77.060934,P005137,P008973,P003983,SI Ganesh Rao,Chargesheeted
FIR202504645,FIR/4645/2025,PS0028,Ballari,2025-11-24 20:44,2025-11-24 23:44,Burglary,Night House Breaking,"BNS 331(3), BNS 331(4)",15.043409,76.864868,P007110,P005392,P009162,PI Chetan Kumar,Chargesheeted
FIR202504176,FIR/4176/2025,PS0091,Bengaluru Rural,2025-11-24 13:50,2025-11-24 23:50,Burglary,Night House Breaking,"BNS 331(3), BNS 331(4)",13.065366,77.631649,P002782,P004633,P005650,SI Ravi Kumar,Chargesheeted
FIR202501194,FIR/1194/2025,PS0230,Chamarajanagar,2025-11-24 16:12,2025-11-25 00:12,Murder,Dowry Homicide,BNS 103(1),11.756981,77.053976,P002966,P007860,P004771,PI Chetan Kumar,Untraced
FIR202502863,FIR/2863/2025,PS0051,Belagavi,2025-11-23 22:13,2025-11-25 04:13,Fraud,Corporate Fraud,BNS 318(4),16.00417,74.527707,P002505,P007509,P005301,PI Suresh Kulkarni,Untraced
FIR202500988,FIR/0988/2025,PS0059,Belagavi,2025-11-24 00:25,2025-11-25 04:25,Dacoity,Armed Dacoity,BNS 310(2),15.81249,74.51646,P007784,P000338,P009441,PI Chetan Kumar,Chargesheeted
FIR202502816,FIR/2816/2025,PS0097,Bengaluru Rural,2025-11-25 02:28,2025-11-25 04:28,Fraud,Corporate Fraud,BNS 318(4),13.112991,77.472138,P000585,P007534,P009493,PI Chetan Kumar,Under Investigation
FIR202502280,FIR/2280/2025,PS0008,Bagalkote,2025-11-25 00:35,2025-11-25 04:35,Fraud,Land Scam,BNS 318(4),16.254363,75.509456,P005316,P007224,P007777,PI Lakshmi Devi,Chargesheeted
FIR202500443,FIR/0443/2025,PS0088,Bengaluru Rural,2025-11-25 07:07,2025-11-25 11:07,Assault,Grievous Hurt,"BNS 115(2), BNS 117(2)",13.039001,77.390976,P009308,P000667,P003016,PI Ramesh Gowda,Chargesheeted
FIR202501500,FIR/1500/2025,PS0082,Bengaluru Rural,2025-11-24 01:45,2025-11-25 11:45,Murder,Dowry Homicide,BNS 103(1),13.355585,77.429703,P005174,P003192,"P004052, P008640",PI Naveen Patil,Chargesheeted
FIR202501791,FIR/1791/2025,PS0080,Bengaluru Rural,2025-11-24 00:20,2025-11-25 12:20,NDPS,Possession of Narcotics,NDPS Act Sec 20(b),13.381599,77.586136,P007530,P001092,P008472,SI Prakash Sharma,Under Investigation
FIR202501244,FIR/1244/2025,PS0054,Belagavi,2025-11-24 00:53,2025-11-25 12:53,Burglary,Day Burglary,"BNS 331(3), BNS 331(4)",15.927368,74.674172,P001312,P000198,P002534,SI Mahesh Bhat,Under Investigation
FIR202502676,FIR/2676/2025,PS0025,Bagalkote,2025-11-22 09:52,2025-11-25 13:52,Robbery,Highway Robbery,BNS 309(4),16.326313,75.8634,P009936,P006557,P004120,SI Divya Hegde,Under Investigation
FIR202502785,FIR/2785/2025,PS0049,Belagavi,2025-11-25 08:17,2025-11-25 16:17,Burglary,Day Burglary,"BNS 331(3), BNS 331(4)",15.910729,74.559693,P009816,P007072,P005211,PI Lakshmi Devi,Chargesheeted
FIR202501704,FIR/1704/2025,PS0187,Bidar,2025-11-24 17:35,2025-11-25 18:35,Cyber Crime,Phishing,"IT Act 66D, BNS 318(4)",17.960089,77.69966,P007598,P000067,P000337,SI Mahesh Bhat,Under Investigation
FIR202504574,FIR/4574/2025,PS0040,Ballari,2025-11-24 17:50,2025-11-25 18:50,Robbery,Highway Robbery,BNS 309(4),15.323657,76.818384,P002193,P001600,P006407,PI Ramesh Gowda,Chargesheeted
FIR202502882,FIR/2882/2025,PS0227,Chamarajanagar,2025-11-20 10:21,2025-11-25 20:21,Burglary,Night House Breaking,"BNS 331(3), BNS 331(4)",11.922644,76.907162,P001377,P000274,P007306,PI Ramesh Gowda,Chargesheeted
FIR202501648,FIR/1648/2025,PS0056,Belagavi,2025-11-25 18:12,2025-11-25 21:12,Assault,Grievous Hurt,"BNS 115(2), BNS 117(2)",15.756319,74.605283,P005891,P009567,P000334,PI Naveen Patil,Under Investigation
FIR202503424,FIR/3424/2025,PS0048,Belagavi,2025-11-24 16:50,2025-11-26 01:50,Dacoity,Bank Dacoity,BNS 310(2),15.719105,74.493345,P009025,P000721,P000804,PI Ramesh Gowda,Chargesheeted
FIR202502995,FIR/2995/2025,PS0185,Bidar,2025-11-25 17:25,2025-11-26 04:25,Assault,Public Affray,"BNS 115(2), BNS 117(2)",17.884472,77.494927,P003783,P007887,P004845,SI Divya Hegde,Chargesheeted
FIR202504880,FIR/4880/2025,PS0195,Chamarajanagar,2025-11-26 04:00,2025-11-26 05:00,Robbery,Chain Snatching with Force,BNS 309(4),11.875696,77.076754,P007071,P000499,P007666,PI Ramesh Gowda,Chargesheeted
FIR202502779,FIR/2779/2025,PS0003,Bagalkote,2025-11-25 19:03,2025-11-26 05:03,Vehicle Theft,Car Theft,BNS 303(2),16.343353,75.858458,P005230,P004941,P002137,PI Naveen Patil,Untraced
FIR202504752,FIR/4752/2025,PS0246,Chikkaballapura,2025-11-25 04:23,2025-11-26 06:23,POCSO,Harassment,"POCSO Act Sec 4, BNS 64",13.453006,77.712082,P005563,P001984,P001431,PI Suresh Kulkarni,Chargesheeted
FIR202501355,FIR/1355/2025,PS0131,Bengaluru Urban,2025-11-26 06:28,2025-11-26 07:28,Murder,Dowry Homicide,BNS 103(1),12.988133,77.644207,P001946,P007916,P007601,PI Lakshmi Devi,Untraced
FIR202501111,FIR/1111/2025,PS0092,Bengaluru Rural,2025-11-26 00:08,2025-11-26 09:08,Assault,Public Affray,"BNS 115(2), BNS 117(2)",13.063726,77.457967,P009405,P002739,P009885,PI Chetan Kumar,Chargesheeted
FIR202502680,FIR/2680/2025,PS0208,Chamarajanagar,2025-11-24 22:17,2025-11-26 09:17,Cyber Crime,Phishing,"IT Act 66D, BNS 318(4)",11.810017,77.159376,P006609,P003101,P003023,PI Suresh Kulkarni,Chargesheeted
FIR202500360,FIR/0360/2025,PS0057,Belagavi,2025-11-26 06:32,2025-11-26 10:32,Robbery,Chain Snatching with Force,BNS 309(4),15.690968,74.399616,P004951,P009578,"P009449, P007184",SI Divya Hegde,Untraced
FIR202501712,FIR/1712/2025,PS0023,Bagalkote,2025-11-25 23:32,2025-11-26 10:32,Vehicle Theft,Two-Wheeler Theft,BNS 303(2),16.104924,75.810394,P008054,P007929,P008683,SI Prakash Sharma,Chargesheeted
FIR202500779,FIR/0779/2025,PS0136,Bengaluru Urban,2025-11-26 02:59,2025-11-26 10:59,Fraud,Cheating,BNS 318(4),12.805234,77.622142,P008560,P004160,P007220,PI Suresh Kulkarni,Chargesheeted
FIR202502975,FIR/2975/2025,PS0135,Bengaluru Urban,2025-11-26 08:42,2025-11-26 13:42,Assault,Public Affray,"BNS 115(2), BNS 117(2)",12.911806,77.430616,P001729,P008295,P005357,PI Chetan Kumar,Under Investigation
FIR202502873,FIR/2873/2025,PS0227,Chamarajanagar,2025-11-26 03:45,2025-11-26 13:45,Fraud,Land Scam,BNS 318(4),11.920552,76.92684,P004182,P004811,P000343,PI Ramesh Gowda,Chargesheeted
FIR202501827,FIR/1827/2025,PS0161,Bidar,2025-11-24 13:58,2025-11-26 14:58,Dacoity,Bank Dacoity,BNS 310(2),17.99471,77.507836,P004548,P000346,P005808,PI Chetan Kumar,Chargesheeted
FIR202502548,FIR/2548/2025,PS0103,Bengaluru Rural,2025-11-26 06:04,2025-11-26 17:04,Vehicle Theft,Two-Wheeler Theft,BNS 303(2),13.343163,77.454765,P005817,P001666,P002700,PI Harish Naik,Chargesheeted
FIR202503715,FIR/3715/2025,PS0230,Chamarajanagar,2025-11-25 14:15,2025-11-26 17:15,Vehicle Theft,Car Theft,BNS 303(2),11.762597,77.04342,P006071,P005889,P007212,PI Suresh Kulkarni,Under Investigation
FIR202502123,FIR/2123/2025,PS0028,Ballari,2025-11-26 12:24,2025-11-26 17:24,Murder,Personal Enmity,BNS 103(1),15.026334,76.876101,P006520,P003232,P006445,PI Naveen Patil,Chargesheeted
FIR202504654,FIR/4654/2025,PS0187,Bidar,2025-11-25 16:26,2025-11-26 21:26,Dacoity,Armed Dacoity,BNS 310(2),17.960814,77.729557,P002920,P003444,P004783,PI Lakshmi Devi,Chargesheeted
FIR202504485,FIR/4485/2025,PS0001,Bagalkote,2025-11-25 12:04,2025-11-26 23:04,Dacoity,Armed Dacoity,BNS 310(2),16.197967,75.572726,P007948,P000806,P005518,SI Mahesh Bhat,Chargesheeted
FIR202503631,FIR/3631/2025,PS0030,Ballari,2025-11-26 21:29,2025-11-27 00:29,Assault,Simple Assault,"BNS 115(2), BNS 117(2)",15.201868,76.838789,P006466,P002585,P009116,SI Mahesh Bhat,Under Investigation
FIR202503780,FIR/3780/2025,PS0163,Bidar,2025-11-26 20:13,2025-11-27 01:13,Murder,Dowry Homicide,BNS 103(1),17.952089,77.577311,P007047,P004093,P003878,PI Harish Naik,Chargesheeted
FIR202502683,FIR/2683/2025,PS0043,Ballari,2025-11-23 18:46,2025-11-27 01:46,Assault,Grievous Hurt,"BNS 115(2), BNS 117(2)",14.969892,76.972117,P007074,P006810,P008933,PI Suresh Kulkarni,Under Investigation
FIR202504153,FIR/4153/2025,PS0104,Bengaluru Rural,2025-11-26 20:20,2025-11-27 08:20,Theft,Snatching,BNS 303(2),13.421756,77.547861,P006036,P001612,P001520,PI Naveen Patil,Chargesheeted
FIR202504376,FIR/4376/2025,PS0055,Belagavi,2025-11-23 22:35,2025-11-27 08:35,Cyber Crime,Financial Fraud,"IT Act 66D, BNS 318(4)",15.826831,74.371932,P006545,P004573,P009977,SI Ravi Kumar,Chargesheeted
FIR202500769,FIR/0769/2025,PS0143,Bengaluru Urban,2025-11-26 22:33,2025-11-27 10:33,Vehicle Theft,Car Theft,BNS 303(2),12.774193,77.413798,P000028,P005777,P002535,SI Mahesh Bhat,Untraced
FIR202502869,FIR/2869/2025,PS0027,Ballari,2025-11-22 04:09,2025-11-27 11:09,Burglary,Day Burglary,"BNS 331(3), BNS 331(4)",15.033379,77.090431,P006916,P004959,P000065,PI Lakshmi Devi,Untraced
FIR202500083,FIR/0083/2025,PS0154,Bidar,2025-11-26 09:18,2025-11-27 12:18,Dacoity,Bank Dacoity,BNS 310(2),17.88095,77.409172,P001628,P007119,P005006,PI Lakshmi Devi,Chargesheeted
FIR202503021,FIR/3021/2025,PS0020,Bagalkote,2025-11-25 11:21,2025-11-27 12:21,Vehicle Theft,Two-Wheeler Theft,BNS 303(2),16.255893,75.596519,P009861,P009766,P008988,PI Suresh Kulkarni,Chargesheeted
FIR202501831,FIR/1831/2025,PS0209,Chamarajanagar,2025-11-24 05:30,2025-11-27 12:30,Cyber Crime,Financial Fraud,"IT Act 66D, BNS 318(4)",12.048505,77.000995,P002806,P002285,P003549,PI Ramesh Gowda,Under Investigation
FIR202504071,FIR/4071/2025,PS0171,Bidar,2025-11-27 03:39,2025-11-27 13:39,Robbery,Highway Robbery,BNS 309(4),17.776843,77.564763,P007773,P005656,"P009076, P008162",SI Divya Hegde,Chargesheeted
FIR202504573,FIR/4573/2025,PS0149,Bengaluru Urban,2025-11-27 10:17,2025-11-27 14:17,Fraud,Land Scam,BNS 318(4),13.093143,77.457507,P007568,P003230,P002885,PI Lakshmi Devi,Chargesheeted
FIR202503843,FIR/3843/2025,PS0197,Chamarajanagar,2025-11-25 04:40,2025-11-27 15:40,Vehicle Theft,Car Theft,BNS 303(2),11.882261,77.058347,P007787,P008416,P009020,SI Ravi Kumar,Chargesheeted
FIR202502973,FIR/2973/2025,PS0208,Chamarajanagar,2025-11-27 06:45,2025-11-27 17:45,Burglary,Night House Breaking,"BNS 331(3), BNS 331(4)",11.810089,77.129209,P002768,P001179,P002702,SI Prakash Sharma,Chargesheeted
FIR202500899,FIR/0899/2025,PS0110,Bengaluru Urban,2025-11-27 15:32,2025-11-27 20:32,POCSO,Harassment,"POCSO Act Sec 4, BNS 64",13.163127,77.639016,P003439,P004595,"P002389, P006969",PI Suresh Kulkarni,Chargesheeted
FIR202500727,FIR/0727/2025,PS0185,Bidar,2025-11-27 09:01,2025-11-27 21:01,Assault,Public Affray,"BNS 115(2), BNS 117(2)",17.872703,77.507059,P007399,P002762,P001470,PI Harish Naik,Chargesheeted
FIR202501498,FIR/1498/2025,PS0103,Bengaluru Rural,2025-11-23 20:28,2025-11-27 21:28,Murder,Gang Conflict,BNS 103(1),13.349878,77.461063,P006062,P004258,P003508,PI Harish Naik,Untraced
FIR202504144,FIR/4144/2025,PS0163,Bidar,2025-11-27 11:41,2025-11-27 23:41,Assault,Public Affray,"BNS 115(2), BNS 117(2)",17.933308,77.587078,P007732,P002675,P001137,SI Divya Hegde,Closed
FIR202504822,FIR/4822/2025,PS0060,Belagavi,2025-11-24 16:31,2025-11-28 01:31,Burglary,Day Burglary,"BNS 331(3), BNS 331(4)",16.002155,74.526147,P004913,P009078,P009546,PI Ramesh Gowda,Under Investigation
FIR202503996,FIR/3996/2025,PS0158,Bidar,2025-11-26 00:33,2025-11-28 01:33,Theft,Snatching,BNS 303(2),17.908935,77.505619,P002920,P008720,P002422,PI Suresh Kulkarni,Closed
FIR202500688,FIR/0688/2025,PS0144,Bengaluru Urban,2025-11-24 23:30,2025-11-28 03:30,Fraud,Corporate Fraud,BNS 318(4),12.815538,77.560711,P009751,P003477,P006487,PI Harish Naik,Chargesheeted
FIR202501381,FIR/1381/2025,PS0133,Bengaluru Urban,2025-11-24 02:41,2025-11-28 03:41,Burglary,Day Burglary,"BNS 331(3), BNS 331(4)",13.009117,77.549365,P003854,P005363,P002625,SI Mahesh Bhat,Chargesheeted
FIR202503690,FIR/3690/2025,PS0184,Bidar,2025-11-27 22:35,2025-11-28 04:35,NDPS,Drug Trafficking,NDPS Act Sec 20(b),17.915075,77.613113,P009747,P006471,P003787,PI Chetan Kumar,Chargesheeted
FIR202504339,FIR/4339/2025,PS0006,Bagalkote,2025-11-27 22:03,2025-11-28 06:03,Vehicle Theft,Car Theft,BNS 303(2),16.375316,75.771365,P005677,P004394,P009544,PI Ramesh Gowda,Chargesheeted
FIR202503484,FIR/3484/2025,PS0109,Bengaluru Rural,2025-11-28 00:16,2025-11-28 06:16,Vehicle Theft,Car Theft,BNS 303(2),13.113667,77.602967,P002847,P009825,P004009,PI Lakshmi Devi,Under Investigation
FIR202502255,FIR/2255/2025,PS0031,Ballari,2025-11-28 07:05,2025-11-28 08:05,Assault,Public Affray,"BNS 115(2), BNS 117(2)",14.985108,77.097115,P006795,P002225,P002492,SI Prakash Sharma,Chargesheeted
FIR202501744,FIR/1744/2025,PS0083,Bengaluru Rural,2025-11-27 00:17,2025-11-28 08:17,Murder,Personal Enmity,BNS 103(1),13.258331,77.549216,P006628,P008521,P002410,PI Harish Naik,Under Investigation
FIR202502523,FIR/2523/2025,PS0162,Bidar,2025-11-26 21:56,2025-11-28 09:56,POCSO,Sexual Assault on Minor,"POCSO Act Sec 4, BNS 64",18.023087,77.464327,P001955,P001194,P007795,SI Ravi Kumar,Chargesheeted
FIR202502546,FIR/2546/2025,PS0085,Bengaluru Rural,2025-11-28 07:28,2025-11-28 10:28,NDPS,Drug Trafficking,NDPS Act Sec 20(b),13.089886,77.43191,P004507,P000330,P009079,SI Mahesh Bhat,Under Investigation
FIR202501185,FIR/1185/2025,PS0036,Ballari,2025-11-27 08:01,2025-11-28 14:01,Murder,Personal Enmity,BNS 103(1),15.264082,76.755989,P005716,P001672,"P004648, P006399",SI Prakash Sharma,Chargesheeted
FIR202502602,FIR/2602/2025,PS0166,Bidar,2025-11-28 08:01,2025-11-28 14:01,NDPS,Drug Trafficking,NDPS Act Sec 20(b),17.794859,77.505909,P007969,P002386,P007176,SI Prakash Sharma,Chargesheeted
FIR202501793,FIR/1793/2025,PS0049,Belagavi,2025-11-27 06:27,2025-11-28 14:27,Dacoity,Armed Dacoity,BNS 310(2),15.928254,74.55478,P009987,P000767,P009579,SI Divya Hegde,Under Investigation
FIR202502742,FIR/2742/2025,PS0063,Belagavi,2025-11-27 10:49,2025-11-28 14:49,Dacoity,Armed Dacoity,BNS 310(2),16.007183,74.683407,P000775,P004779,P007974,SI Mahesh Bhat,Chargesheeted
FIR202502199,FIR/2199/2025,PS0220,Chamarajanagar,2025-11-28 10:50,2025-11-28 14:50,Assault,Grievous Hurt,"BNS 115(2), BNS 117(2)",11.787844,76.788665,P002355,P006058,P009974,PI Chetan Kumar,Chargesheeted
FIR202503653,FIR/3653/2025,PS0207,Chamarajanagar,2025-11-25 13:24,2025-11-28 15:24,POCSO,Sexual Assault on Minor,"POCSO Act Sec 4, BNS 64",12.074752,77.112041,P008772,P004695,P002770,SI Ganesh Rao,Under Investigation
FIR202501812,FIR/1812/2025,PS0070,Bengaluru Rural,2025-11-28 08:19,2025-11-28 20:19,NDPS,Possession of Narcotics,NDPS Act Sec 20(b),13.264971,77.765193,P000501,P000046,P001815,PI Naveen Patil,Chargesheeted
FIR202502508,FIR/2508/2025,PS0085,Bengaluru Rural,2025-11-27 11:21,2025-11-28 21:21,Burglary,Night House Breaking,"BNS 331(3), BNS 331(4)",13.11865,77.414272,P001816,P004810,P001410,SI Ganesh Rao,Under Investigation
FIR202500555,FIR/0555/2025,PS0126,Bengaluru Urban,2025-11-27 16:50,2025-11-28 22:50,Vehicle Theft,Car Theft,BNS 303(2),12.862422,77.553312,P008678,P003702,P007900,PI Suresh Kulkarni,Under Investigation
FIR202501413,FIR/1413/2025,PS0054,Belagavi,2025-11-28 17:23,2025-11-28 23:23,Cyber Crime,Identity Theft,"IT Act 66D, BNS 318(4)",15.926798,74.674245,P003636,P009221,P001961,PI Chetan Kumar,Chargesheeted
FIR202502994,FIR/2994/2025,PS0098,Bengaluru Rural,2025-11-28 20:31,2025-11-28 23:31,Assault,Public Affray,"BNS 115(2), BNS 117(2)",13.289763,77.733212,P005261,P008831,P009074,PI Naveen Patil,Chargesheeted
FIR202503442,FIR/3442/2025,PS0221,Chamarajanagar,2025-11-28 21:02,2025-11-29 02:02,Dacoity,Bank Dacoity,BNS 310(2),12.041107,77.113199,P006422,P006216,P006901,SI Divya Hegde,Chargesheeted
FIR202501760,FIR/1760/2025,PS0195,Chamarajanagar,2025-11-28 20:04,2025-11-29 02:04,Robbery,Chain Snatching with Force,BNS 309(4),11.884595,77.052316,P004120,P004590,P009551,SI Prakash Sharma,Chargesheeted
FIR202501685,FIR/1685/2025,PS0044,Ballari,2025-11-28 17:48,2025-11-29 03:48,NDPS,Possession of Narcotics,NDPS Act Sec 20(b),15.30744,76.931987,P007204,P002732,P007734,PI Ramesh Gowda,Chargesheeted
FIR202503187,FIR/3187/2025,PS0149,Bengaluru Urban,2025-11-26 20:39,2025-11-29 04:39,Assault,Grievous Hurt,"BNS 115(2), BNS 117(2)",13.097252,77.469038,P005228,P000420,P005986,SI Prakash Sharma,Chargesheeted
FIR202502698,FIR/2698/2025,PS0129,Bengaluru Urban,2025-11-28 17:42,2025-11-29 04:42,Cyber Crime,Phishing,"IT Act 66D, BNS 318(4)",12.810175,77.77052,P007659,P008024,P008870,PI Naveen Patil,Untraced
FIR202504646,FIR/4646/2025,PS0044,Ballari,2025-11-28 21:56,2025-11-29 05:56,NDPS,Possession of Narcotics,NDPS Act Sec 20(b),15.302914,76.939891,P000039,P002344,P001777,SI Prakash Sharma,Closed
FIR202500820,FIR/0820/2025,PS0182,Bidar,2025-11-28 22:36,2025-11-29 06:36,Cyber Crime,Identity Theft,"IT Act 66D, BNS 318(4)",17.897512,77.67021,P001936,P002743,P006034,PI Chetan Kumar,Chargesheeted
FIR202501479,FIR/1479/2025,PS0190,Bidar,2025-11-28 00:58,2025-11-29 06:58,Assault,Grievous Hurt,"BNS 115(2), BNS 117(2)",17.756452,77.584593,P003622,P009371,P003219,PI Naveen Patil,Chargesheeted
FIR202503431,FIR/3431/2025,PS0092,Bengaluru Rural,2025-11-28 07:40,2025-11-29 11:40,Fraud,Land Scam,BNS 318(4),13.07225,77.488713,P006225,P001081,"P006777, P007673",SI Ganesh Rao,Under Investigation
FIR202503997,FIR/3997/2025,PS0193,Chamarajanagar,2025-11-29 10:13,2025-11-29 12:13,Cyber Crime,Identity Theft,"IT Act 66D, BNS 318(4)",11.999768,76.861439,P009140,P002241,P001322,PI Naveen Patil,Untraced
FIR202504445,FIR/4445/2025,PS0250,Chikkaballapura,2025-11-25 08:14,2025-11-29 12:14,POCSO,Harassment,"POCSO Act Sec 4, BNS 64",13.555733,77.792373,P006006,P004052,P002543,SI Ganesh Rao,Chargesheeted
FIR202503786,FIR/3786/2025,PS0218,Chamarajanagar,2025-11-25 08:49,2025-11-29 12:49,Assault,Grievous Hurt,"BNS 115(2), BNS 117(2)",11.878697,77.02308,P005416,P006551,P001202,PI Chetan Kumar,Under Investigation
FIR202500757,FIR/0757/2025,PS0123,Bengaluru Urban,2025-11-29 05:56,2025-11-29 12:56,Vehicle Theft,Car Theft,BNS 303(2),13.032766,77.48891,P007390,P008530,P001462,SI Prakash Sharma,Under Investigation
FIR202504352,FIR/4352/2025,PS0128,Bengaluru Urban,2025-11-29 06:50,2025-11-29 13:50,POCSO,Sexual Assault on Minor,"POCSO Act Sec 4, BNS 64",13.012189,77.594677,P003715,P008143,P009283,PI Ramesh Gowda,Chargesheeted
FIR202500299,FIR/0299/2025,PS0072,Bengaluru Rural,2025-11-29 02:36,2025-11-29 14:36,Vehicle Theft,Car Theft,BNS 303(2),13.289549,77.624234,P001277,P001828,P005173,SI Prakash Sharma,Chargesheeted
FIR202503480,FIR/3480/2025,PS0108,Bengaluru Rural,2025-11-28 15:35,2025-11-29 16:35,Cyber Crime,Financial Fraud,"IT Act 66D, BNS 318(4)",13.174272,77.461691,P005021,P007146,P008906,SI Mahesh Bhat,Chargesheeted
FIR202501297,FIR/1297/2025,PS0208,Chamarajanagar,2025-11-25 08:47,2025-11-29 19:47,Robbery,Highway Robbery,BNS 309(4),11.836925,77.146548,P003168,P007220,P008741,PI Harish Naik,Chargesheeted
FIR202500397,FIR/0397/2025,PS0148,Bengaluru Urban,2025-11-29 12:02,2025-11-29 20:02,Dacoity,Bank Dacoity,BNS 310(2),12.872859,77.659481,P005656,P004340,P007752,SI Divya Hegde,Chargesheeted
FIR202502382,FIR/2382/2025,PS0127,Bengaluru Urban,2025-11-24 15:34,2025-11-29 23:34,Murder,Dowry Homicide,BNS 103(1),13.127192,77.624593,P001080,P000170,P009217,SI Divya Hegde,Chargesheeted
FIR202504124,FIR/4124/2025,PS0142,Bengaluru Urban,2025-11-28 12:19,2025-11-30 00:19,NDPS,Drug Trafficking,NDPS Act Sec 20(b),13.083715,77.747376,P007104,P001077,P003976,SI Ganesh Rao,Closed
FIR202502291,FIR/2291/2025,PS0144,Bengaluru Urban,2025-11-28 15:20,2025-11-30 03:20,Burglary,Day Burglary,"BNS 331(3), BNS 331(4)",12.810187,77.585946,P001279,P005207,P004244,SI Prakash Sharma,Chargesheeted
FIR202503788,FIR/3788/2025,PS0044,Ballari,2025-11-29 19:58,2025-11-30 04:58,NDPS,Possession of Narcotics,NDPS Act Sec 20(b),15.299696,76.932466,P009369,P000995,P009889,PI Lakshmi Devi,Under Investigation
FIR202504930,FIR/4930/2025,PS0092,Bengaluru Rural,2025-11-28 03:09,2025-11-30 05:09,Vehicle Theft,Car Theft,BNS 303(2),13.072522,77.494214,P004450,P008688,P007591,PI Lakshmi Devi,Closed
FIR202501833,FIR/1833/2025,PS0122,Bengaluru Urban,2025-11-26 01:28,2025-11-30 06:28,POCSO,Harassment,"POCSO Act Sec 4, BNS 64",13.133285,77.529569,P004105,P000481,P008206,PI Harish Naik,Chargesheeted
FIR202500611,FIR/0611/2025,PS0144,Bengaluru Urban,2025-11-25 18:57,2025-11-30 06:57,Cyber Crime,Identity Theft,"IT Act 66D, BNS 318(4)",12.837138,77.562713,P008575,P004203,P003947,PI Naveen Patil,Chargesheeted
FIR202503977,FIR/3977/2025,PS0037,Ballari,2025-11-29 00:18,2025-11-30 07:18,Assault,Grievous Hurt,"BNS 115(2), BNS 117(2)",15.095815,77.06848,P001861,P005969,P005138,PI Chetan Kumar,Under Investigation
FIR202501374,FIR/1374/2025,PS0056,Belagavi,2025-11-30 05:26,2025-11-30 07:26,POCSO,Sexual Assault on Minor,"POCSO Act Sec 4, BNS 64",15.743734,74.58923,P004681,P000932,P007678,PI Suresh Kulkarni,Under Investigation
FIR202503615,FIR/3615/2025,PS0097,Bengaluru Rural,2025-11-27 01:07,2025-11-30 09:07,Vehicle Theft,Two-Wheeler Theft,BNS 303(2),13.137342,77.480118,P001552,P006980,P006882,PI Naveen Patil,Under Investigation
FIR202503441,FIR/3441/2025,PS0092,Bengaluru Rural,2025-11-29 04:16,2025-11-30 11:16,Murder,Dowry Homicide,BNS 103(1),13.042452,77.473426,P000395,P008152,P009301,SI Mahesh Bhat,Closed
FIR202500448,FIR/0448/2025,PS0038,Ballari,2025-11-29 04:44,2025-11-30 12:44,Theft,House Theft,BNS 303(2),15.081141,77.071081,P007181,P009575,P002404,PI Naveen Patil,Chargesheeted
FIR202504680,FIR/4680/2025,PS0197,Chamarajanagar,2025-11-27 12:16,2025-11-30 14:16,Murder,Personal Enmity,BNS 103(1),11.853387,77.039444,P008489,P007594,P007350,SI Prakash Sharma,Under Investigation
FIR202504433,FIR/4433/2025,PS0104,Bengaluru Rural,2025-11-30 13:48,2025-11-30 14:48,Fraud,Corporate Fraud,BNS 318(4),13.41287,77.529418,P000424,P009593,"P005357, P000953",PI Harish Naik,Chargesheeted
FIR202504807,FIR/4807/2025,PS0148,Bengaluru Urban,2025-11-27 02:51,2025-11-30 14:51,Murder,Dowry Homicide,BNS 103(1),12.871602,77.664693,P000465,P008939,P007233,SI Ravi Kumar,Under Investigation
FIR202503005,FIR/3005/2025,PS0085,Bengaluru Rural,2025-11-25 11:47,2025-11-30 16:47,Theft,House Theft,BNS 303(2),13.094766,77.409014,P003016,P006484,P009287,SI Ravi Kumar,Chargesheeted
FIR202500659,FIR/0659/2025,PS0243,Chikkaballapura,2025-11-29 12:06,2025-11-30 20:06,Assault,Grievous Hurt,"BNS 115(2), BNS 117(2)",13.436831,77.872618,P002098,P005868,P006198,PI Suresh Kulkarni,Under Investigation
FIR202500519,FIR/0519/2025,PS0085,Bengaluru Rural,2025-11-30 10:43,2025-11-30 21:43,Assault,Simple Assault,"BNS 115(2), BNS 117(2)",13.09878,77.428219,P007850,P006117,"P002014, P001254",SI Mahesh Bhat,Chargesheeted
FIR202503363,FIR/3363/2025,PS0031,Ballari,2025-11-30 13:47,2025-11-30 21:47,Murder,Personal Enmity,BNS 103(1),14.972027,77.10988,P006954,P001180,P005360,SI Ganesh Rao,Under Investigation
FIR202503781,FIR/3781/2025,PS0079,Bengaluru Rural,2025-11-25 15:49,2025-11-30 21:49,Dacoity,Bank Dacoity,BNS 310(2),13.08291,77.456266,P002274,P006965,P006911,PI Harish Naik,Chargesheeted
FIR202501522,FIR/1522/2025,PS0167,Bidar,2025-11-30 20:28,2025-11-30 22:28,Dacoity,Armed Dacoity,BNS 310(2),18.055776,77.420989,P000840,P003054,P001317,PI Lakshmi Devi,Chargesheeted
FIR202502890,FIR/2890/2025,PS0045,Ballari,2025-11-27 19:29,2025-11-30 23:29,Assault,Public Affray,"BNS 115(2), BNS 117(2)",14.978582,76.907444,P004540,P008643,P001319,PI Lakshmi Devi,Under Investigation
FIR202501443,FIR/1443/2025,PS0041,Ballari,2025-11-30 14:22,2025-12-01 00:22,Vehicle Theft,Two-Wheeler Theft,BNS 303(2),15.259662,76.907074,P002411,P006618,P006243,SI Ravi Kumar,Under Investigation
FIR202504454,FIR/4454/2025,PS0056,Belagavi,2025-11-30 22:28,2025-12-01 01:28,Theft,Snatching,BNS 303(2),15.763031,74.596551,P005231,P001639,P002908,SI Ravi Kumar,Chargesheeted
FIR202503445,FIR/3445/2025,PS0217,Chamarajanagar,2025-11-30 22:35,2025-12-01 02:35,Assault,Simple Assault,"BNS 115(2), BNS 117(2)",11.742856,76.9072,P000420,P001975,P003976,PI Ramesh Gowda,Under Investigation
FIR202500562,FIR/0562/2025,PS0041,Ballari,2025-12-01 01:42,2025-12-01 05:42,Murder,Dowry Homicide,BNS 103(1),15.265886,76.889072,P006046,P000589,"P000830, P005513",SI Mahesh Bhat,Chargesheeted
FIR202502066,FIR/2066/2025,PS0162,Bidar,2025-12-01 04:52,2025-12-01 07:52,Assault,Public Affray,"BNS 115(2), BNS 117(2)",18.014632,77.45507,P008167,P009141,P009283,SI Ravi Kumar,Chargesheeted
FIR202503637,FIR/3637/2025,PS0052,Belagavi,2025-12-01 05:29,2025-12-01 08:29,Burglary,Night House Breaking,"BNS 331(3), BNS 331(4)",15.907871,74.286142,P005527,P009618,P005046,PI Harish Naik,Chargesheeted
FIR202504377,FIR/4377/2025,PS0096,Bengaluru Rural,2025-11-30 06:40,2025-12-01 08:40,Cyber Crime,Identity Theft,"IT Act 66D, BNS 318(4)",13.148006,77.461748,P005368,P003786,P006270,SI Ganesh Rao,Under Investigation
FIR202501686,FIR/1686/2025,PS0079,Bengaluru Rural,2025-12-01 00:56,2025-12-01 12:56,Robbery,Chain Snatching with Force,BNS 309(4),13.086657,77.447874,P003516,P006079,P002184,SI Ganesh Rao,Chargesheeted
FIR202503267,FIR/3267/2025,PS0076,Bengaluru Rural,2025-11-29 03:01,2025-12-01 14:01,NDPS,Drug Trafficking,NDPS Act Sec 20(b),13.319797,77.774648,P008188,P002426,P006768,PI Ramesh Gowda,Chargesheeted
FIR202503620,FIR/3620/2025,PS0133,Bengaluru Urban,2025-12-01 06:21,2025-12-01 14:21,Robbery,Chain Snatching with Force,BNS 309(4),13.004672,77.517241,P001618,P006458,P005099,SI Divya Hegde,Chargesheeted
FIR202500169,FIR/0169/2025,PS0241,Chikkaballapura,2025-12-01 12:16,2025-12-01 15:16,Cyber Crime,Identity Theft,"IT Act 66D, BNS 318(4)",13.270256,77.920552,P008733,P007684,P005852,PI Chetan Kumar,Chargesheeted
FIR202502027,FIR/2027/2025,PS0212,Chamarajanagar,2025-11-30 11:05,2025-12-01 16:05,Robbery,Chain Snatching with Force,BNS 309(4),12.049993,76.835653,P009606,P002883,P000258,SI Mahesh Bhat,Under Investigation
FIR202500145,FIR/0145/2025,PS0008,Bagalkote,2025-12-01 10:12,2025-12-01 17:12,Theft,Snatching,BNS 303(2),16.276148,75.526662,P005363,P003375,P002749,PI Chetan Kumar,Closed
FIR202500553,FIR/0553/2025,PS0022,Bagalkote,2025-11-29 07:04,2025-12-01 18:04,POCSO,Harassment,"POCSO Act Sec 4, BNS 64",16.26166,75.620437,P001858,P002173,P001851,PI Suresh Kulkarni,Chargesheeted
FIR202500726,FIR/0726/2025,PS0229,Chamarajanagar,2025-11-30 19:33,2025-12-01 20:33,Assault,Public Affray,"BNS 115(2), BNS 117(2)",12.060599,77.027229,P001252,P007080,P004174,PI Ramesh Gowda,Chargesheeted
FIR202502282,FIR/2282/2025,PS0247,Chikkaballapura,2025-12-01 18:01,2025-12-01 22:01,Assault,Grievous Hurt,"BNS 115(2), BNS 117(2)",13.465568,77.895636,P001407,P003884,P008136,PI Suresh Kulkarni,Chargesheeted
FIR202500493,FIR/0493/2025,PS0092,Bengaluru Rural,2025-11-28 22:24,2025-12-01 23:24,Robbery,Chain Snatching with Force,BNS 309(4),13.04895,77.482494,P004485,P001402,P008987,PI Ramesh Gowda,Under Investigation
FIR202500625,FIR/0625/2025,PS0039,Ballari,2025-11-30 11:46,2025-12-01 23:46,Assault,Public Affray,"BNS 115(2), BNS 117(2)",15.318695,76.922699,P009514,P000919,P008409,PI Lakshmi Devi,Closed
FIR202503474,FIR/3474/2025,PS0060,Belagavi,2025-11-30 19:04,2025-12-02 03:04,Theft,Snatching,BNS 303(2),16.018268,74.520347,P000810,P004346,P004447,PI Suresh Kulkarni,Chargesheeted
FIR202500355,FIR/0355/2025,PS0241,Chikkaballapura,2025-11-30 23:42,2025-12-02 03:42,Assault,Simple Assault,"BNS 115(2), BNS 117(2)",13.279762,77.936736,P004011,P002019,P003896,SI Ganesh Rao,Untraced
FIR202501455,FIR/1455/2025,PS0189,Bidar,2025-11-30 02:44,2025-12-02 03:44,Fraud,Corporate Fraud,BNS 318(4),17.917852,77.364443,P007969,P002738,P008316,PI Naveen Patil,Closed
FIR202501949,FIR/1949/2025,PS0157,Bidar,2025-11-30 18:05,2025-12-02 05:05,Assault,Simple Assault,"BNS 115(2), BNS 117(2)",17.8272,77.561427,P008011,P003313,P008939,SI Prakash Sharma,Chargesheeted
FIR202503344,FIR/3344/2025,PS0197,Chamarajanagar,2025-12-01 01:50,2025-12-02 05:50,POCSO,Harassment,"POCSO Act Sec 4, BNS 64",11.876261,77.063347,P004857,P005010,P006680,PI Chetan Kumar,Chargesheeted
FIR202501337,FIR/1337/2025,PS0215,Chamarajanagar,2025-11-30 21:18,2025-12-02 07:18,NDPS,Possession of Narcotics,NDPS Act Sec 20(b),11.878441,76.991796,P009242,P009518,P007129,SI Divya Hegde,Chargesheeted
FIR202503404,FIR/3404/2025,PS0205,Chamarajanagar,2025-11-29 00:33,2025-12-02 07:33,Vehicle Theft,Two-Wheeler Theft,BNS 303(2),11.950305,76.790088,P000181,P008906,P005909,PI Chetan Kumar,Chargesheeted
FIR202501953,FIR/1953/2025,PS0175,Bidar,2025-12-02 07:04,2025-12-02 08:04,Assault,Grievous Hurt,"BNS 115(2), BNS 117(2)",18.025627,77.439641,P000859,P007803,P001534,SI Ganesh Rao,Chargesheeted
FIR202500407,FIR/0407/2025,PS0238,Chikkaballapura,2025-12-01 22:06,2025-12-02 08:06,Assault,Grievous Hurt,"BNS 115(2), BNS 117(2)",13.339592,77.909465,P009543,P007336,P000552,SI Ganesh Rao,Chargesheeted
FIR202504523,FIR/4523/2025,PS0238,Chikkaballapura,2025-11-27 22:20,2025-12-02 08:20,POCSO,Sexual Assault on Minor,"POCSO Act Sec 4, BNS 64",13.335046,77.902241,P000934,P004912,P003779,SI Prakash Sharma,Untraced
FIR202501842,FIR/1842/2025,PS0035,Ballari,2025-11-29 00:07,2025-12-02 09:07,Fraud,Corporate Fraud,BNS 318(4),15.230786,76.86531,P004198,P005853,P009746,SI Mahesh Bhat,Under Investigation
FIR202503053,FIR/3053/2025,PS0155,Bidar,2025-12-02 01:16,2025-12-02 09:16,Dacoity,Bank Dacoity,BNS 310(2),17.968664,77.347729,P001030,P001935,P002141,PI Naveen Patil,Chargesheeted
FIR202504618,FIR/4618/2025,PS0130,Bengaluru Urban,2025-11-30 05:29,2025-12-02 09:29,Murder,Dowry Homicide,BNS 103(1),13.098346,77.487684,P003756,P002605,P008022,PI Naveen Patil,Under Investigation
FIR202503892,FIR/3892/2025,PS0234,Chamarajanagar,2025-11-30 22:31,2025-12-02 09:31,Assault,Public Affray,"BNS 115(2), BNS 117(2)",12.012856,76.821051,P007386,P002997,P009896,PI Naveen Patil,Under Investigation
FIR202500970,FIR/0970/2025,PS0150,Bengaluru Urban,2025-11-30 00:47,2025-12-02 10:47,Fraud,Corporate Fraud,BNS 318(4),13.067573,77.696817,P008746,P001282,"P002703, P001105",SI Ravi Kumar,Under Investigation
FIR202501848,FIR/1848/2025,PS0143,Bengaluru Urban,2025-12-01 04:11,2025-12-02 13:11,Burglary,Night House Breaking,"BNS 331(3), BNS 331(4)",12.77073,77.403164,P001993,P008954,P003548,PI Naveen Patil,Under Investigation
FIR202502364,FIR/2364/2025,PS0144,Bengaluru Urban,2025-11-29 14:22,2025-12-02 16:22,Burglary,Day Burglary,"BNS 331(3), BNS 331(4)",12.83205,77.568222,P008892,P001698,P001128,PI Ramesh Gowda,Untraced
FIR202504964,FIR/4964/2025,PS0086,Bengaluru Rural,2025-12-02 08:50,2025-12-02 16:50,POCSO,Harassment,"POCSO Act Sec 4, BNS 64",13.314585,77.502922,P004025,P006172,P001808,SI Ravi Kumar,Chargesheeted
FIR202504238,FIR/4238/2025,PS0027,Ballari,2025-12-01 14:14,2025-12-02 17:14,Dacoity,Armed Dacoity,BNS 310(2),15.062626,77.062172,P007553,P003593,P004319,SI Ravi Kumar,Under Investigation
FIR202501164,FIR/1164/2025,PS0205,Chamarajanagar,2025-12-02 20:34,2025-12-02 22:34,Assault,Public Affray,"BNS 115(2), BNS 117(2)",11.937075,76.783709,P003056,P003965,P009981,SI Ganesh Rao,Untraced
FIR202503705,FIR/3705/2025,PS0180,Bidar,2025-12-02 22:02,2025-12-02 23:02,Dacoity,Bank Dacoity,BNS 310(2),18.066942,77.423378,P007231,P008636,P009017,PI Suresh Kulkarni,Chargesheeted
FIR202502228,FIR/2228/2025,PS0026,Ballari,2025-12-01 21:57,2025-12-02 23:57,Burglary,Night House Breaking,"BNS 331(3), BNS 331(4)",15.225249,76.976686,P007857,P006392,P008872,PI Chetan Kumar,Untraced
FIR202502033,FIR/2033/2025,PS0219,Chamarajanagar,2025-12-02 21:53,2025-12-03 01:53,Assault,Public Affray,"BNS 115(2), BNS 117(2)",11.867068,76.863916,P008162,P003693,P006640,PI Naveen Patil,Untraced
FIR202504295,FIR/4295/2025,PS0096,Bengaluru Rural,2025-12-02 02:15,2025-12-03 04:15,NDPS,Possession of Narcotics,NDPS Act Sec 20(b),13.13082,77.469425,P007898,P005665,P006841,PI Naveen Patil,Under Investigation
FIR202500973,FIR/0973/2025,PS0162,Bidar,2025-12-02 00:35,2025-12-03 04:35,Assault,Public Affray,"BNS 115(2), BNS 117(2)",18.013208,77.48555,P004815,P007832,P002818,PI Lakshmi Devi,Chargesheeted
FIR202503071,FIR/3071/2025,PS0100,Bengaluru Rural,2025-12-03 03:19,2025-12-03 08:19,Murder,Gang Conflict,BNS 103(1),13.15753,77.525191,P005488,P006092,P009004,PI Chetan Kumar,Under Investigation
FIR202500888,FIR/0888/2025,PS0053,Belagavi,2025-12-02 01:32,2025-12-03 09:32,Assault,Public Affray,"BNS 115(2), BNS 117(2)",15.84015,74.309805,P000058,P007688,P003712,SI Divya Hegde,Chargesheeted
FIR202503792,FIR/3792/2025,PS0133,Bengaluru Urban,2025-11-30 06:35,2025-12-03 13:35,NDPS,Drug Trafficking,NDPS Act Sec 20(b),13.032139,77.53337,P007366,P000403,P002899,PI Suresh Kulkarni,Chargesheeted
FIR202503917,FIR/3917/2025,PS0237,Chikkaballapura,2025-12-03 10:57,2025-12-03 14:57,Theft,Pocket Pick,BNS 303(2),13.331898,77.630476,P007009,P006910,P001045,SI Ravi Kumar,Chargesheeted
FIR202504631,FIR/4631/2025,PS0031,Ballari,2025-12-03 12:35,2025-12-03 16:35,Robbery,Chain Snatching with Force,BNS 309(4),14.969739,77.089866,P002716,P006341,P003322,PI Naveen Patil,Chargesheeted
FIR202502110,FIR/2110/2025,PS0046,Belagavi,2025-12-03 09:11,2025-12-03 20:11,Theft,Pocket Pick,BNS 303(2),15.776129,74.529575,P002457,P001016,P003258,SI Prakash Sharma,Chargesheeted
FIR202502456,FIR/2456/2025,PS0248,Chikkaballapura,2025-12-02 10:04,2025-12-03 21:04,NDPS,Drug Trafficking,NDPS Act Sec 20(b),13.2594,77.784642,P002278,P009063,P001602,SI Ganesh Rao,Under Investigation
FIR202502422,FIR/2422/2025,PS0185,Bidar,2025-12-03 13:29,2025-12-03 23:29,POCSO,Harassment,"POCSO Act Sec 4, BNS 64",17.897268,77.505838,P005877,P006150,P008598,PI Lakshmi Devi,Under Investigation
FIR202504707,FIR/4707/2025,PS0208,Chamarajanagar,2025-12-03 22:33,2025-12-03 23:33,POCSO,Sexual Assault on Minor,"POCSO Act Sec 4, BNS 64",11.810998,77.13225,P007872,P003913,P003779,PI Chetan Kumar,Chargesheeted
FIR202501053,FIR/1053/2025,PS0176,Bidar,2025-12-03 21:36,2025-12-04 00:36,Murder,Dowry Homicide,BNS 103(1),17.751913,77.541137,P007736,P004954,P006098,PI Suresh Kulkarni,Chargesheeted
FIR202500533,FIR/0533/2025,PS0013,Bagalkote,2025-12-03 19:58,2025-12-04 00:58,Cyber Crime,Financial Fraud,"IT Act 66D, BNS 318(4)",16.177328,75.657074,P007402,P005829,P002509,PI Lakshmi Devi,Under Investigation
FIR202502633,FIR/2633/2025,PS0127,Bengaluru Urban,2025-12-03 15:54,2025-12-04 02:54,POCSO,Harassment,"POCSO Act Sec 4, BNS 64",13.111943,77.660777,P007119,P002446,P004645,SI Mahesh Bhat,Chargesheeted
FIR202502167,FIR/2167/2025,PS0099,Bengaluru Rural,2025-12-03 15:47,2025-12-04 03:47,Theft,Snatching,BNS 303(2),13.258789,77.687339,P004778,P005913,P007399,SI Prakash Sharma,Chargesheeted
FIR202503271,FIR/3271/2025,PS0012,Bagalkote,2025-12-04 04:24,2025-12-04 05:24,Murder,Personal Enmity,BNS 103(1),16.269605,75.823813,P009714,P003926,P002676,SI Ravi Kumar,Under Investigation
FIR202500451,FIR/0451/2025,PS0023,Bagalkote,2025-11-30 21:12,2025-12-04 06:12,Assault,Grievous Hurt,"BNS 115(2), BNS 117(2)",16.113072,75.802821,P005484,P007058,P004872,PI Suresh Kulkarni,Chargesheeted
FIR202500526,FIR/0526/2025,PS0168,Bidar,2025-12-04 02:39,2025-12-04 06:39,Fraud,Corporate Fraud,BNS 318(4),17.725158,77.681877,P003206,P007312,P006224,SI Divya Hegde,Chargesheeted
FIR202504995,FIR/4995/2025,PS0248,Chikkaballapura,2025-12-01 02:44,2025-12-04 06:44,POCSO,Harassment,"POCSO Act Sec 4, BNS 64",13.24472,77.776416,P008770,P002123,P004522,SI Ravi Kumar,Chargesheeted
FIR202502170,FIR/2170/2025,PS0166,Bidar,2025-12-03 05:04,2025-12-04 07:04,Assault,Public Affray,"BNS 115(2), BNS 117(2)",17.796631,77.479497,P007694,P008977,P000225,SI Ravi Kumar,Chargesheeted
FIR202504369,FIR/4369/2025,PS0242,Chikkaballapura,2025-11-30 21:21,2025-12-04 09:21,Robbery,Highway Robbery,BNS 309(4),13.269304,77.860365,P009813,P001431,P006023,SI Divya Hegde,Chargesheeted
FIR202503481,FIR/3481/2025,PS0130,Bengaluru Urban,2025-12-04 04:25,2025-12-04 10:25,Robbery,Highway Robbery,BNS 309(4),13.105254,77.482532,P009976,P005016,P008534,PI Harish Naik,Chargesheeted
FIR202504157,FIR/4157/2025,PS0019,Bagalkote,2025-12-04 10:41,2025-12-04 11:41,POCSO,Sexual Assault on Minor,"POCSO Act Sec 4, BNS 64",16.051717,75.875913,P003444,P009651,P000095,SI Divya Hegde,Closed
FIR202502297,FIR/2297/2025,PS0239,Chikkaballapura,2025-12-03 07:12,2025-12-04 13:12,NDPS,Possession of Narcotics,NDPS Act Sec 20(b),13.450191,77.682934,P001496,P006501,"P008014, P004425",SI Prakash Sharma,Under Investigation
FIR202503833,FIR/3833/2025,PS0138,Bengaluru Urban,2025-12-04 11:41,2025-12-04 15:41,Assault,Simple Assault,"BNS 115(2), BNS 117(2)",13.173934,77.442167,P003749,P001456,P002874,SI Divya Hegde,Closed
FIR202504663,FIR/4663/2025,PS0190,Bidar,2025-12-04 05:18,2025-12-04 16:18,Assault,Simple Assault,"BNS 115(2), BNS 117(2)",17.763379,77.59397,P008867,P000378,P008473,SI Divya Hegde,Under Investigation
FIR202502895,FIR/2895/2025,PS0069,Belagavi,2025-12-01 12:54,2025-12-04 16:54,Fraud,Corporate Fraud,BNS 318(4),15.84087,74.327757,P003315,P002983,P001165,PI Harish Naik,Untraced
FIR202504929,FIR/4929/2025,PS0118,Bengaluru Urban,2025-12-03 06:48,2025-12-04 18:48,Cyber Crime,Phishing,"IT Act 66D, BNS 318(4)",12.791951,77.681288,P006316,P005291,P002486,PI Lakshmi Devi,Under Investigation
FIR202504976,FIR/4976/2025,PS0136,Bengaluru Urban,2025-12-04 18:08,2025-12-04 19:08,Cyber Crime,Identity Theft,"IT Act 66D, BNS 318(4)",12.814048,77.598784,P001191,P005751,P001655,SI Prakash Sharma,Under Investigation
FIR202500833,FIR/0833/2025,PS0190,Bidar,2025-11-29 19:23,2025-12-04 22:23,Assault,Public Affray,"BNS 115(2), BNS 117(2)",17.743553,77.585663,P003315,P002841,P001553,PI Naveen Patil,Under Investigation
FIR202501332,FIR/1332/2025,PS0184,Bidar,2025-12-03 20:06,2025-12-05 00:06,Murder,Dowry Homicide,BNS 103(1),17.914429,77.602504,P006523,P006705,P000417,SI Prakash Sharma,Chargesheeted
FIR202501362,FIR/1362/2025,PS0065,Belagavi,2025-12-02 18:07,2025-12-05 01:07,Dacoity,Bank Dacoity,BNS 310(2),15.765455,74.422215,P009534,P005313,P000568,PI Lakshmi Devi,Under Investigation
FIR202501026,FIR/1026/2025,PS0147,Bengaluru Urban,2025-12-04 23:45,2025-12-05 02:45,Fraud,Cheating,BNS 318(4),12.898751,77.550929,P005586,P004745,P004083,PI Suresh Kulkarni,Chargesheeted
FIR202500157,FIR/0157/2025,PS0010,Bagalkote,2025-12-03 00:48,2025-12-05 02:48,Cyber Crime,Identity Theft,"IT Act 66D, BNS 318(4)",16.153965,75.828317,P003341,P001388,P009441,SI Mahesh Bhat,Chargesheeted
FIR202504056,FIR/4056/2025,PS0173,Bidar,2025-12-01 19:02,2025-12-05 03:02,Cyber Crime,Financial Fraud,"IT Act 66D, BNS 318(4)",17.769032,77.604124,P004316,P004721,P001647,PI Harish Naik,Under Investigation
FIR202502374,FIR/2374/2025,PS0159,Bidar,2025-12-05 02:29,2025-12-05 03:29,Cyber Crime,Financial Fraud,"IT Act 66D, BNS 318(4)",18.053339,77.488474,P000570,P004022,P003147,PI Chetan Kumar,Under Investigation
FIR202500849,FIR/0849/2025,PS0094,Bengaluru Rural,2025-12-05 00:39,2025-12-05 07:39,Assault,Simple Assault,"BNS 115(2), BNS 117(2)",13.065882,77.663873,P000360,P003174,P004680,SI Ganesh Rao,Under Investigation
FIR202502761,FIR/2761/2025,PS0249,Chikkaballapura,2025-12-02 21:17,2025-12-05 08:17,Dacoity,Armed Dacoity,BNS 310(2),13.502298,77.556209,P003845,P003044,P002873,SI Ganesh Rao,Chargesheeted
FIR202502800,FIR/2800/2025,PS0220,Chamarajanagar,2025-12-04 23:18,2025-12-05 11:18,Fraud,Cheating,BNS 318(4),11.797371,76.784489,P001452,P002881,P002776,SI Prakash Sharma,Chargesheeted
FIR202501488,FIR/1488/2025,PS0163,Bidar,2025-12-05 07:21,2025-12-05 11:21,Cyber Crime,Identity Theft,"IT Act 66D, BNS 318(4)",17.92143,77.595081,P002117,P008583,P009023,PI Naveen Patil,Chargesheeted
FIR202500438,FIR/0438/2025,PS0214,Chamarajanagar,2025-12-05 03:22,2025-12-05 11:22,NDPS,Drug Trafficking,NDPS Act Sec 20(b),11.942271,76.855929,P001414,P008872,P006013,SI Divya Hegde,Untraced
FIR202502716,FIR/2716/2025,PS0182,Bidar,2025-12-05 03:43,2025-12-05 11:43,Murder,Dowry Homicide,BNS 103(1),17.899768,77.695366,P003306,P002472,P005850,PI Harish Naik,Chargesheeted
FIR202501528,FIR/1528/2025,PS0250,Chikkaballapura,2025-12-05 04:00,2025-12-05 12:00,Murder,Gang Conflict,BNS 103(1),13.548052,77.785962,P000519,P009474,P009582,SI Divya Hegde,Chargesheeted
FIR202502345,FIR/2345/2025,PS0161,Bidar,2025-12-03 15:20,2025-12-05 16:20,Robbery,Highway Robbery,BNS 309(4),17.970069,77.526025,P004383,P001128,P008654,SI Mahesh Bhat,Under Investigation
FIR202503154,FIR/3154/2025,PS0088,Bengaluru Rural,2025-12-04 15:33,2025-12-05 20:33,Murder,Personal Enmity,BNS 103(1),13.043675,77.400606,P003829,P003423,P000447,PI Harish Naik,Chargesheeted
FIR202501867,FIR/1867/2025,PS0170,Bidar,2025-12-05 10:27,2025-12-05 21:27,Dacoity,Armed Dacoity,BNS 310(2),17.875619,77.389723,P004568,P004218,P004210,PI Chetan Kumar,Under Investigation
FIR202501043,FIR/1043/2025,PS0164,Bidar,2025-12-04 17:42,2025-12-05 23:42,Vehicle Theft,Car Theft,BNS 303(2),17.949702,77.462478,P001468,P002959,P008026,SI Divya Hegde,Chargesheeted
FIR202501920,FIR/1920/2025,PS0009,Bagalkote,2025-12-05 22:43,2025-12-06 05:43,POCSO,Sexual Assault on Minor,"POCSO Act Sec 4, BNS 64",16.070727,75.756521,P008776,P002545,P009961,PI Ramesh Gowda,Under Investigation
FIR202500321,FIR/0321/2025,PS0022,Bagalkote,2025-12-06 04:00,2025-12-06 06:00,POCSO,Harassment,"POCSO Act Sec 4, BNS 64",16.256875,75.606023,P003801,P007801,"P007683, P008577",SI Ravi Kumar,Chargesheeted
FIR202503371,FIR/3371/2025,PS0008,Bagalkote,2025-12-06 06:28,2025-12-06 08:28,Burglary,Night House Breaking,"BNS 331(3), BNS 331(4)",16.276555,75.534274,P004185,P007212,P000355,SI Ganesh Rao,Chargesheeted
FIR202502494,FIR/2494/2025,PS0154,Bidar,2025-12-06 00:43,2025-12-06 10:43,Murder,Personal Enmity,BNS 103(1),17.909227,77.389354,P009470,P000935,P006639,SI Prakash Sharma,Untraced
FIR202503105,FIR/3105/2025,PS0032,Ballari,2025-12-06 09:08,2025-12-06 16:08,Assault,Simple Assault,"BNS 115(2), BNS 117(2)",15.174658,76.875982,P006880,P002804,P008371,PI Ramesh Gowda,Chargesheeted
FIR202504154,FIR/4154/2025,PS0011,Bagalkote,2025-12-05 04:48,2025-12-06 16:48,Dacoity,Bank Dacoity,BNS 310(2),16.137851,75.647282,P006765,P002252,P009108,SI Divya Hegde,Under Investigation
FIR202503647,FIR/3647/2025,PS0231,Chamarajanagar,2025-12-03 07:16,2025-12-06 18:16,Vehicle Theft,Car Theft,BNS 303(2),11.985058,77.023127,P007156,P000970,P009363,PI Chetan Kumar,Under Investigation
FIR202500414,FIR/0414/2025,PS0038,Ballari,2025-12-06 13:59,2025-12-06 18:59,Robbery,Highway Robbery,BNS 309(4),15.077206,77.048377,P003065,P009106,P009270,PI Harish Naik,Chargesheeted
FIR202502379,FIR/2379/2025,PS0079,Bengaluru Rural,2025-12-06 17:00,2025-12-06 20:00,Dacoity,Bank Dacoity,BNS 310(2),13.084384,77.446719,P008305,P005126,P007592,PI Naveen Patil,Under Investigation
FIR202501594,FIR/1594/2025,PS0024,Bagalkote,2025-12-06 14:04,2025-12-06 23:04,Vehicle Theft,Car Theft,BNS 303(2),16.364715,75.538042,P008533,P005690,P001614,SI Ravi Kumar,Under Investigation
FIR202501478,FIR/1478/2025,PS0187,Bidar,2025-12-06 21:22,2025-12-07 01:22,Dacoity,Armed Dacoity,BNS 310(2),17.978141,77.705645,P007896,P007132,P003048,SI Mahesh Bhat,Under Investigation
FIR202502071,FIR/2071/2025,PS0152,Bengaluru Urban,2025-12-07 02:45,2025-12-07 04:45,Assault,Simple Assault,"BNS 115(2), BNS 117(2)",12.999408,77.396466,P001416,P003250,"P005134, P006079",SI Ganesh Rao,Under Investigation
FIR202503896,FIR/3896/2025,PS0100,Bengaluru Rural,2025-12-06 20:49,2025-12-07 04:49,Dacoity,Bank Dacoity,BNS 310(2),13.138527,77.534823,P008272,P002918,P003789,SI Prakash Sharma,Chargesheeted
FIR202504999,FIR/4999/2025,PS0163,Bidar,2025-12-02 22:11,2025-12-07 05:11,Theft,Snatching,BNS 303(2),17.918432,77.585926,P008783,P001177,P000804,SI Mahesh Bhat,Chargesheeted
FIR202502061,FIR/2061/2025,PS0006,Bagalkote,2025-12-07 01:52,2025-12-07 05:52,NDPS,Drug Trafficking,NDPS Act Sec 20(b),16.399474,75.758368,P009468,P002047,P007685,SI Ravi Kumar,Chargesheeted
FIR202501638,FIR/1638/2025,PS0172,Bidar,2025-12-06 20:00,2025-12-07 07:00,Assault,Grievous Hurt,"BNS 115(2), BNS 117(2)",17.933377,77.467857,P009674,P005807,"P001325, P000904",SI Divya Hegde,Chargesheeted
FIR202504033,FIR/4033/2025,PS0128,Bengaluru Urban,2025-12-07 06:02,2025-12-07 09:02,Murder,Gang Conflict,BNS 103(1),13.043508,77.56739,P000325,P007440,P004729,SI Prakash Sharma,Chargesheeted
FIR202504273,FIR/4273/2025,PS0114,Bengaluru Urban,2025-12-06 03:05,2025-12-07 10:05,Assault,Public Affray,"BNS 115(2), BNS 117(2)",12.976649,77.762712,P001614,P005909,P008131,SI Prakash Sharma,Chargesheeted
FIR202503042,FIR/3042/2025,PS0207,Chamarajanagar,2025-12-07 04:51,2025-12-07 10:51,Burglary,Night House Breaking,"BNS 331(3), BNS 331(4)",12.074246,77.120819,P004080,P005313,P000612,PI Lakshmi Devi,Chargesheeted
FIR202503097,FIR/3097/2025,PS0116,Bengaluru Urban,2025-12-06 04:49,2025-12-07 11:49,Theft,House Theft,BNS 303(2),12.991306,77.536511,P005074,P009450,P000288,SI Mahesh Bhat,Chargesheeted
FIR202504532,FIR/4532/2025,PS0234,Chamarajanagar,2025-12-06 13:32,2025-12-07 15:32,Vehicle Theft,Two-Wheeler Theft,BNS 303(2),11.999838,76.846736,P003774,P000265,P000042,PI Chetan Kumar,Chargesheeted
FIR202504694,FIR/4694/2025,PS0235,Chikkaballapura,2025-12-06 11:16,2025-12-07 16:16,Assault,Simple Assault,"BNS 115(2), BNS 117(2)",13.281262,77.574719,P001021,P009172,P007955,SI Prakash Sharma,Under Investigation
FIR202504898,FIR/4898/2025,PS0045,Ballari,2025-12-07 12:36,2025-12-07 17:36,Dacoity,Bank Dacoity,BNS 310(2),14.972289,76.875164,P006245,P006276,P000715,PI Ramesh Gowda,Under Investigation
FIR202504609,FIR/4609/2025,PS0196,Chamarajanagar,2025-12-07 18:59,2025-12-07 22:59,NDPS,Possession of Narcotics,NDPS Act Sec 20(b),11.988963,76.96236,P008201,P003613,P001648,SI Mahesh Bhat,Untraced
FIR202502151,FIR/2151/2025,PS0211,Chamarajanagar,2025-12-07 16:01,2025-12-08 00:01,Dacoity,Bank Dacoity,BNS 310(2),11.846984,77.094392,P001644,P001392,P008345,SI Ganesh Rao,Untraced
FIR202502418,FIR/2418/2025,PS0231,Chamarajanagar,2025-12-07 22:05,2025-12-08 03:05,Theft,Snatching,BNS 303(2),11.976659,77.006529,P008780,P006698,P009275,SI Ganesh Rao,Chargesheeted
FIR202502970,FIR/2970/2025,PS0139,Bengaluru Urban,2025-12-08 00:30,2025-12-08 03:30,Cyber Crime,Identity Theft,"IT Act 66D, BNS 318(4)",12.800265,77.569953,P002382,P002733,"P006380, P001480",PI Naveen Patil,Chargesheeted
FIR202500692,FIR/0692/2025,PS0035,Ballari,2025-12-08 03:11,2025-12-08 06:11,Assault,Public Affray,"BNS 115(2), BNS 117(2)",15.24767,76.870041,P001323,P000020,P004837,PI Ramesh Gowda,Chargesheeted
FIR202500465,FIR/0465/2025,PS0015,Bagalkote,2025-12-05 02:17,2025-12-08 08:17,Robbery,Chain Snatching with Force,BNS 309(4),16.039843,75.703883,P005949,P007793,P003654,PI Lakshmi Devi,Chargesheeted
FIR202503465,FIR/3465/2025,PS0064,Belagavi,2025-12-06 21:29,2025-12-08 08:29,Dacoity,Bank Dacoity,BNS 310(2),15.928088,74.331046,P002334,P004494,P003221,SI Ganesh Rao,Under Investigation
FIR202504564,FIR/4564/2025,PS0012,Bagalkote,2025-12-07 10:49,2025-12-08 11:49,Burglary,Night House Breaking,"BNS 331(3), BNS 331(4)",16.284107,75.8101,P005138,P001006,P006265,PI Lakshmi Devi,Closed
FIR202501251,FIR/1251/2025,PS0113,Bengaluru Urban,2025-12-08 05:53,2025-12-08 13:53,Cyber Crime,Phishing,"IT Act 66D, BNS 318(4)",13.14451,77.503205,P006844,P002228,P007584,PI Lakshmi Devi,Chargesheeted
FIR202503185,FIR/3185/2025,PS0235,Chikkaballapura,2025-12-08 13:48,2025-12-08 14:48,Dacoity,Armed Dacoity,BNS 310(2),13.282953,77.562771,P008993,P001561,P005492,PI Harish Naik,Chargesheeted
FIR202501692,FIR/1692/2025,PS0096,Bengaluru Rural,2025-12-08 04:10,2025-12-08 16:10,Cyber Crime,Identity Theft,"IT Act 66D, BNS 318(4)",13.12308,77.486249,P008671,P007975,P004249,SI Divya Hegde,Chargesheeted
FIR202500130,FIR/0130/2025,PS0015,Bagalkote,2025-12-04 08:18,2025-12-08 18:18,Burglary,Night House Breaking,"BNS 331(3), BNS 331(4)",16.041794,75.694448,P008455,P000927,P005855,PI Naveen Patil,Under Investigation
FIR202500634,FIR/0634/2025,PS0078,Bengaluru Rural,2025-12-07 12:49,2025-12-08 20:49,Robbery,Highway Robbery,BNS 309(4),13.116145,77.553485,P009444,P006823,P000098,SI Divya Hegde,Under Investigation
FIR202501338,FIR/1338/2025,PS0092,Bengaluru Rural,2025-12-07 16:19,2025-12-08 23:19,Fraud,Cheating,BNS 318(4),13.070564,77.487818,P005626,P005372,P003029,SI Prakash Sharma,Under Investigation
FIR202503656,FIR/3656/2025,PS0065,Belagavi,2025-12-08 23:37,2025-12-09 01:37,Burglary,Night House Breaking,"BNS 331(3), BNS 331(4)",15.766024,74.40906,P008767,P008375,P005467,PI Ramesh Gowda,Under Investigation
FIR202503192,FIR/3192/2025,PS0112,Bengaluru Urban,2025-12-08 18:21,2025-12-09 02:21,Dacoity,Bank Dacoity,BNS 310(2),13.092078,77.604712,P000355,P002356,P004592,SI Mahesh Bhat,Under Investigation
FIR202502190,FIR/2190/2025,PS0074,Bengaluru Rural,2025-12-08 17:44,2025-12-09 02:44,Cyber Crime,Financial Fraud,"IT Act 66D, BNS 318(4)",13.177098,77.586592,P007217,P001214,P009206,SI Ravi Kumar,Under Investigation
FIR202503193,FIR/3193/2025,PS0170,Bidar,2025-12-08 18:16,2025-12-09 05:16,Murder,Dowry Homicide,BNS 103(1),17.8891,77.387573,P005867,P001696,P006579,PI Chetan Kumar,Under Investigation
FIR202501694,FIR/1694/2025,PS0149,Bengaluru Urban,2025-12-09 04:07,2025-12-09 06:07,NDPS,Drug Trafficking,NDPS Act Sec 20(b),13.090345,77.485723,P003405,P005322,P008784,PI Ramesh Gowda,Under Investigation
FIR202500911,FIR/0911/2025,PS0186,Bidar,2025-12-09 06:22,2025-12-09 07:22,Murder,Dowry Homicide,BNS 103(1),17.723584,77.524122,P008157,P004562,P008237,PI Suresh Kulkarni,Chargesheeted
FIR202500998,FIR/0998/2025,PS0236,Chikkaballapura,2025-12-07 21:57,2025-12-09 09:57,Vehicle Theft,Two-Wheeler Theft,BNS 303(2),13.62291,77.904587,P006626,P000153,P007812,PI Chetan Kumar,Chargesheeted
FIR202500940,FIR/0940/2025,PS0224,Chamarajanagar,2025-12-07 01:00,2025-12-09 10:00,Cyber Crime,Financial Fraud,"IT Act 66D, BNS 318(4)",11.871019,76.81379,P006336,P008502,P008096,PI Lakshmi Devi,Chargesheeted
FIR202500851,FIR/0851/2025,PS0205,Chamarajanagar,2025-12-09 12:54,2025-12-09 16:54,Burglary,Day Burglary,"BNS 331(3), BNS 331(4)",11.962106,76.765828,P007605,P003378,P007228,SI Ravi Kumar,Untraced
FIR202502625,FIR/2625/2025,PS0085,Bengaluru Rural,2025-12-08 18:24,2025-12-09 19:24,Murder,Gang Conflict,BNS 103(1),13.093853,77.404107,P008904,P006378,P008735,SI Prakash Sharma,Untraced
FIR202500327,FIR/0327/2025,PS0069,Belagavi,2025-12-07 16:25,2025-12-09 19:25,Burglary,Night House Breaking,"BNS 331(3), BNS 331(4)",15.822517,74.353259,P007041,P000450,P004489,SI Prakash Sharma,Under Investigation
FIR202503905,FIR/3905/2025,PS0020,Bagalkote,2025-12-09 20:02,2025-12-09 21:02,Vehicle Theft,Two-Wheeler Theft,BNS 303(2),16.261991,75.607345,P008944,P002746,P007738,PI Ramesh Gowda,Chargesheeted
FIR202501385,FIR/1385/2025,PS0127,Bengaluru Urban,2025-12-06 20:22,2025-12-09 23:22,Cyber Crime,Identity Theft,"IT Act 66D, BNS 318(4)",13.111922,77.649764,P004343,P004192,P008643,SI Prakash Sharma,Untraced
FIR202502222,FIR/2222/2025,PS0247,Chikkaballapura,2025-12-07 18:16,2025-12-10 01:16,Assault,Public Affray,"BNS 115(2), BNS 117(2)",13.498498,77.893253,P006059,P009346,P000244,PI Ramesh Gowda,Chargesheeted
FIR202502115,FIR/2115/2025,PS0218,Chamarajanagar,2025-12-05 17:09,2025-12-10 03:09,Assault,Public Affray,"BNS 115(2), BNS 117(2)",11.857614,77.05392,P004570,P003385,P008706,SI Prakash Sharma,Under Investigation
FIR202500701,FIR/0701/2025,PS0019,Bagalkote,2025-12-09 16:33,2025-12-10 04:33,POCSO,Sexual Assault on Minor,"POCSO Act Sec 4, BNS 64",16.03659,75.897997,P001539,P006121,P007870,SI Prakash Sharma,Chargesheeted
FIR202501904,FIR/1904/2025,PS0043,Ballari,2025-12-08 23:35,2025-12-10 04:35,Vehicle Theft,Car Theft,BNS 303(2),14.958048,76.970582,P009141,P004518,P001734,PI Suresh Kulkarni,Under Investigation
FIR202502950,FIR/2950/2025,PS0234,Chamarajanagar,2025-12-10 09:40,2025-12-10 10:40,Dacoity,Bank Dacoity,BNS 310(2),11.988123,76.840663,P001173,P007266,P008678,SI Prakash Sharma,Chargesheeted
FIR202501816,FIR/1816/2025,PS0199,Chamarajanagar,2025-12-09 08:57,2025-12-10 10:57,Assault,Grievous Hurt,"BNS 115(2), BNS 117(2)",11.855987,77.062608,P000295,P008266,P006239,PI Naveen Patil,Under Investigation
FIR202500549,FIR/0549/2025,PS0150,Bengaluru Urban,2025-12-10 10:35,2025-12-10 18:35,Cyber Crime,Financial Fraud,"IT Act 66D, BNS 318(4)",13.09394,77.690594,P005746,P007703,P006173,PI Suresh Kulkarni,Chargesheeted
FIR202502614,FIR/2614/2025,PS0031,Ballari,2025-12-10 11:10,2025-12-10 20:10,Assault,Grievous Hurt,"BNS 115(2), BNS 117(2)",14.993414,77.111993,P006006,P009941,P001300,PI Lakshmi Devi,Under Investigation
FIR202504895,FIR/4895/2025,PS0068,Belagavi,2025-12-09 20:50,2025-12-10 21:50,Burglary,Night House Breaking,"BNS 331(3), BNS 331(4)",16.023158,74.391034,P008628,P001214,P003516,PI Ramesh Gowda,Under Investigation
FIR202503552,FIR/3552/2025,PS0160,Bidar,2025-12-07 14:41,2025-12-11 01:41,Dacoity,Bank Dacoity,BNS 310(2),17.871478,77.350916,P001148,P007629,P001789,SI Ganesh Rao,Under Investigation
FIR202501467,FIR/1467/2025,PS0150,Bengaluru Urban,2025-12-10 00:02,2025-12-11 05:02,POCSO,Sexual Assault on Minor,"POCSO Act Sec 4, BNS 64",13.080495,77.697059,P007099,P003162,P008840,SI Ravi Kumar,Under Investigation
FIR202501262,FIR/1262/2025,PS0214,Chamarajanagar,2025-12-10 20:06,2025-12-11 08:06,Vehicle Theft,Two-Wheeler Theft,BNS 303(2),11.921322,76.85047,P004411,P000633,P006251,PI Naveen Patil,Untraced
FIR202502830,FIR/2830/2025,PS0097,Bengaluru Rural,2025-12-11 10:28,2025-12-11 11:28,Assault,Simple Assault,"BNS 115(2), BNS 117(2)",13.123783,77.466469,P004458,P000159,P008465,PI Suresh Kulkarni,Chargesheeted
FIR202504318,FIR/4318/2025,PS0159,Bidar,2025-12-10 03:03,2025-12-11 14:03,Fraud,Cheating,BNS 318(4),18.036954,77.49893,P007192,P004597,P001126,SI Divya Hegde,Untraced
FIR202502288,FIR/2288/2025,PS0046,Belagavi,2025-12-11 03:23,2025-12-11 14:23,Assault,Public Affray,"BNS 115(2), BNS 117(2)",15.757011,74.499883,P005211,P002675,"P000586, P005843",PI Ramesh Gowda,Chargesheeted
FIR202503247,FIR/3247/2025,PS0069,Belagavi,2025-12-10 12:37,2025-12-11 16:37,Burglary,Night House Breaking,"BNS 331(3), BNS 331(4)",15.845097,74.347903,P009766,P000897,P002523,PI Chetan Kumar,Chargesheeted
FIR202501006,FIR/1006/2025,PS0232,Chamarajanagar,2025-12-11 10:54,2025-12-11 21:54,Robbery,Highway Robbery,BNS 309(4),11.769023,76.878318,P009648,P003086,P003672,PI Harish Naik,Chargesheeted
FIR202504047,FIR/4047/2025,PS0018,Bagalkote,2025-12-11 19:33,2025-12-11 22:33,Robbery,Highway Robbery,BNS 309(4),16.180745,75.795503,P006567,P009887,P002842,PI Chetan Kumar,Under Investigation
FIR202504013,FIR/4013/2025,PS0120,Bengaluru Urban,2025-12-10 16:20,2025-12-11 23:20,Fraud,Land Scam,BNS 318(4),13.121366,77.403991,P000796,P008342,P003401,SI Prakash Sharma,Chargesheeted
FIR202501394,FIR/1394/2025,PS0090,Bengaluru Rural,2025-12-11 18:03,2025-12-12 00:03,Burglary,Night House Breaking,"BNS 331(3), BNS 331(4)",13.417601,77.488045,P000140,P004846,P003919,SI Ganesh Rao,Closed
FIR202501243,FIR/1243/2025,PS0249,Chikkaballapura,2025-12-08 16:41,2025-12-12 02:41,Robbery,Chain Snatching with Force,BNS 309(4),13.469371,77.53768,P008235,P002301,P008168,PI Naveen Patil,Chargesheeted
FIR202504740,FIR/4740/2025,PS0216,Chamarajanagar,2025-12-11 19:32,2025-12-12 03:32,Dacoity,Armed Dacoity,BNS 310(2),11.735498,76.956298,P008005,P008455,P005128,PI Naveen Patil,Untraced
FIR202501054,FIR/1054/2025,PS0142,Bengaluru Urban,2025-12-11 03:34,2025-12-12 05:34,Vehicle Theft,Car Theft,BNS 303(2),13.090005,77.773973,P002645,P001273,P003373,SI Prakash Sharma,Under Investigation
FIR202504443,FIR/4443/2025,PS0166,Bidar,2025-12-11 19:41,2025-12-12 06:41,Dacoity,Bank Dacoity,BNS 310(2),17.819601,77.498591,P000160,P003170,P009217,PI Harish Naik,Chargesheeted
FIR202504296,FIR/4296/2025,PS0090,Bengaluru Rural,2025-12-10 19:58,2025-12-12 06:58,Murder,Dowry Homicide,BNS 103(1),13.402631,77.47014,P002043,P003567,P002600,SI Divya Hegde,Chargesheeted
FIR202504290,FIR/4290/2025,PS0009,Bagalkote,2025-12-12 05:02,2025-12-12 07:02,Burglary,Day Burglary,"BNS 331(3), BNS 331(4)",16.0616,75.782637,P002156,P004046,"P006976, P000288",SI Ganesh Rao,Under Investigation
FIR202504158,FIR/4158/2025,PS0008,Bagalkote,2025-12-11 03:29,2025-12-12 07:29,Assault,Simple Assault,"BNS 115(2), BNS 117(2)",16.264972,75.514679,P010000,P003645,P001287,SI Ravi Kumar,Under Investigation
FIR202500734,FIR/0734/2025,PS0185,Bidar,2025-12-12 01:57,2025-12-12 07:57,Murder,Gang Conflict,BNS 103(1),17.89167,77.506015,P009315,P001141,P006552,PI Lakshmi Devi,Chargesheeted
FIR202502216,FIR/2216/2025,PS0147,Bengaluru Urban,2025-12-12 00:07,2025-12-12 11:07,Theft,Snatching,BNS 303(2),12.919217,77.573139,P006241,P009558,P000308,PI Naveen Patil,Chargesheeted
FIR202502281,FIR/2281/2025,PS0094,Bengaluru Rural,2025-12-12 01:13,2025-12-12 12:13,Fraud,Corporate Fraud,BNS 318(4),13.079477,77.69534,P007998,P009187,P008044,SI Mahesh Bhat,Chargesheeted
FIR202500503,FIR/0503/2025,PS0140,Bengaluru Urban,2025-12-12 10:55,2025-12-12 15:55,Fraud,Corporate Fraud,BNS 318(4),13.036136,77.667696,P001652,P000623,P002437,SI Prakash Sharma,Under Investigation
FIR202503612,FIR/3612/2025,PS0196,Chamarajanagar,2025-12-12 16:07,2025-12-12 17:07,Murder,Personal Enmity,BNS 103(1),12.013328,76.946554,P007116,P003632,P001661,SI Mahesh Bhat,Under Investigation
FIR202504228,FIR/4228/2025,PS0165,Bidar,2025-12-12 09:55,2025-12-12 18:55,Vehicle Theft,Car Theft,BNS 303(2),18.029438,77.472401,P006691,P001492,P001479,SI Divya Hegde,Chargesheeted
FIR202500044,FIR/0044/2025,PS0078,Bengaluru Rural,2025-12-09 07:15,2025-12-12 19:15,Robbery,Highway Robbery,BNS 309(4),13.1428,77.566874,P003114,P009601,P007104,PI Suresh Kulkarni,Chargesheeted
FIR202501453,FIR/1453/2025,PS0031,Ballari,2025-12-07 17:22,2025-12-12 19:22,Robbery,Highway Robbery,BNS 309(4),14.965662,77.095587,P006552,P009735,P002457,SI Ganesh Rao,Under Investigation
FIR202503522,FIR/3522/2025,PS0094,Bengaluru Rural,2025-12-12 14:54,2025-12-12 20:54,NDPS,Drug Trafficking,NDPS Act Sec 20(b),13.059965,77.697022,P002571,P007790,P007169,PI Lakshmi Devi,Untraced
FIR202503390,FIR/3390/2025,PS0042,Ballari,2025-12-10 19:51,2025-12-12 21:51,Fraud,Cheating,BNS 318(4),15.047344,77.009391,P006787,P003874,P005254,PI Naveen Patil,Chargesheeted
FIR202503197,FIR/3197/2025,PS0232,Chamarajanagar,2025-12-12 22:05,2025-12-13 00:05,Assault,Grievous Hurt,"BNS 115(2), BNS 117(2)",11.781298,76.910026,P000065,P000679,P004157,PI Chetan Kumar,Chargesheeted
FIR202503471,FIR/3471/2025,PS0200,Chamarajanagar,2025-12-12 21:25,2025-12-13 03:25,Dacoity,Armed Dacoity,BNS 310(2),11.811746,77.016642,P000497,P005321,P002854,SI Prakash Sharma,Closed
FIR202500257,FIR/0257/2025,PS0073,Bengaluru Rural,2025-12-09 20:10,2025-12-13 04:10,Assault,Grievous Hurt,"BNS 115(2), BNS 117(2)",13.328061,77.597143,P002321,P004555,P007716,PI Suresh Kulkarni,Under Investigation
FIR202501534,FIR/1534/2025,PS0008,Bagalkote,2025-12-12 01:55,2025-12-13 06:55,Theft,Snatching,BNS 303(2),16.261608,75.524371,P009949,P001769,P008904,SI Ganesh Rao,Untraced
FIR202502079,FIR/2079/2025,PS0128,Bengaluru Urban,2025-12-12 23:10,2025-12-13 07:10,Murder,Gang Conflict,BNS 103(1),13.013049,77.561552,P000314,P006447,P004858,SI Divya Hegde,Chargesheeted
FIR202501631,FIR/1631/2025,PS0025,Bagalkote,2025-12-13 07:31,2025-12-13 10:31,Vehicle Theft,Car Theft,BNS 303(2),16.326808,75.858766,P001375,P007664,P004888,PI Naveen Patil,Chargesheeted
FIR202501290,FIR/1290/2025,PS0129,Bengaluru Urban,2025-12-13 07:43,2025-12-13 11:43,Cyber Crime,Identity Theft,"IT Act 66D, BNS 318(4)",12.811515,77.779075,P009616,P009550,P009348,SI Prakash Sharma,Under Investigation
FIR202500859,FIR/0859/2025,PS0186,Bidar,2025-12-13 00:24,2025-12-13 12:24,POCSO,Sexual Assault on Minor,"POCSO Act Sec 4, BNS 64",17.737896,77.490389,P009449,P004557,P000571,SI Ravi Kumar,Chargesheeted
FIR202503180,FIR/3180/2025,PS0047,Belagavi,2025-12-13 04:26,2025-12-13 12:26,Theft,Snatching,BNS 303(2),15.958398,74.541809,P005537,P008865,"P001098, P002968",SI Ganesh Rao,Chargesheeted
FIR202501585,FIR/1585/2025,PS0193,Chamarajanagar,2025-12-08 03:50,2025-12-13 12:50,Theft,Snatching,BNS 303(2),12.017407,76.839808,P006136,P004357,P000870,PI Lakshmi Devi,Closed
FIR202502451,FIR/2451/2025,PS0041,Ballari,2025-12-12 06:58,2025-12-13 14:58,Dacoity,Armed Dacoity,BNS 310(2),15.270321,76.895399,P006828,P000179,P005168,PI Lakshmi Devi,Chargesheeted
FIR202500049,FIR/0049/2025,PS0058,Belagavi,2025-12-13 08:46,2025-12-13 16:46,POCSO,Sexual Assault on Minor,"POCSO Act Sec 4, BNS 64",15.709931,74.387558,P001952,P002422,P007252,SI Ravi Kumar,Under Investigation
FIR202504833,FIR/4833/2025,PS0027,Ballari,2025-12-13 06:32,2025-12-13 17:32,Assault,Grievous Hurt,"BNS 115(2), BNS 117(2)",15.059473,77.093669,P007361,P005779,P004172,PI Suresh Kulkarni,Untraced
FIR202501301,FIR/1301/2025,PS0208,Chamarajanagar,2025-12-10 09:49,2025-12-13 17:49,NDPS,Drug Trafficking,NDPS Act Sec 20(b),11.818729,77.140133,P004193,P005239,P004146,PI Harish Naik,Chargesheeted
FIR202504860,FIR/4860/2025,PS0248,Chikkaballapura,2025-12-13 08:41,2025-12-13 20:41,POCSO,Harassment,"POCSO Act Sec 4, BNS 64",13.265284,77.783396,P003933,P004121,"P001752, P006600",SI Divya Hegde,Chargesheeted
FIR202504591,FIR/4591/2025,PS0019,Bagalkote,2025-12-13 14:25,2025-12-13 22:25,Cyber Crime,Identity Theft,"IT Act 66D, BNS 318(4)",16.034099,75.883194,P001798,P006522,P005609,PI Chetan Kumar,Chargesheeted
FIR202503234,FIR/3234/2025,PS0078,Bengaluru Rural,2025-12-13 11:55,2025-12-13 22:55,Robbery,Highway Robbery,BNS 309(4),13.121387,77.567194,P004959,P002153,P006667,SI Prakash Sharma,Under Investigation
FIR202500144,FIR/0144/2025,PS0169,Bidar,2025-12-12 23:17,2025-12-14 00:17,Vehicle Theft,Car Theft,BNS 303(2),17.990767,77.694551,P001541,P003849,"P006326, P000246",SI Prakash Sharma,Chargesheeted
FIR202503167,FIR/3167/2025,PS0110,Bengaluru Urban,2025-12-12 18:29,2025-12-14 00:29,Fraud,Land Scam,BNS 318(4),13.152634,77.637174,P006713,P006414,P002558,PI Suresh Kulkarni,Chargesheeted
FIR202502915,FIR/2915/2025,PS0155,Bidar,2025-12-14 05:30,2025-12-14 13:30,Murder,Gang Conflict,BNS 103(1),17.9728,77.319063,P007150,P008447,P006344,PI Suresh Kulkarni,Under Investigation
FIR202500527,FIR/0527/2025,PS0183,Bidar,2025-12-13 07:32,2025-12-14 14:32,Assault,Simple Assault,"BNS 115(2), BNS 117(2)",17.75859,77.382319,P009893,P003885,P005573,SI Divya Hegde,Chargesheeted
FIR202500311,FIR/0311/2025,PS0102,Bengaluru Rural,2025-12-11 08:24,2025-12-14 15:24,Murder,Personal Enmity,BNS 103(1),13.113598,77.646622,P003793,P004080,P004999,SI Divya Hegde,Under Investigation
FIR202502438,FIR/2438/2025,PS0181,Bidar,2025-12-14 05:21,2025-12-14 17:21,Robbery,Highway Robbery,BNS 309(4),17.990542,77.388755,P008199,P002076,P006384,PI Chetan Kumar,Chargesheeted
FIR202501360,FIR/1360/2025,PS0073,Bengaluru Rural,2025-12-14 14:44,2025-12-14 17:44,Vehicle Theft,Two-Wheeler Theft,BNS 303(2),13.355932,77.604964,P004627,P003518,P004001,PI Suresh Kulkarni,Chargesheeted
FIR202504652,FIR/4652/2025,PS0180,Bidar,2025-12-14 06:39,2025-12-14 18:39,NDPS,Drug Trafficking,NDPS Act Sec 20(b),18.044312,77.40671,P003881,P006001,P002883,SI Ganesh Rao,Chargesheeted
FIR202503263,FIR/3263/2025,PS0085,Bengaluru Rural,2025-12-14 07:49,2025-12-14 18:49,Theft,Snatching,BNS 303(2),13.115149,77.414063,P009795,P000274,P002219,SI Ganesh Rao,Under Investigation
FIR202501817,FIR/1817/2025,PS0087,Bengaluru Rural,2025-12-13 11:52,2025-12-14 18:52,Fraud,Corporate Fraud,BNS 318(4),13.151862,77.51284,P003432,P009956,P007772,SI Divya Hegde,Closed
FIR202500063,FIR/0063/2025,PS0150,Bengaluru Urban,2025-12-14 12:23,2025-12-15 00:23,Fraud,Cheating,BNS 318(4),13.078665,77.714011,P001326,P003420,P002348,SI Mahesh Bhat,Under Investigation
FIR202502105,FIR/2105/2025,PS0248,Chikkaballapura,2025-12-15 00:15,2025-12-15 01:15,Theft,House Theft,BNS 303(2),13.273001,77.801224,P001609,P002892,P001388,SI Prakash Sharma,Chargesheeted
FIR202500106,FIR/0106/2025,PS0139,Bengaluru Urban,2025-12-09 19:24,2025-12-15 03:24,Fraud,Corporate Fraud,BNS 318(4),12.813426,77.55069,P005964,P003005,P004395,SI Ganesh Rao,Closed
FIR202502963,FIR/2963/2025,PS0194,Chamarajanagar,2025-12-13 05:15,2025-12-15 10:15,Murder,Personal Enmity,BNS 103(1),11.765458,76.867399,P008688,P004040,"P008641, P000070",PI Lakshmi Devi,Chargesheeted
FIR202500217,FIR/0217/2025,PS0179,Bidar,2025-12-15 12:30,2025-12-15 13:30,Assault,Simple Assault,"BNS 115(2), BNS 117(2)",18.113696,77.379849,P007655,P000133,P004954,SI Mahesh Bhat,Chargesheeted
FIR202501129,FIR/1129/2025,PS0027,Ballari,2025-12-15 07:57,2025-12-15 13:57,Assault,Grievous Hurt,"BNS 115(2), BNS 117(2)",15.064302,77.090991,P009053,P003001,P007296,SI Divya Hegde,Under Investigation
FIR202500046,FIR/0046/2025,PS0065,Belagavi,2025-12-13 07:06,2025-12-15 16:06,Vehicle Theft,Car Theft,BNS 303(2),15.745451,74.435531,P003973,P000849,"P008496, P003004",SI Prakash Sharma,Under Investigation
FIR202503921,FIR/3921/2025,PS0161,Bidar,2025-12-10 14:40,2025-12-15 17:40,Cyber Crime,Identity Theft,"IT Act 66D, BNS 318(4)",17.981571,77.504567,P006549,P008838,"P001080, P008010",PI Suresh Kulkarni,Under Investigation
FIR202503822,FIR/3822/2025,PS0019,Bagalkote,2025-12-15 10:13,2025-12-15 19:13,Assault,Grievous Hurt,"BNS 115(2), BNS 117(2)",16.060689,75.89189,P001522,P007651,P007118,SI Divya Hegde,Chargesheeted
FIR202501536,FIR/1536/2025,PS0219,Chamarajanagar,2025-12-15 20:09,2025-12-15 21:09,POCSO,Sexual Assault on Minor,"POCSO Act Sec 4, BNS 64",11.860501,76.869169,P000202,P006725,P008148,SI Ravi Kumar,Chargesheeted
FIR202500279,FIR/0279/2025,PS0106,Bengaluru Rural,2025-12-13 13:12,2025-12-15 22:12,Robbery,Highway Robbery,BNS 309(4),13.28216,77.52292,P006072,P007886,P009788,PI Ramesh Gowda,Chargesheeted
FIR202501156,FIR/1156/2025,PS0056,Belagavi,2025-12-15 13:59,2025-12-15 23:59,Robbery,Chain Snatching with Force,BNS 309(4),15.779852,74.612077,P005023,P004002,P001139,PI Chetan Kumar,Under Investigation
FIR202504657,FIR/4657/2025,PS0250,Chikkaballapura,2025-12-15 22:49,2025-12-16 00:49,POCSO,Harassment,"POCSO Act Sec 4, BNS 64",13.563698,77.808194,P003116,P002778,P008524,SI Prakash Sharma,Under Investigation
FIR202500969,FIR/0969/2025,PS0192,Bidar,2025-12-14 02:00,2025-12-16 03:00,Assault,Simple Assault,"BNS 115(2), BNS 117(2)",17.975694,77.344434,P008595,P008380,P002883,SI Mahesh Bhat,Chargesheeted
FIR202504765,FIR/4765/2025,PS0173,Bidar,2025-12-16 05:22,2025-12-16 06:22,NDPS,Possession of Narcotics,NDPS Act Sec 20(b),17.772055,77.597641,P008453,P005544,"P008614, P000454",SI Ravi Kumar,Under Investigation
FIR202503519,FIR/3519/2025,PS0088,Bengaluru Rural,2025-12-16 00:35,2025-12-16 06:35,Burglary,Night House Breaking,"BNS 331(3), BNS 331(4)",13.031836,77.387094,P002317,P001177,P004306,PI Harish Naik,Chargesheeted
FIR202501572,FIR/1572/2025,PS0240,Chikkaballapura,2025-12-16 01:34,2025-12-16 08:34,Robbery,Highway Robbery,BNS 309(4),13.397461,77.819228,P005477,P001700,P004342,PI Naveen Patil,Under Investigation
FIR202502328,FIR/2328/2025,PS0126,Bengaluru Urban,2025-12-15 22:03,2025-12-16 10:03,Fraud,Cheating,BNS 318(4),12.883658,77.567172,P001267,P009018,P002086,SI Ganesh Rao,Under Investigation
FIR202502390,FIR/2390/2025,PS0206,Chamarajanagar,2025-12-15 05:04,2025-12-16 10:04,Murder,Dowry Homicide,BNS 103(1),11.838294,77.104412,P000020,P001652,P003921,SI Ravi Kumar,Chargesheeted
FIR202503088,FIR/3088/2025,PS0169,Bidar,2025-12-14 08:05,2025-12-16 10:05,Cyber Crime,Phishing,"IT Act 66D, BNS 318(4)",18.013802,77.723003,P001470,P008346,"P004170, P000600",PI Chetan Kumar,Under Investigation
FIR202503502,FIR/3502/2025,PS0229,Chamarajanagar,2025-12-16 10:03,2025-12-16 12:03,Vehicle Theft,Car Theft,BNS 303(2),12.040699,77.035355,P001637,P002414,P000352,SI Prakash Sharma,Under Investigation
FIR202502488,FIR/2488/2025,PS0171,Bidar,2025-12-16 05:46,2025-12-16 12:46,Burglary,Day Burglary,"BNS 331(3), BNS 331(4)",17.776002,77.571664,P005673,P009833,P002548,SI Ravi Kumar,Under Investigation
FIR202503231,FIR/3231/2025,PS0248,Chikkaballapura,2025-12-15 09:13,2025-12-16 14:13,POCSO,Sexual Assault on Minor,"POCSO Act Sec 4, BNS 64",13.258706,77.776778,P004773,P005999,P002572,SI Mahesh Bhat,Under Investigation
FIR202502372,FIR/2372/2025,PS0222,Chamarajanagar,2025-12-16 07:38,2025-12-16 16:38,Dacoity,Bank Dacoity,BNS 310(2),11.905552,76.778049,P001092,P003179,P007867,PI Naveen Patil,Chargesheeted
FIR202502752,FIR/2752/2025,PS0228,Chamarajanagar,2025-12-13 17:19,2025-12-16 21:19,Robbery,Chain Snatching with Force,BNS 309(4),12.123656,77.118522,P002646,P008817,P000502,PI Chetan Kumar,Chargesheeted
FIR202502012,FIR/2012/2025,PS0118,Bengaluru Urban,2025-12-15 11:26,2025-12-16 21:26,Cyber Crime,Phishing,"IT Act 66D, BNS 318(4)",12.77709,77.687997,P003460,P007478,P003550,SI Mahesh Bhat,Chargesheeted
FIR202500094,FIR/0094/2025,PS0034,Ballari,2025-12-16 13:48,2025-12-16 23:48,Assault,Simple Assault,"BNS 115(2), BNS 117(2)",15.005305,77.079621,P007098,P008251,"P004818, P000718",SI Ganesh Rao,Under Investigation
FIR202504965,FIR/4965/2025,PS0001,Bagalkote,2025-12-14 03:06,2025-12-17 07:06,Murder,Personal Enmity,BNS 103(1),16.203387,75.584499,P000649,P008408,P001950,PI Lakshmi Devi,Chargesheeted
FIR202502784,FIR/2784/2025,PS0212,Chamarajanagar,2025-12-17 03:32,2025-12-17 07:32,Cyber Crime,Financial Fraud,"IT Act 66D, BNS 318(4)",12.025056,76.834747,P003899,P007990,P003267,PI Chetan Kumar,Chargesheeted
FIR202500827,FIR/0827/2025,PS0238,Chikkaballapura,2025-12-16 02:40,2025-12-17 11:40,Fraud,Land Scam,BNS 318(4),13.341321,77.91773,P006838,P001881,P002365,PI Naveen Patil,Chargesheeted
FIR202504786,FIR/4786/2025,PS0203,Chamarajanagar,2025-12-17 11:21,2025-12-17 13:21,Robbery,Highway Robbery,BNS 309(4),11.912922,76.863199,P001753,P003699,P003525,PI Suresh Kulkarni,Chargesheeted
FIR202500676,FIR/0676/2025,PS0190,Bidar,2025-12-12 09:57,2025-12-17 16:57,Assault,Grievous Hurt,"BNS 115(2), BNS 117(2)",17.733373,77.578133,P007723,P003488,P008178,PI Lakshmi Devi,Untraced
FIR202501719,FIR/1719/2025,PS0249,Chikkaballapura,2025-12-15 18:42,2025-12-17 23:42,POCSO,Sexual Assault on Minor,"POCSO Act Sec 4, BNS 64",13.499861,77.5517,P004305,P008185,P004813,SI Prakash Sharma,Chargesheeted
FIR202502990,FIR/2990/2025,PS0072,Bengaluru Rural,2025-12-18 02:24,2025-12-18 03:24,Burglary,Day Burglary,"BNS 331(3), BNS 331(4)",13.283284,77.629352,P009416,P009846,P001183,PI Suresh Kulkarni,Chargesheeted
FIR202503930,FIR/3930/2025,PS0219,Chamarajanagar,2025-12-18 01:54,2025-12-18 03:54,Dacoity,Bank Dacoity,BNS 310(2),11.85902,76.874773,P007890,P003958,P007190,PI Harish Naik,Under Investigation
FIR202504387,FIR/4387/2025,PS0103,Bengaluru Rural,2025-12-16 03:00,2025-12-18 05:00,NDPS,Drug Trafficking,NDPS Act Sec 20(b),13.350132,77.442261,P000335,P003353,P004279,SI Divya Hegde,Under Investigation
FIR202502931,FIR/2931/2025,PS0060,Belagavi,2025-12-18 00:50,2025-12-18 05:50,NDPS,Drug Trafficking,NDPS Act Sec 20(b),16.0135,74.550911,P006693,P004625,P004178,PI Suresh Kulkarni,Under Investigation
FIR202501457,FIR/1457/2025,PS0109,Bengaluru Rural,2025-12-17 04:25,2025-12-18 06:25,POCSO,Harassment,"POCSO Act Sec 4, BNS 64",13.101139,77.611108,P001455,P005952,P000055,SI Divya Hegde,Chargesheeted
FIR202501934,FIR/1934/2025,PS0123,Bengaluru Urban,2025-12-16 04:29,2025-12-18 07:29,Cyber Crime,Phishing,"IT Act 66D, BNS 318(4)",13.025822,77.479061,P008556,P006310,P009848,PI Naveen Patil,Untraced
FIR202502564,FIR/2564/2025,PS0074,Bengaluru Rural,2025-12-18 03:31,2025-12-18 07:31,Vehicle Theft,Car Theft,BNS 303(2),13.180978,77.587291,P002897,P001540,P004441,SI Ravi Kumar,Untraced
FIR202502813,FIR/2813/2025,PS0179,Bidar,2025-12-15 22:08,2025-12-18 08:08,Vehicle Theft,Car Theft,BNS 303(2),18.111907,77.394684,P000825,P001645,P009688,PI Chetan Kumar,Chargesheeted
FIR202501954,FIR/1954/2025,PS0243,Chikkaballapura,2025-12-15 03:37,2025-12-18 12:37,Robbery,Chain Snatching with Force,BNS 309(4),13.442875,77.858207,P004198,P005922,"P000208, P007633",SI Divya Hegde,Chargesheeted
FIR202500642,FIR/0642/2025,PS0028,Ballari,2025-12-15 01:51,2025-12-18 13:51,Robbery,Highway Robbery,BNS 309(4),15.019511,76.864119,P006527,P000598,"P000607, P009696",SI Divya Hegde,Under Investigation
FIR202501556,FIR/1556/2025,PS0137,Bengaluru Urban,2025-12-18 10:13,2025-12-18 16:13,Assault,Public Affray,"BNS 115(2), BNS 117(2)",12.861769,77.722395,P001219,P007857,P006115,SI Ganesh Rao,Chargesheeted
FIR202503405,FIR/3405/2025,PS0015,Bagalkote,2025-12-17 11:32,2025-12-18 17:32,Vehicle Theft,Two-Wheeler Theft,BNS 303(2),16.052723,75.682121,P005704,P001659,P003508,PI Chetan Kumar,Chargesheeted
FIR202504261,FIR/4261/2025,PS0021,Bagalkote,2025-12-18 12:39,2025-12-18 20:39,POCSO,Sexual Assault on Minor,"POCSO Act Sec 4, BNS 64",15.99023,75.548703,P000874,P003808,P009146,PI Suresh Kulkarni,Under Investigation
FIR202502285,FIR/2285/2025,PS0063,Belagavi,2025-12-17 11:29,2025-12-18 22:29,Burglary,Day Burglary,"BNS 331(3), BNS 331(4)",16.033905,74.67358,P007891,P004416,P003230,PI Suresh Kulkarni,Chargesheeted
FIR202502592,FIR/2592/2025,PS0214,Chamarajanagar,2025-12-16 16:30,2025-12-18 22:30,Dacoity,Armed Dacoity,BNS 310(2),11.941022,76.842748,P000044,P004979,P003433,SI Mahesh Bhat,Under Investigation
FIR202503024,FIR/3024/2025,PS0036,Ballari,2025-12-17 23:02,2025-12-19 00:02,Robbery,Highway Robbery,BNS 309(4),15.244064,76.771448,P003912,P003652,P009511,SI Ganesh Rao,Chargesheeted
FIR202502753,FIR/2753/2025,PS0070,Bengaluru Rural,2025-12-18 15:05,2025-12-19 00:05,Cyber Crime,Phishing,"IT Act 66D, BNS 318(4)",13.254306,77.766946,P006909,P006243,P007875,PI Harish Naik,Under Investigation
FIR202502762,FIR/2762/2025,PS0033,Ballari,2025-12-17 15:40,2025-12-19 03:40,Assault,Public Affray,"BNS 115(2), BNS 117(2)",15.008354,76.81978,P009282,P009547,P008213,PI Naveen Patil,Chargesheeted
FIR202501672,FIR/1672/2025,PS0087,Bengaluru Rural,2025-12-18 17:28,2025-12-19 04:28,Assault,Public Affray,"BNS 115(2), BNS 117(2)",13.154558,77.502905,P008251,P002768,P003584,SI Mahesh Bhat,Untraced
FIR202501853,FIR/1853/2025,PS0142,Bengaluru Urban,2025-12-15 21:45,2025-12-19 09:45,Fraud,Land Scam,BNS 318(4),13.08702,77.766631,P009060,P007640,P004246,PI Harish Naik,Under Investigation
FIR202503819,FIR/3819/2025,PS0073,Bengaluru Rural,2025-12-14 06:56,2025-12-19 10:56,Cyber Crime,Phishing,"IT Act 66D, BNS 318(4)",13.327889,77.583268,P006110,P008794,P004730,SI Ravi Kumar,Chargesheeted
FIR202500043,FIR/0043/2025,PS0054,Belagavi,2025-12-18 04:32,2025-12-19 12:32,Robbery,Chain Snatching with Force,BNS 309(4),15.904808,74.711708,P005166,P000220,P004859,SI Ganesh Rao,Under Investigation
FIR202500427,FIR/0427/2025,PS0212,Chamarajanagar,2025-12-18 09:49,2025-12-19 18:49,Cyber Crime,Phishing,"IT Act 66D, BNS 318(4)",12.040812,76.85195,P001031,P009482,P007014,PI Lakshmi Devi,Under Investigation
FIR202500685,FIR/0685/2025,PS0158,Bidar,2025-12-18 16:05,2025-12-19 20:05,Cyber Crime,Phishing,"IT Act 66D, BNS 318(4)",17.925157,77.492355,P009086,P005524,P006654,PI Naveen Patil,Chargesheeted
FIR202502224,FIR/2224/2025,PS0151,Bengaluru Urban,2025-12-18 16:58,2025-12-20 04:58,Robbery,Chain Snatching with Force,BNS 309(4),12.854303,77.464511,P000427,P002041,P007192,PI Suresh Kulkarni,Chargesheeted
FIR202504873,FIR/4873/2025,PS0044,Ballari,2025-12-18 04:13,2025-12-20 05:13,Fraud,Cheating,BNS 318(4),15.311868,76.937546,P005408,P009543,P009695,SI Ganesh Rao,Closed
FIR202500910,FIR/0910/2025,PS0023,Bagalkote,2025-12-19 21:02,2025-12-20 06:02,Robbery,Chain Snatching with Force,BNS 309(4),16.102849,75.78219,P001146,P002584,P009319,SI Mahesh Bhat,Chargesheeted
FIR202500947,FIR/0947/2025,PS0101,Bengaluru Rural,2025-12-18 22:45,2025-12-20 06:45,POCSO,Sexual Assault on Minor,"POCSO Act Sec 4, BNS 64",13.26108,77.713686,P008207,P004473,P002616,PI Naveen Patil,Chargesheeted
FIR202502032,FIR/2032/2025,PS0035,Ballari,2025-12-20 06:44,2025-12-20 07:44,Theft,Pocket Pick,BNS 303(2),15.233242,76.838444,P007185,P008323,P005793,SI Ganesh Rao,Closed
FIR202501567,FIR/1567/2025,PS0250,Chikkaballapura,2025-12-19 21:13,2025-12-20 08:13,NDPS,Possession of Narcotics,NDPS Act Sec 20(b),13.573739,77.79252,P001589,P008208,P002274,PI Lakshmi Devi,Chargesheeted
FIR202501468,FIR/1468/2025,PS0249,Chikkaballapura,2025-12-19 00:04,2025-12-20 10:04,Cyber Crime,Phishing,"IT Act 66D, BNS 318(4)",13.475903,77.544049,P008022,P006365,P008400,PI Lakshmi Devi,Chargesheeted
FIR202501341,FIR/1341/2025,PS0168,Bidar,2025-12-17 07:10,2025-12-20 11:10,Cyber Crime,Financial Fraud,"IT Act 66D, BNS 318(4)",17.719822,77.671502,P006732,P006322,P008389,SI Ravi Kumar,Chargesheeted
FIR202504925,FIR/4925/2025,PS0206,Chamarajanagar,2025-12-20 09:52,2025-12-20 11:52,Cyber Crime,Phishing,"IT Act 66D, BNS 318(4)",11.824216,77.119202,P001924,P007535,P006303,SI Mahesh Bhat,Chargesheeted
FIR202504850,FIR/4850/2025,PS0136,Bengaluru Urban,2025-12-19 07:34,2025-12-20 12:34,Murder,Dowry Homicide,BNS 103(1),12.809566,77.601613,P007426,P000889,P006575,SI Prakash Sharma,Under Investigation
FIR202504390,FIR/4390/2025,PS0004,Bagalkote,2025-12-19 02:45,2025-12-20 13:45,Murder,Gang Conflict,BNS 103(1),16.029525,75.677433,P009169,P001361,P004830,SI Prakash Sharma,Under Investigation
FIR202501013,FIR/1013/2025,PS0229,Chamarajanagar,2025-12-20 12:58,2025-12-20 14:58,Robbery,Highway Robbery,BNS 309(4),12.065736,77.004495,P003761,P006334,P001126,SI Ravi Kumar,Chargesheeted
FIR202503496,FIR/3496/2025,PS0143,Bengaluru Urban,2025-12-20 11:44,2025-12-20 15:44,Murder,Gang Conflict,BNS 103(1),12.789847,77.40732,P004045,P009408,P003669,PI Naveen Patil,Under Investigation
FIR202504112,FIR/4112/2025,PS0013,Bagalkote,2025-12-20 10:08,2025-12-20 21:08,Theft,Snatching,BNS 303(2),16.1782,75.649116,P006629,P007671,P007913,PI Chetan Kumar,Chargesheeted
FIR202501518,FIR/1518/2025,PS0100,Bengaluru Rural,2025-12-20 15:49,2025-12-20 22:49,Assault,Grievous Hurt,"BNS 115(2), BNS 117(2)",13.152206,77.523797,P007342,P004058,P008583,PI Suresh Kulkarni,Untraced
FIR202500473,FIR/0473/2025,PS0231,Chamarajanagar,2025-12-17 17:07,2025-12-20 23:07,Theft,Pocket Pick,BNS 303(2),11.969454,77.035234,P000825,P000771,P000918,SI Prakash Sharma,Under Investigation
FIR202501966,FIR/1966/2025,PS0189,Bidar,2025-12-20 23:49,2025-12-21 00:49,Assault,Public Affray,"BNS 115(2), BNS 117(2)",17.917418,77.365527,P004552,P003832,P003852,PI Naveen Patil,Chargesheeted
FIR202504266,FIR/4266/2025,PS0226,Chamarajanagar,2025-12-21 00:21,2025-12-21 02:21,Vehicle Theft,Car Theft,BNS 303(2),11.761189,77.018773,P000402,P000517,P001052,SI Mahesh Bhat,Chargesheeted
FIR202500053,FIR/0053/2025,PS0230,Chamarajanagar,2025-12-17 15:43,2025-12-21 03:43,Burglary,Night House Breaking,"BNS 331(3), BNS 331(4)",11.754327,77.060013,P003915,P001601,P005570,SI Divya Hegde,Chargesheeted
FIR202502094,FIR/2094/2025,PS0076,Bengaluru Rural,2025-12-20 23:18,2025-12-21 09:18,Assault,Public Affray,"BNS 115(2), BNS 117(2)",13.334603,77.755024,P000146,P000393,P003889,SI Ganesh Rao,Chargesheeted
FIR202503909,FIR/3909/2025,PS0153,Bidar,2025-12-16 04:32,2025-12-21 09:32,POCSO,Harassment,"POCSO Act Sec 4, BNS 64",17.764362,77.35916,P008254,P005261,P000997,PI Naveen Patil,Chargesheeted
FIR202502598,FIR/2598/2025,PS0219,Chamarajanagar,2025-12-21 01:18,2025-12-21 13:18,Robbery,Chain Snatching with Force,BNS 309(4),11.85476,76.885109,P004633,P003634,P003581,SI Ganesh Rao,Under Investigation
FIR202501734,FIR/1734/2025,PS0031,Ballari,2025-12-21 03:48,2025-12-21 14:48,Assault,Simple Assault,"BNS 115(2), BNS 117(2)",14.966426,77.099756,P002282,P001729,P008993,SI Prakash Sharma,Chargesheeted
FIR202500598,FIR/0598/2025,PS0142,Bengaluru Urban,2025-12-21 12:49,2025-12-21 15:49,Vehicle Theft,Car Theft,BNS 303(2),13.105087,77.770519,P002986,P002185,"P006595, P000262",SI Ganesh Rao,Chargesheeted
FIR202502547,FIR/2547/2025,PS0123,Bengaluru Urban,2025-12-21 13:52,2025-12-21 17:52,Burglary,Night House Breaking,"BNS 331(3), BNS 331(4)",13.035428,77.493418,P005527,P003311,P004864,PI Suresh Kulkarni,Chargesheeted
FIR202502137,FIR/2137/2025,PS0237,Chikkaballapura,2025-12-18 10:00,2025-12-21 18:00,NDPS,Possession of Narcotics,NDPS Act Sec 20(b),13.336803,77.632843,P007081,P007283,P000911,SI Prakash Sharma,Under Investigation
FIR202503855,FIR/3855/2025,PS0008,Bagalkote,2025-12-18 13:39,2025-12-21 22:39,Cyber Crime,Phishing,"IT Act 66D, BNS 318(4)",16.263733,75.524035,P002557,P000107,P001827,PI Harish Naik,Chargesheeted
FIR202504571,FIR/4571/2025,PS0149,Bengaluru Urban,2025-12-21 10:46,2025-12-21 22:46,Fraud,Corporate Fraud,BNS 318(4),13.082567,77.457726,P001956,P000895,P000786,SI Mahesh Bhat,Chargesheeted
FIR202503422,FIR/3422/2025,PS0250,Chikkaballapura,2025-12-21 11:15,2025-12-21 23:15,Murder,Dowry Homicide,BNS 103(1),13.553539,77.792279,P008624,P005424,P003982,SI Divya Hegde,Chargesheeted
FIR202500303,FIR/0303/2025,PS0204,Chamarajanagar,2025-12-21 20:31,2025-12-21 23:31,NDPS,Drug Trafficking,NDPS Act Sec 20(b),12.033637,77.064776,P006879,P007528,P001736,PI Lakshmi Devi,Chargesheeted
FIR202500938,FIR/0938/2025,PS0018,Bagalkote,2025-12-20 18:40,2025-12-21 23:40,Fraud,Corporate Fraud,BNS 318(4),16.180755,75.805234,P009122,P004294,"P005552, P003277",SI Prakash Sharma,Chargesheeted
FIR202503717,FIR/3717/2025,PS0164,Bidar,2025-12-21 13:01,2025-12-22 00:01,Fraud,Corporate Fraud,BNS 318(4),17.951442,77.445007,P001783,P008946,P003748,PI Naveen Patil,Chargesheeted
FIR202501844,FIR/1844/2025,PS0093,Bengaluru Rural,2025-12-18 22:09,2025-12-22 03:09,Dacoity,Armed Dacoity,BNS 310(2),13.188881,77.561503,P002177,P001632,P003392,PI Chetan Kumar,Untraced
FIR202500249,FIR/0249/2025,PS0015,Bagalkote,2025-12-20 01:03,2025-12-22 10:03,POCSO,Harassment,"POCSO Act Sec 4, BNS 64",16.041251,75.689515,P003223,P003215,P008199,PI Chetan Kumar,Chargesheeted
FIR202502892,FIR/2892/2025,PS0019,Bagalkote,2025-12-22 04:51,2025-12-22 10:51,Fraud,Corporate Fraud,BNS 318(4),16.03306,75.869134,P005947,P004336,P007378,SI Ganesh Rao,Chargesheeted
FIR202503857,FIR/3857/2025,PS0165,Bidar,2025-12-19 12:29,2025-12-22 15:29,Cyber Crime,Identity Theft,"IT Act 66D, BNS 318(4)",18.06413,77.443795,P002823,P008784,P007898,PI Naveen Patil,Chargesheeted
FIR202503116,FIR/3116/2025,PS0203,Chamarajanagar,2025-12-22 06:59,2025-12-22 16:59,Dacoity,Armed Dacoity,BNS 310(2),11.918611,76.841609,P007430,P002320,P005903,PI Harish Naik,Chargesheeted
FIR202502355,FIR/2355/2025,PS0184,Bidar,2025-12-19 08:26,2025-12-22 17:26,Assault,Simple Assault,"BNS 115(2), BNS 117(2)",17.912498,77.611531,P003077,P001013,P005597,PI Ramesh Gowda,Untraced
FIR202500848,FIR/0848/2025,PS0197,Chamarajanagar,2025-12-22 10:06,2025-12-22 18:06,Vehicle Theft,Car Theft,BNS 303(2),11.870239,77.052032,P009323,P000915,P001369,PI Lakshmi Devi,Under Investigation
FIR202502259,FIR/2259/2025,PS0146,Bengaluru Urban,2025-12-22 18:07,2025-12-22 22:07,Cyber Crime,Identity Theft,"IT Act 66D, BNS 318(4)",12.949673,77.77313,P002190,P007473,P005019,SI Ravi Kumar,Chargesheeted
FIR202504611,FIR/4611/2025,PS0224,Chamarajanagar,2025-12-17 21:37,2025-12-22 22:37,Robbery,Highway Robbery,BNS 309(4),11.854197,76.817607,P007537,P009824,P005790,PI Naveen Patil,Untraced
FIR202503102,FIR/3102/2025,PS0083,Bengaluru Rural,2025-12-23 00:28,2025-12-23 04:28,Fraud,Land Scam,BNS 318(4),13.26704,77.563207,P007387,P004489,P009002,PI Suresh Kulkarni,Untraced
FIR202500521,FIR/0521/2025,PS0217,Chamarajanagar,2025-12-22 20:12,2025-12-23 05:12,Vehicle Theft,Two-Wheeler Theft,BNS 303(2),11.759598,76.901245,P000271,P007624,"P008378, P000015",PI Harish Naik,Chargesheeted
FIR202501137,FIR/1137/2025,PS0178,Bidar,2025-12-23 03:17,2025-12-23 05:17,Cyber Crime,Identity Theft,"IT Act 66D, BNS 318(4)",17.889571,77.486886,P004440,P002487,P008113,SI Ravi Kumar,Under Investigation
FIR202502330,FIR/2330/2025,PS0101,Bengaluru Rural,2025-12-20 20:25,2025-12-23 05:25,Cyber Crime,Financial Fraud,"IT Act 66D, BNS 318(4)",13.264793,77.724915,P003101,P008529,P002183,SI Prakash Sharma,Chargesheeted
FIR202501728,FIR/1728/2025,PS0162,Bidar,2025-12-21 04:33,2025-12-23 13:33,Cyber Crime,Identity Theft,"IT Act 66D, BNS 318(4)",17.99313,77.464505,P003750,P003727,P001291,SI Divya Hegde,Chargesheeted
FIR202504795,FIR/4795/2025,PS0137,Bengaluru Urban,2025-12-22 13:16,2025-12-23 15:16,Vehicle Theft,Two-Wheeler Theft,BNS 303(2),12.890792,77.72787,P006817,P007392,P006730,SI Divya Hegde,Chargesheeted
FIR202500716,FIR/0716/2025,PS0141,Bengaluru Urban,2025-12-20 09:08,2025-12-23 16:08,Vehicle Theft,Two-Wheeler Theft,BNS 303(2),12.849271,77.388382,P002932,P009660,P003380,PI Chetan Kumar,Chargesheeted
FIR202500422,FIR/0422/2025,PS0085,Bengaluru Rural,2025-12-22 14:41,2025-12-23 19:41,Burglary,Night House Breaking,"BNS 331(3), BNS 331(4)",13.095803,77.408301,P002448,P007272,P009011,PI Naveen Patil,Untraced
FIR202504655,FIR/4655/2025,PS0138,Bengaluru Urban,2025-12-21 15:33,2025-12-23 21:33,Vehicle Theft,Two-Wheeler Theft,BNS 303(2),13.156949,77.440244,P004604,P001113,P000950,SI Ganesh Rao,Under Investigation
FIR202502289,FIR/2289/2025,PS0007,Bagalkote,2025-12-23 16:41,2025-12-23 21:41,Fraud,Land Scam,BNS 318(4),16.054876,75.613747,P004829,P003593,P006586,PI Ramesh Gowda,Chargesheeted
FIR202501749,FIR/1749/2025,PS0201,Chamarajanagar,2025-12-23 16:48,2025-12-23 21:48,Fraud,Cheating,BNS 318(4),11.995771,76.842791,P005833,P007443,P003150,PI Suresh Kulkarni,Under Investigation
FIR202502846,FIR/2846/2025,PS0064,Belagavi,2025-12-22 15:58,2025-12-23 21:58,Burglary,Night House Breaking,"BNS 331(3), BNS 331(4)",15.934838,74.333331,P005345,P009338,P009769,SI Prakash Sharma,Under Investigation
FIR202502866,FIR/2866/2025,PS0020,Bagalkote,2025-12-23 14:15,2025-12-23 22:15,Assault,Grievous Hurt,"BNS 115(2), BNS 117(2)",16.259862,75.582616,P005585,P000603,P000160,SI Ganesh Rao,Under Investigation
FIR202500075,FIR/0075/2025,PS0014,Bagalkote,2025-12-23 14:20,2025-12-23 22:20,POCSO,Harassment,"POCSO Act Sec 4, BNS 64",16.307111,75.857413,P003275,P001751,P001763,SI Ravi Kumar,Chargesheeted
FIR202504335,FIR/4335/2025,PS0135,Bengaluru Urban,2025-12-22 22:36,2025-12-23 23:36,Vehicle Theft,Two-Wheeler Theft,BNS 303(2),12.910986,77.459053,P009681,P005266,P007423,PI Lakshmi Devi,Chargesheeted
FIR202500189,FIR/0189/2025,PS0192,Bidar,2025-12-23 16:23,2025-12-24 00:23,Fraud,Corporate Fraud,BNS 318(4),17.975991,77.357264,P004510,P009211,P007917,PI Chetan Kumar,Under Investigation
FIR202500590,FIR/0590/2025,PS0034,Ballari,2025-12-21 14:03,2025-12-24 01:03,Assault,Public Affray,"BNS 115(2), BNS 117(2)",15.007948,77.100371,P001965,P007850,P007024,SI Prakash Sharma,Under Investigation
FIR202503616,FIR/3616/2025,PS0173,Bidar,2025-12-21 00:51,2025-12-24 01:51,Cyber Crime,Financial Fraud,"IT Act 66D, BNS 318(4)",17.753518,77.60476,P004826,P001608,P001364,PI Lakshmi Devi,Chargesheeted
FIR202504359,FIR/4359/2025,PS0098,Bengaluru Rural,2025-12-23 21:16,2025-12-24 02:16,Theft,Snatching,BNS 303(2),13.273081,77.725567,P006493,P002298,P007324,PI Ramesh Gowda,Under Investigation
FIR202502575,FIR/2575/2025,PS0037,Ballari,2025-12-22 18:51,2025-12-24 02:51,Assault,Grievous Hurt,"BNS 115(2), BNS 117(2)",15.087326,77.062266,P002255,P009724,P009172,SI Ravi Kumar,Under Investigation
FIR202502835,FIR/2835/2025,PS0061,Belagavi,2025-12-22 16:02,2025-12-24 03:02,NDPS,Possession of Narcotics,NDPS Act Sec 20(b),16.012278,74.405953,P009679,P004828,P008553,SI Ganesh Rao,Chargesheeted
FIR202501154,FIR/1154/2025,PS0121,Bengaluru Urban,2025-12-21 00:12,2025-12-24 04:12,Fraud,Land Scam,BNS 318(4),13.091969,77.482727,P006586,P004200,P002152,SI Ganesh Rao,Under Investigation
FIR202500790,FIR/0790/2025,PS0082,Bengaluru Rural,2025-12-22 21:22,2025-12-24 04:22,Robbery,Highway Robbery,BNS 309(4),13.35445,77.397452,P008319,P004354,P007866,PI Chetan Kumar,Chargesheeted
FIR202503117,FIR/3117/2025,PS0063,Belagavi,2025-12-22 18:17,2025-12-24 05:17,POCSO,Harassment,"POCSO Act Sec 4, BNS 64",16.036629,74.67689,P004888,P000176,P002572,SI Mahesh Bhat,Closed
FIR202501462,FIR/1462/2025,PS0216,Chamarajanagar,2025-12-23 02:54,2025-12-24 05:54,Burglary,Night House Breaking,"BNS 331(3), BNS 331(4)",11.756588,76.93709,P006598,P001033,P002359,SI Ravi Kumar,Under Investigation
FIR202500025,FIR/0025/2025,PS0209,Chamarajanagar,2025-12-24 01:22,2025-12-24 07:22,Dacoity,Bank Dacoity,BNS 310(2),12.045404,76.985508,P004716,P009452,P002729,PI Chetan Kumar,Chargesheeted
FIR202501517,FIR/1517/2025,PS0168,Bidar,2025-12-23 23:10,2025-12-24 09:10,Theft,Snatching,BNS 303(2),17.712661,77.650253,P002655,P007377,P007908,SI Ravi Kumar,Chargesheeted
FIR202504227,FIR/4227/2025,PS0149,Bengaluru Urban,2025-12-22 01:16,2025-12-24 09:16,Theft,Snatching,BNS 303(2),13.066724,77.465326,P003399,P006865,P006746,PI Harish Naik,Chargesheeted
FIR202501070,FIR/1070/2025,PS0079,Bengaluru Rural,2025-12-23 07:40,2025-12-24 11:40,NDPS,Drug Trafficking,NDPS Act Sec 20(b),13.082203,77.445669,P004128,P003256,P001141,SI Ravi Kumar,Closed
FIR202504120,FIR/4120/2025,PS0061,Belagavi,2025-12-24 11:05,2025-12-24 13:05,POCSO,Sexual Assault on Minor,"POCSO Act Sec 4, BNS 64",16.026007,74.401701,P002798,P004405,P000220,SI Ravi Kumar,Chargesheeted
FIR202503314,FIR/3314/2025,PS0084,Bengaluru Rural,2025-12-24 09:33,2025-12-24 13:33,Theft,Pocket Pick,BNS 303(2),13.159146,77.567148,P005485,P002690,P008508,SI Ganesh Rao,Under Investigation
FIR202502141,FIR/2141/2025,PS0234,Chamarajanagar,2025-12-23 14:27,2025-12-24 15:27,Robbery,Chain Snatching with Force,BNS 309(4),11.992773,76.81563,P004288,P001726,P005006,PI Ramesh Gowda,Chargesheeted
FIR202503370,FIR/3370/2025,PS0096,Bengaluru Rural,2025-12-23 05:40,2025-12-24 15:40,NDPS,Drug Trafficking,NDPS Act Sec 20(b),13.156534,77.472386,P006935,P005560,P005704,PI Suresh Kulkarni,Under Investigation
FIR202501365,FIR/1365/2025,PS0157,Bidar,2025-12-20 15:31,2025-12-24 17:31,POCSO,Harassment,"POCSO Act Sec 4, BNS 64",17.816242,77.583222,P009138,P007490,P008208,SI Ganesh Rao,Chargesheeted
FIR202500869,FIR/0869/2025,PS0078,Bengaluru Rural,2025-12-24 09:37,2025-12-24 17:37,POCSO,Sexual Assault on Minor,"POCSO Act Sec 4, BNS 64",13.108708,77.543291,P006123,P001751,P008061,SI Divya Hegde,Closed
FIR202502005,FIR/2005/2025,PS0153,Bidar,2025-12-24 10:36,2025-12-24 18:36,Fraud,Corporate Fraud,BNS 318(4),17.74932,77.325505,P005307,P009219,P005657,PI Suresh Kulkarni,Chargesheeted
FIR202504952,FIR/4952/2025,PS0149,Bengaluru Urban,2025-12-22 17:34,2025-12-24 19:34,Cyber Crime,Phishing,"IT Act 66D, BNS 318(4)",13.10185,77.481509,P003925,P003705,P003470,SI Ravi Kumar,Chargesheeted
FIR202500019,FIR/0019/2025,PS0117,Bengaluru Urban,2025-12-24 10:45,2025-12-24 19:45,Cyber Crime,Identity Theft,"IT Act 66D, BNS 318(4)",13.132972,77.767492,P000720,P005235,P004027,PI Harish Naik,Under Investigation
FIR202503289,FIR/3289/2025,PS0137,Bengaluru Urban,2025-12-23 16:37,2025-12-24 20:37,Fraud,Land Scam,BNS 318(4),12.881539,77.711597,P005770,P006538,P003074,PI Suresh Kulkarni,Chargesheeted
FIR202502150,FIR/2150/2025,PS0114,Bengaluru Urban,2025-12-21 09:04,2025-12-24 21:04,Cyber Crime,Phishing,"IT Act 66D, BNS 318(4)",12.972972,77.76117,P002819,P000692,P003865,SI Prakash Sharma,Chargesheeted
FIR202501288,FIR/1288/2025,PS0190,Bidar,2025-12-24 23:29,2025-12-25 02:29,Dacoity,Armed Dacoity,BNS 310(2),17.729555,77.563486,P003988,P006044,P002170,PI Chetan Kumar,Chargesheeted
FIR202501282,FIR/1282/2025,PS0072,Bengaluru Rural,2025-12-23 15:07,2025-12-25 03:07,Burglary,Day Burglary,"BNS 331(3), BNS 331(4)",13.313437,77.61828,P008545,P004854,P008506,PI Naveen Patil,Under Investigation
FIR202501803,FIR/1803/2025,PS0160,Bidar,2025-12-25 01:42,2025-12-25 03:42,Assault,Public Affray,"BNS 115(2), BNS 117(2)",17.867027,77.340867,P004052,P005762,P007610,SI Ravi Kumar,Chargesheeted
FIR202504882,FIR/4882/2025,PS0235,Chikkaballapura,2025-12-23 15:49,2025-12-25 03:49,POCSO,Sexual Assault on Minor,"POCSO Act Sec 4, BNS 64",13.293608,77.575668,P008515,P002772,P004696,PI Ramesh Gowda,Untraced
FIR202500445,FIR/0445/2025,PS0079,Bengaluru Rural,2025-12-24 20:54,2025-12-25 07:54,Dacoity,Armed Dacoity,BNS 310(2),13.097875,77.44173,P005973,P004622,P007583,SI Ganesh Rao,Chargesheeted
FIR202500471,FIR/0471/2025,PS0047,Belagavi,2025-12-25 04:45,2025-12-25 11:45,Murder,Gang Conflict,BNS 103(1),15.971384,74.532881,P003699,P008585,P001638,PI Naveen Patil,Chargesheeted
FIR202502847,FIR/2847/2025,PS0014,Bagalkote,2025-12-24 03:08,2025-12-25 12:08,NDPS,Drug Trafficking,NDPS Act Sec 20(b),16.324362,75.835811,P000403,P003355,P009947,SI Ganesh Rao,Untraced
FIR202504189,FIR/4189/2025,PS0116,Bengaluru Urban,2025-12-25 04:41,2025-12-25 12:41,Vehicle Theft,Two-Wheeler Theft,BNS 303(2),13.000762,77.525674,P002972,P004042,P006254,SI Ravi Kumar,Under Investigation
FIR202502162,FIR/2162/2025,PS0133,Bengaluru Urban,2025-12-25 05:16,2025-12-25 15:16,Theft,House Theft,BNS 303(2),12.996881,77.540498,P003474,P005235,P002265,PI Naveen Patil,Chargesheeted
FIR202501700,FIR/1700/2025,PS0072,Bengaluru Rural,2025-12-24 14:58,2025-12-25 15:58,Fraud,Cheating,BNS 318(4),13.294291,77.635388,P008517,P001031,"P006948, P005764",PI Chetan Kumar,Under Investigation
FIR202504338,FIR/4338/2025,PS0098,Bengaluru Rural,2025-12-24 07:51,2025-12-25 16:51,NDPS,Possession of Narcotics,NDPS Act Sec 20(b),13.277115,77.756737,P002620,P001412,P002369,PI Ramesh Gowda,Untraced
FIR202501313,FIR/1313/2025,PS0025,Bagalkote,2025-12-24 18:18,2025-12-25 20:18,Cyber Crime,Financial Fraud,"IT Act 66D, BNS 318(4)",16.353875,75.847049,P006917,P004146,P004140,SI Ganesh Rao,Under Investigation
FIR202501591,FIR/1591/2025,PS0062,Belagavi,2025-12-23 10:55,2025-12-25 20:55,Theft,Pocket Pick,BNS 303(2),15.759604,74.500414,P003544,P008699,P002406,SI Divya Hegde,Under Investigation
FIR202501603,FIR/1603/2025,PS0059,Belagavi,2025-12-25 16:20,2025-12-25 21:20,Murder,Personal Enmity,BNS 103(1),15.81253,74.505642,P002155,P009383,P009602,SI Mahesh Bhat,Chargesheeted
FIR202503054,FIR/3054/2025,PS0092,Bengaluru Rural,2025-12-22 16:21,2025-12-25 21:21,Dacoity,Bank Dacoity,BNS 310(2),13.068692,77.476491,P001793,P001110,P006851,PI Ramesh Gowda,Chargesheeted
FIR202502952,FIR/2952/2025,PS0108,Bengaluru Rural,2025-12-25 19:56,2025-12-25 22:56,Fraud,Land Scam,BNS 318(4),13.190215,77.433475,P000225,P003833,P009395,PI Chetan Kumar,Under Investigation
FIR202503630,FIR/3630/2025,PS0221,Chamarajanagar,2025-12-22 22:34,2025-12-25 23:34,Cyber Crime,Phishing,"IT Act 66D, BNS 318(4)",12.026591,77.10472,P005533,P002082,P009807,SI Ganesh Rao,Under Investigation
FIR202500244,FIR/0244/2025,PS0159,Bidar,2025-12-25 18:12,2025-12-26 01:12,Assault,Simple Assault,"BNS 115(2), BNS 117(2)",18.052432,77.477258,P000516,P008317,P002664,SI Divya Hegde,Untraced
FIR202502429,FIR/2429/2025,PS0069,Belagavi,2025-12-24 18:31,2025-12-26 04:31,POCSO,Sexual Assault on Minor,"POCSO Act Sec 4, BNS 64",15.839949,74.353383,P001652,P006954,P007424,PI Harish Naik,Under Investigation
FIR202503713,FIR/3713/2025,PS0144,Bengaluru Urban,2025-12-26 01:58,2025-12-26 06:58,NDPS,Drug Trafficking,NDPS Act Sec 20(b),12.820657,77.55729,P006493,P002012,P005787,SI Ravi Kumar,Under Investigation
FIR202503721,FIR/3721/2025,PS0231,Chamarajanagar,2025-12-25 03:15,2025-12-26 07:15,Cyber Crime,Identity Theft,"IT Act 66D, BNS 318(4)",11.975197,77.029787,P004502,P008298,P001864,SI Mahesh Bhat,Untraced
FIR202502338,FIR/2338/2025,PS0199,Chamarajanagar,2025-12-25 06:54,2025-12-26 07:54,Vehicle Theft,Car Theft,BNS 303(2),11.841113,77.061311,P004097,P008568,P000136,SI Divya Hegde,Untraced
FIR202500309,FIR/0309/2025,PS0233,Chamarajanagar,2025-12-25 00:21,2025-12-26 08:21,Cyber Crime,Identity Theft,"IT Act 66D, BNS 318(4)",11.71913,76.798657,P001863,P009084,P007872,SI Prakash Sharma,Chargesheeted
FIR202500622,FIR/0622/2025,PS0241,Chikkaballapura,2025-12-26 02:03,2025-12-26 12:03,Cyber Crime,Financial Fraud,"IT Act 66D, BNS 318(4)",13.276138,77.901045,P004369,P006059,P003422,SI Ravi Kumar,Under Investigation
FIR202501473,FIR/1473/2025,PS0014,Bagalkote,2025-12-25 10:39,2025-12-26 14:39,Fraud,Corporate Fraud,BNS 318(4),16.316993,75.850541,P008614,P007419,P001271,SI Ravi Kumar,Chargesheeted
FIR202503066,FIR/3066/2025,PS0188,Bidar,2025-12-23 15:39,2025-12-26 16:39,Assault,Public Affray,"BNS 115(2), BNS 117(2)",17.934717,77.69361,P002312,P007949,P008231,PI Ramesh Gowda,Untraced
FIR202503872,FIR/3872/2025,PS0170,Bidar,2025-12-26 11:36,2025-12-26 22:36,Assault,Simple Assault,"BNS 115(2), BNS 117(2)",17.883921,77.369262,P006553,P001020,"P002109, P002434",SI Ravi Kumar,Untraced
FIR202504743,FIR/4743/2025,PS0124,Bengaluru Urban,2025-12-25 18:42,2025-12-26 22:42,Fraud,Cheating,BNS 318(4),13.088337,77.674299,P000467,P008973,P002414,SI Prakash Sharma,Under Investigation
FIR202502788,FIR/2788/2025,PS0135,Bengaluru Urban,2025-12-25 16:56,2025-12-26 23:56,Fraud,Corporate Fraud,BNS 318(4),12.923604,77.465105,P007371,P002055,P006482,PI Suresh Kulkarni,Under Investigation
FIR202503384,FIR/3384/2025,PS0065,Belagavi,2025-12-25 19:17,2025-12-27 01:17,Dacoity,Bank Dacoity,BNS 310(2),15.745938,74.441547,P006844,P006625,P001661,SI Mahesh Bhat,Chargesheeted
FIR202502930,FIR/2930/2025,PS0212,Chamarajanagar,2025-12-21 18:45,2025-12-27 03:45,Murder,Personal Enmity,BNS 103(1),12.02939,76.828987,P006886,P006491,P004568,PI Harish Naik,Under Investigation
FIR202501552,FIR/1552/2025,PS0001,Bagalkote,2025-12-23 02:56,2025-12-27 03:56,NDPS,Drug Trafficking,NDPS Act Sec 20(b),16.177912,75.567385,P005592,P000775,P006494,PI Ramesh Gowda,Chargesheeted
FIR202502593,FIR/2593/2025,PS0220,Chamarajanagar,2025-12-24 02:01,2025-12-27 04:01,Cyber Crime,Identity Theft,"IT Act 66D, BNS 318(4)",11.79094,76.78899,P009299,P009526,P005578,PI Suresh Kulkarni,Under Investigation
FIR202503402,FIR/3402/2025,PS0071,Bengaluru Rural,2025-12-26 22:00,2025-12-27 05:00,Robbery,Chain Snatching with Force,BNS 309(4),13.045817,77.483886,P007672,P006408,P003874,PI Naveen Patil,Chargesheeted
FIR202504161,FIR/4161/2025,PS0100,Bengaluru Rural,2025-12-26 04:53,2025-12-27 06:53,Murder,Dowry Homicide,BNS 103(1),13.136233,77.541598,P009835,P009008,P002662,PI Chetan Kumar,Chargesheeted
FIR202502038,FIR/2038/2025,PS0160,Bidar,2025-12-26 23:58,2025-12-27 06:58,Murder,Gang Conflict,BNS 103(1),17.868253,77.345821,P004651,P001229,"P007106, P002376",SI Ravi Kumar,Closed
FIR202504549,FIR/4549/2025,PS0115,Bengaluru Urban,2025-12-26 21:51,2025-12-27 07:51,Vehicle Theft,Two-Wheeler Theft,BNS 303(2),12.889219,77.381445,P003521,P001770,P009655,PI Chetan Kumar,Under Investigation
FIR202504649,FIR/4649/2025,PS0037,Ballari,2025-12-26 20:51,2025-12-27 08:51,Murder,Personal Enmity,BNS 103(1),15.074284,77.047655,P002038,P006542,P004737,PI Suresh Kulkarni,Untraced
FIR202500126,FIR/0126/2025,PS0084,Bengaluru Rural,2025-12-26 00:29,2025-12-27 09:29,Theft,Snatching,BNS 303(2),13.184467,77.559953,P003770,P003575,P005546,SI Ravi Kumar,Chargesheeted
FIR202500939,FIR/0939/2025,PS0144,Bengaluru Urban,2025-12-26 00:08,2025-12-27 10:08,Murder,Dowry Homicide,BNS 103(1),12.809133,77.592439,P001323,P002089,P003238,SI Mahesh Bhat,Closed
FIR202502155,FIR/2155/2025,PS0064,Belagavi,2025-12-25 12:17,2025-12-27 13:17,NDPS,Possession of Narcotics,NDPS Act Sec 20(b),15.897398,74.318151,P002424,P004795,P003774,PI Lakshmi Devi,Chargesheeted
FIR202501992,FIR/1992/2025,PS0108,Bengaluru Rural,2025-12-26 11:15,2025-12-27 14:15,Dacoity,Bank Dacoity,BNS 310(2),13.192823,77.451418,P003955,P007172,P002878,PI Lakshmi Devi,Untraced
FIR202503662,FIR/3662/2025,PS0140,Bengaluru Urban,2025-12-26 06:40,2025-12-27 15:40,POCSO,Harassment,"POCSO Act Sec 4, BNS 64",13.056231,77.670966,P004091,P009651,P002087,SI Mahesh Bhat,Chargesheeted
FIR202500835,FIR/0835/2025,PS0041,Ballari,2025-12-27 09:43,2025-12-27 16:43,POCSO,Sexual Assault on Minor,"POCSO Act Sec 4, BNS 64",15.262707,76.907965,P003122,P009599,P008384,PI Suresh Kulkarni,Untraced
FIR202504756,FIR/4756/2025,PS0043,Ballari,2025-12-25 05:41,2025-12-27 17:41,Theft,House Theft,BNS 303(2),14.96553,76.988383,P000905,P007096,P000557,PI Harish Naik,Chargesheeted
FIR202502442,FIR/2442/2025,PS0191,Bidar,2025-12-26 13:11,2025-12-27 18:11,Murder,Gang Conflict,BNS 103(1),17.933575,77.369055,P007887,P004475,P008978,PI Naveen Patil,Chargesheeted
FIR202500902,FIR/0902/2025,PS0057,Belagavi,2025-12-25 09:15,2025-12-27 18:15,Burglary,Day Burglary,"BNS 331(3), BNS 331(4)",15.691486,74.420126,P002309,P001311,P001356,PI Chetan Kumar,Untraced
FIR202502010,FIR/2010/2025,PS0177,Bidar,2025-12-27 16:30,2025-12-27 19:30,Cyber Crime,Identity Theft,"IT Act 66D, BNS 318(4)",18.052534,77.337905,P003838,P007215,P003070,SI Divya Hegde,Untraced
FIR202502510,FIR/2510/2025,PS0183,Bidar,2025-12-26 20:40,2025-12-27 22:40,Murder,Personal Enmity,BNS 103(1),17.758326,77.394779,P007292,P009375,P007720,SI Ravi Kumar,Under Investigation
FIR202504561,FIR/4561/2025,PS0229,Chamarajanagar,2025-12-26 14:03,2025-12-28 00:03,Assault,Public Affray,"BNS 115(2), BNS 117(2)",12.035109,77.008146,P004397,P001402,P003740,PI Suresh Kulkarni,Under Investigation
FIR202504028,FIR/4028/2025,PS0245,Chikkaballapura,2025-12-28 02:37,2025-12-28 08:37,NDPS,Possession of Narcotics,NDPS Act Sec 20(b),13.341192,77.798281,P004562,P007503,P007867,SI Ravi Kumar,Under Investigation
FIR202502069,FIR/2069/2025,PS0009,Bagalkote,2025-12-28 03:01,2025-12-28 09:01,Robbery,Highway Robbery,BNS 309(4),16.06532,75.776357,P004708,P000362,P008516,PI Suresh Kulkarni,Closed
FIR202503946,FIR/3946/2025,PS0033,Ballari,2025-12-28 05:02,2025-12-28 10:02,Assault,Simple Assault,"BNS 115(2), BNS 117(2)",15.029753,76.825112,P007642,P009373,P005560,SI Divya Hegde,Under Investigation
FIR202502385,FIR/2385/2025,PS0169,Bidar,2025-12-27 12:04,2025-12-28 13:04,Dacoity,Bank Dacoity,BNS 310(2),18.002424,77.719999,P009034,P004020,P000763,PI Naveen Patil,Under Investigation
FIR202503036,FIR/3036/2025,PS0065,Belagavi,2025-12-26 01:26,2025-12-28 13:26,Theft,Pocket Pick,BNS 303(2),15.74435,74.431161,P005361,P003352,P001803,PI Suresh Kulkarni,Untraced
FIR202500417,FIR/0417/2025,PS0126,Bengaluru Urban,2025-12-28 12:52,2025-12-28 14:52,Cyber Crime,Financial Fraud,"IT Act 66D, BNS 318(4)",12.881005,77.566287,P005614,P008852,P006427,SI Prakash Sharma,Under Investigation
FIR202502791,FIR/2791/2025,PS0087,Bengaluru Rural,2025-12-24 04:50,2025-12-28 15:50,Dacoity,Bank Dacoity,BNS 310(2),13.151443,77.50436,P004399,P008796,P002439,PI Chetan Kumar,Untraced
FIR202504738,FIR/4738/2025,PS0211,Chamarajanagar,2025-12-26 09:29,2025-12-28 17:29,Dacoity,Bank Dacoity,BNS 310(2),11.818526,77.086625,P008357,P001685,P005892,PI Chetan Kumar,Untraced
FIR202502659,FIR/2659/2025,PS0247,Chikkaballapura,2025-12-27 07:38,2025-12-28 19:38,Assault,Simple Assault,"BNS 115(2), BNS 117(2)",13.486684,77.895643,P003414,P007174,P006512,PI Lakshmi Devi,Chargesheeted
FIR202500472,FIR/0472/2025,PS0051,Belagavi,2025-12-28 16:02,2025-12-28 20:02,Burglary,Day Burglary,"BNS 331(3), BNS 331(4)",15.999192,74.533867,P008272,P009082,P002631,PI Harish Naik,Under Investigation
FIR202503023,FIR/3023/2025,PS0149,Bengaluru Urban,2025-12-28 15:12,2025-12-28 20:12,Theft,Snatching,BNS 303(2),13.102946,77.477085,P007028,P004867,P005601,SI Ravi Kumar,Under Investigation
FIR202503233,FIR/3233/2025,PS0072,Bengaluru Rural,2025-12-27 18:56,2025-12-28 20:56,Cyber Crime,Phishing,"IT Act 66D, BNS 318(4)",13.316812,77.635581,P007573,P000860,P006998,PI Naveen Patil,Chargesheeted
FIR202502913,FIR/2913/2025,PS0231,Chamarajanagar,2025-12-27 22:03,2025-12-28 23:03,Assault,Grievous Hurt,"BNS 115(2), BNS 117(2)",11.984373,77.029834,P002274,P005213,P001525,PI Suresh Kulkarni,Under Investigation
FIR202500262,FIR/0262/2025,PS0120,Bengaluru Urban,2025-12-26 13:09,2025-12-28 23:09,Robbery,Highway Robbery,BNS 309(4),13.126477,77.412753,P006752,P003395,P009489,SI Ravi Kumar,Under Investigation
FIR202501421,FIR/1421/2025,PS0069,Belagavi,2025-12-28 19:00,2025-12-29 00:00,POCSO,Sexual Assault on Minor,"POCSO Act Sec 4, BNS 64",15.855899,74.332943,P002423,P002941,P004846,SI Divya Hegde,Under Investigation
FIR202500690,FIR/0690/2025,PS0222,Chamarajanagar,2025-12-28 20:40,2025-12-29 00:40,Fraud,Land Scam,BNS 318(4),11.922247,76.757631,P006619,P000118,P006513,SI Mahesh Bhat,Under Investigation
FIR202501415,FIR/1415/2025,PS0196,Chamarajanagar,2025-12-27 21:17,2025-12-29 02:17,Vehicle Theft,Two-Wheeler Theft,BNS 303(2),12.00848,76.938613,P009866,P003341,P008412,PI Lakshmi Devi,Chargesheeted
FIR202502599,FIR/2599/2025,PS0121,Bengaluru Urban,2025-12-26 21:48,2025-12-29 02:48,Fraud,Cheating,BNS 318(4),13.084377,77.517113,P001609,P009042,P003750,SI Ravi Kumar,Chargesheeted
FIR202500248,FIR/0248/2025,PS0161,Bidar,2025-12-29 00:51,2025-12-29 03:51,Fraud,Cheating,BNS 318(4),18.000921,77.490355,P004348,P006894,P006375,SI Prakash Sharma,Chargesheeted
FIR202501130,FIR/1130/2025,PS0143,Bengaluru Urban,2025-12-29 03:26,2025-12-29 04:26,Cyber Crime,Financial Fraud,"IT Act 66D, BNS 318(4)",12.784036,77.427853,P007279,P003769,P001140,SI Divya Hegde,Under Investigation
FIR202503835,FIR/3835/2025,PS0043,Ballari,2025-12-28 22:07,2025-12-29 05:07,Assault,Grievous Hurt,"BNS 115(2), BNS 117(2)",14.948645,76.983534,P000430,P007526,P001538,PI Suresh Kulkarni,Under Investigation
FIR202500700,FIR/0700/2025,PS0210,Chamarajanagar,2025-12-28 03:02,2025-12-29 06:02,Dacoity,Bank Dacoity,BNS 310(2),11.995964,76.785489,P007264,P009617,P007442,SI Ravi Kumar,Chargesheeted
FIR202504152,FIR/4152/2025,PS0248,Chikkaballapura,2025-12-29 03:44,2025-12-29 06:44,Burglary,Night House Breaking,"BNS 331(3), BNS 331(4)",13.244954,77.799012,P005353,P006320,P008730,PI Ramesh Gowda,Chargesheeted
FIR202502047,FIR/2047/2025,PS0241,Chikkaballapura,2025-12-29 06:20,2025-12-29 13:20,Dacoity,Armed Dacoity,BNS 310(2),13.256331,77.915395,P001766,P001593,P001703,PI Chetan Kumar,Chargesheeted
FIR202504192,FIR/4192/2025,PS0015,Bagalkote,2025-12-26 04:33,2025-12-29 13:33,Cyber Crime,Phishing,"IT Act 66D, BNS 318(4)",16.048575,75.670395,P007859,P003458,P009906,PI Naveen Patil,Chargesheeted
FIR202504502,FIR/4502/2025,PS0197,Chamarajanagar,2025-12-29 12:49,2025-12-29 14:49,Murder,Gang Conflict,BNS 103(1),11.84829,77.058937,P002284,P009803,P001582,PI Chetan Kumar,Chargesheeted
FIR202504066,FIR/4066/2025,PS0186,Bidar,2025-12-29 07:52,2025-12-29 14:52,Assault,Grievous Hurt,"BNS 115(2), BNS 117(2)",17.727475,77.48876,P009554,P009662,P008392,SI Ravi Kumar,Closed
FIR202501161,FIR/1161/2025,PS0126,Bengaluru Urban,2025-12-29 08:41,2025-12-29 15:41,Assault,Public Affray,"BNS 115(2), BNS 117(2)",12.851887,77.552284,P004589,P008353,"P009669, P007097",PI Suresh Kulkarni,Chargesheeted
FIR202504483,FIR/4483/2025,PS0226,Chamarajanagar,2025-12-28 12:03,2025-12-29 23:03,Murder,Dowry Homicide,BNS 103(1),11.775171,76.994762,P004668,P007252,P000037,PI Ramesh Gowda,Chargesheeted
FIR202501141,FIR/1141/2025,PS0056,Belagavi,2025-12-29 11:52,2025-12-29 23:52,Murder,Gang Conflict,BNS 103(1),15.763844,74.608577,P008284,P006703,P003603,PI Lakshmi Devi,Under Investigation
FIR202504452,FIR/4452/2025,PS0113,Bengaluru Urban,2025-12-28 22:48,2025-12-30 02:48,Assault,Simple Assault,"BNS 115(2), BNS 117(2)",13.155452,77.504168,P009804,P001339,P004697,SI Divya Hegde,Chargesheeted
FIR202500361,FIR/0361/2025,PS0035,Ballari,2025-12-29 22:31,2025-12-30 03:31,Assault,Grievous Hurt,"BNS 115(2), BNS 117(2)",15.247913,76.844437,P005470,P003377,P005311,PI Ramesh Gowda,Chargesheeted
FIR202502087,FIR/2087/2025,PS0181,Bidar,2025-12-28 18:29,2025-12-30 04:29,Fraud,Corporate Fraud,BNS 318(4),18.011573,77.396239,P009609,P002914,P005444,SI Ganesh Rao,Under Investigation
FIR202504236,FIR/4236/2025,PS0038,Ballari,2025-12-27 17:11,2025-12-30 05:11,Cyber Crime,Phishing,"IT Act 66D, BNS 318(4)",15.078065,77.076013,P000526,P005411,P009758,PI Chetan Kumar,Under Investigation
FIR202503229,FIR/3229/2025,PS0091,Bengaluru Rural,2025-12-29 01:46,2025-12-30 07:46,Murder,Gang Conflict,BNS 103(1),13.045517,77.628962,P000071,P007799,P005739,SI Prakash Sharma,Chargesheeted
FIR202504776,FIR/4776/2025,PS0186,Bidar,2025-12-29 21:59,2025-12-30 09:59,Theft,Pocket Pick,BNS 303(2),17.727292,77.501285,P009103,P007084,P000571,SI Divya Hegde,Closed
FIR202504167,FIR/4167/2025,PS0143,Bengaluru Urban,2025-12-30 04:39,2025-12-30 11:39,Fraud,Cheating,BNS 318(4),12.792433,77.404349,P002206,P008763,P000436,SI Divya Hegde,Under Investigation
FIR202504713,FIR/4713/2025,PS0027,Ballari,2025-12-29 01:19,2025-12-30 12:19,Cyber Crime,Phishing,"IT Act 66D, BNS 318(4)",15.036436,77.093235,P007716,P008726,P003129,PI Naveen Patil,Under Investigation
FIR202500667,FIR/0667/2025,PS0214,Chamarajanagar,2025-12-29 21:02,2025-12-30 23:02,Cyber Crime,Financial Fraud,"IT Act 66D, BNS 318(4)",11.944241,76.847128,P001408,P005840,P001661,PI Ramesh Gowda,Chargesheeted
FIR202504977,FIR/4977/2025,PS0012,Bagalkote,2025-12-30 18:51,2025-12-31 01:51,Murder,Dowry Homicide,BNS 103(1),16.265188,75.816264,P005998,P004765,P001180,PI Ramesh Gowda,Chargesheeted
FIR202503733,FIR/3733/2025,PS0008,Bagalkote,2025-12-28 00:09,2025-12-31 02:09,Robbery,Chain Snatching with Force,BNS 309(4),16.256636,75.504819,P001715,P003219,P009444,PI Suresh Kulkarni,Under Investigation
FIR202502834,FIR/2834/2025,PS0216,Chamarajanagar,2025-12-29 17:07,2025-12-31 05:07,Murder,Gang Conflict,BNS 103(1),11.735211,76.954504,P000396,P006077,P005781,SI Divya Hegde,Untraced
FIR202502445,FIR/2445/2025,PS0203,Chamarajanagar,2025-12-27 20:02,2025-12-31 07:02,Theft,Snatching,BNS 303(2),11.902294,76.845354,P006774,P006736,P007751,PI Chetan Kumar,Chargesheeted
FIR202501764,FIR/1764/2025,PS0117,Bengaluru Urban,2025-12-28 19:49,2025-12-31 07:49,Fraud,Corporate Fraud,BNS 318(4),13.112291,77.769244,P009821,P000615,P000771,SI Prakash Sharma,Under Investigation
FIR202501778,FIR/1778/2025,PS0186,Bidar,2025-12-28 01:45,2025-12-31 08:45,Theft,Snatching,BNS 303(2),17.74826,77.489587,P001136,P003737,P001154,PI Naveen Patil,Under Investigation
FIR202503356,FIR/3356/2025,PS0046,Belagavi,2025-12-29 03:10,2025-12-31 11:10,NDPS,Possession of Narcotics,NDPS Act Sec 20(b),15.755716,74.506398,P004738,P006908,"P007779, P003651",PI Naveen Patil,Chargesheeted
FIR202504781,FIR/4781/2025,PS0189,Bidar,2025-12-28 01:40,2025-12-31 12:40,Murder,Personal Enmity,BNS 103(1),17.905732,77.39799,P001639,P008677,P001494,PI Suresh Kulkarni,Chargesheeted
FIR202502254,FIR/2254/2025,PS0055,Belagavi,2025-12-29 06:26,2025-12-31 13:26,Murder,Gang Conflict,BNS 103(1),15.813139,74.36611,P000424,P006674,P009612,PI Suresh Kulkarni,Chargesheeted
FIR202500380,FIR/0380/2025,PS0197,Chamarajanagar,2025-12-29 06:36,2025-12-31 14:36,Dacoity,Bank Dacoity,BNS 310(2),11.870224,77.062493,P003044,P009963,P007435,SI Divya Hegde,Chargesheeted
FIR202500646,FIR/0646/2025,PS0172,Bidar,2025-12-31 08:07,2025-12-31 16:07,POCSO,Sexual Assault on Minor,"POCSO Act Sec 4, BNS 64",17.943256,77.495951,P007538,P009014,P004911,PI Harish Naik,Under Investigation
FIR202501584,FIR/1584/2025,PS0103,Bengaluru Rural,2025-12-30 14:24,2025-12-31 17:24,Burglary,Day Burglary,"BNS 331(3), BNS 331(4)",13.319121,77.461975,P006358,P000493,P002018,SI Ganesh Rao,Chargesheeted
FIR202503757,FIR/3757/2025,PS0079,Bengaluru Rural,2025-12-31 08:22,2025-12-31 19:22,Fraud,Cheating,BNS 318(4),13.11338,77.466124,P001990,P001991,P003322,SI Mahesh Bhat,Chargesheeted
FIR202503403,FIR/3403/2025,PS0205,Chamarajanagar,2025-12-31 15:04,2025-12-31 20:04,Fraud,Land Scam,BNS 318(4),11.963544,76.791789,P005792,P001584,P005548,PI Lakshmi Devi,Under Investigation
FIR202503708,FIR/3708/2025,PS0017,Bagalkote,2025-12-31 15:24,2025-12-31 20:24,Dacoity,Armed Dacoity,BNS 310(2),16.274672,75.546105,P005178,P005842,P001793,PI Naveen Patil,Chargesheeted
FIR202503085,FIR/3085/2025,PS0028,Ballari,2025-12-30 17:19,2026-01-01 01:19,NDPS,Possession of Narcotics,NDPS Act Sec 20(b),15.036702,76.842023,P002540,P009448,P009212,SI Mahesh Bhat,Chargesheeted
FIR202500628,FIR/0628/2025,PS0100,Bengaluru Rural,2025-12-28 00:48,2026-01-01 04:48,Cyber Crime,Financial Fraud,"IT Act 66D, BNS 318(4)",13.154249,77.538283,P000459,P007490,P007318,SI Divya Hegde,Chargesheeted
FIR202502453,FIR/2453/2025,PS0033,Ballari,2025-12-31 23:57,2026-01-01 04:57,Dacoity,Bank Dacoity,BNS 310(2),15.032211,76.833538,P001533,P002126,P001532,PI Harish Naik,Under Investigation
FIR202503747,FIR/3747/2025,PS0215,Chamarajanagar,2025-12-31 19:48,2026-01-01 06:48,Burglary,Night House Breaking,"BNS 331(3), BNS 331(4)",11.861318,76.964927,P004223,P002358,"P009346, P004773",PI Suresh Kulkarni,Untraced
FIR202501527,FIR/1527/2025,PS0034,Ballari,2025-12-31 22:36,2026-01-01 08:36,Murder,Dowry Homicide,BNS 103(1),15.019789,77.110202,P004417,P004775,P003771,PI Suresh Kulkarni,Chargesheeted
FIR202504973,FIR/4973/2025,PS0015,Bagalkote,2025-12-31 22:56,2026-01-01 09:56,Assault,Grievous Hurt,"BNS 115(2), BNS 117(2)",16.068082,75.698341,P001562,P003727,P000137,PI Harish Naik,Untraced
FIR202501424,FIR/1424/2025,PS0152,Bengaluru Urban,2025-12-31 05:00,2026-01-01 11:00,Burglary,Night House Breaking,"BNS 331(3), BNS 331(4)",13.010298,77.395084,P000251,P001208,P008465,PI Harish Naik,Chargesheeted
FIR202504171,FIR/4171/2025,PS0129,Bengaluru Urban,2025-12-31 04:50,2026-01-01 14:50,NDPS,Drug Trafficking,NDPS Act Sec 20(b),12.818485,77.753004,P003247,P009665,P000172,PI Naveen Patil,Chargesheeted
FIR202502699,FIR/2699/2025,PS0055,Belagavi,2025-12-31 11:06,2026-01-01 17:06,Burglary,Night House Breaking,"BNS 331(3), BNS 331(4)",15.839504,74.375025,P006596,P007103,P008814,SI Prakash Sharma,Under Investigation
FIR202503392,FIR/3392/2025,PS0079,Bengaluru Rural,2025-12-31 17:29,2026-01-01 18:29,POCSO,Harassment,"POCSO Act Sec 4, BNS 64",13.097745,77.479822,P000544,P007875,P008794,PI Ramesh Gowda,Chargesheeted
FIR202504220,FIR/4220/2025,PS0238,Chikkaballapura,2025-12-31 14:52,2026-01-02 02:52,Assault,Public Affray,"BNS 115(2), BNS 117(2)",13.316925,77.924465,P007619,P005471,P004533,PI Lakshmi Devi,Chargesheeted
FIR202500015,FIR/0015/2025,PS0133,Bengaluru Urban,2025-12-31 19:14,2026-01-02 04:14,Cyber Crime,Phishing,"IT Act 66D, BNS 318(4)",13.032074,77.534944,P008428,P000945,P004975,PI Ramesh Gowda,Under Investigation
FIR202504009,FIR/4009/2025,PS0064,Belagavi,2025-12-31 02:48,2026-01-02 04:48,Robbery,Highway Robbery,BNS 309(4),15.921016,74.332438,P006993,P005103,P005683,PI Lakshmi Devi,Chargesheeted
FIR202501100,FIR/1100/2025,PS0154,Bidar,2025-12-30 17:57,2026-01-02 05:57,POCSO,Harassment,"POCSO Act Sec 4, BNS 64",17.906921,77.388675,P003413,P009961,P001423,PI Harish Naik,Under Investigation
FIR202501772,FIR/1772/2025,PS0091,Bengaluru Rural,2025-12-31 23:51,2026-01-02 07:51,Dacoity,Armed Dacoity,BNS 310(2),13.067346,77.630373,P001831,P000023,P000528,SI Ganesh Rao,Chargesheeted
FIR202501303,FIR/1303/2025,PS0229,Chamarajanagar,2025-12-30 05:05,2026-01-02 09:05,Burglary,Night House Breaking,"BNS 331(3), BNS 331(4)",12.026716,77.006777,P007837,P004557,P007653,PI Naveen Patil,Untraced
FIR202500696,FIR/0696/2025,PS0113,Bengaluru Urban,2025-12-31 03:50,2026-01-02 09:50,Vehicle Theft,Two-Wheeler Theft,BNS 303(2),13.158242,77.507626,P005946,P003961,"P001642, P005588",PI Naveen Patil,Untraced
FIR202503589,FIR/3589/2025,PS0076,Bengaluru Rural,2025-12-28 14:22,2026-01-02 17:22,POCSO,Harassment,"POCSO Act Sec 4, BNS 64",13.329501,77.77894,P007016,P005231,P005118,PI Lakshmi Devi,Chargesheeted
FIR202503549,FIR/3549/2025,PS0094,Bengaluru Rural,2025-12-28 14:11,2026-01-02 20:11,Assault,Grievous Hurt,"BNS 115(2), BNS 117(2)",13.060451,77.667916,P008922,P009211,P007073,PI Suresh Kulkarni,Under Investigation
FIR202501249,FIR/1249/2025,PS0154,Bidar,2025-12-31 17:33,2026-01-03 04:33,Assault,Grievous Hurt,"BNS 115(2), BNS 117(2)",17.906065,77.42389,P000225,P000316,P002865,PI Ramesh Gowda,Chargesheeted
FIR202504848,FIR/4848/2025,PS0178,Bidar,2025-12-30 18:22,2026-01-03 06:22,NDPS,Possession of Narcotics,NDPS Act Sec 20(b),17.894998,77.479178,P003188,P004189,P001350,SI Divya Hegde,Chargesheeted
FIR202500971,FIR/0971/2025,PS0232,Chamarajanagar,2025-12-31 00:20,2026-01-03 08:20,Theft,Pocket Pick,BNS 303(2),11.764292,76.879218,P006730,P003038,P003389,PI Chetan Kumar,Closed
FIR202502206,FIR/2206/2025,PS0090,Bengaluru Rural,2025-12-29 13:28,2026-01-03 18:28,POCSO,Sexual Assault on Minor,"POCSO Act Sec 4, BNS 64",13.415978,77.486274,P000808,P000308,P004552,SI Ganesh Rao,Under Investigation
