FIR_ID,FIR_Number,Station_ID,District,Incident_Date,FIR_Date,Crime_Head,Crime_Subhead,BNS_Sections,Latitude,Longitude,Complainant_ID,Victim_ID,Accused_ID,Investigating_Officer,Status
FIR202500001,FIR/0001/2025,PS0097,Bengaluru Rural,2025-01-01 02:41,2025-01-01 09:41,NDPS,Drug Trafficking,NDPS Act Sec 20(b),13.10665,77.465923,P005073,P005086,P002638,SI Prakash Sharma,Under Investigation
FIR202500002,FIR/0002/2025,PS0168,Bidar,2025-01-01 03:35,2025-01-01 10:35,Murder,Dowry Homicide,BNS 103(1),17.696767,77.682495,P002052,P004740,P005371,PI Ramesh Gowda,Untraced
FIR202500007,FIR/0007/2025,PS0144,Bengaluru Urban,2025-01-01 13:58,2025-01-01 18:58,Cyber Crime,Identity Theft,"IT Act 66D, BNS 318(4)",12.808727,77.569494,P002344,P004653,P009458,SI Ganesh Rao,Chargesheeted
FIR202500005,FIR/0005/2025,PS0073,Bengaluru Rural,2025-01-01 10:37,2025-01-01 21:37,Assault,Public Affray,"BNS 115(2), BNS 117(2)",13.352637,77.611765,P008782,P001553,P000865,SI Mahesh Bhat,Chargesheeted
FIR202500010,FIR/0010/2025,PS0078,Bengaluru Rural,2025-01-01 22:34,2025-01-02 01:34,Burglary,Day Burglary,"BNS 331(3), BNS 331(4)",13.119692,77.549702,P008809,P001461,P005717,PI Chetan Kumar,Chargesheeted
FIR202500008,FIR/0008/2025,PS0122,Bengaluru Urban,2025-01-01 21:42,2025-01-02 02:42,Vehicle Theft,Two-Wheeler Theft,BNS 303(2),13.104111,77.548958,P007559,P009801,P000998,PI Ramesh Gowda,Under Investigation
FIR202500012,FIR/0012/2025,PS0110,Bengaluru Urban,2025-01-02 07:01,2025-01-02 17:01,Theft,Pocket Pick,BNS 303(2),13.152288,77.621953,P000995,P007487,P000879,SI Mahesh Bhat,Chargesheeted
FIR202500013,FIR/0013/2025,PS0083,Bengaluru Rural,2025-01-02 12:07,2025-01-02 17:07,POCSO,Harassment,"POCSO Act Sec 4, BNS 64",13.242225,77.575192,P007244,P000218,P001332,SI Ravi Kumar,Under Investigation
FIR202500015,FIR/0015/2025,PS0098,Bengaluru Rural,2025-01-03 00:08,2025-01-03 08:08,Murder,Dowry Homicide,BNS 103(1),13.288948,77.732619,P006799,P001988,P006323,SI Ganesh Rao,Chargesheeted
FIR202500014,FIR/0014/2025,PS0095,Bengaluru Rural,2025-01-02 23:58,2025-01-03 08:58,NDPS,Possession of Narcotics,NDPS Act Sec 20(b),13.080279,77.397353,P009397,P009247,P005955,PI Naveen Patil,Chargesheeted
FIR202500018,FIR/0018/2025,PS0081,Bengaluru Rural,2025-01-03 12:41,2025-01-03 17:41,Assault,Public Affray,"BNS 115(2), BNS 117(2)",13.206816,77.590516,P005409,P007739,P008216,PI Lakshmi Devi,Under Investigation
FIR202500022,FIR/0022/2025,PS0013,Bagalkote,2025-01-03 17:10,2025-01-03 19:10,Cyber Crime,Financial Fraud,"IT Act 66D, BNS 318(4)",16.144976,75.663305,P005612,P000031,P000153,SI Ganesh Rao,Untraced
FIR202500017,FIR/0017/2025,PS0142,Bengaluru Urban,2025-01-03 10:48,2025-01-03 20:48,Fraud,Cheating,BNS 318(4),13.108698,77.739084,P001581,P004379,P007049,SI Ravi Kumar,Under Investigation
FIR202500021,FIR/0021/2025,PS0108,Bengaluru Rural,2025-01-03 16:17,2025-01-03 23:17,Burglary,Day Burglary,"BNS 331(3), BNS 331(4)",13.207486,77.454458,P007080,P009028,P000043,PI Harish Naik,Chargesheeted
FIR202500016,FIR/0016/2025,PS0081,Bengaluru Rural,2025-01-03 01:52,2025-01-04 02:52,Fraud,Corporate Fraud,BNS 318(4),13.181439,77.591195,P004128,P009606,P005961,PI Naveen Patil,Under Investigation
FIR202500025,FIR/0025/2025,PS0151,Bengaluru Urban,2025-01-04 02:22,2025-01-04 03:22,Murder,Personal Enmity,BNS 103(1),12.879472,77.463214,P006312,P002062,P001090,PI Harish Naik,Chargesheeted
FIR202500009,FIR/0009/2025,PS0062,Belagavi,2025-01-01 21:50,2025-01-04 03:50,Fraud,Cheating,BNS 318(4),15.75516,74.476633,P009607,P009436,P009085,PI Ramesh Gowda,Chargesheeted
FIR202500003,FIR/0003/2025,PS0038,Ballari,2025-01-01 07:04,2025-01-04 09:04,Cyber Crime,Financial Fraud,"IT Act 66D, BNS 318(4)",15.086909,77.082696,P008174,P002462,P005909,PI Lakshmi Devi,Chargesheeted
FIR202500024,FIR/0024/2025,PS0079,Bengaluru Rural,2025-01-04 01:10,2025-01-04 11:10,Fraud,Land Scam,BNS 318(4),13.093285,77.470095,P007065,P000236,P006914,PI Naveen Patil,Chargesheeted
FIR202500026,FIR/0026/2025,PS0100,Bengaluru Rural,2025-01-04 08:54,2025-01-04 13:54,Vehicle Theft,Car Theft,BNS 303(2),13.127691,77.531881,P004998,P002114,P006216,PI Lakshmi Devi,Chargesheeted
FIR202500020,FIR/0020/2025,PS0230,Chamarajanagar,2025-01-03 14:17,2025-01-05 01:17,Assault,Simple Assault,"BNS 115(2), BNS 117(2)",11.75093,77.061915,P006974,P007193,"P009650, P008803",SI Ganesh Rao,Under Investigation
FIR202500029,FIR/0029/2025,PS0048,Belagavi,2025-01-05 03:02,2025-01-05 10:02,Vehicle Theft,Car Theft,BNS 303(2),15.732095,74.48315,P004688,P009708,P007029,SI Divya Hegde,Untraced
FIR202500023,FIR/0023/2025,PS0248,Chikkaballapura,2025-01-04 00:39,2025-01-05 11:39,Assault,Simple Assault,"BNS 115(2), BNS 117(2)",13.244028,77.799263,P005417,P007081,P006557,SI Prakash Sharma,Chargesheeted
FIR202500004,FIR/0004/2025,PS0134,Bengaluru Urban,2025-01-01 07:22,2025-01-05 12:22,Cyber Crime,Financial Fraud,"IT Act 66D, BNS 318(4)",12.819523,77.66033,P003638,P000246,P002009,SI Divya Hegde,Under Investigation
FIR202500019,FIR/0019/2025,PS0023,Bagalkote,2025-01-03 12:51,2025-01-05 16:51,Fraud,Corporate Fraud,BNS 318(4),16.105672,75.812293,P003020,P004616,P007147,PI Naveen Patil,Chargesheeted
FIR202500035,FIR/0035/2025,PS0200,Chamarajanagar,2025-01-05 14:25,2025-01-05 17:25,Vehicle Theft,Two-Wheeler Theft,BNS 303(2),11.810341,77.024566,P007414,P009824,P004030,SI Divya Hegde,Chargesheeted
FIR202500034,FIR/0034/2025,PS0163,Bidar,2025-01-05 13:29,2025-01-05 19:29,Burglary,Day Burglary,"BNS 331(3), BNS 331(4)",17.952129,77.58509,P008215,P001228,P007013,SI Ganesh Rao,Chargesheeted
FIR202500033,FIR/0033/2025,PS0079,Bengaluru Rural,2025-01-05 11:07,2025-01-05 20:07,Burglary,Day Burglary,"BNS 331(3), BNS 331(4)",13.103257,77.466595,P001651,P000628,"P001128, P004234",SI Mahesh Bhat,Chargesheeted
FIR202500032,FIR/0032/2025,PS0073,Bengaluru Rural,2025-01-05 10:51,2025-01-05 20:51,Vehicle Theft,Car Theft,BNS 303(2),13.331659,77.615616,P004044,P001175,P005306,PI Naveen Patil,Chargesheeted
FIR202500027,FIR/0027/2025,PS0132,Bengaluru Urban,2025-01-04 11:38,2025-01-05 22:38,Cyber Crime,Financial Fraud,"IT Act 66D, BNS 318(4)",13.008041,77.665114,P005769,P001616,P006878,PI Suresh Kulkarni,Chargesheeted
FIR202500037,FIR/0037/2025,PS0141,Bengaluru Urban,2025-01-05 17:04,2025-01-06 01:04,Burglary,Day Burglary,"BNS 331(3), BNS 331(4)",12.875231,77.407359,P005365,P007160,P008017,PI Suresh Kulkarni,Chargesheeted
FIR202500043,FIR/0043/2025,PS0058,Belagavi,2025-01-06 07:10,2025-01-06 11:10,Theft,House Theft,BNS 303(2),15.702584,74.379475,P006673,P008827,P007613,SI Divya Hegde,Under Investigation
FIR202500031,FIR/0031/2025,PS0054,Belagavi,2025-01-05 10:26,2025-01-06 14:26,Burglary,Night House Breaking,"BNS 331(3), BNS 331(4)",15.92769,74.695251,P003261,P002366,P002717,SI Ganesh Rao,Under Investigation
FIR202500030,FIR/0030/2025,PS0085,Bengaluru Rural,2025-01-05 10:22,2025-01-06 17:22,Assault,Grievous Hurt,"BNS 115(2), BNS 117(2)",13.120464,77.416567,P001726,P007614,P004533,SI Prakash Sharma,Chargesheeted
FIR202500044,FIR/0044/2025,PS0042,Ballari,2025-01-06 11:05,2025-01-06 18:05,Fraud,Land Scam,BNS 318(4),15.056717,77.010675,P009784,P005084,P008356,PI Harish Naik,Under Investigation
FIR202500045,FIR/0045/2025,PS0111,Bengaluru Urban,2025-01-06 14:22,2025-01-06 22:22,NDPS,Possession of Narcotics,NDPS Act Sec 20(b),12.775146,77.572635,P002819,P000692,P006436,SI Prakash Sharma,Chargesheeted
FIR202500006,FIR/0006/2025,PS0194,Chamarajanagar,2025-01-01 13:52,2025-01-06 22:52,Cyber Crime,Identity Theft,"IT Act 66D, BNS 318(4)",11.800376,76.882661,P008723,P001560,P005648,PI Harish Naik,Under Investigation
FIR202500041,FIR/0041/2025,PS0248,Chikkaballapura,2025-01-06 00:53,2025-01-07 01:53,Burglary,Night House Breaking,"BNS 331(3), BNS 331(4)",13.267903,77.795754,P000522,P001924,P004392,SI Ganesh Rao,Chargesheeted
FIR202500038,FIR/0038/2025,PS0236,Chikkaballapura,2025-01-05 17:50,2025-01-07 02:50,Cyber Crime,Financial Fraud,"IT Act 66D, BNS 318(4)",13.618495,77.908482,P007353,P004450,P009721,SI Ganesh Rao,Closed
FIR202500028,FIR/0028/2025,PS0119,Bengaluru Urban,2025-01-04 16:20,2025-01-07 03:20,Fraud,Cheating,BNS 318(4),12.830874,77.789925,P002850,P006958,P000042,PI Chetan Kumar,Under Investigation
FIR202500040,FIR/0040/2025,PS0131,Bengaluru Urban,2025-01-05 21:01,2025-01-07 07:01,Vehicle Theft,Car Theft,BNS 303(2),13.008589,77.609736,P000566,P001262,P004235,PI Ramesh Gowda,Chargesheeted
FIR202500042,FIR/0042/2025,PS0018,Bagalkote,2025-01-06 06:09,2025-01-07 10:09,Fraud,Cheating,BNS 318(4),16.189676,75.778656,P002743,P008355,P007457,PI Naveen Patil,Under Investigation
FIR202500011,FIR/0011/2025,PS0141,Bengaluru Urban,2025-01-02 03:00,2025-01-07 11:00,Vehicle Theft,Car Theft,BNS 303(2),12.876568,77.406465,P008098,P007839,P000686,SI Prakash Sharma,Chargesheeted
FIR202500046,FIR/0046/2025,PS0235,Chikkaballapura,2025-01-06 23:47,2025-01-07 11:47,Burglary,Day Burglary,"BNS 331(3), BNS 331(4)",13.304275,77.538499,P000530,P007834,P004287,SI Divya Hegde,Chargesheeted
FIR202500049,FIR/0049/2025,PS0103,Bengaluru Rural,2025-01-07 05:14,2025-01-07 14:14,Vehicle Theft,Car Theft,BNS 303(2),13.346738,77.426033,P001733,P005626,P003241,SI Prakash Sharma,Under Investigation
FIR202500052,FIR/0052/2025,PS0150,Bengaluru Urban,2025-01-07 10:59,2025-01-07 14:59,Cyber Crime,Financial Fraud,"IT Act 66D, BNS 318(4)",13.099895,77.726755,P004908,P007090,P003724,PI Suresh Kulkarni,Chargesheeted
FIR202500048,FIR/0048/2025,PS0140,Bengaluru Urban,2025-01-07 05:05,2025-01-07 15:05,Burglary,Day Burglary,"BNS 331(3), BNS 331(4)",13.052827,77.654249,P008200,P003112,P009829,SI Mahesh Bhat,Chargesheeted
FIR202500050,FIR/0050/2025,PS0141,Bengaluru Urban,2025-01-07 07:36,2025-01-07 17:36,Murder,Personal Enmity,BNS 103(1),12.870643,77.40594,P009087,P001661,P009764,SI Divya Hegde,Chargesheeted
FIR202500036,FIR/0036/2025,PS0072,Bengaluru Rural,2025-01-05 15:17,2025-01-08 01:17,Burglary,Day Burglary,"BNS 331(3), BNS 331(4)",13.283757,77.642825,P003798,P000405,P003016,SI Mahesh Bhat,Closed
FIR202500057,FIR/0057/2025,PS0072,Bengaluru Rural,2025-01-08 05:14,2025-01-08 08:14,Vehicle Theft,Two-Wheeler Theft,BNS 303(2),13.28485,77.638358,P004870,P002718,P006140,PI Suresh Kulkarni,Closed
FIR202500059,FIR/0059/2025,PS0062,Belagavi,2025-01-08 08:34,2025-01-08 11:34,Vehicle Theft,Two-Wheeler Theft,BNS 303(2),15.76142,74.489606,P009510,P007136,P000084,SI Ravi Kumar,Chargesheeted
FIR202500051,FIR/0051/2025,PS0161,Bidar,2025-01-07 09:09,2025-01-08 16:09,Murder,Gang Conflict,BNS 103(1),17.987112,77.528964,P003101,P003179,P000418,PI Suresh Kulkarni,Under Investigation
FIR202500060,FIR/0060/2025,PS0131,Bengaluru Urban,2025-01-08 11:34,2025-01-08 16:34,Fraud,Corporate Fraud,BNS 318(4),12.982229,77.614975,P004061,P006384,P007422,SI Divya Hegde,Under Investigation
FIR202500054,FIR/0054/2025,PS0111,Bengaluru Urban,2025-01-07 15:11,2025-01-09 00:11,Vehicle Theft,Two-Wheeler Theft,BNS 303(2),12.764514,77.571661,P002424,P004795,P008718,PI Lakshmi Devi,Chargesheeted
FIR202500055,FIR/0055/2025,PS0091,Bengaluru Rural,2025-01-07 23:38,2025-01-09 02:38,Burglary,Night House Breaking,"BNS 331(3), BNS 331(4)",13.063875,77.619903,P006503,P007766,P007823,PI Naveen Patil,Closed
FIR202500063,FIR/0063/2025,PS0076,Bengaluru Rural,2025-01-08 20:47,2025-01-09 03:47,POCSO,Harassment,"POCSO Act Sec 4, BNS 64",13.311098,77.764128,P008305,P001882,P009355,PI Ramesh Gowda,Chargesheeted
FIR202500066,FIR/0066/2025,PS0088,Bengaluru Rural,2025-01-09 02:06,2025-01-09 10:06,Fraud,Corporate Fraud,BNS 318(4),13.039444,77.40762,P000766,P001244,P002576,PI Naveen Patil,Under Investigation
FIR202500053,FIR/0053/2025,PS0012,Bagalkote,2025-01-07 14:24,2025-01-09 15:24,Burglary,Night House Breaking,"BNS 331(3), BNS 331(4)",16.290815,75.826891,P000361,P009910,P008586,SI Divya Hegde,Under Investigation
FIR202500058,FIR/0058/2025,PS0066,Belagavi,2025-01-08 07:33,2025-01-09 16:33,Theft,Snatching,BNS 303(2),15.932584,74.650282,P008629,P009495,P000416,SI Ganesh Rao,Chargesheeted
FIR202500061,FIR/0061/2025,PS0038,Ballari,2025-01-08 14:04,2025-01-09 17:04,Theft,Snatching,BNS 303(2),15.051098,77.07557,P002607,P008545,P001446,SI Ravi Kumar,Untraced
FIR202500062,FIR/0062/2025,PS0098,Bengaluru Rural,2025-01-08 15:53,2025-01-09 23:53,Theft,Pocket Pick,BNS 303(2),13.282682,77.730178,P001295,P007490,P007281,PI Lakshmi Devi,Under Investigation
FIR202500039,FIR/0039/2025,PS0082,Bengaluru Rural,2025-01-05 17:54,2025-01-09 23:54,Theft,Snatching,BNS 303(2),13.324844,77.429251,P005009,P001952,P006551,PI Harish Naik,Closed
FIR202500065,FIR/0065/2025,PS0151,Bengaluru Urban,2025-01-08 22:55,2025-01-09 23:55,NDPS,Drug Trafficking,NDPS Act Sec 20(b),12.853897,77.476175,P004380,P009021,P008479,PI Lakshmi Devi,Chargesheeted
FIR202500070,FIR/0070/2025,PS0206,Chamarajanagar,2025-01-09 14:38,2025-01-10 00:38,Burglary,Night House Breaking,"BNS 331(3), BNS 331(4)",11.820221,77.101132,P002211,P000431,P003339,SI Prakash Sharma,Closed
FIR202500073,FIR/0073/2025,PS0108,Bengaluru Rural,2025-01-09 23:57,2025-01-10 07:57,POCSO,Sexual Assault on Minor,"POCSO Act Sec 4, BNS 64",13.197947,77.444846,P007663,P001128,P001582,PI Harish Naik,Chargesheeted
FIR202500076,FIR/0076/2025,PS0071,Bengaluru Rural,2025-01-10 09:21,2025-01-10 10:21,Vehicle Theft,Two-Wheeler Theft,BNS 303(2),13.027424,77.479876,P009695,P003045,P005472,PI Suresh Kulkarni,Untraced
FIR202500056,FIR/0056/2025,PS0014,Bagalkote,2025-01-08 02:38,2025-01-10 13:38,Burglary,Night House Breaking,"BNS 331(3), BNS 331(4)",16.322635,75.843836,P000958,P008222,P005116,PI Harish Naik,Closed
FIR202500074,FIR/0074/2025,PS0232,Chamarajanagar,2025-01-10 05:16,2025-01-10 15:16,Fraud,Land Scam,BNS 318(4),11.800261,76.871504,P004552,P006174,"P005224, P000638",SI Mahesh Bhat,Under Investigation
FIR202500071,FIR/0071/2025,PS0099,Bengaluru Rural,2025-01-09 15:40,2025-01-10 18:40,Dacoity,Armed Dacoity,BNS 310(2),13.278416,77.7035,P003914,P004252,P002383,PI Naveen Patil,Chargesheeted
FIR202500069,FIR/0069/2025,PS0086,Bengaluru Rural,2025-01-09 12:01,2025-01-10 19:01,Fraud,Cheating,BNS 318(4),13.328429,77.487325,P006833,P004113,P006090,PI Ramesh Gowda,Under Investigation
FIR202500079,FIR/0079/2025,PS0020,Bagalkote,2025-01-10 16:30,2025-01-10 20:30,Vehicle Theft,Two-Wheeler Theft,BNS 303(2),16.262079,75.593343,P006459,P004205,P009146,SI Ganesh Rao,Under Investigation
FIR202500083,FIR/0083/2025,PS0140,Bengaluru Urban,2025-01-10 20:42,2025-01-10 21:42,Fraud,Corporate Fraud,BNS 318(4),13.048444,77.661363,P004864,P005039,P007160,PI Suresh Kulkarni,Chargesheeted
FIR202500064,FIR/0064/2025,PS0232,Chamarajanagar,2025-01-08 22:08,2025-01-11 00:08,Theft,Pocket Pick,BNS 303(2),11.763103,76.882964,P004356,P000536,P005332,PI Naveen Patil,Chargesheeted
FIR202500082,FIR/0082/2025,PS0059,Belagavi,2025-01-10 18:37,2025-01-11 01:37,Theft,Pocket Pick,BNS 303(2),15.820594,74.528891,P008575,P008359,P002389,SI Mahesh Bhat,Under Investigation
FIR202500084,FIR/0084/2025,PS0092,Bengaluru Rural,2025-01-11 00:13,2025-01-11 04:13,Burglary,Night House Breaking,"BNS 331(3), BNS 331(4)",13.063925,77.464445,P000084,P007841,P009490,PI Suresh Kulkarni,Chargesheeted
FIR202500085,FIR/0085/2025,PS0041,Ballari,2025-01-11 03:16,2025-01-11 07:16,Assault,Simple Assault,"BNS 115(2), BNS 117(2)",15.267718,76.896861,P006812,P008696,P000779,PI Harish Naik,Under Investigation
FIR202500072,FIR/0072/2025,PS0130,Bengaluru Urban,2025-01-09 22:50,2025-01-11 07:50,Dacoity,Bank Dacoity,BNS 310(2),13.119328,77.466056,P005365,P004348,P004664,SI Divya Hegde,Chargesheeted
FIR202500047,FIR/0047/2025,PS0131,Bengaluru Urban,2025-01-07 04:51,2025-01-11 10:51,Fraud,Corporate Fraud,BNS 318(4),13.016787,77.607923,P007799,P006214,P003782,PI Harish Naik,Under Investigation
FIR202500090,FIR/0090/2025,PS0148,Bengaluru Urban,2025-01-11 13:25,2025-01-11 17:25,Murder,Dowry Homicide,BNS 103(1),12.863074,77.653371,P007039,P009836,P008038,SI Ravi Kumar,Under Investigation
FIR202500088,FIR/0088/2025,PS0111,Bengaluru Urban,2025-01-11 10:49,2025-01-11 17:49,Cyber Crime,Phishing,"IT Act 66D, BNS 318(4)",12.771724,77.544236,P005497,P003685,P006892,PI Harish Naik,Chargesheeted
FIR202500092,FIR/0092/2025,PS0189,Bidar,2025-01-11 17:10,2025-01-11 21:10,Assault,Grievous Hurt,"BNS 115(2), BNS 117(2)",17.895769,77.388684,P000083,P007966,P006459,SI Ganesh Rao,Under Investigation
FIR202500091,FIR/0091/2025,PS0232,Chamarajanagar,2025-01-11 14:24,2025-01-11 22:24,Cyber Crime,Identity Theft,"IT Act 66D, BNS 318(4)",11.796461,76.871453,P001516,P007679,P005512,SI Divya Hegde,Under Investigation
FIR202500089,FIR/0089/2025,PS0006,Bagalkote,2025-01-11 12:10,2025-01-11 23:10,Assault,Grievous Hurt,"BNS 115(2), BNS 117(2)",16.372391,75.759101,P008953,P000015,P003985,PI Harish Naik,Chargesheeted
FIR202500093,FIR/0093/2025,PS0074,Bengaluru Rural,2025-01-11 17:47,2025-01-12 01:47,Murder,Gang Conflict,BNS 103(1),13.182484,77.577337,P004709,P009032,P004353,PI Chetan Kumar,Under Investigation
FIR202500078,FIR/0078/2025,PS0105,Bengaluru Rural,2025-01-10 16:05,2025-01-12 02:05,Theft,Snatching,BNS 303(2),13.149989,77.628467,P003779,P001065,P009511,PI Suresh Kulkarni,Under Investigation
FIR202500094,FIR/0094/2025,PS0075,Bengaluru Rural,2025-01-11 19:09,2025-01-12 02:09,Burglary,Day Burglary,"BNS 331(3), BNS 331(4)",13.191532,77.536125,P009738,P006831,P008553,SI Mahesh Bhat,Closed
FIR202500067,FIR/0067/2025,PS0091,Bengaluru Rural,2025-01-09 03:15,2025-01-12 04:15,Burglary,Day Burglary,"BNS 331(3), BNS 331(4)",13.043813,77.619557,P003243,P004954,P002154,PI Ramesh Gowda,Under Investigation
FIR202500095,FIR/0095/2025,PS0091,Bengaluru Rural,2025-01-12 00:56,2025-01-12 04:56,Assault,Public Affray,"BNS 115(2), BNS 117(2)",13.038485,77.619425,P001226,P004414,P005737,PI Harish Naik,Under Investigation
FIR202500098,FIR/0098/2025,PS0188,Bidar,2025-01-12 07:02,2025-01-12 14:02,Assault,Grievous Hurt,"BNS 115(2), BNS 117(2)",17.94219,77.710523,P001180,P003975,"P003114, P000226",SI Ganesh Rao,Under Investigation
FIR202500068,FIR/0068/2025,PS0140,Bengaluru Urban,2025-01-09 05:36,2025-01-12 14:36,Dacoity,Bank Dacoity,BNS 310(2),13.030847,77.675491,P003181,P002126,P008522,SI Mahesh Bhat,Chargesheeted
FIR202500096,FIR/0096/2025,PS0041,Ballari,2025-01-12 05:16,2025-01-12 16:16,Assault,Grievous Hurt,"BNS 115(2), BNS 117(2)",15.238157,76.877902,P009765,P004022,P009305,PI Lakshmi Devi,Under Investigation
FIR202500104,FIR/0104/2025,PS0165,Bidar,2025-01-13 06:17,2025-01-13 07:17,Theft,Snatching,BNS 303(2),18.053485,77.466131,P006490,P005116,P000010,PI Suresh Kulkarni,Under Investigation
FIR202500075,FIR/0075/2025,PS0001,Bagalkote,2025-01-10 08:23,2025-01-13 10:23,Vehicle Theft,Car Theft,BNS 303(2),16.179201,75.583478,P006708,P009604,P009094,SI Divya Hegde,Closed
FIR202500102,FIR/0102/2025,PS0116,Bengaluru Urban,2025-01-12 22:30,2025-01-13 10:30,Vehicle Theft,Car Theft,BNS 303(2),13.002623,77.530781,P006290,P005826,P008419,SI Prakash Sharma,Chargesheeted
FIR202500103,FIR/0103/2025,PS0178,Bidar,2025-01-13 04:22,2025-01-13 11:22,Dacoity,Bank Dacoity,BNS 310(2),17.896349,77.46193,P005032,P008644,P008141,SI Mahesh Bhat,Chargesheeted
FIR202500097,FIR/0097/2025,PS0086,Bengaluru Rural,2025-01-12 05:28,2025-01-13 15:28,Robbery,Chain Snatching with Force,BNS 309(4),13.32835,77.485022,P004138,P004257,P007607,PI Suresh Kulkarni,Under Investigation
FIR202500099,FIR/0099/2025,PS0122,Bengaluru Urban,2025-01-12 07:30,2025-01-13 18:30,Fraud,Land Scam,BNS 318(4),13.108867,77.552073,P000112,P008775,P007281,PI Ramesh Gowda,Chargesheeted
FIR202500100,FIR/0100/2025,PS0070,Bengaluru Rural,2025-01-12 11:38,2025-01-13 18:38,Theft,House Theft,BNS 303(2),13.273337,77.741857,P005459,P000589,P005870,PI Lakshmi Devi,Under Investigation
FIR202500108,FIR/0108/2025,PS0150,Bengaluru Urban,2025-01-13 18:58,2025-01-13 22:58,Fraud,Land Scam,BNS 318(4),13.072401,77.710906,P003410,P008645,P006720,SI Mahesh Bhat,Chargesheeted
FIR202500106,FIR/0106/2025,PS0142,Bengaluru Urban,2025-01-13 17:28,2025-01-13 23:28,Murder,Dowry Homicide,BNS 103(1),13.109669,77.762324,P005735,P001299,P006197,SI Ravi Kumar,Untraced
FIR202500107,FIR/0107/2025,PS0144,Bengaluru Urban,2025-01-13 18:43,2025-01-14 04:43,Fraud,Corporate Fraud,BNS 318(4),12.818657,77.572023,P003822,P001688,P001941,PI Lakshmi Devi,Chargesheeted
FIR202500080,FIR/0080/2025,PS0078,Bengaluru Rural,2025-01-10 17:57,2025-01-14 04:57,Fraud,Land Scam,BNS 318(4),13.125204,77.570501,P001389,P002865,P002217,PI Harish Naik,Chargesheeted
FIR202500086,FIR/0086/2025,PS0110,Bengaluru Urban,2025-01-11 03:26,2025-01-14 13:26,Fraud,Land Scam,BNS 318(4),13.155893,77.635645,P003720,P002707,P003492,PI Harish Naik,Under Investigation
FIR202500087,FIR/0087/2025,PS0222,Chamarajanagar,2025-01-11 07:28,2025-01-14 13:28,POCSO,Harassment,"POCSO Act Sec 4, BNS 64",11.919083,76.777973,P006592,P009784,P002794,PI Ramesh Gowda,Chargesheeted
FIR202500112,FIR/0112/2025,PS0209,Chamarajanagar,2025-01-14 13:25,2025-01-14 15:25,Robbery,Chain Snatching with Force,BNS 309(4),12.070069,77.01687,P000307,P001922,P005419,SI Ganesh Rao,Under Investigation
FIR202500113,FIR/0113/2025,PS0151,Bengaluru Urban,2025-01-14 14:18,2025-01-14 19:18,POCSO,Sexual Assault on Minor,"POCSO Act Sec 4, BNS 64",12.874231,77.462446,P008394,P000052,P007708,SI Ganesh Rao,Chargesheeted
FIR202500111,FIR/0111/2025,PS0120,Bengaluru Urban,2025-01-14 11:43,2025-01-14 21:43,Cyber Crime,Identity Theft,"IT Act 66D, BNS 318(4)",13.140316,77.389502,P009826,P002623,P003757,PI Suresh Kulkarni,Chargesheeted
FIR202500077,FIR/0077/2025,PS0112,Bengaluru Urban,2025-01-10 10:10,2025-01-14 22:10,Fraud,Corporate Fraud,BNS 318(4),13.110042,77.601288,P005503,P000661,P002930,PI Lakshmi Devi,Under Investigation
FIR202500115,FIR/0115/2025,PS0141,Bengaluru Urban,2025-01-14 17:34,2025-01-14 23:34,Cyber Crime,Identity Theft,"IT Act 66D, BNS 318(4)",12.867731,77.39694,P006362,P009358,P002667,PI Ramesh Gowda,Chargesheeted
FIR202500081,FIR/0081/2025,PS0152,Bengaluru Urban,2025-01-10 18:17,2025-01-15 00:17,Fraud,Land Scam,BNS 318(4),13.016786,77.414952,P000998,P005023,P007849,SI Divya Hegde,Chargesheeted
FIR202500117,FIR/0117/2025,PS0005,Bagalkote,2025-01-14 19:53,2025-01-15 01:53,Murder,Personal Enmity,BNS 103(1),16.164008,75.575911,P009060,P007240,P008444,PI Harish Naik,Chargesheeted
FIR202500116,FIR/0116/2025,PS0127,Bengaluru Urban,2025-01-14 19:09,2025-01-15 04:09,Robbery,Highway Robbery,BNS 309(4),13.118923,77.645907,P004949,P006778,P003890,PI Naveen Patil,Under Investigation
FIR202500110,FIR/0110/2025,PS0111,Bengaluru Urban,2025-01-14 03:58,2025-01-15 04:58,Cyber Crime,Identity Theft,"IT Act 66D, BNS 318(4)",12.762313,77.553314,P004916,P009358,P007220,PI Naveen Patil,Under Investigation
FIR202500118,FIR/0118/2025,PS0128,Bengaluru Urban,2025-01-15 03:54,2025-01-15 07:54,Fraud,Corporate Fraud,BNS 318(4),13.045592,77.585863,P004241,P009521,P000621,PI Chetan Kumar,Under Investigation
FIR202500120,FIR/0120/2025,PS0029,Ballari,2025-01-15 07:27,2025-01-15 09:27,Assault,Public Affray,"BNS 115(2), BNS 117(2)",14.970078,76.893712,P004343,P004804,P008968,PI Ramesh Gowda,Untraced
FIR202500109,FIR/0109/2025,PS0097,Bengaluru Rural,2025-01-14 00:10,2025-01-15 11:10,NDPS,Drug Trafficking,NDPS Act Sec 20(b),13.100171,77.499863,P008905,P003661,P005252,PI Naveen Patil,Chargesheeted
FIR202500123,FIR/0123/2025,PS0068,Belagavi,2025-01-15 09:54,2025-01-15 12:54,Burglary,Day Burglary,"BNS 331(3), BNS 331(4)",16.030944,74.380539,P007647,P009852,"P006712, P000343",PI Ramesh Gowda,Chargesheeted
FIR202500128,FIR/0128/2025,PS0115,Bengaluru Urban,2025-01-15 15:15,2025-01-15 17:15,Murder,Personal Enmity,BNS 103(1),12.884555,77.409649,P003058,P007244,P009244,SI Mahesh Bhat,Under Investigation
FIR202500121,FIR/0121/2025,PS0138,Bengaluru Urban,2025-01-15 08:42,2025-01-15 17:42,Cyber Crime,Financial Fraud,"IT Act 66D, BNS 318(4)",13.157365,77.44939,P005818,P008396,P002824,PI Ramesh Gowda,Untraced
FIR202500129,FIR/0129/2025,PS0114,Bengaluru Urban,2025-01-15 15:20,2025-01-15 21:20,Cyber Crime,Financial Fraud,"IT Act 66D, BNS 318(4)",12.963729,77.737355,P002355,P006058,P001156,PI Chetan Kumar,Chargesheeted
FIR202500127,FIR/0127/2025,PS0179,Bidar,2025-01-15 13:28,2025-01-15 23:28,Assault,Simple Assault,"BNS 115(2), BNS 117(2)",18.09864,77.374605,P006397,P003487,P005231,SI Ganesh Rao,Closed
FIR202500133,FIR/0133/2025,PS0072,Bengaluru Rural,2025-01-15 22:11,2025-01-16 00:11,Assault,Grievous Hurt,"BNS 115(2), BNS 117(2)",13.309313,77.626059,P000520,P004673,P006803,PI Harish Naik,Chargesheeted
FIR202500101,FIR/0101/2025,PS0075,Bengaluru Rural,2025-01-12 15:53,2025-01-16 00:53,Theft,Pocket Pick,BNS 303(2),13.196392,77.509886,P004025,P001462,P001918,PI Lakshmi Devi,Under Investigation
FIR202500134,FIR/0134/2025,PS0126,Bengaluru Urban,2025-01-15 23:38,2025-01-16 03:38,Fraud,Land Scam,BNS 318(4),12.852854,77.560637,P004629,P007642,P002651,PI Chetan Kumar,Under Investigation
FIR202500136,FIR/0136/2025,PS0111,Bengaluru Urban,2025-01-16 02:07,2025-01-16 08:07,Dacoity,Bank Dacoity,BNS 310(2),12.763218,77.550551,P004471,P000406,P005286,PI Harish Naik,Chargesheeted
FIR202500140,FIR/0140/2025,PS0234,Chamarajanagar,2025-01-16 07:57,2025-01-16 10:57,Burglary,Night House Breaking,"BNS 331(3), BNS 331(4)",12.02635,76.832287,P002311,P005627,P006194,PI Harish Naik,Chargesheeted
FIR202500138,FIR/0138/2025,PS0122,Bengaluru Urban,2025-01-16 03:09,2025-01-16 11:09,Theft,House Theft,BNS 303(2),13.135049,77.544514,P001452,P007765,P009584,SI Ravi Kumar,Chargesheeted
FIR202500139,FIR/0139/2025,PS0143,Bengaluru Urban,2025-01-16 07:36,2025-01-16 11:36,Cyber Crime,Identity Theft,"IT Act 66D, BNS 318(4)",12.777333,77.427095,P009430,P000149,"P008923, P007681",SI Ganesh Rao,Chargesheeted
FIR202500141,FIR/0141/2025,PS0129,Bengaluru Urban,2025-01-16 10:18,2025-01-16 13:18,Cyber Crime,Phishing,"IT Act 66D, BNS 318(4)",12.798706,77.760952,P009473,P000245,P000584,PI Ramesh Gowda,Chargesheeted
FIR202500105,FIR/0105/2025,PS0124,Bengaluru Urban,2025-01-13 14:46,2025-01-16 18:46,Robbery,Highway Robbery,BNS 309(4),13.078017,77.692453,P000820,P003185,P000219,SI Ravi Kumar,Under Investigation
FIR202500119,FIR/0119/2025,PS0219,Chamarajanagar,2025-01-15 07:19,2025-01-16 19:19,POCSO,Sexual Assault on Minor,"POCSO Act Sec 4, BNS 64",11.862295,76.861187,P004893,P004153,P004922,PI Lakshmi Devi,Under Investigation
FIR202500142,FIR/0142/2025,PS0205,Chamarajanagar,2025-01-16 14:29,2025-01-16 20:29,Cyber Crime,Financial Fraud,"IT Act 66D, BNS 318(4)",11.939017,76.782436,P009653,P004757,P001119,PI Chetan Kumar,Chargesheeted
FIR202500114,FIR/0114/2025,PS0136,Bengaluru Urban,2025-01-14 14:34,2025-01-16 20:34,Burglary,Day Burglary,"BNS 331(3), BNS 331(4)",12.81409,77.622876,P001961,P007396,P007092,SI Ganesh Rao,Chargesheeted
FIR202500125,FIR/0125/2025,PS0236,Chikkaballapura,2025-01-15 12:51,2025-01-16 20:51,Theft,Snatching,BNS 303(2),13.614637,77.926943,P000519,P009970,P003491,PI Chetan Kumar,Chargesheeted
FIR202500124,FIR/0124/2025,PS0019,Bagalkote,2025-01-15 11:52,2025-01-16 20:52,Burglary,Night House Breaking,"BNS 331(3), BNS 331(4)",16.052292,75.86274,P001417,P008470,P005309,SI Prakash Sharma,Chargesheeted
FIR202500143,FIR/0143/2025,PS0094,Bengaluru Rural,2025-01-16 14:51,2025-01-17 00:51,NDPS,Drug Trafficking,NDPS Act Sec 20(b),13.061175,77.698964,P006286,P007896,P008145,PI Suresh Kulkarni,Chargesheeted
FIR202500145,FIR/0145/2025,PS0115,Bengaluru Urban,2025-01-16 19:30,2025-01-17 02:30,Vehicle Theft,Car Theft,BNS 303(2),12.89524,77.40636,P007189,P007756,"P003817, P006442",PI Suresh Kulkarni,Chargesheeted
FIR202500146,FIR/0146/2025,PS0055,Belagavi,2025-01-16 19:38,2025-01-17 02:38,Theft,House Theft,BNS 303(2),15.833193,74.369431,P006449,P007414,P001139,PI Harish Naik,Under Investigation
FIR202500155,FIR/0155/2025,PS0136,Bengaluru Urban,2025-01-17 03:59,2025-01-17 08:59,Assault,Simple Assault,"BNS 115(2), BNS 117(2)",12.841498,77.592273,P000989,P007322,"P008715, P003404",PI Naveen Patil,Closed
FIR202500135,FIR/0135/2025,PS0153,Bidar,2025-01-16 00:35,2025-01-17 09:35,Assault,Public Affray,"BNS 115(2), BNS 117(2)",17.770079,77.330264,P006300,P003684,P001615,SI Mahesh Bhat,Chargesheeted
FIR202500153,FIR/0153/2025,PS0135,Bengaluru Urban,2025-01-17 02:29,2025-01-17 12:29,Fraud,Corporate Fraud,BNS 318(4),12.92003,77.461629,P009340,P005126,P005651,PI Chetan Kumar,Under Investigation
FIR202500137,FIR/0137/2025,PS0071,Bengaluru Rural,2025-01-16 03:04,2025-01-17 13:04,Assault,Grievous Hurt,"BNS 115(2), BNS 117(2)",13.026197,77.508903,P007794,P008753,P000106,PI Lakshmi Devi,Under Investigation
FIR202500122,FIR/0122/2025,PS0060,Belagavi,2025-01-15 09:32,2025-01-17 14:32,Dacoity,Armed Dacoity,BNS 310(2),16.002316,74.549944,P007620,P007022,P002284,PI Lakshmi Devi,Under Investigation
FIR202500144,FIR/0144/2025,PS0095,Bengaluru Rural,2025-01-16 15:13,2025-01-17 16:13,Theft,House Theft,BNS 303(2),13.112237,77.402251,P004149,P009949,P007072,SI Prakash Sharma,Chargesheeted
FIR202500159,FIR/0159/2025,PS0090,Bengaluru Rural,2025-01-17 13:08,2025-01-17 22:08,Cyber Crime,Identity Theft,"IT Act 66D, BNS 318(4)",13.391991,77.469498,P006241,P009558,P002201,PI Naveen Patil,Chargesheeted
FIR202500148,FIR/0148/2025,PS0110,Bengaluru Urban,2025-01-16 21:31,2025-01-17 23:31,Dacoity,Armed Dacoity,BNS 310(2),13.141812,77.62108,P004822,P008946,P000272,PI Harish Naik,Chargesheeted
FIR202500166,FIR/0166/2025,PS0129,Bengaluru Urban,2025-01-17 22:38,2025-01-17 23:38,Fraud,Land Scam,BNS 318(4),12.817174,77.770848,P002646,P004083,P006485,PI Harish Naik,Under Investigation
FIR202500165,FIR/0165/2025,PS0098,Bengaluru Rural,2025-01-17 21:50,2025-01-17 23:50,Dacoity,Bank Dacoity,BNS 310(2),13.279524,77.728293,P006114,P005777,P007429,PI Harish Naik,Under Investigation
FIR202500162,FIR/0162/2025,PS0115,Bengaluru Urban,2025-01-17 18:00,2025-01-18 01:00,Cyber Crime,Identity Theft,"IT Act 66D, BNS 318(4)",12.875095,77.388545,P006806,P001809,P004387,SI Mahesh Bhat,Chargesheeted
FIR202500149,FIR/0149/2025,PS0127,Bengaluru Urban,2025-01-16 21:45,2025-01-18 01:45,Theft,Snatching,BNS 303(2),13.123291,77.650439,P001865,P001535,P006999,SI Mahesh Bhat,Chargesheeted
FIR202500160,FIR/0160/2025,PS0148,Bengaluru Urban,2025-01-17 14:50,2025-01-18 02:50,Cyber Crime,Phishing,"IT Act 66D, BNS 318(4)",12.867559,77.660508,P000079,P006523,P005588,PI Naveen Patil,Chargesheeted
FIR202500164,FIR/0164/2025,PS0117,Bengaluru Urban,2025-01-17 19:11,2025-01-18 04:11,Cyber Crime,Identity Theft,"IT Act 66D, BNS 318(4)",13.114616,77.774291,P003953,P005240,"P003295, P005769",SI Divya Hegde,Untraced
FIR202500154,FIR/0154/2025,PS0087,Bengaluru Rural,2025-01-17 03:15,2025-01-18 05:15,Murder,Gang Conflict,BNS 103(1),13.15257,77.517905,P002182,P000001,P008480,PI Naveen Patil,Under Investigation
FIR202500173,FIR/0173/2025,PS0138,Bengaluru Urban,2025-01-18 03:15,2025-01-18 06:15,POCSO,Sexual Assault on Minor,"POCSO Act Sec 4, BNS 64",13.151879,77.451454,P007844,P006349,P003126,PI Ramesh Gowda,Under Investigation
FIR202500169,FIR/0169/2025,PS0237,Chikkaballapura,2025-01-18 00:10,2025-01-18 07:10,Cyber Crime,Identity Theft,"IT Act 66D, BNS 318(4)",13.341825,77.653802,P009082,P006059,P002112,PI Harish Naik,Chargesheeted
FIR202500177,FIR/0177/2025,PS0021,Bagalkote,2025-01-18 07:20,2025-01-18 10:20,Murder,Dowry Homicide,BNS 103(1),16.012999,75.530914,P005770,P001153,P005485,PI Naveen Patil,Under Investigation
FIR202500175,FIR/0175/2025,PS0076,Bengaluru Rural,2025-01-18 03:53,2025-01-18 10:53,Dacoity,Armed Dacoity,BNS 310(2),13.310608,77.7498,P006922,P009177,P007458,SI Ganesh Rao,Under Investigation
FIR202500180,FIR/0180/2025,PS0124,Bengaluru Urban,2025-01-18 09:50,2025-01-18 11:50,Vehicle Theft,Two-Wheeler Theft,BNS 303(2),13.065945,77.665305,P009852,P000788,"P000652, P008950",PI Chetan Kumar,Untraced
FIR202500178,FIR/0178/2025,PS0117,Bengaluru Urban,2025-01-18 08:35,2025-01-18 13:35,Cyber Crime,Financial Fraud,"IT Act 66D, BNS 318(4)",13.125997,77.790293,P001113,P002720,P008041,PI Suresh Kulkarni,Chargesheeted
FIR202500126,FIR/0126/2025,PS0133,Bengaluru Urban,2025-01-15 13:07,2025-01-18 14:07,Burglary,Night House Breaking,"BNS 331(3), BNS 331(4)",13.01782,77.521449,P009142,P005584,P007035,PI Harish Naik,Under Investigation
FIR202500185,FIR/0185/2025,PS0126,Bengaluru Urban,2025-01-18 13:51,2025-01-18 15:51,Cyber Crime,Phishing,"IT Act 66D, BNS 318(4)",12.884435,77.574613,P002301,P007715,P005867,SI Ganesh Rao,Under Investigation
FIR202500184,FIR/0184/2025,PS0140,Bengaluru Urban,2025-01-18 13:20,2025-01-18 16:20,Cyber Crime,Phishing,"IT Act 66D, BNS 318(4)",13.026971,77.677356,P003279,P007844,P003891,PI Suresh Kulkarni,Under Investigation
FIR202500182,FIR/0182/2025,PS0121,Bengaluru Urban,2025-01-18 12:15,2025-01-18 20:15,Cyber Crime,Financial Fraud,"IT Act 66D, BNS 318(4)",13.083738,77.502797,P008475,P002631,P006945,PI Chetan Kumar,Chargesheeted
FIR202500161,FIR/0161/2025,PS0120,Bengaluru Urban,2025-01-17 16:52,2025-01-18 21:52,Fraud,Corporate Fraud,BNS 318(4),13.119104,77.40774,P007509,P006812,P002329,PI Lakshmi Devi,Chargesheeted
FIR202500189,FIR/0189/2025,PS0123,Bengaluru Urban,2025-01-18 19:25,2025-01-18 22:25,Fraud,Land Scam,BNS 318(4),13.024388,77.478292,P008620,P009584,P001671,PI Suresh Kulkarni,Under Investigation
FIR202500186,FIR/0186/2025,PS0086,Bengaluru Rural,2025-01-18 15:36,2025-01-18 23:36,Burglary,Day Burglary,"BNS 331(3), BNS 331(4)",13.33355,77.503811,P008373,P009242,P009320,PI Lakshmi Devi,Untraced
FIR202500132,FIR/0132/2025,PS0143,Bengaluru Urban,2025-01-15 20:46,2025-01-19 00:46,Burglary,Night House Breaking,"BNS 331(3), BNS 331(4)",12.808019,77.407478,P005002,P004811,"P009435, P004961",SI Ravi Kumar,Under Investigation
FIR202500130,FIR/0130/2025,PS0137,Bengaluru Urban,2025-01-15 17:17,2025-01-19 03:17,Fraud,Cheating,BNS 318(4),12.884875,77.733758,P000130,P002079,P007280,PI Ramesh Gowda,Under Investigation
FIR202500190,FIR/0190/2025,PS0149,Bengaluru Urban,2025-01-18 19:54,2025-01-19 03:54,Vehicle Theft,Car Theft,BNS 303(2),13.06902,77.465172,P005978,P000548,P002078,PI Lakshmi Devi,Under Investigation
FIR202500131,FIR/0131/2025,PS0144,Bengaluru Urban,2025-01-15 18:34,2025-01-19 04:34,Vehicle Theft,Car Theft,BNS 303(2),12.821824,77.557509,P002227,P008610,P003144,SI Mahesh Bhat,Chargesheeted
FIR202500192,FIR/0192/2025,PS0143,Bengaluru Urban,2025-01-18 22:54,2025-01-19 04:54,Fraud,Corporate Fraud,BNS 318(4),12.780928,77.41138,P003475,P000735,P001521,PI Ramesh Gowda,Chargesheeted
FIR202500191,FIR/0191/2025,PS0129,Bengaluru Urban,2025-01-18 22:34,2025-01-19 06:34,Cyber Crime,Financial Fraud,"IT Act 66D, BNS 318(4)",12.800438,77.760795,P000325,P000376,P007917,PI Chetan Kumar,Chargesheeted
FIR202500194,FIR/0194/2025,PS0118,Bengaluru Urban,2025-01-19 05:06,2025-01-19 07:06,Cyber Crime,Phishing,"IT Act 66D, BNS 318(4)",12.780735,77.710799,P004973,P003905,P001400,PI Harish Naik,Under Investigation
FIR202500197,FIR/0197/2025,PS0117,Bengaluru Urban,2025-01-19 06:43,2025-01-19 09:43,Fraud,Cheating,BNS 318(4),13.130802,77.770062,P007390,P005345,P003782,PI Chetan Kumar,Chargesheeted
FIR202500168,FIR/0168/2025,PS0115,Bengaluru Urban,2025-01-17 23:46,2025-01-19 10:46,Cyber Crime,Identity Theft,"IT Act 66D, BNS 318(4)",12.876005,77.40315,P000437,P002055,P009149,PI Naveen Patil,Closed
FIR202500171,FIR/0171/2025,PS0117,Bengaluru Urban,2025-01-18 00:48,2025-01-19 10:48,Cyber Crime,Phishing,"IT Act 66D, BNS 318(4)",13.130774,77.773688,P005100,P002857,P009299,PI Suresh Kulkarni,Closed
FIR202500199,FIR/0199/2025,PS0126,Bengaluru Urban,2025-01-19 10:14,2025-01-19 11:14,Fraud,Cheating,BNS 318(4),12.883811,77.565711,P007051,P001649,P004301,PI Suresh Kulkarni,Under Investigation
FIR202500157,FIR/0157/2025,PS0135,Bengaluru Urban,2025-01-17 08:21,2025-01-19 12:21,Fraud,Land Scam,BNS 318(4),12.923654,77.463949,P000331,P001926,"P000909, P000220",PI Lakshmi Devi,Chargesheeted
FIR202500172,FIR/0172/2025,PS0146,Bengaluru Urban,2025-01-18 01:35,2025-01-19 12:35,Assault,Public Affray,"BNS 115(2), BNS 117(2)",12.954422,77.766858,P007791,P001001,P004581,PI Ramesh Gowda,Untraced
FIR202500198,FIR/0198/2025,PS0143,Bengaluru Urban,2025-01-19 08:04,2025-01-19 17:04,Dacoity,Bank Dacoity,BNS 310(2),12.784439,77.418687,P009554,P003948,P005947,SI Ganesh Rao,Chargesheeted
FIR202500163,FIR/0163/2025,PS0082,Bengaluru Rural,2025-01-17 18:45,2025-01-19 19:45,Theft,Pocket Pick,BNS 303(2),13.32498,77.406321,P008443,P004699,P007194,PI Lakshmi Devi,Chargesheeted
FIR202500203,FIR/0203/2025,PS0089,Bengaluru Rural,2025-01-19 14:24,2025-01-19 23:24,Vehicle Theft,Two-Wheeler Theft,BNS 303(2),13.366597,77.59624,P007146,P008723,P009631,SI Ravi Kumar,Under Investigation
FIR202500147,FIR/0147/2025,PS0198,Chamarajanagar,2025-01-16 20:06,2025-01-20 01:06,Theft,House Theft,BNS 303(2),11.832174,77.048434,P004693,P001265,P001581,SI Prakash Sharma,Closed
FIR202500150,FIR/0150/2025,PS0178,Bidar,2025-01-16 21:53,2025-01-20 03:53,Theft,House Theft,BNS 303(2),17.862148,77.466708,P005175,P005041,P004087,PI Chetan Kumar,Under Investigation
FIR202500211,FIR/0211/2025,PS0067,Belagavi,2025-01-20 02:07,2025-01-20 05:07,Cyber Crime,Financial Fraud,"IT Act 66D, BNS 318(4)",15.878885,74.697221,P002964,P000455,P000168,SI Ravi Kumar,Chargesheeted
FIR202500193,FIR/0193/2025,PS0149,Bengaluru Urban,2025-01-19 01:44,2025-01-20 05:44,Cyber Crime,Identity Theft,"IT Act 66D, BNS 318(4)",13.105904,77.46234,P003079,P002558,P001191,SI Divya Hegde,Chargesheeted
FIR202500156,FIR/0156/2025,PS0120,Bengaluru Urban,2025-01-17 04:04,2025-01-20 06:04,Fraud,Cheating,BNS 318(4),13.125478,77.413958,P004603,P006985,P009511,PI Harish Naik,Chargesheeted
FIR202500210,FIR/0210/2025,PS0147,Bengaluru Urban,2025-01-20 01:18,2025-01-20 06:18,Cyber Crime,Phishing,"IT Act 66D, BNS 318(4)",12.911501,77.546042,P002409,P002308,P001778,SI Mahesh Bhat,Closed
FIR202500213,FIR/0213/2025,PS0113,Bengaluru Urban,2025-01-20 03:28,2025-01-20 09:28,Fraud,Cheating,BNS 318(4),13.150526,77.477264,P002875,P005834,P007105,PI Chetan Kumar,Under Investigation
FIR202500152,FIR/0152/2025,PS0130,Bengaluru Urban,2025-01-17 00:41,2025-01-20 09:41,Cyber Crime,Phishing,"IT Act 66D, BNS 318(4)",13.129011,77.492303,P002752,P008477,P008878,SI Ravi Kumar,Chargesheeted
FIR202500151,FIR/0151/2025,PS0133,Bengaluru Urban,2025-01-16 23:11,2025-01-20 10:11,Vehicle Theft,Car Theft,BNS 303(2),13.003122,77.536907,P006062,P009155,P008019,PI Chetan Kumar,Under Investigation
FIR202500215,FIR/0215/2025,PS0086,Bengaluru Rural,2025-01-20 08:02,2025-01-20 12:02,POCSO,Harassment,"POCSO Act Sec 4, BNS 64",13.332375,77.470657,P005051,P001900,P005675,PI Chetan Kumar,Under Investigation
FIR202500212,FIR/0212/2025,PS0021,Bagalkote,2025-01-20 02:38,2025-01-20 14:38,Robbery,Highway Robbery,BNS 309(4),16.017557,75.535773,P008146,P008373,P002168,SI Mahesh Bhat,Chargesheeted
FIR202500202,FIR/0202/2025,PS0125,Bengaluru Urban,2025-01-19 12:57,2025-01-20 14:57,Cyber Crime,Identity Theft,"IT Act 66D, BNS 318(4)",12.794499,77.706073,P007621,P009765,P009928,PI Chetan Kumar,Chargesheeted
FIR202500158,FIR/0158/2025,PS0128,Bengaluru Urban,2025-01-17 08:40,2025-01-20 15:40,Fraud,Cheating,BNS 318(4),13.012205,77.591064,P005850,P000435,P007853,PI Chetan Kumar,Under Investigation
FIR202500217,FIR/0217/2025,PS0145,Bengaluru Urban,2025-01-20 11:26,2025-01-20 16:26,Cyber Crime,Financial Fraud,"IT Act 66D, BNS 318(4)",12.826618,77.604953,P001924,P000392,P001913,SI Prakash Sharma,Under Investigation
FIR202500201,FIR/0201/2025,PS0128,Bengaluru Urban,2025-01-19 12:47,2025-01-20 16:47,Cyber Crime,Financial Fraud,"IT Act 66D, BNS 318(4)",13.028286,77.568685,P005854,P009432,P008752,PI Chetan Kumar,Chargesheeted
FIR202500222,FIR/0222/2025,PS0122,Bengaluru Urban,2025-01-20 14:44,2025-01-20 17:44,Cyber Crime,Phishing,"IT Act 66D, BNS 318(4)",13.116887,77.553686,P007910,P006035,P003645,SI Mahesh Bhat,Under Investigation
FIR202500220,FIR/0220/2025,PS0100,Bengaluru Rural,2025-01-20 13:15,2025-01-20 19:15,Murder,Dowry Homicide,BNS 103(1),13.136968,77.543357,P002795,P004011,"P002741, P002535",SI Mahesh Bhat,Under Investigation
FIR202500227,FIR/0227/2025,PS0088,Bengaluru Rural,2025-01-20 20:16,2025-01-20 22:16,NDPS,Drug Trafficking,NDPS Act Sec 20(b),13.061164,77.383126,P001025,P003122,P005085,SI Ravi Kumar,Under Investigation
FIR202500226,FIR/0226/2025,PS0124,Bengaluru Urban,2025-01-20 19:11,2025-01-20 23:11,Fraud,Land Scam,BNS 318(4),13.094156,77.672745,P002225,P007310,P006096,SI Prakash Sharma,Chargesheeted
FIR202500223,FIR/0223/2025,PS0005,Bagalkote,2025-01-20 16:00,2025-01-21 02:00,POCSO,Sexual Assault on Minor,"POCSO Act Sec 4, BNS 64",16.147743,75.564616,P006178,P006267,P003541,PI Suresh Kulkarni,Chargesheeted
FIR202500170,FIR/0170/2025,PS0211,Chamarajanagar,2025-01-18 00:44,2025-01-21 02:44,Assault,Grievous Hurt,"BNS 115(2), BNS 117(2)",11.84823,77.082929,P008826,P005283,P007444,PI Suresh Kulkarni,Untraced
FIR202500228,FIR/0228/2025,PS0132,Bengaluru Urban,2025-01-20 21:43,2025-01-21 04:43,NDPS,Possession of Narcotics,NDPS Act Sec 20(b),12.98507,77.667799,P003864,P004497,P008327,SI Mahesh Bhat,Under Investigation
FIR202500188,FIR/0188/2025,PS0141,Bengaluru Urban,2025-01-18 18:47,2025-01-21 04:47,Fraud,Land Scam,BNS 318(4),12.852779,77.41158,P009717,P001103,P001291,SI Prakash Sharma,Chargesheeted
FIR202500206,FIR/0206/2025,PS0230,Chamarajanagar,2025-01-19 20:58,2025-01-21 04:58,Vehicle Theft,Two-Wheeler Theft,BNS 303(2),11.744449,77.055999,P004769,P009042,P009582,PI Harish Naik,Closed
FIR202500208,FIR/0208/2025,PS0123,Bengaluru Urban,2025-01-20 00:42,2025-01-21 05:42,Fraud,Cheating,BNS 318(4),13.006745,77.499056,P005441,P008990,P009671,PI Naveen Patil,Under Investigation
FIR202500204,FIR/0204/2025,PS0076,Bengaluru Rural,2025-01-19 18:58,2025-01-21 05:58,Dacoity,Armed Dacoity,BNS 310(2),13.309776,77.776001,P005013,P006029,P001354,SI Ravi Kumar,Chargesheeted
FIR202500205,FIR/0205/2025,PS0007,Bagalkote,2025-01-19 19:25,2025-01-21 06:25,Assault,Public Affray,"BNS 115(2), BNS 117(2)",16.082837,75.637362,P003613,P003449,P009725,SI Ravi Kumar,Chargesheeted
FIR202500167,FIR/0167/2025,PS0022,Bagalkote,2025-01-17 22:48,2025-01-21 07:48,Cyber Crime,Phishing,"IT Act 66D, BNS 318(4)",16.232834,75.628603,P008396,P003088,P007496,SI Mahesh Bhat,Chargesheeted
FIR202500231,FIR/0231/2025,PS0138,Bengaluru Urban,2025-01-21 03:26,2025-01-21 08:26,Fraud,Cheating,BNS 318(4),13.164749,77.454271,P000382,P005184,P009241,SI Mahesh Bhat,Chargesheeted
FIR202500230,FIR/0230/2025,PS0107,Bengaluru Rural,2025-01-21 03:10,2025-01-21 12:10,Dacoity,Bank Dacoity,BNS 310(2),13.113677,77.431394,P001709,P008997,P004666,SI Ganesh Rao,Under Investigation
FIR202500174,FIR/0174/2025,PS0179,Bidar,2025-01-18 03:26,2025-01-21 13:26,Theft,Snatching,BNS 303(2),18.082997,77.388793,P008095,P007847,P008151,PI Chetan Kumar,Under Investigation
FIR202500181,FIR/0181/2025,PS0126,Bengaluru Urban,2025-01-18 11:42,2025-01-21 13:42,Vehicle Theft,Car Theft,BNS 303(2),12.880093,77.566684,P004516,P002406,P008010,PI Harish Naik,Under Investigation
FIR202500183,FIR/0183/2025,PS0126,Bengaluru Urban,2025-01-18 13:05,2025-01-21 15:05,Vehicle Theft,Car Theft,BNS 303(2),12.8508,77.554974,P007596,P006475,P009015,PI Harish Naik,Under Investigation
FIR202500221,FIR/0221/2025,PS0142,Bengaluru Urban,2025-01-20 14:10,2025-01-21 15:10,Robbery,Highway Robbery,BNS 309(4),13.119505,77.776951,P009976,P001602,P002038,SI Ganesh Rao,Under Investigation
FIR202500240,FIR/0240/2025,PS0071,Bengaluru Rural,2025-01-21 10:35,2025-01-21 15:35,Murder,Personal Enmity,BNS 103(1),13.022802,77.505994,P004711,P004336,"P004150, P006864",SI Mahesh Bhat,Chargesheeted
FIR202500214,FIR/0214/2025,PS0128,Bengaluru Urban,2025-01-20 06:58,2025-01-21 15:58,Cyber Crime,Financial Fraud,"IT Act 66D, BNS 318(4)",13.018957,77.579795,P006667,P003481,P009625,PI Suresh Kulkarni,Under Investigation
FIR202500179,FIR/0179/2025,PS0189,Bidar,2025-01-18 09:34,2025-01-21 16:34,Dacoity,Bank Dacoity,BNS 310(2),17.905085,77.390859,P007857,P006392,P009515,PI Chetan Kumar,Untraced
FIR202500245,FIR/0245/2025,PS0120,Bengaluru Urban,2025-01-21 14:35,2025-01-21 16:35,Vehicle Theft,Two-Wheeler Theft,BNS 303(2),13.123189,77.387577,P001074,P001617,P001580,PI Suresh Kulkarni,Under Investigation
FIR202500238,FIR/0238/2025,PS0148,Bengaluru Urban,2025-01-21 08:35,2025-01-21 16:35,Vehicle Theft,Two-Wheeler Theft,BNS 303(2),12.847096,77.64302,P009758,P009897,P006075,SI Ganesh Rao,Under Investigation
FIR202500219,FIR/0219/2025,PS0119,Bengaluru Urban,2025-01-20 12:37,2025-01-21 16:37,Cyber Crime,Identity Theft,"IT Act 66D, BNS 318(4)",12.804293,77.789638,P009658,P009993,P007652,PI Lakshmi Devi,Chargesheeted
FIR202500235,FIR/0235/2025,PS0112,Bengaluru Urban,2025-01-21 05:56,2025-01-21 16:56,Cyber Crime,Financial Fraud,"IT Act 66D, BNS 318(4)",13.09308,77.598344,P006959,P007137,P001506,PI Suresh Kulkarni,Untraced
FIR202500244,FIR/0244/2025,PS0151,Bengaluru Urban,2025-01-21 14:07,2025-01-21 21:07,Cyber Crime,Financial Fraud,"IT Act 66D, BNS 318(4)",12.862849,77.466876,P008143,P002829,P004046,PI Lakshmi Devi,Closed
FIR202500200,FIR/0200/2025,PS0127,Bengaluru Urban,2025-01-19 12:09,2025-01-21 22:09,Fraud,Land Scam,BNS 318(4),13.117691,77.648973,P007183,P009295,P004239,PI Naveen Patil,Chargesheeted
FIR202500187,FIR/0187/2025,PS0103,Bengaluru Rural,2025-01-18 16:29,2025-01-21 23:29,Cyber Crime,Financial Fraud,"IT Act 66D, BNS 318(4)",13.339852,77.4329,P006761,P005475,P002996,PI Suresh Kulkarni,Under Investigation
FIR202500224,FIR/0224/2025,PS0048,Belagavi,2025-01-20 16:18,2025-01-22 01:18,Murder,Dowry Homicide,BNS 103(1),15.750281,74.468008,P009730,P007065,P008930,PI Naveen Patil,Chargesheeted
FIR202500250,FIR/0250/2025,PS0191,Bidar,2025-01-21 19:43,2025-01-22 01:43,Dacoity,Armed Dacoity,BNS 310(2),17.920275,77.377929,P006809,P003381,P007203,PI Harish Naik,Chargesheeted
FIR202500243,FIR/0243/2025,PS0120,Bengaluru Urban,2025-01-21 13:51,2025-01-22 01:51,Fraud,Land Scam,BNS 318(4),13.145314,77.389163,P006835,P007185,P009410,SI Ravi Kumar,Under Investigation
FIR202500229,FIR/0229/2025,PS0105,Bengaluru Rural,2025-01-20 22:05,2025-01-22 04:05,Dacoity,Armed Dacoity,BNS 310(2),13.143163,77.629659,P006985,P002584,P004313,SI Divya Hegde,Untraced
FIR202500237,FIR/0237/2025,PS0135,Bengaluru Urban,2025-01-21 06:58,2025-01-22 07:58,Fraud,Cheating,BNS 318(4),12.918132,77.43258,P005298,P009039,"P003846, P005834",PI Naveen Patil,Chargesheeted
FIR202500195,FIR/0195/2025,PS0112,Bengaluru Urban,2025-01-19 05:13,2025-01-22 09:13,Vehicle Theft,Car Theft,BNS 303(2),13.088928,77.60902,P009906,P005690,P006025,SI Mahesh Bhat,Chargesheeted
FIR202500265,FIR/0265/2025,PS0119,Bengaluru Urban,2025-01-22 08:54,2025-01-22 09:54,Vehicle Theft,Two-Wheeler Theft,BNS 303(2),12.833511,77.785364,P000849,P007023,P009199,PI Lakshmi Devi,Chargesheeted
FIR202500259,FIR/0259/2025,PS0142,Bengaluru Urban,2025-01-22 03:17,2025-01-22 11:17,Vehicle Theft,Car Theft,BNS 303(2),13.087473,77.756584,P004827,P008652,P005491,PI Lakshmi Devi,Chargesheeted
FIR202500258,FIR/0258/2025,PS0078,Bengaluru Rural,2025-01-22 01:50,2025-01-22 11:50,Assault,Public Affray,"BNS 115(2), BNS 117(2)",13.127546,77.543527,P000897,P004166,P004828,PI Naveen Patil,Chargesheeted
FIR202500232,FIR/0232/2025,PS0117,Bengaluru Urban,2025-01-21 03:31,2025-01-22 13:31,NDPS,Possession of Narcotics,NDPS Act Sec 20(b),13.126135,77.790453,P004360,P001804,P008310,SI Ganesh Rao,Under Investigation
FIR202500257,FIR/0257/2025,PS0068,Belagavi,2025-01-22 01:49,2025-01-22 13:49,POCSO,Harassment,"POCSO Act Sec 4, BNS 64",16.023957,74.359037,P001572,P007906,"P004982, P007736",SI Ravi Kumar,Under Investigation
FIR202500234,FIR/0234/2025,PS0112,Bengaluru Urban,2025-01-21 05:47,2025-01-22 15:47,Cyber Crime,Phishing,"IT Act 66D, BNS 318(4)",13.093308,77.582776,P005234,P004031,"P000794, P001932",PI Ramesh Gowda,Untraced
FIR202500274,FIR/0274/2025,PS0128,Bengaluru Urban,2025-01-22 16:03,2025-01-22 17:03,Vehicle Theft,Car Theft,BNS 303(2),13.041444,77.592512,P001519,P006897,P004804,PI Ramesh Gowda,Under Investigation
FIR202500242,FIR/0242/2025,PS0126,Bengaluru Urban,2025-01-21 12:53,2025-01-22 17:53,POCSO,Harassment,"POCSO Act Sec 4, BNS 64",12.856007,77.551692,P003315,P003030,P006142,SI Mahesh Bhat,Chargesheeted
FIR202500275,FIR/0275/2025,PS0151,Bengaluru Urban,2025-01-22 16:16,2025-01-22 18:16,Theft,Pocket Pick,BNS 303(2),12.874556,77.479894,P001910,P007870,P008796,SI Prakash Sharma,Under Investigation
FIR202500247,FIR/0247/2025,PS0131,Bengaluru Urban,2025-01-21 16:34,2025-01-22 18:34,Cyber Crime,Identity Theft,"IT Act 66D, BNS 318(4)",12.999828,77.622524,P004041,P002839,P005714,SI Divya Hegde,Under Investigation
FIR202500267,FIR/0267/2025,PS0027,Ballari,2025-01-22 10:33,2025-01-22 19:33,Dacoity,Bank Dacoity,BNS 310(2),15.056837,77.060628,P001916,P000381,P002063,PI Lakshmi Devi,Closed
FIR202500266,FIR/0266/2025,PS0207,Chamarajanagar,2025-01-22 10:30,2025-01-22 20:30,Theft,Pocket Pick,BNS 303(2),12.088142,77.106296,P008105,P006808,P006793,SI Ganesh Rao,Chargesheeted
FIR202500252,FIR/0252/2025,PS0149,Bengaluru Urban,2025-01-21 20:18,2025-01-22 23:18,Cyber Crime,Financial Fraud,"IT Act 66D, BNS 318(4)",13.083826,77.492413,P007374,P007973,P008546,PI Harish Naik,Untraced
FIR202500280,FIR/0280/2025,PS0070,Bengaluru Rural,2025-01-22 19:00,2025-01-23 00:00,Burglary,Day Burglary,"BNS 331(3), BNS 331(4)",13.273479,77.775896,P002220,P003703,P001441,SI Ravi Kumar,Chargesheeted
FIR202500270,FIR/0270/2025,PS0124,Bengaluru Urban,2025-01-22 13:02,2025-01-23 00:02,Burglary,Day Burglary,"BNS 331(3), BNS 331(4)",13.080863,77.665437,P002649,P006030,P000146,SI Mahesh Bhat,Chargesheeted
FIR202500246,FIR/0246/2025,PS0141,Bengaluru Urban,2025-01-21 15:22,2025-01-23 00:22,Cyber Crime,Phishing,"IT Act 66D, BNS 318(4)",12.872166,77.422391,P009745,P009682,P005441,PI Naveen Patil,Under Investigation
FIR202500254,FIR/0254/2025,PS0078,Bengaluru Rural,2025-01-21 21:43,2025-01-23 00:43,Robbery,Highway Robbery,BNS 309(4),13.137586,77.548814,P009856,P002714,P007250,PI Naveen Patil,Chargesheeted
FIR202500207,FIR/0207/2025,PS0133,Bengaluru Urban,2025-01-19 23:01,2025-01-23 01:01,Fraud,Cheating,BNS 318(4),13.033684,77.541067,P008585,P009210,P004176,SI Divya Hegde,Chargesheeted
FIR202500272,FIR/0272/2025,PS0013,Bagalkote,2025-01-22 14:42,2025-01-23 01:42,Assault,Grievous Hurt,"BNS 115(2), BNS 117(2)",16.168081,75.648287,P007904,P000906,P006255,SI Ganesh Rao,Chargesheeted
FIR202500256,FIR/0256/2025,PS0133,Bengaluru Urban,2025-01-22 00:00,2025-01-23 02:00,Fraud,Land Scam,BNS 318(4),13.014268,77.52182,P006982,P008211,P008022,PI Chetan Kumar,Chargesheeted
FIR202500286,FIR/0286/2025,PS0176,Bidar,2025-01-22 22:39,2025-01-23 02:39,Assault,Simple Assault,"BNS 115(2), BNS 117(2)",17.753253,77.526184,P008445,P004412,P006969,SI Ganesh Rao,Chargesheeted
FIR202500277,FIR/0277/2025,PS0111,Bengaluru Urban,2025-01-22 17:46,2025-01-23 02:46,Fraud,Cheating,BNS 318(4),12.793458,77.541387,P007891,P004416,P002955,PI Suresh Kulkarni,Chargesheeted
FIR202500253,FIR/0253/2025,PS0142,Bengaluru Urban,2025-01-21 21:04,2025-01-23 03:04,Murder,Personal Enmity,BNS 103(1),13.100024,77.778024,P007085,P004249,P005433,SI Ganesh Rao,Chargesheeted
FIR202500285,FIR/0285/2025,PS0180,Bidar,2025-01-22 21:40,2025-01-23 07:40,Burglary,Night House Breaking,"BNS 331(3), BNS 331(4)",18.047237,77.408948,P006065,P001235,P001921,PI Suresh Kulkarni,Chargesheeted
FIR202500290,FIR/0290/2025,PS0133,Bengaluru Urban,2025-01-23 01:14,2025-01-23 09:14,Robbery,Chain Snatching with Force,BNS 309(4),13.003813,77.540912,P000699,P002476,P008031,SI Ganesh Rao,Under Investigation
FIR202500291,FIR/0291/2025,PS0247,Chikkaballapura,2025-01-23 06:25,2025-01-23 09:25,Burglary,Day Burglary,"BNS 331(3), BNS 331(4)",13.484559,77.877213,P005378,P000150,P009662,PI Naveen Patil,Chargesheeted
FIR202500288,FIR/0288/2025,PS0176,Bidar,2025-01-22 23:38,2025-01-23 11:38,Assault,Simple Assault,"BNS 115(2), BNS 117(2)",17.765305,77.536304,P008586,P008481,P002820,SI Mahesh Bhat,Chargesheeted
FIR202500289,FIR/0289/2025,PS0117,Bengaluru Urban,2025-01-23 00:41,2025-01-23 11:41,Vehicle Theft,Car Theft,BNS 303(2),13.133907,77.776373,P006257,P002841,P006286,PI Suresh Kulkarni,Chargesheeted
FIR202500216,FIR/0216/2025,PS0096,Bengaluru Rural,2025-01-20 08:49,2025-01-23 11:49,Assault,Public Affray,"BNS 115(2), BNS 117(2)",13.142147,77.480769,P009502,P005452,P007966,PI Chetan Kumar,Under Investigation
FIR202500261,FIR/0261/2025,PS0067,Belagavi,2025-01-22 04:32,2025-01-23 13:32,Robbery,Chain Snatching with Force,BNS 309(4),15.847651,74.690141,P006443,P001384,P003594,PI Suresh Kulkarni,Untraced
FIR202500218,FIR/0218/2025,PS0069,Belagavi,2025-01-20 12:36,2025-01-23 14:36,Cyber Crime,Phishing,"IT Act 66D, BNS 318(4)",15.850852,74.346046,P007208,P002530,P005753,SI Mahesh Bhat,Untraced
FIR202500263,FIR/0263/2025,PS0250,Chikkaballapura,2025-01-22 07:07,2025-01-23 15:07,Fraud,Land Scam,BNS 318(4),13.556808,77.797272,P007206,P008722,P009550,PI Ramesh Gowda,Chargesheeted
FIR202500176,FIR/0176/2025,PS0147,Bengaluru Urban,2025-01-18 06:09,2025-01-23 15:09,Fraud,Cheating,BNS 318(4),12.903759,77.537424,P001660,P003764,"P004867, P001626",SI Prakash Sharma,Closed
FIR202500264,FIR/0264/2025,PS0078,Bengaluru Rural,2025-01-22 08:37,2025-01-23 16:37,Vehicle Theft,Car Theft,BNS 303(2),13.134,77.574922,P007450,P000952,P003855,PI Ramesh Gowda,Chargesheeted
FIR202500239,FIR/0239/2025,PS0124,Bengaluru Urban,2025-01-21 09:47,2025-01-23 19:47,Cyber Crime,Identity Theft,"IT Act 66D, BNS 318(4)",13.080342,77.693834,P008858,P003358,P000982,PI Harish Naik,Under Investigation
FIR202500295,FIR/0295/2025,PS0121,Bengaluru Urban,2025-01-23 18:56,2025-01-23 19:56,Vehicle Theft,Two-Wheeler Theft,BNS 303(2),13.06631,77.518672,P006232,P007685,P009576,PI Lakshmi Devi,Chargesheeted
FIR202500276,FIR/0276/2025,PS0139,Bengaluru Urban,2025-01-22 16:19,2025-01-23 20:19,Fraud,Land Scam,BNS 318(4),12.823542,77.552635,P007669,P004579,"P003137, P006248",PI Suresh Kulkarni,Chargesheeted
FIR202500225,FIR/0225/2025,PS0047,Belagavi,2025-01-20 16:52,2025-01-23 20:52,POCSO,Sexual Assault on Minor,"POCSO Act Sec 4, BNS 64",15.95377,74.521431,P009580,P009415,P005406,SI Ganesh Rao,Chargesheeted
FIR202500294,FIR/0294/2025,PS0114,Bengaluru Urban,2025-01-23 11:16,2025-01-23 21:16,Fraud,Corporate Fraud,BNS 318(4),12.976383,77.747877,P004815,P008925,P004875,PI Naveen Patil,Untraced
FIR202500293,FIR/0293/2025,PS0093,Bengaluru Rural,2025-01-23 11:01,2025-01-23 22:01,Burglary,Night House Breaking,"BNS 331(3), BNS 331(4)",13.194209,77.564242,P004496,P005842,P009277,SI Ravi Kumar,Under Investigation
FIR202500271,FIR/0271/2025,PS0124,Bengaluru Urban,2025-01-22 13:30,2025-01-23 22:30,Cyber Crime,Financial Fraud,"IT Act 66D, BNS 318(4)",13.078755,77.6619,P003679,P008968,P001211,PI Ramesh Gowda,Chargesheeted
FIR202500284,FIR/0284/2025,PS0152,Bengaluru Urban,2025-01-22 21:38,2025-01-23 22:38,Burglary,Night House Breaking,"BNS 331(3), BNS 331(4)",13.018805,77.401508,P000989,P004575,P006441,PI Ramesh Gowda,Under Investigation
FIR202500281,FIR/0281/2025,PS0237,Chikkaballapura,2025-01-22 20:00,2025-01-24 00:00,Dacoity,Bank Dacoity,BNS 310(2),13.367736,77.662383,P006968,P004586,P001442,SI Divya Hegde,Chargesheeted
FIR202500279,FIR/0279/2025,PS0125,Bengaluru Urban,2025-01-22 18:57,2025-01-24 00:57,Vehicle Theft,Two-Wheeler Theft,BNS 303(2),12.80957,77.695054,P005128,P000186,P007589,SI Prakash Sharma,Chargesheeted
FIR202500248,FIR/0248/2025,PS0092,Bengaluru Rural,2025-01-21 18:06,2025-01-24 03:06,Theft,House Theft,BNS 303(2),13.06785,77.482713,P004515,P008901,P004573,PI Chetan Kumar,Chargesheeted
FIR202500251,FIR/0251/2025,PS0181,Bidar,2025-01-21 19:54,2025-01-24 03:54,Assault,Public Affray,"BNS 115(2), BNS 117(2)",18.023592,77.410927,P000872,P005417,P008082,PI Lakshmi Devi,Untraced
FIR202500209,FIR/0209/2025,PS0072,Bengaluru Rural,2025-01-20 01:08,2025-01-24 06:08,Vehicle Theft,Car Theft,BNS 303(2),13.319773,77.617614,P001654,P000869,P006179,PI Harish Naik,Chargesheeted
FIR202500233,FIR/0233/2025,PS0190,Bidar,2025-01-21 04:20,2025-01-24 08:20,Assault,Public Affray,"BNS 115(2), BNS 117(2)",17.744852,77.576659,P002190,P007473,P005701,SI Ravi Kumar,Chargesheeted
FIR202500255,FIR/0255/2025,PS0134,Bengaluru Urban,2025-01-21 22:04,2025-01-24 09:04,Theft,Pocket Pick,BNS 303(2),12.815032,77.63747,P009232,P009500,P005287,PI Suresh Kulkarni,Under Investigation
FIR202500196,FIR/0196/2025,PS0121,Bengaluru Urban,2025-01-19 06:32,2025-01-24 09:32,Fraud,Cheating,BNS 318(4),13.086058,77.51243,P008558,P001480,P004443,SI Mahesh Bhat,Untraced
FIR202500241,FIR/0241/2025,PS0101,Bengaluru Rural,2025-01-21 12:29,2025-01-24 15:29,Fraud,Cheating,BNS 318(4),13.277615,77.713363,P008024,P009599,P007028,PI Harish Naik,Chargesheeted
FIR202500236,FIR/0236/2025,PS0051,Belagavi,2025-01-21 05:56,2025-01-24 15:56,POCSO,Harassment,"POCSO Act Sec 4, BNS 64",15.998934,74.523516,P002929,P005477,P004531,PI Harish Naik,Closed
FIR202500269,FIR/0269/2025,PS0209,Chamarajanagar,2025-01-22 11:39,2025-01-24 17:39,Robbery,Chain Snatching with Force,BNS 309(4),12.059406,77.004654,P002866,P006126,P004994,PI Ramesh Gowda,Under Investigation
FIR202500303,FIR/0303/2025,PS0091,Bengaluru Rural,2025-01-24 12:07,2025-01-24 18:07,Cyber Crime,Identity Theft,"IT Act 66D, BNS 318(4)",13.069271,77.625488,P007031,P008154,P002527,SI Mahesh Bhat,Under Investigation
FIR202500304,FIR/0304/2025,PS0076,Bengaluru Rural,2025-01-24 15:12,2025-01-24 19:12,Robbery,Chain Snatching with Force,BNS 309(4),13.33676,77.767238,P005345,P005900,P008000,SI Divya Hegde,Under Investigation
FIR202500249,FIR/0249/2025,PS0111,Bengaluru Urban,2025-01-21 18:14,2025-01-24 23:14,Murder,Dowry Homicide,BNS 103(1),12.787915,77.556475,P003134,P004543,P001381,SI Mahesh Bhat,Chargesheeted
FIR202500283,FIR/0283/2025,PS0235,Chikkaballapura,2025-01-22 21:34,2025-01-25 00:34,Vehicle Theft,Car Theft,BNS 303(2),13.305459,77.544049,P000649,P008282,P003939,SI Ganesh Rao,Chargesheeted
FIR202500287,FIR/0287/2025,PS0208,Chamarajanagar,2025-01-22 23:05,2025-01-25 01:05,Vehicle Theft,Car Theft,BNS 303(2),11.820841,77.149267,P009844,P001814,P003367,SI Ravi Kumar,Under Investigation
FIR202500313,FIR/0313/2025,PS0066,Belagavi,2025-01-25 03:00,2025-01-25 04:00,Murder,Personal Enmity,BNS 103(1),15.952366,74.63568,P007731,P007521,P008680,SI Prakash Sharma,Chargesheeted
FIR202500298,FIR/0298/2025,PS0106,Bengaluru Rural,2025-01-24 01:38,2025-01-25 05:38,Murder,Dowry Homicide,BNS 103(1),13.274384,77.526715,P009432,P004033,P008741,SI Prakash Sharma,Chargesheeted
FIR202500311,FIR/0311/2025,PS0096,Bengaluru Rural,2025-01-25 00:56,2025-01-25 05:56,Murder,Gang Conflict,BNS 103(1),13.153952,77.461601,P003639,P004172,P000366,PI Harish Naik,Chargesheeted
FIR202500297,FIR/0297/2025,PS0191,Bidar,2025-01-23 21:57,2025-01-25 08:57,Murder,Personal Enmity,BNS 103(1),17.927138,77.377716,P007275,P007310,P009084,PI Chetan Kumar,Under Investigation
FIR202500292,FIR/0292/2025,PS0246,Chikkaballapura,2025-01-23 08:11,2025-01-25 10:11,POCSO,Harassment,"POCSO Act Sec 4, BNS 64",13.431811,77.740277,P009063,P002697,P008632,SI Mahesh Bhat,Under Investigation
FIR202500301,FIR/0301/2025,PS0242,Chikkaballapura,2025-01-24 04:37,2025-01-25 11:37,Cyber Crime,Financial Fraud,"IT Act 66D, BNS 318(4)",13.269892,77.865643,P008326,P000747,P006685,SI Ganesh Rao,Chargesheeted
FIR202500260,FIR/0260/2025,PS0127,Bengaluru Urban,2025-01-22 03:19,2025-01-25 13:19,Vehicle Theft,Two-Wheeler Theft,BNS 303(2),13.115333,77.658304,P002492,P006089,P001641,PI Lakshmi Devi,Chargesheeted
FIR202500315,FIR/0315/2025,PS0047,Belagavi,2025-01-25 07:12,2025-01-25 14:12,NDPS,Drug Trafficking,NDPS Act Sec 20(b),15.968739,74.550303,P005347,P003298,P001784,PI Lakshmi Devi,Chargesheeted
FIR202500273,FIR/0273/2025,PS0032,Ballari,2025-01-22 14:46,2025-01-25 17:46,Burglary,Day Burglary,"BNS 331(3), BNS 331(4)",15.163372,76.909918,P000360,P000914,P009087,PI Lakshmi Devi,Under Investigation
FIR202500316,FIR/0316/2025,PS0158,Bidar,2025-01-25 12:02,2025-01-25 22:02,Assault,Grievous Hurt,"BNS 115(2), BNS 117(2)",17.909205,77.510621,P009770,P009823,P005316,SI Ravi Kumar,Chargesheeted
FIR202500282,FIR/0282/2025,PS0015,Bagalkote,2025-01-22 20:37,2025-01-26 04:37,Murder,Personal Enmity,BNS 103(1),16.04307,75.687203,P009437,P002839,"P000354, P006897",SI Ravi Kumar,Under Investigation
FIR202500309,FIR/0309/2025,PS0240,Chikkaballapura,2025-01-25 00:27,2025-01-26 05:27,Theft,House Theft,BNS 303(2),13.37535,77.823508,P007110,P004924,P002751,SI Ganesh Rao,Closed
FIR202500306,FIR/0306/2025,PS0100,Bengaluru Rural,2025-01-24 21:12,2025-01-26 07:12,Fraud,Land Scam,BNS 318(4),13.156576,77.550323,P000018,P006602,P008664,PI Chetan Kumar,Untraced
FIR202500308,FIR/0308/2025,PS0070,Bengaluru Rural,2025-01-24 23:21,2025-01-26 07:21,Fraud,Cheating,BNS 318(4),13.26484,77.768223,P003215,P005971,P001895,SI Ravi Kumar,Chargesheeted
FIR202500310,FIR/0310/2025,PS0185,Bidar,2025-01-25 00:34,2025-01-26 07:34,Assault,Public Affray,"BNS 115(2), BNS 117(2)",17.893492,77.507974,P004800,P002440,P009046,PI Lakshmi Devi,Under Investigation
FIR202500314,FIR/0314/2025,PS0083,Bengaluru Rural,2025-01-25 04:52,2025-01-26 08:52,Vehicle Theft,Car Theft,BNS 303(2),13.242078,77.551929,P002898,P004268,P003218,SI Divya Hegde,Closed
FIR202500302,FIR/0302/2025,PS0089,Bengaluru Rural,2025-01-24 10:56,2025-01-26 17:56,NDPS,Drug Trafficking,NDPS Act Sec 20(b),13.385733,77.621457,P008863,P004052,P005204,PI Lakshmi Devi,Chargesheeted
FIR202500268,FIR/0268/2025,PS0029,Ballari,2025-01-22 11:15,2025-01-26 19:15,Assault,Grievous Hurt,"BNS 115(2), BNS 117(2)",14.97852,76.874226,P008620,P003903,P003683,SI Prakash Sharma,Under Investigation
FIR202500326,FIR/0326/2025,PS0071,Bengaluru Rural,2025-01-26 13:54,2025-01-26 19:54,Burglary,Day Burglary,"BNS 331(3), BNS 331(4)",13.042368,77.496323,P002456,P008031,"P009162, P005850",PI Lakshmi Devi,Under Investigation
FIR202500325,FIR/0325/2025,PS0012,Bagalkote,2025-01-26 12:49,2025-01-26 22:49,Theft,House Theft,BNS 303(2),16.276591,75.831246,P009932,P007174,P008647,SI Ravi Kumar,Under Investigation
FIR202500278,FIR/0278/2025,PS0132,Bengaluru Urban,2025-01-22 17:47,2025-01-26 23:47,Assault,Simple Assault,"BNS 115(2), BNS 117(2)",12.98119,77.656997,P000278,P004510,P004572,SI Ganesh Rao,Untraced
FIR202500318,FIR/0318/2025,PS0148,Bengaluru Urban,2025-01-25 17:54,2025-01-27 01:54,Assault,Public Affray,"BNS 115(2), BNS 117(2)",12.864,77.648256,P006734,P004176,P008622,SI Ganesh Rao,Chargesheeted
FIR202500307,FIR/0307/2025,PS0191,Bidar,2025-01-24 21:17,2025-01-27 02:17,Theft,House Theft,BNS 303(2),17.919673,77.378435,P007498,P000549,P002175,PI Harish Naik,Under Investigation
FIR202500296,FIR/0296/2025,PS0087,Bengaluru Rural,2025-01-23 19:31,2025-01-27 02:31,Theft,Snatching,BNS 303(2),13.125033,77.500809,P002579,P000070,P002188,PI Naveen Patil,Under Investigation
FIR202500328,FIR/0328/2025,PS0040,Ballari,2025-01-27 02:07,2025-01-27 03:07,Dacoity,Armed Dacoity,BNS 310(2),15.315767,76.832745,P006298,P006022,P000709,PI Chetan Kumar,Under Investigation
FIR202500299,FIR/0299/2025,PS0080,Bengaluru Rural,2025-01-24 03:28,2025-01-27 07:28,Burglary,Day Burglary,"BNS 331(3), BNS 331(4)",13.380739,77.606433,P006481,P008947,P001529,PI Chetan Kumar,Chargesheeted
FIR202500324,FIR/0324/2025,PS0136,Bengaluru Urban,2025-01-26 10:53,2025-01-27 13:53,Fraud,Cheating,BNS 318(4),12.836489,77.62345,P002192,P007813,P004466,SI Divya Hegde,Under Investigation
FIR202500312,FIR/0312/2025,PS0184,Bidar,2025-01-25 02:03,2025-01-27 14:03,Assault,Public Affray,"BNS 115(2), BNS 117(2)",17.911425,77.619598,P001366,P001734,P001128,SI Divya Hegde,Chargesheeted
FIR202500322,FIR/0322/2025,PS0123,Bengaluru Urban,2025-01-26 08:32,2025-01-27 15:32,Burglary,Night House Breaking,"BNS 331(3), BNS 331(4)",13.013823,77.490273,P003259,P008617,P009370,PI Suresh Kulkarni,Under Investigation
FIR202500332,FIR/0332/2025,PS0015,Bagalkote,2025-01-27 08:34,2025-01-27 15:34,Theft,Pocket Pick,BNS 303(2),16.031935,75.673271,P005754,P000456,P008884,PI Lakshmi Devi,Chargesheeted
FIR202500262,FIR/0262/2025,PS0065,Belagavi,2025-01-22 05:43,2025-01-27 16:43,Theft,Snatching,BNS 303(2),15.748437,74.425616,P006961,P003500,P000406,SI Ravi Kumar,Chargesheeted
FIR202500321,FIR/0321/2025,PS0136,Bengaluru Urban,2025-01-26 07:55,2025-01-27 16:55,Cyber Crime,Identity Theft,"IT Act 66D, BNS 318(4)",12.831553,77.622235,P002339,P001044,P002917,SI Mahesh Bhat,Under Investigation
FIR202500330,FIR/0330/2025,PS0124,Bengaluru Urban,2025-01-27 07:00,2025-01-27 17:00,Vehicle Theft,Two-Wheeler Theft,BNS 303(2),13.065884,77.667983,P000519,P006750,P005046,SI Prakash Sharma,Chargesheeted
FIR202500333,FIR/0333/2025,PS0226,Chamarajanagar,2025-01-27 14:24,2025-01-27 21:24,Dacoity,Armed Dacoity,BNS 310(2),11.767962,76.990912,P001505,P009147,"P000333, P009537",SI Divya Hegde,Chargesheeted
FIR202500329,FIR/0329/2025,PS0077,Bengaluru Rural,2025-01-27 03:36,2025-01-28 06:36,POCSO,Sexual Assault on Minor,"POCSO Act Sec 4, BNS 64",13.345989,77.629349,P000609,P001144,P007198,PI Ramesh Gowda,Chargesheeted
FIR202500331,FIR/0331/2025,PS0119,Bengaluru Urban,2025-01-27 07:52,2025-01-28 09:52,Assault,Public Affray,"BNS 115(2), BNS 117(2)",12.836524,77.783007,P005167,P004299,P008584,PI Chetan Kumar,Under Investigation
FIR202500338,FIR/0338/2025,PS0195,Chamarajanagar,2025-01-28 04:18,2025-01-28 10:18,POCSO,Sexual Assault on Minor,"POCSO Act Sec 4, BNS 64",11.858906,77.051503,P002284,P009317,P003701,PI Harish Naik,Under Investigation
FIR202500344,FIR/0344/2025,PS0101,Bengaluru Rural,2025-01-28 10:23,2025-01-28 11:23,Assault,Public Affray,"BNS 115(2), BNS 117(2)",13.283285,77.72813,P003983,P003286,P008140,SI Mahesh Bhat,Chargesheeted
FIR202500300,FIR/0300/2025,PS0032,Ballari,2025-01-24 04:35,2025-01-28 11:35,Cyber Crime,Identity Theft,"IT Act 66D, BNS 318(4)",15.147191,76.885444,P000918,P000225,P001380,SI Ganesh Rao,Chargesheeted
FIR202500339,FIR/0339/2025,PS0230,Chamarajanagar,2025-01-28 05:34,2025-01-28 12:34,Murder,Personal Enmity,BNS 103(1),11.743416,77.04176,P001175,P007213,P002143,PI Lakshmi Devi,Closed
FIR202500346,FIR/0346/2025,PS0070,Bengaluru Rural,2025-01-28 11:21,2025-01-28 14:21,Theft,Pocket Pick,BNS 303(2),13.282215,77.761141,P001675,P009270,P007918,SI Mahesh Bhat,Under Investigation
FIR202500343,FIR/0343/2025,PS0102,Bengaluru Rural,2025-01-28 09:54,2025-01-28 14:54,Vehicle Theft,Car Theft,BNS 303(2),13.103088,77.653732,P005793,P009859,P000560,PI Harish Naik,Under Investigation
FIR202500341,FIR/0341/2025,PS0221,Chamarajanagar,2025-01-28 07:04,2025-01-28 17:04,Dacoity,Bank Dacoity,BNS 310(2),12.050704,77.106082,P002967,P008689,P002913,SI Ganesh Rao,Chargesheeted
FIR202500320,FIR/0320/2025,PS0037,Ballari,2025-01-26 06:12,2025-01-28 18:12,POCSO,Sexual Assault on Minor,"POCSO Act Sec 4, BNS 64",15.075781,77.064398,P002323,P000038,P008205,SI Mahesh Bhat,Under Investigation
FIR202500347,FIR/0347/2025,PS0040,Ballari,2025-01-28 11:38,2025-01-28 18:38,Robbery,Highway Robbery,BNS 309(4),15.32605,76.824478,P003963,P009408,P000962,SI Ganesh Rao,Chargesheeted
FIR202500317,FIR/0317/2025,PS0207,Chamarajanagar,2025-01-25 16:59,2025-01-28 18:59,Murder,Personal Enmity,BNS 103(1),12.081579,77.101319,P006050,P001157,"P008798, P007326",PI Harish Naik,Chargesheeted
FIR202500334,FIR/0334/2025,PS0240,Chikkaballapura,2025-01-27 18:31,2025-01-28 22:31,Murder,Personal Enmity,BNS 103(1),13.382467,77.81161,P009934,P006156,P008603,PI Chetan Kumar,Under Investigation
FIR202500335,FIR/0335/2025,PS0056,Belagavi,2025-01-27 23:15,2025-01-29 00:15,Robbery,Chain Snatching with Force,BNS 309(4),15.758609,74.597594,P004060,P008815,P002403,PI Naveen Patil,Under Investigation
FIR202500348,FIR/0348/2025,PS0141,Bengaluru Urban,2025-01-28 13:14,2025-01-29 01:14,NDPS,Possession of Narcotics,NDPS Act Sec 20(b),12.876388,77.390567,P000119,P003671,P003618,SI Ganesh Rao,Chargesheeted
FIR202500319,FIR/0319/2025,PS0086,Bengaluru Rural,2025-01-25 17:56,2025-01-29 01:56,Theft,House Theft,BNS 303(2),13.310544,77.502128,P006492,P008217,P006911,SI Divya Hegde,Chargesheeted
FIR202500327,FIR/0327/2025,PS0055,Belagavi,2025-01-26 21:51,2025-01-29 02:51,Theft,Snatching,BNS 303(2),15.83444,74.344299,P006614,P004076,P000932,SI Mahesh Bhat,Under Investigation
FIR202500349,FIR/0349/2025,PS0190,Bidar,2025-01-29 01:24,2025-01-29 05:24,Cyber Crime,Phishing,"IT Act 66D, BNS 318(4)",17.759006,77.571641,P005328,P000123,"P009221, P008854",PI Naveen Patil,Chargesheeted
FIR202500337,FIR/0337/2025,PS0071,Bengaluru Rural,2025-01-28 04:01,2025-01-29 06:01,Dacoity,Armed Dacoity,BNS 310(2),13.04898,77.498669,P004986,P003877,P007329,PI Harish Naik,Under Investigation
FIR202500342,FIR/0342/2025,PS0126,Bengaluru Urban,2025-01-28 07:14,2025-01-29 13:14,Dacoity,Armed Dacoity,BNS 310(2),12.85708,77.547545,P008162,P003577,P008147,PI Harish Naik,Chargesheeted
FIR202500345,FIR/0345/2025,PS0244,Chikkaballapura,2025-01-28 10:33,2025-01-29 13:33,Assault,Grievous Hurt,"BNS 115(2), BNS 117(2)",13.304404,77.910161,P004442,P004690,P000528,PI Harish Naik,Under Investigation
FIR202500305,FIR/0305/2025,PS0116,Bengaluru Urban,2025-01-24 15:39,2025-01-29 17:39,Cyber Crime,Phishing,"IT Act 66D, BNS 318(4)",13.006989,77.54873,P000250,P005951,P009806,PI Chetan Kumar,Chargesheeted
FIR202500352,FIR/0352/2025,PS0044,Ballari,2025-01-29 08:55,2025-01-29 19:55,Theft,Pocket Pick,BNS 303(2),15.292811,76.906421,P001991,P008269,P004786,SI Ganesh Rao,Chargesheeted
FIR202500353,FIR/0353/2025,PS0101,Bengaluru Rural,2025-01-29 22:03,2025-01-30 03:03,Vehicle Theft,Two-Wheeler Theft,BNS 303(2),13.24975,77.737254,P000806,P002834,P009208,PI Chetan Kumar,Under Investigation
FIR202500350,FIR/0350/2025,PS0014,Bagalkote,2025-01-29 03:08,2025-01-30 07:08,Vehicle Theft,Car Theft,BNS 303(2),16.301791,75.831096,P008726,P004505,P001004,PI Chetan Kumar,Under Investigation
FIR202500351,FIR/0351/2025,PS0133,Bengaluru Urban,2025-01-29 06:17,2025-01-30 09:17,Cyber Crime,Phishing,"IT Act 66D, BNS 318(4)",13.019819,77.543344,P001306,P005552,P001734,PI Naveen Patil,Closed
FIR202500340,FIR/0340/2025,PS0076,Bengaluru Rural,2025-01-28 06:36,2025-01-30 11:36,Fraud,Land Scam,BNS 318(4),13.337105,77.76433,P009623,P006511,P008706,PI Chetan Kumar,Under Investigation
FIR202500359,FIR/0359/2025,PS0082,Bengaluru Rural,2025-01-30 15:37,2025-01-30 18:37,Theft,House Theft,BNS 303(2),13.349829,77.402099,P006465,P008755,P003437,SI Ganesh Rao,Chargesheeted
FIR202500355,FIR/0355/2025,PS0014,Bagalkote,2025-01-30 07:45,2025-01-30 18:45,Cyber Crime,Identity Theft,"IT Act 66D, BNS 318(4)",16.320599,75.828368,P007984,P004883,P007625,SI Ganesh Rao,Untraced
FIR202500323,FIR/0323/2025,PS0126,Bengaluru Urban,2025-01-26 10:47,2025-01-30 21:47,Murder,Personal Enmity,BNS 103(1),12.888679,77.552533,P000893,P009500,P005392,PI Naveen Patil,Chargesheeted
FIR202500357,FIR/0357/2025,PS0048,Belagavi,2025-01-30 13:15,2025-01-30 23:15,Burglary,Night House Breaking,"BNS 331(3), BNS 331(4)",15.747284,74.48819,P000731,P008143,P005797,SI Prakash Sharma,Untraced
FIR202500356,FIR/0356/2025,PS0152,Bengaluru Urban,2025-01-30 12:27,2025-01-31 00:27,Vehicle Theft,Two-Wheeler Theft,BNS 303(2),13.01455,77.407578,P002848,P009144,P001173,PI Ramesh Gowda,Closed
FIR202500365,FIR/0365/2025,PS0029,Ballari,2025-01-31 03:24,2025-01-31 05:24,Robbery,Chain Snatching with Force,BNS 309(4),14.97683,76.9055,P005524,P003846,P006493,SI Mahesh Bhat,Closed
FIR202500354,FIR/0354/2025,PS0068,Belagavi,2025-01-30 03:48,2025-01-31 06:48,Burglary,Day Burglary,"BNS 331(3), BNS 331(4)",16.043924,74.385195,P001267,P009018,P000559,SI Ganesh Rao,Under Investigation
FIR202500336,FIR/0336/2025,PS0098,Bengaluru Rural,2025-01-28 02:06,2025-01-31 07:06,Theft,Pocket Pick,BNS 303(2),13.275011,77.737189,P006243,P006339,P008146,PI Naveen Patil,Under Investigation
FIR202500366,FIR/0366/2025,PS0132,Bengaluru Urban,2025-01-31 07:06,2025-01-31 08:06,Cyber Crime,Phishing,"IT Act 66D, BNS 318(4)",13.015257,77.685204,P001768,P009140,"P008579, P002105",PI Suresh Kulkarni,Under Investigation
FIR202500362,FIR/0362/2025,PS0135,Bengaluru Urban,2025-01-31 00:30,2025-01-31 09:30,Cyber Crime,Phishing,"IT Act 66D, BNS 318(4)",12.936897,77.446025,P001383,P005772,P000688,SI Ganesh Rao,Under Investigation
FIR202500364,FIR/0364/2025,PS0134,Bengaluru Urban,2025-01-31 01:46,2025-01-31 13:46,Cyber Crime,Phishing,"IT Act 66D, BNS 318(4)",12.804745,77.630373,P008937,P005842,P001558,PI Suresh Kulkarni,Chargesheeted
FIR202500368,FIR/0368/2025,PS0112,Bengaluru Urban,2025-01-31 07:47,2025-01-31 14:47,Cyber Crime,Financial Fraud,"IT Act 66D, BNS 318(4)",13.11652,77.592077,P002680,P006993,P007583,PI Chetan Kumar,Untraced
FIR202500361,FIR/0361/2025,PS0026,Ballari,2025-01-30 22:55,2025-01-31 23:55,Assault,Public Affray,"BNS 115(2), BNS 117(2)",15.213426,76.951145,P006130,P007558,P007251,PI Harish Naik,Under Investigation
FIR202500369,FIR/0369/2025,PS0019,Bagalkote,2025-01-31 18:21,2025-02-01 00:21,POCSO,Sexual Assault on Minor,"POCSO Act Sec 4, BNS 64",16.055324,75.876704,P003537,P009594,P003972,PI Lakshmi Devi,Chargesheeted
FIR202500358,FIR/0358/2025,PS0125,Bengaluru Urban,2025-01-30 13:26,2025-02-01 01:26,Cyber Crime,Financial Fraud,"IT Act 66D, BNS 318(4)",12.790816,77.702423,P002061,P006531,P007206,SI Divya Hegde,Under Investigation
FIR202500372,FIR/0372/2025,PS0113,Bengaluru Urban,2025-01-31 19:44,2025-02-01 01:44,Fraud,Corporate Fraud,BNS 318(4),13.17135,77.486398,P004297,P001777,P009357,SI Ravi Kumar,Under Investigation
FIR202500378,FIR/0378/2025,PS0074,Bengaluru Rural,2025-02-01 01:38,2025-02-01 03:38,Cyber Crime,Phishing,"IT Act 66D, BNS 318(4)",13.176815,77.561517,P004023,P009759,P006623,PI Ramesh Gowda,Chargesheeted
FIR202500363,FIR/0363/2025,PS0051,Belagavi,2025-01-31 01:26,2025-02-01 13:26,Murder,Personal Enmity,BNS 103(1),15.991028,74.514018,P004248,P003831,P001403,SI Prakash Sharma,Under Investigation
FIR202500381,FIR/0381/2025,PS0215,Chamarajanagar,2025-02-01 16:21,2025-02-01 19:21,Assault,Simple Assault,"BNS 115(2), BNS 117(2)",11.884001,76.985003,P002641,P009710,P001295,SI Prakash Sharma,Under Investigation
FIR202500385,FIR/0385/2025,PS0001,Bagalkote,2025-02-01 20:01,2025-02-01 22:01,Fraud,Corporate Fraud,BNS 318(4),16.17286,75.590612,P008087,P003611,P008927,PI Ramesh Gowda,Under Investigation
FIR202500380,FIR/0380/2025,PS0112,Bengaluru Urban,2025-02-01 15:51,2025-02-01 22:51,Murder,Gang Conflict,BNS 103(1),13.119218,77.587931,P007193,P001856,P008087,SI Ganesh Rao,Chargesheeted
FIR202500377,FIR/0377/2025,PS0219,Chamarajanagar,2025-01-31 23:17,2025-02-02 00:17,Burglary,Day Burglary,"BNS 331(3), BNS 331(4)",11.848667,76.898482,P004507,P002638,P003315,PI Harish Naik,Chargesheeted
FIR202500373,FIR/0373/2025,PS0158,Bidar,2025-01-31 20:09,2025-02-02 02:09,Robbery,Highway Robbery,BNS 309(4),17.918695,77.505132,P007998,P007056,P001283,PI Naveen Patil,Untraced
FIR202500360,FIR/0360/2025,PS0077,Bengaluru Rural,2025-01-30 18:18,2025-02-02 04:18,Dacoity,Bank Dacoity,BNS 310(2),13.336785,77.601753,P008211,P000185,"P001291, P003169",SI Prakash Sharma,Under Investigation
FIR202500382,FIR/0382/2025,PS0103,Bengaluru Rural,2025-02-01 18:04,2025-02-02 05:04,POCSO,Sexual Assault on Minor,"POCSO Act Sec 4, BNS 64",13.314289,77.464842,P005154,P009765,P008003,SI Prakash Sharma,Under Investigation
FIR202500386,FIR/0386/2025,PS0045,Ballari,2025-02-02 01:06,2025-02-02 10:06,NDPS,Drug Trafficking,NDPS Act Sec 20(b),15.006013,76.881259,P004200,P003323,P002977,SI Divya Hegde,Chargesheeted
FIR202500387,FIR/0387/2025,PS0229,Chamarajanagar,2025-02-02 03:39,2025-02-02 11:39,Theft,Pocket Pick,BNS 303(2),12.059601,77.026513,P004625,P003252,P000657,PI Harish Naik,Chargesheeted
FIR202500391,FIR/0391/2025,PS0185,Bidar,2025-02-02 12:08,2025-02-02 13:08,Murder,Gang Conflict,BNS 103(1),17.9013,77.498107,P006737,P000313,P009106,PI Lakshmi Devi,Untraced
FIR202500392,FIR/0392/2025,PS0145,Bengaluru Urban,2025-02-02 12:29,2025-02-02 14:29,Cyber Crime,Identity Theft,"IT Act 66D, BNS 318(4)",12.809505,77.57067,P006806,P004697,P001732,PI Lakshmi Devi,Chargesheeted
FIR202500395,FIR/0395/2025,PS0080,Bengaluru Rural,2025-02-02 15:12,2025-02-02 18:12,Theft,House Theft,BNS 303(2),13.390477,77.579479,P007322,P004034,P008558,SI Divya Hegde,Chargesheeted
FIR202500371,FIR/0371/2025,PS0071,Bengaluru Rural,2025-01-31 19:25,2025-02-02 23:25,Murder,Personal Enmity,BNS 103(1),13.055866,77.503158,P004097,P008568,"P002619, P008354",SI Divya Hegde,Untraced
FIR202500393,FIR/0393/2025,PS0147,Bengaluru Urban,2025-02-02 13:47,2025-02-02 23:47,Murder,Dowry Homicide,BNS 103(1),12.922963,77.560525,P008678,P002467,P001969,PI Suresh Kulkarni,Under Investigation
FIR202500374,FIR/0374/2025,PS0010,Bagalkote,2025-01-31 21:22,2025-02-03 00:22,Theft,House Theft,BNS 303(2),16.160825,75.800457,P005774,P005663,P006020,PI Naveen Patil,Untraced
FIR202500396,FIR/0396/2025,PS0087,Bengaluru Rural,2025-02-02 15:24,2025-02-03 00:24,Robbery,Highway Robbery,BNS 309(4),13.133969,77.504476,P006679,P002282,P000419,PI Ramesh Gowda,Chargesheeted
FIR202500394,FIR/0394/2025,PS0027,Ballari,2025-02-02 14:56,2025-02-03 00:56,Dacoity,Bank Dacoity,BNS 310(2),15.051586,77.069126,P008853,P001401,P000995,SI Divya Hegde,Chargesheeted
FIR202500376,FIR/0376/2025,PS0094,Bengaluru Rural,2025-01-31 23:15,2025-02-03 01:15,Theft,House Theft,BNS 303(2),13.083572,77.684058,P005608,P008070,P002306,SI Mahesh Bhat,Chargesheeted
FIR202500384,FIR/0384/2025,PS0115,Bengaluru Urban,2025-02-01 19:12,2025-02-03 04:12,Cyber Crime,Identity Theft,"IT Act 66D, BNS 318(4)",12.895086,77.388434,P003577,P007561,P004104,PI Lakshmi Devi,Under Investigation
FIR202500399,FIR/0399/2025,PS0144,Bengaluru Urban,2025-02-03 01:34,2025-02-03 07:34,Murder,Dowry Homicide,BNS 103(1),12.84257,77.580509,P004036,P003077,P000319,PI Ramesh Gowda,Under Investigation
FIR202500402,FIR/0402/2025,PS0150,Bengaluru Urban,2025-02-03 07:17,2025-02-03 10:17,Cyber Crime,Phishing,"IT Act 66D, BNS 318(4)",13.074253,77.706249,P003626,P006329,P009011,SI Ravi Kumar,Chargesheeted
FIR202500389,FIR/0389/2025,PS0103,Bengaluru Rural,2025-02-02 06:08,2025-02-03 11:08,Robbery,Highway Robbery,BNS 309(4),13.321513,77.457144,P004997,P009794,P009283,PI Ramesh Gowda,Chargesheeted
FIR202500400,FIR/0400/2025,PS0081,Bengaluru Rural,2025-02-03 03:30,2025-02-03 12:30,Robbery,Chain Snatching with Force,BNS 309(4),13.169072,77.599061,P002517,P006457,P009948,PI Harish Naik,Untraced
FIR202500404,FIR/0404/2025,PS0122,Bengaluru Urban,2025-02-03 08:44,2025-02-03 12:44,Fraud,Cheating,BNS 318(4),13.104714,77.554382,P007645,P009827,P009729,PI Harish Naik,Chargesheeted
FIR202500410,FIR/0410/2025,PS0025,Bagalkote,2025-02-03 15:31,2025-02-03 18:31,Burglary,Night House Breaking,"BNS 331(3), BNS 331(4)",16.342171,75.851428,P006140,P008034,P007480,SI Ravi Kumar,Closed
FIR202500379,FIR/0379/2025,PS0178,Bidar,2025-02-01 08:30,2025-02-03 19:30,Murder,Personal Enmity,BNS 103(1),17.89572,77.488361,P001373,P001725,P005292,SI Ganesh Rao,Chargesheeted
FIR202500370,FIR/0370/2025,PS0121,Bengaluru Urban,2025-01-31 19:13,2025-02-03 20:13,Fraud,Cheating,BNS 318(4),13.103478,77.504239,P000998,P002624,P006325,SI Ganesh Rao,Chargesheeted
FIR202500407,FIR/0407/2025,PS0143,Bengaluru Urban,2025-02-03 12:25,2025-02-03 20:25,Assault,Simple Assault,"BNS 115(2), BNS 117(2)",12.781027,77.426744,P009367,P001932,P001620,SI Ravi Kumar,Under Investigation
FIR202500397,FIR/0397/2025,PS0109,Bengaluru Rural,2025-02-02 20:40,2025-02-03 22:40,Assault,Public Affray,"BNS 115(2), BNS 117(2)",13.096412,77.588872,P003519,P009823,"P003201, P008798",SI Mahesh Bhat,Under Investigation
FIR202500412,FIR/0412/2025,PS0150,Bengaluru Urban,2025-02-03 21:56,2025-02-03 22:56,Cyber Crime,Financial Fraud,"IT Act 66D, BNS 318(4)",13.099354,77.729144,P003222,P000265,P008493,PI Lakshmi Devi,Closed
FIR202500375,FIR/0375/2025,PS0079,Bengaluru Rural,2025-01-31 22:46,2025-02-03 23:46,NDPS,Drug Trafficking,NDPS Act Sec 20(b),13.101021,77.445014,P002293,P007425,P004711,PI Naveen Patil,Chargesheeted
FIR202500388,FIR/0388/2025,PS0005,Bagalkote,2025-02-02 05:14,2025-02-04 11:14,NDPS,Possession of Narcotics,NDPS Act Sec 20(b),16.156355,75.573162,P009695,P005625,P007165,SI Ravi Kumar,Chargesheeted
FIR202500415,FIR/0415/2025,PS0087,Bengaluru Rural,2025-02-04 03:26,2025-02-04 12:26,Fraud,Cheating,BNS 318(4),13.160529,77.538248,P009484,P005301,"P004453, P005162",PI Ramesh Gowda,Closed
FIR202500414,FIR/0414/2025,PS0095,Bengaluru Rural,2025-02-04 01:21,2025-02-04 13:21,Robbery,Highway Robbery,BNS 309(4),13.090006,77.390466,P004983,P006630,P007254,PI Suresh Kulkarni,Chargesheeted
FIR202500406,FIR/0406/2025,PS0077,Bengaluru Rural,2025-02-03 09:37,2025-02-04 15:37,Murder,Gang Conflict,BNS 103(1),13.350909,77.613917,P000147,P003761,P001042,SI Prakash Sharma,Chargesheeted
FIR202500413,FIR/0413/2025,PS0204,Chamarajanagar,2025-02-03 22:07,2025-02-04 23:07,Murder,Personal Enmity,BNS 103(1),12.037208,77.082682,P001875,P007489,P005894,SI Ravi Kumar,Closed
FIR202500421,FIR/0421/2025,PS0116,Bengaluru Urban,2025-02-04 16:08,2025-02-05 02:08,Cyber Crime,Financial Fraud,"IT Act 66D, BNS 318(4)",12.9754,77.538988,P007035,P001493,P009135,PI Suresh Kulkarni,Untraced
FIR202500383,FIR/0383/2025,PS0086,Bengaluru Rural,2025-02-01 18:35,2025-02-05 04:35,Assault,Grievous Hurt,"BNS 115(2), BNS 117(2)",13.306083,77.502018,P004383,P001128,P005570,SI Mahesh Bhat,Under Investigation
FIR202500416,FIR/0416/2025,PS0086,Bengaluru Rural,2025-02-04 04:07,2025-02-05 06:07,Fraud,Corporate Fraud,BNS 318(4),13.324682,77.498035,P001480,P007366,P005344,SI Mahesh Bhat,Chargesheeted
FIR202500417,FIR/0417/2025,PS0140,Bengaluru Urban,2025-02-04 04:39,2025-02-05 08:39,Burglary,Day Burglary,"BNS 331(3), BNS 331(4)",13.042994,77.668077,P004099,P008250,P005178,PI Harish Naik,Chargesheeted
FIR202500418,FIR/0418/2025,PS0116,Bengaluru Urban,2025-02-04 06:43,2025-02-05 08:43,Fraud,Corporate Fraud,BNS 318(4),13.006868,77.527639,P004843,P008058,P009318,PI Naveen Patil,Under Investigation
FIR202500425,FIR/0425/2025,PS0074,Bengaluru Rural,2025-02-05 05:10,2025-02-05 10:10,Burglary,Night House Breaking,"BNS 331(3), BNS 331(4)",13.166009,77.572348,P005506,P003987,P001172,PI Ramesh Gowda,Chargesheeted
FIR202500428,FIR/0428/2025,PS0103,Bengaluru Rural,2025-02-05 07:40,2025-02-05 10:40,Robbery,Chain Snatching with Force,BNS 309(4),13.321036,77.464777,P001092,P003179,P005404,PI Naveen Patil,Chargesheeted
FIR202500424,FIR/0424/2025,PS0084,Bengaluru Rural,2025-02-05 03:48,2025-02-05 11:48,Assault,Grievous Hurt,"BNS 115(2), BNS 117(2)",13.152111,77.55892,P001873,P002621,P004663,SI Mahesh Bhat,Closed
FIR202500367,FIR/0367/2025,PS0155,Bidar,2025-01-31 07:39,2025-02-05 13:39,Robbery,Chain Snatching with Force,BNS 309(4),17.977512,77.3355,P006235,P009149,P003536,PI Suresh Kulkarni,Chargesheeted
FIR202500409,FIR/0409/2025,PS0042,Ballari,2025-02-03 12:45,2025-02-05 18:45,NDPS,Drug Trafficking,NDPS Act Sec 20(b),15.051664,77.003034,P008762,P005709,P008816,PI Chetan Kumar,Chargesheeted
FIR202500431,FIR/0431/2025,PS0162,Bidar,2025-02-05 15:00,2025-02-05 21:00,Theft,Pocket Pick,BNS 303(2),17.988313,77.46996,P004619,P000570,P008149,SI Divya Hegde,Chargesheeted
FIR202500422,FIR/0422/2025,PS0071,Bengaluru Rural,2025-02-04 17:13,2025-02-05 21:13,Assault,Public Affray,"BNS 115(2), BNS 117(2)",13.017643,77.497587,P008260,P006209,P008896,SI Prakash Sharma,Untraced
FIR202500420,FIR/0420/2025,PS0095,Bengaluru Rural,2025-02-04 13:04,2025-02-05 22:04,Assault,Simple Assault,"BNS 115(2), BNS 117(2)",13.112262,77.400237,P000143,P006288,P006852,SI Ganesh Rao,Under Investigation
FIR202500408,FIR/0408/2025,PS0225,Chamarajanagar,2025-02-03 12:41,2025-02-06 00:41,Vehicle Theft,Two-Wheeler Theft,BNS 303(2),12.002848,76.788848,P008815,P008590,P002221,SI Divya Hegde,Chargesheeted
FIR202500411,FIR/0411/2025,PS0104,Bengaluru Rural,2025-02-03 21:03,2025-02-06 03:03,Robbery,Chain Snatching with Force,BNS 309(4),13.409045,77.54155,P009512,P004226,P009046,SI Mahesh Bhat,Under Investigation
FIR202500398,FIR/0398/2025,PS0080,Bengaluru Rural,2025-02-02 23:29,2025-02-06 03:29,Dacoity,Armed Dacoity,BNS 310(2),13.381742,77.583026,P009639,P004164,P005631,PI Suresh Kulkarni,Chargesheeted
FIR202500435,FIR/0435/2025,PS0100,Bengaluru Rural,2025-02-06 03:04,2025-02-06 07:04,Cyber Crime,Financial Fraud,"IT Act 66D, BNS 318(4)",13.158856,77.530737,P009469,P002114,P005515,PI Ramesh Gowda,Chargesheeted
FIR202500390,FIR/0390/2025,PS0197,Chamarajanagar,2025-02-02 06:38,2025-02-06 10:38,Burglary,Night House Breaking,"BNS 331(3), BNS 331(4)",11.842884,77.059889,P002745,P002069,P002372,SI Divya Hegde,Chargesheeted
FIR202500426,FIR/0426/2025,PS0103,Bengaluru Rural,2025-02-05 05:28,2025-02-06 11:28,POCSO,Harassment,"POCSO Act Sec 4, BNS 64",13.337119,77.464926,P005442,P005636,P000323,SI Ganesh Rao,Chargesheeted
FIR202500436,FIR/0436/2025,PS0099,Bengaluru Rural,2025-02-06 08:38,2025-02-06 17:38,NDPS,Drug Trafficking,NDPS Act Sec 20(b),13.268195,77.703124,P007617,P009466,P004911,PI Chetan Kumar,Under Investigation
FIR202500401,FIR/0401/2025,PS0157,Bidar,2025-02-03 06:56,2025-02-06 17:56,Burglary,Day Burglary,"BNS 331(3), BNS 331(4)",17.814386,77.56298,P003019,P008139,"P003296, P000656",SI Ganesh Rao,Chargesheeted
FIR202500423,FIR/0423/2025,PS0141,Bengaluru Urban,2025-02-04 18:42,2025-02-06 20:42,Theft,House Theft,BNS 303(2),12.852328,77.424069,P002124,P008622,P009030,PI Lakshmi Devi,Under Investigation
FIR202500430,FIR/0430/2025,PS0074,Bengaluru Rural,2025-02-05 11:00,2025-02-06 22:00,Burglary,Night House Breaking,"BNS 331(3), BNS 331(4)",13.181207,77.567857,P001110,P007431,P005581,PI Ramesh Gowda,Under Investigation
FIR202500437,FIR/0437/2025,PS0210,Chamarajanagar,2025-02-06 16:03,2025-02-07 00:03,Vehicle Theft,Car Theft,BNS 303(2),12.015793,76.811475,P008546,P002342,P008197,SI Prakash Sharma,Under Investigation
FIR202500403,FIR/0403/2025,PS0156,Bidar,2025-02-03 08:12,2025-02-07 09:12,Assault,Public Affray,"BNS 115(2), BNS 117(2)",17.99466,77.482781,P008608,P001521,P007448,PI Harish Naik,Under Investigation
FIR202500427,FIR/0427/2025,PS0130,Bengaluru Urban,2025-02-05 06:09,2025-02-07 17:09,Burglary,Day Burglary,"BNS 331(3), BNS 331(4)",13.113683,77.463294,P007414,P004381,P006532,PI Chetan Kumar,Chargesheeted
FIR202500405,FIR/0405/2025,PS0004,Bagalkote,2025-02-03 09:26,2025-02-07 17:26,Vehicle Theft,Car Theft,BNS 303(2),16.013403,75.692241,P000469,P006550,P006942,PI Naveen Patil,Under Investigation
FIR202500440,FIR/0440/2025,PS0205,Chamarajanagar,2025-02-07 08:59,2025-02-07 19:59,NDPS,Possession of Narcotics,NDPS Act Sec 20(b),11.932545,76.774735,P002414,P008814,P005458,SI Prakash Sharma,Chargesheeted
FIR202500432,FIR/0432/2025,PS0196,Chamarajanagar,2025-02-05 17:29,2025-02-07 20:29,Fraud,Corporate Fraud,BNS 318(4),12.002248,76.935374,P007856,P008100,P000103,SI Prakash Sharma,Closed
FIR202500443,FIR/0443/2025,PS0137,Bengaluru Urban,2025-02-07 16:37,2025-02-07 23:37,Vehicle Theft,Car Theft,BNS 303(2),12.885458,77.731926,P002390,P003242,P006945,PI Naveen Patil,Under Investigation
FIR202500438,FIR/0438/2025,PS0099,Bengaluru Rural,2025-02-06 18:59,2025-02-08 04:59,POCSO,Sexual Assault on Minor,"POCSO Act Sec 4, BNS 64",13.276658,77.700653,P003339,P002838,P006077,PI Suresh Kulkarni,Chargesheeted
FIR202500419,FIR/0419/2025,PS0103,Bengaluru Rural,2025-02-04 08:44,2025-02-08 09:44,Fraud,Corporate Fraud,BNS 318(4),13.315364,77.450048,P001482,P001077,"P006840, P000910",SI Divya Hegde,Untraced
FIR202500446,FIR/0446/2025,PS0025,Bagalkote,2025-02-08 07:12,2025-02-08 12:12,Assault,Grievous Hurt,"BNS 115(2), BNS 117(2)",16.333525,75.864546,P005209,P004732,"P005735, P007723",SI Mahesh Bhat,Closed
FIR202500447,FIR/0447/2025,PS0237,Chikkaballapura,2025-02-08 11:23,2025-02-08 13:23,Assault,Grievous Hurt,"BNS 115(2), BNS 117(2)",13.367287,77.642729,P002022,P007247,P004851,SI Mahesh Bhat,Chargesheeted
FIR202500448,FIR/0448/2025,PS0104,Bengaluru Rural,2025-02-08 12:46,2025-02-08 15:46,Robbery,Chain Snatching with Force,BNS 309(4),13.413072,77.548577,P009987,P000403,P004770,PI Chetan Kumar,Untraced
FIR202500444,FIR/0444/2025,PS0078,Bengaluru Rural,2025-02-07 18:43,2025-02-08 19:43,Assault,Grievous Hurt,"BNS 115(2), BNS 117(2)",13.107428,77.556153,P007918,P008839,P004989,SI Ganesh Rao,Closed
FIR202500429,FIR/0429/2025,PS0028,Ballari,2025-02-05 08:13,2025-02-08 20:13,Dacoity,Bank Dacoity,BNS 310(2),15.011536,76.861774,P001710,P007553,P003004,SI Divya Hegde,Chargesheeted
FIR202500433,FIR/0433/2025,PS0248,Chikkaballapura,2025-02-05 20:05,2025-02-09 00:05,Fraud,Cheating,BNS 318(4),13.270091,77.796066,P007228,P006644,P009584,SI Divya Hegde,Chargesheeted
FIR202500452,FIR/0452/2025,PS0105,Bengaluru Rural,2025-02-08 22:34,2025-02-09 01:34,Burglary,Night House Breaking,"BNS 331(3), BNS 331(4)",13.157597,77.637891,P004297,P000767,P001731,PI Suresh Kulkarni,Chargesheeted
FIR202500434,FIR/0434/2025,PS0131,Bengaluru Urban,2025-02-06 01:54,2025-02-09 02:54,Theft,House Theft,BNS 303(2),13.014713,77.638538,P006971,P003197,P009624,PI Harish Naik,Chargesheeted
FIR202500453,FIR/0453/2025,PS0071,Bengaluru Rural,2025-02-08 22:47,2025-02-09 03:47,Fraud,Cheating,BNS 318(4),13.03006,77.501896,P002566,P002080,P008563,PI Lakshmi Devi,Untraced
FIR202500457,FIR/0457/2025,PS0126,Bengaluru Urban,2025-02-09 07:29,2025-02-09 10:29,Theft,Snatching,BNS 303(2),12.862607,77.571445,P009753,P000532,P000235,SI Mahesh Bhat,Chargesheeted
FIR202500439,FIR/0439/2025,PS0085,Bengaluru Rural,2025-02-07 00:36,2025-02-09 11:36,Dacoity,Armed Dacoity,BNS 310(2),13.097643,77.408884,P007234,P002437,P007352,PI Naveen Patil,Untraced
FIR202500441,FIR/0441/2025,PS0049,Belagavi,2025-02-07 10:02,2025-02-09 13:02,Theft,Snatching,BNS 303(2),15.92836,74.553929,P003955,P003637,P009396,PI Harish Naik,Chargesheeted
FIR202500456,FIR/0456/2025,PS0110,Bengaluru Urban,2025-02-09 06:19,2025-02-09 15:19,Assault,Public Affray,"BNS 115(2), BNS 117(2)",13.154971,77.62696,P001714,P004430,P002523,PI Ramesh Gowda,Chargesheeted
FIR202500449,FIR/0449/2025,PS0118,Bengaluru Urban,2025-02-08 14:06,2025-02-09 18:06,Vehicle Theft,Two-Wheeler Theft,BNS 303(2),12.796364,77.674953,P001336,P006630,P005413,PI Lakshmi Devi,Chargesheeted
FIR202500442,FIR/0442/2025,PS0215,Chamarajanagar,2025-02-07 15:10,2025-02-10 01:10,Cyber Crime,Financial Fraud,"IT Act 66D, BNS 318(4)",11.867358,76.970453,P001826,P002779,P005335,SI Ganesh Rao,Chargesheeted
FIR202500450,FIR/0450/2025,PS0120,Bengaluru Urban,2025-02-08 17:16,2025-02-10 02:16,Dacoity,Bank Dacoity,BNS 310(2),13.118863,77.410382,P000234,P005321,P001490,PI Harish Naik,Chargesheeted
FIR202500460,FIR/0460/2025,PS0234,Chamarajanagar,2025-02-10 00:27,2025-02-10 04:27,Cyber Crime,Phishing,"IT Act 66D, BNS 318(4)",12.025107,76.813636,P003163,P008831,P008866,SI Ganesh Rao,Under Investigation
FIR202500463,FIR/0463/2025,PS0086,Bengaluru Rural,2025-02-10 06:06,2025-02-10 07:06,Theft,Pocket Pick,BNS 303(2),13.333313,77.494388,P000290,P009548,P008651,SI Ganesh Rao,Chargesheeted
FIR202500459,FIR/0459/2025,PS0242,Chikkaballapura,2025-02-09 20:23,2025-02-10 08:23,Dacoity,Bank Dacoity,BNS 310(2),13.288232,77.865701,P008661,P007615,P009633,SI Ravi Kumar,Chargesheeted
FIR202500455,FIR/0455/2025,PS0241,Chikkaballapura,2025-02-09 02:22,2025-02-10 10:22,Burglary,Day Burglary,"BNS 331(3), BNS 331(4)",13.276374,77.936653,P004270,P005081,P003473,PI Naveen Patil,Chargesheeted
FIR202500461,FIR/0461/2025,PS0179,Bidar,2025-02-10 05:09,2025-02-10 11:09,Vehicle Theft,Two-Wheeler Theft,BNS 303(2),18.090975,77.38912,P006245,P009351,P008537,PI Chetan Kumar,Chargesheeted
FIR202500464,FIR/0464/2025,PS0119,Bengaluru Urban,2025-02-10 06:40,2025-02-10 15:40,Assault,Simple Assault,"BNS 115(2), BNS 117(2)",12.836734,77.78242,P005434,P005902,"P005201, P003518",PI Chetan Kumar,Under Investigation
FIR202500468,FIR/0468/2025,PS0128,Bengaluru Urban,2025-02-10 16:14,2025-02-10 19:14,Robbery,Highway Robbery,BNS 309(4),13.036972,77.587931,P003181,P009627,P007798,SI Divya Hegde,Untraced
FIR202500466,FIR/0466/2025,PS0236,Chikkaballapura,2025-02-10 14:20,2025-02-10 23:20,NDPS,Drug Trafficking,NDPS Act Sec 20(b),13.608238,77.913764,P002289,P009740,P002798,PI Ramesh Gowda,Chargesheeted
FIR202500471,FIR/0471/2025,PS0146,Bengaluru Urban,2025-02-11 01:05,2025-02-11 05:05,Dacoity,Armed Dacoity,BNS 310(2),12.944272,77.775119,P007401,P003336,P007826,PI Lakshmi Devi,Under Investigation
FIR202500476,FIR/0476/2025,PS0128,Bengaluru Urban,2025-02-11 07:05,2025-02-11 08:05,Fraud,Corporate Fraud,BNS 318(4),13.031559,77.583116,P004707,P001064,P000130,PI Naveen Patil,Under Investigation
FIR202500462,FIR/0462/2025,PS0228,Chamarajanagar,2025-02-10 05:26,2025-02-11 08:26,Robbery,Chain Snatching with Force,BNS 309(4),12.124997,77.140111,P002326,P000352,P004814,SI Ravi Kumar,Under Investigation
FIR202500474,FIR/0474/2025,PS0248,Chikkaballapura,2025-02-11 03:57,2025-02-11 11:57,Burglary,Day Burglary,"BNS 331(3), BNS 331(4)",13.263907,77.800005,P009473,P007423,P004485,PI Naveen Patil,Chargesheeted
FIR202500473,FIR/0473/2025,PS0080,Bengaluru Rural,2025-02-11 03:08,2025-02-11 14:08,Fraud,Corporate Fraud,BNS 318(4),13.387263,77.591394,P005206,P006057,P000123,PI Lakshmi Devi,Untraced
FIR202500475,FIR/0475/2025,PS0076,Bengaluru Rural,2025-02-11 06:41,2025-02-11 15:41,Dacoity,Bank Dacoity,BNS 310(2),13.311823,77.741274,P006413,P003570,P009025,PI Harish Naik,Chargesheeted
FIR202500480,FIR/0480/2025,PS0110,Bengaluru Urban,2025-02-11 15:25,2025-02-11 17:25,NDPS,Drug Trafficking,NDPS Act Sec 20(b),13.152908,77.639781,P002738,P002539,P009890,SI Prakash Sharma,Untraced
FIR202500458,FIR/0458/2025,PS0132,Bengaluru Urban,2025-02-09 09:05,2025-02-11 21:05,Murder,Gang Conflict,BNS 103(1),13.009132,77.666255,P007414,P002749,P009827,PI Lakshmi Devi,Under Investigation
FIR202500451,FIR/0451/2025,PS0078,Bengaluru Rural,2025-02-08 20:24,2025-02-11 22:24,Robbery,Chain Snatching with Force,BNS 309(4),13.109386,77.579196,P004020,P000428,P002934,PI Naveen Patil,Chargesheeted
FIR202500465,FIR/0465/2025,PS0104,Bengaluru Rural,2025-02-10 12:10,2025-02-11 23:10,Theft,Snatching,BNS 303(2),13.430601,77.569035,P006402,P001897,P000472,PI Suresh Kulkarni,Chargesheeted
FIR202500467,FIR/0467/2025,PS0129,Bengaluru Urban,2025-02-10 14:39,2025-02-12 00:39,Robbery,Highway Robbery,BNS 309(4),12.800632,77.761711,P002945,P001704,P009874,PI Chetan Kumar,Under Investigation
FIR202500477,FIR/0477/2025,PS0083,Bengaluru Rural,2025-02-11 14:04,2025-02-12 02:04,Dacoity,Armed Dacoity,BNS 310(2),13.270798,77.567355,P003174,P008456,P009244,PI Naveen Patil,Under Investigation
FIR202500479,FIR/0479/2025,PS0140,Bengaluru Urban,2025-02-11 15:11,2025-02-12 03:11,Vehicle Theft,Two-Wheeler Theft,BNS 303(2),13.026731,77.673849,P000289,P005780,P004906,SI Divya Hegde,Under Investigation
FIR202500454,FIR/0454/2025,PS0078,Bengaluru Rural,2025-02-09 00:17,2025-02-12 05:17,Murder,Dowry Homicide,BNS 103(1),13.10935,77.566035,P005376,P001853,P000503,PI Naveen Patil,Chargesheeted
FIR202500483,FIR/0483/2025,PS0237,Chikkaballapura,2025-02-12 03:36,2025-02-12 12:36,Robbery,Chain Snatching with Force,BNS 309(4),13.366293,77.638681,P002252,P005731,P007314,SI Ganesh Rao,Chargesheeted
FIR202500478,FIR/0478/2025,PS0218,Chamarajanagar,2025-02-11 14:46,2025-02-12 19:46,Cyber Crime,Identity Theft,"IT Act 66D, BNS 318(4)",11.844804,77.051196,P000151,P007530,P003024,SI Mahesh Bhat,Chargesheeted
FIR202500487,FIR/0487/2025,PS0143,Bengaluru Urban,2025-02-12 17:33,2025-02-12 20:33,Fraud,Corporate Fraud,BNS 318(4),12.792433,77.4172,P008889,P006192,P001418,SI Mahesh Bhat,Closed
FIR202500486,FIR/0486/2025,PS0043,Ballari,2025-02-12 16:44,2025-02-12 23:44,Dacoity,Bank Dacoity,BNS 310(2),14.975652,76.983549,P001948,P003446,P004841,SI Mahesh Bhat,Chargesheeted
FIR202500481,FIR/0481/2025,PS0090,Bengaluru Rural,2025-02-11 19:27,2025-02-13 03:27,Murder,Personal Enmity,BNS 103(1),13.396552,77.479113,P002476,P002262,P003549,SI Prakash Sharma,Under Investigation
FIR202500445,FIR/0445/2025,PS0047,Belagavi,2025-02-07 20:11,2025-02-13 05:11,Assault,Simple Assault,"BNS 115(2), BNS 117(2)",15.968452,74.547621,P000864,P002730,P000624,PI Chetan Kumar,Chargesheeted
FIR202500488,FIR/0488/2025,PS0123,Bengaluru Urban,2025-02-12 17:53,2025-02-13 05:53,Robbery,Chain Snatching with Force,BNS 309(4),13.008673,77.488805,P003872,P008978,P002344,SI Ganesh Rao,Under Investigation
FIR202500472,FIR/0472/2025,PS0011,Bagalkote,2025-02-11 01:08,2025-02-13 09:08,Robbery,Highway Robbery,BNS 309(4),16.140774,75.675893,P002177,P009527,P007401,PI Chetan Kumar,Under Investigation
FIR202500470,FIR/0470/2025,PS0246,Chikkaballapura,2025-02-11 00:48,2025-02-13 12:48,Burglary,Night House Breaking,"BNS 331(3), BNS 331(4)",13.431379,77.726685,P002394,P008066,P009741,SI Mahesh Bhat,Under Investigation
FIR202500484,FIR/0484/2025,PS0088,Bengaluru Rural,2025-02-12 04:56,2025-02-13 12:56,Cyber Crime,Phishing,"IT Act 66D, BNS 318(4)",13.047502,77.38635,P003058,P002090,P009286,PI Suresh Kulkarni,Under Investigation
FIR202500469,FIR/0469/2025,PS0085,Bengaluru Rural,2025-02-10 18:20,2025-02-13 20:20,POCSO,Harassment,"POCSO Act Sec 4, BNS 64",13.088323,77.433701,P006781,P005911,P008478,SI Divya Hegde,Chargesheeted
FIR202500494,FIR/0494/2025,PS0072,Bengaluru Rural,2025-02-13 15:05,2025-02-14 00:05,Fraud,Cheating,BNS 318(4),13.291749,77.63217,P009224,P006537,P006811,PI Lakshmi Devi,Under Investigation
FIR202500489,FIR/0489/2025,PS0229,Chamarajanagar,2025-02-12 20:14,2025-02-14 00:14,Theft,House Theft,BNS 303(2),12.027069,77.009605,P002256,P007073,P002405,SI Ganesh Rao,Chargesheeted
FIR202500495,FIR/0495/2025,PS0123,Bengaluru Urban,2025-02-13 16:37,2025-02-14 00:37,Robbery,Highway Robbery,BNS 309(4),13.017453,77.508378,P001118,P003683,P007147,SI Mahesh Bhat,Chargesheeted
FIR202500490,FIR/0490/2025,PS0124,Bengaluru Urban,2025-02-12 20:15,2025-02-14 02:15,Dacoity,Armed Dacoity,BNS 310(2),13.058873,77.682049,P005480,P004812,P001337,PI Lakshmi Devi,Chargesheeted
FIR202500482,FIR/0482/2025,PS0244,Chikkaballapura,2025-02-11 20:49,2025-02-14 07:49,Theft,House Theft,BNS 303(2),13.299117,77.918674,P003394,P004399,P003011,PI Naveen Patil,Chargesheeted
FIR202500492,FIR/0492/2025,PS0226,Chamarajanagar,2025-02-13 01:37,2025-02-14 09:37,Burglary,Night House Breaking,"BNS 331(3), BNS 331(4)",11.772387,77.011861,P006794,P008899,P005391,SI Ravi Kumar,Chargesheeted
FIR202500496,FIR/0496/2025,PS0136,Bengaluru Urban,2025-02-14 02:39,2025-02-14 11:39,Robbery,Chain Snatching with Force,BNS 309(4),12.812798,77.628704,P000432,P004864,P005357,PI Lakshmi Devi,Untraced
FIR202500493,FIR/0493/2025,PS0124,Bengaluru Urban,2025-02-13 08:55,2025-02-14 14:55,POCSO,Harassment,"POCSO Act Sec 4, BNS 64",13.086915,77.688801,P009440,P001675,P003147,SI Mahesh Bhat,Under Investigation
FIR202500498,FIR/0498/2025,PS0226,Chamarajanagar,2025-02-14 11:08,2025-02-14 15:08,Murder,Dowry Homicide,BNS 103(1),11.758036,77.013863,P001765,P002847,P007308,PI Suresh Kulkarni,Chargesheeted
FIR202500497,FIR/0497/2025,PS0101,Bengaluru Rural,2025-02-14 09:32,2025-02-14 18:32,Murder,Personal Enmity,BNS 103(1),13.276144,77.713826,P006097,P005924,P008876,SI Prakash Sharma,Closed
FIR202500502,FIR/0502/2025,PS0196,Chamarajanagar,2025-02-15 01:38,2025-02-15 02:38,Cyber Crime,Identity Theft,"IT Act 66D, BNS 318(4)",12.003009,76.961378,P001722,P008127,P009294,PI Naveen Patil,Chargesheeted
FIR202500491,FIR/0491/2025,PS0110,Bengaluru Urban,2025-02-12 20:53,2025-02-15 03:53,Vehicle Theft,Car Theft,BNS 303(2),13.177737,77.651731,P002141,P003937,P002502,PI Naveen Patil,Untraced
FIR202500503,FIR/0503/2025,PS0052,Belagavi,2025-02-15 05:52,2025-02-15 09:52,Cyber Crime,Phishing,"IT Act 66D, BNS 318(4)",15.907476,74.292726,P002201,P000032,P009824,PI Harish Naik,Under Investigation
FIR202500504,FIR/0504/2025,PS0149,Bengaluru Urban,2025-02-15 05:55,2025-02-15 10:55,Vehicle Theft,Two-Wheeler Theft,BNS 303(2),13.085241,77.463527,P007697,P003225,P001832,SI Ravi Kumar,Untraced
FIR202500509,FIR/0509/2025,PS0014,Bagalkote,2025-02-15 13:36,2025-02-15 14:36,Cyber Crime,Phishing,"IT Act 66D, BNS 318(4)",16.302558,75.821088,P008712,P003234,P000309,SI Ravi Kumar,Untraced
FIR202500510,FIR/0510/2025,PS0193,Chamarajanagar,2025-02-15 20:13,2025-02-15 22:13,Burglary,Night House Breaking,"BNS 331(3), BNS 331(4)",12.007032,76.838827,P007990,P004589,P003939,PI Suresh Kulkarni,Under Investigation
FIR202500500,FIR/0500/2025,PS0100,Bengaluru Rural,2025-02-15 00:11,2025-02-16 11:11,Assault,Simple Assault,"BNS 115(2), BNS 117(2)",13.164405,77.532398,P002044,P007018,P007758,PI Suresh Kulkarni,Chargesheeted
FIR202500485,FIR/0485/2025,PS0136,Bengaluru Urban,2025-02-12 06:02,2025-02-16 14:02,Cyber Crime,Financial Fraud,"IT Act 66D, BNS 318(4)",12.822044,77.592562,P002997,P003058,P006437,PI Harish Naik,Under Investigation
FIR202500512,FIR/0512/2025,PS0076,Bengaluru Rural,2025-02-16 10:14,2025-02-16 19:14,Theft,Pocket Pick,BNS 303(2),13.304969,77.7709,P009057,P000637,P007388,PI Naveen Patil,Chargesheeted
FIR202500516,FIR/0516/2025,PS0149,Bengaluru Urban,2025-02-16 17:23,2025-02-16 23:23,Vehicle Theft,Car Theft,BNS 303(2),13.105709,77.45894,P003243,P006973,P001145,PI Lakshmi Devi,Chargesheeted
FIR202500517,FIR/0517/2025,PS0090,Bengaluru Rural,2025-02-16 17:43,2025-02-16 23:43,Burglary,Day Burglary,"BNS 331(3), BNS 331(4)",13.430239,77.468916,P009703,P001298,"P000990, P008414",PI Lakshmi Devi,Chargesheeted
FIR202500511,FIR/0511/2025,PS0184,Bidar,2025-02-15 22:07,2025-02-17 02:07,Assault,Simple Assault,"BNS 115(2), BNS 117(2)",17.91765,77.630125,P007894,P000088,P003721,SI Ravi Kumar,Closed
FIR202500518,FIR/0518/2025,PS0230,Chamarajanagar,2025-02-16 18:52,2025-02-17 04:52,Fraud,Land Scam,BNS 318(4),11.76546,77.072327,P009571,P008496,P000924,SI Ganesh Rao,Under Investigation
FIR202500519,FIR/0519/2025,PS0113,Bengaluru Urban,2025-02-16 20:03,2025-02-17 05:03,Cyber Crime,Identity Theft,"IT Act 66D, BNS 318(4)",13.158044,77.487106,P009783,P002398,P003945,SI Ravi Kumar,Chargesheeted
FIR202500522,FIR/0522/2025,PS0244,Chikkaballapura,2025-02-16 21:03,2025-02-17 06:03,Cyber Crime,Financial Fraud,"IT Act 66D, BNS 318(4)",13.319773,77.915599,P004459,P008223,P004424,SI Prakash Sharma,Under Investigation
FIR202500505,FIR/0505/2025,PS0053,Belagavi,2025-02-15 06:12,2025-02-17 18:12,Burglary,Day Burglary,"BNS 331(3), BNS 331(4)",15.864531,74.329128,P009947,P001956,P006772,PI Ramesh Gowda,Chargesheeted
FIR202500515,FIR/0515/2025,PS0230,Chamarajanagar,2025-02-16 15:32,2025-02-17 19:32,Theft,House Theft,BNS 303(2),11.745633,77.066934,P002921,P008294,P007473,SI Divya Hegde,Under Investigation
FIR202500514,FIR/0514/2025,PS0193,Chamarajanagar,2025-02-16 12:00,2025-02-18 00:00,Vehicle Theft,Two-Wheeler Theft,BNS 303(2),12.003852,76.867302,P000864,P004816,P005003,PI Harish Naik,Closed
FIR202500499,FIR/0499/2025,PS0118,Bengaluru Urban,2025-02-14 22:50,2025-02-18 00:50,Dacoity,Bank Dacoity,BNS 310(2),12.80567,77.682454,P007977,P003592,"P002087, P006412",SI Divya Hegde,Under Investigation
FIR202500523,FIR/0523/2025,PS0091,Bengaluru Rural,2025-02-17 00:48,2025-02-18 02:48,Burglary,Night House Breaking,"BNS 331(3), BNS 331(4)",13.066252,77.643727,P001180,P002136,P004720,SI Prakash Sharma,Chargesheeted
FIR202500524,FIR/0524/2025,PS0081,Bengaluru Rural,2025-02-17 00:56,2025-02-18 05:56,Murder,Dowry Homicide,BNS 103(1),13.190346,77.601976,P009297,P006433,"P001434, P009770",PI Chetan Kumar,Under Investigation
FIR202500501,FIR/0501/2025,PS0070,Bengaluru Rural,2025-02-15 00:46,2025-02-18 08:46,Vehicle Theft,Two-Wheeler Theft,BNS 303(2),13.257499,77.777342,P006954,P000767,P007790,SI Mahesh Bhat,Chargesheeted
FIR202500529,FIR/0529/2025,PS0110,Bengaluru Urban,2025-02-17 22:46,2025-02-18 10:46,POCSO,Sexual Assault on Minor,"POCSO Act Sec 4, BNS 64",13.172257,77.652185,P006337,P005319,P005220,SI Ravi Kumar,Under Investigation
FIR202500531,FIR/0531/2025,PS0124,Bengaluru Urban,2025-02-18 01:24,2025-02-18 12:24,Dacoity,Bank Dacoity,BNS 310(2),13.062766,77.694703,P006240,P001866,P001081,SI Ravi Kumar,Chargesheeted
FIR202500532,FIR/0532/2025,PS0079,Bengaluru Rural,2025-02-18 04:36,2025-02-18 14:36,Burglary,Day Burglary,"BNS 331(3), BNS 331(4)",13.10921,77.468397,P002709,P005733,P007155,SI Divya Hegde,Under Investigation
FIR202500508,FIR/0508/2025,PS0037,Ballari,2025-02-15 12:41,2025-02-18 14:41,Assault,Simple Assault,"BNS 115(2), BNS 117(2)",15.092859,77.043946,P001982,P005341,P008938,PI Naveen Patil,Chargesheeted
FIR202500536,FIR/0536/2025,PS0100,Bengaluru Rural,2025-02-18 17:27,2025-02-18 18:27,Fraud,Cheating,BNS 318(4),13.13717,77.539205,P006136,P002678,P006435,PI Ramesh Gowda,Chargesheeted
FIR202500506,FIR/0506/2025,PS0148,Bengaluru Urban,2025-02-15 07:33,2025-02-18 18:33,Vehicle Theft,Car Theft,BNS 303(2),12.846181,77.658924,P002080,P002582,P005669,SI Prakash Sharma,Chargesheeted
FIR202500537,FIR/0537/2025,PS0083,Bengaluru Rural,2025-02-18 18:59,2025-02-18 19:59,Assault,Simple Assault,"BNS 115(2), BNS 117(2)",13.257111,77.564173,P000402,P001838,P004950,SI Ravi Kumar,Closed
FIR202500507,FIR/0507/2025,PS0096,Bengaluru Rural,2025-02-15 09:29,2025-02-18 20:29,Theft,House Theft,BNS 303(2),13.158519,77.467629,P004930,P006986,P006862,PI Naveen Patil,Chargesheeted
FIR202500526,FIR/0526/2025,PS0074,Bengaluru Rural,2025-02-17 13:58,2025-02-19 00:58,NDPS,Drug Trafficking,NDPS Act Sec 20(b),13.175756,77.566435,P002378,P000647,P006033,PI Suresh Kulkarni,Chargesheeted
FIR202500538,FIR/0538/2025,PS0072,Bengaluru Rural,2025-02-18 22:13,2025-02-19 03:13,Fraud,Corporate Fraud,BNS 318(4),13.312184,77.627398,P009611,P006084,P009858,PI Ramesh Gowda,Chargesheeted
FIR202500530,FIR/0530/2025,PS0193,Chamarajanagar,2025-02-17 23:23,2025-02-19 06:23,Dacoity,Bank Dacoity,BNS 310(2),12.002725,76.860441,P003583,P008530,P002854,SI Ravi Kumar,Under Investigation
FIR202500540,FIR/0540/2025,PS0104,Bengaluru Rural,2025-02-19 04:57,2025-02-19 13:57,Theft,Snatching,BNS 303(2),13.417942,77.553531,P000547,P007614,P003655,PI Harish Naik,Under Investigation
FIR202500533,FIR/0533/2025,PS0228,Chamarajanagar,2025-02-18 05:58,2025-02-19 13:58,Fraud,Corporate Fraud,BNS 318(4),12.120021,77.131211,P008356,P008003,P005923,PI Naveen Patil,Chargesheeted
FIR202500541,FIR/0541/2025,PS0036,Ballari,2025-02-19 06:36,2025-02-19 16:36,Dacoity,Bank Dacoity,BNS 310(2),15.242919,76.76556,P009497,P003326,P007089,PI Naveen Patil,Chargesheeted
FIR202500513,FIR/0513/2025,PS0061,Belagavi,2025-02-16 11:19,2025-02-19 17:19,Robbery,Highway Robbery,BNS 309(4),16.022546,74.432743,P005996,P005826,P004586,SI Divya Hegde,Under Investigation
FIR202500542,FIR/0542/2025,PS0110,Bengaluru Urban,2025-02-19 09:33,2025-02-19 18:33,Burglary,Day Burglary,"BNS 331(3), BNS 331(4)",13.153342,77.628839,P003463,P009174,P004563,SI Mahesh Bhat,Under Investigation
FIR202500546,FIR/0546/2025,PS0010,Bagalkote,2025-02-19 16:19,2025-02-19 20:19,Fraud,Land Scam,BNS 318(4),16.188619,75.816899,P005332,P009838,P007397,SI Divya Hegde,Under Investigation
FIR202500527,FIR/0527/2025,PS0106,Bengaluru Rural,2025-02-17 20:09,2025-02-19 22:09,Fraud,Corporate Fraud,BNS 318(4),13.30248,77.548032,P003597,P003716,P000162,SI Mahesh Bhat,Under Investigation
FIR202500528,FIR/0528/2025,PS0208,Chamarajanagar,2025-02-17 22:33,2025-02-20 01:33,Assault,Grievous Hurt,"BNS 115(2), BNS 117(2)",11.820915,77.144557,P000887,P001258,P002992,PI Suresh Kulkarni,Chargesheeted
FIR202500535,FIR/0535/2025,PS0077,Bengaluru Rural,2025-02-18 13:59,2025-02-20 01:59,NDPS,Possession of Narcotics,NDPS Act Sec 20(b),13.3503,77.596578,P007717,P003448,P008201,SI Mahesh Bhat,Chargesheeted
FIR202500521,FIR/0521/2025,PS0177,Bidar,2025-02-16 21:01,2025-02-20 03:01,Burglary,Day Burglary,"BNS 331(3), BNS 331(4)",18.051187,77.32781,P009138,P001261,P006527,PI Lakshmi Devi,Under Investigation
FIR202500520,FIR/0520/2025,PS0019,Bagalkote,2025-02-16 20:35,2025-02-20 05:35,Cyber Crime,Financial Fraud,"IT Act 66D, BNS 318(4)",16.027419,75.862944,P004983,P008622,P005450,SI Mahesh Bhat,Chargesheeted
FIR202500548,FIR/0548/2025,PS0204,Chamarajanagar,2025-02-20 05:43,2025-02-20 06:43,Cyber Crime,Phishing,"IT Act 66D, BNS 318(4)",12.03811,77.070582,P005356,P003061,"P008700, P007966",SI Mahesh Bhat,Under Investigation
FIR202500549,FIR/0549/2025,PS0047,Belagavi,2025-02-20 10:41,2025-02-20 12:41,NDPS,Drug Trafficking,NDPS Act Sec 20(b),15.975625,74.539841,P009308,P008016,"P003922, P002368",SI Prakash Sharma,Untraced
FIR202500551,FIR/0551/2025,PS0193,Chamarajanagar,2025-02-20 11:17,2025-02-20 17:17,Murder,Personal Enmity,BNS 103(1),12.010559,76.850672,P009624,P006925,P000930,SI Mahesh Bhat,Under Investigation
FIR202500525,FIR/0525/2025,PS0110,Bengaluru Urban,2025-02-17 13:31,2025-02-20 17:31,Theft,Pocket Pick,BNS 303(2),13.179843,77.621163,P000035,P000951,P006917,PI Naveen Patil,Under Investigation
FIR202500552,FIR/0552/2025,PS0057,Belagavi,2025-02-20 12:28,2025-02-20 21:28,Burglary,Night House Breaking,"BNS 331(3), BNS 331(4)",15.676843,74.407618,P002318,P008183,P001371,PI Chetan Kumar,Closed
FIR202500553,FIR/0553/2025,PS0183,Bidar,2025-02-20 14:31,2025-02-20 22:31,Assault,Public Affray,"BNS 115(2), BNS 117(2)",17.759901,77.390031,P005728,P000008,P006844,SI Prakash Sharma,Chargesheeted
FIR202500555,FIR/0555/2025,PS0244,Chikkaballapura,2025-02-20 15:43,2025-02-20 23:43,Assault,Public Affray,"BNS 115(2), BNS 117(2)",13.31904,77.917159,P008535,P000474,P004434,PI Harish Naik,Chargesheeted
FIR202500547,FIR/0547/2025,PS0238,Chikkaballapura,2025-02-19 16:19,2025-02-21 04:19,Assault,Public Affray,"BNS 115(2), BNS 117(2)",13.338196,77.927355,P001272,P000805,P004667,PI Ramesh Gowda,Chargesheeted
FIR202500562,FIR/0562/2025,PS0146,Bengaluru Urban,2025-02-21 06:48,2025-02-21 09:48,Theft,Pocket Pick,BNS 303(2),12.936431,77.779273,P002342,P004956,P006521,SI Prakash Sharma,Chargesheeted
FIR202500559,FIR/0559/2025,PS0124,Bengaluru Urban,2025-02-21 00:50,2025-02-21 11:50,Fraud,Land Scam,BNS 318(4),13.071831,77.661623,P000697,P008219,P006659,PI Ramesh Gowda,Chargesheeted
FIR202500550,FIR/0550/2025,PS0082,Bengaluru Rural,2025-02-20 11:05,2025-02-21 18:05,Cyber Crime,Identity Theft,"IT Act 66D, BNS 318(4)",13.360929,77.426423,P002572,P001268,P005463,SI Mahesh Bhat,Chargesheeted
FIR202500554,FIR/0554/2025,PS0149,Bengaluru Urban,2025-02-20 15:01,2025-02-21 19:01,Murder,Personal Enmity,BNS 103(1),13.073372,77.487923,P001673,P001029,P009322,PI Ramesh Gowda,Chargesheeted
FIR202500543,FIR/0543/2025,PS0182,Bidar,2025-02-19 13:13,2025-02-21 19:13,NDPS,Drug Trafficking,NDPS Act Sec 20(b),17.916844,77.672164,P009075,P004333,P008178,PI Suresh Kulkarni,Chargesheeted
FIR202500558,FIR/0558/2025,PS0006,Bagalkote,2025-02-20 19:58,2025-02-22 00:58,Theft,House Theft,BNS 303(2),16.377129,75.758312,P006774,P006736,P000398,PI Chetan Kumar,Chargesheeted
FIR202500544,FIR/0544/2025,PS0081,Bengaluru Rural,2025-02-19 15:03,2025-02-22 01:03,POCSO,Sexual Assault on Minor,"POCSO Act Sec 4, BNS 64",13.195842,77.591534,P005932,P006844,P004509,SI Mahesh Bhat,Under Investigation
FIR202500560,FIR/0560/2025,PS0164,Bidar,2025-02-21 01:23,2025-02-22 02:23,NDPS,Possession of Narcotics,NDPS Act Sec 20(b),17.944548,77.458732,P004705,P007020,P005639,SI Prakash Sharma,Chargesheeted
FIR202500539,FIR/0539/2025,PS0177,Bidar,2025-02-18 22:26,2025-02-22 02:26,Robbery,Highway Robbery,BNS 309(4),18.065315,77.319838,P004965,P006620,P009440,PI Harish Naik,Untraced
FIR202500534,FIR/0534/2025,PS0089,Bengaluru Rural,2025-02-18 08:38,2025-02-22 17:38,Murder,Gang Conflict,BNS 103(1),13.387719,77.591041,P000111,P004394,P000068,SI Divya Hegde,Untraced
FIR202500563,FIR/0563/2025,PS0087,Bengaluru Rural,2025-02-21 10:27,2025-02-22 19:27,Cyber Crime,Phishing,"IT Act 66D, BNS 318(4)",13.144274,77.522998,P005872,P002986,P000098,PI Ramesh Gowda,Under Investigation
FIR202500565,FIR/0565/2025,PS0113,Bengaluru Urban,2025-02-21 15:17,2025-02-22 20:17,Fraud,Cheating,BNS 318(4),13.150606,77.48038,P006390,P001754,P006550,PI Ramesh Gowda,Under Investigation
FIR202500557,FIR/0557/2025,PS0128,Bengaluru Urban,2025-02-20 16:55,2025-02-22 20:55,Robbery,Chain Snatching with Force,BNS 309(4),13.029245,77.566238,P000540,P006228,P003174,PI Ramesh Gowda,Chargesheeted
FIR202500545,FIR/0545/2025,PS0021,Bagalkote,2025-02-19 16:08,2025-02-22 22:08,POCSO,Sexual Assault on Minor,"POCSO Act Sec 4, BNS 64",15.988567,75.510205,P000093,P006375,P001512,SI Mahesh Bhat,Chargesheeted
FIR202500571,FIR/0571/2025,PS0123,Bengaluru Urban,2025-02-22 15:12,2025-02-23 01:12,Theft,Pocket Pick,BNS 303(2),13.034402,77.506944,P005769,P006651,P003371,PI Harish Naik,Chargesheeted
FIR202500572,FIR/0572/2025,PS0135,Bengaluru Urban,2025-02-22 18:35,2025-02-23 03:35,Fraud,Land Scam,BNS 318(4),12.912487,77.462486,P002126,P000134,P002719,PI Harish Naik,Under Investigation
FIR202500566,FIR/0566/2025,PS0203,Chamarajanagar,2025-02-21 16:43,2025-02-23 03:43,Theft,House Theft,BNS 303(2),11.910353,76.870399,P000875,P001691,"P001779, P000884",PI Chetan Kumar,Chargesheeted
FIR202500568,FIR/0568/2025,PS0114,Bengaluru Urban,2025-02-22 05:06,2025-02-23 08:06,Assault,Grievous Hurt,"BNS 115(2), BNS 117(2)",12.974621,77.747868,P009537,P007963,P001078,PI Harish Naik,Chargesheeted
FIR202500569,FIR/0569/2025,PS0173,Bidar,2025-02-22 07:02,2025-02-23 14:02,Robbery,Highway Robbery,BNS 309(4),17.76491,77.577191,P009909,P004723,P007024,SI Divya Hegde,Under Investigation
FIR202500570,FIR/0570/2025,PS0147,Bengaluru Urban,2025-02-22 11:16,2025-02-23 14:16,Vehicle Theft,Two-Wheeler Theft,BNS 303(2),12.901782,77.546895,P008253,P004897,P002587,PI Chetan Kumar,Chargesheeted
FIR202500567,FIR/0567/2025,PS0100,Bengaluru Rural,2025-02-22 04:29,2025-02-23 14:29,Cyber Crime,Financial Fraud,"IT Act 66D, BNS 318(4)",13.133282,77.535872,P009655,P007469,P008797,PI Suresh Kulkarni,Chargesheeted
FIR202500561,FIR/0561/2025,PS0040,Ballari,2025-02-21 06:06,2025-02-23 15:06,Cyber Crime,Identity Theft,"IT Act 66D, BNS 318(4)",15.326983,76.824471,P004175,P005827,P003843,PI Lakshmi Devi,Chargesheeted
FIR202500564,FIR/0564/2025,PS0142,Bengaluru Urban,2025-02-21 14:56,2025-02-23 23:56,Fraud,Cheating,BNS 318(4),13.086038,77.741247,P005581,P002030,P007611,PI Suresh Kulkarni,Chargesheeted
FIR202500578,FIR/0578/2025,PS0071,Bengaluru Rural,2025-02-23 16:00,2025-02-24 00:00,Fraud,Cheating,BNS 318(4),13.038095,77.507515,P000426,P004433,P006051,SI Mahesh Bhat,Chargesheeted
FIR202500580,FIR/0580/2025,PS0074,Bengaluru Rural,2025-02-23 16:38,2025-02-24 02:38,Cyber Crime,Phishing,"IT Act 66D, BNS 318(4)",13.155377,77.559532,P006125,P003837,P004375,PI Ramesh Gowda,Under Investigation
FIR202500581,FIR/0581/2025,PS0024,Bagalkote,2025-02-23 19:51,2025-02-24 02:51,Burglary,Day Burglary,"BNS 331(3), BNS 331(4)",16.389868,75.513493,P000547,P001654,P003339,SI Divya Hegde,Under Investigation
FIR202500579,FIR/0579/2025,PS0087,Bengaluru Rural,2025-02-23 16:31,2025-02-24 04:31,Assault,Grievous Hurt,"BNS 115(2), BNS 117(2)",13.126707,77.500515,P008952,P005532,P008597,SI Mahesh Bhat,Under Investigation
FIR202500573,FIR/0573/2025,PS0034,Ballari,2025-02-22 19:36,2025-02-24 05:36,Assault,Grievous Hurt,"BNS 115(2), BNS 117(2)",15.01126,77.081825,P009973,P003842,P007806,SI Prakash Sharma,Chargesheeted
FIR202500585,FIR/0585/2025,PS0075,Bengaluru Rural,2025-02-24 10:31,2025-02-24 15:31,Theft,Snatching,BNS 303(2),13.195155,77.516683,P000407,P000584,P004863,SI Prakash Sharma,Untraced
FIR202500577,FIR/0577/2025,PS0194,Chamarajanagar,2025-02-23 04:52,2025-02-24 15:52,Cyber Crime,Identity Theft,"IT Act 66D, BNS 318(4)",11.790318,76.903081,P009827,P000535,P006980,PI Suresh Kulkarni,Chargesheeted
FIR202500582,FIR/0582/2025,PS0084,Bengaluru Rural,2025-02-24 05:15,2025-02-24 16:15,Cyber Crime,Financial Fraud,"IT Act 66D, BNS 318(4)",13.183312,77.563116,P002187,P004858,P002413,SI Mahesh Bhat,Under Investigation
FIR202500584,FIR/0584/2025,PS0097,Bengaluru Rural,2025-02-24 09:34,2025-02-24 17:34,Fraud,Corporate Fraud,BNS 318(4),13.113742,77.494605,P003566,P006822,P007853,SI Ganesh Rao,Under Investigation
FIR202500556,FIR/0556/2025,PS0237,Chikkaballapura,2025-02-20 15:49,2025-02-24 22:49,Dacoity,Bank Dacoity,BNS 310(2),13.35528,77.658273,P008650,P009652,P001494,PI Naveen Patil,Under Investigation
FIR202500575,FIR/0575/2025,PS0070,Bengaluru Rural,2025-02-22 23:17,2025-02-25 01:17,Burglary,Day Burglary,"BNS 331(3), BNS 331(4)",13.280695,77.756987,P009587,P001934,P003640,SI Mahesh Bhat,Chargesheeted
FIR202500589,FIR/0589/2025,PS0059,Belagavi,2025-02-25 04:04,2025-02-25 05:04,Dacoity,Armed Dacoity,BNS 310(2),15.821616,74.529067,P003983,P000073,P008993,PI Chetan Kumar,Under Investigation
FIR202500588,FIR/0588/2025,PS0067,Belagavi,2025-02-24 23:33,2025-02-25 09:33,NDPS,Possession of Narcotics,NDPS Act Sec 20(b),15.864619,74.692934,P000608,P007721,P001790,SI Mahesh Bhat,Chargesheeted
FIR202500595,FIR/0595/2025,PS0163,Bidar,2025-02-25 18:01,2025-02-25 22:01,Robbery,Chain Snatching with Force,BNS 309(4),17.950701,77.576123,P001010,P000092,P008094,PI Ramesh Gowda,Chargesheeted
FIR202500592,FIR/0592/2025,PS0071,Bengaluru Rural,2025-02-25 10:04,2025-02-25 22:04,Burglary,Day Burglary,"BNS 331(3), BNS 331(4)",13.019664,77.487235,P001716,P000677,P006904,PI Chetan Kumar,Chargesheeted
FIR202500587,FIR/0587/2025,PS0129,Bengaluru Urban,2025-02-24 20:33,2025-02-26 01:33,Burglary,Day Burglary,"BNS 331(3), BNS 331(4)",12.792014,77.763886,P004649,P001293,P009496,SI Ravi Kumar,Chargesheeted
FIR202500596,FIR/0596/2025,PS0125,Bengaluru Urban,2025-02-25 19:06,2025-02-26 04:06,Theft,House Theft,BNS 303(2),12.793944,77.698881,P005881,P005593,P008568,PI Suresh Kulkarni,Chargesheeted
FIR202500574,FIR/0574/2025,PS0249,Chikkaballapura,2025-02-22 22:05,2025-02-26 08:05,Murder,Dowry Homicide,BNS 103(1),13.478459,77.545363,P005417,P008361,P000485,PI Chetan Kumar,Chargesheeted
FIR202500583,FIR/0583/2025,PS0162,Bidar,2025-02-24 05:15,2025-02-26 12:15,Assault,Grievous Hurt,"BNS 115(2), BNS 117(2)",18.001675,77.485711,P005914,P001330,P007236,PI Suresh Kulkarni,Chargesheeted
FIR202500598,FIR/0598/2025,PS0165,Bidar,2025-02-26 04:41,2025-02-26 14:41,Burglary,Day Burglary,"BNS 331(3), BNS 331(4)",18.035446,77.468755,P003182,P008884,P009486,PI Harish Naik,Untraced
FIR202500600,FIR/0600/2025,PS0115,Bengaluru Urban,2025-02-26 12:39,2025-02-26 15:39,Fraud,Cheating,BNS 318(4),12.890101,77.399681,P002623,P005256,P008996,PI Chetan Kumar,Under Investigation
FIR202500586,FIR/0586/2025,PS0073,Bengaluru Rural,2025-02-24 14:34,2025-02-26 18:34,Burglary,Night House Breaking,"BNS 331(3), BNS 331(4)",13.339714,77.612578,P003725,P001674,P007460,PI Harish Naik,Chargesheeted
FIR202500601,FIR/0601/2025,PS0179,Bidar,2025-02-26 17:06,2025-02-26 21:06,Theft,Pocket Pick,BNS 303(2),18.106536,77.398177,P004142,P001423,P004974,SI Divya Hegde,Chargesheeted
FIR202500576,FIR/0576/2025,PS0075,Bengaluru Rural,2025-02-23 00:34,2025-02-27 04:34,Vehicle Theft,Two-Wheeler Theft,BNS 303(2),13.17957,77.511303,P000391,P000598,P004837,SI Ravi Kumar,Untraced
FIR202500590,FIR/0590/2025,PS0142,Bengaluru Urban,2025-02-25 08:13,2025-02-27 09:13,Cyber Crime,Identity Theft,"IT Act 66D, BNS 318(4)",13.087291,77.762263,P007306,P009266,P002884,PI Chetan Kumar,Under Investigation
FIR202500603,FIR/0603/2025,PS0096,Bengaluru Rural,2025-02-27 03:25,2025-02-27 12:25,Cyber Crime,Identity Theft,"IT Act 66D, BNS 318(4)",13.152897,77.449594,P003696,P007976,P003542,SI Prakash Sharma,Under Investigation
FIR202500602,FIR/0602/2025,PS0112,Bengaluru Urban,2025-02-27 02:51,2025-02-27 14:51,Assault,Grievous Hurt,"BNS 115(2), BNS 117(2)",13.094531,77.579338,P008653,P002822,P004130,PI Lakshmi Devi,Chargesheeted
FIR202500593,FIR/0593/2025,PS0065,Belagavi,2025-02-25 13:40,2025-02-27 20:40,NDPS,Drug Trafficking,NDPS Act Sec 20(b),15.746033,74.436215,P006072,P008629,P008873,PI Chetan Kumar,Chargesheeted
FIR202500605,FIR/0605/2025,PS0148,Bengaluru Urban,2025-02-27 17:40,2025-02-27 20:40,Theft,House Theft,BNS 303(2),12.869997,77.659143,P002843,P009841,"P000488, P003843",PI Chetan Kumar,Under Investigation
FIR202500610,FIR/0610/2025,PS0004,Bagalkote,2025-02-28 06:07,2025-02-28 07:07,Theft,Pocket Pick,BNS 303(2),16.015647,75.6693,P008787,P006174,P003062,PI Harish Naik,Chargesheeted
FIR202500606,FIR/0606/2025,PS0057,Belagavi,2025-02-27 20:10,2025-02-28 07:10,Fraud,Cheating,BNS 318(4),15.683298,74.416278,P009065,P001445,P008487,SI Prakash Sharma,Chargesheeted
FIR202500609,FIR/0609/2025,PS0150,Bengaluru Urban,2025-02-28 05:16,2025-02-28 09:16,Theft,Snatching,BNS 303(2),13.092073,77.695456,P005401,P002314,P001635,PI Lakshmi Devi,Chargesheeted
FIR202500608,FIR/0608/2025,PS0088,Bengaluru Rural,2025-02-28 03:40,2025-02-28 11:40,Burglary,Night House Breaking,"BNS 331(3), BNS 331(4)",13.052002,77.410018,P004878,P007498,P007770,SI Prakash Sharma,Chargesheeted
FIR202500604,FIR/0604/2025,PS0102,Bengaluru Rural,2025-02-27 11:12,2025-02-28 13:12,Burglary,Day Burglary,"BNS 331(3), BNS 331(4)",13.12596,77.628268,P005697,P005661,P002984,SI Mahesh Bhat,Untraced
FIR202500611,FIR/0611/2025,PS0036,Ballari,2025-02-28 07:03,2025-02-28 14:03,Dacoity,Armed Dacoity,BNS 310(2),15.270419,76.760557,P004382,P009060,P000935,SI Divya Hegde,Chargesheeted
FIR202500615,FIR/0615/2025,PS0190,Bidar,2025-02-28 12:25,2025-02-28 17:25,Theft,House Theft,BNS 303(2),17.742314,77.559742,P009500,P001954,P008353,PI Chetan Kumar,Under Investigation
FIR202500617,FIR/0617/2025,PS0165,Bidar,2025-02-28 15:25,2025-02-28 18:25,Theft,Snatching,BNS 303(2),18.040435,77.442396,P003403,P006054,P007966,PI Lakshmi Devi,Under Investigation
FIR202500599,FIR/0599/2025,PS0029,Ballari,2025-02-26 07:49,2025-02-28 18:49,Assault,Simple Assault,"BNS 115(2), BNS 117(2)",14.961233,76.88036,P005831,P005941,P007445,SI Ravi Kumar,Under Investigation
FIR202500613,FIR/0613/2025,PS0134,Bengaluru Urban,2025-02-28 11:25,2025-02-28 20:25,Burglary,Night House Breaking,"BNS 331(3), BNS 331(4)",12.809249,77.653104,P007707,P001147,P000636,SI Ganesh Rao,Chargesheeted
FIR202500594,FIR/0594/2025,PS0039,Ballari,2025-02-25 15:42,2025-03-01 03:42,Murder,Dowry Homicide,BNS 103(1),15.337758,76.919511,P002034,P003915,P002883,SI Ganesh Rao,Chargesheeted
FIR202500618,FIR/0618/2025,PS0077,Bengaluru Rural,2025-02-28 16:15,2025-03-01 04:15,Assault,Public Affray,"BNS 115(2), BNS 117(2)",13.355867,77.612386,P006413,P009798,P003786,PI Suresh Kulkarni,Under Investigation
FIR202500607,FIR/0607/2025,PS0109,Bengaluru Rural,2025-02-27 22:39,2025-03-01 07:39,Assault,Public Affray,"BNS 115(2), BNS 117(2)",13.101341,77.609637,P003248,P001461,P000801,SI Mahesh Bhat,Chargesheeted
FIR202500621,FIR/0621/2025,PS0133,Bengaluru Urban,2025-03-01 03:21,2025-03-01 15:21,Assault,Simple Assault,"BNS 115(2), BNS 117(2)",13.030677,77.548423,P003385,P001561,P000396,SI Mahesh Bhat,Chargesheeted
FIR202500623,FIR/0623/2025,PS0081,Bengaluru Rural,2025-03-01 04:44,2025-03-01 16:44,Cyber Crime,Identity Theft,"IT Act 66D, BNS 318(4)",13.174525,77.593713,P001626,P000697,P005198,SI Prakash Sharma,Chargesheeted
FIR202500591,FIR/0591/2025,PS0135,Bengaluru Urban,2025-02-25 09:56,2025-03-01 16:56,Cyber Crime,Financial Fraud,"IT Act 66D, BNS 318(4)",12.932513,77.430818,P008729,P007578,P008231,PI Chetan Kumar,Under Investigation
FIR202500616,FIR/0616/2025,PS0073,Bengaluru Rural,2025-02-28 14:03,2025-03-01 19:03,Theft,House Theft,BNS 303(2),13.356335,77.583878,P000043,P002438,P006214,PI Suresh Kulkarni,Chargesheeted
FIR202500626,FIR/0626/2025,PS0182,Bidar,2025-03-02 02:15,2025-03-02 05:15,Assault,Simple Assault,"BNS 115(2), BNS 117(2)",17.922393,77.663265,P002875,P004693,P003499,SI Prakash Sharma,Under Investigation
FIR202500622,FIR/0622/2025,PS0106,Bengaluru Rural,2025-03-01 03:52,2025-03-02 05:52,Robbery,Chain Snatching with Force,BNS 309(4),13.273683,77.516235,P009949,P006593,P001139,SI Divya Hegde,Chargesheeted
FIR202500629,FIR/0629/2025,PS0101,Bengaluru Rural,2025-03-02 06:08,2025-03-02 08:08,Murder,Gang Conflict,BNS 103(1),13.266641,77.734723,P002574,P004114,P000512,PI Harish Naik,Chargesheeted
FIR202500627,FIR/0627/2025,PS0192,Bidar,2025-03-02 05:11,2025-03-02 11:11,Assault,Public Affray,"BNS 115(2), BNS 117(2)",17.978527,77.33911,P006891,P008202,P002606,PI Lakshmi Devi,Chargesheeted
FIR202500597,FIR/0597/2025,PS0143,Bengaluru Urban,2025-02-26 04:19,2025-03-02 11:19,Cyber Crime,Financial Fraud,"IT Act 66D, BNS 318(4)",12.774034,77.404611,P009354,P002459,P007656,SI Ganesh Rao,Under Investigation
FIR202500624,FIR/0624/2025,PS0088,Bengaluru Rural,2025-03-01 05:58,2025-03-02 12:58,Murder,Dowry Homicide,BNS 103(1),13.049459,77.383031,P000105,P002695,P008074,PI Ramesh Gowda,Chargesheeted
FIR202500630,FIR/0630/2025,PS0109,Bengaluru Rural,2025-03-02 08:40,2025-03-02 13:40,Murder,Dowry Homicide,BNS 103(1),13.099244,77.596407,P008250,P000338,P000070,PI Chetan Kumar,Under Investigation
FIR202500614,FIR/0614/2025,PS0193,Chamarajanagar,2025-02-28 11:50,2025-03-02 23:50,Assault,Simple Assault,"BNS 115(2), BNS 117(2)",12.013015,76.856615,P008626,P001472,P004665,PI Lakshmi Devi,Chargesheeted
FIR202500634,FIR/0634/2025,PS0194,Chamarajanagar,2025-03-02 19:00,2025-03-03 05:00,Vehicle Theft,Car Theft,BNS 303(2),11.770362,76.896715,P003259,P004417,P009716,PI Ramesh Gowda,Under Investigation
FIR202500628,FIR/0628/2025,PS0146,Bengaluru Urban,2025-03-02 05:11,2025-03-03 06:11,Cyber Crime,Financial Fraud,"IT Act 66D, BNS 318(4)",12.944248,77.773656,P002473,P008152,P000428,SI Mahesh Bhat,Under Investigation
FIR202500637,FIR/0637/2025,PS0048,Belagavi,2025-03-03 05:15,2025-03-03 06:15,Dacoity,Bank Dacoity,BNS 310(2),15.747458,74.489021,P000356,P009971,P002974,PI Chetan Kumar,Chargesheeted
FIR202500620,FIR/0620/2025,PS0030,Ballari,2025-03-01 02:50,2025-03-03 07:50,Assault,Grievous Hurt,"BNS 115(2), BNS 117(2)",15.195744,76.830382,P003428,P003562,P000329,PI Naveen Patil,Chargesheeted
FIR202500638,FIR/0638/2025,PS0094,Bengaluru Rural,2025-03-03 09:19,2025-03-03 10:19,Assault,Simple Assault,"BNS 115(2), BNS 117(2)",13.060949,77.696052,P007132,P003141,P007134,PI Harish Naik,Chargesheeted
FIR202500612,FIR/0612/2025,PS0138,Bengaluru Urban,2025-02-28 07:11,2025-03-03 13:11,POCSO,Sexual Assault on Minor,"POCSO Act Sec 4, BNS 64",13.156051,77.456019,P006114,P000819,P009568,SI Mahesh Bhat,Chargesheeted
FIR202500642,FIR/0642/2025,PS0096,Bengaluru Rural,2025-03-03 13:09,2025-03-03 16:09,Dacoity,Bank Dacoity,BNS 310(2),13.137521,77.461749,P002763,P009461,P008400,SI Prakash Sharma,Under Investigation
FIR202500641,FIR/0641/2025,PS0167,Bidar,2025-03-03 11:51,2025-03-03 20:51,Murder,Personal Enmity,BNS 103(1),18.03768,77.433693,P008954,P004191,P004472,PI Chetan Kumar,Under Investigation
FIR202500633,FIR/0633/2025,PS0131,Bengaluru Urban,2025-03-02 17:29,2025-03-03 21:29,Vehicle Theft,Car Theft,BNS 303(2),13.007721,77.635565,P003593,P008023,P008526,PI Suresh Kulkarni,Chargesheeted
FIR202500635,FIR/0635/2025,PS0126,Bengaluru Urban,2025-03-02 19:53,2025-03-03 23:53,Vehicle Theft,Car Theft,BNS 303(2),12.850902,77.572656,P000581,P001060,P002756,PI Naveen Patil,Under Investigation
FIR202500643,FIR/0643/2025,PS0002,Bagalkote,2025-03-03 21:21,2025-03-04 01:21,Theft,House Theft,BNS 303(2),16.128599,75.506592,P004737,P003433,P009594,SI Mahesh Bhat,Untraced
FIR202500619,FIR/0619/2025,PS0170,Bidar,2025-02-28 23:55,2025-03-04 06:55,Theft,Snatching,BNS 303(2),17.896801,77.397913,P003085,P004400,P007966,PI Suresh Kulkarni,Chargesheeted
FIR202500644,FIR/0644/2025,PS0225,Chamarajanagar,2025-03-04 00:01,2025-03-04 09:01,Vehicle Theft,Car Theft,BNS 303(2),12.012174,76.770319,P002951,P008293,P004510,PI Chetan Kumar,Chargesheeted
FIR202500631,FIR/0631/2025,PS0063,Belagavi,2025-03-02 11:08,2025-03-04 14:08,Dacoity,Bank Dacoity,BNS 310(2),16.016745,74.699122,P003808,P006630,P004237,PI Lakshmi Devi,Under Investigation
FIR202500650,FIR/0650/2025,PS0133,Bengaluru Urban,2025-03-04 09:29,2025-03-04 14:29,Theft,House Theft,BNS 303(2),13.030033,77.517317,P005223,P006520,P003936,SI Mahesh Bhat,Chargesheeted
FIR202500639,FIR/0639/2025,PS0073,Bengaluru Rural,2025-03-03 10:34,2025-03-04 19:34,Fraud,Land Scam,BNS 318(4),13.353431,77.594833,P001284,P006367,P004284,PI Ramesh Gowda,Chargesheeted
FIR202500656,FIR/0656/2025,PS0053,Belagavi,2025-03-04 18:44,2025-03-04 20:44,Dacoity,Armed Dacoity,BNS 310(2),15.854761,74.321231,P007047,P002767,P005346,SI Ganesh Rao,Chargesheeted
FIR202500632,FIR/0632/2025,PS0132,Bengaluru Urban,2025-03-02 12:33,2025-03-04 21:33,Robbery,Chain Snatching with Force,BNS 309(4),13.002601,77.66277,P001495,P004596,P009855,PI Naveen Patil,Under Investigation
FIR202500654,FIR/0654/2025,PS0023,Bagalkote,2025-03-04 15:56,2025-03-05 00:56,Assault,Simple Assault,"BNS 115(2), BNS 117(2)",16.116365,75.805296,P008802,P007668,P004209,PI Naveen Patil,Untraced
FIR202500661,FIR/0661/2025,PS0224,Chamarajanagar,2025-03-05 02:20,2025-03-05 05:20,Cyber Crime,Financial Fraud,"IT Act 66D, BNS 318(4)",11.842563,76.818335,P002829,P004796,"P000160, P008697",PI Ramesh Gowda,Chargesheeted
FIR202500646,FIR/0646/2025,PS0090,Bengaluru Rural,2025-03-04 00:42,2025-03-05 09:42,Burglary,Night House Breaking,"BNS 331(3), BNS 331(4)",13.41391,77.478118,P008182,P004089,P004596,PI Lakshmi Devi,Chargesheeted
FIR202500658,FIR/0658/2025,PS0076,Bengaluru Rural,2025-03-04 22:10,2025-03-05 10:10,Dacoity,Armed Dacoity,BNS 310(2),13.327796,77.762917,P008550,P002747,P002699,PI Chetan Kumar,Chargesheeted
FIR202500649,FIR/0649/2025,PS0215,Chamarajanagar,2025-03-04 07:23,2025-03-05 16:23,Cyber Crime,Financial Fraud,"IT Act 66D, BNS 318(4)",11.853719,76.952794,P003993,P000091,P002884,SI Ganesh Rao,Under Investigation
FIR202500655,FIR/0655/2025,PS0117,Bengaluru Urban,2025-03-04 17:55,2025-03-05 21:55,Burglary,Day Burglary,"BNS 331(3), BNS 331(4)",13.113117,77.788872,P002295,P009754,P002241,PI Naveen Patil,Closed
FIR202500667,FIR/0667/2025,PS0083,Bengaluru Rural,2025-03-05 23:00,2025-03-06 00:00,Cyber Crime,Identity Theft,"IT Act 66D, BNS 318(4)",13.257995,77.575605,P002574,P009645,P007798,PI Chetan Kumar,Chargesheeted
FIR202500665,FIR/0665/2025,PS0006,Bagalkote,2025-03-05 19:34,2025-03-06 00:34,Burglary,Night House Breaking,"BNS 331(3), BNS 331(4)",16.379344,75.752877,P007740,P004690,P001972,SI Mahesh Bhat,Chargesheeted
FIR202500657,FIR/0657/2025,PS0048,Belagavi,2025-03-04 19:32,2025-03-06 04:32,Assault,Grievous Hurt,"BNS 115(2), BNS 117(2)",15.752327,74.494812,P003945,P007143,P000273,PI Lakshmi Devi,Under Investigation
FIR202500666,FIR/0666/2025,PS0032,Ballari,2025-03-05 22:34,2025-03-06 04:34,Theft,Snatching,BNS 303(2),15.179208,76.877524,P002394,P007139,P003434,PI Chetan Kumar,Under Investigation
FIR202500659,FIR/0659/2025,PS0132,Bengaluru Urban,2025-03-04 23:43,2025-03-06 04:43,POCSO,Sexual Assault on Minor,"POCSO Act Sec 4, BNS 64",13.007349,77.66085,P000853,P000355,P006882,PI Ramesh Gowda,Chargesheeted
FIR202500672,FIR/0672/2025,PS0119,Bengaluru Urban,2025-03-06 08:54,2025-03-06 09:54,Assault,Grievous Hurt,"BNS 115(2), BNS 117(2)",12.83274,77.766197,P009788,P007923,P007684,SI Mahesh Bhat,Chargesheeted
FIR202500668,FIR/0668/2025,PS0056,Belagavi,2025-03-05 23:23,2025-03-06 10:23,NDPS,Drug Trafficking,NDPS Act Sec 20(b),15.760968,74.589047,P003369,P006542,P001555,SI Ganesh Rao,Under Investigation
FIR202500669,FIR/0669/2025,PS0074,Bengaluru Rural,2025-03-06 01:15,2025-03-06 11:15,NDPS,Drug Trafficking,NDPS Act Sec 20(b),13.173867,77.591533,P001878,P006001,P007842,PI Lakshmi Devi,Under Investigation
FIR202500670,FIR/0670/2025,PS0117,Bengaluru Urban,2025-03-06 04:00,2025-03-06 13:00,Fraud,Land Scam,BNS 318(4),13.134939,77.779822,P004065,P001123,"P001127, P000736",PI Suresh Kulkarni,Chargesheeted
FIR202500640,FIR/0640/2025,PS0130,Bengaluru Urban,2025-03-03 11:27,2025-03-06 18:27,NDPS,Possession of Narcotics,NDPS Act Sec 20(b),13.099852,77.481291,P002807,P007378,P005812,PI Lakshmi Devi,Under Investigation
FIR202500677,FIR/0677/2025,PS0118,Bengaluru Urban,2025-03-06 16:57,2025-03-06 18:57,POCSO,Harassment,"POCSO Act Sec 4, BNS 64",12.800488,77.682799,P003675,P004412,P001457,SI Mahesh Bhat,Chargesheeted
FIR202500675,FIR/0675/2025,PS0105,Bengaluru Rural,2025-03-06 14:42,2025-03-06 19:42,Robbery,Highway Robbery,BNS 309(4),13.172489,77.658744,P005903,P001487,P009931,SI Ganesh Rao,Chargesheeted
FIR202500652,FIR/0652/2025,PS0121,Bengaluru Urban,2025-03-04 11:00,2025-03-06 20:00,NDPS,Drug Trafficking,NDPS Act Sec 20(b),13.090191,77.483362,P002739,P001705,P000823,PI Ramesh Gowda,Untraced
FIR202500676,FIR/0676/2025,PS0152,Bengaluru Urban,2025-03-06 16:28,2025-03-06 20:28,Vehicle Theft,Two-Wheeler Theft,BNS 303(2),13.017905,77.398089,P005590,P006109,P005219,PI Harish Naik,Chargesheeted
FIR202500673,FIR/0673/2025,PS0159,Bidar,2025-03-06 12:56,2025-03-06 23:56,Burglary,Day Burglary,"BNS 331(3), BNS 331(4)",18.049023,77.499504,P000486,P006055,P005266,PI Lakshmi Devi,Chargesheeted
FIR202500662,FIR/0662/2025,PS0084,Bengaluru Rural,2025-03-05 14:32,2025-03-07 02:32,Robbery,Highway Robbery,BNS 309(4),13.184823,77.551898,P008783,P006973,P004530,SI Ravi Kumar,Under Investigation
FIR202500647,FIR/0647/2025,PS0012,Bagalkote,2025-03-04 00:49,2025-03-07 05:49,Robbery,Highway Robbery,BNS 309(4),16.291654,75.817831,P000741,P001671,"P003938, P004192",SI Mahesh Bhat,Under Investigation
FIR202500681,FIR/0681/2025,PS0143,Bengaluru Urban,2025-03-07 04:14,2025-03-07 06:14,Theft,Pocket Pick,BNS 303(2),12.80834,77.411489,P004932,P002020,P004000,SI Prakash Sharma,Under Investigation
FIR202500660,FIR/0660/2025,PS0135,Bengaluru Urban,2025-03-05 01:21,2025-03-07 07:21,Cyber Crime,Identity Theft,"IT Act 66D, BNS 318(4)",12.908184,77.441763,P008885,P004474,P009376,SI Ganesh Rao,Chargesheeted
FIR202500625,FIR/0625/2025,PS0110,Bengaluru Urban,2025-03-01 23:36,2025-03-07 09:36,Cyber Crime,Identity Theft,"IT Act 66D, BNS 318(4)",13.175319,77.654704,P005457,P005273,P002123,PI Suresh Kulkarni,Chargesheeted
FIR202500636,FIR/0636/2025,PS0086,Bengaluru Rural,2025-03-03 01:42,2025-03-07 09:42,Vehicle Theft,Car Theft,BNS 303(2),13.324531,77.471004,P002027,P005823,P005505,PI Suresh Kulkarni,Chargesheeted
FIR202500671,FIR/0671/2025,PS0104,Bengaluru Rural,2025-03-06 04:10,2025-03-07 10:10,Assault,Public Affray,"BNS 115(2), BNS 117(2)",13.417959,77.563436,P008883,P002972,P009326,SI Ganesh Rao,Chargesheeted
FIR202500687,FIR/0687/2025,PS0164,Bidar,2025-03-07 12:10,2025-03-07 14:10,Murder,Gang Conflict,BNS 103(1),17.966288,77.441008,P004727,P000739,"P007886, P003297",PI Suresh Kulkarni,Under Investigation
FIR202500686,FIR/0686/2025,PS0136,Bengaluru Urban,2025-03-07 11:17,2025-03-07 16:17,POCSO,Harassment,"POCSO Act Sec 4, BNS 64",12.811555,77.614997,P006426,P007761,"P009864, P005648",SI Mahesh Bhat,Chargesheeted
FIR202500651,FIR/0651/2025,PS0230,Chamarajanagar,2025-03-04 09:37,2025-03-07 16:37,Theft,House Theft,BNS 303(2),11.766385,77.044375,P008640,P004156,P003905,PI Lakshmi Devi,Untraced
FIR202500685,FIR/0685/2025,PS0149,Bengaluru Urban,2025-03-07 08:07,2025-03-07 18:07,Vehicle Theft,Car Theft,BNS 303(2),13.07946,77.4617,P009882,P004783,P002841,PI Lakshmi Devi,Chargesheeted
FIR202500653,FIR/0653/2025,PS0100,Bengaluru Rural,2025-03-04 11:37,2025-03-07 22:37,NDPS,Possession of Narcotics,NDPS Act Sec 20(b),13.129862,77.549955,P003562,P001323,P009919,SI Divya Hegde,Under Investigation
FIR202500664,FIR/0664/2025,PS0055,Belagavi,2025-03-05 17:18,2025-03-08 02:18,Fraud,Land Scam,BNS 318(4),15.827087,74.348871,P005481,P006026,P002663,SI Prakash Sharma,Under Investigation
FIR202500674,FIR/0674/2025,PS0082,Bengaluru Rural,2025-03-06 14:33,2025-03-08 02:33,Robbery,Highway Robbery,BNS 309(4),13.342412,77.405163,P002141,P000939,P007625,PI Ramesh Gowda,Closed
FIR202500693,FIR/0693/2025,PS0153,Bidar,2025-03-08 02:17,2025-03-08 03:17,Assault,Grievous Hurt,"BNS 115(2), BNS 117(2)",17.749755,77.362708,P007126,P004177,P007286,PI Ramesh Gowda,Under Investigation
FIR202500683,FIR/0683/2025,PS0207,Chamarajanagar,2025-03-07 05:55,2025-03-08 06:55,Robbery,Chain Snatching with Force,BNS 309(4),12.068911,77.124121,P000950,P003676,P007181,PI Lakshmi Devi,Closed
FIR202500682,FIR/0682/2025,PS0107,Bengaluru Rural,2025-03-07 05:34,2025-03-08 08:34,Burglary,Night House Breaking,"BNS 331(3), BNS 331(4)",13.122363,77.406992,P004105,P002092,"P007110, P006253",PI Lakshmi Devi,Chargesheeted
FIR202500648,FIR/0648/2025,PS0079,Bengaluru Rural,2025-03-04 06:39,2025-03-08 08:39,Cyber Crime,Phishing,"IT Act 66D, BNS 318(4)",13.088556,77.448009,P009371,P008790,"P001692, P002152",PI Lakshmi Devi,Chargesheeted
FIR202500695,FIR/0695/2025,PS0152,Bengaluru Urban,2025-03-08 05:31,2025-03-08 09:31,Burglary,Night House Breaking,"BNS 331(3), BNS 331(4)",13.014197,77.391694,P008202,P003363,"P003740, P005392",PI Ramesh Gowda,Chargesheeted
FIR202500680,FIR/0680/2025,PS0094,Bengaluru Rural,2025-03-07 00:56,2025-03-08 10:56,Vehicle Theft,Two-Wheeler Theft,BNS 303(2),13.059719,77.696779,P000384,P003096,P007525,PI Chetan Kumar,Chargesheeted
FIR202500684,FIR/0684/2025,PS0117,Bengaluru Urban,2025-03-07 08:03,2025-03-08 18:03,Robbery,Highway Robbery,BNS 309(4),13.136721,77.777059,P004779,P003902,P003285,SI Ravi Kumar,Under Investigation
FIR202500679,FIR/0679/2025,PS0019,Bagalkote,2025-03-06 23:31,2025-03-09 02:31,Assault,Public Affray,"BNS 115(2), BNS 117(2)",16.036335,75.867529,P007443,P007759,"P009524, P004481",PI Naveen Patil,Chargesheeted
FIR202500697,FIR/0697/2025,PS0248,Chikkaballapura,2025-03-08 19:13,2025-03-09 03:13,NDPS,Possession of Narcotics,NDPS Act Sec 20(b),13.258302,77.781014,P009906,P006411,P005782,PI Lakshmi Devi,Chargesheeted
FIR202500692,FIR/0692/2025,PS0086,Bengaluru Rural,2025-03-08 00:19,2025-03-09 07:19,Cyber Crime,Phishing,"IT Act 66D, BNS 318(4)",13.328954,77.474557,P000147,P007802,P009020,PI Lakshmi Devi,Under Investigation
FIR202500700,FIR/0700/2025,PS0135,Bengaluru Urban,2025-03-09 02:22,2025-03-09 07:22,Dacoity,Armed Dacoity,BNS 310(2),12.92347,77.452656,P007151,P003474,P008280,PI Suresh Kulkarni,Chargesheeted
FIR202500645,FIR/0645/2025,PS0247,Chikkaballapura,2025-03-04 00:30,2025-03-09 08:30,Cyber Crime,Identity Theft,"IT Act 66D, BNS 318(4)",13.47575,77.878983,P007829,P000732,P003588,SI Mahesh Bhat,Chargesheeted
FIR202500701,FIR/0701/2025,PS0090,Bengaluru Rural,2025-03-09 04:25,2025-03-09 09:25,Robbery,Highway Robbery,BNS 309(4),13.431333,77.463898,P006104,P001083,"P004903, P000586",SI Mahesh Bhat,Chargesheeted
FIR202500694,FIR/0694/2025,PS0084,Bengaluru Rural,2025-03-08 03:16,2025-03-09 13:16,Burglary,Night House Breaking,"BNS 331(3), BNS 331(4)",13.154301,77.570034,P008405,P005281,P009684,SI Prakash Sharma,Chargesheeted
FIR202500696,FIR/0696/2025,PS0038,Ballari,2025-03-08 06:51,2025-03-09 13:51,Cyber Crime,Financial Fraud,"IT Act 66D, BNS 318(4)",15.051575,77.070758,P008359,P006468,P001310,PI Ramesh Gowda,Chargesheeted
FIR202500678,FIR/0678/2025,PS0029,Ballari,2025-03-06 19:03,2025-03-09 20:03,Assault,Public Affray,"BNS 115(2), BNS 117(2)",14.966349,76.904017,P001477,P005847,P006669,PI Naveen Patil,Chargesheeted
FIR202500707,FIR/0707/2025,PS0090,Bengaluru Rural,2025-03-09 19:02,2025-03-09 22:02,NDPS,Drug Trafficking,NDPS Act Sec 20(b),13.393842,77.462133,P001600,P009866,P002485,SI Ganesh Rao,Chargesheeted
FIR202500705,FIR/0705/2025,PS0029,Ballari,2025-03-09 16:15,2025-03-09 22:15,Cyber Crime,Phishing,"IT Act 66D, BNS 318(4)",14.963989,76.888387,P005606,P002676,P007021,SI Ravi Kumar,Chargesheeted
FIR202500709,FIR/0709/2025,PS0123,Bengaluru Urban,2025-03-10 01:40,2025-03-10 03:40,Vehicle Theft,Two-Wheeler Theft,BNS 303(2),13.028484,77.489387,P002421,P005628,P006729,SI Prakash Sharma,Under Investigation
FIR202500663,FIR/0663/2025,PS0126,Bengaluru Urban,2025-03-05 16:00,2025-03-10 04:00,POCSO,Harassment,"POCSO Act Sec 4, BNS 64",12.851509,77.568798,P009018,P000949,P008007,SI Ravi Kumar,Chargesheeted
FIR202500690,FIR/0690/2025,PS0147,Bengaluru Urban,2025-03-07 22:42,2025-03-10 04:42,POCSO,Sexual Assault on Minor,"POCSO Act Sec 4, BNS 64",12.899684,77.546966,P000563,P006963,P000187,PI Lakshmi Devi,Chargesheeted
FIR202500710,FIR/0710/2025,PS0244,Chikkaballapura,2025-03-10 02:45,2025-03-10 05:45,Vehicle Theft,Car Theft,BNS 303(2),13.290665,77.898471,P001826,P008252,"P000809, P000382",SI Ganesh Rao,Chargesheeted
FIR202500706,FIR/0706/2025,PS0134,Bengaluru Urban,2025-03-09 18:49,2025-03-10 05:49,Assault,Public Affray,"BNS 115(2), BNS 117(2)",12.816798,77.658149,P001280,P000013,P008277,PI Suresh Kulkarni,Under Investigation
FIR202500698,FIR/0698/2025,PS0110,Bengaluru Urban,2025-03-08 21:02,2025-03-10 07:02,Robbery,Highway Robbery,BNS 309(4),13.144467,77.649309,P005291,P001585,P007377,PI Harish Naik,Under Investigation
FIR202500702,FIR/0702/2025,PS0066,Belagavi,2025-03-09 06:44,2025-03-10 13:44,Murder,Personal Enmity,BNS 103(1),15.935089,74.650295,P000010,P000439,P008921,SI Ravi Kumar,Under Investigation
FIR202500689,FIR/0689/2025,PS0099,Bengaluru Rural,2025-03-07 20:30,2025-03-10 21:30,Murder,Personal Enmity,BNS 103(1),13.277404,77.703741,P000535,P003859,P004012,SI Prakash Sharma,Chargesheeted
FIR202500711,FIR/0711/2025,PS0086,Bengaluru Rural,2025-03-10 08:07,2025-03-11 13:07,Burglary,Day Burglary,"BNS 331(3), BNS 331(4)",13.325303,77.472852,P000446,P004821,P000373,SI Prakash Sharma,Chargesheeted
FIR202500723,FIR/0723/2025,PS0144,Bengaluru Urban,2025-03-11 16:35,2025-03-11 21:35,Dacoity,Armed Dacoity,BNS 310(2),12.845431,77.585943,P009113,P006663,P002732,PI Suresh Kulkarni,Chargesheeted
FIR202500708,FIR/0708/2025,PS0163,Bidar,2025-03-09 20:41,2025-03-11 23:41,Theft,Snatching,BNS 303(2),17.946263,77.590472,P003043,P004064,P009141,PI Naveen Patil,Chargesheeted
FIR202500688,FIR/0688/2025,PS0173,Bidar,2025-03-07 17:42,2025-03-11 23:42,Fraud,Land Scam,BNS 318(4),17.766025,77.594601,P005118,P007444,"P004512, P005392",PI Suresh Kulkarni,Under Investigation
FIR202500716,FIR/0716/2025,PS0165,Bidar,2025-03-10 23:59,2025-03-12 01:59,Theft,Snatching,BNS 303(2),18.038154,77.478434,P004117,P007222,P002701,SI Ravi Kumar,Chargesheeted
FIR202500718,FIR/0718/2025,PS0215,Chamarajanagar,2025-03-11 01:43,2025-03-12 04:43,Burglary,Night House Breaking,"BNS 331(3), BNS 331(4)",11.863761,76.980119,P008704,P009404,P007529,PI Ramesh Gowda,Under Investigation
FIR202500727,FIR/0727/2025,PS0090,Bengaluru Rural,2025-03-11 21:34,2025-03-12 05:34,Dacoity,Bank Dacoity,BNS 310(2),13.424215,77.468055,P009916,P001778,P002917,PI Suresh Kulkarni,Under Investigation
FIR202500731,FIR/0731/2025,PS0080,Bengaluru Rural,2025-03-12 03:36,2025-03-12 07:36,Burglary,Day Burglary,"BNS 331(3), BNS 331(4)",13.396214,77.581333,P004507,P000330,P008067,SI Mahesh Bhat,Under Investigation
FIR202500730,FIR/0730/2025,PS0003,Bagalkote,2025-03-12 02:29,2025-03-12 10:29,Cyber Crime,Financial Fraud,"IT Act 66D, BNS 318(4)",16.321557,75.890959,P001565,P003707,"P005300, P003856",PI Ramesh Gowda,Chargesheeted
FIR202500691,FIR/0691/2025,PS0082,Bengaluru Rural,2025-03-07 22:53,2025-03-12 10:53,Dacoity,Armed Dacoity,BNS 310(2),13.357724,77.407589,P001955,P001194,P009143,SI Ravi Kumar,Chargesheeted
FIR202500722,FIR/0722/2025,PS0220,Chamarajanagar,2025-03-11 12:15,2025-03-12 16:15,Theft,Snatching,BNS 303(2),11.80521,76.792406,P008028,P005900,"P001212, P003348",PI Harish Naik,Under Investigation
FIR202500734,FIR/0734/2025,PS0019,Bagalkote,2025-03-12 15:42,2025-03-12 16:42,POCSO,Sexual Assault on Minor,"POCSO Act Sec 4, BNS 64",16.025894,75.894706,P002085,P001042,P004844,SI Mahesh Bhat,Chargesheeted
FIR202500721,FIR/0721/2025,PS0134,Bengaluru Urban,2025-03-11 11:49,2025-03-12 18:49,Fraud,Cheating,BNS 318(4),12.827741,77.646075,P003821,P000341,P001698,PI Suresh Kulkarni,Under Investigation
FIR202500712,FIR/0712/2025,PS0148,Bengaluru Urban,2025-03-10 11:49,2025-03-12 19:49,Burglary,Day Burglary,"BNS 331(3), BNS 331(4)",12.841214,77.663417,P007970,P000960,P002974,SI Mahesh Bhat,Untraced
FIR202500704,FIR/0704/2025,PS0115,Bengaluru Urban,2025-03-09 14:31,2025-03-12 21:31,Fraud,Cheating,BNS 318(4),12.864641,77.410268,P008652,P005133,P008010,SI Mahesh Bhat,Chargesheeted
FIR202500724,FIR/0724/2025,PS0116,Bengaluru Urban,2025-03-11 17:02,2025-03-12 22:02,Assault,Grievous Hurt,"BNS 115(2), BNS 117(2)",12.976009,77.517807,P006290,P007976,P009038,SI Mahesh Bhat,Under Investigation
FIR202500703,FIR/0703/2025,PS0071,Bengaluru Rural,2025-03-09 13:23,2025-03-13 00:23,Murder,Dowry Homicide,BNS 103(1),13.050888,77.511167,P006116,P001810,P009379,SI Ganesh Rao,Under Investigation
FIR202500699,FIR/0699/2025,PS0166,Bidar,2025-03-08 22:13,2025-03-13 02:13,Assault,Simple Assault,"BNS 115(2), BNS 117(2)",17.790205,77.485361,P007348,P006444,P008475,SI Mahesh Bhat,Untraced
FIR202500729,FIR/0729/2025,PS0075,Bengaluru Rural,2025-03-11 23:27,2025-03-13 05:27,Assault,Grievous Hurt,"BNS 115(2), BNS 117(2)",13.218816,77.526678,P004933,P005872,P001636,PI Chetan Kumar,Chargesheeted
FIR202500739,FIR/0739/2025,PS0109,Bengaluru Rural,2025-03-12 22:04,2025-03-13 06:04,Assault,Simple Assault,"BNS 115(2), BNS 117(2)",13.100052,77.600076,P002323,P008433,P005850,PI Harish Naik,Chargesheeted
FIR202500726,FIR/0726/2025,PS0076,Bengaluru Rural,2025-03-11 19:05,2025-03-13 06:05,Assault,Public Affray,"BNS 115(2), BNS 117(2)",13.325717,77.749562,P003327,P007944,P005678,PI Chetan Kumar,Chargesheeted
FIR202500714,FIR/0714/2025,PS0150,Bengaluru Urban,2025-03-10 19:03,2025-03-13 07:03,Vehicle Theft,Two-Wheeler Theft,BNS 303(2),13.06612,77.71613,P001672,P006799,P001032,PI Ramesh Gowda,Chargesheeted
FIR202500719,FIR/0719/2025,PS0130,Bengaluru Urban,2025-03-11 04:49,2025-03-13 08:49,Murder,Dowry Homicide,BNS 103(1),13.128817,77.4786,P002789,P009008,P003681,PI Harish Naik,Chargesheeted
FIR202500740,FIR/0740/2025,PS0024,Bagalkote,2025-03-12 22:13,2025-03-13 09:13,Cyber Crime,Financial Fraud,"IT Act 66D, BNS 318(4)",16.388458,75.517313,P005948,P007607,P000500,SI Mahesh Bhat,Chargesheeted
FIR202500741,FIR/0741/2025,PS0096,Bengaluru Rural,2025-03-13 01:33,2025-03-13 13:33,Theft,House Theft,BNS 303(2),13.143319,77.474094,P005870,P007023,P009032,SI Ravi Kumar,Chargesheeted
FIR202500735,FIR/0735/2025,PS0172,Bidar,2025-03-12 15:46,2025-03-13 16:46,Murder,Dowry Homicide,BNS 103(1),17.972987,77.46964,P008836,P006311,P001033,PI Chetan Kumar,Chargesheeted
FIR202500747,FIR/0747/2025,PS0050,Belagavi,2025-03-13 15:53,2025-03-13 17:53,Assault,Simple Assault,"BNS 115(2), BNS 117(2)",15.708552,74.322459,P001627,P008052,"P007191, P006785",PI Ramesh Gowda,Chargesheeted
FIR202500732,FIR/0732/2025,PS0185,Bidar,2025-03-12 11:12,2025-03-13 18:12,NDPS,Possession of Narcotics,NDPS Act Sec 20(b),17.899295,77.513964,P003391,P004066,"P001753, P002052",SI Mahesh Bhat,Chargesheeted
FIR202500746,FIR/0746/2025,PS0070,Bengaluru Rural,2025-03-13 15:18,2025-03-13 19:18,Assault,Simple Assault,"BNS 115(2), BNS 117(2)",13.256763,77.743267,P007895,P005168,P003060,PI Naveen Patil,Under Investigation
FIR202500736,FIR/0736/2025,PS0148,Bengaluru Urban,2025-03-12 17:38,2025-03-13 19:38,Cyber Crime,Financial Fraud,"IT Act 66D, BNS 318(4)",12.867081,77.658907,P002298,P000932,P005201,SI Mahesh Bhat,Chargesheeted
FIR202500713,FIR/0713/2025,PS0115,Bengaluru Urban,2025-03-10 13:09,2025-03-13 20:09,POCSO,Sexual Assault on Minor,"POCSO Act Sec 4, BNS 64",12.864278,77.393244,P008927,P001130,P007852,PI Ramesh Gowda,Chargesheeted
FIR202500743,FIR/0743/2025,PS0246,Chikkaballapura,2025-03-13 09:53,2025-03-13 20:53,Burglary,Night House Breaking,"BNS 331(3), BNS 331(4)",13.448962,77.715791,P001932,P009162,P009664,PI Naveen Patil,Untraced
FIR202500733,FIR/0733/2025,PS0142,Bengaluru Urban,2025-03-12 14:20,2025-03-14 00:20,Cyber Crime,Identity Theft,"IT Act 66D, BNS 318(4)",13.106052,77.764874,P003311,P007584,P004909,PI Naveen Patil,Chargesheeted
FIR202500717,FIR/0717/2025,PS0110,Bengaluru Urban,2025-03-11 01:10,2025-03-14 03:10,Vehicle Theft,Car Theft,BNS 303(2),13.149223,77.621507,P003046,P003695,P003469,SI Ravi Kumar,Chargesheeted
FIR202500749,FIR/0749/2025,PS0186,Bidar,2025-03-13 23:36,2025-03-14 03:36,Assault,Grievous Hurt,"BNS 115(2), BNS 117(2)",17.741085,77.509335,P008341,P007801,P001889,SI Prakash Sharma,Under Investigation
FIR202500738,FIR/0738/2025,PS0170,Bidar,2025-03-12 19:20,2025-03-14 05:20,Burglary,Day Burglary,"BNS 331(3), BNS 331(4)",17.877524,77.382718,P006093,P004923,P008385,PI Naveen Patil,Chargesheeted
FIR202500751,FIR/0751/2025,PS0146,Bengaluru Urban,2025-03-14 05:13,2025-03-14 08:13,Cyber Crime,Identity Theft,"IT Act 66D, BNS 318(4)",12.967693,77.770535,P007999,P001552,P009715,PI Harish Naik,Untraced
FIR202500742,FIR/0742/2025,PS0027,Ballari,2025-03-13 07:32,2025-03-14 14:32,Burglary,Day Burglary,"BNS 331(3), BNS 331(4)",15.048617,77.085603,P000430,P007170,P002435,SI Ganesh Rao,Untraced
FIR202500720,FIR/0720/2025,PS0087,Bengaluru Rural,2025-03-11 05:12,2025-03-14 15:12,Assault,Public Affray,"BNS 115(2), BNS 117(2)",13.161213,77.510081,P004530,P008197,P009616,PI Harish Naik,Under Investigation
FIR202500754,FIR/0754/2025,PS0220,Chamarajanagar,2025-03-14 13:22,2025-03-14 20:22,Theft,Pocket Pick,BNS 303(2),11.783873,76.817505,P007730,P003936,P000743,SI Mahesh Bhat,Under Investigation
FIR202500744,FIR/0744/2025,PS0110,Bengaluru Urban,2025-03-13 10:12,2025-03-14 21:12,Assault,Simple Assault,"BNS 115(2), BNS 117(2)",13.154797,77.618768,P003358,P002312,P000536,SI Divya Hegde,Under Investigation
FIR202500756,FIR/0756/2025,PS0076,Bengaluru Rural,2025-03-14 16:22,2025-03-14 23:22,NDPS,Possession of Narcotics,NDPS Act Sec 20(b),13.302456,77.776849,P000446,P009206,P008440,SI Ganesh Rao,Under Investigation
FIR202500753,FIR/0753/2025,PS0233,Chamarajanagar,2025-03-14 12:23,2025-03-14 23:23,POCSO,Sexual Assault on Minor,"POCSO Act Sec 4, BNS 64",11.72801,76.822316,P009781,P001205,P006902,PI Lakshmi Devi,Under Investigation
FIR202500748,FIR/0748/2025,PS0075,Bengaluru Rural,2025-03-13 16:32,2025-03-14 23:32,POCSO,Sexual Assault on Minor,"POCSO Act Sec 4, BNS 64",13.183325,77.530147,P007643,P000941,P001701,SI Prakash Sharma,Chargesheeted
FIR202500759,FIR/0759/2025,PS0247,Chikkaballapura,2025-03-14 23:36,2025-03-15 00:36,Dacoity,Armed Dacoity,BNS 310(2),13.504179,77.907317,P004870,P007134,P000420,SI Ganesh Rao,Chargesheeted
FIR202500757,FIR/0757/2025,PS0201,Chamarajanagar,2025-03-14 19:01,2025-03-15 02:01,Dacoity,Armed Dacoity,BNS 310(2),11.983242,76.829039,P006496,P001424,P000949,PI Harish Naik,Under Investigation
FIR202500737,FIR/0737/2025,PS0015,Bagalkote,2025-03-12 18:27,2025-03-15 06:27,Cyber Crime,Identity Theft,"IT Act 66D, BNS 318(4)",16.064732,75.700788,P003646,P003129,P009091,SI Mahesh Bhat,Under Investigation
FIR202500761,FIR/0761/2025,PS0012,Bagalkote,2025-03-15 00:20,2025-03-15 07:20,Murder,Personal Enmity,BNS 103(1),16.257336,75.803281,P006801,P000070,P009699,PI Lakshmi Devi,Chargesheeted
FIR202500752,FIR/0752/2025,PS0134,Bengaluru Urban,2025-03-14 11:44,2025-03-15 13:44,POCSO,Sexual Assault on Minor,"POCSO Act Sec 4, BNS 64",12.795512,77.632999,P001278,P007487,P004384,SI Divya Hegde,Chargesheeted
FIR202500764,FIR/0764/2025,PS0212,Chamarajanagar,2025-03-15 09:54,2025-03-15 13:54,Fraud,Land Scam,BNS 318(4),12.054612,76.823388,P001037,P009985,P009107,PI Lakshmi Devi,Untraced
FIR202500755,FIR/0755/2025,PS0244,Chikkaballapura,2025-03-14 14:44,2025-03-15 22:44,Burglary,Night House Breaking,"BNS 331(3), BNS 331(4)",13.286629,77.91143,P000148,P009979,P001907,PI Harish Naik,Under Investigation
FIR202500745,FIR/0745/2025,PS0176,Bidar,2025-03-13 12:32,2025-03-15 23:32,NDPS,Drug Trafficking,NDPS Act Sec 20(b),17.749001,77.548131,P004789,P000533,P005040,SI Mahesh Bhat,Chargesheeted
FIR202500715,FIR/0715/2025,PS0048,Belagavi,2025-03-10 23:05,2025-03-16 01:05,Vehicle Theft,Two-Wheeler Theft,BNS 303(2),15.732034,74.504099,P009495,P006297,P008123,SI Ganesh Rao,Untraced
FIR202500725,FIR/0725/2025,PS0106,Bengaluru Rural,2025-03-11 18:02,2025-03-16 02:02,Burglary,Night House Breaking,"BNS 331(3), BNS 331(4)",13.289923,77.544144,P008071,P001728,P001881,SI Ravi Kumar,Chargesheeted
FIR202500758,FIR/0758/2025,PS0077,Bengaluru Rural,2025-03-14 19:18,2025-03-16 05:18,Cyber Crime,Financial Fraud,"IT Act 66D, BNS 318(4)",13.34882,77.608199,P000988,P006532,P005851,SI Divya Hegde,Chargesheeted
FIR202500762,FIR/0762/2025,PS0095,Bengaluru Rural,2025-03-15 01:11,2025-03-16 06:11,Assault,Grievous Hurt,"BNS 115(2), BNS 117(2)",13.111853,77.389551,P000505,P001155,P007681,PI Ramesh Gowda,Under Investigation
FIR202500770,FIR/0770/2025,PS0095,Bengaluru Rural,2025-03-16 06:35,2025-03-16 10:35,Assault,Grievous Hurt,"BNS 115(2), BNS 117(2)",13.093511,77.40421,P005274,P006569,P008907,SI Ganesh Rao,Under Investigation
FIR202500760,FIR/0760/2025,PS0100,Bengaluru Rural,2025-03-15 00:10,2025-03-16 11:10,Vehicle Theft,Two-Wheeler Theft,BNS 303(2),13.158069,77.548949,P005801,P008791,P006370,SI Ganesh Rao,Untraced
FIR202500771,FIR/0771/2025,PS0092,Bengaluru Rural,2025-03-16 07:35,2025-03-16 11:35,Robbery,Highway Robbery,BNS 309(4),13.064364,77.470088,P006281,P003782,P002780,SI Mahesh Bhat,Chargesheeted
FIR202500772,FIR/0772/2025,PS0030,Ballari,2025-03-16 09:21,2025-03-16 14:21,Assault,Public Affray,"BNS 115(2), BNS 117(2)",15.203536,76.833313,P009928,P000387,P002903,PI Naveen Patil,Chargesheeted
FIR202500774,FIR/0774/2025,PS0048,Belagavi,2025-03-16 10:36,2025-03-16 15:36,NDPS,Drug Trafficking,NDPS Act Sec 20(b),15.732257,74.497924,P005445,P005604,P007045,PI Ramesh Gowda,Under Investigation
FIR202500768,FIR/0768/2025,PS0104,Bengaluru Rural,2025-03-15 23:44,2025-03-17 00:44,POCSO,Harassment,"POCSO Act Sec 4, BNS 64",13.410107,77.544849,P007379,P008161,P007315,SI Ganesh Rao,Under Investigation
FIR202500777,FIR/0777/2025,PS0214,Chamarajanagar,2025-03-16 18:48,2025-03-17 00:48,Dacoity,Bank Dacoity,BNS 310(2),11.929315,76.827988,P001088,P001768,P006890,SI Ganesh Rao,Chargesheeted
FIR202500767,FIR/0767/2025,PS0102,Bengaluru Rural,2025-03-15 22:40,2025-03-17 01:40,Fraud,Land Scam,BNS 318(4),13.130347,77.639846,P007898,P009319,P009770,PI Ramesh Gowda,Chargesheeted
FIR202500765,FIR/0765/2025,PS0219,Chamarajanagar,2025-03-15 18:35,2025-03-17 02:35,Cyber Crime,Financial Fraud,"IT Act 66D, BNS 318(4)",11.849564,76.875494,P003926,P009346,P002433,PI Harish Naik,Chargesheeted
FIR202500728,FIR/0728/2025,PS0123,Bengaluru Urban,2025-03-11 22:34,2025-03-17 08:34,Fraud,Land Scam,BNS 318(4),13.02877,77.490405,P004815,P001847,P009629,PI Harish Naik,Closed
FIR202500784,FIR/0784/2025,PS0164,Bidar,2025-03-17 09:21,2025-03-17 10:21,Assault,Grievous Hurt,"BNS 115(2), BNS 117(2)",17.939312,77.450048,P008658,P002267,P000086,PI Suresh Kulkarni,Closed
FIR202500781,FIR/0781/2025,PS0059,Belagavi,2025-03-17 05:56,2025-03-17 10:56,Vehicle Theft,Car Theft,BNS 303(2),15.827047,74.495015,P003041,P001345,P007009,PI Chetan Kumar,Chargesheeted
FIR202500782,FIR/0782/2025,PS0078,Bengaluru Rural,2025-03-17 07:48,2025-03-17 12:48,Vehicle Theft,Car Theft,BNS 303(2),13.142637,77.575437,P002438,P005368,P000520,PI Chetan Kumar,Under Investigation
FIR202500787,FIR/0787/2025,PS0097,Bengaluru Rural,2025-03-17 13:36,2025-03-17 14:36,Fraud,Land Scam,BNS 318(4),13.114837,77.49032,P001792,P006987,P002483,PI Chetan Kumar,Untraced
FIR202500773,FIR/0773/2025,PS0077,Bengaluru Rural,2025-03-16 10:06,2025-03-17 15:06,Vehicle Theft,Two-Wheeler Theft,BNS 303(2),13.362011,77.595018,P009372,P000037,P006947,PI Chetan Kumar,Under Investigation
FIR202500763,FIR/0763/2025,PS0137,Bengaluru Urban,2025-03-15 07:26,2025-03-17 17:26,Fraud,Land Scam,BNS 318(4),12.874289,77.70816,P007414,P008539,P008699,PI Naveen Patil,Chargesheeted
FIR202500776,FIR/0776/2025,PS0117,Bengaluru Urban,2025-03-16 12:10,2025-03-17 23:10,Cyber Crime,Phishing,"IT Act 66D, BNS 318(4)",13.123144,77.782056,P004396,P009096,P007338,PI Lakshmi Devi,Chargesheeted
FIR202500790,FIR/0790/2025,PS0072,Bengaluru Rural,2025-03-17 22:05,2025-03-18 02:05,Vehicle Theft,Car Theft,BNS 303(2),13.302617,77.631184,P001933,P004694,P002602,PI Suresh Kulkarni,Under Investigation
FIR202500766,FIR/0766/2025,PS0174,Bidar,2025-03-15 22:12,2025-03-18 05:12,Theft,Snatching,BNS 303(2),17.873375,77.54613,P003608,P005492,P009270,PI Chetan Kumar,Closed
FIR202500778,FIR/0778/2025,PS0191,Bidar,2025-03-16 19:48,2025-03-18 05:48,Cyber Crime,Phishing,"IT Act 66D, BNS 318(4)",17.931742,77.401112,P009626,P004779,P004481,PI Chetan Kumar,Chargesheeted
FIR202500750,FIR/0750/2025,PS0208,Chamarajanagar,2025-03-14 00:22,2025-03-18 12:22,Burglary,Night House Breaking,"BNS 331(3), BNS 331(4)",11.828991,77.133504,P008213,P005883,P002152,SI Ganesh Rao,Under Investigation
FIR202500793,FIR/0793/2025,PS0076,Bengaluru Rural,2025-03-18 08:07,2025-03-18 13:07,Assault,Grievous Hurt,"BNS 115(2), BNS 117(2)",13.321063,77.760246,P000542,P008080,P009743,SI Prakash Sharma,Under Investigation
FIR202500779,FIR/0779/2025,PS0045,Ballari,2025-03-17 03:19,2025-03-18 13:19,Fraud,Land Scam,BNS 318(4),15.002517,76.899055,P007765,P006359,P000663,PI Chetan Kumar,Under Investigation
FIR202500792,FIR/0792/2025,PS0006,Bagalkote,2025-03-18 04:00,2025-03-18 14:00,Cyber Crime,Financial Fraud,"IT Act 66D, BNS 318(4)",16.377569,75.775211,P008846,P004339,P004451,SI Ganesh Rao,Chargesheeted
FIR202500785,FIR/0785/2025,PS0139,Bengaluru Urban,2025-03-17 10:26,2025-03-18 14:26,NDPS,Possession of Narcotics,NDPS Act Sec 20(b),12.813062,77.543221,P002076,P004577,P008700,PI Chetan Kumar,Untraced
FIR202500789,FIR/0789/2025,PS0148,Bengaluru Urban,2025-03-17 13:59,2025-03-18 17:59,Cyber Crime,Financial Fraud,"IT Act 66D, BNS 318(4)",12.852613,77.657159,P000687,P004031,P001002,SI Divya Hegde,Chargesheeted
FIR202500794,FIR/0794/2025,PS0076,Bengaluru Rural,2025-03-18 14:03,2025-03-18 19:03,Robbery,Highway Robbery,BNS 309(4),13.319105,77.743385,P000118,P008944,P002954,SI Prakash Sharma,Under Investigation
FIR202500797,FIR/0797/2025,PS0080,Bengaluru Rural,2025-03-19 00:29,2025-03-19 01:29,Theft,Pocket Pick,BNS 303(2),13.385475,77.616055,P003227,P004803,P003914,PI Suresh Kulkarni,Chargesheeted
FIR202500780,FIR/0780/2025,PS0126,Bengaluru Urban,2025-03-17 03:37,2025-03-19 04:37,Cyber Crime,Phishing,"IT Act 66D, BNS 318(4)",12.854783,77.54537,P001471,P009092,P000738,PI Lakshmi Devi,Under Investigation
FIR202500798,FIR/0798/2025,PS0160,Bidar,2025-03-19 01:00,2025-03-19 08:00,Murder,Dowry Homicide,BNS 103(1),17.883264,77.376707,P009340,P003638,P001956,SI Mahesh Bhat,Untraced
FIR202500802,FIR/0802/2025,PS0187,Bidar,2025-03-19 10:23,2025-03-19 16:23,Vehicle Theft,Car Theft,BNS 303(2),17.986519,77.710657,P006350,P008826,P008379,SI Divya Hegde,Chargesheeted
FIR202500795,FIR/0795/2025,PS0133,Bengaluru Urban,2025-03-18 15:04,2025-03-19 18:04,POCSO,Sexual Assault on Minor,"POCSO Act Sec 4, BNS 64",13.033026,77.552895,P006164,P000159,P003766,SI Divya Hegde,Chargesheeted
FIR202500786,FIR/0786/2025,PS0082,Bengaluru Rural,2025-03-17 12:28,2025-03-19 22:28,Burglary,Night House Breaking,"BNS 331(3), BNS 331(4)",13.335791,77.431308,P003019,P007606,P006443,PI Suresh Kulkarni,Chargesheeted
FIR202500806,FIR/0806/2025,PS0057,Belagavi,2025-03-19 18:06,2025-03-20 01:06,NDPS,Possession of Narcotics,NDPS Act Sec 20(b),15.695946,74.421709,P006711,P006163,P000635,SI Ravi Kumar,Closed
FIR202500809,FIR/0809/2025,PS0060,Belagavi,2025-03-19 22:46,2025-03-20 01:46,Assault,Simple Assault,"BNS 115(2), BNS 117(2)",16.021182,74.512193,P001705,P004611,P002537,SI Mahesh Bhat,Chargesheeted
FIR202500796,FIR/0796/2025,PS0147,Bengaluru Urban,2025-03-18 17:49,2025-03-20 01:49,Theft,House Theft,BNS 303(2),12.917853,77.572106,P006375,P003804,P003354,PI Harish Naik,Chargesheeted
FIR202500811,FIR/0811/2025,PS0119,Bengaluru Urban,2025-03-20 00:00,2025-03-20 07:00,Fraud,Corporate Fraud,BNS 318(4),12.837255,77.770664,P002429,P001612,P006917,SI Ravi Kumar,Chargesheeted
FIR202500799,FIR/0799/2025,PS0109,Bengaluru Rural,2025-03-19 01:22,2025-03-20 07:22,Murder,Dowry Homicide,BNS 103(1),13.101504,77.582487,P006409,P005195,P002507,SI Divya Hegde,Under Investigation
FIR202500791,FIR/0791/2025,PS0146,Bengaluru Urban,2025-03-18 00:18,2025-03-20 08:18,Dacoity,Armed Dacoity,BNS 310(2),12.950625,77.793039,P004969,P007238,P006049,SI Divya Hegde,Chargesheeted
FIR202500783,FIR/0783/2025,PS0117,Bengaluru Urban,2025-03-17 08:58,2025-03-20 11:58,Cyber Crime,Financial Fraud,"IT Act 66D, BNS 318(4)",13.136558,77.79793,P008624,P003387,"P009820, P004455",PI Naveen Patil,Under Investigation
FIR202500769,FIR/0769/2025,PS0022,Bagalkote,2025-03-16 03:50,2025-03-20 13:50,Assault,Public Affray,"BNS 115(2), BNS 117(2)",16.252583,75.609533,P004112,P007164,P000931,PI Lakshmi Devi,Chargesheeted
FIR202500788,FIR/0788/2025,PS0097,Bengaluru Rural,2025-03-17 13:57,2025-03-20 14:57,POCSO,Sexual Assault on Minor,"POCSO Act Sec 4, BNS 64",13.132114,77.491451,P007071,P006560,P008321,PI Ramesh Gowda,Under Investigation
FIR202500804,FIR/0804/2025,PS0041,Ballari,2025-03-19 15:01,2025-03-20 19:01,Assault,Grievous Hurt,"BNS 115(2), BNS 117(2)",15.234332,76.88683,P006078,P004504,P002469,SI Mahesh Bhat,Untraced
FIR202500815,FIR/0815/2025,PS0080,Bengaluru Rural,2025-03-20 14:12,2025-03-20 19:12,Cyber Crime,Phishing,"IT Act 66D, BNS 318(4)",13.38101,77.58574,P007102,P008598,P008795,SI Divya Hegde,Chargesheeted
FIR202500801,FIR/0801/2025,PS0031,Ballari,2025-03-19 09:23,2025-03-20 20:23,Robbery,Chain Snatching with Force,BNS 309(4),14.973677,77.094427,P007749,P003169,P000926,PI Lakshmi Devi,Untraced
FIR202500816,FIR/0816/2025,PS0166,Bidar,2025-03-20 14:46,2025-03-20 21:46,NDPS,Possession of Narcotics,NDPS Act Sec 20(b),17.810594,77.486926,P001927,P000591,P001564,SI Prakash Sharma,Chargesheeted
FIR202500807,FIR/0807/2025,PS0030,Ballari,2025-03-19 18:30,2025-03-20 22:30,Assault,Simple Assault,"BNS 115(2), BNS 117(2)",15.196082,76.814689,P009873,P009308,P002405,SI Ganesh Rao,Chargesheeted
FIR202500775,FIR/0775/2025,PS0212,Chamarajanagar,2025-03-16 10:55,2025-03-20 22:55,Cyber Crime,Identity Theft,"IT Act 66D, BNS 318(4)",12.05456,76.835943,P000402,P001121,"P004345, P007116",SI Prakash Sharma,Chargesheeted
FIR202500818,FIR/0818/2025,PS0223,Chamarajanagar,2025-03-20 15:22,2025-03-21 00:22,Dacoity,Bank Dacoity,BNS 310(2),11.84562,76.802351,P001932,P006309,P007544,PI Chetan Kumar,Under Investigation
FIR202500805,FIR/0805/2025,PS0066,Belagavi,2025-03-19 17:37,2025-03-21 02:37,Vehicle Theft,Car Theft,BNS 303(2),15.939545,74.612628,P001802,P007756,P002467,SI Ganesh Rao,Under Investigation
FIR202500817,FIR/0817/2025,PS0199,Chamarajanagar,2025-03-20 15:20,2025-03-21 03:20,Fraud,Cheating,BNS 318(4),11.858721,77.07013,P004262,P008275,P009154,PI Ramesh Gowda,Chargesheeted
FIR202500819,FIR/0819/2025,PS0005,Bagalkote,2025-03-20 19:32,2025-03-21 03:32,Dacoity,Bank Dacoity,BNS 310(2),16.156491,75.571974,P007367,P007211,P007318,PI Harish Naik,Chargesheeted
FIR202500810,FIR/0810/2025,PS0241,Chikkaballapura,2025-03-19 23:25,2025-03-21 07:25,Assault,Simple Assault,"BNS 115(2), BNS 117(2)",13.273064,77.919553,P004015,P001771,P000115,PI Chetan Kumar,Chargesheeted
FIR202500820,FIR/0820/2025,PS0199,Chamarajanagar,2025-03-21 02:42,2025-03-21 10:42,NDPS,Drug Trafficking,NDPS Act Sec 20(b),11.860973,77.066727,P001609,P009042,P000552,SI Ravi Kumar,Chargesheeted
FIR202500814,FIR/0814/2025,PS0235,Chikkaballapura,2025-03-20 08:53,2025-03-21 11:53,NDPS,Drug Trafficking,NDPS Act Sec 20(b),13.272363,77.559887,P000943,P002469,P000653,PI Lakshmi Devi,Under Investigation
FIR202500812,FIR/0812/2025,PS0111,Bengaluru Urban,2025-03-20 04:22,2025-03-21 15:22,Fraud,Land Scam,BNS 318(4),12.768001,77.565492,P006894,P006204,P002606,SI Mahesh Bhat,Chargesheeted
FIR202500828,FIR/0828/2025,PS0220,Chamarajanagar,2025-03-21 15:02,2025-03-21 18:02,Vehicle Theft,Two-Wheeler Theft,BNS 303(2),11.809717,76.799289,P008890,P007802,"P005514, P006558",PI Naveen Patil,Chargesheeted
FIR202500827,FIR/0827/2025,PS0168,Bidar,2025-03-21 13:44,2025-03-21 22:44,Murder,Gang Conflict,BNS 103(1),17.729566,77.685185,P001921,P007090,P007367,PI Ramesh Gowda,Under Investigation
FIR202500803,FIR/0803/2025,PS0142,Bengaluru Urban,2025-03-19 10:54,2025-03-21 22:54,Assault,Simple Assault,"BNS 115(2), BNS 117(2)",13.087162,77.743485,P007546,P007511,P009893,SI Mahesh Bhat,Under Investigation
FIR202500826,FIR/0826/2025,PS0096,Bengaluru Rural,2025-03-21 13:41,2025-03-22 01:41,POCSO,Harassment,"POCSO Act Sec 4, BNS 64",13.136679,77.45675,P004522,P004684,P007204,SI Ganesh Rao,Chargesheeted
FIR202500829,FIR/0829/2025,PS0132,Bengaluru Urban,2025-03-22 03:59,2025-03-22 05:59,Burglary,Day Burglary,"BNS 331(3), BNS 331(4)",12.983385,77.662226,P004435,P002189,P002249,PI Ramesh Gowda,Under Investigation
FIR202500808,FIR/0808/2025,PS0143,Bengaluru Urban,2025-03-19 19:57,2025-03-22 07:57,Burglary,Night House Breaking,"BNS 331(3), BNS 331(4)",12.783089,77.423277,P009124,P000044,P003674,PI Harish Naik,Under Investigation
FIR202500821,FIR/0821/2025,PS0143,Bengaluru Urban,2025-03-21 03:55,2025-03-22 09:55,Vehicle Theft,Two-Wheeler Theft,BNS 303(2),12.795391,77.395514,P005263,P004150,P004296,SI Mahesh Bhat,Untraced
FIR202500831,FIR/0831/2025,PS0137,Bengaluru Urban,2025-03-22 07:17,2025-03-22 11:17,Theft,Pocket Pick,BNS 303(2),12.856741,77.715907,P009280,P007083,P002220,SI Ravi Kumar,Under Investigation
FIR202500823,FIR/0823/2025,PS0099,Bengaluru Rural,2025-03-21 08:05,2025-03-22 14:05,Murder,Dowry Homicide,BNS 103(1),13.279092,77.691621,P003384,P009268,P009289,PI Naveen Patil,Untraced
FIR202500825,FIR/0825/2025,PS0147,Bengaluru Urban,2025-03-21 12:47,2025-03-22 15:47,Assault,Grievous Hurt,"BNS 115(2), BNS 117(2)",12.914524,77.57107,P002386,P009731,P003720,SI Prakash Sharma,Chargesheeted
FIR202500833,FIR/0833/2025,PS0105,Bengaluru Rural,2025-03-22 11:20,2025-03-22 17:20,Burglary,Day Burglary,"BNS 331(3), BNS 331(4)",13.171781,77.637609,P004711,P001885,P006477,SI Prakash Sharma,Under Investigation
FIR202500834,FIR/0834/2025,PS0183,Bidar,2025-03-22 11:22,2025-03-22 20:22,POCSO,Sexual Assault on Minor,"POCSO Act Sec 4, BNS 64",17.769783,77.400096,P007440,P000018,P002560,PI Harish Naik,Untraced
FIR202500838,FIR/0838/2025,PS0031,Ballari,2025-03-22 19:46,2025-03-23 00:46,Dacoity,Armed Dacoity,BNS 310(2),14.995895,77.091728,P006903,P001864,P007810,SI Ravi Kumar,Under Investigation
FIR202500836,FIR/0836/2025,PS0085,Bengaluru Rural,2025-03-22 17:46,2025-03-23 03:46,Robbery,Chain Snatching with Force,BNS 309(4),13.090753,77.425453,P007030,P009895,P004231,PI Ramesh Gowda,Closed
FIR202500839,FIR/0839/2025,PS0081,Bengaluru Rural,2025-03-22 23:29,2025-03-23 05:29,Vehicle Theft,Car Theft,BNS 303(2),13.178884,77.577642,P008598,P004742,P008050,PI Ramesh Gowda,Under Investigation
FIR202500800,FIR/0800/2025,PS0092,Bengaluru Rural,2025-03-19 05:26,2025-03-23 11:26,Assault,Public Affray,"BNS 115(2), BNS 117(2)",13.062983,77.490404,P007455,P008672,P001175,PI Suresh Kulkarni,Under Investigation
FIR202500830,FIR/0830/2025,PS0074,Bengaluru Rural,2025-03-22 04:41,2025-03-23 11:41,Vehicle Theft,Two-Wheeler Theft,BNS 303(2),13.183919,77.563151,P009243,P003685,P005144,SI Ganesh Rao,Chargesheeted
FIR202500842,FIR/0842/2025,PS0019,Bagalkote,2025-03-23 09:21,2025-03-23 12:21,Assault,Public Affray,"BNS 115(2), BNS 117(2)",16.061264,75.863976,P000635,P003145,P004356,SI Prakash Sharma,Under Investigation
FIR202500813,FIR/0813/2025,PS0168,Bidar,2025-03-20 05:58,2025-03-23 15:58,Cyber Crime,Phishing,"IT Act 66D, BNS 318(4)",17.697527,77.665745,P006616,P000524,P006501,SI Divya Hegde,Chargesheeted
FIR202500841,FIR/0841/2025,PS0114,Bengaluru Urban,2025-03-23 09:09,2025-03-23 16:09,Assault,Grievous Hurt,"BNS 115(2), BNS 117(2)",12.988885,77.753517,P001291,P008644,P001139,SI Divya Hegde,Under Investigation
FIR202500832,FIR/0832/2025,PS0111,Bengaluru Urban,2025-03-22 08:38,2025-03-23 17:38,Cyber Crime,Financial Fraud,"IT Act 66D, BNS 318(4)",12.789392,77.538435,P006270,P003547,P003691,SI Mahesh Bhat,Under Investigation
FIR202500835,FIR/0835/2025,PS0075,Bengaluru Rural,2025-03-22 17:43,2025-03-23 19:43,Vehicle Theft,Two-Wheeler Theft,BNS 303(2),13.213333,77.52486,P000977,P004821,P008224,SI Prakash Sharma,Chargesheeted
FIR202500824,FIR/0824/2025,PS0124,Bengaluru Urban,2025-03-21 12:37,2025-03-23 20:37,Murder,Gang Conflict,BNS 103(1),13.09033,77.656945,P005146,P004207,P005028,SI Divya Hegde,Untraced
FIR202500845,FIR/0845/2025,PS0191,Bidar,2025-03-23 12:16,2025-03-24 00:16,Vehicle Theft,Car Theft,BNS 303(2),17.930592,77.363518,P002618,P004998,P008107,PI Harish Naik,Chargesheeted
FIR202500846,FIR/0846/2025,PS0110,Bengaluru Urban,2025-03-23 12:28,2025-03-24 00:28,POCSO,Sexual Assault on Minor,"POCSO Act Sec 4, BNS 64",13.170123,77.650722,P006006,P009941,P007870,PI Lakshmi Devi,Under Investigation
FIR202500847,FIR/0847/2025,PS0243,Chikkaballapura,2025-03-23 16:50,2025-03-24 00:50,NDPS,Drug Trafficking,NDPS Act Sec 20(b),13.434362,77.863267,P009770,P007141,P001148,SI Ravi Kumar,Under Investigation
FIR202500850,FIR/0850/2025,PS0100,Bengaluru Rural,2025-03-23 22:01,2025-03-24 01:01,POCSO,Harassment,"POCSO Act Sec 4, BNS 64",13.165206,77.544089,P001422,P009417,P005071,SI Divya Hegde,Under Investigation
FIR202500851,FIR/0851/2025,PS0132,Bengaluru Urban,2025-03-23 23:38,2025-03-24 06:38,Assault,Grievous Hurt,"BNS 115(2), BNS 117(2)",12.987719,77.665161,P006054,P006413,P009559,PI Suresh Kulkarni,Chargesheeted
FIR202500843,FIR/0843/2025,PS0023,Bagalkote,2025-03-23 09:51,2025-03-24 11:51,Robbery,Chain Snatching with Force,BNS 309(4),16.120467,75.781504,P001593,P002308,P001227,PI Suresh Kulkarni,Under Investigation
FIR202500822,FIR/0822/2025,PS0073,Bengaluru Rural,2025-03-21 08:05,2025-03-24 17:05,Vehicle Theft,Car Theft,BNS 303(2),13.337426,77.582933,P002600,P004947,P006327,SI Ravi Kumar,Closed
FIR202500844,FIR/0844/2025,PS0073,Bengaluru Rural,2025-03-23 11:15,2025-03-24 17:15,Robbery,Highway Robbery,BNS 309(4),13.326889,77.596392,P008314,P008011,"P008099, P008881",SI Prakash Sharma,Chargesheeted
FIR202500858,FIR/0858/2025,PS0109,Bengaluru Rural,2025-03-24 10:47,2025-03-24 20:47,Vehicle Theft,Two-Wheeler Theft,BNS 303(2),13.11985,77.58585,P000355,P008834,P009660,PI Lakshmi Devi,Chargesheeted
FIR202500848,FIR/0848/2025,PS0131,Bengaluru Urban,2025-03-23 18:18,2025-03-24 23:18,Dacoity,Armed Dacoity,BNS 310(2),12.994905,77.61948,P000849,P004587,P008395,PI Chetan Kumar,Under Investigation
FIR202500862,FIR/0862/2025,PS0023,Bagalkote,2025-03-24 15:44,2025-03-25 02:44,Fraud,Cheating,BNS 318(4),16.106061,75.792026,P002270,P009502,P005945,SI Ganesh Rao,Under Investigation
FIR202500864,FIR/0864/2025,PS0079,Bengaluru Rural,2025-03-25 00:09,2025-03-25 04:09,Assault,Grievous Hurt,"BNS 115(2), BNS 117(2)",13.100851,77.476563,P007865,P002504,P004773,SI Prakash Sharma,Closed
FIR202500840,FIR/0840/2025,PS0150,Bengaluru Urban,2025-03-23 03:31,2025-03-25 05:31,Vehicle Theft,Car Theft,BNS 303(2),13.0919,77.693044,P001619,P005953,P005930,SI Prakash Sharma,Chargesheeted
FIR202500854,FIR/0854/2025,PS0027,Ballari,2025-03-24 02:34,2025-03-25 07:34,Assault,Public Affray,"BNS 115(2), BNS 117(2)",15.037185,77.088282,P004268,P000071,"P008972, P008734",SI Mahesh Bhat,Chargesheeted
FIR202500853,FIR/0853/2025,PS0090,Bengaluru Rural,2025-03-24 02:20,2025-03-25 08:20,Robbery,Chain Snatching with Force,BNS 309(4),13.407525,77.469667,P007639,P002058,P003433,PI Chetan Kumar,Under Investigation
FIR202500863,FIR/0863/2025,PS0131,Bengaluru Urban,2025-03-24 20:25,2025-03-25 08:25,Cyber Crime,Identity Theft,"IT Act 66D, BNS 318(4)",12.999884,77.619651,P005420,P005675,P009157,PI Naveen Patil,Chargesheeted
FIR202500868,FIR/0868/2025,PS0043,Ballari,2025-03-25 08:12,2025-03-25 10:12,Assault,Simple Assault,"BNS 115(2), BNS 117(2)",14.979457,76.968885,P005297,P003819,P009904,SI Mahesh Bhat,Closed
FIR202500866,FIR/0866/2025,PS0201,Chamarajanagar,2025-03-25 06:41,2025-03-25 11:41,Vehicle Theft,Two-Wheeler Theft,BNS 303(2),12.013856,76.834282,P009946,P003968,P004205,PI Chetan Kumar,Untraced
FIR202500870,FIR/0870/2025,PS0177,Bidar,2025-03-25 12:46,2025-03-25 14:46,Assault,Public Affray,"BNS 115(2), BNS 117(2)",18.057172,77.348806,P009745,P009154,P007889,PI Naveen Patil,Chargesheeted
FIR202500856,FIR/0856/2025,PS0053,Belagavi,2025-03-24 09:48,2025-03-25 14:48,Theft,House Theft,BNS 303(2),15.868361,74.331177,P001418,P001027,P009514,PI Harish Naik,Under Investigation
FIR202500865,FIR/0865/2025,PS0073,Bengaluru Rural,2025-03-25 06:33,2025-03-25 15:33,Burglary,Day Burglary,"BNS 331(3), BNS 331(4)",13.356231,77.596487,P000411,P008747,P005464,SI Mahesh Bhat,Under Investigation
FIR202500857,FIR/0857/2025,PS0105,Bengaluru Rural,2025-03-24 10:29,2025-03-25 16:29,Fraud,Land Scam,BNS 318(4),13.168068,77.632953,P000398,P003101,P006213,SI Mahesh Bhat,Chargesheeted
FIR202500855,FIR/0855/2025,PS0107,Bengaluru Rural,2025-03-24 06:45,2025-03-25 16:45,Robbery,Highway Robbery,BNS 309(4),13.133538,77.436944,P006322,P001292,P001614,PI Chetan Kumar,Closed
FIR202500867,FIR/0867/2025,PS0198,Chamarajanagar,2025-03-25 07:28,2025-03-25 19:28,Vehicle Theft,Two-Wheeler Theft,BNS 303(2),11.862113,77.060922,P005271,P006282,P000563,SI Ravi Kumar,Chargesheeted
FIR202500859,FIR/0859/2025,PS0197,Chamarajanagar,2025-03-24 12:36,2025-03-25 21:36,Burglary,Day Burglary,"BNS 331(3), BNS 331(4)",11.87966,77.045716,P002204,P008904,P004183,PI Suresh Kulkarni,Under Investigation
FIR202500861,FIR/0861/2025,PS0117,Bengaluru Urban,2025-03-24 15:07,2025-03-26 00:07,Murder,Gang Conflict,BNS 103(1),13.132458,77.802445,P003080,P009798,P000416,SI Divya Hegde,Under Investigation
FIR202500874,FIR/0874/2025,PS0076,Bengaluru Rural,2025-03-25 21:15,2025-03-26 02:15,POCSO,Harassment,"POCSO Act Sec 4, BNS 64",13.338317,77.758988,P002129,P006469,P002888,PI Naveen Patil,Chargesheeted
FIR202500837,FIR/0837/2025,PS0238,Chikkaballapura,2025-03-22 19:16,2025-03-26 02:16,POCSO,Sexual Assault on Minor,"POCSO Act Sec 4, BNS 64",13.325225,77.94,P006012,P006466,P009121,SI Ravi Kumar,Under Investigation
FIR202500877,FIR/0877/2025,PS0205,Chamarajanagar,2025-03-25 22:41,2025-03-26 03:41,Fraud,Corporate Fraud,BNS 318(4),11.932655,76.779335,P008337,P008142,P009141,SI Mahesh Bhat,Under Investigation
FIR202500849,FIR/0849/2025,PS0162,Bidar,2025-03-23 19:17,2025-03-26 06:17,Assault,Public Affray,"BNS 115(2), BNS 117(2)",18.02477,77.47857,P007546,P003698,P003787,PI Suresh Kulkarni,Under Investigation
FIR202500852,FIR/0852/2025,PS0084,Bengaluru Rural,2025-03-24 00:38,2025-03-26 09:38,Fraud,Cheating,BNS 318(4),13.170775,77.54691,P004730,P004479,P006744,PI Naveen Patil,Chargesheeted
FIR202500880,FIR/0880/2025,PS0088,Bengaluru Rural,2025-03-26 06:12,2025-03-26 14:12,Vehicle Theft,Car Theft,BNS 303(2),13.058733,77.392705,P004410,P005068,P007824,SI Ganesh Rao,Chargesheeted
FIR202500872,FIR/0872/2025,PS0127,Bengaluru Urban,2025-03-25 17:03,2025-03-26 18:03,Murder,Personal Enmity,BNS 103(1),13.132609,77.630168,P000504,P002425,P008237,SI Ganesh Rao,Chargesheeted
FIR202500882,FIR/0882/2025,PS0083,Bengaluru Rural,2025-03-26 13:17,2025-03-26 20:17,Dacoity,Bank Dacoity,BNS 310(2),13.243863,77.560688,P007090,P008849,P009696,PI Ramesh Gowda,Chargesheeted
FIR202500881,FIR/0881/2025,PS0120,Bengaluru Urban,2025-03-26 10:51,2025-03-26 22:51,Vehicle Theft,Car Theft,BNS 303(2),13.147841,77.407992,P004716,P007256,P001008,PI Harish Naik,Chargesheeted
FIR202500876,FIR/0876/2025,PS0213,Chamarajanagar,2025-03-25 22:03,2025-03-27 00:03,Dacoity,Armed Dacoity,BNS 310(2),12.034439,76.91086,P003551,P009928,P006339,SI Divya Hegde,Closed
FIR202500884,FIR/0884/2025,PS0092,Bengaluru Rural,2025-03-26 22:08,2025-03-27 03:08,Vehicle Theft,Car Theft,BNS 303(2),13.047925,77.476427,P005058,P000942,"P001149, P005702",PI Suresh Kulkarni,Under Investigation
FIR202500887,FIR/0887/2025,PS0043,Ballari,2025-03-27 06:59,2025-03-27 10:59,NDPS,Possession of Narcotics,NDPS Act Sec 20(b),14.953229,76.981858,P006466,P004989,P002265,PI Harish Naik,Untraced
FIR202500886,FIR/0886/2025,PS0074,Bengaluru Rural,2025-03-27 06:59,2025-03-27 12:59,Robbery,Chain Snatching with Force,BNS 309(4),13.165299,77.567421,P006537,P009704,P008481,PI Naveen Patil,Untraced
FIR202500891,FIR/0891/2025,PS0115,Bengaluru Urban,2025-03-27 13:51,2025-03-27 14:51,Murder,Dowry Homicide,BNS 103(1),12.889902,77.402961,P006680,P009990,P003845,SI Ganesh Rao,Chargesheeted
FIR202500883,FIR/0883/2025,PS0118,Bengaluru Urban,2025-03-26 16:18,2025-03-27 17:18,Fraud,Cheating,BNS 318(4),12.801949,77.680837,P007937,P004100,P009038,PI Chetan Kumar,Closed
FIR202500860,FIR/0860/2025,PS0149,Bengaluru Urban,2025-03-24 14:23,2025-03-27 17:23,Cyber Crime,Phishing,"IT Act 66D, BNS 318(4)",13.087963,77.495361,P005747,P001567,P000942,SI Ravi Kumar,Chargesheeted
FIR202500892,FIR/0892/2025,PS0137,Bengaluru Urban,2025-03-27 14:03,2025-03-27 18:03,Murder,Dowry Homicide,BNS 103(1),12.870186,77.709851,P008813,P009409,"P009319, P007373",SI Divya Hegde,Chargesheeted
FIR202500895,FIR/0895/2025,PS0149,Bengaluru Urban,2025-03-27 19:21,2025-03-27 20:21,Cyber Crime,Financial Fraud,"IT Act 66D, BNS 318(4)",13.104889,77.46645,P006828,P003248,P002885,SI Divya Hegde,Untraced
FIR202500875,FIR/0875/2025,PS0034,Ballari,2025-03-25 21:50,2025-03-27 23:50,Assault,Grievous Hurt,"BNS 115(2), BNS 117(2)",15.013535,77.102097,P006088,P000438,P007775,PI Chetan Kumar,Under Investigation
FIR202500893,FIR/0893/2025,PS0134,Bengaluru Urban,2025-03-27 16:03,2025-03-28 02:03,Cyber Crime,Identity Theft,"IT Act 66D, BNS 318(4)",12.827231,77.654119,P005640,P003164,P003584,PI Chetan Kumar,Under Investigation
FIR202500897,FIR/0897/2025,PS0106,Bengaluru Rural,2025-03-27 19:53,2025-03-28 03:53,Fraud,Cheating,BNS 318(4),13.303175,77.545163,P005050,P009849,P006293,PI Suresh Kulkarni,Under Investigation
FIR202500899,FIR/0899/2025,PS0134,Bengaluru Urban,2025-03-28 03:39,2025-03-28 04:39,Murder,Gang Conflict,BNS 103(1),12.791807,77.656305,P009320,P003247,P001466,SI Ravi Kumar,Untraced
FIR202500901,FIR/0901/2025,PS0082,Bengaluru Rural,2025-03-28 04:06,2025-03-28 08:06,Dacoity,Bank Dacoity,BNS 310(2),13.33028,77.414402,P008269,P001613,P003622,SI Ganesh Rao,Chargesheeted
FIR202500903,FIR/0903/2025,PS0085,Bengaluru Rural,2025-03-28 07:51,2025-03-28 08:51,Vehicle Theft,Car Theft,BNS 303(2),13.087352,77.415125,P008572,P003583,P006994,PI Lakshmi Devi,Chargesheeted
FIR202500885,FIR/0885/2025,PS0122,Bengaluru Urban,2025-03-27 01:14,2025-03-28 11:14,Assault,Public Affray,"BNS 115(2), BNS 117(2)",13.097761,77.529393,P009326,P007970,P001814,SI Mahesh Bhat,Chargesheeted
FIR202500878,FIR/0878/2025,PS0119,Bengaluru Urban,2025-03-26 02:31,2025-03-28 11:31,Fraud,Corporate Fraud,BNS 318(4),12.808021,77.777723,P002986,P001741,P006788,PI Naveen Patil,Under Investigation
FIR202500900,FIR/0900/2025,PS0059,Belagavi,2025-03-28 03:58,2025-03-28 11:58,Murder,Personal Enmity,BNS 103(1),15.812358,74.520613,P005221,P004506,P000067,PI Ramesh Gowda,Chargesheeted
FIR202500879,FIR/0879/2025,PS0084,Bengaluru Rural,2025-03-26 03:44,2025-03-28 15:44,Fraud,Cheating,BNS 318(4),13.165699,77.539887,P006051,P004918,P004677,SI Ganesh Rao,Chargesheeted
FIR202500904,FIR/0904/2025,PS0091,Bengaluru Rural,2025-03-28 08:10,2025-03-28 16:10,Cyber Crime,Identity Theft,"IT Act 66D, BNS 318(4)",13.068304,77.617004,P007733,P002101,P003794,SI Ganesh Rao,Under Investigation
FIR202500888,FIR/0888/2025,PS0108,Bengaluru Rural,2025-03-27 11:13,2025-03-28 18:13,Murder,Personal Enmity,BNS 103(1),13.20929,77.441531,P000658,P004521,P009341,PI Chetan Kumar,Chargesheeted
FIR202500869,FIR/0869/2025,PS0050,Belagavi,2025-03-25 11:28,2025-03-28 18:28,NDPS,Drug Trafficking,NDPS Act Sec 20(b),15.710761,74.326324,P006511,P008260,P001394,PI Naveen Patil,Under Investigation
FIR202500896,FIR/0896/2025,PS0009,Bagalkote,2025-03-27 19:42,2025-03-28 20:42,Vehicle Theft,Car Theft,BNS 303(2),16.067596,75.751393,P001565,P006284,P007547,SI Ganesh Rao,Untraced
FIR202500873,FIR/0873/2025,PS0076,Bengaluru Rural,2025-03-25 19:27,2025-03-29 05:27,Vehicle Theft,Two-Wheeler Theft,BNS 303(2),13.327677,77.779053,P004310,P009670,P003316,SI Divya Hegde,Chargesheeted
FIR202500894,FIR/0894/2025,PS0103,Bengaluru Rural,2025-03-27 18:38,2025-03-29 05:38,Fraud,Land Scam,BNS 318(4),13.346079,77.446185,P001337,P003812,P009018,SI Ravi Kumar,Chargesheeted
FIR202500907,FIR/0907/2025,PS0128,Bengaluru Urban,2025-03-28 20:00,2025-03-29 07:00,Cyber Crime,Identity Theft,"IT Act 66D, BNS 318(4)",13.022206,77.581099,P005923,P000740,P001215,PI Naveen Patil,Chargesheeted
FIR202500898,FIR/0898/2025,PS0076,Bengaluru Rural,2025-03-27 20:21,2025-03-29 08:21,POCSO,Sexual Assault on Minor,"POCSO Act Sec 4, BNS 64",13.327847,77.766975,P001497,P001657,P005928,PI Lakshmi Devi,Under Investigation
FIR202500908,FIR/0908/2025,PS0105,Bengaluru Rural,2025-03-28 22:08,2025-03-29 09:08,Cyber Crime,Identity Theft,"IT Act 66D, BNS 318(4)",13.169485,77.634291,P005038,P001038,P002425,PI Chetan Kumar,Closed
FIR202500913,FIR/0913/2025,PS0131,Bengaluru Urban,2025-03-29 10:36,2025-03-29 13:36,Fraud,Cheating,BNS 318(4),12.986659,77.611503,P000550,P006148,P002855,PI Suresh Kulkarni,Chargesheeted
FIR202500912,FIR/0912/2025,PS0081,Bengaluru Rural,2025-03-29 07:37,2025-03-29 16:37,POCSO,Sexual Assault on Minor,"POCSO Act Sec 4, BNS 64",13.196338,77.579068,P007439,P006876,P006000,SI Ganesh Rao,Chargesheeted
FIR202500906,FIR/0906/2025,PS0244,Chikkaballapura,2025-03-28 17:24,2025-03-29 19:24,Cyber Crime,Phishing,"IT Act 66D, BNS 318(4)",13.301968,77.898471,P008304,P007029,"P007676, P000016",PI Ramesh Gowda,Under Investigation
FIR202500905,FIR/0905/2025,PS0215,Chamarajanagar,2025-03-28 12:08,2025-03-29 20:08,Dacoity,Armed Dacoity,BNS 310(2),11.881554,76.954836,P001323,P003380,P008854,SI Prakash Sharma,Under Investigation
FIR202500916,FIR/0916/2025,PS0204,Chamarajanagar,2025-03-29 16:12,2025-03-29 22:12,Murder,Dowry Homicide,BNS 103(1),12.039824,77.080027,P009848,P005434,P003582,PI Chetan Kumar,Chargesheeted
FIR202500914,FIR/0914/2025,PS0140,Bengaluru Urban,2025-03-29 14:08,2025-03-30 01:08,Cyber Crime,Financial Fraud,"IT Act 66D, BNS 318(4)",13.029428,77.646631,P005281,P005450,P000946,PI Lakshmi Devi,Untraced
FIR202500919,FIR/0919/2025,PS0143,Bengaluru Urban,2025-03-29 20:50,2025-03-30 04:50,Cyber Crime,Phishing,"IT Act 66D, BNS 318(4)",12.774034,77.41102,P002201,P007070,P005933,PI Ramesh Gowda,Chargesheeted
FIR202500918,FIR/0918/2025,PS0059,Belagavi,2025-03-29 19:55,2025-03-30 05:55,Assault,Grievous Hurt,"BNS 115(2), BNS 117(2)",15.819127,74.530635,P008741,P006336,P007333,SI Mahesh Bhat,Under Investigation
FIR202500902,FIR/0902/2025,PS0079,Bengaluru Rural,2025-03-28 06:42,2025-03-30 07:42,NDPS,Possession of Narcotics,NDPS Act Sec 20(b),13.089611,77.449007,P003328,P008650,P005607,PI Ramesh Gowda,Under Investigation
FIR202500927,FIR/0927/2025,PS0108,Bengaluru Rural,2025-03-30 11:41,2025-03-30 13:41,Cyber Crime,Phishing,"IT Act 66D, BNS 318(4)",13.190382,77.441916,P003383,P000656,P006659,SI Divya Hegde,Closed
FIR202500925,FIR/0925/2025,PS0155,Bidar,2025-03-30 08:48,2025-03-30 14:48,Theft,Snatching,BNS 303(2),17.968623,77.350248,P002010,P006311,P004300,SI Ravi Kumar,Under Investigation
FIR202500889,FIR/0889/2025,PS0135,Bengaluru Urban,2025-03-27 12:02,2025-03-30 20:02,Cyber Crime,Phishing,"IT Act 66D, BNS 318(4)",12.897966,77.457067,P004642,P005564,P005942,SI Mahesh Bhat,Chargesheeted
FIR202500915,FIR/0915/2025,PS0134,Bengaluru Urban,2025-03-29 15:23,2025-03-30 20:23,POCSO,Sexual Assault on Minor,"POCSO Act Sec 4, BNS 64",12.802656,77.664281,P002150,P007053,P005640,PI Ramesh Gowda,Under Investigation
FIR202500926,FIR/0926/2025,PS0131,Bengaluru Urban,2025-03-30 08:52,2025-03-30 20:52,Cyber Crime,Phishing,"IT Act 66D, BNS 318(4)",12.98583,77.632315,P001380,P001495,P004556,PI Chetan Kumar,Under Investigation
FIR202500931,FIR/0931/2025,PS0133,Bengaluru Urban,2025-03-30 16:35,2025-03-30 21:35,Fraud,Corporate Fraud,BNS 318(4),12.996706,77.530598,P002861,P004640,P006760,PI Ramesh Gowda,Chargesheeted
FIR202500930,FIR/0930/2025,PS0083,Bengaluru Rural,2025-03-30 15:44,2025-03-30 22:44,Fraud,Land Scam,BNS 318(4),13.271597,77.548431,P004655,P000014,P004753,PI Harish Naik,Under Investigation
FIR202500871,FIR/0871/2025,PS0243,Chikkaballapura,2025-03-25 13:48,2025-03-30 22:48,Cyber Crime,Phishing,"IT Act 66D, BNS 318(4)",13.417022,77.869226,P005535,P005860,P006219,PI Ramesh Gowda,Under Investigation
FIR202500917,FIR/0917/2025,PS0121,Bengaluru Urban,2025-03-29 17:00,2025-03-31 00:00,POCSO,Sexual Assault on Minor,"POCSO Act Sec 4, BNS 64",13.064618,77.499414,P000078,P004850,P000273,SI Ganesh Rao,Under Investigation
FIR202500928,FIR/0928/2025,PS0096,Bengaluru Rural,2025-03-30 14:39,2025-03-31 01:39,Assault,Public Affray,"BNS 115(2), BNS 117(2)",13.150441,77.467616,P001407,P004507,P009464,PI Harish Naik,Chargesheeted
FIR202500920,FIR/0920/2025,PS0035,Ballari,2025-03-29 22:27,2025-03-31 02:27,Assault,Public Affray,"BNS 115(2), BNS 117(2)",15.236929,76.87256,P000920,P000491,P005941,SI Ganesh Rao,Under Investigation
FIR202500921,FIR/0921/2025,PS0094,Bengaluru Rural,2025-03-30 01:06,2025-03-31 03:06,Assault,Grievous Hurt,"BNS 115(2), BNS 117(2)",13.070808,77.673768,P008771,P000200,P000262,PI Chetan Kumar,Untraced
FIR202500932,FIR/0932/2025,PS0063,Belagavi,2025-03-30 19:39,2025-03-31 03:39,Robbery,Highway Robbery,BNS 309(4),16.013607,74.699645,P006876,P008459,P006137,PI Naveen Patil,Under Investigation
FIR202500924,FIR/0924/2025,PS0083,Bengaluru Rural,2025-03-30 08:27,2025-03-31 12:27,Vehicle Theft,Car Theft,BNS 303(2),13.265265,77.577179,P007174,P008554,P006826,PI Naveen Patil,Chargesheeted
FIR202500939,FIR/0939/2025,PS0239,Chikkaballapura,2025-03-31 17:12,2025-03-31 21:12,Cyber Crime,Identity Theft,"IT Act 66D, BNS 318(4)",13.472007,77.664122,P002473,P003074,P001817,SI Ravi Kumar,Chargesheeted
FIR202500909,FIR/0909/2025,PS0095,Bengaluru Rural,2025-03-28 22:24,2025-03-31 23:24,Theft,Pocket Pick,BNS 303(2),13.083237,77.39965,P006940,P002074,P008026,SI Divya Hegde,Under Investigation
FIR202500940,FIR/0940/2025,PS0108,Bengaluru Rural,2025-03-31 22:07,2025-04-01 00:07,Theft,Snatching,BNS 303(2),13.187832,77.440398,P008120,P004483,P009213,PI Suresh Kulkarni,Chargesheeted
FIR202500942,FIR/0942/2025,PS0163,Bidar,2025-04-01 02:50,2025-04-01 03:50,Assault,Public Affray,"BNS 115(2), BNS 117(2)",17.916419,77.602327,P007212,P008603,P000950,PI Lakshmi Devi,Closed
FIR202500910,FIR/0910/2025,PS0141,Bengaluru Urban,2025-03-29 00:19,2025-04-01 04:19,Dacoity,Armed Dacoity,BNS 310(2),12.868601,77.401436,P006573,P001351,P006481,SI Mahesh Bhat,Chargesheeted
FIR202500933,FIR/0933/2025,PS0111,Bengaluru Urban,2025-03-30 21:56,2025-04-01 06:56,Theft,House Theft,BNS 303(2),12.788051,77.548122,P009450,P004160,P002175,PI Harish Naik,Chargesheeted
FIR202500935,FIR/0935/2025,PS0244,Chikkaballapura,2025-03-31 02:10,2025-04-01 07:10,Vehicle Theft,Two-Wheeler Theft,BNS 303(2),13.295257,77.903231,P006266,P008630,P003502,SI Ravi Kumar,Untraced
FIR202500936,FIR/0936/2025,PS0145,Bengaluru Urban,2025-03-31 06:17,2025-04-01 07:17,Vehicle Theft,Car Theft,BNS 303(2),12.799337,77.576677,P008023,P008992,P000724,PI Ramesh Gowda,Under Investigation
FIR202500944,FIR/0944/2025,PS0022,Bagalkote,2025-04-01 09:50,2025-04-01 11:50,Vehicle Theft,Car Theft,BNS 303(2),16.267058,75.630357,P001347,P009009,P009810,PI Harish Naik,Under Investigation
FIR202500923,FIR/0923/2025,PS0110,Bengaluru Urban,2025-03-30 05:19,2025-04-01 15:19,Cyber Crime,Phishing,"IT Act 66D, BNS 318(4)",13.156212,77.627128,P008951,P008364,"P002766, P004036",PI Suresh Kulkarni,Chargesheeted
FIR202500890,FIR/0890/2025,PS0177,Bidar,2025-03-27 12:05,2025-04-01 18:05,Theft,Pocket Pick,BNS 303(2),18.039825,77.3314,P009966,P007125,P002211,PI Naveen Patil,Under Investigation
FIR202500929,FIR/0929/2025,PS0151,Bengaluru Urban,2025-03-30 14:41,2025-04-01 22:41,POCSO,Harassment,"POCSO Act Sec 4, BNS 64",12.856289,77.447616,P009400,P001118,P008552,PI Harish Naik,Untraced
FIR202500947,FIR/0947/2025,PS0203,Chamarajanagar,2025-04-01 15:43,2025-04-01 23:43,Theft,Pocket Pick,BNS 303(2),11.929741,76.846806,P004853,P007480,P008705,PI Chetan Kumar,Under Investigation
FIR202500951,FIR/0951/2025,PS0073,Bengaluru Rural,2025-04-02 02:09,2025-04-02 07:09,Assault,Grievous Hurt,"BNS 115(2), BNS 117(2)",13.342157,77.619237,P008377,P004857,P000958,SI Mahesh Bhat,Under Investigation
FIR202500941,FIR/0941/2025,PS0149,Bengaluru Urban,2025-03-31 23:25,2025-04-02 08:25,Murder,Gang Conflict,BNS 103(1),13.096843,77.481311,P001464,P004112,P002851,PI Lakshmi Devi,Under Investigation
FIR202500911,FIR/0911/2025,PS0140,Bengaluru Urban,2025-03-29 04:03,2025-04-02 13:03,Theft,Pocket Pick,BNS 303(2),13.057062,77.673566,P008385,P005525,P001056,PI Chetan Kumar,Chargesheeted
FIR202500954,FIR/0954/2025,PS0119,Bengaluru Urban,2025-04-02 05:42,2025-04-02 14:42,Vehicle Theft,Car Theft,BNS 303(2),12.810247,77.800284,P005326,P006322,P005624,PI Ramesh Gowda,Chargesheeted
FIR202500957,FIR/0957/2025,PS0135,Bengaluru Urban,2025-04-02 12:32,2025-04-02 16:32,Assault,Simple Assault,"BNS 115(2), BNS 117(2)",12.90933,77.444612,P002351,P008326,P002661,PI Naveen Patil,Under Investigation
FIR202500948,FIR/0948/2025,PS0099,Bengaluru Rural,2025-04-01 15:44,2025-04-02 17:44,Vehicle Theft,Two-Wheeler Theft,BNS 303(2),13.256107,77.706499,P003110,P004373,P008135,SI Mahesh Bhat,Untraced
FIR202500956,FIR/0956/2025,PS0001,Bagalkote,2025-04-02 06:34,2025-04-02 18:34,Burglary,Night House Breaking,"BNS 331(3), BNS 331(4)",16.180749,75.559646,P005595,P009631,P006355,PI Lakshmi Devi,Under Investigation
FIR202500958,FIR/0958/2025,PS0249,Chikkaballapura,2025-04-02 14:24,2025-04-02 19:24,NDPS,Drug Trafficking,NDPS Act Sec 20(b),13.477938,77.530046,P005194,P001616,P005455,PI Lakshmi Devi,Chargesheeted
FIR202500938,FIR/0938/2025,PS0141,Bengaluru Urban,2025-03-31 14:42,2025-04-02 19:42,Vehicle Theft,Two-Wheeler Theft,BNS 303(2),12.866016,77.39053,P003289,P001770,P006176,SI Divya Hegde,Chargesheeted
FIR202500945,FIR/0945/2025,PS0093,Bengaluru Rural,2025-04-01 12:30,2025-04-02 20:30,Murder,Gang Conflict,BNS 103(1),13.204053,77.550827,P004849,P001870,P007109,PI Lakshmi Devi,Chargesheeted
FIR202500960,FIR/0960/2025,PS0033,Ballari,2025-04-02 15:56,2025-04-03 01:56,Murder,Dowry Homicide,BNS 103(1),15.005623,76.810818,P005012,P006609,P008806,PI Naveen Patil,Closed
FIR202500959,FIR/0959/2025,PS0116,Bengaluru Urban,2025-04-02 14:26,2025-04-03 02:26,Fraud,Corporate Fraud,BNS 318(4),12.979453,77.549272,P004366,P009476,P001668,PI Chetan Kumar,Chargesheeted
FIR202500963,FIR/0963/2025,PS0134,Bengaluru Urban,2025-04-02 22:40,2025-04-03 03:40,Cyber Crime,Financial Fraud,"IT Act 66D, BNS 318(4)",12.806499,77.655433,P000877,P003849,P000990,SI Mahesh Bhat,Chargesheeted
FIR202500950,FIR/0950/2025,PS0101,Bengaluru Rural,2025-04-02 01:00,2025-04-03 05:00,Murder,Dowry Homicide,BNS 103(1),13.265388,77.720329,P000694,P006717,P002853,PI Lakshmi Devi,Chargesheeted
FIR202500952,FIR/0952/2025,PS0084,Bengaluru Rural,2025-04-02 04:05,2025-04-03 05:05,Murder,Personal Enmity,BNS 103(1),13.148947,77.564278,P003208,P005109,P005550,SI Divya Hegde,Chargesheeted
FIR202500953,FIR/0953/2025,PS0189,Bidar,2025-04-02 04:15,2025-04-03 05:15,Murder,Personal Enmity,BNS 103(1),17.890883,77.399644,P002585,P005025,P000857,SI Prakash Sharma,Untraced
FIR202500962,FIR/0962/2025,PS0239,Chikkaballapura,2025-04-02 22:36,2025-04-03 06:36,Fraud,Corporate Fraud,BNS 318(4),13.457831,77.679062,P007853,P003442,P000398,SI Mahesh Bhat,Under Investigation
FIR202500955,FIR/0955/2025,PS0031,Ballari,2025-04-02 05:52,2025-04-03 07:52,Assault,Grievous Hurt,"BNS 115(2), BNS 117(2)",14.98302,77.097757,P002851,P009842,P008037,SI Mahesh Bhat,Chargesheeted
FIR202500964,FIR/0964/2025,PS0048,Belagavi,2025-04-03 01:21,2025-04-03 08:21,Dacoity,Bank Dacoity,BNS 310(2),15.741115,74.474052,P005678,P002058,P002184,PI Harish Naik,Chargesheeted
FIR202500949,FIR/0949/2025,PS0015,Bagalkote,2025-04-01 23:01,2025-04-03 09:01,Dacoity,Bank Dacoity,BNS 310(2),16.034701,75.674065,P005673,P003441,P007008,SI Ganesh Rao,Under Investigation
FIR202500965,FIR/0965/2025,PS0186,Bidar,2025-04-03 06:06,2025-04-03 09:06,Robbery,Chain Snatching with Force,BNS 309(4),17.733765,77.505389,P000486,P007459,P008304,SI Divya Hegde,Under Investigation
FIR202500922,FIR/0922/2025,PS0121,Bengaluru Urban,2025-03-30 02:08,2025-04-03 12:08,NDPS,Drug Trafficking,NDPS Act Sec 20(b),13.09528,77.487758,P008971,P009962,P003895,PI Lakshmi Devi,Chargesheeted
FIR202500937,FIR/0937/2025,PS0207,Chamarajanagar,2025-03-31 10:02,2025-04-03 16:02,Vehicle Theft,Car Theft,BNS 303(2),12.095073,77.116404,P006635,P009153,P003536,PI Naveen Patil,Under Investigation
FIR202500966,FIR/0966/2025,PS0148,Bengaluru Urban,2025-04-03 09:36,2025-04-03 16:36,Cyber Crime,Phishing,"IT Act 66D, BNS 318(4)",12.854606,77.66263,P000402,P003624,P007612,PI Ramesh Gowda,Chargesheeted
FIR202500972,FIR/0972/2025,PS0131,Bengaluru Urban,2025-04-03 23:54,2025-04-04 03:54,Fraud,Land Scam,BNS 318(4),12.99112,77.621686,P009732,P000431,"P007202, P007923",PI Chetan Kumar,Chargesheeted
FIR202500943,FIR/0943/2025,PS0005,Bagalkote,2025-04-01 04:55,2025-04-04 05:55,Burglary,Day Burglary,"BNS 331(3), BNS 331(4)",16.160158,75.572556,P004745,P008662,P004787,PI Naveen Patil,Chargesheeted
FIR202500974,FIR/0974/2025,PS0087,Bengaluru Rural,2025-04-04 02:39,2025-04-04 06:39,Cyber Crime,Phishing,"IT Act 66D, BNS 318(4)",13.148358,77.538217,P008051,P001104,P000515,SI Ravi Kumar,Under Investigation
FIR202500978,FIR/0978/2025,PS0190,Bidar,2025-04-04 09:11,2025-04-04 10:11,Assault,Simple Assault,"BNS 115(2), BNS 117(2)",17.757031,77.596113,P003723,P003473,P008235,PI Lakshmi Devi,Chargesheeted
FIR202500975,FIR/0975/2025,PS0027,Ballari,2025-04-04 07:00,2025-04-04 12:00,Fraud,Cheating,BNS 318(4),15.059262,77.082631,P003790,P009957,P004366,PI Harish Naik,Chargesheeted
FIR202500977,FIR/0977/2025,PS0125,Bengaluru Urban,2025-04-04 08:05,2025-04-04 16:05,Cyber Crime,Financial Fraud,"IT Act 66D, BNS 318(4)",12.800309,77.704231,P006298,P007165,P006388,PI Chetan Kumar,Chargesheeted
FIR202500968,FIR/0968/2025,PS0125,Bengaluru Urban,2025-04-03 16:09,2025-04-04 21:09,Theft,House Theft,BNS 303(2),12.798741,77.696272,P009687,P002686,P006911,PI Naveen Patil,Chargesheeted
FIR202500967,FIR/0967/2025,PS0156,Bidar,2025-04-03 13:41,2025-04-04 21:41,Assault,Simple Assault,"BNS 115(2), BNS 117(2)",17.988795,77.506642,P007119,P005721,P003939,SI Ravi Kumar,Under Investigation
FIR202500971,FIR/0971/2025,PS0076,Bengaluru Rural,2025-04-03 22:29,2025-04-05 00:29,Theft,House Theft,BNS 303(2),13.331984,77.756014,P002248,P001530,P006891,SI Ravi Kumar,Untraced
FIR202500961,FIR/0961/2025,PS0053,Belagavi,2025-04-02 17:06,2025-04-05 01:06,NDPS,Drug Trafficking,NDPS Act Sec 20(b),15.858461,74.328775,P009973,P000128,P004722,PI Ramesh Gowda,Untraced
FIR202500981,FIR/0981/2025,PS0204,Chamarajanagar,2025-04-04 18:10,2025-04-05 03:10,Murder,Personal Enmity,BNS 103(1),12.044087,77.063163,P003332,P002885,"P009267, P004894",SI Divya Hegde,Under Investigation
FIR202500980,FIR/0980/2025,PS0077,Bengaluru Rural,2025-04-04 15:42,2025-04-05 03:42,POCSO,Sexual Assault on Minor,"POCSO Act Sec 4, BNS 64",13.351392,77.618485,P000542,P005937,P006620,PI Lakshmi Devi,Under Investigation
FIR202500969,FIR/0969/2025,PS0227,Chamarajanagar,2025-04-03 18:19,2025-04-05 06:19,Assault,Public Affray,"BNS 115(2), BNS 117(2)",11.889226,76.924956,P002165,P001456,P002010,SI Divya Hegde,Under Investigation
FIR202500984,FIR/0984/2025,PS0107,Bengaluru Rural,2025-04-04 23:12,2025-04-05 09:12,NDPS,Possession of Narcotics,NDPS Act Sec 20(b),13.144513,77.413957,P009685,P003660,P008944,PI Naveen Patil,Under Investigation
FIR202500985,FIR/0985/2025,PS0125,Bengaluru Urban,2025-04-05 03:38,2025-04-05 10:38,Fraud,Land Scam,BNS 318(4),12.773256,77.725994,P006477,P008416,P008736,PI Naveen Patil,Under Investigation
FIR202500987,FIR/0987/2025,PS0129,Bengaluru Urban,2025-04-05 07:04,2025-04-05 12:04,Vehicle Theft,Two-Wheeler Theft,BNS 303(2),12.800238,77.775095,P005773,P002202,P003524,PI Suresh Kulkarni,Under Investigation
FIR202500934,FIR/0934/2025,PS0086,Bengaluru Rural,2025-03-31 00:47,2025-04-05 12:47,NDPS,Possession of Narcotics,NDPS Act Sec 20(b),13.314979,77.482053,P000999,P000747,P009768,PI Lakshmi Devi,Under Investigation
FIR202500979,FIR/0979/2025,PS0026,Ballari,2025-04-04 13:58,2025-04-05 16:58,Dacoity,Armed Dacoity,BNS 310(2),15.231475,76.977532,P001645,P009015,P008871,PI Harish Naik,Under Investigation
FIR202500976,FIR/0976/2025,PS0057,Belagavi,2025-04-04 07:50,2025-04-05 19:50,Murder,Personal Enmity,BNS 103(1),15.690725,74.417469,P001913,P000508,"P005682, P003230",PI Chetan Kumar,Under Investigation
FIR202500946,FIR/0946/2025,PS0244,Chikkaballapura,2025-04-01 14:17,2025-04-05 23:17,Murder,Dowry Homicide,BNS 103(1),13.301605,77.915453,P008985,P007732,P001984,PI Chetan Kumar,Chargesheeted
FIR202500991,FIR/0991/2025,PS0152,Bengaluru Urban,2025-04-05 23:02,2025-04-06 01:02,Vehicle Theft,Car Theft,BNS 303(2),13.016182,77.414377,P002356,P003938,P008488,SI Ravi Kumar,Closed
FIR202500970,FIR/0970/2025,PS0048,Belagavi,2025-04-03 20:42,2025-04-06 04:42,Assault,Grievous Hurt,"BNS 115(2), BNS 117(2)",15.739434,74.480055,P008999,P008747,P004028,SI Prakash Sharma,Chargesheeted
FIR202500994,FIR/0994/2025,PS0129,Bengaluru Urban,2025-04-06 04:35,2025-04-06 06:35,NDPS,Drug Trafficking,NDPS Act Sec 20(b),12.810684,77.762217,P000472,P004775,P004270,SI Ravi Kumar,Chargesheeted
FIR202500982,FIR/0982/2025,PS0003,Bagalkote,2025-04-04 21:21,2025-04-06 07:21,Theft,House Theft,BNS 303(2),16.336629,75.890771,P009729,P009748,P006511,SI Mahesh Bhat,Chargesheeted
FIR202500993,FIR/0993/2025,PS0076,Bengaluru Rural,2025-04-06 04:12,2025-04-06 14:12,Theft,Pocket Pick,BNS 303(2),13.32339,77.742015,P007836,P000330,P008555,PI Naveen Patil,Chargesheeted
FIR202500995,FIR/0995/2025,PS0117,Bengaluru Urban,2025-04-06 11:45,2025-04-06 14:45,NDPS,Drug Trafficking,NDPS Act Sec 20(b),13.134321,77.794289,P001418,P007303,P002528,SI Mahesh Bhat,Closed
FIR202500986,FIR/0986/2025,PS0089,Bengaluru Rural,2025-04-05 06:07,2025-04-06 17:07,Fraud,Corporate Fraud,BNS 318(4),13.391126,77.613103,P007893,P009837,"P009681, P000334",SI Ravi Kumar,Under Investigation
FIR202500998,FIR/0998/2025,PS0102,Bengaluru Rural,2025-04-06 17:45,2025-04-06 19:45,Assault,Grievous Hurt,"BNS 115(2), BNS 117(2)",13.09728,77.634488,P002670,P005140,P004587,PI Chetan Kumar,Under Investigation
FIR202500997,FIR/0997/2025,PS0141,Bengaluru Urban,2025-04-06 15:00,2025-04-07 01:00,Vehicle Theft,Car Theft,BNS 303(2),12.870743,77.409868,P000398,P005216,P007448,PI Chetan Kumar,Under Investigation
FIR202500983,FIR/0983/2025,PS0150,Bengaluru Urban,2025-04-04 22:18,2025-04-07 04:18,Vehicle Theft,Two-Wheeler Theft,BNS 303(2),13.098933,77.690652,P006083,P003303,P007445,SI Prakash Sharma,Under Investigation
FIR202501003,FIR/1003/2025,PS0090,Bengaluru Rural,2025-04-07 02:23,2025-04-07 04:23,Murder,Personal Enmity,BNS 103(1),13.396857,77.479188,P004091,P000872,P006025,PI Lakshmi Devi,Chargesheeted
FIR202500999,FIR/0999/2025,PS0111,Bengaluru Urban,2025-04-06 19:33,2025-04-07 04:33,Assault,Simple Assault,"BNS 115(2), BNS 117(2)",12.790775,77.550343,P005376,P000108,P006264,SI Prakash Sharma,Under Investigation
FIR202500973,FIR/0973/2025,PS0007,Bagalkote,2025-04-04 01:57,2025-04-07 05:57,NDPS,Possession of Narcotics,NDPS Act Sec 20(b),16.066342,75.625227,P000232,P007657,P000200,PI Ramesh Gowda,Closed
FIR202501000,FIR/1000/2025,PS0148,Bengaluru Urban,2025-04-06 20:58,2025-04-07 05:58,Murder,Dowry Homicide,BNS 103(1),12.851121,77.651118,P004911,P004611,P009366,PI Harish Naik,Chargesheeted
FIR202501002,FIR/1002/2025,PS0139,Bengaluru Urban,2025-04-07 01:16,2025-04-07 11:16,Robbery,Chain Snatching with Force,BNS 309(4),12.790261,77.550035,P009647,P001314,P004571,SI Ravi Kumar,Untraced
FIR202501009,FIR/1009/2025,PS0127,Bengaluru Urban,2025-04-07 16:36,2025-04-07 19:36,Assault,Grievous Hurt,"BNS 115(2), BNS 117(2)",13.12969,77.637552,P000626,P009820,P009211,SI Divya Hegde,Under Investigation
FIR202501012,FIR/1012/2025,PS0010,Bagalkote,2025-04-07 20:36,2025-04-07 22:36,Fraud,Corporate Fraud,BNS 318(4),16.186164,75.809582,P006840,P001008,P006617,PI Ramesh Gowda,Untraced
FIR202500989,FIR/0989/2025,PS0109,Bengaluru Rural,2025-04-05 19:49,2025-04-07 23:49,Cyber Crime,Financial Fraud,"IT Act 66D, BNS 318(4)",13.087388,77.580841,P008919,P000201,P000169,PI Harish Naik,Chargesheeted
FIR202500992,FIR/0992/2025,PS0231,Chamarajanagar,2025-04-06 03:18,2025-04-08 06:18,Cyber Crime,Identity Theft,"IT Act 66D, BNS 318(4)",11.973905,77.010752,P007464,P004759,P003472,SI Mahesh Bhat,Chargesheeted
FIR202501018,FIR/1018/2025,PS0111,Bengaluru Urban,2025-04-08 05:26,2025-04-08 06:26,Fraud,Corporate Fraud,BNS 318(4),12.790348,77.54163,P005950,P008604,P000848,SI Ravi Kumar,Chargesheeted
FIR202501016,FIR/1016/2025,PS0095,Bengaluru Rural,2025-04-08 04:52,2025-04-08 06:52,NDPS,Possession of Narcotics,NDPS Act Sec 20(b),13.090718,77.410808,P008728,P001685,P007300,SI Ravi Kumar,Under Investigation
FIR202501001,FIR/1001/2025,PS0119,Bengaluru Urban,2025-04-06 22:29,2025-04-08 08:29,Robbery,Chain Snatching with Force,BNS 309(4),12.802677,77.763521,P001938,P008894,P008611,SI Divya Hegde,Chargesheeted
FIR202501007,FIR/1007/2025,PS0084,Bengaluru Rural,2025-04-07 09:11,2025-04-08 13:11,Cyber Crime,Financial Fraud,"IT Act 66D, BNS 318(4)",13.158626,77.538324,P000879,P004596,P007444,PI Chetan Kumar,Under Investigation
FIR202500996,FIR/0996/2025,PS0097,Bengaluru Rural,2025-04-06 12:18,2025-04-08 14:18,Vehicle Theft,Car Theft,BNS 303(2),13.12366,77.495622,P008103,P009742,P003603,SI Prakash Sharma,Untraced
FIR202501020,FIR/1020/2025,PS0162,Bidar,2025-04-08 12:57,2025-04-08 14:57,Assault,Grievous Hurt,"BNS 115(2), BNS 117(2)",17.999158,77.488377,P005859,P008915,"P006740, P008813",SI Divya Hegde,Under Investigation
FIR202501019,FIR/1019/2025,PS0100,Bengaluru Rural,2025-04-08 11:14,2025-04-08 16:14,Assault,Public Affray,"BNS 115(2), BNS 117(2)",13.163468,77.532641,P007841,P005169,P002137,PI Chetan Kumar,Untraced
FIR202501011,FIR/1011/2025,PS0119,Bengaluru Urban,2025-04-07 18:30,2025-04-09 01:30,Vehicle Theft,Car Theft,BNS 303(2),12.80974,77.765302,P009181,P008427,P001081,PI Harish Naik,Chargesheeted
FIR202501023,FIR/1023/2025,PS0111,Bengaluru Urban,2025-04-08 23:54,2025-04-09 02:54,Fraud,Land Scam,BNS 318(4),12.776213,77.541273,P003817,P005339,P004659,SI Ravi Kumar,Chargesheeted
FIR202501013,FIR/1013/2025,PS0052,Belagavi,2025-04-07 22:27,2025-04-09 03:27,Assault,Grievous Hurt,"BNS 115(2), BNS 117(2)",15.897777,74.304774,P006362,P005728,P002479,PI Naveen Patil,Under Investigation
FIR202500990,FIR/0990/2025,PS0076,Bengaluru Rural,2025-04-05 21:06,2025-04-09 05:06,Assault,Public Affray,"BNS 115(2), BNS 117(2)",13.326074,77.7504,P009251,P007505,P005180,SI Ganesh Rao,Chargesheeted
FIR202501022,FIR/1022/2025,PS0107,Bengaluru Rural,2025-04-08 23:48,2025-04-09 07:48,POCSO,Sexual Assault on Minor,"POCSO Act Sec 4, BNS 64",13.142482,77.418146,P002472,P006534,P001789,SI Prakash Sharma,Untraced
FIR202501014,FIR/1014/2025,PS0158,Bidar,2025-04-07 23:22,2025-04-09 08:22,Assault,Public Affray,"BNS 115(2), BNS 117(2)",17.920297,77.493852,P005922,P006790,P009967,SI Mahesh Bhat,Under Investigation
FIR202501026,FIR/1026/2025,PS0222,Chamarajanagar,2025-04-09 04:07,2025-04-09 09:07,Vehicle Theft,Car Theft,BNS 303(2),11.925772,76.761287,P009590,P005893,P002251,SI Divya Hegde,Under Investigation
FIR202501015,FIR/1015/2025,PS0143,Bengaluru Urban,2025-04-08 03:59,2025-04-09 14:59,Fraud,Cheating,BNS 318(4),12.787895,77.407806,P005068,P007722,P005850,SI Divya Hegde,Chargesheeted
FIR202501010,FIR/1010/2025,PS0145,Bengaluru Urban,2025-04-07 17:13,2025-04-09 18:13,Fraud,Cheating,BNS 318(4),12.813042,77.577431,P008814,P007696,P002612,PI Ramesh Gowda,Chargesheeted
FIR202500988,FIR/0988/2025,PS0002,Bagalkote,2025-04-05 16:55,2025-04-09 20:55,Assault,Grievous Hurt,"BNS 115(2), BNS 117(2)",16.10253,75.502922,P005409,P008189,P005145,PI Suresh Kulkarni,Untraced
FIR202501033,FIR/1033/2025,PS0133,Bengaluru Urban,2025-04-09 23:06,2025-04-10 00:06,Dacoity,Armed Dacoity,BNS 310(2),13.003143,77.533575,P003122,P006589,P002806,PI Chetan Kumar,Chargesheeted
FIR202501029,FIR/1029/2025,PS0148,Bengaluru Urban,2025-04-09 12:28,2025-04-10 00:28,Fraud,Land Scam,BNS 318(4),12.870569,77.634216,P007696,P009781,"P008936, P002274",SI Mahesh Bhat,Chargesheeted
FIR202501031,FIR/1031/2025,PS0209,Chamarajanagar,2025-04-09 17:49,2025-04-10 05:49,Theft,House Theft,BNS 303(2),12.045284,76.986639,P006113,P007556,P009407,SI Prakash Sharma,Chargesheeted
FIR202501024,FIR/1024/2025,PS0092,Bengaluru Rural,2025-04-09 01:08,2025-04-10 06:08,Dacoity,Bank Dacoity,BNS 310(2),13.074851,77.484046,P007669,P003076,P009554,SI Mahesh Bhat,Under Investigation
FIR202501005,FIR/1005/2025,PS0179,Bidar,2025-04-07 06:16,2025-04-10 08:16,Theft,Pocket Pick,BNS 303(2),18.081579,77.402947,P004004,P005282,P002859,PI Lakshmi Devi,Chargesheeted
FIR202501027,FIR/1027/2025,PS0203,Chamarajanagar,2025-04-09 07:52,2025-04-10 08:52,Assault,Public Affray,"BNS 115(2), BNS 117(2)",11.917686,76.876041,P007656,P005716,"P004550, P006856",PI Suresh Kulkarni,Chargesheeted
FIR202501036,FIR/1036/2025,PS0171,Bidar,2025-04-10 02:34,2025-04-10 10:34,Assault,Public Affray,"BNS 115(2), BNS 117(2)",17.780549,77.586002,P006643,P006170,P003093,PI Suresh Kulkarni,Chargesheeted
FIR202501040,FIR/1040/2025,PS0062,Belagavi,2025-04-10 06:40,2025-04-10 12:40,Burglary,Night House Breaking,"BNS 331(3), BNS 331(4)",15.766068,74.480599,P004230,P009525,P006660,SI Ravi Kumar,Chargesheeted
FIR202501037,FIR/1037/2025,PS0024,Bagalkote,2025-04-10 03:56,2025-04-10 12:56,NDPS,Drug Trafficking,NDPS Act Sec 20(b),16.393415,75.527322,P008894,P008909,P008948,SI Ravi Kumar,Under Investigation
FIR202501044,FIR/1044/2025,PS0089,Bengaluru Rural,2025-04-10 08:23,2025-04-10 13:23,Robbery,Chain Snatching with Force,BNS 309(4),13.362047,77.59669,P008794,P004733,P006257,PI Suresh Kulkarni,Untraced
FIR202501017,FIR/1017/2025,PS0215,Chamarajanagar,2025-04-08 05:25,2025-04-10 13:25,Theft,Snatching,BNS 303(2),11.847518,76.974071,P005283,P004924,P009947,PI Chetan Kumar,Under Investigation
FIR202501004,FIR/1004/2025,PS0093,Bengaluru Rural,2025-04-07 03:25,2025-04-10 15:25,Vehicle Theft,Car Theft,BNS 303(2),13.216107,77.565528,P002382,P003454,P000058,PI Naveen Patil,Chargesheeted
FIR202501047,FIR/1047/2025,PS0196,Chamarajanagar,2025-04-10 14:03,2025-04-10 16:03,NDPS,Drug Trafficking,NDPS Act Sec 20(b),11.984066,76.934282,P003272,P008044,P005527,SI Mahesh Bhat,Under Investigation
FIR202501041,FIR/1041/2025,PS0132,Bengaluru Urban,2025-04-10 07:03,2025-04-10 17:03,Cyber Crime,Financial Fraud,"IT Act 66D, BNS 318(4)",12.979804,77.671155,P007744,P006779,P009885,SI Mahesh Bhat,Chargesheeted
FIR202501008,FIR/1008/2025,PS0073,Bengaluru Rural,2025-04-07 16:02,2025-04-10 18:02,Dacoity,Bank Dacoity,BNS 310(2),13.340347,77.615468,P007880,P001010,P009919,SI Prakash Sharma,Under Investigation
FIR202501056,FIR/1056/2025,PS0046,Belagavi,2025-04-10 22:59,2025-04-10 23:59,Assault,Public Affray,"BNS 115(2), BNS 117(2)",15.756219,74.51702,P006968,P000396,P004984,PI Naveen Patil,Under Investigation
FIR202501049,FIR/1049/2025,PS0067,Belagavi,2025-04-10 15:14,2025-04-11 00:14,Assault,Grievous Hurt,"BNS 115(2), BNS 117(2)",15.860648,74.679819,P000104,P002387,P001471,PI Chetan Kumar,Chargesheeted
FIR202501054,FIR/1054/2025,PS0098,Bengaluru Rural,2025-04-10 21:28,2025-04-11 02:28,Assault,Public Affray,"BNS 115(2), BNS 117(2)",13.300692,77.741417,P008645,P008655,P009045,PI Suresh Kulkarni,Closed
FIR202501035,FIR/1035/2025,PS0109,Bengaluru Rural,2025-04-10 01:49,2025-04-11 03:49,Assault,Simple Assault,"BNS 115(2), BNS 117(2)",13.113303,77.58589,P009604,P005798,P007685,PI Harish Naik,Under Investigation
FIR202501062,FIR/1062/2025,PS0144,Bengaluru Urban,2025-04-11 02:57,2025-04-11 03:57,Cyber Crime,Financial Fraud,"IT Act 66D, BNS 318(4)",12.842793,77.56787,P007644,P001676,P008583,PI Chetan Kumar,Chargesheeted
FIR202501055,FIR/1055/2025,PS0111,Bengaluru Urban,2025-04-10 21:58,2025-04-11 03:58,Vehicle Theft,Car Theft,BNS 303(2),12.775142,77.562432,P005462,P004366,P006238,PI Naveen Patil,Closed
FIR202501051,FIR/1051/2025,PS0012,Bagalkote,2025-04-10 18:47,2025-04-11 05:47,Assault,Grievous Hurt,"BNS 115(2), BNS 117(2)",16.258314,75.79922,P001565,P007064,P001256,PI Harish Naik,Chargesheeted
FIR202501063,FIR/1063/2025,PS0129,Bengaluru Urban,2025-04-11 04:21,2025-04-11 06:21,Cyber Crime,Financial Fraud,"IT Act 66D, BNS 318(4)",12.816166,77.769824,P001950,P008083,P004184,PI Suresh Kulkarni,Under Investigation
FIR202501057,FIR/1057/2025,PS0172,Bidar,2025-04-10 23:33,2025-04-11 07:33,Robbery,Highway Robbery,BNS 309(4),17.94565,77.478809,P008738,P002783,P004776,PI Harish Naik,Untraced
FIR202501039,FIR/1039/2025,PS0159,Bidar,2025-04-10 06:10,2025-04-11 09:10,Assault,Simple Assault,"BNS 115(2), BNS 117(2)",18.05253,77.497727,P009189,P003479,P009485,PI Naveen Patil,Under Investigation
FIR202501025,FIR/1025/2025,PS0121,Bengaluru Urban,2025-04-09 01:49,2025-04-11 09:49,Cyber Crime,Identity Theft,"IT Act 66D, BNS 318(4)",13.086048,77.511923,P004255,P000639,P000606,SI Divya Hegde,Under Investigation
FIR202501058,FIR/1058/2025,PS0015,Bagalkote,2025-04-11 01:15,2025-04-11 10:15,Vehicle Theft,Car Theft,BNS 303(2),16.060137,75.691597,P005355,P004603,P005014,SI Divya Hegde,Chargesheeted
FIR202501042,FIR/1042/2025,PS0135,Bengaluru Urban,2025-04-10 07:36,2025-04-11 11:36,Burglary,Day Burglary,"BNS 331(3), BNS 331(4)",12.918343,77.46044,P002887,P005224,P003936,SI Ravi Kumar,Chargesheeted
FIR202501006,FIR/1006/2025,PS0156,Bidar,2025-04-07 07:07,2025-04-11 12:07,Assault,Simple Assault,"BNS 115(2), BNS 117(2)",18.013489,77.508551,P006459,P005219,P000428,PI Naveen Patil,Chargesheeted
FIR202501064,FIR/1064/2025,PS0055,Belagavi,2025-04-11 05:03,2025-04-11 13:03,Theft,House Theft,BNS 303(2),15.830688,74.343012,P002898,P003497,P009788,PI Ramesh Gowda,Chargesheeted
FIR202501034,FIR/1034/2025,PS0120,Bengaluru Urban,2025-04-10 01:11,2025-04-11 13:11,Cyber Crime,Financial Fraud,"IT Act 66D, BNS 318(4)",13.125555,77.398576,P006974,P003402,P001325,PI Naveen Patil,Under Investigation
FIR202501043,FIR/1043/2025,PS0045,Ballari,2025-04-10 07:54,2025-04-11 14:54,Assault,Simple Assault,"BNS 115(2), BNS 117(2)",14.973931,76.906458,P008453,P001119,"P006096, P006267",SI Ravi Kumar,Chargesheeted
FIR202501038,FIR/1038/2025,PS0126,Bengaluru Urban,2025-04-10 04:37,2025-04-11 15:37,Robbery,Chain Snatching with Force,BNS 309(4),12.86329,77.557249,P004354,P000158,P005854,PI Chetan Kumar,Under Investigation
FIR202501069,FIR/1069/2025,PS0141,Bengaluru Urban,2025-04-11 11:43,2025-04-11 17:43,Fraud,Cheating,BNS 318(4),12.870622,77.403546,P007290,P002239,P008662,PI Chetan Kumar,Under Investigation
FIR202501030,FIR/1030/2025,PS0142,Bengaluru Urban,2025-04-09 13:47,2025-04-11 17:47,Murder,Personal Enmity,BNS 103(1),13.086052,77.75184,P004990,P009628,"P002928, P000827",SI Divya Hegde,Under Investigation
FIR202501050,FIR/1050/2025,PS0202,Chamarajanagar,2025-04-10 16:04,2025-04-11 20:04,Vehicle Theft,Two-Wheeler Theft,BNS 303(2),11.942655,76.882798,P006084,P008284,P001606,SI Mahesh Bhat,Chargesheeted
FIR202501073,FIR/1073/2025,PS0053,Belagavi,2025-04-11 16:08,2025-04-11 22:08,Assault,Simple Assault,"BNS 115(2), BNS 117(2)",15.854913,74.336375,P005311,P007114,P000642,PI Lakshmi Devi,Under Investigation
FIR202501070,FIR/1070/2025,PS0124,Bengaluru Urban,2025-04-11 13:18,2025-04-11 23:18,Cyber Crime,Identity Theft,"IT Act 66D, BNS 318(4)",13.078415,77.668517,P001057,P004998,P006418,SI Mahesh Bhat,Chargesheeted
FIR202501077,FIR/1077/2025,PS0054,Belagavi,2025-04-11 19:14,2025-04-12 00:14,Assault,Simple Assault,"BNS 115(2), BNS 117(2)",15.900163,74.695619,P006641,P000974,P001528,PI Harish Naik,Chargesheeted
FIR202501021,FIR/1021/2025,PS0074,Bengaluru Rural,2025-04-08 21:04,2025-04-12 02:04,POCSO,Sexual Assault on Minor,"POCSO Act Sec 4, BNS 64",13.157793,77.584274,P009601,P007843,P006614,PI Chetan Kumar,Chargesheeted
FIR202501059,FIR/1059/2025,PS0017,Bagalkote,2025-04-11 01:21,2025-04-12 02:21,NDPS,Drug Trafficking,NDPS Act Sec 20(b),16.262247,75.575773,P001862,P003289,P001924,SI Ganesh Rao,Under Investigation
FIR202501072,FIR/1072/2025,PS0165,Bidar,2025-04-11 16:02,2025-04-12 03:02,Robbery,Highway Robbery,BNS 309(4),18.031085,77.447498,P000946,P002653,P000556,SI Prakash Sharma,Chargesheeted
FIR202501079,FIR/1079/2025,PS0046,Belagavi,2025-04-11 21:50,2025-04-12 03:50,NDPS,Possession of Narcotics,NDPS Act Sec 20(b),15.751246,74.511167,P006793,P001505,P006452,PI Chetan Kumar,Chargesheeted
FIR202501032,FIR/1032/2025,PS0001,Bagalkote,2025-04-09 22:38,2025-04-12 04:38,Cyber Crime,Financial Fraud,"IT Act 66D, BNS 318(4)",16.186016,75.578094,P005439,P009972,P005770,PI Lakshmi Devi,Chargesheeted
FIR202501053,FIR/1053/2025,PS0092,Bengaluru Rural,2025-04-10 20:42,2025-04-12 04:42,Fraud,Land Scam,BNS 318(4),13.04268,77.493627,P004681,P005248,P006500,SI Prakash Sharma,Chargesheeted
FIR202501052,FIR/1052/2025,PS0059,Belagavi,2025-04-10 19:46,2025-04-12 04:46,Assault,Public Affray,"BNS 115(2), BNS 117(2)",15.818644,74.5239,P004181,P004048,P001004,PI Naveen Patil,Chargesheeted
FIR202501060,FIR/1060/2025,PS0127,Bengaluru Urban,2025-04-11 02:26,2025-04-12 06:26,Vehicle Theft,Two-Wheeler Theft,BNS 303(2),13.121366,77.636792,P002898,P005787,P001045,PI Lakshmi Devi,Under Investigation
FIR202501089,FIR/1089/2025,PS0121,Bengaluru Urban,2025-04-12 06:37,2025-04-12 07:37,Cyber Crime,Financial Fraud,"IT Act 66D, BNS 318(4)",13.077929,77.489779,P002847,P009624,P001534,SI Ganesh Rao,Under Investigation
FIR202501086,FIR/1086/2025,PS0110,Bengaluru Urban,2025-04-12 05:53,2025-04-12 08:53,POCSO,Harassment,"POCSO Act Sec 4, BNS 64",13.144343,77.635594,P006686,P004656,P002149,PI Naveen Patil,Untraced
FIR202501083,FIR/1083/2025,PS0116,Bengaluru Urban,2025-04-12 03:54,2025-04-12 10:54,Burglary,Night House Breaking,"BNS 331(3), BNS 331(4)",12.969269,77.516999,P006273,P008858,P001135,PI Naveen Patil,Under Investigation
FIR202501087,FIR/1087/2025,PS0144,Bengaluru Urban,2025-04-12 06:09,2025-04-12 11:09,Fraud,Cheating,BNS 318(4),12.8068,77.589703,P004324,P002197,P005667,PI Naveen Patil,Under Investigation
FIR202501082,FIR/1082/2025,PS0169,Bidar,2025-04-12 00:45,2025-04-12 12:45,POCSO,Harassment,"POCSO Act Sec 4, BNS 64",18.014362,77.714908,P004893,P009886,P006408,PI Chetan Kumar,Chargesheeted
FIR202501065,FIR/1065/2025,PS0089,Bengaluru Rural,2025-04-11 05:31,2025-04-12 13:31,Assault,Simple Assault,"BNS 115(2), BNS 117(2)",13.370974,77.619674,P002512,P006893,P000155,SI Divya Hegde,Under Investigation
FIR202501061,FIR/1061/2025,PS0130,Bengaluru Urban,2025-04-11 02:36,2025-04-12 14:36,NDPS,Drug Trafficking,NDPS Act Sec 20(b),13.129706,77.492075,P005791,P008129,"P007277, P008680",SI Mahesh Bhat,Chargesheeted
FIR202501068,FIR/1068/2025,PS0149,Bengaluru Urban,2025-04-11 11:24,2025-04-12 15:24,POCSO,Harassment,"POCSO Act Sec 4, BNS 64",13.079396,77.492377,P005729,P006268,P005544,PI Suresh Kulkarni,Under Investigation
FIR202501094,FIR/1094/2025,PS0215,Chamarajanagar,2025-04-12 12:22,2025-04-12 16:22,Vehicle Theft,Car Theft,BNS 303(2),11.858173,76.962497,P002179,P000114,P007428,PI Harish Naik,Under Investigation
FIR202501028,FIR/1028/2025,PS0021,Bagalkote,2025-04-09 09:27,2025-04-12 16:27,Assault,Grievous Hurt,"BNS 115(2), BNS 117(2)",16.012094,75.540566,P003470,P000148,P007195,SI Divya Hegde,Chargesheeted
FIR202501100,FIR/1100/2025,PS0035,Ballari,2025-04-12 15:34,2025-04-12 17:34,Assault,Grievous Hurt,"BNS 115(2), BNS 117(2)",15.232594,76.86049,P009547,P008526,P008005,PI Naveen Patil,Under Investigation
FIR202501092,FIR/1092/2025,PS0143,Bengaluru Urban,2025-04-12 10:48,2025-04-12 17:48,Fraud,Corporate Fraud,BNS 318(4),12.778814,77.402217,P006898,P006539,P009603,SI Mahesh Bhat,Under Investigation
FIR202501099,FIR/1099/2025,PS0135,Bengaluru Urban,2025-04-12 14:49,2025-04-12 17:49,Cyber Crime,Identity Theft,"IT Act 66D, BNS 318(4)",12.917347,77.446784,P007718,P009362,P007039,SI Ravi Kumar,Under Investigation
FIR202501071,FIR/1071/2025,PS0070,Bengaluru Rural,2025-04-11 14:05,2025-04-12 18:05,Dacoity,Bank Dacoity,BNS 310(2),13.25548,77.763756,P008743,P002090,P008780,PI Chetan Kumar,Untraced
FIR202501090,FIR/1090/2025,PS0061,Belagavi,2025-04-12 08:18,2025-04-12 20:18,Burglary,Night House Breaking,"BNS 331(3), BNS 331(4)",16.0149,74.429836,P005758,P003023,P002550,PI Harish Naik,Under Investigation
FIR202501101,FIR/1101/2025,PS0047,Belagavi,2025-04-12 16:48,2025-04-12 20:48,Theft,Snatching,BNS 303(2),15.948182,74.53735,P003629,P009863,P009307,SI Ganesh Rao,Chargesheeted
FIR202501074,FIR/1074/2025,PS0115,Bengaluru Urban,2025-04-11 17:39,2025-04-12 21:39,Cyber Crime,Phishing,"IT Act 66D, BNS 318(4)",12.871805,77.381658,P004686,P008575,P001625,PI Suresh Kulkarni,Under Investigation
FIR202501075,FIR/1075/2025,PS0091,Bengaluru Rural,2025-04-11 18:13,2025-04-12 22:13,Fraud,Land Scam,BNS 318(4),13.07262,77.62672,P009512,P000325,P004816,PI Naveen Patil,Chargesheeted
FIR202501103,FIR/1103/2025,PS0180,Bidar,2025-04-12 18:20,2025-04-13 03:20,Assault,Grievous Hurt,"BNS 115(2), BNS 117(2)",18.049476,77.409797,P001421,P002659,P003902,SI Prakash Sharma,Chargesheeted
FIR202501107,FIR/1107/2025,PS0196,Chamarajanagar,2025-04-12 20:58,2025-04-13 03:58,Robbery,Chain Snatching with Force,BNS 309(4),11.975388,76.93672,P002671,P000921,P004068,PI Ramesh Gowda,Chargesheeted
FIR202501109,FIR/1109/2025,PS0130,Bengaluru Urban,2025-04-12 23:17,2025-04-13 04:17,Cyber Crime,Phishing,"IT Act 66D, BNS 318(4)",13.112037,77.477098,P004213,P007955,P004379,SI Ganesh Rao,Chargesheeted
FIR202501078,FIR/1078/2025,PS0097,Bengaluru Rural,2025-04-11 20:48,2025-04-13 04:48,Vehicle Theft,Car Theft,BNS 303(2),13.113015,77.478286,P002036,P000384,P009032,PI Suresh Kulkarni,Chargesheeted
FIR202501110,FIR/1110/2025,PS0078,Bengaluru Rural,2025-04-13 01:20,2025-04-13 06:20,Theft,Pocket Pick,BNS 303(2),13.131366,77.55798,P008360,P002952,P000306,SI Divya Hegde,Chargesheeted
FIR202501088,FIR/1088/2025,PS0056,Belagavi,2025-04-12 06:27,2025-04-13 07:27,Burglary,Night House Breaking,"BNS 331(3), BNS 331(4)",15.779883,74.628659,P005777,P004081,P004902,SI Ganesh Rao,Chargesheeted
FIR202501112,FIR/1112/2025,PS0081,Bengaluru Rural,2025-04-13 04:30,2025-04-13 08:30,Assault,Grievous Hurt,"BNS 115(2), BNS 117(2)",13.178905,77.607967,P006283,P003438,P005589,SI Prakash Sharma,Chargesheeted
FIR202501116,FIR/1116/2025,PS0077,Bengaluru Rural,2025-04-13 06:57,2025-04-13 08:57,Fraud,Cheating,BNS 318(4),13.347339,77.629523,P004377,P009195,P005482,PI Ramesh Gowda,Under Investigation
FIR202501080,FIR/1080/2025,PS0138,Bengaluru Urban,2025-04-11 22:03,2025-04-13 09:03,Theft,Snatching,BNS 303(2),13.160182,77.466324,P008020,P003090,P008721,PI Chetan Kumar,Untraced
FIR202501118,FIR/1118/2025,PS0187,Bidar,2025-04-13 10:02,2025-04-13 11:02,Assault,Grievous Hurt,"BNS 115(2), BNS 117(2)",17.952962,77.709429,P008210,P009585,P005430,SI Divya Hegde,Chargesheeted
FIR202501113,FIR/1113/2025,PS0141,Bengaluru Urban,2025-04-13 05:10,2025-04-13 12:10,Assault,Public Affray,"BNS 115(2), BNS 117(2)",12.849084,77.411522,P006135,P000242,P005003,SI Mahesh Bhat,Under Investigation
FIR202501117,FIR/1117/2025,PS0146,Bengaluru Urban,2025-04-13 08:21,2025-04-13 12:21,Vehicle Theft,Two-Wheeler Theft,BNS 303(2),12.946883,77.760645,P007407,P008090,P006026,PI Ramesh Gowda,Chargesheeted
FIR202501114,FIR/1114/2025,PS0111,Bengaluru Urban,2025-04-13 05:24,2025-04-13 15:24,Dacoity,Armed Dacoity,BNS 310(2),12.773287,77.542658,P008229,P004873,P005272,PI Naveen Patil,Under Investigation
FIR202501123,FIR/1123/2025,PS0120,Bengaluru Urban,2025-04-13 14:53,2025-04-13 17:53,Fraud,Corporate Fraud,BNS 318(4),13.152938,77.397245,P007772,P004898,P005711,SI Prakash Sharma,Closed
FIR202501093,FIR/1093/2025,PS0073,Bengaluru Rural,2025-04-12 11:37,2025-04-13 18:37,Cyber Crime,Phishing,"IT Act 66D, BNS 318(4)",13.331963,77.589868,P008013,P002752,P002625,SI Divya Hegde,Under Investigation
FIR202501120,FIR/1120/2025,PS0040,Ballari,2025-04-13 11:57,2025-04-13 18:57,Fraud,Land Scam,BNS 318(4),15.330377,76.844332,P007237,P009542,P004319,PI Ramesh Gowda,Closed
FIR202501121,FIR/1121/2025,PS0063,Belagavi,2025-04-13 13:02,2025-04-13 20:02,POCSO,Sexual Assault on Minor,"POCSO Act Sec 4, BNS 64",16.010235,74.686816,P008787,P000637,P004158,SI Prakash Sharma,Chargesheeted
FIR202501048,FIR/1048/2025,PS0134,Bengaluru Urban,2025-04-10 14:06,2025-04-13 21:06,Fraud,Cheating,BNS 318(4),12.824487,77.643233,P007297,P004760,P000732,PI Suresh Kulkarni,Chargesheeted
FIR202501102,FIR/1102/2025,PS0004,Bagalkote,2025-04-12 18:16,2025-04-13 22:16,Theft,Pocket Pick,BNS 303(2),16.030552,75.670291,P005577,P000657,P005340,SI Prakash Sharma,Untraced
FIR202501127,FIR/1127/2025,PS0061,Belagavi,2025-04-13 18:23,2025-04-14 05:23,POCSO,Harassment,"POCSO Act Sec 4, BNS 64",16.036706,74.414914,P009487,P000822,P002814,SI Prakash Sharma,Under Investigation
FIR202501137,FIR/1137/2025,PS0117,Bengaluru Urban,2025-04-14 03:53,2025-04-14 08:53,Vehicle Theft,Two-Wheeler Theft,BNS 303(2),13.108959,77.791225,P004339,P004398,P009262,SI Ganesh Rao,Under Investigation
FIR202501134,FIR/1134/2025,PS0127,Bengaluru Urban,2025-04-14 02:09,2025-04-14 09:09,Assault,Public Affray,"BNS 115(2), BNS 117(2)",13.129766,77.649284,P006409,P006928,P000766,PI Chetan Kumar,Under Investigation
FIR202501130,FIR/1130/2025,PS0047,Belagavi,2025-04-13 21:27,2025-04-14 09:27,POCSO,Sexual Assault on Minor,"POCSO Act Sec 4, BNS 64",15.973182,74.539066,P009615,P006942,P000727,PI Harish Naik,Chargesheeted
FIR202501131,FIR/1131/2025,PS0128,Bengaluru Urban,2025-04-13 23:45,2025-04-14 09:45,Vehicle Theft,Two-Wheeler Theft,BNS 303(2),13.02539,77.579742,P001833,P003717,P006513,PI Lakshmi Devi,Closed
FIR202501139,FIR/1139/2025,PS0100,Bengaluru Rural,2025-04-14 04:51,2025-04-14 10:51,Theft,House Theft,BNS 303(2),13.152182,77.528621,P004489,P008525,P004078,SI Divya Hegde,Closed
FIR202501119,FIR/1119/2025,PS0123,Bengaluru Urban,2025-04-13 10:49,2025-04-14 12:49,Cyber Crime,Identity Theft,"IT Act 66D, BNS 318(4)",13.026725,77.487505,P002481,P001231,P006738,SI Divya Hegde,Under Investigation
FIR202501091,FIR/1091/2025,PS0113,Bengaluru Urban,2025-04-12 09:25,2025-04-14 13:25,Vehicle Theft,Car Theft,BNS 303(2),13.180135,77.500981,P007373,P007555,P004177,SI Divya Hegde,Chargesheeted
FIR202501066,FIR/1066/2025,PS0094,Bengaluru Rural,2025-04-11 09:46,2025-04-14 13:46,NDPS,Drug Trafficking,NDPS Act Sec 20(b),13.054687,77.680322,P001655,P003960,P002913,SI Prakash Sharma,Chargesheeted
FIR202501122,FIR/1122/2025,PS0070,Bengaluru Rural,2025-04-13 13:10,2025-04-14 15:10,Vehicle Theft,Two-Wheeler Theft,BNS 303(2),13.265824,77.7686,P006906,P005529,P004059,PI Suresh Kulkarni,Chargesheeted
FIR202501115,FIR/1115/2025,PS0165,Bidar,2025-04-13 05:54,2025-04-14 16:54,NDPS,Drug Trafficking,NDPS Act Sec 20(b),18.048371,77.462424,P008772,P000603,P005149,PI Ramesh Gowda,Under Investigation
FIR202501046,FIR/1046/2025,PS0109,Bengaluru Rural,2025-04-10 13:34,2025-04-14 17:34,POCSO,Sexual Assault on Minor,"POCSO Act Sec 4, BNS 64",13.089519,77.592705,P002836,P002592,P002866,PI Lakshmi Devi,Under Investigation
FIR202501067,FIR/1067/2025,PS0227,Chamarajanagar,2025-04-11 10:14,2025-04-14 19:14,Robbery,Highway Robbery,BNS 309(4),11.89533,76.923578,P005126,P008606,P002569,PI Suresh Kulkarni,Chargesheeted
FIR202501143,FIR/1143/2025,PS0098,Bengaluru Rural,2025-04-14 09:33,2025-04-14 19:33,Vehicle Theft,Two-Wheeler Theft,BNS 303(2),13.296327,77.751091,P004627,P003161,P004261,SI Ganesh Rao,Untraced
FIR202501148,FIR/1148/2025,PS0013,Bagalkote,2025-04-14 14:59,2025-04-14 19:59,Robbery,Highway Robbery,BNS 309(4),16.172903,75.645124,P007061,P002481,P004725,SI Prakash Sharma,Under Investigation
FIR202501105,FIR/1105/2025,PS0146,Bengaluru Urban,2025-04-12 18:33,2025-04-14 21:33,Dacoity,Armed Dacoity,BNS 310(2),12.967972,77.785288,P007589,P003946,P000290,SI Prakash Sharma,Chargesheeted
FIR202501153,FIR/1153/2025,PS0121,Bengaluru Urban,2025-04-14 18:44,2025-04-14 21:44,Cyber Crime,Identity Theft,"IT Act 66D, BNS 318(4)",13.104133,77.489168,P006775,P002618,P001878,PI Chetan Kumar,Chargesheeted
FIR202501150,FIR/1150/2025,PS0237,Chikkaballapura,2025-04-14 16:07,2025-04-14 22:07,Fraud,Land Scam,BNS 318(4),13.342017,77.654464,P003517,P002642,P009735,SI Ganesh Rao,Chargesheeted
FIR202501108,FIR/1108/2025,PS0040,Ballari,2025-04-12 22:43,2025-04-14 23:43,Fraud,Land Scam,BNS 318(4),15.322693,76.840469,P002336,P005659,P009634,SI Mahesh Bhat,Under Investigation
FIR202501095,FIR/1095/2025,PS0081,Bengaluru Rural,2025-04-12 14:00,2025-04-15 00:00,Assault,Grievous Hurt,"BNS 115(2), BNS 117(2)",13.180087,77.60418,P008664,P001623,P004545,SI Prakash Sharma,Chargesheeted
FIR202501104,FIR/1104/2025,PS0125,Bengaluru Urban,2025-04-12 18:21,2025-04-15 02:21,NDPS,Possession of Narcotics,NDPS Act Sec 20(b),12.783066,77.695619,P001735,P006500,P006911,SI Prakash Sharma,Chargesheeted
FIR202501128,FIR/1128/2025,PS0233,Chamarajanagar,2025-04-13 19:33,2025-04-15 03:33,Assault,Grievous Hurt,"BNS 115(2), BNS 117(2)",11.739699,76.830086,P007671,P006240,P006075,SI Divya Hegde,Under Investigation
FIR202501133,FIR/1133/2025,PS0097,Bengaluru Rural,2025-04-14 01:24,2025-04-15 04:24,Fraud,Cheating,BNS 318(4),13.13188,77.477879,P007109,P000642,P001983,PI Ramesh Gowda,Under Investigation
FIR202501152,FIR/1152/2025,PS0119,Bengaluru Urban,2025-04-14 18:21,2025-04-15 05:21,Theft,Snatching,BNS 303(2),12.805207,77.788324,P004893,P009115,P002496,SI Prakash Sharma,Chargesheeted
FIR202501157,FIR/1157/2025,PS0082,Bengaluru Rural,2025-04-14 22:35,2025-04-15 05:35,POCSO,Harassment,"POCSO Act Sec 4, BNS 64",13.322965,77.392447,P005043,P000363,"P002636, P002925",PI Lakshmi Devi,Under Investigation
FIR202501076,FIR/1076/2025,PS0240,Chikkaballapura,2025-04-11 19:07,2025-04-15 06:07,Fraud,Land Scam,BNS 318(4),13.37933,77.813905,P009510,P001787,"P002818, P009999",SI Prakash Sharma,Chargesheeted
FIR202501140,FIR/1140/2025,PS0121,Bengaluru Urban,2025-04-14 06:06,2025-04-15 08:06,Vehicle Theft,Car Theft,BNS 303(2),13.086243,77.495898,P002387,P004890,P002484,PI Lakshmi Devi,Chargesheeted
FIR202501081,FIR/1081/2025,PS0164,Bidar,2025-04-11 22:39,2025-04-15 08:39,Theft,Snatching,BNS 303(2),17.961816,77.456051,P002137,P004051,P005769,SI Prakash Sharma,Untraced
FIR202501136,FIR/1136/2025,PS0121,Bengaluru Urban,2025-04-14 03:22,2025-04-15 09:22,Vehicle Theft,Two-Wheeler Theft,BNS 303(2),13.084251,77.519041,P000255,P001992,P002225,PI Harish Naik,Under Investigation
FIR202501135,FIR/1135/2025,PS0007,Bagalkote,2025-04-14 02:44,2025-04-15 09:44,Assault,Simple Assault,"BNS 115(2), BNS 117(2)",16.080023,75.632117,P005657,P001609,P001498,PI Naveen Patil,Chargesheeted
FIR202501141,FIR/1141/2025,PS0105,Bengaluru Rural,2025-04-14 06:12,2025-04-15 10:12,Murder,Personal Enmity,BNS 103(1),13.14681,77.635264,P004235,P005828,P000247,SI Divya Hegde,Under Investigation
FIR202501158,FIR/1158/2025,PS0086,Bengaluru Rural,2025-04-14 23:20,2025-04-15 11:20,Vehicle Theft,Two-Wheeler Theft,BNS 303(2),13.333592,77.489299,P004036,P000130,P003592,PI Naveen Patil,Under Investigation
FIR202501162,FIR/1162/2025,PS0176,Bidar,2025-04-15 03:24,2025-04-15 12:24,Dacoity,Bank Dacoity,BNS 310(2),17.777036,77.528082,P004622,P000823,P009954,SI Ravi Kumar,Chargesheeted
FIR202501145,FIR/1145/2025,PS0149,Bengaluru Urban,2025-04-14 10:39,2025-04-15 12:39,Cyber Crime,Financial Fraud,"IT Act 66D, BNS 318(4)",13.079336,77.490333,P000475,P002827,P006067,SI Ravi Kumar,Under Investigation
FIR202501142,FIR/1142/2025,PS0011,Bagalkote,2025-04-14 09:26,2025-04-15 13:26,Vehicle Theft,Car Theft,BNS 303(2),16.14823,75.64892,P000500,P008579,P005754,PI Chetan Kumar,Closed
FIR202501161,FIR/1161/2025,PS0141,Bengaluru Urban,2025-04-15 03:15,2025-04-15 14:15,Vehicle Theft,Two-Wheeler Theft,BNS 303(2),12.8698,77.423941,P008444,P008510,P001526,SI Divya Hegde,Under Investigation
FIR202501167,FIR/1167/2025,PS0049,Belagavi,2025-04-15 09:33,2025-04-15 14:33,Assault,Public Affray,"BNS 115(2), BNS 117(2)",15.925971,74.530377,P001724,P009985,P009667,SI Prakash Sharma,Untraced
FIR202501165,FIR/1165/2025,PS0131,Bengaluru Urban,2025-04-15 05:41,2025-04-15 14:41,Cyber Crime,Identity Theft,"IT Act 66D, BNS 318(4)",13.018432,77.64371,P000584,P008536,P005141,PI Suresh Kulkarni,Under Investigation
FIR202501096,FIR/1096/2025,PS0114,Bengaluru Urban,2025-04-12 14:03,2025-04-15 20:03,Fraud,Cheating,BNS 318(4),12.964118,77.755182,P005794,P004214,P009512,PI Lakshmi Devi,Chargesheeted
FIR202501171,FIR/1171/2025,PS0134,Bengaluru Urban,2025-04-15 16:41,2025-04-15 20:41,Cyber Crime,Phishing,"IT Act 66D, BNS 318(4)",12.821239,77.629401,P008331,P007061,P009597,PI Chetan Kumar,Under Investigation
FIR202501124,FIR/1124/2025,PS0093,Bengaluru Rural,2025-04-13 16:05,2025-04-15 22:05,Assault,Grievous Hurt,"BNS 115(2), BNS 117(2)",13.203873,77.534336,P008003,P005322,P008345,PI Suresh Kulkarni,Under Investigation
FIR202501168,FIR/1168/2025,PS0203,Chamarajanagar,2025-04-15 13:24,2025-04-15 22:24,Theft,Snatching,BNS 303(2),11.922469,76.860675,P001936,P007247,P001279,SI Divya Hegde,Chargesheeted
FIR202501045,FIR/1045/2025,PS0049,Belagavi,2025-04-10 13:11,2025-04-15 23:11,POCSO,Harassment,"POCSO Act Sec 4, BNS 64",15.916522,74.555928,P008653,P006948,P004365,PI Naveen Patil,Chargesheeted
FIR202501154,FIR/1154/2025,PS0102,Bengaluru Rural,2025-04-14 19:47,2025-04-15 23:47,Burglary,Day Burglary,"BNS 331(3), BNS 331(4)",13.123857,77.655155,P002488,P005447,P001207,PI Naveen Patil,Under Investigation
FIR202501155,FIR/1155/2025,PS0173,Bidar,2025-04-14 20:02,2025-04-16 00:02,Murder,Personal Enmity,BNS 103(1),17.745479,77.577804,P004765,P007183,P004038,PI Chetan Kumar,Untraced
FIR202501169,FIR/1169/2025,PS0175,Bidar,2025-04-15 14:38,2025-04-16 00:38,POCSO,Harassment,"POCSO Act Sec 4, BNS 64",18.001359,77.441519,P001185,P001691,P005339,PI Suresh Kulkarni,Closed
FIR202501106,FIR/1106/2025,PS0101,Bengaluru Rural,2025-04-12 18:51,2025-04-16 00:51,Theft,Snatching,BNS 303(2),13.281479,77.725492,P006091,P006435,P005547,SI Ganesh Rao,Chargesheeted
FIR202501176,FIR/1176/2025,PS0219,Chamarajanagar,2025-04-15 20:51,2025-04-16 00:51,Robbery,Highway Robbery,BNS 309(4),11.867044,76.869608,P003299,P007230,"P002579, P004759",SI Mahesh Bhat,Chargesheeted
FIR202501126,FIR/1126/2025,PS0148,Bengaluru Urban,2025-04-13 17:24,2025-04-16 01:24,Assault,Grievous Hurt,"BNS 115(2), BNS 117(2)",12.849032,77.668354,P004869,P000029,P006616,PI Lakshmi Devi,Under Investigation
FIR202501147,FIR/1147/2025,PS0094,Bengaluru Rural,2025-04-14 14:43,2025-04-16 02:43,Theft,Pocket Pick,BNS 303(2),13.051118,77.686819,P002566,P008776,P002163,SI Mahesh Bhat,Under Investigation
FIR202501179,FIR/1179/2025,PS0069,Belagavi,2025-04-16 01:06,2025-04-16 05:06,NDPS,Possession of Narcotics,NDPS Act Sec 20(b),15.827217,74.33636,P009085,P004549,P000383,SI Ravi Kumar,Under Investigation
FIR202501183,FIR/1183/2025,PS0080,Bengaluru Rural,2025-04-16 04:14,2025-04-16 05:14,Vehicle Theft,Car Theft,BNS 303(2),13.375119,77.61152,P001957,P003129,P001461,SI Divya Hegde,Under Investigation
FIR202501163,FIR/1163/2025,PS0078,Bengaluru Rural,2025-04-15 04:15,2025-04-16 05:15,NDPS,Possession of Narcotics,NDPS Act Sec 20(b),13.124574,77.554553,P001452,P002881,P009311,SI Prakash Sharma,Chargesheeted
FIR202501151,FIR/1151/2025,PS0195,Chamarajanagar,2025-04-14 18:20,2025-04-16 05:20,Assault,Simple Assault,"BNS 115(2), BNS 117(2)",11.86534,77.060473,P006168,P008588,P005100,SI Divya Hegde,Chargesheeted
FIR202501184,FIR/1184/2025,PS0172,Bidar,2025-04-16 04:38,2025-04-16 05:38,Dacoity,Bank Dacoity,BNS 310(2),17.935741,77.469435,P002266,P003855,P009521,SI Mahesh Bhat,Chargesheeted
FIR202501132,FIR/1132/2025,PS0215,Chamarajanagar,2025-04-14 00:05,2025-04-16 09:05,Fraud,Land Scam,BNS 318(4),11.866353,76.991133,P005990,P007382,P000564,PI Lakshmi Devi,Chargesheeted
FIR202501177,FIR/1177/2025,PS0096,Bengaluru Rural,2025-04-15 21:56,2025-04-16 09:56,Fraud,Land Scam,BNS 318(4),13.152743,77.475626,P003761,P003060,P008476,SI Ravi Kumar,Under Investigation
FIR202501084,FIR/1084/2025,PS0200,Chamarajanagar,2025-04-12 04:03,2025-04-16 13:03,Murder,Gang Conflict,BNS 103(1),11.805525,77.020702,P006415,P006750,P000855,PI Chetan Kumar,Under Investigation
FIR202501085,FIR/1085/2025,PS0019,Bagalkote,2025-04-12 05:46,2025-04-16 13:46,NDPS,Possession of Narcotics,NDPS Act Sec 20(b),16.028391,75.865145,P006468,P002560,P004956,PI Harish Naik,Closed
FIR202501144,FIR/1144/2025,PS0095,Bengaluru Rural,2025-04-14 10:28,2025-04-16 16:28,POCSO,Sexual Assault on Minor,"POCSO Act Sec 4, BNS 64",13.081708,77.407356,P001271,P006602,P003538,SI Prakash Sharma,Untraced
FIR202501187,FIR/1187/2025,PS0005,Bagalkote,2025-04-16 06:19,2025-04-16 18:19,Vehicle Theft,Two-Wheeler Theft,BNS 303(2),16.161502,75.564463,P005995,P004620,P000494,SI Ganesh Rao,Under Investigation
FIR202501097,FIR/1097/2025,PS0047,Belagavi,2025-04-12 14:21,2025-04-16 19:21,Burglary,Day Burglary,"BNS 331(3), BNS 331(4)",15.963529,74.540113,P000524,P000717,P002321,PI Chetan Kumar,Chargesheeted
FIR202501189,FIR/1189/2025,PS0124,Bengaluru Urban,2025-04-16 08:45,2025-04-16 20:45,Vehicle Theft,Two-Wheeler Theft,BNS 303(2),13.078887,77.66398,P001481,P007192,P009301,SI Ravi Kumar,Chargesheeted
FIR202501166,FIR/1166/2025,PS0064,Belagavi,2025-04-15 08:47,2025-04-16 20:47,Theft,Pocket Pick,BNS 303(2),15.898422,74.314686,P001309,P003277,P001119,SI Mahesh Bhat,Chargesheeted
FIR202501125,FIR/1125/2025,PS0109,Bengaluru Rural,2025-04-13 17:14,2025-04-16 23:14,Burglary,Day Burglary,"BNS 331(3), BNS 331(4)",13.12364,77.602196,P008972,P003581,P004256,PI Chetan Kumar,Chargesheeted
FIR202501129,FIR/1129/2025,PS0225,Chamarajanagar,2025-04-13 20:49,2025-04-17 01:49,NDPS,Possession of Narcotics,NDPS Act Sec 20(b),12.030933,76.764795,P005874,P000902,P006441,SI Mahesh Bhat,Under Investigation
FIR202501170,FIR/1170/2025,PS0151,Bengaluru Urban,2025-04-15 15:55,2025-04-17 01:55,Cyber Crime,Phishing,"IT Act 66D, BNS 318(4)",12.854488,77.450981,P007055,P003546,P000541,SI Divya Hegde,Untraced
FIR202501193,FIR/1193/2025,PS0075,Bengaluru Rural,2025-04-16 18:47,2025-04-17 02:47,Vehicle Theft,Two-Wheeler Theft,BNS 303(2),13.214448,77.500673,P005017,P004472,P008523,PI Ramesh Gowda,Untraced
FIR202501195,FIR/1195/2025,PS0203,Chamarajanagar,2025-04-16 21:00,2025-04-17 04:00,Burglary,Night House Breaking,"BNS 331(3), BNS 331(4)",11.910543,76.856604,P006839,P008318,"P002527, P006415",SI Ganesh Rao,Chargesheeted
FIR202501196,FIR/1196/2025,PS0097,Bengaluru Rural,2025-04-16 21:15,2025-04-17 04:15,Theft,House Theft,BNS 303(2),13.102947,77.467368,P005793,P008842,P006388,PI Chetan Kumar,Chargesheeted
FIR202501156,FIR/1156/2025,PS0240,Chikkaballapura,2025-04-14 21:41,2025-04-17 04:41,POCSO,Sexual Assault on Minor,"POCSO Act Sec 4, BNS 64",13.389436,77.818652,P002199,P006941,P005767,PI Chetan Kumar,Chargesheeted
FIR202501201,FIR/1201/2025,PS0119,Bengaluru Urban,2025-04-17 00:05,2025-04-17 05:05,Fraud,Land Scam,BNS 318(4),12.838522,77.768532,P007054,P001652,P007199,SI Ganesh Rao,Untraced
FIR202501206,FIR/1206/2025,PS0125,Bengaluru Urban,2025-04-17 02:50,2025-04-17 05:50,Burglary,Night House Breaking,"BNS 331(3), BNS 331(4)",12.797292,77.720605,P008243,P003633,P009769,SI Ravi Kumar,Untraced
FIR202501197,FIR/1197/2025,PS0068,Belagavi,2025-04-16 21:17,2025-04-17 06:17,Fraud,Cheating,BNS 318(4),16.01539,74.397089,P005568,P009258,P007528,SI Prakash Sharma,Untraced
FIR202501207,FIR/1207/2025,PS0127,Bengaluru Urban,2025-04-17 03:30,2025-04-17 06:30,Murder,Gang Conflict,BNS 103(1),13.133778,77.632014,P007885,P008004,"P007641, P006666",PI Lakshmi Devi,Untraced
FIR202501159,FIR/1159/2025,PS0051,Belagavi,2025-04-15 00:31,2025-04-17 06:31,Burglary,Night House Breaking,"BNS 331(3), BNS 331(4)",16.010676,74.535961,P003229,P005911,P007506,SI Divya Hegde,Untraced
FIR202501209,FIR/1209/2025,PS0121,Bengaluru Urban,2025-04-17 04:56,2025-04-17 08:56,Vehicle Theft,Two-Wheeler Theft,BNS 303(2),13.092162,77.48236,P006842,P004103,P005980,PI Chetan Kumar,Under Investigation
FIR202501138,FIR/1138/2025,PS0071,Bengaluru Rural,2025-04-14 04:33,2025-04-17 10:33,Theft,Snatching,BNS 303(2),13.033172,77.49527,P008531,P009816,P001866,PI Lakshmi Devi,Chargesheeted
FIR202501213,FIR/1213/2025,PS0170,Bidar,2025-04-17 10:29,2025-04-17 11:29,Murder,Gang Conflict,BNS 103(1),17.885245,77.37662,P000263,P009763,P006290,SI Prakash Sharma,Under Investigation
FIR202501204,FIR/1204/2025,PS0017,Bagalkote,2025-04-17 02:42,2025-04-17 11:42,Cyber Crime,Financial Fraud,"IT Act 66D, BNS 318(4)",16.252438,75.577497,P001871,P004111,P006884,SI Prakash Sharma,Untraced
FIR202501164,FIR/1164/2025,PS0248,Chikkaballapura,2025-04-15 04:51,2025-04-17 11:51,NDPS,Possession of Narcotics,NDPS Act Sec 20(b),13.268795,77.768179,P005806,P000817,P009362,SI Ganesh Rao,Under Investigation
FIR202501182,FIR/1182/2025,PS0242,Chikkaballapura,2025-04-16 03:53,2025-04-17 13:53,Assault,Grievous Hurt,"BNS 115(2), BNS 117(2)",13.298767,77.860228,P001153,P009192,P001918,PI Naveen Patil,Under Investigation
FIR202501181,FIR/1181/2025,PS0132,Bengaluru Urban,2025-04-16 03:17,2025-04-17 14:17,Vehicle Theft,Two-Wheeler Theft,BNS 303(2),12.981999,77.681692,P007779,P009700,P002219,SI Ravi Kumar,Chargesheeted
FIR202501218,FIR/1218/2025,PS0112,Bengaluru Urban,2025-04-17 13:30,2025-04-17 14:30,Fraud,Cheating,BNS 318(4),13.117775,77.576238,P008280,P000888,P003237,PI Harish Naik,Untraced
FIR202501111,FIR/1111/2025,PS0117,Bengaluru Urban,2025-04-13 03:41,2025-04-17 15:41,Dacoity,Bank Dacoity,BNS 310(2),13.099888,77.792612,P006646,P002596,P006465,SI Ravi Kumar,Under Investigation
FIR202501185,FIR/1185/2025,PS0243,Chikkaballapura,2025-04-16 04:50,2025-04-17 15:50,Murder,Gang Conflict,BNS 103(1),13.451673,77.88122,P000825,P001645,P002747,PI Chetan Kumar,Chargesheeted
FIR202501208,FIR/1208/2025,PS0189,Bidar,2025-04-17 03:58,2025-04-17 15:58,Murder,Dowry Homicide,BNS 103(1),17.887682,77.371477,P007573,P001857,P006615,SI Ganesh Rao,Chargesheeted
FIR202501217,FIR/1217/2025,PS0071,Bengaluru Rural,2025-04-17 13:23,2025-04-17 17:23,Fraud,Corporate Fraud,BNS 318(4),13.045821,77.49947,P000521,P003390,P005899,PI Ramesh Gowda,Untraced
FIR202501098,FIR/1098/2025,PS0101,Bengaluru Rural,2025-04-12 14:41,2025-04-17 17:41,Cyber Crime,Phishing,"IT Act 66D, BNS 318(4)",13.271301,77.750324,P004479,P003845,P006436,PI Chetan Kumar,Chargesheeted
FIR202501211,FIR/1211/2025,PS0057,Belagavi,2025-04-17 08:07,2025-04-17 18:07,Cyber Crime,Financial Fraud,"IT Act 66D, BNS 318(4)",15.696088,74.409441,P002702,P005534,P003310,PI Naveen Patil,Chargesheeted
FIR202501216,FIR/1216/2025,PS0241,Chikkaballapura,2025-04-17 12:58,2025-04-17 18:58,Vehicle Theft,Two-Wheeler Theft,BNS 303(2),13.281225,77.906655,P001045,P001463,P000037,SI Ravi Kumar,Under Investigation
FIR202501221,FIR/1221/2025,PS0100,Bengaluru Rural,2025-04-17 15:37,2025-04-17 19:37,Murder,Dowry Homicide,BNS 103(1),13.128487,77.544935,P007185,P006480,P008851,PI Suresh Kulkarni,Under Investigation
FIR202501212,FIR/1212/2025,PS0181,Bidar,2025-04-17 08:18,2025-04-17 20:18,Dacoity,Armed Dacoity,BNS 310(2),17.990333,77.422901,P005950,P003579,P002207,PI Lakshmi Devi,Chargesheeted
FIR202501214,FIR/1214/2025,PS0056,Belagavi,2025-04-17 11:38,2025-04-17 20:38,NDPS,Drug Trafficking,NDPS Act Sec 20(b),15.755919,74.613691,P004458,P000159,P006220,PI Suresh Kulkarni,Chargesheeted
FIR202501172,FIR/1172/2025,PS0054,Belagavi,2025-04-15 17:45,2025-04-17 21:45,Vehicle Theft,Two-Wheeler Theft,BNS 303(2),15.914567,74.684221,P001771,P000050,P006543,SI Ravi Kumar,Untraced
FIR202501222,FIR/1222/2025,PS0112,Bengaluru Urban,2025-04-17 15:54,2025-04-17 22:54,Vehicle Theft,Car Theft,BNS 303(2),13.085423,77.610323,P005833,P008310,P004578,SI Ravi Kumar,Under Investigation
FIR202501175,FIR/1175/2025,PS0046,Belagavi,2025-04-15 20:45,2025-04-17 23:45,Robbery,Chain Snatching with Force,BNS 309(4),15.775002,74.512583,P002048,P005632,P008276,SI Mahesh Bhat,Under Investigation
FIR202501215,FIR/1215/2025,PS0127,Bengaluru Urban,2025-04-17 11:52,2025-04-17 23:52,Vehicle Theft,Two-Wheeler Theft,BNS 303(2),13.106155,77.648185,P001090,P004948,"P003163, P009360",PI Naveen Patil,Untraced
FIR202501149,FIR/1149/2025,PS0069,Belagavi,2025-04-14 15:38,2025-04-18 00:38,NDPS,Drug Trafficking,NDPS Act Sec 20(b),15.823617,74.355119,P001905,P000784,P006464,PI Ramesh Gowda,Closed
FIR202501220,FIR/1220/2025,PS0051,Belagavi,2025-04-17 14:07,2025-04-18 02:07,Fraud,Land Scam,BNS 318(4),16.022546,74.511969,P000530,P008705,P003639,SI Ravi Kumar,Untraced
FIR202501224,FIR/1224/2025,PS0172,Bidar,2025-04-17 19:09,2025-04-18 02:09,Burglary,Night House Breaking,"BNS 331(3), BNS 331(4)",17.965067,77.481776,P008691,P007620,P005809,SI Prakash Sharma,Closed
FIR202501226,FIR/1226/2025,PS0049,Belagavi,2025-04-17 19:53,2025-04-18 02:53,Vehicle Theft,Car Theft,BNS 303(2),15.914982,74.560558,P007819,P004959,P003899,PI Naveen Patil,Chargesheeted
FIR202501229,FIR/1229/2025,PS0148,Bengaluru Urban,2025-04-18 00:55,2025-04-18 02:55,Fraud,Cheating,BNS 318(4),12.839608,77.661996,P001171,P003878,P009196,SI Prakash Sharma,Chargesheeted
FIR202501192,FIR/1192/2025,PS0145,Bengaluru Urban,2025-04-16 18:33,2025-04-18 03:33,Murder,Personal Enmity,BNS 103(1),12.793188,77.58426,P007416,P009673,P003598,PI Lakshmi Devi,Under Investigation
FIR202501228,FIR/1228/2025,PS0194,Chamarajanagar,2025-04-18 00:42,2025-04-18 05:42,Murder,Gang Conflict,BNS 103(1),11.783255,76.872779,P003081,P008569,"P008368, P009837",SI Prakash Sharma,Chargesheeted
FIR202501180,FIR/1180/2025,PS0163,Bidar,2025-04-16 02:26,2025-04-18 10:26,Dacoity,Bank Dacoity,BNS 310(2),17.922979,77.59454,P008948,P003237,P008118,PI Ramesh Gowda,Under Investigation
FIR202501210,FIR/1210/2025,PS0137,Bengaluru Urban,2025-04-17 08:00,2025-04-18 11:00,Fraud,Cheating,BNS 318(4),12.885768,77.705079,P004871,P007922,P006289,SI Ganesh Rao,Chargesheeted
FIR202501231,FIR/1231/2025,PS0164,Bidar,2025-04-18 04:21,2025-04-18 11:21,Vehicle Theft,Car Theft,BNS 303(2),17.969338,77.44713,P003423,P008282,P003700,PI Suresh Kulkarni,Chargesheeted
FIR202501188,FIR/1188/2025,PS0144,Bengaluru Urban,2025-04-16 06:56,2025-04-18 13:56,Cyber Crime,Phishing,"IT Act 66D, BNS 318(4)",12.808595,77.568545,P009829,P003449,"P007265, P006588",PI Ramesh Gowda,Under Investigation
FIR202501203,FIR/1203/2025,PS0050,Belagavi,2025-04-17 02:17,2025-04-18 14:17,Assault,Public Affray,"BNS 115(2), BNS 117(2)",15.705526,74.328945,P001951,P003305,P008044,PI Ramesh Gowda,Chargesheeted
FIR202501205,FIR/1205/2025,PS0138,Bengaluru Urban,2025-04-17 02:44,2025-04-18 14:44,Dacoity,Armed Dacoity,BNS 310(2),13.151795,77.431373,P003723,P007872,P009141,SI Ganesh Rao,Chargesheeted
FIR202501247,FIR/1247/2025,PS0188,Bidar,2025-04-18 14:06,2025-04-18 15:06,Assault,Simple Assault,"BNS 115(2), BNS 117(2)",17.944101,77.682809,P002898,P001331,P000586,SI Ravi Kumar,Chargesheeted
FIR202501246,FIR/1246/2025,PS0144,Bengaluru Urban,2025-04-18 13:34,2025-04-18 15:34,Cyber Crime,Phishing,"IT Act 66D, BNS 318(4)",12.808123,77.59478,P007210,P003942,"P004371, P003317",PI Suresh Kulkarni,Untraced
FIR202501146,FIR/1146/2025,PS0131,Bengaluru Urban,2025-04-14 13:36,2025-04-18 16:36,Murder,Gang Conflict,BNS 103(1),12.99889,77.613226,P004909,P001319,P006600,PI Chetan Kumar,Chargesheeted
FIR202501250,FIR/1250/2025,PS0139,Bengaluru Urban,2025-04-18 14:57,2025-04-18 16:57,NDPS,Drug Trafficking,NDPS Act Sec 20(b),12.78837,77.558489,P009916,P002577,P005289,PI Chetan Kumar,Chargesheeted
FIR202501190,FIR/1190/2025,PS0116,Bengaluru Urban,2025-04-16 16:14,2025-04-18 17:14,Robbery,Chain Snatching with Force,BNS 309(4),12.980953,77.523966,P000585,P007534,P004846,PI Chetan Kumar,Under Investigation
FIR202501249,FIR/1249/2025,PS0010,Bagalkote,2025-04-18 14:56,2025-04-18 17:56,POCSO,Sexual Assault on Minor,"POCSO Act Sec 4, BNS 64",16.158665,75.797971,P002380,P004151,P006801,SI Prakash Sharma,Under Investigation
FIR202501238,FIR/1238/2025,PS0229,Chamarajanagar,2025-04-18 06:49,2025-04-18 18:49,Burglary,Day Burglary,"BNS 331(3), BNS 331(4)",12.064186,77.000485,P004948,P005938,P006589,PI Chetan Kumar,Chargesheeted
FIR202501239,FIR/1239/2025,PS0076,Bengaluru Rural,2025-04-18 06:55,2025-04-18 18:55,NDPS,Drug Trafficking,NDPS Act Sec 20(b),13.321698,77.748453,P006377,P002314,P006129,PI Naveen Patil,Untraced
FIR202501251,FIR/1251/2025,PS0068,Belagavi,2025-04-18 14:59,2025-04-18 18:59,Murder,Dowry Homicide,BNS 103(1),16.046693,74.386135,P000213,P004278,P004018,SI Divya Hegde,Chargesheeted
FIR202501248,FIR/1248/2025,PS0035,Ballari,2025-04-18 14:22,2025-04-18 19:22,Vehicle Theft,Car Theft,BNS 303(2),15.25363,76.866799,P009414,P008033,P005518,SI Prakash Sharma,Chargesheeted
FIR202501255,FIR/1255/2025,PS0129,Bengaluru Urban,2025-04-18 18:40,2025-04-18 19:40,NDPS,Drug Trafficking,NDPS Act Sec 20(b),12.791239,77.760829,P002324,P004918,P001988,SI Ravi Kumar,Under Investigation
FIR202501244,FIR/1244/2025,PS0039,Ballari,2025-04-18 11:56,2025-04-18 19:56,NDPS,Drug Trafficking,NDPS Act Sec 20(b),15.351313,76.93321,P000403,P003355,P009434,SI Ganesh Rao,Untraced
FIR202501256,FIR/1256/2025,PS0064,Belagavi,2025-04-18 18:58,2025-04-18 19:58,Assault,Public Affray,"BNS 115(2), BNS 117(2)",15.896606,74.331441,P006516,P005295,P000177,SI Ganesh Rao,Chargesheeted
FIR202501194,FIR/1194/2025,PS0054,Belagavi,2025-04-16 20:38,2025-04-18 21:38,Assault,Simple Assault,"BNS 115(2), BNS 117(2)",15.907976,74.678338,P007116,P002626,P001109,PI Ramesh Gowda,Chargesheeted
FIR202501227,FIR/1227/2025,PS0110,Bengaluru Urban,2025-04-17 20:44,2025-04-18 23:44,Fraud,Cheating,BNS 318(4),13.180341,77.618712,P008446,P000360,P000150,PI Naveen Patil,Chargesheeted
FIR202501225,FIR/1225/2025,PS0095,Bengaluru Rural,2025-04-17 19:29,2025-04-19 00:29,Murder,Gang Conflict,BNS 103(1),13.114085,77.412339,P001147,P005812,P008692,PI Ramesh Gowda,Untraced
FIR202501174,FIR/1174/2025,PS0105,Bengaluru Rural,2025-04-15 20:15,2025-04-19 01:15,Vehicle Theft,Two-Wheeler Theft,BNS 303(2),13.169847,77.661933,P001441,P004528,P004653,PI Chetan Kumar,Chargesheeted
FIR202501200,FIR/1200/2025,PS0083,Bengaluru Rural,2025-04-16 23:57,2025-04-19 02:57,Vehicle Theft,Car Theft,BNS 303(2),13.264041,77.577281,P000692,P003867,"P009119, P003256",PI Suresh Kulkarni,Under Investigation
FIR202501260,FIR/1260/2025,PS0136,Bengaluru Urban,2025-04-19 00:22,2025-04-19 03:22,Fraud,Corporate Fraud,BNS 318(4),12.806401,77.604853,P002896,P003686,P004243,PI Naveen Patil,Chargesheeted
FIR202501223,FIR/1223/2025,PS0040,Ballari,2025-04-17 18:58,2025-04-19 05:58,Theft,Pocket Pick,BNS 303(2),15.342158,76.823065,P002833,P003608,"P001985, P003765",SI Mahesh Bhat,Under Investigation
FIR202501262,FIR/1262/2025,PS0192,Bidar,2025-04-19 01:14,2025-04-19 06:14,Assault,Simple Assault,"BNS 115(2), BNS 117(2)",17.999135,77.329738,P001546,P007616,P006531,SI Ravi Kumar,Under Investigation
FIR202501160,FIR/1160/2025,PS0125,Bengaluru Urban,2025-04-15 01:01,2025-04-19 09:01,Vehicle Theft,Two-Wheeler Theft,BNS 303(2),12.806337,77.708963,P005568,P008768,"P001414, P003530",PI Chetan Kumar,Chargesheeted
FIR202501178,FIR/1178/2025,PS0016,Bagalkote,2025-04-15 23:44,2025-04-19 10:44,Assault,Public Affray,"BNS 115(2), BNS 117(2)",16.001859,75.642533,P003129,P002790,P000012,PI Ramesh Gowda,Under Investigation
FIR202501186,FIR/1186/2025,PS0149,Bengaluru Urban,2025-04-16 04:58,2025-04-19 11:58,Fraud,Corporate Fraud,BNS 318(4),13.076815,77.484157,P004161,P001879,P005674,PI Harish Naik,Chargesheeted
FIR202501240,FIR/1240/2025,PS0183,Bidar,2025-04-18 07:16,2025-04-19 12:16,Theft,Pocket Pick,BNS 303(2),17.760933,77.379644,P005662,P009126,P007038,SI Mahesh Bhat,Chargesheeted
FIR202501234,FIR/1234/2025,PS0096,Bengaluru Rural,2025-04-18 05:22,2025-04-19 13:22,Dacoity,Bank Dacoity,BNS 310(2),13.133419,77.483197,P009665,P001865,P006741,SI Ganesh Rao,Chargesheeted
FIR202501232,FIR/1232/2025,PS0100,Bengaluru Rural,2025-04-18 04:58,2025-04-19 15:58,Assault,Simple Assault,"BNS 115(2), BNS 117(2)",13.127567,77.539379,P002101,P007184,P009501,PI Harish Naik,Under Investigation
FIR202501237,FIR/1237/2025,PS0162,Bidar,2025-04-18 06:47,2025-04-19 16:47,Vehicle Theft,Two-Wheeler Theft,BNS 303(2),18.002578,77.474173,P000595,P002897,P000591,PI Suresh Kulkarni,Chargesheeted
FIR202501242,FIR/1242/2025,PS0144,Bengaluru Urban,2025-04-18 08:11,2025-04-19 17:11,Vehicle Theft,Car Theft,BNS 303(2),12.821603,77.569933,P003717,P009033,P003244,SI Divya Hegde,Closed
FIR202501236,FIR/1236/2025,PS0115,Bengaluru Urban,2025-04-18 06:46,2025-04-19 17:46,Vehicle Theft,Two-Wheeler Theft,BNS 303(2),12.870591,77.378429,P000643,P001660,P001691,SI Prakash Sharma,Untraced
FIR202501235,FIR/1235/2025,PS0076,Bengaluru Rural,2025-04-18 06:11,2025-04-19 18:11,Assault,Grievous Hurt,"BNS 115(2), BNS 117(2)",13.315238,77.773778,P002097,P005977,P008399,SI Mahesh Bhat,Under Investigation
FIR202501263,FIR/1263/2025,PS0223,Chamarajanagar,2025-04-19 10:47,2025-04-19 18:47,Assault,Simple Assault,"BNS 115(2), BNS 117(2)",11.847314,76.791576,P005002,P008485,P001317,SI Ganesh Rao,Untraced
FIR202501219,FIR/1219/2025,PS0003,Bagalkote,2025-04-17 14:00,2025-04-19 19:00,Burglary,Night House Breaking,"BNS 331(3), BNS 331(4)",16.338423,75.868039,P008684,P000394,P007854,PI Chetan Kumar,Under Investigation
FIR202501265,FIR/1265/2025,PS0142,Bengaluru Urban,2025-04-19 15:02,2025-04-19 19:02,Fraud,Land Scam,BNS 318(4),13.103171,77.765931,P004764,P007952,"P009766, P001165",SI Divya Hegde,Chargesheeted
FIR202501191,FIR/1191/2025,PS0221,Chamarajanagar,2025-04-16 18:08,2025-04-19 19:08,Fraud,Land Scam,BNS 318(4),12.02843,77.095306,P009478,P005773,P009473,SI Prakash Sharma,Chargesheeted
FIR202501245,FIR/1245/2025,PS0142,Bengaluru Urban,2025-04-18 11:59,2025-04-19 22:59,Fraud,Corporate Fraud,BNS 318(4),13.116238,77.754716,P003052,P009467,P005855,PI Naveen Patil,Chargesheeted
FIR202501266,FIR/1266/2025,PS0136,Bengaluru Urban,2025-04-19 22:32,2025-04-19 23:32,Vehicle Theft,Two-Wheeler Theft,BNS 303(2),12.830425,77.61378,P002463,P006752,P003467,PI Naveen Patil,Under Investigation
FIR202501173,FIR/1173/2025,PS0060,Belagavi,2025-04-15 17:50,2025-04-19 23:50,NDPS,Possession of Narcotics,NDPS Act Sec 20(b),16.024772,74.541394,P007098,P004898,P004200,SI Mahesh Bhat,Untraced
FIR202501199,FIR/1199/2025,PS0199,Chamarajanagar,2025-04-16 23:13,2025-04-20 01:13,Assault,Grievous Hurt,"BNS 115(2), BNS 117(2)",11.852631,77.066811,P007338,P005896,P003303,SI Ravi Kumar,Under Investigation
FIR202501252,FIR/1252/2025,PS0092,Bengaluru Rural,2025-04-18 15:51,2025-04-20 02:51,Cyber Crime,Phishing,"IT Act 66D, BNS 318(4)",13.078781,77.456544,P006609,P004917,"P001200, P005838",PI Harish Naik,Closed
FIR202501202,FIR/1202/2025,PS0203,Chamarajanagar,2025-04-17 01:49,2025-04-20 03:49,Burglary,Day Burglary,"BNS 331(3), BNS 331(4)",11.915589,76.861236,P004754,P006425,P000555,PI Harish Naik,Chargesheeted
FIR202501198,FIR/1198/2025,PS0095,Bengaluru Rural,2025-04-16 22:22,2025-04-20 04:22,Vehicle Theft,Two-Wheeler Theft,BNS 303(2),13.077496,77.417676,P007377,P006260,P005821,PI Ramesh Gowda,Under Investigation
FIR202501233,FIR/1233/2025,PS0201,Chamarajanagar,2025-04-18 05:07,2025-04-20 06:07,Assault,Grievous Hurt,"BNS 115(2), BNS 117(2)",12.00859,76.854234,P000221,P004116,P007169,PI Suresh Kulkarni,Chargesheeted
FIR202501259,FIR/1259/2025,PS0179,Bidar,2025-04-18 23:32,2025-04-20 08:32,Dacoity,Armed Dacoity,BNS 310(2),18.079388,77.394563,P004471,P007276,P002323,PI Ramesh Gowda,Untraced
FIR202501267,FIR/1267/2025,PS0178,Bidar,2025-04-19 23:30,2025-04-20 11:30,Fraud,Land Scam,BNS 318(4),17.871045,77.477486,P001114,P007953,P002434,SI Ravi Kumar,Chargesheeted
FIR202501241,FIR/1241/2025,PS0019,Bagalkote,2025-04-18 07:41,2025-04-20 11:41,Cyber Crime,Phishing,"IT Act 66D, BNS 318(4)",16.060162,75.889176,P001109,P002578,P009349,SI Ganesh Rao,Chargesheeted
FIR202501264,FIR/1264/2025,PS0076,Bengaluru Rural,2025-04-19 11:00,2025-04-20 12:00,Assault,Simple Assault,"BNS 115(2), BNS 117(2)",13.305091,77.742236,P006201,P005520,P009083,PI Ramesh Gowda,Under Investigation
FIR202501268,FIR/1268/2025,PS0024,Bagalkote,2025-04-20 07:39,2025-04-20 13:39,NDPS,Possession of Narcotics,NDPS Act Sec 20(b),16.384694,75.530233,P004886,P006745,P001756,SI Ganesh Rao,Under Investigation
FIR202501270,FIR/1270/2025,PS0072,Bengaluru Rural,2025-04-20 11:24,2025-04-20 21:24,Fraud,Cheating,BNS 318(4),13.283429,77.60944,P007544,P009333,P007008,PI Suresh Kulkarni,Under Investigation
FIR202501253,FIR/1253/2025,PS0077,Bengaluru Rural,2025-04-18 17:28,2025-04-20 21:28,Cyber Crime,Phishing,"IT Act 66D, BNS 318(4)",13.354841,77.595695,P008662,P008821,P001714,SI Ravi Kumar,Under Investigation
FIR202501254,FIR/1254/2025,PS0057,Belagavi,2025-04-18 17:44,2025-04-20 23:44,Theft,House Theft,BNS 303(2),15.677573,74.427545,P002072,P000117,P009831,SI Divya Hegde,Chargesheeted
FIR202501271,FIR/1271/2025,PS0109,Bengaluru Rural,2025-04-20 15:18,2025-04-21 03:18,Cyber Crime,Financial Fraud,"IT Act 66D, BNS 318(4)",13.11146,77.599054,P003522,P004053,P007217,SI Ravi Kumar,Under Investigation
FIR202501274,FIR/1274/2025,PS0127,Bengaluru Urban,2025-04-20 22:19,2025-04-21 04:19,Vehicle Theft,Two-Wheeler Theft,BNS 303(2),13.118573,77.639754,P000213,P006980,P001789,SI Ravi Kumar,Chargesheeted
FIR202501258,FIR/1258/2025,PS0089,Bengaluru Rural,2025-04-18 21:38,2025-04-21 04:38,POCSO,Harassment,"POCSO Act Sec 4, BNS 64",13.359619,77.594521,P008504,P000388,P008211,PI Harish Naik,Closed
FIR202501272,FIR/1272/2025,PS0147,Bengaluru Urban,2025-04-20 19:48,2025-04-21 04:48,Cyber Crime,Phishing,"IT Act 66D, BNS 318(4)",12.915085,77.553595,P002505,P007509,P001859,PI Suresh Kulkarni,Untraced
FIR202501257,FIR/1257/2025,PS0030,Ballari,2025-04-18 20:12,2025-04-21 05:12,Assault,Simple Assault,"BNS 115(2), BNS 117(2)",15.184043,76.811149,P000531,P006982,P000893,SI Ravi Kumar,Chargesheeted
FIR202501277,FIR/1277/2025,PS0117,Bengaluru Urban,2025-04-21 02:57,2025-04-21 05:57,Fraud,Corporate Fraud,BNS 318(4),13.130516,77.79604,P005585,P000603,"P000070, P005272",SI Ganesh Rao,Under Investigation
FIR202501275,FIR/1275/2025,PS0043,Ballari,2025-04-21 02:32,2025-04-21 06:32,POCSO,Sexual Assault on Minor,"POCSO Act Sec 4, BNS 64",14.962827,77.003507,P001732,P001358,P002359,PI Harish Naik,Under Investigation
FIR202501281,FIR/1281/2025,PS0116,Bengaluru Urban,2025-04-21 08:56,2025-04-21 09:56,POCSO,Harassment,"POCSO Act Sec 4, BNS 64",12.989262,77.543849,P002143,P002491,P004656,PI Harish Naik,Closed
FIR202501261,FIR/1261/2025,PS0132,Bengaluru Urban,2025-04-19 01:07,2025-04-21 12:07,Assault,Public Affray,"BNS 115(2), BNS 117(2)",13.015891,77.676315,P004353,P003629,P000689,SI Ganesh Rao,Chargesheeted
FIR202501230,FIR/1230/2025,PS0048,Belagavi,2025-04-18 01:36,2025-04-21 13:36,Assault,Simple Assault,"BNS 115(2), BNS 117(2)",15.739129,74.50072,P001942,P000817,P006998,PI Naveen Patil,Chargesheeted
FIR202501283,FIR/1283/2025,PS0120,Bengaluru Urban,2025-04-21 13:48,2025-04-21 14:48,Vehicle Theft,Two-Wheeler Theft,BNS 303(2),13.117092,77.419382,P006876,P001244,P008191,SI Ravi Kumar,Chargesheeted
FIR202501278,FIR/1278/2025,PS0074,Bengaluru Rural,2025-04-21 03:49,2025-04-21 14:49,Cyber Crime,Phishing,"IT Act 66D, BNS 318(4)",13.193133,77.575417,P009201,P005391,P000133,PI Ramesh Gowda,Chargesheeted
FIR202501286,FIR/1286/2025,PS0128,Bengaluru Urban,2025-04-21 18:38,2025-04-22 01:38,Murder,Gang Conflict,BNS 103(1),13.010848,77.58073,P007258,P006076,P001112,SI Mahesh Bhat,Under Investigation
FIR202501289,FIR/1289/2025,PS0180,Bidar,2025-04-22 02:18,2025-04-22 04:18,POCSO,Sexual Assault on Minor,"POCSO Act Sec 4, BNS 64",18.056647,77.414662,P002160,P009923,P000811,SI Mahesh Bhat,Chargesheeted
FIR202501285,FIR/1285/2025,PS0091,Bengaluru Rural,2025-04-21 18:24,2025-04-22 04:24,NDPS,Possession of Narcotics,NDPS Act Sec 20(b),13.057693,77.628231,P009170,P004023,P009007,PI Naveen Patil,Under Investigation
FIR202501291,FIR/1291/2025,PS0226,Chamarajanagar,2025-04-22 08:01,2025-04-22 09:01,POCSO,Sexual Assault on Minor,"POCSO Act Sec 4, BNS 64",11.743532,77.024173,P009049,P007137,P004948,SI Prakash Sharma,Under Investigation
FIR202501282,FIR/1282/2025,PS0124,Bengaluru Urban,2025-04-21 09:36,2025-04-22 10:36,Vehicle Theft,Two-Wheeler Theft,BNS 303(2),13.0682,77.664349,P001459,P006916,P005962,PI Lakshmi Devi,Under Investigation
FIR202501280,FIR/1280/2025,PS0204,Chamarajanagar,2025-04-21 08:04,2025-04-22 13:04,POCSO,Sexual Assault on Minor,"POCSO Act Sec 4, BNS 64",12.03798,77.073075,P002992,P003480,P003997,PI Harish Naik,Under Investigation
FIR202501243,FIR/1243/2025,PS0043,Ballari,2025-04-18 11:06,2025-04-22 18:06,Fraud,Land Scam,BNS 318(4),14.951956,76.990791,P001757,P002081,P007721,PI Suresh Kulkarni,Chargesheeted
FIR202501287,FIR/1287/2025,PS0181,Bidar,2025-04-21 18:46,2025-04-22 20:46,Assault,Grievous Hurt,"BNS 115(2), BNS 117(2)",18.002662,77.423888,P001891,P005014,"P005000, P002035",SI Ganesh Rao,Under Investigation
FIR202501284,FIR/1284/2025,PS0085,Bengaluru Rural,2025-04-21 14:10,2025-04-22 21:10,NDPS,Drug Trafficking,NDPS Act Sec 20(b),13.100122,77.404676,P000034,P008059,P005018,PI Naveen Patil,Chargesheeted
FIR202501293,FIR/1293/2025,PS0126,Bengaluru Urban,2025-04-22 10:26,2025-04-22 22:26,Vehicle Theft,Two-Wheeler Theft,BNS 303(2),12.860926,77.556115,P004501,P005706,P002460,SI Ganesh Rao,Untraced
FIR202501297,FIR/1297/2025,PS0080,Bengaluru Rural,2025-04-22 18:21,2025-04-23 02:21,Cyber Crime,Identity Theft,"IT Act 66D, BNS 318(4)",13.380037,77.577369,P003178,P004034,P007671,PI Harish Naik,Chargesheeted
FIR202501299,FIR/1299/2025,PS0053,Belagavi,2025-04-22 23:47,2025-04-23 02:47,Burglary,Day Burglary,"BNS 331(3), BNS 331(4)",15.871935,74.335344,P009661,P009702,P008572,PI Ramesh Gowda,Untraced
FIR202501300,FIR/1300/2025,PS0140,Bengaluru Urban,2025-04-23 00:14,2025-04-23 05:14,Fraud,Land Scam,BNS 318(4),13.042468,77.679092,P007506,P000138,P003339,SI Mahesh Bhat,Untraced
FIR202501303,FIR/1303/2025,PS0086,Bengaluru Rural,2025-04-23 03:48,2025-04-23 08:48,NDPS,Possession of Narcotics,NDPS Act Sec 20(b),13.330142,77.467584,P003490,P003873,P005895,SI Ravi Kumar,Chargesheeted
FIR202501298,FIR/1298/2025,PS0136,Bengaluru Urban,2025-04-22 21:52,2025-04-23 08:52,Cyber Crime,Identity Theft,"IT Act 66D, BNS 318(4)",12.815628,77.604859,P005031,P001179,P008351,SI Ravi Kumar,Chargesheeted
FIR202501279,FIR/1279/2025,PS0123,Bengaluru Urban,2025-04-21 05:34,2025-04-23 10:34,Theft,House Theft,BNS 303(2),13.009831,77.490647,P005763,P002930,P008637,PI Harish Naik,Under Investigation
FIR202501269,FIR/1269/2025,PS0206,Chamarajanagar,2025-04-20 08:28,2025-04-23 11:28,Assault,Grievous Hurt,"BNS 115(2), BNS 117(2)",11.820831,77.091537,P004052,P006939,P002361,PI Harish Naik,Untraced
FIR202501304,FIR/1304/2025,PS0027,Ballari,2025-04-23 04:08,2025-04-23 16:08,Murder,Dowry Homicide,BNS 103(1),15.054792,77.06936,P009987,P009615,P001562,PI Chetan Kumar,Under Investigation
FIR202501305,FIR/1305/2025,PS0133,Bengaluru Urban,2025-04-23 15:08,2025-04-23 17:08,Murder,Gang Conflict,BNS 103(1),13.018254,77.528956,P009795,P004222,P004594,SI Mahesh Bhat,Under Investigation
FIR202501292,FIR/1292/2025,PS0098,Bengaluru Rural,2025-04-22 09:39,2025-04-23 18:39,Robbery,Highway Robbery,BNS 309(4),13.288356,77.723687,P001339,P007752,P001022,PI Lakshmi Devi,Under Investigation
FIR202501296,FIR/1296/2025,PS0046,Belagavi,2025-04-22 13:44,2025-04-23 19:44,Vehicle Theft,Car Theft,BNS 303(2),15.78241,74.522447,P008033,P002169,P005665,SI Mahesh Bhat,Chargesheeted
FIR202501307,FIR/1307/2025,PS0089,Bengaluru Rural,2025-04-23 16:26,2025-04-24 01:26,Assault,Grievous Hurt,"BNS 115(2), BNS 117(2)",13.362531,77.591937,P006580,P000902,P006388,SI Mahesh Bhat,Chargesheeted
FIR202501273,FIR/1273/2025,PS0200,Chamarajanagar,2025-04-20 21:31,2025-04-24 07:31,Fraud,Cheating,BNS 318(4),11.781656,77.032818,P008441,P003802,P003256,PI Naveen Patil,Under Investigation
FIR202501302,FIR/1302/2025,PS0091,Bengaluru Rural,2025-04-23 02:20,2025-04-24 08:20,Dacoity,Bank Dacoity,BNS 310(2),13.074868,77.631342,P004728,P001404,P005382,PI Lakshmi Devi,Under Investigation
FIR202501306,FIR/1306/2025,PS0030,Ballari,2025-04-23 15:27,2025-04-24 17:27,Assault,Public Affray,"BNS 115(2), BNS 117(2)",15.178855,76.809542,P008168,P000014,P004472,PI Ramesh Gowda,Untraced
FIR202501294,FIR/1294/2025,PS0118,Bengaluru Urban,2025-04-22 12:13,2025-04-24 23:13,Vehicle Theft,Two-Wheeler Theft,BNS 303(2),12.806396,77.690376,P004668,P002132,P004680,SI Ravi Kumar,Untraced
FIR202501316,FIR/1316/2025,PS0096,Bengaluru Rural,2025-04-24 14:20,2025-04-24 23:20,POCSO,Sexual Assault on Minor,"POCSO Act Sec 4, BNS 64",13.148474,77.46372,P000631,P006649,"P006320, P001519",SI Divya Hegde,Chargesheeted
FIR202501276,FIR/1276/2025,PS0143,Bengaluru Urban,2025-04-21 02:35,2025-04-25 08:35,Fraud,Land Scam,BNS 318(4),12.788191,77.394177,P007295,P009715,P002454,PI Naveen Patil,Under Investigation
FIR202501290,FIR/1290/2025,PS0085,Bengaluru Rural,2025-04-22 03:33,2025-04-25 09:33,Vehicle Theft,Car Theft,BNS 303(2),13.111096,77.403402,P006416,P007763,P009057,SI Ravi Kumar,Under Investigation
FIR202501325,FIR/1325/2025,PS0152,Bengaluru Urban,2025-04-25 11:18,2025-04-25 14:18,Fraud,Corporate Fraud,BNS 318(4),13.020656,77.39137,P008834,P007157,P006679,SI Mahesh Bhat,Under Investigation
FIR202501314,FIR/1314/2025,PS0236,Chikkaballapura,2025-04-24 11:52,2025-04-25 17:52,Burglary,Night House Breaking,"BNS 331(3), BNS 331(4)",13.628334,77.924895,P006638,P003077,P003946,PI Naveen Patil,Closed
FIR202501312,FIR/1312/2025,PS0081,Bengaluru Rural,2025-04-24 11:00,2025-04-25 20:00,Cyber Crime,Financial Fraud,"IT Act 66D, BNS 318(4)",13.193385,77.593181,P007976,P000432,P001155,SI Mahesh Bhat,Under Investigation
FIR202501328,FIR/1328/2025,PS0202,Chamarajanagar,2025-04-25 17:56,2025-04-26 00:56,Assault,Grievous Hurt,"BNS 115(2), BNS 117(2)",11.955874,76.864056,P000645,P008339,P007955,SI Divya Hegde,Under Investigation
FIR202501319,FIR/1319/2025,PS0135,Bengaluru Urban,2025-04-24 18:35,2025-04-26 01:35,Vehicle Theft,Car Theft,BNS 303(2),12.92534,77.438247,P002778,P007290,P006641,SI Ravi Kumar,Closed
FIR202501329,FIR/1329/2025,PS0123,Bengaluru Urban,2025-04-25 21:06,2025-04-26 02:06,Cyber Crime,Identity Theft,"IT Act 66D, BNS 318(4)",13.015246,77.49922,P009206,P001346,P002073,SI Divya Hegde,Chargesheeted
FIR202501318,FIR/1318/2025,PS0099,Bengaluru Rural,2025-04-24 17:32,2025-04-26 03:32,POCSO,Harassment,"POCSO Act Sec 4, BNS 64",13.28128,77.722336,P009046,P006797,P009163,SI Mahesh Bhat,Chargesheeted
FIR202501301,FIR/1301/2025,PS0146,Bengaluru Urban,2025-04-23 01:42,2025-04-26 05:42,Vehicle Theft,Car Theft,BNS 303(2),12.949922,77.790929,P007766,P001057,P009600,SI Ravi Kumar,Closed
FIR202501320,FIR/1320/2025,PS0119,Bengaluru Urban,2025-04-24 23:26,2025-04-26 06:26,Vehicle Theft,Two-Wheeler Theft,BNS 303(2),12.816872,77.798327,P007658,P000402,P004081,SI Prakash Sharma,Under Investigation
FIR202501323,FIR/1323/2025,PS0113,Bengaluru Urban,2025-04-25 03:52,2025-04-26 06:52,Dacoity,Bank Dacoity,BNS 310(2),13.166739,77.497557,P004902,P009502,P001650,PI Lakshmi Devi,Under Investigation
FIR202501331,FIR/1331/2025,PS0085,Bengaluru Rural,2025-04-25 23:33,2025-04-26 07:33,Vehicle Theft,Two-Wheeler Theft,BNS 303(2),13.111961,77.42077,P001964,P002090,P003669,PI Ramesh Gowda,Chargesheeted
FIR202501309,FIR/1309/2025,PS0141,Bengaluru Urban,2025-04-23 20:01,2025-04-26 08:01,POCSO,Harassment,"POCSO Act Sec 4, BNS 64",12.865224,77.406924,P005139,P009907,P007514,SI Ravi Kumar,Under Investigation
FIR202501333,FIR/1333/2025,PS0084,Bengaluru Rural,2025-04-26 08:45,2025-04-26 11:45,Assault,Grievous Hurt,"BNS 115(2), BNS 117(2)",13.148404,77.549227,P004823,P000692,P008121,PI Ramesh Gowda,Untraced
FIR202501313,FIR/1313/2025,PS0195,Chamarajanagar,2025-04-24 11:50,2025-04-26 15:50,Burglary,Night House Breaking,"BNS 331(3), BNS 331(4)",11.86723,77.070868,P004285,P008728,P008790,SI Ganesh Rao,Chargesheeted
FIR202501338,FIR/1338/2025,PS0113,Bengaluru Urban,2025-04-26 14:49,2025-04-26 16:49,Fraud,Land Scam,BNS 318(4),13.162528,77.482919,P003374,P008009,P009351,SI Mahesh Bhat,Chargesheeted
FIR202501295,FIR/1295/2025,PS0092,Bengaluru Rural,2025-04-22 12:52,2025-04-26 18:52,Burglary,Night House Breaking,"BNS 331(3), BNS 331(4)",13.070499,77.456641,P005702,P006895,P006960,SI Prakash Sharma,Untraced
FIR202501342,FIR/1342/2025,PS0222,Chamarajanagar,2025-04-26 18:09,2025-04-26 19:09,Dacoity,Bank Dacoity,BNS 310(2),11.898339,76.768112,P009730,P000199,P001081,PI Suresh Kulkarni,Closed
FIR202501339,FIR/1339/2025,PS0150,Bengaluru Urban,2025-04-26 15:15,2025-04-26 19:15,Cyber Crime,Identity Theft,"IT Act 66D, BNS 318(4)",13.066702,77.69064,P002726,P007761,P000142,PI Lakshmi Devi,Under Investigation
FIR202501340,FIR/1340/2025,PS0169,Bidar,2025-04-26 17:20,2025-04-26 21:20,Assault,Grievous Hurt,"BNS 115(2), BNS 117(2)",18.016504,77.712608,P002543,P004009,P003102,SI Mahesh Bhat,Chargesheeted
FIR202501326,FIR/1326/2025,PS0084,Bengaluru Rural,2025-04-25 15:19,2025-04-27 02:19,Dacoity,Armed Dacoity,BNS 310(2),13.160038,77.549017,P009986,P009064,P006770,PI Harish Naik,Under Investigation
FIR202501308,FIR/1308/2025,PS0207,Chamarajanagar,2025-04-23 17:32,2025-04-27 05:32,Murder,Gang Conflict,BNS 103(1),12.089306,77.105545,P002541,P001351,P005255,PI Harish Naik,Under Investigation
FIR202501347,FIR/1347/2025,PS0138,Bengaluru Urban,2025-04-27 02:12,2025-04-27 06:12,Vehicle Theft,Two-Wheeler Theft,BNS 303(2),13.1708,77.45483,P009156,P008654,P001421,PI Chetan Kumar,Untraced
FIR202501288,FIR/1288/2025,PS0039,Ballari,2025-04-21 23:58,2025-04-27 06:58,Burglary,Day Burglary,"BNS 331(3), BNS 331(4)",15.316413,76.951748,P000504,P007215,"P006197, P004462",SI Mahesh Bhat,Under Investigation
FIR202501321,FIR/1321/2025,PS0096,Bengaluru Rural,2025-04-25 01:32,2025-04-27 10:32,Assault,Public Affray,"BNS 115(2), BNS 117(2)",13.124033,77.45083,P006624,P002524,P009814,SI Divya Hegde,Chargesheeted
FIR202501346,FIR/1346/2025,PS0087,Bengaluru Rural,2025-04-27 00:38,2025-04-27 11:38,Assault,Simple Assault,"BNS 115(2), BNS 117(2)",13.163584,77.518564,P004947,P005984,P004433,PI Suresh Kulkarni,Chargesheeted
FIR202501334,FIR/1334/2025,PS0018,Bagalkote,2025-04-26 09:12,2025-04-27 12:12,Cyber Crime,Financial Fraud,"IT Act 66D, BNS 318(4)",16.193402,75.800891,P002943,P008394,P006421,SI Divya Hegde,Chargesheeted
FIR202501335,FIR/1335/2025,PS0202,Chamarajanagar,2025-04-26 11:17,2025-04-27 13:17,Assault,Public Affray,"BNS 115(2), BNS 117(2)",11.937897,76.847827,P001384,P007319,P007389,PI Lakshmi Devi,Chargesheeted
FIR202501332,FIR/1332/2025,PS0089,Bengaluru Rural,2025-04-26 07:18,2025-04-27 14:18,Robbery,Highway Robbery,BNS 309(4),13.374517,77.616887,P006625,P004241,P002034,SI Prakash Sharma,Under Investigation
FIR202501350,FIR/1350/2025,PS0174,Bidar,2025-04-27 06:29,2025-04-27 14:29,Assault,Simple Assault,"BNS 115(2), BNS 117(2)",17.887715,77.565765,P008764,P007276,P005171,SI Divya Hegde,Under Investigation
FIR202501336,FIR/1336/2025,PS0100,Bengaluru Rural,2025-04-26 13:27,2025-04-27 15:27,Dacoity,Armed Dacoity,BNS 310(2),13.166931,77.54205,P003049,P009062,P005619,SI Prakash Sharma,Chargesheeted
FIR202501355,FIR/1355/2025,PS0079,Bengaluru Rural,2025-04-27 16:24,2025-04-27 17:24,Cyber Crime,Identity Theft,"IT Act 66D, BNS 318(4)",13.080465,77.442719,P000786,P009882,P004878,SI Prakash Sharma,Chargesheeted
FIR202501310,FIR/1310/2025,PS0099,Bengaluru Rural,2025-04-24 07:11,2025-04-27 19:11,Robbery,Chain Snatching with Force,BNS 309(4),13.266214,77.688137,P000209,P007034,P005995,PI Ramesh Gowda,Under Investigation
FIR202501351,FIR/1351/2025,PS0089,Bengaluru Rural,2025-04-27 08:14,2025-04-27 20:14,Vehicle Theft,Car Theft,BNS 303(2),13.388431,77.622941,P003578,P008641,P007929,PI Chetan Kumar,Under Investigation
FIR202501353,FIR/1353/2025,PS0036,Ballari,2025-04-27 10:52,2025-04-27 20:52,Dacoity,Bank Dacoity,BNS 310(2),15.237128,76.756264,P002133,P000464,P009244,SI Divya Hegde,Chargesheeted
FIR202501352,FIR/1352/2025,PS0144,Bengaluru Urban,2025-04-27 10:39,2025-04-27 21:39,Fraud,Land Scam,BNS 318(4),12.845324,77.594918,P000881,P009079,P003890,SI Ravi Kumar,Chargesheeted
FIR202501330,FIR/1330/2025,PS0076,Bengaluru Rural,2025-04-25 22:21,2025-04-27 23:21,Vehicle Theft,Two-Wheeler Theft,BNS 303(2),13.323313,77.74215,P003841,P000548,P002079,PI Suresh Kulkarni,Chargesheeted
FIR202501317,FIR/1317/2025,PS0089,Bengaluru Rural,2025-04-24 15:40,2025-04-27 23:40,Assault,Public Affray,"BNS 115(2), BNS 117(2)",13.374568,77.606566,P008396,P008291,P007319,SI Divya Hegde,Chargesheeted
FIR202501341,FIR/1341/2025,PS0077,Bengaluru Rural,2025-04-26 17:49,2025-04-28 01:49,NDPS,Possession of Narcotics,NDPS Act Sec 20(b),13.361752,77.621078,P000053,P008776,P005621,PI Suresh Kulkarni,Untraced
FIR202501343,FIR/1343/2025,PS0142,Bengaluru Urban,2025-04-26 18:31,2025-04-28 06:31,Fraud,Land Scam,BNS 318(4),13.119716,77.767575,P005089,P007206,P000700,PI Harish Naik,Chargesheeted
FIR202501344,FIR/1344/2025,PS0124,Bengaluru Urban,2025-04-26 20:53,2025-04-28 06:53,Assault,Grievous Hurt,"BNS 115(2), BNS 117(2)",13.092091,77.670538,P003551,P005358,"P002795, P005685",PI Lakshmi Devi,Under Investigation
FIR202501345,FIR/1345/2025,PS0241,Chikkaballapura,2025-04-26 22:15,2025-04-28 10:15,Assault,Simple Assault,"BNS 115(2), BNS 117(2)",13.253214,77.907595,P009571,P005225,P009247,SI Ganesh Rao,Chargesheeted
FIR202501357,FIR/1357/2025,PS0213,Chamarajanagar,2025-04-28 07:11,2025-04-28 12:11,Cyber Crime,Financial Fraud,"IT Act 66D, BNS 318(4)",12.060001,76.940016,P000909,P006289,P000255,SI Mahesh Bhat,Under Investigation
FIR202501349,FIR/1349/2025,PS0241,Chikkaballapura,2025-04-27 04:32,2025-04-28 12:32,Robbery,Highway Robbery,BNS 309(4),13.256351,77.902106,P009965,P008039,P007431,PI Ramesh Gowda,Under Investigation
FIR202501324,FIR/1324/2025,PS0218,Chamarajanagar,2025-04-25 04:02,2025-04-28 14:02,Vehicle Theft,Car Theft,BNS 303(2),11.849211,77.029689,P008303,P007321,P005920,PI Lakshmi Devi,Chargesheeted
FIR202501311,FIR/1311/2025,PS0071,Bengaluru Rural,2025-04-24 08:44,2025-04-28 14:44,Fraud,Corporate Fraud,BNS 318(4),13.034314,77.498567,P004626,P009011,P004297,PI Lakshmi Devi,Under Investigation
FIR202501348,FIR/1348/2025,PS0188,Bidar,2025-04-27 03:49,2025-04-28 15:49,Burglary,Night House Breaking,"BNS 331(3), BNS 331(4)",17.948458,77.689485,P004744,P001963,P005577,SI Mahesh Bhat,Under Investigation
FIR202501360,FIR/1360/2025,PS0096,Bengaluru Rural,2025-04-28 15:18,2025-04-28 23:18,Assault,Grievous Hurt,"BNS 115(2), BNS 117(2)",13.133677,77.473922,P007894,P007636,P007069,PI Lakshmi Devi,Chargesheeted
FIR202501327,FIR/1327/2025,PS0129,Bengaluru Urban,2025-04-25 16:09,2025-04-29 01:09,NDPS,Drug Trafficking,NDPS Act Sec 20(b),12.788732,77.774379,P004822,P008908,P005859,PI Naveen Patil,Under Investigation
FIR202501363,FIR/1363/2025,PS0105,Bengaluru Rural,2025-04-28 22:50,2025-04-29 03:50,Fraud,Corporate Fraud,BNS 318(4),13.139932,77.634524,P008263,P008922,P001610,SI Mahesh Bhat,Untraced
FIR202501369,FIR/1369/2025,PS0220,Chamarajanagar,2025-04-29 06:54,2025-04-29 10:54,Cyber Crime,Financial Fraud,"IT Act 66D, BNS 318(4)",11.805908,76.810264,P000734,P009756,"P001529, P000349",SI Divya Hegde,Under Investigation
FIR202501368,FIR/1368/2025,PS0124,Bengaluru Urban,2025-04-29 05:49,2025-04-29 11:49,Fraud,Corporate Fraud,BNS 318(4),13.064754,77.691642,P001965,P000923,P008798,SI Ganesh Rao,Untraced
FIR202501370,FIR/1370/2025,PS0047,Belagavi,2025-04-29 07:51,2025-04-29 11:51,POCSO,Harassment,"POCSO Act Sec 4, BNS 64",15.979615,74.521568,P002880,P004232,P008998,PI Harish Naik,Under Investigation
FIR202501371,FIR/1371/2025,PS0033,Ballari,2025-04-29 10:13,2025-04-29 12:13,Theft,Pocket Pick,BNS 303(2),15.033597,76.836596,P005064,P007042,P007630,PI Lakshmi Devi,Under Investigation
FIR202501354,FIR/1354/2025,PS0218,Chamarajanagar,2025-04-27 11:41,2025-04-29 12:41,Dacoity,Armed Dacoity,BNS 310(2),11.882027,77.050858,P007964,P008464,P001151,PI Chetan Kumar,Chargesheeted
FIR202501322,FIR/1322/2025,PS0083,Bengaluru Rural,2025-04-25 01:47,2025-04-29 12:47,NDPS,Drug Trafficking,NDPS Act Sec 20(b),13.269691,77.552691,P003573,P005947,P004960,PI Chetan Kumar,Under Investigation
FIR202501356,FIR/1356/2025,PS0175,Bidar,2025-04-28 02:01,2025-04-29 14:01,Theft,Pocket Pick,BNS 303(2),18.026194,77.440143,P002175,P005042,P009170,SI Mahesh Bhat,Chargesheeted
FIR202501367,FIR/1367/2025,PS0214,Chamarajanagar,2025-04-29 04:10,2025-04-29 15:10,Vehicle Theft,Car Theft,BNS 303(2),11.929515,76.839734,P007431,P006965,P000348,PI Lakshmi Devi,Chargesheeted
FIR202501315,FIR/1315/2025,PS0015,Bagalkote,2025-04-24 12:40,2025-04-29 19:40,Fraud,Cheating,BNS 318(4),16.064459,75.675579,P004574,P000458,P006727,SI Ganesh Rao,Untraced
FIR202501375,FIR/1375/2025,PS0107,Bengaluru Rural,2025-04-29 16:51,2025-04-29 19:51,Cyber Crime,Phishing,"IT Act 66D, BNS 318(4)",13.121597,77.42646,P006368,P009135,P008782,PI Naveen Patil,Chargesheeted
FIR202501359,FIR/1359/2025,PS0085,Bengaluru Rural,2025-04-28 11:18,2025-04-29 21:18,Dacoity,Armed Dacoity,BNS 310(2),13.107286,77.429384,P009802,P008896,P006681,SI Ganesh Rao,Under Investigation
FIR202501378,FIR/1378/2025,PS0051,Belagavi,2025-04-29 19:56,2025-04-29 21:56,NDPS,Possession of Narcotics,NDPS Act Sec 20(b),16.020152,74.522758,P002547,P006860,P000714,PI Harish Naik,Under Investigation
FIR202501364,FIR/1364/2025,PS0150,Bengaluru Urban,2025-04-28 23:02,2025-04-30 00:02,Fraud,Cheating,BNS 318(4),13.067164,77.727919,P005041,P000549,"P003840, P006508",SI Ravi Kumar,Chargesheeted
FIR202501373,FIR/1373/2025,PS0150,Bengaluru Urban,2025-04-29 13:59,2025-04-30 01:59,Theft,Pocket Pick,BNS 303(2),13.074759,77.707629,P002410,P004141,P003668,SI Ganesh Rao,Chargesheeted
FIR202501361,FIR/1361/2025,PS0239,Chikkaballapura,2025-04-28 21:03,2025-04-30 02:03,Murder,Gang Conflict,BNS 103(1),13.439209,77.675386,P007700,P007734,P005889,PI Lakshmi Devi,Chargesheeted
FIR202501365,FIR/1365/2025,PS0144,Bengaluru Urban,2025-04-28 23:12,2025-04-30 02:12,Fraud,Cheating,BNS 318(4),12.817916,77.564949,P008506,P009082,P001202,SI Prakash Sharma,Chargesheeted
FIR202501376,FIR/1376/2025,PS0093,Bengaluru Rural,2025-04-29 18:05,2025-04-30 04:05,Murder,Personal Enmity,BNS 103(1),13.203752,77.550379,P001320,P003966,P009324,PI Harish Naik,Closed
FIR202501366,FIR/1366/2025,PS0119,Bengaluru Urban,2025-04-29 01:39,2025-04-30 06:39,Cyber Crime,Identity Theft,"IT Act 66D, BNS 318(4)",12.825515,77.771407,P007248,P003812,P009819,SI Ganesh Rao,Chargesheeted
FIR202501380,FIR/1380/2025,PS0005,Bagalkote,2025-04-29 22:56,2025-04-30 09:56,Fraud,Corporate Fraud,BNS 318(4),16.135522,75.585741,P009432,P008262,P005601,PI Lakshmi Devi,Under Investigation
FIR202501385,FIR/1385/2025,PS0037,Ballari,2025-04-30 08:03,2025-04-30 14:03,Assault,Grievous Hurt,"BNS 115(2), BNS 117(2)",15.074357,77.048555,P000036,P008899,P007782,PI Naveen Patil,Under Investigation
FIR202501390,FIR/1390/2025,PS0145,Bengaluru Urban,2025-04-30 12:31,2025-04-30 14:31,Fraud,Cheating,BNS 318(4),12.806886,77.592601,P008909,P007365,P007966,PI Harish Naik,Under Investigation
FIR202501374,FIR/1374/2025,PS0126,Bengaluru Urban,2025-04-29 14:29,2025-04-30 19:29,Murder,Dowry Homicide,BNS 103(1),12.866624,77.569219,P006277,P003830,P003939,PI Harish Naik,Under Investigation
FIR202501389,FIR/1389/2025,PS0221,Chamarajanagar,2025-04-30 12:25,2025-04-30 20:25,Theft,Snatching,BNS 303(2),12.036506,77.099602,P008684,P001036,P003955,SI Ravi Kumar,Chargesheeted
FIR202501358,FIR/1358/2025,PS0159,Bidar,2025-04-28 10:06,2025-04-30 21:06,Theft,House Theft,BNS 303(2),18.072832,77.506437,P002274,P005213,P005670,PI Suresh Kulkarni,Under Investigation
FIR202501391,FIR/1391/2025,PS0119,Bengaluru Urban,2025-04-30 14:39,2025-04-30 22:39,Dacoity,Armed Dacoity,BNS 310(2),12.808994,77.785328,P007221,P006435,P000613,PI Suresh Kulkarni,Untraced
FIR202501392,FIR/1392/2025,PS0096,Bengaluru Rural,2025-04-30 15:08,2025-04-30 23:08,Dacoity,Bank Dacoity,BNS 310(2),13.155897,77.452387,P009953,P002484,"P006134, P008702",PI Harish Naik,Untraced
FIR202501337,FIR/1337/2025,PS0080,Bengaluru Rural,2025-04-26 13:56,2025-04-30 23:56,Murder,Dowry Homicide,BNS 103(1),13.386373,77.596107,P003841,P005743,P000522,SI Prakash Sharma,Chargesheeted
FIR202501372,FIR/1372/2025,PS0144,Bengaluru Urban,2025-04-29 13:04,2025-05-01 00:04,Fraud,Cheating,BNS 318(4),12.812868,77.559119,P008243,P001954,P004705,PI Harish Naik,Closed
FIR202501384,FIR/1384/2025,PS0018,Bagalkote,2025-04-30 06:54,2025-05-01 08:54,Dacoity,Armed Dacoity,BNS 310(2),16.214924,75.812527,P004205,P005924,P002322,PI Naveen Patil,Untraced
FIR202501383,FIR/1383/2025,PS0240,Chikkaballapura,2025-04-30 05:54,2025-05-01 09:54,Robbery,Highway Robbery,BNS 309(4),13.380715,77.814486,P007049,P000216,P000131,SI Prakash Sharma,Under Investigation
FIR202501386,FIR/1386/2025,PS0079,Bengaluru Rural,2025-04-30 09:48,2025-05-01 13:48,POCSO,Harassment,"POCSO Act Sec 4, BNS 64",13.118404,77.465263,P009253,P005694,P009669,PI Ramesh Gowda,Chargesheeted
FIR202501397,FIR/1397/2025,PS0012,Bagalkote,2025-05-01 09:07,2025-05-01 15:07,Robbery,Highway Robbery,BNS 309(4),16.270336,75.804992,P003591,P001194,P007296,SI Mahesh Bhat,Chargesheeted
FIR202501388,FIR/1388/2025,PS0196,Chamarajanagar,2025-04-30 11:59,2025-05-01 20:59,Dacoity,Armed Dacoity,BNS 310(2),12.005712,76.957762,P000099,P008957,P009176,PI Harish Naik,Chargesheeted
FIR202501403,FIR/1403/2025,PS0117,Bengaluru Urban,2025-05-01 20:58,2025-05-02 01:58,Vehicle Theft,Car Theft,BNS 303(2),13.132087,77.799963,P001259,P005528,P002374,SI Mahesh Bhat,Chargesheeted
FIR202501394,FIR/1394/2025,PS0101,Bengaluru Rural,2025-04-30 20:07,2025-05-02 02:07,Theft,Snatching,BNS 303(2),13.274974,77.71687,P001746,P001421,P006496,SI Mahesh Bhat,Chargesheeted
FIR202501381,FIR/1381/2025,PS0038,Ballari,2025-04-30 01:17,2025-05-02 03:17,Murder,Dowry Homicide,BNS 103(1),15.059043,77.085966,P009098,P009927,P009707,SI Divya Hegde,Closed
FIR202501402,FIR/1402/2025,PS0201,Chamarajanagar,2025-05-01 20:06,2025-05-02 04:06,Assault,Grievous Hurt,"BNS 115(2), BNS 117(2)",11.994947,76.821987,P006946,P006978,P001968,SI Ganesh Rao,Chargesheeted
FIR202501406,FIR/1406/2025,PS0074,Bengaluru Rural,2025-05-02 07:39,2025-05-02 08:39,Theft,Snatching,BNS 303(2),13.159618,77.564802,P004439,P003563,P008409,PI Harish Naik,Under Investigation
FIR202501407,FIR/1407/2025,PS0062,Belagavi,2025-05-02 12:08,2025-05-02 16:08,Dacoity,Armed Dacoity,BNS 310(2),15.760239,74.50065,P003328,P006616,P005904,SI Mahesh Bhat,Untraced
FIR202501398,FIR/1398/2025,PS0136,Bengaluru Urban,2025-05-01 11:26,2025-05-02 16:26,Fraud,Land Scam,BNS 318(4),12.839923,77.606696,P009357,P008468,P001031,SI Ravi Kumar,Under Investigation
FIR202501387,FIR/1387/2025,PS0138,Bengaluru Urban,2025-04-30 10:49,2025-05-02 17:49,Assault,Simple Assault,"BNS 115(2), BNS 117(2)",13.152064,77.443496,P006491,P002126,P004528,PI Suresh Kulkarni,Chargesheeted
FIR202501399,FIR/1399/2025,PS0134,Bengaluru Urban,2025-05-01 13:14,2025-05-02 19:14,Vehicle Theft,Car Theft,BNS 303(2),12.793864,77.637128,P004347,P000322,P008141,PI Chetan Kumar,Closed
FIR202501410,FIR/1410/2025,PS0024,Bagalkote,2025-05-02 20:13,2025-05-02 23:13,Theft,Snatching,BNS 303(2),16.389506,75.530065,P000897,P002275,P006822,PI Harish Naik,Chargesheeted
FIR202501377,FIR/1377/2025,PS0224,Chamarajanagar,2025-04-29 18:56,2025-05-02 23:56,Vehicle Theft,Car Theft,BNS 303(2),11.850733,76.800899,P009228,P003916,P007167,PI Suresh Kulkarni,Chargesheeted
FIR202501400,FIR/1400/2025,PS0016,Bagalkote,2025-05-01 16:27,2025-05-03 00:27,Vehicle Theft,Car Theft,BNS 303(2),15.988527,75.649946,P007174,P008303,P009993,PI Lakshmi Devi,Under Investigation
FIR202501411,FIR/1411/2025,PS0057,Belagavi,2025-05-02 20:40,2025-05-03 00:40,Burglary,Night House Breaking,"BNS 331(3), BNS 331(4)",15.686092,74.395084,P005147,P006185,P002481,SI Prakash Sharma,Closed
FIR202501412,FIR/1412/2025,PS0081,Bengaluru Rural,2025-05-02 21:00,2025-05-03 03:00,Dacoity,Armed Dacoity,BNS 310(2),13.185829,77.615555,P001308,P000832,P008534,SI Mahesh Bhat,Chargesheeted
FIR202501404,FIR/1404/2025,PS0138,Bengaluru Urban,2025-05-01 23:49,2025-05-03 03:49,Cyber Crime,Identity Theft,"IT Act 66D, BNS 318(4)",13.165225,77.432347,P007179,P004348,P001514,PI Suresh Kulkarni,Chargesheeted
FIR202501405,FIR/1405/2025,PS0041,Ballari,2025-05-02 03:23,2025-05-03 05:23,Assault,Grievous Hurt,"BNS 115(2), BNS 117(2)",15.24827,76.900463,P001642,P009316,P001719,PI Chetan Kumar,Chargesheeted
FIR202501396,FIR/1396/2025,PS0049,Belagavi,2025-05-01 04:33,2025-05-03 07:33,Theft,House Theft,BNS 303(2),15.933714,74.54565,P008751,P003575,P002155,PI Chetan Kumar,Untraced
FIR202501379,FIR/1379/2025,PS0090,Bengaluru Rural,2025-04-29 20:47,2025-05-03 07:47,NDPS,Drug Trafficking,NDPS Act Sec 20(b),13.429422,77.458562,P002564,P006308,P003528,PI Harish Naik,Under Investigation
FIR202501362,FIR/1362/2025,PS0073,Bengaluru Rural,2025-04-28 22:07,2025-05-03 08:07,Theft,Snatching,BNS 303(2),13.344811,77.617351,P008150,P001944,P005622,PI Suresh Kulkarni,Under Investigation
FIR202501382,FIR/1382/2025,PS0086,Bengaluru Rural,2025-04-30 01:28,2025-05-03 09:28,Burglary,Day Burglary,"BNS 331(3), BNS 331(4)",13.333392,77.466997,P004594,P002821,P004209,PI Harish Naik,Chargesheeted
FIR202501416,FIR/1416/2025,PS0014,Bagalkote,2025-05-03 03:31,2025-05-03 13:31,Robbery,Chain Snatching with Force,BNS 309(4),16.315579,75.823403,P008490,P003674,P005622,PI Naveen Patil,Chargesheeted
FIR202501421,FIR/1421/2025,PS0069,Belagavi,2025-05-03 12:44,2025-05-03 13:44,Assault,Public Affray,"BNS 115(2), BNS 117(2)",15.841774,74.335542,P000340,P001675,P005653,PI Ramesh Gowda,Under Investigation
FIR202501420,FIR/1420/2025,PS0080,Bengaluru Rural,2025-05-03 10:24,2025-05-03 14:24,Theft,House Theft,BNS 303(2),13.379032,77.585976,P002434,P005438,P005020,PI Naveen Patil,Chargesheeted
FIR202501395,FIR/1395/2025,PS0062,Belagavi,2025-05-01 03:43,2025-05-03 14:43,Burglary,Day Burglary,"BNS 331(3), BNS 331(4)",15.760708,74.476545,P001504,P001793,P002799,SI Ganesh Rao,Under Investigation
FIR202501417,FIR/1417/2025,PS0002,Bagalkote,2025-05-03 08:33,2025-05-03 17:33,Theft,Pocket Pick,BNS 303(2),16.126015,75.491861,P004127,P007704,P004904,PI Harish Naik,Under Investigation
FIR202501422,FIR/1422/2025,PS0076,Bengaluru Rural,2025-05-03 15:37,2025-05-03 22:37,Robbery,Chain Snatching with Force,BNS 309(4),13.299626,77.772324,P001173,P007266,P002865,SI Prakash Sharma,Chargesheeted
FIR202501401,FIR/1401/2025,PS0077,Bengaluru Rural,2025-05-01 17:05,2025-05-04 01:05,Burglary,Day Burglary,"BNS 331(3), BNS 331(4)",13.340462,77.596995,P000015,P002723,P002146,SI Mahesh Bhat,Chargesheeted
FIR202501426,FIR/1426/2025,PS0164,Bidar,2025-05-03 20:18,2025-05-04 02:18,Assault,Public Affray,"BNS 115(2), BNS 117(2)",17.957339,77.448874,P008942,P000111,P003516,SI Ganesh Rao,Chargesheeted
FIR202501415,FIR/1415/2025,PS0030,Ballari,2025-05-03 02:43,2025-05-04 03:43,Murder,Dowry Homicide,BNS 103(1),15.20637,76.835929,P006648,P004790,P004170,PI Ramesh Gowda,Chargesheeted
FIR202501424,FIR/1424/2025,PS0224,Chamarajanagar,2025-05-03 15:56,2025-05-04 03:56,Cyber Crime,Phishing,"IT Act 66D, BNS 318(4)",11.878851,76.819828,P008115,P007484,P003687,PI Lakshmi Devi,Chargesheeted
FIR202501413,FIR/1413/2025,PS0072,Bengaluru Rural,2025-05-03 00:35,2025-05-04 08:35,Fraud,Corporate Fraud,BNS 318(4),13.319788,77.62834,P000122,P005045,P004419,SI Mahesh Bhat,Under Investigation
FIR202501414,FIR/1414/2025,PS0067,Belagavi,2025-05-03 01:55,2025-05-04 10:55,Robbery,Highway Robbery,BNS 309(4),15.875455,74.697335,P005922,P006225,P004728,SI Ganesh Rao,Chargesheeted
FIR202501418,FIR/1418/2025,PS0130,Bengaluru Urban,2025-05-03 10:05,2025-05-04 17:05,Cyber Crime,Identity Theft,"IT Act 66D, BNS 318(4)",13.128699,77.480972,P008107,P006247,P008446,PI Chetan Kumar,Chargesheeted
FIR202501432,FIR/1432/2025,PS0040,Ballari,2025-05-04 12:16,2025-05-04 19:16,Murder,Personal Enmity,BNS 103(1),15.315022,76.828954,P008267,P000481,P007709,SI Ganesh Rao,Under Investigation
FIR202501434,FIR/1434/2025,PS0137,Bengaluru Urban,2025-05-04 15:09,2025-05-04 20:09,Vehicle Theft,Car Theft,BNS 303(2),12.886229,77.712522,P005138,P002801,P007982,SI Divya Hegde,Untraced
FIR202501430,FIR/1430/2025,PS0029,Ballari,2025-05-04 08:11,2025-05-04 20:11,Murder,Gang Conflict,BNS 103(1),14.957871,76.887159,P008948,P002145,P005927,PI Suresh Kulkarni,Untraced
FIR202501423,FIR/1423/2025,PS0033,Ballari,2025-05-03 15:53,2025-05-04 22:53,Assault,Public Affray,"BNS 115(2), BNS 117(2)",15.003696,76.804254,P008485,P002262,P009155,PI Chetan Kumar,Chargesheeted
FIR202501393,FIR/1393/2025,PS0063,Belagavi,2025-04-30 15:12,2025-05-05 02:12,Vehicle Theft,Two-Wheeler Theft,BNS 303(2),16.004678,74.677464,P009462,P006600,P005069,SI Prakash Sharma,Under Investigation
FIR202501442,FIR/1442/2025,PS0051,Belagavi,2025-05-04 22:16,2025-05-05 05:16,Theft,House Theft,BNS 303(2),15.99161,74.523801,P009251,P002741,P009906,PI Ramesh Gowda,Chargesheeted
FIR202501428,FIR/1428/2025,PS0024,Bagalkote,2025-05-04 01:15,2025-05-05 06:15,NDPS,Possession of Narcotics,NDPS Act Sec 20(b),16.378643,75.538283,P007183,P008986,P009516,PI Harish Naik,Chargesheeted
FIR202501425,FIR/1425/2025,PS0225,Chamarajanagar,2025-05-03 20:17,2025-05-05 06:17,Robbery,Chain Snatching with Force,BNS 309(4),12.033244,76.761874,P003833,P000802,"P005382, P000767",PI Chetan Kumar,Under Investigation
FIR202501444,FIR/1444/2025,PS0185,Bidar,2025-05-05 03:32,2025-05-05 10:32,Dacoity,Bank Dacoity,BNS 310(2),17.88427,77.496943,P000665,P001545,P007050,PI Chetan Kumar,Under Investigation
FIR202501419,FIR/1419/2025,PS0031,Ballari,2025-05-03 10:13,2025-05-05 14:13,Assault,Public Affray,"BNS 115(2), BNS 117(2)",14.9984,77.117044,P007723,P007522,P006592,PI Ramesh Gowda,Chargesheeted
FIR202501408,FIR/1408/2025,PS0210,Chamarajanagar,2025-05-02 13:52,2025-05-05 15:52,NDPS,Possession of Narcotics,NDPS Act Sec 20(b),11.997861,76.817028,P001781,P008494,P008261,PI Ramesh Gowda,Chargesheeted
FIR202501447,FIR/1447/2025,PS0155,Bidar,2025-05-05 11:40,2025-05-05 16:40,Burglary,Night House Breaking,"BNS 331(3), BNS 331(4)",17.971446,77.321131,P006203,P008526,P002842,SI Ganesh Rao,Closed
FIR202501431,FIR/1431/2025,PS0209,Chamarajanagar,2025-05-04 08:19,2025-05-05 20:19,NDPS,Drug Trafficking,NDPS Act Sec 20(b),12.043692,76.99392,P001310,P005807,P007271,SI Ganesh Rao,Untraced
FIR202501451,FIR/1451/2025,PS0206,Chamarajanagar,2025-05-05 17:59,2025-05-05 22:59,Murder,Dowry Homicide,BNS 103(1),11.848796,77.093872,P004816,P004774,P007216,PI Ramesh Gowda,Closed
FIR202501433,FIR/1433/2025,PS0047,Belagavi,2025-05-04 15:06,2025-05-05 23:06,NDPS,Possession of Narcotics,NDPS Act Sec 20(b),15.967129,74.523871,P004197,P004049,P002663,PI Harish Naik,Under Investigation
FIR202501450,FIR/1450/2025,PS0024,Bagalkote,2025-05-05 16:25,2025-05-06 00:25,Cyber Crime,Financial Fraud,"IT Act 66D, BNS 318(4)",16.387504,75.513149,P008879,P006392,P005016,SI Prakash Sharma,Chargesheeted
FIR202501436,FIR/1436/2025,PS0242,Chikkaballapura,2025-05-04 17:06,2025-05-06 01:06,Assault,Simple Assault,"BNS 115(2), BNS 117(2)",13.305765,77.877646,P002318,P008641,P009548,SI Mahesh Bhat,Under Investigation
FIR202501435,FIR/1435/2025,PS0119,Bengaluru Urban,2025-05-04 16:40,2025-05-06 02:40,Murder,Gang Conflict,BNS 103(1),12.805105,77.79712,P002092,P009306,P003981,SI Divya Hegde,Chargesheeted
FIR202501441,FIR/1441/2025,PS0196,Chamarajanagar,2025-05-04 22:01,2025-05-06 04:01,Dacoity,Armed Dacoity,BNS 310(2),12.006092,76.948399,P005116,P008825,P005608,SI Ganesh Rao,Chargesheeted
FIR202501439,FIR/1439/2025,PS0213,Chamarajanagar,2025-05-04 19:38,2025-05-06 04:38,Dacoity,Armed Dacoity,BNS 310(2),12.034951,76.917175,P008947,P000746,P006877,PI Harish Naik,Under Investigation
FIR202501453,FIR/1453/2025,PS0055,Belagavi,2025-05-06 00:28,2025-05-06 05:28,Theft,Snatching,BNS 303(2),15.846729,74.343457,P003079,P007150,P004020,SI Mahesh Bhat,Under Investigation
FIR202501440,FIR/1440/2025,PS0047,Belagavi,2025-05-04 21:17,2025-05-06 08:17,NDPS,Drug Trafficking,NDPS Act Sec 20(b),15.961423,74.53876,P007774,P000873,P006602,PI Harish Naik,Under Investigation
FIR202501455,FIR/1455/2025,PS0050,Belagavi,2025-05-06 05:26,2025-05-06 09:26,Theft,Pocket Pick,BNS 303(2),15.71218,74.329648,P008266,P002328,P009486,SI Ravi Kumar,Chargesheeted
FIR202501446,FIR/1446/2025,PS0189,Bidar,2025-05-05 10:20,2025-05-06 12:20,Assault,Simple Assault,"BNS 115(2), BNS 117(2)",17.908214,77.36588,P006161,P007858,"P006889, P009989",SI Ganesh Rao,Under Investigation
FIR202501429,FIR/1429/2025,PS0079,Bengaluru Rural,2025-05-04 06:58,2025-05-06 17:58,Assault,Simple Assault,"BNS 115(2), BNS 117(2)",13.094155,77.471047,P003555,P002982,P008254,SI Divya Hegde,Chargesheeted
FIR202501437,FIR/1437/2025,PS0134,Bengaluru Urban,2025-05-04 17:56,2025-05-06 18:56,Fraud,Cheating,BNS 318(4),12.792599,77.642366,P001347,P007480,P001886,PI Suresh Kulkarni,Closed
FIR202501448,FIR/1448/2025,PS0239,Chikkaballapura,2025-05-05 13:54,2025-05-06 23:54,Theft,Pocket Pick,BNS 303(2),13.44965,77.680897,P000489,P009432,P003966,SI Ravi Kumar,Chargesheeted
FIR202501458,FIR/1458/2025,PS0029,Ballari,2025-05-06 11:56,2025-05-06 23:56,Dacoity,Armed Dacoity,BNS 310(2),14.960988,76.906077,P000623,P003165,P009997,SI Mahesh Bhat,Chargesheeted
FIR202501462,FIR/1462/2025,PS0225,Chamarajanagar,2025-05-07 04:37,2025-05-07 05:37,NDPS,Possession of Narcotics,NDPS Act Sec 20(b),12.027019,76.763363,P004866,P003964,"P000773, P008371",PI Chetan Kumar,Under Investigation
FIR202501443,FIR/1443/2025,PS0021,Bagalkote,2025-05-04 23:39,2025-05-07 05:39,Dacoity,Bank Dacoity,BNS 310(2),15.986728,75.528703,P001654,P006513,P009046,PI Naveen Patil,Closed
FIR202501438,FIR/1438/2025,PS0026,Ballari,2025-05-04 19:19,2025-05-07 06:19,Theft,Pocket Pick,BNS 303(2),15.233761,76.984793,P006429,P006669,P004357,PI Ramesh Gowda,Chargesheeted
FIR202501460,FIR/1460/2025,PS0033,Ballari,2025-05-06 23:49,2025-05-07 07:49,Burglary,Day Burglary,"BNS 331(3), BNS 331(4)",15.024009,76.804579,P003309,P003530,P006353,SI Prakash Sharma,Chargesheeted
FIR202501427,FIR/1427/2025,PS0108,Bengaluru Rural,2025-05-04 00:10,2025-05-07 11:10,Theft,Snatching,BNS 303(2),13.185509,77.449384,P001053,P001036,P009279,PI Ramesh Gowda,Under Investigation
FIR202501465,FIR/1465/2025,PS0157,Bidar,2025-05-07 06:07,2025-05-07 12:07,Burglary,Night House Breaking,"BNS 331(3), BNS 331(4)",17.82725,77.570288,P004102,P007455,P008683,SI Divya Hegde,Untraced
FIR202501467,FIR/1467/2025,PS0055,Belagavi,2025-05-07 09:41,2025-05-07 14:41,Burglary,Night House Breaking,"BNS 331(3), BNS 331(4)",15.845448,74.349874,P005010,P008625,P000586,SI Divya Hegde,Chargesheeted
FIR202501457,FIR/1457/2025,PS0220,Chamarajanagar,2025-05-06 10:14,2025-05-07 18:14,Murder,Dowry Homicide,BNS 103(1),11.779266,76.804537,P006213,P009284,P009005,PI Chetan Kumar,Under Investigation
FIR202501409,FIR/1409/2025,PS0069,Belagavi,2025-05-02 17:28,2025-05-08 02:28,Burglary,Night House Breaking,"BNS 331(3), BNS 331(4)",15.819535,74.350866,P000384,P008179,P008268,PI Suresh Kulkarni,Under Investigation
FIR202501476,FIR/1476/2025,PS0197,Chamarajanagar,2025-05-08 01:42,2025-05-08 05:42,POCSO,Sexual Assault on Minor,"POCSO Act Sec 4, BNS 64",11.869443,77.050072,P003760,P009875,P006870,PI Lakshmi Devi,Under Investigation
FIR202501473,FIR/1473/2025,PS0083,Bengaluru Rural,2025-05-07 19:48,2025-05-08 05:48,Murder,Gang Conflict,BNS 103(1),13.266605,77.557991,P002767,P003142,P007904,SI Divya Hegde,Closed
FIR202501456,FIR/1456/2025,PS0001,Bagalkote,2025-05-06 07:31,2025-05-08 10:31,Fraud,Cheating,BNS 318(4),16.187881,75.590906,P003868,P000199,P006961,PI Lakshmi Devi,Chargesheeted
FIR202501445,FIR/1445/2025,PS0054,Belagavi,2025-05-05 07:19,2025-05-08 12:19,Dacoity,Armed Dacoity,BNS 310(2),15.922304,74.678843,P002734,P000447,P003751,PI Suresh Kulkarni,Chargesheeted
FIR202501477,FIR/1477/2025,PS0051,Belagavi,2025-05-08 02:54,2025-05-08 12:54,Assault,Public Affray,"BNS 115(2), BNS 117(2)",15.995185,74.530441,P001400,P002017,P007882,PI Harish Naik,Chargesheeted
FIR202501479,FIR/1479/2025,PS0052,Belagavi,2025-05-08 05:45,2025-05-08 13:45,Theft,Pocket Pick,BNS 303(2),15.925008,74.289142,P006880,P009165,P004634,SI Divya Hegde,Under Investigation
FIR202501454,FIR/1454/2025,PS0003,Bagalkote,2025-05-06 02:26,2025-05-08 14:26,NDPS,Possession of Narcotics,NDPS Act Sec 20(b),16.331729,75.867979,P005350,P007547,P006182,PI Naveen Patil,Under Investigation
FIR202501466,FIR/1466/2025,PS0193,Chamarajanagar,2025-05-07 08:47,2025-05-08 14:47,NDPS,Drug Trafficking,NDPS Act Sec 20(b),11.992845,76.85761,P007318,P009065,P002368,SI Divya Hegde,Untraced
FIR202501478,FIR/1478/2025,PS0046,Belagavi,2025-05-08 04:52,2025-05-08 14:52,Vehicle Theft,Two-Wheeler Theft,BNS 303(2),15.779104,74.524792,P004998,P007698,P007086,SI Mahesh Bhat,Chargesheeted
FIR202501464,FIR/1464/2025,PS0029,Ballari,2025-05-07 05:11,2025-05-08 15:11,Cyber Crime,Phishing,"IT Act 66D, BNS 318(4)",14.981158,76.891138,P001790,P000296,P006384,SI Ravi Kumar,Under Investigation
FIR202501484,FIR/1484/2025,PS0242,Chikkaballapura,2025-05-08 16:01,2025-05-08 17:01,Dacoity,Bank Dacoity,BNS 310(2),13.275702,77.863332,P008214,P001239,P006505,SI Ganesh Rao,Chargesheeted
FIR202501452,FIR/1452/2025,PS0043,Ballari,2025-05-05 18:09,2025-05-08 19:09,Fraud,Cheating,BNS 318(4),14.97778,76.97365,P009533,P002647,P008688,SI Divya Hegde,Under Investigation
FIR202501470,FIR/1470/2025,PS0040,Ballari,2025-05-07 12:34,2025-05-08 19:34,Dacoity,Armed Dacoity,BNS 310(2),15.320047,76.809889,P002285,P000747,P009509,PI Ramesh Gowda,Chargesheeted
FIR202501482,FIR/1482/2025,PS0035,Ballari,2025-05-08 14:04,2025-05-08 21:04,Burglary,Day Burglary,"BNS 331(3), BNS 331(4)",15.226072,76.852002,P003300,P006241,P001380,SI Prakash Sharma,Closed
FIR202501489,FIR/1489/2025,PS0063,Belagavi,2025-05-08 20:13,2025-05-08 22:13,Vehicle Theft,Car Theft,BNS 303(2),16.025417,74.67396,P001209,P006214,P000362,PI Ramesh Gowda,Under Investigation
FIR202501493,FIR/1493/2025,PS0158,Bidar,2025-05-08 21:57,2025-05-08 22:57,Theft,Pocket Pick,BNS 303(2),17.916973,77.493983,P003304,P002100,P005628,SI Ravi Kumar,Under Investigation
FIR202501488,FIR/1488/2025,PS0244,Chikkaballapura,2025-05-08 19:47,2025-05-08 23:47,Vehicle Theft,Car Theft,BNS 303(2),13.301574,77.885822,P003424,P008178,P008627,PI Naveen Patil,Chargesheeted
FIR202501492,FIR/1492/2025,PS0201,Chamarajanagar,2025-05-08 21:37,2025-05-09 01:37,Assault,Simple Assault,"BNS 115(2), BNS 117(2)",11.992645,76.846627,P002901,P006225,P003071,PI Harish Naik,Chargesheeted
FIR202501487,FIR/1487/2025,PS0240,Chikkaballapura,2025-05-08 19:35,2025-05-09 02:35,Cyber Crime,Phishing,"IT Act 66D, BNS 318(4)",13.412836,77.820082,P006030,P006404,P005421,PI Lakshmi Devi,Under Investigation
FIR202501485,FIR/1485/2025,PS0209,Chamarajanagar,2025-05-08 18:41,2025-05-09 04:41,Cyber Crime,Identity Theft,"IT Act 66D, BNS 318(4)",12.04781,77.009015,P001479,P002029,P007159,SI Prakash Sharma,Untraced
FIR202501490,FIR/1490/2025,PS0048,Belagavi,2025-05-08 20:38,2025-05-09 05:38,Assault,Simple Assault,"BNS 115(2), BNS 117(2)",15.742098,74.499688,P003457,P000549,P000602,PI Ramesh Gowda,Chargesheeted
FIR202501496,FIR/1496/2025,PS0042,Ballari,2025-05-09 02:20,2025-05-09 08:20,Theft,Pocket Pick,BNS 303(2),15.037495,77.012697,P004631,P005798,P008648,PI Lakshmi Devi,Chargesheeted
FIR202501501,FIR/1501/2025,PS0048,Belagavi,2025-05-09 09:59,2025-05-09 10:59,Robbery,Highway Robbery,BNS 309(4),15.727972,74.483069,P009039,P000189,P004782,PI Ramesh Gowda,Under Investigation
FIR202501480,FIR/1480/2025,PS0185,Bidar,2025-05-08 08:36,2025-05-09 12:36,Assault,Grievous Hurt,"BNS 115(2), BNS 117(2)",17.897956,77.51547,P005158,P000146,P006088,SI Mahesh Bhat,Untraced
FIR202501505,FIR/1505/2025,PS0057,Belagavi,2025-05-09 11:38,2025-05-09 13:38,Theft,Snatching,BNS 303(2),15.69092,74.407321,P009853,P007870,P006338,SI Divya Hegde,Under Investigation
FIR202501463,FIR/1463/2025,PS0215,Chamarajanagar,2025-05-07 04:53,2025-05-09 13:53,NDPS,Drug Trafficking,NDPS Act Sec 20(b),11.850104,76.957231,P003943,P006461,P008476,SI Mahesh Bhat,Chargesheeted
FIR202501507,FIR/1507/2025,PS0038,Ballari,2025-05-09 12:11,2025-05-09 18:11,Assault,Grievous Hurt,"BNS 115(2), BNS 117(2)",15.052694,77.085652,P002522,P004775,P005610,SI Prakash Sharma,Under Investigation
FIR202501469,FIR/1469/2025,PS0168,Bidar,2025-05-07 10:07,2025-05-09 20:07,Assault,Grievous Hurt,"BNS 115(2), BNS 117(2)",17.725288,77.674091,P005283,P008446,P001240,PI Suresh Kulkarni,Under Investigation
FIR202501503,FIR/1503/2025,PS0159,Bidar,2025-05-09 11:10,2025-05-09 20:10,Dacoity,Bank Dacoity,BNS 310(2),18.043499,77.494167,P005230,P009228,P007220,PI Naveen Patil,Chargesheeted
FIR202501449,FIR/1449/2025,PS0043,Ballari,2025-05-05 14:50,2025-05-09 20:50,Dacoity,Bank Dacoity,BNS 310(2),14.955788,76.988721,P002336,P005838,P004785,SI Mahesh Bhat,Chargesheeted
FIR202501509,FIR/1509/2025,PS0216,Chamarajanagar,2025-05-09 15:07,2025-05-09 22:07,Burglary,Day Burglary,"BNS 331(3), BNS 331(4)",11.740926,76.957973,P004551,P002228,P003171,SI Divya Hegde,Chargesheeted
FIR202501516,FIR/1516/2025,PS0040,Ballari,2025-05-09 19:11,2025-05-09 23:11,Murder,Dowry Homicide,BNS 103(1),15.322412,76.842339,P007991,P007359,P005904,PI Lakshmi Devi,Untraced
FIR202501511,FIR/1511/2025,PS0011,Bagalkote,2025-05-09 16:20,2025-05-09 23:20,Murder,Personal Enmity,BNS 103(1),16.1648,75.679509,P003764,P005160,P003042,PI Lakshmi Devi,Closed
FIR202501459,FIR/1459/2025,PS0157,Bidar,2025-05-06 21:31,2025-05-09 23:31,POCSO,Harassment,"POCSO Act Sec 4, BNS 64",17.814136,77.558251,P000594,P000273,P009619,SI Ravi Kumar,Chargesheeted
FIR202501512,FIR/1512/2025,PS0032,Ballari,2025-05-09 16:49,2025-05-09 23:49,Burglary,Day Burglary,"BNS 331(3), BNS 331(4)",15.144856,76.909527,P003423,P007677,P001919,PI Suresh Kulkarni,Chargesheeted
FIR202501483,FIR/1483/2025,PS0035,Ballari,2025-05-08 15:04,2025-05-10 00:04,Assault,Grievous Hurt,"BNS 115(2), BNS 117(2)",15.234247,76.836354,P003423,P007575,"P001714, P008289",SI Prakash Sharma,Under Investigation
FIR202501491,FIR/1491/2025,PS0114,Bengaluru Urban,2025-05-08 21:15,2025-05-10 00:15,Murder,Dowry Homicide,BNS 103(1),12.992186,77.744594,P008648,P003708,P003365,PI Naveen Patil,Chargesheeted
FIR202501508,FIR/1508/2025,PS0058,Belagavi,2025-05-09 13:38,2025-05-10 00:38,Theft,Snatching,BNS 303(2),15.702991,74.391605,P009995,P001688,P000862,SI Mahesh Bhat,Under Investigation
FIR202501474,FIR/1474/2025,PS0040,Ballari,2025-05-08 00:01,2025-05-10 01:01,Fraud,Land Scam,BNS 318(4),15.319225,76.822817,P002612,P004614,P000998,SI Ganesh Rao,Under Investigation
FIR202501510,FIR/1510/2025,PS0166,Bidar,2025-05-09 15:39,2025-05-10 01:39,Assault,Grievous Hurt,"BNS 115(2), BNS 117(2)",17.784215,77.472511,P003829,P000668,P007228,SI Divya Hegde,Under Investigation
FIR202501515,FIR/1515/2025,PS0059,Belagavi,2025-05-09 18:22,2025-05-10 02:22,Burglary,Night House Breaking,"BNS 331(3), BNS 331(4)",15.793374,74.496137,P009513,P002537,P006829,PI Harish Naik,Under Investigation
FIR202501475,FIR/1475/2025,PS0138,Bengaluru Urban,2025-05-08 01:39,2025-05-10 02:39,Burglary,Night House Breaking,"BNS 331(3), BNS 331(4)",13.171832,77.451233,P004778,P004965,P002346,PI Lakshmi Devi,Chargesheeted
FIR202501514,FIR/1514/2025,PS0066,Belagavi,2025-05-09 17:48,2025-05-10 03:48,Theft,House Theft,BNS 303(2),15.95732,74.617838,P000728,P004027,"P008460, P009247",PI Ramesh Gowda,Chargesheeted
FIR202501518,FIR/1518/2025,PS0250,Chikkaballapura,2025-05-09 20:01,2025-05-10 05:01,Theft,Pocket Pick,BNS 303(2),13.558583,77.811206,P004087,P007712,P002437,SI Ganesh Rao,Chargesheeted
FIR202501517,FIR/1517/2025,PS0247,Chikkaballapura,2025-05-09 19:12,2025-05-10 06:12,Cyber Crime,Financial Fraud,"IT Act 66D, BNS 318(4)",13.489134,77.899439,P006017,P006217,P008770,SI Ravi Kumar,Chargesheeted
FIR202501495,FIR/1495/2025,PS0144,Bengaluru Urban,2025-05-09 01:28,2025-05-10 06:28,Theft,Pocket Pick,BNS 303(2),12.822499,77.594219,P002135,P004049,P008528,PI Chetan Kumar,Chargesheeted
FIR202501497,FIR/1497/2025,PS0022,Bagalkote,2025-05-09 03:40,2025-05-10 06:40,NDPS,Possession of Narcotics,NDPS Act Sec 20(b),16.231376,75.633969,P009163,P006082,P004624,SI Divya Hegde,Closed
FIR202501494,FIR/1494/2025,PS0033,Ballari,2025-05-08 22:51,2025-05-10 07:51,Burglary,Night House Breaking,"BNS 331(3), BNS 331(4)",15.026813,76.840748,P004256,P005589,P000492,SI Mahesh Bhat,Chargesheeted
FIR202501461,FIR/1461/2025,PS0117,Bengaluru Urban,2025-05-07 03:44,2025-05-10 08:44,Fraud,Land Scam,BNS 318(4),13.106324,77.788455,P002742,P002889,P008609,SI Ganesh Rao,Chargesheeted
FIR202501499,FIR/1499/2025,PS0050,Belagavi,2025-05-09 05:32,2025-05-10 09:32,Burglary,Day Burglary,"BNS 331(3), BNS 331(4)",15.716277,74.31198,P003319,P003783,P006102,SI Prakash Sharma,Chargesheeted
FIR202501523,FIR/1523/2025,PS0159,Bidar,2025-05-10 04:17,2025-05-10 10:17,Assault,Public Affray,"BNS 115(2), BNS 117(2)",18.037683,77.509782,P006374,P002456,P007598,PI Harish Naik,Chargesheeted
FIR202501524,FIR/1524/2025,PS0225,Chamarajanagar,2025-05-10 05:28,2025-05-10 11:28,Murder,Personal Enmity,BNS 103(1),12.02484,76.784781,P002212,P002629,P008263,SI Mahesh Bhat,Chargesheeted
FIR202501520,FIR/1520/2025,PS0055,Belagavi,2025-05-10 00:27,2025-05-10 12:27,Cyber Crime,Phishing,"IT Act 66D, BNS 318(4)",15.830371,74.375743,P008708,P000467,"P002664, P005018",PI Naveen Patil,Chargesheeted
FIR202501529,FIR/1529/2025,PS0250,Chikkaballapura,2025-05-10 11:51,2025-05-10 13:51,Fraud,Land Scam,BNS 318(4),13.542704,77.804009,P003671,P004305,P002135,PI Naveen Patil,Under Investigation
FIR202501530,FIR/1530/2025,PS0014,Bagalkote,2025-05-10 12:08,2025-05-10 14:08,Dacoity,Armed Dacoity,BNS 310(2),16.304408,75.820631,P005774,P006619,P004914,PI Lakshmi Devi,Chargesheeted
FIR202501533,FIR/1533/2025,PS0117,Bengaluru Urban,2025-05-10 14:56,2025-05-10 18:56,Assault,Public Affray,"BNS 115(2), BNS 117(2)",13.130036,77.782809,P003824,P003828,P006325,PI Harish Naik,Chargesheeted
FIR202501537,FIR/1537/2025,PS0164,Bidar,2025-05-10 17:14,2025-05-10 23:14,Robbery,Highway Robbery,BNS 309(4),17.955876,77.463358,P009227,P004289,P005016,PI Ramesh Gowda,Chargesheeted
FIR202501506,FIR/1506/2025,PS0063,Belagavi,2025-05-09 11:41,2025-05-10 23:41,NDPS,Drug Trafficking,NDPS Act Sec 20(b),16.024855,74.70204,P008104,P005149,P000001,SI Ganesh Rao,Chargesheeted
FIR202501539,FIR/1539/2025,PS0208,Chamarajanagar,2025-05-10 17:39,2025-05-11 00:39,Dacoity,Armed Dacoity,BNS 310(2),11.833711,77.130274,P007444,P009818,P002129,SI Ganesh Rao,Under Investigation
FIR202501471,FIR/1471/2025,PS0081,Bengaluru Rural,2025-05-07 12:42,2025-05-11 00:42,Vehicle Theft,Two-Wheeler Theft,BNS 303(2),13.171854,77.599478,P008626,P001095,P002764,PI Harish Naik,Under Investigation
FIR202501531,FIR/1531/2025,PS0247,Chikkaballapura,2025-05-10 12:59,2025-05-11 00:59,Theft,Snatching,BNS 303(2),13.484461,77.898229,P001943,P004305,P009323,PI Chetan Kumar,Chargesheeted
FIR202501532,FIR/1532/2025,PS0100,Bengaluru Rural,2025-05-10 13:00,2025-05-11 01:00,Murder,Gang Conflict,BNS 103(1),13.138842,77.524214,P009436,P008198,P001309,SI Mahesh Bhat,Chargesheeted
FIR202501543,FIR/1543/2025,PS0042,Ballari,2025-05-10 20:09,2025-05-11 01:09,Murder,Dowry Homicide,BNS 103(1),15.039441,77.018487,P004866,P007898,P001793,SI Mahesh Bhat,Under Investigation
FIR202501546,FIR/1546/2025,PS0232,Chamarajanagar,2025-05-10 20:44,2025-05-11 01:44,Burglary,Day Burglary,"BNS 331(3), BNS 331(4)",11.779986,76.882264,P003912,P003652,P008860,SI Ganesh Rao,Chargesheeted
FIR202501536,FIR/1536/2025,PS0045,Ballari,2025-05-10 15:55,2025-05-11 01:55,Assault,Grievous Hurt,"BNS 115(2), BNS 117(2)",15.00796,76.884689,P004471,P009917,P003898,SI Divya Hegde,Under Investigation
FIR202501513,FIR/1513/2025,PS0190,Bidar,2025-05-09 17:14,2025-05-11 04:14,Murder,Gang Conflict,BNS 103(1),17.755775,77.578795,P005908,P002329,P008424,PI Chetan Kumar,Chargesheeted
FIR202501550,FIR/1550/2025,PS0195,Chamarajanagar,2025-05-11 02:51,2025-05-11 04:51,Dacoity,Armed Dacoity,BNS 310(2),11.860583,77.073225,P002577,P002272,P008297,PI Ramesh Gowda,Chargesheeted
FIR202501551,FIR/1551/2025,PS0046,Belagavi,2025-05-11 03:18,2025-05-11 07:18,Robbery,Highway Robbery,BNS 309(4),15.785284,74.526978,P007936,P007778,P003939,PI Chetan Kumar,Chargesheeted
FIR202501525,FIR/1525/2025,PS0061,Belagavi,2025-05-10 05:30,2025-05-11 07:30,Robbery,Highway Robbery,BNS 309(4),16.007148,74.400008,P005046,P008354,P007130,SI Ravi Kumar,Chargesheeted
FIR202501519,FIR/1519/2025,PS0195,Chamarajanagar,2025-05-09 22:33,2025-05-11 07:33,Assault,Public Affray,"BNS 115(2), BNS 117(2)",11.882116,77.063594,P007891,P006093,P007147,PI Ramesh Gowda,Under Investigation
FIR202501498,FIR/1498/2025,PS0197,Chamarajanagar,2025-05-09 05:09,2025-05-11 08:09,Cyber Crime,Identity Theft,"IT Act 66D, BNS 318(4)",11.864352,77.05994,P008759,P006527,P001084,PI Chetan Kumar,Under Investigation
FIR202501521,FIR/1521/2025,PS0067,Belagavi,2025-05-10 00:35,2025-05-11 08:35,Burglary,Night House Breaking,"BNS 331(3), BNS 331(4)",15.862925,74.709712,P005714,P002081,P009182,SI Ravi Kumar,Closed
FIR202501556,FIR/1556/2025,PS0057,Belagavi,2025-05-11 05:05,2025-05-11 11:05,Dacoity,Armed Dacoity,BNS 310(2),15.690402,74.392186,P008275,P004365,P009332,SI Mahesh Bhat,Chargesheeted
FIR202501522,FIR/1522/2025,PS0047,Belagavi,2025-05-10 03:47,2025-05-11 11:47,Fraud,Cheating,BNS 318(4),15.950404,74.529018,P008661,P003895,P003237,PI Suresh Kulkarni,Chargesheeted
FIR202501554,FIR/1554/2025,PS0066,Belagavi,2025-05-11 04:37,2025-05-11 12:37,Dacoity,Bank Dacoity,BNS 310(2),15.966867,74.637728,P001158,P005197,P004237,SI Prakash Sharma,Chargesheeted
FIR202501468,FIR/1468/2025,PS0043,Ballari,2025-05-07 10:00,2025-05-11 15:00,Burglary,Night House Breaking,"BNS 331(3), BNS 331(4)",14.985873,77.004328,P005621,P003404,P006757,SI Ravi Kumar,Chargesheeted
FIR202501472,FIR/1472/2025,PS0165,Bidar,2025-05-07 13:59,2025-05-11 15:59,Murder,Personal Enmity,BNS 103(1),18.063788,77.470274,P005518,P008578,P006900,SI Mahesh Bhat,Chargesheeted
FIR202501504,FIR/1504/2025,PS0118,Bengaluru Urban,2025-05-09 11:33,2025-05-11 16:33,Cyber Crime,Phishing,"IT Act 66D, BNS 318(4)",12.802582,77.67765,P003404,P007016,P009686,SI Ganesh Rao,Chargesheeted
FIR202501545,FIR/1545/2025,PS0019,Bagalkote,2025-05-10 20:40,2025-05-11 21:40,POCSO,Sexual Assault on Minor,"POCSO Act Sec 4, BNS 64",16.045073,75.861995,P009389,P000556,P000398,PI Lakshmi Devi,Under Investigation
FIR202501562,FIR/1562/2025,PS0039,Ballari,2025-05-11 17:45,2025-05-11 21:45,Burglary,Night House Breaking,"BNS 331(3), BNS 331(4)",15.339417,76.92547,P000486,P001161,P009008,PI Lakshmi Devi,Under Investigation
FIR202501535,FIR/1535/2025,PS0232,Chamarajanagar,2025-05-10 15:55,2025-05-11 21:55,Murder,Gang Conflict,BNS 103(1),11.785103,76.900112,P001882,P005301,P003870,SI Mahesh Bhat,Untraced
FIR202501542,FIR/1542/2025,PS0069,Belagavi,2025-05-10 19:13,2025-05-11 22:13,POCSO,Harassment,"POCSO Act Sec 4, BNS 64",15.821591,74.329891,P000183,P007126,P005094,PI Naveen Patil,Chargesheeted
FIR202501481,FIR/1481/2025,PS0106,Bengaluru Rural,2025-05-08 13:17,2025-05-11 23:17,POCSO,Harassment,"POCSO Act Sec 4, BNS 64",13.292982,77.543599,P003565,P008099,P003962,PI Chetan Kumar,Chargesheeted
FIR202501534,FIR/1534/2025,PS0243,Chikkaballapura,2025-05-10 15:11,2025-05-12 00:11,Burglary,Day Burglary,"BNS 331(3), BNS 331(4)",13.418519,77.891127,P005767,P003644,P005384,SI Prakash Sharma,Under Investigation
FIR202501486,FIR/1486/2025,PS0125,Bengaluru Urban,2025-05-08 19:00,2025-05-12 01:00,Cyber Crime,Financial Fraud,"IT Act 66D, BNS 318(4)",12.787151,77.713664,P007272,P009336,P006379,PI Harish Naik,Under Investigation
FIR202501538,FIR/1538/2025,PS0049,Belagavi,2025-05-10 17:36,2025-05-12 01:36,Fraud,Corporate Fraud,BNS 318(4),15.895737,74.549219,P008988,P003260,P006942,SI Divya Hegde,Untraced
FIR202501548,FIR/1548/2025,PS0250,Chikkaballapura,2025-05-10 22:35,2025-05-12 05:35,Vehicle Theft,Car Theft,BNS 303(2),13.576481,77.810124,P006748,P002568,P000928,SI Mahesh Bhat,Closed
FIR202501555,FIR/1555/2025,PS0243,Chikkaballapura,2025-05-11 05:03,2025-05-12 07:03,Fraud,Land Scam,BNS 318(4),13.430055,77.894702,P009262,P000347,P008342,PI Naveen Patil,Chargesheeted
FIR202501552,FIR/1552/2025,PS0046,Belagavi,2025-05-11 04:22,2025-05-12 07:22,POCSO,Sexual Assault on Minor,"POCSO Act Sec 4, BNS 64",15.7751,74.533072,P007645,P004986,"P003170, P007494",PI Chetan Kumar,Untraced
FIR202501567,FIR/1567/2025,PS0169,Bidar,2025-05-11 21:36,2025-05-12 07:36,Theft,Pocket Pick,BNS 303(2),18.00769,77.716473,P008363,P003420,P003802,PI Naveen Patil,Under Investigation
FIR202501568,FIR/1568/2025,PS0108,Bengaluru Rural,2025-05-11 22:24,2025-05-12 08:24,Theft,Snatching,BNS 303(2),13.206843,77.434381,P004000,P006442,P001926,PI Suresh Kulkarni,Chargesheeted
FIR202501571,FIR/1571/2025,PS0042,Ballari,2025-05-12 01:03,2025-05-12 09:03,Assault,Public Affray,"BNS 115(2), BNS 117(2)",15.030205,77.008883,P003370,P004962,P001652,PI Lakshmi Devi,Under Investigation
FIR202501500,FIR/1500/2025,PS0053,Belagavi,2025-05-09 05:58,2025-05-12 11:58,Burglary,Night House Breaking,"BNS 331(3), BNS 331(4)",15.838922,74.322667,P009961,P008755,P008582,PI Lakshmi Devi,Chargesheeted
FIR202501553,FIR/1553/2025,PS0057,Belagavi,2025-05-11 04:30,2025-05-12 14:30,Assault,Public Affray,"BNS 115(2), BNS 117(2)",15.698632,74.418875,P006904,P002374,P002961,SI Prakash Sharma,Chargesheeted
FIR202501584,FIR/1584/2025,PS0046,Belagavi,2025-05-12 15:44,2025-05-12 17:44,Assault,Public Affray,"BNS 115(2), BNS 117(2)",15.750752,74.529381,P008542,P001575,P001761,SI Ravi Kumar,Chargesheeted
FIR202501526,FIR/1526/2025,PS0094,Bengaluru Rural,2025-05-10 08:03,2025-05-12 19:03,Fraud,Corporate Fraud,BNS 318(4),13.067994,77.678958,P003175,P007495,P000229,PI Harish Naik,Closed
FIR202501578,FIR/1578/2025,PS0233,Chamarajanagar,2025-05-12 08:50,2025-05-12 19:50,Assault,Simple Assault,"BNS 115(2), BNS 117(2)",11.745425,76.830906,P000610,P003536,P001959,PI Lakshmi Devi,Under Investigation
FIR202501580,FIR/1580/2025,PS0191,Bidar,2025-05-12 12:20,2025-05-12 20:20,Murder,Dowry Homicide,BNS 103(1),17.930371,77.368219,P003604,P009504,P000080,PI Chetan Kumar,Chargesheeted
FIR202501559,FIR/1559/2025,PS0040,Ballari,2025-05-11 13:30,2025-05-12 20:30,Fraud,Corporate Fraud,BNS 318(4),15.335774,76.832667,P008578,P004879,P000084,SI Prakash Sharma,Chargesheeted
FIR202501540,FIR/1540/2025,PS0224,Chamarajanagar,2025-05-10 18:00,2025-05-12 21:00,Theft,Snatching,BNS 303(2),11.867302,76.81732,P008806,P006083,P000239,PI Ramesh Gowda,Under Investigation
FIR202501502,FIR/1502/2025,PS0034,Ballari,2025-05-09 10:12,2025-05-12 21:12,Vehicle Theft,Two-Wheeler Theft,BNS 303(2),15.020126,77.081625,P007607,P009406,P005131,PI Harish Naik,Under Investigation
FIR202501569,FIR/1569/2025,PS0062,Belagavi,2025-05-11 22:33,2025-05-13 00:33,Assault,Grievous Hurt,"BNS 115(2), BNS 117(2)",15.775002,74.503243,P008447,P004056,"P002141, P005383",SI Prakash Sharma,Chargesheeted
FIR202501564,FIR/1564/2025,PS0037,Ballari,2025-05-11 18:26,2025-05-13 01:26,Dacoity,Bank Dacoity,BNS 310(2),15.090039,77.040594,P002662,P001918,P000749,SI Divya Hegde,Under Investigation
FIR202501544,FIR/1544/2025,PS0038,Ballari,2025-05-10 20:37,2025-05-13 02:37,Assault,Grievous Hurt,"BNS 115(2), BNS 117(2)",15.060716,77.083696,P008358,P000919,P009508,PI Naveen Patil,Chargesheeted
FIR202501587,FIR/1587/2025,PS0104,Bengaluru Rural,2025-05-12 18:38,2025-05-13 03:38,Murder,Dowry Homicide,BNS 103(1),13.430121,77.560447,P007292,P008393,P002581,SI Ravi Kumar,Chargesheeted
FIR202501595,FIR/1595/2025,PS0040,Ballari,2025-05-13 03:22,2025-05-13 04:22,Assault,Grievous Hurt,"BNS 115(2), BNS 117(2)",15.306203,76.817641,P001757,P007570,P006602,SI Divya Hegde,Under Investigation
FIR202501563,FIR/1563/2025,PS0205,Chamarajanagar,2025-05-11 18:19,2025-05-13 06:19,Vehicle Theft,Two-Wheeler Theft,BNS 303(2),11.946729,76.775296,P002189,P002602,P005800,PI Ramesh Gowda,Under Investigation
FIR202501549,FIR/1549/2025,PS0177,Bidar,2025-05-10 23:22,2025-05-13 07:22,Assault,Public Affray,"BNS 115(2), BNS 117(2)",18.058861,77.329515,P001248,P006582,P000442,SI Divya Hegde,Untraced
FIR202501600,FIR/1600/2025,PS0155,Bidar,2025-05-13 06:42,2025-05-13 07:42,Vehicle Theft,Car Theft,BNS 303(2),17.98609,77.343447,P008598,P007639,P003304,PI Chetan Kumar,Chargesheeted
FIR202501573,FIR/1573/2025,PS0032,Ballari,2025-05-12 01:46,2025-05-13 08:46,Cyber Crime,Phishing,"IT Act 66D, BNS 318(4)",15.174011,76.878542,P008092,P006267,P001202,SI Ganesh Rao,Chargesheeted
FIR202501591,FIR/1591/2025,PS0100,Bengaluru Rural,2025-05-12 22:56,2025-05-13 08:56,Robbery,Chain Snatching with Force,BNS 309(4),13.139521,77.538478,P006140,P006637,P003061,SI Ravi Kumar,Under Investigation
FIR202501601,FIR/1601/2025,PS0165,Bidar,2025-05-13 07:15,2025-05-13 09:15,Robbery,Chain Snatching with Force,BNS 309(4),18.050188,77.476642,P003949,P000256,P007675,SI Prakash Sharma,Closed
FIR202501575,FIR/1575/2025,PS0243,Chikkaballapura,2025-05-12 05:43,2025-05-13 09:43,Murder,Personal Enmity,BNS 103(1),13.422805,77.859493,P005289,P003166,P004693,SI Divya Hegde,Under Investigation
FIR202501597,FIR/1597/2025,PS0078,Bengaluru Rural,2025-05-13 05:37,2025-05-13 10:37,Theft,Pocket Pick,BNS 303(2),13.116857,77.561266,P005018,P006315,P008651,SI Mahesh Bhat,Untraced
FIR202501593,FIR/1593/2025,PS0063,Belagavi,2025-05-13 01:50,2025-05-13 10:50,Fraud,Corporate Fraud,BNS 318(4),16.036895,74.684845,P000149,P002757,P002845,SI Ganesh Rao,Under Investigation
FIR202501605,FIR/1605/2025,PS0001,Bagalkote,2025-05-13 10:16,2025-05-13 11:16,Robbery,Highway Robbery,BNS 309(4),16.187161,75.587629,P009841,P003514,"P007873, P006996",PI Harish Naik,Untraced
FIR202501598,FIR/1598/2025,PS0020,Bagalkote,2025-05-13 05:38,2025-05-13 11:38,POCSO,Sexual Assault on Minor,"POCSO Act Sec 4, BNS 64",16.254,75.574557,P000015,P000066,P007089,SI Divya Hegde,Chargesheeted
FIR202501599,FIR/1599/2025,PS0149,Bengaluru Urban,2025-05-13 06:18,2025-05-13 12:18,Fraud,Cheating,BNS 318(4),13.099216,77.458969,P005744,P006293,P002710,PI Harish Naik,Chargesheeted
FIR202501557,FIR/1557/2025,PS0065,Belagavi,2025-05-11 07:38,2025-05-13 12:38,Dacoity,Bank Dacoity,BNS 310(2),15.747423,74.4375,P002430,P004568,P001779,SI Mahesh Bhat,Under Investigation
FIR202501603,FIR/1603/2025,PS0250,Chikkaballapura,2025-05-13 08:51,2025-05-13 13:51,Vehicle Theft,Car Theft,BNS 303(2),13.539418,77.793229,P000720,P005186,P006536,PI Harish Naik,Chargesheeted
FIR202501527,FIR/1527/2025,PS0056,Belagavi,2025-05-10 08:40,2025-05-13 14:40,Fraud,Corporate Fraud,BNS 318(4),15.748308,74.612571,P008696,P007935,P000897,PI Ramesh Gowda,Under Investigation
FIR202501608,FIR/1608/2025,PS0101,Bengaluru Rural,2025-05-13 11:04,2025-05-13 15:04,Dacoity,Armed Dacoity,BNS 310(2),13.28185,77.739056,P007732,P002712,"P006363, P004045",PI Chetan Kumar,Chargesheeted
FIR202501602,FIR/1602/2025,PS0046,Belagavi,2025-05-13 07:42,2025-05-13 15:42,Assault,Simple Assault,"BNS 115(2), BNS 117(2)",15.788514,74.526757,P009500,P008078,P000224,PI Lakshmi Devi,Under Investigation
FIR202501528,FIR/1528/2025,PS0200,Chamarajanagar,2025-05-10 10:50,2025-05-13 15:50,Vehicle Theft,Car Theft,BNS 303(2),11.785892,77.002922,P006640,P001075,P004949,SI Ganesh Rao,Under Investigation
FIR202501606,FIR/1606/2025,PS0168,Bidar,2025-05-13 10:22,2025-05-13 19:22,POCSO,Sexual Assault on Minor,"POCSO Act Sec 4, BNS 64",17.695894,77.662005,P008870,P008920,P008021,PI Naveen Patil,Chargesheeted
FIR202501609,FIR/1609/2025,PS0065,Belagavi,2025-05-13 13:28,2025-05-13 19:28,Cyber Crime,Phishing,"IT Act 66D, BNS 318(4)",15.75654,74.419232,P004682,P004301,P009118,PI Ramesh Gowda,Under Investigation
FIR202501582,FIR/1582/2025,PS0201,Chamarajanagar,2025-05-12 14:47,2025-05-13 19:47,Cyber Crime,Phishing,"IT Act 66D, BNS 318(4)",12.014715,76.828676,P000269,P006451,P007646,SI Prakash Sharma,Chargesheeted
FIR202501565,FIR/1565/2025,PS0031,Ballari,2025-05-11 19:27,2025-05-13 20:27,Assault,Grievous Hurt,"BNS 115(2), BNS 117(2)",14.980683,77.108947,P001617,P007755,P004560,SI Ganesh Rao,Chargesheeted
FIR202501586,FIR/1586/2025,PS0173,Bidar,2025-05-12 17:25,2025-05-13 22:25,POCSO,Sexual Assault on Minor,"POCSO Act Sec 4, BNS 64",17.769449,77.571796,P003427,P007626,P008130,PI Harish Naik,Untraced
FIR202501541,FIR/1541/2025,PS0145,Bengaluru Urban,2025-05-10 19:08,2025-05-14 01:08,NDPS,Drug Trafficking,NDPS Act Sec 20(b),12.808332,77.573714,P006530,P006388,P007854,SI Prakash Sharma,Chargesheeted
FIR202501581,FIR/1581/2025,PS0197,Chamarajanagar,2025-05-12 14:43,2025-05-14 02:43,NDPS,Possession of Narcotics,NDPS Act Sec 20(b),11.853637,77.036849,P000586,P009700,P007159,SI Ganesh Rao,Untraced
FIR202501616,FIR/1616/2025,PS0129,Bengaluru Urban,2025-05-14 00:03,2025-05-14 03:03,Murder,Dowry Homicide,BNS 103(1),12.818559,77.761417,P007309,P008396,P001004,SI Divya Hegde,Under Investigation
FIR202501592,FIR/1592/2025,PS0185,Bidar,2025-05-12 23:29,2025-05-14 03:29,Dacoity,Armed Dacoity,BNS 310(2),17.883245,77.52284,P000575,P001748,P004009,SI Ravi Kumar,Chargesheeted
FIR202501585,FIR/1585/2025,PS0050,Belagavi,2025-05-12 16:37,2025-05-14 03:37,Dacoity,Bank Dacoity,BNS 310(2),15.708406,74.321496,P002126,P005623,P000231,SI Mahesh Bhat,Chargesheeted
FIR202501613,FIR/1613/2025,PS0160,Bidar,2025-05-13 21:10,2025-05-14 04:10,Assault,Grievous Hurt,"BNS 115(2), BNS 117(2)",17.867688,77.362447,P001339,P009632,P001164,SI Ravi Kumar,Under Investigation
FIR202501620,FIR/1620/2025,PS0111,Bengaluru Urban,2025-05-14 02:31,2025-05-14 05:31,Burglary,Day Burglary,"BNS 331(3), BNS 331(4)",12.773389,77.54431,P009183,P007838,P005214,PI Suresh Kulkarni,Chargesheeted
FIR202501589,FIR/1589/2025,PS0095,Bengaluru Rural,2025-05-12 21:19,2025-05-14 06:19,POCSO,Harassment,"POCSO Act Sec 4, BNS 64",13.081994,77.417099,P009815,P004374,P000566,SI Divya Hegde,Under Investigation
FIR202501618,FIR/1618/2025,PS0155,Bidar,2025-05-14 01:15,2025-05-14 07:15,Dacoity,Bank Dacoity,BNS 310(2),17.971745,77.345715,P008168,P000838,P004146,SI Prakash Sharma,Chargesheeted
FIR202501617,FIR/1617/2025,PS0033,Ballari,2025-05-14 00:43,2025-05-14 07:43,Vehicle Theft,Car Theft,BNS 303(2),15.040617,76.819132,P002356,P006568,P006920,SI Mahesh Bhat,Under Investigation
FIR202501547,FIR/1547/2025,PS0082,Bengaluru Rural,2025-05-10 20:47,2025-05-14 07:47,Vehicle Theft,Two-Wheeler Theft,BNS 303(2),13.325874,77.418224,P003258,P003036,P001420,PI Lakshmi Devi,Chargesheeted
FIR202501614,FIR/1614/2025,PS0212,Chamarajanagar,2025-05-13 23:11,2025-05-14 08:11,Assault,Grievous Hurt,"BNS 115(2), BNS 117(2)",12.053402,76.847748,P003912,P006768,P004326,SI Divya Hegde,Under Investigation
FIR202501619,FIR/1619/2025,PS0042,Ballari,2025-05-14 01:20,2025-05-14 09:20,Vehicle Theft,Car Theft,BNS 303(2),15.023681,77.00432,P007949,P000497,P004148,SI Ravi Kumar,Chargesheeted
FIR202501625,FIR/1625/2025,PS0042,Ballari,2025-05-14 06:22,2025-05-14 09:22,Vehicle Theft,Car Theft,BNS 303(2),15.042628,77.003252,P007715,P006044,P005259,PI Harish Naik,Under Investigation
FIR202501579,FIR/1579/2025,PS0176,Bidar,2025-05-12 09:52,2025-05-14 11:52,Dacoity,Bank Dacoity,BNS 310(2),17.774001,77.531897,P003188,P005982,P000057,PI Suresh Kulkarni,Chargesheeted
FIR202501621,FIR/1621/2025,PS0088,Bengaluru Rural,2025-05-14 04:38,2025-05-14 12:38,Cyber Crime,Identity Theft,"IT Act 66D, BNS 318(4)",13.032611,77.406678,P007513,P004736,P007369,PI Ramesh Gowda,Closed
FIR202501574,FIR/1574/2025,PS0099,Bengaluru Rural,2025-05-12 05:01,2025-05-14 14:01,Burglary,Day Burglary,"BNS 331(3), BNS 331(4)",13.270533,77.695926,P000251,P000511,P002263,PI Lakshmi Devi,Under Investigation
FIR202501628,FIR/1628/2025,PS0189,Bidar,2025-05-14 11:15,2025-05-14 14:15,Assault,Simple Assault,"BNS 115(2), BNS 117(2)",17.882969,77.386444,P003984,P007520,P001066,PI Harish Naik,Chargesheeted
FIR202501627,FIR/1627/2025,PS0175,Bidar,2025-05-14 10:27,2025-05-14 14:27,Robbery,Chain Snatching with Force,BNS 309(4),18.026998,77.4371,P006114,P003238,"P001874, P006818",SI Divya Hegde,Under Investigation
FIR202501607,FIR/1607/2025,PS0038,Ballari,2025-05-13 10:25,2025-05-14 15:25,POCSO,Sexual Assault on Minor,"POCSO Act Sec 4, BNS 64",15.054236,77.079884,P007108,P003884,P004909,SI Prakash Sharma,Under Investigation
FIR202501558,FIR/1558/2025,PS0212,Chamarajanagar,2025-05-11 09:19,2025-05-14 17:19,Robbery,Highway Robbery,BNS 309(4),12.040185,76.829188,P000557,P005512,P004830,SI Ravi Kumar,Under Investigation
FIR202501604,FIR/1604/2025,PS0170,Bidar,2025-05-13 09:35,2025-05-14 17:35,Assault,Grievous Hurt,"BNS 115(2), BNS 117(2)",17.88291,77.384236,P008554,P000066,P002755,PI Chetan Kumar,Chargesheeted
FIR202501611,FIR/1611/2025,PS0147,Bengaluru Urban,2025-05-13 15:31,2025-05-14 19:31,Vehicle Theft,Two-Wheeler Theft,BNS 303(2),12.90249,77.553706,P003468,P001464,P003867,SI Prakash Sharma,Under Investigation
FIR202501630,FIR/1630/2025,PS0063,Belagavi,2025-05-14 12:40,2025-05-14 20:40,Dacoity,Armed Dacoity,BNS 310(2),15.997562,74.675486,P001552,P007376,P001276,PI Lakshmi Devi,Chargesheeted
FIR202501638,FIR/1638/2025,PS0024,Bagalkote,2025-05-14 18:59,2025-05-14 20:59,POCSO,Harassment,"POCSO Act Sec 4, BNS 64",16.370067,75.514755,P005877,P004692,P005318,SI Prakash Sharma,Chargesheeted
FIR202501632,FIR/1632/2025,PS0052,Belagavi,2025-05-14 14:10,2025-05-14 21:10,Murder,Dowry Homicide,BNS 103(1),15.897568,74.284643,P009339,P007373,P003167,SI Ganesh Rao,Under Investigation
FIR202501640,FIR/1640/2025,PS0184,Bidar,2025-05-14 19:10,2025-05-14 22:10,Assault,Grievous Hurt,"BNS 115(2), BNS 117(2)",17.895699,77.61856,P005666,P002110,P005076,PI Naveen Patil,Chargesheeted
FIR202501635,FIR/1635/2025,PS0075,Bengaluru Rural,2025-05-14 15:25,2025-05-14 22:25,Cyber Crime,Identity Theft,"IT Act 66D, BNS 318(4)",13.191518,77.51157,P003955,P004467,P007914,PI Naveen Patil,Untraced
FIR202501590,FIR/1590/2025,PS0085,Bengaluru Rural,2025-05-12 21:30,2025-05-14 22:30,NDPS,Drug Trafficking,NDPS Act Sec 20(b),13.090315,77.436214,P009685,P008583,P007508,SI Ganesh Rao,Chargesheeted
FIR202501649,FIR/1649/2025,PS0216,Chamarajanagar,2025-05-15 01:21,2025-05-15 02:21,Dacoity,Bank Dacoity,BNS 310(2),11.766222,76.937595,P002540,P009448,P008857,SI Mahesh Bhat,Chargesheeted
FIR202501570,FIR/1570/2025,PS0060,Belagavi,2025-05-11 23:41,2025-05-15 02:41,Vehicle Theft,Car Theft,BNS 303(2),16.011752,74.550007,P003228,P007880,P001244,PI Ramesh Gowda,Chargesheeted
FIR202501641,FIR/1641/2025,PS0055,Belagavi,2025-05-14 20:12,2025-05-15 04:12,POCSO,Harassment,"POCSO Act Sec 4, BNS 64",15.821529,74.37403,P009619,P005670,P001621,SI Prakash Sharma,Chargesheeted
FIR202501642,FIR/1642/2025,PS0026,Ballari,2025-05-14 20:14,2025-05-15 04:14,Fraud,Corporate Fraud,BNS 318(4),15.235298,76.953525,P005008,P006955,P007910,SI Prakash Sharma,Under Investigation
FIR202501639,FIR/1639/2025,PS0067,Belagavi,2025-05-14 19:02,2025-05-15 06:02,Burglary,Night House Breaking,"BNS 331(3), BNS 331(4)",15.870472,74.686527,P006721,P004847,P000981,SI Ravi Kumar,Closed
FIR202501650,FIR/1650/2025,PS0043,Ballari,2025-05-15 03:10,2025-05-15 06:10,Assault,Grievous Hurt,"BNS 115(2), BNS 117(2)",14.954192,77.006703,P005127,P008887,P008347,SI Mahesh Bhat,Chargesheeted
FIR202501588,FIR/1588/2025,PS0152,Bengaluru Urban,2025-05-12 19:48,2025-05-15 06:48,Murder,Dowry Homicide,BNS 103(1),13.001181,77.384208,P001078,P006530,P002548,SI Ravi Kumar,Untraced
FIR202501594,FIR/1594/2025,PS0170,Bidar,2025-05-13 02:55,2025-05-15 06:55,Robbery,Chain Snatching with Force,BNS 309(4),17.907547,77.397446,P006716,P001100,P002714,PI Naveen Patil,Under Investigation
FIR202501645,FIR/1645/2025,PS0250,Chikkaballapura,2025-05-14 21:47,2025-05-15 07:47,NDPS,Possession of Narcotics,NDPS Act Sec 20(b),13.545479,77.818431,P000333,P001321,P008648,PI Naveen Patil,Chargesheeted
FIR202501652,FIR/1652/2025,PS0022,Bagalkote,2025-05-15 06:06,2025-05-15 10:06,Robbery,Highway Robbery,BNS 309(4),16.24989,75.633724,P001373,P007895,P006849,PI Lakshmi Devi,Chargesheeted
FIR202501577,FIR/1577/2025,PS0069,Belagavi,2025-05-12 07:43,2025-05-15 14:43,NDPS,Possession of Narcotics,NDPS Act Sec 20(b),15.837339,74.332085,P007840,P001573,P002372,SI Prakash Sharma,Chargesheeted
FIR202501624,FIR/1624/2025,PS0227,Chamarajanagar,2025-05-14 06:22,2025-05-15 17:22,Cyber Crime,Phishing,"IT Act 66D, BNS 318(4)",11.895694,76.917559,P005171,P004151,P008593,SI Ravi Kumar,Chargesheeted
FIR202501656,FIR/1656/2025,PS0166,Bidar,2025-05-15 12:26,2025-05-15 18:26,Cyber Crime,Financial Fraud,"IT Act 66D, BNS 318(4)",17.787139,77.475458,P006249,P003510,P002121,PI Lakshmi Devi,Chargesheeted
FIR202501576,FIR/1576/2025,PS0077,Bengaluru Rural,2025-05-12 07:36,2025-05-15 19:36,Fraud,Corporate Fraud,BNS 318(4),13.336501,77.6043,P004080,P005313,P007659,PI Lakshmi Devi,Chargesheeted
FIR202501637,FIR/1637/2025,PS0051,Belagavi,2025-05-14 16:57,2025-05-15 19:57,Dacoity,Bank Dacoity,BNS 310(2),16.002769,74.515554,P000664,P003062,P002913,PI Ramesh Gowda,Untraced
FIR202501636,FIR/1636/2025,PS0054,Belagavi,2025-05-14 16:35,2025-05-15 20:35,Burglary,Night House Breaking,"BNS 331(3), BNS 331(4)",15.898632,74.698099,P006963,P001911,P009066,SI Ganesh Rao,Under Investigation
FIR202501561,FIR/1561/2025,PS0242,Chikkaballapura,2025-05-11 17:27,2025-05-15 21:27,Cyber Crime,Identity Theft,"IT Act 66D, BNS 318(4)",13.279091,77.850673,P001835,P001191,P003127,SI Prakash Sharma,Under Investigation
FIR202501560,FIR/1560/2025,PS0059,Belagavi,2025-05-11 17:16,2025-05-15 22:16,Dacoity,Armed Dacoity,BNS 310(2),15.796713,74.500028,P004080,P009350,P009292,PI Suresh Kulkarni,Under Investigation
FIR202501660,FIR/1660/2025,PS0080,Bengaluru Rural,2025-05-15 17:11,2025-05-16 00:11,Burglary,Night House Breaking,"BNS 331(3), BNS 331(4)",13.371137,77.597069,P009531,P002068,P006932,PI Harish Naik,Chargesheeted
FIR202501615,FIR/1615/2025,PS0005,Bagalkote,2025-05-13 23:45,2025-05-16 00:45,Murder,Personal Enmity,BNS 103(1),16.143359,75.568196,P001484,P008567,P000982,PI Lakshmi Devi,Chargesheeted
FIR202501583,FIR/1583/2025,PS0028,Ballari,2025-05-12 15:03,2025-05-16 01:03,Vehicle Theft,Car Theft,BNS 303(2),15.005255,76.842479,P005232,P000238,"P002172, P003486",PI Chetan Kumar,Chargesheeted
FIR202501631,FIR/1631/2025,PS0246,Chikkaballapura,2025-05-14 13:14,2025-05-16 01:14,NDPS,Possession of Narcotics,NDPS Act Sec 20(b),13.435687,77.709899,P002955,P002193,P007573,SI Mahesh Bhat,Closed
FIR202501647,FIR/1647/2025,PS0073,Bengaluru Rural,2025-05-15 00:21,2025-05-16 02:21,Vehicle Theft,Car Theft,BNS 303(2),13.342476,77.609319,P009255,P006741,P001210,SI Ganesh Rao,Chargesheeted
FIR202501659,FIR/1659/2025,PS0094,Bengaluru Rural,2025-05-15 17:10,2025-05-16 03:10,NDPS,Drug Trafficking,NDPS Act Sec 20(b),13.07006,77.669303,P005434,P006713,P009388,SI Mahesh Bhat,Under Investigation
FIR202501662,FIR/1662/2025,PS0028,Ballari,2025-05-15 18:36,2025-05-16 03:36,Theft,Pocket Pick,BNS 303(2),15.030545,76.87716,P009256,P006982,P002833,SI Ganesh Rao,Untraced
FIR202501648,FIR/1648/2025,PS0190,Bidar,2025-05-15 01:07,2025-05-16 04:07,POCSO,Sexual Assault on Minor,"POCSO Act Sec 4, BNS 64",17.74343,77.576015,P009007,P004981,"P000794, P007781",SI Ganesh Rao,Chargesheeted
FIR202501596,FIR/1596/2025,PS0212,Chamarajanagar,2025-05-13 05:15,2025-05-16 06:15,Assault,Public Affray,"BNS 115(2), BNS 117(2)",12.018997,76.834977,P001935,P006096,P001621,PI Chetan Kumar,Under Investigation
FIR202501667,FIR/1667/2025,PS0215,Chamarajanagar,2025-05-15 22:27,2025-05-16 06:27,Vehicle Theft,Car Theft,BNS 303(2),11.886642,76.957166,P006794,P000480,P009153,PI Suresh Kulkarni,Untraced
FIR202501661,FIR/1661/2025,PS0048,Belagavi,2025-05-15 18:28,2025-05-16 06:28,Assault,Grievous Hurt,"BNS 115(2), BNS 117(2)",15.740341,74.486659,P001979,P004514,P002267,PI Ramesh Gowda,Chargesheeted
FIR202501664,FIR/1664/2025,PS0197,Chamarajanagar,2025-05-15 20:31,2025-05-16 06:31,Robbery,Highway Robbery,BNS 309(4),11.874734,77.059095,P007152,P009551,P008966,PI Ramesh Gowda,Chargesheeted
FIR202501643,FIR/1643/2025,PS0097,Bengaluru Rural,2025-05-14 20:41,2025-05-16 07:41,Fraud,Corporate Fraud,BNS 318(4),13.108231,77.496885,P008045,P005442,P000893,PI Suresh Kulkarni,Untraced
FIR202501671,FIR/1671/2025,PS0009,Bagalkote,2025-05-16 01:33,2025-05-16 08:33,Cyber Crime,Phishing,"IT Act 66D, BNS 318(4)",16.085964,75.760304,P004070,P008350,P009809,SI Ravi Kumar,Under Investigation
FIR202501572,FIR/1572/2025,PS0045,Ballari,2025-05-12 01:39,2025-05-16 08:39,Assault,Grievous Hurt,"BNS 115(2), BNS 117(2)",14.98499,76.892937,P004605,P007030,P000748,PI Chetan Kumar,Under Investigation
FIR202501670,FIR/1670/2025,PS0074,Bengaluru Rural,2025-05-16 00:56,2025-05-16 08:56,Murder,Gang Conflict,BNS 103(1),13.154675,77.557578,P001302,P009774,"P005063, P000101",SI Prakash Sharma,Chargesheeted
FIR202501653,FIR/1653/2025,PS0100,Bengaluru Rural,2025-05-15 06:21,2025-05-16 09:21,Murder,Gang Conflict,BNS 103(1),13.151816,77.538745,P003127,P005895,P002354,SI Mahesh Bhat,Under Investigation
FIR202501622,FIR/1622/2025,PS0108,Bengaluru Rural,2025-05-14 04:48,2025-05-16 09:48,Vehicle Theft,Two-Wheeler Theft,BNS 303(2),13.195266,77.44757,P006161,P008074,P003998,PI Lakshmi Devi,Under Investigation
FIR202501666,FIR/1666/2025,PS0003,Bagalkote,2025-05-15 22:12,2025-05-16 10:12,Cyber Crime,Phishing,"IT Act 66D, BNS 318(4)",16.335373,75.893423,P005552,P009510,P007668,PI Chetan Kumar,Chargesheeted
FIR202501623,FIR/1623/2025,PS0192,Bidar,2025-05-14 05:38,2025-05-16 10:38,Cyber Crime,Identity Theft,"IT Act 66D, BNS 318(4)",17.968889,77.358481,P007059,P001288,P000501,PI Lakshmi Devi,Under Investigation
FIR202501655,FIR/1655/2025,PS0051,Belagavi,2025-05-15 11:47,2025-05-16 13:47,Theft,Pocket Pick,BNS 303(2),15.997394,74.534697,P005233,P001797,P001886,PI Harish Naik,Under Investigation
FIR202501633,FIR/1633/2025,PS0045,Ballari,2025-05-14 15:01,2025-05-16 17:01,Assault,Grievous Hurt,"BNS 115(2), BNS 117(2)",14.986719,76.871696,P004047,P009049,P005684,SI Prakash Sharma,Chargesheeted
FIR202501676,FIR/1676/2025,PS0180,Bidar,2025-05-16 06:41,2025-05-16 17:41,Dacoity,Armed Dacoity,BNS 310(2),18.041301,77.418,P002889,P001980,P009336,SI Ravi Kumar,Under Investigation
FIR202501658,FIR/1658/2025,PS0067,Belagavi,2025-05-15 14:10,2025-05-16 19:10,Murder,Personal Enmity,BNS 103(1),15.86798,74.715415,P009933,P008769,P001662,PI Harish Naik,Chargesheeted
FIR202501654,FIR/1654/2025,PS0070,Bengaluru Rural,2025-05-15 11:33,2025-05-16 20:33,Dacoity,Armed Dacoity,BNS 310(2),13.282369,77.744162,P007616,P001259,P004568,SI Ravi Kumar,Untraced
FIR202501629,FIR/1629/2025,PS0032,Ballari,2025-05-14 11:55,2025-05-16 22:55,Burglary,Night House Breaking,"BNS 331(3), BNS 331(4)",15.163688,76.89359,P004716,P009886,P009429,PI Ramesh Gowda,Under Investigation
FIR202501683,FIR/1683/2025,PS0233,Chamarajanagar,2025-05-16 21:28,2025-05-17 01:28,Fraud,Land Scam,BNS 318(4),11.729828,76.812513,P001885,P006880,P004873,PI Lakshmi Devi,Untraced
FIR202501678,FIR/1678/2025,PS0081,Bengaluru Rural,2025-05-16 16:53,2025-05-17 02:53,Burglary,Night House Breaking,"BNS 331(3), BNS 331(4)",13.179229,77.612733,P009176,P007260,P002390,PI Chetan Kumar,Chargesheeted
FIR202501665,FIR/1665/2025,PS0067,Belagavi,2025-05-15 21:32,2025-05-17 05:32,Burglary,Day Burglary,"BNS 331(3), BNS 331(4)",15.862451,74.717407,P004185,P004687,P000380,PI Naveen Patil,Chargesheeted
FIR202501566,FIR/1566/2025,PS0050,Belagavi,2025-05-11 21:13,2025-05-17 06:13,Dacoity,Bank Dacoity,BNS 310(2),15.724324,74.304367,P003253,P008995,P002499,PI Ramesh Gowda,Chargesheeted
FIR202501644,FIR/1644/2025,PS0235,Chikkaballapura,2025-05-14 21:37,2025-05-17 07:37,Vehicle Theft,Two-Wheeler Theft,BNS 303(2),13.301101,77.542376,P003841,P004154,"P001991, P004133",SI Ravi Kumar,Chargesheeted
FIR202501651,FIR/1651/2025,PS0075,Bengaluru Rural,2025-05-15 05:52,2025-05-17 11:52,Fraud,Cheating,BNS 318(4),13.191588,77.5066,P000936,P003519,P008430,PI Suresh Kulkarni,Under Investigation
FIR202501669,FIR/1669/2025,PS0068,Belagavi,2025-05-16 00:53,2025-05-17 11:53,Murder,Dowry Homicide,BNS 103(1),16.047854,74.392889,P002903,P002049,P000547,PI Ramesh Gowda,Chargesheeted
FIR202501694,FIR/1694/2025,PS0129,Bengaluru Urban,2025-05-17 10:55,2025-05-17 11:55,Robbery,Chain Snatching with Force,BNS 309(4),12.785998,77.75828,P004012,P003180,P008195,SI Mahesh Bhat,Chargesheeted
FIR202501691,FIR/1691/2025,PS0128,Bengaluru Urban,2025-05-17 08:01,2025-05-17 13:01,Fraud,Land Scam,BNS 318(4),13.030043,77.595489,P007815,P003916,P002639,PI Chetan Kumar,Under Investigation
FIR202501692,FIR/1692/2025,PS0118,Bengaluru Urban,2025-05-17 09:28,2025-05-17 15:28,Murder,Personal Enmity,BNS 103(1),12.782449,77.70145,P009608,P001869,P006806,SI Ravi Kumar,Under Investigation
FIR202501674,FIR/1674/2025,PS0002,Bagalkote,2025-05-16 04:19,2025-05-17 16:19,Assault,Public Affray,"BNS 115(2), BNS 117(2)",16.123142,75.515376,P007802,P008861,P008614,PI Naveen Patil,Chargesheeted
FIR202501690,FIR/1690/2025,PS0247,Chikkaballapura,2025-05-17 07:57,2025-05-17 16:57,Dacoity,Bank Dacoity,BNS 310(2),13.483916,77.894389,P004734,P007731,P001201,SI Ravi Kumar,Closed
FIR202501689,FIR/1689/2025,PS0214,Chamarajanagar,2025-05-17 06:31,2025-05-17 18:31,Dacoity,Bank Dacoity,BNS 310(2),11.948431,76.825436,P007257,P006655,P003618,SI Ganesh Rao,Chargesheeted
FIR202501695,FIR/1695/2025,PS0150,Bengaluru Urban,2025-05-17 12:01,2025-05-17 19:01,Fraud,Corporate Fraud,BNS 318(4),13.082915,77.723979,P003411,P006283,P009905,PI Lakshmi Devi,Chargesheeted
FIR202501677,FIR/1677/2025,PS0205,Chamarajanagar,2025-05-16 13:02,2025-05-17 21:02,Theft,Pocket Pick,BNS 303(2),11.927981,76.777993,P003607,P009224,P003757,SI Ganesh Rao,Chargesheeted
FIR202501696,FIR/1696/2025,PS0062,Belagavi,2025-05-17 12:10,2025-05-17 21:10,Vehicle Theft,Two-Wheeler Theft,BNS 303(2),15.762291,74.48779,P005134,P007415,P007811,PI Chetan Kumar,Closed
FIR202501657,FIR/1657/2025,PS0162,Bidar,2025-05-15 12:29,2025-05-17 21:29,Vehicle Theft,Two-Wheeler Theft,BNS 303(2),18.02822,77.449413,P005945,P007876,P003052,PI Harish Naik,Chargesheeted
FIR202501680,FIR/1680/2025,PS0172,Bidar,2025-05-16 19:22,2025-05-17 22:22,Fraud,Cheating,BNS 318(4),17.941794,77.483681,P002092,P001680,P002280,PI Ramesh Gowda,Under Investigation
FIR202501681,FIR/1681/2025,PS0217,Chamarajanagar,2025-05-16 20:05,2025-05-17 23:05,Fraud,Cheating,BNS 318(4),11.725979,76.915211,P008963,P002397,P007555,SI Prakash Sharma,Chargesheeted
FIR202501703,FIR/1703/2025,PS0146,Bengaluru Urban,2025-05-18 00:40,2025-05-18 01:40,Assault,Public Affray,"BNS 115(2), BNS 117(2)",12.95221,77.778571,P006662,P005584,P008577,PI Lakshmi Devi,Closed
FIR202501646,FIR/1646/2025,PS0025,Bagalkote,2025-05-14 21:48,2025-05-18 01:48,Dacoity,Bank Dacoity,BNS 310(2),16.31466,75.842789,P000932,P006137,P003570,PI Naveen Patil,Chargesheeted
FIR202501668,FIR/1668/2025,PS0047,Belagavi,2025-05-15 22:54,2025-05-18 01:54,Burglary,Night House Breaking,"BNS 331(3), BNS 331(4)",15.978203,74.524022,P003989,P003968,P008309,SI Mahesh Bhat,Chargesheeted
FIR202501702,FIR/1702/2025,PS0057,Belagavi,2025-05-18 00:00,2025-05-18 02:00,Burglary,Night House Breaking,"BNS 331(3), BNS 331(4)",15.665893,74.419198,P002320,P009117,P000676,PI Harish Naik,Under Investigation
FIR202501685,FIR/1685/2025,PS0210,Chamarajanagar,2025-05-17 00:09,2025-05-18 03:09,Theft,Pocket Pick,BNS 303(2),11.996736,76.790759,P004622,P003103,P004611,PI Naveen Patil,Under Investigation
FIR202501684,FIR/1684/2025,PS0010,Bagalkote,2025-05-16 23:19,2025-05-18 03:19,Dacoity,Armed Dacoity,BNS 310(2),16.180068,75.791757,P005304,P006353,P004561,PI Ramesh Gowda,Chargesheeted
FIR202501704,FIR/1704/2025,PS0069,Belagavi,2025-05-18 01:46,2025-05-18 03:46,Murder,Gang Conflict,BNS 103(1),15.845993,74.352569,P003786,P004495,P004710,SI Ganesh Rao,Chargesheeted
FIR202501679,FIR/1679/2025,PS0231,Chamarajanagar,2025-05-16 18:02,2025-05-18 05:02,Fraud,Land Scam,BNS 318(4),11.961272,77.002154,P005785,P009962,P006690,PI Chetan Kumar,Chargesheeted
FIR202501706,FIR/1706/2025,PS0083,Bengaluru Rural,2025-05-18 04:51,2025-05-18 05:51,Dacoity,Armed Dacoity,BNS 310(2),13.276742,77.577127,P002050,P005976,P002730,PI Suresh Kulkarni,Under Investigation
FIR202501701,FIR/1701/2025,PS0219,Chamarajanagar,2025-05-17 21:35,2025-05-18 06:35,Assault,Public Affray,"BNS 115(2), BNS 117(2)",11.855359,76.861849,P009608,P007061,P005833,SI Ravi Kumar,Under Investigation
FIR202501686,FIR/1686/2025,PS0060,Belagavi,2025-05-17 03:03,2025-05-18 07:03,Theft,Snatching,BNS 303(2),16.009791,74.543106,P005583,P001674,P000368,PI Chetan Kumar,Closed
FIR202501663,FIR/1663/2025,PS0114,Bengaluru Urban,2025-05-15 19:27,2025-05-18 07:27,Burglary,Day Burglary,"BNS 331(3), BNS 331(4)",12.992914,77.758021,P006112,P003037,P005865,SI Mahesh Bhat,Chargesheeted
FIR202501693,FIR/1693/2025,PS0045,Ballari,2025-05-17 10:54,2025-05-18 12:54,Assault,Grievous Hurt,"BNS 115(2), BNS 117(2)",14.978772,76.872067,P005879,P005431,P004348,PI Harish Naik,Chargesheeted
FIR202501688,FIR/1688/2025,PS0051,Belagavi,2025-05-17 06:28,2025-05-18 13:28,Dacoity,Armed Dacoity,BNS 310(2),16.003875,74.519018,P004880,P000557,P007264,SI Ganesh Rao,Chargesheeted
FIR202501697,FIR/1697/2025,PS0199,Chamarajanagar,2025-05-17 12:29,2025-05-18 13:29,Vehicle Theft,Two-Wheeler Theft,BNS 303(2),11.840926,77.049231,P007094,P009734,"P009105, P003925",SI Ravi Kumar,Chargesheeted
FIR202501626,FIR/1626/2025,PS0163,Bidar,2025-05-14 09:41,2025-05-18 13:41,Vehicle Theft,Car Theft,BNS 303(2),17.948227,77.595455,P004650,P001145,P009694,PI Naveen Patil,Under Investigation
FIR202501612,FIR/1612/2025,PS0044,Ballari,2025-05-13 16:34,2025-05-18 17:34,POCSO,Sexual Assault on Minor,"POCSO Act Sec 4, BNS 64",15.31156,76.938109,P006820,P002396,"P003339, P003743",SI Prakash Sharma,Chargesheeted
FIR202501709,FIR/1709/2025,PS0205,Chamarajanagar,2025-05-18 16:54,2025-05-18 21:54,Cyber Crime,Identity Theft,"IT Act 66D, BNS 318(4)",11.940243,76.774942,P001781,P001867,"P003017, P009984",SI Ganesh Rao,Chargesheeted
FIR202501714,FIR/1714/2025,PS0062,Belagavi,2025-05-18 22:00,2025-05-19 00:00,Burglary,Night House Breaking,"BNS 331(3), BNS 331(4)",15.745789,74.509738,P004014,P007693,P007434,PI Lakshmi Devi,Under Investigation
FIR202501610,FIR/1610/2025,PS0238,Chikkaballapura,2025-05-13 14:08,2025-05-19 01:08,Vehicle Theft,Car Theft,BNS 303(2),13.334789,77.926455,P006770,P008331,P003541,PI Lakshmi Devi,Chargesheeted
FIR202501715,FIR/1715/2025,PS0203,Chamarajanagar,2025-05-18 22:33,2025-05-19 01:33,Murder,Gang Conflict,BNS 103(1),11.902915,76.856111,P005374,P005160,P000069,SI Ravi Kumar,Chargesheeted
FIR202501708,FIR/1708/2025,PS0144,Bengaluru Urban,2025-05-18 16:08,2025-05-19 02:08,Cyber Crime,Phishing,"IT Act 66D, BNS 318(4)",12.812048,77.567973,P001210,P008763,P001754,PI Chetan Kumar,Chargesheeted
FIR202501682,FIR/1682/2025,PS0184,Bidar,2025-05-16 20:06,2025-05-19 04:06,Assault,Simple Assault,"BNS 115(2), BNS 117(2)",17.915107,77.608207,P002167,P001636,P000571,PI Harish Naik,Untraced
FIR202501675,FIR/1675/2025,PS0111,Bengaluru Urban,2025-05-16 05:31,2025-05-19 06:31,NDPS,Drug Trafficking,NDPS Act Sec 20(b),12.764611,77.576906,P001158,P003966,"P000017, P004840",SI Prakash Sharma,Chargesheeted
FIR202501700,FIR/1700/2025,PS0031,Ballari,2025-05-17 20:01,2025-05-19 07:01,Dacoity,Bank Dacoity,BNS 310(2),14.974584,77.080798,P005769,P002748,P001401,PI Ramesh Gowda,Chargesheeted
FIR202501718,FIR/1718/2025,PS0025,Bagalkote,2025-05-19 00:10,2025-05-19 07:10,Theft,House Theft,BNS 303(2),16.325873,75.865098,P001723,P002589,P005860,SI Ganesh Rao,Under Investigation
FIR202501716,FIR/1716/2025,PS0131,Bengaluru Urban,2025-05-18 22:48,2025-05-19 08:48,Dacoity,Bank Dacoity,BNS 310(2),12.994707,77.620831,P007343,P008554,P001228,SI Ganesh Rao,Chargesheeted
FIR202501705,FIR/1705/2025,PS0215,Chamarajanagar,2025-05-18 03:19,2025-05-19 09:19,Theft,House Theft,BNS 303(2),11.866255,76.973412,P006530,P008204,P002152,SI Ganesh Rao,Under Investigation
FIR202501687,FIR/1687/2025,PS0045,Ballari,2025-05-17 05:21,2025-05-19 13:21,Assault,Grievous Hurt,"BNS 115(2), BNS 117(2)",15.005884,76.874521,P000983,P000392,P001628,PI Lakshmi Devi,Untraced
FIR202501725,FIR/1725/2025,PS0031,Ballari,2025-05-19 12:41,2025-05-19 14:41,Assault,Grievous Hurt,"BNS 115(2), BNS 117(2)",14.965527,77.115649,P004694,P008627,P003380,SI Divya Hegde,Chargesheeted
FIR202501634,FIR/1634/2025,PS0007,Bagalkote,2025-05-14 15:12,2025-05-19 16:12,Robbery,Chain Snatching with Force,BNS 309(4),16.07223,75.62053,P008268,P007749,P002964,PI Naveen Patil,Untraced
FIR202501721,FIR/1721/2025,PS0060,Belagavi,2025-05-19 05:00,2025-05-19 17:00,Burglary,Night House Breaking,"BNS 331(3), BNS 331(4)",16.023953,74.519237,P003800,P007280,P002974,SI Mahesh Bhat,Chargesheeted
FIR202501722,FIR/1722/2025,PS0028,Ballari,2025-05-19 07:14,2025-05-19 18:14,Dacoity,Bank Dacoity,BNS 310(2),15.039963,76.865201,P006763,P001926,P007060,PI Suresh Kulkarni,Under Investigation
FIR202501707,FIR/1707/2025,PS0172,Bidar,2025-05-18 12:58,2025-05-19 19:58,Assault,Grievous Hurt,"BNS 115(2), BNS 117(2)",17.963573,77.492913,P000585,P009285,P006856,SI Divya Hegde,Under Investigation
FIR202501698,FIR/1698/2025,PS0081,Bengaluru Rural,2025-05-17 13:02,2025-05-19 22:02,Fraud,Corporate Fraud,BNS 318(4),13.179968,77.585731,P001359,P007919,P007705,PI Suresh Kulkarni,Under Investigation
FIR202501699,FIR/1699/2025,PS0108,Bengaluru Rural,2025-05-17 13:16,2025-05-19 23:16,Fraud,Land Scam,BNS 318(4),13.195379,77.451026,P004726,P000987,P007975,PI Lakshmi Devi,Chargesheeted
FIR202501726,FIR/1726/2025,PS0210,Chamarajanagar,2025-05-19 13:51,2025-05-19 23:51,Vehicle Theft,Car Theft,BNS 303(2),11.986164,76.815034,P004076,P005771,P001170,PI Naveen Patil,Chargesheeted
FIR202501729,FIR/1729/2025,PS0042,Ballari,2025-05-19 16:17,2025-05-20 00:17,POCSO,Harassment,"POCSO Act Sec 4, BNS 64",15.031659,76.985103,P004550,P004078,P007432,PI Naveen Patil,Under Investigation
FIR202501727,FIR/1727/2025,PS0045,Ballari,2025-05-19 14:32,2025-05-20 01:32,Assault,Public Affray,"BNS 115(2), BNS 117(2)",14.975588,76.882528,P006092,P001586,P000764,SI Ganesh Rao,Under Investigation
FIR202501731,FIR/1731/2025,PS0036,Ballari,2025-05-19 17:47,2025-05-20 02:47,Murder,Gang Conflict,BNS 103(1),15.271845,76.758064,P008732,P001564,P004779,SI Ganesh Rao,Under Investigation
FIR202501732,FIR/1732/2025,PS0049,Belagavi,2025-05-19 17:52,2025-05-20 02:52,Assault,Public Affray,"BNS 115(2), BNS 117(2)",15.919602,74.546199,P007317,P009348,P005473,SI Divya Hegde,Chargesheeted
FIR202501719,FIR/1719/2025,PS0047,Belagavi,2025-05-19 04:37,2025-05-20 07:37,Vehicle Theft,Car Theft,BNS 303(2),15.945185,74.53372,P009710,P002002,P001064,SI Ravi Kumar,Under Investigation
FIR202501712,FIR/1712/2025,PS0048,Belagavi,2025-05-18 20:03,2025-05-20 08:03,Dacoity,Armed Dacoity,BNS 310(2),15.716736,74.473285,P003024,P002588,P005183,SI Divya Hegde,Under Investigation
FIR202501738,FIR/1738/2025,PS0026,Ballari,2025-05-20 05:49,2025-05-20 08:49,Burglary,Night House Breaking,"BNS 331(3), BNS 331(4)",15.217353,76.966447,P002264,P008092,P007497,PI Ramesh Gowda,Chargesheeted
FIR202501734,FIR/1734/2025,PS0044,Ballari,2025-05-20 01:56,2025-05-20 08:56,Assault,Simple Assault,"BNS 115(2), BNS 117(2)",15.280469,76.916819,P000835,P001877,P006201,SI Divya Hegde,Untraced
FIR202501735,FIR/1735/2025,PS0039,Ballari,2025-05-20 02:32,2025-05-20 09:32,Dacoity,Armed Dacoity,BNS 310(2),15.332912,76.925601,P001572,P006994,P007963,SI Prakash Sharma,Chargesheeted
FIR202501672,FIR/1672/2025,PS0066,Belagavi,2025-05-16 02:03,2025-05-20 10:03,Murder,Dowry Homicide,BNS 103(1),15.961967,74.642373,P006768,P001348,P002369,SI Prakash Sharma,Under Investigation
FIR202501736,FIR/1736/2025,PS0121,Bengaluru Urban,2025-05-20 03:46,2025-05-20 11:46,Cyber Crime,Financial Fraud,"IT Act 66D, BNS 318(4)",13.087406,77.49636,P002065,P008693,P001316,PI Ramesh Gowda,Chargesheeted
FIR202501673,FIR/1673/2025,PS0058,Belagavi,2025-05-16 03:59,2025-05-20 14:59,Dacoity,Armed Dacoity,BNS 310(2),15.687215,74.409381,P002015,P004902,P002481,SI Prakash Sharma,Chargesheeted
FIR202501737,FIR/1737/2025,PS0123,Bengaluru Urban,2025-05-20 04:53,2025-05-20 16:53,Assault,Public Affray,"BNS 115(2), BNS 117(2)",13.000311,77.469618,P007404,P004672,P007033,SI Divya Hegde,Chargesheeted
FIR202501743,FIR/1743/2025,PS0001,Bagalkote,2025-05-20 15:54,2025-05-20 18:54,Assault,Simple Assault,"BNS 115(2), BNS 117(2)",16.197021,75.572267,P003378,P007228,P007293,PI Naveen Patil,Untraced
FIR202501723,FIR/1723/2025,PS0214,Chamarajanagar,2025-05-19 10:38,2025-05-20 19:38,Murder,Personal Enmity,BNS 103(1),11.945948,76.855151,P008022,P001837,P000008,PI Naveen Patil,Under Investigation
FIR202501749,FIR/1749/2025,PS0050,Belagavi,2025-05-20 21:43,2025-05-20 22:43,Burglary,Day Burglary,"BNS 331(3), BNS 331(4)",15.705382,74.310807,P001900,P001753,P003598,PI Harish Naik,Chargesheeted
FIR202501744,FIR/1744/2025,PS0091,Bengaluru Rural,2025-05-20 18:05,2025-05-21 02:05,Vehicle Theft,Car Theft,BNS 303(2),13.059755,77.646284,P000119,P002269,P002462,PI Ramesh Gowda,Chargesheeted
FIR202501733,FIR/1733/2025,PS0008,Bagalkote,2025-05-19 22:38,2025-05-21 03:38,POCSO,Harassment,"POCSO Act Sec 4, BNS 64",16.245602,75.513128,P006349,P000839,P002448,SI Ganesh Rao,Chargesheeted
FIR202501748,FIR/1748/2025,PS0186,Bidar,2025-05-20 20:56,2025-05-21 06:56,Murder,Gang Conflict,BNS 103(1),17.726165,77.515289,P006221,P002786,P000264,SI Ganesh Rao,Under Investigation
FIR202501747,FIR/1747/2025,PS0019,Bagalkote,2025-05-20 20:30,2025-05-21 07:30,Assault,Public Affray,"BNS 115(2), BNS 117(2)",16.027023,75.867107,P009421,P009660,P007949,PI Chetan Kumar,Chargesheeted
FIR202501717,FIR/1717/2025,PS0049,Belagavi,2025-05-18 23:46,2025-05-21 09:46,NDPS,Drug Trafficking,NDPS Act Sec 20(b),15.904243,74.536642,P001921,P005340,P006719,PI Chetan Kumar,Chargesheeted
FIR202501739,FIR/1739/2025,PS0061,Belagavi,2025-05-20 09:08,2025-05-21 16:08,Murder,Dowry Homicide,BNS 103(1),16.007097,74.414544,P005705,P007813,P002789,SI Prakash Sharma,Chargesheeted
FIR202501730,FIR/1730/2025,PS0046,Belagavi,2025-05-19 16:34,2025-05-21 20:34,Dacoity,Armed Dacoity,BNS 310(2),15.784094,74.53638,P009241,P001818,P007073,SI Ravi Kumar,Chargesheeted
FIR202501742,FIR/1742/2025,PS0161,Bidar,2025-05-20 15:46,2025-05-21 21:46,Robbery,Highway Robbery,BNS 309(4),17.989164,77.505447,P000081,P001208,"P007461, P009866",SI Ravi Kumar,Chargesheeted
FIR202501710,FIR/1710/2025,PS0112,Bengaluru Urban,2025-05-18 18:16,2025-05-21 22:16,Fraud,Cheating,BNS 318(4),13.093658,77.585915,P009079,P003462,P009023,PI Suresh Kulkarni,Chargesheeted
FIR202501741,FIR/1741/2025,PS0040,Ballari,2025-05-20 15:40,2025-05-21 22:40,NDPS,Possession of Narcotics,NDPS Act Sec 20(b),15.313006,76.823363,P005516,P006354,P002572,SI Divya Hegde,Chargesheeted
FIR202501740,FIR/1740/2025,PS0032,Ballari,2025-05-20 15:12,2025-05-22 01:12,Assault,Simple Assault,"BNS 115(2), BNS 117(2)",15.164116,76.901866,P008569,P005684,P009038,PI Lakshmi Devi,Chargesheeted
FIR202501762,FIR/1762/2025,PS0195,Chamarajanagar,2025-05-22 00:22,2025-05-22 06:22,Vehicle Theft,Car Theft,BNS 303(2),11.888461,77.050667,P000987,P006364,P003342,PI Harish Naik,Under Investigation
FIR202501761,FIR/1761/2025,PS0078,Bengaluru Rural,2025-05-21 23:44,2025-05-22 07:44,NDPS,Possession of Narcotics,NDPS Act Sec 20(b),13.131515,77.577206,P006900,P007618,P001575,PI Naveen Patil,Under Investigation
FIR202501752,FIR/1752/2025,PS0100,Bengaluru Rural,2025-05-21 00:35,2025-05-22 11:35,Burglary,Day Burglary,"BNS 331(3), BNS 331(4)",13.158707,77.534326,P009447,P006290,P000903,SI Prakash Sharma,Under Investigation
FIR202501756,FIR/1756/2025,PS0042,Ballari,2025-05-21 10:34,2025-05-22 16:34,Assault,Public Affray,"BNS 115(2), BNS 117(2)",15.037598,77.021112,P000149,P006693,P007511,SI Divya Hegde,Under Investigation
FIR202501765,FIR/1765/2025,PS0061,Belagavi,2025-05-22 07:45,2025-05-22 16:45,Cyber Crime,Identity Theft,"IT Act 66D, BNS 318(4)",16.0317,74.401684,P005608,P001018,P001559,PI Suresh Kulkarni,Under Investigation
FIR202501720,FIR/1720/2025,PS0039,Ballari,2025-05-19 04:57,2025-05-22 16:57,Assault,Simple Assault,"BNS 115(2), BNS 117(2)",15.32081,76.93346,P002754,P009820,P009093,SI Mahesh Bhat,Chargesheeted
FIR202501757,FIR/1757/2025,PS0008,Bagalkote,2025-05-21 14:03,2025-05-22 18:03,Cyber Crime,Phishing,"IT Act 66D, BNS 318(4)",16.258558,75.520368,P008255,P009944,P000431,PI Ramesh Gowda,Chargesheeted
FIR202501767,FIR/1767/2025,PS0143,Bengaluru Urban,2025-05-22 12:21,2025-05-22 18:21,Murder,Dowry Homicide,BNS 103(1),12.771018,77.389734,P002033,P007851,P004831,SI Mahesh Bhat,Chargesheeted
FIR202501770,FIR/1770/2025,PS0075,Bengaluru Rural,2025-05-22 15:25,2025-05-22 20:25,Assault,Public Affray,"BNS 115(2), BNS 117(2)",13.202883,77.500974,P006756,P007100,P001775,SI Divya Hegde,Chargesheeted
FIR202501771,FIR/1771/2025,PS0136,Bengaluru Urban,2025-05-22 17:01,2025-05-22 22:01,Murder,Dowry Homicide,BNS 103(1),12.823887,77.620939,P009375,P002653,P005766,PI Harish Naik,Chargesheeted
FIR202501745,FIR/1745/2025,PS0019,Bagalkote,2025-05-20 18:51,2025-05-22 23:51,Dacoity,Armed Dacoity,BNS 310(2),16.046247,75.886618,P006632,P006677,P001852,PI Lakshmi Devi,Untraced
FIR202501776,FIR/1776/2025,PS0189,Bidar,2025-05-22 21:40,2025-05-23 00:40,Assault,Public Affray,"BNS 115(2), BNS 117(2)",17.91884,77.398712,P006289,P007878,P007610,PI Suresh Kulkarni,Under Investigation
FIR202501769,FIR/1769/2025,PS0221,Chamarajanagar,2025-05-22 15:15,2025-05-23 01:15,Vehicle Theft,Car Theft,BNS 303(2),12.048407,77.094548,P001734,P005733,P009775,PI Ramesh Gowda,Chargesheeted
FIR202501759,FIR/1759/2025,PS0075,Bengaluru Rural,2025-05-21 16:21,2025-05-23 01:21,Vehicle Theft,Car Theft,BNS 303(2),13.194857,77.516777,P004184,P000139,P005352,PI Chetan Kumar,Under Investigation
FIR202501746,FIR/1746/2025,PS0034,Ballari,2025-05-20 19:24,2025-05-23 01:24,Assault,Public Affray,"BNS 115(2), BNS 117(2)",15.009999,77.084549,P006782,P007174,P004592,PI Suresh Kulkarni,Under Investigation
FIR202501711,FIR/1711/2025,PS0056,Belagavi,2025-05-18 18:22,2025-05-23 02:22,Assault,Public Affray,"BNS 115(2), BNS 117(2)",15.749739,74.620074,P007881,P002060,P003099,SI Prakash Sharma,Under Investigation
FIR202501779,FIR/1779/2025,PS0061,Belagavi,2025-05-23 01:01,2025-05-23 04:01,Burglary,Night House Breaking,"BNS 331(3), BNS 331(4)",16.034321,74.398113,P001556,P005257,P000990,PI Chetan Kumar,Chargesheeted
FIR202501774,FIR/1774/2025,PS0153,Bidar,2025-05-22 20:12,2025-05-23 05:12,Assault,Grievous Hurt,"BNS 115(2), BNS 117(2)",17.752085,77.360599,P000629,P008595,P006266,SI Divya Hegde,Under Investigation
FIR202501713,FIR/1713/2025,PS0116,Bengaluru Urban,2025-05-18 21:24,2025-05-23 07:24,Vehicle Theft,Two-Wheeler Theft,BNS 303(2),12.98389,77.552345,P009652,P007472,P003118,PI Harish Naik,Chargesheeted
FIR202501763,FIR/1763/2025,PS0131,Bengaluru Urban,2025-05-22 05:12,2025-05-23 08:12,Fraud,Land Scam,BNS 318(4),13.009602,77.615395,P006910,P000024,P004289,SI Prakash Sharma,Under Investigation
FIR202501780,FIR/1780/2025,PS0027,Ballari,2025-05-23 02:00,2025-05-23 13:00,Dacoity,Bank Dacoity,BNS 310(2),15.059493,77.059479,P009778,P003343,P009070,PI Naveen Patil,Chargesheeted
FIR202501766,FIR/1766/2025,PS0054,Belagavi,2025-05-22 10:45,2025-05-23 16:45,Robbery,Chain Snatching with Force,BNS 309(4),15.89831,74.674906,P009237,P006607,P000769,SI Ganesh Rao,Chargesheeted
FIR202501724,FIR/1724/2025,PS0036,Ballari,2025-05-19 12:06,2025-05-23 17:06,Murder,Gang Conflict,BNS 103(1),15.264521,76.777966,P004221,P004448,P002502,SI Ganesh Rao,Chargesheeted
FIR202501773,FIR/1773/2025,PS0066,Belagavi,2025-05-22 19:32,2025-05-23 20:32,Cyber Crime,Phishing,"IT Act 66D, BNS 318(4)",15.940382,74.638124,P007453,P002748,P006585,PI Naveen Patil,Chargesheeted
FIR202501789,FIR/1789/2025,PS0066,Belagavi,2025-05-23 20:27,2025-05-23 21:27,Theft,House Theft,BNS 303(2),15.946408,74.635224,P000194,P006921,P001549,SI Prakash Sharma,Chargesheeted
FIR202501758,FIR/1758/2025,PS0200,Chamarajanagar,2025-05-21 14:55,2025-05-24 00:55,POCSO,Harassment,"POCSO Act Sec 4, BNS 64",11.791521,77.022887,P002868,P009678,P004784,SI Ravi Kumar,Chargesheeted
FIR202501750,FIR/1750/2025,PS0037,Ballari,2025-05-20 22:14,2025-05-24 01:14,Theft,Snatching,BNS 303(2),15.08761,77.047944,P000892,P000535,P004280,SI Mahesh Bhat,Under Investigation
FIR202501778,FIR/1778/2025,PS0118,Bengaluru Urban,2025-05-23 00:56,2025-05-24 01:56,Assault,Public Affray,"BNS 115(2), BNS 117(2)",12.789673,77.703015,P005812,P007884,P001094,PI Harish Naik,Untraced
FIR202501792,FIR/1792/2025,PS0088,Bengaluru Rural,2025-05-24 00:22,2025-05-24 04:22,Theft,Snatching,BNS 303(2),13.042414,77.405869,P006942,P003936,P007998,PI Lakshmi Devi,Chargesheeted
FIR202501760,FIR/1760/2025,PS0018,Bagalkote,2025-05-21 18:28,2025-05-24 04:28,Burglary,Night House Breaking,"BNS 331(3), BNS 331(4)",16.197528,75.775864,P002597,P004406,P003395,SI Mahesh Bhat,Under Investigation
FIR202501796,FIR/1796/2025,PS0032,Ballari,2025-05-24 04:29,2025-05-24 07:29,Assault,Grievous Hurt,"BNS 115(2), BNS 117(2)",15.142527,76.892477,P001913,P002330,P000011,SI Prakash Sharma,Under Investigation
FIR202501791,FIR/1791/2025,PS0050,Belagavi,2025-05-23 21:35,2025-05-24 07:35,Theft,Snatching,BNS 303(2),15.71152,74.30897,P004824,P003705,P006866,PI Harish Naik,Chargesheeted
FIR202501775,FIR/1775/2025,PS0180,Bidar,2025-05-22 21:10,2025-05-24 08:10,Assault,Simple Assault,"BNS 115(2), BNS 117(2)",18.057502,77.435067,P004435,P003124,P008886,PI Ramesh Gowda,Chargesheeted
FIR202501794,FIR/1794/2025,PS0094,Bengaluru Rural,2025-05-24 02:14,2025-05-24 10:14,Robbery,Chain Snatching with Force,BNS 309(4),13.05828,77.678544,P003848,P000050,P001762,PI Suresh Kulkarni,Under Investigation
FIR202501753,FIR/1753/2025,PS0033,Ballari,2025-05-21 04:17,2025-05-24 10:17,Burglary,Night House Breaking,"BNS 331(3), BNS 331(4)",15.04076,76.829906,P004989,P007072,P001789,PI Harish Naik,Under Investigation
FIR202501795,FIR/1795/2025,PS0066,Belagavi,2025-05-24 04:07,2025-05-24 12:07,Vehicle Theft,Car Theft,BNS 303(2),15.96121,74.621694,P001323,P001695,P000106,SI Ravi Kumar,Chargesheeted
FIR202501803,FIR/1803/2025,PS0138,Bengaluru Urban,2025-05-24 08:07,2025-05-24 13:07,Fraud,Land Scam,BNS 318(4),13.14762,77.44607,P005941,P006249,P002188,SI Divya Hegde,Chargesheeted
FIR202501754,FIR/1754/2025,PS0075,Bengaluru Rural,2025-05-21 08:17,2025-05-24 13:17,Vehicle Theft,Car Theft,BNS 303(2),13.179718,77.533364,P003623,P003732,P006431,PI Chetan Kumar,Chargesheeted
FIR202501785,FIR/1785/2025,PS0234,Chamarajanagar,2025-05-23 11:45,2025-05-24 13:45,Dacoity,Armed Dacoity,BNS 310(2),11.998463,76.846471,P009285,P003719,"P003198, P002324",PI Ramesh Gowda,Closed
FIR202501800,FIR/1800/2025,PS0019,Bagalkote,2025-05-24 07:05,2025-05-24 14:05,Assault,Grievous Hurt,"BNS 115(2), BNS 117(2)",16.062739,75.876365,P008386,P000518,P005326,PI Lakshmi Devi,Under Investigation
FIR202501798,FIR/1798/2025,PS0075,Bengaluru Rural,2025-05-24 05:02,2025-05-24 15:02,Cyber Crime,Phishing,"IT Act 66D, BNS 318(4)",13.213229,77.504056,P003550,P006080,P006704,SI Divya Hegde,Under Investigation
FIR202501804,FIR/1804/2025,PS0068,Belagavi,2025-05-24 10:37,2025-05-24 15:37,Robbery,Highway Robbery,BNS 309(4),16.043483,74.361543,P009121,P007597,P006334,PI Chetan Kumar,Under Investigation
FIR202501799,FIR/1799/2025,PS0090,Bengaluru Rural,2025-05-24 05:09,2025-05-24 16:09,Robbery,Highway Robbery,BNS 309(4),13.416071,77.480619,P005293,P009274,P007852,PI Ramesh Gowda,Under Investigation
FIR202501805,FIR/1805/2025,PS0132,Bengaluru Urban,2025-05-24 11:22,2025-05-24 16:22,Fraud,Land Scam,BNS 318(4),12.985012,77.660293,P005195,P005403,P007498,PI Chetan Kumar,Chargesheeted
FIR202501755,FIR/1755/2025,PS0003,Bagalkote,2025-05-21 10:23,2025-05-24 16:23,Murder,Dowry Homicide,BNS 103(1),16.339984,75.855684,P005332,P005495,P000660,SI Ganesh Rao,Closed
FIR202501806,FIR/1806/2025,PS0250,Chikkaballapura,2025-05-24 14:03,2025-05-24 21:03,Assault,Simple Assault,"BNS 115(2), BNS 117(2)",13.555199,77.79791,P004508,P005250,P005807,PI Suresh Kulkarni,Under Investigation
FIR202501728,FIR/1728/2025,PS0121,Bengaluru Urban,2025-05-19 16:03,2025-05-25 02:03,Dacoity,Armed Dacoity,BNS 310(2),13.102198,77.495491,P001977,P009141,P006699,SI Ganesh Rao,Chargesheeted
FIR202501813,FIR/1813/2025,PS0050,Belagavi,2025-05-25 00:39,2025-05-25 04:39,Theft,House Theft,BNS 303(2),15.711613,74.296725,P004271,P005896,P008758,SI Ganesh Rao,Closed
FIR202501790,FIR/1790/2025,PS0031,Ballari,2025-05-23 21:28,2025-05-25 06:28,Murder,Personal Enmity,BNS 103(1),14.989534,77.116727,P005790,P002336,P006308,SI Prakash Sharma,Chargesheeted
FIR202501814,FIR/1814/2025,PS0038,Ballari,2025-05-25 01:30,2025-05-25 09:30,Vehicle Theft,Car Theft,BNS 303(2),15.072347,77.061994,P006265,P009511,"P004277, P008639",PI Chetan Kumar,Closed
FIR202501751,FIR/1751/2025,PS0076,Bengaluru Rural,2025-05-21 00:34,2025-05-25 09:34,POCSO,Harassment,"POCSO Act Sec 4, BNS 64",13.313064,77.78046,P001540,P001495,P007058,PI Naveen Patil,Closed
FIR202501777,FIR/1777/2025,PS0044,Ballari,2025-05-22 23:35,2025-05-25 09:35,Cyber Crime,Phishing,"IT Act 66D, BNS 318(4)",15.27955,76.921707,P008864,P008433,P009975,PI Lakshmi Devi,Chargesheeted
FIR202501783,FIR/1783/2025,PS0224,Chamarajanagar,2025-05-23 05:57,2025-05-25 11:57,Assault,Public Affray,"BNS 115(2), BNS 117(2)",11.861023,76.803586,P007941,P001435,P004860,SI Divya Hegde,Untraced
FIR202501802,FIR/1802/2025,PS0163,Bidar,2025-05-24 07:59,2025-05-25 12:59,Assault,Grievous Hurt,"BNS 115(2), BNS 117(2)",17.941033,77.578814,P007898,P006264,P001145,SI Mahesh Bhat,Chargesheeted
FIR202501816,FIR/1816/2025,PS0003,Bagalkote,2025-05-25 09:14,2025-05-25 15:14,Assault,Grievous Hurt,"BNS 115(2), BNS 117(2)",16.335562,75.873276,P001428,P001500,P000850,PI Suresh Kulkarni,Chargesheeted
FIR202501787,FIR/1787/2025,PS0029,Ballari,2025-05-23 15:14,2025-05-25 17:14,Assault,Public Affray,"BNS 115(2), BNS 117(2)",14.991729,76.894756,P007805,P009807,P006644,PI Lakshmi Devi,Chargesheeted
FIR202501764,FIR/1764/2025,PS0063,Belagavi,2025-05-22 06:56,2025-05-25 17:56,Burglary,Day Burglary,"BNS 331(3), BNS 331(4)",16.011161,74.686877,P007574,P007986,P006036,PI Naveen Patil,Chargesheeted
FIR202501821,FIR/1821/2025,PS0060,Belagavi,2025-05-25 17:19,2025-05-25 18:19,Burglary,Night House Breaking,"BNS 331(3), BNS 331(4)",16.027979,74.526654,P002768,P005392,P003471,PI Suresh Kulkarni,Untraced
FIR202501788,FIR/1788/2025,PS0153,Bidar,2025-05-23 15:40,2025-05-25 19:40,Assault,Simple Assault,"BNS 115(2), BNS 117(2)",17.763236,77.325794,P009128,P007738,P006499,SI Ganesh Rao,Under Investigation
FIR202501808,FIR/1808/2025,PS0016,Bagalkote,2025-05-24 15:45,2025-05-25 23:45,Cyber Crime,Financial Fraud,"IT Act 66D, BNS 318(4)",15.985726,75.661384,P006788,P006298,P000327,SI Ravi Kumar,Untraced
FIR202501826,FIR/1826/2025,PS0005,Bagalkote,2025-05-25 22:22,2025-05-26 00:22,Burglary,Day Burglary,"BNS 331(3), BNS 331(4)",16.143866,75.593019,P009338,P002319,P004312,PI Naveen Patil,Chargesheeted
FIR202501793,FIR/1793/2025,PS0047,Belagavi,2025-05-24 00:23,2025-05-26 02:23,Dacoity,Armed Dacoity,BNS 310(2),15.969303,74.547691,P008699,P009279,P007608,PI Harish Naik,Chargesheeted
FIR202501772,FIR/1772/2025,PS0236,Chikkaballapura,2025-05-22 19:31,2025-05-26 02:31,Assault,Grievous Hurt,"BNS 115(2), BNS 117(2)",13.627893,77.915325,P006470,P009442,P005431,PI Chetan Kumar,Chargesheeted
FIR202501824,FIR/1824/2025,PS0153,Bidar,2025-05-25 20:43,2025-05-26 02:43,Murder,Personal Enmity,BNS 103(1),17.766067,77.357371,P001939,P007536,P007772,PI Lakshmi Devi,Chargesheeted
FIR202501811,FIR/1811/2025,PS0033,Ballari,2025-05-24 19:46,2025-05-26 03:46,Assault,Public Affray,"BNS 115(2), BNS 117(2)",15.006992,76.829018,P001711,P001030,"P007207, P007742",PI Chetan Kumar,Under Investigation
FIR202501822,FIR/1822/2025,PS0057,Belagavi,2025-05-25 18:40,2025-05-26 05:40,Robbery,Highway Robbery,BNS 309(4),15.694488,74.426886,P007105,P009577,P003368,SI Ravi Kumar,Chargesheeted
FIR202501797,FIR/1797/2025,PS0143,Bengaluru Urban,2025-05-24 04:37,2025-05-26 06:37,Fraud,Corporate Fraud,BNS 318(4),12.777402,77.415194,P009676,P007583,P003937,SI Mahesh Bhat,Under Investigation
FIR202501829,FIR/1829/2025,PS0181,Bidar,2025-05-26 03:11,2025-05-26 07:11,Assault,Simple Assault,"BNS 115(2), BNS 117(2)",18.01059,77.388649,P009664,P001789,P005686,SI Ganesh Rao,Under Investigation
FIR202501781,FIR/1781/2025,PS0138,Bengaluru Urban,2025-05-23 03:18,2025-05-26 09:18,Robbery,Highway Robbery,BNS 309(4),13.165156,77.450174,P005070,P002703,P007863,SI Ganesh Rao,Under Investigation
FIR202501812,FIR/1812/2025,PS0132,Bengaluru Urban,2025-05-24 23:29,2025-05-26 11:29,Fraud,Cheating,BNS 318(4),13.011885,77.66687,P008563,P004123,P003467,PI Harish Naik,Chargesheeted
FIR202501830,FIR/1830/2025,PS0100,Bengaluru Rural,2025-05-26 05:08,2025-05-26 13:08,Assault,Simple Assault,"BNS 115(2), BNS 117(2)",13.150036,77.523018,P008831,P003530,"P007220, P001275",PI Chetan Kumar,Chargesheeted
FIR202501782,FIR/1782/2025,PS0250,Chikkaballapura,2025-05-23 03:58,2025-05-26 14:58,Cyber Crime,Financial Fraud,"IT Act 66D, BNS 318(4)",13.542684,77.806093,P003374,P006265,P002350,PI Harish Naik,Chargesheeted
FIR202501831,FIR/1831/2025,PS0034,Ballari,2025-05-26 08:35,2025-05-26 19:35,Assault,Simple Assault,"BNS 115(2), BNS 117(2)",14.98989,77.093526,P003983,P002088,P009609,SI Mahesh Bhat,Chargesheeted
FIR202501837,FIR/1837/2025,PS0182,Bidar,2025-05-26 18:32,2025-05-26 21:32,Cyber Crime,Identity Theft,"IT Act 66D, BNS 318(4)",17.916106,77.684459,P001808,P006216,P007581,PI Ramesh Gowda,Chargesheeted
FIR202501768,FIR/1768/2025,PS0061,Belagavi,2025-05-22 12:36,2025-05-26 23:36,Dacoity,Bank Dacoity,BNS 310(2),16.020693,74.416914,P009747,P003829,P009965,SI Ravi Kumar,Under Investigation
FIR202501825,FIR/1825/2025,PS0200,Chamarajanagar,2025-05-25 21:18,2025-05-27 00:18,NDPS,Possession of Narcotics,NDPS Act Sec 20(b),11.816349,77.0136,P008490,P003422,P004229,SI Prakash Sharma,Chargesheeted
FIR202501840,FIR/1840/2025,PS0104,Bengaluru Rural,2025-05-26 21:29,2025-05-27 03:29,Dacoity,Armed Dacoity,BNS 310(2),13.407148,77.54253,P001758,P000030,P008725,PI Chetan Kumar,Chargesheeted
FIR202501809,FIR/1809/2025,PS0171,Bidar,2025-05-24 16:06,2025-05-27 04:06,Cyber Crime,Financial Fraud,"IT Act 66D, BNS 318(4)",17.757691,77.555208,P008670,P002199,"P007332, P006045",PI Suresh Kulkarni,Under Investigation
FIR202501843,FIR/1843/2025,PS0060,Belagavi,2025-05-27 03:35,2025-05-27 05:35,Dacoity,Armed Dacoity,BNS 310(2),16.001964,74.531623,P003466,P005662,P007043,SI Ganesh Rao,Untraced
FIR202501844,FIR/1844/2025,PS0131,Bengaluru Urban,2025-05-27 05:27,2025-05-27 06:27,Fraud,Corporate Fraud,BNS 318(4),12.99305,77.63564,P009545,P003718,"P008433, P005471",PI Harish Naik,Chargesheeted
FIR202501801,FIR/1801/2025,PS0049,Belagavi,2025-05-24 07:19,2025-05-27 09:19,Assault,Public Affray,"BNS 115(2), BNS 117(2)",15.914993,74.544815,P001114,P000182,P003204,PI Harish Naik,Under Investigation
FIR202501815,FIR/1815/2025,PS0087,Bengaluru Rural,2025-05-25 02:57,2025-05-27 09:57,Murder,Personal Enmity,BNS 103(1),13.141835,77.521463,P005530,P004162,P007413,PI Ramesh Gowda,Under Investigation
FIR202501827,FIR/1827/2025,PS0052,Belagavi,2025-05-26 00:44,2025-05-27 12:44,Murder,Personal Enmity,BNS 103(1),15.930803,74.310369,P005274,P008845,P008522,SI Prakash Sharma,Untraced
FIR202501834,FIR/1834/2025,PS0095,Bengaluru Rural,2025-05-26 12:16,2025-05-27 13:16,Fraud,Cheating,BNS 318(4),13.080975,77.390081,P003963,P009710,P007224,SI Ravi Kumar,Under Investigation
FIR202501847,FIR/1847/2025,PS0084,Bengaluru Rural,2025-05-27 09:20,2025-05-27 14:20,POCSO,Sexual Assault on Minor,"POCSO Act Sec 4, BNS 64",13.171689,77.567943,P005054,P004156,P005519,PI Naveen Patil,Chargesheeted
FIR202501848,FIR/1848/2025,PS0172,Bidar,2025-05-27 10:19,2025-05-27 17:19,Vehicle Theft,Two-Wheeler Theft,BNS 303(2),17.952246,77.467132,P003083,P001725,P004959,PI Harish Naik,Under Investigation
FIR202501836,FIR/1836/2025,PS0055,Belagavi,2025-05-26 15:51,2025-05-27 17:51,Dacoity,Bank Dacoity,BNS 310(2),15.846806,74.344771,P008933,P003920,P009423,PI Suresh Kulkarni,Chargesheeted
FIR202501846,FIR/1846/2025,PS0174,Bidar,2025-05-27 08:39,2025-05-27 18:39,Assault,Simple Assault,"BNS 115(2), BNS 117(2)",17.88124,77.568619,P002239,P004092,P008410,PI Naveen Patil,Chargesheeted
FIR202501832,FIR/1832/2025,PS0064,Belagavi,2025-05-26 08:57,2025-05-27 18:57,Assault,Grievous Hurt,"BNS 115(2), BNS 117(2)",15.89771,74.339261,P003194,P006842,P000656,PI Naveen Patil,Chargesheeted
FIR202501849,FIR/1849/2025,PS0083,Bengaluru Rural,2025-05-27 11:01,2025-05-27 20:01,Vehicle Theft,Two-Wheeler Theft,BNS 303(2),13.246999,77.569298,P006327,P000818,P001602,PI Lakshmi Devi,Chargesheeted
FIR202501852,FIR/1852/2025,PS0113,Bengaluru Urban,2025-05-27 17:38,2025-05-27 20:38,Dacoity,Armed Dacoity,BNS 310(2),13.178184,77.486621,P007815,P002166,P006958,PI Harish Naik,Under Investigation
FIR202501850,FIR/1850/2025,PS0057,Belagavi,2025-05-27 11:11,2025-05-27 22:11,Robbery,Chain Snatching with Force,BNS 309(4),15.667703,74.409764,P009240,P001150,P002916,PI Chetan Kumar,Chargesheeted
FIR202501817,FIR/1817/2025,PS0128,Bengaluru Urban,2025-05-25 12:35,2025-05-27 22:35,Vehicle Theft,Car Theft,BNS 303(2),13.010372,77.569325,P007419,P007875,P006158,PI Chetan Kumar,Under Investigation
FIR202501838,FIR/1838/2025,PS0065,Belagavi,2025-05-26 18:55,2025-05-27 22:55,Theft,Pocket Pick,BNS 303(2),15.763907,74.4279,P006490,P008852,P001875,SI Mahesh Bhat,Untraced
FIR202501786,FIR/1786/2025,PS0044,Ballari,2025-05-23 12:26,2025-05-28 00:26,Theft,Pocket Pick,BNS 303(2),15.297878,76.905374,P007771,P003664,P008134,PI Lakshmi Devi,Chargesheeted
FIR202501851,FIR/1851/2025,PS0205,Chamarajanagar,2025-05-27 15:23,2025-05-28 02:23,POCSO,Harassment,"POCSO Act Sec 4, BNS 64",11.961705,76.779369,P005514,P008771,P005361,PI Lakshmi Devi,Closed
FIR202501810,FIR/1810/2025,PS0234,Chamarajanagar,2025-05-24 19:09,2025-05-28 03:09,Vehicle Theft,Car Theft,BNS 303(2),12.001672,76.810942,P008413,P000802,P004640,PI Naveen Patil,Under Investigation
FIR202501820,FIR/1820/2025,PS0045,Ballari,2025-05-25 16:29,2025-05-28 04:29,POCSO,Sexual Assault on Minor,"POCSO Act Sec 4, BNS 64",14.99442,76.893314,P002650,P003725,P003896,SI Mahesh Bhat,Chargesheeted
FIR202501839,FIR/1839/2025,PS0017,Bagalkote,2025-05-26 19:39,2025-05-28 05:39,Assault,Grievous Hurt,"BNS 115(2), BNS 117(2)",16.2629,75.555254,P004788,P004737,P005118,SI Ganesh Rao,Chargesheeted
FIR202501856,FIR/1856/2025,PS0162,Bidar,2025-05-27 21:00,2025-05-28 06:00,Cyber Crime,Phishing,"IT Act 66D, BNS 318(4)",17.989979,77.479429,P004741,P006721,P007402,SI Mahesh Bhat,Chargesheeted
FIR202501842,FIR/1842/2025,PS0054,Belagavi,2025-05-27 00:35,2025-05-28 06:35,Burglary,Day Burglary,"BNS 331(3), BNS 331(4)",15.898388,74.688199,P000339,P009057,P008619,SI Divya Hegde,Under Investigation
FIR202501859,FIR/1859/2025,PS0154,Bidar,2025-05-28 04:26,2025-05-28 12:26,Fraud,Land Scam,BNS 318(4),17.889513,77.391158,P004054,P003946,P001261,PI Chetan Kumar,Under Investigation
FIR202501833,FIR/1833/2025,PS0181,Bidar,2025-05-26 09:34,2025-05-28 15:34,POCSO,Harassment,"POCSO Act Sec 4, BNS 64",17.99352,77.425091,P005533,P006319,"P004243, P007774",PI Chetan Kumar,Under Investigation
FIR202501860,FIR/1860/2025,PS0066,Belagavi,2025-05-28 05:47,2025-05-28 15:47,NDPS,Possession of Narcotics,NDPS Act Sec 20(b),15.940183,74.614138,P000909,P000422,P000118,SI Ganesh Rao,Under Investigation
FIR202501819,FIR/1819/2025,PS0058,Belagavi,2025-05-25 14:58,2025-05-28 15:58,Vehicle Theft,Car Theft,BNS 303(2),15.701356,74.401369,P000303,P009552,"P001703, P009537",PI Chetan Kumar,Chargesheeted
FIR202501865,FIR/1865/2025,PS0041,Ballari,2025-05-28 14:53,2025-05-28 18:53,Assault,Public Affray,"BNS 115(2), BNS 117(2)",15.258436,76.890547,P004960,P009453,P001004,SI Divya Hegde,Closed
FIR202501784,FIR/1784/2025,PS0063,Belagavi,2025-05-23 08:23,2025-05-28 19:23,Fraud,Land Scam,BNS 318(4),16.020518,74.671266,P001956,P001289,P001765,SI Prakash Sharma,Chargesheeted
FIR202501863,FIR/1863/2025,PS0216,Chamarajanagar,2025-05-28 13:41,2025-05-28 23:41,Vehicle Theft,Car Theft,BNS 303(2),11.765641,76.940382,P005220,P002246,P000273,SI Divya Hegde,Chargesheeted
FIR202501823,FIR/1823/2025,PS0053,Belagavi,2025-05-25 19:07,2025-05-29 01:07,Fraud,Corporate Fraud,BNS 318(4),15.876171,74.326794,P000972,P000281,P006109,PI Suresh Kulkarni,Chargesheeted
FIR202501841,FIR/1841/2025,PS0214,Chamarajanagar,2025-05-26 21:45,2025-05-29 01:45,NDPS,Possession of Narcotics,NDPS Act Sec 20(b),11.926565,76.823839,P006930,P001946,P006742,PI Naveen Patil,Chargesheeted
FIR202501866,FIR/1866/2025,PS0179,Bidar,2025-05-28 15:50,2025-05-29 02:50,Assault,Simple Assault,"BNS 115(2), BNS 117(2)",18.094544,77.373441,P005829,P002038,P002542,PI Lakshmi Devi,Chargesheeted
FIR202501855,FIR/1855/2025,PS0070,Bengaluru Rural,2025-05-27 19:59,2025-05-29 05:59,Assault,Public Affray,"BNS 115(2), BNS 117(2)",13.262481,77.776763,P009409,P009917,P002281,PI Chetan Kumar,Closed
FIR202501845,FIR/1845/2025,PS0143,Bengaluru Urban,2025-05-27 06:05,2025-05-29 11:05,Vehicle Theft,Car Theft,BNS 303(2),12.790329,77.425251,P004788,P005602,P009451,PI Lakshmi Devi,Chargesheeted
FIR202501828,FIR/1828/2025,PS0072,Bengaluru Rural,2025-05-26 01:59,2025-05-29 11:59,Assault,Simple Assault,"BNS 115(2), BNS 117(2)",13.289518,77.641643,P005117,P002184,P001611,PI Suresh Kulkarni,Untraced
FIR202501874,FIR/1874/2025,PS0237,Chikkaballapura,2025-05-29 09:49,2025-05-29 18:49,Cyber Crime,Financial Fraud,"IT Act 66D, BNS 318(4)",13.359509,77.636613,P005513,P004927,P005989,PI Ramesh Gowda,Closed
FIR202501872,FIR/1872/2025,PS0038,Ballari,2025-05-29 07:58,2025-05-29 18:58,Fraud,Corporate Fraud,BNS 318(4),15.083621,77.082561,P007013,P006696,P008903,SI Prakash Sharma,Chargesheeted
FIR202501861,FIR/1861/2025,PS0140,Bengaluru Urban,2025-05-28 08:41,2025-05-29 19:41,Burglary,Night House Breaking,"BNS 331(3), BNS 331(4)",13.055061,77.6478,P004276,P006488,P009353,PI Naveen Patil,Chargesheeted
FIR202501807,FIR/1807/2025,PS0250,Chikkaballapura,2025-05-24 14:45,2025-05-29 20:45,Vehicle Theft,Two-Wheeler Theft,BNS 303(2),13.569609,77.816262,P001228,P000853,P007495,SI Divya Hegde,Chargesheeted
FIR202501835,FIR/1835/2025,PS0057,Belagavi,2025-05-26 13:08,2025-05-29 21:08,Fraud,Land Scam,BNS 318(4),15.68063,74.413404,P002304,P005867,P008842,SI Ravi Kumar,Under Investigation
FIR202501867,FIR/1867/2025,PS0069,Belagavi,2025-05-28 15:52,2025-05-29 21:52,Assault,Public Affray,"BNS 115(2), BNS 117(2)",15.853125,74.328818,P002622,P000038,P005760,SI Divya Hegde,Under Investigation
FIR202501853,FIR/1853/2025,PS0066,Belagavi,2025-05-27 18:15,2025-05-29 22:15,Cyber Crime,Identity Theft,"IT Act 66D, BNS 318(4)",15.937779,74.640468,P000993,P007805,P007317,PI Naveen Patil,Untraced
FIR202501879,FIR/1879/2025,PS0125,Bengaluru Urban,2025-05-29 17:31,2025-05-30 00:31,Burglary,Night House Breaking,"BNS 331(3), BNS 331(4)",12.775592,77.726975,P004642,P006506,P006202,PI Chetan Kumar,Under Investigation
FIR202501864,FIR/1864/2025,PS0188,Bidar,2025-05-28 14:51,2025-05-30 00:51,Murder,Dowry Homicide,BNS 103(1),17.945228,77.688917,P007676,P009358,P006389,PI Ramesh Gowda,Under Investigation
FIR202501854,FIR/1854/2025,PS0037,Ballari,2025-05-27 18:35,2025-05-30 01:35,Assault,Public Affray,"BNS 115(2), BNS 117(2)",15.074812,77.032397,P002787,P004221,P004747,PI Lakshmi Devi,Chargesheeted
FIR202501880,FIR/1880/2025,PS0090,Bengaluru Rural,2025-05-29 19:57,2025-05-30 03:57,Dacoity,Bank Dacoity,BNS 310(2),13.409198,77.471116,P005303,P008748,P006523,SI Mahesh Bhat,Chargesheeted
FIR202501870,FIR/1870/2025,PS0043,Ballari,2025-05-29 02:15,2025-05-30 04:15,Murder,Personal Enmity,BNS 103(1),14.96979,76.968038,P006401,P002557,P008926,PI Suresh Kulkarni,Under Investigation
FIR202501857,FIR/1857/2025,PS0173,Bidar,2025-05-27 22:50,2025-05-30 04:50,Assault,Simple Assault,"BNS 115(2), BNS 117(2)",17.762206,77.581862,P002943,P005367,P007419,PI Ramesh Gowda,Chargesheeted
FIR202501868,FIR/1868/2025,PS0026,Ballari,2025-05-28 18:37,2025-05-30 05:37,Vehicle Theft,Two-Wheeler Theft,BNS 303(2),15.236529,76.984529,P005578,P006766,"P006295, P000582",PI Ramesh Gowda,Chargesheeted
FIR202501887,FIR/1887/2025,PS0195,Chamarajanagar,2025-05-30 00:49,2025-05-30 07:49,POCSO,Harassment,"POCSO Act Sec 4, BNS 64",11.877257,77.058607,P008589,P001449,P000477,SI Ravi Kumar,Under Investigation
FIR202501886,FIR/1886/2025,PS0069,Belagavi,2025-05-30 00:27,2025-05-30 09:27,Robbery,Chain Snatching with Force,BNS 309(4),15.819647,74.351029,P002674,P008858,P007759,PI Suresh Kulkarni,Chargesheeted
FIR202501883,FIR/1883/2025,PS0051,Belagavi,2025-05-29 21:42,2025-05-30 09:42,Vehicle Theft,Two-Wheeler Theft,BNS 303(2),15.992731,74.542695,P007176,P000277,P006521,PI Harish Naik,Chargesheeted
FIR202501869,FIR/1869/2025,PS0047,Belagavi,2025-05-29 02:12,2025-05-30 10:12,Theft,Pocket Pick,BNS 303(2),15.94783,74.544507,P007197,P006961,P000517,SI Ravi Kumar,Chargesheeted
FIR202501862,FIR/1862/2025,PS0081,Bengaluru Rural,2025-05-28 12:51,2025-05-30 13:51,Robbery,Chain Snatching with Force,BNS 309(4),13.200161,77.593381,P008432,P009119,P008405,SI Ganesh Rao,Untraced
FIR202501893,FIR/1893/2025,PS0058,Belagavi,2025-05-30 14:16,2025-05-30 16:16,Dacoity,Bank Dacoity,BNS 310(2),15.707495,74.408753,P009744,P008395,P009073,PI Ramesh Gowda,Chargesheeted
FIR202501890,FIR/1890/2025,PS0184,Bidar,2025-05-30 07:36,2025-05-30 16:36,Dacoity,Bank Dacoity,BNS 310(2),17.914205,77.631325,P009810,P001281,P000138,PI Lakshmi Devi,Untraced
FIR202501882,FIR/1882/2025,PS0236,Chikkaballapura,2025-05-29 20:15,2025-05-30 21:15,Assault,Grievous Hurt,"BNS 115(2), BNS 117(2)",13.607131,77.93715,P004402,P001766,P005683,SI Ganesh Rao,Chargesheeted
FIR202501895,FIR/1895/2025,PS0052,Belagavi,2025-05-30 16:21,2025-05-30 21:21,NDPS,Possession of Narcotics,NDPS Act Sec 20(b),15.929654,74.287226,P006669,P007202,P007693,SI Ganesh Rao,Chargesheeted
FIR202501892,FIR/1892/2025,PS0218,Chamarajanagar,2025-05-30 10:24,2025-05-30 21:24,Assault,Grievous Hurt,"BNS 115(2), BNS 117(2)",11.862505,77.035695,P004597,P001979,P008959,PI Naveen Patil,Untraced
FIR202501818,FIR/1818/2025,PS0027,Ballari,2025-05-25 14:35,2025-05-30 21:35,POCSO,Harassment,"POCSO Act Sec 4, BNS 64",15.032795,77.071649,P002881,P006228,P009135,PI Chetan Kumar,Chargesheeted
FIR202501878,FIR/1878/2025,PS0235,Chikkaballapura,2025-05-29 17:23,2025-05-30 22:23,Vehicle Theft,Car Theft,BNS 303(2),13.307588,77.576644,P008063,P007768,P000032,PI Ramesh Gowda,Chargesheeted
FIR202501900,FIR/1900/2025,PS0087,Bengaluru Rural,2025-05-30 21:51,2025-05-30 22:51,Robbery,Chain Snatching with Force,BNS 309(4),13.158795,77.509138,P009434,P005038,P003605,SI Divya Hegde,Untraced
FIR202501884,FIR/1884/2025,PS0198,Chamarajanagar,2025-05-29 22:48,2025-05-30 23:48,Vehicle Theft,Car Theft,BNS 303(2),11.853687,77.078932,P005590,P005032,"P003126, P000784",PI Naveen Patil,Under Investigation
FIR202501898,FIR/1898/2025,PS0029,Ballari,2025-05-30 20:33,2025-05-31 04:33,POCSO,Harassment,"POCSO Act Sec 4, BNS 64",14.970823,76.882,P008390,P000278,P008180,PI Suresh Kulkarni,Chargesheeted
FIR202501897,FIR/1897/2025,PS0133,Bengaluru Urban,2025-05-30 18:44,2025-05-31 06:44,Assault,Simple Assault,"BNS 115(2), BNS 117(2)",13.01661,77.555065,P007799,P007739,"P003449, P008113",SI Divya Hegde,Under Investigation
FIR202501889,FIR/1889/2025,PS0001,Bagalkote,2025-05-30 04:00,2025-05-31 08:00,Burglary,Night House Breaking,"BNS 331(3), BNS 331(4)",16.168836,75.585395,P000481,P005710,P003031,PI Harish Naik,Chargesheeted
FIR202501873,FIR/1873/2025,PS0067,Belagavi,2025-05-29 08:27,2025-05-31 09:27,Cyber Crime,Financial Fraud,"IT Act 66D, BNS 318(4)",15.87692,74.705741,P004408,P004152,P002214,PI Suresh Kulkarni,Under Investigation
FIR202501910,FIR/1910/2025,PS0068,Belagavi,2025-05-31 08:07,2025-05-31 10:07,Assault,Public Affray,"BNS 115(2), BNS 117(2)",16.021942,74.395154,P005987,P000981,P009584,PI Harish Naik,Under Investigation
FIR202501907,FIR/1907/2025,PS0052,Belagavi,2025-05-31 06:00,2025-05-31 11:00,Theft,Pocket Pick,BNS 303(2),15.905874,74.293534,P002785,P001098,P004141,PI Suresh Kulkarni,Untraced
FIR202501885,FIR/1885/2025,PS0189,Bidar,2025-05-30 00:15,2025-05-31 11:15,Dacoity,Armed Dacoity,BNS 310(2),17.902838,77.387932,P001324,P004973,P002755,SI Mahesh Bhat,Chargesheeted
FIR202501905,FIR/1905/2025,PS0052,Belagavi,2025-05-31 02:48,2025-05-31 11:48,POCSO,Harassment,"POCSO Act Sec 4, BNS 64",15.905989,74.288172,P004854,P000077,P008772,SI Ganesh Rao,Chargesheeted
FIR202501871,FIR/1871/2025,PS0067,Belagavi,2025-05-29 07:10,2025-05-31 13:10,Fraud,Cheating,BNS 318(4),15.852599,74.700467,P006444,P008906,P009549,PI Lakshmi Devi,Untraced
FIR202501903,FIR/1903/2025,PS0116,Bengaluru Urban,2025-05-31 01:13,2025-05-31 13:13,POCSO,Sexual Assault on Minor,"POCSO Act Sec 4, BNS 64",13.006702,77.535822,P001969,P001633,"P002935, P006273",PI Harish Naik,Chargesheeted
FIR202501875,FIR/1875/2025,PS0084,Bengaluru Rural,2025-05-29 14:41,2025-05-31 16:41,Fraud,Corporate Fraud,BNS 318(4),13.150542,77.545179,P000905,P009306,P006911,SI Ravi Kumar,Under Investigation
FIR202501891,FIR/1891/2025,PS0040,Ballari,2025-05-30 09:12,2025-05-31 18:12,Vehicle Theft,Car Theft,BNS 303(2),15.336229,76.834986,P006831,P002849,P001658,SI Divya Hegde,Closed
FIR202501915,FIR/1915/2025,PS0069,Belagavi,2025-05-31 17:51,2025-05-31 19:51,Fraud,Cheating,BNS 318(4),15.844364,74.344026,P008591,P002421,P005065,PI Lakshmi Devi,Chargesheeted
FIR202501894,FIR/1894/2025,PS0055,Belagavi,2025-05-30 16:17,2025-06-01 01:17,Robbery,Highway Robbery,BNS 309(4),15.839323,74.348507,P007287,P005333,P006157,SI Mahesh Bhat,Chargesheeted
FIR202501901,FIR/1901/2025,PS0055,Belagavi,2025-05-30 22:42,2025-06-01 03:42,Murder,Personal Enmity,BNS 103(1),15.813978,74.351796,P002886,P008791,P005362,SI Ravi Kumar,Closed
FIR202501917,FIR/1917/2025,PS0115,Bengaluru Urban,2025-06-01 01:45,2025-06-01 05:45,Fraud,Corporate Fraud,BNS 318(4),12.85896,77.40869,P005615,P003040,P000084,SI Mahesh Bhat,Chargesheeted
FIR202501906,FIR/1906/2025,PS0229,Chamarajanagar,2025-05-31 05:04,2025-06-01 10:04,Assault,Public Affray,"BNS 115(2), BNS 117(2)",12.063404,77.029303,P001126,P007974,P006740,SI Divya Hegde,Chargesheeted
FIR202501913,FIR/1913/2025,PS0047,Belagavi,2025-05-31 14:42,2025-06-01 17:42,Vehicle Theft,Two-Wheeler Theft,BNS 303(2),15.94898,74.522964,P008651,P009953,"P000893, P000790",PI Harish Naik,Chargesheeted
FIR202501921,FIR/1921/2025,PS0057,Belagavi,2025-06-01 11:03,2025-06-01 18:03,Theft,House Theft,BNS 303(2),15.677442,74.42671,P008177,P008383,P002779,PI Naveen Patil,Untraced
FIR202501914,FIR/1914/2025,PS0065,Belagavi,2025-05-31 17:13,2025-06-01 18:13,Cyber Crime,Identity Theft,"IT Act 66D, BNS 318(4)",15.758923,74.435746,P009846,P007736,P009804,SI Prakash Sharma,Under Investigation
FIR202501927,FIR/1927/2025,PS0141,Bengaluru Urban,2025-06-01 18:12,2025-06-01 19:12,Murder,Personal Enmity,BNS 103(1),12.874027,77.409774,P009220,P003449,P006457,PI Harish Naik,Under Investigation
FIR202501876,FIR/1876/2025,PS0114,Bengaluru Urban,2025-05-29 15:30,2025-06-01 20:30,Cyber Crime,Phishing,"IT Act 66D, BNS 318(4)",12.970398,77.733123,P003015,P000989,P002739,PI Ramesh Gowda,Chargesheeted
FIR202501926,FIR/1926/2025,PS0215,Chamarajanagar,2025-06-01 18:04,2025-06-01 23:04,POCSO,Sexual Assault on Minor,"POCSO Act Sec 4, BNS 64",11.88424,76.981643,P002556,P000322,P008232,SI Ravi Kumar,Chargesheeted
FIR202501923,FIR/1923/2025,PS0062,Belagavi,2025-06-01 13:12,2025-06-01 23:12,Cyber Crime,Identity Theft,"IT Act 66D, BNS 318(4)",15.744402,74.493544,P001201,P005331,P004376,PI Harish Naik,Under Investigation
FIR202501916,FIR/1916/2025,PS0030,Ballari,2025-05-31 18:04,2025-06-02 01:04,Assault,Simple Assault,"BNS 115(2), BNS 117(2)",15.185056,76.815287,P003135,P003180,P001469,PI Ramesh Gowda,Chargesheeted
FIR202501899,FIR/1899/2025,PS0066,Belagavi,2025-05-30 21:11,2025-06-02 01:11,Fraud,Land Scam,BNS 318(4),15.942035,74.647707,P001673,P007184,P001964,PI Naveen Patil,Closed
FIR202501881,FIR/1881/2025,PS0077,Bengaluru Rural,2025-05-29 20:11,2025-06-02 03:11,NDPS,Drug Trafficking,NDPS Act Sec 20(b),13.362711,77.60676,P001385,P008776,P009762,SI Ravi Kumar,Chargesheeted
FIR202501888,FIR/1888/2025,PS0074,Bengaluru Rural,2025-05-30 01:34,2025-06-02 04:34,Dacoity,Armed Dacoity,BNS 310(2),13.162729,77.569836,P007659,P007316,P004899,SI Divya Hegde,Under Investigation
FIR202501928,FIR/1928/2025,PS0028,Ballari,2025-06-01 20:41,2025-06-02 05:41,Assault,Public Affray,"BNS 115(2), BNS 117(2)",15.02875,76.846232,P003664,P006591,P007845,SI Prakash Sharma,Chargesheeted
FIR202501858,FIR/1858/2025,PS0056,Belagavi,2025-05-28 03:27,2025-06-02 06:27,Assault,Grievous Hurt,"BNS 115(2), BNS 117(2)",15.776159,74.623743,P002051,P009472,P004801,SI Prakash Sharma,Chargesheeted
FIR202501929,FIR/1929/2025,PS0146,Bengaluru Urban,2025-06-01 22:17,2025-06-02 09:17,Cyber Crime,Phishing,"IT Act 66D, BNS 318(4)",12.952796,77.794662,P000897,P008195,P000999,PI Chetan Kumar,Under Investigation
FIR202501930,FIR/1930/2025,PS0124,Bengaluru Urban,2025-06-02 02:21,2025-06-02 10:21,Cyber Crime,Phishing,"IT Act 66D, BNS 318(4)",13.065155,77.68269,P006854,P000101,P008010,PI Ramesh Gowda,Chargesheeted
FIR202501933,FIR/1933/2025,PS0119,Bengaluru Urban,2025-06-02 10:39,2025-06-02 11:39,NDPS,Drug Trafficking,NDPS Act Sec 20(b),12.813277,77.79738,P005976,P009765,P004188,SI Ganesh Rao,Chargesheeted
FIR202501931,FIR/1931/2025,PS0245,Chikkaballapura,2025-06-02 07:40,2025-06-02 11:40,Robbery,Highway Robbery,BNS 309(4),13.325962,77.786384,P008695,P008677,P008175,PI Harish Naik,Chargesheeted
FIR202501937,FIR/1937/2025,PS0049,Belagavi,2025-06-02 17:05,2025-06-02 18:05,Burglary,Day Burglary,"BNS 331(3), BNS 331(4)",15.927944,74.564692,P001208,P001816,P003479,SI Divya Hegde,Untraced
FIR202501922,FIR/1922/2025,PS0188,Bidar,2025-06-01 11:10,2025-06-02 20:10,Burglary,Day Burglary,"BNS 331(3), BNS 331(4)",17.930851,77.709646,P008255,P006330,P004493,PI Naveen Patil,Chargesheeted
FIR202501924,FIR/1924/2025,PS0030,Ballari,2025-06-01 15:27,2025-06-02 20:27,Robbery,Chain Snatching with Force,BNS 309(4),15.197233,76.812778,P005942,P007792,P004539,SI Ganesh Rao,Chargesheeted
FIR202501932,FIR/1932/2025,PS0033,Ballari,2025-06-02 08:48,2025-06-02 20:48,Vehicle Theft,Car Theft,BNS 303(2),15.015406,76.831565,P009293,P009357,P008709,PI Suresh Kulkarni,Under Investigation
FIR202501936,FIR/1936/2025,PS0094,Bengaluru Rural,2025-06-02 16:39,2025-06-03 00:39,Theft,House Theft,BNS 303(2),13.077975,77.675775,P009889,P005261,P009770,SI Ganesh Rao,Untraced
FIR202501896,FIR/1896/2025,PS0012,Bagalkote,2025-05-30 18:13,2025-06-03 01:13,Murder,Personal Enmity,BNS 103(1),16.281822,75.830131,P007999,P000523,P005960,SI Mahesh Bhat,Chargesheeted
FIR202501935,FIR/1935/2025,PS0248,Chikkaballapura,2025-06-02 15:41,2025-06-03 02:41,Murder,Personal Enmity,BNS 103(1),13.245882,77.781014,P009117,P004444,P007442,SI Ganesh Rao,Under Investigation
FIR202501877,FIR/1877/2025,PS0149,Bengaluru Urban,2025-05-29 16:16,2025-06-03 04:16,Theft,Pocket Pick,BNS 303(2),13.093784,77.478149,P008101,P005147,"P007687, P009647",SI Ravi Kumar,Chargesheeted
FIR202501902,FIR/1902/2025,PS0159,Bidar,2025-05-30 22:42,2025-06-03 07:42,Assault,Public Affray,"BNS 115(2), BNS 117(2)",18.071844,77.472796,P002725,P008929,P007829,SI Divya Hegde,Chargesheeted
FIR202501908,FIR/1908/2025,PS0014,Bagalkote,2025-05-31 06:11,2025-06-03 08:11,Vehicle Theft,Two-Wheeler Theft,BNS 303(2),16.305358,75.819232,P003162,P006272,P003808,PI Chetan Kumar,Chargesheeted
FIR202501904,FIR/1904/2025,PS0007,Bagalkote,2025-05-31 01:50,2025-06-03 13:50,Cyber Crime,Identity Theft,"IT Act 66D, BNS 318(4)",16.054482,75.646317,P007573,P000860,P003833,PI Naveen Patil,Chargesheeted
FIR202501942,FIR/1942/2025,PS0050,Belagavi,2025-06-03 06:14,2025-06-03 15:14,Burglary,Day Burglary,"BNS 331(3), BNS 331(4)",15.708363,74.312334,P009208,P005023,P001750,PI Lakshmi Devi,Chargesheeted
FIR202501920,FIR/1920/2025,PS0051,Belagavi,2025-06-01 09:25,2025-06-03 15:25,Murder,Personal Enmity,BNS 103(1),15.988044,74.536705,P004153,P009217,P008312,PI Suresh Kulkarni,Under Investigation
FIR202501943,FIR/1943/2025,PS0192,Bidar,2025-06-03 07:04,2025-06-03 16:04,Dacoity,Armed Dacoity,BNS 310(2),17.979541,77.347175,P001839,P006164,P006581,SI Ganesh Rao,Chargesheeted
FIR202501909,FIR/1909/2025,PS0180,Bidar,2025-05-31 06:45,2025-06-03 17:45,Cyber Crime,Financial Fraud,"IT Act 66D, BNS 318(4)",18.048613,77.416865,P009732,P005755,"P000804, P009714",PI Naveen Patil,Under Investigation
FIR202501919,FIR/1919/2025,PS0194,Chamarajanagar,2025-06-01 08:10,2025-06-03 18:10,NDPS,Drug Trafficking,NDPS Act Sec 20(b),11.802101,76.877996,P003232,P008580,P004168,SI Mahesh Bhat,Chargesheeted
FIR202501946,FIR/1946/2025,PS0047,Belagavi,2025-06-03 09:46,2025-06-03 20:46,Burglary,Night House Breaking,"BNS 331(3), BNS 331(4)",15.965737,74.551996,P002009,P001860,P007666,SI Ganesh Rao,Chargesheeted
FIR202501912,FIR/1912/2025,PS0076,Bengaluru Rural,2025-05-31 11:06,2025-06-03 22:06,Vehicle Theft,Two-Wheeler Theft,BNS 303(2),13.306995,77.755461,P001222,P003984,P001224,SI Divya Hegde,Under Investigation
FIR202501949,FIR/1949/2025,PS0055,Belagavi,2025-06-03 16:47,2025-06-03 23:47,Burglary,Night House Breaking,"BNS 331(3), BNS 331(4)",15.846411,74.347404,P008632,P007467,P002275,PI Chetan Kumar,Chargesheeted
FIR202501948,FIR/1948/2025,PS0210,Chamarajanagar,2025-06-03 16:11,2025-06-04 03:11,Burglary,Day Burglary,"BNS 331(3), BNS 331(4)",11.996627,76.787125,P005832,P007956,P007201,PI Naveen Patil,Under Investigation
FIR202501939,FIR/1939/2025,PS0089,Bengaluru Rural,2025-06-02 23:55,2025-06-04 04:55,NDPS,Drug Trafficking,NDPS Act Sec 20(b),13.387942,77.619898,P008294,P001396,P009681,SI Ganesh Rao,Chargesheeted
FIR202501954,FIR/1954/2025,PS0048,Belagavi,2025-06-04 00:43,2025-06-04 05:43,POCSO,Sexual Assault on Minor,"POCSO Act Sec 4, BNS 64",15.754943,74.489789,P000950,P000772,P006599,SI Mahesh Bhat,Chargesheeted
FIR202501940,FIR/1940/2025,PS0037,Ballari,2025-06-02 23:56,2025-06-04 05:56,Cyber Crime,Identity Theft,"IT Act 66D, BNS 318(4)",15.075737,77.038296,P002610,P005651,P004153,SI Ravi Kumar,Chargesheeted
FIR202501941,FIR/1941/2025,PS0077,Bengaluru Rural,2025-06-03 05:18,2025-06-04 10:18,Fraud,Land Scam,BNS 318(4),13.356143,77.602095,P008068,P009954,P001464,PI Lakshmi Devi,Chargesheeted
FIR202501945,FIR/1945/2025,PS0149,Bengaluru Urban,2025-06-03 09:17,2025-06-04 12:17,Murder,Gang Conflict,BNS 103(1),13.100076,77.485306,P001081,P002753,P001101,SI Mahesh Bhat,Chargesheeted
FIR202501911,FIR/1911/2025,PS0111,Bengaluru Urban,2025-05-31 08:54,2025-06-04 12:54,Cyber Crime,Identity Theft,"IT Act 66D, BNS 318(4)",12.761113,77.566177,P007164,P008365,P005958,SI Ganesh Rao,Chargesheeted
FIR202501955,FIR/1955/2025,PS0066,Belagavi,2025-06-04 03:58,2025-06-04 13:58,Theft,Snatching,BNS 303(2),15.953646,74.628466,P003552,P006122,P007941,SI Ganesh Rao,Chargesheeted
FIR202501960,FIR/1960/2025,PS0076,Bengaluru Rural,2025-06-04 11:53,2025-06-04 19:53,POCSO,Harassment,"POCSO Act Sec 4, BNS 64",13.332861,77.743207,P000488,P005578,P004845,PI Harish Naik,Untraced
FIR202501959,FIR/1959/2025,PS0201,Chamarajanagar,2025-06-04 09:08,2025-06-04 20:08,Dacoity,Bank Dacoity,BNS 310(2),11.981577,76.857694,P001207,P004042,P003577,PI Ramesh Gowda,Chargesheeted
FIR202501925,FIR/1925/2025,PS0046,Belagavi,2025-06-01 16:57,2025-06-05 01:57,Assault,Simple Assault,"BNS 115(2), BNS 117(2)",15.78156,74.499893,P009611,P009825,"P008520, P005663",SI Prakash Sharma,Chargesheeted
FIR202501964,FIR/1964/2025,PS0002,Bagalkote,2025-06-05 00:16,2025-06-05 03:16,Dacoity,Armed Dacoity,BNS 310(2),16.115438,75.503845,P003737,P003623,P007285,PI Harish Naik,Under Investigation
FIR202501951,FIR/1951/2025,PS0241,Chikkaballapura,2025-06-03 19:05,2025-06-05 04:05,NDPS,Possession of Narcotics,NDPS Act Sec 20(b),13.26712,77.914937,P003290,P008469,P002790,SI Ravi Kumar,Under Investigation
FIR202501952,FIR/1952/2025,PS0026,Ballari,2025-06-03 21:51,2025-06-05 05:51,Dacoity,Armed Dacoity,BNS 310(2),15.230755,76.963857,P003475,P001808,P000666,SI Mahesh Bhat,Chargesheeted
FIR202501957,FIR/1957/2025,PS0049,Belagavi,2025-06-04 05:34,2025-06-05 10:34,Theft,House Theft,BNS 303(2),15.919154,74.535271,P007708,P002008,P009306,PI Ramesh Gowda,Chargesheeted
FIR202501968,FIR/1968/2025,PS0161,Bidar,2025-06-05 06:01,2025-06-05 11:01,Cyber Crime,Financial Fraud,"IT Act 66D, BNS 318(4)",17.972017,77.5032,P005212,P006127,P002926,SI Divya Hegde,Under Investigation
FIR202501970,FIR/1970/2025,PS0086,Bengaluru Rural,2025-06-05 07:32,2025-06-05 12:32,Dacoity,Bank Dacoity,BNS 310(2),13.327482,77.475184,P009982,P001300,P004485,PI Naveen Patil,Chargesheeted
FIR202501958,FIR/1958/2025,PS0219,Chamarajanagar,2025-06-04 06:14,2025-06-05 17:14,Vehicle Theft,Two-Wheeler Theft,BNS 303(2),11.870364,76.89762,P006102,P005662,P001431,PI Lakshmi Devi,Under Investigation
FIR202501944,FIR/1944/2025,PS0035,Ballari,2025-06-03 08:30,2025-06-05 19:30,Dacoity,Armed Dacoity,BNS 310(2),15.242317,76.859787,P006519,P007046,P006859,SI Prakash Sharma,Untraced
FIR202501934,FIR/1934/2025,PS0044,Ballari,2025-06-02 14:32,2025-06-05 19:32,Cyber Crime,Identity Theft,"IT Act 66D, BNS 318(4)",15.31594,76.910116,P001005,P009824,P004317,PI Naveen Patil,Closed
FIR202501963,FIR/1963/2025,PS0058,Belagavi,2025-06-04 16:16,2025-06-05 20:16,Assault,Grievous Hurt,"BNS 115(2), BNS 117(2)",15.705629,74.403664,P008188,P002426,P001397,PI Ramesh Gowda,Chargesheeted
FIR202501950,FIR/1950/2025,PS0066,Belagavi,2025-06-03 18:28,2025-06-05 22:28,Cyber Crime,Phishing,"IT Act 66D, BNS 318(4)",15.967435,74.649076,P007950,P002424,P001482,SI Ganesh Rao,Untraced
FIR202501961,FIR/1961/2025,PS0056,Belagavi,2025-06-04 13:51,2025-06-05 22:51,POCSO,Sexual Assault on Minor,"POCSO Act Sec 4, BNS 64",15.763234,74.627501,P006984,P001789,P009663,SI Ravi Kumar,Chargesheeted
FIR202501973,FIR/1973/2025,PS0077,Bengaluru Rural,2025-06-05 16:59,2025-06-05 22:59,Assault,Grievous Hurt,"BNS 115(2), BNS 117(2)",13.341961,77.609572,P006029,P008656,P006538,SI Divya Hegde,Chargesheeted
FIR202501978,FIR/1978/2025,PS0114,Bengaluru Urban,2025-06-05 22:08,2025-06-06 01:08,Fraud,Land Scam,BNS 318(4),12.974201,77.762107,P007886,P006783,P002189,SI Ganesh Rao,Under Investigation
FIR202501976,FIR/1976/2025,PS0169,Bidar,2025-06-05 20:09,2025-06-06 01:09,Assault,Public Affray,"BNS 115(2), BNS 117(2)",18.024634,77.70061,P007516,P008412,P000997,PI Suresh Kulkarni,Untraced
FIR202501975,FIR/1975/2025,PS0224,Chamarajanagar,2025-06-05 19:27,2025-06-06 01:27,Vehicle Theft,Car Theft,BNS 303(2),11.843687,76.82356,P001332,P001729,P007108,PI Suresh Kulkarni,Under Investigation
FIR202501953,FIR/1953/2025,PS0123,Bengaluru Urban,2025-06-03 23:47,2025-06-06 03:47,Theft,Pocket Pick,BNS 303(2),13.013819,77.468655,P006369,P006981,P008980,PI Ramesh Gowda,Chargesheeted
FIR202501977,FIR/1977/2025,PS0100,Bengaluru Rural,2025-06-05 20:30,2025-06-06 07:30,Murder,Personal Enmity,BNS 103(1),13.160101,77.552984,P004535,P005607,P005977,SI Mahesh Bhat,Chargesheeted
FIR202501966,FIR/1966/2025,PS0247,Chikkaballapura,2025-06-05 04:15,2025-06-06 08:15,Murder,Gang Conflict,BNS 103(1),13.476094,77.897614,P008340,P004282,P002857,PI Suresh Kulkarni,Chargesheeted
FIR202501981,FIR/1981/2025,PS0091,Bengaluru Rural,2025-06-06 00:53,2025-06-06 09:53,Cyber Crime,Financial Fraud,"IT Act 66D, BNS 318(4)",13.065763,77.638784,P008636,P006300,P001538,PI Chetan Kumar,Chargesheeted
FIR202501956,FIR/1956/2025,PS0038,Ballari,2025-06-04 04:17,2025-06-06 12:17,Murder,Gang Conflict,BNS 103(1),15.059639,77.054935,P001378,P006485,P006792,SI Mahesh Bhat,Chargesheeted
FIR202501918,FIR/1918/2025,PS0048,Belagavi,2025-06-01 06:26,2025-06-06 18:26,Dacoity,Bank Dacoity,BNS 310(2),15.733205,74.473362,P007149,P004015,P004927,PI Ramesh Gowda,Chargesheeted
FIR202501974,FIR/1974/2025,PS0074,Bengaluru Rural,2025-06-05 17:46,2025-06-06 18:46,NDPS,Drug Trafficking,NDPS Act Sec 20(b),13.175778,77.588389,P008675,P007967,P003023,PI Naveen Patil,Chargesheeted
FIR202501971,FIR/1971/2025,PS0043,Ballari,2025-06-05 08:14,2025-06-06 19:14,Fraud,Land Scam,BNS 318(4),14.959106,77.000114,P009896,P004588,"P006052, P008085",PI Chetan Kumar,Chargesheeted
FIR202501947,FIR/1947/2025,PS0186,Bidar,2025-06-03 13:55,2025-06-06 19:55,Cyber Crime,Phishing,"IT Act 66D, BNS 318(4)",17.737882,77.50955,P006793,P000142,P009936,PI Suresh Kulkarni,Chargesheeted
FIR202501938,FIR/1938/2025,PS0031,Ballari,2025-06-02 18:30,2025-06-06 20:30,Theft,Pocket Pick,BNS 303(2),14.997732,77.089939,P000664,P007537,P007932,PI Harish Naik,Under Investigation
FIR202501982,FIR/1982/2025,PS0024,Bagalkote,2025-06-06 12:27,2025-06-06 22:27,Cyber Crime,Financial Fraud,"IT Act 66D, BNS 318(4)",16.391031,75.512349,P005180,P007177,P008865,PI Naveen Patil,Chargesheeted
FIR202501983,FIR/1983/2025,PS0143,Bengaluru Urban,2025-06-06 17:01,2025-06-06 23:01,NDPS,Possession of Narcotics,NDPS Act Sec 20(b),12.790404,77.429282,P001245,P005012,P009541,PI Naveen Patil,Under Investigation
FIR202501979,FIR/1979/2025,PS0033,Ballari,2025-06-05 22:50,2025-06-07 01:50,Fraud,Cheating,BNS 318(4),15.035061,76.831331,P004215,P009723,P000026,SI Prakash Sharma,Untraced
FIR202501984,FIR/1984/2025,PS0025,Bagalkote,2025-06-06 20:38,2025-06-07 02:38,POCSO,Sexual Assault on Minor,"POCSO Act Sec 4, BNS 64",16.324681,75.832009,P002727,P005385,P005467,SI Mahesh Bhat,Chargesheeted
FIR202501985,FIR/1985/2025,PS0032,Ballari,2025-06-06 20:40,2025-06-07 05:40,Burglary,Night House Breaking,"BNS 331(3), BNS 331(4)",15.150229,76.907835,P009559,P008764,P009846,PI Suresh Kulkarni,Chargesheeted
FIR202501980,FIR/1980/2025,PS0012,Bagalkote,2025-06-06 00:48,2025-06-07 07:48,Burglary,Night House Breaking,"BNS 331(3), BNS 331(4)",16.282177,75.813185,P009373,P007186,P003752,SI Ravi Kumar,Under Investigation
FIR202501965,FIR/1965/2025,PS0184,Bidar,2025-06-05 03:57,2025-06-07 08:57,POCSO,Harassment,"POCSO Act Sec 4, BNS 64",17.912316,77.624169,P004360,P006212,"P008456, P004333",PI Chetan Kumar,Under Investigation
FIR202501987,FIR/1987/2025,PS0175,Bidar,2025-06-07 02:11,2025-06-07 09:11,Assault,Public Affray,"BNS 115(2), BNS 117(2)",18.032157,77.421864,P008224,P002928,P002388,PI Chetan Kumar,Under Investigation
FIR202501969,FIR/1969/2025,PS0247,Chikkaballapura,2025-06-05 06:30,2025-06-07 11:30,Assault,Grievous Hurt,"BNS 115(2), BNS 117(2)",13.471058,77.870219,P000771,P007523,P006891,PI Harish Naik,Untraced
FIR202501967,FIR/1967/2025,PS0221,Chamarajanagar,2025-06-05 04:19,2025-06-07 13:19,Fraud,Land Scam,BNS 318(4),12.033907,77.099586,P003792,P005780,P003704,SI Prakash Sharma,Under Investigation
FIR202501988,FIR/1988/2025,PS0087,Bengaluru Rural,2025-06-07 02:51,2025-06-07 13:51,Dacoity,Bank Dacoity,BNS 310(2),13.151249,77.539327,P002450,P002293,P002277,SI Ravi Kumar,Chargesheeted
FIR202501972,FIR/1972/2025,PS0013,Bagalkote,2025-06-05 11:14,2025-06-07 14:14,Fraud,Land Scam,BNS 318(4),16.178013,75.648331,P003789,P004034,P000956,SI Divya Hegde,Under Investigation
FIR202501990,FIR/1990/2025,PS0027,Ballari,2025-06-07 06:36,2025-06-07 16:36,Vehicle Theft,Car Theft,BNS 303(2),15.052916,77.064861,P008711,P001671,P007551,PI Naveen Patil,Untraced
FIR202501989,FIR/1989/2025,PS0022,Bagalkote,2025-06-07 05:24,2025-06-07 17:24,Cyber Crime,Financial Fraud,"IT Act 66D, BNS 318(4)",16.258112,75.633547,P002396,P009839,P004070,PI Chetan Kumar,Under Investigation
FIR202501995,FIR/1995/2025,PS0051,Belagavi,2025-06-07 16:00,2025-06-07 20:00,Cyber Crime,Financial Fraud,"IT Act 66D, BNS 318(4)",16.019953,74.530663,P007716,P007682,P006911,PI Suresh Kulkarni,Under Investigation
FIR202501994,FIR/1994/2025,PS0188,Bidar,2025-06-07 15:06,2025-06-08 01:06,NDPS,Drug Trafficking,NDPS Act Sec 20(b),17.961909,77.712248,P008415,P004993,P002405,SI Ravi Kumar,Under Investigation
FIR202502004,FIR/2004/2025,PS0156,Bidar,2025-06-08 08:30,2025-06-08 11:30,Dacoity,Bank Dacoity,BNS 310(2),18.009221,77.502436,P001730,P006329,P005352,SI Divya Hegde,Chargesheeted
FIR202501992,FIR/1992/2025,PS0122,Bengaluru Urban,2025-06-07 13:56,2025-06-08 16:56,Vehicle Theft,Two-Wheeler Theft,BNS 303(2),13.119864,77.537622,P005371,P007878,P004510,SI Ganesh Rao,Chargesheeted
FIR202501999,FIR/1999/2025,PS0032,Ballari,2025-06-07 21:58,2025-06-09 00:58,NDPS,Possession of Narcotics,NDPS Act Sec 20(b),15.170605,76.893932,P004693,P001687,P002125,SI Divya Hegde,Under Investigation
FIR202501962,FIR/1962/2025,PS0158,Bidar,2025-06-04 16:02,2025-06-09 01:02,Dacoity,Bank Dacoity,BNS 310(2),17.906234,77.486958,P001651,P000439,P008056,PI Chetan Kumar,Chargesheeted
FIR202502007,FIR/2007/2025,PS0216,Chamarajanagar,2025-06-08 20:00,2025-06-09 03:00,Murder,Dowry Homicide,BNS 103(1),11.76262,76.93595,P005803,P009121,P005001,PI Harish Naik,Chargesheeted
FIR202501996,FIR/1996/2025,PS0037,Ballari,2025-06-07 16:40,2025-06-09 03:40,Fraud,Cheating,BNS 318(4),15.06032,77.056533,P002442,P001899,P007836,SI Ravi Kumar,Under Investigation
FIR202502011,FIR/2011/2025,PS0111,Bengaluru Urban,2025-06-09 03:23,2025-06-09 04:23,NDPS,Possession of Narcotics,NDPS Act Sec 20(b),12.759251,77.549231,P002128,P006211,P009091,PI Ramesh Gowda,Under Investigation
FIR202502000,FIR/2000/2025,PS0067,Belagavi,2025-06-08 00:06,2025-06-09 05:06,NDPS,Possession of Narcotics,NDPS Act Sec 20(b),15.884481,74.699986,P008629,P009519,P002644,PI Naveen Patil,Chargesheeted
FIR202501986,FIR/1986/2025,PS0031,Ballari,2025-06-07 01:24,2025-06-09 07:24,Assault,Simple Assault,"BNS 115(2), BNS 117(2)",14.981925,77.117388,P005382,P008100,P001294,SI Mahesh Bhat,Chargesheeted
FIR202502014,FIR/2014/2025,PS0078,Bengaluru Rural,2025-06-09 07:18,2025-06-09 12:18,Murder,Personal Enmity,BNS 103(1),13.11411,77.551618,P004008,P005380,P003487,PI Lakshmi Devi,Chargesheeted
FIR202502015,FIR/2015/2025,PS0038,Ballari,2025-06-09 10:35,2025-06-09 12:35,POCSO,Harassment,"POCSO Act Sec 4, BNS 64",15.072535,77.070998,P007391,P007855,P000819,SI Divya Hegde,Under Investigation
FIR202501991,FIR/1991/2025,PS0245,Chikkaballapura,2025-06-07 08:43,2025-06-09 13:43,Robbery,Highway Robbery,BNS 309(4),13.348234,77.774356,P006621,P001122,P000810,PI Naveen Patil,Chargesheeted
FIR202502002,FIR/2002/2025,PS0158,Bidar,2025-06-08 03:56,2025-06-09 13:56,Cyber Crime,Phishing,"IT Act 66D, BNS 318(4)",17.903083,77.482471,P006714,P009705,P000185,SI Mahesh Bhat,Untraced
FIR202502012,FIR/2012/2025,PS0053,Belagavi,2025-06-09 06:17,2025-06-09 15:17,Theft,House Theft,BNS 303(2),15.86052,74.306138,P002165,P006612,P004029,PI Chetan Kumar,Closed
FIR202502016,FIR/2016/2025,PS0159,Bidar,2025-06-09 11:42,2025-06-09 15:42,Vehicle Theft,Car Theft,BNS 303(2),18.037582,77.50369,P009027,P006027,P002957,PI Ramesh Gowda,Under Investigation
FIR202502020,FIR/2020/2025,PS0175,Bidar,2025-06-09 17:43,2025-06-09 18:43,POCSO,Harassment,"POCSO Act Sec 4, BNS 64",18.029635,77.452896,P006781,P001987,P004754,SI Ganesh Rao,Under Investigation
FIR202502019,FIR/2019/2025,PS0030,Ballari,2025-06-09 17:38,2025-06-09 20:38,Murder,Personal Enmity,BNS 103(1),15.197249,76.841133,P009050,P006305,P001471,SI Ganesh Rao,Closed
FIR202501997,FIR/1997/2025,PS0109,Bengaluru Rural,2025-06-07 19:23,2025-06-10 00:23,Cyber Crime,Financial Fraud,"IT Act 66D, BNS 318(4)",13.097136,77.611526,P006014,P005724,P004243,PI Ramesh Gowda,Under Investigation
FIR202501998,FIR/1998/2025,PS0146,Bengaluru Urban,2025-06-07 19:36,2025-06-10 00:36,Cyber Crime,Financial Fraud,"IT Act 66D, BNS 318(4)",12.95466,77.769919,P006889,P001075,P006395,PI Ramesh Gowda,Under Investigation
FIR202502024,FIR/2024/2025,PS0086,Bengaluru Rural,2025-06-09 23:40,2025-06-10 10:40,NDPS,Drug Trafficking,NDPS Act Sec 20(b),13.338493,77.486566,P000093,P002453,P001291,PI Harish Naik,Chargesheeted
FIR202502010,FIR/2010/2025,PS0027,Ballari,2025-06-09 01:54,2025-06-10 12:54,Murder,Gang Conflict,BNS 103(1),15.062192,77.06681,P004814,P009500,P003210,SI Mahesh Bhat,Chargesheeted
FIR202502026,FIR/2026/2025,PS0082,Bengaluru Rural,2025-06-10 13:13,2025-06-10 17:13,Burglary,Night House Breaking,"BNS 331(3), BNS 331(4)",13.323554,77.430072,P008091,P005528,P009192,PI Naveen Patil,Under Investigation
FIR202501993,FIR/1993/2025,PS0226,Chamarajanagar,2025-06-07 14:23,2025-06-10 21:23,Cyber Crime,Identity Theft,"IT Act 66D, BNS 318(4)",11.764902,77.018189,P001246,P003377,P008798,SI Ravi Kumar,Untraced
FIR202502017,FIR/2017/2025,PS0035,Ballari,2025-06-09 13:37,2025-06-10 22:37,Fraud,Cheating,BNS 318(4),15.235354,76.856415,P005928,P009394,P009204,PI Harish Naik,Under Investigation
FIR202502018,FIR/2018/2025,PS0215,Chamarajanagar,2025-06-09 15:01,2025-06-10 23:01,NDPS,Possession of Narcotics,NDPS Act Sec 20(b),11.870573,76.962069,P007980,P002800,P005015,PI Ramesh Gowda,Untraced
FIR202502028,FIR/2028/2025,PS0052,Belagavi,2025-06-10 20:15,2025-06-11 00:15,NDPS,Possession of Narcotics,NDPS Act Sec 20(b),15.914776,74.285778,P002059,P005350,P006105,PI Lakshmi Devi,Under Investigation
FIR202502022,FIR/2022/2025,PS0123,Bengaluru Urban,2025-06-09 21:48,2025-06-11 04:48,Robbery,Highway Robbery,BNS 309(4),13.017982,77.503828,P001132,P004647,P005007,PI Naveen Patil,Under Investigation
FIR202502006,FIR/2006/2025,PS0125,Bengaluru Urban,2025-06-08 18:00,2025-06-11 06:00,Fraud,Cheating,BNS 318(4),12.770494,77.730178,P000467,P004891,P005041,PI Harish Naik,Chargesheeted
FIR202502029,FIR/2029/2025,PS0046,Belagavi,2025-06-10 20:28,2025-06-11 07:28,Burglary,Night House Breaking,"BNS 331(3), BNS 331(4)",15.789466,74.507061,P006079,P009984,P009709,SI Divya Hegde,Chargesheeted
FIR202502034,FIR/2034/2025,PS0122,Bengaluru Urban,2025-06-11 05:25,2025-06-11 08:25,Dacoity,Bank Dacoity,BNS 310(2),13.127961,77.537162,P000648,P000636,P004593,PI Ramesh Gowda,Untraced
FIR202502030,FIR/2030/2025,PS0033,Ballari,2025-06-10 23:17,2025-06-11 10:17,NDPS,Drug Trafficking,NDPS Act Sec 20(b),15.006344,76.832036,P009728,P002307,P000074,SI Ganesh Rao,Chargesheeted
FIR202502008,FIR/2008/2025,PS0052,Belagavi,2025-06-08 22:31,2025-06-11 10:31,Theft,Snatching,BNS 303(2),15.909275,74.315939,P008090,P006258,P000122,PI Ramesh Gowda,Chargesheeted
FIR202502001,FIR/2001/2025,PS0170,Bidar,2025-06-08 02:51,2025-06-11 12:51,Murder,Dowry Homicide,BNS 103(1),17.895585,77.370705,P004404,P005770,P003092,PI Suresh Kulkarni,Chargesheeted
FIR202502013,FIR/2013/2025,PS0149,Bengaluru Urban,2025-06-09 06:28,2025-06-11 14:28,Vehicle Theft,Car Theft,BNS 303(2),13.104691,77.475039,P006123,P009154,P006291,SI Ganesh Rao,Under Investigation
FIR202502005,FIR/2005/2025,PS0039,Ballari,2025-06-08 09:25,2025-06-11 18:25,Burglary,Night House Breaking,"BNS 331(3), BNS 331(4)",15.328666,76.9166,P002228,P008718,P008742,PI Lakshmi Devi,Chargesheeted
FIR202502025,FIR/2025/2025,PS0186,Bidar,2025-06-10 12:20,2025-06-11 21:20,Assault,Public Affray,"BNS 115(2), BNS 117(2)",17.723291,77.515555,P004189,P009236,P004777,PI Harish Naik,Under Investigation
FIR202502036,FIR/2036/2025,PS0068,Belagavi,2025-06-11 14:42,2025-06-11 22:42,Vehicle Theft,Car Theft,BNS 303(2),16.01933,74.367208,P003180,P002685,P002467,PI Chetan Kumar,Under Investigation
FIR202502041,FIR/2041/2025,PS0093,Bengaluru Rural,2025-06-11 19:50,2025-06-12 02:50,NDPS,Possession of Narcotics,NDPS Act Sec 20(b),13.195479,77.566321,P007484,P007033,P002236,PI Naveen Patil,Chargesheeted
FIR202502043,FIR/2043/2025,PS0108,Bengaluru Rural,2025-06-12 00:31,2025-06-12 05:31,POCSO,Harassment,"POCSO Act Sec 4, BNS 64",13.207539,77.452063,P006286,P004172,P003644,SI Mahesh Bhat,Chargesheeted
FIR202502045,FIR/2045/2025,PS0215,Chamarajanagar,2025-06-12 03:37,2025-06-12 05:37,NDPS,Possession of Narcotics,NDPS Act Sec 20(b),11.853791,76.974221,P005953,P009951,P004277,SI Prakash Sharma,Under Investigation
FIR202502040,FIR/2040/2025,PS0137,Bengaluru Urban,2025-06-11 18:52,2025-06-12 06:52,Vehicle Theft,Car Theft,BNS 303(2),12.858054,77.735557,P001418,P003071,P000578,PI Harish Naik,Chargesheeted
FIR202502003,FIR/2003/2025,PS0225,Chamarajanagar,2025-06-08 06:18,2025-06-12 07:18,Cyber Crime,Phishing,"IT Act 66D, BNS 318(4)",12.024808,76.767931,P007586,P003367,"P009710, P008392",SI Divya Hegde,Chargesheeted
FIR202502023,FIR/2023/2025,PS0112,Bengaluru Urban,2025-06-09 22:02,2025-06-12 08:02,Vehicle Theft,Two-Wheeler Theft,BNS 303(2),13.120056,77.605578,P007843,P001308,P005019,SI Mahesh Bhat,Untraced
FIR202502032,FIR/2032/2025,PS0053,Belagavi,2025-06-11 04:19,2025-06-12 09:19,POCSO,Harassment,"POCSO Act Sec 4, BNS 64",15.875214,74.322607,P009599,P007063,P002074,PI Ramesh Gowda,Chargesheeted
FIR202502033,FIR/2033/2025,PS0005,Bagalkote,2025-06-11 04:52,2025-06-12 09:52,POCSO,Sexual Assault on Minor,"POCSO Act Sec 4, BNS 64",16.133229,75.587232,P002930,P010000,P003589,PI Chetan Kumar,Under Investigation
FIR202502031,FIR/2031/2025,PS0148,Bengaluru Urban,2025-06-11 02:08,2025-06-12 13:08,NDPS,Drug Trafficking,NDPS Act Sec 20(b),12.84024,77.63279,P002075,P003401,P002743,SI Prakash Sharma,Under Investigation
FIR202502048,FIR/2048/2025,PS0099,Bengaluru Rural,2025-06-12 11:27,2025-06-12 14:27,Robbery,Highway Robbery,BNS 309(4),13.279552,77.707928,P009908,P006926,P002838,PI Harish Naik,Chargesheeted
FIR202502046,FIR/2046/2025,PS0209,Chamarajanagar,2025-06-12 08:03,2025-06-12 16:03,NDPS,Drug Trafficking,NDPS Act Sec 20(b),12.043759,76.989485,P001050,P002227,P008149,PI Naveen Patil,Under Investigation
FIR202502035,FIR/2035/2025,PS0042,Ballari,2025-06-11 09:51,2025-06-12 19:51,Cyber Crime,Phishing,"IT Act 66D, BNS 318(4)",15.032362,76.992966,P000140,P009326,P003237,SI Mahesh Bhat,Chargesheeted
FIR202502050,FIR/2050/2025,PS0047,Belagavi,2025-06-12 18:08,2025-06-12 20:08,Burglary,Night House Breaking,"BNS 331(3), BNS 331(4)",15.956245,74.558051,P002222,P001780,P001576,PI Lakshmi Devi,Chargesheeted
FIR202502037,FIR/2037/2025,PS0143,Bengaluru Urban,2025-06-11 14:58,2025-06-12 20:58,Fraud,Corporate Fraud,BNS 318(4),12.798644,77.393673,P007778,P000523,P004793,SI Ravi Kumar,Chargesheeted
FIR202502049,FIR/2049/2025,PS0076,Bengaluru Rural,2025-06-12 17:08,2025-06-13 00:08,Burglary,Night House Breaking,"BNS 331(3), BNS 331(4)",13.300679,77.749237,P009983,P005834,P004826,SI Ganesh Rao,Chargesheeted
FIR202502052,FIR/2052/2025,PS0053,Belagavi,2025-06-12 23:01,2025-06-13 01:01,Robbery,Highway Robbery,BNS 309(4),15.865841,74.310234,P008774,P000859,P001237,PI Naveen Patil,Under Investigation
FIR202502021,FIR/2021/2025,PS0067,Belagavi,2025-06-09 21:31,2025-06-13 01:31,Fraud,Corporate Fraud,BNS 318(4),15.857648,74.709746,P005861,P000506,P006457,PI Naveen Patil,Untraced
FIR202502054,FIR/2054/2025,PS0042,Ballari,2025-06-13 01:24,2025-06-13 04:24,Burglary,Day Burglary,"BNS 331(3), BNS 331(4)",15.034752,77.010731,P007195,P008322,P000273,SI Ganesh Rao,Chargesheeted
FIR202502051,FIR/2051/2025,PS0188,Bidar,2025-06-12 22:57,2025-06-13 08:57,Dacoity,Bank Dacoity,BNS 310(2),17.933251,77.702951,P005336,P009603,P002857,SI Mahesh Bhat,Under Investigation
FIR202502057,FIR/2057/2025,PS0042,Ballari,2025-06-13 08:09,2025-06-13 10:09,Assault,Simple Assault,"BNS 115(2), BNS 117(2)",15.048074,76.997681,P005883,P003870,P005283,SI Mahesh Bhat,Under Investigation
FIR202502044,FIR/2044/2025,PS0055,Belagavi,2025-06-12 03:26,2025-06-13 13:26,Burglary,Day Burglary,"BNS 331(3), BNS 331(4)",15.827936,74.34393,P008881,P005212,P004187,PI Lakshmi Devi,Closed
FIR202502058,FIR/2058/2025,PS0236,Chikkaballapura,2025-06-13 09:01,2025-06-13 14:01,Murder,Gang Conflict,BNS 103(1),13.632778,77.90501,P000959,P004715,P005210,PI Ramesh Gowda,Under Investigation
FIR202502047,FIR/2047/2025,PS0049,Belagavi,2025-06-12 09:27,2025-06-13 16:27,NDPS,Possession of Narcotics,NDPS Act Sec 20(b),15.920199,74.563192,P004824,P008182,"P000925, P009994",SI Prakash Sharma,Chargesheeted
FIR202502059,FIR/2059/2025,PS0064,Belagavi,2025-06-13 09:02,2025-06-13 20:02,Fraud,Corporate Fraud,BNS 318(4),15.90033,74.333234,P001732,P002513,P009355,PI Ramesh Gowda,Under Investigation
FIR202502064,FIR/2064/2025,PS0149,Bengaluru Urban,2025-06-13 20:55,2025-06-13 22:55,Vehicle Theft,Car Theft,BNS 303(2),13.093724,77.457412,P008234,P004241,P004457,SI Prakash Sharma,Chargesheeted
FIR202502063,FIR/2063/2025,PS0048,Belagavi,2025-06-13 20:08,2025-06-14 01:08,POCSO,Harassment,"POCSO Act Sec 4, BNS 64",15.741805,74.484789,P007345,P006821,P009912,PI Suresh Kulkarni,Under Investigation
FIR202502027,FIR/2027/2025,PS0032,Ballari,2025-06-10 17:36,2025-06-14 02:36,Fraud,Land Scam,BNS 318(4),15.168491,76.87971,P007924,P007520,"P000294, P000703",PI Naveen Patil,Chargesheeted
FIR202502055,FIR/2055/2025,PS0032,Ballari,2025-06-13 02:42,2025-06-14 03:42,Vehicle Theft,Car Theft,BNS 303(2),15.177533,76.876561,P004903,P009583,P009123,SI Ganesh Rao,Chargesheeted
FIR202502068,FIR/2068/2025,PS0052,Belagavi,2025-06-14 08:19,2025-06-14 09:19,Cyber Crime,Phishing,"IT Act 66D, BNS 318(4)",15.917739,74.307796,P005856,P001110,P004271,SI Mahesh Bhat,Untraced
FIR202502009,FIR/2009/2025,PS0207,Chamarajanagar,2025-06-09 00:32,2025-06-14 09:32,Fraud,Land Scam,BNS 318(4),12.064944,77.102372,P001181,P001122,P002469,PI Ramesh Gowda,Under Investigation
FIR202502069,FIR/2069/2025,PS0178,Bidar,2025-06-14 10:03,2025-06-14 11:03,Vehicle Theft,Car Theft,BNS 303(2),17.862586,77.500364,P003165,P006346,P005007,SI Ravi Kumar,Under Investigation
FIR202502067,FIR/2067/2025,PS0175,Bidar,2025-06-14 07:50,2025-06-14 17:50,Cyber Crime,Financial Fraud,"IT Act 66D, BNS 318(4)",18.009982,77.445975,P004976,P005590,P008148,PI Suresh Kulkarni,Chargesheeted
FIR202502070,FIR/2070/2025,PS0220,Chamarajanagar,2025-06-14 16:23,2025-06-14 23:23,Murder,Personal Enmity,BNS 103(1),11.779845,76.814967,P003624,P007739,P007044,SI Ravi Kumar,Under Investigation
FIR202502038,FIR/2038/2025,PS0201,Chamarajanagar,2025-06-11 15:23,2025-06-15 00:23,NDPS,Drug Trafficking,NDPS Act Sec 20(b),12.006863,76.82496,P001748,P005497,P003466,SI Ravi Kumar,Chargesheeted
FIR202502071,FIR/2071/2025,PS0099,Bengaluru Rural,2025-06-14 21:13,2025-06-15 02:13,NDPS,Possession of Narcotics,NDPS Act Sec 20(b),13.246052,77.700733,P002919,P001031,P008887,PI Lakshmi Devi,Under Investigation
FIR202502073,FIR/2073/2025,PS0120,Bengaluru Urban,2025-06-14 22:28,2025-06-15 03:28,Cyber Crime,Phishing,"IT Act 66D, BNS 318(4)",13.116225,77.419639,P009757,P001429,P000970,SI Ganesh Rao,Chargesheeted
FIR202502062,FIR/2062/2025,PS0143,Bengaluru Urban,2025-06-13 19:55,2025-06-15 03:55,Theft,Snatching,BNS 303(2),12.786061,77.402915,P002402,P005484,P000967,SI Divya Hegde,Under Investigation
FIR202502075,FIR/2075/2025,PS0082,Bengaluru Rural,2025-06-15 01:44,2025-06-15 07:44,Cyber Crime,Financial Fraud,"IT Act 66D, BNS 318(4)",13.346019,77.419846,P005611,P007227,P005794,PI Ramesh Gowda,Chargesheeted
FIR202502066,FIR/2066/2025,PS0069,Belagavi,2025-06-14 05:31,2025-06-15 09:31,Burglary,Day Burglary,"BNS 331(3), BNS 331(4)",15.823648,74.361903,P009104,P000610,P002423,SI Ganesh Rao,Chargesheeted
FIR202502053,FIR/2053/2025,PS0015,Bagalkote,2025-06-12 23:54,2025-06-15 10:54,Fraud,Land Scam,BNS 318(4),16.061992,75.685534,P004483,P001505,P009533,PI Ramesh Gowda,Under Investigation
FIR202502079,FIR/2079/2025,PS0059,Belagavi,2025-06-15 06:34,2025-06-15 13:34,Assault,Simple Assault,"BNS 115(2), BNS 117(2)",15.817796,74.519819,P003692,P008358,P002588,SI Divya Hegde,Chargesheeted
FIR202502060,FIR/2060/2025,PS0245,Chikkaballapura,2025-06-13 10:59,2025-06-15 13:59,Robbery,Chain Snatching with Force,BNS 309(4),13.341045,77.782977,P005777,P005227,P004061,PI Naveen Patil,Under Investigation
FIR202502076,FIR/2076/2025,PS0157,Bidar,2025-06-15 03:39,2025-06-15 14:39,POCSO,Harassment,"POCSO Act Sec 4, BNS 64",17.839071,77.575221,P001557,P003344,P007099,PI Suresh Kulkarni,Chargesheeted
FIR202502065,FIR/2065/2025,PS0064,Belagavi,2025-06-14 03:50,2025-06-15 14:50,Burglary,Day Burglary,"BNS 331(3), BNS 331(4)",15.90557,74.336297,P004824,P006967,"P009248, P000038",SI Divya Hegde,Closed
FIR202502061,FIR/2061/2025,PS0067,Belagavi,2025-06-13 11:29,2025-06-15 17:29,Cyber Crime,Phishing,"IT Act 66D, BNS 318(4)",15.883051,74.690677,P006577,P006000,P000130,SI Ravi Kumar,Chargesheeted
FIR202502083,FIR/2083/2025,PS0060,Belagavi,2025-06-15 14:59,2025-06-15 21:59,Theft,House Theft,BNS 303(2),15.992293,74.547412,P007335,P008028,P005427,SI Mahesh Bhat,Untraced
FIR202502085,FIR/2085/2025,PS0206,Chamarajanagar,2025-06-15 18:05,2025-06-16 00:05,Assault,Grievous Hurt,"BNS 115(2), BNS 117(2)",11.834897,77.089381,P001361,P000732,P001616,PI Chetan Kumar,Chargesheeted
FIR202502056,FIR/2056/2025,PS0233,Chamarajanagar,2025-06-13 07:00,2025-06-16 08:00,NDPS,Drug Trafficking,NDPS Act Sec 20(b),11.731612,76.810898,P006799,P003196,P001169,SI Ravi Kumar,Under Investigation
FIR202502091,FIR/2091/2025,PS0042,Ballari,2025-06-16 12:24,2025-06-16 13:24,Dacoity,Bank Dacoity,BNS 310(2),15.047776,77.019681,P005309,P006911,P009021,SI Ravi Kumar,Under Investigation
FIR202502077,FIR/2077/2025,PS0073,Bengaluru Rural,2025-06-15 05:34,2025-06-16 14:34,Theft,House Theft,BNS 303(2),13.342824,77.592738,P003162,P002983,P000211,PI Suresh Kulkarni,Chargesheeted
FIR202502092,FIR/2092/2025,PS0195,Chamarajanagar,2025-06-16 13:38,2025-06-16 15:38,Burglary,Day Burglary,"BNS 331(3), BNS 331(4)",11.85729,77.054324,P001793,P000688,P003222,SI Mahesh Bhat,Chargesheeted
FIR202502093,FIR/2093/2025,PS0035,Ballari,2025-06-16 15:34,2025-06-16 18:34,Murder,Dowry Homicide,BNS 103(1),15.227723,76.836732,P007818,P004185,P007792,PI Lakshmi Devi,Under Investigation
FIR202502096,FIR/2096/2025,PS0057,Belagavi,2025-06-16 20:55,2025-06-16 22:55,Theft,House Theft,BNS 303(2),15.70004,74.423509,P006541,P003983,P002395,SI Divya Hegde,Chargesheeted
FIR202502084,FIR/2084/2025,PS0213,Chamarajanagar,2025-06-15 15:14,2025-06-16 23:14,Murder,Gang Conflict,BNS 103(1),12.038381,76.917192,P001595,P002745,P004499,PI Lakshmi Devi,Untraced
FIR202502042,FIR/2042/2025,PS0035,Ballari,2025-06-11 22:42,2025-06-16 23:42,POCSO,Sexual Assault on Minor,"POCSO Act Sec 4, BNS 64",15.246572,76.852046,P005585,P003158,P006035,PI Harish Naik,Under Investigation
FIR202502039,FIR/2039/2025,PS0050,Belagavi,2025-06-11 18:22,2025-06-17 01:22,NDPS,Possession of Narcotics,NDPS Act Sec 20(b),15.69311,74.32575,P006617,P003188,P007683,PI Chetan Kumar,Under Investigation
FIR202502074,FIR/2074/2025,PS0127,Bengaluru Urban,2025-06-15 00:00,2025-06-17 07:00,Cyber Crime,Phishing,"IT Act 66D, BNS 318(4)",13.104238,77.657234,P002557,P005013,P000698,PI Suresh Kulkarni,Under Investigation
FIR202502100,FIR/2100/2025,PS0174,Bidar,2025-06-17 06:37,2025-06-17 07:37,NDPS,Drug Trafficking,NDPS Act Sec 20(b),17.884523,77.578625,P006942,P009836,P007940,SI Ganesh Rao,Under Investigation
FIR202502090,FIR/2090/2025,PS0024,Bagalkote,2025-06-16 09:47,2025-06-17 10:47,Assault,Grievous Hurt,"BNS 115(2), BNS 117(2)",16.398115,75.528871,P006610,P001480,P009150,SI Ganesh Rao,Untraced
FIR202502097,FIR/2097/2025,PS0249,Chikkaballapura,2025-06-17 00:02,2025-06-17 12:02,Fraud,Land Scam,BNS 318(4),13.495928,77.53187,P008360,P002438,P004086,PI Chetan Kumar,Chargesheeted
FIR202502089,FIR/2089/2025,PS0051,Belagavi,2025-06-16 09:07,2025-06-17 12:07,Vehicle Theft,Two-Wheeler Theft,BNS 303(2),16.000363,74.508675,P008910,P006239,P007242,PI Harish Naik,Chargesheeted
FIR202502088,FIR/2088/2025,PS0062,Belagavi,2025-06-16 06:18,2025-06-17 13:18,Dacoity,Bank Dacoity,BNS 310(2),15.749155,74.492937,P009465,P001196,P005123,PI Lakshmi Devi,Under Investigation
FIR202502101,FIR/2101/2025,PS0022,Bagalkote,2025-06-17 08:50,2025-06-17 15:50,Assault,Grievous Hurt,"BNS 115(2), BNS 117(2)",16.236914,75.640679,P001436,P006197,P004522,SI Mahesh Bhat,Under Investigation
FIR202502105,FIR/2105/2025,PS0201,Chamarajanagar,2025-06-17 14:02,2025-06-17 16:02,Cyber Crime,Phishing,"IT Act 66D, BNS 318(4)",11.999886,76.829603,P005667,P001346,P000751,PI Naveen Patil,Chargesheeted
FIR202502102,FIR/2102/2025,PS0202,Chamarajanagar,2025-06-17 11:15,2025-06-17 16:15,Fraud,Corporate Fraud,BNS 318(4),11.927646,76.86158,P005212,P002693,P000198,SI Divya Hegde,Chargesheeted
FIR202502082,FIR/2082/2025,PS0173,Bidar,2025-06-15 14:04,2025-06-17 20:04,Cyber Crime,Phishing,"IT Act 66D, BNS 318(4)",17.753849,77.5906,P003007,P006382,P004607,PI Naveen Patil,Chargesheeted
FIR202502106,FIR/2106/2025,PS0040,Ballari,2025-06-17 18:17,2025-06-17 21:17,Murder,Dowry Homicide,BNS 103(1),15.342565,76.818515,P007354,P000539,P001490,PI Chetan Kumar,Closed
FIR202502081,FIR/2081/2025,PS0117,Bengaluru Urban,2025-06-15 10:46,2025-06-17 21:46,Dacoity,Armed Dacoity,BNS 310(2),13.129016,77.784417,P007936,P009347,P007184,PI Harish Naik,Chargesheeted
FIR202502095,FIR/2095/2025,PS0171,Bidar,2025-06-16 20:25,2025-06-17 23:25,Vehicle Theft,Two-Wheeler Theft,BNS 303(2),17.772122,77.580591,P002729,P000062,P004791,SI Ravi Kumar,Under Investigation
FIR202502109,FIR/2109/2025,PS0201,Chamarajanagar,2025-06-18 04:48,2025-06-18 08:48,Cyber Crime,Identity Theft,"IT Act 66D, BNS 318(4)",11.998536,76.834201,P005592,P000305,P008404,PI Harish Naik,Chargesheeted
FIR202502108,FIR/2108/2025,PS0069,Belagavi,2025-06-18 03:52,2025-06-18 08:52,Vehicle Theft,Two-Wheeler Theft,BNS 303(2),15.828972,74.339532,P001097,P005807,P008011,SI Prakash Sharma,Untraced
FIR202502072,FIR/2072/2025,PS0026,Ballari,2025-06-14 22:11,2025-06-18 09:11,Murder,Gang Conflict,BNS 103(1),15.215699,76.948295,P000374,P005516,P002988,PI Chetan Kumar,Chargesheeted
FIR202502099,FIR/2099/2025,PS0107,Bengaluru Rural,2025-06-17 03:22,2025-06-18 11:22,Murder,Dowry Homicide,BNS 103(1),13.137856,77.4073,P004017,P007629,P004592,SI Divya Hegde,Under Investigation
FIR202502098,FIR/2098/2025,PS0115,Bengaluru Urban,2025-06-17 01:59,2025-06-18 11:59,Fraud,Land Scam,BNS 318(4),12.877776,77.384802,P007668,P002019,P001729,SI Divya Hegde,Under Investigation
FIR202502087,FIR/2087/2025,PS0055,Belagavi,2025-06-16 02:03,2025-06-18 13:03,Burglary,Night House Breaking,"BNS 331(3), BNS 331(4)",15.810583,74.355135,P006927,P008970,P000356,PI Chetan Kumar,Under Investigation
FIR202502078,FIR/2078/2025,PS0085,Bengaluru Rural,2025-06-15 06:04,2025-06-18 17:04,POCSO,Harassment,"POCSO Act Sec 4, BNS 64",13.087824,77.437544,P007580,P000437,P004999,SI Prakash Sharma,Under Investigation
FIR202502112,FIR/2112/2025,PS0097,Bengaluru Rural,2025-06-18 17:23,2025-06-18 20:23,Murder,Gang Conflict,BNS 103(1),13.104504,77.476493,P008135,P008581,P005963,PI Ramesh Gowda,Chargesheeted
FIR202502103,FIR/2103/2025,PS0057,Belagavi,2025-06-17 11:47,2025-06-18 22:47,POCSO,Sexual Assault on Minor,"POCSO Act Sec 4, BNS 64",15.693358,74.400696,P006461,P009676,P005055,PI Naveen Patil,Untraced
FIR202502114,FIR/2114/2025,PS0036,Ballari,2025-06-18 18:43,2025-06-18 23:43,Theft,Snatching,BNS 303(2),15.255849,76.765759,P002501,P009543,P001663,PI Ramesh Gowda,Chargesheeted
FIR202502116,FIR/2116/2025,PS0168,Bidar,2025-06-18 20:15,2025-06-19 00:15,NDPS,Drug Trafficking,NDPS Act Sec 20(b),17.715144,77.654982,P005715,P001708,P000830,SI Ganesh Rao,Under Investigation
FIR202502113,FIR/2113/2025,PS0055,Belagavi,2025-06-18 18:38,2025-06-19 00:38,Dacoity,Armed Dacoity,BNS 310(2),15.814091,74.358639,P002265,P009573,P002968,SI Ravi Kumar,Under Investigation
FIR202502086,FIR/2086/2025,PS0227,Chamarajanagar,2025-06-16 01:36,2025-06-19 06:36,NDPS,Possession of Narcotics,NDPS Act Sec 20(b),11.902562,76.932663,P008999,P004370,P006228,PI Ramesh Gowda,Chargesheeted
FIR202502107,FIR/2107/2025,PS0236,Chikkaballapura,2025-06-17 18:53,2025-06-19 06:53,Robbery,Highway Robbery,BNS 309(4),13.619164,77.916909,P004461,P002366,P007411,SI Ravi Kumar,Under Investigation
FIR202502117,FIR/2117/2025,PS0042,Ballari,2025-06-18 21:00,2025-06-19 07:00,NDPS,Drug Trafficking,NDPS Act Sec 20(b),15.036039,76.998845,P004738,P006908,P009096,PI Naveen Patil,Chargesheeted
FIR202502121,FIR/2121/2025,PS0179,Bidar,2025-06-19 09:40,2025-06-19 11:40,Burglary,Day Burglary,"BNS 331(3), BNS 331(4)",18.077422,77.381266,P008367,P007160,P002317,SI Divya Hegde,Under Investigation
FIR202502080,FIR/2080/2025,PS0152,Bengaluru Urban,2025-06-15 09:56,2025-06-19 11:56,Fraud,Corporate Fraud,BNS 318(4),12.990004,77.383074,P007679,P004224,P001423,SI Mahesh Bhat,Chargesheeted
FIR202502118,FIR/2118/2025,PS0020,Bagalkote,2025-06-19 03:38,2025-06-19 13:38,Cyber Crime,Identity Theft,"IT Act 66D, BNS 318(4)",16.264239,75.605055,P005277,P005593,P002480,PI Ramesh Gowda,Chargesheeted
FIR202502104,FIR/2104/2025,PS0122,Bengaluru Urban,2025-06-17 13:27,2025-06-19 16:27,Vehicle Theft,Car Theft,BNS 303(2),13.122588,77.547057,P007786,P000017,P002663,PI Naveen Patil,Chargesheeted
FIR202502111,FIR/2111/2025,PS0049,Belagavi,2025-06-18 11:49,2025-06-19 17:49,Cyber Crime,Identity Theft,"IT Act 66D, BNS 318(4)",15.930326,74.565094,P008516,P001923,P000695,PI Chetan Kumar,Chargesheeted
FIR202502094,FIR/2094/2025,PS0101,Bengaluru Rural,2025-06-16 16:37,2025-06-19 20:37,Assault,Simple Assault,"BNS 115(2), BNS 117(2)",13.256035,77.735333,P005925,P007816,P003636,SI Prakash Sharma,Under Investigation
FIR202502126,FIR/2126/2025,PS0029,Ballari,2025-06-19 17:37,2025-06-20 02:37,Fraud,Cheating,BNS 318(4),14.957733,76.878927,P008819,P007479,P002341,PI Chetan Kumar,Chargesheeted
FIR202502125,FIR/2125/2025,PS0061,Belagavi,2025-06-19 16:46,2025-06-20 04:46,Burglary,Day Burglary,"BNS 331(3), BNS 331(4)",16.009419,74.401795,P002250,P007113,P003539,PI Lakshmi Devi,Under Investigation
FIR202502115,FIR/2115/2025,PS0031,Ballari,2025-06-18 19:11,2025-06-20 05:11,Cyber Crime,Financial Fraud,"IT Act 66D, BNS 318(4)",15.001421,77.11712,P008072,P005031,"P005554, P009244",PI Ramesh Gowda,Chargesheeted
FIR202502120,FIR/2120/2025,PS0236,Chikkaballapura,2025-06-19 07:07,2025-06-20 13:07,Theft,Pocket Pick,BNS 303(2),13.613612,77.908344,P004977,P004145,P003561,SI Divya Hegde,Under Investigation
FIR202502122,FIR/2122/2025,PS0039,Ballari,2025-06-19 10:49,2025-06-20 13:49,POCSO,Sexual Assault on Minor,"POCSO Act Sec 4, BNS 64",15.327362,76.933301,P006233,P003330,P003167,PI Lakshmi Devi,Chargesheeted
FIR202502130,FIR/2130/2025,PS0076,Bengaluru Rural,2025-06-20 04:36,2025-06-20 16:36,Cyber Crime,Financial Fraud,"IT Act 66D, BNS 318(4)",13.306776,77.755095,P002817,P006850,P002981,SI Ravi Kumar,Under Investigation
FIR202502133,FIR/2133/2025,PS0227,Chamarajanagar,2025-06-20 14:40,2025-06-20 19:40,POCSO,Sexual Assault on Minor,"POCSO Act Sec 4, BNS 64",11.912938,76.914837,P009412,P002756,P001268,SI Prakash Sharma,Under Investigation
FIR202502136,FIR/2136/2025,PS0102,Bengaluru Rural,2025-06-20 17:57,2025-06-20 20:57,Burglary,Day Burglary,"BNS 331(3), BNS 331(4)",13.110718,77.660574,P009725,P001631,P003882,SI Ravi Kumar,Chargesheeted
FIR202502127,FIR/2127/2025,PS0092,Bengaluru Rural,2025-06-19 18:42,2025-06-21 03:42,Robbery,Highway Robbery,BNS 309(4),13.059263,77.456413,P006814,P004879,P008767,SI Divya Hegde,Chargesheeted
FIR202502140,FIR/2140/2025,PS0236,Chikkaballapura,2025-06-20 20:57,2025-06-21 05:57,Cyber Crime,Identity Theft,"IT Act 66D, BNS 318(4)",13.625331,77.942241,P003759,P004539,P005018,PI Harish Naik,Chargesheeted
FIR202502138,FIR/2138/2025,PS0012,Bagalkote,2025-06-20 18:50,2025-06-21 06:50,Robbery,Chain Snatching with Force,BNS 309(4),16.29243,75.806825,P008977,P008892,P005278,PI Ramesh Gowda,Closed
FIR202502128,FIR/2128/2025,PS0084,Bengaluru Rural,2025-06-20 00:56,2025-06-21 11:56,Fraud,Land Scam,BNS 318(4),13.182587,77.544375,P001602,P006954,P001743,PI Ramesh Gowda,Untraced
FIR202502146,FIR/2146/2025,PS0205,Chamarajanagar,2025-06-21 09:55,2025-06-21 13:55,NDPS,Possession of Narcotics,NDPS Act Sec 20(b),11.938236,76.781568,P001616,P002910,"P004664, P006411",SI Ganesh Rao,Chargesheeted
FIR202502132,FIR/2132/2025,PS0149,Bengaluru Urban,2025-06-20 12:12,2025-06-21 14:12,Assault,Simple Assault,"BNS 115(2), BNS 117(2)",13.085603,77.461972,P008839,P002838,P003883,SI Ravi Kumar,Chargesheeted
FIR202502110,FIR/2110/2025,PS0074,Bengaluru Rural,2025-06-18 05:43,2025-06-21 17:43,Assault,Simple Assault,"BNS 115(2), BNS 117(2)",13.168805,77.59719,P003357,P003878,P006549,PI Chetan Kumar,Under Investigation
FIR202502147,FIR/2147/2025,PS0057,Belagavi,2025-06-21 10:52,2025-06-21 18:52,Burglary,Night House Breaking,"BNS 331(3), BNS 331(4)",15.683281,74.410008,P004158,P003338,P005156,PI Ramesh Gowda,Under Investigation
FIR202502137,FIR/2137/2025,PS0065,Belagavi,2025-06-20 17:58,2025-06-21 19:58,Murder,Gang Conflict,BNS 103(1),15.746574,74.445911,P008435,P000753,P006038,SI Ganesh Rao,Under Investigation
FIR202502145,FIR/2145/2025,PS0058,Belagavi,2025-06-21 09:18,2025-06-21 20:18,Burglary,Day Burglary,"BNS 331(3), BNS 331(4)",15.70782,74.401596,P009162,P000829,P007860,PI Naveen Patil,Chargesheeted
FIR202502123,FIR/2123/2025,PS0034,Ballari,2025-06-19 12:21,2025-06-21 23:21,NDPS,Possession of Narcotics,NDPS Act Sec 20(b),14.986031,77.091872,P002127,P002270,P007228,PI Suresh Kulkarni,Under Investigation
FIR202502150,FIR/2150/2025,PS0054,Belagavi,2025-06-22 00:34,2025-06-22 02:34,Cyber Crime,Financial Fraud,"IT Act 66D, BNS 318(4)",15.902802,74.695089,P003926,P000499,P003482,SI Prakash Sharma,Chargesheeted
FIR202502151,FIR/2151/2025,PS0038,Ballari,2025-06-22 00:39,2025-06-22 02:39,NDPS,Drug Trafficking,NDPS Act Sec 20(b),15.066704,77.083081,P007866,P006257,P004669,PI Chetan Kumar,Chargesheeted
FIR202502135,FIR/2135/2025,PS0156,Bidar,2025-06-20 16:16,2025-06-22 04:16,Theft,Pocket Pick,BNS 303(2),17.993057,77.482275,P008203,P001385,P001189,SI Mahesh Bhat,Chargesheeted
FIR202502119,FIR/2119/2025,PS0038,Ballari,2025-06-19 06:02,2025-06-22 08:02,Dacoity,Bank Dacoity,BNS 310(2),15.070959,77.070151,P005092,P001432,P002944,PI Harish Naik,Chargesheeted
FIR202502149,FIR/2149/2025,PS0089,Bengaluru Rural,2025-06-21 21:43,2025-06-22 09:43,Cyber Crime,Phishing,"IT Act 66D, BNS 318(4)",13.366122,77.619997,P002326,P006808,P006948,PI Lakshmi Devi,Chargesheeted
FIR202502154,FIR/2154/2025,PS0197,Chamarajanagar,2025-06-22 04:51,2025-06-22 09:51,Theft,Snatching,BNS 303(2),11.863515,77.049809,P002739,P009668,P007768,PI Naveen Patil,Chargesheeted
FIR202502144,FIR/2144/2025,PS0207,Chamarajanagar,2025-06-21 03:49,2025-06-22 11:49,Theft,Snatching,BNS 303(2),12.087109,77.1315,P006871,P009905,P000471,PI Chetan Kumar,Chargesheeted
FIR202502131,FIR/2131/2025,PS0174,Bidar,2025-06-20 06:14,2025-06-22 14:14,Assault,Grievous Hurt,"BNS 115(2), BNS 117(2)",17.857482,77.548944,P007650,P007199,P005775,SI Divya Hegde,Under Investigation
FIR202502156,FIR/2156/2025,PS0045,Ballari,2025-06-22 06:19,2025-06-22 14:19,Fraud,Corporate Fraud,BNS 318(4),14.994936,76.907921,P001161,P008465,P005054,PI Chetan Kumar,Under Investigation
FIR202502160,FIR/2160/2025,PS0054,Belagavi,2025-06-22 19:22,2025-06-22 20:22,Assault,Public Affray,"BNS 115(2), BNS 117(2)",15.91307,74.710722,P008064,P006110,P003111,PI Lakshmi Devi,Under Investigation
FIR202502134,FIR/2134/2025,PS0226,Chamarajanagar,2025-06-20 15:12,2025-06-22 23:12,Robbery,Chain Snatching with Force,BNS 309(4),11.740991,77.012359,P001475,P007363,P005039,SI Ganesh Rao,Under Investigation
FIR202502159,FIR/2159/2025,PS0032,Ballari,2025-06-22 19:22,2025-06-23 00:22,Cyber Crime,Phishing,"IT Act 66D, BNS 318(4)",15.153631,76.903998,P008619,P004608,P000638,SI Divya Hegde,Under Investigation
FIR202502161,FIR/2161/2025,PS0053,Belagavi,2025-06-22 23:39,2025-06-23 03:39,Vehicle Theft,Car Theft,BNS 303(2),15.875073,74.310522,P008069,P009343,P000584,SI Prakash Sharma,Chargesheeted
FIR202502129,FIR/2129/2025,PS0040,Ballari,2025-06-20 00:58,2025-06-23 03:58,Cyber Crime,Identity Theft,"IT Act 66D, BNS 318(4)",15.322823,76.845402,P009005,P000248,P006394,SI Ravi Kumar,Chargesheeted
FIR202502139,FIR/2139/2025,PS0248,Chikkaballapura,2025-06-20 19:22,2025-06-23 04:22,NDPS,Possession of Narcotics,NDPS Act Sec 20(b),13.256898,77.784396,P009136,P003377,P006325,PI Chetan Kumar,Chargesheeted
FIR202502143,FIR/2143/2025,PS0136,Bengaluru Urban,2025-06-21 03:47,2025-06-23 04:47,Cyber Crime,Phishing,"IT Act 66D, BNS 318(4)",12.825509,77.60909,P001937,P000955,P007449,SI Ganesh Rao,Chargesheeted
FIR202502164,FIR/2164/2025,PS0063,Belagavi,2025-06-23 02:53,2025-06-23 04:53,Theft,Snatching,BNS 303(2),16.003953,74.696695,P006844,P006625,P001310,SI Mahesh Bhat,Chargesheeted
FIR202502165,FIR/2165/2025,PS0231,Chamarajanagar,2025-06-23 03:05,2025-06-23 07:05,Vehicle Theft,Two-Wheeler Theft,BNS 303(2),11.961207,76.99995,P004464,P005888,P004918,SI Mahesh Bhat,Chargesheeted
FIR202502162,FIR/2162/2025,PS0014,Bagalkote,2025-06-23 00:56,2025-06-23 09:56,Dacoity,Armed Dacoity,BNS 310(2),16.285944,75.832907,P002357,P002638,P004758,SI Ganesh Rao,Chargesheeted
FIR202502155,FIR/2155/2025,PS0019,Bagalkote,2025-06-22 05:29,2025-06-23 10:29,Fraud,Land Scam,BNS 318(4),16.024946,75.876828,P004554,P001787,P008843,SI Ravi Kumar,Chargesheeted
FIR202502152,FIR/2152/2025,PS0080,Bengaluru Rural,2025-06-22 00:45,2025-06-23 12:45,Robbery,Highway Robbery,BNS 309(4),13.368052,77.579891,P007573,P006288,P000098,PI Ramesh Gowda,Chargesheeted
FIR202502166,FIR/2166/2025,PS0058,Belagavi,2025-06-23 06:18,2025-06-23 14:18,Burglary,Day Burglary,"BNS 331(3), BNS 331(4)",15.693453,74.39301,P004406,P009168,P005357,PI Suresh Kulkarni,Chargesheeted
FIR202502170,FIR/2170/2025,PS0009,Bagalkote,2025-06-23 13:10,2025-06-23 15:10,Murder,Gang Conflict,BNS 103(1),16.078597,75.774539,P004383,P008468,P004958,SI Ganesh Rao,Chargesheeted
FIR202502172,FIR/2172/2025,PS0036,Ballari,2025-06-23 13:47,2025-06-23 15:47,Cyber Crime,Financial Fraud,"IT Act 66D, BNS 318(4)",15.25653,76.775938,P004008,P008143,P004372,SI Mahesh Bhat,Chargesheeted
FIR202502169,FIR/2169/2025,PS0234,Chamarajanagar,2025-06-23 12:50,2025-06-23 20:50,NDPS,Possession of Narcotics,NDPS Act Sec 20(b),11.996495,76.815338,P009121,P003070,P000521,SI Prakash Sharma,Chargesheeted
FIR202502174,FIR/2174/2025,PS0104,Bengaluru Rural,2025-06-23 21:14,2025-06-23 23:14,Murder,Personal Enmity,BNS 103(1),13.438239,77.532746,P006123,P007789,P008248,SI Prakash Sharma,Chargesheeted
FIR202502124,FIR/2124/2025,PS0004,Bagalkote,2025-06-19 13:00,2025-06-24 01:00,Theft,Pocket Pick,BNS 303(2),16.028291,75.703776,P003997,P001894,P004161,PI Chetan Kumar,Under Investigation
FIR202502171,FIR/2171/2025,PS0146,Bengaluru Urban,2025-06-23 13:45,2025-06-24 01:45,Dacoity,Bank Dacoity,BNS 310(2),12.955256,77.794124,P007232,P003861,P007252,PI Naveen Patil,Under Investigation
FIR202502173,FIR/2173/2025,PS0032,Ballari,2025-06-23 19:13,2025-06-24 04:13,Assault,Public Affray,"BNS 115(2), BNS 117(2)",15.151776,76.874576,P008644,P005032,P005513,PI Lakshmi Devi,Chargesheeted
FIR202502141,FIR/2141/2025,PS0099,Bengaluru Rural,2025-06-20 23:20,2025-06-24 04:20,Cyber Crime,Identity Theft,"IT Act 66D, BNS 318(4)",13.25729,77.697994,P003070,P003420,P003969,PI Lakshmi Devi,Closed
FIR202502176,FIR/2176/2025,PS0035,Ballari,2025-06-24 06:12,2025-06-24 07:12,Vehicle Theft,Car Theft,BNS 303(2),15.251058,76.856388,P003010,P005334,P006759,PI Suresh Kulkarni,Untraced
FIR202502175,FIR/2175/2025,PS0168,Bidar,2025-06-24 04:30,2025-06-24 09:30,Vehicle Theft,Two-Wheeler Theft,BNS 303(2),17.701143,77.686082,P008800,P005998,P000454,SI Ganesh Rao,Under Investigation
FIR202502167,FIR/2167/2025,PS0146,Bengaluru Urban,2025-06-23 06:47,2025-06-24 09:47,Vehicle Theft,Two-Wheeler Theft,BNS 303(2),12.953714,77.76669,P006703,P001574,P009655,PI Harish Naik,Under Investigation
FIR202502163,FIR/2163/2025,PS0035,Ballari,2025-06-23 01:50,2025-06-24 11:50,Murder,Dowry Homicide,BNS 103(1),15.224655,76.852955,P009332,P008202,P009772,SI Mahesh Bhat,Chargesheeted
FIR202502153,FIR/2153/2025,PS0065,Belagavi,2025-06-22 02:25,2025-06-24 13:25,Burglary,Night House Breaking,"BNS 331(3), BNS 331(4)",15.747296,74.432061,P005721,P008969,P000767,PI Naveen Patil,Untraced
FIR202502158,FIR/2158/2025,PS0122,Bengaluru Urban,2025-06-22 16:35,2025-06-24 18:35,NDPS,Drug Trafficking,NDPS Act Sec 20(b),13.124407,77.547492,P003695,P002648,P007951,PI Chetan Kumar,Chargesheeted
FIR202502180,FIR/2180/2025,PS0039,Ballari,2025-06-24 17:20,2025-06-24 23:20,Assault,Public Affray,"BNS 115(2), BNS 117(2)",15.31587,76.947775,P001245,P000657,P002784,SI Prakash Sharma,Chargesheeted
FIR202502157,FIR/2157/2025,PS0038,Ballari,2025-06-22 09:50,2025-06-25 15:50,Dacoity,Armed Dacoity,BNS 310(2),15.078256,77.082265,P005441,P004850,P000869,SI Ravi Kumar,Chargesheeted
FIR202502183,FIR/2183/2025,PS0058,Belagavi,2025-06-25 09:59,2025-06-25 19:59,Theft,House Theft,BNS 303(2),15.712881,74.397793,P000625,P002732,P002803,SI Divya Hegde,Under Investigation
FIR202502189,FIR/2189/2025,PS0201,Chamarajanagar,2025-06-25 19:13,2025-06-25 20:13,Cyber Crime,Financial Fraud,"IT Act 66D, BNS 318(4)",12.004634,76.857612,P002843,P005251,P003308,PI Naveen Patil,Chargesheeted
FIR202502187,FIR/2187/2025,PS0051,Belagavi,2025-06-25 16:35,2025-06-25 20:35,Burglary,Night House Breaking,"BNS 331(3), BNS 331(4)",16.008127,74.540817,P007709,P005240,P008181,PI Harish Naik,Under Investigation
FIR202502188,FIR/2188/2025,PS0109,Bengaluru Rural,2025-06-25 18:05,2025-06-25 23:05,Dacoity,Armed Dacoity,BNS 310(2),13.125133,77.576659,P003233,P007860,P002804,SI Mahesh Bhat,Under Investigation
FIR202502185,FIR/2185/2025,PS0131,Bengaluru Urban,2025-06-25 15:13,2025-06-25 23:13,Dacoity,Bank Dacoity,BNS 310(2),13.007925,77.620834,P000698,P005463,P000301,PI Chetan Kumar,Under Investigation
FIR202502186,FIR/2186/2025,PS0247,Chikkaballapura,2025-06-25 16:26,2025-06-26 00:26,Murder,Gang Conflict,BNS 103(1),13.476574,77.893255,P003455,P003851,P008316,PI Suresh Kulkarni,Chargesheeted
FIR202502192,FIR/2192/2025,PS0082,Bengaluru Rural,2025-06-26 00:10,2025-06-26 02:10,Theft,House Theft,BNS 303(2),13.342451,77.404044,P003607,P004783,P006052,SI Mahesh Bhat,Chargesheeted
FIR202502191,FIR/2191/2025,PS0049,Belagavi,2025-06-25 23:47,2025-06-26 05:47,Burglary,Night House Breaking,"BNS 331(3), BNS 331(4)",15.911592,74.533216,P002640,P008833,P007903,PI Harish Naik,Under Investigation
FIR202502142,FIR/2142/2025,PS0188,Bidar,2025-06-21 03:34,2025-06-26 08:34,Cyber Crime,Phishing,"IT Act 66D, BNS 318(4)",17.926858,77.688463,P007201,P001492,P008267,SI Ganesh Rao,Under Investigation
FIR202502196,FIR/2196/2025,PS0247,Chikkaballapura,2025-06-26 13:39,2025-06-26 15:39,Murder,Personal Enmity,BNS 103(1),13.473719,77.908555,P009792,P005792,P009029,SI Mahesh Bhat,Under Investigation
FIR202502194,FIR/2194/2025,PS0085,Bengaluru Rural,2025-06-26 08:53,2025-06-26 15:53,Burglary,Day Burglary,"BNS 331(3), BNS 331(4)",13.097052,77.417828,P004120,P007333,P007124,SI Ravi Kumar,Chargesheeted
FIR202502177,FIR/2177/2025,PS0167,Bidar,2025-06-24 14:12,2025-06-26 20:12,Assault,Simple Assault,"BNS 115(2), BNS 117(2)",18.04505,77.408847,P006112,P007650,P008008,PI Naveen Patil,Chargesheeted
FIR202502182,FIR/2182/2025,PS0063,Belagavi,2025-06-25 09:44,2025-06-26 20:44,Burglary,Day Burglary,"BNS 331(3), BNS 331(4)",16.004031,74.694474,P006862,P006690,P002886,SI Ganesh Rao,Chargesheeted
FIR202502168,FIR/2168/2025,PS0057,Belagavi,2025-06-23 11:33,2025-06-26 21:33,Burglary,Day Burglary,"BNS 331(3), BNS 331(4)",15.679372,74.418627,P008431,P008045,P002282,PI Suresh Kulkarni,Under Investigation
FIR202502195,FIR/2195/2025,PS0241,Chikkaballapura,2025-06-26 10:46,2025-06-26 22:46,Assault,Grievous Hurt,"BNS 115(2), BNS 117(2)",13.282106,77.915582,P006408,P009998,P000706,SI Ganesh Rao,Chargesheeted
FIR202502200,FIR/2200/2025,PS0036,Ballari,2025-06-26 19:03,2025-06-26 23:03,Dacoity,Armed Dacoity,BNS 310(2),15.25362,76.770416,P008877,P002522,P009387,PI Chetan Kumar,Chargesheeted
FIR202502197,FIR/2197/2025,PS0066,Belagavi,2025-06-26 14:04,2025-06-26 23:04,Murder,Personal Enmity,BNS 103(1),15.96611,74.648527,P009949,P006349,P005987,PI Lakshmi Devi,Under Investigation
FIR202502179,FIR/2179/2025,PS0050,Belagavi,2025-06-24 17:04,2025-06-27 02:04,Theft,Pocket Pick,BNS 303(2),15.721188,74.3218,P005611,P000448,P005665,PI Ramesh Gowda,Untraced
FIR202502190,FIR/2190/2025,PS0229,Chamarajanagar,2025-06-25 22:39,2025-06-27 02:39,Fraud,Corporate Fraud,BNS 318(4),12.030173,77.004463,P008252,P002700,P003712,PI Naveen Patil,Chargesheeted
FIR202502199,FIR/2199/2025,PS0057,Belagavi,2025-06-26 18:47,2025-06-27 03:47,Murder,Dowry Homicide,BNS 103(1),15.688977,74.405792,P003929,P007926,P007557,SI Divya Hegde,Under Investigation
FIR202502148,FIR/2148/2025,PS0187,Bidar,2025-06-21 18:33,2025-06-27 04:33,Vehicle Theft,Two-Wheeler Theft,BNS 303(2),17.980562,77.693991,P009206,P006678,P003250,PI Harish Naik,Under Investigation
FIR202502204,FIR/2204/2025,PS0014,Bagalkote,2025-06-27 01:04,2025-06-27 05:04,Burglary,Day Burglary,"BNS 331(3), BNS 331(4)",16.318986,75.839179,P007752,P003903,P002692,SI Ganesh Rao,Chargesheeted
FIR202502203,FIR/2203/2025,PS0081,Bengaluru Rural,2025-06-27 00:30,2025-06-27 07:30,Murder,Personal Enmity,BNS 103(1),13.182404,77.583212,P004400,P004469,P007374,SI Prakash Sharma,Under Investigation
FIR202502205,FIR/2205/2025,PS0069,Belagavi,2025-06-27 03:05,2025-06-27 08:05,NDPS,Possession of Narcotics,NDPS Act Sec 20(b),15.844564,74.349942,P008367,P003188,P004034,SI Mahesh Bhat,Under Investigation
FIR202502184,FIR/2184/2025,PS0051,Belagavi,2025-06-25 13:27,2025-06-27 14:27,POCSO,Harassment,"POCSO Act Sec 4, BNS 64",16.00199,74.50942,P006285,P002075,P001695,PI Naveen Patil,Chargesheeted
FIR202502181,FIR/2181/2025,PS0118,Bengaluru Urban,2025-06-25 06:43,2025-06-27 17:43,Vehicle Theft,Two-Wheeler Theft,BNS 303(2),12.796064,77.67585,P009591,P005484,P007808,PI Chetan Kumar,Under Investigation
FIR202502208,FIR/2208/2025,PS0052,Belagavi,2025-06-27 14:07,2025-06-27 18:07,Burglary,Night House Breaking,"BNS 331(3), BNS 331(4)",15.904694,74.312978,P009945,P003600,P004157,SI Divya Hegde,Chargesheeted
FIR202502206,FIR/2206/2025,PS0061,Belagavi,2025-06-27 06:28,2025-06-27 18:28,POCSO,Harassment,"POCSO Act Sec 4, BNS 64",16.031544,74.432432,P002850,P008171,P005801,PI Naveen Patil,Untraced
FIR202502211,FIR/2211/2025,PS0129,Bengaluru Urban,2025-06-27 16:35,2025-06-28 00:35,POCSO,Harassment,"POCSO Act Sec 4, BNS 64",12.810459,77.756743,P003244,P009219,P005569,PI Suresh Kulkarni,Chargesheeted
FIR202502198,FIR/2198/2025,PS0037,Ballari,2025-06-26 15:54,2025-06-28 01:54,Assault,Public Affray,"BNS 115(2), BNS 117(2)",15.077587,77.059655,P008906,P001814,P008513,SI Divya Hegde,Chargesheeted
FIR202502213,FIR/2213/2025,PS0023,Bagalkote,2025-06-28 00:22,2025-06-28 04:22,Cyber Crime,Financial Fraud,"IT Act 66D, BNS 318(4)",16.094619,75.79144,P000711,P005142,P004705,SI Ganesh Rao,Closed
FIR202502193,FIR/2193/2025,PS0187,Bidar,2025-06-26 02:21,2025-06-28 05:21,Cyber Crime,Identity Theft,"IT Act 66D, BNS 318(4)",17.970177,77.705796,P008869,P008169,P000628,PI Chetan Kumar,Chargesheeted
FIR202502201,FIR/2201/2025,PS0041,Ballari,2025-06-26 22:44,2025-06-28 05:44,Vehicle Theft,Car Theft,BNS 303(2),15.23904,76.884567,P002297,P001780,P000092,PI Suresh Kulkarni,Chargesheeted
FIR202502215,FIR/2215/2025,PS0001,Bagalkote,2025-06-28 04:07,2025-06-28 06:07,POCSO,Harassment,"POCSO Act Sec 4, BNS 64",16.164927,75.575775,P004297,P004921,P006005,PI Chetan Kumar,Under Investigation
FIR202502214,FIR/2214/2025,PS0109,Bengaluru Rural,2025-06-28 01:26,2025-06-28 09:26,Dacoity,Armed Dacoity,BNS 310(2),13.095843,77.594475,P005062,P003472,P002720,SI Divya Hegde,Under Investigation
FIR202502221,FIR/2221/2025,PS0081,Bengaluru Rural,2025-06-28 17:52,2025-06-28 18:52,Dacoity,Bank Dacoity,BNS 310(2),13.176187,77.590769,P009781,P002672,"P008953, P006114",SI Mahesh Bhat,Chargesheeted
FIR202502222,FIR/2222/2025,PS0029,Ballari,2025-06-28 18:23,2025-06-28 20:23,Assault,Grievous Hurt,"BNS 115(2), BNS 117(2)",14.986421,76.899847,P006598,P006734,P009480,SI Ravi Kumar,Chargesheeted
FIR202502220,FIR/2220/2025,PS0092,Bengaluru Rural,2025-06-28 15:39,2025-06-28 20:39,Fraud,Land Scam,BNS 318(4),13.079352,77.481388,P004268,P007674,P009867,PI Harish Naik,Under Investigation
FIR202502225,FIR/2225/2025,PS0198,Chamarajanagar,2025-06-28 20:10,2025-06-28 23:10,Fraud,Cheating,BNS 318(4),11.851013,77.064733,P009762,P009711,P000436,SI Mahesh Bhat,Under Investigation
FIR202502224,FIR/2224/2025,PS0040,Ballari,2025-06-28 20:02,2025-06-29 04:02,Dacoity,Bank Dacoity,BNS 310(2),15.308407,76.821134,P008273,P005420,P000672,PI Harish Naik,Chargesheeted
FIR202502228,FIR/2228/2025,PS0225,Chamarajanagar,2025-06-29 03:41,2025-06-29 06:41,Cyber Crime,Phishing,"IT Act 66D, BNS 318(4)",12.027266,76.787805,P006717,P006069,P009757,PI Ramesh Gowda,Under Investigation
FIR202502216,FIR/2216/2025,PS0050,Belagavi,2025-06-28 04:51,2025-06-29 06:51,Burglary,Night House Breaking,"BNS 331(3), BNS 331(4)",15.704859,74.326843,P003290,P001500,P006380,PI Chetan Kumar,Chargesheeted
FIR202502226,FIR/2226/2025,PS0054,Belagavi,2025-06-28 20:50,2025-06-29 08:50,Robbery,Highway Robbery,BNS 309(4),15.924775,74.711259,P009539,P006023,P006774,SI Ganesh Rao,Under Investigation
FIR202502202,FIR/2202/2025,PS0047,Belagavi,2025-06-26 23:04,2025-06-29 10:04,Burglary,Day Burglary,"BNS 331(3), BNS 331(4)",15.976025,74.535596,P009244,P004984,P004727,PI Naveen Patil,Untraced
FIR202502178,FIR/2178/2025,PS0061,Belagavi,2025-06-24 14:47,2025-06-29 15:47,Burglary,Day Burglary,"BNS 331(3), BNS 331(4)",16.033633,74.41637,P000644,P002224,P006978,SI Divya Hegde,Chargesheeted
FIR202502229,FIR/2229/2025,PS0044,Ballari,2025-06-29 14:44,2025-06-29 18:44,Assault,Public Affray,"BNS 115(2), BNS 117(2)",15.311558,76.905681,P004413,P006430,P009648,PI Suresh Kulkarni,Chargesheeted
FIR202502218,FIR/2218/2025,PS0245,Chikkaballapura,2025-06-28 10:02,2025-06-29 19:02,Cyber Crime,Phishing,"IT Act 66D, BNS 318(4)",13.335311,77.796508,P002990,P001921,P001679,PI Naveen Patil,Under Investigation
FIR202502219,FIR/2219/2025,PS0037,Ballari,2025-06-28 12:52,2025-06-29 19:52,Assault,Grievous Hurt,"BNS 115(2), BNS 117(2)",15.083791,77.058538,P004364,P005344,P004278,PI Ramesh Gowda,Closed
FIR202502209,FIR/2209/2025,PS0028,Ballari,2025-06-27 14:39,2025-06-29 23:39,Vehicle Theft,Car Theft,BNS 303(2),15.040901,76.841237,P002216,P004122,P009110,SI Mahesh Bhat,Closed
FIR202502230,FIR/2230/2025,PS0061,Belagavi,2025-06-29 18:01,2025-06-30 01:01,Burglary,Night House Breaking,"BNS 331(3), BNS 331(4)",16.044513,74.401069,P003774,P009025,P005668,PI Ramesh Gowda,Closed
FIR202502232,FIR/2232/2025,PS0044,Ballari,2025-06-29 19:00,2025-06-30 04:00,Assault,Simple Assault,"BNS 115(2), BNS 117(2)",15.280804,76.924408,P008676,P007855,P007404,SI Ravi Kumar,Chargesheeted
FIR202502234,FIR/2234/2025,PS0037,Ballari,2025-06-30 02:38,2025-06-30 06:38,Cyber Crime,Identity Theft,"IT Act 66D, BNS 318(4)",15.08166,77.067251,P003124,P007368,P009097,SI Ravi Kumar,Chargesheeted
FIR202502223,FIR/2223/2025,PS0018,Bagalkote,2025-06-28 19:56,2025-06-30 07:56,Assault,Public Affray,"BNS 115(2), BNS 117(2)",16.210548,75.780345,P000069,P002313,P002832,PI Chetan Kumar,Chargesheeted
FIR202502236,FIR/2236/2025,PS0045,Ballari,2025-06-30 06:34,2025-06-30 08:34,Murder,Gang Conflict,BNS 103(1),14.984115,76.882584,P008922,P001807,P007863,SI Mahesh Bhat,Chargesheeted
FIR202502237,FIR/2237/2025,PS0170,Bidar,2025-06-30 07:51,2025-06-30 09:51,Dacoity,Bank Dacoity,BNS 310(2),17.902187,77.382163,P006500,P009381,P006987,SI Ravi Kumar,Chargesheeted
FIR202502233,FIR/2233/2025,PS0043,Ballari,2025-06-30 01:55,2025-06-30 11:55,Dacoity,Armed Dacoity,BNS 310(2),14.959357,76.978854,P004017,P000841,P002877,SI Ravi Kumar,Under Investigation
FIR202502212,FIR/2212/2025,PS0053,Belagavi,2025-06-27 19:23,2025-06-30 22:23,Fraud,Corporate Fraud,BNS 318(4),15.862635,74.331876,P001010,P006850,P002966,PI Chetan Kumar,Under Investigation
FIR202502207,FIR/2207/2025,PS0192,Bidar,2025-06-27 11:53,2025-06-30 22:53,Fraud,Land Scam,BNS 318(4),17.999044,77.34795,P007901,P000990,P001545,SI Divya Hegde,Under Investigation
FIR202502227,FIR/2227/2025,PS0211,Chamarajanagar,2025-06-28 23:41,2025-07-01 07:41,NDPS,Possession of Narcotics,NDPS Act Sec 20(b),11.821051,77.060055,P008624,P005424,P007681,SI Divya Hegde,Chargesheeted
FIR202502244,FIR/2244/2025,PS0008,Bagalkote,2025-07-01 05:37,2025-07-01 09:37,NDPS,Drug Trafficking,NDPS Act Sec 20(b),16.245771,75.511579,P001392,P000182,P009223,SI Prakash Sharma,Under Investigation
FIR202502246,FIR/2246/2025,PS0066,Belagavi,2025-07-01 07:07,2025-07-01 11:07,POCSO,Harassment,"POCSO Act Sec 4, BNS 64",15.96665,74.610949,P001743,P002251,P003567,SI Divya Hegde,Untraced
FIR202502235,FIR/2235/2025,PS0149,Bengaluru Urban,2025-06-30 05:45,2025-07-01 11:45,Burglary,Night House Breaking,"BNS 331(3), BNS 331(4)",13.076848,77.47092,P001773,P005942,P004872,PI Suresh Kulkarni,Chargesheeted
FIR202502242,FIR/2242/2025,PS0153,Bidar,2025-07-01 01:05,2025-07-01 13:05,Murder,Gang Conflict,BNS 103(1),17.751056,77.336384,P008050,P008754,P007715,SI Ganesh Rao,Chargesheeted
FIR202502248,FIR/2248/2025,PS0122,Bengaluru Urban,2025-07-01 14:36,2025-07-01 18:36,Burglary,Night House Breaking,"BNS 331(3), BNS 331(4)",13.133686,77.528021,P007681,P007411,P001500,PI Naveen Patil,Closed
FIR202502252,FIR/2252/2025,PS0082,Bengaluru Rural,2025-07-01 21:12,2025-07-02 01:12,Burglary,Day Burglary,"BNS 331(3), BNS 331(4)",13.330231,77.400563,P000403,P004534,P006593,PI Harish Naik,Chargesheeted
FIR202502231,FIR/2231/2025,PS0173,Bidar,2025-06-29 18:04,2025-07-02 02:04,Murder,Dowry Homicide,BNS 103(1),17.759864,77.592018,P003629,P008947,P000175,PI Chetan Kumar,Chargesheeted
FIR202502241,FIR/2241/2025,PS0036,Ballari,2025-07-01 00:48,2025-07-02 02:48,Cyber Crime,Phishing,"IT Act 66D, BNS 318(4)",15.252113,76.75407,P001813,P003808,P001036,PI Chetan Kumar,Chargesheeted
FIR202502210,FIR/2210/2025,PS0039,Ballari,2025-06-27 15:18,2025-07-02 03:18,POCSO,Harassment,"POCSO Act Sec 4, BNS 64",15.347382,76.932561,P001704,P003615,P004208,PI Suresh Kulkarni,Under Investigation
FIR202502255,FIR/2255/2025,PS0196,Chamarajanagar,2025-07-02 04:53,2025-07-02 06:53,Cyber Crime,Identity Theft,"IT Act 66D, BNS 318(4)",12.009305,76.940233,P004847,P000464,P005251,PI Lakshmi Devi,Chargesheeted
FIR202502251,FIR/2251/2025,PS0037,Ballari,2025-07-01 20:47,2025-07-02 08:47,Dacoity,Bank Dacoity,BNS 310(2),15.094738,77.035003,P007901,P004127,P008848,SI Mahesh Bhat,Chargesheeted
FIR202502253,FIR/2253/2025,PS0028,Ballari,2025-07-01 21:13,2025-07-02 09:13,Cyber Crime,Phishing,"IT Act 66D, BNS 318(4)",15.005717,76.842395,P007611,P005359,"P005240, P009389",SI Mahesh Bhat,Chargesheeted
FIR202502247,FIR/2247/2025,PS0043,Ballari,2025-07-01 08:54,2025-07-02 13:54,Robbery,Chain Snatching with Force,BNS 309(4),14.981792,76.987257,P005956,P005939,P004827,SI Ganesh Rao,Under Investigation
FIR202502259,FIR/2259/2025,PS0046,Belagavi,2025-07-02 14:02,2025-07-02 16:02,Murder,Gang Conflict,BNS 103(1),15.759704,74.506886,P001161,P006422,P002467,PI Harish Naik,Untraced
FIR202502217,FIR/2217/2025,PS0186,Bidar,2025-06-28 07:12,2025-07-02 18:12,Robbery,Highway Robbery,BNS 309(4),17.733532,77.519624,P005465,P002353,P009185,SI Ravi Kumar,Under Investigation
FIR202502239,FIR/2239/2025,PS0016,Bagalkote,2025-06-30 16:01,2025-07-02 21:01,Assault,Grievous Hurt,"BNS 115(2), BNS 117(2)",15.965692,75.64183,P000972,P003802,P001321,PI Harish Naik,Chargesheeted
FIR202502257,FIR/2257/2025,PS0103,Bengaluru Rural,2025-07-02 10:40,2025-07-02 22:40,Vehicle Theft,Two-Wheeler Theft,BNS 303(2),13.320945,77.444343,P006454,P007045,P000953,SI Ravi Kumar,Closed
FIR202502249,FIR/2249/2025,PS0069,Belagavi,2025-07-01 15:54,2025-07-03 03:54,Dacoity,Armed Dacoity,BNS 310(2),15.836236,74.350303,P009754,P004402,P009981,PI Naveen Patil,Closed
FIR202502261,FIR/2261/2025,PS0020,Bagalkote,2025-07-02 22:06,2025-07-03 06:06,Theft,House Theft,BNS 303(2),16.237446,75.598101,P000128,P007917,P006602,PI Chetan Kumar,Untraced
FIR202502260,FIR/2260/2025,PS0225,Chamarajanagar,2025-07-02 20:55,2025-07-03 07:55,Cyber Crime,Phishing,"IT Act 66D, BNS 318(4)",12.002522,76.768741,P007993,P008402,P003403,PI Chetan Kumar,Untraced
FIR202502240,FIR/2240/2025,PS0203,Chamarajanagar,2025-06-30 22:40,2025-07-03 09:40,Murder,Dowry Homicide,BNS 103(1),11.90717,76.848706,P006029,P009560,"P007215, P008288",PI Suresh Kulkarni,Untraced
FIR202502243,FIR/2243/2025,PS0198,Chamarajanagar,2025-07-01 05:32,2025-07-03 10:32,Robbery,Highway Robbery,BNS 309(4),11.839628,77.040163,P007877,P006092,P007558,PI Chetan Kumar,Under Investigation
FIR202502262,FIR/2262/2025,PS0155,Bidar,2025-07-03 01:51,2025-07-03 10:51,Cyber Crime,Financial Fraud,"IT Act 66D, BNS 318(4)",17.983536,77.32674,P002994,P001364,P000387,SI Ravi Kumar,Chargesheeted
FIR202502265,FIR/2265/2025,PS0063,Belagavi,2025-07-03 12:50,2025-07-03 17:50,Robbery,Chain Snatching with Force,BNS 309(4),16.028421,74.68447,P001731,P003034,P006537,SI Ravi Kumar,Under Investigation
FIR202502266,FIR/2266/2025,PS0237,Chikkaballapura,2025-07-03 13:08,2025-07-03 18:08,NDPS,Drug Trafficking,NDPS Act Sec 20(b),13.371257,77.667591,P007170,P004242,P001852,PI Naveen Patil,Chargesheeted
FIR202502254,FIR/2254/2025,PS0013,Bagalkote,2025-07-01 22:44,2025-07-04 02:44,Burglary,Day Burglary,"BNS 331(3), BNS 331(4)",16.172093,75.648985,P000777,P000212,P001579,PI Suresh Kulkarni,Chargesheeted
FIR202502267,FIR/2267/2025,PS0053,Belagavi,2025-07-03 19:13,2025-07-04 06:13,Cyber Crime,Financial Fraud,"IT Act 66D, BNS 318(4)",15.860004,74.299171,P006360,P001967,P003817,SI Divya Hegde,Chargesheeted
FIR202502271,FIR/2271/2025,PS0055,Belagavi,2025-07-04 04:53,2025-07-04 08:53,Assault,Grievous Hurt,"BNS 115(2), BNS 117(2)",15.825407,74.366069,P006998,P001372,P000427,PI Naveen Patil,Under Investigation
FIR202502245,FIR/2245/2025,PS0026,Ballari,2025-07-01 05:49,2025-07-04 10:49,Dacoity,Armed Dacoity,BNS 310(2),15.209064,76.973873,P006384,P000739,P002986,PI Lakshmi Devi,Under Investigation
FIR202502264,FIR/2264/2025,PS0226,Chamarajanagar,2025-07-03 10:14,2025-07-04 13:14,Vehicle Theft,Two-Wheeler Theft,BNS 303(2),11.742772,77.023394,P000732,P009168,P001190,PI Naveen Patil,Under Investigation
FIR202502268,FIR/2268/2025,PS0165,Bidar,2025-07-03 20:24,2025-07-04 23:24,Burglary,Night House Breaking,"BNS 331(3), BNS 331(4)",18.053545,77.4479,P008810,P001377,P002989,PI Ramesh Gowda,Closed
FIR202502238,FIR/2238/2025,PS0089,Bengaluru Rural,2025-06-30 15:38,2025-07-05 00:38,Dacoity,Armed Dacoity,BNS 310(2),13.368592,77.609293,P006393,P002494,P000792,SI Divya Hegde,Untraced
FIR202502269,FIR/2269/2025,PS0235,Chikkaballapura,2025-07-03 22:53,2025-07-05 02:53,Theft,Snatching,BNS 303(2),13.300425,77.551997,P008341,P006336,P006155,SI Ravi Kumar,Under Investigation
FIR202502250,FIR/2250/2025,PS0104,Bengaluru Rural,2025-07-01 17:28,2025-07-05 03:28,POCSO,Harassment,"POCSO Act Sec 4, BNS 64",13.417567,77.537576,P000214,P000408,"P003134, P000505",PI Harish Naik,Chargesheeted
FIR202502274,FIR/2274/2025,PS0012,Bagalkote,2025-07-04 23:57,2025-07-05 05:57,Murder,Dowry Homicide,BNS 103(1),16.282868,75.802388,P004672,P001926,P002947,PI Chetan Kumar,Chargesheeted
FIR202502279,FIR/2279/2025,PS0079,Bengaluru Rural,2025-07-05 05:22,2025-07-05 07:22,POCSO,Sexual Assault on Minor,"POCSO Act Sec 4, BNS 64",13.089464,77.448806,P008488,P005607,P001662,PI Ramesh Gowda,Closed
FIR202502277,FIR/2277/2025,PS0037,Ballari,2025-07-05 03:38,2025-07-05 08:38,Assault,Simple Assault,"BNS 115(2), BNS 117(2)",15.084595,77.040778,P005556,P005841,P008029,PI Harish Naik,Chargesheeted
FIR202502270,FIR/2270/2025,PS0026,Ballari,2025-07-04 04:29,2025-07-05 09:29,Assault,Simple Assault,"BNS 115(2), BNS 117(2)",15.23281,76.961048,P002229,P005175,P000650,SI Prakash Sharma,Chargesheeted
FIR202502283,FIR/2283/2025,PS0182,Bidar,2025-07-05 08:02,2025-07-05 10:02,Dacoity,Bank Dacoity,BNS 310(2),17.919804,77.697416,P008948,P008738,P000084,PI Ramesh Gowda,Under Investigation
FIR202502282,FIR/2282/2025,PS0131,Bengaluru Urban,2025-07-05 07:09,2025-07-05 11:09,Fraud,Land Scam,BNS 318(4),12.993696,77.605508,P002791,P001591,P000756,PI Ramesh Gowda,Untraced
FIR202502276,FIR/2276/2025,PS0122,Bengaluru Urban,2025-07-05 02:33,2025-07-05 11:33,Murder,Dowry Homicide,BNS 103(1),13.111399,77.53807,P008026,P008564,P002253,SI Divya Hegde,Chargesheeted
FIR202502258,FIR/2258/2025,PS0181,Bidar,2025-07-02 11:34,2025-07-05 12:34,Fraud,Corporate Fraud,BNS 318(4),17.990433,77.408429,P004565,P000760,P008988,SI Mahesh Bhat,Chargesheeted
FIR202502284,FIR/2284/2025,PS0039,Ballari,2025-07-05 08:16,2025-07-05 14:16,Vehicle Theft,Two-Wheeler Theft,BNS 303(2),15.340846,76.95383,P001889,P005624,P006821,PI Naveen Patil,Under Investigation
FIR202502285,FIR/2285/2025,PS0041,Ballari,2025-07-05 09:31,2025-07-05 15:31,Burglary,Night House Breaking,"BNS 331(3), BNS 331(4)",15.258306,76.907869,P007247,P007672,"P001293, P003076",PI Chetan Kumar,Chargesheeted
FIR202502281,FIR/2281/2025,PS0039,Ballari,2025-07-05 06:58,2025-07-05 15:58,Dacoity,Bank Dacoity,BNS 310(2),15.328892,76.929675,P003318,P002899,P007083,PI Naveen Patil,Chargesheeted
FIR202502280,FIR/2280/2025,PS0054,Belagavi,2025-07-05 05:36,2025-07-05 16:36,Vehicle Theft,Car Theft,BNS 303(2),15.899093,74.680686,P009082,P005872,P002532,SI Ravi Kumar,Chargesheeted
FIR202502263,FIR/2263/2025,PS0184,Bidar,2025-07-03 04:59,2025-07-05 16:59,Robbery,Chain Snatching with Force,BNS 309(4),17.90213,77.623199,P009875,P005977,P009835,PI Ramesh Gowda,Under Investigation
FIR202502256,FIR/2256/2025,PS0198,Chamarajanagar,2025-07-02 09:36,2025-07-05 17:36,Cyber Crime,Identity Theft,"IT Act 66D, BNS 318(4)",11.841989,77.0466,P007579,P006642,P003467,PI Naveen Patil,Under Investigation
FIR202502289,FIR/2289/2025,PS0032,Ballari,2025-07-05 15:15,2025-07-05 22:15,Fraud,Corporate Fraud,BNS 318(4),15.167625,76.899636,P002250,P002684,P003156,SI Mahesh Bhat,Under Investigation
FIR202502288,FIR/2288/2025,PS0159,Bidar,2025-07-05 11:29,2025-07-05 22:29,Murder,Dowry Homicide,BNS 103(1),18.036709,77.478809,P003063,P004037,P003691,PI Lakshmi Devi,Chargesheeted
FIR202502292,FIR/2292/2025,PS0005,Bagalkote,2025-07-05 21:39,2025-07-05 22:39,Dacoity,Bank Dacoity,BNS 310(2),16.151214,75.584587,P009430,P002893,P002624,SI Prakash Sharma,Chargesheeted
FIR202502272,FIR/2272/2025,PS0035,Ballari,2025-07-04 16:30,2025-07-06 00:30,NDPS,Possession of Narcotics,NDPS Act Sec 20(b),15.24996,76.871754,P003740,P009836,P008707,PI Naveen Patil,Chargesheeted
FIR202502290,FIR/2290/2025,PS0031,Ballari,2025-07-05 17:45,2025-07-06 02:45,Assault,Public Affray,"BNS 115(2), BNS 117(2)",15.001853,77.117855,P008875,P007475,P006926,SI Ravi Kumar,Chargesheeted
FIR202502297,FIR/2297/2025,PS0027,Ballari,2025-07-06 00:07,2025-07-06 03:07,Burglary,Day Burglary,"BNS 331(3), BNS 331(4)",15.056035,77.08834,P001665,P000861,P004705,PI Naveen Patil,Chargesheeted
FIR202502295,FIR/2295/2025,PS0206,Chamarajanagar,2025-07-05 22:45,2025-07-06 03:45,Dacoity,Armed Dacoity,BNS 310(2),11.823176,77.087197,P009530,P007727,P002953,SI Divya Hegde,Chargesheeted
FIR202502293,FIR/2293/2025,PS0147,Bengaluru Urban,2025-07-05 22:02,2025-07-06 04:02,Fraud,Cheating,BNS 318(4),12.895801,77.560439,P008134,P002083,P003706,PI Harish Naik,Chargesheeted
FIR202502302,FIR/2302/2025,PS0219,Chamarajanagar,2025-07-06 03:18,2025-07-06 05:18,Burglary,Night House Breaking,"BNS 331(3), BNS 331(4)",11.861388,76.860654,P009344,P008145,P001647,PI Naveen Patil,Under Investigation
FIR202502294,FIR/2294/2025,PS0224,Chamarajanagar,2025-07-05 22:16,2025-07-06 06:16,Theft,House Theft,BNS 303(2),11.85364,76.804335,P007823,P008033,P002372,PI Harish Naik,Untraced
FIR202502306,FIR/2306/2025,PS0118,Bengaluru Urban,2025-07-06 06:57,2025-07-06 07:57,NDPS,Drug Trafficking,NDPS Act Sec 20(b),12.788431,77.684816,P004529,P003149,P000690,PI Harish Naik,Chargesheeted
FIR202502309,FIR/2309/2025,PS0130,Bengaluru Urban,2025-07-06 10:35,2025-07-06 11:35,Vehicle Theft,Car Theft,BNS 303(2),13.093579,77.467276,P002274,P009763,P009525,PI Lakshmi Devi,Under Investigation
FIR202502286,FIR/2286/2025,PS0204,Chamarajanagar,2025-07-05 09:52,2025-07-06 11:52,POCSO,Sexual Assault on Minor,"POCSO Act Sec 4, BNS 64",12.03449,77.044967,P005076,P002868,P000589,PI Harish Naik,Chargesheeted
FIR202502314,FIR/2314/2025,PS0069,Belagavi,2025-07-06 12:32,2025-07-06 14:32,Dacoity,Armed Dacoity,BNS 310(2),15.821101,74.349562,P008852,P002877,P006587,PI Naveen Patil,Under Investigation
FIR202502315,FIR/2315/2025,PS0043,Ballari,2025-07-06 13:06,2025-07-06 17:06,Murder,Gang Conflict,BNS 103(1),14.970926,77.002834,P009733,P009612,P006628,PI Lakshmi Devi,Chargesheeted
FIR202502304,FIR/2304/2025,PS0040,Ballari,2025-07-06 06:37,2025-07-06 18:37,Dacoity,Bank Dacoity,BNS 310(2),15.343757,76.813549,P006132,P001319,P004243,PI Ramesh Gowda,Closed
FIR202502307,FIR/2307/2025,PS0133,Bengaluru Urban,2025-07-06 09:34,2025-07-06 19:34,Fraud,Corporate Fraud,BNS 318(4),13.003478,77.532397,P003534,P009296,"P009539, P009074",SI Divya Hegde,Under Investigation
FIR202502273,FIR/2273/2025,PS0195,Chamarajanagar,2025-07-04 18:04,2025-07-06 21:04,Cyber Crime,Phishing,"IT Act 66D, BNS 318(4)",11.888597,77.079221,P005956,P004821,P004610,PI Ramesh Gowda,Under Investigation
FIR202502316,FIR/2316/2025,PS0035,Ballari,2025-07-06 15:13,2025-07-06 21:13,Theft,Pocket Pick,BNS 303(2),15.224756,76.834309,P004667,P000431,P008281,PI Naveen Patil,Chargesheeted
FIR202502310,FIR/2310/2025,PS0144,Bengaluru Urban,2025-07-06 12:18,2025-07-06 21:18,Vehicle Theft,Car Theft,BNS 303(2),12.816191,77.576174,P001813,P007667,P002694,SI Prakash Sharma,Chargesheeted
FIR202502318,FIR/2318/2025,PS0070,Bengaluru Rural,2025-07-06 19:02,2025-07-06 22:02,Vehicle Theft,Two-Wheeler Theft,BNS 303(2),13.267678,77.760333,P008897,P009115,P004941,PI Lakshmi Devi,Untraced
FIR202502311,FIR/2311/2025,PS0041,Ballari,2025-07-06 12:21,2025-07-06 23:21,Theft,Pocket Pick,BNS 303(2),15.268615,76.893973,P005258,P001295,"P005733, P009587",SI Divya Hegde,Chargesheeted
FIR202502317,FIR/2317/2025,PS0050,Belagavi,2025-07-06 18:43,2025-07-07 01:43,POCSO,Harassment,"POCSO Act Sec 4, BNS 64",15.704224,74.320741,P008722,P001247,P007854,PI Lakshmi Devi,Chargesheeted
FIR202502291,FIR/2291/2025,PS0236,Chikkaballapura,2025-07-05 20:03,2025-07-07 03:03,Cyber Crime,Phishing,"IT Act 66D, BNS 318(4)",13.641701,77.932271,P005959,P007895,P006006,SI Ravi Kumar,Under Investigation
FIR202502321,FIR/2321/2025,PS0106,Bengaluru Rural,2025-07-06 23:06,2025-07-07 03:06,Assault,Public Affray,"BNS 115(2), BNS 117(2)",13.271046,77.553859,P001320,P000213,P007097,PI Ramesh Gowda,Under Investigation
FIR202502323,FIR/2323/2025,PS0068,Belagavi,2025-07-07 02:33,2025-07-07 03:33,Burglary,Day Burglary,"BNS 331(3), BNS 331(4)",16.025077,74.374188,P007778,P008980,P001393,PI Ramesh Gowda,Chargesheeted
FIR202502296,FIR/2296/2025,PS0122,Bengaluru Urban,2025-07-05 23:50,2025-07-07 03:50,Vehicle Theft,Two-Wheeler Theft,BNS 303(2),13.113418,77.545358,P005911,P000990,P009288,PI Suresh Kulkarni,Under Investigation
FIR202502275,FIR/2275/2025,PS0035,Ballari,2025-07-05 01:24,2025-07-07 04:24,Burglary,Night House Breaking,"BNS 331(3), BNS 331(4)",15.248623,76.873748,P004882,P002808,P001548,SI Prakash Sharma,Untraced
FIR202502320,FIR/2320/2025,PS0034,Ballari,2025-07-06 21:37,2025-07-07 06:37,Dacoity,Bank Dacoity,BNS 310(2),14.987234,77.090302,P004441,P009187,P004455,PI Harish Naik,Chargesheeted
FIR202502322,FIR/2322/2025,PS0042,Ballari,2025-07-07 00:52,2025-07-07 07:52,Cyber Crime,Identity Theft,"IT Act 66D, BNS 318(4)",15.045513,77.023182,P009371,P009870,P006287,SI Ganesh Rao,Under Investigation
FIR202502303,FIR/2303/2025,PS0031,Ballari,2025-07-06 06:37,2025-07-07 08:37,Fraud,Land Scam,BNS 318(4),14.966924,77.117539,P003047,P006597,P001783,SI Ganesh Rao,Under Investigation
FIR202502299,FIR/2299/2025,PS0029,Ballari,2025-07-06 00:49,2025-07-07 10:49,POCSO,Harassment,"POCSO Act Sec 4, BNS 64",14.974441,76.881801,P008797,P007409,P009899,SI Ganesh Rao,Chargesheeted
FIR202502326,FIR/2326/2025,PS0036,Ballari,2025-07-07 06:17,2025-07-07 11:17,Cyber Crime,Financial Fraud,"IT Act 66D, BNS 318(4)",15.262595,76.768993,P000306,P007063,P001902,PI Ramesh Gowda,Chargesheeted
FIR202502301,FIR/2301/2025,PS0130,Bengaluru Urban,2025-07-06 02:30,2025-07-07 11:30,Fraud,Corporate Fraud,BNS 318(4),13.109175,77.489433,P002532,P000487,P007377,PI Lakshmi Devi,Chargesheeted
FIR202502331,FIR/2331/2025,PS0034,Ballari,2025-07-07 09:18,2025-07-07 12:18,Dacoity,Bank Dacoity,BNS 310(2),14.987971,77.097492,P006611,P003992,P007816,PI Lakshmi Devi,Chargesheeted
FIR202502300,FIR/2300/2025,PS0243,Chikkaballapura,2025-07-06 01:32,2025-07-07 12:32,Theft,Snatching,BNS 303(2),13.433245,77.877495,P000066,P006133,P005697,PI Naveen Patil,Untraced
FIR202502333,FIR/2333/2025,PS0197,Chamarajanagar,2025-07-07 12:12,2025-07-07 13:12,Murder,Dowry Homicide,BNS 103(1),11.878458,77.053426,P006968,P005127,P007622,SI Divya Hegde,Under Investigation
FIR202502313,FIR/2313/2025,PS0030,Ballari,2025-07-06 12:31,2025-07-07 13:31,Cyber Crime,Identity Theft,"IT Act 66D, BNS 318(4)",15.177195,76.844899,P000500,P007456,P001128,PI Naveen Patil,Chargesheeted
FIR202502325,FIR/2325/2025,PS0132,Bengaluru Urban,2025-07-07 05:28,2025-07-07 14:28,Cyber Crime,Financial Fraud,"IT Act 66D, BNS 318(4)",12.983524,77.658723,P005854,P004393,P001387,PI Harish Naik,Under Investigation
FIR202502327,FIR/2327/2025,PS0037,Ballari,2025-07-07 07:12,2025-07-07 15:12,Vehicle Theft,Car Theft,BNS 303(2),15.072835,77.064841,P009918,P002208,P003639,SI Ganesh Rao,Under Investigation
FIR202502332,FIR/2332/2025,PS0028,Ballari,2025-07-07 10:22,2025-07-07 16:22,Vehicle Theft,Two-Wheeler Theft,BNS 303(2),15.006231,76.87638,P003523,P003956,P001280,PI Chetan Kumar,Under Investigation
FIR202502308,FIR/2308/2025,PS0112,Bengaluru Urban,2025-07-06 09:36,2025-07-07 17:36,Cyber Crime,Identity Theft,"IT Act 66D, BNS 318(4)",13.100124,77.590207,P006579,P000069,P003184,PI Suresh Kulkarni,Under Investigation
FIR202502337,FIR/2337/2025,PS0029,Ballari,2025-07-07 14:24,2025-07-07 22:24,Burglary,Night House Breaking,"BNS 331(3), BNS 331(4)",14.98839,76.908596,P001530,P005573,P005865,SI Prakash Sharma,Chargesheeted
FIR202502287,FIR/2287/2025,PS0032,Ballari,2025-07-05 10:52,2025-07-07 22:52,Assault,Simple Assault,"BNS 115(2), BNS 117(2)",15.156531,76.90362,P007488,P001140,P007959,SI Mahesh Bhat,Chargesheeted
FIR202502335,FIR/2335/2025,PS0107,Bengaluru Rural,2025-07-07 12:24,2025-07-07 23:24,Fraud,Corporate Fraud,BNS 318(4),13.116541,77.43863,P008687,P000512,P003496,PI Naveen Patil,Under Investigation
FIR202502342,FIR/2342/2025,PS0053,Belagavi,2025-07-07 22:22,2025-07-08 00:22,Murder,Gang Conflict,BNS 103(1),15.850353,74.303453,P009964,P003327,P002536,PI Harish Naik,Chargesheeted
FIR202502345,FIR/2345/2025,PS0138,Bengaluru Urban,2025-07-08 01:06,2025-07-08 06:06,Robbery,Highway Robbery,BNS 309(4),13.175277,77.44704,P008539,P005353,P002884,SI Ganesh Rao,Untraced
FIR202502350,FIR/2350/2025,PS0201,Chamarajanagar,2025-07-08 03:39,2025-07-08 08:39,Dacoity,Bank Dacoity,BNS 310(2),12.000859,76.833261,P006898,P007210,P004729,SI Divya Hegde,Untraced
FIR202502351,FIR/2351/2025,PS0044,Ballari,2025-07-08 04:37,2025-07-08 09:37,Assault,Grievous Hurt,"BNS 115(2), BNS 117(2)",15.298829,76.931922,P004045,P009408,P009823,PI Naveen Patil,Under Investigation
FIR202502305,FIR/2305/2025,PS0211,Chamarajanagar,2025-07-06 06:42,2025-07-08 11:42,Fraud,Land Scam,BNS 318(4),11.84813,77.078122,P006307,P007703,P008190,SI Ravi Kumar,Chargesheeted
FIR202502353,FIR/2353/2025,PS0046,Belagavi,2025-07-08 06:03,2025-07-08 12:03,POCSO,Harassment,"POCSO Act Sec 4, BNS 64",15.780317,74.524433,P002789,P008974,P001633,PI Lakshmi Devi,Chargesheeted
FIR202502360,FIR/2360/2025,PS0050,Belagavi,2025-07-08 11:47,2025-07-08 16:47,Robbery,Chain Snatching with Force,BNS 309(4),15.724689,74.303766,P009821,P007827,P002299,PI Ramesh Gowda,Under Investigation
FIR202502330,FIR/2330/2025,PS0067,Belagavi,2025-07-07 09:17,2025-07-08 18:17,Robbery,Highway Robbery,BNS 309(4),15.882426,74.703928,P002336,P000155,P000475,PI Ramesh Gowda,Under Investigation
FIR202502329,FIR/2329/2025,PS0225,Chamarajanagar,2025-07-07 08:29,2025-07-08 18:29,Cyber Crime,Phishing,"IT Act 66D, BNS 318(4)",12.005126,76.771641,P004378,P007131,P001143,PI Harish Naik,Chargesheeted
FIR202502340,FIR/2340/2025,PS0057,Belagavi,2025-07-07 19:56,2025-07-08 21:56,Burglary,Night House Breaking,"BNS 331(3), BNS 331(4)",15.699684,74.430397,P007550,P002945,P000921,SI Prakash Sharma,Chargesheeted
FIR202502336,FIR/2336/2025,PS0203,Chamarajanagar,2025-07-07 12:52,2025-07-08 23:52,Fraud,Corporate Fraud,BNS 318(4),11.907834,76.87497,P006196,P008584,P008994,PI Suresh Kulkarni,Chargesheeted
FIR202502334,FIR/2334/2025,PS0074,Bengaluru Rural,2025-07-07 12:19,2025-07-09 00:19,Theft,Snatching,BNS 303(2),13.182513,77.55956,P005806,P006568,P000342,PI Naveen Patil,Chargesheeted
FIR202502364,FIR/2364/2025,PS0035,Ballari,2025-07-08 17:32,2025-07-09 00:32,Burglary,Day Burglary,"BNS 331(3), BNS 331(4)",15.219743,76.846783,P002392,P004868,P009598,PI Suresh Kulkarni,Under Investigation
FIR202502363,FIR/2363/2025,PS0106,Bengaluru Rural,2025-07-08 16:58,2025-07-09 03:58,Cyber Crime,Financial Fraud,"IT Act 66D, BNS 318(4)",13.273008,77.545829,P007706,P000939,P003492,PI Ramesh Gowda,Under Investigation
FIR202502367,FIR/2367/2025,PS0215,Chamarajanagar,2025-07-08 19:18,2025-07-09 04:18,Cyber Crime,Financial Fraud,"IT Act 66D, BNS 318(4)",11.855544,76.985919,P004505,P008888,P006426,SI Ravi Kumar,Chargesheeted
FIR202502366,FIR/2366/2025,PS0048,Belagavi,2025-07-08 18:19,2025-07-09 04:19,Theft,Pocket Pick,BNS 303(2),15.752859,74.476955,P004059,P009883,P001537,SI Ravi Kumar,Untraced
FIR202502343,FIR/2343/2025,PS0134,Bengaluru Urban,2025-07-07 22:49,2025-07-09 04:49,Murder,Gang Conflict,BNS 103(1),12.810057,77.642614,P002606,P001236,P009444,PI Lakshmi Devi,Chargesheeted
FIR202502298,FIR/2298/2025,PS0019,Bagalkote,2025-07-06 00:29,2025-07-09 05:29,Burglary,Day Burglary,"BNS 331(3), BNS 331(4)",16.050993,75.884409,P008422,P004759,P001615,SI Ravi Kumar,Under Investigation
FIR202502278,FIR/2278/2025,PS0189,Bidar,2025-07-05 05:04,2025-07-09 06:04,Dacoity,Armed Dacoity,BNS 310(2),17.904929,77.363096,P008416,P005306,"P004824, P009013",PI Lakshmi Devi,Chargesheeted
FIR202502369,FIR/2369/2025,PS0203,Chamarajanagar,2025-07-09 00:53,2025-07-09 06:53,NDPS,Possession of Narcotics,NDPS Act Sec 20(b),11.915283,76.873863,P000453,P001111,P007755,PI Chetan Kumar,Untraced
FIR202502352,FIR/2352/2025,PS0155,Bidar,2025-07-08 05:55,2025-07-09 06:55,POCSO,Harassment,"POCSO Act Sec 4, BNS 64",17.968212,77.336908,P007178,P002578,P000352,PI Suresh Kulkarni,Chargesheeted
FIR202502372,FIR/2372/2025,PS0103,Bengaluru Rural,2025-07-09 03:01,2025-07-09 07:01,Assault,Public Affray,"BNS 115(2), BNS 117(2)",13.344688,77.450952,P003098,P003994,P003956,PI Lakshmi Devi,Under Investigation
FIR202502373,FIR/2373/2025,PS0071,Bengaluru Rural,2025-07-09 07:30,2025-07-09 08:30,Vehicle Theft,Two-Wheeler Theft,BNS 303(2),13.032326,77.48027,P007430,P005781,P008369,PI Lakshmi Devi,Under Investigation
FIR202502344,FIR/2344/2025,PS0042,Ballari,2025-07-07 23:14,2025-07-09 11:14,Assault,Public Affray,"BNS 115(2), BNS 117(2)",15.035132,77.00293,P005713,P000339,P007090,SI Mahesh Bhat,Under Investigation
FIR202502356,FIR/2356/2025,PS0221,Chamarajanagar,2025-07-08 09:25,2025-07-09 11:25,Cyber Crime,Phishing,"IT Act 66D, BNS 318(4)",12.039927,77.084335,P003111,P003182,P004705,PI Harish Naik,Chargesheeted
FIR202502377,FIR/2377/2025,PS0037,Ballari,2025-07-09 12:05,2025-07-09 13:05,Fraud,Cheating,BNS 318(4),15.084562,77.041774,P001009,P007476,P007484,PI Harish Naik,Chargesheeted
FIR202502359,FIR/2359/2025,PS0026,Ballari,2025-07-08 11:44,2025-07-09 13:44,NDPS,Drug Trafficking,NDPS Act Sec 20(b),15.233843,76.972102,P006908,P002978,P007557,PI Chetan Kumar,Under Investigation
FIR202502328,FIR/2328/2025,PS0045,Ballari,2025-07-07 07:54,2025-07-09 13:54,Cyber Crime,Financial Fraud,"IT Act 66D, BNS 318(4)",15.009634,76.891834,P009179,P007145,P003186,PI Suresh Kulkarni,Under Investigation
FIR202502374,FIR/2374/2025,PS0026,Ballari,2025-07-09 07:45,2025-07-09 14:45,Vehicle Theft,Two-Wheeler Theft,BNS 303(2),15.237077,76.985484,P003082,P009736,P007543,PI Harish Naik,Under Investigation
FIR202502355,FIR/2355/2025,PS0102,Bengaluru Rural,2025-07-08 09:08,2025-07-09 18:08,Robbery,Chain Snatching with Force,BNS 309(4),13.107776,77.629837,P008784,P003104,"P002503, P004843",SI Mahesh Bhat,Under Investigation
FIR202502365,FIR/2365/2025,PS0007,Bagalkote,2025-07-08 17:45,2025-07-09 20:45,Robbery,Highway Robbery,BNS 309(4),16.090817,75.618018,P007760,P002600,P003986,SI Ravi Kumar,Under Investigation
FIR202502357,FIR/2357/2025,PS0004,Bagalkote,2025-07-08 09:46,2025-07-09 20:46,Murder,Dowry Homicide,BNS 103(1),16.046315,75.680493,P006024,P004885,P006435,SI Mahesh Bhat,Chargesheeted
FIR202502378,FIR/2378/2025,PS0083,Bengaluru Rural,2025-07-09 12:59,2025-07-09 20:59,Robbery,Chain Snatching with Force,BNS 309(4),13.255579,77.56721,P006214,P002552,P006558,PI Ramesh Gowda,Chargesheeted
FIR202502362,FIR/2362/2025,PS0033,Ballari,2025-07-08 12:45,2025-07-09 21:45,Dacoity,Armed Dacoity,BNS 310(2),15.005712,76.824681,P009846,P006047,"P007835, P003691",PI Chetan Kumar,Chargesheeted
FIR202502361,FIR/2361/2025,PS0212,Chamarajanagar,2025-07-08 12:26,2025-07-09 22:26,Burglary,Night House Breaking,"BNS 331(3), BNS 331(4)",12.054839,76.823092,P005399,P005801,P008814,SI Ravi Kumar,Untraced
FIR202502379,FIR/2379/2025,PS0186,Bidar,2025-07-09 13:15,2025-07-10 01:15,Burglary,Day Burglary,"BNS 331(3), BNS 331(4)",17.745181,77.498003,P006530,P004114,P008335,SI Mahesh Bhat,Chargesheeted
FIR202502381,FIR/2381/2025,PS0182,Bidar,2025-07-09 19:10,2025-07-10 03:10,Vehicle Theft,Two-Wheeler Theft,BNS 303(2),17.919569,77.685864,P008353,P002512,P006386,PI Chetan Kumar,Chargesheeted
FIR202502383,FIR/2383/2025,PS0247,Chikkaballapura,2025-07-09 19:40,2025-07-10 03:40,POCSO,Sexual Assault on Minor,"POCSO Act Sec 4, BNS 64",13.50526,77.878462,P007591,P001973,P006530,PI Naveen Patil,Chargesheeted
FIR202502368,FIR/2368/2025,PS0041,Ballari,2025-07-08 20:05,2025-07-10 04:05,Assault,Simple Assault,"BNS 115(2), BNS 117(2)",15.235083,76.880247,P001718,P005926,P008321,PI Ramesh Gowda,Closed
FIR202502339,FIR/2339/2025,PS0030,Ballari,2025-07-07 19:08,2025-07-10 04:08,Dacoity,Bank Dacoity,BNS 310(2),15.179587,76.811735,P000728,P004474,P000681,SI Prakash Sharma,Chargesheeted
FIR202502388,FIR/2388/2025,PS0196,Chamarajanagar,2025-07-10 00:55,2025-07-10 06:55,Dacoity,Bank Dacoity,BNS 310(2),12.00317,76.942566,P002313,P005935,P007597,SI Ganesh Rao,Chargesheeted
FIR202502384,FIR/2384/2025,PS0207,Chamarajanagar,2025-07-09 23:24,2025-07-10 09:24,Cyber Crime,Financial Fraud,"IT Act 66D, BNS 318(4)",12.075871,77.13565,P006195,P001773,P005299,PI Naveen Patil,Under Investigation
FIR202502324,FIR/2324/2025,PS0040,Ballari,2025-07-07 05:28,2025-07-10 09:28,Vehicle Theft,Two-Wheeler Theft,BNS 303(2),15.307687,76.839245,P005021,P007146,P002405,SI Mahesh Bhat,Chargesheeted
FIR202502348,FIR/2348/2025,PS0088,Bengaluru Rural,2025-07-08 02:37,2025-07-10 09:37,Assault,Grievous Hurt,"BNS 115(2), BNS 117(2)",13.061647,77.415966,P002164,P005306,P002264,SI Divya Hegde,Chargesheeted
FIR202502392,FIR/2392/2025,PS0045,Ballari,2025-07-10 05:27,2025-07-10 10:27,Burglary,Night House Breaking,"BNS 331(3), BNS 331(4)",14.995013,76.883942,P001684,P002495,P000933,PI Naveen Patil,Under Investigation
FIR202502385,FIR/2385/2025,PS0045,Ballari,2025-07-09 23:51,2025-07-10 10:51,POCSO,Harassment,"POCSO Act Sec 4, BNS 64",14.98662,76.879758,P007076,P002262,P008824,SI Prakash Sharma,Chargesheeted
FIR202502395,FIR/2395/2025,PS0057,Belagavi,2025-07-10 09:42,2025-07-10 11:42,Theft,House Theft,BNS 303(2),15.672972,74.397284,P006121,P007369,"P006361, P003795",SI Divya Hegde,Untraced
FIR202502387,FIR/2387/2025,PS0147,Bengaluru Urban,2025-07-10 00:43,2025-07-10 11:43,Vehicle Theft,Two-Wheeler Theft,BNS 303(2),12.904823,77.543189,P002505,P004149,P006521,SI Divya Hegde,Under Investigation
FIR202502386,FIR/2386/2025,PS0049,Belagavi,2025-07-10 00:16,2025-07-10 12:16,Theft,Snatching,BNS 303(2),15.917626,74.537562,P002357,P003117,P004431,PI Ramesh Gowda,Chargesheeted
FIR202502391,FIR/2391/2025,PS0209,Chamarajanagar,2025-07-10 05:26,2025-07-10 12:26,Dacoity,Armed Dacoity,BNS 310(2),12.052055,77.012492,P001177,P005242,P005733,SI Prakash Sharma,Chargesheeted
FIR202502346,FIR/2346/2025,PS0223,Chamarajanagar,2025-07-08 01:43,2025-07-10 12:43,Assault,Grievous Hurt,"BNS 115(2), BNS 117(2)",11.856874,76.787524,P004537,P003829,P004952,PI Chetan Kumar,Under Investigation
FIR202502397,FIR/2397/2025,PS0075,Bengaluru Rural,2025-07-10 11:09,2025-07-10 13:09,Murder,Gang Conflict,BNS 103(1),13.210434,77.536054,P002289,P007085,P005056,PI Ramesh Gowda,Chargesheeted
FIR202502376,FIR/2376/2025,PS0064,Belagavi,2025-07-09 11:14,2025-07-10 13:14,Vehicle Theft,Car Theft,BNS 303(2),15.916875,74.317361,P001096,P001644,P003275,SI Divya Hegde,Under Investigation
FIR202502389,FIR/2389/2025,PS0071,Bengaluru Rural,2025-07-10 04:23,2025-07-10 13:23,Vehicle Theft,Car Theft,BNS 303(2),13.045913,77.508901,P003909,P005562,P001515,PI Ramesh Gowda,Under Investigation
FIR202502347,FIR/2347/2025,PS0171,Bidar,2025-07-08 02:24,2025-07-10 13:24,Cyber Crime,Financial Fraud,"IT Act 66D, BNS 318(4)",17.76834,77.576008,P005998,P006860,P008667,SI Ravi Kumar,Under Investigation
FIR202502358,FIR/2358/2025,PS0093,Bengaluru Rural,2025-07-08 10:26,2025-07-10 14:26,Assault,Grievous Hurt,"BNS 115(2), BNS 117(2)",13.221294,77.554911,P007915,P009337,P001475,SI Mahesh Bhat,Closed
FIR202502394,FIR/2394/2025,PS0223,Chamarajanagar,2025-07-10 09:14,2025-07-10 17:14,NDPS,Drug Trafficking,NDPS Act Sec 20(b),11.87764,76.812479,P005809,P000694,"P009697, P001103",SI Prakash Sharma,Under Investigation
FIR202502390,FIR/2390/2025,PS0035,Ballari,2025-07-10 05:15,2025-07-10 17:15,Cyber Crime,Identity Theft,"IT Act 66D, BNS 318(4)",15.229981,76.871172,P004341,P004818,P006664,PI Naveen Patil,Closed
FIR202502398,FIR/2398/2025,PS0069,Belagavi,2025-07-10 13:20,2025-07-10 17:20,Vehicle Theft,Car Theft,BNS 303(2),15.846885,74.324304,P000838,P001438,P007089,PI Lakshmi Devi,Chargesheeted
FIR202502382,FIR/2382/2025,PS0072,Bengaluru Rural,2025-07-09 19:37,2025-07-10 21:37,POCSO,Sexual Assault on Minor,"POCSO Act Sec 4, BNS 64",13.302653,77.621367,P009961,P008856,P002516,PI Ramesh Gowda,Under Investigation
FIR202502400,FIR/2400/2025,PS0027,Ballari,2025-07-10 18:22,2025-07-10 22:22,NDPS,Possession of Narcotics,NDPS Act Sec 20(b),15.029823,77.087357,P000480,P000125,P007298,SI Divya Hegde,Chargesheeted
FIR202502341,FIR/2341/2025,PS0060,Belagavi,2025-07-07 20:24,2025-07-10 23:24,Cyber Crime,Phishing,"IT Act 66D, BNS 318(4)",16.025766,74.532986,P003159,P003915,P008160,SI Mahesh Bhat,Under Investigation
FIR202502406,FIR/2406/2025,PS0182,Bidar,2025-07-10 22:23,2025-07-11 02:23,Murder,Dowry Homicide,BNS 103(1),17.929732,77.681277,P001907,P006072,P002301,SI Ganesh Rao,Untraced
FIR202502319,FIR/2319/2025,PS0208,Chamarajanagar,2025-07-06 21:31,2025-07-11 05:31,Burglary,Day Burglary,"BNS 331(3), BNS 331(4)",11.807254,77.140332,P003344,P004157,P007701,PI Suresh Kulkarni,Chargesheeted
FIR202502407,FIR/2407/2025,PS0070,Bengaluru Rural,2025-07-10 23:25,2025-07-11 09:25,Murder,Gang Conflict,BNS 103(1),13.267626,77.747291,P003285,P009667,P004986,SI Prakash Sharma,Chargesheeted
FIR202502371,FIR/2371/2025,PS0091,Bengaluru Rural,2025-07-09 02:17,2025-07-11 11:17,NDPS,Possession of Narcotics,NDPS Act Sec 20(b),13.052646,77.634379,P008896,P000501,"P001157, P008213",SI Ravi Kumar,Chargesheeted
FIR202502411,FIR/2411/2025,PS0041,Ballari,2025-07-11 04:21,2025-07-11 11:21,Burglary,Night House Breaking,"BNS 331(3), BNS 331(4)",15.269116,76.900135,P006135,P009659,P004182,PI Naveen Patil,Under Investigation
FIR202502354,FIR/2354/2025,PS0061,Belagavi,2025-07-08 06:30,2025-07-11 12:30,POCSO,Sexual Assault on Minor,"POCSO Act Sec 4, BNS 64",16.031401,74.414183,P007121,P002773,P007557,SI Ravi Kumar,Chargesheeted
FIR202502370,FIR/2370/2025,PS0035,Ballari,2025-07-09 02:14,2025-07-11 14:14,Cyber Crime,Phishing,"IT Act 66D, BNS 318(4)",15.237573,76.843402,P007884,P006193,P006248,PI Naveen Patil,Chargesheeted
FIR202502414,FIR/2414/2025,PS0057,Belagavi,2025-07-11 07:22,2025-07-11 16:22,Fraud,Cheating,BNS 318(4),15.696743,74.429125,P003129,P000380,P001928,PI Naveen Patil,Under Investigation
FIR202502415,FIR/2415/2025,PS0119,Bengaluru Urban,2025-07-11 10:35,2025-07-11 20:35,Cyber Crime,Identity Theft,"IT Act 66D, BNS 318(4)",12.81715,77.785048,P006769,P005402,P008932,PI Naveen Patil,Chargesheeted
FIR202502420,FIR/2420/2025,PS0089,Bengaluru Rural,2025-07-11 16:39,2025-07-11 20:39,Assault,Public Affray,"BNS 115(2), BNS 117(2)",13.372125,77.588652,P000489,P006860,P002000,PI Lakshmi Devi,Chargesheeted
FIR202502380,FIR/2380/2025,PS0129,Bengaluru Urban,2025-07-09 14:44,2025-07-11 20:44,Fraud,Land Scam,BNS 318(4),12.816767,77.765524,P008506,P004307,P005907,PI Suresh Kulkarni,Under Investigation
FIR202502401,FIR/2401/2025,PS0164,Bidar,2025-07-10 18:45,2025-07-11 20:45,Burglary,Day Burglary,"BNS 331(3), BNS 331(4)",17.955728,77.471213,P002074,P005941,P001787,PI Harish Naik,Chargesheeted
FIR202502424,FIR/2424/2025,PS0211,Chamarajanagar,2025-07-11 17:29,2025-07-12 00:29,POCSO,Harassment,"POCSO Act Sec 4, BNS 64",11.831166,77.06885,P006035,P005137,P001367,SI Ganesh Rao,Under Investigation
FIR202502312,FIR/2312/2025,PS0034,Ballari,2025-07-06 12:30,2025-07-12 00:30,Theft,House Theft,BNS 303(2),15.009318,77.088084,P009810,P007341,P005272,SI Mahesh Bhat,Under Investigation
FIR202502427,FIR/2427/2025,PS0250,Chikkaballapura,2025-07-11 19:51,2025-07-12 01:51,Murder,Gang Conflict,BNS 103(1),13.573872,77.818115,P004825,P005299,P001933,SI Prakash Sharma,Chargesheeted
FIR202502431,FIR/2431/2025,PS0060,Belagavi,2025-07-12 01:11,2025-07-12 05:11,POCSO,Harassment,"POCSO Act Sec 4, BNS 64",15.99475,74.514284,P008810,P009827,P007138,PI Naveen Patil,Chargesheeted
FIR202502429,FIR/2429/2025,PS0241,Chikkaballapura,2025-07-11 22:02,2025-07-12 09:02,Fraud,Land Scam,BNS 318(4),13.275785,77.928464,P001700,P004459,P009785,PI Naveen Patil,Chargesheeted
FIR202502349,FIR/2349/2025,PS0139,Bengaluru Urban,2025-07-08 03:02,2025-07-12 10:02,Cyber Crime,Phishing,"IT Act 66D, BNS 318(4)",12.814101,77.558242,P002631,P000963,P008946,SI Ravi Kumar,Under Investigation
FIR202502375,FIR/2375/2025,PS0120,Bengaluru Urban,2025-07-09 08:06,2025-07-12 10:06,Dacoity,Armed Dacoity,BNS 310(2),13.13332,77.416271,P004315,P005789,P002737,SI Divya Hegde,Chargesheeted
FIR202502436,FIR/2436/2025,PS0217,Chamarajanagar,2025-07-12 08:11,2025-07-12 14:11,Fraud,Cheating,BNS 318(4),11.748755,76.897956,P009778,P000194,P007736,SI Prakash Sharma,Under Investigation
FIR202502432,FIR/2432/2025,PS0159,Bidar,2025-07-12 03:10,2025-07-12 15:10,Cyber Crime,Financial Fraud,"IT Act 66D, BNS 318(4)",18.059134,77.500862,P001136,P008804,P009960,SI Prakash Sharma,Chargesheeted
FIR202502441,FIR/2441/2025,PS0041,Ballari,2025-07-12 14:04,2025-07-12 17:04,Assault,Simple Assault,"BNS 115(2), BNS 117(2)",15.256394,76.894442,P008518,P004348,P008703,SI Prakash Sharma,Under Investigation
FIR202502399,FIR/2399/2025,PS0039,Ballari,2025-07-10 14:23,2025-07-12 18:23,NDPS,Drug Trafficking,NDPS Act Sec 20(b),15.32766,76.948835,P006112,P000148,P001016,SI Divya Hegde,Chargesheeted
FIR202502437,FIR/2437/2025,PS0095,Bengaluru Rural,2025-07-12 08:12,2025-07-12 19:12,Burglary,Night House Breaking,"BNS 331(3), BNS 331(4)",13.079708,77.393357,P000320,P003815,P008561,PI Harish Naik,Closed
FIR202502418,FIR/2418/2025,PS0097,Bengaluru Rural,2025-07-11 11:27,2025-07-12 19:27,Assault,Public Affray,"BNS 115(2), BNS 117(2)",13.105547,77.500272,P001421,P008671,P002729,SI Ravi Kumar,Under Investigation
FIR202502435,FIR/2435/2025,PS0040,Ballari,2025-07-12 07:43,2025-07-12 19:43,Cyber Crime,Phishing,"IT Act 66D, BNS 318(4)",15.340021,76.807711,P006468,P000452,P009004,PI Naveen Patil,Untraced
FIR202502417,FIR/2417/2025,PS0038,Ballari,2025-07-11 10:49,2025-07-12 19:49,Dacoity,Armed Dacoity,BNS 310(2),15.081894,77.077896,P003847,P009000,P003802,SI Ganesh Rao,Chargesheeted
FIR202502444,FIR/2444/2025,PS0193,Chamarajanagar,2025-07-12 19:03,2025-07-12 20:03,Murder,Personal Enmity,BNS 103(1),12.00527,76.851515,P006164,P001293,P008987,PI Chetan Kumar,Under Investigation
FIR202502338,FIR/2338/2025,PS0031,Ballari,2025-07-07 14:30,2025-07-12 20:30,Fraud,Corporate Fraud,BNS 318(4),14.972086,77.100759,P006534,P007446,P003957,PI Naveen Patil,Chargesheeted
FIR202502396,FIR/2396/2025,PS0168,Bidar,2025-07-10 10:55,2025-07-12 21:55,NDPS,Drug Trafficking,NDPS Act Sec 20(b),17.707414,77.684772,P002571,P007790,P008195,PI Lakshmi Devi,Untraced
FIR202502439,FIR/2439/2025,PS0046,Belagavi,2025-07-12 12:37,2025-07-12 22:37,Burglary,Day Burglary,"BNS 331(3), BNS 331(4)",15.782243,74.518877,P002966,P009065,P005529,PI Naveen Patil,Untraced
FIR202502419,FIR/2419/2025,PS0048,Belagavi,2025-07-11 16:17,2025-07-13 00:17,POCSO,Harassment,"POCSO Act Sec 4, BNS 64",15.715766,74.482655,P008261,P004047,P004127,PI Lakshmi Devi,Chargesheeted
FIR202502448,FIR/2448/2025,PS0043,Ballari,2025-07-12 22:37,2025-07-13 01:37,Assault,Simple Assault,"BNS 115(2), BNS 117(2)",14.966346,77.00203,P001148,P007629,P000584,SI Ganesh Rao,Under Investigation
FIR202502423,FIR/2423/2025,PS0043,Ballari,2025-07-11 16:55,2025-07-13 02:55,Fraud,Cheating,BNS 318(4),14.986859,76.970736,P009621,P005813,P001853,SI Ravi Kumar,Chargesheeted
FIR202502425,FIR/2425/2025,PS0030,Ballari,2025-07-11 18:58,2025-07-13 02:58,Fraud,Cheating,BNS 318(4),15.196629,76.818667,P000174,P005979,P002139,SI Ganesh Rao,Chargesheeted
FIR202502442,FIR/2442/2025,PS0031,Ballari,2025-07-12 17:28,2025-07-13 03:28,Assault,Simple Assault,"BNS 115(2), BNS 117(2)",14.967727,77.08232,P003086,P007516,P003984,SI Divya Hegde,Under Investigation
FIR202502404,FIR/2404/2025,PS0190,Bidar,2025-07-10 20:46,2025-07-13 03:46,Murder,Gang Conflict,BNS 103(1),17.727326,77.560256,P003068,P009333,"P005728, P000834",PI Naveen Patil,Chargesheeted
FIR202502403,FIR/2403/2025,PS0161,Bidar,2025-07-10 19:52,2025-07-13 05:52,Assault,Grievous Hurt,"BNS 115(2), BNS 117(2)",17.998241,77.504311,P006965,P006175,P006233,PI Suresh Kulkarni,Under Investigation
FIR202502428,FIR/2428/2025,PS0250,Chikkaballapura,2025-07-11 20:33,2025-07-13 07:33,Dacoity,Armed Dacoity,BNS 310(2),13.549711,77.814595,P002949,P003914,P003806,SI Divya Hegde,Under Investigation
FIR202502409,FIR/2409/2025,PS0032,Ballari,2025-07-11 02:39,2025-07-13 08:39,Murder,Dowry Homicide,BNS 103(1),15.173728,76.908073,P009070,P009295,"P001788, P003511",PI Chetan Kumar,Chargesheeted
FIR202502393,FIR/2393/2025,PS0187,Bidar,2025-07-10 05:47,2025-07-13 08:47,Cyber Crime,Identity Theft,"IT Act 66D, BNS 318(4)",17.984033,77.705807,P009679,P008837,P008675,SI Ganesh Rao,Closed
FIR202502413,FIR/2413/2025,PS0069,Belagavi,2025-07-11 05:26,2025-07-13 10:26,Burglary,Night House Breaking,"BNS 331(3), BNS 331(4)",15.82332,74.333497,P003365,P003591,P008476,SI Divya Hegde,Chargesheeted
FIR202502433,FIR/2433/2025,PS0035,Ballari,2025-07-12 05:27,2025-07-13 10:27,Murder,Dowry Homicide,BNS 103(1),15.245573,76.842711,P007261,P005086,"P002902, P001162",SI Ravi Kumar,Under Investigation
FIR202502412,FIR/2412/2025,PS0053,Belagavi,2025-07-11 04:40,2025-07-13 12:40,Assault,Simple Assault,"BNS 115(2), BNS 117(2)",15.855323,74.33446,P009921,P004186,P006014,PI Suresh Kulkarni,Untraced
FIR202502408,FIR/2408/2025,PS0026,Ballari,2025-07-11 02:27,2025-07-13 13:27,Fraud,Cheating,BNS 318(4),15.227614,76.961591,P007100,P001092,P005325,SI Ganesh Rao,Under Investigation
FIR202502455,FIR/2455/2025,PS0126,Bengaluru Urban,2025-07-13 12:48,2025-07-13 13:48,Vehicle Theft,Car Theft,BNS 303(2),12.874624,77.551777,P005776,P005855,P009796,SI Mahesh Bhat,Closed
FIR202502452,FIR/2452/2025,PS0038,Ballari,2025-07-13 07:40,2025-07-13 19:40,Murder,Personal Enmity,BNS 103(1),15.079801,77.054509,P005253,P003243,P005217,SI Mahesh Bhat,Under Investigation
FIR202502454,FIR/2454/2025,PS0143,Bengaluru Urban,2025-07-13 08:55,2025-07-13 19:55,NDPS,Drug Trafficking,NDPS Act Sec 20(b),12.776445,77.416935,P006463,P003532,P008712,PI Naveen Patil,Chargesheeted
FIR202502456,FIR/2456/2025,PS0066,Belagavi,2025-07-13 16:55,2025-07-13 20:55,POCSO,Harassment,"POCSO Act Sec 4, BNS 64",15.949421,74.648979,P008180,P004851,P002363,PI Lakshmi Devi,Chargesheeted
FIR202502440,FIR/2440/2025,PS0069,Belagavi,2025-07-12 12:39,2025-07-13 21:39,POCSO,Sexual Assault on Minor,"POCSO Act Sec 4, BNS 64",15.847795,74.339497,P000216,P007118,P001757,SI Ganesh Rao,Under Investigation
FIR202502438,FIR/2438/2025,PS0210,Chamarajanagar,2025-07-12 09:43,2025-07-13 21:43,Dacoity,Bank Dacoity,BNS 310(2),12.003633,76.803984,P002596,P000127,P000761,SI Divya Hegde,Under Investigation
FIR202502447,FIR/2447/2025,PS0222,Chamarajanagar,2025-07-12 21:45,2025-07-13 22:45,Fraud,Corporate Fraud,BNS 318(4),11.903087,76.764452,P005881,P004323,P002906,SI Divya Hegde,Chargesheeted
FIR202502402,FIR/2402/2025,PS0039,Ballari,2025-07-10 18:50,2025-07-14 00:50,Murder,Personal Enmity,BNS 103(1),15.331911,76.915912,P000775,P006779,P000762,SI Ganesh Rao,Chargesheeted
FIR202502445,FIR/2445/2025,PS0029,Ballari,2025-07-12 19:30,2025-07-14 04:30,Burglary,Night House Breaking,"BNS 331(3), BNS 331(4)",14.987621,76.873358,P005907,P006090,P000179,PI Suresh Kulkarni,Untraced
FIR202502457,FIR/2457/2025,PS0024,Bagalkote,2025-07-13 20:10,2025-07-14 05:10,Dacoity,Armed Dacoity,BNS 310(2),16.364241,75.530068,P001091,P005883,"P005135, P001193",PI Ramesh Gowda,Closed
FIR202502405,FIR/2405/2025,PS0028,Ballari,2025-07-10 21:17,2025-07-14 06:17,Assault,Public Affray,"BNS 115(2), BNS 117(2)",15.030282,76.857027,P001035,P003317,P009563,SI Mahesh Bhat,Chargesheeted
FIR202502450,FIR/2450/2025,PS0059,Belagavi,2025-07-13 05:51,2025-07-14 06:51,Vehicle Theft,Two-Wheeler Theft,BNS 303(2),15.795697,74.518917,P002303,P001242,P001857,SI Prakash Sharma,Chargesheeted
FIR202502458,FIR/2458/2025,PS0213,Chamarajanagar,2025-07-14 05:11,2025-07-14 10:11,Fraud,Cheating,BNS 318(4),12.051371,76.932565,P009225,P003427,P007274,PI Suresh Kulkarni,Chargesheeted
FIR202502459,FIR/2459/2025,PS0204,Chamarajanagar,2025-07-14 07:21,2025-07-14 12:21,Cyber Crime,Identity Theft,"IT Act 66D, BNS 318(4)",12.042951,77.078468,P002039,P003276,P007515,PI Naveen Patil,Chargesheeted
FIR202502410,FIR/2410/2025,PS0194,Chamarajanagar,2025-07-11 02:45,2025-07-14 14:45,POCSO,Sexual Assault on Minor,"POCSO Act Sec 4, BNS 64",11.77897,76.879917,P003400,P009632,P004144,PI Lakshmi Devi,Under Investigation
FIR202502449,FIR/2449/2025,PS0064,Belagavi,2025-07-13 05:25,2025-07-14 15:25,Murder,Gang Conflict,BNS 103(1),15.922071,74.314437,P005647,P009519,P007118,SI Prakash Sharma,Chargesheeted
FIR202502416,FIR/2416/2025,PS0062,Belagavi,2025-07-11 10:47,2025-07-14 15:47,Burglary,Day Burglary,"BNS 331(3), BNS 331(4)",15.757239,74.473109,P003930,P008088,P009715,PI Ramesh Gowda,Under Investigation
FIR202502443,FIR/2443/2025,PS0065,Belagavi,2025-07-12 18:06,2025-07-14 19:06,Assault,Public Affray,"BNS 115(2), BNS 117(2)",15.735492,74.423699,P003204,P005703,P002851,PI Suresh Kulkarni,Chargesheeted
FIR202502453,FIR/2453/2025,PS0188,Bidar,2025-07-13 08:16,2025-07-14 19:16,Cyber Crime,Identity Theft,"IT Act 66D, BNS 318(4)",17.927308,77.69951,P003592,P007493,P009891,SI Prakash Sharma,Closed
FIR202502461,FIR/2461/2025,PS0154,Bidar,2025-07-14 11:42,2025-07-14 19:42,Murder,Dowry Homicide,BNS 103(1),17.895117,77.411906,P006004,P008729,P006462,PI Chetan Kumar,Chargesheeted
FIR202502421,FIR/2421/2025,PS0043,Ballari,2025-07-11 16:40,2025-07-14 22:40,Cyber Crime,Phishing,"IT Act 66D, BNS 318(4)",14.971941,76.976093,P002663,P005296,P001590,PI Lakshmi Devi,Chargesheeted
FIR202502422,FIR/2422/2025,PS0060,Belagavi,2025-07-11 16:51,2025-07-15 00:51,Fraud,Land Scam,BNS 318(4),16.025723,74.546474,P001839,P004183,P009643,SI Ravi Kumar,Chargesheeted
FIR202502465,FIR/2465/2025,PS0028,Ballari,2025-07-14 22:07,2025-07-15 01:07,Assault,Grievous Hurt,"BNS 115(2), BNS 117(2)",15.042787,76.865011,P005483,P004489,P002662,PI Lakshmi Devi,Under Investigation
FIR202502464,FIR/2464/2025,PS0174,Bidar,2025-07-14 18:45,2025-07-15 02:45,Vehicle Theft,Car Theft,BNS 303(2),17.862238,77.558655,P009025,P001904,P007417,PI Suresh Kulkarni,Chargesheeted
FIR202502446,FIR/2446/2025,PS0208,Chamarajanagar,2025-07-12 19:51,2025-07-15 02:51,Assault,Public Affray,"BNS 115(2), BNS 117(2)",11.826712,77.148432,P004591,P008244,P000785,SI Mahesh Bhat,Under Investigation
FIR202502451,FIR/2451/2025,PS0167,Bidar,2025-07-13 06:59,2025-07-15 08:59,Assault,Public Affray,"BNS 115(2), BNS 117(2)",18.022624,77.411466,P009115,P009928,P009348,PI Chetan Kumar,Chargesheeted
FIR202502469,FIR/2469/2025,PS0131,Bengaluru Urban,2025-07-15 01:30,2025-07-15 13:30,Murder,Dowry Homicide,BNS 103(1),12.999746,77.63669,P004468,P009512,P006382,SI Divya Hegde,Under Investigation
FIR202502472,FIR/2472/2025,PS0170,Bidar,2025-07-15 06:23,2025-07-15 14:23,Assault,Simple Assault,"BNS 115(2), BNS 117(2)",17.887566,77.392967,P007309,P006923,P000717,PI Suresh Kulkarni,Chargesheeted
FIR202502471,FIR/2471/2025,PS0118,Bengaluru Urban,2025-07-15 04:01,2025-07-15 15:01,Vehicle Theft,Two-Wheeler Theft,BNS 303(2),12.808278,77.708519,P002039,P006724,P000875,PI Ramesh Gowda,Under Investigation
FIR202502476,FIR/2476/2025,PS0242,Chikkaballapura,2025-07-15 12:14,2025-07-15 21:14,Vehicle Theft,Car Theft,BNS 303(2),13.288519,77.863861,P004329,P005455,P005226,SI Ravi Kumar,Under Investigation
FIR202502478,FIR/2478/2025,PS0204,Chamarajanagar,2025-07-15 15:12,2025-07-16 00:12,Fraud,Land Scam,BNS 318(4),12.065123,77.058082,P003543,P009066,P003802,SI Ravi Kumar,Chargesheeted
FIR202502463,FIR/2463/2025,PS0005,Bagalkote,2025-07-14 16:21,2025-07-16 01:21,Vehicle Theft,Two-Wheeler Theft,BNS 303(2),16.148431,75.574463,P007658,P004622,P006988,SI Prakash Sharma,Chargesheeted
FIR202502426,FIR/2426/2025,PS0032,Ballari,2025-07-11 19:45,2025-07-16 06:45,NDPS,Drug Trafficking,NDPS Act Sec 20(b),15.177663,76.892637,P003658,P004406,P001472,SI Mahesh Bhat,Chargesheeted
FIR202502466,FIR/2466/2025,PS0066,Belagavi,2025-07-14 22:18,2025-07-16 09:18,Theft,House Theft,BNS 303(2),15.945146,74.632367,P000543,P001712,P007840,PI Ramesh Gowda,Chargesheeted
FIR202502480,FIR/2480/2025,PS0128,Bengaluru Urban,2025-07-16 00:12,2025-07-16 10:12,Fraud,Cheating,BNS 318(4),13.011858,77.597217,P001290,P006611,P005382,PI Lakshmi Devi,Chargesheeted
FIR202502467,FIR/2467/2025,PS0085,Bengaluru Rural,2025-07-14 22:46,2025-07-16 10:46,Vehicle Theft,Two-Wheeler Theft,BNS 303(2),13.10883,77.42394,P003708,P000236,P002045,SI Divya Hegde,Under Investigation
FIR202502481,FIR/2481/2025,PS0046,Belagavi,2025-07-16 03:51,2025-07-16 14:51,Dacoity,Bank Dacoity,BNS 310(2),15.777503,74.510401,P009899,P008876,P007591,SI Prakash Sharma,Chargesheeted
FIR202502474,FIR/2474/2025,PS0064,Belagavi,2025-07-15 09:17,2025-07-16 15:17,Theft,Pocket Pick,BNS 303(2),15.930777,74.331526,P006009,P004536,P000675,SI Ravi Kumar,Chargesheeted
FIR202502473,FIR/2473/2025,PS0207,Chamarajanagar,2025-07-15 08:06,2025-07-16 18:06,NDPS,Drug Trafficking,NDPS Act Sec 20(b),12.093941,77.106467,P005624,P009960,P004159,SI Mahesh Bhat,Chargesheeted
FIR202502460,FIR/2460/2025,PS0142,Bengaluru Urban,2025-07-14 10:25,2025-07-16 19:25,Fraud,Cheating,BNS 318(4),13.102652,77.745917,P008187,P008694,P002811,PI Harish Naik,Chargesheeted
FIR202502462,FIR/2462/2025,PS0060,Belagavi,2025-07-14 13:40,2025-07-16 19:40,Fraud,Cheating,BNS 318(4),16.005999,74.523684,P008321,P004582,P007521,SI Ganesh Rao,Under Investigation
FIR202502475,FIR/2475/2025,PS0089,Bengaluru Rural,2025-07-15 10:43,2025-07-16 19:43,Murder,Gang Conflict,BNS 103(1),13.387799,77.617564,P003580,P003024,P005400,PI Harish Naik,Under Investigation
FIR202502479,FIR/2479/2025,PS0048,Belagavi,2025-07-15 19:26,2025-07-16 21:26,Burglary,Night House Breaking,"BNS 331(3), BNS 331(4)",15.72855,74.495246,P001062,P005795,P001884,SI Ganesh Rao,Untraced
FIR202502482,FIR/2482/2025,PS0177,Bidar,2025-07-16 18:04,2025-07-16 22:04,Cyber Crime,Phishing,"IT Act 66D, BNS 318(4)",18.048319,77.337923,P008594,P000093,P002534,SI Ganesh Rao,Chargesheeted
FIR202502486,FIR/2486/2025,PS0100,Bengaluru Rural,2025-07-16 20:37,2025-07-16 23:37,Cyber Crime,Phishing,"IT Act 66D, BNS 318(4)",13.130876,77.53035,P006801,P003958,P008290,PI Chetan Kumar,Untraced
FIR202502430,FIR/2430/2025,PS0242,Chikkaballapura,2025-07-11 22:07,2025-07-17 06:07,Cyber Crime,Identity Theft,"IT Act 66D, BNS 318(4)",13.305424,77.873236,P006899,P002279,P007202,PI Harish Naik,Chargesheeted
FIR202502470,FIR/2470/2025,PS0142,Bengaluru Urban,2025-07-15 03:35,2025-07-17 12:35,Theft,House Theft,BNS 303(2),13.085993,77.758047,P001202,P000523,P009243,SI Ravi Kumar,Chargesheeted
FIR202502495,FIR/2495/2025,PS0070,Bengaluru Rural,2025-07-17 12:36,2025-07-17 13:36,Fraud,Corporate Fraud,BNS 318(4),13.277253,77.76783,P007800,P006636,P001593,PI Lakshmi Devi,Under Investigation
FIR202502496,FIR/2496/2025,PS0027,Ballari,2025-07-17 14:56,2025-07-17 16:56,Burglary,Night House Breaking,"BNS 331(3), BNS 331(4)",15.03256,77.092196,P002919,P003763,P001940,PI Lakshmi Devi,Under Investigation
FIR202502493,FIR/2493/2025,PS0110,Bengaluru Urban,2025-07-17 10:05,2025-07-17 18:05,POCSO,Sexual Assault on Minor,"POCSO Act Sec 4, BNS 64",13.151257,77.619718,P009263,P002307,P009977,PI Lakshmi Devi,Untraced
FIR202502434,FIR/2434/2025,PS0069,Belagavi,2025-07-12 06:58,2025-07-17 18:58,Robbery,Highway Robbery,BNS 309(4),15.829549,74.348354,P003319,P000645,P006025,PI Ramesh Gowda,Under Investigation
FIR202502494,FIR/2494/2025,PS0061,Belagavi,2025-07-17 11:56,2025-07-17 19:56,Robbery,Highway Robbery,BNS 309(4),16.031056,74.414538,P009340,P003714,P002104,PI Chetan Kumar,Chargesheeted
FIR202502477,FIR/2477/2025,PS0044,Ballari,2025-07-15 13:28,2025-07-17 21:28,Murder,Gang Conflict,BNS 103(1),15.306628,76.928478,P003335,P008180,P003716,PI Lakshmi Devi,Chargesheeted
FIR202502492,FIR/2492/2025,PS0032,Ballari,2025-07-17 09:39,2025-07-17 21:39,Assault,Public Affray,"BNS 115(2), BNS 117(2)",15.141249,76.910323,P005406,P004040,P001932,SI Mahesh Bhat,Under Investigation
FIR202502484,FIR/2484/2025,PS0050,Belagavi,2025-07-16 19:33,2025-07-18 01:33,Vehicle Theft,Car Theft,BNS 303(2),15.69972,74.298291,P003202,P003428,P004454,PI Naveen Patil,Under Investigation
FIR202502498,FIR/2498/2025,PS0198,Chamarajanagar,2025-07-17 19:33,2025-07-18 03:33,Dacoity,Armed Dacoity,BNS 310(2),11.846992,77.043081,P000844,P009154,P006112,PI Naveen Patil,Chargesheeted
FIR202502500,FIR/2500/2025,PS0247,Chikkaballapura,2025-07-17 20:41,2025-07-18 03:41,Fraud,Corporate Fraud,BNS 318(4),13.470451,77.882329,P006546,P000092,P008013,SI Prakash Sharma,Under Investigation
FIR202502485,FIR/2485/2025,PS0207,Chamarajanagar,2025-07-16 19:42,2025-07-18 05:42,Fraud,Land Scam,BNS 318(4),12.065533,77.131363,P005346,P009419,P000013,PI Suresh Kulkarni,Chargesheeted
FIR202502483,FIR/2483/2025,PS0057,Belagavi,2025-07-16 19:20,2025-07-18 06:20,Fraud,Corporate Fraud,BNS 318(4),15.669936,74.400488,P001205,P001636,P002084,SI Ravi Kumar,Under Investigation
FIR202502488,FIR/2488/2025,PS0007,Bagalkote,2025-07-17 04:05,2025-07-18 11:05,Burglary,Night House Breaking,"BNS 331(3), BNS 331(4)",16.076759,75.63608,P007480,P001679,P000242,PI Lakshmi Devi,Chargesheeted
FIR202502490,FIR/2490/2025,PS0130,Bengaluru Urban,2025-07-17 08:23,2025-07-18 11:23,Vehicle Theft,Car Theft,BNS 303(2),13.092998,77.470258,P002082,P004128,P000041,PI Ramesh Gowda,Under Investigation
FIR202502468,FIR/2468/2025,PS0026,Ballari,2025-07-15 00:37,2025-07-18 11:37,Fraud,Cheating,BNS 318(4),15.230397,76.952911,P008074,P009051,"P008473, P009235",PI Naveen Patil,Chargesheeted
FIR202502502,FIR/2502/2025,PS0230,Chamarajanagar,2025-07-18 09:40,2025-07-18 11:40,Cyber Crime,Financial Fraud,"IT Act 66D, BNS 318(4)",11.757312,77.071757,P009423,P007976,P009919,SI Prakash Sharma,Closed
FIR202502499,FIR/2499/2025,PS0249,Chikkaballapura,2025-07-17 20:19,2025-07-19 02:19,Dacoity,Armed Dacoity,BNS 310(2),13.480578,77.538616,P008908,P000910,P002260,SI Ravi Kumar,Chargesheeted
FIR202502506,FIR/2506/2025,PS0142,Bengaluru Urban,2025-07-19 00:44,2025-07-19 02:44,Robbery,Chain Snatching with Force,BNS 309(4),13.081243,77.748196,P007696,P001728,P000180,SI Mahesh Bhat,Under Investigation
FIR202502487,FIR/2487/2025,PS0038,Ballari,2025-07-17 03:36,2025-07-19 04:36,Cyber Crime,Financial Fraud,"IT Act 66D, BNS 318(4)",15.089738,77.062524,P000421,P009088,P002114,SI Prakash Sharma,Untraced
FIR202502489,FIR/2489/2025,PS0066,Belagavi,2025-07-17 07:28,2025-07-19 09:28,Dacoity,Bank Dacoity,BNS 310(2),15.94956,74.620688,P007754,P000634,P007147,PI Ramesh Gowda,Chargesheeted
FIR202502511,FIR/2511/2025,PS0230,Chamarajanagar,2025-07-19 09:02,2025-07-19 10:02,POCSO,Sexual Assault on Minor,"POCSO Act Sec 4, BNS 64",11.738403,77.051218,P004899,P001280,P002443,PI Suresh Kulkarni,Chargesheeted
FIR202502509,FIR/2509/2025,PS0015,Bagalkote,2025-07-19 06:23,2025-07-19 10:23,Dacoity,Bank Dacoity,BNS 310(2),16.040993,75.698123,P004590,P003778,P001169,PI Lakshmi Devi,Under Investigation
FIR202502512,FIR/2512/2025,PS0205,Chamarajanagar,2025-07-19 10:29,2025-07-19 14:29,Assault,Simple Assault,"BNS 115(2), BNS 117(2)",11.949914,76.792551,P006543,P000995,P006617,SI Divya Hegde,Chargesheeted
FIR202502501,FIR/2501/2025,PS0027,Ballari,2025-07-18 08:48,2025-07-19 17:48,Assault,Simple Assault,"BNS 115(2), BNS 117(2)",15.064664,77.072354,P001282,P001378,P002967,PI Naveen Patil,Under Investigation
FIR202502505,FIR/2505/2025,PS0067,Belagavi,2025-07-18 20:16,2025-07-19 21:16,Burglary,Night House Breaking,"BNS 331(3), BNS 331(4)",15.876422,74.711039,P008736,P002248,P004812,SI Prakash Sharma,Under Investigation
FIR202502515,FIR/2515/2025,PS0155,Bidar,2025-07-19 18:45,2025-07-19 22:45,Cyber Crime,Identity Theft,"IT Act 66D, BNS 318(4)",17.980059,77.3346,P000142,P001260,P007857,SI Ravi Kumar,Chargesheeted
FIR202502503,FIR/2503/2025,PS0063,Belagavi,2025-07-18 13:01,2025-07-20 01:01,Burglary,Day Burglary,"BNS 331(3), BNS 331(4)",16.016657,74.709424,P003607,P005916,P003455,PI Suresh Kulkarni,Under Investigation
FIR202502504,FIR/2504/2025,PS0138,Bengaluru Urban,2025-07-18 13:30,2025-07-20 01:30,Murder,Personal Enmity,BNS 103(1),13.165333,77.459,P006394,P009029,P003552,SI Prakash Sharma,Chargesheeted
FIR202502518,FIR/2518/2025,PS0047,Belagavi,2025-07-20 00:11,2025-07-20 08:11,Dacoity,Bank Dacoity,BNS 310(2),15.953037,74.54851,P007808,P005328,P000577,SI Ravi Kumar,Chargesheeted
FIR202502516,FIR/2516/2025,PS0061,Belagavi,2025-07-19 23:16,2025-07-20 08:16,Burglary,Day Burglary,"BNS 331(3), BNS 331(4)",16.021692,74.435037,P002072,P001975,P001768,PI Chetan Kumar,Under Investigation
FIR202502519,FIR/2519/2025,PS0197,Chamarajanagar,2025-07-20 01:17,2025-07-20 10:17,Vehicle Theft,Car Theft,BNS 303(2),11.848458,77.041159,P006389,P008796,P003733,SI Divya Hegde,Chargesheeted
FIR202502520,FIR/2520/2025,PS0242,Chikkaballapura,2025-07-20 04:47,2025-07-20 13:47,NDPS,Possession of Narcotics,NDPS Act Sec 20(b),13.281747,77.860547,P003031,P009446,"P001166, P002653",PI Ramesh Gowda,Under Investigation
FIR202502521,FIR/2521/2025,PS0132,Bengaluru Urban,2025-07-20 10:54,2025-07-20 15:54,Vehicle Theft,Two-Wheeler Theft,BNS 303(2),12.991259,77.663534,P007694,P007039,P003106,SI Ravi Kumar,Chargesheeted
FIR202502491,FIR/2491/2025,PS0038,Ballari,2025-07-17 08:41,2025-07-20 17:41,Assault,Grievous Hurt,"BNS 115(2), BNS 117(2)",15.08223,77.069057,P000538,P001167,P005665,PI Ramesh Gowda,Under Investigation
FIR202502497,FIR/2497/2025,PS0013,Bagalkote,2025-07-17 18:27,2025-07-20 21:27,Vehicle Theft,Car Theft,BNS 303(2),16.168476,75.664162,P004871,P002146,P001383,PI Naveen Patil,Under Investigation
FIR202502522,FIR/2522/2025,PS0103,Bengaluru Rural,2025-07-20 15:44,2025-07-21 00:44,NDPS,Possession of Narcotics,NDPS Act Sec 20(b),13.343717,77.447701,P009540,P001449,P005537,PI Ramesh Gowda,Under Investigation
FIR202502524,FIR/2524/2025,PS0058,Belagavi,2025-07-20 18:47,2025-07-21 01:47,Burglary,Night House Breaking,"BNS 331(3), BNS 331(4)",15.70781,74.405472,P006201,P005833,P003014,SI Divya Hegde,Chargesheeted
FIR202502526,FIR/2526/2025,PS0056,Belagavi,2025-07-20 22:33,2025-07-21 03:33,Theft,House Theft,BNS 303(2),15.770116,74.619002,P002732,P002990,P004796,PI Lakshmi Devi,Under Investigation
FIR202502523,FIR/2523/2025,PS0108,Bengaluru Rural,2025-07-20 17:15,2025-07-21 05:15,Assault,Simple Assault,"BNS 115(2), BNS 117(2)",13.207309,77.463797,P009118,P005526,P008062,PI Naveen Patil,Chargesheeted
FIR202502517,FIR/2517/2025,PS0070,Bengaluru Rural,2025-07-19 23:54,2025-07-21 07:54,Fraud,Corporate Fraud,BNS 318(4),13.252907,77.744022,P000304,P004899,P002394,SI Divya Hegde,Chargesheeted
FIR202502507,FIR/2507/2025,PS0228,Chamarajanagar,2025-07-19 03:23,2025-07-21 10:23,Assault,Simple Assault,"BNS 115(2), BNS 117(2)",12.127531,77.111421,P006600,P009048,P001958,SI Ganesh Rao,Untraced
FIR202502528,FIR/2528/2025,PS0041,Ballari,2025-07-21 07:52,2025-07-21 14:52,Fraud,Corporate Fraud,BNS 318(4),15.254762,76.900554,P004591,P009485,P001128,PI Harish Naik,Under Investigation
FIR202502532,FIR/2532/2025,PS0246,Chikkaballapura,2025-07-21 15:29,2025-07-21 16:29,Cyber Crime,Financial Fraud,"IT Act 66D, BNS 318(4)",13.460021,77.745425,P000668,P005354,P004373,PI Chetan Kumar,Chargesheeted
FIR202502513,FIR/2513/2025,PS0064,Belagavi,2025-07-19 14:52,2025-07-21 17:52,NDPS,Possession of Narcotics,NDPS Act Sec 20(b),15.905994,74.334907,P006036,P006064,P009732,PI Naveen Patil,Under Investigation
FIR202502533,FIR/2533/2025,PS0047,Belagavi,2025-07-21 19:02,2025-07-21 21:02,NDPS,Drug Trafficking,NDPS Act Sec 20(b),15.957962,74.546415,P008756,P001513,P007383,SI Divya Hegde,Under Investigation
FIR202502514,FIR/2514/2025,PS0083,Bengaluru Rural,2025-07-19 17:07,2025-07-22 02:07,Murder,Personal Enmity,BNS 103(1),13.273255,77.562053,P009655,P002741,P007255,SI Ganesh Rao,Chargesheeted
FIR202502525,FIR/2525/2025,PS0243,Chikkaballapura,2025-07-20 19:05,2025-07-22 04:05,Assault,Simple Assault,"BNS 115(2), BNS 117(2)",13.445061,77.873746,P006981,P004290,P008486,PI Chetan Kumar,Untraced
FIR202502529,FIR/2529/2025,PS0122,Bengaluru Urban,2025-07-21 08:18,2025-07-22 09:18,Cyber Crime,Identity Theft,"IT Act 66D, BNS 318(4)",13.124083,77.528516,P004425,P008410,P005389,PI Ramesh Gowda,Chargesheeted
FIR202502534,FIR/2534/2025,PS0138,Bengaluru Urban,2025-07-22 01:07,2025-07-22 11:07,Fraud,Cheating,BNS 318(4),13.157513,77.440133,P003271,P003320,P001467,SI Ganesh Rao,Untraced
FIR202502510,FIR/2510/2025,PS0032,Ballari,2025-07-19 07:29,2025-07-22 11:29,Theft,House Theft,BNS 303(2),15.145426,76.905154,P008800,P001293,P006776,PI Chetan Kumar,Chargesheeted
FIR202502508,FIR/2508/2025,PS0031,Ballari,2025-07-19 05:40,2025-07-22 11:40,Assault,Simple Assault,"BNS 115(2), BNS 117(2)",15.004037,77.085788,P008399,P006425,P005845,PI Chetan Kumar,Chargesheeted
FIR202502531,FIR/2531/2025,PS0062,Belagavi,2025-07-21 13:03,2025-07-22 21:03,Dacoity,Armed Dacoity,BNS 310(2),15.741837,74.499619,P003906,P003073,P005311,PI Suresh Kulkarni,Chargesheeted
FIR202502530,FIR/2530/2025,PS0064,Belagavi,2025-07-21 12:29,2025-07-23 00:29,Theft,Snatching,BNS 303(2),15.932198,74.311802,P006927,P003678,P005773,SI Prakash Sharma,Under Investigation
FIR202502537,FIR/2537/2025,PS0163,Bidar,2025-07-22 14:38,2025-07-23 02:38,Dacoity,Bank Dacoity,BNS 310(2),17.916979,77.598938,P007211,P004447,P001633,PI Naveen Patil,Untraced
FIR202502527,FIR/2527/2025,PS0136,Bengaluru Urban,2025-07-21 03:27,2025-07-23 04:27,Cyber Crime,Financial Fraud,"IT Act 66D, BNS 318(4)",12.813178,77.620273,P004070,P007115,P008048,PI Ramesh Gowda,Chargesheeted
FIR202502540,FIR/2540/2025,PS0091,Bengaluru Rural,2025-07-22 23:53,2025-07-23 04:53,Cyber Crime,Phishing,"IT Act 66D, BNS 318(4)",13.056311,77.612671,P006971,P004719,P009813,PI Ramesh Gowda,Under Investigation
FIR202502535,FIR/2535/2025,PS0054,Belagavi,2025-07-22 01:59,2025-07-23 05:59,NDPS,Possession of Narcotics,NDPS Act Sec 20(b),15.933923,74.69539,P007585,P002593,P006374,PI Chetan Kumar,Under Investigation
FIR202502536,FIR/2536/2025,PS0058,Belagavi,2025-07-22 02:34,2025-07-23 13:34,Robbery,Highway Robbery,BNS 309(4),15.711845,74.385724,P006636,P004313,P006539,SI Ganesh Rao,Under Investigation
FIR202502542,FIR/2542/2025,PS0062,Belagavi,2025-07-23 03:20,2025-07-23 14:20,Burglary,Night House Breaking,"BNS 331(3), BNS 331(4)",15.740254,74.479663,P003495,P000928,P000171,PI Ramesh Gowda,Chargesheeted
FIR202502544,FIR/2544/2025,PS0069,Belagavi,2025-07-23 11:57,2025-07-23 15:57,Assault,Simple Assault,"BNS 115(2), BNS 117(2)",15.85691,74.343672,P001686,P009941,P009405,PI Harish Naik,Chargesheeted
FIR202502545,FIR/2545/2025,PS0121,Bengaluru Urban,2025-07-23 12:39,2025-07-23 17:39,Cyber Crime,Identity Theft,"IT Act 66D, BNS 318(4)",13.074824,77.4973,P002148,P002409,P001755,SI Ganesh Rao,Chargesheeted
FIR202502539,FIR/2539/2025,PS0121,Bengaluru Urban,2025-07-22 18:07,2025-07-23 19:07,Fraud,Cheating,BNS 318(4),13.096688,77.505104,P005925,P002478,P007471,PI Suresh Kulkarni,Chargesheeted
FIR202502538,FIR/2538/2025,PS0028,Ballari,2025-07-22 16:44,2025-07-23 21:44,Assault,Simple Assault,"BNS 115(2), BNS 117(2)",15.013913,76.876956,P004721,P008986,P003599,SI Ganesh Rao,Untraced
FIR202502547,FIR/2547/2025,PS0028,Ballari,2025-07-24 00:48,2025-07-24 01:48,Cyber Crime,Identity Theft,"IT Act 66D, BNS 318(4)",15.018011,76.840298,P003281,P007971,P008278,PI Naveen Patil,Under Investigation
FIR202502541,FIR/2541/2025,PS0084,Bengaluru Rural,2025-07-23 01:41,2025-07-24 06:41,Cyber Crime,Financial Fraud,"IT Act 66D, BNS 318(4)",13.180403,77.56308,P000820,P009827,P008548,SI Ganesh Rao,Under Investigation
FIR202502550,FIR/2550/2025,PS0057,Belagavi,2025-07-24 07:45,2025-07-24 10:45,Vehicle Theft,Car Theft,BNS 303(2),15.682792,74.431451,P003933,P003689,P003391,PI Suresh Kulkarni,Untraced
FIR202502551,FIR/2551/2025,PS0059,Belagavi,2025-07-24 08:25,2025-07-24 12:25,Murder,Dowry Homicide,BNS 103(1),15.829416,74.522333,P004336,P005548,P008204,SI Ravi Kumar,Chargesheeted
FIR202502543,FIR/2543/2025,PS0033,Ballari,2025-07-23 10:14,2025-07-24 15:14,Theft,Pocket Pick,BNS 303(2),15.035927,76.81446,P006340,P000808,P004851,SI Prakash Sharma,Under Investigation
FIR202502552,FIR/2552/2025,PS0162,Bidar,2025-07-24 08:59,2025-07-24 16:59,Dacoity,Armed Dacoity,BNS 310(2),18.008145,77.449085,P004095,P007904,P008445,PI Harish Naik,Under Investigation
FIR202502549,FIR/2549/2025,PS0179,Bidar,2025-07-24 07:13,2025-07-24 19:13,Burglary,Day Burglary,"BNS 331(3), BNS 331(4)",18.089269,77.393389,P003386,P007983,P006145,PI Lakshmi Devi,Under Investigation
FIR202502554,FIR/2554/2025,PS0228,Chamarajanagar,2025-07-24 14:35,2025-07-24 23:35,Murder,Gang Conflict,BNS 103(1),12.132863,77.134357,P004826,P001608,P005739,PI Lakshmi Devi,Chargesheeted
FIR202502556,FIR/2556/2025,PS0250,Chikkaballapura,2025-07-24 19:31,2025-07-25 00:31,Cyber Crime,Financial Fraud,"IT Act 66D, BNS 318(4)",13.561948,77.820203,P006854,P006445,P002689,PI Ramesh Gowda,Chargesheeted
FIR202502546,FIR/2546/2025,PS0212,Chamarajanagar,2025-07-24 00:09,2025-07-25 02:09,Fraud,Corporate Fraud,BNS 318(4),12.026156,76.820793,P008206,P001932,P005598,PI Ramesh Gowda,Under Investigation
FIR202502558,FIR/2558/2025,PS0027,Ballari,2025-07-24 23:15,2025-07-25 05:15,Burglary,Day Burglary,"BNS 331(3), BNS 331(4)",15.057045,77.078488,P005954,P002440,P000177,SI Divya Hegde,Under Investigation
FIR202502561,FIR/2561/2025,PS0198,Chamarajanagar,2025-07-25 11:31,2025-07-25 17:31,Assault,Grievous Hurt,"BNS 115(2), BNS 117(2)",11.849854,77.054714,P005617,P004261,P002083,PI Ramesh Gowda,Chargesheeted
FIR202502555,FIR/2555/2025,PS0040,Ballari,2025-07-24 18:46,2025-07-25 21:46,Dacoity,Bank Dacoity,BNS 310(2),15.307645,76.809025,P006547,P005477,"P009161, P001677",PI Chetan Kumar,Chargesheeted
FIR202502557,FIR/2557/2025,PS0014,Bagalkote,2025-07-24 20:44,2025-07-26 03:44,Murder,Personal Enmity,BNS 103(1),16.317678,75.822685,P001386,P002359,P002110,SI Ravi Kumar,Chargesheeted
FIR202502567,FIR/2567/2025,PS0048,Belagavi,2025-07-25 21:57,2025-07-26 03:57,Fraud,Corporate Fraud,BNS 318(4),15.737152,74.486876,P005366,P008602,P007798,PI Suresh Kulkarni,Chargesheeted
FIR202502548,FIR/2548/2025,PS0204,Chamarajanagar,2025-07-24 03:40,2025-07-26 06:40,Dacoity,Armed Dacoity,BNS 310(2),12.043389,77.07821,P002287,P004155,P002265,PI Naveen Patil,Under Investigation
FIR202502568,FIR/2568/2025,PS0149,Bengaluru Urban,2025-07-25 22:08,2025-07-26 07:08,Cyber Crime,Financial Fraud,"IT Act 66D, BNS 318(4)",13.081643,77.473416,P008176,P005154,"P000498, P007571",PI Lakshmi Devi,Under Investigation
FIR202502565,FIR/2565/2025,PS0054,Belagavi,2025-07-25 20:22,2025-07-26 07:22,Cyber Crime,Identity Theft,"IT Act 66D, BNS 318(4)",15.91892,74.6862,P009270,P002610,P001282,PI Ramesh Gowda,Chargesheeted
FIR202502570,FIR/2570/2025,PS0081,Bengaluru Rural,2025-07-26 03:45,2025-07-26 12:45,Cyber Crime,Phishing,"IT Act 66D, BNS 318(4)",13.178486,77.577693,P007440,P009498,P006191,SI Divya Hegde,Under Investigation
FIR202502575,FIR/2575/2025,PS0065,Belagavi,2025-07-26 19:50,2025-07-26 21:50,POCSO,Harassment,"POCSO Act Sec 4, BNS 64",15.763881,74.4396,P006689,P009424,P000638,SI Ravi Kumar,Untraced
FIR202502560,FIR/2560/2025,PS0129,Bengaluru Urban,2025-07-25 11:11,2025-07-26 22:11,Cyber Crime,Financial Fraud,"IT Act 66D, BNS 318(4)",12.788937,77.75638,P007753,P005061,P007716,SI Mahesh Bhat,Chargesheeted
FIR202502573,FIR/2573/2025,PS0036,Ballari,2025-07-26 17:46,2025-07-26 22:46,POCSO,Harassment,"POCSO Act Sec 4, BNS 64",15.273985,76.773624,P001765,P006924,P003750,PI Naveen Patil,Chargesheeted
FIR202502574,FIR/2574/2025,PS0058,Belagavi,2025-07-26 17:47,2025-07-27 02:47,Burglary,Day Burglary,"BNS 331(3), BNS 331(4)",15.705312,74.394344,P004606,P001063,P008934,SI Divya Hegde,Chargesheeted
FIR202502564,FIR/2564/2025,PS0099,Bengaluru Rural,2025-07-25 18:24,2025-07-27 05:24,Burglary,Night House Breaking,"BNS 331(3), BNS 331(4)",13.250738,77.704099,P000720,P005460,P005087,SI Divya Hegde,Under Investigation
FIR202502578,FIR/2578/2025,PS0050,Belagavi,2025-07-27 05:33,2025-07-27 09:33,POCSO,Harassment,"POCSO Act Sec 4, BNS 64",15.695405,74.3027,P007694,P005676,P009513,SI Ganesh Rao,Chargesheeted
FIR202502566,FIR/2566/2025,PS0060,Belagavi,2025-07-25 21:37,2025-07-27 09:37,Vehicle Theft,Two-Wheeler Theft,BNS 303(2),15.991836,74.533039,P002985,P004731,P008219,PI Ramesh Gowda,Chargesheeted
FIR202502569,FIR/2569/2025,PS0127,Bengaluru Urban,2025-07-25 22:44,2025-07-27 10:44,Fraud,Land Scam,BNS 318(4),13.133506,77.661952,P005843,P004312,P004680,SI Mahesh Bhat,Closed
FIR202502577,FIR/2577/2025,PS0091,Bengaluru Rural,2025-07-27 03:14,2025-07-27 13:14,Burglary,Night House Breaking,"BNS 331(3), BNS 331(4)",13.03938,77.633482,P005533,P002082,P002338,SI Ganesh Rao,Under Investigation
FIR202502571,FIR/2571/2025,PS0066,Belagavi,2025-07-26 04:12,2025-07-27 15:12,Burglary,Day Burglary,"BNS 331(3), BNS 331(4)",15.941024,74.648667,P002283,P005620,"P002419, P001820",SI Prakash Sharma,Under Investigation
FIR202502580,FIR/2580/2025,PS0168,Bidar,2025-07-27 16:41,2025-07-27 18:41,Murder,Dowry Homicide,BNS 103(1),17.707574,77.669823,P003893,P009903,P009008,PI Suresh Kulkarni,Untraced
FIR202502563,FIR/2563/2025,PS0035,Ballari,2025-07-25 16:03,2025-07-27 19:03,Vehicle Theft,Two-Wheeler Theft,BNS 303(2),15.239456,76.840533,P006166,P006507,"P002560, P006336",SI Ganesh Rao,Under Investigation
FIR202502562,FIR/2562/2025,PS0034,Ballari,2025-07-25 12:42,2025-07-27 19:42,Vehicle Theft,Two-Wheeler Theft,BNS 303(2),14.990731,77.097977,P001121,P002192,P007315,PI Chetan Kumar,Under Investigation
FIR202502572,FIR/2572/2025,PS0058,Belagavi,2025-07-26 16:54,2025-07-27 21:54,Murder,Dowry Homicide,BNS 103(1),15.708624,74.399276,P008276,P006499,P008070,SI Ganesh Rao,Chargesheeted
FIR202502576,FIR/2576/2025,PS0102,Bengaluru Rural,2025-07-27 01:00,2025-07-28 03:00,Murder,Dowry Homicide,BNS 103(1),13.09917,77.628205,P008719,P006370,P001671,PI Chetan Kumar,Under Investigation
FIR202502586,FIR/2586/2025,PS0193,Chamarajanagar,2025-07-28 06:00,2025-07-28 08:00,Murder,Personal Enmity,BNS 103(1),11.977703,76.850437,P000634,P009009,"P007908, P006209",PI Harish Naik,Chargesheeted
FIR202502585,FIR/2585/2025,PS0005,Bagalkote,2025-07-28 01:31,2025-07-28 08:31,POCSO,Harassment,"POCSO Act Sec 4, BNS 64",16.147513,75.588574,P004995,P003710,P009366,SI Mahesh Bhat,Chargesheeted
FIR202502584,FIR/2584/2025,PS0215,Chamarajanagar,2025-07-27 23:27,2025-07-28 11:27,Cyber Crime,Financial Fraud,"IT Act 66D, BNS 318(4)",11.878233,76.973027,P009361,P005524,P002288,SI Ravi Kumar,Under Investigation
FIR202502583,FIR/2583/2025,PS0164,Bidar,2025-07-27 22:12,2025-07-29 00:12,Burglary,Day Burglary,"BNS 331(3), BNS 331(4)",17.939731,77.469603,P008492,P009609,P000096,SI Mahesh Bhat,Chargesheeted
FIR202502581,FIR/2581/2025,PS0235,Chikkaballapura,2025-07-27 18:33,2025-07-29 05:33,POCSO,Harassment,"POCSO Act Sec 4, BNS 64",13.287049,77.54118,P009530,P001222,"P009992, P003418",SI Prakash Sharma,Under Investigation
FIR202502595,FIR/2595/2025,PS0064,Belagavi,2025-07-29 00:43,2025-07-29 06:43,Robbery,Chain Snatching with Force,BNS 309(4),15.906345,74.327903,P000771,P000067,P002104,SI Divya Hegde,Under Investigation
FIR202502559,FIR/2559/2025,PS0041,Ballari,2025-07-25 08:04,2025-07-29 15:04,Assault,Public Affray,"BNS 115(2), BNS 117(2)",15.269347,76.90628,P004454,P006075,P002074,PI Naveen Patil,Chargesheeted
FIR202502590,FIR/2590/2025,PS0082,Bengaluru Rural,2025-07-28 12:11,2025-07-29 15:11,Murder,Gang Conflict,BNS 103(1),13.347757,77.395661,P005401,P001208,P001137,SI Divya Hegde,Under Investigation
FIR202502596,FIR/2596/2025,PS0066,Belagavi,2025-07-29 09:29,2025-07-29 15:29,Theft,Pocket Pick,BNS 303(2),15.934778,74.623192,P000427,P000663,P007707,PI Ramesh Gowda,Chargesheeted
FIR202502589,FIR/2589/2025,PS0197,Chamarajanagar,2025-07-28 09:02,2025-07-29 17:02,Fraud,Corporate Fraud,BNS 318(4),11.848419,77.058095,P009618,P002531,P002738,PI Naveen Patil,Chargesheeted
FIR202502553,FIR/2553/2025,PS0093,Bengaluru Rural,2025-07-24 10:41,2025-07-29 20:41,Robbery,Chain Snatching with Force,BNS 309(4),13.206517,77.557382,P001306,P000375,"P007013, P002723",PI Lakshmi Devi,Chargesheeted
FIR202502582,FIR/2582/2025,PS0228,Chamarajanagar,2025-07-27 20:30,2025-07-29 21:30,Theft,House Theft,BNS 303(2),12.113322,77.109724,P008711,P007154,P008707,SI Mahesh Bhat,Closed
FIR202502592,FIR/2592/2025,PS0187,Bidar,2025-07-28 19:06,2025-07-30 03:06,Burglary,Night House Breaking,"BNS 331(3), BNS 331(4)",17.968514,77.692363,P000319,P002281,P002499,PI Lakshmi Devi,Under Investigation
FIR202502598,FIR/2598/2025,PS0074,Bengaluru Rural,2025-07-29 17:24,2025-07-30 03:24,Dacoity,Armed Dacoity,BNS 310(2),13.187063,77.57174,P003124,P003597,P008646,SI Ravi Kumar,Under Investigation
FIR202502593,FIR/2593/2025,PS0042,Ballari,2025-07-28 19:42,2025-07-30 05:42,Assault,Grievous Hurt,"BNS 115(2), BNS 117(2)",15.056461,77.002229,P004295,P009726,P000804,PI Suresh Kulkarni,Chargesheeted
FIR202502579,FIR/2579/2025,PS0029,Ballari,2025-07-27 07:45,2025-07-30 08:45,Theft,Pocket Pick,BNS 303(2),14.993403,76.877141,P004896,P005151,P007854,PI Chetan Kumar,Chargesheeted
FIR202502601,FIR/2601/2025,PS0207,Chamarajanagar,2025-07-30 06:55,2025-07-30 11:55,Fraud,Corporate Fraud,BNS 318(4),12.081469,77.117221,P003693,P007357,P007017,PI Harish Naik,Chargesheeted
FIR202502587,FIR/2587/2025,PS0164,Bidar,2025-07-28 06:17,2025-07-30 17:17,Robbery,Chain Snatching with Force,BNS 309(4),17.967125,77.451643,P005860,P009366,P007329,PI Ramesh Gowda,Chargesheeted
FIR202502604,FIR/2604/2025,PS0038,Ballari,2025-07-30 18:46,2025-07-30 19:46,Vehicle Theft,Car Theft,BNS 303(2),15.052759,77.08492,P009955,P001369,P000870,PI Naveen Patil,Under Investigation
FIR202502591,FIR/2591/2025,PS0126,Bengaluru Urban,2025-07-28 17:01,2025-07-30 21:01,NDPS,Drug Trafficking,NDPS Act Sec 20(b),12.869668,77.539563,P006812,P001315,P006832,SI Ganesh Rao,Chargesheeted
FIR202502603,FIR/2603/2025,PS0236,Chikkaballapura,2025-07-30 16:42,2025-07-30 23:42,Dacoity,Armed Dacoity,BNS 310(2),13.642103,77.931424,P003869,P001195,P001502,SI Ganesh Rao,Under Investigation
FIR202502608,FIR/2608/2025,PS0194,Chamarajanagar,2025-07-31 01:30,2025-07-31 07:30,Theft,Pocket Pick,BNS 303(2),11.789267,76.900245,P005483,P005809,P002006,PI Naveen Patil,Under Investigation
FIR202502600,FIR/2600/2025,PS0105,Bengaluru Rural,2025-07-30 04:40,2025-07-31 07:40,Fraud,Cheating,BNS 318(4),13.159608,77.626921,P001956,P007110,P003932,PI Chetan Kumar,Chargesheeted
FIR202502607,FIR/2607/2025,PS0075,Bengaluru Rural,2025-07-31 00:05,2025-07-31 09:05,Vehicle Theft,Two-Wheeler Theft,BNS 303(2),13.188225,77.516399,P009214,P007074,P001117,PI Chetan Kumar,Chargesheeted
FIR202502611,FIR/2611/2025,PS0100,Bengaluru Rural,2025-07-31 05:47,2025-07-31 10:47,NDPS,Possession of Narcotics,NDPS Act Sec 20(b),13.159031,77.516552,P008765,P001607,P000645,SI Mahesh Bhat,Untraced
FIR202502614,FIR/2614/2025,PS0029,Ballari,2025-07-31 08:01,2025-07-31 13:01,Fraud,Corporate Fraud,BNS 318(4),14.993748,76.890291,P003833,P006658,P006942,SI Divya Hegde,Chargesheeted
FIR202502613,FIR/2613/2025,PS0029,Ballari,2025-07-31 07:51,2025-07-31 13:51,POCSO,Sexual Assault on Minor,"POCSO Act Sec 4, BNS 64",14.985857,76.876752,P009516,P007811,P008707,PI Naveen Patil,Under Investigation
FIR202502602,FIR/2602/2025,PS0063,Belagavi,2025-07-30 11:13,2025-07-31 15:13,Fraud,Corporate Fraud,BNS 318(4),16.004051,74.697641,P005193,P003471,P006457,PI Lakshmi Devi,Under Investigation
FIR202502588,FIR/2588/2025,PS0088,Bengaluru Rural,2025-07-28 08:05,2025-07-31 16:05,NDPS,Drug Trafficking,NDPS Act Sec 20(b),13.062324,77.378836,P002212,P004688,P007751,SI Divya Hegde,Chargesheeted
FIR202502615,FIR/2615/2025,PS0038,Ballari,2025-07-31 09:10,2025-07-31 16:10,Assault,Grievous Hurt,"BNS 115(2), BNS 117(2)",15.084869,77.078085,P006063,P000639,P002244,PI Suresh Kulkarni,Chargesheeted
FIR202502616,FIR/2616/2025,PS0034,Ballari,2025-07-31 16:19,2025-08-01 01:19,Burglary,Night House Breaking,"BNS 331(3), BNS 331(4)",14.991475,77.09147,P004214,P004958,P005490,SI Mahesh Bhat,Chargesheeted
FIR202502606,FIR/2606/2025,PS0211,Chamarajanagar,2025-07-30 22:06,2025-08-01 07:06,NDPS,Drug Trafficking,NDPS Act Sec 20(b),11.815873,77.082948,P008243,P002513,P002509,PI Lakshmi Devi,Under Investigation
FIR202502618,FIR/2618/2025,PS0194,Chamarajanagar,2025-08-01 00:25,2025-08-01 07:25,Burglary,Day Burglary,"BNS 331(3), BNS 331(4)",11.766946,76.899768,P004086,P006252,P008510,PI Harish Naik,Chargesheeted
FIR202502594,FIR/2594/2025,PS0140,Bengaluru Urban,2025-07-28 20:28,2025-08-01 07:28,Assault,Simple Assault,"BNS 115(2), BNS 117(2)",13.054059,77.655851,P002463,P004961,P008385,SI Prakash Sharma,Chargesheeted
FIR202502612,FIR/2612/2025,PS0042,Ballari,2025-07-31 05:52,2025-08-01 07:52,Assault,Simple Assault,"BNS 115(2), BNS 117(2)",15.049801,77.018056,P001167,P000066,P004250,SI Ganesh Rao,Under Investigation
FIR202502623,FIR/2623/2025,PS0147,Bengaluru Urban,2025-08-01 03:56,2025-08-01 08:56,Fraud,Corporate Fraud,BNS 318(4),12.915618,77.561139,P006527,P006568,P006860,SI Ganesh Rao,Chargesheeted
FIR202502626,FIR/2626/2025,PS0223,Chamarajanagar,2025-08-01 14:56,2025-08-01 16:56,POCSO,Harassment,"POCSO Act Sec 4, BNS 64",11.85947,76.773664,P009816,P008980,P002092,PI Ramesh Gowda,Untraced
FIR202502617,FIR/2617/2025,PS0149,Bengaluru Urban,2025-07-31 21:12,2025-08-02 07:12,POCSO,Sexual Assault on Minor,"POCSO Act Sec 4, BNS 64",13.070151,77.464774,P006511,P007889,P009665,SI Ganesh Rao,Under Investigation
FIR202502605,FIR/2605/2025,PS0126,Bengaluru Urban,2025-07-30 20:45,2025-08-02 07:45,Cyber Crime,Phishing,"IT Act 66D, BNS 318(4)",12.885759,77.56665,P004105,P008659,P007933,PI Harish Naik,Chargesheeted
FIR202502599,FIR/2599/2025,PS0061,Belagavi,2025-07-30 03:39,2025-08-02 08:39,Cyber Crime,Phishing,"IT Act 66D, BNS 318(4)",16.034585,74.418647,P003233,P008890,P009295,PI Suresh Kulkarni,Chargesheeted
FIR202502621,FIR/2621/2025,PS0232,Chamarajanagar,2025-08-01 02:44,2025-08-02 10:44,Theft,Snatching,BNS 303(2),11.789507,76.890926,P009926,P000759,P001060,PI Ramesh Gowda,Under Investigation
FIR202502627,FIR/2627/2025,PS0217,Chamarajanagar,2025-08-02 01:07,2025-08-02 11:07,Murder,Dowry Homicide,BNS 103(1),11.761533,76.916408,P007673,P001836,P005434,PI Chetan Kumar,Under Investigation
FIR202502622,FIR/2622/2025,PS0111,Bengaluru Urban,2025-08-01 03:31,2025-08-02 13:31,Fraud,Land Scam,BNS 318(4),12.764657,77.555772,P003260,P005524,P000584,SI Prakash Sharma,Chargesheeted
FIR202502632,FIR/2632/2025,PS0219,Chamarajanagar,2025-08-02 14:35,2025-08-02 16:35,NDPS,Possession of Narcotics,NDPS Act Sec 20(b),11.858063,76.89699,P002492,P004695,P009629,SI Divya Hegde,Chargesheeted
FIR202502610,FIR/2610/2025,PS0031,Ballari,2025-07-31 05:36,2025-08-02 17:36,Assault,Grievous Hurt,"BNS 115(2), BNS 117(2)",14.964326,77.110721,P008672,P008368,P006048,SI Ravi Kumar,Under Investigation
FIR202502597,FIR/2597/2025,PS0171,Bidar,2025-07-29 13:41,2025-08-02 23:41,Assault,Simple Assault,"BNS 115(2), BNS 117(2)",17.769522,77.569755,P006225,P009801,P000177,SI Ganesh Rao,Closed
FIR202502636,FIR/2636/2025,PS0157,Bidar,2025-08-03 04:39,2025-08-03 06:39,Vehicle Theft,Car Theft,BNS 303(2),17.82435,77.566682,P009396,P005356,"P008937, P009340",PI Suresh Kulkarni,Chargesheeted
FIR202502619,FIR/2619/2025,PS0069,Belagavi,2025-08-01 00:39,2025-08-03 06:39,POCSO,Harassment,"POCSO Act Sec 4, BNS 64",15.844737,74.360249,P009717,P006931,P001109,PI Naveen Patil,Untraced
FIR202502634,FIR/2634/2025,PS0058,Belagavi,2025-08-02 20:52,2025-08-03 06:52,Fraud,Land Scam,BNS 318(4),15.7067,74.374446,P002769,P003023,P001713,SI Divya Hegde,Under Investigation
FIR202502629,FIR/2629/2025,PS0037,Ballari,2025-08-02 03:05,2025-08-03 10:05,Vehicle Theft,Two-Wheeler Theft,BNS 303(2),15.097702,77.044008,P007954,P000285,P007125,SI Mahesh Bhat,Chargesheeted
FIR202502635,FIR/2635/2025,PS0043,Ballari,2025-08-03 01:14,2025-08-03 10:14,Assault,Grievous Hurt,"BNS 115(2), BNS 117(2)",14.973821,77.003596,P006829,P001718,P000831,SI Divya Hegde,Under Investigation
FIR202502630,FIR/2630/2025,PS0047,Belagavi,2025-08-02 09:07,2025-08-03 11:07,Robbery,Chain Snatching with Force,BNS 309(4),15.976802,74.534317,P003254,P002782,P000568,SI Mahesh Bhat,Chargesheeted
FIR202502625,FIR/2625/2025,PS0130,Bengaluru Urban,2025-08-01 08:07,2025-08-03 16:07,NDPS,Possession of Narcotics,NDPS Act Sec 20(b),13.097216,77.479334,P004430,P003445,P004909,SI Prakash Sharma,Closed
FIR202502631,FIR/2631/2025,PS0108,Bengaluru Rural,2025-08-02 10:12,2025-08-03 18:12,Theft,Pocket Pick,BNS 303(2),13.207641,77.467082,P004091,P009651,"P003424, P003427",SI Mahesh Bhat,Chargesheeted
FIR202502642,FIR/2642/2025,PS0125,Bengaluru Urban,2025-08-03 14:40,2025-08-03 22:40,Fraud,Cheating,BNS 318(4),12.788742,77.72459,P007867,P009165,P004290,PI Ramesh Gowda,Closed
FIR202502628,FIR/2628/2025,PS0050,Belagavi,2025-08-02 01:11,2025-08-04 07:11,Vehicle Theft,Two-Wheeler Theft,BNS 303(2),15.713275,74.307398,P005830,P001359,P005262,SI Ganesh Rao,Chargesheeted
FIR202502637,FIR/2637/2025,PS0006,Bagalkote,2025-08-03 05:16,2025-08-04 10:16,Robbery,Chain Snatching with Force,BNS 309(4),16.386414,75.767032,P005749,P002652,P009696,PI Ramesh Gowda,Chargesheeted
FIR202502645,FIR/2645/2025,PS0060,Belagavi,2025-08-03 23:44,2025-08-04 11:44,Dacoity,Bank Dacoity,BNS 310(2),16.012021,74.540794,P003568,P003418,P001471,PI Ramesh Gowda,Untraced
FIR202502624,FIR/2624/2025,PS0228,Chamarajanagar,2025-08-01 07:53,2025-08-04 17:53,Cyber Crime,Financial Fraud,"IT Act 66D, BNS 318(4)",12.123741,77.126083,P008145,P004456,P001462,PI Naveen Patil,Under Investigation
FIR202502640,FIR/2640/2025,PS0216,Chamarajanagar,2025-08-03 13:38,2025-08-04 18:38,Fraud,Cheating,BNS 318(4),11.744818,76.947477,P003991,P008320,P009291,SI Prakash Sharma,Chargesheeted
FIR202502639,FIR/2639/2025,PS0035,Ballari,2025-08-03 12:16,2025-08-04 19:16,Assault,Public Affray,"BNS 115(2), BNS 117(2)",15.230579,76.843387,P006366,P000451,P007442,PI Naveen Patil,Chargesheeted
FIR202502643,FIR/2643/2025,PS0248,Chikkaballapura,2025-08-03 15:36,2025-08-04 20:36,Vehicle Theft,Two-Wheeler Theft,BNS 303(2),13.25503,77.784064,P005714,P004696,P000355,PI Chetan Kumar,Under Investigation
FIR202502651,FIR/2651/2025,PS0147,Bengaluru Urban,2025-08-04 16:13,2025-08-04 22:13,POCSO,Harassment,"POCSO Act Sec 4, BNS 64",12.932657,77.550855,P006713,P008995,P007228,PI Ramesh Gowda,Chargesheeted
FIR202502638,FIR/2638/2025,PS0037,Ballari,2025-08-03 11:01,2025-08-04 23:01,POCSO,Harassment,"POCSO Act Sec 4, BNS 64",15.073236,77.063199,P008225,P004201,P008245,PI Lakshmi Devi,Chargesheeted
FIR202502653,FIR/2653/2025,PS0239,Chikkaballapura,2025-08-04 18:28,2025-08-04 23:28,Assault,Simple Assault,"BNS 115(2), BNS 117(2)",13.47462,77.68838,P006000,P005264,P005995,PI Ramesh Gowda,Chargesheeted
FIR202502620,FIR/2620/2025,PS0193,Chamarajanagar,2025-08-01 01:56,2025-08-05 02:56,Cyber Crime,Identity Theft,"IT Act 66D, BNS 318(4)",12.001083,76.868627,P004197,P008092,P004688,PI Ramesh Gowda,Chargesheeted
FIR202502646,FIR/2646/2025,PS0099,Bengaluru Rural,2025-08-04 04:23,2025-08-05 12:23,Theft,Snatching,BNS 303(2),13.283069,77.695792,P002667,P004388,P006608,PI Naveen Patil,Chargesheeted
FIR202502662,FIR/2662/2025,PS0146,Bengaluru Urban,2025-08-05 08:10,2025-08-05 13:10,Vehicle Theft,Car Theft,BNS 303(2),12.943596,77.769024,P003179,P001324,P004052,PI Chetan Kumar,Under Investigation
FIR202502659,FIR/2659/2025,PS0110,Bengaluru Urban,2025-08-05 06:51,2025-08-05 13:51,Cyber Crime,Phishing,"IT Act 66D, BNS 318(4)",13.151252,77.637807,P009500,P001456,P004919,PI Lakshmi Devi,Chargesheeted
FIR202502609,FIR/2609/2025,PS0104,Bengaluru Rural,2025-07-31 04:54,2025-08-05 13:54,POCSO,Harassment,"POCSO Act Sec 4, BNS 64",13.429731,77.556487,P008231,P007164,P009656,SI Prakash Sharma,Chargesheeted
FIR202502657,FIR/2657/2025,PS0220,Chamarajanagar,2025-08-05 04:17,2025-08-05 14:17,Murder,Personal Enmity,BNS 103(1),11.813201,76.782611,P009682,P000167,P008334,SI Ravi Kumar,Chargesheeted
FIR202502661,FIR/2661/2025,PS0039,Ballari,2025-08-05 07:47,2025-08-05 15:47,Assault,Simple Assault,"BNS 115(2), BNS 117(2)",15.340916,76.949451,P009595,P004021,P000028,SI Prakash Sharma,Under Investigation
FIR202502668,FIR/2668/2025,PS0042,Ballari,2025-08-05 14:51,2025-08-05 15:51,Fraud,Corporate Fraud,BNS 318(4),15.058146,77.021347,P000173,P006790,"P003759, P009100",SI Ravi Kumar,Under Investigation
FIR202502649,FIR/2649/2025,PS0110,Bengaluru Urban,2025-08-04 12:02,2025-08-05 18:02,Fraud,Corporate Fraud,BNS 318(4),13.161183,77.654261,P000673,P001095,P005558,SI Ravi Kumar,Chargesheeted
FIR202502650,FIR/2650/2025,PS0091,Bengaluru Rural,2025-08-04 13:38,2025-08-05 21:38,Vehicle Theft,Two-Wheeler Theft,BNS 303(2),13.04558,77.609081,P007143,P001859,P004992,PI Lakshmi Devi,Chargesheeted
FIR202502670,FIR/2670/2025,PS0067,Belagavi,2025-08-05 19:54,2025-08-05 22:54,Burglary,Night House Breaking,"BNS 331(3), BNS 331(4)",15.8713,74.7121,P005014,P009778,P007279,SI Ganesh Rao,Chargesheeted
FIR202502652,FIR/2652/2025,PS0028,Ballari,2025-08-04 16:35,2025-08-05 23:35,Cyber Crime,Phishing,"IT Act 66D, BNS 318(4)",15.018374,76.842822,P007066,P002812,P007772,SI Divya Hegde,Chargesheeted
FIR202502669,FIR/2669/2025,PS0098,Bengaluru Rural,2025-08-05 17:52,2025-08-06 00:52,Murder,Gang Conflict,BNS 103(1),13.284979,77.721221,P004037,P002604,P000644,PI Harish Naik,Chargesheeted
FIR202502673,FIR/2673/2025,PS0187,Bidar,2025-08-06 01:04,2025-08-06 03:04,Theft,Snatching,BNS 303(2),17.956117,77.702169,P005139,P004811,"P007582, P001472",SI Prakash Sharma,Untraced
FIR202502633,FIR/2633/2025,PS0125,Bengaluru Urban,2025-08-02 17:45,2025-08-06 03:45,Vehicle Theft,Two-Wheeler Theft,BNS 303(2),12.799674,77.694,P005297,P009627,P001311,PI Lakshmi Devi,Chargesheeted
FIR202502656,FIR/2656/2025,PS0042,Ballari,2025-08-05 02:20,2025-08-06 06:20,POCSO,Harassment,"POCSO Act Sec 4, BNS 64",15.040605,77.021328,P005862,P004181,P007564,PI Ramesh Gowda,Chargesheeted
FIR202502674,FIR/2674/2025,PS0139,Bengaluru Urban,2025-08-06 06:15,2025-08-06 07:15,Fraud,Land Scam,BNS 318(4),12.814968,77.546451,P006542,P006987,P007694,PI Suresh Kulkarni,Chargesheeted
FIR202502660,FIR/2660/2025,PS0207,Chamarajanagar,2025-08-05 07:22,2025-08-06 10:22,POCSO,Harassment,"POCSO Act Sec 4, BNS 64",12.064901,77.131507,P006073,P006192,P007220,SI Divya Hegde,Under Investigation
FIR202502647,FIR/2647/2025,PS0057,Belagavi,2025-08-04 05:28,2025-08-06 12:28,POCSO,Harassment,"POCSO Act Sec 4, BNS 64",15.663482,74.396767,P009719,P005110,P006874,SI Prakash Sharma,Under Investigation
FIR202502675,FIR/2675/2025,PS0053,Belagavi,2025-08-06 11:54,2025-08-06 13:54,Murder,Gang Conflict,BNS 103(1),15.861849,74.309645,P009297,P006653,"P005873, P003935",SI Divya Hegde,Chargesheeted
FIR202502648,FIR/2648/2025,PS0069,Belagavi,2025-08-04 10:11,2025-08-06 15:11,NDPS,Possession of Narcotics,NDPS Act Sec 20(b),15.826581,74.354806,P005000,P009853,P009629,PI Harish Naik,Chargesheeted
FIR202502654,FIR/2654/2025,PS0169,Bidar,2025-08-04 21:15,2025-08-07 01:15,Assault,Simple Assault,"BNS 115(2), BNS 117(2)",17.99518,77.702524,P002107,P006989,P009052,PI Naveen Patil,Under Investigation
FIR202502672,FIR/2672/2025,PS0041,Ballari,2025-08-06 00:21,2025-08-07 04:21,Vehicle Theft,Two-Wheeler Theft,BNS 303(2),15.268757,76.911911,P004764,P005273,P004708,PI Suresh Kulkarni,Chargesheeted
FIR202502679,FIR/2679/2025,PS0159,Bidar,2025-08-07 07:56,2025-08-07 13:56,Assault,Grievous Hurt,"BNS 115(2), BNS 117(2)",18.038019,77.484737,P004517,P009747,P003047,PI Chetan Kumar,Chargesheeted
FIR202502678,FIR/2678/2025,PS0112,Bengaluru Urban,2025-08-07 07:31,2025-08-07 14:31,Cyber Crime,Phishing,"IT Act 66D, BNS 318(4)",13.109956,77.603261,P003921,P009045,P000330,SI Divya Hegde,Chargesheeted
FIR202502681,FIR/2681/2025,PS0038,Ballari,2025-08-07 09:27,2025-08-07 16:27,Cyber Crime,Phishing,"IT Act 66D, BNS 318(4)",15.078878,77.084774,P000741,P002936,P005543,PI Naveen Patil,Under Investigation
FIR202502663,FIR/2663/2025,PS0030,Ballari,2025-08-05 08:17,2025-08-07 18:17,Murder,Dowry Homicide,BNS 103(1),15.185719,76.825693,P002243,P009457,P001093,SI Divya Hegde,Chargesheeted
FIR202502664,FIR/2664/2025,PS0075,Bengaluru Rural,2025-08-05 09:40,2025-08-07 18:40,NDPS,Drug Trafficking,NDPS Act Sec 20(b),13.205821,77.537421,P009093,P007114,P005123,SI Ravi Kumar,Chargesheeted
FIR202502641,FIR/2641/2025,PS0152,Bengaluru Urban,2025-08-03 14:05,2025-08-07 20:05,Cyber Crime,Financial Fraud,"IT Act 66D, BNS 318(4)",12.999082,77.406401,P006509,P006935,P000019,SI Ganesh Rao,Chargesheeted
FIR202502682,FIR/2682/2025,PS0108,Bengaluru Rural,2025-08-07 09:28,2025-08-07 20:28,POCSO,Harassment,"POCSO Act Sec 4, BNS 64",13.207399,77.459837,P006447,P006801,P005903,SI Mahesh Bhat,Under Investigation
FIR202502676,FIR/2676/2025,PS0243,Chikkaballapura,2025-08-06 14:56,2025-08-07 21:56,Dacoity,Bank Dacoity,BNS 310(2),13.454293,77.881766,P005874,P005448,P006072,PI Suresh Kulkarni,Untraced
FIR202502677,FIR/2677/2025,PS0097,Bengaluru Rural,2025-08-06 15:31,2025-08-07 23:31,Dacoity,Armed Dacoity,BNS 310(2),13.112219,77.493602,P009463,P007102,P001483,PI Lakshmi Devi,Under Investigation
FIR202502644,FIR/2644/2025,PS0087,Bengaluru Rural,2025-08-03 15:57,2025-08-08 00:57,NDPS,Possession of Narcotics,NDPS Act Sec 20(b),13.142338,77.516961,P003371,P007339,P002277,SI Mahesh Bhat,Chargesheeted
FIR202502658,FIR/2658/2025,PS0037,Ballari,2025-08-05 05:28,2025-08-08 06:28,Dacoity,Bank Dacoity,BNS 310(2),15.075222,77.05329,P006147,P009411,"P005499, P000466",PI Chetan Kumar,Chargesheeted
FIR202502655,FIR/2655/2025,PS0105,Bengaluru Rural,2025-08-05 01:25,2025-08-08 07:25,Dacoity,Armed Dacoity,BNS 310(2),13.172788,77.628673,P006901,P002798,P005609,PI Ramesh Gowda,Under Investigation
FIR202502686,FIR/2686/2025,PS0181,Bidar,2025-08-08 04:22,2025-08-08 09:22,Murder,Gang Conflict,BNS 103(1),18.001696,77.409958,P008590,P000771,P008651,SI Ganesh Rao,Under Investigation
FIR202502689,FIR/2689/2025,PS0088,Bengaluru Rural,2025-08-08 09:18,2025-08-08 13:18,NDPS,Possession of Narcotics,NDPS Act Sec 20(b),13.060165,77.395136,P009600,P006747,"P009272, P005869",SI Prakash Sharma,Under Investigation
FIR202502690,FIR/2690/2025,PS0082,Bengaluru Rural,2025-08-08 10:52,2025-08-08 21:52,Vehicle Theft,Car Theft,BNS 303(2),13.345922,77.407583,P005541,P008638,P009434,PI Suresh Kulkarni,Chargesheeted
FIR202502667,FIR/2667/2025,PS0225,Chamarajanagar,2025-08-05 11:50,2025-08-08 23:50,Theft,Pocket Pick,BNS 303(2),12.018665,76.773496,P008098,P007384,P002975,PI Chetan Kumar,Under Investigation
FIR202502692,FIR/2692/2025,PS0053,Belagavi,2025-08-08 20:09,2025-08-09 01:09,NDPS,Drug Trafficking,NDPS Act Sec 20(b),15.865108,74.328083,P003325,P002818,P010000,SI Divya Hegde,Chargesheeted
FIR202502691,FIR/2691/2025,PS0113,Bengaluru Urban,2025-08-08 14:17,2025-08-09 02:17,Cyber Crime,Phishing,"IT Act 66D, BNS 318(4)",13.175714,77.503482,P001384,P005621,P007875,PI Harish Naik,Chargesheeted
FIR202502693,FIR/2693/2025,PS0163,Bidar,2025-08-08 21:37,2025-08-09 05:37,Cyber Crime,Identity Theft,"IT Act 66D, BNS 318(4)",17.947642,77.605571,P008599,P004289,"P002649, P004657",PI Harish Naik,Chargesheeted
FIR202502694,FIR/2694/2025,PS0015,Bagalkote,2025-08-08 22:59,2025-08-09 06:59,Robbery,Highway Robbery,BNS 309(4),16.047766,75.695601,P008810,P003337,P007596,SI Mahesh Bhat,Chargesheeted
FIR202502671,FIR/2671/2025,PS0129,Bengaluru Urban,2025-08-05 22:39,2025-08-09 08:39,Cyber Crime,Financial Fraud,"IT Act 66D, BNS 318(4)",12.786471,77.77977,P007061,P005723,P009425,PI Lakshmi Devi,Under Investigation
FIR202502684,FIR/2684/2025,PS0202,Chamarajanagar,2025-08-07 23:47,2025-08-09 08:47,Robbery,Highway Robbery,BNS 309(4),11.925701,76.854607,P008633,P001937,P002106,PI Suresh Kulkarni,Under Investigation
FIR202502685,FIR/2685/2025,PS0027,Ballari,2025-08-08 01:36,2025-08-09 10:36,Cyber Crime,Financial Fraud,"IT Act 66D, BNS 318(4)",15.042177,77.066752,P003255,P007111,P009396,PI Naveen Patil,Under Investigation
FIR202502700,FIR/2700/2025,PS0222,Chamarajanagar,2025-08-09 08:14,2025-08-09 11:14,Vehicle Theft,Two-Wheeler Theft,BNS 303(2),11.928087,76.778029,P005440,P009394,P006860,SI Ganesh Rao,Chargesheeted
FIR202502703,FIR/2703/2025,PS0092,Bengaluru Rural,2025-08-09 10:51,2025-08-09 11:51,Murder,Gang Conflict,BNS 103(1),13.069714,77.472378,P004316,P003335,P009029,PI Chetan Kumar,Under Investigation
FIR202502666,FIR/2666/2025,PS0110,Bengaluru Urban,2025-08-05 11:31,2025-08-09 16:31,Fraud,Cheating,BNS 318(4),13.146998,77.647401,P004442,P009476,P008258,PI Ramesh Gowda,Chargesheeted
FIR202502688,FIR/2688/2025,PS0242,Chikkaballapura,2025-08-08 08:01,2025-08-09 19:01,Dacoity,Armed Dacoity,BNS 310(2),13.268216,77.840674,P005491,P008343,"P006923, P000519",PI Suresh Kulkarni,Under Investigation
FIR202502665,FIR/2665/2025,PS0220,Chamarajanagar,2025-08-05 10:02,2025-08-09 20:02,Cyber Crime,Financial Fraud,"IT Act 66D, BNS 318(4)",11.781985,76.803253,P000823,P009294,P009661,PI Harish Naik,Chargesheeted
FIR202502705,FIR/2705/2025,PS0059,Belagavi,2025-08-09 20:50,2025-08-09 23:50,Theft,House Theft,BNS 303(2),15.818994,74.517714,P007208,P000548,P003220,SI Ganesh Rao,Chargesheeted
FIR202502707,FIR/2707/2025,PS0161,Bidar,2025-08-10 00:00,2025-08-10 03:00,Murder,Gang Conflict,BNS 103(1),17.98064,77.523813,P007481,P007996,P007020,SI Mahesh Bhat,Chargesheeted
FIR202502704,FIR/2704/2025,PS0110,Bengaluru Urban,2025-08-09 19:37,2025-08-10 03:37,Fraud,Corporate Fraud,BNS 318(4),13.159057,77.652969,P000519,P004756,P009584,SI Divya Hegde,Under Investigation
FIR202502695,FIR/2695/2025,PS0107,Bengaluru Rural,2025-08-09 00:25,2025-08-10 05:25,Dacoity,Bank Dacoity,BNS 310(2),13.129288,77.428689,P006290,P008289,P007412,PI Naveen Patil,Under Investigation
FIR202502683,FIR/2683/2025,PS0051,Belagavi,2025-08-07 19:33,2025-08-10 05:33,Cyber Crime,Financial Fraud,"IT Act 66D, BNS 318(4)",15.98634,74.547869,P001327,P004906,P009500,PI Suresh Kulkarni,Chargesheeted
FIR202502706,FIR/2706/2025,PS0120,Bengaluru Urban,2025-08-09 20:58,2025-08-10 05:58,Fraud,Land Scam,BNS 318(4),13.146105,77.403104,P007436,P005190,P003008,PI Naveen Patil,Chargesheeted
FIR202502712,FIR/2712/2025,PS0030,Ballari,2025-08-10 09:11,2025-08-10 10:11,Dacoity,Armed Dacoity,BNS 310(2),15.186884,76.834866,P003741,P007482,P001637,SI Ganesh Rao,Under Investigation
FIR202502696,FIR/2696/2025,PS0050,Belagavi,2025-08-09 00:47,2025-08-10 11:47,Dacoity,Bank Dacoity,BNS 310(2),15.723609,74.327249,P002579,P008251,P003335,SI Ravi Kumar,Under Investigation
FIR202502701,FIR/2701/2025,PS0149,Bengaluru Urban,2025-08-09 09:49,2025-08-10 12:49,Cyber Crime,Financial Fraud,"IT Act 66D, BNS 318(4)",13.10631,77.464297,P006702,P003378,P009644,PI Chetan Kumar,Chargesheeted
FIR202502709,FIR/2709/2025,PS0058,Belagavi,2025-08-10 01:53,2025-08-10 12:53,Dacoity,Armed Dacoity,BNS 310(2),15.711574,74.399895,P009220,P002192,P000884,PI Chetan Kumar,Under Investigation
FIR202502687,FIR/2687/2025,PS0061,Belagavi,2025-08-08 05:05,2025-08-10 13:05,Dacoity,Armed Dacoity,BNS 310(2),16.02189,74.432566,P001442,P008477,P000368,SI Ravi Kumar,Untraced
FIR202502716,FIR/2716/2025,PS0058,Belagavi,2025-08-10 17:15,2025-08-10 20:15,Cyber Crime,Phishing,"IT Act 66D, BNS 318(4)",15.696877,74.395038,P007109,P004719,"P000041, P006036",SI Divya Hegde,Closed
FIR202502717,FIR/2717/2025,PS0126,Bengaluru Urban,2025-08-10 20:21,2025-08-10 22:21,Fraud,Corporate Fraud,BNS 318(4),12.875813,77.572425,P007082,P000102,P003213,SI Divya Hegde,Under Investigation
FIR202502714,FIR/2714/2025,PS0037,Ballari,2025-08-10 15:15,2025-08-11 00:15,POCSO,Sexual Assault on Minor,"POCSO Act Sec 4, BNS 64",15.065682,77.053686,P005049,P006733,P008652,SI Prakash Sharma,Chargesheeted
FIR202502719,FIR/2719/2025,PS0107,Bengaluru Rural,2025-08-11 03:54,2025-08-11 04:54,Theft,Pocket Pick,BNS 303(2),13.107276,77.404212,P000885,P000801,P006730,SI Mahesh Bhat,Untraced
FIR202502697,FIR/2697/2025,PS0180,Bidar,2025-08-09 02:23,2025-08-11 05:23,Theft,House Theft,BNS 303(2),18.060468,77.410274,P002970,P004541,P001588,SI Ravi Kumar,Chargesheeted
FIR202502718,FIR/2718/2025,PS0084,Bengaluru Rural,2025-08-10 23:27,2025-08-11 09:27,Theft,Pocket Pick,BNS 303(2),13.1795,77.54584,P006354,P003514,P008471,PI Harish Naik,Closed
FIR202502702,FIR/2702/2025,PS0077,Bengaluru Rural,2025-08-09 10:23,2025-08-11 11:23,Cyber Crime,Identity Theft,"IT Act 66D, BNS 318(4)",13.356479,77.614575,P005904,P002320,P009845,PI Ramesh Gowda,Under Investigation
FIR202502722,FIR/2722/2025,PS0216,Chamarajanagar,2025-08-11 06:02,2025-08-11 12:02,Murder,Personal Enmity,BNS 103(1),11.748518,76.953123,P000330,P001443,P007444,PI Chetan Kumar,Chargesheeted
FIR202502708,FIR/2708/2025,PS0218,Chamarajanagar,2025-08-10 01:06,2025-08-11 13:06,Murder,Dowry Homicide,BNS 103(1),11.861915,77.048216,P008269,P000117,P004815,PI Suresh Kulkarni,Chargesheeted
FIR202502698,FIR/2698/2025,PS0001,Bagalkote,2025-08-09 03:35,2025-08-11 14:35,Burglary,Night House Breaking,"BNS 331(3), BNS 331(4)",16.169277,75.578219,P001399,P007772,P009186,PI Lakshmi Devi,Chargesheeted
FIR202502680,FIR/2680/2025,PS0052,Belagavi,2025-08-07 08:20,2025-08-11 15:20,Burglary,Day Burglary,"BNS 331(3), BNS 331(4)",15.903715,74.299458,P007009,P000735,P006836,SI Ganesh Rao,Chargesheeted
FIR202502720,FIR/2720/2025,PS0046,Belagavi,2025-08-11 04:31,2025-08-11 16:31,Theft,House Theft,BNS 303(2),15.759563,74.533658,P005551,P006493,P006025,SI Ravi Kumar,Chargesheeted
FIR202502711,FIR/2711/2025,PS0063,Belagavi,2025-08-10 06:14,2025-08-11 17:14,Vehicle Theft,Car Theft,BNS 303(2),16.015851,74.684899,P008826,P000155,P000121,PI Naveen Patil,Chargesheeted
FIR202502715,FIR/2715/2025,PS0199,Chamarajanagar,2025-08-10 15:16,2025-08-11 18:16,Cyber Crime,Phishing,"IT Act 66D, BNS 318(4)",11.843059,77.037165,P008442,P000606,P006078,SI Mahesh Bhat,Under Investigation
FIR202502723,FIR/2723/2025,PS0188,Bidar,2025-08-11 11:25,2025-08-11 18:25,Robbery,Chain Snatching with Force,BNS 309(4),17.932497,77.707932,P002100,P006006,P003363,PI Naveen Patil,Chargesheeted
FIR202502724,FIR/2724/2025,PS0023,Bagalkote,2025-08-11 12:44,2025-08-11 18:44,NDPS,Drug Trafficking,NDPS Act Sec 20(b),16.102991,75.78972,P009095,P004950,P006613,SI Divya Hegde,Under Investigation
FIR202502725,FIR/2725/2025,PS0069,Belagavi,2025-08-11 20:06,2025-08-11 23:06,Burglary,Night House Breaking,"BNS 331(3), BNS 331(4)",15.821227,74.343231,P007781,P004019,P002217,SI Ganesh Rao,Untraced
FIR202502721,FIR/2721/2025,PS0078,Bengaluru Rural,2025-08-11 05:58,2025-08-12 14:58,Burglary,Day Burglary,"BNS 331(3), BNS 331(4)",13.126759,77.579594,P006322,P000076,P001031,PI Chetan Kumar,Chargesheeted
FIR202502710,FIR/2710/2025,PS0047,Belagavi,2025-08-10 05:11,2025-08-12 15:11,Murder,Dowry Homicide,BNS 103(1),15.978103,74.537944,P000315,P004873,P005474,PI Harish Naik,Closed
FIR202502699,FIR/2699/2025,PS0129,Bengaluru Urban,2025-08-09 06:30,2025-08-12 18:30,Fraud,Cheating,BNS 318(4),12.803379,77.764352,P006888,P002613,P003647,SI Prakash Sharma,Under Investigation
FIR202502730,FIR/2730/2025,PS0154,Bidar,2025-08-12 08:20,2025-08-12 19:20,Murder,Personal Enmity,BNS 103(1),17.899666,77.411111,P005585,P003641,P008386,PI Lakshmi Devi,Chargesheeted
FIR202502736,FIR/2736/2025,PS0056,Belagavi,2025-08-12 21:38,2025-08-13 03:38,Robbery,Highway Robbery,BNS 309(4),15.770428,74.589554,P000520,P007140,P008724,PI Suresh Kulkarni,Chargesheeted
FIR202502738,FIR/2738/2025,PS0057,Belagavi,2025-08-12 22:03,2025-08-13 04:03,Burglary,Day Burglary,"BNS 331(3), BNS 331(4)",15.696288,74.425062,P007906,P004091,P007772,PI Naveen Patil,Under Investigation
FIR202502733,FIR/2733/2025,PS0054,Belagavi,2025-08-12 20:27,2025-08-13 04:27,Burglary,Day Burglary,"BNS 331(3), BNS 331(4)",15.90652,74.685747,P008668,P004502,"P000224, P006783",PI Suresh Kulkarni,Chargesheeted
FIR202502734,FIR/2734/2025,PS0115,Bengaluru Urban,2025-08-12 20:46,2025-08-13 05:46,Vehicle Theft,Car Theft,BNS 303(2),12.870431,77.382492,P002783,P000466,P007857,PI Lakshmi Devi,Chargesheeted
FIR202502727,FIR/2727/2025,PS0186,Bidar,2025-08-11 23:56,2025-08-13 08:56,Cyber Crime,Financial Fraud,"IT Act 66D, BNS 318(4)",17.724427,77.513306,P003928,P000640,P001099,PI Ramesh Gowda,Under Investigation
FIR202502732,FIR/2732/2025,PS0216,Chamarajanagar,2025-08-12 14:03,2025-08-13 17:03,Vehicle Theft,Car Theft,BNS 303(2),11.746431,76.937129,P007655,P002066,P006575,PI Ramesh Gowda,Closed
FIR202502735,FIR/2735/2025,PS0038,Ballari,2025-08-12 21:18,2025-08-13 22:18,Murder,Dowry Homicide,BNS 103(1),15.053269,77.078344,P003452,P004198,P004344,PI Suresh Kulkarni,Chargesheeted
FIR202502731,FIR/2731/2025,PS0035,Ballari,2025-08-12 13:53,2025-08-14 00:53,Fraud,Cheating,BNS 318(4),15.222737,76.852829,P001834,P006651,P001160,PI Chetan Kumar,Under Investigation
FIR202502743,FIR/2743/2025,PS0070,Bengaluru Rural,2025-08-13 21:25,2025-08-14 02:25,Assault,Public Affray,"BNS 115(2), BNS 117(2)",13.25532,77.774253,P005887,P008662,P008214,SI Prakash Sharma,Chargesheeted
FIR202502742,FIR/2742/2025,PS0058,Belagavi,2025-08-13 15:37,2025-08-14 03:37,Dacoity,Bank Dacoity,BNS 310(2),15.690603,74.378384,P004415,P009908,P006838,SI Ganesh Rao,Under Investigation
FIR202502729,FIR/2729/2025,PS0141,Bengaluru Urban,2025-08-12 05:35,2025-08-14 08:35,Cyber Crime,Financial Fraud,"IT Act 66D, BNS 318(4)",12.852901,77.415628,P008226,P002600,P004585,SI Prakash Sharma,Chargesheeted
FIR202502728,FIR/2728/2025,PS0032,Ballari,2025-08-12 04:26,2025-08-14 10:26,POCSO,Sexual Assault on Minor,"POCSO Act Sec 4, BNS 64",15.149143,76.898483,P002900,P003425,P000777,PI Harish Naik,Chargesheeted
FIR202502740,FIR/2740/2025,PS0147,Bengaluru Urban,2025-08-13 07:15,2025-08-14 16:15,Fraud,Land Scam,BNS 318(4),12.915197,77.537331,P005028,P002389,P000225,SI Mahesh Bhat,Untraced
FIR202502744,FIR/2744/2025,PS0042,Ballari,2025-08-14 05:44,2025-08-14 17:44,Murder,Dowry Homicide,BNS 103(1),15.048799,76.999454,P002713,P005685,P009770,SI Prakash Sharma,Under Investigation
FIR202502751,FIR/2751/2025,PS0245,Chikkaballapura,2025-08-14 16:36,2025-08-14 23:36,Fraud,Corporate Fraud,BNS 318(4),13.325166,77.762378,P007669,P008689,P005059,SI Ganesh Rao,Untraced
FIR202502737,FIR/2737/2025,PS0065,Belagavi,2025-08-12 21:52,2025-08-15 00:52,Burglary,Night House Breaking,"BNS 331(3), BNS 331(4)",15.746004,74.44664,P006612,P000372,P001472,PI Suresh Kulkarni,Under Investigation
FIR202502713,FIR/2713/2025,PS0205,Chamarajanagar,2025-08-10 13:30,2025-08-15 01:30,Dacoity,Bank Dacoity,BNS 310(2),11.96537,76.775697,P001982,P002949,P004327,PI Ramesh Gowda,Under Investigation
FIR202502753,FIR/2753/2025,PS0150,Bengaluru Urban,2025-08-14 21:24,2025-08-15 09:24,POCSO,Sexual Assault on Minor,"POCSO Act Sec 4, BNS 64",13.097825,77.694108,P000876,P007361,P005466,PI Lakshmi Devi,Under Investigation
FIR202502757,FIR/2757/2025,PS0044,Ballari,2025-08-15 06:55,2025-08-15 09:55,Murder,Dowry Homicide,BNS 103(1),15.313788,76.93723,P008879,P006611,P003621,PI Harish Naik,Chargesheeted
FIR202502759,FIR/2759/2025,PS0054,Belagavi,2025-08-15 09:37,2025-08-15 14:37,Dacoity,Armed Dacoity,BNS 310(2),15.902314,74.682998,P002022,P003893,P002791,SI Prakash Sharma,Chargesheeted
FIR202502749,FIR/2749/2025,PS0234,Chamarajanagar,2025-08-14 14:12,2025-08-15 20:12,Burglary,Day Burglary,"BNS 331(3), BNS 331(4)",11.991141,76.824427,P000324,P008548,P001945,PI Lakshmi Devi,Untraced
FIR202502760,FIR/2760/2025,PS0029,Ballari,2025-08-15 13:33,2025-08-15 23:33,Assault,Simple Assault,"BNS 115(2), BNS 117(2)",14.992954,76.882853,P009283,P007663,P004638,PI Suresh Kulkarni,Chargesheeted
FIR202502762,FIR/2762/2025,PS0172,Bidar,2025-08-15 16:27,2025-08-16 00:27,Vehicle Theft,Car Theft,BNS 303(2),17.953413,77.500698,P008528,P004065,P008813,PI Harish Naik,Under Investigation
FIR202502769,FIR/2769/2025,PS0021,Bagalkote,2025-08-16 03:53,2025-08-16 05:53,Fraud,Corporate Fraud,BNS 318(4),15.997229,75.530187,P004725,P000935,P000554,SI Ravi Kumar,Under Investigation
FIR202502739,FIR/2739/2025,PS0024,Bagalkote,2025-08-13 01:11,2025-08-16 07:11,Theft,House Theft,BNS 303(2),16.360999,75.544602,P002855,P005930,P003888,SI Ganesh Rao,Closed
FIR202502726,FIR/2726/2025,PS0074,Bengaluru Rural,2025-08-11 23:46,2025-08-16 07:46,Theft,Pocket Pick,BNS 303(2),13.171385,77.567212,P007084,P004938,P000045,SI Ravi Kumar,Chargesheeted
FIR202502767,FIR/2767/2025,PS0068,Belagavi,2025-08-16 02:30,2025-08-16 10:30,Fraud,Land Scam,BNS 318(4),16.014141,74.382329,P001191,P004957,P003474,PI Naveen Patil,Closed
FIR202502755,FIR/2755/2025,PS0219,Chamarajanagar,2025-08-14 23:41,2025-08-16 11:41,Murder,Personal Enmity,BNS 103(1),11.864868,76.888568,P007455,P003264,P003956,PI Lakshmi Devi,Chargesheeted
FIR202502772,FIR/2772/2025,PS0112,Bengaluru Urban,2025-08-16 10:23,2025-08-16 13:23,Cyber Crime,Phishing,"IT Act 66D, BNS 318(4)",13.08454,77.605266,P005199,P003058,P009075,PI Lakshmi Devi,Chargesheeted
FIR202502756,FIR/2756/2025,PS0160,Bidar,2025-08-15 06:04,2025-08-16 14:04,Fraud,Cheating,BNS 318(4),17.861041,77.366862,P007064,P001678,P009236,PI Harish Naik,Under Investigation
FIR202502768,FIR/2768/2025,PS0045,Ballari,2025-08-16 03:52,2025-08-16 14:52,POCSO,Harassment,"POCSO Act Sec 4, BNS 64",15.002051,76.880817,P000376,P009173,P002527,PI Lakshmi Devi,Closed
FIR202502773,FIR/2773/2025,PS0069,Belagavi,2025-08-16 12:05,2025-08-16 18:05,Fraud,Land Scam,BNS 318(4),15.839336,74.354664,P000812,P009121,P005850,SI Ganesh Rao,Chargesheeted
FIR202502746,FIR/2746/2025,PS0068,Belagavi,2025-08-14 09:58,2025-08-16 18:58,POCSO,Sexual Assault on Minor,"POCSO Act Sec 4, BNS 64",16.030473,74.39705,P002017,P001312,"P003412, P000270",PI Naveen Patil,Under Investigation
FIR202502750,FIR/2750/2025,PS0156,Bidar,2025-08-14 15:38,2025-08-16 19:38,Theft,Pocket Pick,BNS 303(2),17.979596,77.478687,P006123,P006779,"P006797, P006925",PI Harish Naik,Under Investigation
FIR202502752,FIR/2752/2025,PS0070,Bengaluru Rural,2025-08-14 17:36,2025-08-16 21:36,Fraud,Cheating,BNS 318(4),13.259666,77.779888,P001287,P001923,P008573,PI Ramesh Gowda,Under Investigation
FIR202502761,FIR/2761/2025,PS0147,Bengaluru Urban,2025-08-15 16:04,2025-08-16 23:04,Burglary,Night House Breaking,"BNS 331(3), BNS 331(4)",12.901792,77.556049,P008020,P009154,P008560,SI Mahesh Bhat,Under Investigation
FIR202502774,FIR/2774/2025,PS0131,Bengaluru Urban,2025-08-16 12:25,2025-08-17 00:25,Vehicle Theft,Car Theft,BNS 303(2),13.008208,77.619399,P006538,P004988,P006314,SI Ravi Kumar,Under Investigation
FIR202502776,FIR/2776/2025,PS0242,Chikkaballapura,2025-08-16 18:35,2025-08-17 03:35,Dacoity,Bank Dacoity,BNS 310(2),13.280679,77.845879,P001411,P001482,P002620,SI Prakash Sharma,Under Investigation
FIR202502745,FIR/2745/2025,PS0071,Bengaluru Rural,2025-08-14 07:47,2025-08-17 09:47,Murder,Dowry Homicide,BNS 103(1),13.027799,77.486757,P006269,P006361,P005853,SI Mahesh Bhat,Chargesheeted
FIR202502778,FIR/2778/2025,PS0222,Chamarajanagar,2025-08-16 23:00,2025-08-17 10:00,Theft,Snatching,BNS 303(2),11.924668,76.748656,P002358,P002603,P005221,SI Ravi Kumar,Chargesheeted
FIR202502748,FIR/2748/2025,PS0034,Ballari,2025-08-14 13:19,2025-08-17 14:19,Murder,Personal Enmity,BNS 103(1),14.982823,77.092243,P002736,P000430,P003136,PI Harish Naik,Chargesheeted
FIR202502782,FIR/2782/2025,PS0054,Belagavi,2025-08-17 07:45,2025-08-17 16:45,POCSO,Harassment,"POCSO Act Sec 4, BNS 64",15.914182,74.703129,P000024,P003629,P007527,PI Suresh Kulkarni,Chargesheeted
FIR202502784,FIR/2784/2025,PS0113,Bengaluru Urban,2025-08-17 15:13,2025-08-17 17:13,Cyber Crime,Identity Theft,"IT Act 66D, BNS 318(4)",13.171475,77.511086,P004580,P000879,P003129,PI Naveen Patil,Under Investigation
FIR202502786,FIR/2786/2025,PS0005,Bagalkote,2025-08-17 18:14,2025-08-17 20:14,Theft,Snatching,BNS 303(2),16.15318,75.585368,P007838,P009326,P008243,PI Harish Naik,Under Investigation
FIR202502785,FIR/2785/2025,PS0218,Chamarajanagar,2025-08-17 18:08,2025-08-17 23:08,POCSO,Sexual Assault on Minor,"POCSO Act Sec 4, BNS 64",11.862713,77.018793,P002258,P000545,"P003503, P007233",PI Suresh Kulkarni,Chargesheeted
FIR202502747,FIR/2747/2025,PS0081,Bengaluru Rural,2025-08-14 13:00,2025-08-18 01:00,Assault,Grievous Hurt,"BNS 115(2), BNS 117(2)",13.193359,77.613914,P009977,P007219,P006886,PI Suresh Kulkarni,Under Investigation
FIR202502764,FIR/2764/2025,PS0227,Chamarajanagar,2025-08-15 18:46,2025-08-18 06:46,Burglary,Night House Breaking,"BNS 331(3), BNS 331(4)",11.883804,76.933586,P009413,P000305,"P003727, P003641",PI Suresh Kulkarni,Untraced
FIR202502788,FIR/2788/2025,PS0015,Bagalkote,2025-08-17 22:25,2025-08-18 07:25,Cyber Crime,Identity Theft,"IT Act 66D, BNS 318(4)",16.041399,75.684994,P001947,P002188,P002205,PI Chetan Kumar,Chargesheeted
FIR202502754,FIR/2754/2025,PS0182,Bidar,2025-08-14 22:52,2025-08-18 07:52,Assault,Public Affray,"BNS 115(2), BNS 117(2)",17.898568,77.662618,P009137,P008411,P001280,SI Ganesh Rao,Under Investigation
FIR202502791,FIR/2791/2025,PS0135,Bengaluru Urban,2025-08-18 05:54,2025-08-18 07:54,Cyber Crime,Identity Theft,"IT Act 66D, BNS 318(4)",12.92481,77.460462,P001573,P004572,P004214,PI Naveen Patil,Chargesheeted
FIR202502789,FIR/2789/2025,PS0161,Bidar,2025-08-17 22:58,2025-08-18 10:58,Cyber Crime,Identity Theft,"IT Act 66D, BNS 318(4)",17.99981,77.499277,P009208,P003556,"P007935, P002944",PI Harish Naik,Under Investigation
FIR202502741,FIR/2741/2025,PS0139,Bengaluru Urban,2025-08-13 12:23,2025-08-18 19:23,Vehicle Theft,Car Theft,BNS 303(2),12.796185,77.540176,P003290,P006306,P009487,SI Mahesh Bhat,Under Investigation
FIR202502793,FIR/2793/2025,PS0125,Bengaluru Urban,2025-08-18 16:50,2025-08-18 20:50,Cyber Crime,Financial Fraud,"IT Act 66D, BNS 318(4)",12.795495,77.725156,P001151,P004724,P003936,SI Ganesh Rao,Under Investigation
FIR202502777,FIR/2777/2025,PS0035,Ballari,2025-08-16 21:12,2025-08-19 01:12,Assault,Public Affray,"BNS 115(2), BNS 117(2)",15.244068,76.841712,P003185,P003101,P007487,SI Ganesh Rao,Chargesheeted
FIR202502779,FIR/2779/2025,PS0101,Bengaluru Rural,2025-08-17 03:28,2025-08-19 05:28,POCSO,Harassment,"POCSO Act Sec 4, BNS 64",13.251578,77.744978,P008456,P008838,"P009687, P002536",PI Naveen Patil,Chargesheeted
FIR202502798,FIR/2798/2025,PS0124,Bengaluru Urban,2025-08-19 04:46,2025-08-19 06:46,Fraud,Land Scam,BNS 318(4),13.075343,77.666664,P000312,P007728,"P008698, P007250",SI Ravi Kumar,Under Investigation
FIR202502787,FIR/2787/2025,PS0208,Chamarajanagar,2025-08-17 21:39,2025-08-19 07:39,Murder,Personal Enmity,BNS 103(1),11.832004,77.135327,P007833,P003570,P007866,SI Ganesh Rao,Chargesheeted
FIR202502795,FIR/2795/2025,PS0095,Bengaluru Rural,2025-08-19 00:37,2025-08-19 10:37,Burglary,Day Burglary,"BNS 331(3), BNS 331(4)",13.1141,77.389885,P003896,P004573,P001662,SI Ganesh Rao,Under Investigation
FIR202502770,FIR/2770/2025,PS0076,Bengaluru Rural,2025-08-16 06:42,2025-08-19 10:42,Murder,Personal Enmity,BNS 103(1),13.305006,77.746307,P006572,P001175,P009452,PI Naveen Patil,Chargesheeted
FIR202502796,FIR/2796/2025,PS0059,Belagavi,2025-08-19 04:11,2025-08-19 11:11,Dacoity,Bank Dacoity,BNS 310(2),15.811762,74.497457,P006567,P005998,P003958,PI Suresh Kulkarni,Chargesheeted
FIR202502799,FIR/2799/2025,PS0030,Ballari,2025-08-19 06:24,2025-08-19 12:24,Fraud,Cheating,BNS 318(4),15.201091,76.80652,P007577,P003462,P005825,SI Ravi Kumar,Closed
FIR202502758,FIR/2758/2025,PS0111,Bengaluru Urban,2025-08-15 08:32,2025-08-19 13:32,Fraud,Cheating,BNS 318(4),12.76689,77.574618,P002897,P001080,P009497,SI Mahesh Bhat,Untraced
FIR202502783,FIR/2783/2025,PS0028,Ballari,2025-08-17 14:44,2025-08-19 15:44,Fraud,Land Scam,BNS 318(4),15.020654,76.873052,P004716,P009692,P002042,PI Lakshmi Devi,Under Investigation
FIR202502801,FIR/2801/2025,PS0208,Chamarajanagar,2025-08-19 07:33,2025-08-19 17:33,NDPS,Drug Trafficking,NDPS Act Sec 20(b),11.817883,77.13604,P003696,P009866,P003872,SI Prakash Sharma,Chargesheeted
FIR202502808,FIR/2808/2025,PS0168,Bidar,2025-08-19 16:56,2025-08-19 17:56,Theft,Pocket Pick,BNS 303(2),17.730524,77.669794,P001264,P002093,P001556,PI Naveen Patil,Under Investigation
FIR202502809,FIR/2809/2025,PS0011,Bagalkote,2025-08-19 17:35,2025-08-19 18:35,Vehicle Theft,Car Theft,BNS 303(2),16.15465,75.656827,P000150,P003244,P003759,SI Divya Hegde,Untraced
FIR202502805,FIR/2805/2025,PS0047,Belagavi,2025-08-19 11:36,2025-08-19 18:36,Murder,Personal Enmity,BNS 103(1),15.980565,74.539786,P000134,P009052,P004264,PI Ramesh Gowda,Closed
FIR202502775,FIR/2775/2025,PS0125,Bengaluru Urban,2025-08-16 14:21,2025-08-19 20:21,Cyber Crime,Phishing,"IT Act 66D, BNS 318(4)",12.778589,77.701683,P009582,P003454,P000679,PI Chetan Kumar,Under Investigation
FIR202502811,FIR/2811/2025,PS0245,Chikkaballapura,2025-08-19 19:54,2025-08-19 21:54,Cyber Crime,Identity Theft,"IT Act 66D, BNS 318(4)",13.329952,77.787656,P005208,P001022,P006995,PI Suresh Kulkarni,Under Investigation
FIR202502807,FIR/2807/2025,PS0201,Chamarajanagar,2025-08-19 16:24,2025-08-19 22:24,Burglary,Day Burglary,"BNS 331(3), BNS 331(4)",11.997765,76.826667,P009003,P009875,P007444,SI Ravi Kumar,Untraced
FIR202502806,FIR/2806/2025,PS0111,Bengaluru Urban,2025-08-19 15:48,2025-08-19 23:48,Cyber Crime,Phishing,"IT Act 66D, BNS 318(4)",12.771185,77.56,P008797,P008359,P003140,SI Ravi Kumar,Chargesheeted
FIR202502765,FIR/2765/2025,PS0193,Chamarajanagar,2025-08-15 22:45,2025-08-20 08:45,Cyber Crime,Financial Fraud,"IT Act 66D, BNS 318(4)",12.001789,76.847892,P001259,P001197,P009136,SI Ravi Kumar,Chargesheeted
FIR202502781,FIR/2781/2025,PS0110,Bengaluru Urban,2025-08-17 06:03,2025-08-20 09:03,Cyber Crime,Identity Theft,"IT Act 66D, BNS 318(4)",13.160029,77.626921,P007919,P004732,P001869,PI Naveen Patil,Under Investigation
FIR202502815,FIR/2815/2025,PS0073,Bengaluru Rural,2025-08-20 03:55,2025-08-20 09:55,Vehicle Theft,Car Theft,BNS 303(2),13.350027,77.597982,P007139,P003643,P007925,PI Ramesh Gowda,Chargesheeted
FIR202502816,FIR/2816/2025,PS0226,Chamarajanagar,2025-08-20 04:11,2025-08-20 10:11,Theft,Pocket Pick,BNS 303(2),11.741661,77.003548,P003205,P009152,P006058,SI Ravi Kumar,Chargesheeted
FIR202502797,FIR/2797/2025,PS0028,Ballari,2025-08-19 04:41,2025-08-20 10:41,NDPS,Possession of Narcotics,NDPS Act Sec 20(b),15.036652,76.846215,P006080,P009544,P005765,PI Chetan Kumar,Chargesheeted
FIR202502766,FIR/2766/2025,PS0110,Bengaluru Urban,2025-08-16 00:05,2025-08-20 11:05,Cyber Crime,Phishing,"IT Act 66D, BNS 318(4)",13.17289,77.624259,P000731,P003772,P008526,PI Naveen Patil,Under Investigation
FIR202502813,FIR/2813/2025,PS0113,Bengaluru Urban,2025-08-20 00:50,2025-08-20 11:50,Burglary,Night House Breaking,"BNS 331(3), BNS 331(4)",13.178725,77.492786,P001344,P001187,P004348,PI Chetan Kumar,Chargesheeted
FIR202502780,FIR/2780/2025,PS0209,Chamarajanagar,2025-08-17 04:57,2025-08-20 13:57,POCSO,Sexual Assault on Minor,"POCSO Act Sec 4, BNS 64",12.065398,76.991297,P003564,P005450,P004111,SI Prakash Sharma,Chargesheeted
FIR202502824,FIR/2824/2025,PS0180,Bidar,2025-08-20 11:47,2025-08-20 15:47,Murder,Personal Enmity,BNS 103(1),18.060529,77.413802,P002123,P002929,P003807,SI Divya Hegde,Under Investigation
FIR202502819,FIR/2819/2025,PS0190,Bidar,2025-08-20 07:21,2025-08-20 16:21,Murder,Dowry Homicide,BNS 103(1),17.738049,77.584019,P005200,P004473,P006075,PI Lakshmi Devi,Chargesheeted
FIR202502827,FIR/2827/2025,PS0206,Chamarajanagar,2025-08-20 14:35,2025-08-20 16:35,Murder,Dowry Homicide,BNS 103(1),11.815364,77.116561,P006484,P008683,P005159,PI Lakshmi Devi,Under Investigation
FIR202502826,FIR/2826/2025,PS0184,Bidar,2025-08-20 13:30,2025-08-20 20:30,Assault,Grievous Hurt,"BNS 115(2), BNS 117(2)",17.893281,77.615729,P004764,P000129,P004744,SI Prakash Sharma,Chargesheeted
FIR202502831,FIR/2831/2025,PS0016,Bagalkote,2025-08-20 15:38,2025-08-20 20:38,Murder,Personal Enmity,BNS 103(1),15.964872,75.667251,P007997,P007435,P009966,PI Suresh Kulkarni,Chargesheeted
FIR202502821,FIR/2821/2025,PS0171,Bidar,2025-08-20 08:39,2025-08-20 20:39,Dacoity,Bank Dacoity,BNS 310(2),17.779152,77.576536,P005131,P008026,P007325,PI Suresh Kulkarni,Chargesheeted
FIR202502835,FIR/2835/2025,PS0099,Bengaluru Rural,2025-08-20 18:40,2025-08-20 22:40,Dacoity,Bank Dacoity,BNS 310(2),13.248192,77.701114,P002274,P006965,P004265,PI Harish Naik,Chargesheeted
FIR202502829,FIR/2829/2025,PS0211,Chamarajanagar,2025-08-20 15:07,2025-08-20 23:07,Cyber Crime,Financial Fraud,"IT Act 66D, BNS 318(4)",11.816986,77.089989,P007758,P003367,P005438,SI Divya Hegde,Chargesheeted
FIR202502830,FIR/2830/2025,PS0039,Ballari,2025-08-20 15:27,2025-08-21 00:27,Assault,Grievous Hurt,"BNS 115(2), BNS 117(2)",15.315192,76.925924,P006521,P001823,P009091,PI Suresh Kulkarni,Chargesheeted
FIR202502833,FIR/2833/2025,PS0148,Bengaluru Urban,2025-08-20 16:30,2025-08-21 00:30,Cyber Crime,Phishing,"IT Act 66D, BNS 318(4)",12.850248,77.647291,P009142,P003853,"P003900, P009393",PI Naveen Patil,Chargesheeted
FIR202502836,FIR/2836/2025,PS0037,Ballari,2025-08-20 18:50,2025-08-21 01:50,Theft,House Theft,BNS 303(2),15.098165,77.057177,P005282,P002014,P001696,PI Harish Naik,Under Investigation
FIR202502763,FIR/2763/2025,PS0028,Ballari,2025-08-15 18:38,2025-08-21 05:38,NDPS,Drug Trafficking,NDPS Act Sec 20(b),15.032,76.848184,P007715,P008821,P001322,PI Harish Naik,Under Investigation
FIR202502794,FIR/2794/2025,PS0156,Bidar,2025-08-18 21:56,2025-08-21 06:56,POCSO,Harassment,"POCSO Act Sec 4, BNS 64",17.989625,77.485789,P003551,P002846,P002148,PI Chetan Kumar,Untraced
FIR202502814,FIR/2814/2025,PS0208,Chamarajanagar,2025-08-20 03:17,2025-08-21 07:17,Dacoity,Armed Dacoity,BNS 310(2),11.820119,77.140695,P006610,P004425,P001287,PI Chetan Kumar,Chargesheeted
FIR202502812,FIR/2812/2025,PS0029,Ballari,2025-08-19 22:30,2025-08-21 08:30,Murder,Gang Conflict,BNS 103(1),14.967605,76.894731,P005349,P009171,P007189,PI Suresh Kulkarni,Chargesheeted
FIR202502820,FIR/2820/2025,PS0176,Bidar,2025-08-20 07:58,2025-08-21 08:58,Burglary,Day Burglary,"BNS 331(3), BNS 331(4)",17.767936,77.51638,P005468,P006055,P003811,SI Divya Hegde,Under Investigation
FIR202502839,FIR/2839/2025,PS0056,Belagavi,2025-08-21 02:48,2025-08-21 09:48,Theft,Pocket Pick,BNS 303(2),15.767554,74.62252,P006587,P005956,P001028,SI Ganesh Rao,Untraced
FIR202502843,FIR/2843/2025,PS0050,Belagavi,2025-08-21 08:00,2025-08-21 10:00,Vehicle Theft,Two-Wheeler Theft,BNS 303(2),15.707204,74.312178,P002983,P002396,P001250,SI Ganesh Rao,Untraced
FIR202502838,FIR/2838/2025,PS0053,Belagavi,2025-08-21 01:46,2025-08-21 11:46,POCSO,Sexual Assault on Minor,"POCSO Act Sec 4, BNS 64",15.863577,74.317088,P001206,P005550,P003010,SI Divya Hegde,Closed
FIR202502840,FIR/2840/2025,PS0106,Bengaluru Rural,2025-08-21 03:50,2025-08-21 11:50,Assault,Simple Assault,"BNS 115(2), BNS 117(2)",13.28963,77.542135,P006865,P002373,P001218,PI Naveen Patil,Under Investigation
FIR202502804,FIR/2804/2025,PS0079,Bengaluru Rural,2025-08-19 11:32,2025-08-21 14:32,Theft,House Theft,BNS 303(2),13.11679,77.444377,P001771,P002317,P002674,SI Divya Hegde,Under Investigation
FIR202502790,FIR/2790/2025,PS0053,Belagavi,2025-08-18 04:44,2025-08-21 15:44,Burglary,Night House Breaking,"BNS 331(3), BNS 331(4)",15.837062,74.337202,P005086,P000366,P004237,SI Ganesh Rao,Chargesheeted
FIR202502802,FIR/2802/2025,PS0212,Chamarajanagar,2025-08-19 08:50,2025-08-21 15:50,Cyber Crime,Identity Theft,"IT Act 66D, BNS 318(4)",12.054206,76.834561,P001522,P009601,P008819,PI Lakshmi Devi,Chargesheeted
FIR202502850,FIR/2850/2025,PS0053,Belagavi,2025-08-21 15:51,2025-08-21 16:51,NDPS,Drug Trafficking,NDPS Act Sec 20(b),15.853038,74.325276,P006789,P009598,P006224,SI Prakash Sharma,Untraced
FIR202502771,FIR/2771/2025,PS0173,Bidar,2025-08-16 08:50,2025-08-21 17:50,Burglary,Night House Breaking,"BNS 331(3), BNS 331(4)",17.743199,77.599274,P004757,P004324,P006618,PI Naveen Patil,Chargesheeted
FIR202502792,FIR/2792/2025,PS0112,Bengaluru Urban,2025-08-18 14:53,2025-08-21 18:53,Fraud,Corporate Fraud,BNS 318(4),13.108029,77.599243,P004830,P005669,P003920,SI Mahesh Bhat,Chargesheeted
FIR202502842,FIR/2842/2025,PS0027,Ballari,2025-08-21 07:05,2025-08-21 19:05,Vehicle Theft,Car Theft,BNS 303(2),15.034438,77.067307,P003125,P008993,P002107,SI Ganesh Rao,Under Investigation
FIR202502845,FIR/2845/2025,PS0031,Ballari,2025-08-21 09:22,2025-08-21 19:22,Assault,Public Affray,"BNS 115(2), BNS 117(2)",15.000939,77.084657,P008535,P007569,P004680,PI Chetan Kumar,Chargesheeted
FIR202502834,FIR/2834/2025,PS0111,Bengaluru Urban,2025-08-20 16:53,2025-08-21 20:53,Cyber Crime,Phishing,"IT Act 66D, BNS 318(4)",12.773965,77.568027,P003119,P006014,P005597,SI Prakash Sharma,Chargesheeted
FIR202502856,FIR/2856/2025,PS0005,Bagalkote,2025-08-21 20:40,2025-08-21 21:40,Vehicle Theft,Car Theft,BNS 303(2),16.170339,75.590734,P009699,P008552,P006331,SI Mahesh Bhat,Chargesheeted
FIR202502846,FIR/2846/2025,PS0098,Bengaluru Rural,2025-08-21 09:40,2025-08-21 21:40,Theft,Pocket Pick,BNS 303(2),13.278246,77.757223,P000208,P001122,P002892,PI Lakshmi Devi,Under Investigation
FIR202502852,FIR/2852/2025,PS0028,Ballari,2025-08-21 18:27,2025-08-21 22:27,Dacoity,Bank Dacoity,BNS 310(2),15.041813,76.839883,P007309,P003369,P005546,PI Ramesh Gowda,Chargesheeted
FIR202502832,FIR/2832/2025,PS0088,Bengaluru Rural,2025-08-20 16:13,2025-08-22 00:13,Robbery,Highway Robbery,BNS 309(4),13.049088,77.388277,P006982,P000220,P005634,PI Naveen Patil,Chargesheeted
FIR202502848,FIR/2848/2025,PS0202,Chamarajanagar,2025-08-21 14:43,2025-08-22 01:43,Assault,Public Affray,"BNS 115(2), BNS 117(2)",11.959678,76.867156,P007675,P001817,P004832,PI Ramesh Gowda,Under Investigation
FIR202502837,FIR/2837/2025,PS0189,Bidar,2025-08-21 00:24,2025-08-22 03:24,Burglary,Night House Breaking,"BNS 331(3), BNS 331(4)",17.914972,77.392447,P000196,P003157,P009622,PI Naveen Patil,Chargesheeted
FIR202502855,FIR/2855/2025,PS0069,Belagavi,2025-08-21 20:15,2025-08-22 04:15,Theft,House Theft,BNS 303(2),15.843246,74.347696,P000611,P009115,P002852,PI Ramesh Gowda,Chargesheeted
FIR202502859,FIR/2859/2025,PS0017,Bagalkote,2025-08-21 23:57,2025-08-22 04:57,Fraud,Land Scam,BNS 318(4),16.27271,75.554994,P001094,P002514,P007514,SI Divya Hegde,Closed
FIR202502865,FIR/2865/2025,PS0016,Bagalkote,2025-08-22 02:49,2025-08-22 05:49,Vehicle Theft,Two-Wheeler Theft,BNS 303(2),15.991788,75.639707,P009658,P000650,P001433,PI Lakshmi Devi,Chargesheeted
FIR202502818,FIR/2818/2025,PS0104,Bengaluru Rural,2025-08-20 04:41,2025-08-22 09:41,Burglary,Night House Breaking,"BNS 331(3), BNS 331(4)",13.41645,77.563803,P000874,P001607,P005674,PI Lakshmi Devi,Under Investigation
FIR202502844,FIR/2844/2025,PS0113,Bengaluru Urban,2025-08-21 09:01,2025-08-22 10:01,Theft,House Theft,BNS 303(2),13.148867,77.488204,P009540,P002219,P007172,PI Suresh Kulkarni,Under Investigation
FIR202502869,FIR/2869/2025,PS0052,Belagavi,2025-08-22 05:46,2025-08-22 10:46,Burglary,Day Burglary,"BNS 331(3), BNS 331(4)",15.902145,74.304611,P000080,P003955,P001131,PI Naveen Patil,Chargesheeted
FIR202502861,FIR/2861/2025,PS0238,Chikkaballapura,2025-08-22 00:17,2025-08-22 12:17,Fraud,Corporate Fraud,BNS 318(4),13.314023,77.935559,P005375,P002921,P000622,PI Suresh Kulkarni,Chargesheeted
FIR202502864,FIR/2864/2025,PS0026,Ballari,2025-08-22 02:25,2025-08-22 13:25,Dacoity,Armed Dacoity,BNS 310(2),15.213468,76.982829,P007857,P007840,P008903,PI Ramesh Gowda,Chargesheeted
FIR202502866,FIR/2866/2025,PS0051,Belagavi,2025-08-22 04:04,2025-08-22 15:04,Cyber Crime,Phishing,"IT Act 66D, BNS 318(4)",16.012483,74.519775,P004115,P004533,P007192,PI Chetan Kumar,Chargesheeted
FIR202502822,FIR/2822/2025,PS0249,Chikkaballapura,2025-08-20 08:40,2025-08-22 15:40,POCSO,Harassment,"POCSO Act Sec 4, BNS 64",13.484357,77.556664,P004200,P007452,P004597,SI Ganesh Rao,Under Investigation
FIR202502874,FIR/2874/2025,PS0077,Bengaluru Rural,2025-08-22 10:41,2025-08-22 15:41,Assault,Public Affray,"BNS 115(2), BNS 117(2)",13.339025,77.61703,P008210,P003783,P002941,PI Harish Naik,Chargesheeted
FIR202502828,FIR/2828/2025,PS0058,Belagavi,2025-08-20 14:43,2025-08-22 16:43,NDPS,Drug Trafficking,NDPS Act Sec 20(b),15.709275,74.377645,P008099,P009004,"P000993, P004606",PI Suresh Kulkarni,Chargesheeted
FIR202502872,FIR/2872/2025,PS0029,Ballari,2025-08-22 09:22,2025-08-22 18:22,POCSO,Sexual Assault on Minor,"POCSO Act Sec 4, BNS 64",14.970819,76.894478,P001513,P001630,P004027,PI Ramesh Gowda,Chargesheeted
FIR202502823,FIR/2823/2025,PS0035,Ballari,2025-08-20 09:36,2025-08-22 18:36,Murder,Dowry Homicide,BNS 103(1),15.226309,76.854188,P000260,P006488,P000084,PI Chetan Kumar,Chargesheeted
FIR202502886,FIR/2886/2025,PS0095,Bengaluru Rural,2025-08-22 19:00,2025-08-22 21:00,Cyber Crime,Financial Fraud,"IT Act 66D, BNS 318(4)",13.106075,77.423236,P003805,P000600,"P001004, P007867",SI Ravi Kumar,Chargesheeted
FIR202502881,FIR/2881/2025,PS0083,Bengaluru Rural,2025-08-22 15:14,2025-08-22 21:14,Murder,Gang Conflict,BNS 103(1),13.249639,77.548808,P001302,P009117,P007798,SI Mahesh Bhat,Untraced
FIR202502825,FIR/2825/2025,PS0004,Bagalkote,2025-08-20 12:28,2025-08-22 21:28,POCSO,Harassment,"POCSO Act Sec 4, BNS 64",16.045947,75.681202,P008205,P004714,P006735,PI Harish Naik,Chargesheeted
FIR202502875,FIR/2875/2025,PS0050,Belagavi,2025-08-22 12:05,2025-08-22 22:05,Fraud,Cheating,BNS 318(4),15.720263,74.322547,P003733,P004289,P006366,SI Mahesh Bhat,Closed
FIR202502877,FIR/2877/2025,PS0038,Ballari,2025-08-22 13:14,2025-08-23 00:14,Dacoity,Armed Dacoity,BNS 310(2),15.055756,77.072988,P001390,P008195,P004702,PI Chetan Kumar,Chargesheeted
FIR202502887,FIR/2887/2025,PS0088,Bengaluru Rural,2025-08-22 19:21,2025-08-23 02:21,Cyber Crime,Financial Fraud,"IT Act 66D, BNS 318(4)",13.052182,77.385114,P008777,P009192,"P000130, P003039",PI Chetan Kumar,Under Investigation
FIR202502879,FIR/2879/2025,PS0030,Ballari,2025-08-22 14:27,2025-08-23 02:27,Assault,Grievous Hurt,"BNS 115(2), BNS 117(2)",15.208281,76.840451,P000270,P006921,P005876,PI Suresh Kulkarni,Closed
FIR202502884,FIR/2884/2025,PS0084,Bengaluru Rural,2025-08-22 17:48,2025-08-23 02:48,POCSO,Harassment,"POCSO Act Sec 4, BNS 64",13.16843,77.573434,P009025,P000876,P009346,SI Divya Hegde,Under Investigation
FIR202502897,FIR/2897/2025,PS0050,Belagavi,2025-08-23 01:47,2025-08-23 03:47,Murder,Personal Enmity,BNS 103(1),15.689537,74.327591,P002661,P004572,P004385,SI Ravi Kumar,Chargesheeted
FIR202502810,FIR/2810/2025,PS0050,Belagavi,2025-08-19 18:49,2025-08-23 04:49,Assault,Public Affray,"BNS 115(2), BNS 117(2)",15.718359,74.327165,P003942,P005270,P004909,PI Harish Naik,Chargesheeted
FIR202502851,FIR/2851/2025,PS0068,Belagavi,2025-08-21 16:58,2025-08-23 04:58,Vehicle Theft,Car Theft,BNS 303(2),16.012671,74.371458,P006793,P003218,P005364,SI Ganesh Rao,Chargesheeted
FIR202502898,FIR/2898/2025,PS0092,Bengaluru Rural,2025-08-23 02:13,2025-08-23 05:13,Dacoity,Armed Dacoity,BNS 310(2),13.049479,77.47739,P001081,P000247,P009588,SI Ganesh Rao,Chargesheeted
FIR202502892,FIR/2892/2025,PS0227,Chamarajanagar,2025-08-22 23:15,2025-08-23 06:15,Fraud,Corporate Fraud,BNS 318(4),11.921409,76.9122,P004072,P003999,P007014,PI Lakshmi Devi,Untraced
FIR202502863,FIR/2863/2025,PS0189,Bidar,2025-08-22 02:22,2025-08-23 07:22,Cyber Crime,Financial Fraud,"IT Act 66D, BNS 318(4)",17.897847,77.364923,P002811,P008773,P007250,SI Divya Hegde,Chargesheeted
FIR202502853,FIR/2853/2025,PS0035,Ballari,2025-08-21 19:34,2025-08-23 07:34,Cyber Crime,Identity Theft,"IT Act 66D, BNS 318(4)",15.23058,76.870464,P002171,P008464,P008794,SI Divya Hegde,Untraced
FIR202502800,FIR/2800/2025,PS0056,Belagavi,2025-08-19 06:38,2025-08-23 09:38,POCSO,Harassment,"POCSO Act Sec 4, BNS 64",15.756997,74.606385,P005085,P009766,"P009024, P002539",SI Ravi Kumar,Chargesheeted
FIR202502891,FIR/2891/2025,PS0040,Ballari,2025-08-22 22:36,2025-08-23 10:36,Theft,House Theft,BNS 303(2),15.30647,76.830369,P006995,P000931,P007905,PI Harish Naik,Untraced
FIR202502862,FIR/2862/2025,PS0013,Bagalkote,2025-08-22 00:23,2025-08-23 11:23,Dacoity,Armed Dacoity,BNS 310(2),16.154941,75.660289,P005620,P007409,P002237,SI Ravi Kumar,Under Investigation
FIR202502903,FIR/2903/2025,PS0040,Ballari,2025-08-23 08:30,2025-08-23 11:30,Theft,Snatching,BNS 303(2),15.330092,76.827095,P004654,P003565,P009330,SI Ravi Kumar,Chargesheeted
FIR202502896,FIR/2896/2025,PS0110,Bengaluru Urban,2025-08-23 01:32,2025-08-23 11:32,Burglary,Night House Breaking,"BNS 331(3), BNS 331(4)",13.152113,77.625258,P004770,P000439,P001341,PI Suresh Kulkarni,Chargesheeted
FIR202502906,FIR/2906/2025,PS0030,Ballari,2025-08-23 11:04,2025-08-23 12:04,Assault,Public Affray,"BNS 115(2), BNS 117(2)",15.199265,76.820492,P007680,P008184,P000525,SI Ravi Kumar,Chargesheeted
FIR202502900,FIR/2900/2025,PS0078,Bengaluru Rural,2025-08-23 05:18,2025-08-23 12:18,Dacoity,Bank Dacoity,BNS 310(2),13.106943,77.542778,P006110,P008794,P007718,SI Ravi Kumar,Chargesheeted
FIR202502894,FIR/2894/2025,PS0005,Bagalkote,2025-08-23 00:51,2025-08-23 12:51,Robbery,Chain Snatching with Force,BNS 309(4),16.131979,75.58029,P006744,P000965,P003392,SI Mahesh Bhat,Under Investigation
FIR202502841,FIR/2841/2025,PS0093,Bengaluru Rural,2025-08-21 05:12,2025-08-23 14:12,Robbery,Chain Snatching with Force,BNS 309(4),13.198342,77.545111,P005697,P006949,P000356,SI Divya Hegde,Under Investigation
FIR202502902,FIR/2902/2025,PS0165,Bidar,2025-08-23 05:46,2025-08-23 14:46,Burglary,Day Burglary,"BNS 331(3), BNS 331(4)",18.035206,77.474942,P000327,P008476,P009465,PI Ramesh Gowda,Under Investigation
FIR202502871,FIR/2871/2025,PS0053,Belagavi,2025-08-22 08:50,2025-08-23 14:50,POCSO,Sexual Assault on Minor,"POCSO Act Sec 4, BNS 64",15.867259,74.314986,P008016,P007653,P006152,PI Suresh Kulkarni,Untraced
FIR202502803,FIR/2803/2025,PS0037,Ballari,2025-08-19 10:06,2025-08-23 16:06,Murder,Personal Enmity,BNS 103(1),15.098223,77.038014,P007583,P005622,P007390,PI Chetan Kumar,Closed
FIR202502880,FIR/2880/2025,PS0095,Bengaluru Rural,2025-08-22 14:44,2025-08-23 16:44,Dacoity,Armed Dacoity,BNS 310(2),13.095469,77.415032,P006948,P008551,P009297,SI Prakash Sharma,Under Investigation
FIR202502901,FIR/2901/2025,PS0094,Bengaluru Rural,2025-08-23 05:22,2025-08-23 17:22,Dacoity,Armed Dacoity,BNS 310(2),13.077536,77.683156,P007971,P004192,P008233,PI Lakshmi Devi,Chargesheeted
FIR202502909,FIR/2909/2025,PS0245,Chikkaballapura,2025-08-23 15:42,2025-08-23 17:42,POCSO,Sexual Assault on Minor,"POCSO Act Sec 4, BNS 64",13.325044,77.791055,P004847,P001534,P009419,PI Lakshmi Devi,Untraced
FIR202502908,FIR/2908/2025,PS0202,Chamarajanagar,2025-08-23 12:00,2025-08-23 18:00,Burglary,Day Burglary,"BNS 331(3), BNS 331(4)",11.920399,76.886578,P002965,P006840,P001918,PI Lakshmi Devi,Under Investigation
FIR202502876,FIR/2876/2025,PS0179,Bidar,2025-08-22 12:49,2025-08-23 19:49,Burglary,Day Burglary,"BNS 331(3), BNS 331(4)",18.104717,77.402066,P006301,P007923,P004651,PI Naveen Patil,Chargesheeted
FIR202502870,FIR/2870/2025,PS0065,Belagavi,2025-08-22 08:35,2025-08-23 20:35,Assault,Grievous Hurt,"BNS 115(2), BNS 117(2)",15.737872,74.416339,P003736,P000881,"P006466, P003691",PI Lakshmi Devi,Under Investigation
FIR202502849,FIR/2849/2025,PS0111,Bengaluru Urban,2025-08-21 15:03,2025-08-23 23:03,Fraud,Land Scam,BNS 318(4),12.79698,77.541642,P009934,P003289,P002451,PI Chetan Kumar,Under Investigation
FIR202502919,FIR/2919/2025,PS0035,Ballari,2025-08-23 23:42,2025-08-24 00:42,Dacoity,Armed Dacoity,BNS 310(2),15.233896,76.872916,P007469,P005030,P003699,PI Harish Naik,Under Investigation
FIR202502885,FIR/2885/2025,PS0150,Bengaluru Urban,2025-08-22 18:17,2025-08-24 03:17,Cyber Crime,Identity Theft,"IT Act 66D, BNS 318(4)",13.096001,77.700387,P007809,P007669,P007054,PI Harish Naik,Under Investigation
FIR202502890,FIR/2890/2025,PS0045,Ballari,2025-08-22 21:18,2025-08-24 03:18,Cyber Crime,Phishing,"IT Act 66D, BNS 318(4)",15.008111,76.884209,P003294,P004278,P008957,PI Ramesh Gowda,Chargesheeted
FIR202502922,FIR/2922/2025,PS0001,Bagalkote,2025-08-24 01:24,2025-08-24 03:24,Burglary,Day Burglary,"BNS 331(3), BNS 331(4)",16.174385,75.573769,P003430,P004221,P006893,SI Divya Hegde,Under Investigation
FIR202502910,FIR/2910/2025,PS0068,Belagavi,2025-08-23 16:33,2025-08-24 04:33,Murder,Gang Conflict,BNS 103(1),16.04301,74.39606,P005216,P006144,P005816,SI Divya Hegde,Chargesheeted
FIR202502914,FIR/2914/2025,PS0086,Bengaluru Rural,2025-08-23 21:08,2025-08-24 06:08,Fraud,Land Scam,BNS 318(4),13.332392,77.495444,P007318,P008791,P006393,SI Divya Hegde,Chargesheeted
FIR202502858,FIR/2858/2025,PS0169,Bidar,2025-08-21 22:30,2025-08-24 06:30,Assault,Grievous Hurt,"BNS 115(2), BNS 117(2)",17.990249,77.708616,P003421,P000356,P002917,SI Prakash Sharma,Under Investigation
FIR202502918,FIR/2918/2025,PS0087,Bengaluru Rural,2025-08-23 23:34,2025-08-24 06:34,Robbery,Chain Snatching with Force,BNS 309(4),13.132786,77.519692,P002864,P001577,P009484,PI Naveen Patil,Chargesheeted
FIR202502817,FIR/2817/2025,PS0102,Bengaluru Rural,2025-08-20 04:19,2025-08-24 07:19,POCSO,Sexual Assault on Minor,"POCSO Act Sec 4, BNS 64",13.111374,77.634823,P006584,P009308,P009338,PI Suresh Kulkarni,Closed
FIR202502926,FIR/2926/2025,PS0034,Ballari,2025-08-24 06:33,2025-08-24 07:33,Vehicle Theft,Car Theft,BNS 303(2),14.999418,77.110529,P004614,P004131,P007027,SI Ravi Kumar,Under Investigation
FIR202502913,FIR/2913/2025,PS0222,Chamarajanagar,2025-08-23 20:26,2025-08-24 08:26,Cyber Crime,Financial Fraud,"IT Act 66D, BNS 318(4)",11.903248,76.739773,P004793,P004738,P008811,PI Naveen Patil,Under Investigation
FIR202502893,FIR/2893/2025,PS0071,Bengaluru Rural,2025-08-22 23:33,2025-08-24 10:33,Assault,Grievous Hurt,"BNS 115(2), BNS 117(2)",13.037147,77.482016,P001405,P009083,P008141,SI Mahesh Bhat,Chargesheeted
FIR202502928,FIR/2928/2025,PS0091,Bengaluru Rural,2025-08-24 10:12,2025-08-24 11:12,NDPS,Possession of Narcotics,NDPS Act Sec 20(b),13.074493,77.635764,P000896,P002019,P002677,PI Harish Naik,Under Investigation
FIR202502921,FIR/2921/2025,PS0118,Bengaluru Urban,2025-08-24 00:17,2025-08-24 12:17,Assault,Public Affray,"BNS 115(2), BNS 117(2)",12.802034,77.68656,P004496,P006001,P000109,PI Suresh Kulkarni,Closed
FIR202502899,FIR/2899/2025,PS0029,Ballari,2025-08-23 04:49,2025-08-24 13:49,Murder,Gang Conflict,BNS 103(1),14.988223,76.896218,P003163,P003315,P000804,PI Suresh Kulkarni,Under Investigation
FIR202502904,FIR/2904/2025,PS0085,Bengaluru Rural,2025-08-23 09:34,2025-08-24 16:34,Murder,Dowry Homicide,BNS 103(1),13.08556,77.4174,P005609,P003512,P007187,PI Suresh Kulkarni,Under Investigation
FIR202502931,FIR/2931/2025,PS0083,Bengaluru Rural,2025-08-24 13:30,2025-08-24 17:30,Dacoity,Bank Dacoity,BNS 310(2),13.261339,77.547154,P000817,P004250,P002124,SI Ravi Kumar,Under Investigation
FIR202502905,FIR/2905/2025,PS0206,Chamarajanagar,2025-08-23 10:49,2025-08-24 17:49,Cyber Crime,Identity Theft,"IT Act 66D, BNS 318(4)",11.836913,77.121838,P009854,P001522,P007880,SI Ganesh Rao,Untraced
FIR202502932,FIR/2932/2025,PS0054,Belagavi,2025-08-24 14:05,2025-08-24 19:05,Burglary,Night House Breaking,"BNS 331(3), BNS 331(4)",15.932714,74.700204,P007360,P002958,P004174,SI Mahesh Bhat,Chargesheeted
FIR202502873,FIR/2873/2025,PS0025,Bagalkote,2025-08-22 09:47,2025-08-24 21:47,NDPS,Possession of Narcotics,NDPS Act Sec 20(b),16.351388,75.838565,P005684,P009894,P005648,PI Suresh Kulkarni,Chargesheeted
FIR202502930,FIR/2930/2025,PS0068,Belagavi,2025-08-24 12:24,2025-08-24 23:24,Cyber Crime,Phishing,"IT Act 66D, BNS 318(4)",16.03795,74.377693,P005714,P007664,P009051,PI Harish Naik,Closed
FIR202502912,FIR/2912/2025,PS0076,Bengaluru Rural,2025-08-23 17:50,2025-08-24 23:50,Robbery,Highway Robbery,BNS 309(4),13.306704,77.760814,P007054,P007211,P003750,SI Mahesh Bhat,Chargesheeted
FIR202502847,FIR/2847/2025,PS0041,Ballari,2025-08-21 13:02,2025-08-25 00:02,Vehicle Theft,Car Theft,BNS 303(2),15.27342,76.894681,P002879,P006166,P007157,PI Harish Naik,Under Investigation
FIR202502941,FIR/2941/2025,PS0102,Bengaluru Rural,2025-08-24 22:35,2025-08-25 01:35,Murder,Dowry Homicide,BNS 103(1),13.120656,77.645002,P002634,P004684,P002351,SI Prakash Sharma,Untraced
FIR202502939,FIR/2939/2025,PS0026,Ballari,2025-08-24 21:05,2025-08-25 02:05,Fraud,Land Scam,BNS 318(4),15.218343,76.969369,P003924,P002738,P007007,SI Ganesh Rao,Under Investigation
FIR202502935,FIR/2935/2025,PS0234,Chamarajanagar,2025-08-24 18:05,2025-08-25 02:05,Fraud,Corporate Fraud,BNS 318(4),12.019209,76.821804,P003170,P006132,P004680,PI Naveen Patil,Chargesheeted
FIR202502934,FIR/2934/2025,PS0154,Bidar,2025-08-24 17:45,2025-08-25 02:45,Assault,Public Affray,"BNS 115(2), BNS 117(2)",17.899496,77.421534,P007618,P008872,P007313,PI Harish Naik,Chargesheeted
FIR202502936,FIR/2936/2025,PS0063,Belagavi,2025-08-24 18:08,2025-08-25 03:08,Dacoity,Armed Dacoity,BNS 310(2),16.002735,74.698211,P004481,P004926,P002862,SI Ganesh Rao,Chargesheeted
FIR202502882,FIR/2882/2025,PS0085,Bengaluru Rural,2025-08-22 16:58,2025-08-25 03:58,Dacoity,Bank Dacoity,BNS 310(2),13.09391,77.411688,P004210,P004065,P009033,PI Lakshmi Devi,Chargesheeted
FIR202502895,FIR/2895/2025,PS0131,Bengaluru Urban,2025-08-23 00:54,2025-08-25 04:54,Vehicle Theft,Car Theft,BNS 303(2),13.017733,77.643025,P004661,P008983,P003973,SI Mahesh Bhat,Under Investigation
FIR202502867,FIR/2867/2025,PS0050,Belagavi,2025-08-22 04:47,2025-08-25 05:47,Vehicle Theft,Two-Wheeler Theft,BNS 303(2),15.705048,74.301924,P004778,P001946,P007524,PI Lakshmi Devi,Chargesheeted
FIR202502889,FIR/2889/2025,PS0016,Bagalkote,2025-08-22 19:45,2025-08-25 06:45,Cyber Crime,Financial Fraud,"IT Act 66D, BNS 318(4)",15.974615,75.661576,P001054,P000575,P009137,PI Harish Naik,Chargesheeted
FIR202502860,FIR/2860/2025,PS0079,Bengaluru Rural,2025-08-21 23:58,2025-08-25 06:58,Murder,Gang Conflict,BNS 103(1),13.104727,77.460417,P005789,P004876,P008210,SI Ravi Kumar,Chargesheeted
FIR202502868,FIR/2868/2025,PS0193,Chamarajanagar,2025-08-22 04:47,2025-08-25 07:47,Fraud,Cheating,BNS 318(4),12.015112,76.872136,P008486,P005986,P002492,SI Divya Hegde,Untraced
FIR202502942,FIR/2942/2025,PS0031,Ballari,2025-08-24 22:53,2025-08-25 07:53,Murder,Gang Conflict,BNS 103(1),14.999512,77.083092,P009071,P002479,P002595,SI Ravi Kumar,Chargesheeted
FIR202502920,FIR/2920/2025,PS0132,Bengaluru Urban,2025-08-24 00:15,2025-08-25 08:15,Fraud,Corporate Fraud,BNS 318(4),13.005956,77.66403,P009302,P005805,P002465,SI Ravi Kumar,Closed
FIR202502944,FIR/2944/2025,PS0047,Belagavi,2025-08-25 04:49,2025-08-25 08:49,Vehicle Theft,Two-Wheeler Theft,BNS 303(2),15.97562,74.529086,P007213,P004020,P003600,PI Harish Naik,Under Investigation
FIR202502915,FIR/2915/2025,PS0037,Ballari,2025-08-23 21:56,2025-08-25 08:56,Dacoity,Armed Dacoity,BNS 310(2),15.094448,77.058983,P005329,P003553,P002923,SI Divya Hegde,Chargesheeted
FIR202502943,FIR/2943/2025,PS0066,Belagavi,2025-08-25 01:16,2025-08-25 09:16,Burglary,Day Burglary,"BNS 331(3), BNS 331(4)",15.935128,74.622888,P002583,P007787,P000428,PI Suresh Kulkarni,Untraced
FIR202502949,FIR/2949/2025,PS0230,Chamarajanagar,2025-08-25 06:32,2025-08-25 09:32,Fraud,Corporate Fraud,BNS 318(4),11.755258,77.056311,P002861,P006004,P005324,PI Lakshmi Devi,Under Investigation
FIR202502923,FIR/2923/2025,PS0193,Chamarajanagar,2025-08-24 03:33,2025-08-25 09:33,Burglary,Night House Breaking,"BNS 331(3), BNS 331(4)",11.986164,76.863654,P005933,P006505,P003877,SI Ravi Kumar,Under Investigation
FIR202502947,FIR/2947/2025,PS0130,Bengaluru Urban,2025-08-25 06:18,2025-08-25 10:18,POCSO,Sexual Assault on Minor,"POCSO Act Sec 4, BNS 64",13.117898,77.47489,P005317,P000875,P001887,PI Naveen Patil,Chargesheeted
FIR202502917,FIR/2917/2025,PS0056,Belagavi,2025-08-23 23:11,2025-08-25 11:11,POCSO,Harassment,"POCSO Act Sec 4, BNS 64",15.75757,74.618003,P004904,P009979,P009704,PI Lakshmi Devi,Chargesheeted
FIR202502907,FIR/2907/2025,PS0101,Bengaluru Rural,2025-08-23 11:29,2025-08-25 14:29,POCSO,Harassment,"POCSO Act Sec 4, BNS 64",13.251365,77.744261,P007519,P005743,P001106,SI Divya Hegde,Chargesheeted
FIR202502946,FIR/2946/2025,PS0025,Bagalkote,2025-08-25 05:12,2025-08-25 15:12,Cyber Crime,Identity Theft,"IT Act 66D, BNS 318(4)",16.331772,75.852287,P000311,P002822,P001440,SI Mahesh Bhat,Closed
FIR202502925,FIR/2925/2025,PS0053,Belagavi,2025-08-24 04:53,2025-08-25 16:53,Vehicle Theft,Two-Wheeler Theft,BNS 303(2),15.856179,74.312629,P006121,P009018,P002596,PI Naveen Patil,Chargesheeted
FIR202502957,FIR/2957/2025,PS0087,Bengaluru Rural,2025-08-25 15:09,2025-08-25 18:09,Murder,Gang Conflict,BNS 103(1),13.145515,77.504761,P007137,P003826,P009734,SI Mahesh Bhat,Under Investigation
FIR202502878,FIR/2878/2025,PS0186,Bidar,2025-08-22 13:56,2025-08-25 18:56,Burglary,Night House Breaking,"BNS 331(3), BNS 331(4)",17.733548,77.490821,P005843,P001916,P007089,SI Mahesh Bhat,Under Investigation
FIR202502959,FIR/2959/2025,PS0045,Ballari,2025-08-25 16:01,2025-08-25 19:01,Fraud,Land Scam,BNS 318(4),14.989099,76.891882,P001071,P008402,P008613,PI Naveen Patil,Chargesheeted
FIR202502888,FIR/2888/2025,PS0129,Bengaluru Urban,2025-08-22 19:37,2025-08-25 21:37,Vehicle Theft,Two-Wheeler Theft,BNS 303(2),12.784021,77.786022,P002096,P008284,P007228,SI Ganesh Rao,Chargesheeted
FIR202502964,FIR/2964/2025,PS0184,Bidar,2025-08-25 20:55,2025-08-25 21:55,Murder,Personal Enmity,BNS 103(1),17.924874,77.602308,P006404,P007656,P006309,PI Lakshmi Devi,Untraced
FIR202502952,FIR/2952/2025,PS0034,Ballari,2025-08-25 11:59,2025-08-25 22:59,Fraud,Cheating,BNS 318(4),15.012238,77.103764,P006891,P004329,P006942,PI Lakshmi Devi,Chargesheeted
FIR202502956,FIR/2956/2025,PS0074,Bengaluru Rural,2025-08-25 14:53,2025-08-25 23:53,Fraud,Corporate Fraud,BNS 318(4),13.175283,77.557683,P003781,P006276,P000287,SI Ravi Kumar,Closed
FIR202502916,FIR/2916/2025,PS0092,Bengaluru Rural,2025-08-23 21:58,2025-08-25 23:58,POCSO,Harassment,"POCSO Act Sec 4, BNS 64",13.078244,77.481644,P009567,P009816,P007485,PI Harish Naik,Chargesheeted
FIR202502955,FIR/2955/2025,PS0005,Bagalkote,2025-08-25 14:14,2025-08-26 00:14,POCSO,Harassment,"POCSO Act Sec 4, BNS 64",16.151695,75.566824,P003190,P000443,P005565,PI Harish Naik,Chargesheeted
FIR202502961,FIR/2961/2025,PS0117,Bengaluru Urban,2025-08-25 18:35,2025-08-26 00:35,Fraud,Land Scam,BNS 318(4),13.104673,77.798363,P009199,P006659,"P004105, P004220",SI Prakash Sharma,Chargesheeted
FIR202502854,FIR/2854/2025,PS0087,Bengaluru Rural,2025-08-21 19:56,2025-08-26 00:56,Cyber Crime,Phishing,"IT Act 66D, BNS 318(4)",13.142013,77.501865,P008830,P007049,P001389,SI Ravi Kumar,Chargesheeted
FIR202502911,FIR/2911/2025,PS0163,Bidar,2025-08-23 16:58,2025-08-26 00:58,Theft,House Theft,BNS 303(2),17.930301,77.587613,P003814,P002934,"P008310, P007093",PI Lakshmi Devi,Chargesheeted
FIR202502960,FIR/2960/2025,PS0072,Bengaluru Rural,2025-08-25 16:22,2025-08-26 02:22,POCSO,Sexual Assault on Minor,"POCSO Act Sec 4, BNS 64",13.307109,77.625966,P008710,P003769,P000953,PI Harish Naik,Untraced
FIR202502883,FIR/2883/2025,PS0108,Bengaluru Rural,2025-08-22 17:29,2025-08-26 03:29,Cyber Crime,Financial Fraud,"IT Act 66D, BNS 318(4)",13.200665,77.465439,P003354,P001830,P009418,PI Harish Naik,Under Investigation
FIR202502938,FIR/2938/2025,PS0239,Chikkaballapura,2025-08-24 18:44,2025-08-26 03:44,Fraud,Corporate Fraud,BNS 318(4),13.444382,77.660356,P003247,P003939,P006392,SI Ravi Kumar,Chargesheeted
FIR202502857,FIR/2857/2025,PS0069,Belagavi,2025-08-21 21:08,2025-08-26 04:08,Burglary,Day Burglary,"BNS 331(3), BNS 331(4)",15.825313,74.328716,P003555,P005138,P001492,SI Mahesh Bhat,Under Investigation
FIR202502924,FIR/2924/2025,PS0049,Belagavi,2025-08-24 04:17,2025-08-26 06:17,Fraud,Corporate Fraud,BNS 318(4),15.929606,74.526503,P005549,P007762,P001580,PI Suresh Kulkarni,Under Investigation
FIR202502969,FIR/2969/2025,PS0228,Chamarajanagar,2025-08-25 23:30,2025-08-26 06:30,NDPS,Drug Trafficking,NDPS Act Sec 20(b),12.110864,77.103214,P008880,P000279,P006103,SI Ganesh Rao,Chargesheeted
FIR202502940,FIR/2940/2025,PS0102,Bengaluru Rural,2025-08-24 22:12,2025-08-26 09:12,POCSO,Sexual Assault on Minor,"POCSO Act Sec 4, BNS 64",13.098599,77.628695,P001169,P000060,P004661,PI Suresh Kulkarni,Chargesheeted
FIR202502948,FIR/2948/2025,PS0041,Ballari,2025-08-25 06:26,2025-08-26 10:26,Robbery,Chain Snatching with Force,BNS 309(4),15.262917,76.915141,P006346,P004725,P001979,SI Prakash Sharma,Under Investigation
FIR202502973,FIR/2973/2025,PS0027,Ballari,2025-08-26 03:15,2025-08-26 11:15,Murder,Personal Enmity,BNS 103(1),15.039888,77.085787,P002406,P000637,P004841,SI Ganesh Rao,Chargesheeted
FIR202502976,FIR/2976/2025,PS0092,Bengaluru Rural,2025-08-26 11:07,2025-08-26 12:07,Theft,Snatching,BNS 303(2),13.079088,77.466884,P009308,P001382,P007623,PI Chetan Kumar,Under Investigation
FIR202502950,FIR/2950/2025,PS0084,Bengaluru Rural,2025-08-25 09:18,2025-08-26 12:18,Cyber Crime,Identity Theft,"IT Act 66D, BNS 318(4)",13.147988,77.545892,P006060,P002651,P006648,SI Divya Hegde,Under Investigation
FIR202502972,FIR/2972/2025,PS0161,Bidar,2025-08-26 03:00,2025-08-26 14:00,Cyber Crime,Identity Theft,"IT Act 66D, BNS 318(4)",17.975888,77.524705,P007997,P000796,P009095,PI Chetan Kumar,Under Investigation
FIR202502951,FIR/2951/2025,PS0174,Bidar,2025-08-25 11:43,2025-08-26 14:43,Vehicle Theft,Two-Wheeler Theft,BNS 303(2),17.860473,77.567085,P009659,P000469,"P002157, P000041",SI Mahesh Bhat,Under Investigation
FIR202502954,FIR/2954/2025,PS0195,Chamarajanagar,2025-08-25 13:07,2025-08-26 15:07,Dacoity,Armed Dacoity,BNS 310(2),11.8826,77.049037,P002743,P007229,P006607,SI Divya Hegde,Under Investigation
FIR202502982,FIR/2982/2025,PS0048,Belagavi,2025-08-26 14:37,2025-08-26 15:37,Burglary,Night House Breaking,"BNS 331(3), BNS 331(4)",15.732884,74.501973,P005825,P001987,P007168,PI Ramesh Gowda,Under Investigation
FIR202502945,FIR/2945/2025,PS0048,Belagavi,2025-08-25 05:06,2025-08-26 16:06,Cyber Crime,Financial Fraud,"IT Act 66D, BNS 318(4)",15.737305,74.502013,P009862,P006301,P008815,PI Harish Naik,Chargesheeted
FIR202502984,FIR/2984/2025,PS0162,Bidar,2025-08-26 15:48,2025-08-26 16:48,NDPS,Drug Trafficking,NDPS Act Sec 20(b),17.996341,77.464359,P002846,P007254,P001573,PI Suresh Kulkarni,Chargesheeted
FIR202502980,FIR/2980/2025,PS0057,Belagavi,2025-08-26 13:50,2025-08-26 20:50,Burglary,Day Burglary,"BNS 331(3), BNS 331(4)",15.681499,74.425654,P001679,P004481,P006416,SI Ravi Kumar,Chargesheeted
FIR202502958,FIR/2958/2025,PS0049,Belagavi,2025-08-25 15:12,2025-08-26 21:12,Dacoity,Bank Dacoity,BNS 310(2),15.904102,74.528308,P006958,P001218,P002261,PI Lakshmi Devi,Under Investigation
FIR202502975,FIR/2975/2025,PS0107,Bengaluru Rural,2025-08-26 11:02,2025-08-26 22:02,Vehicle Theft,Car Theft,BNS 303(2),13.1291,77.422861,P009295,P004601,P004613,PI Ramesh Gowda,Under Investigation
FIR202502953,FIR/2953/2025,PS0030,Ballari,2025-08-25 12:25,2025-08-26 23:25,Assault,Grievous Hurt,"BNS 115(2), BNS 117(2)",15.197619,76.834354,P007254,P008754,P007613,PI Chetan Kumar,Chargesheeted
FIR202502986,FIR/2986/2025,PS0133,Bengaluru Urban,2025-08-26 16:39,2025-08-27 00:39,Vehicle Theft,Two-Wheeler Theft,BNS 303(2),12.996332,77.5238,P003914,P002255,P003349,SI Divya Hegde,Under Investigation
FIR202502989,FIR/2989/2025,PS0005,Bagalkote,2025-08-26 19:57,2025-08-27 00:57,Robbery,Chain Snatching with Force,BNS 309(4),16.140727,75.569981,P006993,P004526,P002575,PI Suresh Kulkarni,Chargesheeted
FIR202502981,FIR/2981/2025,PS0058,Belagavi,2025-08-26 14:23,2025-08-27 01:23,POCSO,Harassment,"POCSO Act Sec 4, BNS 64",15.713549,74.39429,P005396,P003782,P005441,SI Ravi Kumar,Chargesheeted
FIR202502996,FIR/2996/2025,PS0004,Bagalkote,2025-08-26 23:29,2025-08-27 01:29,POCSO,Sexual Assault on Minor,"POCSO Act Sec 4, BNS 64",16.043799,75.696316,P002823,P002512,P004691,SI Prakash Sharma,Untraced
FIR202502988,FIR/2988/2025,PS0030,Ballari,2025-08-26 18:16,2025-08-27 02:16,Burglary,Night House Breaking,"BNS 331(3), BNS 331(4)",15.176286,76.825212,P008233,P008870,P005544,PI Harish Naik,Chargesheeted
FIR202502997,FIR/2997/2025,PS0166,Bidar,2025-08-26 23:54,2025-08-27 03:54,Burglary,Night House Breaking,"BNS 331(3), BNS 331(4)",17.813426,77.50192,P004410,P001955,"P002848, P000891",PI Ramesh Gowda,Under Investigation
FIR202502995,FIR/2995/2025,PS0080,Bengaluru Rural,2025-08-26 23:07,2025-08-27 04:07,Dacoity,Armed Dacoity,BNS 310(2),13.394093,77.581916,P007875,P008748,P002936,PI Ramesh Gowda,Under Investigation
FIR202502970,FIR/2970/2025,PS0091,Bengaluru Rural,2025-08-26 00:00,2025-08-27 05:00,Robbery,Highway Robbery,BNS 309(4),13.073388,77.639088,P005349,P009954,P009906,PI Naveen Patil,Chargesheeted
FIR202503006,FIR/3006/2025,PS0036,Ballari,2025-08-27 05:01,2025-08-27 06:01,Cyber Crime,Financial Fraud,"IT Act 66D, BNS 318(4)",15.266811,76.759367,P008152,P003998,P004352,PI Lakshmi Devi,Under Investigation
FIR202502999,FIR/2999/2025,PS0227,Chamarajanagar,2025-08-27 00:41,2025-08-27 06:41,Fraud,Corporate Fraud,BNS 318(4),11.891459,76.928859,P008024,P006633,P005521,PI Harish Naik,Chargesheeted
FIR202503000,FIR/3000/2025,PS0188,Bidar,2025-08-27 03:42,2025-08-27 06:42,Murder,Gang Conflict,BNS 103(1),17.950506,77.688731,P003440,P006168,P006435,PI Harish Naik,Under Investigation
FIR202503004,FIR/3004/2025,PS0169,Bidar,2025-08-27 04:51,2025-08-27 06:51,Murder,Personal Enmity,BNS 103(1),18.003373,77.69626,P003008,P005666,P008982,SI Prakash Sharma,Under Investigation
FIR202503007,FIR/3007/2025,PS0050,Belagavi,2025-08-27 06:11,2025-08-27 07:11,Dacoity,Armed Dacoity,BNS 310(2),15.710179,74.320547,P003739,P007557,P008733,PI Chetan Kumar,Chargesheeted
FIR202502994,FIR/2994/2025,PS0085,Bengaluru Rural,2025-08-26 23:01,2025-08-27 09:01,Cyber Crime,Identity Theft,"IT Act 66D, BNS 318(4)",13.118395,77.435226,P004637,P007190,P002411,SI Ravi Kumar,Chargesheeted
FIR202503002,FIR/3002/2025,PS0235,Chikkaballapura,2025-08-27 04:13,2025-08-27 09:13,Dacoity,Armed Dacoity,BNS 310(2),13.307123,77.559122,P004283,P007654,P001337,SI Ganesh Rao,Chargesheeted
FIR202503008,FIR/3008/2025,PS0188,Bidar,2025-08-27 06:54,2025-08-27 09:54,Fraud,Corporate Fraud,BNS 318(4),17.943541,77.685394,P006510,P008737,P002007,PI Naveen Patil,Under Investigation
FIR202502971,FIR/2971/2025,PS0221,Chamarajanagar,2025-08-26 00:18,2025-08-27 11:18,Robbery,Chain Snatching with Force,BNS 309(4),12.035767,77.092566,P004208,P006313,P006861,PI Harish Naik,Under Investigation
FIR202503009,FIR/3009/2025,PS0062,Belagavi,2025-08-27 07:30,2025-08-27 12:30,Murder,Personal Enmity,BNS 103(1),15.760111,74.501034,P007650,P006319,P007557,PI Chetan Kumar,Chargesheeted
FIR202502977,FIR/2977/2025,PS0006,Bagalkote,2025-08-26 11:16,2025-08-27 14:16,POCSO,Harassment,"POCSO Act Sec 4, BNS 64",16.38914,75.769,P007145,P002811,P001537,SI Divya Hegde,Under Investigation
FIR202503012,FIR/3012/2025,PS0136,Bengaluru Urban,2025-08-27 10:52,2025-08-27 15:52,Fraud,Cheating,BNS 318(4),12.810508,77.609214,P001989,P009481,P005227,PI Lakshmi Devi,Chargesheeted
FIR202502979,FIR/2979/2025,PS0195,Chamarajanagar,2025-08-26 13:39,2025-08-27 17:39,Robbery,Highway Robbery,BNS 309(4),11.87749,77.071157,P009537,P004244,P003431,SI Ganesh Rao,Under Investigation
FIR202502929,FIR/2929/2025,PS0012,Bagalkote,2025-08-24 11:51,2025-08-27 17:51,Cyber Crime,Financial Fraud,"IT Act 66D, BNS 318(4)",16.256962,75.803915,P005419,P000430,P006885,PI Ramesh Gowda,Chargesheeted
FIR202502933,FIR/2933/2025,PS0068,Belagavi,2025-08-24 14:59,2025-08-27 17:59,Theft,Pocket Pick,BNS 303(2),16.033973,74.365816,P007516,P001836,P007036,PI Chetan Kumar,Under Investigation
FIR202502937,FIR/2937/2025,PS0082,Bengaluru Rural,2025-08-24 18:10,2025-08-27 19:10,Robbery,Highway Robbery,BNS 309(4),13.359676,77.398274,P008295,P001360,P007409,PI Naveen Patil,Chargesheeted
FIR202503010,FIR/3010/2025,PS0022,Bagalkote,2025-08-27 08:23,2025-08-27 20:23,Murder,Dowry Homicide,BNS 103(1),16.23843,75.628255,P007944,P009262,P006609,SI Ganesh Rao,Under Investigation
FIR202502963,FIR/2963/2025,PS0153,Bidar,2025-08-25 20:10,2025-08-27 21:10,Fraud,Land Scam,BNS 318(4),17.754101,77.357356,P005616,P003032,P007974,PI Ramesh Gowda,Under Investigation
FIR202503014,FIR/3014/2025,PS0136,Bengaluru Urban,2025-08-27 16:15,2025-08-27 22:15,POCSO,Sexual Assault on Minor,"POCSO Act Sec 4, BNS 64",12.835048,77.601376,P006280,P007054,P001993,SI Prakash Sharma,Chargesheeted
FIR202502966,FIR/2966/2025,PS0144,Bengaluru Urban,2025-08-25 22:10,2025-08-27 23:10,Murder,Gang Conflict,BNS 103(1),12.842247,77.567861,P003644,P008605,"P006847, P005516",SI Ravi Kumar,Chargesheeted
FIR202503016,FIR/3016/2025,PS0073,Bengaluru Rural,2025-08-27 19:53,2025-08-28 00:53,Vehicle Theft,Car Theft,BNS 303(2),13.339811,77.615999,P003181,P003413,P002036,SI Prakash Sharma,Under Investigation
FIR202502967,FIR/2967/2025,PS0057,Belagavi,2025-08-25 22:22,2025-08-28 02:22,Theft,Snatching,BNS 303(2),15.698181,74.423636,P004307,P007519,P009458,PI Ramesh Gowda,Under Investigation
FIR202502991,FIR/2991/2025,PS0144,Bengaluru Urban,2025-08-26 22:09,2025-08-28 03:09,Vehicle Theft,Two-Wheeler Theft,BNS 303(2),12.843386,77.576225,P005752,P009399,P009097,PI Chetan Kumar,Under Investigation
FIR202502990,FIR/2990/2025,PS0206,Chamarajanagar,2025-08-26 21:59,2025-08-28 05:59,Burglary,Day Burglary,"BNS 331(3), BNS 331(4)",11.845312,77.122512,P008399,P009450,P007214,SI Mahesh Bhat,Chargesheeted
FIR202503018,FIR/3018/2025,PS0213,Chamarajanagar,2025-08-27 20:51,2025-08-28 06:51,Cyber Crime,Phishing,"IT Act 66D, BNS 318(4)",12.052648,76.941718,P006726,P005155,P003699,PI Ramesh Gowda,Chargesheeted
FIR202502998,FIR/2998/2025,PS0108,Bengaluru Rural,2025-08-27 00:37,2025-08-28 07:37,NDPS,Possession of Narcotics,NDPS Act Sec 20(b),13.192109,77.445336,P002161,P000489,P004233,PI Ramesh Gowda,Under Investigation
FIR202503003,FIR/3003/2025,PS0176,Bidar,2025-08-27 04:26,2025-08-28 10:26,Cyber Crime,Phishing,"IT Act 66D, BNS 318(4)",17.74416,77.530907,P001172,P001497,P003182,SI Ganesh Rao,Under Investigation
FIR202503011,FIR/3011/2025,PS0206,Chamarajanagar,2025-08-27 08:26,2025-08-28 11:26,Burglary,Night House Breaking,"BNS 331(3), BNS 331(4)",11.823132,77.104047,P005173,P003594,P009064,SI Prakash Sharma,Untraced
FIR202503022,FIR/3022/2025,PS0179,Bidar,2025-08-28 07:13,2025-08-28 12:13,Assault,Simple Assault,"BNS 115(2), BNS 117(2)",18.077639,77.377738,P008088,P002393,P007887,PI Harish Naik,Under Investigation
FIR202502983,FIR/2983/2025,PS0185,Bidar,2025-08-26 14:51,2025-08-28 15:51,Vehicle Theft,Two-Wheeler Theft,BNS 303(2),17.882038,77.512885,P002894,P001408,P001140,SI Divya Hegde,Under Investigation
FIR202503005,FIR/3005/2025,PS0039,Ballari,2025-08-27 04:57,2025-08-28 16:57,Fraud,Corporate Fraud,BNS 318(4),15.349464,76.943951,P000682,P003238,P007146,SI Prakash Sharma,Chargesheeted
FIR202503025,FIR/3025/2025,PS0067,Belagavi,2025-08-28 14:47,2025-08-28 17:47,NDPS,Possession of Narcotics,NDPS Act Sec 20(b),15.861253,74.70797,P008166,P002578,"P001161, P001904",SI Prakash Sharma,Chargesheeted
FIR202503015,FIR/3015/2025,PS0048,Belagavi,2025-08-27 17:08,2025-08-28 18:08,Burglary,Night House Breaking,"BNS 331(3), BNS 331(4)",15.728557,74.497743,P005350,P006068,P003618,PI Naveen Patil,Under Investigation
FIR202502927,FIR/2927/2025,PS0099,Bengaluru Rural,2025-08-24 09:26,2025-08-28 21:26,Robbery,Chain Snatching with Force,BNS 309(4),13.26688,77.698153,P009184,P009932,P008740,SI Divya Hegde,Untraced
FIR202502962,FIR/2962/2025,PS0122,Bengaluru Urban,2025-08-25 19:56,2025-08-28 21:56,Cyber Crime,Financial Fraud,"IT Act 66D, BNS 318(4)",13.124902,77.554293,P006524,P007913,P009028,PI Ramesh Gowda,Chargesheeted
FIR202503024,FIR/3024/2025,PS0064,Belagavi,2025-08-28 14:34,2025-08-28 23:34,Robbery,Highway Robbery,BNS 309(4),15.922665,74.349414,P005654,P004891,P006867,PI Naveen Patil,Chargesheeted
FIR202503027,FIR/3027/2025,PS0237,Chikkaballapura,2025-08-28 19:00,2025-08-29 02:00,Assault,Grievous Hurt,"BNS 115(2), BNS 117(2)",13.360315,77.663263,P001885,P004751,P009103,PI Naveen Patil,Under Investigation
FIR202502992,FIR/2992/2025,PS0046,Belagavi,2025-08-26 22:38,2025-08-29 03:38,POCSO,Sexual Assault on Minor,"POCSO Act Sec 4, BNS 64",15.766427,74.524608,P005515,P006553,P007986,SI Prakash Sharma,Under Investigation
FIR202503031,FIR/3031/2025,PS0059,Belagavi,2025-08-29 02:34,2025-08-29 07:34,Burglary,Night House Breaking,"BNS 331(3), BNS 331(4)",15.796038,74.51019,P007249,P002812,P002571,SI Ravi Kumar,Chargesheeted
FIR202503017,FIR/3017/2025,PS0226,Chamarajanagar,2025-08-27 20:03,2025-08-29 08:03,Murder,Gang Conflict,BNS 103(1),11.744526,77.011447,P009667,P003287,P006856,PI Suresh Kulkarni,Chargesheeted
FIR202502968,FIR/2968/2025,PS0216,Chamarajanagar,2025-08-25 23:21,2025-08-29 10:21,Cyber Crime,Financial Fraud,"IT Act 66D, BNS 318(4)",11.77038,76.952099,P003419,P000033,P004089,SI Mahesh Bhat,Chargesheeted
FIR202503032,FIR/3032/2025,PS0068,Belagavi,2025-08-29 02:41,2025-08-29 11:41,NDPS,Possession of Narcotics,NDPS Act Sec 20(b),16.026397,74.375948,P007709,P008272,P003289,SI Ravi Kumar,Under Investigation
FIR202502974,FIR/2974/2025,PS0134,Bengaluru Urban,2025-08-26 04:19,2025-08-29 12:19,NDPS,Possession of Narcotics,NDPS Act Sec 20(b),12.796972,77.637612,P007721,P008066,P002461,PI Harish Naik,Chargesheeted
FIR202503035,FIR/3035/2025,PS0059,Belagavi,2025-08-29 08:41,2025-08-29 12:41,Fraud,Land Scam,BNS 318(4),15.831773,74.513568,P002345,P007420,P009274,PI Suresh Kulkarni,Under Investigation
FIR202503023,FIR/3023/2025,PS0200,Chamarajanagar,2025-08-28 07:46,2025-08-29 14:46,Burglary,Night House Breaking,"BNS 331(3), BNS 331(4)",11.797168,77.014741,P000179,P004690,P002445,SI Ravi Kumar,Closed
FIR202503038,FIR/3038/2025,PS0193,Chamarajanagar,2025-08-29 11:58,2025-08-29 16:58,Assault,Public Affray,"BNS 115(2), BNS 117(2)",11.992251,76.838676,P000227,P005194,P002173,SI Mahesh Bhat,Chargesheeted
FIR202502965,FIR/2965/2025,PS0142,Bengaluru Urban,2025-08-25 21:30,2025-08-29 23:30,Cyber Crime,Identity Theft,"IT Act 66D, BNS 318(4)",13.109742,77.771185,P004322,P002823,P006945,PI Naveen Patil,Chargesheeted
FIR202503037,FIR/3037/2025,PS0141,Bengaluru Urban,2025-08-29 11:51,2025-08-29 23:51,Cyber Crime,Identity Theft,"IT Act 66D, BNS 318(4)",12.861378,77.407736,P003335,P006130,P005401,PI Harish Naik,Under Investigation
FIR202503041,FIR/3041/2025,PS0040,Ballari,2025-08-29 18:12,2025-08-30 01:12,Vehicle Theft,Car Theft,BNS 303(2),15.341404,76.809878,P006080,P005765,"P009191, P000838",PI Harish Naik,Under Investigation
FIR202503046,FIR/3046/2025,PS0068,Belagavi,2025-08-29 19:53,2025-08-30 01:53,Fraud,Corporate Fraud,BNS 318(4),16.03852,74.358734,P002043,P002685,P001109,PI Harish Naik,Chargesheeted
FIR202503044,FIR/3044/2025,PS0166,Bidar,2025-08-29 19:00,2025-08-30 03:00,Theft,House Theft,BNS 303(2),17.819757,77.480629,P001549,P002884,P000557,SI Mahesh Bhat,Under Investigation
FIR202503029,FIR/3029/2025,PS0223,Chamarajanagar,2025-08-28 22:03,2025-08-30 05:03,Vehicle Theft,Two-Wheeler Theft,BNS 303(2),11.841225,76.774331,P006424,P008005,P000586,PI Chetan Kumar,Under Investigation
FIR202503042,FIR/3042/2025,PS0048,Belagavi,2025-08-29 18:15,2025-08-30 05:15,Murder,Gang Conflict,BNS 103(1),15.719376,74.49393,P001819,P003345,P003073,SI Ganesh Rao,Under Investigation
FIR202503047,FIR/3047/2025,PS0065,Belagavi,2025-08-29 20:00,2025-08-30 08:00,Theft,House Theft,BNS 303(2),15.748742,74.435292,P000689,P003490,"P009893, P002161",SI Ravi Kumar,Under Investigation
FIR202503048,FIR/3048/2025,PS0233,Chamarajanagar,2025-08-29 22:03,2025-08-30 09:03,POCSO,Sexual Assault on Minor,"POCSO Act Sec 4, BNS 64",11.739028,76.828325,P001300,P008944,P004466,SI Ganesh Rao,Chargesheeted
FIR202503033,FIR/3033/2025,PS0065,Belagavi,2025-08-29 03:11,2025-08-30 12:11,Murder,Dowry Homicide,BNS 103(1),15.746025,74.427533,P002063,P000357,P006606,PI Lakshmi Devi,Untraced
FIR202503001,FIR/3001/2025,PS0235,Chikkaballapura,2025-08-27 04:08,2025-08-30 16:08,Cyber Crime,Financial Fraud,"IT Act 66D, BNS 318(4)",13.304971,77.56038,P001303,P009328,P007489,PI Suresh Kulkarni,Chargesheeted
FIR202503053,FIR/3053/2025,PS0016,Bagalkote,2025-08-30 15:54,2025-08-30 19:54,Cyber Crime,Identity Theft,"IT Act 66D, BNS 318(4)",15.996049,75.665112,P002265,P007035,P007463,SI Ganesh Rao,Untraced
FIR202503039,FIR/3039/2025,PS0069,Belagavi,2025-08-29 12:22,2025-08-30 20:22,Robbery,Chain Snatching with Force,BNS 309(4),15.828039,74.330216,P008902,P002029,P006691,PI Chetan Kumar,Under Investigation
FIR202502987,FIR/2987/2025,PS0062,Belagavi,2025-08-26 16:48,2025-08-30 22:48,Vehicle Theft,Car Theft,BNS 303(2),15.775086,74.495207,P007185,P002910,P005228,SI Prakash Sharma,Under Investigation
FIR202503055,FIR/3055/2025,PS0132,Bengaluru Urban,2025-08-31 00:21,2025-08-31 02:21,Vehicle Theft,Two-Wheeler Theft,BNS 303(2),12.998529,77.651585,P004163,P006100,P002499,PI Suresh Kulkarni,Chargesheeted
FIR202503049,FIR/3049/2025,PS0032,Ballari,2025-08-29 22:47,2025-08-31 03:47,Assault,Grievous Hurt,"BNS 115(2), BNS 117(2)",15.180309,76.877203,P002071,P005432,P001180,PI Ramesh Gowda,Chargesheeted
FIR202503056,FIR/3056/2025,PS0027,Ballari,2025-08-31 02:14,2025-08-31 05:14,Assault,Simple Assault,"BNS 115(2), BNS 117(2)",15.047333,77.096651,P003214,P000879,P009390,PI Suresh Kulkarni,Chargesheeted
FIR202503020,FIR/3020/2025,PS0050,Belagavi,2025-08-27 23:52,2025-08-31 09:52,Dacoity,Bank Dacoity,BNS 310(2),15.721891,74.322732,P003326,P002646,P009324,PI Suresh Kulkarni,Chargesheeted
FIR202503030,FIR/3030/2025,PS0067,Belagavi,2025-08-29 00:46,2025-08-31 10:46,NDPS,Drug Trafficking,NDPS Act Sec 20(b),15.861005,74.70796,P009683,P006000,P000951,PI Lakshmi Devi,Under Investigation
FIR202503050,FIR/3050/2025,PS0091,Bengaluru Rural,2025-08-30 09:04,2025-08-31 12:04,POCSO,Sexual Assault on Minor,"POCSO Act Sec 4, BNS 64",13.062897,77.608652,P009683,P002735,"P007821, P009869",PI Suresh Kulkarni,Under Investigation
FIR202502978,FIR/2978/2025,PS0105,Bengaluru Rural,2025-08-26 11:26,2025-08-31 12:26,Robbery,Chain Snatching with Force,BNS 309(4),13.139589,77.648738,P009294,P005728,P005883,SI Mahesh Bhat,Under Investigation
FIR202503021,FIR/3021/2025,PS0047,Belagavi,2025-08-28 00:26,2025-08-31 12:26,NDPS,Possession of Narcotics,NDPS Act Sec 20(b),15.973184,74.543703,P005501,P002283,P006342,PI Ramesh Gowda,Under Investigation
FIR202503034,FIR/3034/2025,PS0121,Bengaluru Urban,2025-08-29 07:41,2025-08-31 13:41,Vehicle Theft,Two-Wheeler Theft,BNS 303(2),13.064936,77.481452,P001959,P008425,"P003618, P003197",SI Ravi Kumar,Under Investigation
FIR202503057,FIR/3057/2025,PS0043,Ballari,2025-08-31 05:11,2025-08-31 15:11,Cyber Crime,Financial Fraud,"IT Act 66D, BNS 318(4)",14.952104,76.990038,P007338,P002561,P003494,PI Lakshmi Devi,Chargesheeted
FIR202502985,FIR/2985/2025,PS0045,Ballari,2025-08-26 16:35,2025-08-31 17:35,Cyber Crime,Identity Theft,"IT Act 66D, BNS 318(4)",14.973526,76.894191,P000222,P000167,P004328,PI Chetan Kumar,Under Investigation
FIR202503013,FIR/3013/2025,PS0025,Bagalkote,2025-08-27 11:48,2025-08-31 18:48,POCSO,Harassment,"POCSO Act Sec 4, BNS 64",16.348993,75.864114,P009987,P008109,P007956,SI Divya Hegde,Chargesheeted
FIR202503026,FIR/3026/2025,PS0019,Bagalkote,2025-08-28 17:02,2025-08-31 20:02,Murder,Dowry Homicide,BNS 103(1),16.049814,75.871935,P007386,P002997,"P000615, P000437",PI Naveen Patil,Under Investigation
FIR202503043,FIR/3043/2025,PS0163,Bidar,2025-08-29 18:51,2025-08-31 21:51,Cyber Crime,Phishing,"IT Act 66D, BNS 318(4)",17.942788,77.588563,P002413,P005606,P008026,PI Naveen Patil,Chargesheeted
FIR202502993,FIR/2993/2025,PS0130,Bengaluru Urban,2025-08-26 22:51,2025-09-01 01:51,Fraud,Cheating,BNS 318(4),13.122653,77.466276,P005261,P009102,P003088,SI Mahesh Bhat,Chargesheeted
FIR202503040,FIR/3040/2025,PS0028,Ballari,2025-08-29 15:33,2025-09-01 02:33,Robbery,Highway Robbery,BNS 309(4),15.020402,76.841465,P005967,P004251,P001965,SI Prakash Sharma,Chargesheeted
FIR202503045,FIR/3045/2025,PS0216,Chamarajanagar,2025-08-29 19:40,2025-09-01 02:40,POCSO,Sexual Assault on Minor,"POCSO Act Sec 4, BNS 64",11.736814,76.963727,P002051,P001434,P005264,SI Prakash Sharma,Untraced
FIR202503028,FIR/3028/2025,PS0085,Bengaluru Rural,2025-08-28 19:46,2025-09-01 02:46,Burglary,Day Burglary,"BNS 331(3), BNS 331(4)",13.116618,77.426193,P007397,P006862,P004440,PI Harish Naik,Chargesheeted
FIR202503064,FIR/3064/2025,PS0133,Bengaluru Urban,2025-08-31 19:43,2025-09-01 04:43,Cyber Crime,Phishing,"IT Act 66D, BNS 318(4)",13.000592,77.527512,P007355,P005617,P003224,PI Harish Naik,Chargesheeted
FIR202503063,FIR/3063/2025,PS0043,Ballari,2025-08-31 18:29,2025-09-01 05:29,Burglary,Day Burglary,"BNS 331(3), BNS 331(4)",14.96777,76.971292,P001389,P001061,P003930,SI Ganesh Rao,Chargesheeted
FIR202503066,FIR/3066/2025,PS0053,Belagavi,2025-09-01 00:11,2025-09-01 10:11,Cyber Crime,Phishing,"IT Act 66D, BNS 318(4)",15.851353,74.332705,P005166,P001727,P009079,PI Chetan Kumar,Under Investigation
FIR202503068,FIR/3068/2025,PS0146,Bengaluru Urban,2025-09-01 06:15,2025-09-01 11:15,Fraud,Cheating,BNS 318(4),12.946602,77.76202,P000887,P002407,"P006703, P007514",SI Divya Hegde,Under Investigation
FIR202503059,FIR/3059/2025,PS0082,Bengaluru Rural,2025-08-31 10:23,2025-09-01 14:23,NDPS,Drug Trafficking,NDPS Act Sec 20(b),13.352643,77.415037,P002964,P004681,P009868,SI Ganesh Rao,Chargesheeted
FIR202503069,FIR/3069/2025,PS0024,Bagalkote,2025-09-01 17:09,2025-09-01 19:09,Fraud,Cheating,BNS 318(4),16.384049,75.507224,P008882,P000104,P004692,PI Lakshmi Devi,Under Investigation
FIR202503060,FIR/3060/2025,PS0069,Belagavi,2025-08-31 11:14,2025-09-01 19:14,Theft,House Theft,BNS 303(2),15.819712,74.326204,P007016,P004020,P000483,SI Prakash Sharma,Chargesheeted
FIR202503036,FIR/3036/2025,PS0178,Bidar,2025-08-29 11:22,2025-09-01 23:22,Assault,Public Affray,"BNS 115(2), BNS 117(2)",17.869162,77.49262,P001426,P001888,P002498,SI Mahesh Bhat,Closed
FIR202503054,FIR/3054/2025,PS0222,Chamarajanagar,2025-08-30 16:34,2025-09-02 01:34,Fraud,Corporate Fraud,BNS 318(4),11.93439,76.768739,P004831,P008717,P007270,SI Ganesh Rao,Under Investigation
FIR202503072,FIR/3072/2025,PS0241,Chikkaballapura,2025-09-02 00:53,2025-09-02 02:53,NDPS,Drug Trafficking,NDPS Act Sec 20(b),13.256277,77.901935,P006641,P007074,P001472,SI Mahesh Bhat,Chargesheeted
FIR202503062,FIR/3062/2025,PS0197,Chamarajanagar,2025-08-31 18:06,2025-09-02 06:06,Dacoity,Bank Dacoity,BNS 310(2),11.865704,77.036378,P003111,P008679,P005329,SI Divya Hegde,Untraced
FIR202503073,FIR/3073/2025,PS0005,Bagalkote,2025-09-02 01:50,2025-09-02 06:50,Cyber Crime,Identity Theft,"IT Act 66D, BNS 318(4)",16.149503,75.596063,P004717,P006301,P008872,PI Naveen Patil,Chargesheeted
FIR202503019,FIR/3019/2025,PS0015,Bagalkote,2025-08-27 21:19,2025-09-02 07:19,Assault,Public Affray,"BNS 115(2), BNS 117(2)",16.061874,75.679313,P008293,P008778,P008731,SI Divya Hegde,Under Investigation
FIR202503065,FIR/3065/2025,PS0232,Chamarajanagar,2025-08-31 21:02,2025-09-02 09:02,Cyber Crime,Phishing,"IT Act 66D, BNS 318(4)",11.796454,76.88436,P008655,P006249,P003148,SI Ganesh Rao,Under Investigation
FIR202503077,FIR/3077/2025,PS0212,Chamarajanagar,2025-09-02 08:46,2025-09-02 11:46,Theft,Snatching,BNS 303(2),12.053929,76.827532,P008879,P001203,P001557,PI Chetan Kumar,Under Investigation
FIR202503076,FIR/3076/2025,PS0083,Bengaluru Rural,2025-09-02 06:19,2025-09-02 15:19,Vehicle Theft,Two-Wheeler Theft,BNS 303(2),13.245691,77.576505,P006736,P001690,P008700,PI Chetan Kumar,Chargesheeted
FIR202503058,FIR/3058/2025,PS0083,Bengaluru Rural,2025-08-31 09:10,2025-09-02 17:10,NDPS,Possession of Narcotics,NDPS Act Sec 20(b),13.247778,77.579428,P002691,P001526,P006778,SI Prakash Sharma,Under Investigation
FIR202503071,FIR/3071/2025,PS0020,Bagalkote,2025-09-01 19:03,2025-09-02 21:03,Vehicle Theft,Car Theft,BNS 303(2),16.249147,75.590262,P007849,P001233,P006910,SI Ravi Kumar,Under Investigation
FIR202503070,FIR/3070/2025,PS0202,Chamarajanagar,2025-09-01 17:44,2025-09-03 00:44,NDPS,Possession of Narcotics,NDPS Act Sec 20(b),11.936572,76.862755,P007562,P009421,P000992,SI Ganesh Rao,Chargesheeted
FIR202503082,FIR/3082/2025,PS0035,Ballari,2025-09-02 21:28,2025-09-03 05:28,Burglary,Night House Breaking,"BNS 331(3), BNS 331(4)",15.251654,76.843367,P002632,P008287,P009749,SI Mahesh Bhat,Closed
FIR202503084,FIR/3084/2025,PS0219,Chamarajanagar,2025-09-03 04:03,2025-09-03 14:03,Dacoity,Bank Dacoity,BNS 310(2),11.873633,76.889765,P009418,P004771,P004966,PI Harish Naik,Untraced
FIR202503075,FIR/3075/2025,PS0163,Bidar,2025-09-02 05:35,2025-09-03 16:35,Fraud,Land Scam,BNS 318(4),17.949858,77.595627,P009658,P008924,P004275,PI Chetan Kumar,Under Investigation
FIR202503078,FIR/3078/2025,PS0164,Bidar,2025-09-02 10:55,2025-09-03 16:55,Fraud,Corporate Fraud,BNS 318(4),17.963227,77.466376,P009059,P005239,P003595,SI Mahesh Bhat,Untraced
FIR202503087,FIR/3087/2025,PS0218,Chamarajanagar,2025-09-03 10:19,2025-09-03 20:19,Burglary,Night House Breaking,"BNS 331(3), BNS 331(4)",11.878614,77.032957,P009621,P001708,"P009728, P006321",SI Prakash Sharma,Chargesheeted
FIR202503079,FIR/3079/2025,PS0143,Bengaluru Urban,2025-09-02 15:46,2025-09-03 23:46,Vehicle Theft,Car Theft,BNS 303(2),12.78714,77.428074,P005154,P006051,P008506,SI Ravi Kumar,Chargesheeted
FIR202503061,FIR/3061/2025,PS0052,Belagavi,2025-08-31 17:53,2025-09-04 01:53,Vehicle Theft,Car Theft,BNS 303(2),15.903381,74.319731,P003695,P002913,P002365,PI Lakshmi Devi,Under Investigation
FIR202503052,FIR/3052/2025,PS0035,Ballari,2025-08-30 15:43,2025-09-04 02:43,Assault,Grievous Hurt,"BNS 115(2), BNS 117(2)",15.215229,76.85671,P003008,P007562,P002630,PI Chetan Kumar,Chargesheeted
FIR202503083,FIR/3083/2025,PS0234,Chamarajanagar,2025-09-03 00:37,2025-09-04 03:37,Assault,Grievous Hurt,"BNS 115(2), BNS 117(2)",11.991026,76.814756,P000074,P009152,"P003946, P000862",PI Suresh Kulkarni,Chargesheeted
FIR202503089,FIR/3089/2025,PS0174,Bidar,2025-09-03 20:35,2025-09-04 04:35,Dacoity,Armed Dacoity,BNS 310(2),17.858555,77.567837,P000044,P009340,P001395,SI Ganesh Rao,Chargesheeted
FIR202503091,FIR/3091/2025,PS0141,Bengaluru Urban,2025-09-04 02:58,2025-09-04 05:58,Burglary,Day Burglary,"BNS 331(3), BNS 331(4)",12.857309,77.404662,P009768,P001493,P001949,SI Mahesh Bhat,Chargesheeted
FIR202503067,FIR/3067/2025,PS0128,Bengaluru Urban,2025-09-01 02:50,2025-09-04 06:50,Cyber Crime,Phishing,"IT Act 66D, BNS 318(4)",13.024315,77.582466,P002335,P008946,P005536,SI Prakash Sharma,Under Investigation
FIR202503090,FIR/3090/2025,PS0125,Bengaluru Urban,2025-09-04 01:29,2025-09-04 13:29,Cyber Crime,Identity Theft,"IT Act 66D, BNS 318(4)",12.796598,77.718722,P008607,P005937,P005401,PI Suresh Kulkarni,Chargesheeted
FIR202503074,FIR/3074/2025,PS0228,Chamarajanagar,2025-09-02 04:52,2025-09-04 13:52,NDPS,Drug Trafficking,NDPS Act Sec 20(b),12.131994,77.106847,P001523,P000848,P008751,PI Lakshmi Devi,Under Investigation
FIR202503095,FIR/3095/2025,PS0188,Bidar,2025-09-04 16:07,2025-09-04 17:07,Fraud,Corporate Fraud,BNS 318(4),17.958966,77.684038,P001745,P003909,P004588,PI Lakshmi Devi,Chargesheeted
FIR202503088,FIR/3088/2025,PS0022,Bagalkote,2025-09-03 17:59,2025-09-04 18:59,POCSO,Sexual Assault on Minor,"POCSO Act Sec 4, BNS 64",16.258935,75.63475,P006575,P006310,P006109,PI Lakshmi Devi,Chargesheeted
FIR202503051,FIR/3051/2025,PS0097,Bengaluru Rural,2025-08-30 15:34,2025-09-04 19:34,Cyber Crime,Identity Theft,"IT Act 66D, BNS 318(4)",13.136305,77.483879,P006087,P000795,P001709,SI Divya Hegde,Chargesheeted
FIR202503081,FIR/3081/2025,PS0213,Chamarajanagar,2025-09-02 16:21,2025-09-05 00:21,NDPS,Possession of Narcotics,NDPS Act Sec 20(b),12.038981,76.930895,P004217,P005729,P008328,SI Mahesh Bhat,Under Investigation
FIR202503093,FIR/3093/2025,PS0230,Chamarajanagar,2025-09-04 12:25,2025-09-05 00:25,Cyber Crime,Phishing,"IT Act 66D, BNS 318(4)",11.744993,77.05076,P007890,P003958,P007971,PI Harish Naik,Under Investigation
FIR202503096,FIR/3096/2025,PS0231,Chamarajanagar,2025-09-04 19:33,2025-09-05 00:33,Burglary,Night House Breaking,"BNS 331(3), BNS 331(4)",11.982746,77.003813,P008791,P000558,P005139,PI Harish Naik,Under Investigation
FIR202503098,FIR/3098/2025,PS0222,Chamarajanagar,2025-09-04 20:51,2025-09-05 06:51,Dacoity,Bank Dacoity,BNS 310(2),11.897619,76.751355,P002075,P008684,P002913,PI Suresh Kulkarni,Chargesheeted
FIR202503101,FIR/3101/2025,PS0155,Bidar,2025-09-05 03:55,2025-09-05 07:55,Fraud,Corporate Fraud,BNS 318(4),17.984203,77.317127,P006650,P006997,P002405,SI Ganesh Rao,Chargesheeted
FIR202503100,FIR/3100/2025,PS0059,Belagavi,2025-09-05 01:14,2025-09-05 11:14,Theft,Pocket Pick,BNS 303(2),15.832076,74.51446,P007073,P000835,P000386,SI Divya Hegde,Under Investigation
FIR202503086,FIR/3086/2025,PS0001,Bagalkote,2025-09-03 06:28,2025-09-05 13:28,Cyber Crime,Identity Theft,"IT Act 66D, BNS 318(4)",16.189381,75.575841,P007504,P005375,P005408,PI Harish Naik,Chargesheeted
FIR202503085,FIR/3085/2025,PS0217,Chamarajanagar,2025-09-03 05:32,2025-09-05 15:32,Vehicle Theft,Car Theft,BNS 303(2),11.744918,76.884541,P002697,P004652,P009270,PI Chetan Kumar,Under Investigation
FIR202503105,FIR/3105/2025,PS0175,Bidar,2025-09-05 08:00,2025-09-05 17:00,Theft,Pocket Pick,BNS 303(2),18.031807,77.444968,P002552,P005431,"P003675, P007159",SI Ganesh Rao,Chargesheeted
FIR202503080,FIR/3080/2025,PS0234,Chamarajanagar,2025-09-02 16:02,2025-09-05 17:02,Burglary,Night House Breaking,"BNS 331(3), BNS 331(4)",12.017676,76.820941,P009273,P003113,P009943,SI Mahesh Bhat,Chargesheeted
FIR202503099,FIR/3099/2025,PS0177,Bidar,2025-09-04 22:22,2025-09-06 04:22,NDPS,Possession of Narcotics,NDPS Act Sec 20(b),18.046487,77.324347,P002705,P006991,P001238,SI Ganesh Rao,Under Investigation
FIR202503110,FIR/3110/2025,PS0204,Chamarajanagar,2025-09-05 20:10,2025-09-06 06:10,POCSO,Harassment,"POCSO Act Sec 4, BNS 64",12.067246,77.078444,P001412,P006719,P004631,SI Divya Hegde,Under Investigation
FIR202503114,FIR/3114/2025,PS0163,Bidar,2025-09-06 07:18,2025-09-06 08:18,Assault,Public Affray,"BNS 115(2), BNS 117(2)",17.919428,77.60514,P000491,P008719,P006957,PI Lakshmi Devi,Under Investigation
FIR202503115,FIR/3115/2025,PS0229,Chamarajanagar,2025-09-06 11:43,2025-09-06 15:43,Cyber Crime,Phishing,"IT Act 66D, BNS 318(4)",12.045461,77.025375,P008153,P002630,P003782,SI Divya Hegde,Untraced
FIR202503092,FIR/3092/2025,PS0119,Bengaluru Urban,2025-09-04 11:57,2025-09-06 15:57,Assault,Public Affray,"BNS 115(2), BNS 117(2)",12.841929,77.762829,P003983,P000983,P007962,SI Mahesh Bhat,Under Investigation
FIR202503107,FIR/3107/2025,PS0185,Bidar,2025-09-05 13:12,2025-09-06 20:12,Murder,Gang Conflict,BNS 103(1),17.893733,77.494071,P000256,P008239,P007042,SI Ganesh Rao,Under Investigation
FIR202503116,FIR/3116/2025,PS0010,Bagalkote,2025-09-06 12:00,2025-09-06 21:00,NDPS,Drug Trafficking,NDPS Act Sec 20(b),16.18262,75.793174,P001284,P001118,P003245,PI Ramesh Gowda,Chargesheeted
FIR202503118,FIR/3118/2025,PS0224,Chamarajanagar,2025-09-06 23:58,2025-09-07 06:58,Assault,Grievous Hurt,"BNS 115(2), BNS 117(2)",11.871941,76.832553,P004460,P002912,P009402,SI Ganesh Rao,Under Investigation
FIR202503113,FIR/3113/2025,PS0061,Belagavi,2025-09-06 06:41,2025-09-07 07:41,Vehicle Theft,Two-Wheeler Theft,BNS 303(2),16.017716,74.434174,P003566,P003983,P008631,PI Suresh Kulkarni,Untraced
FIR202503112,FIR/3112/2025,PS0004,Bagalkote,2025-09-06 04:29,2025-09-07 08:29,Vehicle Theft,Two-Wheeler Theft,BNS 303(2),16.049549,75.70576,P004304,P005440,P008644,PI Naveen Patil,Under Investigation
FIR202503120,FIR/3120/2025,PS0097,Bengaluru Rural,2025-09-07 03:32,2025-09-07 08:32,Robbery,Chain Snatching with Force,BNS 309(4),13.114421,77.488622,P002656,P000587,P005958,SI Mahesh Bhat,Under Investigation
FIR202503103,FIR/3103/2025,PS0193,Chamarajanagar,2025-09-05 06:48,2025-09-07 08:48,NDPS,Possession of Narcotics,NDPS Act Sec 20(b),12.014036,76.850198,P007453,P006912,P009955,PI Naveen Patil,Under Investigation
FIR202503102,FIR/3102/2025,PS0092,Bengaluru Rural,2025-09-05 06:16,2025-09-07 11:16,Fraud,Cheating,BNS 318(4),13.045372,77.482445,P008820,P006658,P002414,SI Mahesh Bhat,Untraced
FIR202503104,FIR/3104/2025,PS0159,Bidar,2025-09-05 06:55,2025-09-07 13:55,Murder,Dowry Homicide,BNS 103(1),18.071574,77.503761,P009052,P009333,P007915,SI Divya Hegde,Chargesheeted
FIR202503122,FIR/3122/2025,PS0147,Bengaluru Urban,2025-09-07 08:42,2025-09-07 16:42,Fraud,Corporate Fraud,BNS 318(4),12.93232,77.557957,P000877,P003912,P005731,PI Naveen Patil,Under Investigation
FIR202503108,FIR/3108/2025,PS0188,Bidar,2025-09-05 15:10,2025-09-07 17:10,Vehicle Theft,Car Theft,BNS 303(2),17.932806,77.703015,P004635,P005790,P002397,PI Chetan Kumar,Under Investigation
FIR202503109,FIR/3109/2025,PS0211,Chamarajanagar,2025-09-05 16:26,2025-09-07 18:26,Murder,Gang Conflict,BNS 103(1),11.826401,77.060277,P002259,P001499,P003070,SI Prakash Sharma,Untraced
FIR202503106,FIR/3106/2025,PS0215,Chamarajanagar,2025-09-05 08:00,2025-09-07 20:00,POCSO,Sexual Assault on Minor,"POCSO Act Sec 4, BNS 64",11.857754,76.984063,P009367,P003697,"P002396, P002683",SI Prakash Sharma,Chargesheeted
FIR202503111,FIR/3111/2025,PS0041,Ballari,2025-09-05 22:19,2025-09-08 00:19,Cyber Crime,Financial Fraud,"IT Act 66D, BNS 318(4)",15.265259,76.892074,P009720,P005267,P002803,SI Mahesh Bhat,Chargesheeted
FIR202503119,FIR/3119/2025,PS0010,Bagalkote,2025-09-07 00:03,2025-09-08 01:03,Fraud,Land Scam,BNS 318(4),16.187031,75.811208,P008082,P000280,P000948,PI Chetan Kumar,Chargesheeted
FIR202503127,FIR/3127/2025,PS0218,Chamarajanagar,2025-09-07 21:05,2025-09-08 02:05,Assault,Simple Assault,"BNS 115(2), BNS 117(2)",11.852788,77.050785,P008534,P000005,"P008049, P001058",PI Lakshmi Devi,Chargesheeted
FIR202503125,FIR/3125/2025,PS0174,Bidar,2025-09-07 18:33,2025-09-08 02:33,Dacoity,Bank Dacoity,BNS 310(2),17.855875,77.561151,P000334,P000523,P001846,PI Chetan Kumar,Untraced
FIR202503094,FIR/3094/2025,PS0171,Bidar,2025-09-04 15:54,2025-09-08 03:54,Assault,Grievous Hurt,"BNS 115(2), BNS 117(2)",17.778766,77.574596,P004374,P002537,P009109,SI Ravi Kumar,Chargesheeted
FIR202503117,FIR/3117/2025,PS0109,Bengaluru Rural,2025-09-06 17:35,2025-09-08 05:35,Cyber Crime,Phishing,"IT Act 66D, BNS 318(4)",13.096449,77.591344,P009654,P001138,P001080,SI Divya Hegde,Chargesheeted
FIR202503126,FIR/3126/2025,PS0229,Chamarajanagar,2025-09-07 21:01,2025-09-08 06:01,Theft,Snatching,BNS 303(2),12.055932,77.017805,P006686,P002976,P003926,SI Mahesh Bhat,Chargesheeted
FIR202503129,FIR/3129/2025,PS0189,Bidar,2025-09-08 05:45,2025-09-08 08:45,Assault,Simple Assault,"BNS 115(2), BNS 117(2)",17.891786,77.393359,P003959,P004583,P009038,PI Harish Naik,Under Investigation
FIR202503123,FIR/3123/2025,PS0232,Chamarajanagar,2025-09-07 12:21,2025-09-08 15:21,Cyber Crime,Phishing,"IT Act 66D, BNS 318(4)",11.77598,76.879233,P001015,P008348,P000093,PI Chetan Kumar,Chargesheeted
FIR202503137,FIR/3137/2025,PS0157,Bidar,2025-09-08 20:38,2025-09-08 22:38,Dacoity,Armed Dacoity,BNS 310(2),17.813664,77.5601,P003359,P003116,P006816,SI Ravi Kumar,Under Investigation
FIR202503097,FIR/3097/2025,PS0161,Bidar,2025-09-04 19:34,2025-09-09 00:34,Murder,Dowry Homicide,BNS 103(1),17.974255,77.507088,P004310,P009184,P002974,PI Harish Naik,Under Investigation
FIR202503136,FIR/3136/2025,PS0187,Bidar,2025-09-08 20:33,2025-09-09 03:33,Dacoity,Bank Dacoity,BNS 310(2),17.954636,77.715637,P007496,P002412,P003139,SI Mahesh Bhat,Chargesheeted
FIR202503139,FIR/3139/2025,PS0037,Ballari,2025-09-09 03:56,2025-09-09 05:56,Dacoity,Armed Dacoity,BNS 310(2),15.080206,77.066113,P009571,P009445,P000175,SI Mahesh Bhat,Under Investigation
FIR202503128,FIR/3128/2025,PS0234,Chamarajanagar,2025-09-08 02:01,2025-09-09 06:01,Cyber Crime,Financial Fraud,"IT Act 66D, BNS 318(4)",12.025094,76.816593,P005897,P001290,P009006,PI Ramesh Gowda,Untraced
FIR202503134,FIR/3134/2025,PS0165,Bidar,2025-09-08 18:07,2025-09-09 06:07,Assault,Grievous Hurt,"BNS 115(2), BNS 117(2)",18.03384,77.459501,P002270,P003103,P000476,PI Suresh Kulkarni,Under Investigation
FIR202503140,FIR/3140/2025,PS0166,Bidar,2025-09-09 04:21,2025-09-09 07:21,Murder,Personal Enmity,BNS 103(1),17.800469,77.48363,P002048,P000506,P007446,PI Lakshmi Devi,Chargesheeted
FIR202503147,FIR/3147/2025,PS0236,Chikkaballapura,2025-09-10 00:51,2025-09-10 01:51,Theft,Snatching,BNS 303(2),13.624062,77.90652,P009934,P002323,P003100,PI Naveen Patil,Closed
FIR202503144,FIR/3144/2025,PS0187,Bidar,2025-09-09 19:28,2025-09-10 02:28,POCSO,Harassment,"POCSO Act Sec 4, BNS 64",17.982651,77.710183,P004777,P004663,P009363,PI Naveen Patil,Chargesheeted
FIR202503131,FIR/3131/2025,PS0161,Bidar,2025-09-08 17:11,2025-09-10 03:11,Burglary,Day Burglary,"BNS 331(3), BNS 331(4)",17.981883,77.490508,P007965,P004509,P006526,PI Lakshmi Devi,Untraced
FIR202503135,FIR/3135/2025,PS0181,Bidar,2025-09-08 20:15,2025-09-10 04:15,Cyber Crime,Financial Fraud,"IT Act 66D, BNS 318(4)",18.004369,77.419999,P008816,P006877,P005508,SI Mahesh Bhat,Chargesheeted
FIR202503133,FIR/3133/2025,PS0006,Bagalkote,2025-09-08 18:01,2025-09-10 05:01,Murder,Dowry Homicide,BNS 103(1),16.36958,75.770189,P002781,P007439,P007620,PI Chetan Kumar,Chargesheeted
FIR202503121,FIR/3121/2025,PS0021,Bagalkote,2025-09-07 05:39,2025-09-10 08:39,POCSO,Harassment,"POCSO Act Sec 4, BNS 64",15.978213,75.535215,P009790,P007642,P009866,SI Ravi Kumar,Chargesheeted
FIR202503130,FIR/3130/2025,PS0155,Bidar,2025-09-08 06:15,2025-09-10 09:15,Fraud,Corporate Fraud,BNS 318(4),17.963867,77.314169,P003061,P008734,P007444,SI Prakash Sharma,Closed
FIR202503149,FIR/3149/2025,PS0139,Bengaluru Urban,2025-09-10 10:01,2025-09-10 13:01,NDPS,Drug Trafficking,NDPS Act Sec 20(b),12.812613,77.540751,P009666,P005378,P005431,PI Lakshmi Devi,Under Investigation
FIR202503141,FIR/3141/2025,PS0150,Bengaluru Urban,2025-09-09 04:39,2025-09-10 15:39,Cyber Crime,Phishing,"IT Act 66D, BNS 318(4)",13.08435,77.717889,P005813,P002887,P000586,SI Prakash Sharma,Untraced
FIR202503154,FIR/3154/2025,PS0078,Bengaluru Rural,2025-09-10 17:50,2025-09-10 18:50,Assault,Simple Assault,"BNS 115(2), BNS 117(2)",13.131239,77.561666,P004722,P009228,P009092,SI Ganesh Rao,Chargesheeted
FIR202503124,FIR/3124/2025,PS0230,Chamarajanagar,2025-09-07 14:32,2025-09-10 20:32,Vehicle Theft,Two-Wheeler Theft,BNS 303(2),11.742627,77.066684,P007571,P009337,P002118,SI Divya Hegde,Under Investigation
FIR202503153,FIR/3153/2025,PS0215,Chamarajanagar,2025-09-10 17:01,2025-09-10 21:01,Cyber Crime,Financial Fraud,"IT Act 66D, BNS 318(4)",11.855746,76.9537,P002649,P000624,P005212,SI Ganesh Rao,Untraced
FIR202503156,FIR/3156/2025,PS0011,Bagalkote,2025-09-10 19:41,2025-09-11 01:41,Assault,Grievous Hurt,"BNS 115(2), BNS 117(2)",16.172389,75.660247,P006821,P003530,P001816,SI Ganesh Rao,Under Investigation
FIR202503152,FIR/3152/2025,PS0015,Bagalkote,2025-09-10 14:52,2025-09-11 02:52,Robbery,Chain Snatching with Force,BNS 309(4),16.051588,75.703433,P009525,P001927,P004238,PI Lakshmi Devi,Chargesheeted
FIR202503155,FIR/3155/2025,PS0194,Chamarajanagar,2025-09-10 19:19,2025-09-11 04:19,Fraud,Cheating,BNS 318(4),11.775461,76.890247,P008032,P008746,P000286,PI Lakshmi Devi,Chargesheeted
FIR202503143,FIR/3143/2025,PS0155,Bidar,2025-09-09 17:42,2025-09-11 04:42,NDPS,Possession of Narcotics,NDPS Act Sec 20(b),17.980283,77.312605,P000687,P002880,"P001271, P007862",PI Harish Naik,Under Investigation
FIR202503138,FIR/3138/2025,PS0018,Bagalkote,2025-09-09 00:06,2025-09-11 08:06,NDPS,Drug Trafficking,NDPS Act Sec 20(b),16.179395,75.814801,P005894,P005917,P006326,SI Ravi Kumar,Under Investigation
FIR202503158,FIR/3158/2025,PS0095,Bengaluru Rural,2025-09-11 06:33,2025-09-11 09:33,Robbery,Highway Robbery,BNS 309(4),13.080768,77.415018,P007829,P002284,P005125,PI Naveen Patil,Chargesheeted
FIR202503157,FIR/3157/2025,PS0176,Bidar,2025-09-11 03:54,2025-09-11 10:54,Murder,Dowry Homicide,BNS 103(1),17.749632,77.516818,P001159,P006247,P003299,PI Harish Naik,Under Investigation
FIR202503163,FIR/3163/2025,PS0016,Bagalkote,2025-09-11 10:21,2025-09-11 13:21,Vehicle Theft,Two-Wheeler Theft,BNS 303(2),15.980212,75.63574,P002763,P007186,P006812,SI Divya Hegde,Under Investigation
FIR202503142,FIR/3142/2025,PS0188,Bidar,2025-09-09 10:49,2025-09-11 14:49,Burglary,Day Burglary,"BNS 331(3), BNS 331(4)",17.952937,77.691909,P005672,P000453,P000123,SI Prakash Sharma,Chargesheeted
FIR202503151,FIR/3151/2025,PS0093,Bengaluru Rural,2025-09-10 13:56,2025-09-11 19:56,Assault,Public Affray,"BNS 115(2), BNS 117(2)",13.204124,77.544602,P003319,P000315,P009415,SI Divya Hegde,Chargesheeted
FIR202503167,FIR/3167/2025,PS0249,Chikkaballapura,2025-09-11 16:12,2025-09-11 21:12,Burglary,Day Burglary,"BNS 331(3), BNS 331(4)",13.502566,77.557588,P005893,P008026,P005349,PI Suresh Kulkarni,Chargesheeted
FIR202503168,FIR/3168/2025,PS0212,Chamarajanagar,2025-09-11 17:23,2025-09-11 21:23,Burglary,Night House Breaking,"BNS 331(3), BNS 331(4)",12.049969,76.82721,P006770,P007298,P004082,PI Suresh Kulkarni,Chargesheeted
FIR202503132,FIR/3132/2025,PS0122,Bengaluru Urban,2025-09-08 17:32,2025-09-11 21:32,NDPS,Drug Trafficking,NDPS Act Sec 20(b),13.102909,77.558281,P008744,P003462,P009352,SI Mahesh Bhat,Under Investigation
FIR202503166,FIR/3166/2025,PS0146,Bengaluru Urban,2025-09-11 15:31,2025-09-11 22:31,Fraud,Cheating,BNS 318(4),12.953552,77.779697,P007818,P004552,P004927,PI Harish Naik,Chargesheeted
FIR202503165,FIR/3165/2025,PS0229,Chamarajanagar,2025-09-11 13:44,2025-09-11 23:44,Dacoity,Bank Dacoity,BNS 310(2),12.030694,77.009529,P009625,P001711,P007257,SI Ravi Kumar,Under Investigation
FIR202503146,FIR/3146/2025,PS0120,Bengaluru Urban,2025-09-09 22:57,2025-09-12 05:57,Fraud,Land Scam,BNS 318(4),13.155006,77.418625,P009563,P002381,P006422,SI Mahesh Bhat,Chargesheeted
FIR202503145,FIR/3145/2025,PS0009,Bagalkote,2025-09-09 22:51,2025-09-12 07:51,Cyber Crime,Financial Fraud,"IT Act 66D, BNS 318(4)",16.078695,75.771641,P005466,P006079,P004404,PI Harish Naik,Under Investigation
FIR202503170,FIR/3170/2025,PS0166,Bidar,2025-09-12 01:54,2025-09-12 11:54,Vehicle Theft,Car Theft,BNS 303(2),17.792995,77.506394,P008542,P007867,P007089,PI Chetan Kumar,Chargesheeted
FIR202503159,FIR/3159/2025,PS0065,Belagavi,2025-09-11 08:03,2025-09-12 12:03,Burglary,Day Burglary,"BNS 331(3), BNS 331(4)",15.766998,74.4168,P009186,P002194,P002981,SI Ravi Kumar,Under Investigation
FIR202503162,FIR/3162/2025,PS0226,Chamarajanagar,2025-09-11 10:12,2025-09-12 12:12,Robbery,Chain Snatching with Force,BNS 309(4),11.748456,77.008634,P001698,P007424,P009949,PI Ramesh Gowda,Chargesheeted
FIR202503161,FIR/3161/2025,PS0237,Chikkaballapura,2025-09-11 09:30,2025-09-12 13:30,Murder,Personal Enmity,BNS 103(1),13.336067,77.655021,P005669,P006001,P008188,PI Chetan Kumar,Chargesheeted
FIR202503150,FIR/3150/2025,PS0201,Chamarajanagar,2025-09-10 10:28,2025-09-12 15:28,Murder,Personal Enmity,BNS 103(1),11.99099,76.836662,P006628,P007813,"P007483, P004881",PI Lakshmi Devi,Under Investigation
FIR202503164,FIR/3164/2025,PS0153,Bidar,2025-09-11 13:43,2025-09-12 15:43,Murder,Dowry Homicide,BNS 103(1),17.743652,77.343106,P007639,P009097,P007256,PI Ramesh Gowda,Under Investigation
FIR202503177,FIR/3177/2025,PS0165,Bidar,2025-09-12 18:24,2025-09-12 22:24,NDPS,Drug Trafficking,NDPS Act Sec 20(b),18.054075,77.470666,P006752,P002716,P007464,PI Naveen Patil,Closed
FIR202503178,FIR/3178/2025,PS0240,Chikkaballapura,2025-09-12 18:52,2025-09-13 00:52,Fraud,Cheating,BNS 318(4),13.377965,77.820179,P000193,P005022,"P002187, P001621",SI Ravi Kumar,Chargesheeted
FIR202503180,FIR/3180/2025,PS0160,Bidar,2025-09-12 22:30,2025-09-13 04:30,Fraud,Land Scam,BNS 318(4),17.877627,77.338959,P007128,P007833,P005092,PI Lakshmi Devi,Chargesheeted
FIR202503182,FIR/3182/2025,PS0195,Chamarajanagar,2025-09-12 23:07,2025-09-13 05:07,Dacoity,Armed Dacoity,BNS 310(2),11.880371,77.067014,P000616,P008208,P007824,PI Naveen Patil,Under Investigation
FIR202503183,FIR/3183/2025,PS0073,Bengaluru Rural,2025-09-13 00:22,2025-09-13 08:22,POCSO,Harassment,"POCSO Act Sec 4, BNS 64",13.342035,77.616093,P004088,P005785,P007410,PI Ramesh Gowda,Under Investigation
FIR202503185,FIR/3185/2025,PS0222,Chamarajanagar,2025-09-13 04:06,2025-09-13 15:06,Burglary,Day Burglary,"BNS 331(3), BNS 331(4)",11.895891,76.741147,P000498,P006018,P008830,SI Ganesh Rao,Closed
FIR202503148,FIR/3148/2025,PS0081,Bengaluru Rural,2025-09-10 09:34,2025-09-13 15:34,POCSO,Harassment,"POCSO Act Sec 4, BNS 64",13.170736,77.616916,P003687,P005313,P002981,PI Ramesh Gowda,Chargesheeted
FIR202503160,FIR/3160/2025,PS0211,Chamarajanagar,2025-09-11 09:16,2025-09-13 16:16,Burglary,Day Burglary,"BNS 331(3), BNS 331(4)",11.81313,77.07134,P005930,P003796,P004362,PI Naveen Patil,Under Investigation
FIR202503187,FIR/3187/2025,PS0169,Bidar,2025-09-13 05:55,2025-09-13 17:55,Theft,Snatching,BNS 303(2),18.01526,77.710388,P004535,P008263,P002372,SI Mahesh Bhat,Under Investigation
FIR202503193,FIR/3193/2025,PS0212,Chamarajanagar,2025-09-13 17:06,2025-09-13 18:06,NDPS,Possession of Narcotics,NDPS Act Sec 20(b),12.044516,76.858388,P003511,P008945,P000752,PI Ramesh Gowda,Chargesheeted
FIR202503188,FIR/3188/2025,PS0155,Bidar,2025-09-13 08:19,2025-09-13 18:19,Assault,Public Affray,"BNS 115(2), BNS 117(2)",17.981092,77.341153,P004004,P000301,P004031,SI Mahesh Bhat,Chargesheeted
FIR202503171,FIR/3171/2025,PS0045,Ballari,2025-09-12 12:49,2025-09-13 18:49,Fraud,Cheating,BNS 318(4),15.003033,76.908625,P000403,P009812,P009612,PI Lakshmi Devi,Closed
FIR202503191,FIR/3191/2025,PS0212,Chamarajanagar,2025-09-13 13:57,2025-09-13 19:57,NDPS,Possession of Narcotics,NDPS Act Sec 20(b),12.054136,76.83567,P001636,P005512,P008303,PI Naveen Patil,Under Investigation
FIR202503190,FIR/3190/2025,PS0178,Bidar,2025-09-13 10:01,2025-09-13 22:01,Cyber Crime,Financial Fraud,"IT Act 66D, BNS 318(4)",17.862581,77.482992,P000324,P009913,P004335,PI Chetan Kumar,Chargesheeted
FIR202503181,FIR/3181/2025,PS0150,Bengaluru Urban,2025-09-12 22:43,2025-09-13 23:43,POCSO,Sexual Assault on Minor,"POCSO Act Sec 4, BNS 64",13.092209,77.692881,P000259,P006589,P007063,PI Ramesh Gowda,Chargesheeted
FIR202503176,FIR/3176/2025,PS0122,Bengaluru Urban,2025-09-12 17:44,2025-09-14 03:44,Theft,Snatching,BNS 303(2),13.114755,77.531359,P005632,P001861,P000461,PI Chetan Kumar,Chargesheeted
FIR202503179,FIR/3179/2025,PS0001,Bagalkote,2025-09-12 20:50,2025-09-14 07:50,POCSO,Sexual Assault on Minor,"POCSO Act Sec 4, BNS 64",16.184963,75.562713,P005792,P006560,P006955,PI Ramesh Gowda,Chargesheeted
FIR202503169,FIR/3169/2025,PS0080,Bengaluru Rural,2025-09-11 21:45,2025-09-14 08:45,Vehicle Theft,Car Theft,BNS 303(2),13.362379,77.578916,P005411,P002611,P008833,PI Chetan Kumar,Under Investigation
FIR202503186,FIR/3186/2025,PS0003,Bagalkote,2025-09-13 04:45,2025-09-14 11:45,POCSO,Sexual Assault on Minor,"POCSO Act Sec 4, BNS 64",16.319942,75.864794,P000407,P000562,P000034,SI Divya Hegde,Under Investigation
FIR202503195,FIR/3195/2025,PS0157,Bidar,2025-09-14 08:03,2025-09-14 16:03,Burglary,Night House Breaking,"BNS 331(3), BNS 331(4)",17.83085,77.555104,P003236,P002093,P008025,PI Harish Naik,Under Investigation
FIR202503174,FIR/3174/2025,PS0217,Chamarajanagar,2025-09-12 15:49,2025-09-14 19:49,Cyber Crime,Financial Fraud,"IT Act 66D, BNS 318(4)",11.76198,76.90883,P007251,P006614,P004947,PI Lakshmi Devi,Chargesheeted
FIR202503189,FIR/3189/2025,PS0095,Bengaluru Rural,2025-09-13 08:50,2025-09-14 19:50,Burglary,Night House Breaking,"BNS 331(3), BNS 331(4)",13.075744,77.39249,P000088,P006261,P002314,SI Divya Hegde,Chargesheeted
FIR202503199,FIR/3199/2025,PS0118,Bengaluru Urban,2025-09-14 14:24,2025-09-14 22:24,Dacoity,Armed Dacoity,BNS 310(2),12.806554,77.679471,P001436,P009084,P008821,PI Ramesh Gowda,Under Investigation
FIR202503198,FIR/3198/2025,PS0160,Bidar,2025-09-14 13:04,2025-09-15 01:04,Dacoity,Armed Dacoity,BNS 310(2),17.87659,77.344273,P002894,P005540,P007474,SI Prakash Sharma,Chargesheeted
FIR202503175,FIR/3175/2025,PS0144,Bengaluru Urban,2025-09-12 17:44,2025-09-15 01:44,Cyber Crime,Identity Theft,"IT Act 66D, BNS 318(4)",12.844164,77.556705,P004610,P000176,P001289,PI Ramesh Gowda,Under Investigation
FIR202503197,FIR/3197/2025,PS0108,Bengaluru Rural,2025-09-14 11:10,2025-09-15 15:10,Murder,Gang Conflict,BNS 103(1),13.207303,77.43719,P007921,P005743,"P006175, P003656",SI Mahesh Bhat,Under Investigation
FIR202503203,FIR/3203/2025,PS0137,Bengaluru Urban,2025-09-15 11:13,2025-09-15 16:13,Murder,Dowry Homicide,BNS 103(1),12.857053,77.706483,P001428,P007353,P007857,SI Mahesh Bhat,Chargesheeted
FIR202503196,FIR/3196/2025,PS0095,Bengaluru Rural,2025-09-14 09:13,2025-09-15 18:13,Murder,Dowry Homicide,BNS 103(1),13.085125,77.41651,P004494,P009289,P001772,SI Prakash Sharma,Untraced
FIR202503204,FIR/3204/2025,PS0027,Ballari,2025-09-15 11:36,2025-09-15 18:36,NDPS,Drug Trafficking,NDPS Act Sec 20(b),15.060193,77.090103,P002758,P000943,P002755,PI Harish Naik,Chargesheeted
FIR202503173,FIR/3173/2025,PS0170,Bidar,2025-09-12 13:59,2025-09-15 22:59,Murder,Dowry Homicide,BNS 103(1),17.88474,77.391442,P003442,P009642,P009189,PI Ramesh Gowda,Under Investigation
FIR202503208,FIR/3208/2025,PS0159,Bidar,2025-09-15 21:56,2025-09-16 00:56,Assault,Grievous Hurt,"BNS 115(2), BNS 117(2)",18.038159,77.482924,P002113,P009926,"P007642, P004866",PI Lakshmi Devi,Under Investigation
FIR202503192,FIR/3192/2025,PS0168,Bidar,2025-09-13 15:47,2025-09-16 03:47,Dacoity,Armed Dacoity,BNS 310(2),17.730298,77.655453,P009359,P008193,P002453,SI Ganesh Rao,Chargesheeted
FIR202503212,FIR/3212/2025,PS0015,Bagalkote,2025-09-16 03:15,2025-09-16 06:15,POCSO,Harassment,"POCSO Act Sec 4, BNS 64",16.049031,75.675799,P006450,P000112,P006619,SI Mahesh Bhat,Under Investigation
FIR202503213,FIR/3213/2025,PS0024,Bagalkote,2025-09-16 06:00,2025-09-16 08:00,Cyber Crime,Identity Theft,"IT Act 66D, BNS 318(4)",16.395764,75.542473,P000184,P005982,P006984,PI Chetan Kumar,Under Investigation
FIR202503211,FIR/3211/2025,PS0200,Chamarajanagar,2025-09-16 02:06,2025-09-16 08:06,Burglary,Day Burglary,"BNS 331(3), BNS 331(4)",11.809634,77.026883,P006513,P001759,P005844,PI Ramesh Gowda,Closed
FIR202503209,FIR/3209/2025,PS0193,Chamarajanagar,2025-09-16 00:17,2025-09-16 09:17,NDPS,Possession of Narcotics,NDPS Act Sec 20(b),11.985741,76.868264,P001141,P009141,P007324,PI Chetan Kumar,Closed
FIR202503215,FIR/3215/2025,PS0187,Bidar,2025-09-16 09:31,2025-09-16 13:31,Dacoity,Armed Dacoity,BNS 310(2),17.952614,77.726882,P005900,P007995,P003616,SI Prakash Sharma,Under Investigation
FIR202503184,FIR/3184/2025,PS0178,Bidar,2025-09-13 03:07,2025-09-16 14:07,Vehicle Theft,Two-Wheeler Theft,BNS 303(2),17.889134,77.49907,P006525,P002232,P009234,PI Naveen Patil,Chargesheeted
FIR202503218,FIR/3218/2025,PS0155,Bidar,2025-09-16 14:16,2025-09-16 15:16,Robbery,Chain Snatching with Force,BNS 309(4),17.957155,77.336633,P006237,P007317,P002285,SI Ravi Kumar,Chargesheeted
FIR202503202,FIR/3202/2025,PS0230,Chamarajanagar,2025-09-15 04:03,2025-09-16 16:03,Cyber Crime,Phishing,"IT Act 66D, BNS 318(4)",11.755997,77.0552,P005547,P009108,P004802,SI Ganesh Rao,Under Investigation
FIR202503217,FIR/3217/2025,PS0193,Chamarajanagar,2025-09-16 13:30,2025-09-16 18:30,Theft,Pocket Pick,BNS 303(2),11.983509,76.841718,P003152,P008088,P000759,SI Mahesh Bhat,Chargesheeted
FIR202503207,FIR/3207/2025,PS0210,Chamarajanagar,2025-09-15 17:13,2025-09-16 19:13,Cyber Crime,Financial Fraud,"IT Act 66D, BNS 318(4)",12.004536,76.8135,P003318,P000501,"P000886, P004914",PI Suresh Kulkarni,Closed
FIR202503172,FIR/3172/2025,PS0222,Chamarajanagar,2025-09-12 13:20,2025-09-16 19:20,Murder,Dowry Homicide,BNS 103(1),11.931939,76.75769,P001052,P003019,P008144,SI Mahesh Bhat,Under Investigation
FIR202503221,FIR/3221/2025,PS0228,Chamarajanagar,2025-09-16 20:36,2025-09-17 00:36,Murder,Dowry Homicide,BNS 103(1),12.130816,77.115304,P004584,P004883,P009400,PI Lakshmi Devi,Chargesheeted
FIR202503206,FIR/3206/2025,PS0151,Bengaluru Urban,2025-09-15 16:42,2025-09-17 00:42,Fraud,Land Scam,BNS 318(4),12.890808,77.453428,P002164,P009473,P001035,PI Chetan Kumar,Chargesheeted
FIR202503201,FIR/3201/2025,PS0021,Bagalkote,2025-09-15 03:31,2025-09-17 07:31,Fraud,Land Scam,BNS 318(4),16.002397,75.544813,P007467,P003271,"P005987, P002068",SI Prakash Sharma,Chargesheeted
FIR202503227,FIR/3227/2025,PS0216,Chamarajanagar,2025-09-17 04:57,2025-09-17 07:57,Fraud,Corporate Fraud,BNS 318(4),11.766821,76.961444,P004461,P008677,P007354,SI Divya Hegde,Chargesheeted
FIR202503223,FIR/3223/2025,PS0216,Chamarajanagar,2025-09-16 21:44,2025-09-17 09:44,Robbery,Highway Robbery,BNS 309(4),11.757059,76.943414,P008382,P005783,P006693,PI Naveen Patil,Untraced
FIR202503225,FIR/3225/2025,PS0235,Chikkaballapura,2025-09-17 00:30,2025-09-17 10:30,Fraud,Land Scam,BNS 318(4),13.304704,77.567762,P008908,P009989,"P008653, P001882",PI Naveen Patil,Chargesheeted
FIR202503200,FIR/3200/2025,PS0216,Chamarajanagar,2025-09-15 01:08,2025-09-17 12:08,Vehicle Theft,Car Theft,BNS 303(2),11.770113,76.963852,P008894,P001587,P003458,PI Chetan Kumar,Chargesheeted
FIR202503228,FIR/3228/2025,PS0226,Chamarajanagar,2025-09-17 07:17,2025-09-17 13:17,Vehicle Theft,Car Theft,BNS 303(2),11.76246,77.025233,P009509,P009502,P001450,SI Divya Hegde,Under Investigation
FIR202503229,FIR/3229/2025,PS0016,Bagalkote,2025-09-17 07:48,2025-09-17 14:48,POCSO,Sexual Assault on Minor,"POCSO Act Sec 4, BNS 64",15.992624,75.664304,P007625,P001568,P005522,PI Suresh Kulkarni,Chargesheeted
FIR202503216,FIR/3216/2025,PS0166,Bidar,2025-09-16 10:14,2025-09-17 15:14,NDPS,Drug Trafficking,NDPS Act Sec 20(b),17.789041,77.473614,P004191,P002339,P009636,PI Naveen Patil,Chargesheeted
FIR202503194,FIR/3194/2025,PS0235,Chikkaballapura,2025-09-14 05:05,2025-09-17 16:05,POCSO,Sexual Assault on Minor,"POCSO Act Sec 4, BNS 64",13.291411,77.573363,P008554,P004099,P006251,SI Ravi Kumar,Chargesheeted
FIR202503231,FIR/3231/2025,PS0025,Bagalkote,2025-09-17 13:15,2025-09-17 21:15,Murder,Dowry Homicide,BNS 103(1),16.33105,75.867423,P005868,P009424,P004259,SI Divya Hegde,Chargesheeted
FIR202503236,FIR/3236/2025,PS0095,Bengaluru Rural,2025-09-17 19:16,2025-09-17 22:16,Fraud,Land Scam,BNS 318(4),13.088282,77.394386,P008074,P009429,P004425,SI Prakash Sharma,Under Investigation
FIR202503205,FIR/3205/2025,PS0035,Ballari,2025-09-15 11:50,2025-09-17 22:50,Burglary,Night House Breaking,"BNS 331(3), BNS 331(4)",15.250256,76.874212,P002997,P008153,P009103,PI Suresh Kulkarni,Untraced
FIR202503235,FIR/3235/2025,PS0157,Bidar,2025-09-17 18:37,2025-09-17 23:37,Assault,Simple Assault,"BNS 115(2), BNS 117(2)",17.839755,77.577854,P004266,P006471,P003482,SI Mahesh Bhat,Under Investigation
FIR202503222,FIR/3222/2025,PS0197,Chamarajanagar,2025-09-16 20:54,2025-09-18 04:54,Fraud,Land Scam,BNS 318(4),11.843581,77.049026,P007930,P000955,P002197,SI Mahesh Bhat,Closed
FIR202503239,FIR/3239/2025,PS0018,Bagalkote,2025-09-18 05:07,2025-09-18 09:07,Burglary,Day Burglary,"BNS 331(3), BNS 331(4)",16.199257,75.796516,P003106,P003225,P001590,SI Prakash Sharma,Under Investigation
FIR202503226,FIR/3226/2025,PS0163,Bidar,2025-09-17 04:26,2025-09-18 11:26,Dacoity,Bank Dacoity,BNS 310(2),17.939616,77.576948,P007748,P004440,P000213,PI Naveen Patil,Chargesheeted
FIR202503242,FIR/3242/2025,PS0068,Belagavi,2025-09-18 17:15,2025-09-18 22:15,Burglary,Day Burglary,"BNS 331(3), BNS 331(4)",16.040636,74.378729,P001361,P006523,P003120,PI Harish Naik,Under Investigation
FIR202503237,FIR/3237/2025,PS0207,Chamarajanagar,2025-09-17 20:56,2025-09-18 22:56,Theft,House Theft,BNS 303(2),12.080317,77.132052,P009542,P001863,P003258,SI Ravi Kumar,Under Investigation
FIR202503233,FIR/3233/2025,PS0201,Chamarajanagar,2025-09-17 17:03,2025-09-19 00:03,Robbery,Chain Snatching with Force,BNS 309(4),12.015544,76.850878,P001034,P005224,P000721,SI Prakash Sharma,Untraced
FIR202503220,FIR/3220/2025,PS0206,Chamarajanagar,2025-09-16 19:18,2025-09-19 02:18,Fraud,Land Scam,BNS 318(4),11.820035,77.099427,P003647,P005493,P002422,SI Prakash Sharma,Under Investigation
FIR202503210,FIR/3210/2025,PS0004,Bagalkote,2025-09-16 01:56,2025-09-19 03:56,Cyber Crime,Identity Theft,"IT Act 66D, BNS 318(4)",16.018527,75.683721,P004297,P001590,P004628,PI Chetan Kumar,Under Investigation
FIR202503238,FIR/3238/2025,PS0050,Belagavi,2025-09-18 01:09,2025-09-19 04:09,Dacoity,Bank Dacoity,BNS 310(2),15.708591,74.331304,P003732,P005173,P004932,SI Mahesh Bhat,Under Investigation
FIR202503234,FIR/3234/2025,PS0176,Bidar,2025-09-17 18:34,2025-09-19 05:34,Assault,Public Affray,"BNS 115(2), BNS 117(2)",17.777235,77.518937,P003269,P008591,P003515,SI Ravi Kumar,Untraced
FIR202503243,FIR/3243/2025,PS0217,Chamarajanagar,2025-09-19 01:09,2025-09-19 07:09,Assault,Public Affray,"BNS 115(2), BNS 117(2)",11.745901,76.913717,P008674,P003374,P004370,PI Chetan Kumar,Under Investigation
FIR202503224,FIR/3224/2025,PS0154,Bidar,2025-09-16 23:35,2025-09-19 07:35,Assault,Public Affray,"BNS 115(2), BNS 117(2)",17.878119,77.408508,P008210,P002738,"P005294, P007884",PI Chetan Kumar,Chargesheeted
FIR202503230,FIR/3230/2025,PS0175,Bidar,2025-09-17 10:12,2025-09-19 11:12,Burglary,Day Burglary,"BNS 331(3), BNS 331(4)",18.013135,77.437463,P002713,P004971,P008617,PI Suresh Kulkarni,Chargesheeted
FIR202503245,FIR/3245/2025,PS0023,Bagalkote,2025-09-19 05:50,2025-09-19 11:50,Dacoity,Armed Dacoity,BNS 310(2),16.114027,75.783706,P009964,P003817,P002482,PI Ramesh Gowda,Under Investigation
FIR202503244,FIR/3244/2025,PS0163,Bidar,2025-09-19 03:17,2025-09-19 14:17,Murder,Gang Conflict,BNS 103(1),17.926629,77.606828,P007840,P003817,P003910,SI Divya Hegde,Under Investigation
FIR202503246,FIR/3246/2025,PS0065,Belagavi,2025-09-19 07:30,2025-09-19 15:30,Dacoity,Bank Dacoity,BNS 310(2),15.766147,74.445064,P006322,P003031,P006886,SI Ravi Kumar,Under Investigation
FIR202503248,FIR/3248/2025,PS0205,Chamarajanagar,2025-09-19 13:29,2025-09-19 18:29,Vehicle Theft,Two-Wheeler Theft,BNS 303(2),11.941076,76.803789,P001137,P006606,P001067,PI Suresh Kulkarni,Under Investigation
FIR202503240,FIR/3240/2025,PS0214,Chamarajanagar,2025-09-18 06:30,2025-09-19 18:30,Burglary,Night House Breaking,"BNS 331(3), BNS 331(4)",11.937816,76.840272,P005037,P007419,P001557,SI Ravi Kumar,Under Investigation
FIR202503250,FIR/3250/2025,PS0200,Chamarajanagar,2025-09-19 15:13,2025-09-19 20:13,Theft,Pocket Pick,BNS 303(2),11.81521,77.001398,P003570,P002364,P002031,PI Suresh Kulkarni,Untraced
FIR202503241,FIR/3241/2025,PS0130,Bengaluru Urban,2025-09-18 15:22,2025-09-20 02:22,Burglary,Night House Breaking,"BNS 331(3), BNS 331(4)",13.121849,77.481153,P007552,P000844,P007849,PI Harish Naik,Chargesheeted
FIR202503232,FIR/3232/2025,PS0199,Chamarajanagar,2025-09-17 16:56,2025-09-20 04:56,Burglary,Day Burglary,"BNS 331(3), BNS 331(4)",11.842291,77.03855,P003370,P007882,P000281,SI Ravi Kumar,Closed
FIR202503257,FIR/3257/2025,PS0179,Bidar,2025-09-20 03:33,2025-09-20 06:33,Murder,Dowry Homicide,BNS 103(1),18.096586,77.376384,P007782,P002297,P001037,PI Naveen Patil,Under Investigation
FIR202503255,FIR/3255/2025,PS0143,Bengaluru Urban,2025-09-20 01:11,2025-09-20 07:11,Cyber Crime,Financial Fraud,"IT Act 66D, BNS 318(4)",12.805693,77.418029,P005455,P009283,P002659,PI Suresh Kulkarni,Chargesheeted
FIR202503262,FIR/3262/2025,PS0240,Chikkaballapura,2025-09-20 08:37,2025-09-20 09:37,Assault,Simple Assault,"BNS 115(2), BNS 117(2)",13.400214,77.831031,P004562,P007503,P004064,SI Ravi Kumar,Under Investigation
FIR202503214,FIR/3214/2025,PS0219,Chamarajanagar,2025-09-16 07:34,2025-09-20 13:34,Cyber Crime,Financial Fraud,"IT Act 66D, BNS 318(4)",11.869818,76.878621,P009541,P008926,P005428,PI Lakshmi Devi,Under Investigation
FIR202503259,FIR/3259/2025,PS0008,Bagalkote,2025-09-20 06:50,2025-09-20 13:50,Murder,Dowry Homicide,BNS 103(1),16.25002,75.505695,P000728,P001869,"P009374, P009462",PI Harish Naik,Chargesheeted
FIR202503249,FIR/3249/2025,PS0042,Ballari,2025-09-19 14:22,2025-09-20 18:22,Assault,Public Affray,"BNS 115(2), BNS 117(2)",15.02249,77.017214,P005344,P009201,P008310,SI Ravi Kumar,Chargesheeted
FIR202503219,FIR/3219/2025,PS0203,Chamarajanagar,2025-09-16 18:55,2025-09-20 19:55,Vehicle Theft,Car Theft,BNS 303(2),11.927721,76.857357,P001609,P009763,P002021,SI Prakash Sharma,Chargesheeted
FIR202503252,FIR/3252/2025,PS0023,Bagalkote,2025-09-19 19:09,2025-09-20 23:09,Cyber Crime,Phishing,"IT Act 66D, BNS 318(4)",16.096416,75.789861,P004492,P005971,"P007315, P008746",SI Ganesh Rao,Closed
FIR202503254,FIR/3254/2025,PS0112,Bengaluru Urban,2025-09-19 21:58,2025-09-20 23:58,Cyber Crime,Identity Theft,"IT Act 66D, BNS 318(4)",13.120863,77.585525,P006212,P007866,P008504,PI Suresh Kulkarni,Chargesheeted
FIR202503268,FIR/3268/2025,PS0122,Bengaluru Urban,2025-09-21 00:06,2025-09-21 02:06,Fraud,Corporate Fraud,BNS 318(4),13.11322,77.530345,P004849,P004246,P005690,PI Ramesh Gowda,Chargesheeted
FIR202503266,FIR/3266/2025,PS0169,Bidar,2025-09-20 22:50,2025-09-21 02:50,Burglary,Day Burglary,"BNS 331(3), BNS 331(4)",17.988719,77.70772,P009547,P004046,P005857,PI Suresh Kulkarni,Chargesheeted
FIR202503267,FIR/3267/2025,PS0031,Ballari,2025-09-20 23:54,2025-09-21 02:54,Robbery,Highway Robbery,BNS 309(4),14.977732,77.109508,P008040,P006916,P005107,PI Suresh Kulkarni,Chargesheeted
FIR202503253,FIR/3253/2025,PS0025,Bagalkote,2025-09-19 19:51,2025-09-21 03:51,Murder,Personal Enmity,BNS 103(1),16.321128,75.856973,P001339,P006080,P008037,SI Ravi Kumar,Chargesheeted
FIR202503269,FIR/3269/2025,PS0003,Bagalkote,2025-09-21 01:22,2025-09-21 12:22,Dacoity,Armed Dacoity,BNS 310(2),16.328964,75.870306,P004566,P004670,"P007485, P006891",PI Ramesh Gowda,Under Investigation
FIR202503261,FIR/3261/2025,PS0174,Bidar,2025-09-20 08:22,2025-09-21 17:22,Theft,Snatching,BNS 303(2),17.855625,77.565942,P001144,P009728,P005639,SI Divya Hegde,Chargesheeted
FIR202503258,FIR/3258/2025,PS0215,Chamarajanagar,2025-09-20 06:36,2025-09-21 18:36,Vehicle Theft,Car Theft,BNS 303(2),11.857549,76.981539,P000943,P002919,P008439,SI Mahesh Bhat,Chargesheeted
FIR202503275,FIR/3275/2025,PS0019,Bagalkote,2025-09-21 12:39,2025-09-21 23:39,Burglary,Night House Breaking,"BNS 331(3), BNS 331(4)",16.048513,75.875649,P006922,P006245,P006695,SI Ravi Kumar,Closed
FIR202503277,FIR/3277/2025,PS0204,Chamarajanagar,2025-09-21 15:26,2025-09-22 01:26,Murder,Dowry Homicide,BNS 103(1),12.066865,77.056261,P004809,P003401,P005651,PI Chetan Kumar,Chargesheeted
FIR202503265,FIR/3265/2025,PS0176,Bidar,2025-09-20 21:50,2025-09-22 08:50,NDPS,Possession of Narcotics,NDPS Act Sec 20(b),17.750161,77.525386,P004005,P001199,P008802,PI Lakshmi Devi,Closed
FIR202503272,FIR/3272/2025,PS0163,Bidar,2025-09-21 07:00,2025-09-22 09:00,Dacoity,Bank Dacoity,BNS 310(2),17.948831,77.592328,P000611,P008411,P005966,SI Prakash Sharma,Chargesheeted
FIR202503280,FIR/3280/2025,PS0153,Bidar,2025-09-22 00:07,2025-09-22 09:07,Dacoity,Armed Dacoity,BNS 310(2),17.746797,77.350331,P009816,P008349,P001054,SI Divya Hegde,Chargesheeted
FIR202503283,FIR/3283/2025,PS0017,Bagalkote,2025-09-22 03:27,2025-09-22 09:27,NDPS,Drug Trafficking,NDPS Act Sec 20(b),16.279553,75.540065,P005223,P006177,P003221,PI Lakshmi Devi,Under Investigation
FIR202503278,FIR/3278/2025,PS0002,Bagalkote,2025-09-21 22:35,2025-09-22 09:35,Murder,Dowry Homicide,BNS 103(1),16.099834,75.49379,P001033,P003173,P004664,PI Harish Naik,Chargesheeted
FIR202503281,FIR/3281/2025,PS0216,Chamarajanagar,2025-09-22 02:05,2025-09-22 13:05,Cyber Crime,Identity Theft,"IT Act 66D, BNS 318(4)",11.736326,76.960622,P001213,P008008,P007061,PI Chetan Kumar,Chargesheeted
FIR202503284,FIR/3284/2025,PS0155,Bidar,2025-09-22 03:39,2025-09-22 13:39,Murder,Dowry Homicide,BNS 103(1),17.957467,77.339909,P008476,P001126,P008170,SI Ravi Kumar,Chargesheeted
FIR202503294,FIR/3294/2025,PS0171,Bidar,2025-09-22 17:02,2025-09-22 19:02,Assault,Simple Assault,"BNS 115(2), BNS 117(2)",17.760923,77.57473,P005818,P000267,P005197,SI Prakash Sharma,Chargesheeted
FIR202503290,FIR/3290/2025,PS0195,Chamarajanagar,2025-09-22 12:39,2025-09-22 19:39,Robbery,Highway Robbery,BNS 309(4),11.870983,77.079039,P003900,P001028,P007398,PI Naveen Patil,Chargesheeted
FIR202503260,FIR/3260/2025,PS0025,Bagalkote,2025-09-20 07:59,2025-09-22 19:59,Fraud,Corporate Fraud,BNS 318(4),16.328774,75.836845,P005478,P007213,P000252,SI Ravi Kumar,Closed
FIR202503247,FIR/3247/2025,PS0155,Bidar,2025-09-19 11:05,2025-09-22 21:05,Dacoity,Armed Dacoity,BNS 310(2),17.953072,77.335438,P005108,P009426,P003961,PI Naveen Patil,Chargesheeted
FIR202503291,FIR/3291/2025,PS0228,Chamarajanagar,2025-09-22 13:08,2025-09-23 00:08,Cyber Crime,Identity Theft,"IT Act 66D, BNS 318(4)",12.120386,77.137289,P000308,P008553,P008641,SI Ravi Kumar,Chargesheeted
FIR202503276,FIR/3276/2025,PS0210,Chamarajanagar,2025-09-21 14:31,2025-09-23 00:31,Fraud,Corporate Fraud,BNS 318(4),12.007685,76.812019,P001892,P008866,P000162,SI Prakash Sharma,Chargesheeted
FIR202503293,FIR/3293/2025,PS0166,Bidar,2025-09-22 15:14,2025-09-23 01:14,Assault,Public Affray,"BNS 115(2), BNS 117(2)",17.788933,77.506704,P006567,P009887,P008229,PI Chetan Kumar,Under Investigation
FIR202503264,FIR/3264/2025,PS0080,Bengaluru Rural,2025-09-20 21:45,2025-09-23 06:45,Murder,Gang Conflict,BNS 103(1),13.378044,77.592861,P005564,P006515,P009714,SI Ravi Kumar,Chargesheeted
FIR202503295,FIR/3295/2025,PS0084,Bengaluru Rural,2025-09-22 23:48,2025-09-23 06:48,POCSO,Sexual Assault on Minor,"POCSO Act Sec 4, BNS 64",13.15974,77.546634,P003662,P007046,P006279,PI Suresh Kulkarni,Under Investigation
FIR202503287,FIR/3287/2025,PS0135,Bengaluru Urban,2025-09-22 05:37,2025-09-23 09:37,Fraud,Corporate Fraud,BNS 318(4),12.926459,77.463568,P008427,P004198,P008192,PI Chetan Kumar,Chargesheeted
FIR202503297,FIR/3297/2025,PS0027,Ballari,2025-09-23 02:46,2025-09-23 10:46,Fraud,Land Scam,BNS 318(4),15.052431,77.086528,P002774,P009001,"P008491, P009515",PI Lakshmi Devi,Chargesheeted
FIR202503279,FIR/3279/2025,PS0167,Bidar,2025-09-21 23:15,2025-09-23 11:15,Assault,Grievous Hurt,"BNS 115(2), BNS 117(2)",18.042477,77.4325,P008413,P007945,P005373,SI Mahesh Bhat,Untraced
FIR202503271,FIR/3271/2025,PS0249,Chikkaballapura,2025-09-21 05:18,2025-09-23 11:18,Vehicle Theft,Car Theft,BNS 303(2),13.478794,77.534944,P001806,P000875,P002295,SI Ganesh Rao,Under Investigation
FIR202503274,FIR/3274/2025,PS0075,Bengaluru Rural,2025-09-21 12:24,2025-09-23 13:24,Assault,Public Affray,"BNS 115(2), BNS 117(2)",13.19913,77.504818,P007759,P007935,P006307,SI Ravi Kumar,Chargesheeted
FIR202503273,FIR/3273/2025,PS0002,Bagalkote,2025-09-21 09:19,2025-09-23 15:19,Cyber Crime,Identity Theft,"IT Act 66D, BNS 318(4)",16.122433,75.521887,P008075,P006751,P007074,SI Prakash Sharma,Chargesheeted
FIR202503286,FIR/3286/2025,PS0205,Chamarajanagar,2025-09-22 05:06,2025-09-23 16:06,Fraud,Corporate Fraud,BNS 318(4),11.941326,76.774351,P003606,P001248,P005550,PI Lakshmi Devi,Under Investigation
FIR202503298,FIR/3298/2025,PS0102,Bengaluru Rural,2025-09-23 04:31,2025-09-23 16:31,Vehicle Theft,Car Theft,BNS 303(2),13.136443,77.648051,P009074,P000549,P000397,PI Ramesh Gowda,Chargesheeted
FIR202503288,FIR/3288/2025,PS0002,Bagalkote,2025-09-22 10:09,2025-09-23 18:09,Cyber Crime,Phishing,"IT Act 66D, BNS 318(4)",16.116362,75.522691,P005980,P002706,P005308,PI Naveen Patil,Chargesheeted
FIR202503300,FIR/3300/2025,PS0100,Bengaluru Rural,2025-09-23 13:17,2025-09-23 20:17,Fraud,Corporate Fraud,BNS 318(4),13.153618,77.522819,P004631,P009275,P000112,PI Harish Naik,Under Investigation
FIR202503263,FIR/3263/2025,PS0234,Chamarajanagar,2025-09-20 12:41,2025-09-24 00:41,Cyber Crime,Phishing,"IT Act 66D, BNS 318(4)",12.021087,76.840309,P000554,P006273,P003236,PI Suresh Kulkarni,Under Investigation
FIR202503256,FIR/3256/2025,PS0119,Bengaluru Urban,2025-09-20 01:53,2025-09-24 11:53,Dacoity,Bank Dacoity,BNS 310(2),12.802998,77.776603,P009299,P003342,P001803,PI Ramesh Gowda,Untraced
FIR202503311,FIR/3311/2025,PS0004,Bagalkote,2025-09-24 14:55,2025-09-24 17:55,Burglary,Night House Breaking,"BNS 331(3), BNS 331(4)",16.034843,75.705189,P006159,P009443,P006780,PI Suresh Kulkarni,Under Investigation
FIR202503251,FIR/3251/2025,PS0013,Bagalkote,2025-09-19 17:35,2025-09-24 18:35,Cyber Crime,Identity Theft,"IT Act 66D, BNS 318(4)",16.158701,75.678289,P003681,P003828,P001618,SI Ravi Kumar,Chargesheeted
FIR202503299,FIR/3299/2025,PS0160,Bidar,2025-09-23 10:52,2025-09-24 18:52,Burglary,Night House Breaking,"BNS 331(3), BNS 331(4)",17.882293,77.347813,P009002,P006877,P001925,SI Ganesh Rao,Chargesheeted
FIR202503308,FIR/3308/2025,PS0095,Bengaluru Rural,2025-09-24 09:22,2025-09-24 21:22,Murder,Personal Enmity,BNS 103(1),13.094591,77.395801,P000998,P001863,P003556,SI Mahesh Bhat,Chargesheeted
FIR202503312,FIR/3312/2025,PS0153,Bidar,2025-09-24 18:28,2025-09-24 22:28,Dacoity,Armed Dacoity,BNS 310(2),17.745916,77.339178,P003914,P008488,P007633,SI Ganesh Rao,Under Investigation
FIR202503313,FIR/3313/2025,PS0209,Chamarajanagar,2025-09-24 22:38,2025-09-25 05:38,POCSO,Harassment,"POCSO Act Sec 4, BNS 64",12.077988,77.018853,P007265,P004628,P007798,SI Mahesh Bhat,Chargesheeted
FIR202503315,FIR/3315/2025,PS0113,Bengaluru Urban,2025-09-25 05:16,2025-09-25 06:16,Murder,Gang Conflict,BNS 103(1),13.169816,77.477919,P009195,P003860,P003067,SI Divya Hegde,Chargesheeted
FIR202503305,FIR/3305/2025,PS0117,Bengaluru Urban,2025-09-24 00:52,2025-09-25 06:52,NDPS,Possession of Narcotics,NDPS Act Sec 20(b),13.12696,77.770713,P004516,P005010,P002278,PI Harish Naik,Under Investigation
FIR202503296,FIR/3296/2025,PS0181,Bidar,2025-09-23 01:19,2025-09-25 07:19,Murder,Dowry Homicide,BNS 103(1),18.013618,77.394416,P008953,P003006,P003411,PI Lakshmi Devi,Under Investigation
FIR202503285,FIR/3285/2025,PS0076,Bengaluru Rural,2025-09-22 03:46,2025-09-25 07:46,POCSO,Harassment,"POCSO Act Sec 4, BNS 64",13.323145,77.757272,P007337,P006853,P000055,SI Ganesh Rao,Chargesheeted
FIR202503270,FIR/3270/2025,PS0211,Chamarajanagar,2025-09-21 03:52,2025-09-25 08:52,Vehicle Theft,Car Theft,BNS 303(2),11.837711,77.072893,P006177,P003672,P006562,SI Ganesh Rao,Chargesheeted
FIR202503314,FIR/3314/2025,PS0020,Bagalkote,2025-09-25 04:54,2025-09-25 08:54,Robbery,Chain Snatching with Force,BNS 309(4),16.24898,75.57975,P006017,P005280,P000885,SI Prakash Sharma,Under Investigation
FIR202503282,FIR/3282/2025,PS0216,Chamarajanagar,2025-09-22 03:06,2025-09-25 09:06,Cyber Crime,Financial Fraud,"IT Act 66D, BNS 318(4)",11.766079,76.95688,P003031,P006609,P002872,PI Naveen Patil,Chargesheeted
FIR202503303,FIR/3303/2025,PS0080,Bengaluru Rural,2025-09-24 00:50,2025-09-25 09:50,Murder,Dowry Homicide,BNS 103(1),13.358743,77.61335,P002269,P003118,P004381,PI Chetan Kumar,Under Investigation
FIR202503306,FIR/3306/2025,PS0042,Ballari,2025-09-24 06:51,2025-09-25 12:51,Fraud,Corporate Fraud,BNS 318(4),15.054649,77.006577,P002168,P004409,P000164,PI Naveen Patil,Chargesheeted
FIR202503316,FIR/3316/2025,PS0233,Chamarajanagar,2025-09-25 11:21,2025-09-25 13:21,Robbery,Chain Snatching with Force,BNS 309(4),11.750795,76.814594,P005534,P003281,P002944,SI Ravi Kumar,Chargesheeted
FIR202503292,FIR/3292/2025,PS0160,Bidar,2025-09-22 13:21,2025-09-25 15:21,Dacoity,Bank Dacoity,BNS 310(2),17.873356,77.341701,P008499,P007019,P009366,SI Divya Hegde,Untraced
FIR202503307,FIR/3307/2025,PS0090,Bengaluru Rural,2025-09-24 07:36,2025-09-25 17:36,Assault,Public Affray,"BNS 115(2), BNS 117(2)",13.410268,77.485848,P007416,P002555,P002254,PI Ramesh Gowda,Under Investigation
FIR202503302,FIR/3302/2025,PS0158,Bidar,2025-09-23 16:08,2025-09-25 21:08,Murder,Personal Enmity,BNS 103(1),17.903617,77.513884,P000161,P002911,P006385,SI Ravi Kumar,Chargesheeted
FIR202503289,FIR/3289/2025,PS0174,Bidar,2025-09-22 11:06,2025-09-25 23:06,Assault,Grievous Hurt,"BNS 115(2), BNS 117(2)",17.857889,77.568239,P002993,P008537,P002917,SI Mahesh Bhat,Chargesheeted
FIR202503321,FIR/3321/2025,PS0085,Bengaluru Rural,2025-09-25 21:50,2025-09-26 01:50,Cyber Crime,Identity Theft,"IT Act 66D, BNS 318(4)",13.093284,77.414355,P004322,P008826,P009032,PI Chetan Kumar,Chargesheeted
FIR202503324,FIR/3324/2025,PS0159,Bidar,2025-09-26 01:55,2025-09-26 05:55,Assault,Simple Assault,"BNS 115(2), BNS 117(2)",18.071721,77.495811,P003975,P008162,"P004700, P002457",SI Prakash Sharma,Chargesheeted
FIR202503320,FIR/3320/2025,PS0012,Bagalkote,2025-09-25 19:16,2025-09-26 06:16,Dacoity,Bank Dacoity,BNS 310(2),16.271355,75.835717,P009407,P001336,P004985,SI Ganesh Rao,Under Investigation
FIR202503304,FIR/3304/2025,PS0023,Bagalkote,2025-09-24 00:51,2025-09-26 08:51,Robbery,Highway Robbery,BNS 309(4),16.116591,75.798339,P003667,P008895,P008888,SI Prakash Sharma,Chargesheeted
FIR202503327,FIR/3327/2025,PS0210,Chamarajanagar,2025-09-26 12:56,2025-09-26 19:56,Fraud,Corporate Fraud,BNS 318(4),12.023243,76.814012,P002138,P003045,P000567,PI Suresh Kulkarni,Untraced
FIR202503330,FIR/3330/2025,PS0173,Bidar,2025-09-26 17:23,2025-09-26 21:23,Fraud,Cheating,BNS 318(4),17.760593,77.576982,P009748,P000526,P005007,SI Ravi Kumar,Chargesheeted
FIR202503318,FIR/3318/2025,PS0154,Bidar,2025-09-25 12:47,2025-09-26 22:47,Theft,Snatching,BNS 303(2),17.882868,77.402353,P005721,P002532,P007678,SI Ravi Kumar,Chargesheeted
FIR202503310,FIR/3310/2025,PS0230,Chamarajanagar,2025-09-24 14:14,2025-09-26 23:14,Burglary,Day Burglary,"BNS 331(3), BNS 331(4)",11.768177,77.050159,P002953,P004348,P002279,PI Chetan Kumar,Chargesheeted
FIR202503335,FIR/3335/2025,PS0231,Chamarajanagar,2025-09-27 03:16,2025-09-27 05:16,Cyber Crime,Phishing,"IT Act 66D, BNS 318(4)",11.964988,77.01238,P009953,P002024,P003689,SI Prakash Sharma,Under Investigation
FIR202503323,FIR/3323/2025,PS0190,Bidar,2025-09-26 01:25,2025-09-27 10:25,Cyber Crime,Identity Theft,"IT Act 66D, BNS 318(4)",17.726571,77.579793,P008885,P008869,P007998,PI Chetan Kumar,Chargesheeted
FIR202503309,FIR/3309/2025,PS0018,Bagalkote,2025-09-24 09:56,2025-09-27 10:56,POCSO,Harassment,"POCSO Act Sec 4, BNS 64",16.187414,75.792528,P003623,P005246,P003306,SI Mahesh Bhat,Chargesheeted
FIR202503334,FIR/3334/2025,PS0226,Chamarajanagar,2025-09-27 03:00,2025-09-27 13:00,NDPS,Possession of Narcotics,NDPS Act Sec 20(b),11.765504,77.001875,P005990,P005802,P004324,PI Harish Naik,Under Investigation
FIR202503325,FIR/3325/2025,PS0210,Chamarajanagar,2025-09-26 05:26,2025-09-27 13:26,NDPS,Drug Trafficking,NDPS Act Sec 20(b),11.991928,76.78338,P009554,P009662,P008694,SI Ravi Kumar,Closed
FIR202503339,FIR/3339/2025,PS0169,Bidar,2025-09-27 11:41,2025-09-27 14:41,Vehicle Theft,Car Theft,BNS 303(2),17.988567,77.707979,P008375,P007574,P006937,PI Naveen Patil,Under Investigation
FIR202503317,FIR/3317/2025,PS0015,Bagalkote,2025-09-25 11:37,2025-09-27 19:37,Robbery,Chain Snatching with Force,BNS 309(4),16.035856,75.691259,P002627,P002060,P002566,PI Chetan Kumar,Under Investigation
FIR202503329,FIR/3329/2025,PS0214,Chamarajanagar,2025-09-26 15:31,2025-09-27 20:31,Theft,House Theft,BNS 303(2),11.950885,76.843165,P001611,P005692,P005517,PI Ramesh Gowda,Chargesheeted
FIR202503344,FIR/3344/2025,PS0144,Bengaluru Urban,2025-09-27 21:38,2025-09-28 00:38,Cyber Crime,Identity Theft,"IT Act 66D, BNS 318(4)",12.829654,77.571077,P008624,P006479,P004069,PI Harish Naik,Under Investigation
FIR202503340,FIR/3340/2025,PS0161,Bidar,2025-09-27 16:48,2025-09-28 01:48,Cyber Crime,Identity Theft,"IT Act 66D, BNS 318(4)",17.987963,77.490993,P004415,P003243,P003636,PI Ramesh Gowda,Under Investigation
FIR202503341,FIR/3341/2025,PS0226,Chamarajanagar,2025-09-27 17:41,2025-09-28 02:41,Cyber Crime,Financial Fraud,"IT Act 66D, BNS 318(4)",11.742897,77.007603,P001355,P000621,P007557,PI Suresh Kulkarni,Under Investigation
FIR202503333,FIR/3333/2025,PS0184,Bidar,2025-09-27 00:58,2025-09-28 03:58,Assault,Public Affray,"BNS 115(2), BNS 117(2)",17.909136,77.637471,P009617,P007262,P000584,SI Ganesh Rao,Chargesheeted
FIR202503346,FIR/3346/2025,PS0117,Bengaluru Urban,2025-09-28 01:21,2025-09-28 06:21,Cyber Crime,Phishing,"IT Act 66D, BNS 318(4)",13.118896,77.777556,P008137,P007220,P001852,SI Mahesh Bhat,Under Investigation
FIR202503326,FIR/3326/2025,PS0160,Bidar,2025-09-26 07:02,2025-09-28 08:02,NDPS,Drug Trafficking,NDPS Act Sec 20(b),17.887276,77.373526,P007648,P003526,P002026,SI Divya Hegde,Chargesheeted
FIR202503348,FIR/3348/2025,PS0216,Chamarajanagar,2025-09-28 05:21,2025-09-28 09:21,Cyber Crime,Financial Fraud,"IT Act 66D, BNS 318(4)",11.757322,76.938297,P004013,P007242,P002981,PI Naveen Patil,Untraced
FIR202503349,FIR/3349/2025,PS0190,Bidar,2025-09-28 08:55,2025-09-28 11:55,Assault,Grievous Hurt,"BNS 115(2), BNS 117(2)",17.74535,77.563282,P001310,P000294,P000955,SI Divya Hegde,Chargesheeted
FIR202503347,FIR/3347/2025,PS0192,Bidar,2025-09-28 02:55,2025-09-28 14:55,Assault,Public Affray,"BNS 115(2), BNS 117(2)",18.000261,77.322119,P006565,P009436,P007159,SI Ganesh Rao,Chargesheeted
FIR202503328,FIR/3328/2025,PS0114,Bengaluru Urban,2025-09-26 13:46,2025-09-28 16:46,Fraud,Corporate Fraud,BNS 318(4),12.99342,77.742834,P005439,P008767,P003362,PI Ramesh Gowda,Closed
FIR202503337,FIR/3337/2025,PS0167,Bidar,2025-09-27 08:56,2025-09-28 16:56,Dacoity,Bank Dacoity,BNS 310(2),18.032583,77.426214,P007403,P004985,P000913,PI Ramesh Gowda,Chargesheeted
FIR202503342,FIR/3342/2025,PS0160,Bidar,2025-09-27 19:55,2025-09-28 20:55,Fraud,Cheating,BNS 318(4),17.878813,77.363041,P009403,P008960,P000478,SI Divya Hegde,Under Investigation
FIR202503351,FIR/3351/2025,PS0012,Bagalkote,2025-09-28 14:54,2025-09-28 21:54,Murder,Gang Conflict,BNS 103(1),16.275313,75.799188,P006119,P008472,P006391,PI Suresh Kulkarni,Chargesheeted
FIR202503301,FIR/3301/2025,PS0204,Chamarajanagar,2025-09-23 15:13,2025-09-28 22:13,Burglary,Day Burglary,"BNS 331(3), BNS 331(4)",12.067946,77.061,P005162,P009530,P001263,SI Prakash Sharma,Under Investigation
FIR202503350,FIR/3350/2025,PS0188,Bidar,2025-09-28 12:12,2025-09-28 23:12,Assault,Simple Assault,"BNS 115(2), BNS 117(2)",17.943671,77.684891,P002781,P002475,P003950,SI Ganesh Rao,Chargesheeted
FIR202503358,FIR/3358/2025,PS0149,Bengaluru Urban,2025-09-28 22:24,2025-09-28 23:24,Vehicle Theft,Car Theft,BNS 303(2),13.076172,77.46548,P000446,P003064,P009843,SI Divya Hegde,Chargesheeted
FIR202503319,FIR/3319/2025,PS0028,Ballari,2025-09-25 13:46,2025-09-28 23:46,Burglary,Night House Breaking,"BNS 331(3), BNS 331(4)",15.033317,76.840854,P004410,P000247,P006894,SI Ravi Kumar,Under Investigation
FIR202503343,FIR/3343/2025,PS0200,Chamarajanagar,2025-09-27 20:46,2025-09-28 23:46,Burglary,Day Burglary,"BNS 331(3), BNS 331(4)",11.787706,77.012704,P003627,P008830,P006075,PI Lakshmi Devi,Chargesheeted
FIR202503331,FIR/3331/2025,PS0157,Bidar,2025-09-26 17:40,2025-09-29 02:40,NDPS,Drug Trafficking,NDPS Act Sec 20(b),17.803947,77.569443,P001651,P000742,P008856,SI Divya Hegde,Chargesheeted
FIR202503355,FIR/3355/2025,PS0210,Chamarajanagar,2025-09-28 22:05,2025-09-29 04:05,Cyber Crime,Phishing,"IT Act 66D, BNS 318(4)",12.013468,76.818744,P001232,P000327,P002996,PI Suresh Kulkarni,Untraced
FIR202503356,FIR/3356/2025,PS0123,Bengaluru Urban,2025-09-28 22:18,2025-09-29 05:18,Fraud,Corporate Fraud,BNS 318(4),13.006371,77.476336,P003019,P008511,P002374,PI Naveen Patil,Closed
FIR202503322,FIR/3322/2025,PS0210,Chamarajanagar,2025-09-25 23:41,2025-09-29 08:41,POCSO,Harassment,"POCSO Act Sec 4, BNS 64",12.012781,76.807839,P002002,P006023,P009383,PI Ramesh Gowda,Chargesheeted
FIR202503360,FIR/3360/2025,PS0223,Chamarajanagar,2025-09-29 04:51,2025-09-29 09:51,Murder,Dowry Homicide,BNS 103(1),11.866308,76.774955,P001034,P001856,P004050,PI Harish Naik,Chargesheeted
FIR202503363,FIR/3363/2025,PS0198,Chamarajanagar,2025-09-29 08:21,2025-09-29 17:21,Dacoity,Bank Dacoity,BNS 310(2),11.834607,77.060407,P000500,P007583,P001044,PI Suresh Kulkarni,Chargesheeted
FIR202503352,FIR/3352/2025,PS0007,Bagalkote,2025-09-28 16:16,2025-09-29 18:16,POCSO,Sexual Assault on Minor,"POCSO Act Sec 4, BNS 64",16.09008,75.626476,P003780,P008530,P000368,SI Prakash Sharma,Chargesheeted
FIR202503353,FIR/3353/2025,PS0230,Chamarajanagar,2025-09-28 20:18,2025-09-29 22:18,Murder,Dowry Homicide,BNS 103(1),11.757681,77.057774,P005689,P003949,P003665,PI Suresh Kulkarni,Closed
FIR202503370,FIR/3370/2025,PS0112,Bengaluru Urban,2025-09-29 21:13,2025-09-30 00:13,Vehicle Theft,Car Theft,BNS 303(2),13.090697,77.5803,P008060,P007613,P007091,SI Ravi Kumar,Closed
FIR202503367,FIR/3367/2025,PS0034,Ballari,2025-09-29 14:43,2025-09-30 02:43,Vehicle Theft,Car Theft,BNS 303(2),15.017705,77.080451,P004157,P001334,P006698,PI Ramesh Gowda,Under Investigation
FIR202503332,FIR/3332/2025,PS0019,Bagalkote,2025-09-26 18:44,2025-09-30 06:44,POCSO,Sexual Assault on Minor,"POCSO Act Sec 4, BNS 64",16.032824,75.895328,P007282,P007158,P006787,SI Mahesh Bhat,Chargesheeted
FIR202503374,FIR/3374/2025,PS0179,Bidar,2025-09-30 06:05,2025-09-30 07:05,Assault,Grievous Hurt,"BNS 115(2), BNS 117(2)",18.098688,77.39989,P009713,P004535,P008149,SI Prakash Sharma,Untraced
FIR202503357,FIR/3357/2025,PS0063,Belagavi,2025-09-28 22:21,2025-09-30 07:21,Burglary,Day Burglary,"BNS 331(3), BNS 331(4)",16.03026,74.699837,P004015,P004187,P006194,PI Naveen Patil,Untraced
FIR202503336,FIR/3336/2025,PS0003,Bagalkote,2025-09-27 06:40,2025-09-30 07:40,Assault,Grievous Hurt,"BNS 115(2), BNS 117(2)",16.347728,75.862798,P006787,P000042,P002566,PI Chetan Kumar,Chargesheeted
FIR202503345,FIR/3345/2025,PS0218,Chamarajanagar,2025-09-27 22:39,2025-09-30 08:39,Theft,House Theft,BNS 303(2),11.854195,77.024475,P000776,P002268,P007731,SI Mahesh Bhat,Closed
FIR202503371,FIR/3371/2025,PS0202,Chamarajanagar,2025-09-30 02:40,2025-09-30 11:40,Vehicle Theft,Two-Wheeler Theft,BNS 303(2),11.954699,76.875352,P008848,P005719,P008680,SI Ganesh Rao,Under Investigation
FIR202503361,FIR/3361/2025,PS0135,Bengaluru Urban,2025-09-29 06:50,2025-09-30 11:50,Cyber Crime,Financial Fraud,"IT Act 66D, BNS 318(4)",12.915702,77.461751,P009385,P007703,P000877,PI Suresh Kulkarni,Under Investigation
FIR202503366,FIR/3366/2025,PS0233,Chamarajanagar,2025-09-29 11:05,2025-09-30 13:05,Burglary,Day Burglary,"BNS 331(3), BNS 331(4)",11.755454,76.812354,P002644,P000940,P008717,SI Ganesh Rao,Untraced
FIR202503372,FIR/3372/2025,PS0208,Chamarajanagar,2025-09-30 05:22,2025-09-30 14:22,NDPS,Drug Trafficking,NDPS Act Sec 20(b),11.833403,77.148536,P002649,P003179,P006249,SI Ravi Kumar,Under Investigation
FIR202503362,FIR/3362/2025,PS0240,Chikkaballapura,2025-09-29 07:48,2025-09-30 16:48,Theft,House Theft,BNS 303(2),13.395933,77.82343,P004664,P000387,P006869,PI Naveen Patil,Chargesheeted
FIR202503338,FIR/3338/2025,PS0030,Ballari,2025-09-27 09:09,2025-09-30 17:09,Assault,Public Affray,"BNS 115(2), BNS 117(2)",15.194094,76.816359,P009167,P008364,P004484,PI Lakshmi Devi,Chargesheeted
FIR202503375,FIR/3375/2025,PS0126,Bengaluru Urban,2025-09-30 07:54,2025-09-30 19:54,NDPS,Possession of Narcotics,NDPS Act Sec 20(b),12.880004,77.573021,P009294,P009684,P002596,SI Ganesh Rao,Under Investigation
FIR202503377,FIR/3377/2025,PS0131,Bengaluru Urban,2025-09-30 19:07,2025-10-01 02:07,Cyber Crime,Phishing,"IT Act 66D, BNS 318(4)",12.989787,77.612027,P004995,P003171,P008375,SI Ravi Kumar,Under Investigation
FIR202503385,FIR/3385/2025,PS0230,Chamarajanagar,2025-10-01 06:57,2025-10-01 07:57,NDPS,Drug Trafficking,NDPS Act Sec 20(b),11.759761,77.047058,P006275,P009159,P006817,PI Naveen Patil,Chargesheeted
FIR202503380,FIR/3380/2025,PS0236,Chikkaballapura,2025-10-01 00:35,2025-10-01 09:35,Cyber Crime,Phishing,"IT Act 66D, BNS 318(4)",13.622435,77.93378,P006205,P003150,"P004228, P004408",PI Lakshmi Devi,Under Investigation
FIR202503381,FIR/3381/2025,PS0149,Bengaluru Urban,2025-10-01 00:41,2025-10-01 09:41,Theft,Snatching,BNS 303(2),13.069983,77.487718,P009634,P006516,P001491,PI Chetan Kumar,Chargesheeted
FIR202503382,FIR/3382/2025,PS0189,Bidar,2025-10-01 03:54,2025-10-01 09:54,Murder,Dowry Homicide,BNS 103(1),17.91404,77.377902,P007201,P008690,P003439,PI Ramesh Gowda,Chargesheeted
FIR202503386,FIR/3386/2025,PS0172,Bidar,2025-10-01 07:57,2025-10-01 09:57,Murder,Personal Enmity,BNS 103(1),17.971307,77.47575,P008392,P006971,P007978,PI Harish Naik,Chargesheeted
FIR202503365,FIR/3365/2025,PS0061,Belagavi,2025-09-29 09:50,2025-10-01 12:50,Theft,Snatching,BNS 303(2),16.015804,74.402424,P005640,P002287,P005530,PI Chetan Kumar,Chargesheeted
FIR202503384,FIR/3384/2025,PS0157,Bidar,2025-10-01 06:13,2025-10-01 14:13,Robbery,Chain Snatching with Force,BNS 309(4),17.823772,77.574788,P002507,P005522,P004598,PI Ramesh Gowda,Chargesheeted
FIR202503388,FIR/3388/2025,PS0057,Belagavi,2025-10-01 09:19,2025-10-01 14:19,Theft,Pocket Pick,BNS 303(2),15.699918,74.419661,P003116,P001137,P005644,SI Mahesh Bhat,Chargesheeted
FIR202503373,FIR/3373/2025,PS0192,Bidar,2025-09-30 05:40,2025-10-01 14:40,Robbery,Chain Snatching with Force,BNS 309(4),17.976465,77.353865,P006568,P003966,P001738,SI Ganesh Rao,Chargesheeted
FIR202503364,FIR/3364/2025,PS0225,Chamarajanagar,2025-09-29 09:46,2025-10-01 16:46,Robbery,Chain Snatching with Force,BNS 309(4),12.006018,76.781203,P007649,P002218,P006248,PI Naveen Patil,Under Investigation
FIR202503391,FIR/3391/2025,PS0034,Ballari,2025-10-01 12:52,2025-10-01 20:52,Theft,Pocket Pick,BNS 303(2),14.99279,77.088786,P007479,P002845,P007223,PI Chetan Kumar,Chargesheeted
FIR202503389,FIR/3389/2025,PS0126,Bengaluru Urban,2025-10-01 12:28,2025-10-01 23:28,Cyber Crime,Phishing,"IT Act 66D, BNS 318(4)",12.879201,77.562837,P008556,P003827,P008714,SI Divya Hegde,Under Investigation
FIR202503390,FIR/3390/2025,PS0011,Bagalkote,2025-10-01 12:40,2025-10-02 00:40,Dacoity,Armed Dacoity,BNS 310(2),16.14614,75.64609,P003623,P000499,P009722,PI Chetan Kumar,Under Investigation
FIR202503376,FIR/3376/2025,PS0153,Bidar,2025-09-30 13:50,2025-10-02 01:50,Cyber Crime,Financial Fraud,"IT Act 66D, BNS 318(4)",17.753923,77.343322,P001281,P000178,P007320,PI Ramesh Gowda,Under Investigation
FIR202503368,FIR/3368/2025,PS0235,Chikkaballapura,2025-09-29 17:32,2025-10-02 02:32,Cyber Crime,Financial Fraud,"IT Act 66D, BNS 318(4)",13.309265,77.547192,P009290,P004752,P009225,PI Ramesh Gowda,Chargesheeted
FIR202503394,FIR/3394/2025,PS0018,Bagalkote,2025-10-01 22:30,2025-10-02 04:30,Dacoity,Armed Dacoity,BNS 310(2),16.218539,75.80894,P001078,P004693,P004755,SI Mahesh Bhat,Chargesheeted
FIR202503354,FIR/3354/2025,PS0016,Bagalkote,2025-09-28 21:35,2025-10-02 04:35,Vehicle Theft,Two-Wheeler Theft,BNS 303(2),15.97652,75.670783,P001056,P003215,P002913,SI Ganesh Rao,Under Investigation
FIR202503359,FIR/3359/2025,PS0187,Bidar,2025-09-28 23:45,2025-10-02 08:45,Vehicle Theft,Car Theft,BNS 303(2),17.984615,77.706803,P001909,P006376,P006926,SI Mahesh Bhat,Chargesheeted
FIR202503399,FIR/3399/2025,PS0100,Bengaluru Rural,2025-10-02 10:22,2025-10-02 11:22,Fraud,Cheating,BNS 318(4),13.128022,77.539272,P008047,P008294,P001001,SI Prakash Sharma,Chargesheeted
FIR202503400,FIR/3400/2025,PS0228,Chamarajanagar,2025-10-02 12:29,2025-10-02 17:29,Robbery,Chain Snatching with Force,BNS 309(4),12.122085,77.104856,P000371,P005806,P002974,PI Lakshmi Devi,Chargesheeted
FIR202503405,FIR/3405/2025,PS0127,Bengaluru Urban,2025-10-02 19:06,2025-10-02 20:06,Cyber Crime,Phishing,"IT Act 66D, BNS 318(4)",13.117246,77.656553,P001772,P007659,P005933,PI Chetan Kumar,Under Investigation
FIR202503392,FIR/3392/2025,PS0166,Bidar,2025-10-01 15:14,2025-10-03 01:14,Murder,Gang Conflict,BNS 103(1),17.816029,77.478134,P003829,P001287,P007996,SI Ravi Kumar,Under Investigation
FIR202503403,FIR/3403/2025,PS0124,Bengaluru Urban,2025-10-02 15:31,2025-10-03 02:31,Fraud,Corporate Fraud,BNS 318(4),13.057859,77.673228,P008075,P001747,P007274,PI Harish Naik,Under Investigation
FIR202503369,FIR/3369/2025,PS0172,Bidar,2025-09-29 19:54,2025-10-03 03:54,Robbery,Chain Snatching with Force,BNS 309(4),17.962519,77.479198,P007482,P006103,P006316,SI Divya Hegde,Chargesheeted
FIR202503398,FIR/3398/2025,PS0202,Chamarajanagar,2025-10-02 06:43,2025-10-03 07:43,Burglary,Night House Breaking,"BNS 331(3), BNS 331(4)",11.925003,76.862271,P000972,P008231,P004834,PI Harish Naik,Chargesheeted
FIR202503406,FIR/3406/2025,PS0012,Bagalkote,2025-10-02 21:35,2025-10-03 08:35,Dacoity,Armed Dacoity,BNS 310(2),16.284848,75.814906,P003908,P002124,P002489,PI Ramesh Gowda,Under Investigation
FIR202503397,FIR/3397/2025,PS0061,Belagavi,2025-10-02 02:47,2025-10-03 09:47,Burglary,Night House Breaking,"BNS 331(3), BNS 331(4)",16.012684,74.423362,P009385,P005477,P000215,SI Ganesh Rao,Chargesheeted
FIR202503383,FIR/3383/2025,PS0019,Bagalkote,2025-10-01 04:07,2025-10-03 10:07,Cyber Crime,Identity Theft,"IT Act 66D, BNS 318(4)",16.039504,75.894965,P002701,P004376,P003651,SI Prakash Sharma,Under Investigation
FIR202503408,FIR/3408/2025,PS0156,Bidar,2025-10-03 04:49,2025-10-03 10:49,Assault,Public Affray,"BNS 115(2), BNS 117(2)",17.976317,77.511118,P002397,P000693,P001649,SI Ganesh Rao,Chargesheeted
FIR202503407,FIR/3407/2025,PS0231,Chamarajanagar,2025-10-03 02:25,2025-10-03 11:25,Vehicle Theft,Car Theft,BNS 303(2),11.978083,77.026163,P004731,P000628,P001119,PI Suresh Kulkarni,Chargesheeted
FIR202503396,FIR/3396/2025,PS0225,Chamarajanagar,2025-10-02 00:28,2025-10-03 11:28,NDPS,Possession of Narcotics,NDPS Act Sec 20(b),12.010305,76.779799,P004362,P003760,P008155,SI Ravi Kumar,Under Investigation
FIR202503409,FIR/3409/2025,PS0223,Chamarajanagar,2025-10-03 05:27,2025-10-03 12:27,Fraud,Corporate Fraud,BNS 318(4),11.863745,76.811514,P002047,P005690,P002277,PI Ramesh Gowda,Under Investigation
FIR202503412,FIR/3412/2025,PS0165,Bidar,2025-10-03 10:23,2025-10-03 18:23,Theft,Snatching,BNS 303(2),18.053598,77.458935,P002959,P008914,P004768,SI Ganesh Rao,Chargesheeted
FIR202503402,FIR/3402/2025,PS0224,Chamarajanagar,2025-10-02 13:10,2025-10-03 21:10,Burglary,Night House Breaking,"BNS 331(3), BNS 331(4)",11.86713,76.80965,P009893,P009754,P004343,PI Naveen Patil,Under Investigation
FIR202503393,FIR/3393/2025,PS0175,Bidar,2025-10-01 16:11,2025-10-03 22:11,Murder,Personal Enmity,BNS 103(1),18.000361,77.437489,P007543,P008436,P001023,PI Suresh Kulkarni,Under Investigation
FIR202503422,FIR/3422/2025,PS0231,Chamarajanagar,2025-10-03 21:13,2025-10-04 02:13,Burglary,Day Burglary,"BNS 331(3), BNS 331(4)",11.983587,77.017757,P007285,P006336,P001021,PI Naveen Patil,Under Investigation
FIR202503424,FIR/3424/2025,PS0004,Bagalkote,2025-10-03 22:11,2025-10-04 03:11,Robbery,Chain Snatching with Force,BNS 309(4),16.021951,75.695629,P006331,P003912,P004168,SI Divya Hegde,Chargesheeted
FIR202503423,FIR/3423/2025,PS0027,Ballari,2025-10-03 22:10,2025-10-04 06:10,Assault,Grievous Hurt,"BNS 115(2), BNS 117(2)",15.056402,77.05739,P007104,P001077,P009879,SI Ganesh Rao,Closed
FIR202503431,FIR/3431/2025,PS0130,Bengaluru Urban,2025-10-04 06:33,2025-10-04 08:33,Fraud,Corporate Fraud,BNS 318(4),13.112149,77.4696,P005536,P000287,P006485,SI Ganesh Rao,Under Investigation
FIR202503433,FIR/3433/2025,PS0184,Bidar,2025-10-04 07:47,2025-10-04 08:47,Theft,Snatching,BNS 303(2),17.925417,77.61188,P003007,P004033,P001781,SI Ravi Kumar,Untraced
FIR202503395,FIR/3395/2025,PS0063,Belagavi,2025-10-02 00:01,2025-10-04 10:01,Murder,Gang Conflict,BNS 103(1),16.00293,74.684282,P009931,P003441,P001852,PI Harish Naik,Chargesheeted
FIR202503430,FIR/3430/2025,PS0105,Bengaluru Rural,2025-10-04 05:28,2025-10-04 10:28,POCSO,Harassment,"POCSO Act Sec 4, BNS 64",13.152715,77.634584,P002100,P006354,P002678,PI Ramesh Gowda,Closed
FIR202503387,FIR/3387/2025,PS0062,Belagavi,2025-10-01 08:47,2025-10-04 10:47,Fraud,Land Scam,BNS 318(4),15.758918,74.476762,P005934,P009560,P001245,PI Naveen Patil,Chargesheeted
FIR202503427,FIR/3427/2025,PS0178,Bidar,2025-10-04 04:40,2025-10-04 12:40,Fraud,Cheating,BNS 318(4),17.888439,77.474094,P007920,P006205,P006683,PI Suresh Kulkarni,Under Investigation
FIR202503411,FIR/3411/2025,PS0180,Bidar,2025-10-03 08:19,2025-10-04 16:19,Assault,Public Affray,"BNS 115(2), BNS 117(2)",18.063316,77.416592,P004296,P009284,P005593,PI Harish Naik,Untraced
FIR202503414,FIR/3414/2025,PS0005,Bagalkote,2025-10-03 10:29,2025-10-04 19:29,POCSO,Sexual Assault on Minor,"POCSO Act Sec 4, BNS 64",16.162367,75.576789,P003375,P005989,"P005223, P003204",SI Ganesh Rao,Under Investigation
FIR202503378,FIR/3378/2025,PS0100,Bengaluru Rural,2025-09-30 20:28,2025-10-04 23:28,NDPS,Drug Trafficking,NDPS Act Sec 20(b),13.141232,77.555408,P001763,P006993,P007215,PI Chetan Kumar,Closed
FIR202503404,FIR/3404/2025,PS0097,Bengaluru Rural,2025-10-02 18:13,2025-10-05 01:13,Dacoity,Bank Dacoity,BNS 310(2),13.125456,77.488164,P007639,P008292,"P003456, P006243",PI Suresh Kulkarni,Under Investigation
FIR202503379,FIR/3379/2025,PS0014,Bagalkote,2025-09-30 22:58,2025-10-05 01:58,NDPS,Drug Trafficking,NDPS Act Sec 20(b),16.301379,75.843422,P000467,P008584,P007243,SI Ravi Kumar,Chargesheeted
FIR202503419,FIR/3419/2025,PS0156,Bidar,2025-10-03 18:00,2025-10-05 02:00,Assault,Simple Assault,"BNS 115(2), BNS 117(2)",18.001387,77.491649,P007499,P000880,P004383,PI Suresh Kulkarni,Under Investigation
FIR202503437,FIR/3437/2025,PS0215,Chamarajanagar,2025-10-04 19:05,2025-10-05 02:05,Cyber Crime,Financial Fraud,"IT Act 66D, BNS 318(4)",11.883691,76.974348,P007331,P004750,P008136,PI Ramesh Gowda,Under Investigation
FIR202503421,FIR/3421/2025,PS0190,Bidar,2025-10-03 20:35,2025-10-05 03:35,Assault,Simple Assault,"BNS 115(2), BNS 117(2)",17.725434,77.591192,P007002,P005943,P003864,PI Lakshmi Devi,Under Investigation
FIR202503441,FIR/3441/2025,PS0209,Chamarajanagar,2025-10-05 01:50,2025-10-05 03:50,Fraud,Land Scam,BNS 318(4),12.048172,76.990321,P007085,P006771,"P005368, P007101",SI Mahesh Bhat,Chargesheeted
FIR202503440,FIR/3440/2025,PS0150,Bengaluru Urban,2025-10-05 01:49,2025-10-05 05:49,Cyber Crime,Financial Fraud,"IT Act 66D, BNS 318(4)",13.085337,77.713424,P008914,P005621,P000338,SI Ravi Kumar,Under Investigation
FIR202503432,FIR/3432/2025,PS0187,Bidar,2025-10-04 07:01,2025-10-05 09:01,Assault,Grievous Hurt,"BNS 115(2), BNS 117(2)",17.967406,77.703944,P009620,P008780,P009365,PI Harish Naik,Under Investigation
FIR202503410,FIR/3410/2025,PS0230,Chamarajanagar,2025-10-03 06:27,2025-10-05 11:27,Burglary,Day Burglary,"BNS 331(3), BNS 331(4)",11.747288,77.063116,P003283,P001806,P007072,SI Mahesh Bhat,Closed
FIR202503429,FIR/3429/2025,PS0200,Chamarajanagar,2025-10-04 05:01,2025-10-05 14:01,Dacoity,Bank Dacoity,BNS 310(2),11.797703,77.010871,P002132,P005807,P000543,SI Ravi Kumar,Under Investigation
FIR202503426,FIR/3426/2025,PS0175,Bidar,2025-10-04 04:16,2025-10-05 15:16,Burglary,Day Burglary,"BNS 331(3), BNS 331(4)",18.028793,77.421307,P008584,P008182,P001912,PI Harish Naik,Chargesheeted
FIR202503413,FIR/3413/2025,PS0194,Chamarajanagar,2025-10-03 10:27,2025-10-05 15:27,Theft,Snatching,BNS 303(2),11.786341,76.901939,P003653,P008326,P001834,PI Lakshmi Devi,Closed
FIR202503428,FIR/3428/2025,PS0158,Bidar,2025-10-04 04:50,2025-10-05 15:50,Burglary,Night House Breaking,"BNS 331(3), BNS 331(4)",17.92689,77.510438,P002271,P002430,P002063,PI Suresh Kulkarni,Chargesheeted
FIR202503434,FIR/3434/2025,PS0166,Bidar,2025-10-04 09:27,2025-10-05 16:27,Assault,Simple Assault,"BNS 115(2), BNS 117(2)",17.797367,77.486001,P002726,P003000,P007399,SI Prakash Sharma,Under Investigation
FIR202503417,FIR/3417/2025,PS0120,Bengaluru Urban,2025-10-03 16:02,2025-10-05 17:02,Murder,Dowry Homicide,BNS 103(1),13.152076,77.409512,P004405,P002341,P004895,PI Ramesh Gowda,Under Investigation
FIR202503443,FIR/3443/2025,PS0211,Chamarajanagar,2025-10-05 10:49,2025-10-05 18:49,Dacoity,Bank Dacoity,BNS 310(2),11.844411,77.062342,P008511,P001674,P007819,SI Ganesh Rao,Chargesheeted
FIR202503446,FIR/3446/2025,PS0004,Bagalkote,2025-10-05 14:29,2025-10-05 19:29,Assault,Simple Assault,"BNS 115(2), BNS 117(2)",16.027733,75.694891,P007130,P005707,P007798,PI Lakshmi Devi,Chargesheeted
FIR202503444,FIR/3444/2025,PS0211,Chamarajanagar,2025-10-05 12:52,2025-10-05 21:52,Burglary,Day Burglary,"BNS 331(3), BNS 331(4)",11.832541,77.058654,P002654,P006837,P007861,SI Divya Hegde,Untraced
FIR202503415,FIR/3415/2025,PS0040,Ballari,2025-10-03 12:02,2025-10-05 22:02,Burglary,Day Burglary,"BNS 331(3), BNS 331(4)",15.341051,76.838054,P000272,P003418,P008366,SI Ganesh Rao,Chargesheeted
FIR202503435,FIR/3435/2025,PS0215,Chamarajanagar,2025-10-04 12:00,2025-10-06 00:00,Assault,Simple Assault,"BNS 115(2), BNS 117(2)",11.85295,76.953062,P007905,P009212,P008040,PI Lakshmi Devi,Under Investigation
FIR202503438,FIR/3438/2025,PS0005,Bagalkote,2025-10-04 22:51,2025-10-06 03:51,Dacoity,Armed Dacoity,BNS 310(2),16.15656,75.560931,P005119,P004530,P008108,SI Divya Hegde,Chargesheeted
FIR202503449,FIR/3449/2025,PS0217,Chamarajanagar,2025-10-05 18:27,2025-10-06 05:27,Assault,Public Affray,"BNS 115(2), BNS 117(2)",11.754948,76.891479,P009399,P006812,P006387,SI Ganesh Rao,Chargesheeted
FIR202503452,FIR/3452/2025,PS0159,Bidar,2025-10-05 21:05,2025-10-06 06:05,POCSO,Harassment,"POCSO Act Sec 4, BNS 64",18.075036,77.48651,P007339,P009833,P004195,PI Chetan Kumar,Chargesheeted
FIR202503454,FIR/3454/2025,PS0004,Bagalkote,2025-10-06 02:09,2025-10-06 06:09,Burglary,Night House Breaking,"BNS 331(3), BNS 331(4)",16.017587,75.670156,P000642,P006286,P006269,SI Ravi Kumar,Untraced
FIR202503425,FIR/3425/2025,PS0010,Bagalkote,2025-10-04 01:29,2025-10-06 06:29,NDPS,Drug Trafficking,NDPS Act Sec 20(b),16.184672,75.793633,P000852,P009980,P000387,SI Divya Hegde,Under Investigation
FIR202503451,FIR/3451/2025,PS0241,Chikkaballapura,2025-10-05 20:29,2025-10-06 07:29,Dacoity,Armed Dacoity,BNS 310(2),13.25707,77.929343,P000016,P004104,P006481,PI Ramesh Gowda,Chargesheeted
FIR202503439,FIR/3439/2025,PS0034,Ballari,2025-10-05 01:41,2025-10-06 09:41,Fraud,Land Scam,BNS 318(4),14.996985,77.0839,P009030,P007441,P004349,PI Ramesh Gowda,Chargesheeted
FIR202503442,FIR/3442/2025,PS0025,Bagalkote,2025-10-05 08:36,2025-10-06 10:36,Fraud,Cheating,BNS 318(4),16.320916,75.851513,P001834,P005383,P007915,SI Divya Hegde,Under Investigation
FIR202503457,FIR/3457/2025,PS0203,Chamarajanagar,2025-10-06 06:20,2025-10-06 16:20,Fraud,Cheating,BNS 318(4),11.91808,76.869822,P008697,P000044,P006240,SI Ganesh Rao,Chargesheeted
FIR202503456,FIR/3456/2025,PS0106,Bengaluru Rural,2025-10-06 06:05,2025-10-06 18:05,Theft,Pocket Pick,BNS 303(2),13.288968,77.534354,P007732,P002675,P009850,SI Divya Hegde,Closed
FIR202503447,FIR/3447/2025,PS0205,Chamarajanagar,2025-10-05 15:29,2025-10-06 19:29,Assault,Public Affray,"BNS 115(2), BNS 117(2)",11.949213,76.793121,P008854,P008989,P007791,SI Prakash Sharma,Under Investigation
FIR202503445,FIR/3445/2025,PS0216,Chamarajanagar,2025-10-05 13:49,2025-10-06 20:49,Theft,Snatching,BNS 303(2),11.765941,76.965722,P006958,P007881,P002849,SI Mahesh Bhat,Chargesheeted
FIR202503418,FIR/3418/2025,PS0203,Chamarajanagar,2025-10-03 17:08,2025-10-06 23:08,Murder,Personal Enmity,BNS 103(1),11.923694,76.838133,P004686,P004921,P006668,SI Prakash Sharma,Chargesheeted
FIR202503448,FIR/3448/2025,PS0055,Belagavi,2025-10-05 16:25,2025-10-07 00:25,Assault,Public Affray,"BNS 115(2), BNS 117(2)",15.819171,74.361296,P000397,P000363,P005407,PI Ramesh Gowda,Chargesheeted
FIR202503465,FIR/3465/2025,PS0158,Bidar,2025-10-06 20:07,2025-10-07 02:07,Vehicle Theft,Car Theft,BNS 303(2),17.911837,77.51172,P002906,P001787,P008461,PI Naveen Patil,Under Investigation
FIR202503453,FIR/3453/2025,PS0091,Bengaluru Rural,2025-10-05 23:53,2025-10-07 02:53,Fraud,Corporate Fraud,BNS 318(4),13.056038,77.625882,P000105,P007996,P008194,PI Suresh Kulkarni,Under Investigation
FIR202503467,FIR/3467/2025,PS0127,Bengaluru Urban,2025-10-06 23:35,2025-10-07 04:35,Cyber Crime,Phishing,"IT Act 66D, BNS 318(4)",13.104795,77.632359,P003096,P009866,P005724,SI Ganesh Rao,Untraced
FIR202503470,FIR/3470/2025,PS0184,Bidar,2025-10-07 02:24,2025-10-07 10:24,Fraud,Cheating,BNS 318(4),17.914215,77.605264,P001329,P005027,P003745,SI Ganesh Rao,Under Investigation
FIR202503472,FIR/3472/2025,PS0084,Bengaluru Rural,2025-10-07 05:58,2025-10-07 10:58,Fraud,Corporate Fraud,BNS 318(4),13.178972,77.573758,P007284,P005217,P000084,PI Ramesh Gowda,Under Investigation
FIR202503455,FIR/3455/2025,PS0077,Bengaluru Rural,2025-10-06 05:30,2025-10-07 13:30,Robbery,Chain Snatching with Force,BNS 309(4),13.33949,77.5972,P005854,P004948,P008490,PI Suresh Kulkarni,Chargesheeted
FIR202503436,FIR/3436/2025,PS0221,Chamarajanagar,2025-10-04 12:18,2025-10-07 14:18,Dacoity,Bank Dacoity,BNS 310(2),12.035185,77.09027,P007909,P007358,P008207,PI Harish Naik,Chargesheeted
FIR202503473,FIR/3473/2025,PS0012,Bagalkote,2025-10-07 09:21,2025-10-07 16:21,POCSO,Harassment,"POCSO Act Sec 4, BNS 64",16.258481,75.831612,P009103,P000837,P006126,PI Chetan Kumar,Under Investigation
FIR202503477,FIR/3477/2025,PS0020,Bagalkote,2025-10-07 15:34,2025-10-07 17:34,Vehicle Theft,Two-Wheeler Theft,BNS 303(2),16.245051,75.576256,P000240,P009755,P003256,PI Harish Naik,Under Investigation
FIR202503450,FIR/3450/2025,PS0172,Bidar,2025-10-05 19:20,2025-10-07 20:20,Dacoity,Armed Dacoity,BNS 310(2),17.95781,77.490186,P001327,P000965,P004132,SI Ganesh Rao,Chargesheeted
FIR202503478,FIR/3478/2025,PS0178,Bidar,2025-10-07 16:22,2025-10-07 20:22,Assault,Public Affray,"BNS 115(2), BNS 117(2)",17.870521,77.501021,P005232,P005155,P000795,SI Ganesh Rao,Under Investigation
FIR202503461,FIR/3461/2025,PS0186,Bidar,2025-10-06 16:26,2025-10-07 21:26,Theft,Pocket Pick,BNS 303(2),17.756335,77.489608,P006995,P001061,P003553,PI Harish Naik,Chargesheeted
FIR202503420,FIR/3420/2025,PS0113,Bengaluru Urban,2025-10-03 19:53,2025-10-07 21:53,Vehicle Theft,Car Theft,BNS 303(2),13.179481,77.477347,P002908,P005691,P006746,PI Suresh Kulkarni,Under Investigation
FIR202503401,FIR/3401/2025,PS0205,Chamarajanagar,2025-10-02 13:07,2025-10-07 22:07,Assault,Public Affray,"BNS 115(2), BNS 117(2)",11.9334,76.778803,P004045,P009740,P001121,SI Mahesh Bhat,Chargesheeted
FIR202503464,FIR/3464/2025,PS0004,Bagalkote,2025-10-06 19:59,2025-10-07 23:59,Theft,Snatching,BNS 303(2),16.043187,75.699388,P001918,P009418,P001438,SI Ganesh Rao,Chargesheeted
FIR202503479,FIR/3479/2025,PS0007,Bagalkote,2025-10-07 17:05,2025-10-08 00:05,Fraud,Corporate Fraud,BNS 318(4),16.060848,75.625923,P008248,P004561,P005734,SI Prakash Sharma,Chargesheeted
FIR202503462,FIR/3462/2025,PS0208,Chamarajanagar,2025-10-06 18:48,2025-10-08 00:48,POCSO,Harassment,"POCSO Act Sec 4, BNS 64",11.834652,77.140657,P001608,P005729,P005225,SI Prakash Sharma,Under Investigation
FIR202503481,FIR/3481/2025,PS0008,Bagalkote,2025-10-07 22:03,2025-10-08 01:03,NDPS,Possession of Narcotics,NDPS Act Sec 20(b),16.25408,75.524749,P000432,P003114,P004363,SI Mahesh Bhat,Under Investigation
FIR202503416,FIR/3416/2025,PS0154,Bidar,2025-10-03 15:29,2025-10-08 01:29,Burglary,Night House Breaking,"BNS 331(3), BNS 331(4)",17.874807,77.42491,P000851,P000679,P007268,SI Ravi Kumar,Chargesheeted
FIR202503469,FIR/3469/2025,PS0015,Bagalkote,2025-10-07 01:10,2025-10-08 05:10,Vehicle Theft,Two-Wheeler Theft,BNS 303(2),16.036343,75.68974,P007020,P005353,P004223,PI Ramesh Gowda,Chargesheeted
FIR202503480,FIR/3480/2025,PS0190,Bidar,2025-10-07 20:30,2025-10-08 06:30,Murder,Personal Enmity,BNS 103(1),17.73602,77.596235,P001653,P002138,P005009,SI Ganesh Rao,Chargesheeted
FIR202503484,FIR/3484/2025,PS0189,Bidar,2025-10-08 08:04,2025-10-08 13:04,Assault,Grievous Hurt,"BNS 115(2), BNS 117(2)",17.899425,77.38496,P001820,P006370,P007858,PI Suresh Kulkarni,Chargesheeted
FIR202503483,FIR/3483/2025,PS0196,Chamarajanagar,2025-10-08 03:36,2025-10-08 13:36,Cyber Crime,Financial Fraud,"IT Act 66D, BNS 318(4)",11.989578,76.939604,P000134,P002359,P003610,PI Harish Naik,Chargesheeted
FIR202503459,FIR/3459/2025,PS0158,Bidar,2025-10-06 12:37,2025-10-08 20:37,Cyber Crime,Phishing,"IT Act 66D, BNS 318(4)",17.930227,77.511336,P009355,P009889,P000852,PI Suresh Kulkarni,Under Investigation
FIR202503476,FIR/3476/2025,PS0226,Chamarajanagar,2025-10-07 12:46,2025-10-08 20:46,Theft,Snatching,BNS 303(2),11.763781,77.013729,P006711,P000087,P005096,SI Ganesh Rao,Under Investigation
FIR202503485,FIR/3485/2025,PS0001,Bagalkote,2025-10-08 11:25,2025-10-08 22:25,Robbery,Chain Snatching with Force,BNS 309(4),16.195437,75.581119,P009079,P009594,P000799,SI Prakash Sharma,Chargesheeted
FIR202503489,FIR/3489/2025,PS0225,Chamarajanagar,2025-10-08 16:10,2025-10-08 23:10,NDPS,Possession of Narcotics,NDPS Act Sec 20(b),12.00475,76.791665,P001954,P007394,P003812,PI Ramesh Gowda,Under Investigation
FIR202503466,FIR/3466/2025,PS0148,Bengaluru Urban,2025-10-06 21:41,2025-10-08 23:41,Cyber Crime,Financial Fraud,"IT Act 66D, BNS 318(4)",12.866973,77.642111,P003472,P001708,P008556,SI Ganesh Rao,Chargesheeted
FIR202503492,FIR/3492/2025,PS0203,Chamarajanagar,2025-10-08 18:54,2025-10-09 00:54,Theft,Pocket Pick,BNS 303(2),11.913285,76.874385,P000257,P008344,P000447,PI Naveen Patil,Chargesheeted
FIR202503490,FIR/3490/2025,PS0226,Chamarajanagar,2025-10-08 16:58,2025-10-09 00:58,Burglary,Day Burglary,"BNS 331(3), BNS 331(4)",11.762499,77.023597,P006945,P006210,P009460,PI Suresh Kulkarni,Under Investigation
FIR202503494,FIR/3494/2025,PS0007,Bagalkote,2025-10-08 23:15,2025-10-09 02:15,Dacoity,Armed Dacoity,BNS 310(2),16.079736,75.630966,P002368,P003839,P006762,SI Ganesh Rao,Chargesheeted
FIR202503498,FIR/3498/2025,PS0009,Bagalkote,2025-10-09 04:40,2025-10-09 07:40,Vehicle Theft,Car Theft,BNS 303(2),16.095993,75.762623,P000091,P008750,P003021,PI Naveen Patil,Chargesheeted
FIR202503468,FIR/3468/2025,PS0195,Chamarajanagar,2025-10-07 01:10,2025-10-09 08:10,Assault,Grievous Hurt,"BNS 115(2), BNS 117(2)",11.870233,77.049277,P009352,P007282,P003132,PI Naveen Patil,Untraced
FIR202503502,FIR/3502/2025,PS0187,Bidar,2025-10-09 07:00,2025-10-09 09:00,Murder,Personal Enmity,BNS 103(1),17.954064,77.705704,P007753,P002396,P008737,SI Ganesh Rao,Chargesheeted
FIR202503503,FIR/3503/2025,PS0126,Bengaluru Urban,2025-10-09 08:41,2025-10-09 10:41,Cyber Crime,Financial Fraud,"IT Act 66D, BNS 318(4)",12.865177,77.567977,P006777,P000290,P004307,PI Harish Naik,Chargesheeted
FIR202503496,FIR/3496/2025,PS0171,Bidar,2025-10-09 01:26,2025-10-09 11:26,Vehicle Theft,Car Theft,BNS 303(2),17.773451,77.56253,P003091,P004699,P002214,SI Ravi Kumar,Under Investigation
FIR202503471,FIR/3471/2025,PS0164,Bidar,2025-10-07 02:49,2025-10-09 12:49,Murder,Gang Conflict,BNS 103(1),17.968228,77.444492,P000143,P004085,P003748,PI Lakshmi Devi,Under Investigation
FIR202503505,FIR/3505/2025,PS0014,Bagalkote,2025-10-09 11:40,2025-10-09 16:40,Cyber Crime,Phishing,"IT Act 66D, BNS 318(4)",16.311326,75.836568,P006941,P002341,P008271,PI Naveen Patil,Chargesheeted
FIR202503474,FIR/3474/2025,PS0017,Bagalkote,2025-10-07 09:23,2025-10-09 17:23,Vehicle Theft,Two-Wheeler Theft,BNS 303(2),16.266318,75.557734,P002578,P000287,P004761,SI Prakash Sharma,Untraced
FIR202503488,FIR/3488/2025,PS0121,Bengaluru Urban,2025-10-08 16:00,2025-10-09 18:00,Burglary,Day Burglary,"BNS 331(3), BNS 331(4)",13.075616,77.515753,P003085,P008733,P008798,SI Prakash Sharma,Under Investigation
FIR202503504,FIR/3504/2025,PS0234,Chamarajanagar,2025-10-09 11:17,2025-10-09 19:17,NDPS,Drug Trafficking,NDPS Act Sec 20(b),12.026306,76.836306,P005037,P005414,P007377,PI Lakshmi Devi,Under Investigation
FIR202503460,FIR/3460/2025,PS0182,Bidar,2025-10-06 14:38,2025-10-09 19:38,Murder,Personal Enmity,BNS 103(1),17.926256,77.700777,P006286,P003157,"P000484, P000532",SI Ganesh Rao,Untraced
FIR202503509,FIR/3509/2025,PS0114,Bengaluru Urban,2025-10-09 17:40,2025-10-09 19:40,Fraud,Corporate Fraud,BNS 318(4),12.979767,77.762852,P004633,P008335,P001639,SI Ravi Kumar,Under Investigation
FIR202503463,FIR/3463/2025,PS0199,Chamarajanagar,2025-10-06 19:46,2025-10-10 01:46,Fraud,Cheating,BNS 318(4),11.851702,77.063232,P002645,P002253,P000584,PI Naveen Patil,Under Investigation
FIR202503493,FIR/3493/2025,PS0229,Chamarajanagar,2025-10-08 19:44,2025-10-10 03:44,Theft,House Theft,BNS 303(2),12.02966,77.023327,P005397,P001969,P002760,PI Harish Naik,Chargesheeted
FIR202503511,FIR/3511/2025,PS0081,Bengaluru Rural,2025-10-09 21:05,2025-10-10 05:05,Dacoity,Armed Dacoity,BNS 310(2),13.190703,77.581813,P003166,P000239,P004139,SI Divya Hegde,Under Investigation
FIR202503500,FIR/3500/2025,PS0224,Chamarajanagar,2025-10-09 05:10,2025-10-10 08:10,NDPS,Possession of Narcotics,NDPS Act Sec 20(b),11.860322,76.834523,P002168,P004555,"P000176, P005603",SI Prakash Sharma,Chargesheeted
FIR202503495,FIR/3495/2025,PS0091,Bengaluru Rural,2025-10-08 23:59,2025-10-10 08:59,Dacoity,Armed Dacoity,BNS 310(2),13.058027,77.621642,P002206,P008763,P002606,SI Divya Hegde,Under Investigation
FIR202503521,FIR/3521/2025,PS0021,Bagalkote,2025-10-10 07:46,2025-10-10 12:46,Cyber Crime,Phishing,"IT Act 66D, BNS 318(4)",15.994129,75.533269,P002771,P006780,P009846,SI Ravi Kumar,Chargesheeted
FIR202503475,FIR/3475/2025,PS0234,Chamarajanagar,2025-10-07 09:57,2025-10-10 12:57,Cyber Crime,Financial Fraud,"IT Act 66D, BNS 318(4)",11.991292,76.837991,P005071,P002146,P002758,PI Chetan Kumar,Under Investigation
FIR202503513,FIR/3513/2025,PS0111,Bengaluru Urban,2025-10-10 02:52,2025-10-10 13:52,NDPS,Drug Trafficking,NDPS Act Sec 20(b),12.778001,77.560821,P007271,P002801,P004734,PI Ramesh Gowda,Under Investigation
FIR202503520,FIR/3520/2025,PS0116,Bengaluru Urban,2025-10-10 07:08,2025-10-10 14:08,Fraud,Corporate Fraud,BNS 318(4),12.986439,77.517896,P007439,P007322,P002518,PI Lakshmi Devi,Untraced
FIR202503458,FIR/3458/2025,PS0189,Bidar,2025-10-06 08:19,2025-10-10 18:19,POCSO,Sexual Assault on Minor,"POCSO Act Sec 4, BNS 64",17.907451,77.396184,P004138,P005296,P004631,SI Ravi Kumar,Chargesheeted
FIR202503507,FIR/3507/2025,PS0022,Bagalkote,2025-10-09 15:33,2025-10-10 20:33,Assault,Public Affray,"BNS 115(2), BNS 117(2)",16.256227,75.607804,P009305,P002006,P008361,PI Suresh Kulkarni,Chargesheeted
FIR202503491,FIR/3491/2025,PS0226,Chamarajanagar,2025-10-08 17:45,2025-10-10 23:45,Assault,Simple Assault,"BNS 115(2), BNS 117(2)",11.777571,77.001443,P004084,P001355,P004304,PI Harish Naik,Chargesheeted
FIR202503510,FIR/3510/2025,PS0068,Belagavi,2025-10-09 19:08,2025-10-11 00:08,Burglary,Night House Breaking,"BNS 331(3), BNS 331(4)",16.048312,74.394945,P007168,P008387,P009880,PI Naveen Patil,Under Investigation
FIR202503524,FIR/3524/2025,PS0224,Chamarajanagar,2025-10-10 16:55,2025-10-11 01:55,Dacoity,Armed Dacoity,BNS 310(2),11.845764,76.827298,P005318,P006827,P006160,PI Suresh Kulkarni,Chargesheeted
FIR202503526,FIR/3526/2025,PS0083,Bengaluru Rural,2025-10-10 18:26,2025-10-11 03:26,Theft,House Theft,BNS 303(2),13.276155,77.583089,P006725,P004924,P003939,PI Suresh Kulkarni,Under Investigation
FIR202503528,FIR/3528/2025,PS0210,Chamarajanagar,2025-10-10 19:39,2025-10-11 03:39,Cyber Crime,Financial Fraud,"IT Act 66D, BNS 318(4)",11.993646,76.799158,P002397,P000429,P001538,PI Lakshmi Devi,Chargesheeted
FIR202503533,FIR/3533/2025,PS0204,Chamarajanagar,2025-10-11 05:11,2025-10-11 08:11,Theft,Pocket Pick,BNS 303(2),12.056703,77.080787,P002968,P001313,P001782,SI Mahesh Bhat,Chargesheeted
FIR202503534,FIR/3534/2025,PS0061,Belagavi,2025-10-11 05:14,2025-10-11 08:14,Dacoity,Armed Dacoity,BNS 310(2),16.04202,74.419134,P004457,P008666,P005764,SI Divya Hegde,Chargesheeted
FIR202503482,FIR/3482/2025,PS0021,Bagalkote,2025-10-08 02:37,2025-10-11 11:37,Burglary,Day Burglary,"BNS 331(3), BNS 331(4)",15.979406,75.534343,P009636,P007768,P001694,PI Ramesh Gowda,Untraced
FIR202503516,FIR/3516/2025,PS0147,Bengaluru Urban,2025-10-10 05:03,2025-10-11 12:03,Fraud,Corporate Fraud,BNS 318(4),12.900355,77.568978,P006257,P000175,"P004049, P004285",SI Ganesh Rao,Chargesheeted
FIR202503514,FIR/3514/2025,PS0072,Bengaluru Rural,2025-10-10 03:05,2025-10-11 12:05,Theft,Pocket Pick,BNS 303(2),13.306729,77.607451,P000055,P001911,P006303,SI Ravi Kumar,Chargesheeted
FIR202503532,FIR/3532/2025,PS0182,Bidar,2025-10-11 04:22,2025-10-11 12:22,Assault,Grievous Hurt,"BNS 115(2), BNS 117(2)",17.911423,77.673958,P001933,P009441,P004630,SI Mahesh Bhat,Chargesheeted
FIR202503535,FIR/3535/2025,PS0102,Bengaluru Rural,2025-10-11 09:08,2025-10-11 14:08,NDPS,Possession of Narcotics,NDPS Act Sec 20(b),13.124894,77.653128,P008947,P009543,P007355,SI Ravi Kumar,Closed
FIR202503501,FIR/3501/2025,PS0013,Bagalkote,2025-10-09 05:44,2025-10-11 15:44,NDPS,Drug Trafficking,NDPS Act Sec 20(b),16.178485,75.645163,P003247,P009665,P004237,PI Naveen Patil,Chargesheeted
FIR202503537,FIR/3537/2025,PS0158,Bidar,2025-10-11 10:49,2025-10-11 15:49,Cyber Crime,Financial Fraud,"IT Act 66D, BNS 318(4)",17.92181,77.489827,P003147,P002565,P003788,PI Naveen Patil,Under Investigation
FIR202503539,FIR/3539/2025,PS0070,Bengaluru Rural,2025-10-11 18:18,2025-10-11 19:18,Murder,Personal Enmity,BNS 103(1),13.277816,77.740782,P003075,P005385,P000058,SI Ravi Kumar,Closed
FIR202503541,FIR/3541/2025,PS0232,Chamarajanagar,2025-10-11 19:14,2025-10-11 20:14,Assault,Grievous Hurt,"BNS 115(2), BNS 117(2)",11.770586,76.872615,P001911,P008012,P004851,PI Naveen Patil,Chargesheeted
FIR202503540,FIR/3540/2025,PS0004,Bagalkote,2025-10-11 18:21,2025-10-11 21:21,Theft,Pocket Pick,BNS 303(2),16.039412,75.675479,P006964,P005655,P004315,SI Divya Hegde,Under Investigation
FIR202503486,FIR/3486/2025,PS0166,Bidar,2025-10-08 12:21,2025-10-11 22:21,Burglary,Day Burglary,"BNS 331(3), BNS 331(4)",17.81128,77.489459,P000172,P001560,P008009,SI Divya Hegde,Chargesheeted
FIR202503529,FIR/3529/2025,PS0232,Chamarajanagar,2025-10-10 23:04,2025-10-12 02:04,Theft,House Theft,BNS 303(2),11.767981,76.875705,P007654,P006413,P004795,SI Ganesh Rao,Chargesheeted
FIR202503512,FIR/3512/2025,PS0042,Ballari,2025-10-10 01:06,2025-10-12 03:06,Fraud,Cheating,BNS 318(4),15.05962,77.010929,P008672,P006833,P008216,SI Ganesh Rao,Chargesheeted
FIR202503525,FIR/3525/2025,PS0119,Bengaluru Urban,2025-10-10 18:05,2025-10-12 05:05,Cyber Crime,Phishing,"IT Act 66D, BNS 318(4)",12.837614,77.772348,P007064,P002487,P009082,PI Lakshmi Devi,Chargesheeted
FIR202503515,FIR/3515/2025,PS0164,Bidar,2025-10-10 03:58,2025-10-12 06:58,Theft,House Theft,BNS 303(2),17.962215,77.447956,P004491,P000636,P008519,PI Harish Naik,Chargesheeted
FIR202503544,FIR/3544/2025,PS0195,Chamarajanagar,2025-10-12 00:17,2025-10-12 07:17,Theft,Pocket Pick,BNS 303(2),11.858821,77.05134,P008407,P002915,P005518,PI Naveen Patil,Under Investigation
FIR202503552,FIR/3552/2025,PS0213,Chamarajanagar,2025-10-12 06:44,2025-10-12 07:44,POCSO,Sexual Assault on Minor,"POCSO Act Sec 4, BNS 64",12.027251,76.930238,P009644,P008377,P000192,SI Ravi Kumar,Chargesheeted
FIR202503518,FIR/3518/2025,PS0164,Bidar,2025-10-10 05:19,2025-10-12 09:19,NDPS,Possession of Narcotics,NDPS Act Sec 20(b),17.932503,77.469574,P007123,P000984,"P002235, P002449",PI Harish Naik,Chargesheeted
FIR202503547,FIR/3547/2025,PS0218,Chamarajanagar,2025-10-12 03:49,2025-10-12 10:49,Fraud,Cheating,BNS 318(4),11.883462,77.043631,P004897,P007859,P009479,SI Prakash Sharma,Under Investigation
FIR202503497,FIR/3497/2025,PS0115,Bengaluru Urban,2025-10-09 04:18,2025-10-12 11:18,NDPS,Possession of Narcotics,NDPS Act Sec 20(b),12.869246,77.393221,P005222,P003776,P002821,SI Ganesh Rao,Chargesheeted
FIR202503548,FIR/3548/2025,PS0192,Bidar,2025-10-12 04:09,2025-10-12 12:09,POCSO,Harassment,"POCSO Act Sec 4, BNS 64",17.981857,77.327737,P008401,P007416,P004276,PI Suresh Kulkarni,Under Investigation
FIR202503551,FIR/3551/2025,PS0208,Chamarajanagar,2025-10-12 06:13,2025-10-12 13:13,Fraud,Corporate Fraud,BNS 318(4),11.814145,77.13387,P000962,P007299,P007514,PI Lakshmi Devi,Closed
FIR202503557,FIR/3557/2025,PS0024,Bagalkote,2025-10-12 13:55,2025-10-12 14:55,Burglary,Night House Breaking,"BNS 331(3), BNS 331(4)",16.396635,75.512767,P001144,P001839,P009250,SI Divya Hegde,Chargesheeted
FIR202503506,FIR/3506/2025,PS0119,Bengaluru Urban,2025-10-09 12:01,2025-10-12 15:01,Murder,Gang Conflict,BNS 103(1),12.814826,77.78707,P005478,P006268,P006604,PI Naveen Patil,Chargesheeted
FIR202503554,FIR/3554/2025,PS0175,Bidar,2025-10-12 10:02,2025-10-12 17:02,Vehicle Theft,Car Theft,BNS 303(2),18.000397,77.448672,P007140,P001056,P004619,PI Naveen Patil,Closed
FIR202503558,FIR/3558/2025,PS0178,Bidar,2025-10-12 14:12,2025-10-12 18:12,Assault,Simple Assault,"BNS 115(2), BNS 117(2)",17.897943,77.482955,P002561,P008669,P006023,SI Mahesh Bhat,Chargesheeted
FIR202503538,FIR/3538/2025,PS0093,Bengaluru Rural,2025-10-11 13:06,2025-10-12 19:06,Theft,Snatching,BNS 303(2),13.189769,77.572015,P004766,P004113,P004621,SI Ganesh Rao,Chargesheeted
FIR202503527,FIR/3527/2025,PS0102,Bengaluru Rural,2025-10-10 19:21,2025-10-12 20:21,Theft,Snatching,BNS 303(2),13.134296,77.660621,P003285,P005377,P008822,SI Divya Hegde,Chargesheeted
FIR202503561,FIR/3561/2025,PS0231,Chamarajanagar,2025-10-12 15:27,2025-10-12 20:27,Cyber Crime,Financial Fraud,"IT Act 66D, BNS 318(4)",11.977722,77.031444,P008161,P008343,P004670,PI Suresh Kulkarni,Under Investigation
FIR202503566,FIR/3566/2025,PS0199,Chamarajanagar,2025-10-12 17:42,2025-10-12 20:42,Robbery,Chain Snatching with Force,BNS 309(4),11.853952,77.048031,P001669,P009908,P008030,SI Ganesh Rao,Chargesheeted
FIR202503536,FIR/3536/2025,PS0048,Belagavi,2025-10-11 09:22,2025-10-12 21:22,Cyber Crime,Identity Theft,"IT Act 66D, BNS 318(4)",15.73614,74.47442,P008235,P004361,P005134,PI Naveen Patil,Chargesheeted
FIR202503542,FIR/3542/2025,PS0079,Bengaluru Rural,2025-10-11 19:34,2025-10-12 22:34,Theft,House Theft,BNS 303(2),13.088348,77.461,P006727,P001506,P005110,SI Mahesh Bhat,Untraced
FIR202503565,FIR/3565/2025,PS0037,Ballari,2025-10-12 16:34,2025-10-12 23:34,Murder,Dowry Homicide,BNS 103(1),15.095514,77.037024,P000684,P001545,P000961,PI Lakshmi Devi,Under Investigation
FIR202503570,FIR/3570/2025,PS0154,Bidar,2025-10-12 20:21,2025-10-13 00:21,Assault,Public Affray,"BNS 115(2), BNS 117(2)",17.905147,77.416728,P003063,P007377,P003031,PI Harish Naik,Under Investigation
FIR202503574,FIR/3574/2025,PS0201,Chamarajanagar,2025-10-12 21:11,2025-10-13 01:11,Fraud,Land Scam,BNS 318(4),12.007083,76.831855,P003039,P001580,P007041,SI Prakash Sharma,Chargesheeted
FIR202503568,FIR/3568/2025,PS0199,Chamarajanagar,2025-10-12 19:51,2025-10-13 01:51,Assault,Grievous Hurt,"BNS 115(2), BNS 117(2)",11.86612,77.049929,P007132,P000606,P006886,PI Lakshmi Devi,Under Investigation
FIR202503545,FIR/3545/2025,PS0043,Ballari,2025-10-12 02:20,2025-10-13 03:20,Assault,Simple Assault,"BNS 115(2), BNS 117(2)",14.953973,76.98754,P001075,P000953,P006960,PI Suresh Kulkarni,Untraced
FIR202503564,FIR/3564/2025,PS0182,Bidar,2025-10-12 16:26,2025-10-13 03:26,Assault,Public Affray,"BNS 115(2), BNS 117(2)",17.901236,77.70044,P003063,P003743,P008643,PI Suresh Kulkarni,Chargesheeted
FIR202503543,FIR/3543/2025,PS0012,Bagalkote,2025-10-11 22:39,2025-10-13 03:39,Burglary,Day Burglary,"BNS 331(3), BNS 331(4)",16.27052,75.824423,P002735,P006778,P001328,SI Divya Hegde,Chargesheeted
FIR202503487,FIR/3487/2025,PS0010,Bagalkote,2025-10-08 15:40,2025-10-13 03:40,Vehicle Theft,Car Theft,BNS 303(2),16.177707,75.80858,P006321,P000917,P002803,PI Harish Naik,Chargesheeted
FIR202503577,FIR/3577/2025,PS0203,Chamarajanagar,2025-10-12 23:05,2025-10-13 05:05,POCSO,Harassment,"POCSO Act Sec 4, BNS 64",11.892983,76.847139,P001138,P000021,P007916,PI Naveen Patil,Chargesheeted
FIR202503546,FIR/3546/2025,PS0198,Chamarajanagar,2025-10-12 03:20,2025-10-13 05:20,Theft,House Theft,BNS 303(2),11.853421,77.071602,P009297,P006003,P007548,PI Lakshmi Devi,Chargesheeted
FIR202503567,FIR/3567/2025,PS0225,Chamarajanagar,2025-10-12 18:12,2025-10-13 06:12,Fraud,Corporate Fraud,BNS 318(4),12.001074,76.787352,P000193,P000044,P006640,SI Mahesh Bhat,Under Investigation
FIR202503573,FIR/3573/2025,PS0182,Bidar,2025-10-12 20:44,2025-10-13 06:44,NDPS,Drug Trafficking,NDPS Act Sec 20(b),17.914483,77.687619,P008009,P009177,P000923,PI Suresh Kulkarni,Chargesheeted
FIR202503582,FIR/3582/2025,PS0194,Chamarajanagar,2025-10-13 02:15,2025-10-13 07:15,Robbery,Highway Robbery,BNS 309(4),11.785183,76.882228,P007983,P009144,P004540,SI Divya Hegde,Chargesheeted
FIR202503579,FIR/3579/2025,PS0123,Bengaluru Urban,2025-10-13 00:35,2025-10-13 08:35,Robbery,Highway Robbery,BNS 309(4),13.025993,77.496575,P003650,P001315,P003142,SI Ganesh Rao,Chargesheeted
FIR202503583,FIR/3583/2025,PS0203,Chamarajanagar,2025-10-13 03:02,2025-10-13 11:02,Cyber Crime,Financial Fraud,"IT Act 66D, BNS 318(4)",11.927218,76.848165,P004829,P009920,P002116,PI Suresh Kulkarni,Closed
FIR202503590,FIR/3590/2025,PS0195,Chamarajanagar,2025-10-13 06:04,2025-10-13 11:04,Theft,Pocket Pick,BNS 303(2),11.877602,77.06895,P009671,P001310,P001970,PI Naveen Patil,Under Investigation
FIR202503594,FIR/3594/2025,PS0215,Chamarajanagar,2025-10-13 09:11,2025-10-13 11:11,Cyber Crime,Identity Theft,"IT Act 66D, BNS 318(4)",11.847559,76.960609,P003399,P006865,P007603,PI Harish Naik,Chargesheeted
FIR202503593,FIR/3593/2025,PS0219,Chamarajanagar,2025-10-13 08:31,2025-10-13 11:31,Theft,House Theft,BNS 303(2),11.876942,76.886552,P004181,P009281,P000224,PI Ramesh Gowda,Chargesheeted
FIR202503591,FIR/3591/2025,PS0201,Chamarajanagar,2025-10-13 06:50,2025-10-13 12:50,Cyber Crime,Phishing,"IT Act 66D, BNS 318(4)",11.977829,76.845736,P009308,P009017,P001004,PI Ramesh Gowda,Under Investigation
FIR202503531,FIR/3531/2025,PS0013,Bagalkote,2025-10-11 00:56,2025-10-13 12:56,Cyber Crime,Financial Fraud,"IT Act 66D, BNS 318(4)",16.145015,75.658372,P002709,P002972,P004101,SI Prakash Sharma,Under Investigation
FIR202503587,FIR/3587/2025,PS0168,Bidar,2025-10-13 05:05,2025-10-13 14:05,NDPS,Possession of Narcotics,NDPS Act Sec 20(b),17.706346,77.680025,P003321,P004783,P005843,PI Harish Naik,Chargesheeted
FIR202503596,FIR/3596/2025,PS0117,Bengaluru Urban,2025-10-13 09:20,2025-10-13 14:20,Fraud,Land Scam,BNS 318(4),13.115774,77.795764,P006054,P007400,P002446,PI Naveen Patil,Chargesheeted
FIR202503599,FIR/3599/2025,PS0063,Belagavi,2025-10-13 12:06,2025-10-13 16:06,Vehicle Theft,Car Theft,BNS 303(2),16.03367,74.677264,P005309,P002773,P000393,SI Divya Hegde,Chargesheeted
FIR202503592,FIR/3592/2025,PS0182,Bidar,2025-10-13 07:05,2025-10-13 17:05,Cyber Crime,Identity Theft,"IT Act 66D, BNS 318(4)",17.897681,77.696439,P001426,P002839,P006908,PI Suresh Kulkarni,Chargesheeted
FIR202503600,FIR/3600/2025,PS0189,Bidar,2025-10-13 12:10,2025-10-13 17:10,Assault,Simple Assault,"BNS 115(2), BNS 117(2)",17.906758,77.391613,P007113,P005232,P008928,SI Ravi Kumar,Under Investigation
FIR202503517,FIR/3517/2025,PS0179,Bidar,2025-10-10 05:11,2025-10-13 17:11,POCSO,Harassment,"POCSO Act Sec 4, BNS 64",18.112336,77.385596,P002746,P003337,P005181,SI Divya Hegde,Chargesheeted
FIR202503595,FIR/3595/2025,PS0233,Chamarajanagar,2025-10-13 09:16,2025-10-13 18:16,Theft,Snatching,BNS 303(2),11.750928,76.813244,P002002,P004411,P002267,PI Chetan Kumar,Under Investigation
FIR202503523,FIR/3523/2025,PS0166,Bidar,2025-10-10 15:44,2025-10-13 19:44,Assault,Public Affray,"BNS 115(2), BNS 117(2)",17.79794,77.472617,P006305,P004919,P002272,PI Naveen Patil,Under Investigation
FIR202503602,FIR/3602/2025,PS0149,Bengaluru Urban,2025-10-13 13:47,2025-10-13 22:47,NDPS,Drug Trafficking,NDPS Act Sec 20(b),13.079688,77.460508,P007080,P001581,"P009546, P006364",PI Ramesh Gowda,Closed
FIR202503612,FIR/3612/2025,PS0182,Bidar,2025-10-13 19:58,2025-10-13 22:58,NDPS,Drug Trafficking,NDPS Act Sec 20(b),17.899268,77.680708,P003593,P005441,P002562,PI Suresh Kulkarni,Closed
FIR202503555,FIR/3555/2025,PS0023,Bagalkote,2025-10-12 12:50,2025-10-13 23:50,NDPS,Possession of Narcotics,NDPS Act Sec 20(b),16.11413,75.797552,P000132,P003582,P008607,SI Prakash Sharma,Chargesheeted
FIR202503603,FIR/3603/2025,PS0074,Bengaluru Rural,2025-10-13 13:56,2025-10-13 23:56,Robbery,Chain Snatching with Force,BNS 309(4),13.161718,77.582544,P002376,P007796,P000345,PI Harish Naik,Chargesheeted
FIR202503560,FIR/3560/2025,PS0223,Chamarajanagar,2025-10-12 15:08,2025-10-14 00:08,Robbery,Highway Robbery,BNS 309(4),11.877287,76.802043,P008172,P006556,P009794,SI Prakash Sharma,Chargesheeted
FIR202503508,FIR/3508/2025,PS0230,Chamarajanagar,2025-10-09 17:31,2025-10-14 00:31,Burglary,Night House Breaking,"BNS 331(3), BNS 331(4)",11.761931,77.066835,P001860,P009736,P001929,SI Divya Hegde,Under Investigation
FIR202503530,FIR/3530/2025,PS0209,Chamarajanagar,2025-10-11 00:13,2025-10-14 01:13,Burglary,Night House Breaking,"BNS 331(3), BNS 331(4)",12.076124,77.022152,P004977,P002537,P006534,SI Ganesh Rao,Chargesheeted
FIR202503572,FIR/3572/2025,PS0181,Bidar,2025-10-12 20:31,2025-10-14 01:31,Assault,Simple Assault,"BNS 115(2), BNS 117(2)",18.000974,77.420714,P008828,P005817,P008299,PI Chetan Kumar,Under Investigation
FIR202503522,FIR/3522/2025,PS0218,Chamarajanagar,2025-10-10 14:08,2025-10-14 02:08,Vehicle Theft,Car Theft,BNS 303(2),11.850789,77.049424,P006288,P005183,P004780,SI Mahesh Bhat,Chargesheeted
FIR202503576,FIR/3576/2025,PS0163,Bidar,2025-10-12 21:26,2025-10-14 02:26,Theft,Pocket Pick,BNS 303(2),17.924905,77.601146,P009376,P009737,P006010,SI Ganesh Rao,Chargesheeted
FIR202503614,FIR/3614/2025,PS0159,Bidar,2025-10-13 21:13,2025-10-14 03:13,Burglary,Day Burglary,"BNS 331(3), BNS 331(4)",18.059436,77.508422,P002939,P008777,"P004192, P009409",PI Ramesh Gowda,Closed
FIR202503578,FIR/3578/2025,PS0193,Chamarajanagar,2025-10-12 23:20,2025-10-14 04:20,Dacoity,Bank Dacoity,BNS 310(2),11.991242,76.874256,P003495,P005556,P004990,SI Ganesh Rao,Chargesheeted
FIR202503610,FIR/3610/2025,PS0217,Chamarajanagar,2025-10-13 19:33,2025-10-14 05:33,Theft,Snatching,BNS 303(2),11.76067,76.904493,P002415,P006529,P002022,PI Suresh Kulkarni,Under Investigation
FIR202503586,FIR/3586/2025,PS0063,Belagavi,2025-10-13 04:37,2025-10-14 05:37,Cyber Crime,Financial Fraud,"IT Act 66D, BNS 318(4)",16.001966,74.67689,P003159,P001571,P008990,PI Naveen Patil,Untraced
FIR202503499,FIR/3499/2025,PS0038,Ballari,2025-10-09 04:59,2025-10-14 05:59,Cyber Crime,Identity Theft,"IT Act 66D, BNS 318(4)",15.06169,77.066431,P004475,P003084,P006976,SI Divya Hegde,Under Investigation
FIR202503620,FIR/3620/2025,PS0229,Chamarajanagar,2025-10-14 02:04,2025-10-14 08:04,Fraud,Cheating,BNS 318(4),12.034184,77.018534,P005360,P008580,P007490,PI Harish Naik,Untraced
FIR202503616,FIR/3616/2025,PS0022,Bagalkote,2025-10-13 21:24,2025-10-14 08:24,Robbery,Chain Snatching with Force,BNS 309(4),16.25621,75.622352,P007409,P003791,P009210,PI Lakshmi Devi,Chargesheeted
FIR202503625,FIR/3625/2025,PS0201,Chamarajanagar,2025-10-14 08:01,2025-10-14 09:01,POCSO,Sexual Assault on Minor,"POCSO Act Sec 4, BNS 64",11.993726,76.831519,P007450,P007826,P008202,SI Ganesh Rao,Untraced
FIR202503624,FIR/3624/2025,PS0211,Chamarajanagar,2025-10-14 07:36,2025-10-14 10:36,Cyber Crime,Financial Fraud,"IT Act 66D, BNS 318(4)",11.815278,77.080265,P007774,P004522,P004916,SI Prakash Sharma,Chargesheeted
FIR202503627,FIR/3627/2025,PS0003,Bagalkote,2025-10-14 08:25,2025-10-14 11:25,Theft,Snatching,BNS 303(2),16.332453,75.885329,P009693,P009994,P003532,PI Suresh Kulkarni,Under Investigation
FIR202503618,FIR/3618/2025,PS0198,Chamarajanagar,2025-10-14 01:39,2025-10-14 11:39,Vehicle Theft,Car Theft,BNS 303(2),11.852274,77.053631,P001269,P001470,P005810,SI Ganesh Rao,Under Investigation
FIR202503628,FIR/3628/2025,PS0228,Chamarajanagar,2025-10-14 08:49,2025-10-14 12:49,Vehicle Theft,Car Theft,BNS 303(2),12.113486,77.122507,P001389,P001222,P004298,SI Mahesh Bhat,Under Investigation
FIR202503585,FIR/3585/2025,PS0191,Bidar,2025-10-13 04:15,2025-10-14 13:15,Assault,Public Affray,"BNS 115(2), BNS 117(2)",17.932447,77.370597,P005446,P003368,P008648,PI Lakshmi Devi,Under Investigation
FIR202503519,FIR/3519/2025,PS0159,Bidar,2025-10-10 06:45,2025-10-14 13:45,Fraud,Cheating,BNS 318(4),18.052681,77.484707,P005610,P007927,P009535,PI Suresh Kulkarni,Chargesheeted
FIR202503626,FIR/3626/2025,PS0204,Chamarajanagar,2025-10-14 08:08,2025-10-14 15:08,Theft,Snatching,BNS 303(2),12.043572,77.074639,P001348,P004457,P001859,PI Ramesh Gowda,Untraced
FIR202503598,FIR/3598/2025,PS0232,Chamarajanagar,2025-10-13 11:45,2025-10-14 16:45,Cyber Crime,Phishing,"IT Act 66D, BNS 318(4)",11.763937,76.880441,P000760,P007006,P009347,SI Ganesh Rao,Chargesheeted
FIR202503635,FIR/3635/2025,PS0164,Bidar,2025-10-14 16:08,2025-10-14 17:08,Assault,Simple Assault,"BNS 115(2), BNS 117(2)",17.955555,77.448404,P009001,P006220,P008823,PI Naveen Patil,Chargesheeted
FIR202503605,FIR/3605/2025,PS0021,Bagalkote,2025-10-13 15:27,2025-10-14 17:27,Fraud,Land Scam,BNS 318(4),15.98054,75.548396,P008772,P000378,P006544,PI Naveen Patil,Chargesheeted
FIR202503640,FIR/3640/2025,PS0204,Chamarajanagar,2025-10-14 17:57,2025-10-14 18:57,Fraud,Corporate Fraud,BNS 318(4),12.063549,77.078817,P002758,P001251,P005574,PI Suresh Kulkarni,Chargesheeted
FIR202503632,FIR/3632/2025,PS0208,Chamarajanagar,2025-10-14 13:14,2025-10-14 19:14,Fraud,Cheating,BNS 318(4),11.8302,77.132645,P003659,P001536,P007518,PI Lakshmi Devi,Chargesheeted
FIR202503630,FIR/3630/2025,PS0230,Chamarajanagar,2025-10-14 12:05,2025-10-14 22:05,Theft,Snatching,BNS 303(2),11.739538,77.056885,P003271,P006209,P007349,SI Mahesh Bhat,Chargesheeted
FIR202503608,FIR/3608/2025,PS0170,Bidar,2025-10-13 17:28,2025-10-15 00:28,Assault,Public Affray,"BNS 115(2), BNS 117(2)",17.879162,77.393198,P000153,P007914,P002812,PI Chetan Kumar,Chargesheeted
FIR202503641,FIR/3641/2025,PS0194,Chamarajanagar,2025-10-14 18:19,2025-10-15 01:19,Theft,Snatching,BNS 303(2),11.77156,76.888931,P007630,P003390,P003425,PI Ramesh Gowda,Chargesheeted
FIR202503646,FIR/3646/2025,PS0215,Chamarajanagar,2025-10-14 21:32,2025-10-15 01:32,Cyber Crime,Financial Fraud,"IT Act 66D, BNS 318(4)",11.878826,76.968324,P006701,P007496,P007918,SI Ravi Kumar,Under Investigation
FIR202503611,FIR/3611/2025,PS0195,Chamarajanagar,2025-10-13 19:49,2025-10-15 02:49,Cyber Crime,Financial Fraud,"IT Act 66D, BNS 318(4)",11.889326,77.05818,P008550,P004464,P001580,PI Naveen Patil,Under Investigation
FIR202503604,FIR/3604/2025,PS0161,Bidar,2025-10-13 15:15,2025-10-15 03:15,Theft,Snatching,BNS 303(2),17.989177,77.497611,P002625,P007610,P005143,PI Naveen Patil,Untraced
FIR202503634,FIR/3634/2025,PS0233,Chamarajanagar,2025-10-14 15:15,2025-10-15 03:15,Burglary,Day Burglary,"BNS 331(3), BNS 331(4)",11.748982,76.828177,P007862,P002127,P002169,SI Mahesh Bhat,Closed
FIR202503575,FIR/3575/2025,PS0007,Bagalkote,2025-10-12 21:22,2025-10-15 03:22,Assault,Public Affray,"BNS 115(2), BNS 117(2)",16.071466,75.650869,P008472,P006752,P003082,PI Chetan Kumar,Chargesheeted
FIR202503653,FIR/3653/2025,PS0225,Chamarajanagar,2025-10-15 03:09,2025-10-15 04:09,POCSO,Harassment,"POCSO Act Sec 4, BNS 64",12.002407,76.760609,P005096,P009955,P008958,SI Ravi Kumar,Chargesheeted
FIR202503642,FIR/3642/2025,PS0215,Chamarajanagar,2025-10-14 18:19,2025-10-15 04:19,Theft,House Theft,BNS 303(2),11.860331,76.985111,P007603,P001819,P004381,SI Prakash Sharma,Chargesheeted
FIR202503638,FIR/3638/2025,PS0140,Bengaluru Urban,2025-10-14 17:48,2025-10-15 04:48,Theft,House Theft,BNS 303(2),13.023483,77.655539,P001914,P002917,P008621,PI Suresh Kulkarni,Under Investigation
FIR202503613,FIR/3613/2025,PS0228,Chamarajanagar,2025-10-13 21:02,2025-10-15 05:02,Cyber Crime,Financial Fraud,"IT Act 66D, BNS 318(4)",12.116748,77.111889,P006615,P001880,P004527,PI Harish Naik,Under Investigation
FIR202503643,FIR/3643/2025,PS0200,Chamarajanagar,2025-10-14 19:17,2025-10-15 05:17,Burglary,Night House Breaking,"BNS 331(3), BNS 331(4)",11.805376,77.01591,P000982,P007365,P002277,PI Harish Naik,Under Investigation
FIR202503656,FIR/3656/2025,PS0209,Chamarajanagar,2025-10-15 04:39,2025-10-15 05:39,POCSO,Sexual Assault on Minor,"POCSO Act Sec 4, BNS 64",12.049553,77.0102,P000179,P005254,P008798,SI Divya Hegde,Chargesheeted
FIR202503657,FIR/3657/2025,PS0205,Chamarajanagar,2025-10-15 05:12,2025-10-15 08:12,Cyber Crime,Identity Theft,"IT Act 66D, BNS 318(4)",11.9493,76.801668,P004605,P003268,P003837,PI Suresh Kulkarni,Chargesheeted
FIR202503621,FIR/3621/2025,PS0227,Chamarajanagar,2025-10-14 03:29,2025-10-15 09:29,Cyber Crime,Financial Fraud,"IT Act 66D, BNS 318(4)",11.918397,76.927058,P001105,P000377,P004534,PI Naveen Patil,Under Investigation
FIR202503660,FIR/3660/2025,PS0193,Chamarajanagar,2025-10-15 09:00,2025-10-15 11:00,Vehicle Theft,Two-Wheeler Theft,BNS 303(2),12.006663,76.86042,P001184,P000402,P001409,PI Suresh Kulkarni,Under Investigation
FIR202503654,FIR/3654/2025,PS0214,Chamarajanagar,2025-10-15 03:17,2025-10-15 11:17,POCSO,Harassment,"POCSO Act Sec 4, BNS 64",11.917225,76.845767,P008413,P006080,P009114,SI Ganesh Rao,Chargesheeted
FIR202503655,FIR/3655/2025,PS0207,Chamarajanagar,2025-10-15 03:18,2025-10-15 11:18,Vehicle Theft,Car Theft,BNS 303(2),12.086153,77.097658,P007555,P001496,P002793,SI Ganesh Rao,Chargesheeted
FIR202503665,FIR/3665/2025,PS0079,Bengaluru Rural,2025-10-15 11:28,2025-10-15 13:28,POCSO,Harassment,"POCSO Act Sec 4, BNS 64",13.110488,77.454458,P006227,P007362,P003018,SI Ganesh Rao,Chargesheeted
FIR202503584,FIR/3584/2025,PS0196,Chamarajanagar,2025-10-13 03:58,2025-10-15 13:58,Robbery,Chain Snatching with Force,BNS 309(4),11.988596,76.931741,P007510,P002722,P008424,SI Ravi Kumar,Untraced
FIR202503652,FIR/3652/2025,PS0227,Chamarajanagar,2025-10-15 02:58,2025-10-15 13:58,Assault,Public Affray,"BNS 115(2), BNS 117(2)",11.908427,76.905902,P000874,P003808,P009432,PI Suresh Kulkarni,Under Investigation
FIR202503550,FIR/3550/2025,PS0200,Chamarajanagar,2025-10-12 05:27,2025-10-15 14:27,Cyber Crime,Financial Fraud,"IT Act 66D, BNS 318(4)",11.786053,77.013402,P002026,P001870,P004851,PI Ramesh Gowda,Under Investigation
FIR202503549,FIR/3549/2025,PS0210,Chamarajanagar,2025-10-12 04:40,2025-10-15 14:40,POCSO,Harassment,"POCSO Act Sec 4, BNS 64",11.989589,76.800745,P005195,P004197,P002454,SI Divya Hegde,Under Investigation
FIR202503631,FIR/3631/2025,PS0020,Bagalkote,2025-10-14 12:14,2025-10-15 16:14,Cyber Crime,Identity Theft,"IT Act 66D, BNS 318(4)",16.260195,75.592242,P005519,P002309,P006733,PI Chetan Kumar,Chargesheeted
FIR202503589,FIR/3589/2025,PS0180,Bidar,2025-10-13 05:55,2025-10-15 16:55,Cyber Crime,Financial Fraud,"IT Act 66D, BNS 318(4)",18.029391,77.407794,P003827,P003998,P008339,PI Lakshmi Devi,Untraced
FIR202503633,FIR/3633/2025,PS0216,Chamarajanagar,2025-10-14 15:05,2025-10-15 18:05,NDPS,Drug Trafficking,NDPS Act Sec 20(b),11.766072,76.967616,P006481,P007951,P008929,PI Lakshmi Devi,Chargesheeted
FIR202503662,FIR/3662/2025,PS0183,Bidar,2025-10-15 10:18,2025-10-15 18:18,Cyber Crime,Financial Fraud,"IT Act 66D, BNS 318(4)",17.76644,77.413638,P004961,P000516,P007618,PI Ramesh Gowda,Chargesheeted
FIR202503601,FIR/3601/2025,PS0109,Bengaluru Rural,2025-10-13 12:45,2025-10-15 19:45,Cyber Crime,Phishing,"IT Act 66D, BNS 318(4)",13.097364,77.575382,P004160,P009091,P008072,PI Chetan Kumar,Chargesheeted
FIR202503664,FIR/3664/2025,PS0103,Bengaluru Rural,2025-10-15 10:59,2025-10-15 19:59,Cyber Crime,Identity Theft,"IT Act 66D, BNS 318(4)",13.317923,77.44964,P003285,P003373,P001711,PI Chetan Kumar,Chargesheeted
FIR202503563,FIR/3563/2025,PS0107,Bengaluru Rural,2025-10-12 15:57,2025-10-15 20:57,Cyber Crime,Financial Fraud,"IT Act 66D, BNS 318(4)",13.130365,77.43368,P001952,P005554,P009760,PI Suresh Kulkarni,Under Investigation
FIR202503569,FIR/3569/2025,PS0223,Chamarajanagar,2025-10-12 20:07,2025-10-15 21:07,Burglary,Day Burglary,"BNS 331(3), BNS 331(4)",11.871667,76.807198,P003541,P001304,P004430,PI Ramesh Gowda,Chargesheeted
FIR202503559,FIR/3559/2025,PS0015,Bagalkote,2025-10-12 14:25,2025-10-15 21:25,Theft,Pocket Pick,BNS 303(2),16.057025,75.708206,P003870,P005165,P001601,PI Suresh Kulkarni,Under Investigation
FIR202503663,FIR/3663/2025,PS0224,Chamarajanagar,2025-10-15 10:44,2025-10-15 21:44,POCSO,Harassment,"POCSO Act Sec 4, BNS 64",11.865665,76.830551,P006597,P002332,P006070,PI Harish Naik,Chargesheeted
FIR202503673,FIR/3673/2025,PS0017,Bagalkote,2025-10-15 20:57,2025-10-15 21:57,Robbery,Chain Snatching with Force,BNS 309(4),16.278405,75.543424,P003844,P004604,P004151,PI Ramesh Gowda,Chargesheeted
FIR202503556,FIR/3556/2025,PS0107,Bengaluru Rural,2025-10-12 12:51,2025-10-15 22:51,Cyber Crime,Identity Theft,"IT Act 66D, BNS 318(4)",13.122217,77.409303,P005544,P003897,"P006007, P006902",SI Ravi Kumar,Chargesheeted
FIR202503597,FIR/3597/2025,PS0213,Chamarajanagar,2025-10-13 11:06,2025-10-15 23:06,Theft,Snatching,BNS 303(2),12.026686,76.926304,P008637,P005677,P005651,SI Prakash Sharma,Under Investigation
FIR202503644,FIR/3644/2025,PS0139,Bengaluru Urban,2025-10-14 20:39,2025-10-15 23:39,Fraud,Cheating,BNS 318(4),12.800625,77.567511,P004423,P002767,"P001202, P002982",PI Chetan Kumar,Chargesheeted
FIR202503562,FIR/3562/2025,PS0074,Bengaluru Rural,2025-10-12 15:38,2025-10-16 00:38,Fraud,Cheating,BNS 318(4),13.180789,77.584676,P008839,P000206,P009206,PI Naveen Patil,Chargesheeted
FIR202503581,FIR/3581/2025,PS0202,Chamarajanagar,2025-10-13 01:53,2025-10-16 03:53,Burglary,Night House Breaking,"BNS 331(3), BNS 331(4)",11.952338,76.885034,P002254,P009908,"P002459, P004629",SI Mahesh Bhat,Chargesheeted
FIR202503607,FIR/3607/2025,PS0197,Chamarajanagar,2025-10-13 17:05,2025-10-16 05:05,Theft,House Theft,BNS 303(2),11.851003,77.046402,P003511,P006231,P000151,PI Suresh Kulkarni,Under Investigation
FIR202503680,FIR/3680/2025,PS0198,Chamarajanagar,2025-10-16 02:19,2025-10-16 05:19,Robbery,Highway Robbery,BNS 309(4),11.833011,77.050294,P008253,P009403,P002554,SI Prakash Sharma,Untraced
FIR202503571,FIR/3571/2025,PS0190,Bidar,2025-10-12 20:23,2025-10-16 06:23,Burglary,Night House Breaking,"BNS 331(3), BNS 331(4)",17.758207,77.579122,P002166,P005002,P004946,PI Ramesh Gowda,Chargesheeted
FIR202503647,FIR/3647/2025,PS0220,Chamarajanagar,2025-10-14 21:39,2025-10-16 07:39,Theft,Snatching,BNS 303(2),11.804973,76.777929,P002400,P009864,P006393,PI Chetan Kumar,Under Investigation
FIR202503683,FIR/3683/2025,PS0217,Chamarajanagar,2025-10-16 04:30,2025-10-16 08:30,Fraud,Cheating,BNS 318(4),11.743525,76.89132,P007052,P004185,P001314,PI Chetan Kumar,Under Investigation
FIR202503676,FIR/3676/2025,PS0169,Bidar,2025-10-15 22:37,2025-10-16 09:37,NDPS,Drug Trafficking,NDPS Act Sec 20(b),18.009915,77.715964,P006990,P007918,P000303,PI Chetan Kumar,Under Investigation
FIR202503678,FIR/3678/2025,PS0045,Ballari,2025-10-15 23:55,2025-10-16 09:55,Fraud,Cheating,BNS 318(4),14.972323,76.875425,P004656,P000787,P007336,SI Mahesh Bhat,Chargesheeted
FIR202503679,FIR/3679/2025,PS0157,Bidar,2025-10-16 01:13,2025-10-16 11:13,Assault,Simple Assault,"BNS 115(2), BNS 117(2)",17.831242,77.590131,P002944,P006457,P007584,SI Prakash Sharma,Untraced
FIR202503686,FIR/3686/2025,PS0231,Chamarajanagar,2025-10-16 09:13,2025-10-16 11:13,Cyber Crime,Identity Theft,"IT Act 66D, BNS 318(4)",11.959998,77.002966,P001833,P009482,P005150,SI Mahesh Bhat,Under Investigation
FIR202503580,FIR/3580/2025,PS0181,Bidar,2025-10-13 01:18,2025-10-16 11:18,Fraud,Land Scam,BNS 318(4),17.992554,77.389499,P008809,P000814,P001231,PI Suresh Kulkarni,Under Investigation
FIR202503619,FIR/3619/2025,PS0173,Bidar,2025-10-14 02:00,2025-10-16 13:00,Dacoity,Armed Dacoity,BNS 310(2),17.764432,77.606396,P000616,P003818,P005492,SI Ganesh Rao,Chargesheeted
FIR202503687,FIR/3687/2025,PS0219,Chamarajanagar,2025-10-16 12:01,2025-10-16 14:01,Robbery,Highway Robbery,BNS 309(4),11.87826,76.883791,P005032,P008015,P007601,PI Harish Naik,Under Investigation
FIR202503629,FIR/3629/2025,PS0226,Chamarajanagar,2025-10-14 11:41,2025-10-16 14:41,Theft,Snatching,BNS 303(2),11.748841,76.989164,P002545,P008663,P002243,SI Divya Hegde,Under Investigation
FIR202503658,FIR/3658/2025,PS0221,Chamarajanagar,2025-10-15 05:41,2025-10-16 14:41,Vehicle Theft,Two-Wheeler Theft,BNS 303(2),12.044647,77.110112,P001581,P004152,P000375,PI Lakshmi Devi,Chargesheeted
FIR202503651,FIR/3651/2025,PS0242,Chikkaballapura,2025-10-15 02:55,2025-10-16 14:55,POCSO,Harassment,"POCSO Act Sec 4, BNS 64",13.284654,77.878372,P008854,P006165,P004664,SI Ganesh Rao,Chargesheeted
FIR202503681,FIR/3681/2025,PS0206,Chamarajanagar,2025-10-16 03:47,2025-10-16 15:47,Vehicle Theft,Two-Wheeler Theft,BNS 303(2),11.839732,77.092894,P002144,P005851,P005401,SI Mahesh Bhat,Under Investigation
FIR202503689,FIR/3689/2025,PS0223,Chamarajanagar,2025-10-16 12:29,2025-10-16 16:29,Fraud,Cheating,BNS 318(4),11.872938,76.783324,P000006,P007588,P005829,SI Mahesh Bhat,Chargesheeted
FIR202503692,FIR/3692/2025,PS0161,Bidar,2025-10-16 14:57,2025-10-16 17:57,Cyber Crime,Financial Fraud,"IT Act 66D, BNS 318(4)",17.965258,77.504061,P007118,P007053,P000339,PI Naveen Patil,Chargesheeted
FIR202503668,FIR/3668/2025,PS0098,Bengaluru Rural,2025-10-15 18:10,2025-10-16 20:10,Theft,Snatching,BNS 303(2),13.299362,77.723387,P004900,P008379,P001525,PI Ramesh Gowda,Under Investigation
FIR202503667,FIR/3667/2025,PS0217,Chamarajanagar,2025-10-15 17:50,2025-10-16 22:50,Assault,Simple Assault,"BNS 115(2), BNS 117(2)",11.758574,76.898651,P008332,P001081,P002763,PI Suresh Kulkarni,Chargesheeted
FIR202503639,FIR/3639/2025,PS0005,Bagalkote,2025-10-14 17:52,2025-10-16 22:52,Theft,Pocket Pick,BNS 303(2),16.16474,75.595236,P001881,P006960,P007290,PI Naveen Patil,Closed
FIR202503609,FIR/3609/2025,PS0223,Chamarajanagar,2025-10-13 18:19,2025-10-16 23:19,Murder,Personal Enmity,BNS 103(1),11.852079,76.803204,P009500,P008064,P001050,SI Ganesh Rao,Closed
FIR202503606,FIR/3606/2025,PS0216,Chamarajanagar,2025-10-13 16:05,2025-10-17 00:05,Theft,Pocket Pick,BNS 303(2),11.752112,76.939833,P008774,P005803,P008677,PI Suresh Kulkarni,Under Investigation
FIR202503637,FIR/3637/2025,PS0201,Chamarajanagar,2025-10-14 16:39,2025-10-17 00:39,Theft,House Theft,BNS 303(2),11.979176,76.824495,P004665,P000425,P003062,PI Ramesh Gowda,Under Investigation
FIR202503677,FIR/3677/2025,PS0017,Bagalkote,2025-10-15 22:42,2025-10-17 00:42,Burglary,Day Burglary,"BNS 331(3), BNS 331(4)",16.266184,75.577527,P008566,P007664,P000455,PI Naveen Patil,Under Investigation
FIR202503648,FIR/3648/2025,PS0168,Bidar,2025-10-14 21:52,2025-10-17 00:52,Dacoity,Bank Dacoity,BNS 310(2),17.719997,77.683117,P002847,P002166,P009086,PI Ramesh Gowda,Under Investigation
FIR202503615,FIR/3615/2025,PS0214,Chamarajanagar,2025-10-13 21:14,2025-10-17 01:14,Theft,Pocket Pick,BNS 303(2),11.943559,76.830231,P000817,P008473,P005974,PI Chetan Kumar,Chargesheeted
FIR202503675,FIR/3675/2025,PS0195,Chamarajanagar,2025-10-15 21:18,2025-10-17 01:18,Assault,Grievous Hurt,"BNS 115(2), BNS 117(2)",11.887235,77.07013,P008218,P000108,"P007728, P008877",PI Suresh Kulkarni,Chargesheeted
FIR202503697,FIR/3697/2025,PS0225,Chamarajanagar,2025-10-16 19:55,2025-10-17 02:55,Cyber Crime,Financial Fraud,"IT Act 66D, BNS 318(4)",11.998282,76.762693,P004828,P004154,P003322,PI Lakshmi Devi,Untraced
FIR202503704,FIR/3704/2025,PS0156,Bidar,2025-10-17 02:01,2025-10-17 04:01,Murder,Personal Enmity,BNS 103(1),18.002532,77.497083,P004049,P000901,P001805,PI Lakshmi Devi,Under Investigation
FIR202503650,FIR/3650/2025,PS0075,Bengaluru Rural,2025-10-15 02:14,2025-10-17 07:14,Cyber Crime,Phishing,"IT Act 66D, BNS 318(4)",13.209012,77.519474,P001745,P008820,P009532,PI Lakshmi Devi,Chargesheeted
FIR202503701,FIR/3701/2025,PS0058,Belagavi,2025-10-17 00:51,2025-10-17 07:51,Theft,Snatching,BNS 303(2),15.696263,74.403997,P000754,P007714,P005585,PI Lakshmi Devi,Chargesheeted
FIR202503702,FIR/3702/2025,PS0187,Bidar,2025-10-17 01:17,2025-10-17 08:17,Assault,Grievous Hurt,"BNS 115(2), BNS 117(2)",17.975017,77.725643,P001556,P009862,P001284,PI Chetan Kumar,Chargesheeted
FIR202503659,FIR/3659/2025,PS0195,Chamarajanagar,2025-10-15 07:25,2025-10-17 08:25,Theft,Snatching,BNS 303(2),11.890899,77.065655,P005397,P001764,P000106,PI Lakshmi Devi,Under Investigation
FIR202503703,FIR/3703/2025,PS0193,Chamarajanagar,2025-10-17 01:57,2025-10-17 08:57,Cyber Crime,Phishing,"IT Act 66D, BNS 318(4)",12.009064,76.849748,P002624,P006352,P005148,SI Ganesh Rao,Closed
FIR202503588,FIR/3588/2025,PS0206,Chamarajanagar,2025-10-13 05:09,2025-10-17 09:09,Robbery,Highway Robbery,BNS 309(4),11.854276,77.095081,P003452,P009333,P006355,SI Prakash Sharma,Closed
FIR202503684,FIR/3684/2025,PS0158,Bidar,2025-10-16 05:23,2025-10-17 10:23,Assault,Simple Assault,"BNS 115(2), BNS 117(2)",17.934961,77.508383,P005000,P002477,P009036,SI Prakash Sharma,Under Investigation
FIR202503708,FIR/3708/2025,PS0234,Chamarajanagar,2025-10-17 05:15,2025-10-17 11:15,Theft,Pocket Pick,BNS 303(2),12.027178,76.842488,P000779,P001427,P007857,PI Ramesh Gowda,Under Investigation
FIR202503719,FIR/3719/2025,PS0161,Bidar,2025-10-17 10:30,2025-10-17 13:30,Theft,Pocket Pick,BNS 303(2),17.984317,77.523261,P003391,P003981,P006280,PI Harish Naik,Under Investigation
FIR202503553,FIR/3553/2025,PS0207,Chamarajanagar,2025-10-12 09:32,2025-10-17 13:32,Robbery,Highway Robbery,BNS 309(4),12.062047,77.128105,P001845,P005272,P007570,SI Prakash Sharma,Chargesheeted
FIR202503713,FIR/3713/2025,PS0163,Bidar,2025-10-17 07:50,2025-10-17 14:50,Fraud,Cheating,BNS 318(4),17.915978,77.605436,P004572,P007028,P003315,SI Prakash Sharma,Chargesheeted
FIR202503722,FIR/3722/2025,PS0246,Chikkaballapura,2025-10-17 12:07,2025-10-17 16:07,Assault,Simple Assault,"BNS 115(2), BNS 117(2)",13.453145,77.74626,P007902,P004199,P005619,SI Ravi Kumar,Under Investigation
FIR202503720,FIR/3720/2025,PS0197,Chamarajanagar,2025-10-17 11:20,2025-10-17 17:20,NDPS,Drug Trafficking,NDPS Act Sec 20(b),11.877516,77.034502,P000114,P005756,P003646,SI Mahesh Bhat,Under Investigation
FIR202503661,FIR/3661/2025,PS0246,Chikkaballapura,2025-10-15 09:47,2025-10-17 17:47,Assault,Simple Assault,"BNS 115(2), BNS 117(2)",13.434975,77.711188,P002005,P005860,P006369,SI Divya Hegde,Under Investigation
FIR202503716,FIR/3716/2025,PS0215,Chamarajanagar,2025-10-17 08:49,2025-10-17 17:49,POCSO,Harassment,"POCSO Act Sec 4, BNS 64",11.861895,76.977999,P001677,P004407,P004417,PI Harish Naik,Under Investigation
FIR202503636,FIR/3636/2025,PS0146,Bengaluru Urban,2025-10-14 16:34,2025-10-17 20:34,Fraud,Cheating,BNS 318(4),12.962951,77.767039,P004712,P005765,P004749,SI Ganesh Rao,Under Investigation
FIR202503727,FIR/3727/2025,PS0124,Bengaluru Urban,2025-10-17 16:41,2025-10-18 01:41,Cyber Crime,Financial Fraud,"IT Act 66D, BNS 318(4)",13.083315,77.674446,P007274,P004806,"P009302, P009747",SI Ganesh Rao,Chargesheeted
FIR202503733,FIR/3733/2025,PS0208,Chamarajanagar,2025-10-17 21:51,2025-10-18 01:51,NDPS,Possession of Narcotics,NDPS Act Sec 20(b),11.821429,77.122627,P002814,P005105,P000250,PI Naveen Patil,Under Investigation
FIR202503728,FIR/3728/2025,PS0200,Chamarajanagar,2025-10-17 18:15,2025-10-18 02:15,Fraud,Cheating,BNS 318(4),11.806647,77.009521,P003352,P008103,P005374,SI Ganesh Rao,Under Investigation
FIR202503649,FIR/3649/2025,PS0218,Chamarajanagar,2025-10-14 23:29,2025-10-18 02:29,Vehicle Theft,Car Theft,BNS 303(2),11.852999,77.020725,P003117,P009914,P007250,SI Mahesh Bhat,Chargesheeted
FIR202503695,FIR/3695/2025,PS0013,Bagalkote,2025-10-16 19:24,2025-10-18 03:24,Burglary,Night House Breaking,"BNS 331(3), BNS 331(4)",16.163398,75.670808,P001210,P008214,P002218,PI Harish Naik,Chargesheeted
FIR202503729,FIR/3729/2025,PS0166,Bidar,2025-10-17 18:47,2025-10-18 03:47,Vehicle Theft,Car Theft,BNS 303(2),17.810068,77.49212,P009011,P005544,P008413,PI Ramesh Gowda,Chargesheeted
FIR202503671,FIR/3671/2025,PS0169,Bidar,2025-10-15 20:10,2025-10-18 05:10,Vehicle Theft,Two-Wheeler Theft,BNS 303(2),18.017446,77.691804,P006275,P007371,P008292,PI Suresh Kulkarni,Chargesheeted
FIR202503707,FIR/3707/2025,PS0073,Bengaluru Rural,2025-10-17 03:23,2025-10-18 05:23,Theft,Pocket Pick,BNS 303(2),13.341111,77.618719,P001866,P002603,P006029,PI Naveen Patil,Chargesheeted
FIR202503700,FIR/3700/2025,PS0214,Chamarajanagar,2025-10-16 23:24,2025-10-18 05:24,Theft,House Theft,BNS 303(2),11.941329,76.825173,P002156,P004046,P001069,SI Ganesh Rao,Under Investigation
FIR202503706,FIR/3706/2025,PS0181,Bidar,2025-10-17 02:32,2025-10-18 05:32,Fraud,Land Scam,BNS 318(4),18.016587,77.421654,P005557,P003867,P008846,PI Suresh Kulkarni,Untraced
FIR202503736,FIR/3736/2025,PS0202,Chamarajanagar,2025-10-18 02:10,2025-10-18 08:10,Cyber Crime,Phishing,"IT Act 66D, BNS 318(4)",11.938904,76.866555,P004006,P001943,P001922,SI Ganesh Rao,Chargesheeted
FIR202503739,FIR/3739/2025,PS0200,Chamarajanagar,2025-10-18 06:03,2025-10-18 09:03,Assault,Simple Assault,"BNS 115(2), BNS 117(2)",11.792175,77.03944,P006361,P005638,P009253,SI Ravi Kumar,Chargesheeted
FIR202503682,FIR/3682/2025,PS0216,Chamarajanagar,2025-10-16 04:14,2025-10-18 09:14,Theft,Snatching,BNS 303(2),11.76825,76.955298,P006828,P009570,P002962,PI Naveen Patil,Chargesheeted
FIR202503715,FIR/3715/2025,PS0228,Chamarajanagar,2025-10-17 08:44,2025-10-18 10:44,NDPS,Drug Trafficking,NDPS Act Sec 20(b),12.100463,77.114152,P007329,P002826,P009448,SI Ravi Kumar,Untraced
FIR202503688,FIR/3688/2025,PS0214,Chamarajanagar,2025-10-16 12:03,2025-10-18 13:03,Assault,Simple Assault,"BNS 115(2), BNS 117(2)",11.930482,76.824278,P007413,P006973,P006184,PI Suresh Kulkarni,Closed
FIR202503714,FIR/3714/2025,PS0194,Chamarajanagar,2025-10-17 08:14,2025-10-18 13:14,Vehicle Theft,Car Theft,BNS 303(2),11.772493,76.863638,P009813,P001380,P001445,PI Ramesh Gowda,Chargesheeted
FIR202503737,FIR/3737/2025,PS0197,Chamarajanagar,2025-10-18 03:54,2025-10-18 14:54,Theft,House Theft,BNS 303(2),11.869468,77.043977,P007248,P008920,P005357,SI Divya Hegde,Chargesheeted
FIR202503622,FIR/3622/2025,PS0201,Chamarajanagar,2025-10-14 06:21,2025-10-18 15:21,Theft,Pocket Pick,BNS 303(2),12.015377,76.835146,P004385,P009981,"P000173, P002875",PI Lakshmi Devi,Chargesheeted
FIR202503711,FIR/3711/2025,PS0222,Chamarajanagar,2025-10-17 07:43,2025-10-18 16:43,NDPS,Possession of Narcotics,NDPS Act Sec 20(b),11.928979,76.754458,P002043,P003567,P009193,SI Divya Hegde,Chargesheeted
FIR202503690,FIR/3690/2025,PS0195,Chamarajanagar,2025-10-16 12:44,2025-10-18 16:44,Theft,Pocket Pick,BNS 303(2),11.862746,77.068469,P009308,P006421,P000634,PI Lakshmi Devi,Chargesheeted
FIR202503712,FIR/3712/2025,PS0206,Chamarajanagar,2025-10-17 07:49,2025-10-18 16:49,Theft,Snatching,BNS 303(2),11.816999,77.11419,P002979,P009153,P001541,PI Naveen Patil,Under Investigation
FIR202503742,FIR/3742/2025,PS0121,Bengaluru Urban,2025-10-18 13:22,2025-10-18 18:22,Cyber Crime,Phishing,"IT Act 66D, BNS 318(4)",13.075703,77.505637,P007763,P006770,P001290,SI Prakash Sharma,Under Investigation
FIR202503710,FIR/3710/2025,PS0127,Bengaluru Urban,2025-10-17 07:42,2025-10-18 18:42,Cyber Crime,Identity Theft,"IT Act 66D, BNS 318(4)",13.105108,77.631488,P009862,P000821,P006447,SI Ganesh Rao,Chargesheeted
FIR202503693,FIR/3693/2025,PS0226,Chamarajanagar,2025-10-16 14:58,2025-10-18 18:58,Robbery,Chain Snatching with Force,BNS 309(4),11.766479,77.005028,P005233,P003875,P005904,PI Lakshmi Devi,Chargesheeted
FIR202503741,FIR/3741/2025,PS0043,Ballari,2025-10-18 11:39,2025-10-18 19:39,POCSO,Sexual Assault on Minor,"POCSO Act Sec 4, BNS 64",14.968335,77.007002,P003230,P002939,P008408,SI Ravi Kumar,Closed
FIR202503717,FIR/3717/2025,PS0194,Chamarajanagar,2025-10-17 09:44,2025-10-18 19:44,NDPS,Possession of Narcotics,NDPS Act Sec 20(b),11.764154,76.866208,P007761,P004903,P000432,SI Ganesh Rao,Chargesheeted
FIR202503748,FIR/3748/2025,PS0179,Bidar,2025-10-18 16:19,2025-10-18 20:19,Cyber Crime,Financial Fraud,"IT Act 66D, BNS 318(4)",18.086111,77.390084,P005514,P000281,P002265,SI Mahesh Bhat,Untraced
FIR202503721,FIR/3721/2025,PS0121,Bengaluru Urban,2025-10-17 11:58,2025-10-18 21:58,Vehicle Theft,Two-Wheeler Theft,BNS 303(2),13.098399,77.514868,P005193,P004991,P005372,SI Mahesh Bhat,Chargesheeted
FIR202503724,FIR/3724/2025,PS0034,Ballari,2025-10-17 13:59,2025-10-18 21:59,POCSO,Harassment,"POCSO Act Sec 4, BNS 64",14.984499,77.080922,P002053,P009583,P002724,SI Divya Hegde,Chargesheeted
FIR202503747,FIR/3747/2025,PS0212,Chamarajanagar,2025-10-18 15:46,2025-10-18 23:46,Assault,Public Affray,"BNS 115(2), BNS 117(2)",12.023521,76.826484,P009011,P007192,P001918,PI Chetan Kumar,Chargesheeted
FIR202503731,FIR/3731/2025,PS0211,Chamarajanagar,2025-10-17 19:54,2025-10-18 23:54,Burglary,Day Burglary,"BNS 331(3), BNS 331(4)",11.840622,77.058284,P004730,P009891,P009817,SI Prakash Sharma,Chargesheeted
FIR202503666,FIR/3666/2025,PS0010,Bagalkote,2025-10-15 14:16,2025-10-19 00:16,Assault,Grievous Hurt,"BNS 115(2), BNS 117(2)",16.160215,75.79092,P006808,P001791,P003729,SI Prakash Sharma,Chargesheeted
FIR202503672,FIR/3672/2025,PS0223,Chamarajanagar,2025-10-15 20:38,2025-10-19 00:38,Theft,Pocket Pick,BNS 303(2),11.851311,76.787915,P002235,P007921,P008483,SI Mahesh Bhat,Chargesheeted
FIR202503751,FIR/3751/2025,PS0223,Chamarajanagar,2025-10-18 19:43,2025-10-19 00:43,Theft,Pocket Pick,BNS 303(2),11.868492,76.809835,P007906,P000847,P000406,SI Ganesh Rao,Chargesheeted
FIR202503698,FIR/3698/2025,PS0201,Chamarajanagar,2025-10-16 20:21,2025-10-19 01:21,Fraud,Cheating,BNS 318(4),11.986979,76.829204,P004899,P001698,P005545,PI Harish Naik,Chargesheeted
FIR202503670,FIR/3670/2025,PS0195,Chamarajanagar,2025-10-15 19:42,2025-10-19 01:42,Burglary,Night House Breaking,"BNS 331(3), BNS 331(4)",11.869568,77.060015,P007997,P003989,P009101,PI Lakshmi Devi,Chargesheeted
FIR202503746,FIR/3746/2025,PS0230,Chamarajanagar,2025-10-18 15:44,2025-10-19 02:44,Murder,Dowry Homicide,BNS 103(1),11.76427,77.03989,P001901,P000928,P004705,PI Chetan Kumar,Chargesheeted
FIR202503726,FIR/3726/2025,PS0178,Bidar,2025-10-17 16:27,2025-10-19 03:27,NDPS,Possession of Narcotics,NDPS Act Sec 20(b),17.875134,77.473683,P008999,P001957,P007469,PI Lakshmi Devi,Under Investigation
FIR202503734,FIR/3734/2025,PS0012,Bagalkote,2025-10-18 01:32,2025-10-19 03:32,Theft,Pocket Pick,BNS 303(2),16.277635,75.798586,P001531,P002583,P005479,PI Lakshmi Devi,Chargesheeted
FIR202503694,FIR/3694/2025,PS0116,Bengaluru Urban,2025-10-16 17:49,2025-10-19 03:49,Vehicle Theft,Two-Wheeler Theft,BNS 303(2),12.995121,77.519836,P001229,P004097,"P009860, P004117",PI Suresh Kulkarni,Chargesheeted
FIR202503617,FIR/3617/2025,PS0155,Bidar,2025-10-13 22:03,2025-10-19 05:03,Assault,Public Affray,"BNS 115(2), BNS 117(2)",17.969332,77.343614,P005866,P008365,"P009219, P002431",SI Prakash Sharma,Closed
FIR202503669,FIR/3669/2025,PS0241,Chikkaballapura,2025-10-15 18:13,2025-10-19 05:13,Burglary,Day Burglary,"BNS 331(3), BNS 331(4)",13.246966,77.903682,P008591,P000545,P005155,PI Ramesh Gowda,Chargesheeted
FIR202503696,FIR/3696/2025,PS0021,Bagalkote,2025-10-16 19:32,2025-10-19 07:32,Burglary,Night House Breaking,"BNS 331(3), BNS 331(4)",15.987879,75.510483,P000008,P002501,P004152,PI Lakshmi Devi,Chargesheeted
FIR202503674,FIR/3674/2025,PS0196,Chamarajanagar,2025-10-15 21:11,2025-10-19 08:11,POCSO,Sexual Assault on Minor,"POCSO Act Sec 4, BNS 64",11.975488,76.949632,P006578,P008739,P007839,SI Ravi Kumar,Chargesheeted
FIR202503623,FIR/3623/2025,PS0028,Ballari,2025-10-14 07:04,2025-10-19 13:04,NDPS,Drug Trafficking,NDPS Act Sec 20(b),15.037724,76.856669,P001678,P002851,P007164,PI Suresh Kulkarni,Untraced
FIR202503761,FIR/3761/2025,PS0181,Bidar,2025-10-19 09:28,2025-10-19 13:28,Assault,Public Affray,"BNS 115(2), BNS 117(2)",18.00859,77.414029,P009958,P009571,P002372,PI Harish Naik,Chargesheeted
FIR202503762,FIR/3762/2025,PS0230,Chamarajanagar,2025-10-19 09:39,2025-10-19 13:39,Theft,House Theft,BNS 303(2),11.771484,77.051332,P003665,P000023,P007183,SI Ganesh Rao,Under Investigation
FIR202503764,FIR/3764/2025,PS0208,Chamarajanagar,2025-10-19 12:14,2025-10-19 14:14,Theft,Snatching,BNS 303(2),11.81283,77.135424,P002128,P004495,P009974,SI Divya Hegde,Under Investigation
FIR202503760,FIR/3760/2025,PS0013,Bagalkote,2025-10-19 08:30,2025-10-19 14:30,Fraud,Cheating,BNS 318(4),16.160758,75.68456,P003850,P002943,P009179,PI Suresh Kulkarni,Under Investigation
FIR202503755,FIR/3755/2025,PS0200,Chamarajanagar,2025-10-19 04:27,2025-10-19 15:27,Theft,Snatching,BNS 303(2),11.792905,77.025394,P007059,P001197,P009121,PI Ramesh Gowda,Under Investigation
FIR202503758,FIR/3758/2025,PS0211,Chamarajanagar,2025-10-19 07:20,2025-10-19 16:20,Robbery,Highway Robbery,BNS 309(4),11.835703,77.065519,P001919,P002388,P008515,SI Divya Hegde,Chargesheeted
FIR202503738,FIR/3738/2025,PS0205,Chamarajanagar,2025-10-18 05:53,2025-10-19 16:53,Fraud,Cheating,BNS 318(4),11.966311,76.784849,P007192,P000467,P003258,PI Ramesh Gowda,Under Investigation
FIR202503740,FIR/3740/2025,PS0225,Chamarajanagar,2025-10-18 09:10,2025-10-19 17:10,Murder,Personal Enmity,BNS 103(1),12.03019,76.755775,P009419,P001322,P002375,SI Prakash Sharma,Under Investigation
FIR202503769,FIR/3769/2025,PS0181,Bidar,2025-10-19 15:49,2025-10-19 17:49,Vehicle Theft,Two-Wheeler Theft,BNS 303(2),17.993908,77.408921,P007977,P005068,P005600,PI Chetan Kumar,Chargesheeted
FIR202503765,FIR/3765/2025,PS0210,Chamarajanagar,2025-10-19 13:05,2025-10-19 18:05,Fraud,Corporate Fraud,BNS 318(4),12.020125,76.791053,P007766,P004529,P004249,PI Naveen Patil,Chargesheeted
FIR202503773,FIR/3773/2025,PS0218,Chamarajanagar,2025-10-19 20:37,2025-10-19 21:37,Theft,Snatching,BNS 303(2),11.85795,77.056574,P005443,P002711,P006446,PI Suresh Kulkarni,Chargesheeted
FIR202503766,FIR/3766/2025,PS0161,Bidar,2025-10-19 13:11,2025-10-19 23:11,POCSO,Harassment,"POCSO Act Sec 4, BNS 64",17.976247,77.500466,P008594,P002776,P002398,PI Harish Naik,Under Investigation
FIR202503743,FIR/3743/2025,PS0207,Chamarajanagar,2025-10-18 14:28,2025-10-19 23:28,POCSO,Harassment,"POCSO Act Sec 4, BNS 64",12.078109,77.118981,P003199,P007163,P001964,SI Divya Hegde,Under Investigation
FIR202503770,FIR/3770/2025,PS0014,Bagalkote,2025-10-19 16:23,2025-10-20 00:23,Burglary,Day Burglary,"BNS 331(3), BNS 331(4)",16.313858,75.828332,P003467,P005049,P009560,PI Harish Naik,Under Investigation
FIR202503744,FIR/3744/2025,PS0198,Chamarajanagar,2025-10-18 14:41,2025-10-20 00:41,Robbery,Chain Snatching with Force,BNS 309(4),11.842962,77.067062,P006228,P005871,P007888,SI Prakash Sharma,Chargesheeted
FIR202503730,FIR/3730/2025,PS0201,Chamarajanagar,2025-10-17 19:03,2025-10-20 01:03,Cyber Crime,Identity Theft,"IT Act 66D, BNS 318(4)",11.996714,76.838041,P001723,P003828,P004637,SI Prakash Sharma,Chargesheeted
FIR202503691,FIR/3691/2025,PS0229,Chamarajanagar,2025-10-16 14:10,2025-10-20 02:10,POCSO,Sexual Assault on Minor,"POCSO Act Sec 4, BNS 64",12.05166,77.0277,P007532,P008774,P006310,SI Ravi Kumar,Under Investigation
FIR202503735,FIR/3735/2025,PS0213,Chamarajanagar,2025-10-18 02:00,2025-10-20 03:00,Burglary,Night House Breaking,"BNS 331(3), BNS 331(4)",12.056559,76.917635,P008892,P008546,P007907,SI Mahesh Bhat,Chargesheeted
FIR202503749,FIR/3749/2025,PS0196,Chamarajanagar,2025-10-18 18:42,2025-10-20 05:42,Theft,Pocket Pick,BNS 303(2),12.005598,76.9659,P001092,P001096,P006187,PI Chetan Kumar,Chargesheeted
FIR202503777,FIR/3777/2025,PS0163,Bidar,2025-10-20 00:46,2025-10-20 05:46,Fraud,Cheating,BNS 318(4),17.946961,77.59154,P005266,P007736,P006887,PI Harish Naik,Under Investigation
FIR202503776,FIR/3776/2025,PS0221,Chamarajanagar,2025-10-19 22:58,2025-10-20 05:58,Murder,Dowry Homicide,BNS 103(1),12.049671,77.106175,P004923,P000033,P004813,SI Ravi Kumar,Under Investigation
FIR202503783,FIR/3783/2025,PS0004,Bagalkote,2025-10-20 05:09,2025-10-20 06:09,Dacoity,Armed Dacoity,BNS 310(2),16.050593,75.670312,P006372,P006372,P002338,SI Prakash Sharma,Chargesheeted
FIR202503754,FIR/3754/2025,PS0120,Bengaluru Urban,2025-10-19 04:10,2025-10-20 06:10,Burglary,Night House Breaking,"BNS 331(3), BNS 331(4)",13.151178,77.383102,P002304,P007440,"P001911, P001863",PI Lakshmi Devi,Under Investigation
FIR202503756,FIR/3756/2025,PS0171,Bidar,2025-10-19 06:25,2025-10-20 08:25,Vehicle Theft,Car Theft,BNS 303(2),17.788143,77.554237,P005725,P007491,P005047,PI Chetan Kumar,Chargesheeted
FIR202503645,FIR/3645/2025,PS0234,Chamarajanagar,2025-10-14 21:31,2025-10-20 08:31,Theft,Pocket Pick,BNS 303(2),12.001834,76.830894,P001785,P001182,P009114,SI Ganesh Rao,Chargesheeted
FIR202503780,FIR/3780/2025,PS0105,Bengaluru Rural,2025-10-20 04:12,2025-10-20 09:12,Cyber Crime,Financial Fraud,"IT Act 66D, BNS 318(4)",13.154412,77.625395,P001956,P003902,P007220,SI Divya Hegde,Under Investigation
FIR202503784,FIR/3784/2025,PS0208,Chamarajanagar,2025-10-20 06:23,2025-10-20 10:23,Theft,Snatching,BNS 303(2),11.836393,77.142538,P000586,P002660,P005688,SI Divya Hegde,Chargesheeted
FIR202503786,FIR/3786/2025,PS0216,Chamarajanagar,2025-10-20 08:30,2025-10-20 10:30,Cyber Crime,Financial Fraud,"IT Act 66D, BNS 318(4)",11.737487,76.969072,P003495,P004472,P006638,PI Suresh Kulkarni,Untraced
FIR202503763,FIR/3763/2025,PS0025,Bagalkote,2025-10-19 09:46,2025-10-20 15:46,Burglary,Day Burglary,"BNS 331(3), BNS 331(4)",16.335584,75.838662,P002139,P004470,P009091,PI Suresh Kulkarni,Chargesheeted
FIR202503768,FIR/3768/2025,PS0228,Chamarajanagar,2025-10-19 14:35,2025-10-20 16:35,Robbery,Highway Robbery,BNS 309(4),12.10401,77.121818,P001238,P009739,P007837,SI Mahesh Bhat,Chargesheeted
FIR202503759,FIR/3759/2025,PS0214,Chamarajanagar,2025-10-19 07:27,2025-10-20 17:27,Theft,House Theft,BNS 303(2),11.93436,76.826327,P004085,P006785,P008124,PI Ramesh Gowda,Chargesheeted
FIR202503797,FIR/3797/2025,PS0170,Bidar,2025-10-20 17:21,2025-10-20 18:21,Theft,Snatching,BNS 303(2),17.882403,77.392112,P005142,P004057,P005486,PI Harish Naik,Chargesheeted
FIR202503790,FIR/3790/2025,PS0065,Belagavi,2025-10-20 11:21,2025-10-20 18:21,Assault,Grievous Hurt,"BNS 115(2), BNS 117(2)",15.761389,74.424189,P001659,P002204,P007497,SI Prakash Sharma,Chargesheeted
FIR202503792,FIR/3792/2025,PS0144,Bengaluru Urban,2025-10-20 13:30,2025-10-20 18:30,NDPS,Drug Trafficking,NDPS Act Sec 20(b),12.839354,77.559797,P004559,P008984,P007267,PI Lakshmi Devi,Chargesheeted
FIR202503757,FIR/3757/2025,PS0204,Chamarajanagar,2025-10-19 07:00,2025-10-20 19:00,Fraud,Corporate Fraud,BNS 318(4),12.048327,77.082318,P009663,P004124,P000587,PI Chetan Kumar,Under Investigation
FIR202503718,FIR/3718/2025,PS0188,Bidar,2025-10-17 10:05,2025-10-20 19:05,NDPS,Drug Trafficking,NDPS Act Sec 20(b),17.928047,77.702441,P002463,P003912,"P003944, P000697",PI Harish Naik,Chargesheeted
FIR202503789,FIR/3789/2025,PS0071,Bengaluru Rural,2025-10-20 10:44,2025-10-20 19:44,NDPS,Drug Trafficking,NDPS Act Sec 20(b),13.020314,77.502943,P003111,P009145,P005012,PI Harish Naik,Chargesheeted
FIR202503798,FIR/3798/2025,PS0176,Bidar,2025-10-20 18:51,2025-10-20 21:51,Murder,Personal Enmity,BNS 103(1),17.771388,77.515859,P004990,P003430,P003204,SI Mahesh Bhat,Under Investigation
FIR202503795,FIR/3795/2025,PS0221,Chamarajanagar,2025-10-20 16:20,2025-10-20 22:20,Theft,Pocket Pick,BNS 303(2),12.035064,77.108392,P006727,P009028,P002980,PI Harish Naik,Chargesheeted
FIR202503796,FIR/3796/2025,PS0027,Ballari,2025-10-20 16:23,2025-10-20 22:23,Theft,Snatching,BNS 303(2),15.029774,77.087302,P001808,P007827,P000561,SI Divya Hegde,Untraced
FIR202503791,FIR/3791/2025,PS0213,Chamarajanagar,2025-10-20 12:35,2025-10-20 22:35,Theft,Snatching,BNS 303(2),12.054231,76.91086,P003976,P001955,P008657,PI Harish Naik,Chargesheeted
FIR202503752,FIR/3752/2025,PS0013,Bagalkote,2025-10-18 20:49,2025-10-21 01:49,Theft,Pocket Pick,BNS 303(2),16.141954,75.682691,P007200,P007211,P009136,PI Suresh Kulkarni,Under Investigation
FIR202503753,FIR/3753/2025,PS0138,Bengaluru Urban,2025-10-18 23:56,2025-10-21 01:56,Vehicle Theft,Two-Wheeler Theft,BNS 303(2),13.148272,77.468287,P000294,P006604,P000572,PI Suresh Kulkarni,Chargesheeted
FIR202503772,FIR/3772/2025,PS0195,Chamarajanagar,2025-10-19 17:28,2025-10-21 02:28,Theft,Snatching,BNS 303(2),11.896241,77.045078,P005373,P006387,P001715,PI Suresh Kulkarni,Under Investigation
FIR202503745,FIR/3745/2025,PS0016,Bagalkote,2025-10-18 15:01,2025-10-21 03:01,Assault,Public Affray,"BNS 115(2), BNS 117(2)",15.990091,75.642594,P004966,P006629,P006212,SI Ganesh Rao,Chargesheeted
FIR202503750,FIR/3750/2025,PS0234,Chamarajanagar,2025-10-18 18:50,2025-10-21 03:50,Fraud,Corporate Fraud,BNS 318(4),12.003483,76.844736,P003135,P009706,P008649,SI Divya Hegde,Chargesheeted
FIR202503800,FIR/3800/2025,PS0204,Chamarajanagar,2025-10-20 21:59,2025-10-21 05:59,Fraud,Cheating,BNS 318(4),12.039512,77.068526,P001788,P006126,P001974,PI Chetan Kumar,Under Investigation
FIR202503799,FIR/3799/2025,PS0213,Chamarajanagar,2025-10-20 19:06,2025-10-21 07:06,Vehicle Theft,Car Theft,BNS 303(2),12.028294,76.92494,P003883,P001369,P005441,SI Ravi Kumar,Chargesheeted
FIR202503775,FIR/3775/2025,PS0245,Chikkaballapura,2025-10-19 22:39,2025-10-21 07:39,Murder,Gang Conflict,BNS 103(1),13.346322,77.77318,P008717,P003670,P004951,PI Lakshmi Devi,Under Investigation
FIR202503807,FIR/3807/2025,PS0159,Bidar,2025-10-21 10:23,2025-10-21 11:23,Fraud,Cheating,BNS 318(4),18.068364,77.482154,P008836,P001609,P005958,PI Naveen Patil,Chargesheeted
FIR202503705,FIR/3705/2025,PS0217,Chamarajanagar,2025-10-17 02:27,2025-10-21 12:27,Theft,Snatching,BNS 303(2),11.758616,76.900557,P009467,P001767,P006891,PI Harish Naik,Chargesheeted
FIR202503806,FIR/3806/2025,PS0204,Chamarajanagar,2025-10-21 08:33,2025-10-21 12:33,Murder,Dowry Homicide,BNS 103(1),12.058824,77.067669,P004211,P005933,"P000137, P008192",PI Lakshmi Devi,Chargesheeted
FIR202503785,FIR/3785/2025,PS0025,Bagalkote,2025-10-20 08:19,2025-10-21 15:19,Assault,Grievous Hurt,"BNS 115(2), BNS 117(2)",16.33409,75.835364,P008812,P003022,P001978,PI Chetan Kumar,Untraced
FIR202503805,FIR/3805/2025,PS0210,Chamarajanagar,2025-10-21 07:38,2025-10-21 16:38,Cyber Crime,Financial Fraud,"IT Act 66D, BNS 318(4)",11.98707,76.803277,P001871,P007384,"P003175, P005940",PI Naveen Patil,Under Investigation
FIR202503685,FIR/3685/2025,PS0219,Chamarajanagar,2025-10-16 06:14,2025-10-21 17:14,Fraud,Cheating,BNS 318(4),11.847586,76.895644,P000606,P008715,P008563,PI Chetan Kumar,Untraced
FIR202503787,FIR/3787/2025,PS0008,Bagalkote,2025-10-20 09:00,2025-10-21 19:00,Vehicle Theft,Two-Wheeler Theft,BNS 303(2),16.26223,75.520379,P003766,P004805,P005936,PI Harish Naik,Chargesheeted
FIR202503810,FIR/3810/2025,PS0007,Bagalkote,2025-10-21 13:34,2025-10-21 19:34,Cyber Crime,Phishing,"IT Act 66D, BNS 318(4)",16.06833,75.637163,P001044,P001265,P003460,SI Mahesh Bhat,Untraced
FIR202503808,FIR/3808/2025,PS0025,Bagalkote,2025-10-21 10:59,2025-10-21 19:59,Assault,Grievous Hurt,"BNS 115(2), BNS 117(2)",16.32512,75.837591,P007932,P000567,P001447,PI Suresh Kulkarni,Chargesheeted
FIR202503725,FIR/3725/2025,PS0200,Chamarajanagar,2025-10-17 15:05,2025-10-21 20:05,Theft,Snatching,BNS 303(2),11.790524,77.019174,P005607,P004523,P002882,SI Ravi Kumar,Under Investigation
FIR202503723,FIR/3723/2025,PS0203,Chamarajanagar,2025-10-17 13:15,2025-10-21 21:15,Robbery,Chain Snatching with Force,BNS 309(4),11.911449,76.838457,P008892,P008782,P001259,SI Ganesh Rao,Under Investigation
FIR202503788,FIR/3788/2025,PS0175,Bidar,2025-10-20 09:41,2025-10-21 21:41,Cyber Crime,Financial Fraud,"IT Act 66D, BNS 318(4)",18.011552,77.43817,P008232,P001966,P001676,SI Prakash Sharma,Under Investigation
FIR202503809,FIR/3809/2025,PS0053,Belagavi,2025-10-21 11:43,2025-10-21 23:43,Fraud,Cheating,BNS 318(4),15.845853,74.322638,P002996,P004896,P003717,SI Divya Hegde,Chargesheeted
FIR202503801,FIR/3801/2025,PS0019,Bagalkote,2025-10-20 22:45,2025-10-21 23:45,Vehicle Theft,Two-Wheeler Theft,BNS 303(2),16.049392,75.883239,P004980,P008414,P006441,PI Harish Naik,Untraced
FIR202503732,FIR/3732/2025,PS0215,Chamarajanagar,2025-10-17 20:44,2025-10-22 01:44,POCSO,Harassment,"POCSO Act Sec 4, BNS 64",11.857226,76.956835,P001227,P002363,P003037,SI Prakash Sharma,Chargesheeted
FIR202503811,FIR/3811/2025,PS0016,Bagalkote,2025-10-21 15:46,2025-10-22 01:46,Vehicle Theft,Two-Wheeler Theft,BNS 303(2),15.965446,75.661494,P004058,P000300,P005238,PI Naveen Patil,Chargesheeted
FIR202503781,FIR/3781/2025,PS0206,Chamarajanagar,2025-10-20 04:32,2025-10-22 06:32,Theft,Snatching,BNS 303(2),11.816686,77.114712,P008886,P001701,P005850,SI Mahesh Bhat,Chargesheeted
FIR202503815,FIR/3815/2025,PS0021,Bagalkote,2025-10-21 23:44,2025-10-22 06:44,Cyber Crime,Phishing,"IT Act 66D, BNS 318(4)",16.004345,75.512128,P004755,P000689,P001716,PI Naveen Patil,Under Investigation
FIR202503699,FIR/3699/2025,PS0044,Ballari,2025-10-16 23:09,2025-10-22 07:09,Cyber Crime,Financial Fraud,"IT Act 66D, BNS 318(4)",15.310378,76.918752,P003050,P000715,P009028,SI Ravi Kumar,Chargesheeted
FIR202503816,FIR/3816/2025,PS0179,Bidar,2025-10-22 03:39,2025-10-22 09:39,Assault,Public Affray,"BNS 115(2), BNS 117(2)",18.084082,77.405195,P006493,P002298,P002749,PI Ramesh Gowda,Under Investigation
FIR202503821,FIR/3821/2025,PS0007,Bagalkote,2025-10-22 13:20,2025-10-22 14:20,Cyber Crime,Phishing,"IT Act 66D, BNS 318(4)",16.075789,75.618484,P003403,P008009,P006560,SI Prakash Sharma,Chargesheeted
FIR202503804,FIR/3804/2025,PS0214,Chamarajanagar,2025-10-21 06:55,2025-10-22 15:55,Theft,House Theft,BNS 303(2),11.948499,76.829543,P008143,P000851,P008983,PI Chetan Kumar,Chargesheeted
FIR202503709,FIR/3709/2025,PS0214,Chamarajanagar,2025-10-17 07:03,2025-10-22 16:03,Assault,Grievous Hurt,"BNS 115(2), BNS 117(2)",11.951951,76.8426,P007909,P003530,"P002687, P006456",SI Ganesh Rao,Untraced
FIR202503823,FIR/3823/2025,PS0196,Chamarajanagar,2025-10-22 14:12,2025-10-22 16:12,Fraud,Cheating,BNS 318(4),11.981394,76.943643,P009667,P006196,P001621,PI Naveen Patil,Under Investigation
FIR202503817,FIR/3817/2025,PS0008,Bagalkote,2025-10-22 04:46,2025-10-22 16:46,Burglary,Day Burglary,"BNS 331(3), BNS 331(4)",16.279432,75.508419,P005787,P003295,"P003048, P006526",PI Lakshmi Devi,Under Investigation
FIR202503824,FIR/3824/2025,PS0227,Chamarajanagar,2025-10-22 15:02,2025-10-22 17:02,Murder,Gang Conflict,BNS 103(1),11.887857,76.929343,P006614,P004107,P003468,PI Suresh Kulkarni,Chargesheeted
FIR202503812,FIR/3812/2025,PS0161,Bidar,2025-10-21 16:52,2025-10-22 17:52,Murder,Personal Enmity,BNS 103(1),17.971505,77.514403,P007754,P003149,P002584,SI Ganesh Rao,Under Investigation
FIR202503767,FIR/3767/2025,PS0118,Bengaluru Urban,2025-10-19 14:15,2025-10-22 18:15,Burglary,Night House Breaking,"BNS 331(3), BNS 331(4)",12.807665,77.711459,P009440,P006761,P006498,PI Lakshmi Devi,Under Investigation
FIR202503825,FIR/3825/2025,PS0046,Belagavi,2025-10-22 15:43,2025-10-22 20:43,Fraud,Cheating,BNS 318(4),15.764292,74.498789,P007825,P002258,P005665,SI Ravi Kumar,Chargesheeted
FIR202503794,FIR/3794/2025,PS0096,Bengaluru Rural,2025-10-20 14:41,2025-10-22 21:41,NDPS,Possession of Narcotics,NDPS Act Sec 20(b),13.133853,77.456495,P005074,P004349,P000053,SI Divya Hegde,Chargesheeted
FIR202503813,FIR/3813/2025,PS0225,Chamarajanagar,2025-10-21 22:12,2025-10-23 00:12,Robbery,Highway Robbery,BNS 309(4),12.032119,76.792942,P005199,P005522,P003225,SI Ravi Kumar,Chargesheeted
FIR202503827,FIR/3827/2025,PS0202,Chamarajanagar,2025-10-22 19:00,2025-10-23 01:00,Fraud,Cheating,BNS 318(4),11.931622,76.884939,P004405,P007080,P000400,PI Harish Naik,Chargesheeted
FIR202503814,FIR/3814/2025,PS0004,Bagalkote,2025-10-21 22:16,2025-10-23 02:16,NDPS,Possession of Narcotics,NDPS Act Sec 20(b),16.033902,75.690342,P000777,P001424,P008913,PI Ramesh Gowda,Chargesheeted
FIR202503774,FIR/3774/2025,PS0058,Belagavi,2025-10-19 22:26,2025-10-23 04:26,Robbery,Highway Robbery,BNS 309(4),15.712985,74.387757,P002548,P004366,P002316,PI Lakshmi Devi,Under Investigation
FIR202503828,FIR/3828/2025,PS0189,Bidar,2025-10-22 21:23,2025-10-23 05:23,Assault,Simple Assault,"BNS 115(2), BNS 117(2)",17.885428,77.376363,P004600,P000114,P002634,PI Ramesh Gowda,Closed
FIR202503779,FIR/3779/2025,PS0096,Bengaluru Rural,2025-10-20 02:28,2025-10-23 05:28,Murder,Personal Enmity,BNS 103(1),13.126252,77.461004,P008461,P007643,P008285,PI Harish Naik,Under Investigation
FIR202503802,FIR/3802/2025,PS0185,Bidar,2025-10-20 23:18,2025-10-23 08:18,Fraud,Corporate Fraud,BNS 318(4),17.897113,77.51852,P004529,P002457,P005896,SI Ravi Kumar,Closed
FIR202503778,FIR/3778/2025,PS0181,Bidar,2025-10-20 01:48,2025-10-23 08:48,POCSO,Harassment,"POCSO Act Sec 4, BNS 64",18.023672,77.427544,P000502,P005548,"P003506, P000384",PI Ramesh Gowda,Chargesheeted
FIR202503818,FIR/3818/2025,PS0010,Bagalkote,2025-10-22 04:56,2025-10-23 09:56,Theft,House Theft,BNS 303(2),16.17194,75.815746,P003123,P006316,P001561,SI Ravi Kumar,Chargesheeted
FIR202503820,FIR/3820/2025,PS0180,Bidar,2025-10-22 10:25,2025-10-23 11:25,Murder,Dowry Homicide,BNS 103(1),18.063708,77.418006,P000561,P009133,P008006,SI Ganesh Rao,Chargesheeted
FIR202503830,FIR/3830/2025,PS0194,Chamarajanagar,2025-10-23 03:30,2025-10-23 15:30,Assault,Public Affray,"BNS 115(2), BNS 117(2)",11.798551,76.89419,P000348,P008039,P006419,PI Chetan Kumar,Under Investigation
FIR202503834,FIR/3834/2025,PS0199,Chamarajanagar,2025-10-23 12:37,2025-10-23 19:37,Cyber Crime,Financial Fraud,"IT Act 66D, BNS 318(4)",11.869913,77.062887,P006044,P007476,P003843,PI Suresh Kulkarni,Closed
FIR202503819,FIR/3819/2025,PS0114,Bengaluru Urban,2025-10-22 07:56,2025-10-23 19:56,Fraud,Corporate Fraud,BNS 318(4),12.956902,77.759323,P007648,P009516,P008425,SI Prakash Sharma,Chargesheeted
FIR202503839,FIR/3839/2025,PS0042,Ballari,2025-10-23 16:01,2025-10-23 21:01,Assault,Simple Assault,"BNS 115(2), BNS 117(2)",15.034594,76.995337,P008320,P007566,"P004797, P002329",PI Ramesh Gowda,Closed
FIR202503836,FIR/3836/2025,PS0184,Bidar,2025-10-23 15:18,2025-10-23 21:18,Robbery,Chain Snatching with Force,BNS 309(4),17.914431,77.623898,P003253,P002359,"P002332, P008033",SI Ganesh Rao,Under Investigation
FIR202503838,FIR/3838/2025,PS0192,Bidar,2025-10-23 15:46,2025-10-23 21:46,Theft,Pocket Pick,BNS 303(2),17.989738,77.338511,P009873,P006682,P004090,SI Mahesh Bhat,Chargesheeted
FIR202503833,FIR/3833/2025,PS0225,Chamarajanagar,2025-10-23 11:52,2025-10-23 21:52,Theft,Pocket Pick,BNS 303(2),12.010266,76.765437,P005047,P000462,P003115,PI Suresh Kulkarni,Under Investigation
FIR202503832,FIR/3832/2025,PS0001,Bagalkote,2025-10-23 11:24,2025-10-23 23:24,Assault,Grievous Hurt,"BNS 115(2), BNS 117(2)",16.188739,75.59164,P005845,P002051,"P009523, P002402",SI Ravi Kumar,Under Investigation
FIR202503835,FIR/3835/2025,PS0197,Chamarajanagar,2025-10-23 14:45,2025-10-23 23:45,Murder,Gang Conflict,BNS 103(1),11.872121,77.043996,P001174,P007738,P001537,PI Naveen Patil,Chargesheeted
FIR202503826,FIR/3826/2025,PS0218,Chamarajanagar,2025-10-22 17:04,2025-10-24 01:04,Robbery,Chain Snatching with Force,BNS 309(4),11.8644,77.045454,P002872,P000835,P004173,SI Divya Hegde,Chargesheeted
FIR202503846,FIR/3846/2025,PS0162,Bidar,2025-10-24 00:17,2025-10-24 02:17,Burglary,Night House Breaking,"BNS 331(3), BNS 331(4)",17.9994,77.488955,P002008,P003123,P002916,SI Prakash Sharma,Chargesheeted
FIR202503837,FIR/3837/2025,PS0016,Bagalkote,2025-10-23 15:19,2025-10-24 02:19,Assault,Grievous Hurt,"BNS 115(2), BNS 117(2)",15.96507,75.664938,P007440,P009131,P001111,PI Harish Naik,Chargesheeted
FIR202503841,FIR/3841/2025,PS0009,Bagalkote,2025-10-23 16:47,2025-10-24 03:47,Cyber Crime,Identity Theft,"IT Act 66D, BNS 318(4)",16.07395,75.750856,P000943,P004606,P007400,PI Ramesh Gowda,Chargesheeted
FIR202503844,FIR/3844/2025,PS0003,Bagalkote,2025-10-23 23:25,2025-10-24 04:25,Burglary,Night House Breaking,"BNS 331(3), BNS 331(4)",16.322751,75.888899,P003825,P005879,P009530,SI Mahesh Bhat,Under Investigation
FIR202503850,FIR/3850/2025,PS0213,Chamarajanagar,2025-10-24 03:49,2025-10-24 06:49,Assault,Public Affray,"BNS 115(2), BNS 117(2)",12.048502,76.915381,P003713,P002915,P004378,PI Naveen Patil,Under Investigation
FIR202503803,FIR/3803/2025,PS0002,Bagalkote,2025-10-21 05:12,2025-10-24 07:12,Murder,Personal Enmity,BNS 103(1),16.102371,75.521669,P003313,P007219,P006370,PI Lakshmi Devi,Under Investigation
FIR202503843,FIR/3843/2025,PS0013,Bagalkote,2025-10-23 21:21,2025-10-24 09:21,Cyber Crime,Phishing,"IT Act 66D, BNS 318(4)",16.173578,75.667992,P008007,P005795,"P003378, P003782",SI Ravi Kumar,Chargesheeted
FIR202503852,FIR/3852/2025,PS0053,Belagavi,2025-10-24 06:23,2025-10-24 09:23,Vehicle Theft,Two-Wheeler Theft,BNS 303(2),15.865818,74.316426,P001662,P002492,P007877,PI Suresh Kulkarni,Closed
FIR202503831,FIR/3831/2025,PS0196,Chamarajanagar,2025-10-23 09:13,2025-10-24 10:13,Fraud,Corporate Fraud,BNS 318(4),11.978042,76.951113,P004637,P001725,P009995,SI Prakash Sharma,Chargesheeted
FIR202503856,FIR/3856/2025,PS0218,Chamarajanagar,2025-10-24 09:51,2025-10-24 13:51,Robbery,Chain Snatching with Force,BNS 309(4),11.878054,77.035157,P007564,P009172,P004501,SI Mahesh Bhat,Untraced
FIR202503854,FIR/3854/2025,PS0017,Bagalkote,2025-10-24 08:12,2025-10-24 18:12,Cyber Crime,Phishing,"IT Act 66D, BNS 318(4)",16.254763,75.562992,P008291,P004517,P009255,PI Chetan Kumar,Chargesheeted
FIR202503864,FIR/3864/2025,PS0035,Ballari,2025-10-24 14:58,2025-10-24 19:58,NDPS,Possession of Narcotics,NDPS Act Sec 20(b),15.21806,76.864667,P001386,P000199,P006206,PI Harish Naik,Closed
FIR202503858,FIR/3858/2025,PS0200,Chamarajanagar,2025-10-24 12:11,2025-10-24 20:11,Fraud,Land Scam,BNS 318(4),11.79188,77.023697,P002628,P008227,P008648,SI Mahesh Bhat,Under Investigation
FIR202503867,FIR/3867/2025,PS0025,Bagalkote,2025-10-24 17:19,2025-10-25 00:19,Vehicle Theft,Car Theft,BNS 303(2),16.340585,75.831588,P001588,P004410,P004495,SI Mahesh Bhat,Chargesheeted
FIR202503793,FIR/3793/2025,PS0125,Bengaluru Urban,2025-10-20 13:49,2025-10-25 00:49,Theft,Pocket Pick,BNS 303(2),12.781489,77.715883,P002474,P009866,P007729,SI Ravi Kumar,Under Investigation
FIR202503860,FIR/3860/2025,PS0217,Chamarajanagar,2025-10-24 13:11,2025-10-25 01:11,Vehicle Theft,Car Theft,BNS 303(2),11.748861,76.891906,P008638,P006451,P005519,SI Ravi Kumar,Under Investigation
FIR202503771,FIR/3771/2025,PS0210,Chamarajanagar,2025-10-19 17:12,2025-10-25 01:12,Theft,Pocket Pick,BNS 303(2),11.991617,76.789076,P003180,P008988,P009247,PI Chetan Kumar,Untraced
FIR202503847,FIR/3847/2025,PS0176,Bidar,2025-10-24 00:27,2025-10-25 01:27,Assault,Grievous Hurt,"BNS 115(2), BNS 117(2)",17.769763,77.541174,P007043,P005800,P004096,SI Divya Hegde,Chargesheeted
FIR202503829,FIR/3829/2025,PS0213,Chamarajanagar,2025-10-22 21:34,2025-10-25 03:34,NDPS,Drug Trafficking,NDPS Act Sec 20(b),12.045142,76.934713,P002449,P004014,P005747,SI Prakash Sharma,Chargesheeted
FIR202503869,FIR/3869/2025,PS0218,Chamarajanagar,2025-10-24 19:02,2025-10-25 05:02,Murder,Dowry Homicide,BNS 103(1),11.847596,77.041475,P007875,P002725,"P005978, P002728",PI Chetan Kumar,Under Investigation
FIR202503782,FIR/3782/2025,PS0205,Chamarajanagar,2025-10-20 04:58,2025-10-25 06:58,Cyber Crime,Phishing,"IT Act 66D, BNS 318(4)",11.953218,76.799461,P001412,P000903,P002058,PI Ramesh Gowda,Under Investigation
FIR202503870,FIR/3870/2025,PS0186,Bidar,2025-10-24 20:51,2025-10-25 07:51,Assault,Simple Assault,"BNS 115(2), BNS 117(2)",17.745267,77.514992,P009169,P001361,P008080,SI Prakash Sharma,Under Investigation
FIR202503872,FIR/3872/2025,PS0218,Chamarajanagar,2025-10-24 23:25,2025-10-25 09:25,Murder,Gang Conflict,BNS 103(1),11.844687,77.02053,P001783,P002982,P003736,SI Ganesh Rao,Chargesheeted
FIR202503877,FIR/3877/2025,PS0187,Bidar,2025-10-25 11:05,2025-10-25 15:05,Assault,Simple Assault,"BNS 115(2), BNS 117(2)",17.97929,77.695381,P008371,P004451,"P005395, P001169",PI Ramesh Gowda,Untraced
FIR202503875,FIR/3875/2025,PS0218,Chamarajanagar,2025-10-25 06:21,2025-10-25 15:21,POCSO,Harassment,"POCSO Act Sec 4, BNS 64",11.851208,77.05101,P003231,P005454,P005201,SI Ravi Kumar,Chargesheeted
FIR202503855,FIR/3855/2025,PS0001,Bagalkote,2025-10-24 09:49,2025-10-25 15:49,Vehicle Theft,Two-Wheeler Theft,BNS 303(2),16.168931,75.573053,P008721,P001680,P002454,PI Harish Naik,Chargesheeted
FIR202503853,FIR/3853/2025,PS0226,Chamarajanagar,2025-10-24 07:07,2025-10-25 16:07,POCSO,Harassment,"POCSO Act Sec 4, BNS 64",11.773757,76.993274,P009363,P004792,P004570,PI Suresh Kulkarni,Under Investigation
FIR202503880,FIR/3880/2025,PS0186,Bidar,2025-10-25 13:16,2025-10-25 17:16,Assault,Simple Assault,"BNS 115(2), BNS 117(2)",17.742641,77.491371,P009297,P004513,P009032,SI Ravi Kumar,Under Investigation
FIR202503878,FIR/3878/2025,PS0032,Ballari,2025-10-25 11:31,2025-10-25 17:31,Theft,Snatching,BNS 303(2),15.157357,76.881634,P008005,P004573,P000859,SI Ravi Kumar,Chargesheeted
FIR202503840,FIR/3840/2025,PS0218,Chamarajanagar,2025-10-23 16:18,2025-10-25 18:18,Assault,Public Affray,"BNS 115(2), BNS 117(2)",11.872917,77.038398,P003354,P003136,P009293,SI Ganesh Rao,Under Investigation
FIR202503879,FIR/3879/2025,PS0227,Chamarajanagar,2025-10-25 12:16,2025-10-25 19:16,Theft,Pocket Pick,BNS 303(2),11.890225,76.923365,P008316,P007078,P002597,SI Prakash Sharma,Chargesheeted
FIR202503857,FIR/3857/2025,PS0170,Bidar,2025-10-24 11:10,2025-10-25 21:10,Murder,Dowry Homicide,BNS 103(1),17.911519,77.395876,P003710,P002616,P003609,PI Harish Naik,Under Investigation
FIR202503868,FIR/3868/2025,PS0219,Chamarajanagar,2025-10-24 18:47,2025-10-25 21:47,Vehicle Theft,Two-Wheeler Theft,BNS 303(2),11.862873,76.873692,P006497,P000834,P009653,PI Ramesh Gowda,Chargesheeted
FIR202503865,FIR/3865/2025,PS0023,Bagalkote,2025-10-24 15:35,2025-10-25 22:35,Vehicle Theft,Two-Wheeler Theft,BNS 303(2),16.096356,75.781232,P005417,P007719,P007166,PI Lakshmi Devi,Under Investigation
FIR202503883,FIR/3883/2025,PS0186,Bidar,2025-10-25 17:02,2025-10-26 00:02,POCSO,Sexual Assault on Minor,"POCSO Act Sec 4, BNS 64",17.735419,77.504788,P000467,P004720,"P007468, P007579",PI Lakshmi Devi,Chargesheeted
FIR202503822,FIR/3822/2025,PS0024,Bagalkote,2025-10-22 13:55,2025-10-26 01:55,POCSO,Sexual Assault on Minor,"POCSO Act Sec 4, BNS 64",16.39997,75.50725,P006433,P002630,P001897,PI Chetan Kumar,Chargesheeted
FIR202503889,FIR/3889/2025,PS0198,Chamarajanagar,2025-10-25 23:13,2025-10-26 05:13,Fraud,Cheating,BNS 318(4),11.84482,77.070967,P007462,P003622,P008522,SI Prakash Sharma,Untraced
FIR202503892,FIR/3892/2025,PS0212,Chamarajanagar,2025-10-26 04:35,2025-10-26 06:35,Robbery,Highway Robbery,BNS 309(4),12.046902,76.819999,P003483,P001809,P002652,PI Naveen Patil,Chargesheeted
FIR202503845,FIR/3845/2025,PS0003,Bagalkote,2025-10-23 23:30,2025-10-26 07:30,POCSO,Harassment,"POCSO Act Sec 4, BNS 64",16.329542,75.883097,P009242,P000243,P007884,PI Ramesh Gowda,Chargesheeted
FIR202503895,FIR/3895/2025,PS0041,Ballari,2025-10-26 05:48,2025-10-26 07:48,NDPS,Drug Trafficking,NDPS Act Sec 20(b),15.272271,76.882604,P001282,P002763,"P004842, P006281",SI Divya Hegde,Chargesheeted
FIR202503848,FIR/3848/2025,PS0193,Chamarajanagar,2025-10-24 02:40,2025-10-26 08:40,Murder,Personal Enmity,BNS 103(1),11.97963,76.857043,P005236,P003891,P007900,PI Lakshmi Devi,Chargesheeted
FIR202503851,FIR/3851/2025,PS0011,Bagalkote,2025-10-24 04:06,2025-10-26 10:06,Vehicle Theft,Car Theft,BNS 303(2),16.144661,75.676132,P009981,P000313,P006776,PI Naveen Patil,Closed
FIR202503894,FIR/3894/2025,PS0216,Chamarajanagar,2025-10-26 05:06,2025-10-26 11:06,Fraud,Cheating,BNS 318(4),11.756555,76.957337,P003758,P008423,P008026,PI Suresh Kulkarni,Under Investigation
FIR202503849,FIR/3849/2025,PS0135,Bengaluru Urban,2025-10-24 03:49,2025-10-26 13:49,Cyber Crime,Financial Fraud,"IT Act 66D, BNS 318(4)",12.935404,77.4509,P003786,P006042,P002286,PI Chetan Kumar,Under Investigation
FIR202503905,FIR/3905/2025,PS0195,Chamarajanagar,2025-10-26 13:38,2025-10-26 14:38,Theft,Pocket Pick,BNS 303(2),11.875723,77.045283,P002007,P005608,P002671,PI Lakshmi Devi,Under Investigation
FIR202503902,FIR/3902/2025,PS0022,Bagalkote,2025-10-26 12:19,2025-10-26 16:19,Cyber Crime,Financial Fraud,"IT Act 66D, BNS 318(4)",16.24618,75.636819,P008562,P000544,P009207,PI Harish Naik,Under Investigation
FIR202503899,FIR/3899/2025,PS0022,Bagalkote,2025-10-26 08:15,2025-10-26 17:15,Assault,Public Affray,"BNS 115(2), BNS 117(2)",16.242151,75.612968,P007217,P002324,P008522,PI Naveen Patil,Chargesheeted
FIR202503901,FIR/3901/2025,PS0012,Bagalkote,2025-10-26 11:24,2025-10-26 22:24,Murder,Dowry Homicide,BNS 103(1),16.277026,75.812534,P004930,P007409,P001396,SI Prakash Sharma,Chargesheeted
FIR202503842,FIR/3842/2025,PS0137,Bengaluru Urban,2025-10-23 19:52,2025-10-26 23:52,POCSO,Sexual Assault on Minor,"POCSO Act Sec 4, BNS 64",12.876927,77.729154,P008838,P004229,P004916,SI Ganesh Rao,Chargesheeted
FIR202503906,FIR/3906/2025,PS0065,Belagavi,2025-10-26 16:13,2025-10-27 00:13,Dacoity,Armed Dacoity,BNS 310(2),15.764924,74.427967,P004722,P002856,P003936,SI Prakash Sharma,Untraced
FIR202503909,FIR/3909/2025,PS0007,Bagalkote,2025-10-26 23:08,2025-10-27 02:08,Assault,Simple Assault,"BNS 115(2), BNS 117(2)",16.072078,75.624906,P004222,P002939,P000575,SI Mahesh Bhat,Chargesheeted
FIR202503890,FIR/3890/2025,PS0008,Bagalkote,2025-10-25 23:30,2025-10-27 02:30,NDPS,Possession of Narcotics,NDPS Act Sec 20(b),16.245426,75.502809,P002822,P002812,P006430,SI Ravi Kumar,Under Investigation
FIR202503884,FIR/3884/2025,PS0016,Bagalkote,2025-10-25 18:02,2025-10-27 03:02,Vehicle Theft,Car Theft,BNS 303(2),15.987928,75.657859,P002048,P002007,P001335,PI Harish Naik,Under Investigation
FIR202503882,FIR/3882/2025,PS0166,Bidar,2025-10-25 15:50,2025-10-27 03:50,Burglary,Day Burglary,"BNS 331(3), BNS 331(4)",17.799599,77.482292,P004004,P000524,P008034,SI Divya Hegde,Under Investigation
FIR202503913,FIR/3913/2025,PS0224,Chamarajanagar,2025-10-27 05:21,2025-10-27 08:21,Theft,House Theft,BNS 303(2),11.868427,76.808886,P004843,P009207,P007072,PI Suresh Kulkarni,Untraced
FIR202503910,FIR/3910/2025,PS0217,Chamarajanagar,2025-10-27 01:01,2025-10-27 10:01,Murder,Personal Enmity,BNS 103(1),11.757186,76.896293,P002979,P008236,P002125,SI Divya Hegde,Under Investigation
FIR202503897,FIR/3897/2025,PS0188,Bidar,2025-10-26 07:04,2025-10-27 11:04,Robbery,Chain Snatching with Force,BNS 309(4),17.946889,77.686143,P008298,P008630,P008059,PI Lakshmi Devi,Chargesheeted
FIR202503911,FIR/3911/2025,PS0164,Bidar,2025-10-27 02:44,2025-10-27 11:44,Cyber Crime,Financial Fraud,"IT Act 66D, BNS 318(4)",17.954032,77.471571,P005672,P003140,P004192,SI Divya Hegde,Chargesheeted
FIR202503915,FIR/3915/2025,PS0206,Chamarajanagar,2025-10-27 12:31,2025-10-27 13:31,Assault,Grievous Hurt,"BNS 115(2), BNS 117(2)",11.817021,77.096699,P005843,P002845,P000087,SI Divya Hegde,Chargesheeted
FIR202503859,FIR/3859/2025,PS0098,Bengaluru Rural,2025-10-24 12:28,2025-10-27 16:28,Theft,Snatching,BNS 303(2),13.280912,77.746183,P009903,P005982,P003003,SI Ganesh Rao,Under Investigation
FIR202503914,FIR/3914/2025,PS0018,Bagalkote,2025-10-27 05:31,2025-10-27 16:31,POCSO,Sexual Assault on Minor,"POCSO Act Sec 4, BNS 64",16.200745,75.778593,P005333,P007066,P002708,SI Ravi Kumar,Under Investigation
FIR202503876,FIR/3876/2025,PS0164,Bidar,2025-10-25 09:47,2025-10-27 16:47,Cyber Crime,Identity Theft,"IT Act 66D, BNS 318(4)",17.942509,77.441123,P007408,P007699,P004719,PI Harish Naik,Under Investigation
FIR202503885,FIR/3885/2025,PS0214,Chamarajanagar,2025-10-25 18:44,2025-10-27 19:44,Cyber Crime,Financial Fraud,"IT Act 66D, BNS 318(4)",11.920941,76.82301,P001445,P001126,P004075,SI Prakash Sharma,Chargesheeted
FIR202503887,FIR/3887/2025,PS0207,Chamarajanagar,2025-10-25 20:05,2025-10-27 22:05,NDPS,Possession of Narcotics,NDPS Act Sec 20(b),12.065884,77.102765,P006222,P008542,P000537,SI Ravi Kumar,Untraced
FIR202503919,FIR/3919/2025,PS0041,Ballari,2025-10-27 16:29,2025-10-27 22:29,Murder,Dowry Homicide,BNS 103(1),15.268151,76.888921,P005853,P001661,P000841,SI Ganesh Rao,Under Investigation
FIR202503871,FIR/3871/2025,PS0093,Bengaluru Rural,2025-10-24 20:56,2025-10-28 02:56,Dacoity,Bank Dacoity,BNS 310(2),13.202306,77.539185,P006133,P004987,P008563,PI Chetan Kumar,Untraced
FIR202503866,FIR/3866/2025,PS0166,Bidar,2025-10-24 16:01,2025-10-28 03:01,Cyber Crime,Phishing,"IT Act 66D, BNS 318(4)",17.816798,77.511391,P000391,P005270,"P002067, P007419",SI Mahesh Bhat,Under Investigation
FIR202503925,FIR/3925/2025,PS0016,Bagalkote,2025-10-27 23:31,2025-10-28 03:31,Cyber Crime,Phishing,"IT Act 66D, BNS 318(4)",15.978781,75.656255,P005128,P004522,P004489,PI Harish Naik,Chargesheeted
FIR202503908,FIR/3908/2025,PS0109,Bengaluru Rural,2025-10-26 21:49,2025-10-28 04:49,Assault,Grievous Hurt,"BNS 115(2), BNS 117(2)",13.111711,77.59267,P006504,P001121,P003055,PI Suresh Kulkarni,Under Investigation
FIR202503893,FIR/3893/2025,PS0113,Bengaluru Urban,2025-10-26 05:00,2025-10-28 08:00,Cyber Crime,Financial Fraud,"IT Act 66D, BNS 318(4)",13.165862,77.480563,P008813,P004393,P000975,SI Prakash Sharma,Chargesheeted
FIR202503926,FIR/3926/2025,PS0201,Chamarajanagar,2025-10-28 02:07,2025-10-28 08:07,Theft,House Theft,BNS 303(2),12.014813,76.855218,P004083,P002049,P008257,SI Ganesh Rao,Under Investigation
FIR202503898,FIR/3898/2025,PS0229,Chamarajanagar,2025-10-26 07:18,2025-10-28 10:18,Burglary,Night House Breaking,"BNS 331(3), BNS 331(4)",12.03442,77.019079,P009202,P000312,P004887,PI Suresh Kulkarni,Chargesheeted
FIR202503873,FIR/3873/2025,PS0193,Chamarajanagar,2025-10-25 01:05,2025-10-28 13:05,Cyber Crime,Financial Fraud,"IT Act 66D, BNS 318(4)",12.00329,76.862624,P002991,P009963,P003041,PI Naveen Patil,Chargesheeted
FIR202503903,FIR/3903/2025,PS0051,Belagavi,2025-10-26 12:49,2025-10-28 14:49,Assault,Public Affray,"BNS 115(2), BNS 117(2)",16.003126,74.546681,P006218,P007590,P004909,SI Mahesh Bhat,Chargesheeted
FIR202503900,FIR/3900/2025,PS0070,Bengaluru Rural,2025-10-26 08:53,2025-10-28 15:53,Vehicle Theft,Two-Wheeler Theft,BNS 303(2),13.275861,77.764735,P005342,P008841,P007289,PI Chetan Kumar,Under Investigation
FIR202503930,FIR/3930/2025,PS0188,Bidar,2025-10-28 10:23,2025-10-28 17:23,Cyber Crime,Financial Fraud,"IT Act 66D, BNS 318(4)",17.940305,77.705914,P006442,P003143,P005108,SI Prakash Sharma,Under Investigation
FIR202503862,FIR/3862/2025,PS0183,Bidar,2025-10-24 14:35,2025-10-28 18:35,Assault,Public Affray,"BNS 115(2), BNS 117(2)",17.751732,77.414381,P005512,P000750,P003360,PI Ramesh Gowda,Under Investigation
FIR202503916,FIR/3916/2025,PS0242,Chikkaballapura,2025-10-27 12:38,2025-10-28 18:38,POCSO,Harassment,"POCSO Act Sec 4, BNS 64",13.284267,77.848488,P000543,P007656,P002755,SI Prakash Sharma,Chargesheeted
FIR202503933,FIR/3933/2025,PS0167,Bidar,2025-10-28 14:17,2025-10-28 19:17,NDPS,Drug Trafficking,NDPS Act Sec 20(b),18.052552,77.41791,P001153,P001225,P002331,PI Lakshmi Devi,Chargesheeted
FIR202503917,FIR/3917/2025,PS0204,Chamarajanagar,2025-10-27 14:20,2025-10-28 20:20,Vehicle Theft,Car Theft,BNS 303(2),12.065209,77.057946,P005323,P003346,P007178,PI Lakshmi Devi,Untraced
FIR202503937,FIR/3937/2025,PS0136,Bengaluru Urban,2025-10-28 17:20,2025-10-28 22:20,Vehicle Theft,Car Theft,BNS 303(2),12.83822,77.62863,P005594,P001239,P004627,SI Ravi Kumar,Under Investigation
FIR202503934,FIR/3934/2025,PS0011,Bagalkote,2025-10-28 15:38,2025-10-28 22:38,Murder,Personal Enmity,BNS 103(1),16.160954,75.661826,P006376,P001528,P000481,SI Mahesh Bhat,Under Investigation
FIR202503881,FIR/3881/2025,PS0148,Bengaluru Urban,2025-10-25 15:17,2025-10-28 23:17,Cyber Crime,Financial Fraud,"IT Act 66D, BNS 318(4)",12.839539,77.667745,P004912,P008984,P003442,PI Ramesh Gowda,Chargesheeted
FIR202503936,FIR/3936/2025,PS0208,Chamarajanagar,2025-10-28 16:35,2025-10-28 23:35,NDPS,Possession of Narcotics,NDPS Act Sec 20(b),11.811457,77.125644,P005079,P005693,P009911,SI Prakash Sharma,Under Investigation
FIR202503939,FIR/3939/2025,PS0002,Bagalkote,2025-10-28 20:49,2025-10-29 00:49,Cyber Crime,Financial Fraud,"IT Act 66D, BNS 318(4)",16.11708,75.492673,P000927,P001135,P008522,PI Chetan Kumar,Chargesheeted
FIR202503861,FIR/3861/2025,PS0020,Bagalkote,2025-10-24 13:52,2025-10-29 00:52,Burglary,Night House Breaking,"BNS 331(3), BNS 331(4)",16.26404,75.582062,P008865,P005321,P004712,PI Lakshmi Devi,Chargesheeted
FIR202503920,FIR/3920/2025,PS0180,Bidar,2025-10-27 18:39,2025-10-29 01:39,Assault,Public Affray,"BNS 115(2), BNS 117(2)",18.052023,77.414806,P006540,P007797,P008115,PI Ramesh Gowda,Under Investigation
FIR202503922,FIR/3922/2025,PS0179,Bidar,2025-10-27 20:35,2025-10-29 03:35,Vehicle Theft,Two-Wheeler Theft,BNS 303(2),18.100356,77.37459,P008561,P000112,P003703,PI Harish Naik,Chargesheeted
FIR202503938,FIR/3938/2025,PS0014,Bagalkote,2025-10-28 19:46,2025-10-29 04:46,POCSO,Harassment,"POCSO Act Sec 4, BNS 64",16.321398,75.822726,P000292,P001690,P009598,SI Divya Hegde,Under Investigation
FIR202503921,FIR/3921/2025,PS0228,Chamarajanagar,2025-10-27 20:05,2025-10-29 06:05,Murder,Dowry Homicide,BNS 103(1),12.131423,77.134066,P002864,P004234,P006107,SI Divya Hegde,Under Investigation
FIR202503888,FIR/3888/2025,PS0003,Bagalkote,2025-10-25 21:23,2025-10-29 06:23,NDPS,Drug Trafficking,NDPS Act Sec 20(b),16.342409,75.886841,P008223,P009731,P006104,PI Chetan Kumar,Under Investigation
FIR202503943,FIR/3943/2025,PS0002,Bagalkote,2025-10-29 04:46,2025-10-29 06:46,Assault,Public Affray,"BNS 115(2), BNS 117(2)",16.108455,75.508718,P006189,P007600,P002702,PI Naveen Patil,Under Investigation
FIR202503923,FIR/3923/2025,PS0047,Belagavi,2025-10-27 21:12,2025-10-29 08:12,Cyber Crime,Identity Theft,"IT Act 66D, BNS 318(4)",15.973339,74.560033,P000020,P006021,P002223,PI Naveen Patil,Chargesheeted
FIR202503927,FIR/3927/2025,PS0209,Chamarajanagar,2025-10-28 05:54,2025-10-29 08:54,Theft,Snatching,BNS 303(2),12.072316,76.999111,P006055,P005624,P007768,PI Suresh Kulkarni,Chargesheeted
FIR202503874,FIR/3874/2025,PS0224,Chamarajanagar,2025-10-25 03:57,2025-10-29 09:57,Dacoity,Bank Dacoity,BNS 310(2),11.872174,76.813857,P002065,P009379,P009032,PI Harish Naik,Chargesheeted
FIR202503940,FIR/3940/2025,PS0032,Ballari,2025-10-28 22:16,2025-10-29 10:16,Dacoity,Bank Dacoity,BNS 310(2),15.157747,76.880198,P006660,P004355,P000079,PI Ramesh Gowda,Under Investigation
FIR202503896,FIR/3896/2025,PS0196,Chamarajanagar,2025-10-26 06:25,2025-10-29 11:25,Theft,Snatching,BNS 303(2),11.991257,76.954564,P000700,P000357,P000172,PI Harish Naik,Chargesheeted
FIR202503929,FIR/3929/2025,PS0039,Ballari,2025-10-28 09:51,2025-10-29 14:51,Murder,Personal Enmity,BNS 103(1),15.332874,76.942942,P008000,P003282,P002913,PI Harish Naik,Chargesheeted
FIR202503950,FIR/3950/2025,PS0158,Bidar,2025-10-29 12:13,2025-10-29 15:13,Cyber Crime,Financial Fraud,"IT Act 66D, BNS 318(4)",17.935127,77.510174,P004229,P003473,P008734,PI Ramesh Gowda,Under Investigation
FIR202503931,FIR/3931/2025,PS0193,Chamarajanagar,2025-10-28 12:03,2025-10-29 16:03,Murder,Gang Conflict,BNS 103(1),12.001226,76.875248,P000096,P008082,P009133,PI Harish Naik,Chargesheeted
FIR202503904,FIR/3904/2025,PS0221,Chamarajanagar,2025-10-26 12:58,2025-10-29 16:58,POCSO,Harassment,"POCSO Act Sec 4, BNS 64",12.047618,77.104982,P005354,P002951,P007283,SI Divya Hegde,Chargesheeted
FIR202503863,FIR/3863/2025,PS0052,Belagavi,2025-10-24 14:41,2025-10-29 21:41,Fraud,Corporate Fraud,BNS 318(4),15.897773,74.311722,P003406,P003795,P001254,SI Prakash Sharma,Untraced
FIR202503918,FIR/3918/2025,PS0167,Bidar,2025-10-27 15:22,2025-10-29 23:22,NDPS,Drug Trafficking,NDPS Act Sec 20(b),18.037796,77.435903,P008058,P003837,P001392,PI Harish Naik,Untraced
FIR202503932,FIR/3932/2025,PS0219,Chamarajanagar,2025-10-28 13:32,2025-10-30 00:32,Fraud,Cheating,BNS 318(4),11.860694,76.865123,P003915,P009509,P003663,SI Ravi Kumar,Chargesheeted
FIR202503954,FIR/3954/2025,PS0162,Bidar,2025-10-29 15:13,2025-10-30 01:13,Dacoity,Bank Dacoity,BNS 310(2),17.990713,77.473511,P006462,P007908,P001747,SI Prakash Sharma,Chargesheeted
FIR202503953,FIR/3953/2025,PS0232,Chamarajanagar,2025-10-29 13:55,2025-10-30 01:55,Murder,Gang Conflict,BNS 103(1),11.762237,76.895166,P009256,P003962,P001187,SI Prakash Sharma,Closed
FIR202503960,FIR/3960/2025,PS0154,Bidar,2025-10-29 21:13,2025-10-30 03:13,Dacoity,Armed Dacoity,BNS 310(2),17.880992,77.405336,P007158,P007652,P003138,SI Mahesh Bhat,Under Investigation
FIR202503959,FIR/3959/2025,PS0017,Bagalkote,2025-10-29 20:52,2025-10-30 03:52,Fraud,Land Scam,BNS 318(4),16.263923,75.554775,P006213,P001476,P000914,SI Ganesh Rao,Chargesheeted
FIR202503907,FIR/3907/2025,PS0017,Bagalkote,2025-10-26 18:06,2025-10-30 04:06,Vehicle Theft,Car Theft,BNS 303(2),16.254276,75.54925,P000148,P008386,P005888,SI Divya Hegde,Chargesheeted
FIR202503924,FIR/3924/2025,PS0165,Bidar,2025-10-27 21:30,2025-10-30 04:30,Murder,Personal Enmity,BNS 103(1),18.046714,77.452987,P007768,P005075,"P002645, P005660",SI Divya Hegde,Chargesheeted
FIR202503946,FIR/3946/2025,PS0033,Ballari,2025-10-29 06:15,2025-10-30 08:15,Dacoity,Armed Dacoity,BNS 310(2),15.019843,76.80285,P009611,P003847,P008311,PI Lakshmi Devi,Chargesheeted
FIR202503947,FIR/3947/2025,PS0227,Chamarajanagar,2025-10-29 06:39,2025-10-30 08:39,Robbery,Highway Robbery,BNS 309(4),11.91824,76.941423,P004621,P007187,P006960,SI Mahesh Bhat,Chargesheeted
FIR202503964,FIR/3964/2025,PS0228,Chamarajanagar,2025-10-30 07:02,2025-10-30 09:02,Burglary,Day Burglary,"BNS 331(3), BNS 331(4)",12.121719,77.126477,P001121,P004251,P000569,SI Divya Hegde,Under Investigation
FIR202503891,FIR/3891/2025,PS0226,Chamarajanagar,2025-10-26 02:00,2025-10-30 11:00,Theft,Pocket Pick,BNS 303(2),11.76256,77.011113,P000150,P003849,P005462,SI Ganesh Rao,Chargesheeted
FIR202503967,FIR/3967/2025,PS0210,Chamarajanagar,2025-10-30 10:19,2025-10-30 11:19,Theft,Pocket Pick,BNS 303(2),12.008941,76.792938,P005740,P001678,P008382,SI Ganesh Rao,Under Investigation
FIR202503961,FIR/3961/2025,PS0186,Bidar,2025-10-30 05:04,2025-10-30 12:04,Assault,Grievous Hurt,"BNS 115(2), BNS 117(2)",17.72744,77.515395,P004310,P003646,P009946,PI Naveen Patil,Closed
FIR202503949,FIR/3949/2025,PS0222,Chamarajanagar,2025-10-29 11:26,2025-10-30 12:26,Vehicle Theft,Two-Wheeler Theft,BNS 303(2),11.931438,76.754856,P002126,P001551,P003633,PI Suresh Kulkarni,Chargesheeted
FIR202503962,FIR/3962/2025,PS0216,Chamarajanagar,2025-10-30 05:47,2025-10-30 15:47,Robbery,Chain Snatching with Force,BNS 309(4),11.75153,76.944601,P006006,P004052,P009222,SI Ganesh Rao,Chargesheeted
FIR202503951,FIR/3951/2025,PS0217,Chamarajanagar,2025-10-29 12:46,2025-10-30 16:46,Robbery,Chain Snatching with Force,BNS 309(4),11.758542,76.914385,P009400,P000272,P005828,SI Mahesh Bhat,Under Investigation
FIR202503972,FIR/3972/2025,PS0134,Bengaluru Urban,2025-10-30 18:44,2025-10-30 19:44,Theft,Snatching,BNS 303(2),12.821562,77.652019,P009504,P008216,P007520,PI Suresh Kulkarni,Chargesheeted
FIR202503886,FIR/3886/2025,PS0003,Bagalkote,2025-10-25 19:49,2025-10-30 22:49,Robbery,Chain Snatching with Force,BNS 309(4),16.325201,75.883931,P004651,P006076,P008023,SI Ravi Kumar,Chargesheeted
FIR202503969,FIR/3969/2025,PS0014,Bagalkote,2025-10-30 15:59,2025-10-30 22:59,Burglary,Night House Breaking,"BNS 331(3), BNS 331(4)",16.293316,75.822202,P001596,P002904,P001110,SI Ganesh Rao,Chargesheeted
FIR202503955,FIR/3955/2025,PS0219,Chamarajanagar,2025-10-29 15:16,2025-10-30 23:16,NDPS,Drug Trafficking,NDPS Act Sec 20(b),11.859258,76.871392,P005640,P007372,P006003,SI Divya Hegde,Under Investigation
FIR202503935,FIR/3935/2025,PS0249,Chikkaballapura,2025-10-28 15:39,2025-10-30 23:39,Dacoity,Bank Dacoity,BNS 310(2),13.482721,77.554151,P006054,P000797,P005665,PI Ramesh Gowda,Chargesheeted
FIR202503973,FIR/3973/2025,PS0007,Bagalkote,2025-10-30 21:36,2025-10-31 02:36,Fraud,Cheating,BNS 318(4),16.057812,75.646184,P006462,P004037,P000222,PI Harish Naik,Chargesheeted
FIR202503970,FIR/3970/2025,PS0188,Bidar,2025-10-30 17:50,2025-10-31 04:50,Vehicle Theft,Car Theft,BNS 303(2),17.949778,77.704359,P001090,P005411,P005586,SI Divya Hegde,Chargesheeted
FIR202503975,FIR/3975/2025,PS0061,Belagavi,2025-10-31 00:05,2025-10-31 05:05,Theft,Snatching,BNS 303(2),16.035932,74.407132,P000212,P006456,P008203,SI Ganesh Rao,Chargesheeted
FIR202503944,FIR/3944/2025,PS0032,Ballari,2025-10-29 05:23,2025-10-31 06:23,Robbery,Highway Robbery,BNS 309(4),15.148569,76.890111,P004755,P002816,P008870,SI Prakash Sharma,Under Investigation
FIR202503963,FIR/3963/2025,PS0030,Ballari,2025-10-30 05:58,2025-10-31 09:58,Theft,Pocket Pick,BNS 303(2),15.195097,76.822028,P008534,P009373,P002255,PI Lakshmi Devi,Untraced
FIR202503977,FIR/3977/2025,PS0180,Bidar,2025-10-31 04:36,2025-10-31 10:36,Theft,Snatching,BNS 303(2),18.035651,77.434508,P006781,P009178,P002663,PI Harish Naik,Under Investigation
FIR202503912,FIR/3912/2025,PS0234,Chamarajanagar,2025-10-27 04:45,2025-10-31 15:45,Burglary,Day Burglary,"BNS 331(3), BNS 331(4)",11.99088,76.845343,P001859,P007909,P004912,SI Prakash Sharma,Chargesheeted
FIR202503978,FIR/3978/2025,PS0182,Bidar,2025-10-31 07:49,2025-10-31 16:49,Assault,Simple Assault,"BNS 115(2), BNS 117(2)",17.898381,77.685538,P000190,P007980,P008401,PI Lakshmi Devi,Under Investigation
FIR202503956,FIR/3956/2025,PS0217,Chamarajanagar,2025-10-29 15:56,2025-10-31 18:56,NDPS,Possession of Narcotics,NDPS Act Sec 20(b),11.745872,76.892668,P007903,P003741,P001402,PI Suresh Kulkarni,Chargesheeted
FIR202503982,FIR/3982/2025,PS0017,Bagalkote,2025-10-31 16:29,2025-10-31 20:29,Theft,Snatching,BNS 303(2),16.258875,75.553646,P008401,P000413,P003311,PI Lakshmi Devi,Untraced
FIR202503968,FIR/3968/2025,PS0128,Bengaluru Urban,2025-10-30 12:45,2025-10-31 20:45,Vehicle Theft,Two-Wheeler Theft,BNS 303(2),13.021488,77.590794,P000218,P003617,P002847,PI Suresh Kulkarni,Chargesheeted
FIR202503985,FIR/3985/2025,PS0194,Chamarajanagar,2025-10-31 21:01,2025-11-01 00:01,Cyber Crime,Phishing,"IT Act 66D, BNS 318(4)",11.769134,76.890309,P009057,P003815,P001470,PI Lakshmi Devi,Under Investigation
FIR202503942,FIR/3942/2025,PS0165,Bidar,2025-10-28 23:19,2025-11-01 01:19,Dacoity,Armed Dacoity,BNS 310(2),18.060886,77.456674,P003087,P005699,P007008,SI Ganesh Rao,Chargesheeted
FIR202503981,FIR/3981/2025,PS0226,Chamarajanagar,2025-10-31 16:24,2025-11-01 02:24,Murder,Gang Conflict,BNS 103(1),11.752177,77.018149,P007102,P008849,P002392,PI Ramesh Gowda,Untraced
FIR202503984,FIR/3984/2025,PS0150,Bengaluru Urban,2025-10-31 19:47,2025-11-01 05:47,Burglary,Night House Breaking,"BNS 331(3), BNS 331(4)",13.062669,77.715311,P009814,P005382,P005964,PI Ramesh Gowda,Under Investigation
FIR202503974,FIR/3974/2025,PS0143,Bengaluru Urban,2025-10-30 22:28,2025-11-01 06:28,Cyber Crime,Financial Fraud,"IT Act 66D, BNS 318(4)",12.801815,77.41342,P001339,P006534,P006854,SI Mahesh Bhat,Under Investigation
FIR202503983,FIR/3983/2025,PS0105,Bengaluru Rural,2025-10-31 19:31,2025-11-01 06:31,Assault,Grievous Hurt,"BNS 115(2), BNS 117(2)",13.168371,77.661714,P002846,P000919,P002580,SI Ganesh Rao,Untraced
FIR202503987,FIR/3987/2025,PS0051,Belagavi,2025-11-01 03:42,2025-11-01 06:42,Theft,House Theft,BNS 303(2),16.003511,74.524343,P004063,P006307,P005128,PI Lakshmi Devi,Chargesheeted
FIR202503945,FIR/3945/2025,PS0191,Bidar,2025-10-29 06:07,2025-11-01 10:07,POCSO,Harassment,"POCSO Act Sec 4, BNS 64",17.931079,77.386289,P003130,P009082,P004500,PI Suresh Kulkarni,Under Investigation
FIR202503976,FIR/3976/2025,PS0153,Bidar,2025-10-31 03:40,2025-11-01 11:40,Vehicle Theft,Two-Wheeler Theft,BNS 303(2),17.775645,77.353442,P008455,P003532,P002188,SI Ganesh Rao,Untraced
FIR202503988,FIR/3988/2025,PS0151,Bengaluru Urban,2025-11-01 04:41,2025-11-01 13:41,Vehicle Theft,Car Theft,BNS 303(2),12.862441,77.468964,P009813,P000553,"P005956, P006344",SI Mahesh Bhat,Chargesheeted
FIR202503980,FIR/3980/2025,PS0186,Bidar,2025-10-31 09:53,2025-11-01 15:53,Dacoity,Bank Dacoity,BNS 310(2),17.727731,77.488766,P007798,P001823,P000432,PI Harish Naik,Under Investigation
FIR202503994,FIR/3994/2025,PS0141,Bengaluru Urban,2025-11-01 10:13,2025-11-01 19:13,Cyber Crime,Phishing,"IT Act 66D, BNS 318(4)",12.863345,77.391607,P008968,P006644,P008199,SI Ganesh Rao,Under Investigation
FIR202503952,FIR/3952/2025,PS0171,Bidar,2025-10-29 12:58,2025-11-01 20:58,POCSO,Harassment,"POCSO Act Sec 4, BNS 64",17.775676,77.554632,P005212,P007437,P000240,PI Suresh Kulkarni,Under Investigation
FIR202503995,FIR/3995/2025,PS0182,Bidar,2025-11-01 12:40,2025-11-01 22:40,Assault,Public Affray,"BNS 115(2), BNS 117(2)",17.928127,77.675261,P001063,P009635,P000990,SI Divya Hegde,Untraced
FIR202504000,FIR/4000/2025,PS0004,Bagalkote,2025-11-01 21:28,2025-11-01 23:28,Fraud,Cheating,BNS 318(4),16.017508,75.678635,P001444,P003752,P005057,PI Chetan Kumar,Chargesheeted
FIR202503971,FIR/3971/2025,PS0081,Bengaluru Rural,2025-10-30 18:03,2025-11-02 01:03,Cyber Crime,Identity Theft,"IT Act 66D, BNS 318(4)",13.197365,77.611984,P001844,P000015,P000403,PI Chetan Kumar,Chargesheeted
FIR202503997,FIR/3997/2025,PS0229,Chamarajanagar,2025-11-01 16:27,2025-11-02 02:27,Assault,Grievous Hurt,"BNS 115(2), BNS 117(2)",12.031591,77.02182,P007627,P005553,P001125,SI Ravi Kumar,Chargesheeted
FIR202503957,FIR/3957/2025,PS0158,Bidar,2025-10-29 17:54,2025-11-02 04:54,Murder,Gang Conflict,BNS 103(1),17.913974,77.517377,P005587,P004926,P009217,SI Mahesh Bhat,Chargesheeted
FIR202503941,FIR/3941/2025,PS0211,Chamarajanagar,2025-10-28 23:07,2025-11-02 05:07,NDPS,Possession of Narcotics,NDPS Act Sec 20(b),11.816862,77.057749,P000424,P009593,P004237,PI Harish Naik,Chargesheeted
FIR202504006,FIR/4006/2025,PS0027,Ballari,2025-11-02 03:27,2025-11-02 07:27,Fraud,Corporate Fraud,BNS 318(4),15.061616,77.078231,P002941,P000113,P005123,SI Ganesh Rao,Untraced
FIR202504003,FIR/4003/2025,PS0171,Bidar,2025-11-02 01:12,2025-11-02 08:12,Dacoity,Armed Dacoity,BNS 310(2),17.773591,77.555443,P009169,P000198,P002267,PI Lakshmi Devi,Under Investigation
FIR202503948,FIR/3948/2025,PS0205,Chamarajanagar,2025-10-29 08:05,2025-11-02 09:05,Vehicle Theft,Two-Wheeler Theft,BNS 303(2),11.936324,76.783514,P006015,P006054,P006153,SI Prakash Sharma,Chargesheeted
FIR202504002,FIR/4002/2025,PS0178,Bidar,2025-11-02 00:32,2025-11-02 09:32,Murder,Dowry Homicide,BNS 103(1),17.878616,77.48838,P005016,P009314,P004874,SI Prakash Sharma,Untraced
FIR202503979,FIR/3979/2025,PS0001,Bagalkote,2025-10-31 08:48,2025-11-02 09:48,Assault,Simple Assault,"BNS 115(2), BNS 117(2)",16.178235,75.581064,P002101,P002586,P003871,SI Prakash Sharma,Under Investigation
FIR202504011,FIR/4011/2025,PS0091,Bengaluru Rural,2025-11-02 09:11,2025-11-02 10:11,Vehicle Theft,Two-Wheeler Theft,BNS 303(2),13.063004,77.617022,P002654,P009170,P007056,SI Prakash Sharma,Under Investigation
FIR202504004,FIR/4004/2025,PS0195,Chamarajanagar,2025-11-02 01:58,2025-11-02 10:58,Fraud,Cheating,BNS 318(4),11.868767,77.053874,P002968,P005744,P005406,PI Chetan Kumar,Under Investigation
FIR202504012,FIR/4012/2025,PS0049,Belagavi,2025-11-02 11:27,2025-11-02 14:27,Fraud,Land Scam,BNS 318(4),15.921829,74.544308,P007511,P000467,P005743,SI Mahesh Bhat,Untraced
FIR202503989,FIR/3989/2025,PS0023,Bagalkote,2025-11-01 05:20,2025-11-02 15:20,Dacoity,Armed Dacoity,BNS 310(2),16.095994,75.789749,P006228,P003969,P003069,PI Naveen Patil,Chargesheeted
FIR202504010,FIR/4010/2025,PS0191,Bidar,2025-11-02 08:33,2025-11-02 15:33,Assault,Grievous Hurt,"BNS 115(2), BNS 117(2)",17.907972,77.401134,P009658,P000266,P005822,SI Ganesh Rao,Chargesheeted
FIR202503966,FIR/3966/2025,PS0210,Chamarajanagar,2025-10-30 09:53,2025-11-02 15:53,Vehicle Theft,Two-Wheeler Theft,BNS 303(2),12.02106,76.803794,P001241,P006702,P000912,PI Harish Naik,Under Investigation
FIR202503992,FIR/3992/2025,PS0249,Chikkaballapura,2025-11-01 08:34,2025-11-02 16:34,Cyber Crime,Phishing,"IT Act 66D, BNS 318(4)",13.474983,77.545634,P006175,P002572,"P007393, P005795",PI Harish Naik,Chargesheeted
FIR202503928,FIR/3928/2025,PS0148,Bengaluru Urban,2025-10-28 09:32,2025-11-02 17:32,Cyber Crime,Financial Fraud,"IT Act 66D, BNS 318(4)",12.858572,77.662421,P009005,P000072,P003426,SI Divya Hegde,Under Investigation
FIR202504008,FIR/4008/2025,PS0221,Chamarajanagar,2025-11-02 08:26,2025-11-02 19:26,NDPS,Drug Trafficking,NDPS Act Sec 20(b),12.032326,77.109388,P001652,P000665,P000044,SI Ravi Kumar,Under Investigation
FIR202504009,FIR/4009/2025,PS0196,Chamarajanagar,2025-11-02 08:33,2025-11-02 19:33,Cyber Crime,Phishing,"IT Act 66D, BNS 318(4)",11.988575,76.961301,P009309,P004690,P003229,PI Chetan Kumar,Chargesheeted
FIR202504015,FIR/4015/2025,PS0116,Bengaluru Urban,2025-11-02 15:31,2025-11-02 20:31,Vehicle Theft,Two-Wheeler Theft,BNS 303(2),12.967035,77.518426,P004765,P007058,"P000805, P006541",PI Harish Naik,Closed
FIR202504016,FIR/4016/2025,PS0167,Bidar,2025-11-02 15:47,2025-11-02 20:47,Dacoity,Bank Dacoity,BNS 310(2),18.048252,77.444815,P006552,P009551,P009457,PI Harish Naik,Under Investigation
FIR202503999,FIR/3999/2025,PS0102,Bengaluru Rural,2025-11-01 19:50,2025-11-02 22:50,Cyber Crime,Financial Fraud,"IT Act 66D, BNS 318(4)",13.100387,77.654962,P003505,P005891,P003862,SI Divya Hegde,Chargesheeted
FIR202503958,FIR/3958/2025,PS0143,Bengaluru Urban,2025-10-29 18:21,2025-11-03 00:21,Cyber Crime,Phishing,"IT Act 66D, BNS 318(4)",12.792224,77.423178,P004608,P006180,P002122,PI Ramesh Gowda,Chargesheeted
FIR202503996,FIR/3996/2025,PS0151,Bengaluru Urban,2025-11-01 15:22,2025-11-03 00:22,Cyber Crime,Financial Fraud,"IT Act 66D, BNS 318(4)",12.889417,77.475736,P000619,P002507,P000577,PI Ramesh Gowda,Under Investigation
FIR202504001,FIR/4001/2025,PS0022,Bagalkote,2025-11-01 23:34,2025-11-03 00:34,Robbery,Chain Snatching with Force,BNS 309(4),16.230883,75.61306,P007625,P004734,P009581,PI Naveen Patil,Under Investigation
FIR202504020,FIR/4020/2025,PS0208,Chamarajanagar,2025-11-02 19:56,2025-11-03 01:56,Vehicle Theft,Car Theft,BNS 303(2),11.808172,77.150803,P003435,P008541,P006709,PI Harish Naik,Chargesheeted
FIR202504027,FIR/4027/2025,PS0225,Chamarajanagar,2025-11-03 04:24,2025-11-03 05:24,Assault,Simple Assault,"BNS 115(2), BNS 117(2)",12.012367,76.787646,P009829,P000706,P009113,PI Chetan Kumar,Under Investigation
FIR202504023,FIR/4023/2025,PS0013,Bagalkote,2025-11-02 23:27,2025-11-03 05:27,Fraud,Corporate Fraud,BNS 318(4),16.150675,75.660626,P001052,P001663,P002987,SI Mahesh Bhat,Untraced
FIR202504026,FIR/4026/2025,PS0213,Chamarajanagar,2025-11-03 01:45,2025-11-03 05:45,Cyber Crime,Financial Fraud,"IT Act 66D, BNS 318(4)",12.047544,76.926462,P009253,P000462,P008807,SI Mahesh Bhat,Under Investigation
FIR202504021,FIR/4021/2025,PS0025,Bagalkote,2025-11-02 23:15,2025-11-03 06:15,Fraud,Corporate Fraud,BNS 318(4),16.321151,75.854589,P005474,P006707,P008077,PI Lakshmi Devi,Under Investigation
FIR202504022,FIR/4022/2025,PS0213,Chamarajanagar,2025-11-02 23:25,2025-11-03 08:25,Burglary,Day Burglary,"BNS 331(3), BNS 331(4)",12.059819,76.922464,P008757,P005596,P000038,SI Prakash Sharma,Under Investigation
FIR202504007,FIR/4007/2025,PS0028,Ballari,2025-11-02 05:23,2025-11-03 09:23,NDPS,Drug Trafficking,NDPS Act Sec 20(b),15.042941,76.853281,P000036,P008383,P009654,SI Mahesh Bhat,Untraced
FIR202504029,FIR/4029/2025,PS0026,Ballari,2025-11-03 05:43,2025-11-03 10:43,Vehicle Theft,Two-Wheeler Theft,BNS 303(2),15.231242,76.976795,P000149,P006608,P004623,SI Divya Hegde,Under Investigation
FIR202504024,FIR/4024/2025,PS0190,Bidar,2025-11-02 23:44,2025-11-03 11:44,Theft,House Theft,BNS 303(2),17.754787,77.573516,P002254,P005612,P003967,SI Mahesh Bhat,Chargesheeted
FIR202503991,FIR/3991/2025,PS0009,Bagalkote,2025-11-01 05:50,2025-11-03 13:50,Assault,Simple Assault,"BNS 115(2), BNS 117(2)",16.062865,75.774224,P004623,P004524,P003913,SI Ravi Kumar,Chargesheeted
FIR202504036,FIR/4036/2025,PS0130,Bengaluru Urban,2025-11-03 15:41,2025-11-03 16:41,Cyber Crime,Identity Theft,"IT Act 66D, BNS 318(4)",13.119192,77.487017,P003402,P003461,P000432,SI Ganesh Rao,Closed
FIR202504033,FIR/4033/2025,PS0220,Chamarajanagar,2025-11-03 09:43,2025-11-03 17:43,Theft,Snatching,BNS 303(2),11.808552,76.794145,P001180,P000330,P005523,PI Lakshmi Devi,Chargesheeted
FIR202504031,FIR/4031/2025,PS0013,Bagalkote,2025-11-03 09:36,2025-11-03 20:36,Cyber Crime,Financial Fraud,"IT Act 66D, BNS 318(4)",16.167472,75.65306,P007105,P003963,P002021,PI Lakshmi Devi,Untraced
FIR202504034,FIR/4034/2025,PS0165,Bidar,2025-11-03 11:26,2025-11-03 21:26,Vehicle Theft,Car Theft,BNS 303(2),18.04221,77.461089,P006870,P008239,P000919,PI Naveen Patil,Closed
FIR202504040,FIR/4040/2025,PS0159,Bidar,2025-11-03 20:37,2025-11-03 23:37,Dacoity,Bank Dacoity,BNS 310(2),18.050584,77.476857,P003853,P005852,P003802,SI Prakash Sharma,Closed
FIR202504043,FIR/4043/2025,PS0170,Bidar,2025-11-03 23:51,2025-11-04 00:51,Dacoity,Bank Dacoity,BNS 310(2),17.908714,77.373296,P005248,P005486,P009985,PI Ramesh Gowda,Chargesheeted
FIR202504037,FIR/4037/2025,PS0204,Chamarajanagar,2025-11-03 16:31,2025-11-04 03:31,Burglary,Day Burglary,"BNS 331(3), BNS 331(4)",12.050012,77.082826,P001347,P005921,P007636,PI Suresh Kulkarni,Under Investigation
FIR202504047,FIR/4047/2025,PS0168,Bidar,2025-11-04 03:09,2025-11-04 05:09,Theft,Snatching,BNS 303(2),17.728553,77.674335,P001099,P009664,P009421,PI Harish Naik,Chargesheeted
FIR202504038,FIR/4038/2025,PS0073,Bengaluru Rural,2025-11-03 17:23,2025-11-04 05:23,Burglary,Night House Breaking,"BNS 331(3), BNS 331(4)",13.359429,77.610924,P008631,P006529,P006809,PI Harish Naik,Under Investigation
FIR202504019,FIR/4019/2025,PS0136,Bengaluru Urban,2025-11-02 19:47,2025-11-04 05:47,Theft,Snatching,BNS 303(2),12.827678,77.592168,P006439,P005717,P001812,PI Chetan Kumar,Under Investigation
FIR202504046,FIR/4046/2025,PS0234,Chamarajanagar,2025-11-04 02:56,2025-11-04 06:56,Theft,Snatching,BNS 303(2),12.002418,76.823741,P005516,P009586,P005011,PI Chetan Kumar,Chargesheeted
FIR202503990,FIR/3990/2025,PS0195,Chamarajanagar,2025-11-01 05:31,2025-11-04 07:31,Theft,House Theft,BNS 303(2),11.868757,77.048028,P001462,P008518,P007600,PI Harish Naik,Chargesheeted
FIR202504052,FIR/4052/2025,PS0206,Chamarajanagar,2025-11-04 06:17,2025-11-04 08:17,Murder,Dowry Homicide,BNS 103(1),11.828645,77.108975,P003763,P001935,P009202,PI Naveen Patil,Chargesheeted
FIR202503993,FIR/3993/2025,PS0003,Bagalkote,2025-11-01 08:58,2025-11-04 09:58,Theft,Snatching,BNS 303(2),16.337844,75.861976,P009379,P006701,P008751,SI Ganesh Rao,Under Investigation
FIR202504049,FIR/4049/2025,PS0119,Bengaluru Urban,2025-11-04 04:11,2025-11-04 10:11,Cyber Crime,Identity Theft,"IT Act 66D, BNS 318(4)",12.808059,77.799201,P007800,P005336,P003123,PI Naveen Patil,Chargesheeted
FIR202504025,FIR/4025/2025,PS0205,Chamarajanagar,2025-11-02 23:53,2025-11-04 10:53,POCSO,Harassment,"POCSO Act Sec 4, BNS 64",11.962417,76.770948,P005628,P002923,P006632,PI Harish Naik,Chargesheeted
FIR202503986,FIR/3986/2025,PS0111,Bengaluru Urban,2025-11-01 02:39,2025-11-04 11:39,Cyber Crime,Financial Fraud,"IT Act 66D, BNS 318(4)",12.792935,77.539039,P007528,P008420,P009491,SI Ravi Kumar,Chargesheeted
FIR202503965,FIR/3965/2025,PS0153,Bidar,2025-10-30 08:08,2025-11-04 16:08,Cyber Crime,Identity Theft,"IT Act 66D, BNS 318(4)",17.757642,77.332887,P005514,P007240,P003901,SI Prakash Sharma,Chargesheeted
FIR202504017,FIR/4017/2025,PS0173,Bidar,2025-11-02 15:56,2025-11-04 16:56,Dacoity,Bank Dacoity,BNS 310(2),17.771749,77.581905,P005767,P004869,P002374,SI Prakash Sharma,Under Investigation
FIR202504059,FIR/4059/2025,PS0219,Chamarajanagar,2025-11-04 16:55,2025-11-04 17:55,Assault,Public Affray,"BNS 115(2), BNS 117(2)",11.877407,76.891679,P006189,P006617,P000507,SI Ravi Kumar,Chargesheeted
FIR202504013,FIR/4013/2025,PS0126,Bengaluru Urban,2025-11-02 12:44,2025-11-04 18:44,Cyber Crime,Identity Theft,"IT Act 66D, BNS 318(4)",12.859335,77.565394,P000814,P006920,P006135,PI Suresh Kulkarni,Chargesheeted
FIR202504058,FIR/4058/2025,PS0111,Bengaluru Urban,2025-11-04 15:03,2025-11-04 19:03,POCSO,Sexual Assault on Minor,"POCSO Act Sec 4, BNS 64",12.762645,77.561728,P009741,P003531,P009116,PI Suresh Kulkarni,Closed
FIR202504014,FIR/4014/2025,PS0004,Bagalkote,2025-11-02 14:28,2025-11-04 19:28,Assault,Public Affray,"BNS 115(2), BNS 117(2)",16.026982,75.695334,P008853,P005633,P008864,SI Divya Hegde,Chargesheeted
FIR202504056,FIR/4056/2025,PS0187,Bidar,2025-11-04 12:28,2025-11-04 21:28,Assault,Public Affray,"BNS 115(2), BNS 117(2)",17.980704,77.723538,P009396,P009096,P003600,SI Ganesh Rao,Under Investigation
FIR202504055,FIR/4055/2025,PS0184,Bidar,2025-11-04 12:07,2025-11-04 22:07,Assault,Public Affray,"BNS 115(2), BNS 117(2)",17.920045,77.627894,P003560,P006641,P001455,PI Lakshmi Devi,Under Investigation
FIR202504060,FIR/4060/2025,PS0031,Ballari,2025-11-04 17:48,2025-11-04 23:48,Vehicle Theft,Two-Wheeler Theft,BNS 303(2),14.991632,77.093249,P002003,P007979,P000426,SI Divya Hegde,Under Investigation
FIR202504041,FIR/4041/2025,PS0035,Ballari,2025-11-03 21:19,2025-11-05 01:19,Assault,Grievous Hurt,"BNS 115(2), BNS 117(2)",15.229506,76.847965,P009275,P005332,P000988,PI Suresh Kulkarni,Untraced
FIR202504061,FIR/4061/2025,PS0207,Chamarajanagar,2025-11-04 20:54,2025-11-05 01:54,NDPS,Drug Trafficking,NDPS Act Sec 20(b),12.083352,77.125141,P009823,P000619,P005650,PI Chetan Kumar,Chargesheeted
FIR202504063,FIR/4063/2025,PS0006,Bagalkote,2025-11-04 22:26,2025-11-05 02:26,Cyber Crime,Identity Theft,"IT Act 66D, BNS 318(4)",16.360746,75.757136,P008442,P000344,P009515,PI Suresh Kulkarni,Chargesheeted
FIR202504035,FIR/4035/2025,PS0018,Bagalkote,2025-11-03 15:41,2025-11-05 02:41,Fraud,Corporate Fraud,BNS 318(4),16.190679,75.804455,P002695,P006464,P006355,SI Divya Hegde,Chargesheeted
FIR202504018,FIR/4018/2025,PS0020,Bagalkote,2025-11-02 16:55,2025-11-05 03:55,Robbery,Highway Robbery,BNS 309(4),16.242491,75.587303,P004170,P001691,P005131,PI Harish Naik,Untraced
FIR202504044,FIR/4044/2025,PS0234,Chamarajanagar,2025-11-04 00:46,2025-11-05 08:46,Murder,Personal Enmity,BNS 103(1),11.999438,76.843165,P004274,P008611,P008065,SI Prakash Sharma,Chargesheeted
FIR202504045,FIR/4045/2025,PS0063,Belagavi,2025-11-04 01:21,2025-11-05 09:21,NDPS,Drug Trafficking,NDPS Act Sec 20(b),16.020341,74.673091,P001604,P003182,P005246,PI Lakshmi Devi,Under Investigation
FIR202504050,FIR/4050/2025,PS0224,Chamarajanagar,2025-11-04 05:17,2025-11-05 10:17,Fraud,Cheating,BNS 318(4),11.844067,76.819252,P004063,P000558,P002905,PI Ramesh Gowda,Chargesheeted
FIR202504051,FIR/4051/2025,PS0124,Bengaluru Urban,2025-11-04 05:21,2025-11-05 10:21,Vehicle Theft,Two-Wheeler Theft,BNS 303(2),13.081258,77.673843,P003239,P009934,P008240,SI Ravi Kumar,Chargesheeted
FIR202504066,FIR/4066/2025,PS0007,Bagalkote,2025-11-05 01:52,2025-11-05 11:52,Murder,Gang Conflict,BNS 103(1),16.090419,75.640915,P001449,P002588,P001178,PI Harish Naik,Under Investigation
FIR202504067,FIR/4067/2025,PS0250,Chikkaballapura,2025-11-05 02:57,2025-11-05 11:57,Burglary,Day Burglary,"BNS 331(3), BNS 331(4)",13.549278,77.805733,P004908,P007467,"P007425, P003735",PI Harish Naik,Chargesheeted
FIR202504028,FIR/4028/2025,PS0104,Bengaluru Rural,2025-11-03 05:35,2025-11-05 12:35,Burglary,Day Burglary,"BNS 331(3), BNS 331(4)",13.426978,77.5329,P009999,P008601,P006370,PI Chetan Kumar,Under Investigation
FIR202504048,FIR/4048/2025,PS0160,Bidar,2025-11-04 04:07,2025-11-05 13:07,POCSO,Harassment,"POCSO Act Sec 4, BNS 64",17.890381,77.344456,P007856,P000937,P001132,SI Ravi Kumar,Chargesheeted
FIR202504072,FIR/4072/2025,PS0211,Chamarajanagar,2025-11-05 06:51,2025-11-05 14:51,Dacoity,Armed Dacoity,BNS 310(2),11.841337,77.061841,P009301,P006527,P002552,SI Mahesh Bhat,Chargesheeted
FIR202504053,FIR/4053/2025,PS0012,Bagalkote,2025-11-04 08:15,2025-11-05 15:15,Fraud,Cheating,BNS 318(4),16.274663,75.812773,P007432,P003732,P009651,SI Prakash Sharma,Chargesheeted
FIR202504032,FIR/4032/2025,PS0007,Bagalkote,2025-11-03 09:42,2025-11-05 15:42,Cyber Crime,Identity Theft,"IT Act 66D, BNS 318(4)",16.059193,75.622259,P007172,P009659,P008516,PI Suresh Kulkarni,Chargesheeted
FIR202504075,FIR/4075/2025,PS0037,Ballari,2025-11-05 13:48,2025-11-05 15:48,Dacoity,Bank Dacoity,BNS 310(2),15.062614,77.055058,P007332,P001782,P004740,PI Harish Naik,Chargesheeted
FIR202504054,FIR/4054/2025,PS0082,Bengaluru Rural,2025-11-04 08:59,2025-11-05 15:59,Burglary,Night House Breaking,"BNS 331(3), BNS 331(4)",13.333739,77.396199,P000549,P005449,P006802,PI Suresh Kulkarni,Under Investigation
FIR202504073,FIR/4073/2025,PS0171,Bidar,2025-11-05 09:37,2025-11-05 18:37,Cyber Crime,Financial Fraud,"IT Act 66D, BNS 318(4)",17.756692,77.550279,P002528,P008480,P002510,PI Ramesh Gowda,Chargesheeted
FIR202504076,FIR/4076/2025,PS0081,Bengaluru Rural,2025-11-05 16:09,2025-11-05 22:09,POCSO,Harassment,"POCSO Act Sec 4, BNS 64",13.173685,77.585996,P004156,P004366,P001351,PI Lakshmi Devi,Under Investigation
FIR202504081,FIR/4081/2025,PS0172,Bidar,2025-11-05 19:08,2025-11-06 01:08,Assault,Simple Assault,"BNS 115(2), BNS 117(2)",17.957842,77.505264,P004418,P008409,P009920,PI Lakshmi Devi,Under Investigation
FIR202504065,FIR/4065/2025,PS0191,Bidar,2025-11-05 01:35,2025-11-06 03:35,Cyber Crime,Financial Fraud,"IT Act 66D, BNS 318(4)",17.907,77.378639,P005032,P003086,P001270,PI Harish Naik,Under Investigation
FIR202504039,FIR/4039/2025,PS0050,Belagavi,2025-11-03 18:05,2025-11-06 05:05,Theft,Pocket Pick,BNS 303(2),15.724715,74.309591,P001132,P009497,P009488,SI Divya Hegde,Under Investigation
FIR202504030,FIR/4030/2025,PS0211,Chamarajanagar,2025-11-03 06:40,2025-11-06 07:40,Cyber Crime,Phishing,"IT Act 66D, BNS 318(4)",11.808815,77.090887,P006989,P007948,P002591,PI Lakshmi Devi,Under Investigation
FIR202504069,FIR/4069/2025,PS0075,Bengaluru Rural,2025-11-05 05:23,2025-11-06 12:23,Robbery,Chain Snatching with Force,BNS 309(4),13.195499,77.537143,P001397,P005004,P008595,SI Ganesh Rao,Chargesheeted
FIR202504085,FIR/4085/2025,PS0030,Ballari,2025-11-06 06:49,2025-11-06 13:49,POCSO,Harassment,"POCSO Act Sec 4, BNS 64",15.203508,76.821146,P001810,P006679,P003228,SI Prakash Sharma,Chargesheeted
FIR202504068,FIR/4068/2025,PS0035,Ballari,2025-11-05 02:59,2025-11-06 14:59,Theft,Snatching,BNS 303(2),15.221676,76.861043,P007734,P001481,P000191,PI Ramesh Gowda,Chargesheeted
FIR202504070,FIR/4070/2025,PS0221,Chamarajanagar,2025-11-05 05:44,2025-11-06 15:44,Robbery,Chain Snatching with Force,BNS 309(4),12.049788,77.098052,P001518,P002707,P009520,PI Ramesh Gowda,Under Investigation
FIR202504084,FIR/4084/2025,PS0206,Chamarajanagar,2025-11-06 05:33,2025-11-06 16:33,Burglary,Day Burglary,"BNS 331(3), BNS 331(4)",11.827142,77.124208,P004639,P008432,P007713,SI Prakash Sharma,Chargesheeted
FIR202504087,FIR/4087/2025,PS0012,Bagalkote,2025-11-06 08:08,2025-11-06 18:08,Fraud,Land Scam,BNS 318(4),16.264048,75.822965,P002953,P006848,P006414,SI Mahesh Bhat,Untraced
FIR202504092,FIR/4092/2025,PS0011,Bagalkote,2025-11-06 15:10,2025-11-06 19:10,Cyber Crime,Phishing,"IT Act 66D, BNS 318(4)",16.162533,75.66463,P002783,P008908,P001839,SI Prakash Sharma,Under Investigation
FIR202503998,FIR/3998/2025,PS0018,Bagalkote,2025-11-01 18:04,2025-11-06 21:04,Robbery,Highway Robbery,BNS 309(4),16.201377,75.807606,P008876,P007350,P006239,PI Naveen Patil,Chargesheeted
FIR202504042,FIR/4042/2025,PS0198,Chamarajanagar,2025-11-03 22:08,2025-11-07 01:08,Fraud,Corporate Fraud,BNS 318(4),11.843902,77.04449,P007154,P000127,P005776,SI Ganesh Rao,Untraced
FIR202504097,FIR/4097/2025,PS0170,Bidar,2025-11-06 21:44,2025-11-07 02:44,POCSO,Harassment,"POCSO Act Sec 4, BNS 64",17.89184,77.382881,P008949,P005048,P002354,PI Naveen Patil,Under Investigation
FIR202504095,FIR/4095/2025,PS0226,Chamarajanagar,2025-11-06 20:29,2025-11-07 04:29,Theft,Snatching,BNS 303(2),11.747827,77.004553,P007125,P008464,P003445,SI Prakash Sharma,Under Investigation
FIR202504064,FIR/4064/2025,PS0226,Chamarajanagar,2025-11-05 01:33,2025-11-07 04:33,Robbery,Chain Snatching with Force,BNS 309(4),11.755719,77.000049,P004256,P007673,P005322,SI Divya Hegde,Under Investigation
FIR202504080,FIR/4080/2025,PS0226,Chamarajanagar,2025-11-05 18:44,2025-11-07 04:44,Vehicle Theft,Car Theft,BNS 303(2),11.771152,77.014526,P001258,P006097,P005708,SI Divya Hegde,Chargesheeted
FIR202504078,FIR/4078/2025,PS0175,Bidar,2025-11-05 17:27,2025-11-07 05:27,Fraud,Land Scam,BNS 318(4),17.996539,77.425733,P000619,P001197,"P004023, P005591",SI Prakash Sharma,Under Investigation
FIR202504100,FIR/4100/2025,PS0231,Chamarajanagar,2025-11-07 00:32,2025-11-07 05:32,Theft,Snatching,BNS 303(2),11.960624,76.998282,P002715,P005361,P009906,SI Divya Hegde,Chargesheeted
FIR202504071,FIR/4071/2025,PS0196,Chamarajanagar,2025-11-05 06:33,2025-11-07 08:33,Vehicle Theft,Car Theft,BNS 303(2),12.01349,76.93026,P007730,P008574,P002487,SI Ganesh Rao,Under Investigation
FIR202504005,FIR/4005/2025,PS0055,Belagavi,2025-11-02 03:16,2025-11-07 10:16,NDPS,Possession of Narcotics,NDPS Act Sec 20(b),15.817192,74.34219,P008524,P005409,P005933,SI Divya Hegde,Chargesheeted
FIR202504091,FIR/4091/2025,PS0151,Bengaluru Urban,2025-11-06 13:41,2025-11-07 14:41,Cyber Crime,Financial Fraud,"IT Act 66D, BNS 318(4)",12.865953,77.447702,P001784,P006177,P004190,PI Suresh Kulkarni,Closed
FIR202504104,FIR/4104/2025,PS0178,Bidar,2025-11-07 12:13,2025-11-07 15:13,POCSO,Sexual Assault on Minor,"POCSO Act Sec 4, BNS 64",17.867213,77.46479,P000161,P008478,P009233,PI Chetan Kumar,Chargesheeted
FIR202504106,FIR/4106/2025,PS0211,Chamarajanagar,2025-11-07 13:06,2025-11-07 17:06,Murder,Personal Enmity,BNS 103(1),11.81101,77.070336,P005019,P001542,P003763,SI Prakash Sharma,Closed
FIR202504057,FIR/4057/2025,PS0014,Bagalkote,2025-11-04 14:04,2025-11-07 20:04,Fraud,Land Scam,BNS 318(4),16.315686,75.84461,P008438,P006696,P008761,PI Ramesh Gowda,Chargesheeted
FIR202504109,FIR/4109/2025,PS0171,Bidar,2025-11-07 15:36,2025-11-07 21:36,Fraud,Cheating,BNS 318(4),17.763635,77.57313,P001540,P008737,P004818,PI Ramesh Gowda,Chargesheeted
FIR202504094,FIR/4094/2025,PS0196,Chamarajanagar,2025-11-06 18:32,2025-11-07 22:32,Cyber Crime,Financial Fraud,"IT Act 66D, BNS 318(4)",11.986274,76.957266,P002002,P001615,P006212,SI Ganesh Rao,Chargesheeted
FIR202504098,FIR/4098/2025,PS0203,Chamarajanagar,2025-11-06 23:24,2025-11-08 01:24,NDPS,Drug Trafficking,NDPS Act Sec 20(b),11.914751,76.862771,P002980,P001431,P009876,PI Naveen Patil,Untraced
FIR202504079,FIR/4079/2025,PS0029,Ballari,2025-11-05 18:34,2025-11-08 01:34,Cyber Crime,Phishing,"IT Act 66D, BNS 318(4)",14.986949,76.892224,P000881,P002254,P005862,SI Ravi Kumar,Under Investigation
FIR202504107,FIR/4107/2025,PS0195,Chamarajanagar,2025-11-07 13:59,2025-11-08 01:59,Fraud,Cheating,BNS 318(4),11.891352,77.063693,P008965,P003067,P007287,PI Suresh Kulkarni,Chargesheeted
FIR202504111,FIR/4111/2025,PS0196,Chamarajanagar,2025-11-07 21:07,2025-11-08 02:07,NDPS,Drug Trafficking,NDPS Act Sec 20(b),11.980234,76.932891,P002767,P008924,P007210,PI Ramesh Gowda,Chargesheeted
FIR202504077,FIR/4077/2025,PS0141,Bengaluru Urban,2025-11-05 16:36,2025-11-08 02:36,Fraud,Cheating,BNS 318(4),12.879918,77.405902,P008692,P006933,P008228,SI Mahesh Bhat,Under Investigation
FIR202504082,FIR/4082/2025,PS0168,Bidar,2025-11-06 01:17,2025-11-08 04:17,Cyber Crime,Financial Fraud,"IT Act 66D, BNS 318(4)",17.718993,77.652489,P008106,P007438,P000097,PI Harish Naik,Untraced
FIR202504083,FIR/4083/2025,PS0190,Bidar,2025-11-06 02:28,2025-11-08 10:28,POCSO,Harassment,"POCSO Act Sec 4, BNS 64",17.736623,77.560127,P004986,P009247,P008716,SI Mahesh Bhat,Chargesheeted
FIR202504088,FIR/4088/2025,PS0160,Bidar,2025-11-06 08:20,2025-11-08 17:20,Vehicle Theft,Two-Wheeler Theft,BNS 303(2),17.892374,77.36003,P001659,P008481,P009040,PI Chetan Kumar,Chargesheeted
FIR202504086,FIR/4086/2025,PS0197,Chamarajanagar,2025-11-06 07:56,2025-11-08 17:56,POCSO,Sexual Assault on Minor,"POCSO Act Sec 4, BNS 64",11.856461,77.044839,P006109,P007354,P005406,PI Harish Naik,Chargesheeted
FIR202504114,FIR/4114/2025,PS0194,Chamarajanagar,2025-11-08 10:46,2025-11-08 18:46,Fraud,Cheating,BNS 318(4),11.770174,76.88918,P005618,P003158,P001257,SI Mahesh Bhat,Chargesheeted
FIR202504074,FIR/4074/2025,PS0056,Belagavi,2025-11-05 12:20,2025-11-08 23:20,POCSO,Sexual Assault on Minor,"POCSO Act Sec 4, BNS 64",15.77148,74.619674,P008178,P005305,P005643,PI Ramesh Gowda,Chargesheeted
FIR202504116,FIR/4116/2025,PS0232,Chamarajanagar,2025-11-08 15:44,2025-11-09 00:44,Cyber Crime,Financial Fraud,"IT Act 66D, BNS 318(4)",11.801164,76.908379,P007650,P006033,P005678,SI Ganesh Rao,Under Investigation
FIR202504108,FIR/4108/2025,PS0041,Ballari,2025-11-07 15:31,2025-11-09 01:31,Vehicle Theft,Two-Wheeler Theft,BNS 303(2),15.26931,76.882502,P001103,P004966,P008768,PI Naveen Patil,Under Investigation
FIR202504117,FIR/4117/2025,PS0190,Bidar,2025-11-08 17:10,2025-11-09 02:10,Assault,Grievous Hurt,"BNS 115(2), BNS 117(2)",17.731456,77.574534,P007757,P002439,P000767,PI Naveen Patil,Chargesheeted
FIR202504062,FIR/4062/2025,PS0222,Chamarajanagar,2025-11-04 22:10,2025-11-09 02:10,Vehicle Theft,Car Theft,BNS 303(2),11.919155,76.739752,P004017,P006595,P008452,PI Lakshmi Devi,Untraced
FIR202504113,FIR/4113/2025,PS0223,Chamarajanagar,2025-11-08 02:31,2025-11-09 04:31,Burglary,Day Burglary,"BNS 331(3), BNS 331(4)",11.875644,76.796757,P006762,P006182,P006860,PI Naveen Patil,Under Investigation
FIR202504118,FIR/4118/2025,PS0058,Belagavi,2025-11-08 23:26,2025-11-09 11:26,Assault,Simple Assault,"BNS 115(2), BNS 117(2)",15.718892,74.397152,P001089,P003417,P008578,PI Naveen Patil,Chargesheeted
FIR202504122,FIR/4122/2025,PS0231,Chamarajanagar,2025-11-09 04:49,2025-11-09 12:49,Theft,House Theft,BNS 303(2),11.984649,77.026991,P001998,P002652,P007131,SI Ravi Kumar,Chargesheeted
FIR202504127,FIR/4127/2025,PS0167,Bidar,2025-11-09 12:27,2025-11-09 13:27,Dacoity,Armed Dacoity,BNS 310(2),18.03235,77.435714,P004372,P004788,P001741,PI Naveen Patil,Under Investigation
FIR202504123,FIR/4123/2025,PS0205,Chamarajanagar,2025-11-09 05:04,2025-11-09 16:04,Assault,Grievous Hurt,"BNS 115(2), BNS 117(2)",11.944904,76.766046,P004620,P004903,P001326,PI Harish Naik,Chargesheeted
FIR202504125,FIR/4125/2025,PS0192,Bidar,2025-11-09 06:55,2025-11-09 16:55,Dacoity,Armed Dacoity,BNS 310(2),17.98126,77.334908,P001699,P003345,P000679,PI Chetan Kumar,Under Investigation
FIR202504128,FIR/4128/2025,PS0182,Bidar,2025-11-09 14:57,2025-11-09 16:57,Robbery,Chain Snatching with Force,BNS 309(4),17.92689,77.694906,P001352,P009756,P006054,SI Mahesh Bhat,Chargesheeted
FIR202504130,FIR/4130/2025,PS0195,Chamarajanagar,2025-11-09 19:06,2025-11-09 22:06,Burglary,Night House Breaking,"BNS 331(3), BNS 331(4)",11.859576,77.064236,P001517,P003166,P008189,PI Chetan Kumar,Under Investigation
FIR202504090,FIR/4090/2025,PS0217,Chamarajanagar,2025-11-06 13:32,2025-11-09 22:32,Cyber Crime,Financial Fraud,"IT Act 66D, BNS 318(4)",11.73818,76.90193,P008347,P001752,P000727,PI Suresh Kulkarni,Chargesheeted
FIR202504096,FIR/4096/2025,PS0030,Ballari,2025-11-06 20:40,2025-11-09 23:40,Assault,Grievous Hurt,"BNS 115(2), BNS 117(2)",15.181656,76.809441,P000936,P001238,P001779,SI Mahesh Bhat,Under Investigation
FIR202504115,FIR/4115/2025,PS0044,Ballari,2025-11-08 14:20,2025-11-10 01:20,Cyber Crime,Financial Fraud,"IT Act 66D, BNS 318(4)",15.300248,76.912147,P004969,P003864,P005969,SI Mahesh Bhat,Chargesheeted
FIR202504119,FIR/4119/2025,PS0166,Bidar,2025-11-08 23:49,2025-11-10 02:49,Assault,Simple Assault,"BNS 115(2), BNS 117(2)",17.799638,77.496748,P009582,P000230,P004247,PI Naveen Patil,Chargesheeted
FIR202504129,FIR/4129/2025,PS0018,Bagalkote,2025-11-09 18:38,2025-11-10 04:38,Assault,Public Affray,"BNS 115(2), BNS 117(2)",16.18575,75.814376,P007199,P008036,P008968,SI Divya Hegde,Chargesheeted
FIR202504132,FIR/4132/2025,PS0089,Bengaluru Rural,2025-11-09 22:16,2025-11-10 06:16,Robbery,Highway Robbery,BNS 309(4),13.39319,77.614567,P006066,P001643,P004181,SI Prakash Sharma,Chargesheeted
FIR202504124,FIR/4124/2025,PS0087,Bengaluru Rural,2025-11-09 05:13,2025-11-10 07:13,Theft,House Theft,BNS 303(2),13.160602,77.530157,P007828,P003407,P007255,SI Ganesh Rao,Chargesheeted
FIR202504126,FIR/4126/2025,PS0016,Bagalkote,2025-11-09 09:39,2025-11-10 11:39,Fraud,Cheating,BNS 318(4),15.999438,75.671634,P008126,P009894,P009556,SI Divya Hegde,Under Investigation
FIR202504102,FIR/4102/2025,PS0216,Chamarajanagar,2025-11-07 10:57,2025-11-10 13:57,NDPS,Drug Trafficking,NDPS Act Sec 20(b),11.742855,76.969322,P003907,P006118,P004286,SI Ganesh Rao,Chargesheeted
FIR202504135,FIR/4135/2025,PS0187,Bidar,2025-11-10 03:58,2025-11-10 14:58,Assault,Simple Assault,"BNS 115(2), BNS 117(2)",17.988032,77.723632,P007584,P009344,P007107,PI Chetan Kumar,Untraced
FIR202504139,FIR/4139/2025,PS0074,Bengaluru Rural,2025-11-10 07:19,2025-11-10 15:19,Robbery,Highway Robbery,BNS 309(4),13.177808,77.588974,P005728,P004892,P006436,PI Lakshmi Devi,Under Investigation
FIR202504136,FIR/4136/2025,PS0240,Chikkaballapura,2025-11-10 05:46,2025-11-10 15:46,POCSO,Sexual Assault on Minor,"POCSO Act Sec 4, BNS 64",13.405614,77.798859,P002411,P000493,P005539,PI Naveen Patil,Under Investigation
FIR202504101,FIR/4101/2025,PS0174,Bidar,2025-11-07 09:33,2025-11-10 16:33,Theft,Snatching,BNS 303(2),17.858634,77.547338,P001937,P000853,P001910,SI Ravi Kumar,Untraced
FIR202504142,FIR/4142/2025,PS0220,Chamarajanagar,2025-11-10 10:47,2025-11-10 18:47,Cyber Crime,Financial Fraud,"IT Act 66D, BNS 318(4)",11.815194,76.78845,P009699,P009086,P005446,SI Ravi Kumar,Under Investigation
FIR202504105,FIR/4105/2025,PS0195,Chamarajanagar,2025-11-07 12:30,2025-11-10 20:30,NDPS,Drug Trafficking,NDPS Act Sec 20(b),11.87809,77.067521,P003528,P007471,P004061,PI Ramesh Gowda,Untraced
FIR202504144,FIR/4144/2025,PS0134,Bengaluru Urban,2025-11-10 15:47,2025-11-10 20:47,Cyber Crime,Phishing,"IT Act 66D, BNS 318(4)",12.829807,77.635691,P003312,P007541,P000763,SI Ganesh Rao,Chargesheeted
FIR202504103,FIR/4103/2025,PS0109,Bengaluru Rural,2025-11-07 12:09,2025-11-10 21:09,Cyber Crime,Phishing,"IT Act 66D, BNS 318(4)",13.104973,77.581373,P005531,P009263,P009940,PI Suresh Kulkarni,Untraced
FIR202504148,FIR/4148/2025,PS0068,Belagavi,2025-11-10 19:48,2025-11-10 22:48,Theft,Pocket Pick,BNS 303(2),16.043233,74.365441,P007424,P007599,P000187,PI Lakshmi Devi,Chargesheeted
FIR202504112,FIR/4112/2025,PS0016,Bagalkote,2025-11-07 22:30,2025-11-10 23:30,POCSO,Harassment,"POCSO Act Sec 4, BNS 64",15.983381,75.652902,P006759,P006698,P003826,SI Ravi Kumar,Untraced
FIR202504131,FIR/4131/2025,PS0094,Bengaluru Rural,2025-11-09 19:45,2025-11-11 00:45,Vehicle Theft,Car Theft,BNS 303(2),13.069416,77.683818,P005527,P003838,P007491,SI Ganesh Rao,Chargesheeted
FIR202504146,FIR/4146/2025,PS0006,Bagalkote,2025-11-10 18:24,2025-11-11 01:24,Theft,Snatching,BNS 303(2),16.366451,75.767883,P004607,P001818,P000188,PI Ramesh Gowda,Chargesheeted
FIR202504145,FIR/4145/2025,PS0194,Chamarajanagar,2025-11-10 16:37,2025-11-11 04:37,Cyber Crime,Identity Theft,"IT Act 66D, BNS 318(4)",11.800415,76.88264,P007533,P001084,P005545,SI Ravi Kumar,Under Investigation
FIR202504099,FIR/4099/2025,PS0052,Belagavi,2025-11-06 23:50,2025-11-11 05:50,Vehicle Theft,Car Theft,BNS 303(2),15.908326,74.30544,P008678,P009578,P002996,PI Lakshmi Devi,Under Investigation
FIR202504133,FIR/4133/2025,PS0160,Bidar,2025-11-10 00:12,2025-11-11 06:12,NDPS,Possession of Narcotics,NDPS Act Sec 20(b),17.867255,77.367554,P000028,P004857,P009195,SI Ravi Kumar,Under Investigation
FIR202504120,FIR/4120/2025,PS0059,Belagavi,2025-11-09 02:10,2025-11-11 07:10,Burglary,Night House Breaking,"BNS 331(3), BNS 331(4)",15.812829,74.529905,P000563,P003494,P008206,SI Divya Hegde,Under Investigation
FIR202504147,FIR/4147/2025,PS0011,Bagalkote,2025-11-10 19:34,2025-11-11 07:34,Cyber Crime,Financial Fraud,"IT Act 66D, BNS 318(4)",16.139637,75.656461,P003989,P005228,P000246,PI Lakshmi Devi,Chargesheeted
FIR202504151,FIR/4151/2025,PS0100,Bengaluru Rural,2025-11-11 01:25,2025-11-11 08:25,Murder,Gang Conflict,BNS 103(1),13.150282,77.527487,P005662,P007460,P009423,PI Naveen Patil,Chargesheeted
FIR202504156,FIR/4156/2025,PS0146,Bengaluru Urban,2025-11-11 05:53,2025-11-11 10:53,NDPS,Possession of Narcotics,NDPS Act Sec 20(b),12.949924,77.786116,P009002,P004397,P000175,PI Suresh Kulkarni,Under Investigation
FIR202504153,FIR/4153/2025,PS0167,Bidar,2025-11-11 03:43,2025-11-11 11:43,Murder,Personal Enmity,BNS 103(1),18.048783,77.427715,P001395,P009885,P000208,SI Mahesh Bhat,Closed
FIR202504089,FIR/4089/2025,PS0045,Ballari,2025-11-06 10:53,2025-11-11 12:53,Dacoity,Bank Dacoity,BNS 310(2),15.005003,76.871392,P000935,P003108,P007614,PI Lakshmi Devi,Chargesheeted
FIR202504138,FIR/4138/2025,PS0015,Bagalkote,2025-11-10 06:16,2025-11-11 13:16,Murder,Gang Conflict,BNS 103(1),16.03038,75.699122,P009668,P001705,P005938,PI Chetan Kumar,Under Investigation
FIR202504162,FIR/4162/2025,PS0160,Bidar,2025-11-11 13:08,2025-11-11 15:08,Theft,House Theft,BNS 303(2),17.859423,77.369439,P000567,P006911,P008086,PI Suresh Kulkarni,Chargesheeted
FIR202504140,FIR/4140/2025,PS0157,Bidar,2025-11-10 08:36,2025-11-11 16:36,Fraud,Land Scam,BNS 318(4),17.808025,77.571013,P009055,P000033,P001480,SI Ganesh Rao,Under Investigation
FIR202504158,FIR/4158/2025,PS0034,Ballari,2025-11-11 09:52,2025-11-11 16:52,Dacoity,Bank Dacoity,BNS 310(2),14.987198,77.108732,P002724,P006148,P008940,PI Suresh Kulkarni,Chargesheeted
FIR202504160,FIR/4160/2025,PS0012,Bagalkote,2025-11-11 11:24,2025-11-11 19:24,Fraud,Cheating,BNS 318(4),16.284188,75.835932,P000032,P003657,"P008080, P007170",SI Ganesh Rao,Under Investigation
FIR202504159,FIR/4159/2025,PS0194,Chamarajanagar,2025-11-11 11:06,2025-11-11 23:06,Cyber Crime,Identity Theft,"IT Act 66D, BNS 318(4)",11.784716,76.889329,P000215,P001272,P001890,SI Prakash Sharma,Chargesheeted
FIR202504093,FIR/4093/2025,PS0173,Bidar,2025-11-06 17:19,2025-11-12 00:19,Fraud,Land Scam,BNS 318(4),17.74733,77.575568,P009561,P000228,P005136,PI Ramesh Gowda,Chargesheeted
FIR202504163,FIR/4163/2025,PS0182,Bidar,2025-11-11 13:58,2025-11-12 00:58,POCSO,Harassment,"POCSO Act Sec 4, BNS 64",17.923199,77.679551,P005475,P005749,P003945,PI Ramesh Gowda,Under Investigation
FIR202504134,FIR/4134/2025,PS0161,Bidar,2025-11-10 00:33,2025-11-12 08:33,Theft,Snatching,BNS 303(2),17.968977,77.513855,P009073,P000835,P007854,PI Suresh Kulkarni,Untraced
FIR202504157,FIR/4157/2025,PS0231,Chamarajanagar,2025-11-11 07:41,2025-11-12 08:41,Assault,Simple Assault,"BNS 115(2), BNS 117(2)",11.950268,77.033431,P001094,P004510,P007705,SI Mahesh Bhat,Under Investigation
FIR202504137,FIR/4137/2025,PS0010,Bagalkote,2025-11-10 06:11,2025-11-12 09:11,POCSO,Sexual Assault on Minor,"POCSO Act Sec 4, BNS 64",16.158863,75.818712,P000180,P002996,P004360,SI Prakash Sharma,Closed
FIR202504168,FIR/4168/2025,PS0010,Bagalkote,2025-11-11 23:22,2025-11-12 11:22,Cyber Crime,Financial Fraud,"IT Act 66D, BNS 318(4)",16.17341,75.805752,P007983,P003660,"P005197, P005315",PI Ramesh Gowda,Chargesheeted
FIR202504176,FIR/4176/2025,PS0174,Bidar,2025-11-12 11:41,2025-11-12 13:41,Fraud,Corporate Fraud,BNS 318(4),17.870244,77.574262,P003195,P007568,P007076,PI Naveen Patil,Under Investigation
FIR202504161,FIR/4161/2025,PS0210,Chamarajanagar,2025-11-11 11:27,2025-11-12 14:27,Burglary,Night House Breaking,"BNS 331(3), BNS 331(4)",11.992458,76.817689,P005138,P001006,P009980,PI Lakshmi Devi,Closed
FIR202504173,FIR/4173/2025,PS0186,Bidar,2025-11-12 08:13,2025-11-12 15:13,Dacoity,Armed Dacoity,BNS 310(2),17.750647,77.48678,P008211,P004809,P002167,SI Ganesh Rao,Under Investigation
FIR202504175,FIR/4175/2025,PS0005,Bagalkote,2025-11-12 10:26,2025-11-12 15:26,Dacoity,Bank Dacoity,BNS 310(2),16.145275,75.588622,P005617,P004499,P009508,PI Naveen Patil,Chargesheeted
FIR202504141,FIR/4141/2025,PS0197,Chamarajanagar,2025-11-10 09:22,2025-11-12 16:22,Assault,Public Affray,"BNS 115(2), BNS 117(2)",11.866884,77.04996,P004838,P008594,P005911,SI Divya Hegde,Closed
FIR202504171,FIR/4171/2025,PS0171,Bidar,2025-11-12 05:28,2025-11-12 16:28,NDPS,Drug Trafficking,NDPS Act Sec 20(b),17.793273,77.580421,P002715,P003607,P006008,SI Divya Hegde,Chargesheeted
FIR202504178,FIR/4178/2025,PS0008,Bagalkote,2025-11-12 13:01,2025-11-12 18:01,Vehicle Theft,Car Theft,BNS 303(2),16.271707,75.528692,P002193,P001600,P002965,PI Ramesh Gowda,Chargesheeted
FIR202504183,FIR/4183/2025,PS0163,Bidar,2025-11-12 17:58,2025-11-12 22:58,Robbery,Highway Robbery,BNS 309(4),17.931349,77.590877,P005329,P006113,P003158,PI Naveen Patil,Untraced
FIR202504143,FIR/4143/2025,PS0193,Chamarajanagar,2025-11-10 11:52,2025-11-12 23:52,Murder,Dowry Homicide,BNS 103(1),11.984956,76.843587,P000620,P000098,P008077,PI Ramesh Gowda,Closed
FIR202504186,FIR/4186/2025,PS0193,Chamarajanagar,2025-11-12 22:07,2025-11-13 00:07,Burglary,Day Burglary,"BNS 331(3), BNS 331(4)",11.994348,76.84718,P002725,P002915,P001527,PI Harish Naik,Untraced
FIR202504167,FIR/4167/2025,PS0029,Ballari,2025-11-11 23:15,2025-11-13 00:15,Robbery,Highway Robbery,BNS 309(4),14.962231,76.88091,P007877,P008779,P001425,SI Mahesh Bhat,Chargesheeted
FIR202504164,FIR/4164/2025,PS0013,Bagalkote,2025-11-11 14:21,2025-11-13 00:21,Cyber Crime,Identity Theft,"IT Act 66D, BNS 318(4)",16.150702,75.683928,P000914,P007530,P000677,SI Ganesh Rao,Chargesheeted
FIR202504189,FIR/4189/2025,PS0173,Bidar,2025-11-12 22:37,2025-11-13 00:37,Fraud,Corporate Fraud,BNS 318(4),17.742005,77.586706,P001601,P001343,P003264,PI Lakshmi Devi,Under Investigation
FIR202504180,FIR/4180/2025,PS0210,Chamarajanagar,2025-11-12 15:58,2025-11-13 02:58,NDPS,Possession of Narcotics,NDPS Act Sec 20(b),12.021927,76.792528,P002219,P002149,P002813,PI Suresh Kulkarni,Chargesheeted
FIR202504110,FIR/4110/2025,PS0186,Bidar,2025-11-07 17:55,2025-11-13 04:55,Cyber Crime,Financial Fraud,"IT Act 66D, BNS 318(4)",17.729059,77.517756,P006135,P004491,P004864,SI Ganesh Rao,Under Investigation
FIR202504166,FIR/4166/2025,PS0210,Chamarajanagar,2025-11-11 22:46,2025-11-13 05:46,Vehicle Theft,Car Theft,BNS 303(2),12.001212,76.79454,P006749,P008396,P001571,PI Naveen Patil,Closed
FIR202504188,FIR/4188/2025,PS0190,Bidar,2025-11-12 22:35,2025-11-13 07:35,NDPS,Drug Trafficking,NDPS Act Sec 20(b),17.728699,77.578158,P007968,P002310,P006729,PI Ramesh Gowda,Chargesheeted
FIR202504185,FIR/4185/2025,PS0183,Bidar,2025-11-12 21:57,2025-11-13 09:57,Murder,Gang Conflict,BNS 103(1),17.772398,77.386428,P004131,P001794,P003361,PI Lakshmi Devi,Under Investigation
FIR202504187,FIR/4187/2025,PS0165,Bidar,2025-11-12 22:32,2025-11-13 10:32,Theft,Snatching,BNS 303(2),18.047199,77.447608,P004180,P008643,P002085,PI Harish Naik,Chargesheeted
FIR202504182,FIR/4182/2025,PS0163,Bidar,2025-11-12 17:42,2025-11-13 19:42,Murder,Personal Enmity,BNS 103(1),17.945342,77.575238,P003981,P008316,P005425,PI Naveen Patil,Untraced
FIR202504200,FIR/4200/2025,PS0210,Chamarajanagar,2025-11-13 13:08,2025-11-13 20:08,Robbery,Highway Robbery,BNS 309(4),12.015255,76.792226,P008011,P006881,"P009181, P002979",SI Prakash Sharma,Under Investigation
FIR202504196,FIR/4196/2025,PS0169,Bidar,2025-11-13 10:16,2025-11-13 20:16,Robbery,Chain Snatching with Force,BNS 309(4),18.013266,77.717021,P000937,P009915,P006229,SI Ganesh Rao,Under Investigation
FIR202504197,FIR/4197/2025,PS0004,Bagalkote,2025-11-13 12:11,2025-11-13 21:11,Fraud,Corporate Fraud,BNS 318(4),16.019621,75.688292,P002234,P000605,P005044,PI Ramesh Gowda,Under Investigation
FIR202504174,FIR/4174/2025,PS0166,Bidar,2025-11-12 09:39,2025-11-13 21:39,Dacoity,Bank Dacoity,BNS 310(2),17.816966,77.485674,P002864,P007737,P005253,PI Chetan Kumar,Chargesheeted
FIR202504202,FIR/4202/2025,PS0198,Chamarajanagar,2025-11-13 15:24,2025-11-13 22:24,POCSO,Harassment,"POCSO Act Sec 4, BNS 64",11.856239,77.061404,P004047,P006288,P003859,SI Divya Hegde,Chargesheeted
FIR202504198,FIR/4198/2025,PS0174,Bidar,2025-11-13 12:15,2025-11-14 00:15,Vehicle Theft,Car Theft,BNS 303(2),17.867602,77.5763,P004856,P004823,P004589,PI Suresh Kulkarni,Chargesheeted
FIR202504181,FIR/4181/2025,PS0087,Bengaluru Rural,2025-11-12 16:45,2025-11-14 01:45,NDPS,Drug Trafficking,NDPS Act Sec 20(b),13.125682,77.519714,P009757,P000690,P001202,SI Prakash Sharma,Chargesheeted
FIR202504204,FIR/4204/2025,PS0189,Bidar,2025-11-13 19:57,2025-11-14 01:57,Assault,Simple Assault,"BNS 115(2), BNS 117(2)",17.907143,77.385627,P002865,P005121,P008454,PI Suresh Kulkarni,Untraced
FIR202504190,FIR/4190/2025,PS0237,Chikkaballapura,2025-11-12 23:51,2025-11-14 04:51,Fraud,Cheating,BNS 318(4),13.359249,77.665818,P006110,P002117,P000598,SI Ravi Kumar,Chargesheeted
FIR202504152,FIR/4152/2025,PS0009,Bagalkote,2025-11-11 02:21,2025-11-14 05:21,Dacoity,Bank Dacoity,BNS 310(2),16.06431,75.761758,P004318,P009525,"P002347, P006682",PI Suresh Kulkarni,Chargesheeted
FIR202504192,FIR/4192/2025,PS0154,Bidar,2025-11-13 02:55,2025-11-14 05:55,Murder,Dowry Homicide,BNS 103(1),17.886156,77.423594,P002281,P007224,P006900,SI Mahesh Bhat,Chargesheeted
FIR202504184,FIR/4184/2025,PS0026,Ballari,2025-11-12 21:54,2025-11-14 06:54,Robbery,Highway Robbery,BNS 309(4),15.218638,76.978604,P009954,P007751,P000106,PI Harish Naik,Chargesheeted
FIR202504208,FIR/4208/2025,PS0230,Chamarajanagar,2025-11-14 05:10,2025-11-14 07:10,Burglary,Day Burglary,"BNS 331(3), BNS 331(4)",11.736886,77.059187,P001974,P001964,P001013,PI Lakshmi Devi,Chargesheeted
FIR202504121,FIR/4121/2025,PS0021,Bagalkote,2025-11-09 03:26,2025-11-14 07:26,Burglary,Night House Breaking,"BNS 331(3), BNS 331(4)",15.978755,75.540776,P008935,P008899,P006993,PI Harish Naik,Chargesheeted
FIR202504170,FIR/4170/2025,PS0180,Bidar,2025-11-12 04:01,2025-11-14 08:01,Dacoity,Armed Dacoity,BNS 310(2),18.056048,77.399059,P004670,P004026,P001513,SI Ganesh Rao,Under Investigation
FIR202504211,FIR/4211/2025,PS0166,Bidar,2025-11-14 07:31,2025-11-14 10:31,Dacoity,Armed Dacoity,BNS 310(2),17.806259,77.480167,P005079,P000661,P002748,SI Ravi Kumar,Chargesheeted
FIR202504172,FIR/4172/2025,PS0002,Bagalkote,2025-11-12 06:40,2025-11-14 10:40,Theft,Pocket Pick,BNS 303(2),16.120369,75.522188,P004829,P006626,P002015,SI Divya Hegde,Closed
FIR202504154,FIR/4154/2025,PS0249,Chikkaballapura,2025-11-11 04:20,2025-11-14 11:20,Fraud,Cheating,BNS 318(4),13.482431,77.549151,P000515,P001515,P002835,PI Ramesh Gowda,Chargesheeted
FIR202504209,FIR/4209/2025,PS0239,Chikkaballapura,2025-11-14 05:23,2025-11-14 12:23,Cyber Crime,Identity Theft,"IT Act 66D, BNS 318(4)",13.445771,77.655957,P004749,P000185,P004197,SI Prakash Sharma,Under Investigation
FIR202504169,FIR/4169/2025,PS0149,Bengaluru Urban,2025-11-12 02:29,2025-11-14 13:29,Cyber Crime,Identity Theft,"IT Act 66D, BNS 318(4)",13.091656,77.478248,P003069,P000948,"P007291, P004928",SI Ravi Kumar,Under Investigation
FIR202504155,FIR/4155/2025,PS0002,Bagalkote,2025-11-11 04:50,2025-11-14 13:50,Theft,Pocket Pick,BNS 303(2),16.111971,75.495228,P003537,P009199,P002475,PI Ramesh Gowda,Chargesheeted
FIR202504199,FIR/4199/2025,PS0199,Chamarajanagar,2025-11-13 12:52,2025-11-14 19:52,Assault,Public Affray,"BNS 115(2), BNS 117(2)",11.861902,77.031393,P008399,P000124,P003688,PI Naveen Patil,Under Investigation
FIR202504218,FIR/4218/2025,PS0020,Bagalkote,2025-11-14 19:12,2025-11-14 20:12,Fraud,Cheating,BNS 318(4),16.254203,75.597534,P003605,P008528,P004109,PI Harish Naik,Chargesheeted
FIR202504195,FIR/4195/2025,PS0159,Bidar,2025-11-13 09:31,2025-11-14 21:31,NDPS,Possession of Narcotics,NDPS Act Sec 20(b),18.063599,77.476243,P006100,P004568,P007331,SI Ravi Kumar,Under Investigation
FIR202504177,FIR/4177/2025,PS0137,Bengaluru Urban,2025-11-12 12:52,2025-11-14 21:52,Robbery,Highway Robbery,BNS 309(4),12.883718,77.736197,P000341,P000106,P002755,PI Lakshmi Devi,Under Investigation
FIR202504149,FIR/4149/2025,PS0021,Bagalkote,2025-11-10 23:01,2025-11-15 00:01,Burglary,Night House Breaking,"BNS 331(3), BNS 331(4)",15.991819,75.513541,P006462,P003288,P005991,PI Harish Naik,Chargesheeted
FIR202504219,FIR/4219/2025,PS0044,Ballari,2025-11-14 20:37,2025-11-15 00:37,Fraud,Corporate Fraud,BNS 318(4),15.316504,76.92602,P008598,P008726,P001818,PI Naveen Patil,Chargesheeted
FIR202504216,FIR/4216/2025,PS0047,Belagavi,2025-11-14 18:18,2025-11-15 01:18,Burglary,Day Burglary,"BNS 331(3), BNS 331(4)",15.978191,74.547919,P005548,P001300,P006626,PI Naveen Patil,Untraced
FIR202504217,FIR/4217/2025,PS0185,Bidar,2025-11-14 18:47,2025-11-15 01:47,Theft,House Theft,BNS 303(2),17.89335,77.514604,P003384,P007787,P003353,PI Lakshmi Devi,Under Investigation
FIR202504220,FIR/4220/2025,PS0177,Bidar,2025-11-14 23:01,2025-11-15 03:01,Fraud,Cheating,BNS 318(4),18.045602,77.334585,P007692,P008107,P000928,SI Mahesh Bhat,Chargesheeted
FIR202504207,FIR/4207/2025,PS0065,Belagavi,2025-11-14 02:37,2025-11-15 03:37,Fraud,Cheating,BNS 318(4),15.761321,74.419276,P003050,P000794,P006038,PI Ramesh Gowda,Under Investigation
FIR202504215,FIR/4215/2025,PS0174,Bidar,2025-11-14 18:08,2025-11-15 05:08,Fraud,Corporate Fraud,BNS 318(4),17.871819,77.57451,P001643,P008570,P000975,SI Prakash Sharma,Chargesheeted
FIR202504194,FIR/4194/2025,PS0193,Chamarajanagar,2025-11-13 08:17,2025-11-15 10:17,Vehicle Theft,Two-Wheeler Theft,BNS 303(2),11.980504,76.875433,P009034,P000265,P000985,SI Ganesh Rao,Under Investigation
FIR202504206,FIR/4206/2025,PS0011,Bagalkote,2025-11-13 22:26,2025-11-15 10:26,Burglary,Day Burglary,"BNS 331(3), BNS 331(4)",16.156902,75.649918,P004627,P005023,P001158,PI Lakshmi Devi,Under Investigation
FIR202504165,FIR/4165/2025,PS0037,Ballari,2025-11-11 22:43,2025-11-15 10:43,Assault,Grievous Hurt,"BNS 115(2), BNS 117(2)",15.065887,77.048588,P008192,P009302,P005571,SI Divya Hegde,Under Investigation
FIR202504223,FIR/4223/2025,PS0250,Chikkaballapura,2025-11-15 04:09,2025-11-15 13:09,Cyber Crime,Financial Fraud,"IT Act 66D, BNS 318(4)",13.553727,77.802036,P006848,P000495,P004279,SI Ganesh Rao,Chargesheeted
FIR202504193,FIR/4193/2025,PS0108,Bengaluru Rural,2025-11-13 04:22,2025-11-15 13:22,Theft,Snatching,BNS 303(2),13.203389,77.445835,P002346,P008200,P000928,PI Naveen Patil,Chargesheeted
FIR202504230,FIR/4230/2025,PS0037,Ballari,2025-11-15 11:18,2025-11-15 14:18,Assault,Grievous Hurt,"BNS 115(2), BNS 117(2)",15.090494,77.069104,P001398,P008308,P005123,SI Prakash Sharma,Under Investigation
FIR202504228,FIR/4228/2025,PS0178,Bidar,2025-11-15 09:37,2025-11-15 14:37,Fraud,Cheating,BNS 318(4),17.877777,77.490844,P009337,P001865,P007085,PI Chetan Kumar,Closed
FIR202504213,FIR/4213/2025,PS0182,Bidar,2025-11-14 13:57,2025-11-15 16:57,NDPS,Drug Trafficking,NDPS Act Sec 20(b),17.917739,77.667425,P008825,P008740,P004633,PI Suresh Kulkarni,Chargesheeted
FIR202504229,FIR/4229/2025,PS0007,Bagalkote,2025-11-15 10:53,2025-11-15 17:53,POCSO,Sexual Assault on Minor,"POCSO Act Sec 4, BNS 64",16.067831,75.612552,P006008,P003389,P001777,SI Ravi Kumar,Chargesheeted
FIR202504201,FIR/4201/2025,PS0044,Ballari,2025-11-13 15:13,2025-11-15 18:13,Theft,Pocket Pick,BNS 303(2),15.308432,76.924132,P004011,P000040,P007037,SI Mahesh Bhat,Untraced
FIR202504240,FIR/4240/2025,PS0059,Belagavi,2025-11-15 22:06,2025-11-16 01:06,Theft,House Theft,BNS 303(2),15.823683,74.529217,P001996,P001362,P005799,SI Ganesh Rao,Untraced
FIR202504237,FIR/4237/2025,PS0165,Bidar,2025-11-15 19:18,2025-11-16 01:18,Assault,Grievous Hurt,"BNS 115(2), BNS 117(2)",18.030809,77.442735,P000249,P001154,P007227,PI Harish Naik,Chargesheeted
FIR202504179,FIR/4179/2025,PS0121,Bengaluru Urban,2025-11-12 14:39,2025-11-16 01:39,Theft,House Theft,BNS 303(2),13.065548,77.517598,P000463,P004500,P005937,SI Ravi Kumar,Under Investigation
FIR202504222,FIR/4222/2025,PS0170,Bidar,2025-11-15 02:31,2025-11-16 04:31,POCSO,Sexual Assault on Minor,"POCSO Act Sec 4, BNS 64",17.892213,77.36525,P003750,P007889,P005366,SI Prakash Sharma,Under Investigation
FIR202504243,FIR/4243/2025,PS0210,Chamarajanagar,2025-11-16 00:45,2025-11-16 04:45,Assault,Simple Assault,"BNS 115(2), BNS 117(2)",12.004184,76.818789,P004075,P001278,P009298,SI Divya Hegde,Untraced
FIR202504191,FIR/4191/2025,PS0051,Belagavi,2025-11-13 02:47,2025-11-16 04:47,Burglary,Day Burglary,"BNS 331(3), BNS 331(4)",15.993893,74.532117,P002883,P008035,P006713,PI Suresh Kulkarni,Chargesheeted
FIR202504239,FIR/4239/2025,PS0170,Bidar,2025-11-15 20:04,2025-11-16 07:04,Assault,Public Affray,"BNS 115(2), BNS 117(2)",17.908118,77.371425,P008416,P006059,P000745,SI Mahesh Bhat,Under Investigation
FIR202504150,FIR/4150/2025,PS0120,Bengaluru Urban,2025-11-11 00:16,2025-11-16 07:16,Cyber Crime,Financial Fraud,"IT Act 66D, BNS 318(4)",13.13809,77.409624,P003024,P007423,P005459,PI Chetan Kumar,Under Investigation
FIR202504247,FIR/4247/2025,PS0164,Bidar,2025-11-16 02:26,2025-11-16 08:26,Cyber Crime,Financial Fraud,"IT Act 66D, BNS 318(4)",17.950872,77.451394,P004692,P003065,P008338,PI Chetan Kumar,Under Investigation
FIR202504242,FIR/4242/2025,PS0060,Belagavi,2025-11-16 00:18,2025-11-16 09:18,Burglary,Day Burglary,"BNS 331(3), BNS 331(4)",16.028931,74.540092,P009175,P007674,P001800,PI Naveen Patil,Chargesheeted
FIR202504241,FIR/4241/2025,PS0008,Bagalkote,2025-11-15 22:54,2025-11-16 09:54,Fraud,Corporate Fraud,BNS 318(4),16.278458,75.525252,P009857,P006523,P007765,PI Suresh Kulkarni,Chargesheeted
FIR202504224,FIR/4224/2025,PS0210,Chamarajanagar,2025-11-15 04:27,2025-11-16 11:27,Dacoity,Armed Dacoity,BNS 310(2),11.985445,76.802221,P000033,P009469,P001752,PI Lakshmi Devi,Under Investigation
FIR202504246,FIR/4246/2025,PS0043,Ballari,2025-11-16 02:09,2025-11-16 12:09,Murder,Personal Enmity,BNS 103(1),14.9747,76.976238,P005059,P000443,P007202,SI Mahesh Bhat,Chargesheeted
FIR202504227,FIR/4227/2025,PS0181,Bidar,2025-11-15 08:24,2025-11-16 14:24,Assault,Simple Assault,"BNS 115(2), BNS 117(2)",18.021131,77.427664,P008835,P003015,P003269,PI Lakshmi Devi,Chargesheeted
FIR202504225,FIR/4225/2025,PS0202,Chamarajanagar,2025-11-15 04:59,2025-11-16 14:59,Vehicle Theft,Two-Wheeler Theft,BNS 303(2),11.921162,76.868939,P009205,P005413,P002302,PI Ramesh Gowda,Closed
FIR202504231,FIR/4231/2025,PS0186,Bidar,2025-11-15 12:34,2025-11-16 15:34,Assault,Grievous Hurt,"BNS 115(2), BNS 117(2)",17.743679,77.494001,P002398,P004714,P001619,PI Ramesh Gowda,Under Investigation
FIR202504251,FIR/4251/2025,PS0136,Bengaluru Urban,2025-11-16 11:40,2025-11-16 16:40,Cyber Crime,Phishing,"IT Act 66D, BNS 318(4)",12.812236,77.618506,P009143,P006548,P006159,SI Ravi Kumar,Closed
FIR202504252,FIR/4252/2025,PS0158,Bidar,2025-11-16 14:52,2025-11-16 19:52,Assault,Grievous Hurt,"BNS 115(2), BNS 117(2)",17.929214,77.504471,P004063,P009987,P003848,SI Ravi Kumar,Chargesheeted
FIR202504256,FIR/4256/2025,PS0059,Belagavi,2025-11-16 20:14,2025-11-16 21:14,POCSO,Harassment,"POCSO Act Sec 4, BNS 64",15.796124,74.527459,P001393,P009515,P002360,SI Ravi Kumar,Under Investigation
FIR202504212,FIR/4212/2025,PS0175,Bidar,2025-11-14 13:29,2025-11-16 22:29,Burglary,Night House Breaking,"BNS 331(3), BNS 331(4)",17.999275,77.443937,P009321,P001671,P002873,SI Mahesh Bhat,Under Investigation
FIR202504258,FIR/4258/2025,PS0012,Bagalkote,2025-11-16 21:34,2025-11-16 22:34,Cyber Crime,Financial Fraud,"IT Act 66D, BNS 318(4)",16.255593,75.805877,P007176,P004850,P008168,SI Mahesh Bhat,Chargesheeted
FIR202504254,FIR/4254/2025,PS0171,Bidar,2025-11-16 16:20,2025-11-17 04:20,Dacoity,Bank Dacoity,BNS 310(2),17.77863,77.552241,P001216,P005777,P001861,SI Mahesh Bhat,Chargesheeted
FIR202504245,FIR/4245/2025,PS0072,Bengaluru Rural,2025-11-16 01:06,2025-11-17 05:06,Cyber Crime,Financial Fraud,"IT Act 66D, BNS 318(4)",13.284488,77.641673,P007647,P006924,P000904,PI Naveen Patil,Chargesheeted
FIR202504260,FIR/4260/2025,PS0003,Bagalkote,2025-11-16 23:14,2025-11-17 08:14,Theft,Pocket Pick,BNS 303(2),16.335669,75.89244,P007058,P003594,P004294,PI Harish Naik,Chargesheeted
FIR202504262,FIR/4262/2025,PS0169,Bidar,2025-11-17 03:16,2025-11-17 10:16,Dacoity,Bank Dacoity,BNS 310(2),17.987471,77.717024,P005432,P001448,"P001673, P001714",SI Divya Hegde,Under Investigation
FIR202504221,FIR/4221/2025,PS0188,Bidar,2025-11-14 23:30,2025-11-17 10:30,Fraud,Cheating,BNS 318(4),17.959183,77.702339,P002680,P009228,P005101,SI Prakash Sharma,Under Investigation
FIR202504249,FIR/4249/2025,PS0207,Chamarajanagar,2025-11-16 06:28,2025-11-17 17:28,Assault,Public Affray,"BNS 115(2), BNS 117(2)",12.078967,77.115915,P004579,P002657,P002406,PI Naveen Patil,Chargesheeted
FIR202504269,FIR/4269/2025,PS0201,Chamarajanagar,2025-11-17 15:22,2025-11-17 18:22,Theft,House Theft,BNS 303(2),12.012722,76.850175,P006775,P005595,P003586,PI Ramesh Gowda,Untraced
FIR202504210,FIR/4210/2025,PS0051,Belagavi,2025-11-14 06:22,2025-11-17 18:22,Theft,Pocket Pick,BNS 303(2),15.992863,74.535565,P002866,P007124,P000030,SI Ganesh Rao,Under Investigation
FIR202504255,FIR/4255/2025,PS0187,Bidar,2025-11-16 18:53,2025-11-17 19:53,Cyber Crime,Phishing,"IT Act 66D, BNS 318(4)",17.972566,77.730607,P008966,P000834,P003666,PI Chetan Kumar,Chargesheeted
FIR202504266,FIR/4266/2025,PS0151,Bengaluru Urban,2025-11-17 14:44,2025-11-17 20:44,Cyber Crime,Financial Fraud,"IT Act 66D, BNS 318(4)",12.871539,77.479848,P006080,P002225,P008920,PI Naveen Patil,Chargesheeted
FIR202504273,FIR/4273/2025,PS0075,Bengaluru Rural,2025-11-17 22:16,2025-11-17 23:16,NDPS,Possession of Narcotics,NDPS Act Sec 20(b),13.200889,77.504432,P003391,P002214,P005755,PI Lakshmi Devi,Untraced
FIR202504214,FIR/4214/2025,PS0201,Chamarajanagar,2025-11-14 16:39,2025-11-17 23:39,NDPS,Possession of Narcotics,NDPS Act Sec 20(b),12.003353,76.823909,P002321,P003368,P003505,SI Mahesh Bhat,Chargesheeted
FIR202504267,FIR/4267/2025,PS0018,Bagalkote,2025-11-17 14:56,2025-11-17 23:56,Cyber Crime,Financial Fraud,"IT Act 66D, BNS 318(4)",16.215978,75.783724,P000167,P006245,P007708,PI Lakshmi Devi,Chargesheeted
FIR202504271,FIR/4271/2025,PS0089,Bengaluru Rural,2025-11-17 20:00,2025-11-18 00:00,Burglary,Day Burglary,"BNS 331(3), BNS 331(4)",13.370416,77.591798,P003561,P004181,P009231,PI Lakshmi Devi,Chargesheeted
FIR202504274,FIR/4274/2025,PS0227,Chamarajanagar,2025-11-17 23:11,2025-11-18 00:11,Robbery,Highway Robbery,BNS 309(4),11.897828,76.907601,P004097,P003813,P009515,SI Divya Hegde,Chargesheeted
FIR202504233,FIR/4233/2025,PS0157,Bidar,2025-11-15 14:58,2025-11-18 00:58,Theft,Pocket Pick,BNS 303(2),17.802447,77.578195,P007471,P001280,P006953,PI Naveen Patil,Under Investigation
FIR202504205,FIR/4205/2025,PS0017,Bagalkote,2025-11-13 20:20,2025-11-18 01:20,NDPS,Possession of Narcotics,NDPS Act Sec 20(b),16.264143,75.554095,P002985,P007620,P000343,PI Naveen Patil,Chargesheeted
FIR202504275,FIR/4275/2025,PS0143,Bengaluru Urban,2025-11-18 00:11,2025-11-18 03:11,Assault,Public Affray,"BNS 115(2), BNS 117(2)",12.805887,77.418987,P009670,P004567,"P001385, P000982",SI Prakash Sharma,Chargesheeted
FIR202504238,FIR/4238/2025,PS0057,Belagavi,2025-11-15 19:26,2025-11-18 04:26,NDPS,Drug Trafficking,NDPS Act Sec 20(b),15.671893,74.39498,P004324,P007857,P002229,SI Ganesh Rao,Under Investigation
FIR202504279,FIR/4279/2025,PS0178,Bidar,2025-11-18 01:58,2025-11-18 05:58,Assault,Public Affray,"BNS 115(2), BNS 117(2)",17.899402,77.477272,P000170,P004888,P008092,SI Mahesh Bhat,Under Investigation
FIR202504282,FIR/4282/2025,PS0227,Chamarajanagar,2025-11-18 04:30,2025-11-18 09:30,Fraud,Cheating,BNS 318(4),11.907889,76.921353,P000919,P000451,P000549,SI Prakash Sharma,Chargesheeted
FIR202504286,FIR/4286/2025,PS0175,Bidar,2025-11-18 05:59,2025-11-18 09:59,Fraud,Cheating,BNS 318(4),18.024152,77.437511,P000912,P003022,P009510,PI Lakshmi Devi,Under Investigation
FIR202504281,FIR/4281/2025,PS0003,Bagalkote,2025-11-18 02:34,2025-11-18 13:34,Vehicle Theft,Two-Wheeler Theft,BNS 303(2),16.315879,75.887841,P008770,P003875,P008663,PI Harish Naik,Under Investigation
FIR202504278,FIR/4278/2025,PS0188,Bidar,2025-11-18 01:37,2025-11-18 13:37,Cyber Crime,Phishing,"IT Act 66D, BNS 318(4)",17.945303,77.718026,P000016,P009415,P005393,SI Ravi Kumar,Chargesheeted
FIR202504284,FIR/4284/2025,PS0187,Bidar,2025-11-18 05:17,2025-11-18 14:17,Assault,Grievous Hurt,"BNS 115(2), BNS 117(2)",17.954236,77.722697,P003007,P008870,P003034,SI Ravi Kumar,Chargesheeted
FIR202504264,FIR/4264/2025,PS0171,Bidar,2025-11-17 08:15,2025-11-18 15:15,Robbery,Chain Snatching with Force,BNS 309(4),17.753798,77.563079,P005142,P004528,"P000227, P008704",PI Ramesh Gowda,Under Investigation
FIR202504294,FIR/4294/2025,PS0188,Bidar,2025-11-18 14:36,2025-11-18 15:36,Theft,Pocket Pick,BNS 303(2),17.930329,77.709869,P008527,P006924,P006111,PI Suresh Kulkarni,Chargesheeted
FIR202504290,FIR/4290/2025,PS0211,Chamarajanagar,2025-11-18 08:53,2025-11-18 15:53,Dacoity,Bank Dacoity,BNS 310(2),11.822638,77.069931,P000839,P004658,"P008691, P002068",SI Ganesh Rao,Untraced
FIR202504234,FIR/4234/2025,PS0018,Bagalkote,2025-11-15 15:32,2025-11-18 17:32,Theft,Snatching,BNS 303(2),16.180576,75.783974,P004554,P002201,P002855,PI Lakshmi Devi,Chargesheeted
FIR202504226,FIR/4226/2025,PS0155,Bidar,2025-11-15 08:24,2025-11-18 19:24,Cyber Crime,Identity Theft,"IT Act 66D, BNS 318(4)",17.969656,77.322311,P009953,P006551,P009649,SI Mahesh Bhat,Chargesheeted
FIR202504289,FIR/4289/2025,PS0047,Belagavi,2025-11-18 08:38,2025-11-18 19:38,Theft,Pocket Pick,BNS 303(2),15.963177,74.536859,P003878,P000845,P006594,PI Suresh Kulkarni,Under Investigation
FIR202504203,FIR/4203/2025,PS0225,Chamarajanagar,2025-11-13 19:00,2025-11-18 20:00,Cyber Crime,Phishing,"IT Act 66D, BNS 318(4)",12.025916,76.784707,P008245,P000748,P005678,PI Naveen Patil,Chargesheeted
FIR202504235,FIR/4235/2025,PS0176,Bidar,2025-11-15 17:49,2025-11-18 20:49,Cyber Crime,Financial Fraud,"IT Act 66D, BNS 318(4)",17.77903,77.529349,P007350,P006014,P002556,PI Suresh Kulkarni,Under Investigation
FIR202504295,FIR/4295/2025,PS0223,Chamarajanagar,2025-11-18 16:00,2025-11-18 21:00,Murder,Personal Enmity,BNS 103(1),11.87662,76.790247,P006609,P006784,P000244,SI Mahesh Bhat,Chargesheeted
FIR202504292,FIR/4292/2025,PS0167,Bidar,2025-11-18 09:48,2025-11-18 21:48,Fraud,Cheating,BNS 318(4),18.043416,77.446618,P001695,P004052,P001444,SI Mahesh Bhat,Under Investigation
FIR202504272,FIR/4272/2025,PS0205,Chamarajanagar,2025-11-17 20:49,2025-11-18 21:49,Murder,Personal Enmity,BNS 103(1),11.938362,76.771366,P005671,P003738,P001273,PI Harish Naik,Under Investigation
FIR202504299,FIR/4299/2025,PS0171,Bidar,2025-11-18 20:17,2025-11-18 23:17,Fraud,Corporate Fraud,BNS 318(4),17.767156,77.58383,P003399,P002526,P009358,SI Prakash Sharma,Chargesheeted
FIR202504303,FIR/4303/2025,PS0173,Bidar,2025-11-18 22:46,2025-11-18 23:46,Theft,Pocket Pick,BNS 303(2),17.743815,77.595582,P006334,P003719,P003544,SI Divya Hegde,Closed
FIR202504236,FIR/4236/2025,PS0156,Bidar,2025-11-15 17:53,2025-11-18 23:53,Fraud,Cheating,BNS 318(4),17.990884,77.480839,P007283,P003630,P007153,SI Mahesh Bhat,Under Investigation
FIR202504276,FIR/4276/2025,PS0158,Bidar,2025-11-18 00:16,2025-11-19 01:16,Murder,Personal Enmity,BNS 103(1),17.908149,77.497195,P004430,P008352,P004644,PI Harish Naik,Under Investigation
FIR202504297,FIR/4297/2025,PS0196,Chamarajanagar,2025-11-18 19:17,2025-11-19 01:17,Theft,Pocket Pick,BNS 303(2),12.009715,76.9459,P002316,P007247,P001411,SI Prakash Sharma,Chargesheeted
FIR202504244,FIR/4244/2025,PS0223,Chamarajanagar,2025-11-16 01:04,2025-11-19 03:04,Dacoity,Bank Dacoity,BNS 310(2),11.844488,76.789783,P009953,P003032,P000715,PI Chetan Kumar,Untraced
FIR202504305,FIR/4305/2025,PS0164,Bidar,2025-11-19 02:52,2025-11-19 03:52,Fraud,Cheating,BNS 318(4),17.959438,77.474261,P003723,P007835,P006241,PI Ramesh Gowda,Under Investigation
FIR202504248,FIR/4248/2025,PS0180,Bidar,2025-11-16 03:13,2025-11-19 04:13,Assault,Public Affray,"BNS 115(2), BNS 117(2)",18.051387,77.429639,P009330,P000382,P003082,PI Suresh Kulkarni,Chargesheeted
FIR202504257,FIR/4257/2025,PS0222,Chamarajanagar,2025-11-16 21:09,2025-11-19 06:09,Dacoity,Bank Dacoity,BNS 310(2),11.907541,76.74741,P006976,P008044,P002787,PI Harish Naik,Untraced
FIR202504300,FIR/4300/2025,PS0216,Chamarajanagar,2025-11-18 20:39,2025-11-19 08:39,Vehicle Theft,Car Theft,BNS 303(2),11.739825,76.948039,P009507,P000840,P008527,SI Ravi Kumar,Chargesheeted
FIR202504291,FIR/4291/2025,PS0164,Bidar,2025-11-18 09:00,2025-11-19 10:00,Fraud,Land Scam,BNS 318(4),17.942112,77.474408,P008145,P004667,P006824,PI Harish Naik,Under Investigation
FIR202504306,FIR/4306/2025,PS0171,Bidar,2025-11-19 04:03,2025-11-19 11:03,Fraud,Cheating,BNS 318(4),17.788838,77.564249,P003078,P003966,P008587,PI Suresh Kulkarni,Chargesheeted
FIR202504261,FIR/4261/2025,PS0180,Bidar,2025-11-17 00:43,2025-11-19 11:43,Murder,Gang Conflict,BNS 103(1),18.035952,77.411884,P006596,P004295,P001779,SI Prakash Sharma,Under Investigation
FIR202504310,FIR/4310/2025,PS0172,Bidar,2025-11-19 09:30,2025-11-19 13:30,Fraud,Cheating,BNS 318(4),17.943973,77.47897,P002142,P005140,P002202,PI Lakshmi Devi,Chargesheeted
FIR202504285,FIR/4285/2025,PS0186,Bidar,2025-11-18 05:41,2025-11-19 14:41,Fraud,Land Scam,BNS 318(4),17.724461,77.490382,P004550,P005538,P001348,PI Suresh Kulkarni,Chargesheeted
FIR202504314,FIR/4314/2025,PS0064,Belagavi,2025-11-19 11:45,2025-11-19 15:45,Theft,House Theft,BNS 303(2),15.923353,74.31209,P003689,P007195,P000586,SI Divya Hegde,Chargesheeted
FIR202504250,FIR/4250/2025,PS0022,Bagalkote,2025-11-16 08:28,2025-11-19 16:28,Theft,Snatching,BNS 303(2),16.266218,75.610398,P003756,P002605,P008212,PI Naveen Patil,Under Investigation
FIR202504319,FIR/4319/2025,PS0030,Ballari,2025-11-19 17:03,2025-11-19 18:03,Theft,House Theft,BNS 303(2),15.210681,76.827246,P008076,P007111,P005388,SI Divya Hegde,Chargesheeted
FIR202504318,FIR/4318/2025,PS0006,Bagalkote,2025-11-19 15:48,2025-11-19 18:48,Fraud,Cheating,BNS 318(4),16.364722,75.740469,P007900,P004859,P005657,PI Suresh Kulkarni,Chargesheeted
FIR202504315,FIR/4315/2025,PS0181,Bidar,2025-11-19 13:32,2025-11-19 21:32,Cyber Crime,Financial Fraud,"IT Act 66D, BNS 318(4)",17.993559,77.422907,P005972,P000565,P003359,PI Naveen Patil,Chargesheeted
FIR202504312,FIR/4312/2025,PS0225,Chamarajanagar,2025-11-19 10:33,2025-11-19 22:33,Theft,House Theft,BNS 303(2),11.999899,76.758431,P005129,P004604,P002185,SI Ganesh Rao,Under Investigation
FIR202504326,FIR/4326/2025,PS0013,Bagalkote,2025-11-19 20:42,2025-11-19 22:42,Fraud,Land Scam,BNS 318(4),16.142068,75.676594,P003683,P003758,P006942,PI Lakshmi Devi,Chargesheeted
FIR202504317,FIR/4317/2025,PS0050,Belagavi,2025-11-19 15:19,2025-11-19 23:19,Dacoity,Armed Dacoity,BNS 310(2),15.703967,74.321279,P002076,P001583,P000448,PI Lakshmi Devi,Untraced
FIR202504259,FIR/4259/2025,PS0206,Chamarajanagar,2025-11-16 22:06,2025-11-20 00:06,Fraud,Corporate Fraud,BNS 318(4),11.854136,77.089198,P004431,P005823,"P008912, P002611",PI Lakshmi Devi,Chargesheeted
FIR202504293,FIR/4293/2025,PS0186,Bidar,2025-11-18 12:11,2025-11-20 00:11,Cyber Crime,Financial Fraud,"IT Act 66D, BNS 318(4)",17.74548,77.504855,P004637,P006221,P001495,PI Ramesh Gowda,Untraced
FIR202504253,FIR/4253/2025,PS0028,Ballari,2025-11-16 16:10,2025-11-20 01:10,Assault,Public Affray,"BNS 115(2), BNS 117(2)",15.038519,76.850818,P005642,P005865,P000204,SI Mahesh Bhat,Chargesheeted
FIR202504333,FIR/4333/2025,PS0187,Bidar,2025-11-20 00:39,2025-11-20 01:39,Cyber Crime,Financial Fraud,"IT Act 66D, BNS 318(4)",17.961008,77.718714,P001727,P005706,P000677,PI Chetan Kumar,Chargesheeted
FIR202504325,FIR/4325/2025,PS0174,Bidar,2025-11-19 20:30,2025-11-20 02:30,Dacoity,Bank Dacoity,BNS 310(2),17.887661,77.564754,P006374,P005986,"P004384, P003083",PI Harish Naik,Closed
FIR202504301,FIR/4301/2025,PS0174,Bidar,2025-11-18 22:31,2025-11-20 02:31,Cyber Crime,Financial Fraud,"IT Act 66D, BNS 318(4)",17.859474,77.568605,P007188,P007491,P003114,PI Naveen Patil,Chargesheeted
FIR202504296,FIR/4296/2025,PS0187,Bidar,2025-11-18 17:56,2025-11-20 05:56,Theft,Snatching,BNS 303(2),17.954939,77.707805,P007110,P005392,P003927,PI Chetan Kumar,Chargesheeted
FIR202504270,FIR/4270/2025,PS0064,Belagavi,2025-11-17 17:58,2025-11-20 05:58,Fraud,Cheating,BNS 318(4),15.927993,74.349016,P001900,P009315,P005939,PI Ramesh Gowda,Chargesheeted
FIR202504337,FIR/4337/2025,PS0174,Bidar,2025-11-20 03:40,2025-11-20 07:40,Murder,Gang Conflict,BNS 103(1),17.856667,77.55239,P005189,P009409,P008776,SI Ravi Kumar,Chargesheeted
FIR202504298,FIR/4298/2025,PS0110,Bengaluru Urban,2025-11-18 20:06,2025-11-20 08:06,Vehicle Theft,Two-Wheeler Theft,BNS 303(2),13.146581,77.651253,P009898,P000764,P006185,PI Ramesh Gowda,Chargesheeted
FIR202504330,FIR/4330/2025,PS0162,Bidar,2025-11-19 23:53,2025-11-20 09:53,Assault,Public Affray,"BNS 115(2), BNS 117(2)",18.001978,77.477933,P005332,P000661,P007438,PI Suresh Kulkarni,Under Investigation
FIR202504335,FIR/4335/2025,PS0065,Belagavi,2025-11-20 01:39,2025-11-20 10:39,Burglary,Day Burglary,"BNS 331(3), BNS 331(4)",15.735882,74.42534,P008051,P004049,P001336,SI Prakash Sharma,Under Investigation
FIR202504302,FIR/4302/2025,PS0169,Bidar,2025-11-18 22:43,2025-11-20 10:43,NDPS,Possession of Narcotics,NDPS Act Sec 20(b),18.00073,77.69841,P002038,P006542,"P003829, P009883",PI Suresh Kulkarni,Untraced
FIR202504331,FIR/4331/2025,PS0172,Bidar,2025-11-20 00:18,2025-11-20 11:18,Fraud,Cheating,BNS 318(4),17.943261,77.489069,P003528,P007837,P006930,PI Suresh Kulkarni,Chargesheeted
FIR202504263,FIR/4263/2025,PS0160,Bidar,2025-11-17 05:40,2025-11-20 11:40,Assault,Public Affray,"BNS 115(2), BNS 117(2)",17.864732,77.376892,P000280,P001616,P003842,SI Ravi Kumar,Under Investigation
FIR202504336,FIR/4336/2025,PS0137,Bengaluru Urban,2025-11-20 02:26,2025-11-20 12:26,Theft,Pocket Pick,BNS 303(2),12.880837,77.734099,P000169,P003671,P005678,PI Naveen Patil,Chargesheeted
FIR202504280,FIR/4280/2025,PS0114,Bengaluru Urban,2025-11-18 02:14,2025-11-20 13:14,Fraud,Cheating,BNS 318(4),12.968392,77.739266,P000667,P001910,"P002271, P004047",PI Lakshmi Devi,Chargesheeted
FIR202504313,FIR/4313/2025,PS0164,Bidar,2025-11-19 11:39,2025-11-20 13:39,Fraud,Corporate Fraud,BNS 318(4),17.953867,77.467229,P000886,P009869,P003850,SI Ganesh Rao,Chargesheeted
FIR202504288,FIR/4288/2025,PS0028,Ballari,2025-11-18 08:04,2025-11-20 14:04,Dacoity,Bank Dacoity,BNS 310(2),15.029377,76.84209,P003013,P006313,P007797,SI Mahesh Bhat,Under Investigation
FIR202504344,FIR/4344/2025,PS0228,Chamarajanagar,2025-11-20 10:26,2025-11-20 15:26,Robbery,Chain Snatching with Force,BNS 309(4),12.122503,77.130571,P005243,P003833,P002755,SI Mahesh Bhat,Chargesheeted
FIR202504265,FIR/4265/2025,PS0003,Bagalkote,2025-11-17 11:08,2025-11-20 17:08,Cyber Crime,Phishing,"IT Act 66D, BNS 318(4)",16.316503,75.878737,P006500,P006085,P001831,SI Ravi Kumar,Chargesheeted
FIR202504311,FIR/4311/2025,PS0160,Bidar,2025-11-19 09:32,2025-11-20 17:32,NDPS,Drug Trafficking,NDPS Act Sec 20(b),17.865204,77.346186,P008091,P008646,P003951,SI Divya Hegde,Chargesheeted
FIR202504354,FIR/4354/2025,PS0230,Chamarajanagar,2025-11-20 16:02,2025-11-20 18:02,Fraud,Cheating,BNS 318(4),11.74277,77.0415,P003802,P006740,P001615,SI Ravi Kumar,Chargesheeted
FIR202504320,FIR/4320/2025,PS0176,Bidar,2025-11-19 17:44,2025-11-20 18:44,Cyber Crime,Financial Fraud,"IT Act 66D, BNS 318(4)",17.755267,77.541676,P000052,P006614,P003127,PI Chetan Kumar,Chargesheeted
FIR202504357,FIR/4357/2025,PS0211,Chamarajanagar,2025-11-20 17:33,2025-11-20 20:33,Cyber Crime,Financial Fraud,"IT Act 66D, BNS 318(4)",11.822899,77.091021,P009548,P001972,P008969,SI Ganesh Rao,Chargesheeted
FIR202504348,FIR/4348/2025,PS0176,Bidar,2025-11-20 11:38,2025-11-20 21:38,Murder,Dowry Homicide,BNS 103(1),17.746443,77.54619,P009181,P006077,P004448,PI Naveen Patil,Under Investigation
FIR202504232,FIR/4232/2025,PS0065,Belagavi,2025-11-15 13:42,2025-11-20 22:42,Fraud,Cheating,BNS 318(4),15.741956,74.444972,P005400,P004936,P009790,PI Naveen Patil,Chargesheeted
FIR202504352,FIR/4352/2025,PS0166,Bidar,2025-11-20 15:14,2025-11-20 23:14,Murder,Personal Enmity,BNS 103(1),17.792278,77.498443,P003902,P004047,P007832,SI Mahesh Bhat,Untraced
FIR202504353,FIR/4353/2025,PS0012,Bagalkote,2025-11-20 15:52,2025-11-20 23:52,Cyber Crime,Financial Fraud,"IT Act 66D, BNS 318(4)",16.276793,75.803733,P005340,P006267,P001087,PI Suresh Kulkarni,Under Investigation
FIR202504268,FIR/4268/2025,PS0218,Chamarajanagar,2025-11-17 14:57,2025-11-20 23:57,Assault,Simple Assault,"BNS 115(2), BNS 117(2)",11.870689,77.027501,P009841,P000278,P001436,PI Harish Naik,Closed
FIR202504324,FIR/4324/2025,PS0015,Bagalkote,2025-11-19 19:59,2025-11-20 23:59,Assault,Grievous Hurt,"BNS 115(2), BNS 117(2)",16.064072,75.68514,P001382,P001783,P001075,SI Mahesh Bhat,Under Investigation
FIR202504358,FIR/4358/2025,PS0138,Bengaluru Urban,2025-11-20 19:03,2025-11-21 03:03,Cyber Crime,Financial Fraud,"IT Act 66D, BNS 318(4)",13.160862,77.438128,P004347,P003797,"P007733, P005406",PI Chetan Kumar,Untraced
FIR202504363,FIR/4363/2025,PS0172,Bidar,2025-11-20 23:41,2025-11-21 03:41,Theft,House Theft,BNS 303(2),17.964825,77.504664,P004156,P003195,P002355,SI Ganesh Rao,Closed
FIR202504322,FIR/4322/2025,PS0236,Chikkaballapura,2025-11-19 18:51,2025-11-21 04:51,Cyber Crime,Identity Theft,"IT Act 66D, BNS 318(4)",13.617801,77.924467,P003727,P001640,P000884,PI Chetan Kumar,Under Investigation
FIR202504361,FIR/4361/2025,PS0153,Bidar,2025-11-20 19:45,2025-11-21 05:45,Dacoity,Bank Dacoity,BNS 310(2),17.755625,77.354613,P007357,P000676,P007942,SI Ravi Kumar,Closed
FIR202504365,FIR/4365/2025,PS0190,Bidar,2025-11-21 00:36,2025-11-21 06:36,Fraud,Corporate Fraud,BNS 318(4),17.76255,77.56411,P005785,P002605,P008517,SI Ganesh Rao,Under Investigation
FIR202504329,FIR/4329/2025,PS0172,Bidar,2025-11-19 22:50,2025-11-21 07:50,Murder,Personal Enmity,BNS 103(1),17.968184,77.481998,P009972,P007195,P009265,SI Ravi Kumar,Chargesheeted
FIR202504338,FIR/4338/2025,PS0214,Chamarajanagar,2025-11-20 04:52,2025-11-21 07:52,Fraud,Cheating,BNS 318(4),11.923152,76.831473,P003451,P004450,P006888,PI Harish Naik,Closed
FIR202504334,FIR/4334/2025,PS0168,Bidar,2025-11-20 00:55,2025-11-21 08:55,NDPS,Possession of Narcotics,NDPS Act Sec 20(b),17.692871,77.682026,P008030,P009503,P002890,PI Chetan Kumar,Chargesheeted
FIR202504362,FIR/4362/2025,PS0174,Bidar,2025-11-20 21:39,2025-11-21 09:39,Burglary,Day Burglary,"BNS 331(3), BNS 331(4)",17.849557,77.564366,P005232,P006541,P002232,PI Lakshmi Devi,Untraced
FIR202504369,FIR/4369/2025,PS0201,Chamarajanagar,2025-11-21 05:44,2025-11-21 09:44,Burglary,Night House Breaking,"BNS 331(3), BNS 331(4)",11.980702,76.849933,P008711,P007005,P000984,SI Ganesh Rao,Under Investigation
FIR202504364,FIR/4364/2025,PS0185,Bidar,2025-11-20 23:58,2025-11-21 10:58,Cyber Crime,Identity Theft,"IT Act 66D, BNS 318(4)",17.866822,77.497774,P002458,P009543,P005282,PI Lakshmi Devi,Under Investigation
FIR202504309,FIR/4309/2025,PS0158,Bidar,2025-11-19 07:59,2025-11-21 10:59,Vehicle Theft,Two-Wheeler Theft,BNS 303(2),17.925782,77.517336,P006108,P003199,P005964,PI Suresh Kulkarni,Untraced
FIR202504277,FIR/4277/2025,PS0126,Bengaluru Urban,2025-11-18 01:01,2025-11-21 11:01,Fraud,Cheating,BNS 318(4),12.885936,77.572634,P000261,P008828,P000404,PI Suresh Kulkarni,Chargesheeted
FIR202504367,FIR/4367/2025,PS0194,Chamarajanagar,2025-11-21 01:34,2025-11-21 11:34,Fraud,Land Scam,BNS 318(4),11.80148,76.892349,P003826,P005305,P008965,SI Prakash Sharma,Chargesheeted
FIR202504368,FIR/4368/2025,PS0167,Bidar,2025-11-21 02:11,2025-11-21 13:11,Vehicle Theft,Car Theft,BNS 303(2),18.049158,77.443188,P002158,P002435,P003205,PI Chetan Kumar,Chargesheeted
FIR202504308,FIR/4308/2025,PS0157,Bidar,2025-11-19 04:16,2025-11-21 14:16,Cyber Crime,Phishing,"IT Act 66D, BNS 318(4)",17.807046,77.566286,P000655,P006718,P005403,PI Harish Naik,Chargesheeted
FIR202504287,FIR/4287/2025,PS0187,Bidar,2025-11-18 06:56,2025-11-21 14:56,Murder,Dowry Homicide,BNS 103(1),17.950414,77.693321,P009216,P008703,P003618,SI Prakash Sharma,Chargesheeted
FIR202504343,FIR/4343/2025,PS0160,Bidar,2025-11-20 10:24,2025-11-21 16:24,Cyber Crime,Financial Fraud,"IT Act 66D, BNS 318(4)",17.888301,77.365586,P008156,P003192,P002768,PI Harish Naik,Untraced
FIR202504371,FIR/4371/2025,PS0166,Bidar,2025-11-21 07:28,2025-11-21 16:28,NDPS,Possession of Narcotics,NDPS Act Sec 20(b),17.810912,77.49249,P008908,P005335,"P008307, P003770",PI Harish Naik,Untraced
FIR202504379,FIR/4379/2025,PS0159,Bidar,2025-11-21 15:11,2025-11-21 18:11,Assault,Simple Assault,"BNS 115(2), BNS 117(2)",18.075638,77.488883,P008128,P002573,"P000089, P004680",PI Lakshmi Devi,Under Investigation
FIR202504355,FIR/4355/2025,PS0202,Chamarajanagar,2025-11-20 16:28,2025-11-21 18:28,Robbery,Chain Snatching with Force,BNS 309(4),11.943599,76.856167,P009595,P004550,P004444,PI Lakshmi Devi,Chargesheeted
FIR202504385,FIR/4385/2025,PS0194,Chamarajanagar,2025-11-21 17:53,2025-11-21 18:53,Murder,Dowry Homicide,BNS 103(1),11.762746,76.877244,P001766,P007013,P007456,SI Divya Hegde,Under Investigation
FIR202504386,FIR/4386/2025,PS0228,Chamarajanagar,2025-11-21 21:10,2025-11-21 22:10,NDPS,Possession of Narcotics,NDPS Act Sec 20(b),12.122454,77.124074,P007106,P006498,P001196,PI Chetan Kumar,Closed
FIR202504327,FIR/4327/2025,PS0198,Chamarajanagar,2025-11-19 21:06,2025-11-21 23:06,Fraud,Cheating,BNS 318(4),11.831454,77.056848,P003835,P005465,P004968,SI Mahesh Bhat,Chargesheeted
FIR202504380,FIR/4380/2025,PS0168,Bidar,2025-11-21 15:45,2025-11-22 01:45,Murder,Gang Conflict,BNS 103(1),17.711946,77.682873,P009599,P003263,P009152,SI Ganesh Rao,Chargesheeted
FIR202504383,FIR/4383/2025,PS0240,Chikkaballapura,2025-11-21 16:53,2025-11-22 01:53,Assault,Grievous Hurt,"BNS 115(2), BNS 117(2)",13.37759,77.813108,P001654,P003376,P005918,PI Lakshmi Devi,Untraced
FIR202504382,FIR/4382/2025,PS0153,Bidar,2025-11-21 16:07,2025-11-22 03:07,Cyber Crime,Identity Theft,"IT Act 66D, BNS 318(4)",17.760862,77.349611,P008339,P002623,P006274,SI Divya Hegde,Chargesheeted
FIR202504389,FIR/4389/2025,PS0076,Bengaluru Rural,2025-11-22 01:56,2025-11-22 03:56,Theft,Snatching,BNS 303(2),13.313738,77.754181,P003944,P004597,P008131,SI Ravi Kumar,Closed
FIR202504366,FIR/4366/2025,PS0190,Bidar,2025-11-21 00:41,2025-11-22 04:41,Fraud,Cheating,BNS 318(4),17.7331,77.594285,P004358,P009739,P006926,SI Ravi Kumar,Under Investigation
FIR202504387,FIR/4387/2025,PS0193,Chamarajanagar,2025-11-22 00:00,2025-11-22 06:00,Assault,Simple Assault,"BNS 115(2), BNS 117(2)",11.983122,76.838226,P000258,P005539,P005304,PI Naveen Patil,Untraced
FIR202504360,FIR/4360/2025,PS0002,Bagalkote,2025-11-20 19:28,2025-11-22 06:28,Cyber Crime,Phishing,"IT Act 66D, BNS 318(4)",16.129088,75.50939,P005555,P007012,P005288,SI Prakash Sharma,Chargesheeted
FIR202504340,FIR/4340/2025,PS0226,Chamarajanagar,2025-11-20 07:17,2025-11-22 09:17,Vehicle Theft,Two-Wheeler Theft,BNS 303(2),11.76781,76.989097,P005316,P009133,P005774,SI Ravi Kumar,Under Investigation
FIR202504304,FIR/4304/2025,PS0197,Chamarajanagar,2025-11-19 01:34,2025-11-22 09:34,POCSO,Sexual Assault on Minor,"POCSO Act Sec 4, BNS 64",11.85358,77.043993,P004188,P009925,P000417,PI Suresh Kulkarni,Under Investigation
FIR202504328,FIR/4328/2025,PS0030,Ballari,2025-11-19 22:18,2025-11-22 10:18,Cyber Crime,Financial Fraud,"IT Act 66D, BNS 318(4)",15.185208,76.837257,P003713,P001403,P001490,SI Ravi Kumar,Untraced
FIR202504342,FIR/4342/2025,PS0179,Bidar,2025-11-20 09:03,2025-11-22 12:03,Theft,Pocket Pick,BNS 303(2),18.088205,77.374466,P009383,P006024,P006031,PI Ramesh Gowda,Untraced
FIR202504392,FIR/4392/2025,PS0153,Bidar,2025-11-22 04:22,2025-11-22 13:22,Burglary,Day Burglary,"BNS 331(3), BNS 331(4)",17.747069,77.353196,P009100,P002792,P007800,PI Chetan Kumar,Chargesheeted
FIR202504376,FIR/4376/2025,PS0189,Bidar,2025-11-21 12:15,2025-11-22 14:15,Murder,Personal Enmity,BNS 103(1),17.910254,77.368238,P001415,P009922,P003749,PI Lakshmi Devi,Chargesheeted
FIR202504399,FIR/4399/2025,PS0043,Ballari,2025-11-22 09:06,2025-11-22 16:06,Dacoity,Armed Dacoity,BNS 310(2),14.97244,76.976659,P008632,P003543,P003500,PI Naveen Patil,Chargesheeted
FIR202504350,FIR/4350/2025,PS0232,Chamarajanagar,2025-11-20 12:07,2025-11-22 16:07,Vehicle Theft,Car Theft,BNS 303(2),11.799088,76.894205,P001306,P002012,P009836,PI Harish Naik,Under Investigation
FIR202504283,FIR/4283/2025,PS0224,Chamarajanagar,2025-11-18 05:12,2025-11-22 17:12,Fraud,Cheating,BNS 318(4),11.863403,76.811969,P001251,P001478,P007362,SI Divya Hegde,Chargesheeted
FIR202504403,FIR/4403/2025,PS0122,Bengaluru Urban,2025-11-22 14:06,2025-11-22 18:06,Fraud,Land Scam,BNS 318(4),13.127702,77.556636,P008374,P007248,P006043,SI Mahesh Bhat,Under Investigation
FIR202504400,FIR/4400/2025,PS0162,Bidar,2025-11-22 09:24,2025-11-22 19:24,Dacoity,Bank Dacoity,BNS 310(2),18.026505,77.4778,P007872,P003913,P001297,PI Chetan Kumar,Chargesheeted
FIR202504378,FIR/4378/2025,PS0140,Bengaluru Urban,2025-11-21 14:38,2025-11-22 19:38,Vehicle Theft,Car Theft,BNS 303(2),13.032202,77.680734,P001021,P009172,"P000332, P006458",SI Prakash Sharma,Under Investigation
FIR202504384,FIR/4384/2025,PS0083,Bengaluru Rural,2025-11-21 17:31,2025-11-22 21:31,Theft,Snatching,BNS 303(2),13.245494,77.580529,P000666,P009943,P001315,SI Ganesh Rao,Chargesheeted
FIR202504316,FIR/4316/2025,PS0019,Bagalkote,2025-11-19 13:38,2025-11-22 21:38,Assault,Grievous Hurt,"BNS 115(2), BNS 117(2)",16.038242,75.898098,P007233,P009778,P009745,PI Harish Naik,Under Investigation
FIR202504401,FIR/4401/2025,PS0178,Bidar,2025-11-22 09:40,2025-11-22 21:40,Murder,Gang Conflict,BNS 103(1),17.900487,77.479043,P002724,P005499,P004187,PI Lakshmi Devi,Closed
FIR202504406,FIR/4406/2025,PS0119,Bengaluru Urban,2025-11-22 17:44,2025-11-22 21:44,Burglary,Day Burglary,"BNS 331(3), BNS 331(4)",12.818246,77.790179,P009925,P002977,P001310,SI Mahesh Bhat,Chargesheeted
FIR202504321,FIR/4321/2025,PS0123,Bengaluru Urban,2025-11-19 17:56,2025-11-22 22:56,Fraud,Land Scam,BNS 318(4),13.007446,77.469567,P003727,P009091,P003809,SI Ravi Kumar,Chargesheeted
FIR202504356,FIR/4356/2025,PS0191,Bidar,2025-11-20 17:07,2025-11-23 00:07,Vehicle Theft,Car Theft,BNS 303(2),17.899767,77.391346,P009604,P001946,P004463,SI Divya Hegde,Under Investigation
FIR202504408,FIR/4408/2025,PS0249,Chikkaballapura,2025-11-22 21:35,2025-11-23 02:35,POCSO,Harassment,"POCSO Act Sec 4, BNS 64",13.4986,77.541597,P008106,P006157,P000223,PI Harish Naik,Untraced
FIR202504414,FIR/4414/2025,PS0025,Bagalkote,2025-11-23 03:14,2025-11-23 04:14,Theft,Snatching,BNS 303(2),16.323709,75.83541,P009294,P003603,P005781,SI Divya Hegde,Under Investigation
FIR202504405,FIR/4405/2025,PS0186,Bidar,2025-11-22 17:29,2025-11-23 04:29,Assault,Public Affray,"BNS 115(2), BNS 117(2)",17.745314,77.522387,P006004,P009413,"P001041, P004604",SI Mahesh Bhat,Chargesheeted
FIR202504407,FIR/4407/2025,PS0147,Bengaluru Urban,2025-11-22 20:39,2025-11-23 04:39,Cyber Crime,Identity Theft,"IT Act 66D, BNS 318(4)",12.895715,77.569671,P002345,P005266,P009715,SI Prakash Sharma,Chargesheeted
FIR202504388,FIR/4388/2025,PS0094,Bengaluru Rural,2025-11-22 01:53,2025-11-23 05:53,Burglary,Day Burglary,"BNS 331(3), BNS 331(4)",13.051786,77.677001,P003364,P006369,P008090,SI Mahesh Bhat,Untraced
FIR202504323,FIR/4323/2025,PS0165,Bidar,2025-11-19 19:35,2025-11-23 06:35,Assault,Public Affray,"BNS 115(2), BNS 117(2)",18.050449,77.442335,P005116,P008176,P002997,SI Prakash Sharma,Under Investigation
FIR202504396,FIR/4396/2025,PS0159,Bidar,2025-11-22 05:06,2025-11-23 07:06,Fraud,Corporate Fraud,BNS 318(4),18.063604,77.484063,P007699,P006048,P003623,PI Chetan Kumar,Under Investigation
FIR202504341,FIR/4341/2025,PS0233,Chamarajanagar,2025-11-20 08:49,2025-11-23 09:49,Vehicle Theft,Car Theft,BNS 303(2),11.719226,76.830234,P006859,P009520,P002578,SI Ganesh Rao,Untraced
FIR202504418,FIR/4418/2025,PS0230,Chamarajanagar,2025-11-23 08:27,2025-11-23 10:27,Burglary,Day Burglary,"BNS 331(3), BNS 331(4)",11.766925,77.074838,P009114,P002351,P007814,SI Divya Hegde,Under Investigation
FIR202504307,FIR/4307/2025,PS0101,Bengaluru Rural,2025-11-19 04:04,2025-11-23 13:04,Fraud,Corporate Fraud,BNS 318(4),13.261033,77.720252,P003881,P006001,P006860,SI Ganesh Rao,Chargesheeted
FIR202504419,FIR/4419/2025,PS0153,Bidar,2025-11-23 09:32,2025-11-23 13:32,Fraud,Land Scam,BNS 318(4),17.754334,77.328244,P008565,P001320,P000363,SI Divya Hegde,Chargesheeted
FIR202504415,FIR/4415/2025,PS0175,Bidar,2025-11-23 03:43,2025-11-23 13:43,Vehicle Theft,Car Theft,BNS 303(2),18.006703,77.426189,P006630,P000770,P007854,PI Lakshmi Devi,Under Investigation
FIR202504345,FIR/4345/2025,PS0163,Bidar,2025-11-20 10:38,2025-11-23 15:38,Theft,House Theft,BNS 303(2),17.924461,77.568276,P004912,P004216,"P002343, P005419",PI Suresh Kulkarni,Under Investigation
FIR202504370,FIR/4370/2025,PS0106,Bengaluru Rural,2025-11-21 06:49,2025-11-23 15:49,Fraud,Cheating,BNS 318(4),13.290729,77.547474,P005539,P007354,P004463,SI Divya Hegde,Chargesheeted
FIR202504417,FIR/4417/2025,PS0166,Bidar,2025-11-23 06:00,2025-11-23 17:00,Assault,Simple Assault,"BNS 115(2), BNS 117(2)",17.788538,77.505937,P006900,P009522,P000441,PI Ramesh Gowda,Under Investigation
FIR202504395,FIR/4395/2025,PS0158,Bidar,2025-11-22 05:01,2025-11-23 17:01,POCSO,Harassment,"POCSO Act Sec 4, BNS 64",17.933355,77.487795,P002344,P000078,P000479,SI Divya Hegde,Under Investigation
FIR202504439,FIR/4439/2025,PS0164,Bidar,2025-11-23 17:43,2025-11-23 18:43,Assault,Grievous Hurt,"BNS 115(2), BNS 117(2)",17.93423,77.464211,P008088,P009651,P007104,SI Prakash Sharma,Under Investigation
FIR202504372,FIR/4372/2025,PS0159,Bidar,2025-11-21 07:30,2025-11-23 19:30,Assault,Public Affray,"BNS 115(2), BNS 117(2)",18.038163,77.511785,P006662,P002656,P005260,SI Ganesh Rao,Chargesheeted
FIR202504423,FIR/4423/2025,PS0182,Bidar,2025-11-23 10:56,2025-11-23 20:56,Murder,Personal Enmity,BNS 103(1),17.903848,77.665049,P003657,P003461,P000915,PI Suresh Kulkarni,Chargesheeted
FIR202504431,FIR/4431/2025,PS0178,Bidar,2025-11-23 15:18,2025-11-23 21:18,Assault,Grievous Hurt,"BNS 115(2), BNS 117(2)",17.879833,77.48095,P002461,P005635,P009017,PI Ramesh Gowda,Under Investigation
FIR202504432,FIR/4432/2025,PS0004,Bagalkote,2025-11-23 15:19,2025-11-23 21:19,Dacoity,Bank Dacoity,BNS 310(2),16.016326,75.688221,P003312,P000179,P000611,PI Ramesh Gowda,Chargesheeted
FIR202504435,FIR/4435/2025,PS0189,Bidar,2025-11-23 16:30,2025-11-23 21:30,Assault,Grievous Hurt,"BNS 115(2), BNS 117(2)",17.901146,77.36772,P001823,P004674,P005274,PI Harish Naik,Under Investigation
FIR202504347,FIR/4347/2025,PS0176,Bidar,2025-11-20 11:28,2025-11-23 22:28,Fraud,Corporate Fraud,BNS 318(4),17.779364,77.539116,P007052,P009106,P005137,SI Ganesh Rao,Under Investigation
FIR202504349,FIR/4349/2025,PS0162,Bidar,2025-11-20 11:57,2025-11-23 22:57,Dacoity,Bank Dacoity,BNS 310(2),18.013804,77.463003,P009051,P002909,P009306,PI Ramesh Gowda,Chargesheeted
FIR202504437,FIR/4437/2025,PS0196,Chamarajanagar,2025-11-23 17:32,2025-11-23 23:32,Dacoity,Bank Dacoity,BNS 310(2),12.002015,76.941396,P005580,P003711,P001789,SI Ganesh Rao,Chargesheeted
FIR202504442,FIR/4442/2025,PS0159,Bidar,2025-11-23 18:27,2025-11-24 00:27,NDPS,Possession of Narcotics,NDPS Act Sec 20(b),18.04598,77.495984,P009500,P004321,P003110,PI Ramesh Gowda,Chargesheeted
FIR202504351,FIR/4351/2025,PS0161,Bidar,2025-11-20 12:32,2025-11-24 00:32,Cyber Crime,Phishing,"IT Act 66D, BNS 318(4)",17.985215,77.490532,P008616,P002726,P009618,PI Harish Naik,Untraced
FIR202504441,FIR/4441/2025,PS0018,Bagalkote,2025-11-23 18:04,2025-11-24 01:04,NDPS,Drug Trafficking,NDPS Act Sec 20(b),16.216217,75.8085,P003007,P004811,P006211,SI Ravi Kumar,Chargesheeted
FIR202504430,FIR/4430/2025,PS0024,Bagalkote,2025-11-23 15:06,2025-11-24 03:06,Cyber Crime,Identity Theft,"IT Act 66D, BNS 318(4)",16.385583,75.526154,P008280,P007757,P006810,PI Harish Naik,Under Investigation
FIR202504443,FIR/4443/2025,PS0203,Chamarajanagar,2025-11-23 19:28,2025-11-24 04:28,Dacoity,Bank Dacoity,BNS 310(2),11.902597,76.854433,P000676,P002457,P008938,SI Ganesh Rao,Chargesheeted
FIR202504409,FIR/4409/2025,PS0108,Bengaluru Rural,2025-11-22 22:38,2025-11-24 05:38,Assault,Simple Assault,"BNS 115(2), BNS 117(2)",13.187108,77.442952,P004821,P001681,P006241,PI Naveen Patil,Chargesheeted
FIR202504451,FIR/4451/2025,PS0191,Bidar,2025-11-24 03:49,2025-11-24 08:49,Murder,Personal Enmity,BNS 103(1),17.931067,77.381691,P008596,P007827,P003800,PI Chetan Kumar,Chargesheeted
FIR202504397,FIR/4397/2025,PS0005,Bagalkote,2025-11-22 06:12,2025-11-24 09:12,Murder,Dowry Homicide,BNS 103(1),16.151106,75.599846,P006971,P002956,P001272,PI Naveen Patil,Under Investigation
FIR202504449,FIR/4449/2025,PS0228,Chamarajanagar,2025-11-24 03:24,2025-11-24 09:24,POCSO,Sexual Assault on Minor,"POCSO Act Sec 4, BNS 64",12.104168,77.103511,P002565,P005725,P006113,PI Naveen Patil,Closed
FIR202504393,FIR/4393/2025,PS0225,Chamarajanagar,2025-11-22 04:37,2025-11-24 09:37,NDPS,Possession of Narcotics,NDPS Act Sec 20(b),12.032885,76.762048,P009393,P001103,P003026,SI Ganesh Rao,Chargesheeted
FIR202504413,FIR/4413/2025,PS0024,Bagalkote,2025-11-23 03:05,2025-11-24 10:05,Cyber Crime,Financial Fraud,"IT Act 66D, BNS 318(4)",16.367698,75.518945,P009932,P007131,P000953,PI Naveen Patil,Chargesheeted
FIR202504455,FIR/4455/2025,PS0174,Bidar,2025-11-24 06:07,2025-11-24 11:07,Fraud,Cheating,BNS 318(4),17.865615,77.570984,P002661,P000953,P007571,SI Ganesh Rao,Closed
FIR202504373,FIR/4373/2025,PS0153,Bidar,2025-11-21 09:01,2025-11-24 13:01,NDPS,Possession of Narcotics,NDPS Act Sec 20(b),17.76866,77.327958,P000415,P007093,P008645,PI Harish Naik,Chargesheeted
FIR202504390,FIR/4390/2025,PS0006,Bagalkote,2025-11-22 02:26,2025-11-24 14:26,Fraud,Cheating,BNS 318(4),16.387473,75.746232,P002253,P000293,P008165,PI Lakshmi Devi,Under Investigation
FIR202504453,FIR/4453/2025,PS0166,Bidar,2025-11-24 04:05,2025-11-24 15:05,Fraud,Cheating,BNS 318(4),17.801396,77.485386,P005645,P007367,P007055,PI Lakshmi Devi,Chargesheeted
FIR202504428,FIR/4428/2025,PS0190,Bidar,2025-11-23 13:26,2025-11-24 15:26,Cyber Crime,Phishing,"IT Act 66D, BNS 318(4)",17.760157,77.560718,P003962,P006705,P004661,PI Ramesh Gowda,Chargesheeted
FIR202504450,FIR/4450/2025,PS0182,Bidar,2025-11-24 03:34,2025-11-24 15:34,Robbery,Chain Snatching with Force,BNS 309(4),17.931534,77.698976,P002103,P005422,P003797,SI Ravi Kumar,Under Investigation
FIR202504433,FIR/4433/2025,PS0172,Bidar,2025-11-23 15:20,2025-11-24 16:20,Murder,Personal Enmity,BNS 103(1),17.965892,77.475163,P001991,P007897,P004464,SI Prakash Sharma,Chargesheeted
FIR202504427,FIR/4427/2025,PS0012,Bagalkote,2025-11-23 12:42,2025-11-24 16:42,Vehicle Theft,Two-Wheeler Theft,BNS 303(2),16.2669,75.831779,P008021,P006676,P002002,SI Prakash Sharma,Untraced
FIR202504434,FIR/4434/2025,PS0236,Chikkaballapura,2025-11-23 15:49,2025-11-24 16:49,POCSO,Sexual Assault on Minor,"POCSO Act Sec 4, BNS 64",13.60495,77.936028,P000411,P006624,P000603,PI Ramesh Gowda,Untraced
FIR202504456,FIR/4456/2025,PS0189,Bidar,2025-11-24 07:06,2025-11-24 17:06,Dacoity,Bank Dacoity,BNS 310(2),17.901293,77.394846,P004093,P002368,P001286,SI Prakash Sharma,Chargesheeted
FIR202504468,FIR/4468/2025,PS0171,Bidar,2025-11-24 15:22,2025-11-24 17:22,Fraud,Cheating,BNS 318(4),17.783603,77.550703,P004084,P000061,P002204,PI Chetan Kumar,Chargesheeted
FIR202504474,FIR/4474/2025,PS0021,Bagalkote,2025-11-24 17:15,2025-11-24 18:15,Vehicle Theft,Car Theft,BNS 303(2),15.998317,75.537481,P003354,P002183,P004255,PI Ramesh Gowda,Chargesheeted
FIR202504339,FIR/4339/2025,PS0017,Bagalkote,2025-11-20 06:29,2025-11-24 18:29,Theft,Snatching,BNS 303(2),16.285515,75.561083,P002952,P000389,P002387,PI Harish Naik,Chargesheeted
FIR202504381,FIR/4381/2025,PS0160,Bidar,2025-11-21 15:50,2025-11-24 19:50,Robbery,Chain Snatching with Force,BNS 309(4),17.87294,77.364847,P002342,P006648,P000600,PI Lakshmi Devi,Chargesheeted
FIR202504374,FIR/4374/2025,PS0153,Bidar,2025-11-21 09:09,2025-11-24 20:09,Theft,Snatching,BNS 303(2),17.741416,77.343397,P005688,P000403,P004972,SI Ravi Kumar,Chargesheeted
FIR202504472,FIR/4472/2025,PS0156,Bidar,2025-11-24 16:11,2025-11-24 20:11,NDPS,Drug Trafficking,NDPS Act Sec 20(b),18.011199,77.514482,P006955,P007751,P001524,PI Suresh Kulkarni,Under Investigation
FIR202504469,FIR/4469/2025,PS0113,Bengaluru Urban,2025-11-24 15:28,2025-11-24 20:28,NDPS,Drug Trafficking,NDPS Act Sec 20(b),13.14713,77.510767,P002911,P001397,P005612,PI Suresh Kulkarni,Chargesheeted
FIR202504438,FIR/4438/2025,PS0159,Bidar,2025-11-23 17:34,2025-11-24 21:34,Fraud,Cheating,BNS 318(4),18.04864,77.501218,P005335,P002736,P001859,PI Ramesh Gowda,Under Investigation
FIR202504477,FIR/4477/2025,PS0186,Bidar,2025-11-24 18:37,2025-11-24 21:37,Fraud,Corporate Fraud,BNS 318(4),17.754534,77.50681,P007560,P008759,P007606,SI Ravi Kumar,Chargesheeted
FIR202504479,FIR/4479/2025,PS0167,Bidar,2025-11-24 21:21,2025-11-24 22:21,Robbery,Chain Snatching with Force,BNS 309(4),18.04865,77.421519,P003423,P008332,P008615,PI Suresh Kulkarni,Chargesheeted
FIR202504475,FIR/4475/2025,PS0183,Bidar,2025-11-24 17:49,2025-11-24 22:49,Cyber Crime,Phishing,"IT Act 66D, BNS 318(4)",17.760867,77.381877,P000879,P002551,P007320,SI Ravi Kumar,Chargesheeted
FIR202504482,FIR/4482/2025,PS0170,Bidar,2025-11-24 23:00,2025-11-25 00:00,Cyber Crime,Phishing,"IT Act 66D, BNS 318(4)",17.890032,77.381004,P008720,P000905,P005435,SI Ganesh Rao,Chargesheeted
FIR202504429,FIR/4429/2025,PS0184,Bidar,2025-11-23 13:47,2025-11-25 00:47,POCSO,Harassment,"POCSO Act Sec 4, BNS 64",17.894585,77.634838,P004309,P006583,P005193,PI Chetan Kumar,Chargesheeted
FIR202504470,FIR/4470/2025,PS0018,Bagalkote,2025-11-24 15:40,2025-11-25 02:40,Vehicle Theft,Two-Wheeler Theft,BNS 303(2),16.213174,75.805814,P006198,P003438,P008286,PI Harish Naik,Under Investigation
FIR202504436,FIR/4436/2025,PS0187,Bidar,2025-11-23 17:12,2025-11-25 03:12,Murder,Dowry Homicide,BNS 103(1),17.98607,77.703078,P008858,P001063,P003232,PI Suresh Kulkarni,Chargesheeted
FIR202504448,FIR/4448/2025,PS0153,Bidar,2025-11-24 00:31,2025-11-25 03:31,Cyber Crime,Financial Fraud,"IT Act 66D, BNS 318(4)",17.760012,77.343062,P001147,P008672,P009175,SI Ravi Kumar,Chargesheeted
FIR202504445,FIR/4445/2025,PS0024,Bagalkote,2025-11-23 21:35,2025-11-25 04:35,Assault,Public Affray,"BNS 115(2), BNS 117(2)",16.398419,75.51378,P008027,P008281,P000771,PI Lakshmi Devi,Under Investigation
FIR202504440,FIR/4440/2025,PS0189,Bidar,2025-11-23 17:44,2025-11-25 04:44,Fraud,Cheating,BNS 318(4),17.89552,77.388633,P007940,P006393,P003814,SI Ravi Kumar,Chargesheeted
FIR202504412,FIR/4412/2025,PS0050,Belagavi,2025-11-23 02:44,2025-11-25 05:44,Robbery,Chain Snatching with Force,BNS 309(4),15.709944,74.335951,P003718,P007994,P009502,SI Mahesh Bhat,Chargesheeted
FIR202504480,FIR/4480/2025,PS0213,Chamarajanagar,2025-11-24 22:04,2025-11-25 09:04,Theft,House Theft,BNS 303(2),12.024743,76.930703,P006172,P004927,P006670,PI Lakshmi Devi,Under Investigation
FIR202504481,FIR/4481/2025,PS0229,Chamarajanagar,2025-11-24 22:14,2025-11-25 09:14,Robbery,Highway Robbery,BNS 309(4),12.041725,77.025981,P007397,P002652,P002681,SI Ravi Kumar,Chargesheeted
FIR202504446,FIR/4446/2025,PS0044,Ballari,2025-11-23 22:06,2025-11-25 10:06,Assault,Public Affray,"BNS 115(2), BNS 117(2)",15.286242,76.926586,P000104,P003445,P000760,SI Divya Hegde,Untraced
FIR202504490,FIR/4490/2025,PS0191,Bidar,2025-11-25 07:07,2025-11-25 11:07,Assault,Public Affray,"BNS 115(2), BNS 117(2)",17.914171,77.374079,P002220,P003730,P005954,SI Ravi Kumar,Under Investigation
FIR202504391,FIR/4391/2025,PS0093,Bengaluru Rural,2025-11-22 04:20,2025-11-25 11:20,Murder,Dowry Homicide,BNS 103(1),13.186403,77.532435,P008566,P005740,P002836,PI Chetan Kumar,Under Investigation
FIR202504332,FIR/4332/2025,PS0155,Bidar,2025-11-20 00:36,2025-11-25 12:36,Vehicle Theft,Two-Wheeler Theft,BNS 303(2),17.958258,77.33212,P008038,P006968,P007217,PI Naveen Patil,Closed
FIR202504398,FIR/4398/2025,PS0218,Chamarajanagar,2025-11-22 08:01,2025-11-25 13:01,Burglary,Day Burglary,"BNS 331(3), BNS 331(4)",11.846407,77.035149,P001220,P005058,P009247,PI Lakshmi Devi,Chargesheeted
FIR202504462,FIR/4462/2025,PS0183,Bidar,2025-11-24 09:08,2025-11-25 14:08,Murder,Gang Conflict,BNS 103(1),17.756143,77.394574,P001345,P002360,P002625,SI Ravi Kumar,Chargesheeted
FIR202504489,FIR/4489/2025,PS0218,Chamarajanagar,2025-11-25 05:49,2025-11-25 14:49,Vehicle Theft,Two-Wheeler Theft,BNS 303(2),11.863145,77.04113,P000422,P008160,P007488,SI Mahesh Bhat,Chargesheeted
FIR202504452,FIR/4452/2025,PS0041,Ballari,2025-11-24 03:49,2025-11-25 14:49,Assault,Simple Assault,"BNS 115(2), BNS 117(2)",15.244027,76.904898,P008357,P001685,P005410,PI Chetan Kumar,Untraced
FIR202504464,FIR/4464/2025,PS0159,Bidar,2025-11-24 11:36,2025-11-25 16:36,NDPS,Possession of Narcotics,NDPS Act Sec 20(b),18.050294,77.507784,P004333,P005773,P000060,PI Lakshmi Devi,Chargesheeted
FIR202504422,FIR/4422/2025,PS0166,Bidar,2025-11-23 10:50,2025-11-25 16:50,Murder,Personal Enmity,BNS 103(1),17.819744,77.478024,P005446,P000195,P006042,SI Ravi Kumar,Chargesheeted
FIR202504457,FIR/4457/2025,PS0151,Bengaluru Urban,2025-11-24 07:11,2025-11-25 17:11,POCSO,Harassment,"POCSO Act Sec 4, BNS 64",12.860505,77.476133,P000198,P007570,P004114,SI Mahesh Bhat,Chargesheeted
FIR202504425,FIR/4425/2025,PS0118,Bengaluru Urban,2025-11-23 11:45,2025-11-25 17:45,Assault,Simple Assault,"BNS 115(2), BNS 117(2)",12.796152,77.67876,P009557,P001639,P009229,PI Harish Naik,Chargesheeted
FIR202504473,FIR/4473/2025,PS0185,Bidar,2025-11-24 17:06,2025-11-25 18:06,Murder,Gang Conflict,BNS 103(1),17.881307,77.493612,P004610,P004244,P004226,PI Suresh Kulkarni,Chargesheeted
FIR202504493,FIR/4493/2025,PS0096,Bengaluru Rural,2025-11-25 10:41,2025-11-25 18:41,Fraud,Cheating,BNS 318(4),13.157962,77.448075,P006606,P003438,P001987,SI Prakash Sharma,Chargesheeted
FIR202504420,FIR/4420/2025,PS0010,Bagalkote,2025-11-23 10:11,2025-11-25 19:11,Cyber Crime,Phishing,"IT Act 66D, BNS 318(4)",16.168054,75.792894,P000944,P001370,P008563,SI Mahesh Bhat,Under Investigation
FIR202504346,FIR/4346/2025,PS0082,Bengaluru Rural,2025-11-20 11:14,2025-11-25 19:14,Assault,Simple Assault,"BNS 115(2), BNS 117(2)",13.35455,77.415058,P005851,P007953,P000975,PI Harish Naik,Under Investigation
FIR202504460,FIR/4460/2025,PS0211,Chamarajanagar,2025-11-24 08:16,2025-11-25 19:16,Cyber Crime,Phishing,"IT Act 66D, BNS 318(4)",11.834859,77.058934,P003523,P002736,P008922,SI Ganesh Rao,Chargesheeted
FIR202504424,FIR/4424/2025,PS0170,Bidar,2025-11-23 11:20,2025-11-25 19:20,Vehicle Theft,Car Theft,BNS 303(2),17.876057,77.36663,P004294,P002829,P009420,PI Chetan Kumar,Chargesheeted
FIR202504500,FIR/4500/2025,PS0155,Bidar,2025-11-25 17:48,2025-11-25 19:48,Burglary,Night House Breaking,"BNS 331(3), BNS 331(4)",17.957833,77.347378,P003909,P009967,P008431,PI Harish Naik,Chargesheeted
FIR202504459,FIR/4459/2025,PS0205,Chamarajanagar,2025-11-24 08:12,2025-11-25 20:12,Dacoity,Armed Dacoity,BNS 310(2),11.954109,76.799731,P005009,P005679,P002774,SI Ravi Kumar,Chargesheeted
FIR202504492,FIR/4492/2025,PS0013,Bagalkote,2025-11-25 08:38,2025-11-25 20:38,Cyber Crime,Phishing,"IT Act 66D, BNS 318(4)",16.157631,75.667223,P008682,P001395,P002846,PI Ramesh Gowda,Under Investigation
FIR202504402,FIR/4402/2025,PS0012,Bagalkote,2025-11-22 13:35,2025-11-25 21:35,Fraud,Corporate Fraud,BNS 318(4),16.257086,75.828791,P006557,P002388,P001496,PI Naveen Patil,Under Investigation
FIR202504465,FIR/4465/2025,PS0168,Bidar,2025-11-24 11:44,2025-11-25 21:44,Assault,Grievous Hurt,"BNS 115(2), BNS 117(2)",17.730406,77.653686,P001815,P008782,P005593,SI Ravi Kumar,Untraced
FIR202504375,FIR/4375/2025,PS0184,Bidar,2025-11-21 10:45,2025-11-25 21:45,Dacoity,Bank Dacoity,BNS 310(2),17.889502,77.638887,P000634,P005980,P008026,SI Ravi Kumar,Chargesheeted
FIR202504498,FIR/4498/2025,PS0244,Chikkaballapura,2025-11-25 15:02,2025-11-26 00:02,NDPS,Possession of Narcotics,NDPS Act Sec 20(b),13.300923,77.918706,P005544,P005460,P002191,PI Harish Naik,Chargesheeted
FIR202504359,FIR/4359/2025,PS0005,Bagalkote,2025-11-20 19:14,2025-11-26 00:14,Assault,Public Affray,"BNS 115(2), BNS 117(2)",16.15943,75.561082,P003069,P006258,"P006180, P009028",PI Suresh Kulkarni,Under Investigation
FIR202504467,FIR/4467/2025,PS0038,Ballari,2025-11-24 15:21,2025-11-26 01:21,Theft,House Theft,BNS 303(2),15.060621,77.056074,P002337,P002803,P009287,PI Ramesh Gowda,Under Investigation
FIR202504410,FIR/4410/2025,PS0153,Bidar,2025-11-22 23:57,2025-11-26 02:57,Assault,Grievous Hurt,"BNS 115(2), BNS 117(2)",17.767858,77.360118,P008828,P005447,"P006474, P000544",PI Ramesh Gowda,Chargesheeted
FIR202504478,FIR/4478/2025,PS0172,Bidar,2025-11-24 20:21,2025-11-26 03:21,Burglary,Day Burglary,"BNS 331(3), BNS 331(4)",17.950167,77.491178,P007385,P000877,P001654,PI Naveen Patil,Under Investigation
FIR202504513,FIR/4513/2025,PS0014,Bagalkote,2025-11-26 01:02,2025-11-26 04:02,Theft,House Theft,BNS 303(2),16.295324,75.8446,P005990,P000035,"P002675, P009472",PI Ramesh Gowda,Chargesheeted
FIR202504499,FIR/4499/2025,PS0198,Chamarajanagar,2025-11-25 17:46,2025-11-26 04:46,Fraud,Cheating,BNS 318(4),11.824947,77.063451,P007426,P006315,P006767,SI Divya Hegde,Chargesheeted
FIR202504484,FIR/4484/2025,PS0236,Chikkaballapura,2025-11-25 01:20,2025-11-26 06:20,Fraud,Land Scam,BNS 318(4),13.626553,77.903809,P007002,P003957,P002382,SI Divya Hegde,Under Investigation
FIR202504485,FIR/4485/2025,PS0147,Bengaluru Urban,2025-11-25 02:47,2025-11-26 06:47,Cyber Crime,Identity Theft,"IT Act 66D, BNS 318(4)",12.9207,77.543316,P003336,P000452,P002372,SI Ganesh Rao,Closed
FIR202504510,FIR/4510/2025,PS0223,Chamarajanagar,2025-11-25 21:53,2025-11-26 06:53,Vehicle Theft,Car Theft,BNS 303(2),11.878367,76.804515,P000778,P009305,P008010,SI Ravi Kumar,Chargesheeted
FIR202504487,FIR/4487/2025,PS0210,Chamarajanagar,2025-11-25 05:15,2025-11-26 09:15,Vehicle Theft,Two-Wheeler Theft,BNS 303(2),12.010821,76.815228,P006521,P003294,P008977,PI Harish Naik,Under Investigation
FIR202504461,FIR/4461/2025,PS0180,Bidar,2025-11-24 09:03,2025-11-26 13:03,Fraud,Cheating,BNS 318(4),18.061923,77.434008,P008973,P005572,"P002063, P001736",PI Harish Naik,Chargesheeted
FIR202504514,FIR/4514/2025,PS0218,Chamarajanagar,2025-11-26 08:51,2025-11-26 13:51,NDPS,Drug Trafficking,NDPS Act Sec 20(b),11.867479,77.053299,P009628,P006359,P001339,PI Naveen Patil,Chargesheeted
FIR202504488,FIR/4488/2025,PS0051,Belagavi,2025-11-25 05:46,2025-11-26 14:46,Dacoity,Armed Dacoity,BNS 310(2),15.993698,74.53482,P004013,P003231,P009304,SI Mahesh Bhat,Closed
FIR202504515,FIR/4515/2025,PS0032,Ballari,2025-11-26 11:33,2025-11-26 15:33,Murder,Personal Enmity,BNS 103(1),15.169281,76.912059,P003110,P006385,P006979,SI Prakash Sharma,Chargesheeted
FIR202504491,FIR/4491/2025,PS0154,Bidar,2025-11-25 08:13,2025-11-26 16:13,Theft,Snatching,BNS 303(2),17.906523,77.403065,P000614,P003939,P006855,PI Suresh Kulkarni,Chargesheeted
FIR202504416,FIR/4416/2025,PS0137,Bengaluru Urban,2025-11-23 04:15,2025-11-26 16:15,Murder,Personal Enmity,BNS 103(1),12.889463,77.716814,P000906,P004650,"P001554, P002973",PI Ramesh Gowda,Under Investigation
FIR202504495,FIR/4495/2025,PS0114,Bengaluru Urban,2025-11-25 11:56,2025-11-26 17:56,Cyber Crime,Financial Fraud,"IT Act 66D, BNS 318(4)",12.988641,77.754661,P006812,P004262,P009285,SI Mahesh Bhat,Chargesheeted
FIR202504471,FIR/4471/2025,PS0003,Bagalkote,2025-11-24 16:01,2025-11-26 18:01,Cyber Crime,Identity Theft,"IT Act 66D, BNS 318(4)",16.343437,75.863952,P003895,P000061,P004347,SI Divya Hegde,Closed
FIR202504466,FIR/4466/2025,PS0166,Bidar,2025-11-24 12:25,2025-11-26 18:25,Theft,Snatching,BNS 303(2),17.816401,77.508475,P008916,P006533,P009275,SI Mahesh Bhat,Chargesheeted
FIR202504519,FIR/4519/2025,PS0169,Bidar,2025-11-26 16:57,2025-11-26 18:57,NDPS,Drug Trafficking,NDPS Act Sec 20(b),18.003305,77.713395,P006553,P007414,P003785,PI Naveen Patil,Chargesheeted
FIR202504377,FIR/4377/2025,PS0174,Bidar,2025-11-21 14:26,2025-11-26 19:26,Theft,Snatching,BNS 303(2),17.884935,77.560754,P004813,P002702,P004789,SI Mahesh Bhat,Chargesheeted
FIR202504496,FIR/4496/2025,PS0002,Bagalkote,2025-11-25 13:38,2025-11-26 19:38,Theft,Pocket Pick,BNS 303(2),16.105676,75.487307,P007508,P009272,P001577,PI Lakshmi Devi,Chargesheeted
FIR202504503,FIR/4503/2025,PS0074,Bengaluru Rural,2025-11-25 19:10,2025-11-26 21:10,Burglary,Day Burglary,"BNS 331(3), BNS 331(4)",13.178531,77.564258,P007576,P008302,P000113,SI Prakash Sharma,Chargesheeted
FIR202504494,FIR/4494/2025,PS0177,Bidar,2025-11-25 11:56,2025-11-26 21:56,Fraud,Land Scam,BNS 318(4),18.041906,77.332117,P008493,P009224,P007813,SI Divya Hegde,Closed
FIR202504523,FIR/4523/2025,PS0066,Belagavi,2025-11-26 20:15,2025-11-26 23:15,Theft,Snatching,BNS 303(2),15.95407,74.633391,P005493,P003534,"P003815, P002897",SI Prakash Sharma,Chargesheeted
FIR202504507,FIR/4507/2025,PS0220,Chamarajanagar,2025-11-25 21:14,2025-11-27 00:14,Fraud,Land Scam,BNS 318(4),11.795557,76.809322,P001350,P004772,P008091,PI Harish Naik,Chargesheeted
FIR202504511,FIR/4511/2025,PS0161,Bidar,2025-11-25 21:58,2025-11-27 00:58,Vehicle Theft,Car Theft,BNS 303(2),17.970269,77.492024,P002363,P004644,P007951,SI Prakash Sharma,Chargesheeted
FIR202504404,FIR/4404/2025,PS0165,Bidar,2025-11-22 17:28,2025-11-27 01:28,Fraud,Corporate Fraud,BNS 318(4),18.050255,77.464555,P009909,P007233,P008747,PI Naveen Patil,Under Investigation
FIR202504506,FIR/4506/2025,PS0232,Chamarajanagar,2025-11-25 20:31,2025-11-27 01:31,NDPS,Drug Trafficking,NDPS Act Sec 20(b),11.775692,76.901972,P000897,P003846,P005138,SI Divya Hegde,Under Investigation
FIR202504497,FIR/4497/2025,PS0025,Bagalkote,2025-11-25 14:49,2025-11-27 01:49,Theft,Snatching,BNS 303(2),16.318896,75.865945,P009921,P007611,P000135,PI Chetan Kumar,Untraced
FIR202504501,FIR/4501/2025,PS0157,Bidar,2025-11-25 17:57,2025-11-27 01:57,Theft,Snatching,BNS 303(2),17.831002,77.587657,P006005,P002946,P008511,SI Mahesh Bhat,Under Investigation
FIR202504483,FIR/4483/2025,PS0181,Bidar,2025-11-25 01:05,2025-11-27 02:05,Assault,Simple Assault,"BNS 115(2), BNS 117(2)",18.025212,77.390785,P001419,P004762,P008968,PI Ramesh Gowda,Chargesheeted
FIR202504525,FIR/4525/2025,PS0101,Bengaluru Rural,2025-11-26 20:36,2025-11-27 02:36,Burglary,Day Burglary,"BNS 331(3), BNS 331(4)",13.269995,77.748515,P001639,P008677,"P000802, P000245",PI Suresh Kulkarni,Chargesheeted
FIR202504518,FIR/4518/2025,PS0195,Chamarajanagar,2025-11-26 15:37,2025-11-27 02:37,Robbery,Chain Snatching with Force,BNS 309(4),11.895656,77.076179,P004947,P000118,P006218,SI Ganesh Rao,Chargesheeted
FIR202504411,FIR/4411/2025,PS0190,Bidar,2025-11-23 01:54,2025-11-27 02:54,Fraud,Cheating,BNS 318(4),17.752001,77.588581,P005497,P004608,"P009712, P000551",SI Ganesh Rao,Under Investigation
FIR202504521,FIR/4521/2025,PS0232,Chamarajanagar,2025-11-26 18:19,2025-11-27 03:19,POCSO,Sexual Assault on Minor,"POCSO Act Sec 4, BNS 64",11.795177,76.87272,P001610,P005144,P008542,SI Mahesh Bhat,Chargesheeted
FIR202504444,FIR/4444/2025,PS0098,Bengaluru Rural,2025-11-23 21:25,2025-11-27 03:25,Assault,Grievous Hurt,"BNS 115(2), BNS 117(2)",13.295244,77.741856,P006355,P007883,P004615,SI Mahesh Bhat,Chargesheeted
FIR202504520,FIR/4520/2025,PS0178,Bidar,2025-11-26 17:32,2025-11-27 03:32,POCSO,Harassment,"POCSO Act Sec 4, BNS 64",17.88676,77.484679,P001844,P004461,P006624,SI Prakash Sharma,Chargesheeted
FIR202504526,FIR/4526/2025,PS0002,Bagalkote,2025-11-27 00:33,2025-11-27 03:33,POCSO,Sexual Assault on Minor,"POCSO Act Sec 4, BNS 64",16.098304,75.486271,P003376,P000001,P006900,SI Prakash Sharma,Under Investigation
FIR202504502,FIR/4502/2025,PS0187,Bidar,2025-11-25 19:06,2025-11-27 04:06,POCSO,Harassment,"POCSO Act Sec 4, BNS 64",17.952451,77.71069,P009066,P004648,P003879,SI Prakash Sharma,Under Investigation
FIR202504527,FIR/4527/2025,PS0152,Bengaluru Urban,2025-11-27 03:05,2025-11-27 05:05,Theft,Snatching,BNS 303(2),13.004173,77.388555,P002719,P009162,P005785,SI Divya Hegde,Chargesheeted
FIR202504505,FIR/4505/2025,PS0206,Chamarajanagar,2025-11-25 19:50,2025-11-27 06:50,Fraud,Corporate Fraud,BNS 318(4),11.838635,77.107834,P003227,P002305,P000065,PI Chetan Kumar,Under Investigation
FIR202504512,FIR/4512/2025,PS0021,Bagalkote,2025-11-25 23:23,2025-11-27 07:23,Fraud,Corporate Fraud,BNS 318(4),16.01105,75.537175,P007328,P001289,P006810,SI Divya Hegde,Chargesheeted
FIR202504447,FIR/4447/2025,PS0146,Bengaluru Urban,2025-11-23 23:59,2025-11-27 11:59,Vehicle Theft,Two-Wheeler Theft,BNS 303(2),12.968059,77.769008,P008630,P005968,P008438,PI Suresh Kulkarni,Under Investigation
FIR202504394,FIR/4394/2025,PS0171,Bidar,2025-11-22 04:50,2025-11-27 12:50,Fraud,Cheating,BNS 318(4),17.774235,77.581553,P006686,P002783,P008450,PI Lakshmi Devi,Under Investigation
FIR202504426,FIR/4426/2025,PS0191,Bidar,2025-11-23 12:15,2025-11-27 13:15,Cyber Crime,Identity Theft,"IT Act 66D, BNS 318(4)",17.928433,77.39302,P002895,P006269,P008799,PI Harish Naik,Under Investigation
FIR202504536,FIR/4536/2025,PS0010,Bagalkote,2025-11-27 17:23,2025-11-27 20:23,Vehicle Theft,Two-Wheeler Theft,BNS 303(2),16.159154,75.806302,P007214,P003456,P009038,PI Harish Naik,Under Investigation
FIR202504516,FIR/4516/2025,PS0061,Belagavi,2025-11-26 12:14,2025-11-27 21:14,Vehicle Theft,Car Theft,BNS 303(2),16.040863,74.405226,P006507,P006354,P007151,PI Ramesh Gowda,Untraced
FIR202504533,FIR/4533/2025,PS0190,Bidar,2025-11-27 16:45,2025-11-27 21:45,Fraud,Cheating,BNS 318(4),17.727592,77.588296,P007245,P001753,P004871,PI Ramesh Gowda,Under Investigation
FIR202504532,FIR/4532/2025,PS0194,Chamarajanagar,2025-11-27 16:27,2025-11-27 22:27,Fraud,Land Scam,BNS 318(4),11.773489,76.893411,P008645,P005785,P003525,SI Ravi Kumar,Under Investigation
FIR202504517,FIR/4517/2025,PS0018,Bagalkote,2025-11-26 14:29,2025-11-27 23:29,Vehicle Theft,Two-Wheeler Theft,BNS 303(2),16.2087,75.777836,P008437,P002956,P000664,PI Chetan Kumar,Chargesheeted
FIR202504540,FIR/4540/2025,PS0115,Bengaluru Urban,2025-11-27 21:58,2025-11-27 23:58,NDPS,Possession of Narcotics,NDPS Act Sec 20(b),12.877441,77.395837,P002353,P003012,P007630,SI Ravi Kumar,Chargesheeted
FIR202504538,FIR/4538/2025,PS0183,Bidar,2025-11-27 20:16,2025-11-28 00:16,Fraud,Land Scam,BNS 318(4),17.77612,77.415487,P000489,P008878,P002535,PI Chetan Kumar,Under Investigation
FIR202504535,FIR/4535/2025,PS0185,Bidar,2025-11-27 17:03,2025-11-28 02:03,Dacoity,Armed Dacoity,BNS 310(2),17.867774,77.515395,P005634,P000155,P008061,SI Divya Hegde,Chargesheeted
FIR202504476,FIR/4476/2025,PS0211,Chamarajanagar,2025-11-24 18:18,2025-11-28 04:18,Theft,Pocket Pick,BNS 303(2),11.835122,77.0818,P001292,P005563,P004043,PI Suresh Kulkarni,Under Investigation
FIR202504522,FIR/4522/2025,PS0058,Belagavi,2025-11-26 18:21,2025-11-28 05:21,Dacoity,Bank Dacoity,BNS 310(2),15.690394,74.37628,P001956,P009470,P003815,SI Ravi Kumar,Untraced
FIR202504509,FIR/4509/2025,PS0067,Belagavi,2025-11-25 21:32,2025-11-28 06:32,Fraud,Corporate Fraud,BNS 318(4),15.872493,74.680246,P006389,P004407,P006673,SI Ravi Kumar,Chargesheeted
FIR202504550,FIR/4550/2025,PS0217,Chamarajanagar,2025-11-28 06:16,2025-11-28 13:16,Dacoity,Bank Dacoity,BNS 310(2),11.756847,76.883842,P000965,P006993,P007278,PI Ramesh Gowda,Untraced
FIR202504528,FIR/4528/2025,PS0226,Chamarajanagar,2025-11-27 05:32,2025-11-28 14:32,Burglary,Day Burglary,"BNS 331(3), BNS 331(4)",11.766708,77.012091,P003125,P001621,P003999,SI Ravi Kumar,Under Investigation
FIR202504555,FIR/4555/2025,PS0172,Bidar,2025-11-28 11:03,2025-11-28 15:03,POCSO,Sexual Assault on Minor,"POCSO Act Sec 4, BNS 64",17.961419,77.481558,P001864,P009984,P003906,PI Harish Naik,Chargesheeted
FIR202504454,FIR/4454/2025,PS0181,Bidar,2025-11-24 04:58,2025-11-28 15:58,Fraud,Corporate Fraud,BNS 318(4),18.015517,77.41004,P007701,P005234,P004751,PI Harish Naik,Chargesheeted
FIR202504551,FIR/4551/2025,PS0233,Chamarajanagar,2025-11-28 07:46,2025-11-28 16:46,Theft,Snatching,BNS 303(2),11.734259,76.825863,P006172,P007123,P009369,PI Suresh Kulkarni,Under Investigation
FIR202504557,FIR/4557/2025,PS0014,Bagalkote,2025-11-28 11:24,2025-11-28 17:24,Dacoity,Bank Dacoity,BNS 310(2),16.315458,75.848399,P001551,P003409,P000826,SI Ganesh Rao,Closed
FIR202504552,FIR/4552/2025,PS0157,Bidar,2025-11-28 08:28,2025-11-28 18:28,Assault,Simple Assault,"BNS 115(2), BNS 117(2)",17.811874,77.591906,P005136,P008898,P009975,SI Ganesh Rao,Under Investigation
FIR202504561,FIR/4561/2025,PS0012,Bagalkote,2025-11-28 16:45,2025-11-28 18:45,POCSO,Harassment,"POCSO Act Sec 4, BNS 64",16.276256,75.831107,P008126,P000017,P001304,PI Suresh Kulkarni,Chargesheeted
FIR202504554,FIR/4554/2025,PS0180,Bidar,2025-11-28 11:00,2025-11-28 19:00,Assault,Public Affray,"BNS 115(2), BNS 117(2)",18.042874,77.401953,P008921,P007550,P003213,SI Mahesh Bhat,Untraced
FIR202504421,FIR/4421/2025,PS0202,Chamarajanagar,2025-11-23 10:41,2025-11-28 20:41,Dacoity,Armed Dacoity,BNS 310(2),11.931625,76.884299,P006897,P001925,P002628,SI Mahesh Bhat,Under Investigation
FIR202504530,FIR/4530/2025,PS0196,Chamarajanagar,2025-11-27 10:46,2025-11-28 20:46,POCSO,Sexual Assault on Minor,"POCSO Act Sec 4, BNS 64",12.010558,76.936988,P004058,P009091,P009247,PI Naveen Patil,Chargesheeted
FIR202504563,FIR/4563/2025,PS0029,Ballari,2025-11-28 17:21,2025-11-28 21:21,POCSO,Sexual Assault on Minor,"POCSO Act Sec 4, BNS 64",14.994546,76.894537,P002667,P003013,P001204,SI Divya Hegde,Closed
FIR202504560,FIR/4560/2025,PS0004,Bagalkote,2025-11-28 16:45,2025-11-28 23:45,Theft,Pocket Pick,BNS 303(2),16.03607,75.675059,P003507,P003785,P009914,PI Harish Naik,Untraced
FIR202504564,FIR/4564/2025,PS0062,Belagavi,2025-11-28 19:46,2025-11-29 01:46,Theft,Snatching,BNS 303(2),15.760219,74.494222,P002351,P008504,P005272,SI Prakash Sharma,Untraced
FIR202504565,FIR/4565/2025,PS0042,Ballari,2025-11-28 19:47,2025-11-29 01:47,Murder,Dowry Homicide,BNS 103(1),15.030201,77.006677,P009203,P001601,P009114,PI Suresh Kulkarni,Under Investigation
FIR202504542,FIR/4542/2025,PS0169,Bidar,2025-11-27 23:55,2025-11-29 01:55,Assault,Simple Assault,"BNS 115(2), BNS 117(2)",17.990323,77.708621,P005364,P008540,P003618,SI Mahesh Bhat,Closed
FIR202504562,FIR/4562/2025,PS0170,Bidar,2025-11-28 16:53,2025-11-29 03:53,Assault,Grievous Hurt,"BNS 115(2), BNS 117(2)",17.887369,77.393862,P006549,P008482,P002040,SI Divya Hegde,Under Investigation
FIR202504544,FIR/4544/2025,PS0153,Bidar,2025-11-28 02:13,2025-11-29 05:13,Murder,Personal Enmity,BNS 103(1),17.763792,77.331414,P000554,P002270,P001661,PI Ramesh Gowda,Untraced
FIR202504539,FIR/4539/2025,PS0038,Ballari,2025-11-27 21:05,2025-11-29 06:05,Assault,Simple Assault,"BNS 115(2), BNS 117(2)",15.056195,77.064326,P002216,P004678,P008581,PI Chetan Kumar,Chargesheeted
FIR202504571,FIR/4571/2025,PS0208,Chamarajanagar,2025-11-29 00:18,2025-11-29 06:18,Robbery,Highway Robbery,BNS 309(4),11.813088,77.152901,P009867,P006564,P001547,SI Prakash Sharma,Under Investigation
FIR202504578,FIR/4578/2025,PS0009,Bagalkote,2025-11-29 05:21,2025-11-29 07:21,Burglary,Day Burglary,"BNS 331(3), BNS 331(4)",16.082931,75.768764,P003412,P000331,P001274,SI Ganesh Rao,Under Investigation
FIR202504572,FIR/4572/2025,PS0155,Bidar,2025-11-29 00:21,2025-11-29 07:21,Robbery,Highway Robbery,BNS 309(4),17.949354,77.339646,P006998,P004802,"P009840, P003779",SI Divya Hegde,Chargesheeted
FIR202504508,FIR/4508/2025,PS0182,Bidar,2025-11-25 21:22,2025-11-29 09:22,Assault,Grievous Hurt,"BNS 115(2), BNS 117(2)",17.912976,77.674785,P000930,P009128,P006120,SI Ravi Kumar,Untraced
FIR202504486,FIR/4486/2025,PS0084,Bengaluru Rural,2025-11-25 04:58,2025-11-29 10:58,Cyber Crime,Phishing,"IT Act 66D, BNS 318(4)",13.15256,77.569104,P008092,P009524,P008906,PI Naveen Patil,Untraced
FIR202504548,FIR/4548/2025,PS0035,Ballari,2025-11-28 04:01,2025-11-29 11:01,Assault,Grievous Hurt,"BNS 115(2), BNS 117(2)",15.225648,76.870678,P009582,P008465,P002695,PI Harish Naik,Chargesheeted
FIR202504570,FIR/4570/2025,PS0226,Chamarajanagar,2025-11-29 00:14,2025-11-29 11:14,Fraud,Land Scam,BNS 318(4),11.763159,76.989202,P008939,P000862,P006829,SI Ravi Kumar,Closed
FIR202504463,FIR/4463/2025,PS0004,Bagalkote,2025-11-24 11:08,2025-11-29 13:08,Theft,Snatching,BNS 303(2),16.052313,75.699136,P009104,P001272,P000406,PI Chetan Kumar,Untraced
FIR202504575,FIR/4575/2025,PS0021,Bagalkote,2025-11-29 04:20,2025-11-29 13:20,Vehicle Theft,Two-Wheeler Theft,BNS 303(2),16.008258,75.522808,P006038,P009114,P007451,SI Ganesh Rao,Closed
FIR202504577,FIR/4577/2025,PS0133,Bengaluru Urban,2025-11-29 04:44,2025-11-29 14:44,Cyber Crime,Identity Theft,"IT Act 66D, BNS 318(4)",12.998701,77.521178,P005338,P009677,P005761,SI Mahesh Bhat,Chargesheeted
FIR202504546,FIR/4546/2025,PS0154,Bidar,2025-11-28 02:56,2025-11-29 14:56,Vehicle Theft,Car Theft,BNS 303(2),17.910298,77.395326,P008207,P000796,P003540,SI Ganesh Rao,Closed
FIR202504581,FIR/4581/2025,PS0246,Chikkaballapura,2025-11-29 08:18,2025-11-29 17:18,Vehicle Theft,Two-Wheeler Theft,BNS 303(2),13.461934,77.745445,P000364,P002931,P007571,SI Mahesh Bhat,Chargesheeted
FIR202504556,FIR/4556/2025,PS0231,Chamarajanagar,2025-11-28 11:13,2025-11-29 19:13,Cyber Crime,Phishing,"IT Act 66D, BNS 318(4)",11.961374,77.000793,P002967,P004010,P007780,PI Lakshmi Devi,Chargesheeted
FIR202504458,FIR/4458/2025,PS0201,Chamarajanagar,2025-11-24 07:40,2025-11-29 19:40,Fraud,Cheating,BNS 318(4),11.994866,76.840337,P000234,P008831,P008981,PI Suresh Kulkarni,Under Investigation
FIR202504558,FIR/4558/2025,PS0164,Bidar,2025-11-28 16:18,2025-11-29 20:18,Vehicle Theft,Two-Wheeler Theft,BNS 303(2),17.967488,77.456534,P004760,P006106,P007243,PI Naveen Patil,Closed
FIR202504583,FIR/4583/2025,PS0061,Belagavi,2025-11-29 12:39,2025-11-29 22:39,Assault,Grievous Hurt,"BNS 115(2), BNS 117(2)",16.036077,74.39826,P003619,P008031,P009606,SI Prakash Sharma,Under Investigation
FIR202504559,FIR/4559/2025,PS0162,Bidar,2025-11-28 16:40,2025-11-30 02:40,Dacoity,Bank Dacoity,BNS 310(2),18.009614,77.460142,P006002,P003877,P007499,PI Ramesh Gowda,Chargesheeted
FIR202504537,FIR/4537/2025,PS0226,Chamarajanagar,2025-11-27 17:31,2025-11-30 03:31,Theft,Pocket Pick,BNS 303(2),11.762157,77.005181,P006714,P009923,P007426,SI Divya Hegde,Chargesheeted
FIR202504534,FIR/4534/2025,PS0050,Belagavi,2025-11-27 16:59,2025-11-30 03:59,Cyber Crime,Identity Theft,"IT Act 66D, BNS 318(4)",15.725034,74.32844,P008980,P008489,P008841,SI Prakash Sharma,Chargesheeted
FIR202504569,FIR/4569/2025,PS0227,Chamarajanagar,2025-11-28 23:14,2025-11-30 04:14,Burglary,Night House Breaking,"BNS 331(3), BNS 331(4)",11.916671,76.940728,P006635,P007452,"P007372, P003064",SI Divya Hegde,Chargesheeted
FIR202504504,FIR/4504/2025,PS0218,Chamarajanagar,2025-11-25 19:33,2025-11-30 04:33,Theft,Pocket Pick,BNS 303(2),11.873633,77.044194,P009019,P002352,"P000292, P006795",SI Mahesh Bhat,Chargesheeted
FIR202504524,FIR/4524/2025,PS0141,Bengaluru Urban,2025-11-26 20:33,2025-11-30 05:33,Cyber Crime,Phishing,"IT Act 66D, BNS 318(4)",12.867516,77.391118,P000685,P001221,P001398,PI Lakshmi Devi,Chargesheeted
FIR202504541,FIR/4541/2025,PS0155,Bidar,2025-11-27 22:50,2025-11-30 06:50,NDPS,Possession of Narcotics,NDPS Act Sec 20(b),17.978172,77.343546,P001897,P006298,P008389,SI Prakash Sharma,Chargesheeted
FIR202504567,FIR/4567/2025,PS0217,Chamarajanagar,2025-11-28 22:20,2025-11-30 07:20,Cyber Crime,Financial Fraud,"IT Act 66D, BNS 318(4)",11.757082,76.905969,P001183,P001430,P000896,SI Mahesh Bhat,Chargesheeted
FIR202504589,FIR/4589/2025,PS0194,Chamarajanagar,2025-11-30 01:25,2025-11-30 08:25,Fraud,Land Scam,BNS 318(4),11.767667,76.899768,P003101,P004582,P004240,SI Mahesh Bhat,Under Investigation
FIR202504547,FIR/4547/2025,PS0192,Bidar,2025-11-28 03:48,2025-11-30 09:48,Fraud,Land Scam,BNS 318(4),17.997116,77.351525,P006889,P004279,P008412,SI Ravi Kumar,Chargesheeted
FIR202504592,FIR/4592/2025,PS0033,Ballari,2025-11-30 05:19,2025-11-30 12:19,NDPS,Possession of Narcotics,NDPS Act Sec 20(b),15.02294,76.827762,P005405,P005796,P001580,PI Harish Naik,Under Investigation
FIR202504596,FIR/4596/2025,PS0038,Ballari,2025-11-30 08:48,2025-11-30 12:48,Fraud,Cheating,BNS 318(4),15.090087,77.049084,P002041,P008256,P009517,PI Suresh Kulkarni,Chargesheeted
FIR202504529,FIR/4529/2025,PS0117,Bengaluru Urban,2025-11-27 08:57,2025-11-30 17:57,Murder,Personal Enmity,BNS 103(1),13.124487,77.800984,P009107,P008207,P000668,PI Suresh Kulkarni,Chargesheeted
FIR202504594,FIR/4594/2025,PS0209,Chamarajanagar,2025-11-30 08:32,2025-11-30 18:32,Assault,Public Affray,"BNS 115(2), BNS 117(2)",12.06762,76.993547,P008351,P008506,P007665,SI Divya Hegde,Chargesheeted
FIR202504586,FIR/4586/2025,PS0031,Ballari,2025-11-29 16:16,2025-11-30 20:16,Cyber Crime,Financial Fraud,"IT Act 66D, BNS 318(4)",14.996089,77.098363,P000604,P003768,P000708,PI Harish Naik,Untraced
FIR202504606,FIR/4606/2025,PS0108,Bengaluru Rural,2025-11-30 17:47,2025-11-30 20:47,Fraud,Cheating,BNS 318(4),13.197697,77.460911,P006640,P002863,P000964,SI Prakash Sharma,Chargesheeted
FIR202504602,FIR/4602/2025,PS0241,Chikkaballapura,2025-11-30 14:40,2025-11-30 21:40,Theft,Pocket Pick,BNS 303(2),13.249004,77.913827,P003370,P009058,P001230,PI Suresh Kulkarni,Chargesheeted
FIR202504582,FIR/4582/2025,PS0087,Bengaluru Rural,2025-11-29 09:44,2025-11-30 21:44,Fraud,Cheating,BNS 318(4),13.163525,77.512886,P007929,P005316,P006197,PI Suresh Kulkarni,Chargesheeted
FIR202504603,FIR/4603/2025,PS0178,Bidar,2025-11-30 15:53,2025-11-30 21:53,Dacoity,Bank Dacoity,BNS 310(2),17.89025,77.478291,P006492,P007185,P004002,PI Chetan Kumar,Closed
FIR202504587,FIR/4587/2025,PS0210,Chamarajanagar,2025-11-29 16:19,2025-11-30 23:19,Robbery,Highway Robbery,BNS 309(4),12.001677,76.804426,P001562,P008077,P002222,SI Ganesh Rao,Chargesheeted
FIR202504531,FIR/4531/2025,PS0141,Bengaluru Urban,2025-11-27 13:13,2025-12-01 00:13,Cyber Crime,Identity Theft,"IT Act 66D, BNS 318(4)",12.869927,77.385376,P003786,P003483,P007306,PI Chetan Kumar,Closed
FIR202504585,FIR/4585/2025,PS0216,Chamarajanagar,2025-11-29 15:19,2025-12-01 00:19,Vehicle Theft,Two-Wheeler Theft,BNS 303(2),11.736585,76.936361,P005341,P007065,P005316,SI Ravi Kumar,Chargesheeted
FIR202504609,FIR/4609/2025,PS0159,Bidar,2025-11-30 18:48,2025-12-01 01:48,Assault,Grievous Hurt,"BNS 115(2), BNS 117(2)",18.038979,77.478633,P006839,P000209,P005757,PI Chetan Kumar,Under Investigation
FIR202504612,FIR/4612/2025,PS0191,Bidar,2025-11-30 21:57,2025-12-01 01:57,Dacoity,Bank Dacoity,BNS 310(2),17.928653,77.402257,P004455,P007044,P002065,SI Divya Hegde,Chargesheeted
FIR202504573,FIR/4573/2025,PS0002,Bagalkote,2025-11-29 01:40,2025-12-01 04:40,Murder,Personal Enmity,BNS 103(1),16.105345,75.515506,P004393,P001286,P007486,PI Chetan Kumar,Under Investigation
FIR202504613,FIR/4613/2025,PS0152,Bengaluru Urban,2025-11-30 23:01,2025-12-01 05:01,NDPS,Possession of Narcotics,NDPS Act Sec 20(b),13.005488,77.392548,P003515,P008441,P003234,PI Chetan Kumar,Under Investigation
FIR202504610,FIR/4610/2025,PS0202,Chamarajanagar,2025-11-30 18:50,2025-12-01 05:50,Dacoity,Bank Dacoity,BNS 310(2),11.949101,76.85385,P007466,P007587,P007053,PI Harish Naik,Chargesheeted
FIR202504588,FIR/4588/2025,PS0045,Ballari,2025-11-30 01:07,2025-12-01 06:07,Assault,Public Affray,"BNS 115(2), BNS 117(2)",15.00759,76.901062,P000301,P005457,"P005507, P005997",PI Naveen Patil,Untraced
FIR202504611,FIR/4611/2025,PS0174,Bidar,2025-11-30 19:50,2025-12-01 06:50,Dacoity,Armed Dacoity,BNS 310(2),17.860074,77.546717,P007902,P007968,P006138,PI Harish Naik,Chargesheeted
FIR202504545,FIR/4545/2025,PS0200,Chamarajanagar,2025-11-28 02:28,2025-12-01 07:28,Assault,Grievous Hurt,"BNS 115(2), BNS 117(2)",11.796459,77.031937,P004316,P002011,P007129,PI Suresh Kulkarni,Chargesheeted
FIR202504574,FIR/4574/2025,PS0171,Bidar,2025-11-29 02:45,2025-12-01 07:45,Fraud,Cheating,BNS 318(4),17.754719,77.561296,P004775,P002974,P008026,SI Ganesh Rao,Under Investigation
FIR202504591,FIR/4591/2025,PS0143,Bengaluru Urban,2025-11-30 04:46,2025-12-01 07:46,Fraud,Corporate Fraud,BNS 318(4),12.78616,77.412509,P000856,P005554,P005123,PI Naveen Patil,Under Investigation
FIR202504566,FIR/4566/2025,PS0194,Chamarajanagar,2025-11-28 20:57,2025-12-01 07:57,Vehicle Theft,Car Theft,BNS 303(2),11.768364,76.870335,P004605,P009134,P008997,SI Divya Hegde,Chargesheeted
FIR202504543,FIR/4543/2025,PS0197,Chamarajanagar,2025-11-28 01:48,2025-12-01 09:48,Dacoity,Armed Dacoity,BNS 310(2),11.875201,77.058788,P003506,P007616,P005077,PI Naveen Patil,Under Investigation
FIR202504580,FIR/4580/2025,PS0174,Bidar,2025-11-29 07:53,2025-12-01 09:53,Robbery,Chain Snatching with Force,BNS 309(4),17.885502,77.573038,P004085,P005046,P006911,PI Suresh Kulkarni,Chargesheeted
FIR202504590,FIR/4590/2025,PS0075,Bengaluru Rural,2025-11-30 04:08,2025-12-01 12:08,Theft,Pocket Pick,BNS 303(2),13.183944,77.515592,P002808,P002571,P006475,PI Suresh Kulkarni,Chargesheeted
FIR202504597,FIR/4597/2025,PS0014,Bagalkote,2025-11-30 09:38,2025-12-01 12:38,POCSO,Sexual Assault on Minor,"POCSO Act Sec 4, BNS 64",16.304952,75.823742,P006610,P001653,P007466,PI Harish Naik,Chargesheeted
FIR202504593,FIR/4593/2025,PS0214,Chamarajanagar,2025-11-30 08:26,2025-12-01 13:26,POCSO,Harassment,"POCSO Act Sec 4, BNS 64",11.948534,76.848836,P002241,P003280,P005835,PI Harish Naik,Untraced
FIR202504595,FIR/4595/2025,PS0183,Bidar,2025-11-30 08:44,2025-12-01 13:44,Dacoity,Bank Dacoity,BNS 310(2),17.776867,77.389329,P006069,P002843,P002627,PI Suresh Kulkarni,Under Investigation
FIR202504579,FIR/4579/2025,PS0245,Chikkaballapura,2025-11-29 06:36,2025-12-01 14:36,Vehicle Theft,Two-Wheeler Theft,BNS 303(2),13.32577,77.762265,P006545,P007196,P004398,SI Mahesh Bhat,Chargesheeted
FIR202504619,FIR/4619/2025,PS0018,Bagalkote,2025-12-01 10:12,2025-12-01 17:12,Fraud,Corporate Fraud,BNS 318(4),16.209621,75.780153,P004909,P009567,P000733,PI Naveen Patil,Chargesheeted
FIR202504604,FIR/4604/2025,PS0200,Chamarajanagar,2025-11-30 16:00,2025-12-01 19:00,Assault,Public Affray,"BNS 115(2), BNS 117(2)",11.781182,77.023023,P003716,P005969,P005645,PI Lakshmi Devi,Chargesheeted
FIR202504601,FIR/4601/2025,PS0237,Chikkaballapura,2025-11-30 14:31,2025-12-01 21:31,Fraud,Cheating,BNS 318(4),13.370748,77.666218,P006791,P002512,P003315,PI Harish Naik,Under Investigation
FIR202504598,FIR/4598/2025,PS0184,Bidar,2025-11-30 11:59,2025-12-01 21:59,NDPS,Drug Trafficking,NDPS Act Sec 20(b),17.920746,77.639188,P003195,P003152,P006860,PI Suresh Kulkarni,Chargesheeted
FIR202504553,FIR/4553/2025,PS0028,Ballari,2025-11-28 10:11,2025-12-01 22:11,Dacoity,Bank Dacoity,BNS 310(2),15.035543,76.852641,P005202,P007803,P000233,PI Chetan Kumar,Chargesheeted
FIR202504605,FIR/4605/2025,PS0187,Bidar,2025-11-30 16:17,2025-12-01 22:17,Dacoity,Armed Dacoity,BNS 310(2),17.98436,77.692408,P000124,P004279,P000465,PI Naveen Patil,Untraced
FIR202504621,FIR/4621/2025,PS0162,Bidar,2025-12-01 13:25,2025-12-02 01:25,Cyber Crime,Identity Theft,"IT Act 66D, BNS 318(4)",18.008172,77.477218,P004066,P006719,P008660,PI Ramesh Gowda,Under Investigation
FIR202504607,FIR/4607/2025,PS0155,Bidar,2025-11-30 17:58,2025-12-02 01:58,Dacoity,Bank Dacoity,BNS 310(2),17.965695,77.318861,P002767,P007463,P004225,SI Ravi Kumar,Chargesheeted
FIR202504628,FIR/4628/2025,PS0025,Bagalkote,2025-12-02 01:01,2025-12-02 05:01,POCSO,Sexual Assault on Minor,"POCSO Act Sec 4, BNS 64",16.344244,75.833928,P003761,P007515,P006428,SI Prakash Sharma,Chargesheeted
FIR202504568,FIR/4568/2025,PS0060,Belagavi,2025-11-28 23:02,2025-12-02 05:02,Fraud,Cheating,BNS 318(4),16.021032,74.54023,P004445,P002685,P007656,PI Harish Naik,Under Investigation
FIR202504627,FIR/4627/2025,PS0001,Bagalkote,2025-12-02 00:53,2025-12-02 09:53,Dacoity,Armed Dacoity,BNS 310(2),16.172802,75.584253,P007049,P006243,P009545,PI Chetan Kumar,Untraced
FIR202504615,FIR/4615/2025,PS0020,Bagalkote,2025-12-01 01:48,2025-12-02 11:48,NDPS,Drug Trafficking,NDPS Act Sec 20(b),16.248353,75.606874,P007833,P009018,P008102,PI Suresh Kulkarni,Chargesheeted
FIR202504626,FIR/4626/2025,PS0019,Bagalkote,2025-12-02 00:47,2025-12-02 12:47,Theft,Pocket Pick,BNS 303(2),16.05582,75.887211,P009950,P006817,P007800,PI Suresh Kulkarni,Chargesheeted
FIR202504631,FIR/4631/2025,PS0001,Bagalkote,2025-12-02 03:55,2025-12-02 12:55,Fraud,Corporate Fraud,BNS 318(4),16.196897,75.591575,P003491,P003697,P007872,SI Ganesh Rao,Under Investigation
FIR202504632,FIR/4632/2025,PS0078,Bengaluru Rural,2025-12-02 04:17,2025-12-02 14:17,Fraud,Corporate Fraud,BNS 318(4),13.119499,77.575138,P007692,P002727,P008227,SI Ravi Kumar,Chargesheeted
FIR202504576,FIR/4576/2025,PS0172,Bidar,2025-11-29 04:32,2025-12-02 16:32,Assault,Public Affray,"BNS 115(2), BNS 117(2)",17.948792,77.476246,P006727,P002530,P006665,PI Lakshmi Devi,Chargesheeted
FIR202504599,FIR/4599/2025,PS0066,Belagavi,2025-11-30 12:42,2025-12-02 17:42,Theft,Pocket Pick,BNS 303(2),15.937095,74.638776,P001757,P002258,P000197,PI Lakshmi Devi,Under Investigation
FIR202504620,FIR/4620/2025,PS0154,Bidar,2025-12-01 12:06,2025-12-02 18:06,Dacoity,Armed Dacoity,BNS 310(2),17.909702,77.421323,P007593,P007095,P001221,PI Lakshmi Devi,Chargesheeted
FIR202504634,FIR/4634/2025,PS0176,Bidar,2025-12-02 10:02,2025-12-02 19:02,Burglary,Day Burglary,"BNS 331(3), BNS 331(4)",17.764021,77.545222,P007263,P006464,P001899,PI Ramesh Gowda,Closed
FIR202504608,FIR/4608/2025,PS0200,Chamarajanagar,2025-11-30 18:03,2025-12-02 19:03,Dacoity,Armed Dacoity,BNS 310(2),11.788386,77.008087,P003724,P001234,P001098,PI Harish Naik,Untraced
FIR202504637,FIR/4637/2025,PS0069,Belagavi,2025-12-02 16:06,2025-12-02 20:06,Burglary,Night House Breaking,"BNS 331(3), BNS 331(4)",15.853104,74.357358,P003038,P002931,P008742,PI Ramesh Gowda,Chargesheeted
FIR202504584,FIR/4584/2025,PS0023,Bagalkote,2025-11-29 13:54,2025-12-03 01:54,Fraud,Cheating,BNS 318(4),16.124516,75.787474,P002907,P006644,P003808,PI Suresh Kulkarni,Chargesheeted
FIR202504623,FIR/4623/2025,PS0225,Chamarajanagar,2025-12-01 17:25,2025-12-03 04:25,Fraud,Corporate Fraud,BNS 318(4),12.025364,76.761203,P004567,P009235,P007376,SI Divya Hegde,Untraced
FIR202504638,FIR/4638/2025,PS0209,Chamarajanagar,2025-12-02 18:06,2025-12-03 05:06,Assault,Public Affray,"BNS 115(2), BNS 117(2)",12.05576,77.014182,P007451,P008815,P009590,PI Naveen Patil,Chargesheeted
FIR202504644,FIR/4644/2025,PS0096,Bengaluru Rural,2025-12-03 02:33,2025-12-03 07:33,NDPS,Drug Trafficking,NDPS Act Sec 20(b),13.159847,77.471577,P000171,P009838,P009247,PI Suresh Kulkarni,Chargesheeted
FIR202504633,FIR/4633/2025,PS0198,Chamarajanagar,2025-12-02 07:15,2025-12-03 10:15,Robbery,Chain Snatching with Force,BNS 309(4),11.863277,77.074869,P006356,P008512,P006688,PI Chetan Kumar,Under Investigation
FIR202504629,FIR/4629/2025,PS0102,Bengaluru Rural,2025-12-02 02:19,2025-12-03 10:19,Assault,Simple Assault,"BNS 115(2), BNS 117(2)",13.119803,77.630976,P007912,P000423,"P009037, P001376",SI Prakash Sharma,Under Investigation
FIR202504640,FIR/4640/2025,PS0070,Bengaluru Rural,2025-12-02 23:10,2025-12-03 11:10,Murder,Personal Enmity,BNS 103(1),13.287596,77.745106,P008146,P009423,P003717,PI Suresh Kulkarni,Under Investigation
FIR202504630,FIR/4630/2025,PS0006,Bagalkote,2025-12-02 02:58,2025-12-03 13:58,Murder,Gang Conflict,BNS 103(1),16.363842,75.752904,P008852,P007866,P003369,PI Chetan Kumar,Under Investigation
FIR202504649,FIR/4649/2025,PS0206,Chamarajanagar,2025-12-03 09:04,2025-12-03 15:04,Vehicle Theft,Two-Wheeler Theft,BNS 303(2),11.848106,77.12347,P004008,P000697,P001850,PI Lakshmi Devi,Chargesheeted
FIR202504549,FIR/4549/2025,PS0182,Bidar,2025-11-28 06:15,2025-12-03 16:15,Dacoity,Bank Dacoity,BNS 310(2),17.931453,77.67622,P009032,P004185,P005984,SI Divya Hegde,Under Investigation
FIR202504647,FIR/4647/2025,PS0199,Chamarajanagar,2025-12-03 07:13,2025-12-03 19:13,NDPS,Drug Trafficking,NDPS Act Sec 20(b),11.878314,77.040696,P005314,P007574,P003574,PI Ramesh Gowda,Untraced
FIR202504653,FIR/4653/2025,PS0194,Chamarajanagar,2025-12-03 17:33,2025-12-03 19:33,Fraud,Cheating,BNS 318(4),11.780625,76.887838,P004391,P002541,P008441,SI Prakash Sharma,Untraced
FIR202504622,FIR/4622/2025,PS0227,Chamarajanagar,2025-12-01 16:02,2025-12-03 21:02,Fraud,Cheating,BNS 318(4),11.919589,76.931241,P003411,P005852,P008337,SI Divya Hegde,Chargesheeted
FIR202504651,FIR/4651/2025,PS0096,Bengaluru Rural,2025-12-03 16:44,2025-12-03 22:44,Vehicle Theft,Two-Wheeler Theft,BNS 303(2),13.128784,77.479768,P007018,P002513,P006396,PI Suresh Kulkarni,Untraced
FIR202504658,FIR/4658/2025,PS0185,Bidar,2025-12-03 20:48,2025-12-04 00:48,Dacoity,Armed Dacoity,BNS 310(2),17.90214,77.498645,P007778,P005792,P000206,PI Ramesh Gowda,Under Investigation
FIR202504654,FIR/4654/2025,PS0037,Ballari,2025-12-03 18:21,2025-12-04 02:21,Assault,Public Affray,"BNS 115(2), BNS 117(2)",15.063427,77.057918,P004221,P004457,P001619,SI Prakash Sharma,Chargesheeted
FIR202504642,FIR/4642/2025,PS0022,Bagalkote,2025-12-03 00:39,2025-12-04 04:39,Burglary,Night House Breaking,"BNS 331(3), BNS 331(4)",16.251079,75.603944,P005258,P004345,P005998,PI Lakshmi Devi,Chargesheeted
FIR202504639,FIR/4639/2025,PS0171,Bidar,2025-12-02 23:07,2025-12-04 06:07,Robbery,Chain Snatching with Force,BNS 309(4),17.768998,77.561594,P005121,P004719,P004752,SI Mahesh Bhat,Chargesheeted
FIR202504614,FIR/4614/2025,PS0077,Bengaluru Rural,2025-12-01 01:22,2025-12-04 07:22,Dacoity,Armed Dacoity,BNS 310(2),13.370281,77.628374,P007361,P005779,P002352,PI Suresh Kulkarni,Untraced
FIR202504617,FIR/4617/2025,PS0180,Bidar,2025-12-01 03:26,2025-12-04 07:26,Assault,Public Affray,"BNS 115(2), BNS 117(2)",18.064363,77.422951,P003623,P008451,P004916,SI Mahesh Bhat,Chargesheeted
FIR202504625,FIR/4625/2025,PS0086,Bengaluru Rural,2025-12-01 22:34,2025-12-04 08:34,POCSO,Harassment,"POCSO Act Sec 4, BNS 64",13.305134,77.469603,P003410,P000648,P008749,PI Ramesh Gowda,Chargesheeted
FIR202504646,FIR/4646/2025,PS0190,Bidar,2025-12-03 07:10,2025-12-04 09:10,NDPS,Drug Trafficking,NDPS Act Sec 20(b),17.726167,77.578804,P003478,P005601,P005790,SI Divya Hegde,Under Investigation
FIR202504641,FIR/4641/2025,PS0229,Chamarajanagar,2025-12-03 00:26,2025-12-04 12:26,Theft,Pocket Pick,BNS 303(2),12.036134,77.023578,P004718,P006399,"P000797, P009887",PI Lakshmi Devi,Under Investigation
FIR202504618,FIR/4618/2025,PS0208,Chamarajanagar,2025-12-01 04:33,2025-12-04 15:33,NDPS,Drug Trafficking,NDPS Act Sec 20(b),11.804465,77.137376,P006439,P000382,P005874,PI Ramesh Gowda,Chargesheeted
FIR202504664,FIR/4664/2025,PS0125,Bengaluru Urban,2025-12-04 14:28,2025-12-04 19:28,Vehicle Theft,Two-Wheeler Theft,BNS 303(2),12.782929,77.712775,P004729,P007158,"P000894, P004655",PI Lakshmi Devi,Chargesheeted
FIR202504655,FIR/4655/2025,PS0216,Chamarajanagar,2025-12-03 19:09,2025-12-04 22:09,Murder,Dowry Homicide,BNS 103(1),11.747283,76.95058,P009572,P009675,P004333,PI Naveen Patil,Under Investigation
FIR202504652,FIR/4652/2025,PS0165,Bidar,2025-12-03 16:53,2025-12-04 23:53,Assault,Public Affray,"BNS 115(2), BNS 117(2)",18.045184,77.452466,P006790,P000959,P009906,PI Suresh Kulkarni,Under Investigation
FIR202504600,FIR/4600/2025,PS0239,Chikkaballapura,2025-11-30 14:27,2025-12-05 01:27,Theft,Pocket Pick,BNS 303(2),13.45298,77.666213,P005016,P002418,P005124,SI Divya Hegde,Under Investigation
FIR202504657,FIR/4657/2025,PS0010,Bagalkote,2025-12-03 19:48,2025-12-05 02:48,Fraud,Corporate Fraud,BNS 318(4),16.185473,75.829231,P001101,P007386,P006663,PI Suresh Kulkarni,Chargesheeted
FIR202504660,FIR/4660/2025,PS0199,Chamarajanagar,2025-12-04 01:34,2025-12-05 03:34,Dacoity,Armed Dacoity,BNS 310(2),11.850866,77.06591,P005167,P002050,P005416,SI Ravi Kumar,Chargesheeted
FIR202504665,FIR/4665/2025,PS0013,Bagalkote,2025-12-04 22:52,2025-12-05 03:52,Murder,Personal Enmity,BNS 103(1),16.155965,75.671023,P006456,P000919,P002945,SI Divya Hegde,Chargesheeted
FIR202504656,FIR/4656/2025,PS0185,Bidar,2025-12-03 19:47,2025-12-05 04:47,Cyber Crime,Phishing,"IT Act 66D, BNS 318(4)",17.8854,77.494747,P008913,P004484,P001671,PI Chetan Kumar,Under Investigation
FIR202504669,FIR/4669/2025,PS0199,Chamarajanagar,2025-12-05 03:50,2025-12-05 04:50,Cyber Crime,Financial Fraud,"IT Act 66D, BNS 318(4)",11.872543,77.050869,P000540,P009743,P002227,SI Divya Hegde,Under Investigation
FIR202504661,FIR/4661/2025,PS0207,Chamarajanagar,2025-12-04 05:30,2025-12-05 06:30,Theft,House Theft,BNS 303(2),12.071405,77.106478,P005925,P000790,P006425,PI Ramesh Gowda,Untraced
FIR202504624,FIR/4624/2025,PS0211,Chamarajanagar,2025-12-01 19:38,2025-12-05 06:38,POCSO,Sexual Assault on Minor,"POCSO Act Sec 4, BNS 64",11.846795,77.074086,P001000,P000792,P002098,PI Harish Naik,Untraced
FIR202504670,FIR/4670/2025,PS0179,Bidar,2025-12-05 04:19,2025-12-05 09:19,Burglary,Day Burglary,"BNS 331(3), BNS 331(4)",18.111371,77.376422,P005270,P002074,P006718,PI Lakshmi Devi,Chargesheeted
FIR202504648,FIR/4648/2025,PS0022,Bagalkote,2025-12-03 08:05,2025-12-05 10:05,Theft,House Theft,BNS 303(2),16.269151,75.636729,P000786,P009276,P008779,PI Lakshmi Devi,Under Investigation
FIR202504673,FIR/4673/2025,PS0006,Bagalkote,2025-12-05 12:18,2025-12-05 13:18,Burglary,Night House Breaking,"BNS 331(3), BNS 331(4)",16.364106,75.764859,P002279,P007259,P006082,SI Mahesh Bhat,Chargesheeted
FIR202504635,FIR/4635/2025,PS0005,Bagalkote,2025-12-02 12:25,2025-12-05 14:25,Vehicle Theft,Two-Wheeler Theft,BNS 303(2),16.147859,75.565777,P000791,P007811,"P006487, P008979",SI Prakash Sharma,Under Investigation
FIR202504662,FIR/4662/2025,PS0118,Bengaluru Urban,2025-12-04 07:06,2025-12-05 16:06,Fraud,Cheating,BNS 318(4),12.770496,77.685572,P006164,P001746,P007961,SI Ganesh Rao,Under Investigation
FIR202504675,FIR/4675/2025,PS0171,Bidar,2025-12-05 16:24,2025-12-05 17:24,NDPS,Possession of Narcotics,NDPS Act Sec 20(b),17.758981,77.580853,P003568,P003545,P004377,PI Chetan Kumar,Chargesheeted
FIR202504663,FIR/4663/2025,PS0171,Bidar,2025-12-04 14:27,2025-12-06 00:27,Dacoity,Bank Dacoity,BNS 310(2),17.75497,77.581855,P009345,P007091,"P004409, P009886",SI Mahesh Bhat,Under Investigation
FIR202504678,FIR/4678/2025,PS0005,Bagalkote,2025-12-05 21:18,2025-12-06 01:18,Vehicle Theft,Car Theft,BNS 303(2),16.13392,75.561433,P001359,P005779,P007214,PI Ramesh Gowda,Under Investigation
FIR202504666,FIR/4666/2025,PS0166,Bidar,2025-12-04 22:52,2025-12-06 03:52,Vehicle Theft,Car Theft,BNS 303(2),17.794385,77.499817,P003173,P009816,P009839,PI Harish Naik,Under Investigation
FIR202504677,FIR/4677/2025,PS0247,Chikkaballapura,2025-12-05 19:43,2025-12-06 05:43,Assault,Grievous Hurt,"BNS 115(2), BNS 117(2)",13.475948,77.883717,P007420,P003054,P005872,PI Harish Naik,Closed
FIR202504616,FIR/4616/2025,PS0155,Bidar,2025-12-01 03:12,2025-12-06 06:12,NDPS,Drug Trafficking,NDPS Act Sec 20(b),17.975388,77.325637,P003268,P009434,P009591,PI Lakshmi Devi,Under Investigation
FIR202504681,FIR/4681/2025,PS0147,Bengaluru Urban,2025-12-06 01:29,2025-12-06 07:29,Fraud,Cheating,BNS 318(4),12.926841,77.567437,P001831,P004062,P008437,SI Divya Hegde,Chargesheeted
FIR202504671,FIR/4671/2025,PS0220,Chamarajanagar,2025-12-05 05:37,2025-12-06 07:37,Assault,Simple Assault,"BNS 115(2), BNS 117(2)",11.802378,76.790692,P009050,P009761,P006942,SI Mahesh Bhat,Chargesheeted
FIR202504679,FIR/4679/2025,PS0210,Chamarajanagar,2025-12-05 21:57,2025-12-06 07:57,Vehicle Theft,Car Theft,BNS 303(2),12.023297,76.811035,P002576,P008231,P006451,SI Prakash Sharma,Under Investigation
FIR202504684,FIR/4684/2025,PS0018,Bagalkote,2025-12-06 03:27,2025-12-06 08:27,Assault,Public Affray,"BNS 115(2), BNS 117(2)",16.190501,75.781516,P001362,P000653,P006579,PI Lakshmi Devi,Chargesheeted
FIR202504643,FIR/4643/2025,PS0004,Bagalkote,2025-12-03 01:43,2025-12-06 09:43,Fraud,Cheating,BNS 318(4),16.035056,75.672239,P001498,P008174,P008813,PI Suresh Kulkarni,Under Investigation
FIR202504682,FIR/4682/2025,PS0068,Belagavi,2025-12-06 02:47,2025-12-06 10:47,Burglary,Night House Breaking,"BNS 331(3), BNS 331(4)",16.042697,74.368723,P004079,P007931,P009316,PI Naveen Patil,Chargesheeted
FIR202504685,FIR/4685/2025,PS0078,Bengaluru Rural,2025-12-06 05:31,2025-12-06 15:31,Assault,Grievous Hurt,"BNS 115(2), BNS 117(2)",13.132188,77.559398,P001811,P009988,P007526,SI Ravi Kumar,Under Investigation
FIR202504687,FIR/4687/2025,PS0112,Bengaluru Urban,2025-12-06 15:27,2025-12-06 19:27,Vehicle Theft,Two-Wheeler Theft,BNS 303(2),13.113921,77.59577,P002861,P007148,"P007444, P005652",PI Lakshmi Devi,Under Investigation
FIR202504676,FIR/4676/2025,PS0242,Chikkaballapura,2025-12-05 17:46,2025-12-06 23:46,Murder,Gang Conflict,BNS 103(1),13.28536,77.840188,P006149,P001296,P003209,PI Ramesh Gowda,Chargesheeted
FIR202504650,FIR/4650/2025,PS0238,Chikkaballapura,2025-12-03 15:35,2025-12-07 02:35,Assault,Public Affray,"BNS 115(2), BNS 117(2)",13.305788,77.927649,P005578,P007806,P003289,SI Prakash Sharma,Under Investigation
FIR202504659,FIR/4659/2025,PS0016,Bagalkote,2025-12-03 21:41,2025-12-07 06:41,Theft,Snatching,BNS 303(2),15.973262,75.647473,P008707,P006518,P002292,SI Ganesh Rao,Chargesheeted
FIR202504668,FIR/4668/2025,PS0015,Bagalkote,2025-12-05 03:43,2025-12-07 06:43,NDPS,Possession of Narcotics,NDPS Act Sec 20(b),16.044854,75.690431,P006963,P007172,P007379,PI Naveen Patil,Chargesheeted
FIR202504692,FIR/4692/2025,PS0215,Chamarajanagar,2025-12-07 01:18,2025-12-07 08:18,Assault,Grievous Hurt,"BNS 115(2), BNS 117(2)",11.884408,76.984366,P000252,P001735,P003868,SI Divya Hegde,Chargesheeted
FIR202504667,FIR/4667/2025,PS0229,Chamarajanagar,2025-12-05 03:03,2025-12-07 10:03,Cyber Crime,Identity Theft,"IT Act 66D, BNS 318(4)",12.037335,76.998593,P009366,P006732,"P008362, P006602",SI Divya Hegde,Closed
FIR202504645,FIR/4645/2025,PS0093,Bengaluru Rural,2025-12-03 06:55,2025-12-07 10:55,Cyber Crime,Financial Fraud,"IT Act 66D, BNS 318(4)",13.202008,77.539981,P005049,P008691,P000241,PI Ramesh Gowda,Chargesheeted
FIR202504691,FIR/4691/2025,PS0207,Chamarajanagar,2025-12-07 01:16,2025-12-07 12:16,Dacoity,Armed Dacoity,BNS 310(2),12.08726,77.108787,P007866,P008621,P005342,PI Naveen Patil,Under Investigation
FIR202504694,FIR/4694/2025,PS0193,Chamarajanagar,2025-12-07 11:24,2025-12-07 13:24,Robbery,Highway Robbery,BNS 309(4),12.002016,76.839098,P001579,P006829,P006472,SI Ganesh Rao,Under Investigation
FIR202504674,FIR/4674/2025,PS0204,Chamarajanagar,2025-12-05 13:21,2025-12-07 17:21,Murder,Dowry Homicide,BNS 103(1),12.066218,77.064612,P006715,P007642,P001493,SI Divya Hegde,Chargesheeted
FIR202504698,FIR/4698/2025,PS0197,Chamarajanagar,2025-12-07 15:57,2025-12-07 18:57,Murder,Dowry Homicide,BNS 103(1),11.849163,77.047257,P007831,P006340,P005976,SI Divya Hegde,Chargesheeted
FIR202504700,FIR/4700/2025,PS0010,Bagalkote,2025-12-07 16:45,2025-12-07 21:45,NDPS,Possession of Narcotics,NDPS Act Sec 20(b),16.186581,75.82398,P005944,P006975,P007519,PI Lakshmi Devi,Under Investigation
FIR202504701,FIR/4701/2025,PS0221,Chamarajanagar,2025-12-07 20:44,2025-12-07 22:44,Dacoity,Armed Dacoity,BNS 310(2),12.049287,77.108747,P004498,P007859,P000774,SI Prakash Sharma,Under Investigation
FIR202504695,FIR/4695/2025,PS0156,Bidar,2025-12-07 12:51,2025-12-07 22:51,Assault,Public Affray,"BNS 115(2), BNS 117(2)",17.98777,77.493199,P008253,P000316,P002256,SI Ganesh Rao,Chargesheeted
FIR202504697,FIR/4697/2025,PS0017,Bagalkote,2025-12-07 15:27,2025-12-07 23:27,Murder,Dowry Homicide,BNS 103(1),16.269851,75.544785,P000790,P000144,P005599,PI Naveen Patil,Chargesheeted
FIR202504702,FIR/4702/2025,PS0205,Chamarajanagar,2025-12-07 21:43,2025-12-07 23:43,Fraud,Cheating,BNS 318(4),11.938757,76.797944,P007836,P007672,P003343,PI Suresh Kulkarni,Untraced
FIR202504696,FIR/4696/2025,PS0179,Bidar,2025-12-07 13:00,2025-12-08 01:00,Vehicle Theft,Car Theft,BNS 303(2),18.10522,77.396106,P008355,P002655,P008532,SI Ganesh Rao,Chargesheeted
FIR202504636,FIR/4636/2025,PS0079,Bengaluru Rural,2025-12-02 13:21,2025-12-08 01:21,Cyber Crime,Phishing,"IT Act 66D, BNS 318(4)",13.090811,77.460478,P002654,P008734,P002473,SI Prakash Sharma,Untraced
FIR202504680,FIR/4680/2025,PS0164,Bidar,2025-12-05 23:48,2025-12-08 04:48,Fraud,Land Scam,BNS 318(4),17.956288,77.459154,P004584,P003810,P007901,PI Lakshmi Devi,Chargesheeted
FIR202504688,FIR/4688/2025,PS0023,Bagalkote,2025-12-06 21:03,2025-12-08 06:03,Cyber Crime,Identity Theft,"IT Act 66D, BNS 318(4)",16.12396,75.782363,P004225,P008732,P003254,SI Ganesh Rao,Chargesheeted
FIR202504693,FIR/4693/2025,PS0210,Chamarajanagar,2025-12-07 07:53,2025-12-08 09:53,Dacoity,Armed Dacoity,BNS 310(2),12.006547,76.798141,P004311,P007071,P005426,PI Ramesh Gowda,Under Investigation
FIR202504672,FIR/4672/2025,PS0170,Bidar,2025-12-05 11:36,2025-12-08 19:36,Burglary,Night House Breaking,"BNS 331(3), BNS 331(4)",17.885125,77.382072,P003466,P000736,P007939,PI Suresh Kulkarni,Closed
FIR202504699,FIR/4699/2025,PS0034,Ballari,2025-12-07 16:35,2025-12-09 01:35,Fraud,Land Scam,BNS 318(4),15.00569,77.102888,P000057,P005999,P003796,SI Divya Hegde,Chargesheeted
FIR202504707,FIR/4707/2025,PS0066,Belagavi,2025-12-08 17:13,2025-12-09 03:13,POCSO,Harassment,"POCSO Act Sec 4, BNS 64",15.94792,74.629187,P006305,P003082,P004515,PI Naveen Patil,Chargesheeted
FIR202504713,FIR/4713/2025,PS0012,Bagalkote,2025-12-08 23:20,2025-12-09 04:20,Robbery,Highway Robbery,BNS 309(4),16.258242,75.828379,P007709,P001523,P008449,SI Divya Hegde,Under Investigation
FIR202504714,FIR/4714/2025,PS0231,Chamarajanagar,2025-12-09 00:40,2025-12-09 06:40,Vehicle Theft,Two-Wheeler Theft,BNS 303(2),11.968619,76.998761,P002238,P001134,"P001419, P003991",SI Divya Hegde,Under Investigation
FIR202504717,FIR/4717/2025,PS0012,Bagalkote,2025-12-09 03:39,2025-12-09 10:39,Cyber Crime,Phishing,"IT Act 66D, BNS 318(4)",16.265058,75.835441,P004276,P001851,P000040,PI Harish Naik,Closed
FIR202504705,FIR/4705/2025,PS0157,Bidar,2025-12-08 09:56,2025-12-09 10:56,Dacoity,Armed Dacoity,BNS 310(2),17.804111,77.574594,P000588,P003013,P005538,PI Chetan Kumar,Under Investigation
FIR202504686,FIR/4686/2025,PS0022,Bagalkote,2025-12-06 06:34,2025-12-09 13:34,Vehicle Theft,Car Theft,BNS 303(2),16.268078,75.603282,P004929,P000738,P004332,SI Ganesh Rao,Under Investigation
FIR202504703,FIR/4703/2025,PS0045,Ballari,2025-12-08 08:42,2025-12-09 14:42,Vehicle Theft,Car Theft,BNS 303(2),14.999847,76.883286,P004268,P005551,P007163,SI Ganesh Rao,Chargesheeted
FIR202504724,FIR/4724/2025,PS0195,Chamarajanagar,2025-12-09 13:21,2025-12-09 17:21,POCSO,Sexual Assault on Minor,"POCSO Act Sec 4, BNS 64",11.879959,77.072608,P006245,P006276,P004406,PI Ramesh Gowda,Under Investigation
FIR202504719,FIR/4719/2025,PS0213,Chamarajanagar,2025-12-09 06:09,2025-12-09 18:09,NDPS,Possession of Narcotics,NDPS Act Sec 20(b),12.037273,76.940135,P008628,P001214,P004851,PI Ramesh Gowda,Under Investigation
FIR202504708,FIR/4708/2025,PS0022,Bagalkote,2025-12-08 18:29,2025-12-09 19:29,Assault,Public Affray,"BNS 115(2), BNS 117(2)",16.253794,75.614962,P000972,P004802,P000194,PI Ramesh Gowda,Under Investigation
FIR202504709,FIR/4709/2025,PS0188,Bidar,2025-12-08 19:30,2025-12-09 20:30,Assault,Simple Assault,"BNS 115(2), BNS 117(2)",17.924902,77.720035,P002624,P007772,P006915,PI Harish Naik,Chargesheeted
FIR202504730,FIR/4730/2025,PS0218,Chamarajanagar,2025-12-09 20:12,2025-12-09 22:12,Dacoity,Bank Dacoity,BNS 310(2),11.847277,77.043811,P005480,P003535,P006694,PI Chetan Kumar,Chargesheeted
FIR202504723,FIR/4723/2025,PS0146,Bengaluru Urban,2025-12-09 11:27,2025-12-09 22:27,Assault,Public Affray,"BNS 115(2), BNS 117(2)",12.937572,77.777835,P007223,P004368,P008244,SI Ganesh Rao,Under Investigation
FIR202504729,FIR/4729/2025,PS0017,Bagalkote,2025-12-09 17:34,2025-12-09 23:34,Burglary,Night House Breaking,"BNS 331(3), BNS 331(4)",16.249157,75.567046,P004453,P009438,P000553,SI Divya Hegde,Under Investigation
FIR202504690,FIR/4690/2025,PS0204,Chamarajanagar,2025-12-06 23:56,2025-12-10 00:56,Cyber Crime,Financial Fraud,"IT Act 66D, BNS 318(4)",12.042311,77.060201,P009897,P005236,P009690,PI Chetan Kumar,Under Investigation
FIR202504732,FIR/4732/2025,PS0090,Bengaluru Rural,2025-12-09 23:59,2025-12-10 02:59,Vehicle Theft,Car Theft,BNS 303(2),13.398801,77.49176,P006770,P005645,P005578,PI Suresh Kulkarni,Untraced
FIR202504731,FIR/4731/2025,PS0218,Chamarajanagar,2025-12-09 20:16,2025-12-10 03:16,Assault,Public Affray,"BNS 115(2), BNS 117(2)",11.87607,77.028654,P003916,P002218,P007150,SI Divya Hegde,Chargesheeted
FIR202504727,FIR/4727/2025,PS0081,Bengaluru Rural,2025-12-09 17:23,2025-12-10 05:23,NDPS,Possession of Narcotics,NDPS Act Sec 20(b),13.191153,77.603135,P003245,P000822,P005010,PI Lakshmi Devi,Chargesheeted
FIR202504689,FIR/4689/2025,PS0177,Bidar,2025-12-06 21:53,2025-12-10 08:53,Murder,Dowry Homicide,BNS 103(1),18.04864,77.326463,P004442,P009626,P001015,SI Prakash Sharma,Untraced
FIR202504704,FIR/4704/2025,PS0186,Bidar,2025-12-08 08:45,2025-12-10 09:45,Assault,Simple Assault,"BNS 115(2), BNS 117(2)",17.745047,77.507809,P009107,P007145,P003085,SI Divya Hegde,Under Investigation
FIR202504722,FIR/4722/2025,PS0176,Bidar,2025-12-09 10:42,2025-12-10 11:42,Assault,Public Affray,"BNS 115(2), BNS 117(2)",17.766775,77.537574,P006632,P002828,P001858,SI Ganesh Rao,Under Investigation
FIR202504736,FIR/4736/2025,PS0206,Chamarajanagar,2025-12-10 04:33,2025-12-10 14:33,Vehicle Theft,Two-Wheeler Theft,BNS 303(2),11.817651,77.093973,P009256,P008726,P005890,PI Naveen Patil,Chargesheeted
FIR202504740,FIR/4740/2025,PS0201,Chamarajanagar,2025-12-10 08:59,2025-12-10 15:59,POCSO,Sexual Assault on Minor,"POCSO Act Sec 4, BNS 64",12.006908,76.841549,P007330,P004538,P007580,SI Ganesh Rao,Chargesheeted
FIR202504728,FIR/4728/2025,PS0228,Chamarajanagar,2025-12-09 17:28,2025-12-10 19:28,Dacoity,Bank Dacoity,BNS 310(2),12.100839,77.113451,P007713,P007565,P004706,PI Harish Naik,Under Investigation
FIR202504706,FIR/4706/2025,PS0229,Chamarajanagar,2025-12-08 10:23,2025-12-10 20:23,Dacoity,Armed Dacoity,BNS 310(2),12.043783,76.99928,P000068,P009875,P008071,PI Ramesh Gowda,Under Investigation
FIR202504744,FIR/4744/2025,PS0186,Bidar,2025-12-10 20:15,2025-12-11 04:15,POCSO,Sexual Assault on Minor,"POCSO Act Sec 4, BNS 64",17.743411,77.511534,P007074,P002569,P002405,PI Chetan Kumar,Chargesheeted
FIR202504715,FIR/4715/2025,PS0025,Bagalkote,2025-12-09 00:51,2025-12-11 05:51,Vehicle Theft,Two-Wheeler Theft,BNS 303(2),16.335209,75.837482,P002861,P005348,P009034,PI Suresh Kulkarni,Chargesheeted
FIR202504711,FIR/4711/2025,PS0014,Bagalkote,2025-12-08 21:47,2025-12-11 07:47,Assault,Public Affray,"BNS 115(2), BNS 117(2)",16.303616,75.847562,P006394,P005812,P008411,SI Mahesh Bhat,Under Investigation
FIR202504710,FIR/4710/2025,PS0168,Bidar,2025-12-08 21:40,2025-12-11 08:40,Murder,Personal Enmity,BNS 103(1),17.732729,77.679714,P001117,P007260,P000499,PI Suresh Kulkarni,Chargesheeted
FIR202504683,FIR/4683/2025,PS0207,Chamarajanagar,2025-12-06 03:21,2025-12-11 09:21,Burglary,Day Burglary,"BNS 331(3), BNS 331(4)",12.091131,77.113949,P007288,P002581,P002230,PI Suresh Kulkarni,Chargesheeted
FIR202504737,FIR/4737/2025,PS0066,Belagavi,2025-12-10 05:02,2025-12-11 10:02,Cyber Crime,Phishing,"IT Act 66D, BNS 318(4)",15.938453,74.634651,P002466,P008320,"P006489, P002427",PI Suresh Kulkarni,Under Investigation
FIR202504716,FIR/4716/2025,PS0007,Bagalkote,2025-12-09 01:16,2025-12-11 10:16,Burglary,Night House Breaking,"BNS 331(3), BNS 331(4)",16.059551,75.624474,P007597,P003489,"P002470, P007421",PI Ramesh Gowda,Untraced
FIR202504747,FIR/4747/2025,PS0137,Bengaluru Urban,2025-12-11 06:05,2025-12-11 12:05,Vehicle Theft,Car Theft,BNS 303(2),12.861903,77.707592,P007281,P007937,P002020,PI Harish Naik,Under Investigation
FIR202504738,FIR/4738/2025,PS0221,Chamarajanagar,2025-12-10 06:09,2025-12-11 13:09,POCSO,Harassment,"POCSO Act Sec 4, BNS 64",12.036674,77.087207,P009608,P005762,P007560,SI Prakash Sharma,Chargesheeted
FIR202504720,FIR/4720/2025,PS0209,Chamarajanagar,2025-12-09 06:20,2025-12-11 13:20,Robbery,Chain Snatching with Force,BNS 309(4),12.070774,76.989335,P003556,P003463,P004642,PI Naveen Patil,Chargesheeted
FIR202504718,FIR/4718/2025,PS0210,Chamarajanagar,2025-12-09 05:31,2025-12-11 16:31,Theft,Snatching,BNS 303(2),11.995042,76.810644,P008479,P000562,P000822,PI Suresh Kulkarni,Under Investigation
FIR202504752,FIR/4752/2025,PS0248,Chikkaballapura,2025-12-11 16:50,2025-12-11 18:50,Vehicle Theft,Car Theft,BNS 303(2),13.269929,77.792575,P004723,P008271,"P001145, P009968",PI Naveen Patil,Chargesheeted
FIR202504751,FIR/4751/2025,PS0140,Bengaluru Urban,2025-12-11 16:20,2025-12-11 23:20,Theft,Snatching,BNS 303(2),13.033468,77.648002,P009014,P000533,P003956,PI Lakshmi Devi,Chargesheeted
FIR202504745,FIR/4745/2025,PS0170,Bidar,2025-12-10 22:07,2025-12-12 00:07,Dacoity,Bank Dacoity,BNS 310(2),17.889508,77.366613,P004930,P009762,P001299,PI Suresh Kulkarni,Under Investigation
FIR202504743,FIR/4743/2025,PS0026,Ballari,2025-12-10 19:46,2025-12-12 00:46,Dacoity,Armed Dacoity,BNS 310(2),15.214931,76.962012,P000432,P001120,P006960,PI Ramesh Gowda,Chargesheeted
FIR202504726,FIR/4726/2025,PS0159,Bidar,2025-12-09 15:26,2025-12-12 01:26,Dacoity,Armed Dacoity,BNS 310(2),18.063555,77.491012,P005990,P001725,"P006989, P009503",SI Ganesh Rao,Chargesheeted
FIR202504712,FIR/4712/2025,PS0169,Bidar,2025-12-08 22:51,2025-12-12 04:51,Murder,Dowry Homicide,BNS 103(1),17.987438,77.724644,P003103,P005098,P006901,PI Chetan Kumar,Closed
FIR202504734,FIR/4734/2025,PS0134,Bengaluru Urban,2025-12-10 02:14,2025-12-12 05:14,Assault,Simple Assault,"BNS 115(2), BNS 117(2)",12.816104,77.644048,P006419,P001163,P003819,SI Prakash Sharma,Chargesheeted
FIR202504735,FIR/4735/2025,PS0232,Chamarajanagar,2025-12-10 03:02,2025-12-12 06:02,NDPS,Drug Trafficking,NDPS Act Sec 20(b),11.785934,76.892093,P005487,P008302,"P007067, P008529",PI Suresh Kulkarni,Untraced
FIR202504753,FIR/4753/2025,PS0001,Bagalkote,2025-12-12 01:40,2025-12-12 08:40,Assault,Simple Assault,"BNS 115(2), BNS 117(2)",16.189259,75.594366,P000810,P008520,P004686,PI Chetan Kumar,Chargesheeted
FIR202504758,FIR/4758/2025,PS0117,Bengaluru Urban,2025-12-12 10:04,2025-12-12 13:04,Assault,Simple Assault,"BNS 115(2), BNS 117(2)",13.13669,77.786715,P003451,P008536,P006631,PI Lakshmi Devi,Chargesheeted
FIR202504748,FIR/4748/2025,PS0222,Chamarajanagar,2025-12-11 07:20,2025-12-12 16:20,Fraud,Cheating,BNS 318(4),11.895671,76.762382,P003850,P004195,P008302,PI Ramesh Gowda,Chargesheeted
FIR202504761,FIR/4761/2025,PS0151,Bengaluru Urban,2025-12-12 15:52,2025-12-12 17:52,NDPS,Drug Trafficking,NDPS Act Sec 20(b),12.890036,77.470072,P002788,P003357,P003523,PI Naveen Patil,Chargesheeted
FIR202504757,FIR/4757/2025,PS0215,Chamarajanagar,2025-12-12 09:50,2025-12-12 19:50,Assault,Simple Assault,"BNS 115(2), BNS 117(2)",11.860719,76.98695,P004154,P006639,P008336,PI Harish Naik,Chargesheeted
FIR202504750,FIR/4750/2025,PS0137,Bengaluru Urban,2025-12-11 15:08,2025-12-12 20:08,Vehicle Theft,Car Theft,BNS 303(2),12.893183,77.733155,P004404,P000245,"P008306, P005067",PI Lakshmi Devi,Chargesheeted
FIR202504749,FIR/4749/2025,PS0113,Bengaluru Urban,2025-12-11 10:20,2025-12-12 22:20,Cyber Crime,Phishing,"IT Act 66D, BNS 318(4)",13.152349,77.48075,P005606,P008328,P006404,PI Naveen Patil,Untraced
FIR202504742,FIR/4742/2025,PS0097,Bengaluru Rural,2025-12-10 12:28,2025-12-12 22:28,Murder,Gang Conflict,BNS 103(1),13.116725,77.496164,P008086,P002517,P003477,SI Ravi Kumar,Under Investigation
FIR202504725,FIR/4725/2025,PS0238,Chikkaballapura,2025-12-09 14:05,2025-12-13 00:05,Vehicle Theft,Car Theft,BNS 303(2),13.312755,77.908208,P004984,P006652,P004566,SI Mahesh Bhat,Under Investigation
FIR202504759,FIR/4759/2025,PS0221,Chamarajanagar,2025-12-12 14:39,2025-12-13 01:39,Burglary,Night House Breaking,"BNS 331(3), BNS 331(4)",12.06143,77.079614,P000589,P007146,P000413,PI Naveen Patil,Under Investigation
FIR202504764,FIR/4764/2025,PS0188,Bidar,2025-12-12 22:40,2025-12-13 05:40,Murder,Gang Conflict,BNS 103(1),17.959218,77.706573,P000072,P000232,P006014,PI Harish Naik,Chargesheeted
FIR202504746,FIR/4746/2025,PS0061,Belagavi,2025-12-11 04:05,2025-12-13 06:05,Burglary,Night House Breaking,"BNS 331(3), BNS 331(4)",16.019602,74.424481,P007712,P003569,P001162,PI Suresh Kulkarni,Untraced
FIR202504765,FIR/4765/2025,PS0161,Bidar,2025-12-13 06:44,2025-12-13 09:44,Cyber Crime,Financial Fraud,"IT Act 66D, BNS 318(4)",17.966844,77.515974,P003828,P005048,P000829,PI Ramesh Gowda,Closed
FIR202504733,FIR/4733/2025,PS0003,Bagalkote,2025-12-10 01:03,2025-12-13 10:03,Robbery,Highway Robbery,BNS 309(4),16.345516,75.857941,P009067,P002583,"P009767, P005414",SI Divya Hegde,Chargesheeted
FIR202504754,FIR/4754/2025,PS0195,Chamarajanagar,2025-12-12 02:30,2025-12-13 12:30,Vehicle Theft,Two-Wheeler Theft,BNS 303(2),11.895985,77.06005,P004838,P000358,P009603,PI Harish Naik,Under Investigation
FIR202504755,FIR/4755/2025,PS0131,Bengaluru Urban,2025-12-12 02:59,2025-12-13 12:59,Assault,Simple Assault,"BNS 115(2), BNS 117(2)",13.016424,77.643231,P003786,P004415,P002319,SI Ravi Kumar,Under Investigation
FIR202504739,FIR/4739/2025,PS0075,Bengaluru Rural,2025-12-10 06:50,2025-12-13 13:50,Vehicle Theft,Two-Wheeler Theft,BNS 303(2),13.197543,77.523397,P005274,P009823,P005861,PI Ramesh Gowda,Chargesheeted
FIR202504766,FIR/4766/2025,PS0155,Bidar,2025-12-13 10:22,2025-12-13 20:22,Assault,Simple Assault,"BNS 115(2), BNS 117(2)",17.985349,77.317454,P000045,P004173,P002262,PI Lakshmi Devi,Chargesheeted
FIR202504769,FIR/4769/2025,PS0224,Chamarajanagar,2025-12-13 16:04,2025-12-13 22:04,Assault,Grievous Hurt,"BNS 115(2), BNS 117(2)",11.879459,76.822936,P006726,P001679,P000694,PI Harish Naik,Chargesheeted
FIR202504768,FIR/4768/2025,PS0113,Bengaluru Urban,2025-12-13 13:07,2025-12-13 22:07,Cyber Crime,Financial Fraud,"IT Act 66D, BNS 318(4)",13.160399,77.507391,P009269,P009614,P000014,PI Lakshmi Devi,Under Investigation
FIR202504762,FIR/4762/2025,PS0080,Bengaluru Rural,2025-12-12 19:53,2025-12-13 22:53,Vehicle Theft,Car Theft,BNS 303(2),13.382082,77.594606,P007191,P007464,P005195,SI Mahesh Bhat,Under Investigation
FIR202504756,FIR/4756/2025,PS0014,Bagalkote,2025-12-12 03:44,2025-12-14 05:44,Vehicle Theft,Two-Wheeler Theft,BNS 303(2),16.303514,75.853454,P002054,P006053,P006052,PI Naveen Patil,Under Investigation
FIR202504777,FIR/4777/2025,PS0012,Bagalkote,2025-12-14 06:04,2025-12-14 10:04,Assault,Grievous Hurt,"BNS 115(2), BNS 117(2)",16.268404,75.834963,P005303,P009632,P007368,SI Ravi Kumar,Untraced
FIR202504721,FIR/4721/2025,PS0167,Bidar,2025-12-09 08:39,2025-12-14 11:39,Assault,Simple Assault,"BNS 115(2), BNS 117(2)",18.040164,77.425206,P001251,P004642,P005112,PI Chetan Kumar,Under Investigation
FIR202504773,FIR/4773/2025,PS0172,Bidar,2025-12-14 02:27,2025-12-14 13:27,Vehicle Theft,Car Theft,BNS 303(2),17.936692,77.501206,P008064,P003311,P004852,PI Ramesh Gowda,Closed
FIR202504772,FIR/4772/2025,PS0234,Chamarajanagar,2025-12-14 02:23,2025-12-14 14:23,Fraud,Land Scam,BNS 318(4),12.006114,76.848615,P008092,P004286,P002502,SI Mahesh Bhat,Chargesheeted
FIR202504776,FIR/4776/2025,PS0164,Bidar,2025-12-14 05:59,2025-12-14 14:59,Dacoity,Armed Dacoity,BNS 310(2),17.938384,77.466537,P008476,P007466,P006971,PI Naveen Patil,Under Investigation
FIR202504741,FIR/4741/2025,PS0160,Bidar,2025-12-10 11:10,2025-12-14 19:10,Burglary,Night House Breaking,"BNS 331(3), BNS 331(4)",17.87984,77.345288,P000702,P009429,P003267,PI Naveen Patil,Untraced
FIR202504767,FIR/4767/2025,PS0211,Chamarajanagar,2025-12-13 12:32,2025-12-14 19:32,Dacoity,Armed Dacoity,BNS 310(2),11.811645,77.060233,P006992,P002464,P005598,PI Chetan Kumar,Chargesheeted
FIR202504763,FIR/4763/2025,PS0014,Bagalkote,2025-12-12 21:18,2025-12-15 01:18,Robbery,Highway Robbery,BNS 309(4),16.30104,75.841183,P002848,P009271,P009201,PI Harish Naik,Under Investigation
FIR202504770,FIR/4770/2025,PS0046,Belagavi,2025-12-13 22:48,2025-12-15 08:48,Robbery,Highway Robbery,BNS 309(4),15.779105,74.502976,P001924,P007535,P009736,SI Mahesh Bhat,Chargesheeted
FIR202504771,FIR/4771/2025,PS0205,Chamarajanagar,2025-12-14 01:06,2025-12-15 10:06,Theft,House Theft,BNS 303(2),11.941337,76.792239,P006033,P000139,P006365,SI Divya Hegde,Under Investigation
FIR202504775,FIR/4775/2025,PS0015,Bagalkote,2025-12-14 05:23,2025-12-15 13:23,Assault,Public Affray,"BNS 115(2), BNS 117(2)",16.057655,75.694309,P002550,P008093,P007898,PI Lakshmi Devi,Under Investigation
FIR202504789,FIR/4789/2025,PS0004,Bagalkote,2025-12-15 10:34,2025-12-15 14:34,Fraud,Land Scam,BNS 318(4),16.047096,75.702299,P008892,P001241,P003898,PI Chetan Kumar,Closed
FIR202504781,FIR/4781/2025,PS0158,Bidar,2025-12-14 15:46,2025-12-15 16:46,Murder,Dowry Homicide,BNS 103(1),17.93419,77.485031,P000679,P005350,P000258,SI Ganesh Rao,Chargesheeted
FIR202504760,FIR/4760/2025,PS0188,Bidar,2025-12-12 14:56,2025-12-15 18:56,Assault,Public Affray,"BNS 115(2), BNS 117(2)",17.94057,77.720998,P002593,P007468,P006460,SI Prakash Sharma,Chargesheeted
FIR202504783,FIR/4783/2025,PS0018,Bagalkote,2025-12-14 18:02,2025-12-15 19:02,Vehicle Theft,Two-Wheeler Theft,BNS 303(2),16.180741,75.804209,P002266,P004499,P009906,PI Naveen Patil,Untraced
FIR202504792,FIR/4792/2025,PS0196,Chamarajanagar,2025-12-15 16:19,2025-12-15 22:19,Dacoity,Armed Dacoity,BNS 310(2),11.977235,76.944781,P000249,P006104,P009446,SI Divya Hegde,Closed
FIR202504780,FIR/4780/2025,PS0205,Chamarajanagar,2025-12-14 15:38,2025-12-16 00:38,Dacoity,Armed Dacoity,BNS 310(2),11.966404,76.801289,P008089,P001425,P007557,SI Mahesh Bhat,Chargesheeted
FIR202504785,FIR/4785/2025,PS0217,Chamarajanagar,2025-12-15 00:17,2025-12-16 02:17,Burglary,Day Burglary,"BNS 331(3), BNS 331(4)",11.756801,76.912826,P002169,P005726,P007772,SI Ravi Kumar,Chargesheeted
FIR202504795,FIR/4795/2025,PS0196,Chamarajanagar,2025-12-15 20:27,2025-12-16 04:27,Cyber Crime,Phishing,"IT Act 66D, BNS 318(4)",12.009265,76.941699,P005223,P005709,P004016,PI Suresh Kulkarni,Closed
FIR202504796,FIR/4796/2025,PS0186,Bidar,2025-12-15 21:29,2025-12-16 07:29,NDPS,Drug Trafficking,NDPS Act Sec 20(b),17.739846,77.489921,P005395,P006304,P003632,PI Naveen Patil,Chargesheeted
FIR202504786,FIR/4786/2025,PS0202,Chamarajanagar,2025-12-15 02:22,2025-12-16 08:22,Fraud,Cheating,BNS 318(4),11.947908,76.886774,P005069,P008038,P004210,PI Ramesh Gowda,Chargesheeted
FIR202504799,FIR/4799/2025,PS0004,Bagalkote,2025-12-15 23:48,2025-12-16 11:48,Assault,Grievous Hurt,"BNS 115(2), BNS 117(2)",16.042109,75.670905,P005561,P002592,P001006,SI Ganesh Rao,Chargesheeted
FIR202504790,FIR/4790/2025,PS0130,Bengaluru Urban,2025-12-15 14:09,2025-12-16 16:09,Cyber Crime,Phishing,"IT Act 66D, BNS 318(4)",13.108967,77.457369,P006217,P000144,P006909,SI Ganesh Rao,Under Investigation
FIR202504791,FIR/4791/2025,PS0208,Chamarajanagar,2025-12-15 16:02,2025-12-16 19:02,Burglary,Day Burglary,"BNS 331(3), BNS 331(4)",11.81161,77.145701,P006345,P005075,P008026,SI Ganesh Rao,Chargesheeted
FIR202504803,FIR/4803/2025,PS0119,Bengaluru Urban,2025-12-16 18:00,2025-12-17 02:00,Vehicle Theft,Two-Wheeler Theft,BNS 303(2),12.814604,77.779301,P004409,P005794,"P002493, P006362",SI Mahesh Bhat,Chargesheeted
FIR202504806,FIR/4806/2025,PS0184,Bidar,2025-12-16 23:24,2025-12-17 02:24,Murder,Dowry Homicide,BNS 103(1),17.923508,77.63508,P000014,P008037,P002558,PI Naveen Patil,Under Investigation
FIR202504804,FIR/4804/2025,PS0069,Belagavi,2025-12-16 20:21,2025-12-17 06:21,Theft,Pocket Pick,BNS 303(2),15.840045,74.336579,P006087,P009816,P007132,SI Mahesh Bhat,Under Investigation
FIR202504784,FIR/4784/2025,PS0085,Bengaluru Rural,2025-12-14 21:16,2025-12-17 09:16,Murder,Dowry Homicide,BNS 103(1),13.112442,77.42111,P004267,P007652,P005386,SI Divya Hegde,Chargesheeted
FIR202504774,FIR/4774/2025,PS0176,Bidar,2025-12-14 02:29,2025-12-17 09:29,Dacoity,Armed Dacoity,BNS 310(2),17.781694,77.536132,P002491,P003305,"P005052, P003094",PI Naveen Patil,Under Investigation
FIR202504787,FIR/4787/2025,PS0015,Bagalkote,2025-12-15 04:29,2025-12-17 10:29,Fraud,Cheating,BNS 318(4),16.045655,75.701858,P005583,P002417,P003608,SI Prakash Sharma,Under Investigation
FIR202504807,FIR/4807/2025,PS0229,Chamarajanagar,2025-12-16 23:42,2025-12-17 11:42,Burglary,Night House Breaking,"BNS 331(3), BNS 331(4)",12.060821,77.008251,P001707,P000150,"P000607, P004212",PI Lakshmi Devi,Chargesheeted
FIR202504811,FIR/4811/2025,PS0161,Bidar,2025-12-17 09:55,2025-12-17 11:55,Murder,Dowry Homicide,BNS 103(1),18.000503,77.496369,P003488,P001599,P005169,SI Ravi Kumar,Under Investigation
FIR202504809,FIR/4809/2025,PS0233,Chamarajanagar,2025-12-17 07:48,2025-12-17 14:48,POCSO,Sexual Assault on Minor,"POCSO Act Sec 4, BNS 64",11.730455,76.80801,P004336,P002849,P008799,SI Ganesh Rao,Chargesheeted
FIR202504779,FIR/4779/2025,PS0165,Bidar,2025-12-14 12:57,2025-12-17 16:57,Assault,Public Affray,"BNS 115(2), BNS 117(2)",18.068919,77.478085,P001471,P008077,P009539,SI Mahesh Bhat,Untraced
FIR202504778,FIR/4778/2025,PS0189,Bidar,2025-12-14 09:36,2025-12-17 18:36,Murder,Personal Enmity,BNS 103(1),17.911386,77.364856,P006887,P007774,P002290,SI Mahesh Bhat,Chargesheeted
FIR202504794,FIR/4794/2025,PS0019,Bagalkote,2025-12-15 18:30,2025-12-17 19:30,Vehicle Theft,Two-Wheeler Theft,BNS 303(2),16.031497,75.860715,P007005,P003100,P008522,PI Chetan Kumar,Chargesheeted
FIR202504810,FIR/4810/2025,PS0180,Bidar,2025-12-17 07:59,2025-12-17 19:59,Dacoity,Armed Dacoity,BNS 310(2),18.061204,77.430461,P005850,P000343,P007174,PI Harish Naik,Under Investigation
FIR202504788,FIR/4788/2025,PS0212,Chamarajanagar,2025-12-15 09:45,2025-12-17 20:45,Theft,Pocket Pick,BNS 303(2),12.017836,76.828991,P007355,P007556,P004817,SI Ganesh Rao,Under Investigation
FIR202504802,FIR/4802/2025,PS0077,Bengaluru Rural,2025-12-16 13:41,2025-12-17 21:41,Vehicle Theft,Car Theft,BNS 303(2),13.363251,77.617693,P005463,P000308,"P002495, P005203",SI Ganesh Rao,Under Investigation
FIR202504801,FIR/4801/2025,PS0224,Chamarajanagar,2025-12-16 13:22,2025-12-17 22:22,Vehicle Theft,Car Theft,BNS 303(2),11.850639,76.823231,P003409,P000591,P000464,PI Suresh Kulkarni,Closed
FIR202504813,FIR/4813/2025,PS0073,Bengaluru Rural,2025-12-17 19:15,2025-12-17 23:15,Vehicle Theft,Two-Wheeler Theft,BNS 303(2),13.326136,77.61427,P005498,P005779,P006436,PI Ramesh Gowda,Chargesheeted
FIR202504782,FIR/4782/2025,PS0157,Bidar,2025-12-14 16:20,2025-12-18 02:20,Assault,Grievous Hurt,"BNS 115(2), BNS 117(2)",17.824519,77.588659,P005163,P004319,P001770,SI Ravi Kumar,Chargesheeted
FIR202504797,FIR/4797/2025,PS0218,Chamarajanagar,2025-12-15 21:41,2025-12-18 02:41,Fraud,Land Scam,BNS 318(4),11.844167,77.029642,P003670,P002279,P001194,PI Naveen Patil,Chargesheeted
FIR202504805,FIR/4805/2025,PS0189,Bidar,2025-12-16 20:27,2025-12-18 03:27,Dacoity,Bank Dacoity,BNS 310(2),17.902345,77.395681,P003889,P009244,P009644,SI Divya Hegde,Chargesheeted
FIR202504798,FIR/4798/2025,PS0196,Chamarajanagar,2025-12-15 23:35,2025-12-18 04:35,Theft,Pocket Pick,BNS 303(2),11.97674,76.957636,P007806,P009725,P008151,PI Harish Naik,Closed
FIR202504793,FIR/4793/2025,PS0021,Bagalkote,2025-12-15 16:35,2025-12-18 04:35,Cyber Crime,Identity Theft,"IT Act 66D, BNS 318(4)",16.001393,75.530219,P000184,P006984,P009394,PI Naveen Patil,Closed
FIR202504815,FIR/4815/2025,PS0229,Chamarajanagar,2025-12-18 02:04,2025-12-18 06:04,Cyber Crime,Financial Fraud,"IT Act 66D, BNS 318(4)",12.046677,77.034234,P003191,P003925,P006399,PI Ramesh Gowda,Under Investigation
FIR202504800,FIR/4800/2025,PS0094,Bengaluru Rural,2025-12-16 00:17,2025-12-18 07:17,Fraud,Corporate Fraud,BNS 318(4),13.06681,77.69264,P006601,P006669,P007228,PI Lakshmi Devi,Chargesheeted
FIR202504814,FIR/4814/2025,PS0208,Chamarajanagar,2025-12-18 00:03,2025-12-18 09:03,Murder,Personal Enmity,BNS 103(1),11.834504,77.149321,P003857,P005150,P000632,PI Suresh Kulkarni,Chargesheeted
FIR202504820,FIR/4820/2025,PS0015,Bagalkote,2025-12-18 13:17,2025-12-18 14:17,Cyber Crime,Financial Fraud,"IT Act 66D, BNS 318(4)",16.062485,75.698525,P008981,P003464,P000907,PI Lakshmi Devi,Under Investigation
FIR202504821,FIR/4821/2025,PS0216,Chamarajanagar,2025-12-18 13:52,2025-12-18 15:52,Fraud,Cheating,BNS 318(4),11.733752,76.96231,P001569,P002357,P008947,PI Suresh Kulkarni,Untraced
FIR202504817,FIR/4817/2025,PS0203,Chamarajanagar,2025-12-18 06:10,2025-12-18 18:10,Assault,Public Affray,"BNS 115(2), BNS 117(2)",11.899046,76.852946,P002215,P005630,P007660,PI Naveen Patil,Chargesheeted
FIR202504823,FIR/4823/2025,PS0004,Bagalkote,2025-12-18 15:05,2025-12-18 23:05,Theft,Pocket Pick,BNS 303(2),16.03588,75.697013,P008387,P008798,P002014,SI Prakash Sharma,Chargesheeted
FIR202504808,FIR/4808/2025,PS0162,Bidar,2025-12-17 01:10,2025-12-19 05:10,Robbery,Highway Robbery,BNS 309(4),18.008139,77.456003,P007439,P005513,P002223,PI Naveen Patil,Untraced
FIR202504828,FIR/4828/2025,PS0004,Bagalkote,2025-12-19 03:47,2025-12-19 05:47,Assault,Simple Assault,"BNS 115(2), BNS 117(2)",16.043819,75.695313,P007783,P007121,P000502,SI Mahesh Bhat,Chargesheeted
FIR202504824,FIR/4824/2025,PS0113,Bengaluru Urban,2025-12-18 19:15,2025-12-19 06:15,Vehicle Theft,Car Theft,BNS 303(2),13.161164,77.499296,P000327,P005119,P006553,SI Prakash Sharma,Chargesheeted
FIR202504825,FIR/4825/2025,PS0191,Bidar,2025-12-18 22:16,2025-12-19 06:16,Murder,Dowry Homicide,BNS 103(1),17.904732,77.367551,P002620,P005196,P004841,PI Ramesh Gowda,Under Investigation
FIR202504832,FIR/4832/2025,PS0139,Bengaluru Urban,2025-12-19 10:55,2025-12-19 11:55,Vehicle Theft,Two-Wheeler Theft,BNS 303(2),12.798721,77.567857,P000484,P001316,P003709,SI Ganesh Rao,Chargesheeted
FIR202504819,FIR/4819/2025,PS0081,Bengaluru Rural,2025-12-18 11:51,2025-12-19 14:51,Vehicle Theft,Car Theft,BNS 303(2),13.188923,77.590214,P007613,P008557,P005218,SI Mahesh Bhat,Under Investigation
FIR202504833,FIR/4833/2025,PS0001,Bagalkote,2025-12-19 11:09,2025-12-19 16:09,Theft,Snatching,BNS 303(2),16.169818,75.585587,P009271,P007579,"P006488, P004945",PI Lakshmi Devi,Under Investigation
FIR202504836,FIR/4836/2025,PS0153,Bidar,2025-12-19 16:36,2025-12-19 17:36,Cyber Crime,Identity Theft,"IT Act 66D, BNS 318(4)",17.753602,77.351514,P005507,P004025,P003964,SI Prakash Sharma,Chargesheeted
FIR202504818,FIR/4818/2025,PS0185,Bidar,2025-12-18 09:59,2025-12-19 19:59,Vehicle Theft,Two-Wheeler Theft,BNS 303(2),17.881536,77.500354,P008848,P002219,P002828,SI Ravi Kumar,Chargesheeted
FIR202504837,FIR/4837/2025,PS0002,Bagalkote,2025-12-19 23:41,2025-12-20 00:41,Assault,Simple Assault,"BNS 115(2), BNS 117(2)",16.122289,75.516664,P001466,P007147,P003130,PI Naveen Patil,Under Investigation
FIR202504812,FIR/4812/2025,PS0063,Belagavi,2025-12-17 16:51,2025-12-20 04:51,Burglary,Day Burglary,"BNS 331(3), BNS 331(4)",16.024597,74.671836,P006720,P004845,P000368,PI Naveen Patil,Chargesheeted
FIR202504816,FIR/4816/2025,PS0026,Ballari,2025-12-18 02:22,2025-12-20 05:22,Burglary,Day Burglary,"BNS 331(3), BNS 331(4)",15.224206,76.978791,P005218,P002151,P002918,PI Ramesh Gowda,Chargesheeted
FIR202504838,FIR/4838/2025,PS0201,Chamarajanagar,2025-12-20 00:29,2025-12-20 05:29,Fraud,Corporate Fraud,BNS 318(4),11.98744,76.857334,P000621,P000649,P007089,PI Ramesh Gowda,Untraced
FIR202504826,FIR/4826/2025,PS0146,Bengaluru Urban,2025-12-19 03:17,2025-12-20 07:17,Murder,Dowry Homicide,BNS 103(1),12.959146,77.758771,P000574,P008625,P000120,SI Divya Hegde,Untraced
FIR202504841,FIR/4841/2025,PS0191,Bidar,2025-12-20 08:49,2025-12-20 11:49,Assault,Simple Assault,"BNS 115(2), BNS 117(2)",17.90649,77.368883,P008227,P001545,P007365,SI Ravi Kumar,Under Investigation
FIR202504830,FIR/4830/2025,PS0012,Bagalkote,2025-12-19 09:52,2025-12-20 12:52,Vehicle Theft,Two-Wheeler Theft,BNS 303(2),16.285704,75.819454,P001103,P004583,P006635,PI Suresh Kulkarni,Under Investigation
FIR202504839,FIR/4839/2025,PS0031,Ballari,2025-12-20 01:07,2025-12-20 13:07,Assault,Grievous Hurt,"BNS 115(2), BNS 117(2)",14.988212,77.111443,P009388,P009225,P003947,SI Mahesh Bhat,Chargesheeted
FIR202504827,FIR/4827/2025,PS0054,Belagavi,2025-12-19 03:33,2025-12-20 14:33,Theft,Snatching,BNS 303(2),15.905184,74.683332,P001725,P002942,P001263,PI Chetan Kumar,Chargesheeted
FIR202504829,FIR/4829/2025,PS0222,Chamarajanagar,2025-12-19 04:38,2025-12-20 15:38,Cyber Crime,Financial Fraud,"IT Act 66D, BNS 318(4)",11.929081,76.766251,P006886,P000256,"P004915, P008313",PI Harish Naik,Under Investigation
FIR202504845,FIR/4845/2025,PS0162,Bidar,2025-12-20 14:49,2025-12-20 18:49,Assault,Public Affray,"BNS 115(2), BNS 117(2)",18.021818,77.469634,P001998,P002650,P000033,PI Suresh Kulkarni,Chargesheeted
FIR202504834,FIR/4834/2025,PS0240,Chikkaballapura,2025-12-19 12:17,2025-12-20 19:17,Theft,House Theft,BNS 303(2),13.397265,77.832667,P009885,P003138,P008673,SI Ravi Kumar,Untraced
FIR202504835,FIR/4835/2025,PS0220,Chamarajanagar,2025-12-19 16:26,2025-12-20 20:26,Dacoity,Armed Dacoity,BNS 310(2),11.813015,76.806284,P009643,P007529,P000982,PI Lakshmi Devi,Under Investigation
FIR202504847,FIR/4847/2025,PS0024,Bagalkote,2025-12-20 15:50,2025-12-20 20:50,Fraud,Corporate Fraud,BNS 318(4),16.386703,75.516843,P003463,P007432,P005637,PI Chetan Kumar,Under Investigation
FIR202504843,FIR/4843/2025,PS0196,Chamarajanagar,2025-12-20 12:52,2025-12-20 21:52,Robbery,Highway Robbery,BNS 309(4),12.005228,76.953754,P008862,P004455,P002889,PI Lakshmi Devi,Chargesheeted
FIR202504848,FIR/4848/2025,PS0173,Bidar,2025-12-20 23:11,2025-12-21 04:11,Murder,Personal Enmity,BNS 103(1),17.770669,77.605946,P008050,P002561,P009080,PI Lakshmi Devi,Chargesheeted
FIR202504850,FIR/4850/2025,PS0097,Bengaluru Rural,2025-12-21 03:19,2025-12-21 07:19,Theft,House Theft,BNS 303(2),13.12459,77.483936,P000142,P004098,P008972,PI Suresh Kulkarni,Under Investigation
FIR202504849,FIR/4849/2025,PS0162,Bidar,2025-12-20 23:33,2025-12-21 11:33,Assault,Public Affray,"BNS 115(2), BNS 117(2)",18.006961,77.463824,P007643,P003202,P006018,PI Ramesh Gowda,Under Investigation
FIR202504853,FIR/4853/2025,PS0122,Bengaluru Urban,2025-12-21 10:35,2025-12-21 14:35,Cyber Crime,Financial Fraud,"IT Act 66D, BNS 318(4)",13.128783,77.53057,P009829,P000448,"P002876, P007686",SI Ravi Kumar,Under Investigation
FIR202504852,FIR/4852/2025,PS0212,Chamarajanagar,2025-12-21 10:13,2025-12-21 16:13,Theft,House Theft,BNS 303(2),12.026298,76.857625,P009643,P007141,P008971,SI Ravi Kumar,Under Investigation
FIR202504844,FIR/4844/2025,PS0014,Bagalkote,2025-12-20 14:32,2025-12-21 20:32,Murder,Personal Enmity,BNS 103(1),16.301394,75.857056,P003712,P001996,"P001727, P008464",SI Mahesh Bhat,Chargesheeted
FIR202504854,FIR/4854/2025,PS0203,Chamarajanagar,2025-12-21 16:41,2025-12-21 20:41,Murder,Gang Conflict,BNS 103(1),11.893392,76.857774,P005657,P003612,P002917,PI Ramesh Gowda,Chargesheeted
FIR202504856,FIR/4856/2025,PS0229,Chamarajanagar,2025-12-21 18:54,2025-12-22 00:54,Cyber Crime,Identity Theft,"IT Act 66D, BNS 318(4)",12.040372,77.005048,P003450,P000363,P009892,PI Lakshmi Devi,Under Investigation
FIR202504857,FIR/4857/2025,PS0228,Chamarajanagar,2025-12-21 21:03,2025-12-22 01:03,Vehicle Theft,Two-Wheeler Theft,BNS 303(2),12.119015,77.121669,P008871,P004999,P008468,PI Naveen Patil,Under Investigation
FIR202504840,FIR/4840/2025,PS0234,Chamarajanagar,2025-12-20 03:06,2025-12-22 04:06,Burglary,Night House Breaking,"BNS 331(3), BNS 331(4)",12.017337,76.837336,P008685,P009626,P001358,SI Ravi Kumar,Under Investigation
FIR202504862,FIR/4862/2025,PS0154,Bidar,2025-12-22 05:18,2025-12-22 08:18,POCSO,Harassment,"POCSO Act Sec 4, BNS 64",17.887671,77.416972,P007339,P009413,P008158,SI Ganesh Rao,Chargesheeted
FIR202504861,FIR/4861/2025,PS0160,Bidar,2025-12-22 05:04,2025-12-22 12:04,Cyber Crime,Identity Theft,"IT Act 66D, BNS 318(4)",17.873642,77.359785,P004129,P009154,P004269,SI Ganesh Rao,Under Investigation
FIR202504859,FIR/4859/2025,PS0166,Bidar,2025-12-22 04:50,2025-12-22 13:50,Cyber Crime,Financial Fraud,"IT Act 66D, BNS 318(4)",17.801043,77.492978,P004757,P002501,P004570,PI Naveen Patil,Under Investigation
FIR202504851,FIR/4851/2025,PS0232,Chamarajanagar,2025-12-21 03:58,2025-12-22 15:58,NDPS,Drug Trafficking,NDPS Act Sec 20(b),11.801036,76.898465,P001562,P003727,P008859,PI Harish Naik,Untraced
FIR202504842,FIR/4842/2025,PS0144,Bengaluru Urban,2025-12-20 09:14,2025-12-22 16:14,Cyber Crime,Identity Theft,"IT Act 66D, BNS 318(4)",12.810811,77.588627,P000717,P003628,P005726,PI Ramesh Gowda,Chargesheeted
FIR202504846,FIR/4846/2025,PS0168,Bidar,2025-12-20 15:47,2025-12-22 16:47,Assault,Public Affray,"BNS 115(2), BNS 117(2)",17.729013,77.679314,P001641,P004579,P004979,PI Naveen Patil,Untraced
FIR202504865,FIR/4865/2025,PS0179,Bidar,2025-12-22 07:24,2025-12-22 17:24,Assault,Public Affray,"BNS 115(2), BNS 117(2)",18.086784,77.392931,P001231,P003038,P003112,SI Ravi Kumar,Under Investigation
FIR202504831,FIR/4831/2025,PS0007,Bagalkote,2025-12-19 10:47,2025-12-22 18:47,Robbery,Chain Snatching with Force,BNS 309(4),16.081562,75.629917,P006580,P001111,"P005232, P000186",PI Harish Naik,Chargesheeted
FIR202504822,FIR/4822/2025,PS0212,Chamarajanagar,2025-12-18 14:32,2025-12-22 21:32,Assault,Public Affray,"BNS 115(2), BNS 117(2)",12.039639,76.843045,P008850,P009072,P009132,PI Naveen Patil,Under Investigation
FIR202504871,FIR/4871/2025,PS0075,Bengaluru Rural,2025-12-22 17:46,2025-12-22 21:46,Assault,Public Affray,"BNS 115(2), BNS 117(2)",13.18855,77.520647,P002680,P006442,P008696,PI Naveen Patil,Untraced
FIR202504869,FIR/4869/2025,PS0012,Bagalkote,2025-12-22 13:10,2025-12-22 22:10,Burglary,Day Burglary,"BNS 331(3), BNS 331(4)",16.279499,75.808887,P002153,P008281,P002019,PI Ramesh Gowda,Chargesheeted
FIR202504873,FIR/4873/2025,PS0219,Chamarajanagar,2025-12-22 19:46,2025-12-23 06:46,Assault,Public Affray,"BNS 115(2), BNS 117(2)",11.864943,76.872808,P002461,P003481,P008485,PI Harish Naik,Chargesheeted
FIR202504877,FIR/4877/2025,PS0164,Bidar,2025-12-23 02:52,2025-12-23 07:52,Assault,Public Affray,"BNS 115(2), BNS 117(2)",17.94927,77.460796,P004752,P000931,P000969,SI Ravi Kumar,Untraced
FIR202504874,FIR/4874/2025,PS0113,Bengaluru Urban,2025-12-22 23:58,2025-12-23 07:58,Murder,Gang Conflict,BNS 103(1),13.178959,77.504618,P003135,P000158,P006503,SI Ganesh Rao,Under Investigation
FIR202504880,FIR/4880/2025,PS0195,Chamarajanagar,2025-12-23 10:42,2025-12-23 11:42,Cyber Crime,Financial Fraud,"IT Act 66D, BNS 318(4)",11.887529,77.054549,P002173,P004508,P002785,SI Divya Hegde,Under Investigation
FIR202504879,FIR/4879/2025,PS0183,Bidar,2025-12-23 08:48,2025-12-23 17:48,Theft,Snatching,BNS 303(2),17.76577,77.395421,P008796,P007439,P001010,PI Suresh Kulkarni,Chargesheeted
FIR202504864,FIR/4864/2025,PS0154,Bidar,2025-12-22 05:59,2025-12-23 17:59,Robbery,Chain Snatching with Force,BNS 309(4),17.892049,77.420596,P000019,P004028,P004295,SI Ganesh Rao,Under Investigation
FIR202504870,FIR/4870/2025,PS0177,Bidar,2025-12-22 16:50,2025-12-23 19:50,Cyber Crime,Identity Theft,"IT Act 66D, BNS 318(4)",18.046268,77.335141,P002871,P003700,P009942,PI Naveen Patil,Under Investigation
FIR202504855,FIR/4855/2025,PS0019,Bagalkote,2025-12-21 17:50,2025-12-24 01:50,Burglary,Night House Breaking,"BNS 331(3), BNS 331(4)",16.047861,75.899337,P001949,P009519,P009878,PI Ramesh Gowda,Under Investigation
FIR202504876,FIR/4876/2025,PS0022,Bagalkote,2025-12-23 02:38,2025-12-24 04:38,Vehicle Theft,Car Theft,BNS 303(2),16.233034,75.607663,P001324,P006588,P003781,SI Divya Hegde,Under Investigation
FIR202504872,FIR/4872/2025,PS0182,Bidar,2025-12-22 19:40,2025-12-24 06:40,Robbery,Chain Snatching with Force,BNS 309(4),17.902173,77.668624,P007063,P003653,P001714,PI Naveen Patil,Chargesheeted
FIR202504881,FIR/4881/2025,PS0014,Bagalkote,2025-12-23 19:00,2025-12-24 07:00,Assault,Grievous Hurt,"BNS 115(2), BNS 117(2)",16.312639,75.844779,P003979,P006159,P008636,PI Suresh Kulkarni,Chargesheeted
FIR202504883,FIR/4883/2025,PS0196,Chamarajanagar,2025-12-24 04:40,2025-12-24 12:40,Assault,Grievous Hurt,"BNS 115(2), BNS 117(2)",11.990512,76.963198,P005483,P003437,P003630,SI Prakash Sharma,Chargesheeted
FIR202504867,FIR/4867/2025,PS0230,Chamarajanagar,2025-12-22 10:47,2025-12-24 13:47,Robbery,Highway Robbery,BNS 309(4),11.761198,77.041707,P003637,P000282,P001516,PI Ramesh Gowda,Under Investigation
FIR202504860,FIR/4860/2025,PS0215,Chamarajanagar,2025-12-22 04:59,2025-12-24 13:59,Vehicle Theft,Car Theft,BNS 303(2),11.881143,76.987966,P007434,P004306,P005406,PI Suresh Kulkarni,Untraced
FIR202504866,FIR/4866/2025,PS0145,Bengaluru Urban,2025-12-22 10:04,2025-12-24 14:04,Cyber Crime,Phishing,"IT Act 66D, BNS 318(4)",12.798929,77.596141,P008146,P003020,P003044,PI Harish Naik,Chargesheeted
FIR202504885,FIR/4885/2025,PS0014,Bagalkote,2025-12-24 08:58,2025-12-24 18:58,POCSO,Harassment,"POCSO Act Sec 4, BNS 64",16.31863,75.85364,P008359,P003793,P005678,PI Naveen Patil,Chargesheeted
FIR202504887,FIR/4887/2025,PS0213,Chamarajanagar,2025-12-24 12:31,2025-12-24 22:31,Cyber Crime,Identity Theft,"IT Act 66D, BNS 318(4)",12.036311,76.934818,P005161,P009388,P008974,PI Lakshmi Devi,Under Investigation
FIR202504858,FIR/4858/2025,PS0240,Chikkaballapura,2025-12-21 23:03,2025-12-25 00:03,Cyber Crime,Phishing,"IT Act 66D, BNS 318(4)",13.386396,77.823391,P002718,P003363,P008784,PI Naveen Patil,Under Investigation
FIR202504875,FIR/4875/2025,PS0062,Belagavi,2025-12-23 00:03,2025-12-25 06:03,Dacoity,Armed Dacoity,BNS 310(2),15.760943,74.499551,P004220,P000297,P004705,PI Chetan Kumar,Chargesheeted
FIR202504882,FIR/4882/2025,PS0179,Bidar,2025-12-24 03:45,2025-12-25 07:45,Assault,Public Affray,"BNS 115(2), BNS 117(2)",18.082696,77.390435,P003932,P008883,P008786,PI Ramesh Gowda,Under Investigation
FIR202504863,FIR/4863/2025,PS0168,Bidar,2025-12-22 05:41,2025-12-25 08:41,Murder,Gang Conflict,BNS 103(1),17.72983,77.679447,P000842,P000815,P000542,PI Suresh Kulkarni,Under Investigation
FIR202504884,FIR/4884/2025,PS0014,Bagalkote,2025-12-24 05:40,2025-12-25 12:40,Fraud,Cheating,BNS 318(4),16.309018,75.852366,P006945,P005203,P001687,PI Naveen Patil,Chargesheeted
FIR202504895,FIR/4895/2025,PS0170,Bidar,2025-12-25 10:30,2025-12-25 13:30,Assault,Grievous Hurt,"BNS 115(2), BNS 117(2)",17.900936,77.385567,P008783,P001177,P000641,SI Mahesh Bhat,Chargesheeted
FIR202504886,FIR/4886/2025,PS0191,Bidar,2025-12-24 10:33,2025-12-25 13:33,Assault,Simple Assault,"BNS 115(2), BNS 117(2)",17.914413,77.387688,P005188,P007614,P005548,PI Chetan Kumar,Under Investigation
FIR202504893,FIR/4893/2025,PS0170,Bidar,2025-12-25 07:04,2025-12-25 14:04,POCSO,Sexual Assault on Minor,"POCSO Act Sec 4, BNS 64",17.884812,77.36396,P009152,P001386,P009913,PI Suresh Kulkarni,Under Investigation
FIR202504897,FIR/4897/2025,PS0174,Bidar,2025-12-25 13:55,2025-12-25 17:55,Fraud,Cheating,BNS 318(4),17.860265,77.574567,P007744,P007303,P003881,PI Suresh Kulkarni,Chargesheeted
FIR202504894,FIR/4894/2025,PS0168,Bidar,2025-12-25 07:55,2025-12-25 18:55,Robbery,Highway Robbery,BNS 309(4),17.695227,77.654906,P001706,P006565,P001202,SI Divya Hegde,Under Investigation
FIR202504896,FIR/4896/2025,PS0063,Belagavi,2025-12-25 13:00,2025-12-25 20:00,Dacoity,Armed Dacoity,BNS 310(2),16.005066,74.686295,P006010,P003804,"P009621, P005123",PI Chetan Kumar,Under Investigation
FIR202504868,FIR/4868/2025,PS0151,Bengaluru Urban,2025-12-22 12:35,2025-12-25 20:35,Vehicle Theft,Two-Wheeler Theft,BNS 303(2),12.891215,77.479163,P009193,P009207,P007785,SI Ganesh Rao,Chargesheeted
FIR202504900,FIR/4900/2025,PS0046,Belagavi,2025-12-25 20:10,2025-12-25 21:10,Vehicle Theft,Two-Wheeler Theft,BNS 303(2),15.78481,74.504008,P006188,P006824,P002171,PI Harish Naik,Under Investigation
FIR202504890,FIR/4890/2025,PS0138,Bengaluru Urban,2025-12-24 17:38,2025-12-26 00:38,Dacoity,Armed Dacoity,BNS 310(2),13.154107,77.464562,P009779,P003961,P006801,PI Ramesh Gowda,Chargesheeted
FIR202504904,FIR/4904/2025,PS0182,Bidar,2025-12-26 00:03,2025-12-26 02:03,Cyber Crime,Phishing,"IT Act 66D, BNS 318(4)",17.915024,77.672863,P005881,P006572,P002128,SI Prakash Sharma,Chargesheeted
FIR202504905,FIR/4905/2025,PS0103,Bengaluru Rural,2025-12-26 00:23,2025-12-26 03:23,Vehicle Theft,Two-Wheeler Theft,BNS 303(2),13.313349,77.437511,P001373,P001336,P006099,SI Ravi Kumar,Chargesheeted
FIR202504878,FIR/4878/2025,PS0204,Chamarajanagar,2025-12-23 07:13,2025-12-26 08:13,Cyber Crime,Financial Fraud,"IT Act 66D, BNS 318(4)",12.052076,77.050372,P000968,P009875,P003256,PI Ramesh Gowda,Chargesheeted
FIR202504901,FIR/4901/2025,PS0199,Chamarajanagar,2025-12-25 22:13,2025-12-26 09:13,Dacoity,Bank Dacoity,BNS 310(2),11.842371,77.044194,P005386,P008189,P000111,SI Mahesh Bhat,Chargesheeted
FIR202504911,FIR/4911/2025,PS0178,Bidar,2025-12-26 07:22,2025-12-26 09:22,Assault,Simple Assault,"BNS 115(2), BNS 117(2)",17.895835,77.488124,P003189,P003833,P005244,PI Lakshmi Devi,Chargesheeted
FIR202504908,FIR/4908/2025,PS0200,Chamarajanagar,2025-12-26 03:44,2025-12-26 09:44,POCSO,Sexual Assault on Minor,"POCSO Act Sec 4, BNS 64",11.77949,77.035585,P005057,P001718,P007850,PI Harish Naik,Chargesheeted
FIR202504909,FIR/4909/2025,PS0051,Belagavi,2025-12-26 04:52,2025-12-26 09:52,Burglary,Day Burglary,"BNS 331(3), BNS 331(4)",15.986292,74.518768,P008434,P003400,P009144,SI Ganesh Rao,Chargesheeted
FIR202504888,FIR/4888/2025,PS0233,Chamarajanagar,2025-12-24 15:24,2025-12-26 17:24,Assault,Grievous Hurt,"BNS 115(2), BNS 117(2)",11.719548,76.833908,P004015,P001236,P008251,SI Mahesh Bhat,Chargesheeted
FIR202504889,FIR/4889/2025,PS0245,Chikkaballapura,2025-12-24 17:16,2025-12-26 18:16,Dacoity,Armed Dacoity,BNS 310(2),13.337151,77.783267,P001802,P000759,P005623,PI Harish Naik,Under Investigation
FIR202504913,FIR/4913/2025,PS0175,Bidar,2025-12-26 10:14,2025-12-26 19:14,Vehicle Theft,Two-Wheeler Theft,BNS 303(2),17.996853,77.448554,P008815,P003583,P000604,SI Mahesh Bhat,Untraced
FIR202504916,FIR/4916/2025,PS0210,Chamarajanagar,2025-12-26 15:47,2025-12-26 19:47,Burglary,Night House Breaking,"BNS 331(3), BNS 331(4)",12.022071,76.809391,P004011,P007898,P000171,PI Lakshmi Devi,Chargesheeted
FIR202504915,FIR/4915/2025,PS0201,Chamarajanagar,2025-12-26 12:33,2025-12-26 21:33,POCSO,Sexual Assault on Minor,"POCSO Act Sec 4, BNS 64",11.983281,76.82604,P001339,P000938,"P007559, P000066",SI Ravi Kumar,Chargesheeted
FIR202504898,FIR/4898/2025,PS0166,Bidar,2025-12-25 15:32,2025-12-26 22:32,Assault,Grievous Hurt,"BNS 115(2), BNS 117(2)",17.788673,77.499825,P004675,P005944,P003827,SI Prakash Sharma,Closed
FIR202504925,FIR/4925/2025,PS0111,Bengaluru Urban,2025-12-26 21:51,2025-12-26 23:51,Cyber Crime,Financial Fraud,"IT Act 66D, BNS 318(4)",12.786404,77.53841,P004005,P008013,P001995,PI Lakshmi Devi,Chargesheeted
FIR202504917,FIR/4917/2025,PS0188,Bidar,2025-12-26 15:55,2025-12-27 00:55,NDPS,Possession of Narcotics,NDPS Act Sec 20(b),17.94721,77.704738,P001907,P007928,P000243,SI Mahesh Bhat,Under Investigation
FIR202504903,FIR/4903/2025,PS0196,Chamarajanagar,2025-12-25 23:07,2025-12-27 01:07,POCSO,Sexual Assault on Minor,"POCSO Act Sec 4, BNS 64",11.988082,76.956457,P000839,P000124,P006260,PI Harish Naik,Chargesheeted
FIR202504924,FIR/4924/2025,PS0174,Bidar,2025-12-26 21:10,2025-12-27 01:10,Theft,Snatching,BNS 303(2),17.883591,77.575369,P008575,P004480,P001823,PI Chetan Kumar,Under Investigation
FIR202504918,FIR/4918/2025,PS0006,Bagalkote,2025-12-26 16:50,2025-12-27 01:50,NDPS,Possession of Narcotics,NDPS Act Sec 20(b),16.363626,75.748787,P009608,P009313,P004564,SI Ravi Kumar,Chargesheeted
FIR202504906,FIR/4906/2025,PS0170,Bidar,2025-12-26 01:34,2025-12-27 02:34,Fraud,Corporate Fraud,BNS 318(4),17.903904,77.371371,P006911,P000624,P001505,SI Prakash Sharma,Chargesheeted
FIR202504891,FIR/4891/2025,PS0209,Chamarajanagar,2025-12-25 00:37,2025-12-27 02:37,Fraud,Land Scam,BNS 318(4),12.048798,76.99576,P001240,P001411,P001224,PI Harish Naik,Chargesheeted
FIR202504902,FIR/4902/2025,PS0115,Bengaluru Urban,2025-12-25 22:30,2025-12-27 03:30,Cyber Crime,Financial Fraud,"IT Act 66D, BNS 318(4)",12.89732,77.38492,P000318,P008406,P003625,PI Suresh Kulkarni,Chargesheeted
FIR202504929,FIR/4929/2025,PS0148,Bengaluru Urban,2025-12-27 02:22,2025-12-27 04:22,Vehicle Theft,Two-Wheeler Theft,BNS 303(2),12.843305,77.632191,P003234,P009272,P009498,SI Ravi Kumar,Chargesheeted
FIR202504922,FIR/4922/2025,PS0036,Ballari,2025-12-26 20:46,2025-12-27 04:46,Murder,Personal Enmity,BNS 103(1),15.254868,76.773991,P005621,P004862,P003788,SI Divya Hegde,Chargesheeted
FIR202504932,FIR/4932/2025,PS0139,Bengaluru Urban,2025-12-27 04:19,2025-12-27 05:19,Cyber Crime,Identity Theft,"IT Act 66D, BNS 318(4)",12.81294,77.567864,P002197,P003348,P008533,PI Ramesh Gowda,Chargesheeted
FIR202504923,FIR/4923/2025,PS0017,Bagalkote,2025-12-26 21:03,2025-12-27 07:03,NDPS,Possession of Narcotics,NDPS Act Sec 20(b),16.287052,75.56647,P009471,P006166,"P000824, P007972",SI Ravi Kumar,Chargesheeted
FIR202504899,FIR/4899/2025,PS0189,Bidar,2025-12-25 19:28,2025-12-27 07:28,Assault,Simple Assault,"BNS 115(2), BNS 117(2)",17.911707,77.363784,P008265,P001318,P009000,PI Harish Naik,Under Investigation
FIR202504931,FIR/4931/2025,PS0231,Chamarajanagar,2025-12-27 04:08,2025-12-27 09:08,Burglary,Day Burglary,"BNS 331(3), BNS 331(4)",11.97729,77.033707,P000368,P008553,P003548,PI Harish Naik,Chargesheeted
FIR202504938,FIR/4938/2025,PS0250,Chikkaballapura,2025-12-27 08:17,2025-12-27 11:17,Theft,Pocket Pick,BNS 303(2),13.557777,77.809304,P003048,P008751,P007869,PI Suresh Kulkarni,Chargesheeted
FIR202504941,FIR/4941/2025,PS0076,Bengaluru Rural,2025-12-27 12:24,2025-12-27 13:24,Assault,Grievous Hurt,"BNS 115(2), BNS 117(2)",13.338912,77.768563,P004807,P004741,P004302,SI Ravi Kumar,Under Investigation
FIR202504912,FIR/4912/2025,PS0158,Bidar,2025-12-26 08:33,2025-12-27 13:33,Fraud,Cheating,BNS 318(4),17.937194,77.482422,P003009,P000377,P005357,PI Ramesh Gowda,Untraced
FIR202504942,FIR/4942/2025,PS0225,Chamarajanagar,2025-12-27 13:02,2025-12-27 14:02,Burglary,Night House Breaking,"BNS 331(3), BNS 331(4)",12.005358,76.75843,P007595,P001518,P009950,PI Ramesh Gowda,Under Investigation
FIR202504933,FIR/4933/2025,PS0194,Chamarajanagar,2025-12-27 05:09,2025-12-27 15:09,NDPS,Possession of Narcotics,NDPS Act Sec 20(b),11.772719,76.871014,P009952,P007887,P001946,SI Ravi Kumar,Under Investigation
FIR202504914,FIR/4914/2025,PS0077,Bengaluru Rural,2025-12-26 11:30,2025-12-27 16:30,Murder,Personal Enmity,BNS 103(1),13.3644,77.621358,P004150,P006656,P004399,SI Mahesh Bhat,Closed
FIR202504939,FIR/4939/2025,PS0228,Chamarajanagar,2025-12-27 08:31,2025-12-27 17:31,POCSO,Harassment,"POCSO Act Sec 4, BNS 64",12.130804,77.107687,P001997,P001965,P005549,SI Divya Hegde,Chargesheeted
FIR202504945,FIR/4945/2025,PS0003,Bagalkote,2025-12-27 17:54,2025-12-27 19:54,Murder,Personal Enmity,BNS 103(1),16.324555,75.864743,P002055,P007552,P005664,PI Suresh Kulkarni,Closed
FIR202504920,FIR/4920/2025,PS0035,Ballari,2025-12-26 18:12,2025-12-27 23:12,Vehicle Theft,Car Theft,BNS 303(2),15.214536,76.86465,P002331,P007152,P003027,PI Lakshmi Devi,Chargesheeted
FIR202504943,FIR/4943/2025,PS0118,Bengaluru Urban,2025-12-27 13:35,2025-12-28 01:35,Fraud,Cheating,BNS 318(4),12.773466,77.696576,P002514,P009604,P004206,PI Harish Naik,Under Investigation
FIR202504950,FIR/4950/2025,PS0128,Bengaluru Urban,2025-12-27 20:59,2025-12-28 02:59,POCSO,Sexual Assault on Minor,"POCSO Act Sec 4, BNS 64",13.013528,77.573674,P001887,P004566,P007640,SI Ravi Kumar,Untraced
FIR202504907,FIR/4907/2025,PS0219,Chamarajanagar,2025-12-26 03:29,2025-12-28 04:29,Assault,Public Affray,"BNS 115(2), BNS 117(2)",11.880511,76.8725,P004128,P000985,P008905,PI Ramesh Gowda,Under Investigation
FIR202504951,FIR/4951/2025,PS0007,Bagalkote,2025-12-28 00:47,2025-12-28 05:47,Burglary,Day Burglary,"BNS 331(3), BNS 331(4)",16.082154,75.616122,P000884,P005187,"P001203, P004126",SI Prakash Sharma,Chargesheeted
FIR202504947,FIR/4947/2025,PS0179,Bidar,2025-12-27 19:59,2025-12-28 07:59,Fraud,Corporate Fraud,BNS 318(4),18.083783,77.38144,P005925,P009374,P005665,PI Harish Naik,Chargesheeted
FIR202504927,FIR/4927/2025,PS0240,Chikkaballapura,2025-12-27 00:34,2025-12-28 08:34,Assault,Simple Assault,"BNS 115(2), BNS 117(2)",13.413736,77.81519,P008627,P008139,P000976,SI Ganesh Rao,Chargesheeted
FIR202504926,FIR/4926/2025,PS0136,Bengaluru Urban,2025-12-27 00:22,2025-12-28 09:22,Vehicle Theft,Car Theft,BNS 303(2),12.830272,77.601892,P005977,P000412,"P001472, P002888",SI Prakash Sharma,Chargesheeted
FIR202504934,FIR/4934/2025,PS0022,Bagalkote,2025-12-27 06:42,2025-12-28 09:42,Robbery,Highway Robbery,BNS 309(4),16.25945,75.620028,P003904,P007534,P001120,PI Suresh Kulkarni,Under Investigation
FIR202504952,FIR/4952/2025,PS0234,Chamarajanagar,2025-12-28 01:52,2025-12-28 09:52,POCSO,Sexual Assault on Minor,"POCSO Act Sec 4, BNS 64",12.005474,76.844133,P008589,P003336,P009031,PI Suresh Kulkarni,Under Investigation
FIR202504940,FIR/4940/2025,PS0153,Bidar,2025-12-27 09:45,2025-12-28 11:45,Assault,Grievous Hurt,"BNS 115(2), BNS 117(2)",17.741056,77.345179,P001791,P004537,P007966,SI Divya Hegde,Chargesheeted
FIR202504892,FIR/4892/2025,PS0202,Chamarajanagar,2025-12-25 05:00,2025-12-28 13:00,Murder,Gang Conflict,BNS 103(1),11.93557,76.862068,P008470,P009071,P009865,PI Chetan Kumar,Chargesheeted
FIR202504954,FIR/4954/2025,PS0168,Bidar,2025-12-28 09:40,2025-12-28 13:40,Assault,Grievous Hurt,"BNS 115(2), BNS 117(2)",17.726557,77.65461,P003021,P006441,P009961,SI Mahesh Bhat,Chargesheeted
FIR202504953,FIR/4953/2025,PS0024,Bagalkote,2025-12-28 05:22,2025-12-28 14:22,NDPS,Possession of Narcotics,NDPS Act Sec 20(b),16.382985,75.507717,P009081,P004290,P002669,PI Lakshmi Devi,Untraced
FIR202504937,FIR/4937/2025,PS0218,Chamarajanagar,2025-12-27 08:12,2025-12-28 16:12,Cyber Crime,Phishing,"IT Act 66D, BNS 318(4)",11.875933,77.028101,P002965,P009299,P000846,SI Mahesh Bhat,Chargesheeted
FIR202504958,FIR/4958/2025,PS0224,Chamarajanagar,2025-12-28 23:16,2025-12-29 01:16,Cyber Crime,Identity Theft,"IT Act 66D, BNS 318(4)",11.868296,76.812945,P002415,P004989,P007320,PI Suresh Kulkarni,Chargesheeted
FIR202504959,FIR/4959/2025,PS0234,Chamarajanagar,2025-12-29 00:30,2025-12-29 01:30,Robbery,Chain Snatching with Force,BNS 309(4),12.000777,76.841585,P005220,P004315,"P001799, P001340",PI Suresh Kulkarni,Chargesheeted
FIR202504944,FIR/4944/2025,PS0067,Belagavi,2025-12-27 16:16,2025-12-29 02:16,Assault,Grievous Hurt,"BNS 115(2), BNS 117(2)",15.883796,74.699388,P000610,P001043,P001617,SI Ganesh Rao,Closed
FIR202504946,FIR/4946/2025,PS0015,Bagalkote,2025-12-27 18:11,2025-12-29 03:11,Theft,House Theft,BNS 303(2),16.047322,75.685782,P005364,P002452,P007977,PI Lakshmi Devi,Untraced
FIR202504949,FIR/4949/2025,PS0062,Belagavi,2025-12-27 20:32,2025-12-29 04:32,Burglary,Night House Breaking,"BNS 331(3), BNS 331(4)",15.777313,74.480251,P002409,P000993,P002477,SI Prakash Sharma,Chargesheeted
FIR202504948,FIR/4948/2025,PS0243,Chikkaballapura,2025-12-27 20:16,2025-12-29 07:16,Burglary,Day Burglary,"BNS 331(3), BNS 331(4)",13.456061,77.888014,P005605,P002848,P005277,SI Ganesh Rao,Chargesheeted
FIR202504936,FIR/4936/2025,PS0131,Bengaluru Urban,2025-12-27 07:33,2025-12-29 09:33,Fraud,Corporate Fraud,BNS 318(4),13.009265,77.625496,P001203,P003302,P002533,PI Harish Naik,Closed
FIR202504930,FIR/4930/2025,PS0175,Bidar,2025-12-27 03:33,2025-12-29 10:33,Assault,Simple Assault,"BNS 115(2), BNS 117(2)",17.997119,77.4363,P009073,P006447,P005036,PI Suresh Kulkarni,Untraced
FIR202504966,FIR/4966/2025,PS0007,Bagalkote,2025-12-29 10:33,2025-12-29 13:33,Vehicle Theft,Two-Wheeler Theft,BNS 303(2),16.072919,75.626382,P003486,P000580,P004369,PI Suresh Kulkarni,Under Investigation
FIR202504968,FIR/4968/2025,PS0233,Chamarajanagar,2025-12-29 12:59,2025-12-29 13:59,POCSO,Harassment,"POCSO Act Sec 4, BNS 64",11.740193,76.827715,P002562,P009889,P009579,SI Mahesh Bhat,Under Investigation
FIR202504969,FIR/4969/2025,PS0081,Bengaluru Rural,2025-12-29 13:46,2025-12-29 16:46,Theft,House Theft,BNS 303(2),13.207964,77.579628,P002815,P008874,P002018,PI Suresh Kulkarni,Under Investigation
FIR202504970,FIR/4970/2025,PS0170,Bidar,2025-12-29 15:44,2025-12-29 18:44,POCSO,Harassment,"POCSO Act Sec 4, BNS 64",17.89864,77.363517,P008920,P006412,P006654,SI Prakash Sharma,Chargesheeted
FIR202504972,FIR/4972/2025,PS0195,Chamarajanagar,2025-12-29 18:13,2025-12-30 02:13,Burglary,Night House Breaking,"BNS 331(3), BNS 331(4)",11.878507,77.050489,P009324,P000827,"P009552, P004698",SI Mahesh Bhat,Under Investigation
FIR202504928,FIR/4928/2025,PS0156,Bidar,2025-12-27 01:25,2025-12-30 03:25,Dacoity,Armed Dacoity,BNS 310(2),17.982861,77.483238,P009549,P003192,P005365,SI Ganesh Rao,Chargesheeted
FIR202504956,FIR/4956/2025,PS0206,Chamarajanagar,2025-12-28 18:48,2025-12-30 03:48,POCSO,Harassment,"POCSO Act Sec 4, BNS 64",11.815295,77.11916,P005480,P005331,P008550,SI Ravi Kumar,Chargesheeted
FIR202504973,FIR/4973/2025,PS0135,Bengaluru Urban,2025-12-29 18:27,2025-12-30 04:27,Vehicle Theft,Two-Wheeler Theft,BNS 303(2),12.914254,77.438328,P001320,P002922,P006375,PI Ramesh Gowda,Chargesheeted
FIR202504919,FIR/4919/2025,PS0004,Bagalkote,2025-12-26 18:10,2025-12-30 05:10,Burglary,Night House Breaking,"BNS 331(3), BNS 331(4)",16.023422,75.691962,P006734,P003294,P006841,PI Naveen Patil,Chargesheeted
FIR202504921,FIR/4921/2025,PS0166,Bidar,2025-12-26 19:03,2025-12-30 07:03,Assault,Grievous Hurt,"BNS 115(2), BNS 117(2)",17.793568,77.504118,P000234,P000486,P006217,PI Lakshmi Devi,Under Investigation
FIR202504910,FIR/4910/2025,PS0212,Chamarajanagar,2025-12-26 05:40,2025-12-30 07:40,Robbery,Highway Robbery,BNS 309(4),12.055852,76.821363,P003473,P002096,P006540,PI Lakshmi Devi,Untraced
FIR202504961,FIR/4961/2025,PS0023,Bagalkote,2025-12-29 05:13,2025-12-30 10:13,Assault,Simple Assault,"BNS 115(2), BNS 117(2)",16.126383,75.798587,P006751,P005513,P009610,PI Ramesh Gowda,Under Investigation
FIR202504976,FIR/4976/2025,PS0007,Bagalkote,2025-12-30 00:17,2025-12-30 10:17,Assault,Simple Assault,"BNS 115(2), BNS 117(2)",16.075627,75.647628,P002861,P004413,P006990,PI Suresh Kulkarni,Untraced
FIR202504935,FIR/4935/2025,PS0216,Chamarajanagar,2025-12-27 06:51,2025-12-30 13:51,Vehicle Theft,Car Theft,BNS 303(2),11.754677,76.966397,P005420,P007814,P008911,PI Ramesh Gowda,Chargesheeted
FIR202504963,FIR/4963/2025,PS0186,Bidar,2025-12-29 08:50,2025-12-30 14:50,Assault,Grievous Hurt,"BNS 115(2), BNS 117(2)",17.722507,77.495828,P008030,P003149,P008654,SI Divya Hegde,Under Investigation
FIR202504964,FIR/4964/2025,PS0204,Chamarajanagar,2025-12-29 10:02,2025-12-30 15:02,Cyber Crime,Financial Fraud,"IT Act 66D, BNS 318(4)",12.042567,77.064784,P008615,P007649,P002277,SI Divya Hegde,Chargesheeted
FIR202504971,FIR/4971/2025,PS0206,Chamarajanagar,2025-12-29 15:53,2025-12-30 16:53,Burglary,Night House Breaking,"BNS 331(3), BNS 331(4)",11.852055,77.108333,P007284,P000971,P004416,PI Harish Naik,Chargesheeted
FIR202504955,FIR/4955/2025,PS0085,Bengaluru Rural,2025-12-28 16:22,2025-12-30 20:22,Fraud,Land Scam,BNS 318(4),13.101905,77.415762,P002935,P000958,P001184,PI Harish Naik,Chargesheeted
FIR202504965,FIR/4965/2025,PS0204,Chamarajanagar,2025-12-29 10:25,2025-12-30 20:25,Assault,Grievous Hurt,"BNS 115(2), BNS 117(2)",12.057878,77.049119,P002500,P003744,P000343,PI Naveen Patil,Chargesheeted
FIR202504987,FIR/4987/2025,PS0202,Chamarajanagar,2025-12-30 16:08,2025-12-30 21:08,Theft,House Theft,BNS 303(2),11.926422,76.868574,P004409,P006312,P002773,PI Suresh Kulkarni,Untraced
FIR202504957,FIR/4957/2025,PS0099,Bengaluru Rural,2025-12-28 21:13,2025-12-31 03:13,Vehicle Theft,Two-Wheeler Theft,BNS 303(2),13.265033,77.715371,P002300,P001950,P001954,PI Naveen Patil,Chargesheeted
FIR202504989,FIR/4989/2025,PS0148,Bengaluru Urban,2025-12-30 22:31,2025-12-31 03:31,Fraud,Corporate Fraud,BNS 318(4),12.841525,77.643415,P004169,P007336,P000679,PI Naveen Patil,Chargesheeted
FIR202504974,FIR/4974/2025,PS0228,Chamarajanagar,2025-12-29 19:33,2025-12-31 07:33,Dacoity,Bank Dacoity,BNS 310(2),12.105852,77.123634,P007976,P008450,P008333,SI Prakash Sharma,Under Investigation
FIR202504990,FIR/4990/2025,PS0159,Bidar,2025-12-30 23:54,2025-12-31 08:54,Fraud,Land Scam,BNS 318(4),18.056101,77.495661,P005688,P003170,P003885,SI Mahesh Bhat,Chargesheeted
FIR202504980,FIR/4980/2025,PS0189,Bidar,2025-12-30 07:50,2025-12-31 09:50,Fraud,Corporate Fraud,BNS 318(4),17.893388,77.379291,P009185,P003921,P004121,SI Divya Hegde,Chargesheeted
FIR202504962,FIR/4962/2025,PS0135,Bengaluru Urban,2025-12-29 06:32,2025-12-31 13:32,Vehicle Theft,Two-Wheeler Theft,BNS 303(2),12.89801,77.438443,P001594,P007711,P000592,SI Mahesh Bhat,Chargesheeted
FIR202504982,FIR/4982/2025,PS0128,Bengaluru Urban,2025-12-30 08:46,2025-12-31 13:46,Murder,Personal Enmity,BNS 103(1),13.043953,77.595358,P005847,P002339,P003691,PI Suresh Kulkarni,Under Investigation
FIR202504991,FIR/4991/2025,PS0227,Chamarajanagar,2025-12-31 08:04,2025-12-31 15:04,Burglary,Night House Breaking,"BNS 331(3), BNS 331(4)",11.914786,76.915292,P001469,P000969,P006034,SI Ganesh Rao,Untraced
FIR202504977,FIR/4977/2025,PS0179,Bidar,2025-12-30 03:54,2025-12-31 15:54,Theft,House Theft,BNS 303(2),18.103217,77.383278,P005186,P006951,"P004307, P001619",PI Harish Naik,Under Investigation
FIR202504983,FIR/4983/2025,PS0165,Bidar,2025-12-30 09:43,2025-12-31 18:43,Assault,Simple Assault,"BNS 115(2), BNS 117(2)",18.043333,77.444528,P003021,P007933,P003620,PI Harish Naik,Under Investigation
FIR202504967,FIR/4967/2025,PS0189,Bidar,2025-12-29 11:32,2025-12-31 23:32,Fraud,Cheating,BNS 318(4),17.905382,77.372087,P002346,P004472,P001428,SI Ganesh Rao,Under Investigation
FIR202504985,FIR/4985/2025,PS0013,Bagalkote,2025-12-30 14:01,2026-01-01 00:01,Vehicle Theft,Two-Wheeler Theft,BNS 303(2),16.145495,75.665267,P002462,P000208,P007229,SI Ravi Kumar,Untraced
FIR202505000,FIR/5000/2025,PS0160,Bidar,2025-12-31 22:49,2026-01-01 00:49,Dacoity,Bank Dacoity,BNS 310(2),17.869188,77.358593,P006685,P006048,P002136,PI Lakshmi Devi,Under Investigation
FIR202504960,FIR/4960/2025,PS0019,Bagalkote,2025-12-29 03:47,2026-01-01 15:47,POCSO,Harassment,"POCSO Act Sec 4, BNS 64",16.030392,75.896468,P002730,P006704,P001817,PI Lakshmi Devi,Chargesheeted
FIR202504978,FIR/4978/2025,PS0065,Belagavi,2025-12-30 04:12,2026-01-01 16:12,Burglary,Night House Breaking,"BNS 331(3), BNS 331(4)",15.757629,74.421429,P006014,P008931,P009613,SI Divya Hegde,Chargesheeted
FIR202504986,FIR/4986/2025,PS0234,Chamarajanagar,2025-12-30 14:09,2026-01-01 19:09,Burglary,Day Burglary,"BNS 331(3), BNS 331(4)",12.015227,76.824278,P001647,P002936,P005830,SI Divya Hegde,Under Investigation
FIR202504997,FIR/4997/2025,PS0222,Chamarajanagar,2025-12-31 18:38,2026-01-01 20:38,Robbery,Highway Robbery,BNS 309(4),11.924702,76.769352,P006993,P001596,P009167,PI Harish Naik,Chargesheeted
FIR202504996,FIR/4996/2025,PS0084,Bengaluru Rural,2025-12-31 16:35,2026-01-01 22:35,Theft,Snatching,BNS 303(2),13.18537,77.564096,P001233,P008273,P001792,PI Harish Naik,Chargesheeted
FIR202504993,FIR/4993/2025,PS0035,Ballari,2025-12-31 10:43,2026-01-02 13:43,Cyber Crime,Identity Theft,"IT Act 66D, BNS 318(4)",15.232044,76.862835,P009466,P001881,P006563,PI Harish Naik,Under Investigation
FIR202504979,FIR/4979/2025,PS0204,Chamarajanagar,2025-12-30 05:38,2026-01-02 16:38,Assault,Grievous Hurt,"BNS 115(2), BNS 117(2)",12.050054,77.083641,P000877,P000975,P007789,PI Naveen Patil,Under Investigation
FIR202504984,FIR/4984/2025,PS0014,Bagalkote,2025-12-30 13:11,2026-01-02 18:11,Assault,Grievous Hurt,"BNS 115(2), BNS 117(2)",16.316271,75.856009,P002533,P002921,P009645,PI Suresh Kulkarni,Closed
FIR202504981,FIR/4981/2025,PS0070,Bengaluru Rural,2025-12-30 08:16,2026-01-02 19:16,Burglary,Day Burglary,"BNS 331(3), BNS 331(4)",13.252861,77.774626,P000504,P007396,P001590,SI Divya Hegde,Untraced
FIR202504992,FIR/4992/2025,PS0232,Chamarajanagar,2025-12-31 09:34,2026-01-02 20:34,Burglary,Night House Breaking,"BNS 331(3), BNS 331(4)",11.768332,76.909547,P007469,P001330,P008773,SI Ganesh Rao,Chargesheeted
FIR202504998,FIR/4998/2025,PS0107,Bengaluru Rural,2025-12-31 19:31,2026-01-03 03:31,Theft,House Theft,BNS 303(2),13.1268,77.406748,P005796,P002259,P005371,SI Ganesh Rao,Under Investigation
FIR202504999,FIR/4999/2025,PS0178,Bidar,2025-12-31 22:14,2026-01-03 04:14,Fraud,Corporate Fraud,BNS 318(4),17.864653,77.493697,P006876,P006125,P006658,SI Mahesh Bhat,Untraced
FIR202504995,FIR/4995/2025,PS0195,Chamarajanagar,2025-12-31 13:40,2026-01-03 14:40,Assault,Public Affray,"BNS 115(2), BNS 117(2)",11.861985,77.054454,P002446,P008899,P006986,PI Naveen Patil,Chargesheeted
FIR202504988,FIR/4988/2025,PS0016,Bagalkote,2025-12-30 16:43,2026-01-03 17:43,Dacoity,Armed Dacoity,BNS 310(2),15.972664,75.66888,P009145,P008247,P005208,PI Suresh Kulkarni,Untraced
FIR202504975,FIR/4975/2025,PS0033,Ballari,2025-12-29 20:38,2026-01-04 08:38,Burglary,Day Burglary,"BNS 331(3), BNS 331(4)",15.035303,76.809338,P004734,P005280,P001139,SI Ravi Kumar,Chargesheeted
FIR202504994,FIR/4994/2025,PS0012,Bagalkote,2025-12-31 12:23,2026-01-04 21:23,Dacoity,Bank Dacoity,BNS 310(2),16.280586,75.821469,P002364,P000710,"P003195, P000687",SI Ganesh Rao,Under Investigation
