ChargeSheet_ID,FIR_ID,Accused_ID,Crime_Type,Sections,Investigating_Officer,Court,Witness_Count,Evidence_Count,ChargeSheet_Date,Status
CS202500002,FIR202500852,P008005,Cyber Crime,"IT Act 66D, BNS 318(4)",SI Ravi Kumar,Bagalkote District & Sessions Court,4,9,2025-02-02,Accepted
CS202500019,FIR202500486,P001831,Vehicle Theft,BNS 303(2),SI Mahesh Bhat,Chikkaballapura District & Sessions Court,13,26,2025-02-08,Returned for Correction
CS202500043,FIR202502050,P001645,Vehicle Theft,BNS 303(2),SI Ganesh Rao,Ballari District & Sessions Court,11,14,2025-02-16,Pending Scrutiny
CS202500017,FIR202501493,P005623,Assault,"BNS 115(2), BNS 117(2)",SI Divya Hegde,Bidar District & Sessions Court,2,12,2025-02-18,Accepted
CS202500083,FIR202501895,P004512,Assault,"BNS 115(2), BNS 117(2)",PI Suresh Kulkarni,Bagalkote District & Sessions Court,3,6,2025-02-19,Returned for Correction
CS202500095,FIR202500479,P002671,Assault,"BNS 115(2), BNS 117(2)",SI Prakash Sharma,Belagavi District & Sessions Court,5,11,2025-02-19,Filed
CS202500072,FIR202502237,P000589,NDPS,NDPS Act Sec 20(b),SI Divya Hegde,Bengaluru Urban District & Sessions Court,14,18,2025-02-20,Accepted
CS202500094,FIR202503331,P007461,Murder,BNS 103(1),SI Prakash Sharma,Chikkaballapura District & Sessions Court,14,6,2025-02-20,Returned for Correction
CS202500030,FIR202504622,P001264,NDPS,NDPS Act Sec 20(b),SI Ganesh Rao,Bidar District & Sessions Court,7,14,2025-02-21,Accepted
CS202500099,FIR202502682,P003879,Theft,BNS 303(2),SI Mahesh Bhat,Bagalkote District & Sessions Court,15,19,2025-02-21,Pending Scrutiny
CS202500042,FIR202500830,P009974,Fraud,BNS 318(4),SI Ganesh Rao,Chamarajanagar District & Sessions Court,11,12,2025-02-23,Pending Scrutiny
CS202500044,FIR202503849,P003325,POCSO,"POCSO Act Sec 4, BNS 64",PI Naveen Patil,Belagavi District & Sessions Court,6,16,2025-02-23,Returned for Correction
CS202500011,FIR202500903,P007622,Assault,"BNS 115(2), BNS 117(2)",PI Harish Naik,Chamarajanagar District & Sessions Court,15,18,2025-02-25,Filed
CS202500089,FIR202503173,P009828,Murder,BNS 103(1),PI Harish Naik,Bidar District & Sessions Court,8,29,2025-02-26,Filed
CS202500039,FIR202503224,P007369,NDPS,NDPS Act Sec 20(b),SI Divya Hegde,Belagavi District & Sessions Court,14,20,2025-02-27,Filed
CS202500059,FIR202503340,P001579,Assault,"BNS 115(2), BNS 117(2)",PI Harish Naik,Ballari District & Sessions Court,14,30,2025-02-27,Filed
CS202500060,FIR202504980,P004275,Cyber Crime,"IT Act 66D, BNS 318(4)",PI Ramesh Gowda,Bengaluru Urban District & Sessions Court,6,11,2025-02-27,Pending Scrutiny
CS202500104,FIR202501690,P000976,Assault,"BNS 115(2), BNS 117(2)",PI Suresh Kulkarni,Bidar District & Sessions Court,11,11,2025-02-27,Returned for Correction
CS202500032,FIR202501575,P004977,Theft,BNS 303(2),PI Naveen Patil,Belagavi District & Sessions Court,2,5,2025-02-28,Filed
CS202500016,FIR202504610,P006344,POCSO,"POCSO Act Sec 4, BNS 64",PI Harish Naik,Chikkaballapura District & Sessions Court,5,22,2025-03-03,Filed
CS202500117,FIR202501134,P001050,Vehicle Theft,BNS 303(2),SI Prakash Sharma,Chamarajanagar District & Sessions Court,14,28,2025-03-03,Pending Scrutiny
CS202500009,FIR202504550,P005618,Theft,BNS 303(2),PI Lakshmi Devi,Chikkaballapura District & Sessions Court,2,21,2025-03-03,Accepted
CS202500052,FIR202501366,P000198,Murder,BNS 103(1),PI Lakshmi Devi,Bagalkote District & Sessions Court,11,11,2025-03-03,Accepted
CS202500003,FIR202503430,P000662,Fraud,BNS 318(4),SI Ganesh Rao,Bidar District & Sessions Court,18,29,2025-03-03,Pending Scrutiny
CS202500149,FIR202502629,P001088,Theft,BNS 303(2),PI Suresh Kulkarni,Chikkaballapura District & Sessions Court,12,26,2025-03-05,Filed
CS202500057,FIR202501474,P003033,Theft,BNS 303(2),PI Ramesh Gowda,Bengaluru Rural District & Sessions Court,6,22,2025-03-05,Pending Scrutiny
CS202500025,FIR202504534,P000054,Fraud,BNS 318(4),PI Lakshmi Devi,Bengaluru Urban District & Sessions Court,6,11,2025-03-05,Filed
CS202500113,FIR202501122,P006904,Cyber Crime,"IT Act 66D, BNS 318(4)",PI Lakshmi Devi,Bengaluru Rural District & Sessions Court,17,18,2025-03-05,Filed
CS202500069,FIR202504286,P008118,Fraud,BNS 318(4),SI Ravi Kumar,Chamarajanagar District & Sessions Court,8,14,2025-03-06,Filed
CS202500079,FIR202504003,P005178,Dacoity,BNS 310(2),PI Naveen Patil,Belagavi District & Sessions Court,13,18,2025-03-07,Returned for Correction
CS202500035,FIR202502347,P004259,Fraud,BNS 318(4),SI Divya Hegde,Bengaluru Urban District & Sessions Court,12,5,2025-03-07,Pending Scrutiny
CS202500001,FIR202500441,P008683,Theft,BNS 303(2),PI Harish Naik,Bengaluru Urban District & Sessions Court,13,7,2025-03-07,Pending Scrutiny
CS202500087,FIR202501720,P002212,Cyber Crime,"IT Act 66D, BNS 318(4)",PI Naveen Patil,Bengaluru Urban District & Sessions Court,4,11,2025-03-08,Returned for Correction
CS202500084,FIR202504408,P004030,Assault,"BNS 115(2), BNS 117(2)",PI Suresh Kulkarni,Bidar District & Sessions Court,10,7,2025-03-08,Accepted
CS202500075,FIR202504792,P007947,Fraud,BNS 318(4),PI Naveen Patil,Bidar District & Sessions Court,3,23,2025-03-08,Pending Scrutiny
CS202500049,FIR202504627,P003210,Assault,"BNS 115(2), BNS 117(2)",SI Ravi Kumar,Bidar District & Sessions Court,12,30,2025-03-08,Filed
CS202500076,FIR202503642,P005537,Theft,BNS 303(2),SI Divya Hegde,Bengaluru Rural District & Sessions Court,13,19,2025-03-09,Accepted
CS202500066,FIR202503491,P008805,Robbery,BNS 309(4),SI Ravi Kumar,Bidar District & Sessions Court,8,30,2025-03-10,Returned for Correction
CS202500061,FIR202501496,P005242,POCSO,"POCSO Act Sec 4, BNS 64",SI Mahesh Bhat,Bengaluru Urban District & Sessions Court,9,28,2025-03-10,Pending Scrutiny
CS202500092,FIR202504135,P009950,Theft,BNS 303(2),SI Mahesh Bhat,Chikkaballapura District & Sessions Court,13,17,2025-03-10,Filed
CS202500167,FIR202501377,P003295,Murder,BNS 103(1),SI Ganesh Rao,Chamarajanagar District & Sessions Court,9,13,2025-03-10,Pending Scrutiny
CS202500190,FIR202503910,P009079,Burglary,"BNS 331(3), BNS 331(4)",PI Naveen Patil,Bidar District & Sessions Court,16,18,2025-03-10,Accepted
CS202500141,FIR202503623,P006699,Assault,"BNS 115(2), BNS 117(2)",PI Ramesh Gowda,Bidar District & Sessions Court,13,13,2025-03-12,Pending Scrutiny
CS202500177,FIR202504791,P000413,Vehicle Theft,BNS 303(2),SI Divya Hegde,Chikkaballapura District & Sessions Court,14,7,2025-03-12,Pending Scrutiny
CS202500004,FIR202504668,P003883,Vehicle Theft,BNS 303(2),PI Chetan Kumar,Bagalkote District & Sessions Court,10,30,2025-03-12,Returned for Correction
CS202500162,FIR202501040,P002746,Dacoity,BNS 310(2),SI Prakash Sharma,Chikkaballapura District & Sessions Court,4,20,2025-03-14,Pending Scrutiny
CS202500034,FIR202500721,P009823,Burglary,"BNS 331(3), BNS 331(4)",SI Divya Hegde,Ballari District & Sessions Court,16,19,2025-03-14,Filed
CS202500005,FIR202501709,P000759,Burglary,"BNS 331(3), BNS 331(4)",SI Divya Hegde,Bidar District & Sessions Court,7,18,2025-03-14,Pending Scrutiny
CS202500125,FIR202500732,P000556,Robbery,BNS 309(4),PI Suresh Kulkarni,Bengaluru Urban District & Sessions Court,13,28,2025-03-16,Filed
CS202500150,FIR202502380,P005424,Robbery,BNS 309(4),SI Ganesh Rao,Bengaluru Urban District & Sessions Court,17,9,2025-03-16,Pending Scrutiny
CS202500160,FIR202500968,P007041,Vehicle Theft,BNS 303(2),SI Ravi Kumar,Bagalkote District & Sessions Court,9,21,2025-03-16,Filed
CS202500040,FIR202500357,P005777,Dacoity,BNS 310(2),PI Ramesh Gowda,Bengaluru Rural District & Sessions Court,8,25,2025-03-16,Filed
CS202500123,FIR202502923,P000360,Burglary,"BNS 331(3), BNS 331(4)",PI Naveen Patil,Chikkaballapura District & Sessions Court,8,20,2025-03-17,Filed
CS202500007,FIR202500834,P000224,Burglary,"BNS 331(3), BNS 331(4)",PI Naveen Patil,Bengaluru Urban District & Sessions Court,2,21,2025-03-17,Accepted
CS202500159,FIR202500234,P000878,Robbery,BNS 309(4),PI Harish Naik,Bengaluru Urban District & Sessions Court,13,28,2025-03-18,Filed
CS202500143,FIR202503760,P000588,Assault,"BNS 115(2), BNS 117(2)",SI Ravi Kumar,Belagavi District & Sessions Court,2,15,2025-03-18,Filed
CS202500026,FIR202503945,P007017,POCSO,"POCSO Act Sec 4, BNS 64",SI Divya Hegde,Bengaluru Urban District & Sessions Court,11,17,2025-03-18,Accepted
CS202500023,FIR202504345,P007033,Cyber Crime,"IT Act 66D, BNS 318(4)",SI Ravi Kumar,Bengaluru Rural District & Sessions Court,18,15,2025-03-18,Pending Scrutiny
CS202500006,FIR202501937,P003201,Robbery,BNS 309(4),PI Naveen Patil,Bengaluru Rural District & Sessions Court,13,3,2025-03-18,Filed
CS202500228,FIR202501661,P007189,Vehicle Theft,BNS 303(2),PI Ramesh Gowda,Chamarajanagar District & Sessions Court,12,29,2025-03-19,Filed
CS202500132,FIR202501395,P000030,Theft,BNS 303(2),SI Mahesh Bhat,Chamarajanagar District & Sessions Court,6,12,2025-03-19,Pending Scrutiny
CS202500130,FIR202500842,P005217,Dacoity,BNS 310(2),SI Prakash Sharma,Ballari District & Sessions Court,10,3,2025-03-19,Filed
CS202500056,FIR202504262,P008474,Assault,"BNS 115(2), BNS 117(2)",PI Suresh Kulkarni,Bengaluru Rural District & Sessions Court,15,14,2025-03-19,Returned for Correction
CS202500070,FIR202502526,P006112,Burglary,"BNS 331(3), BNS 331(4)",PI Harish Naik,Belagavi District & Sessions Court,16,3,2025-03-20,Pending Scrutiny
CS202500195,FIR202503455,P001271,Robbery,BNS 309(4),PI Suresh Kulkarni,Bengaluru Rural District & Sessions Court,7,18,2025-03-20,Accepted
CS202500151,FIR202502992,P000479,NDPS,NDPS Act Sec 20(b),SI Ganesh Rao,Bengaluru Rural District & Sessions Court,8,18,2025-03-20,Filed
CS202500063,FIR202502643,P003332,Fraud,BNS 318(4),PI Chetan Kumar,Bagalkote District & Sessions Court,3,20,2025-03-20,Returned for Correction
CS202500015,FIR202501445,P003089,Dacoity,BNS 310(2),PI Ramesh Gowda,Bagalkote District & Sessions Court,12,14,2025-03-20,Accepted
CS202500208,FIR202500570,P007923,POCSO,"POCSO Act Sec 4, BNS 64",SI Mahesh Bhat,Chikkaballapura District & Sessions Court,18,28,2025-03-20,Accepted
CS202500047,FIR202503752,P001912,Cyber Crime,"IT Act 66D, BNS 318(4)",SI Ganesh Rao,Chamarajanagar District & Sessions Court,6,9,2025-03-21,Pending Scrutiny
CS202500024,FIR202501180,P005899,Assault,"BNS 115(2), BNS 117(2)",SI Prakash Sharma,Bidar District & Sessions Court,17,21,2025-03-22,Filed
CS202500253,FIR202503957,P007074,Robbery,BNS 309(4),PI Harish Naik,Bidar District & Sessions Court,6,30,2025-03-22,Accepted
CS202500058,FIR202501195,P006109,Theft,BNS 303(2),PI Suresh Kulkarni,Chamarajanagar District & Sessions Court,8,9,2025-03-22,Pending Scrutiny
CS202500136,FIR202500264,P003790,Theft,BNS 303(2),PI Harish Naik,Chamarajanagar District & Sessions Court,12,4,2025-03-22,Accepted
CS202500107,FIR202501574,P005320,Assault,"BNS 115(2), BNS 117(2)",SI Prakash Sharma,Bidar District & Sessions Court,9,15,2025-03-22,Accepted
CS202500178,FIR202503681,P001090,Vehicle Theft,BNS 303(2),SI Ravi Kumar,Ballari District & Sessions Court,16,12,2025-03-22,Filed
CS202500067,FIR202502148,P001855,Fraud,BNS 318(4),PI Suresh Kulkarni,Chikkaballapura District & Sessions Court,17,14,2025-03-23,Accepted
CS202500153,FIR202501995,P000876,Murder,BNS 103(1),SI Ganesh Rao,Chamarajanagar District & Sessions Court,9,20,2025-03-23,Accepted
CS202500148,FIR202501221,P004373,Theft,BNS 303(2),SI Divya Hegde,Bidar District & Sessions Court,9,22,2025-03-23,Returned for Correction
CS202500065,FIR202504401,P000792,Dacoity,BNS 310(2),PI Naveen Patil,Bengaluru Rural District & Sessions Court,10,24,2025-03-23,Returned for Correction
CS202500139,FIR202501569,P006031,Burglary,"BNS 331(3), BNS 331(4)",PI Chetan Kumar,Bengaluru Rural District & Sessions Court,8,3,2025-03-24,Pending Scrutiny
CS202500184,FIR202504593,P003910,Vehicle Theft,BNS 303(2),PI Ramesh Gowda,Chikkaballapura District & Sessions Court,8,29,2025-03-24,Returned for Correction
CS202500196,FIR202502272,P003859,Vehicle Theft,BNS 303(2),SI Mahesh Bhat,Chamarajanagar District & Sessions Court,3,15,2025-03-24,Accepted
CS202500118,FIR202502424,P009635,Vehicle Theft,BNS 303(2),PI Harish Naik,Bagalkote District & Sessions Court,3,12,2025-03-25,Returned for Correction
CS202500028,FIR202500358,P003910,Robbery,BNS 309(4),PI Ramesh Gowda,Bengaluru Rural District & Sessions Court,10,22,2025-03-25,Returned for Correction
CS202500216,FIR202503736,P001408,Burglary,"BNS 331(3), BNS 331(4)",SI Prakash Sharma,Bengaluru Rural District & Sessions Court,14,7,2025-03-25,Filed
CS202500031,FIR202500522,P008413,Dacoity,BNS 310(2),PI Chetan Kumar,Ballari District & Sessions Court,13,21,2025-03-25,Filed
CS202500038,FIR202504810,P001238,Assault,"BNS 115(2), BNS 117(2)",PI Harish Naik,Bidar District & Sessions Court,16,18,2025-03-25,Filed
CS202500263,FIR202502055,P005785,Murder,BNS 103(1),SI Prakash Sharma,Bengaluru Rural District & Sessions Court,17,16,2025-03-25,Returned for Correction
CS202500097,FIR202502413,P009143,Fraud,BNS 318(4),PI Naveen Patil,Bengaluru Urban District & Sessions Court,7,15,2025-03-25,Returned for Correction
CS202500080,FIR202501452,P008958,Murder,BNS 103(1),PI Lakshmi Devi,Bidar District & Sessions Court,7,27,2025-03-26,Filed
CS202500048,FIR202500891,P002961,Fraud,BNS 318(4),SI Ganesh Rao,Chikkaballapura District & Sessions Court,8,30,2025-03-26,Filed
CS202500200,FIR202504819,P002783,Burglary,"BNS 331(3), BNS 331(4)",PI Harish Naik,Ballari District & Sessions Court,15,21,2025-03-26,Pending Scrutiny
CS202500235,FIR202501865,P002677,Fraud,BNS 318(4),SI Mahesh Bhat,Bagalkote District & Sessions Court,11,23,2025-03-26,Returned for Correction
CS202500050,FIR202501731,P000138,Fraud,BNS 318(4),SI Prakash Sharma,Chikkaballapura District & Sessions Court,9,3,2025-03-27,Accepted
CS202500209,FIR202503895,P008126,Cyber Crime,"IT Act 66D, BNS 318(4)",SI Ganesh Rao,Bengaluru Urban District & Sessions Court,16,11,2025-03-27,Filed
CS202500179,FIR202503218,P006286,Assault,"BNS 115(2), BNS 117(2)",PI Ramesh Gowda,Bidar District & Sessions Court,15,11,2025-03-27,Filed
CS202500036,FIR202504313,P004078,Murder,BNS 103(1),SI Mahesh Bhat,Bengaluru Rural District & Sessions Court,12,18,2025-03-27,Pending Scrutiny
CS202500071,FIR202500776,P005864,Fraud,BNS 318(4),SI Prakash Sharma,Belagavi District & Sessions Court,2,30,2025-03-27,Accepted
CS202500051,FIR202503689,P000016,Fraud,BNS 318(4),PI Naveen Patil,Chamarajanagar District & Sessions Court,4,19,2025-03-28,Accepted
CS202500013,FIR202504219,P005131,Vehicle Theft,BNS 303(2),PI Harish Naik,Bagalkote District & Sessions Court,6,16,2025-03-28,Returned for Correction
CS202500121,FIR202501368,P005085,Cyber Crime,"IT Act 66D, BNS 318(4)",SI Mahesh Bhat,Chikkaballapura District & Sessions Court,11,28,2025-03-28,Filed
CS202500012,FIR202502596,P007243,NDPS,NDPS Act Sec 20(b),SI Divya Hegde,Bengaluru Rural District & Sessions Court,7,15,2025-03-28,Accepted
CS202500073,FIR202502275,P004752,Robbery,BNS 309(4),PI Lakshmi Devi,Chamarajanagar District & Sessions Court,13,16,2025-03-29,Filed
CS202500274,FIR202503010,P005793,Vehicle Theft,BNS 303(2),PI Lakshmi Devi,Bengaluru Urban District & Sessions Court,12,30,2025-03-29,Returned for Correction
CS202500062,FIR202504570,P004051,Dacoity,BNS 310(2),SI Divya Hegde,Bidar District & Sessions Court,17,4,2025-03-29,Pending Scrutiny
CS202500203,FIR202502097,P005599,NDPS,NDPS Act Sec 20(b),SI Prakash Sharma,Chamarajanagar District & Sessions Court,13,23,2025-03-29,Accepted
CS202500029,FIR202504603,P008582,Cyber Crime,"IT Act 66D, BNS 318(4)",PI Naveen Patil,Bengaluru Urban District & Sessions Court,13,20,2025-03-30,Filed
CS202500078,FIR202501261,P004096,Assault,"BNS 115(2), BNS 117(2)",PI Chetan Kumar,Bidar District & Sessions Court,12,4,2025-03-30,Filed
CS202500276,FIR202504799,P009077,Fraud,BNS 318(4),PI Naveen Patil,Bengaluru Rural District & Sessions Court,11,8,2025-03-30,Filed
CS202500188,FIR202503970,P005337,Murder,BNS 103(1),PI Suresh Kulkarni,Bidar District & Sessions Court,6,19,2025-03-30,Accepted
CS202500064,FIR202504385,P002071,Fraud,BNS 318(4),SI Ravi Kumar,Bengaluru Urban District & Sessions Court,2,28,2025-03-30,Filed
CS202500055,FIR202501756,P005877,POCSO,"POCSO Act Sec 4, BNS 64",SI Mahesh Bhat,Bengaluru Rural District & Sessions Court,2,23,2025-03-30,Filed
CS202500096,FIR202502138,P008611,NDPS,NDPS Act Sec 20(b),PI Lakshmi Devi,Bidar District & Sessions Court,18,25,2025-03-30,Filed
CS202500211,FIR202501608,P006405,Burglary,"BNS 331(3), BNS 331(4)",PI Lakshmi Devi,Belagavi District & Sessions Court,11,10,2025-03-31,Returned for Correction
CS202500126,FIR202501707,P001259,Dacoity,BNS 310(2),SI Mahesh Bhat,Bidar District & Sessions Court,16,10,2025-03-31,Returned for Correction
CS202500033,FIR202503494,P001284,Fraud,BNS 318(4),SI Divya Hegde,Bidar District & Sessions Court,6,27,2025-03-31,Filed
CS202500018,FIR202504815,P008181,Assault,"BNS 115(2), BNS 117(2)",PI Harish Naik,Bengaluru Urban District & Sessions Court,6,4,2025-04-01,Returned for Correction
CS202500224,FIR202503923,P004651,Assault,"BNS 115(2), BNS 117(2)",SI Prakash Sharma,Bidar District & Sessions Court,10,24,2025-04-01,Returned for Correction
CS202500165,FIR202503922,P008491,Cyber Crime,"IT Act 66D, BNS 318(4)",SI Divya Hegde,Chamarajanagar District & Sessions Court,6,12,2025-04-01,Returned for Correction
CS202500100,FIR202500371,P007443,Vehicle Theft,BNS 303(2),SI Ganesh Rao,Bagalkote District & Sessions Court,14,23,2025-04-02,Accepted
CS202500102,FIR202500656,P003048,Cyber Crime,"IT Act 66D, BNS 318(4)",SI Ravi Kumar,Bengaluru Rural District & Sessions Court,6,14,2025-04-02,Returned for Correction
CS202500137,FIR202504894,P008886,Fraud,BNS 318(4),PI Harish Naik,Bagalkote District & Sessions Court,18,3,2025-04-02,Returned for Correction
CS202500302,FIR202503099,P005976,Theft,BNS 303(2),SI Prakash Sharma,Bidar District & Sessions Court,16,17,2025-04-02,Pending Scrutiny
CS202500230,FIR202502777,P004049,POCSO,"POCSO Act Sec 4, BNS 64",PI Chetan Kumar,Bidar District & Sessions Court,16,10,2025-04-03,Accepted
CS202500010,FIR202500747,P009291,Cyber Crime,"IT Act 66D, BNS 318(4)",SI Ravi Kumar,Bidar District & Sessions Court,15,13,2025-04-03,Pending Scrutiny
CS202500074,FIR202502871,P002577,Assault,"BNS 115(2), BNS 117(2)",SI Mahesh Bhat,Bengaluru Rural District & Sessions Court,6,19,2025-04-03,Filed
CS202500086,FIR202503001,P002219,Vehicle Theft,BNS 303(2),SI Mahesh Bhat,Bidar District & Sessions Court,11,12,2025-04-04,Pending Scrutiny
CS202500008,FIR202502900,P003619,Robbery,BNS 309(4),SI Prakash Sharma,Belagavi District & Sessions Court,12,20,2025-04-04,Pending Scrutiny
CS202500266,FIR202504764,P003964,Fraud,BNS 318(4),SI Prakash Sharma,Bengaluru Urban District & Sessions Court,12,15,2025-04-04,Pending Scrutiny
CS202500261,FIR202500772,P003156,Cyber Crime,"IT Act 66D, BNS 318(4)",SI Ganesh Rao,Chamarajanagar District & Sessions Court,5,4,2025-04-04,Filed
CS202500106,FIR202502766,P004457,Dacoity,BNS 310(2),PI Suresh Kulkarni,Bidar District & Sessions Court,18,17,2025-04-04,Filed
CS202500022,FIR202503420,P007039,Cyber Crime,"IT Act 66D, BNS 318(4)",PI Harish Naik,Bengaluru Urban District & Sessions Court,14,30,2025-04-04,Pending Scrutiny
CS202500027,FIR202503264,P002638,Assault,"BNS 115(2), BNS 117(2)",PI Lakshmi Devi,Ballari District & Sessions Court,6,13,2025-04-05,Returned for Correction
CS202500122,FIR202501485,P001615,Vehicle Theft,BNS 303(2),PI Chetan Kumar,Bengaluru Urban District & Sessions Court,11,28,2025-04-05,Filed
CS202500068,FIR202503534,P009376,Cyber Crime,"IT Act 66D, BNS 318(4)",SI Divya Hegde,Ballari District & Sessions Court,10,15,2025-04-05,Filed
CS202500105,FIR202504320,P009951,Burglary,"BNS 331(3), BNS 331(4)",SI Ganesh Rao,Bagalkote District & Sessions Court,8,10,2025-04-06,Filed
CS202500221,FIR202503296,P000666,Assault,"BNS 115(2), BNS 117(2)",PI Lakshmi Devi,Chikkaballapura District & Sessions Court,7,3,2025-04-06,Filed
CS202500171,FIR202500780,P007094,Burglary,"BNS 331(3), BNS 331(4)",PI Lakshmi Devi,Belagavi District & Sessions Court,16,13,2025-04-06,Accepted
CS202500251,FIR202503832,P000686,Burglary,"BNS 331(3), BNS 331(4)",SI Ganesh Rao,Belagavi District & Sessions Court,5,15,2025-04-07,Pending Scrutiny
CS202500187,FIR202500170,P001849,NDPS,NDPS Act Sec 20(b),SI Divya Hegde,Chikkaballapura District & Sessions Court,14,26,2025-04-07,Pending Scrutiny
CS202500244,FIR202504277,P007309,Dacoity,BNS 310(2),SI Mahesh Bhat,Bengaluru Urban District & Sessions Court,5,10,2025-04-07,Accepted
CS202500173,FIR202500691,P007017,Fraud,BNS 318(4),PI Harish Naik,Bengaluru Urban District & Sessions Court,12,19,2025-04-07,Accepted
CS202500101,FIR202504883,P005801,Dacoity,BNS 310(2),PI Suresh Kulkarni,Chamarajanagar District & Sessions Court,11,17,2025-04-07,Pending Scrutiny
CS202500174,FIR202504212,P002286,NDPS,NDPS Act Sec 20(b),PI Ramesh Gowda,Bengaluru Rural District & Sessions Court,12,29,2025-04-07,Returned for Correction
CS202500227,FIR202502999,P009340,POCSO,"POCSO Act Sec 4, BNS 64",SI Divya Hegde,Chamarajanagar District & Sessions Court,17,24,2025-04-07,Filed
CS202500223,FIR202501454,P004999,Murder,BNS 103(1),PI Lakshmi Devi,Bidar District & Sessions Court,18,7,2025-04-08,Accepted
CS202500093,FIR202502569,P001610,Fraud,BNS 318(4),SI Ganesh Rao,Bengaluru Urban District & Sessions Court,9,13,2025-04-08,Filed
CS202500114,FIR202501144,P006568,Fraud,BNS 318(4),SI Prakash Sharma,Bagalkote District & Sessions Court,3,27,2025-04-08,Accepted
CS202500103,FIR202503376,P006211,Vehicle Theft,BNS 303(2),SI Ganesh Rao,Chamarajanagar District & Sessions Court,5,26,2025-04-09,Filed
CS202500145,FIR202502362,P006485,NDPS,NDPS Act Sec 20(b),SI Mahesh Bhat,Bengaluru Rural District & Sessions Court,6,4,2025-04-09,Accepted
CS202500135,FIR202500585,P005932,NDPS,NDPS Act Sec 20(b),SI Ganesh Rao,Ballari District & Sessions Court,2,23,2025-04-09,Pending Scrutiny
CS202500182,FIR202501539,P001671,Vehicle Theft,BNS 303(2),PI Harish Naik,Bengaluru Rural District & Sessions Court,11,7,2025-04-09,Pending Scrutiny
CS202500112,FIR202501897,P007236,Cyber Crime,"IT Act 66D, BNS 318(4)",SI Prakash Sharma,Bengaluru Rural District & Sessions Court,14,9,2025-04-09,Pending Scrutiny
CS202500131,FIR202501562,P007882,Dacoity,BNS 310(2),SI Ravi Kumar,Bidar District & Sessions Court,10,16,2025-04-10,Accepted
CS202500303,FIR202501571,P008316,Fraud,BNS 318(4),PI Lakshmi Devi,Bengaluru Urban District & Sessions Court,3,29,2025-04-10,Accepted
CS202500109,FIR202504197,P008333,Cyber Crime,"IT Act 66D, BNS 318(4)",SI Mahesh Bhat,Bidar District & Sessions Court,14,8,2025-04-11,Returned for Correction
CS202500226,FIR202500374,P008248,Assault,"BNS 115(2), BNS 117(2)",SI Ravi Kumar,Bengaluru Urban District & Sessions Court,18,15,2025-04-11,Returned for Correction
CS202500202,FIR202501559,P000663,Murder,BNS 103(1),SI Prakash Sharma,Bidar District & Sessions Court,2,4,2025-04-12,Pending Scrutiny
CS202500246,FIR202501932,P002905,Robbery,BNS 309(4),SI Ravi Kumar,Chamarajanagar District & Sessions Court,10,28,2025-04-12,Returned for Correction
CS202500147,FIR202503605,P009891,Cyber Crime,"IT Act 66D, BNS 318(4)",PI Lakshmi Devi,Chamarajanagar District & Sessions Court,15,19,2025-04-12,Pending Scrutiny
CS202500234,FIR202503248,P009434,Theft,BNS 303(2),PI Harish Naik,Bagalkote District & Sessions Court,2,14,2025-04-12,Accepted
CS202500308,FIR202503776,P009324,Fraud,BNS 318(4),PI Suresh Kulkarni,Chamarajanagar District & Sessions Court,10,12,2025-04-12,Accepted
CS202500256,FIR202504997,P002074,NDPS,NDPS Act Sec 20(b),SI Prakash Sharma,Bengaluru Urban District & Sessions Court,10,25,2025-04-12,Accepted
CS202500152,FIR202502002,P005906,Dacoity,BNS 310(2),PI Lakshmi Devi,Bidar District & Sessions Court,7,21,2025-04-12,Accepted
CS202500301,FIR202501987,P005659,Assault,"BNS 115(2), BNS 117(2)",SI Divya Hegde,Ballari District & Sessions Court,9,4,2025-04-12,Returned for Correction
CS202500108,FIR202502822,P008224,Cyber Crime,"IT Act 66D, BNS 318(4)",PI Ramesh Gowda,Chamarajanagar District & Sessions Court,15,21,2025-04-12,Accepted
CS202500214,FIR202502677,P008993,POCSO,"POCSO Act Sec 4, BNS 64",SI Mahesh Bhat,Bagalkote District & Sessions Court,6,23,2025-04-12,Accepted
CS202500282,FIR202504280,P003498,Robbery,BNS 309(4),SI Mahesh Bhat,Bengaluru Rural District & Sessions Court,18,3,2025-04-13,Returned for Correction
CS202500369,FIR202500983,P002716,Fraud,BNS 318(4),PI Naveen Patil,Bengaluru Urban District & Sessions Court,17,29,2025-04-13,Pending Scrutiny
CS202500287,FIR202504079,P009010,Cyber Crime,"IT Act 66D, BNS 318(4)",SI Ravi Kumar,Bengaluru Rural District & Sessions Court,14,17,2025-04-13,Pending Scrutiny
CS202500207,FIR202502729,P006327,Fraud,BNS 318(4),PI Harish Naik,Chamarajanagar District & Sessions Court,11,28,2025-04-13,Returned for Correction
CS202500020,FIR202503890,P001467,Vehicle Theft,BNS 303(2),SI Divya Hegde,Bengaluru Urban District & Sessions Court,5,30,2025-04-13,Accepted
CS202500204,FIR202504389,P003611,Dacoity,BNS 310(2),PI Ramesh Gowda,Bidar District & Sessions Court,18,12,2025-04-13,Pending Scrutiny
CS202500189,FIR202500288,P009195,Burglary,"BNS 331(3), BNS 331(4)",SI Ganesh Rao,Belagavi District & Sessions Court,10,6,2025-04-14,Pending Scrutiny
CS202500081,FIR202500765,P000698,Assault,"BNS 115(2), BNS 117(2)",PI Harish Naik,Bengaluru Rural District & Sessions Court,18,10,2025-04-14,Pending Scrutiny
CS202500218,FIR202503777,P009845,Assault,"BNS 115(2), BNS 117(2)",PI Lakshmi Devi,Bidar District & Sessions Court,12,28,2025-04-14,Filed
CS202500054,FIR202503810,P003218,POCSO,"POCSO Act Sec 4, BNS 64",PI Suresh Kulkarni,Bagalkote District & Sessions Court,8,19,2025-04-14,Filed
CS202500128,FIR202504221,P003945,Robbery,BNS 309(4),SI Ravi Kumar,Bengaluru Rural District & Sessions Court,17,4,2025-04-14,Accepted
CS202500085,FIR202500824,P001156,NDPS,NDPS Act Sec 20(b),PI Chetan Kumar,Bidar District & Sessions Court,8,29,2025-04-14,Accepted
CS202500353,FIR202504084,P008313,Assault,"BNS 115(2), BNS 117(2)",PI Naveen Patil,Bengaluru Rural District & Sessions Court,10,6,2025-04-14,Accepted
CS202500272,FIR202504250,P006418,Robbery,BNS 309(4),PI Harish Naik,Chikkaballapura District & Sessions Court,13,19,2025-04-15,Filed
CS202500297,FIR202501458,P009500,Vehicle Theft,BNS 303(2),SI Prakash Sharma,Chamarajanagar District & Sessions Court,7,28,2025-04-15,Filed
CS202500215,FIR202502260,P009893,Burglary,"BNS 331(3), BNS 331(4)",PI Ramesh Gowda,Bagalkote District & Sessions Court,18,27,2025-04-15,Returned for Correction
CS202500192,FIR202500222,P001158,Dacoity,BNS 310(2),PI Chetan Kumar,Chamarajanagar District & Sessions Court,10,27,2025-04-15,Accepted
CS202500255,FIR202501379,P006744,Vehicle Theft,BNS 303(2),PI Harish Naik,Bengaluru Urban District & Sessions Court,4,9,2025-04-15,Accepted
CS202500077,FIR202503965,P006214,Robbery,BNS 309(4),PI Chetan Kumar,Bengaluru Rural District & Sessions Court,13,27,2025-04-15,Filed
CS202500357,FIR202500711,P004369,Theft,BNS 303(2),PI Naveen Patil,Bengaluru Urban District & Sessions Court,4,28,2025-04-15,Accepted
CS202500014,FIR202504817,P002360,NDPS,NDPS Act Sec 20(b),PI Chetan Kumar,Chamarajanagar District & Sessions Court,8,6,2025-04-15,Filed
CS202500041,FIR202501460,P005683,Dacoity,BNS 310(2),SI Mahesh Bhat,Belagavi District & Sessions Court,15,22,2025-04-16,Accepted
CS202500360,FIR202502251,P002490,Assault,"BNS 115(2), BNS 117(2)",SI Prakash Sharma,Ballari District & Sessions Court,15,21,2025-04-16,Pending Scrutiny
CS202500091,FIR202501784,P001028,NDPS,NDPS Act Sec 20(b),SI Prakash Sharma,Chamarajanagar District & Sessions Court,14,15,2025-04-17,Accepted
CS202500368,FIR202500595,P006612,Murder,BNS 103(1),SI Divya Hegde,Chikkaballapura District & Sessions Court,18,11,2025-04-17,Returned for Correction
CS202500391,FIR202503121,P008341,Assault,"BNS 115(2), BNS 117(2)",SI Ganesh Rao,Belagavi District & Sessions Court,15,12,2025-04-17,Accepted
CS202500299,FIR202504465,P001894,Fraud,BNS 318(4),SI Prakash Sharma,Chamarajanagar District & Sessions Court,16,28,2025-04-17,Pending Scrutiny
CS202500305,FIR202502086,P000004,Dacoity,BNS 310(2),SI Ganesh Rao,Chikkaballapura District & Sessions Court,12,3,2025-04-17,Pending Scrutiny
CS202500344,FIR202501446,P004761,POCSO,"POCSO Act Sec 4, BNS 64",SI Divya Hegde,Bengaluru Rural District & Sessions Court,18,9,2025-04-17,Filed
CS202500328,FIR202501214,P006832,Burglary,"BNS 331(3), BNS 331(4)",PI Chetan Kumar,Belagavi District & Sessions Court,16,16,2025-04-18,Filed
CS202500250,FIR202503175,P001446,Assault,"BNS 115(2), BNS 117(2)",SI Divya Hegde,Belagavi District & Sessions Court,3,6,2025-04-18,Accepted
CS202500306,FIR202502553,P009465,Dacoity,BNS 310(2),SI Divya Hegde,Belagavi District & Sessions Court,7,10,2025-04-18,Filed
CS202500268,FIR202501955,P008203,NDPS,NDPS Act Sec 20(b),PI Chetan Kumar,Chamarajanagar District & Sessions Court,5,27,2025-04-18,Returned for Correction
CS202500352,FIR202503290,P009549,Assault,"BNS 115(2), BNS 117(2)",SI Divya Hegde,Bengaluru Rural District & Sessions Court,15,5,2025-04-18,Accepted
CS202500119,FIR202504285,P004019,Robbery,BNS 309(4),PI Naveen Patil,Bidar District & Sessions Court,4,24,2025-04-18,Accepted
CS202500311,FIR202503862,P009823,Dacoity,BNS 310(2),PI Suresh Kulkarni,Belagavi District & Sessions Court,4,6,2025-04-18,Filed
CS202500206,FIR202500218,P002047,Murder,BNS 103(1),PI Ramesh Gowda,Ballari District & Sessions Court,18,9,2025-04-18,Returned for Correction
CS202500185,FIR202504235,P001798,Vehicle Theft,BNS 303(2),PI Suresh Kulkarni,Bengaluru Urban District & Sessions Court,2,22,2025-04-19,Pending Scrutiny
CS202500181,FIR202501442,P009707,Fraud,BNS 318(4),PI Ramesh Gowda,Belagavi District & Sessions Court,15,6,2025-04-19,Pending Scrutiny
CS202500249,FIR202501947,P001928,Dacoity,BNS 310(2),PI Harish Naik,Bengaluru Rural District & Sessions Court,5,17,2025-04-20,Filed
CS202500296,FIR202504770,P008075,Burglary,"BNS 331(3), BNS 331(4)",PI Harish Naik,Bengaluru Urban District & Sessions Court,2,8,2025-04-20,Filed
CS202500146,FIR202503113,P001821,Cyber Crime,"IT Act 66D, BNS 318(4)",SI Ravi Kumar,Bengaluru Urban District & Sessions Court,3,24,2025-04-20,Returned for Correction
CS202500219,FIR202503566,P007946,Vehicle Theft,BNS 303(2),SI Mahesh Bhat,Bengaluru Urban District & Sessions Court,2,9,2025-04-20,Filed
CS202500157,FIR202504531,P000956,NDPS,NDPS Act Sec 20(b),PI Suresh Kulkarni,Bengaluru Urban District & Sessions Court,5,21,2025-04-21,Returned for Correction
CS202500267,FIR202502238,P002974,Assault,"BNS 115(2), BNS 117(2)",SI Divya Hegde,Bengaluru Rural District & Sessions Court,12,4,2025-04-21,Accepted
CS202500270,FIR202502063,P000645,Theft,BNS 303(2),SI Mahesh Bhat,Chamarajanagar District & Sessions Court,4,8,2025-04-21,Filed
CS202500127,FIR202500773,P003862,Robbery,BNS 309(4),PI Harish Naik,Chamarajanagar District & Sessions Court,8,6,2025-04-21,Accepted
CS202500277,FIR202503360,P006213,Assault,"BNS 115(2), BNS 117(2)",PI Harish Naik,Ballari District & Sessions Court,15,20,2025-04-21,Accepted
CS202500046,FIR202503065,P000075,Assault,"BNS 115(2), BNS 117(2)",SI Ravi Kumar,Bengaluru Urban District & Sessions Court,13,8,2025-04-21,Pending Scrutiny
CS202500124,FIR202504659,P005338,Assault,"BNS 115(2), BNS 117(2)",SI Prakash Sharma,Bidar District & Sessions Court,17,9,2025-04-21,Filed
CS202500421,FIR202504064,P006387,Burglary,"BNS 331(3), BNS 331(4)",SI Ravi Kumar,Chikkaballapura District & Sessions Court,12,13,2025-04-21,Filed
CS202500037,FIR202503823,P008452,Cyber Crime,"IT Act 66D, BNS 318(4)",PI Suresh Kulkarni,Chamarajanagar District & Sessions Court,17,22,2025-04-22,Accepted
CS202500170,FIR202501795,P004960,Theft,BNS 303(2),SI Divya Hegde,Ballari District & Sessions Court,16,14,2025-04-22,Returned for Correction
CS202500254,FIR202501389,P000464,Fraud,BNS 318(4),PI Harish Naik,Bagalkote District & Sessions Court,9,12,2025-04-22,Filed
CS202500286,FIR202504812,P008506,Burglary,"BNS 331(3), BNS 331(4)",SI Mahesh Bhat,Bengaluru Rural District & Sessions Court,10,14,2025-04-22,Pending Scrutiny
CS202500053,FIR202504788,P005116,POCSO,"POCSO Act Sec 4, BNS 64",PI Harish Naik,Belagavi District & Sessions Court,6,10,2025-04-23,Accepted
CS202500191,FIR202502621,P002104,Theft,BNS 303(2),PI Lakshmi Devi,Bengaluru Rural District & Sessions Court,16,5,2025-04-23,Filed
CS202500134,FIR202502487,P004593,Murder,BNS 103(1),SI Divya Hegde,Bengaluru Rural District & Sessions Court,18,24,2025-04-23,Returned for Correction
CS202500239,FIR202502017,P009143,Assault,"BNS 115(2), BNS 117(2)",SI Prakash Sharma,Bidar District & Sessions Court,8,11,2025-04-23,Filed
CS202500115,FIR202501830,P008645,Assault,"BNS 115(2), BNS 117(2)",PI Harish Naik,Ballari District & Sessions Court,4,21,2025-04-24,Pending Scrutiny
CS202500175,FIR202501224,P000644,POCSO,"POCSO Act Sec 4, BNS 64",PI Chetan Kumar,Bengaluru Rural District & Sessions Court,10,24,2025-04-24,Returned for Correction
CS202500144,FIR202503397,P002607,Theft,BNS 303(2),PI Suresh Kulkarni,Bengaluru Urban District & Sessions Court,3,25,2025-04-24,Returned for Correction
CS202500021,FIR202500128,P009699,Theft,BNS 303(2),SI Divya Hegde,Chamarajanagar District & Sessions Court,12,10,2025-04-24,Accepted
CS202500336,FIR202503627,P004264,Assault,"BNS 115(2), BNS 117(2)",SI Ganesh Rao,Bagalkote District & Sessions Court,14,24,2025-04-24,Accepted
CS202500375,FIR202501265,P002847,NDPS,NDPS Act Sec 20(b),SI Divya Hegde,Bidar District & Sessions Court,3,10,2025-04-24,Accepted
CS202500298,FIR202504021,P000779,Theft,BNS 303(2),SI Ganesh Rao,Chamarajanagar District & Sessions Court,18,23,2025-04-24,Pending Scrutiny
CS202500320,FIR202503542,P003434,Murder,BNS 103(1),PI Suresh Kulkarni,Bidar District & Sessions Court,6,14,2025-04-24,Accepted
CS202500284,FIR202503660,P003668,Vehicle Theft,BNS 303(2),SI Ganesh Rao,Bengaluru Urban District & Sessions Court,7,15,2025-04-25,Returned for Correction
CS202500098,FIR202503382,P009576,Robbery,BNS 309(4),SI Prakash Sharma,Belagavi District & Sessions Court,3,28,2025-04-25,Accepted
CS202500312,FIR202504341,P004345,NDPS,NDPS Act Sec 20(b),PI Harish Naik,Bagalkote District & Sessions Court,3,25,2025-04-26,Pending Scrutiny
CS202500393,FIR202501862,P001636,Murder,BNS 103(1),PI Lakshmi Devi,Ballari District & Sessions Court,7,20,2025-04-26,Pending Scrutiny
CS202500242,FIR202503943,P007181,Vehicle Theft,BNS 303(2),PI Chetan Kumar,Bengaluru Urban District & Sessions Court,3,15,2025-04-26,Filed
CS202500449,FIR202501464,P003600,NDPS,NDPS Act Sec 20(b),SI Mahesh Bhat,Chamarajanagar District & Sessions Court,10,9,2025-04-26,Accepted
CS202500229,FIR202503505,P008831,Dacoity,BNS 310(2),SI Prakash Sharma,Ballari District & Sessions Court,11,24,2025-04-26,Returned for Correction
CS202500212,FIR202504768,P001730,Assault,"BNS 115(2), BNS 117(2)",PI Chetan Kumar,Chamarajanagar District & Sessions Court,7,23,2025-04-26,Filed
CS202500163,FIR202504204,P001983,POCSO,"POCSO Act Sec 4, BNS 64",PI Naveen Patil,Ballari District & Sessions Court,12,11,2025-04-26,Filed
CS202500140,FIR202501809,P007741,Dacoity,BNS 310(2),SI Ravi Kumar,Belagavi District & Sessions Court,10,27,2025-04-27,Filed
CS202500269,FIR202504398,P007322,POCSO,"POCSO Act Sec 4, BNS 64",PI Lakshmi Devi,Chamarajanagar District & Sessions Court,7,23,2025-04-28,Returned for Correction
CS202500090,FIR202502492,P003845,Burglary,"BNS 331(3), BNS 331(4)",PI Ramesh Gowda,Chamarajanagar District & Sessions Court,4,30,2025-04-28,Accepted
CS202500154,FIR202503454,P006870,Vehicle Theft,BNS 303(2),SI Divya Hegde,Belagavi District & Sessions Court,6,7,2025-04-28,Filed
CS202500199,FIR202503158,P001161,Cyber Crime,"IT Act 66D, BNS 318(4)",PI Ramesh Gowda,Ballari District & Sessions Court,11,20,2025-04-28,Pending Scrutiny
CS202500045,FIR202502588,P005209,Vehicle Theft,BNS 303(2),PI Suresh Kulkarni,Bengaluru Urban District & Sessions Court,5,17,2025-04-29,Returned for Correction
CS202500158,FIR202501994,P004873,Burglary,"BNS 331(3), BNS 331(4)",SI Prakash Sharma,Belagavi District & Sessions Court,3,16,2025-04-29,Accepted
CS202500447,FIR202504361,P007857,Cyber Crime,"IT Act 66D, BNS 318(4)",PI Ramesh Gowda,Bengaluru Urban District & Sessions Court,16,8,2025-04-29,Filed
CS202500110,FIR202500269,P004834,Fraud,BNS 318(4),PI Lakshmi Devi,Chamarajanagar District & Sessions Court,2,8,2025-04-29,Returned for Correction
CS202500387,FIR202501459,P004343,Cyber Crime,"IT Act 66D, BNS 318(4)",SI Prakash Sharma,Chamarajanagar District & Sessions Court,3,22,2025-04-29,Filed
CS202500168,FIR202503954,P002647,Dacoity,BNS 310(2),SI Ganesh Rao,Chikkaballapura District & Sessions Court,8,4,2025-04-29,Pending Scrutiny
CS202500210,FIR202500396,P008692,Vehicle Theft,BNS 303(2),PI Harish Naik,Bagalkote District & Sessions Court,12,18,2025-04-29,Returned for Correction
CS202500339,FIR202502397,P008670,NDPS,NDPS Act Sec 20(b),SI Divya Hegde,Bengaluru Rural District & Sessions Court,3,9,2025-04-29,Accepted
CS202500262,FIR202502114,P000824,Cyber Crime,"IT Act 66D, BNS 318(4)",PI Chetan Kumar,Chamarajanagar District & Sessions Court,3,14,2025-04-30,Returned for Correction
CS202500088,FIR202503948,P006960,Assault,"BNS 115(2), BNS 117(2)",SI Ganesh Rao,Bidar District & Sessions Court,11,23,2025-04-30,Returned for Correction
CS202500183,FIR202502046,P008060,Robbery,BNS 309(4),SI Ravi Kumar,Chikkaballapura District & Sessions Court,10,22,2025-04-30,Returned for Correction
CS202500155,FIR202501907,P009250,Theft,BNS 303(2),PI Naveen Patil,Chamarajanagar District & Sessions Court,12,27,2025-04-30,Pending Scrutiny
CS202500161,FIR202503498,P004337,POCSO,"POCSO Act Sec 4, BNS 64",PI Lakshmi Devi,Bengaluru Rural District & Sessions Court,11,13,2025-04-30,Accepted
CS202500198,FIR202500878,P003660,Fraud,BNS 318(4),SI Prakash Sharma,Bengaluru Urban District & Sessions Court,13,11,2025-04-30,Returned for Correction
CS202500116,FIR202500378,P005198,Cyber Crime,"IT Act 66D, BNS 318(4)",SI Ganesh Rao,Ballari District & Sessions Court,10,16,2025-04-30,Returned for Correction
CS202500290,FIR202504069,P008309,Assault,"BNS 115(2), BNS 117(2)",PI Ramesh Gowda,Belagavi District & Sessions Court,3,22,2025-05-01,Accepted
CS202500295,FIR202504174,P008980,Dacoity,BNS 310(2),SI Divya Hegde,Bagalkote District & Sessions Court,14,17,2025-05-01,Accepted
CS202500197,FIR202502425,P009824,Assault,"BNS 115(2), BNS 117(2)",PI Harish Naik,Bidar District & Sessions Court,11,18,2025-05-01,Pending Scrutiny
CS202500142,FIR202501615,P004859,Robbery,BNS 309(4),SI Divya Hegde,Chikkaballapura District & Sessions Court,3,29,2025-05-01,Accepted
CS202500258,FIR202502156,P008910,Vehicle Theft,BNS 303(2),PI Suresh Kulkarni,Chikkaballapura District & Sessions Court,12,28,2025-05-01,Pending Scrutiny
CS202500164,FIR202503791,P000237,Assault,"BNS 115(2), BNS 117(2)",PI Harish Naik,Chikkaballapura District & Sessions Court,3,28,2025-05-01,Accepted
CS202500138,FIR202504170,P000033,NDPS,NDPS Act Sec 20(b),SI Divya Hegde,Chamarajanagar District & Sessions Court,13,3,2025-05-01,Pending Scrutiny
CS202500233,FIR202500431,P002125,POCSO,"POCSO Act Sec 4, BNS 64",SI Divya Hegde,Belagavi District & Sessions Court,11,14,2025-05-01,Pending Scrutiny
CS202500316,FIR202500247,P006316,Vehicle Theft,BNS 303(2),SI Ganesh Rao,Chamarajanagar District & Sessions Court,3,14,2025-05-02,Pending Scrutiny
CS202500315,FIR202501736,P004183,POCSO,"POCSO Act Sec 4, BNS 64",PI Lakshmi Devi,Bengaluru Rural District & Sessions Court,14,10,2025-05-02,Filed
CS202500193,FIR202500134,P004927,Assault,"BNS 115(2), BNS 117(2)",PI Lakshmi Devi,Belagavi District & Sessions Court,8,10,2025-05-02,Accepted
CS202500082,FIR202500510,P000577,Vehicle Theft,BNS 303(2),SI Prakash Sharma,Chamarajanagar District & Sessions Court,8,11,2025-05-02,Returned for Correction
CS202500238,FIR202500021,P009855,Cyber Crime,"IT Act 66D, BNS 318(4)",SI Mahesh Bhat,Bengaluru Rural District & Sessions Court,2,8,2025-05-03,Pending Scrutiny
CS202500356,FIR202501979,P006501,Fraud,BNS 318(4),PI Suresh Kulkarni,Bidar District & Sessions Court,9,14,2025-05-03,Returned for Correction
CS202500283,FIR202501681,P001218,Assault,"BNS 115(2), BNS 117(2)",SI Mahesh Bhat,Chamarajanagar District & Sessions Court,17,15,2025-05-03,Returned for Correction
CS202500313,FIR202502145,P004827,NDPS,NDPS Act Sec 20(b),SI Prakash Sharma,Bengaluru Rural District & Sessions Court,12,4,2025-05-03,Returned for Correction
CS202500322,FIR202500822,P008115,Burglary,"BNS 331(3), BNS 331(4)",PI Ramesh Gowda,Bidar District & Sessions Court,8,19,2025-05-04,Filed
CS202500243,FIR202500799,P007499,Murder,BNS 103(1),SI Divya Hegde,Bidar District & Sessions Court,11,7,2025-05-04,Filed
CS202500111,FIR202502054,P005383,Burglary,"BNS 331(3), BNS 331(4)",PI Chetan Kumar,Bagalkote District & Sessions Court,2,21,2025-05-04,Filed
CS202500342,FIR202500699,P001073,Robbery,BNS 309(4),PI Harish Naik,Bengaluru Urban District & Sessions Court,4,12,2025-05-04,Filed
CS202500358,FIR202501913,P009302,Vehicle Theft,BNS 303(2),SI Prakash Sharma,Bagalkote District & Sessions Court,6,25,2025-05-04,Pending Scrutiny
CS202500237,FIR202500767,P002337,Vehicle Theft,BNS 303(2),PI Harish Naik,Bengaluru Urban District & Sessions Court,9,30,2025-05-04,Pending Scrutiny
CS202500120,FIR202501299,P000432,Burglary,"BNS 331(3), BNS 331(4)",PI Lakshmi Devi,Chamarajanagar District & Sessions Court,7,27,2025-05-04,Filed
CS202500264,FIR202501869,P001620,Dacoity,BNS 310(2),PI Naveen Patil,Bidar District & Sessions Court,13,16,2025-05-04,Accepted
CS202500252,FIR202501088,P003538,Dacoity,BNS 310(2),PI Ramesh Gowda,Bidar District & Sessions Court,13,29,2025-05-05,Pending Scrutiny
CS202500186,FIR202502884,P008329,Theft,BNS 303(2),PI Naveen Patil,Belagavi District & Sessions Court,7,23,2025-05-05,Pending Scrutiny
CS202500273,FIR202501927,P007599,Vehicle Theft,BNS 303(2),SI Divya Hegde,Bagalkote District & Sessions Court,4,21,2025-05-05,Filed
CS202500172,FIR202504811,P007496,Vehicle Theft,BNS 303(2),PI Chetan Kumar,Bidar District & Sessions Court,7,9,2025-05-05,Filed
CS202500334,FIR202503104,P000264,Theft,BNS 303(2),SI Ravi Kumar,Chikkaballapura District & Sessions Court,7,15,2025-05-06,Returned for Correction
CS202500280,FIR202502161,P009663,Theft,BNS 303(2),SI Mahesh Bhat,Bidar District & Sessions Court,16,25,2025-05-06,Pending Scrutiny
CS202500279,FIR202502437,P008746,Fraud,BNS 318(4),SI Divya Hegde,Chamarajanagar District & Sessions Court,18,18,2025-05-06,Returned for Correction
CS202500341,FIR202503335,P004581,Robbery,BNS 309(4),SI Ganesh Rao,Bidar District & Sessions Court,15,8,2025-05-06,Returned for Correction
CS202500333,FIR202503812,P003832,Cyber Crime,"IT Act 66D, BNS 318(4)",PI Lakshmi Devi,Chikkaballapura District & Sessions Court,16,25,2025-05-06,Returned for Correction
CS202500503,FIR202504180,P000504,Assault,"BNS 115(2), BNS 117(2)",SI Divya Hegde,Chamarajanagar District & Sessions Court,2,30,2025-05-06,Returned for Correction
CS202500392,FIR202500379,P005957,Assault,"BNS 115(2), BNS 117(2)",PI Suresh Kulkarni,Chamarajanagar District & Sessions Court,18,29,2025-05-06,Returned for Correction
CS202500326,FIR202504837,P008613,Fraud,BNS 318(4),PI Ramesh Gowda,Bengaluru Rural District & Sessions Court,14,24,2025-05-06,Accepted
CS202500324,FIR202501541,P001496,Dacoity,BNS 310(2),SI Mahesh Bhat,Bengaluru Urban District & Sessions Court,13,3,2025-05-07,Accepted
CS202500213,FIR202503919,P001661,Dacoity,BNS 310(2),SI Mahesh Bhat,Bagalkote District & Sessions Court,3,26,2025-05-07,Filed
CS202500338,FIR202504741,P009961,Dacoity,BNS 310(2),PI Harish Naik,Chamarajanagar District & Sessions Court,6,10,2025-05-07,Accepted
CS202500231,FIR202502645,P001638,Fraud,BNS 318(4),SI Divya Hegde,Chikkaballapura District & Sessions Court,16,13,2025-05-07,Returned for Correction
CS202500454,FIR202501163,P000536,Cyber Crime,"IT Act 66D, BNS 318(4)",PI Ramesh Gowda,Bengaluru Urban District & Sessions Court,2,19,2025-05-08,Accepted
CS202500281,FIR202503876,P000055,Fraud,BNS 318(4),SI Ravi Kumar,Bagalkote District & Sessions Court,12,29,2025-05-08,Returned for Correction
CS202500425,FIR202500909,P003048,Assault,"BNS 115(2), BNS 117(2)",SI Mahesh Bhat,Bengaluru Rural District & Sessions Court,17,19,2025-05-08,Pending Scrutiny
CS202500222,FIR202501967,P002272,Assault,"BNS 115(2), BNS 117(2)",SI Prakash Sharma,Chamarajanagar District & Sessions Court,2,17,2025-05-08,Returned for Correction
CS202500351,FIR202504030,P005267,NDPS,NDPS Act Sec 20(b),SI Ganesh Rao,Bengaluru Urban District & Sessions Court,3,24,2025-05-09,Pending Scrutiny
CS202500285,FIR202503634,P007925,POCSO,"POCSO Act Sec 4, BNS 64",SI Divya Hegde,Ballari District & Sessions Court,16,26,2025-05-09,Returned for Correction
CS202500169,FIR202504141,P007526,Cyber Crime,"IT Act 66D, BNS 318(4)",PI Ramesh Gowda,Belagavi District & Sessions Court,9,24,2025-05-09,Accepted
CS202500428,FIR202503575,P000169,Assault,"BNS 115(2), BNS 117(2)",SI Ravi Kumar,Chikkaballapura District & Sessions Court,5,27,2025-05-10,Returned for Correction
CS202500220,FIR202502149,P009330,Burglary,"BNS 331(3), BNS 331(4)",SI Prakash Sharma,Bagalkote District & Sessions Court,8,8,2025-05-10,Pending Scrutiny
CS202500317,FIR202504748,P004585,Vehicle Theft,BNS 303(2),SI Ravi Kumar,Bengaluru Urban District & Sessions Court,2,29,2025-05-10,Accepted
CS202500412,FIR202503953,P006442,Burglary,"BNS 331(3), BNS 331(4)",PI Harish Naik,Bengaluru Rural District & Sessions Court,13,15,2025-05-10,Accepted
CS202500294,FIR202502617,P002502,Burglary,"BNS 331(3), BNS 331(4)",PI Suresh Kulkarni,Belagavi District & Sessions Court,9,22,2025-05-10,Filed
CS202500257,FIR202501804,P003808,Fraud,BNS 318(4),PI Chetan Kumar,Chamarajanagar District & Sessions Court,9,8,2025-05-10,Accepted
CS202500310,FIR202502457,P002329,Vehicle Theft,BNS 303(2),SI Divya Hegde,Chamarajanagar District & Sessions Court,2,14,2025-05-10,Pending Scrutiny
CS202500309,FIR202504890,P004395,NDPS,NDPS Act Sec 20(b),SI Ravi Kumar,Bengaluru Rural District & Sessions Court,18,3,2025-05-10,Accepted
CS202500304,FIR202501507,P002955,Theft,BNS 303(2),PI Ramesh Gowda,Belagavi District & Sessions Court,11,8,2025-05-10,Accepted
CS202500201,FIR202504959,P007838,Dacoity,BNS 310(2),SI Ganesh Rao,Ballari District & Sessions Court,2,19,2025-05-10,Accepted
CS202500545,FIR202503714,P008742,Vehicle Theft,BNS 303(2),PI Chetan Kumar,Bengaluru Rural District & Sessions Court,6,23,2025-05-11,Filed
CS202500431,FIR202501463,P000781,POCSO,"POCSO Act Sec 4, BNS 64",SI Ganesh Rao,Chikkaballapura District & Sessions Court,13,25,2025-05-11,Accepted
CS202500367,FIR202500085,P001521,Fraud,BNS 318(4),PI Naveen Patil,Bengaluru Urban District & Sessions Court,8,24,2025-05-11,Returned for Correction
CS202500133,FIR202504517,P002996,Dacoity,BNS 310(2),SI Prakash Sharma,Chamarajanagar District & Sessions Court,17,29,2025-05-11,Filed
CS202500314,FIR202500768,P003939,Burglary,"BNS 331(3), BNS 331(4)",PI Suresh Kulkarni,Bengaluru Urban District & Sessions Court,3,18,2025-05-11,Filed
CS202500486,FIR202500298,P005940,Dacoity,BNS 310(2),SI Divya Hegde,Chamarajanagar District & Sessions Court,13,13,2025-05-12,Filed
CS202500245,FIR202500460,P006942,Burglary,"BNS 331(3), BNS 331(4)",PI Lakshmi Devi,Bengaluru Urban District & Sessions Court,15,15,2025-05-12,Filed
CS202500300,FIR202500406,P000244,Dacoity,BNS 310(2),SI Prakash Sharma,Chamarajanagar District & Sessions Court,14,6,2025-05-12,Accepted
CS202500194,FIR202500206,P004881,Assault,"BNS 115(2), BNS 117(2)",SI Divya Hegde,Bidar District & Sessions Court,4,20,2025-05-12,Accepted
CS202500265,FIR202504329,P006070,Cyber Crime,"IT Act 66D, BNS 318(4)",PI Ramesh Gowda,Chamarajanagar District & Sessions Court,14,19,2025-05-13,Filed
CS202500361,FIR202504453,P003553,Murder,BNS 103(1),PI Naveen Patil,Bidar District & Sessions Court,10,8,2025-05-13,Returned for Correction
CS202500275,FIR202504343,P001251,Murder,BNS 103(1),SI Prakash Sharma,Bidar District & Sessions Court,3,9,2025-05-13,Returned for Correction
CS202500156,FIR202502939,P002988,Burglary,"BNS 331(3), BNS 331(4)",PI Suresh Kulkarni,Bagalkote District & Sessions Court,7,11,2025-05-13,Filed
CS202500321,FIR202502210,P000123,Theft,BNS 303(2),PI Suresh Kulkarni,Chamarajanagar District & Sessions Court,10,4,2025-05-14,Filed
CS202500419,FIR202504324,P007451,Burglary,"BNS 331(3), BNS 331(4)",PI Ramesh Gowda,Bidar District & Sessions Court,3,16,2025-05-14,Accepted
CS202500330,FIR202502556,P005171,Burglary,"BNS 331(3), BNS 331(4)",SI Prakash Sharma,Bidar District & Sessions Court,18,17,2025-05-14,Accepted
CS202500259,FIR202504109,P002392,Dacoity,BNS 310(2),PI Chetan Kumar,Chamarajanagar District & Sessions Court,18,19,2025-05-14,Pending Scrutiny
CS202500180,FIR202500912,P004317,Theft,BNS 303(2),PI Ramesh Gowda,Bengaluru Urban District & Sessions Court,13,16,2025-05-14,Filed
CS202500366,FIR202503704,P002523,Cyber Crime,"IT Act 66D, BNS 318(4)",SI Ganesh Rao,Belagavi District & Sessions Court,9,25,2025-05-14,Filed
CS202500571,FIR202504989,P008866,POCSO,"POCSO Act Sec 4, BNS 64",PI Lakshmi Devi,Bagalkote District & Sessions Court,14,18,2025-05-14,Accepted
CS202500129,FIR202504147,P001501,POCSO,"POCSO Act Sec 4, BNS 64",SI Divya Hegde,Chamarajanagar District & Sessions Court,18,8,2025-05-14,Pending Scrutiny
CS202500380,FIR202501256,P009299,Vehicle Theft,BNS 303(2),PI Ramesh Gowda,Bagalkote District & Sessions Court,11,14,2025-05-14,Accepted
CS202500248,FIR202502948,P008425,Dacoity,BNS 310(2),SI Ganesh Rao,Chamarajanagar District & Sessions Court,13,6,2025-05-15,Filed
CS202500335,FIR202503419,P005096,Fraud,BNS 318(4),SI Divya Hegde,Bagalkote District & Sessions Court,6,18,2025-05-15,Pending Scrutiny
CS202500232,FIR202503041,P005006,Theft,BNS 303(2),PI Lakshmi Devi,Ballari District & Sessions Court,8,15,2025-05-15,Pending Scrutiny
CS202500247,FIR202500809,P000915,Theft,BNS 303(2),SI Ravi Kumar,Belagavi District & Sessions Court,13,16,2025-05-16,Pending Scrutiny
CS202500205,FIR202500096,P004839,Murder,BNS 103(1),PI Chetan Kumar,Bengaluru Urban District & Sessions Court,6,26,2025-05-16,Accepted
CS202500291,FIR202501428,P004918,Cyber Crime,"IT Act 66D, BNS 318(4)",PI Naveen Patil,Ballari District & Sessions Court,2,24,2025-05-16,Accepted
CS202500327,FIR202500317,P001768,Cyber Crime,"IT Act 66D, BNS 318(4)",SI Prakash Sharma,Bengaluru Urban District & Sessions Court,2,10,2025-05-16,Returned for Correction
CS202500530,FIR202503287,P003082,Burglary,"BNS 331(3), BNS 331(4)",SI Ravi Kumar,Belagavi District & Sessions Court,3,25,2025-05-16,Accepted
CS202500407,FIR202503586,P007338,Assault,"BNS 115(2), BNS 117(2)",PI Harish Naik,Bagalkote District & Sessions Court,11,16,2025-05-16,Accepted
CS202500416,FIR202503149,P007162,Murder,BNS 103(1),PI Lakshmi Devi,Ballari District & Sessions Court,16,13,2025-05-17,Returned for Correction
CS202500426,FIR202501411,P009719,Fraud,BNS 318(4),SI Mahesh Bhat,Bengaluru Urban District & Sessions Court,15,20,2025-05-17,Pending Scrutiny
CS202500527,FIR202503460,P008290,Assault,"BNS 115(2), BNS 117(2)",SI Ravi Kumar,Bengaluru Rural District & Sessions Court,14,16,2025-05-17,Returned for Correction
CS202500543,FIR202504914,P009010,POCSO,"POCSO Act Sec 4, BNS 64",SI Mahesh Bhat,Bagalkote District & Sessions Court,9,30,2025-05-17,Pending Scrutiny
CS202500325,FIR202502491,P000760,Assault,"BNS 115(2), BNS 117(2)",PI Chetan Kumar,Chikkaballapura District & Sessions Court,2,28,2025-05-17,Returned for Correction
CS202500347,FIR202501286,P001857,Robbery,BNS 309(4),PI Ramesh Gowda,Chamarajanagar District & Sessions Court,11,29,2025-05-17,Returned for Correction
CS202500329,FIR202504705,P002690,Murder,BNS 103(1),SI Divya Hegde,Bagalkote District & Sessions Court,15,20,2025-05-18,Pending Scrutiny
CS202500331,FIR202501466,P003014,Cyber Crime,"IT Act 66D, BNS 318(4)",PI Harish Naik,Bengaluru Rural District & Sessions Court,15,17,2025-05-18,Returned for Correction
CS202500337,FIR202500365,P008311,Fraud,BNS 318(4),PI Naveen Patil,Bengaluru Rural District & Sessions Court,8,8,2025-05-18,Filed
CS202500448,FIR202504382,P002427,Fraud,BNS 318(4),SI Ganesh Rao,Bengaluru Rural District & Sessions Court,8,29,2025-05-18,Accepted
CS202500444,FIR202502109,P002193,Robbery,BNS 309(4),SI Ganesh Rao,Bengaluru Rural District & Sessions Court,2,29,2025-05-18,Accepted
CS202500383,FIR202500948,P000891,Murder,BNS 103(1),PI Lakshmi Devi,Chamarajanagar District & Sessions Court,9,25,2025-05-19,Accepted
CS202500371,FIR202501120,P000795,Fraud,BNS 318(4),SI Ganesh Rao,Ballari District & Sessions Court,13,29,2025-05-19,Filed
CS202500531,FIR202504225,P002118,Assault,"BNS 115(2), BNS 117(2)",PI Lakshmi Devi,Bidar District & Sessions Court,11,14,2025-05-20,Pending Scrutiny
CS202500507,FIR202502315,P002322,Robbery,BNS 309(4),SI Mahesh Bhat,Belagavi District & Sessions Court,7,7,2025-05-20,Accepted
CS202500340,FIR202500708,P004184,Robbery,BNS 309(4),PI Harish Naik,Bengaluru Urban District & Sessions Court,12,12,2025-05-20,Accepted
CS202500404,FIR202504785,P007650,POCSO,"POCSO Act Sec 4, BNS 64",PI Chetan Kumar,Bengaluru Rural District & Sessions Court,12,7,2025-05-20,Filed
CS202500166,FIR202503541,P007091,Cyber Crime,"IT Act 66D, BNS 318(4)",PI Harish Naik,Bengaluru Urban District & Sessions Court,2,11,2025-05-21,Accepted
CS202500260,FIR202500333,P006321,Theft,BNS 303(2),PI Harish Naik,Bidar District & Sessions Court,13,11,2025-05-21,Returned for Correction
CS202500370,FIR202502477,P004151,Fraud,BNS 318(4),SI Ganesh Rao,Bagalkote District & Sessions Court,13,10,2025-05-21,Filed
CS202500492,FIR202501110,P001959,Burglary,"BNS 331(3), BNS 331(4)",SI Ravi Kumar,Bengaluru Rural District & Sessions Court,2,28,2025-05-22,Accepted
CS202500225,FIR202501922,P005014,Dacoity,BNS 310(2),SI Mahesh Bhat,Bagalkote District & Sessions Court,12,22,2025-05-22,Accepted
CS202500176,FIR202504312,P009432,Robbery,BNS 309(4),PI Suresh Kulkarni,Bidar District & Sessions Court,8,28,2025-05-22,Filed
CS202500409,FIR202502341,P004779,Theft,BNS 303(2),PI Ramesh Gowda,Ballari District & Sessions Court,8,4,2025-05-22,Filed
CS202500485,FIR202500746,P000516,Robbery,BNS 309(4),PI Harish Naik,Bengaluru Rural District & Sessions Court,9,21,2025-05-22,Accepted
CS202500600,FIR202500789,P000689,Robbery,BNS 309(4),PI Naveen Patil,Bidar District & Sessions Court,5,19,2025-05-22,Filed
CS202500424,FIR202503262,P003473,Vehicle Theft,BNS 303(2),SI Ganesh Rao,Chikkaballapura District & Sessions Court,17,20,2025-05-22,Pending Scrutiny
CS202500288,FIR202500325,P000203,Cyber Crime,"IT Act 66D, BNS 318(4)",SI Ganesh Rao,Bagalkote District & Sessions Court,8,3,2025-05-22,Returned for Correction
CS202500400,FIR202500003,P009050,Dacoity,BNS 310(2),PI Lakshmi Devi,Bagalkote District & Sessions Court,11,27,2025-05-22,Filed
CS202500477,FIR202500212,P003886,Dacoity,BNS 310(2),PI Lakshmi Devi,Chamarajanagar District & Sessions Court,14,20,2025-05-22,Filed
CS202500415,FIR202502129,P005130,Robbery,BNS 309(4),SI Ravi Kumar,Bengaluru Urban District & Sessions Court,18,19,2025-05-23,Pending Scrutiny
CS202500395,FIR202504422,P000668,Fraud,BNS 318(4),SI Divya Hegde,Chamarajanagar District & Sessions Court,16,25,2025-05-23,Returned for Correction
CS202500570,FIR202500882,P004903,Theft,BNS 303(2),PI Ramesh Gowda,Chamarajanagar District & Sessions Court,13,22,2025-05-23,Filed
CS202500438,FIR202504535,P005159,Burglary,"BNS 331(3), BNS 331(4)",PI Chetan Kumar,Chamarajanagar District & Sessions Court,8,21,2025-05-23,Accepted
CS202500343,FIR202501357,P002528,Fraud,BNS 318(4),SI Prakash Sharma,Bengaluru Urban District & Sessions Court,18,18,2025-05-23,Returned for Correction
CS202500480,FIR202502048,P007020,Fraud,BNS 318(4),SI Mahesh Bhat,Bengaluru Urban District & Sessions Court,9,22,2025-05-23,Pending Scrutiny
CS202500396,FIR202500819,P007582,POCSO,"POCSO Act Sec 4, BNS 64",SI Prakash Sharma,Belagavi District & Sessions Court,15,8,2025-05-23,Returned for Correction
CS202500236,FIR202500771,P004144,Dacoity,BNS 310(2),SI Divya Hegde,Bengaluru Rural District & Sessions Court,18,4,2025-05-23,Filed
CS202500567,FIR202500791,P007777,Murder,BNS 103(1),SI Ganesh Rao,Ballari District & Sessions Court,15,8,2025-05-23,Filed
CS202500595,FIR202503067,P007427,Vehicle Theft,BNS 303(2),SI Ganesh Rao,Bengaluru Rural District & Sessions Court,15,14,2025-05-23,Pending Scrutiny
CS202500439,FIR202502712,P009225,Dacoity,BNS 310(2),PI Lakshmi Devi,Belagavi District & Sessions Court,14,7,2025-05-23,Returned for Correction
CS202500452,FIR202501743,P001345,NDPS,NDPS Act Sec 20(b),PI Lakshmi Devi,Ballari District & Sessions Court,8,10,2025-05-23,Accepted
CS202500455,FIR202501766,P005091,Murder,BNS 103(1),SI Mahesh Bhat,Bengaluru Urban District & Sessions Court,12,28,2025-05-23,Accepted
CS202500323,FIR202504417,P005556,Cyber Crime,"IT Act 66D, BNS 318(4)",PI Naveen Patil,Chamarajanagar District & Sessions Court,8,15,2025-05-23,Pending Scrutiny
CS202500240,FIR202500897,P008258,Cyber Crime,"IT Act 66D, BNS 318(4)",SI Mahesh Bhat,Bidar District & Sessions Court,13,13,2025-05-23,Accepted
CS202500583,FIR202501153,P000587,Vehicle Theft,BNS 303(2),SI Ganesh Rao,Bagalkote District & Sessions Court,8,4,2025-05-24,Returned for Correction
CS202500473,FIR202502657,P005942,Vehicle Theft,BNS 303(2),PI Chetan Kumar,Bidar District & Sessions Court,16,25,2025-05-24,Filed
CS202500637,FIR202500609,P005410,Assault,"BNS 115(2), BNS 117(2)",SI Ravi Kumar,Ballari District & Sessions Court,15,22,2025-05-24,Filed
CS202500365,FIR202501364,P007544,NDPS,NDPS Act Sec 20(b),SI Divya Hegde,Bidar District & Sessions Court,3,21,2025-05-24,Pending Scrutiny
CS202500405,FIR202504722,P000777,Vehicle Theft,BNS 303(2),SI Ganesh Rao,Chikkaballapura District & Sessions Court,9,26,2025-05-24,Returned for Correction
CS202500241,FIR202500915,P008325,Fraud,BNS 318(4),SI Divya Hegde,Bengaluru Rural District & Sessions Court,11,21,2025-05-25,Accepted
CS202500456,FIR202502986,P002271,Robbery,BNS 309(4),SI Ganesh Rao,Bidar District & Sessions Court,10,29,2025-05-25,Pending Scrutiny
CS202500549,FIR202504046,P003846,NDPS,NDPS Act Sec 20(b),SI Ravi Kumar,Bengaluru Urban District & Sessions Court,4,15,2025-05-26,Returned for Correction
CS202500514,FIR202502295,P006690,NDPS,NDPS Act Sec 20(b),PI Naveen Patil,Bengaluru Rural District & Sessions Court,6,23,2025-05-26,Filed
CS202500382,FIR202502056,P000697,Assault,"BNS 115(2), BNS 117(2)",PI Naveen Patil,Bengaluru Urban District & Sessions Court,15,17,2025-05-26,Pending Scrutiny
CS202500388,FIR202502423,P007270,Vehicle Theft,BNS 303(2),SI Mahesh Bhat,Ballari District & Sessions Court,13,29,2025-05-26,Returned for Correction
CS202500566,FIR202502264,P004701,Vehicle Theft,BNS 303(2),SI Mahesh Bhat,Ballari District & Sessions Court,7,22,2025-05-26,Filed
CS202500381,FIR202504733,P001096,POCSO,"POCSO Act Sec 4, BNS 64",SI Mahesh Bhat,Bidar District & Sessions Court,4,9,2025-05-26,Filed
CS202500464,FIR202502159,P002763,Dacoity,BNS 310(2),SI Mahesh Bhat,Bidar District & Sessions Court,8,29,2025-05-27,Accepted
CS202500402,FIR202503652,P004196,Murder,BNS 103(1),PI Chetan Kumar,Chamarajanagar District & Sessions Court,17,11,2025-05-27,Accepted
CS202500271,FIR202501944,P001156,Vehicle Theft,BNS 303(2),PI Suresh Kulkarni,Bidar District & Sessions Court,6,25,2025-05-27,Accepted
CS202500462,FIR202500559,P005795,Fraud,BNS 318(4),SI Mahesh Bhat,Bengaluru Rural District & Sessions Court,18,5,2025-05-27,Pending Scrutiny
CS202500478,FIR202501717,P001164,Murder,BNS 103(1),PI Naveen Patil,Bengaluru Rural District & Sessions Court,18,26,2025-05-27,Accepted
CS202500278,FIR202501002,P008461,Burglary,"BNS 331(3), BNS 331(4)",SI Ganesh Rao,Chamarajanagar District & Sessions Court,11,5,2025-05-28,Accepted
CS202500292,FIR202503447,P000382,Cyber Crime,"IT Act 66D, BNS 318(4)",PI Suresh Kulkarni,Bengaluru Urban District & Sessions Court,14,19,2025-05-28,Accepted
CS202500525,FIR202500103,P007298,POCSO,"POCSO Act Sec 4, BNS 64",PI Chetan Kumar,Bengaluru Rural District & Sessions Court,3,14,2025-05-28,Accepted
CS202500417,FIR202502877,P003454,Vehicle Theft,BNS 303(2),SI Ganesh Rao,Bengaluru Urban District & Sessions Court,4,24,2025-05-28,Filed
CS202500418,FIR202504005,P006043,Murder,BNS 103(1),SI Prakash Sharma,Belagavi District & Sessions Court,5,27,2025-05-29,Filed
CS202500661,FIR202504505,P001337,NDPS,NDPS Act Sec 20(b),PI Suresh Kulkarni,Chamarajanagar District & Sessions Court,12,16,2025-05-29,Returned for Correction
CS202500517,FIR202500669,P009608,Robbery,BNS 309(4),PI Harish Naik,Chamarajanagar District & Sessions Court,3,10,2025-05-29,Pending Scrutiny
CS202500385,FIR202500751,P009332,Cyber Crime,"IT Act 66D, BNS 318(4)",SI Mahesh Bhat,Bengaluru Urban District & Sessions Court,3,5,2025-05-29,Pending Scrutiny
CS202500466,FIR202502037,P008504,Dacoity,BNS 310(2),PI Naveen Patil,Bidar District & Sessions Court,11,26,2025-05-30,Returned for Correction
CS202500615,FIR202504101,P001914,Robbery,BNS 309(4),PI Suresh Kulkarni,Bagalkote District & Sessions Court,14,20,2025-05-30,Accepted
CS202500483,FIR202502887,P001012,Robbery,BNS 309(4),PI Chetan Kumar,Bengaluru Rural District & Sessions Court,18,24,2025-05-30,Accepted
CS202500547,FIR202504704,P003197,Dacoity,BNS 310(2),PI Ramesh Gowda,Bengaluru Rural District & Sessions Court,13,27,2025-05-30,Pending Scrutiny
CS202500345,FIR202500616,P004571,NDPS,NDPS Act Sec 20(b),PI Harish Naik,Chamarajanagar District & Sessions Court,16,30,2025-05-30,Filed
CS202500535,FIR202500990,P006401,Vehicle Theft,BNS 303(2),SI Ravi Kumar,Chamarajanagar District & Sessions Court,17,15,2025-05-30,Pending Scrutiny
CS202500691,FIR202500066,P008863,POCSO,"POCSO Act Sec 4, BNS 64",PI Suresh Kulkarni,Chamarajanagar District & Sessions Court,8,28,2025-05-30,Accepted
CS202500348,FIR202500733,P004804,Assault,"BNS 115(2), BNS 117(2)",SI Ravi Kumar,Bidar District & Sessions Court,12,18,2025-05-30,Pending Scrutiny
CS202500658,FIR202503929,P002811,Fraud,BNS 318(4),SI Mahesh Bhat,Chamarajanagar District & Sessions Court,3,27,2025-05-30,Filed
CS202500429,FIR202500065,P002326,Murder,BNS 103(1),SI Ganesh Rao,Chikkaballapura District & Sessions Court,17,18,2025-05-31,Pending Scrutiny
CS202500374,FIR202500133,P004945,Theft,BNS 303(2),PI Harish Naik,Chikkaballapura District & Sessions Court,13,25,2025-05-31,Pending Scrutiny
CS202500467,FIR202502565,P007006,Fraud,BNS 318(4),PI Naveen Patil,Chamarajanagar District & Sessions Court,9,3,2025-05-31,Accepted
CS202500646,FIR202504913,P001120,NDPS,NDPS Act Sec 20(b),PI Lakshmi Devi,Belagavi District & Sessions Court,13,11,2025-05-31,Pending Scrutiny
CS202500487,FIR202501655,P005606,Robbery,BNS 309(4),PI Lakshmi Devi,Chamarajanagar District & Sessions Court,13,12,2025-05-31,Pending Scrutiny
CS202500403,FIR202504332,P003630,Fraud,BNS 318(4),PI Suresh Kulkarni,Bidar District & Sessions Court,17,8,2025-05-31,Accepted
CS202500504,FIR202504248,P007833,Assault,"BNS 115(2), BNS 117(2)",SI Prakash Sharma,Ballari District & Sessions Court,18,25,2025-05-31,Returned for Correction
CS202500423,FIR202503668,P005380,Cyber Crime,"IT Act 66D, BNS 318(4)",PI Harish Naik,Bengaluru Urban District & Sessions Court,10,11,2025-05-31,Accepted
CS202500289,FIR202503989,P008460,Theft,BNS 303(2),SI Ganesh Rao,Bagalkote District & Sessions Court,5,3,2025-06-01,Filed
CS202500443,FIR202503418,P001502,Vehicle Theft,BNS 303(2),SI Prakash Sharma,Belagavi District & Sessions Court,10,28,2025-06-01,Returned for Correction
CS202500458,FIR202502277,P000061,Fraud,BNS 318(4),SI Ganesh Rao,Bengaluru Urban District & Sessions Court,10,7,2025-06-01,Filed
CS202500293,FIR202503164,P004193,Murder,BNS 103(1),PI Ramesh Gowda,Bidar District & Sessions Court,14,18,2025-06-01,Accepted
CS202500457,FIR202501798,P005216,Murder,BNS 103(1),SI Ravi Kumar,Bengaluru Rural District & Sessions Court,5,26,2025-06-01,Returned for Correction
CS202500534,FIR202503313,P007581,Vehicle Theft,BNS 303(2),PI Suresh Kulkarni,Bengaluru Urban District & Sessions Court,15,25,2025-06-02,Accepted
CS202500482,FIR202504893,P002580,Robbery,BNS 309(4),PI Naveen Patil,Bagalkote District & Sessions Court,4,21,2025-06-02,Returned for Correction
CS202500568,FIR202501538,P002018,Assault,"BNS 115(2), BNS 117(2)",SI Divya Hegde,Chamarajanagar District & Sessions Court,18,24,2025-06-02,Accepted
CS202500372,FIR202503674,P002884,Fraud,BNS 318(4),SI Ganesh Rao,Bidar District & Sessions Court,13,20,2025-06-02,Accepted
CS202500384,FIR202501484,P003316,Assault,"BNS 115(2), BNS 117(2)",PI Lakshmi Devi,Bidar District & Sessions Court,17,30,2025-06-02,Returned for Correction
CS202500420,FIR202500457,P009193,NDPS,NDPS Act Sec 20(b),PI Ramesh Gowda,Belagavi District & Sessions Court,6,16,2025-06-02,Accepted
CS202500410,FIR202500945,P000153,Vehicle Theft,BNS 303(2),PI Harish Naik,Bengaluru Rural District & Sessions Court,6,14,2025-06-02,Pending Scrutiny
CS202500442,FIR202500190,P005603,NDPS,NDPS Act Sec 20(b),PI Harish Naik,Bengaluru Urban District & Sessions Court,13,3,2025-06-02,Returned for Correction
CS202500435,FIR202504259,P004832,Burglary,"BNS 331(3), BNS 331(4)",SI Prakash Sharma,Chamarajanagar District & Sessions Court,3,23,2025-06-02,Returned for Correction
CS202500625,FIR202504440,P000714,Theft,BNS 303(2),PI Ramesh Gowda,Bidar District & Sessions Court,4,16,2025-06-02,Filed
CS202500524,FIR202500987,P004657,Dacoity,BNS 310(2),PI Naveen Patil,Bidar District & Sessions Court,2,21,2025-06-03,Returned for Correction
CS202500217,FIR202503889,P001380,Assault,"BNS 115(2), BNS 117(2)",SI Divya Hegde,Bengaluru Rural District & Sessions Court,18,6,2025-06-03,Returned for Correction
CS202500434,FIR202500450,P001969,Cyber Crime,"IT Act 66D, BNS 318(4)",PI Lakshmi Devi,Bengaluru Urban District & Sessions Court,3,26,2025-06-03,Filed
CS202500655,FIR202500462,P000914,Theft,BNS 303(2),PI Suresh Kulkarni,Bengaluru Urban District & Sessions Court,2,17,2025-06-03,Filed
CS202500445,FIR202500229,P007122,Fraud,BNS 318(4),SI Ravi Kumar,Bagalkote District & Sessions Court,17,12,2025-06-03,Accepted
CS202500541,FIR202501968,P005047,Assault,"BNS 115(2), BNS 117(2)",PI Harish Naik,Chikkaballapura District & Sessions Court,10,6,2025-06-03,Accepted
CS202500389,FIR202504397,P004776,Assault,"BNS 115(2), BNS 117(2)",SI Mahesh Bhat,Bidar District & Sessions Court,18,3,2025-06-03,Pending Scrutiny
CS202500346,FIR202502015,P009236,Cyber Crime,"IT Act 66D, BNS 318(4)",SI Ganesh Rao,Bagalkote District & Sessions Court,12,19,2025-06-04,Accepted
CS202500581,FIR202504499,P008683,Dacoity,BNS 310(2),SI Prakash Sharma,Chamarajanagar District & Sessions Court,7,28,2025-06-04,Returned for Correction
CS202500580,FIR202500981,P002775,Burglary,"BNS 331(3), BNS 331(4)",PI Suresh Kulkarni,Bengaluru Urban District & Sessions Court,10,24,2025-06-04,Pending Scrutiny
CS202500599,FIR202504987,P005281,POCSO,"POCSO Act Sec 4, BNS 64",SI Ganesh Rao,Bengaluru Rural District & Sessions Court,11,27,2025-06-04,Returned for Correction
CS202500664,FIR202502152,P003060,Fraud,BNS 318(4),SI Ganesh Rao,Bengaluru Rural District & Sessions Court,11,22,2025-06-04,Pending Scrutiny
CS202500422,FIR202503124,P003600,Vehicle Theft,BNS 303(2),SI Ganesh Rao,Bengaluru Rural District & Sessions Court,2,26,2025-06-04,Pending Scrutiny
CS202500364,FIR202502356,P003733,Murder,BNS 103(1),SI Ganesh Rao,Bengaluru Urban District & Sessions Court,15,13,2025-06-04,Filed
CS202500518,FIR202502403,P000857,POCSO,"POCSO Act Sec 4, BNS 64",PI Naveen Patil,Bengaluru Rural District & Sessions Court,10,13,2025-06-05,Pending Scrutiny
CS202500355,FIR202502371,P006187,NDPS,NDPS Act Sec 20(b),PI Harish Naik,Bengaluru Rural District & Sessions Court,10,20,2025-06-05,Accepted
CS202500373,FIR202500972,P001261,Fraud,BNS 318(4),PI Suresh Kulkarni,Bengaluru Rural District & Sessions Court,13,17,2025-06-05,Filed
CS202500398,FIR202500753,P001206,Cyber Crime,"IT Act 66D, BNS 318(4)",SI Ravi Kumar,Bengaluru Rural District & Sessions Court,8,29,2025-06-05,Accepted
CS202500363,FIR202504661,P004356,Assault,"BNS 115(2), BNS 117(2)",PI Naveen Patil,Bengaluru Rural District & Sessions Court,16,17,2025-06-06,Pending Scrutiny
CS202500413,FIR202502098,P004913,Fraud,BNS 318(4),PI Lakshmi Devi,Bidar District & Sessions Court,11,27,2025-06-06,Pending Scrutiny
CS202500606,FIR202502444,P007930,Murder,BNS 103(1),PI Naveen Patil,Bengaluru Rural District & Sessions Court,8,26,2025-06-06,Pending Scrutiny
CS202500559,FIR202504051,P007449,NDPS,NDPS Act Sec 20(b),PI Ramesh Gowda,Bengaluru Rural District & Sessions Court,12,25,2025-06-06,Pending Scrutiny
CS202500558,FIR202501281,P001943,Burglary,"BNS 331(3), BNS 331(4)",PI Harish Naik,Belagavi District & Sessions Court,6,22,2025-06-06,Filed
CS202500377,FIR202503926,P003270,Assault,"BNS 115(2), BNS 117(2)",SI Divya Hegde,Bengaluru Urban District & Sessions Court,2,25,2025-06-06,Filed
CS202500349,FIR202502103,P006182,Dacoity,BNS 310(2),SI Mahesh Bhat,Bengaluru Urban District & Sessions Court,13,17,2025-06-06,Filed
CS202500460,FIR202500802,P005239,Theft,BNS 303(2),PI Lakshmi Devi,Bengaluru Rural District & Sessions Court,8,9,2025-06-06,Accepted
CS202500610,FIR202504196,P003096,Fraud,BNS 318(4),PI Chetan Kumar,Chamarajanagar District & Sessions Court,12,12,2025-06-06,Filed
CS202500538,FIR202504962,P006109,Theft,BNS 303(2),PI Lakshmi Devi,Bengaluru Rural District & Sessions Court,15,28,2025-06-06,Pending Scrutiny
CS202500539,FIR202504616,P007217,Theft,BNS 303(2),PI Lakshmi Devi,Bidar District & Sessions Court,13,4,2025-06-06,Filed
CS202500390,FIR202503932,P001271,Robbery,BNS 309(4),SI Mahesh Bhat,Bidar District & Sessions Court,3,27,2025-06-06,Returned for Correction
CS202500574,FIR202501998,P007036,Robbery,BNS 309(4),SI Divya Hegde,Bagalkote District & Sessions Court,2,18,2025-06-06,Accepted
CS202500705,FIR202501581,P006785,Burglary,"BNS 331(3), BNS 331(4)",SI Mahesh Bhat,Ballari District & Sessions Court,10,18,2025-06-07,Filed
CS202500496,FIR202500289,P008662,NDPS,NDPS Act Sec 20(b),PI Naveen Patil,Chikkaballapura District & Sessions Court,16,20,2025-06-07,Pending Scrutiny
CS202500397,FIR202502558,P008048,POCSO,"POCSO Act Sec 4, BNS 64",SI Mahesh Bhat,Bagalkote District & Sessions Court,5,10,2025-06-07,Filed
CS202500746,FIR202504608,P008560,NDPS,NDPS Act Sec 20(b),PI Lakshmi Devi,Bengaluru Rural District & Sessions Court,12,30,2025-06-07,Accepted
CS202500533,FIR202501084,P003761,Vehicle Theft,BNS 303(2),SI Divya Hegde,Bidar District & Sessions Court,16,26,2025-06-07,Filed
CS202500554,FIR202500453,P000659,Theft,BNS 303(2),PI Ramesh Gowda,Belagavi District & Sessions Court,6,10,2025-06-07,Accepted
CS202500727,FIR202502943,P004873,Theft,BNS 303(2),SI Prakash Sharma,Belagavi District & Sessions Court,18,28,2025-06-07,Returned for Correction
CS202500739,FIR202500235,P002241,Dacoity,BNS 310(2),PI Ramesh Gowda,Bengaluru Urban District & Sessions Court,12,21,2025-06-07,Filed
CS202500589,FIR202504778,P002696,Fraud,BNS 318(4),SI Ravi Kumar,Bengaluru Urban District & Sessions Court,15,21,2025-06-07,Pending Scrutiny
CS202500432,FIR202503320,P008837,Assault,"BNS 115(2), BNS 117(2)",SI Ganesh Rao,Bengaluru Urban District & Sessions Court,7,16,2025-06-07,Pending Scrutiny
CS202500754,FIR202503646,P007671,Burglary,"BNS 331(3), BNS 331(4)",PI Ramesh Gowda,Bengaluru Urban District & Sessions Court,2,4,2025-06-08,Accepted
CS202500332,FIR202501940,P001216,Vehicle Theft,BNS 303(2),PI Chetan Kumar,Bengaluru Rural District & Sessions Court,7,18,2025-06-08,Filed
CS202500471,FIR202501769,P000476,Assault,"BNS 115(2), BNS 117(2)",PI Naveen Patil,Ballari District & Sessions Court,2,16,2025-06-08,Filed
CS202500427,FIR202500225,P009725,Robbery,BNS 309(4),PI Chetan Kumar,Belagavi District & Sessions Court,13,6,2025-06-08,Returned for Correction
CS202500498,FIR202502450,P004840,Vehicle Theft,BNS 303(2),SI Ganesh Rao,Bagalkote District & Sessions Court,12,22,2025-06-08,Returned for Correction
CS202500607,FIR202502962,P009101,Murder,BNS 103(1),SI Ravi Kumar,Bengaluru Urban District & Sessions Court,11,27,2025-06-08,Accepted
CS202500602,FIR202503914,P008506,Dacoity,BNS 310(2),PI Harish Naik,Chamarajanagar District & Sessions Court,7,20,2025-06-08,Returned for Correction
CS202500319,FIR202502870,P008011,Vehicle Theft,BNS 303(2),PI Naveen Patil,Bengaluru Urban District & Sessions Court,15,22,2025-06-09,Returned for Correction
CS202500437,FIR202502998,P005653,Dacoity,BNS 310(2),PI Lakshmi Devi,Bidar District & Sessions Court,14,12,2025-06-09,Accepted
CS202500582,FIR202500783,P006877,Vehicle Theft,BNS 303(2),SI Divya Hegde,Chamarajanagar District & Sessions Court,8,11,2025-06-09,Returned for Correction
CS202500707,FIR202501074,P009145,Murder,BNS 103(1),PI Naveen Patil,Bidar District & Sessions Court,16,23,2025-06-09,Pending Scrutiny
CS202500540,FIR202500832,P008029,Murder,BNS 103(1),SI Mahesh Bhat,Bagalkote District & Sessions Court,10,17,2025-06-09,Filed
CS202500516,FIR202501447,P005803,Burglary,"BNS 331(3), BNS 331(4)",PI Naveen Patil,Belagavi District & Sessions Court,13,9,2025-06-10,Accepted
CS202500386,FIR202501504,P001316,Burglary,"BNS 331(3), BNS 331(4)",PI Chetan Kumar,Belagavi District & Sessions Court,13,24,2025-06-10,Pending Scrutiny
CS202500572,FIR202500184,P006252,Vehicle Theft,BNS 303(2),SI Prakash Sharma,Chamarajanagar District & Sessions Court,18,15,2025-06-10,Pending Scrutiny
CS202500660,FIR202504363,P003001,POCSO,"POCSO Act Sec 4, BNS 64",PI Harish Naik,Chamarajanagar District & Sessions Court,13,6,2025-06-10,Pending Scrutiny
CS202500609,FIR202504805,P009852,Murder,BNS 103(1),SI Ganesh Rao,Chamarajanagar District & Sessions Court,18,30,2025-06-10,Filed
CS202500744,FIR202502782,P001037,NDPS,NDPS Act Sec 20(b),PI Harish Naik,Ballari District & Sessions Court,14,16,2025-06-10,Returned for Correction
CS202500604,FIR202501441,P004536,Cyber Crime,"IT Act 66D, BNS 318(4)",PI Suresh Kulkarni,Bengaluru Rural District & Sessions Court,9,7,2025-06-10,Filed
CS202500651,FIR202504583,P002483,Vehicle Theft,BNS 303(2),SI Prakash Sharma,Chamarajanagar District & Sessions Court,17,15,2025-06-10,Filed
CS202500748,FIR202502408,P005050,Vehicle Theft,BNS 303(2),SI Mahesh Bhat,Bengaluru Urban District & Sessions Court,4,17,2025-06-10,Filed
CS202500430,FIR202503146,P009199,NDPS,NDPS Act Sec 20(b),PI Chetan Kumar,Bengaluru Urban District & Sessions Court,14,3,2025-06-11,Returned for Correction
CS202500468,FIR202504293,P001455,Robbery,BNS 309(4),PI Chetan Kumar,Bidar District & Sessions Court,6,18,2025-06-11,Filed
CS202500675,FIR202504346,P003542,Robbery,BNS 309(4),PI Naveen Patil,Chamarajanagar District & Sessions Court,11,26,2025-06-11,Accepted
CS202500670,FIR202500593,P003703,Dacoity,BNS 310(2),SI Divya Hegde,Chamarajanagar District & Sessions Court,9,24,2025-06-11,Accepted
CS202500708,FIR202501131,P000780,Dacoity,BNS 310(2),PI Naveen Patil,Bengaluru Rural District & Sessions Court,4,3,2025-06-11,Accepted
CS202500659,FIR202501253,P007436,Fraud,BNS 318(4),PI Suresh Kulkarni,Bagalkote District & Sessions Court,16,20,2025-06-11,Accepted
CS202500785,FIR202500728,P002039,NDPS,NDPS Act Sec 20(b),SI Mahesh Bhat,Bengaluru Rural District & Sessions Court,12,29,2025-06-11,Filed
CS202500318,FIR202501157,P001364,Cyber Crime,"IT Act 66D, BNS 318(4)",SI Ganesh Rao,Bengaluru Urban District & Sessions Court,10,20,2025-06-11,Accepted
CS202500639,FIR202503599,P009305,Burglary,"BNS 331(3), BNS 331(4)",SI Divya Hegde,Chamarajanagar District & Sessions Court,12,29,2025-06-12,Filed
CS202500778,FIR202501887,P003586,Burglary,"BNS 331(3), BNS 331(4)",SI Ganesh Rao,Chamarajanagar District & Sessions Court,15,4,2025-06-12,Accepted
CS202500741,FIR202501170,P008737,Assault,"BNS 115(2), BNS 117(2)",PI Ramesh Gowda,Bengaluru Rural District & Sessions Court,17,6,2025-06-12,Accepted
CS202500717,FIR202501939,P001387,Dacoity,BNS 310(2),SI Ravi Kumar,Bengaluru Urban District & Sessions Court,4,16,2025-06-12,Returned for Correction
CS202500500,FIR202500967,P009267,Cyber Crime,"IT Act 66D, BNS 318(4)",SI Ganesh Rao,Bengaluru Urban District & Sessions Court,13,4,2025-06-13,Filed
CS202500376,FIR202503981,P005077,Theft,BNS 303(2),SI Mahesh Bhat,Bidar District & Sessions Court,8,13,2025-06-13,Returned for Correction
CS202500630,FIR202502122,P001412,Burglary,"BNS 331(3), BNS 331(4)",PI Suresh Kulkarni,Bagalkote District & Sessions Court,12,29,2025-06-13,Filed
CS202500521,FIR202502181,P006575,NDPS,NDPS Act Sec 20(b),PI Chetan Kumar,Bagalkote District & Sessions Court,18,16,2025-06-13,Filed
CS202500706,FIR202503811,P008387,Burglary,"BNS 331(3), BNS 331(4)",PI Naveen Patil,Bengaluru Urban District & Sessions Court,7,24,2025-06-14,Returned for Correction
CS202500401,FIR202502219,P007489,Assault,"BNS 115(2), BNS 117(2)",SI Divya Hegde,Bidar District & Sessions Court,12,30,2025-06-14,Pending Scrutiny
CS202500362,FIR202500861,P005125,Assault,"BNS 115(2), BNS 117(2)",PI Suresh Kulkarni,Bidar District & Sessions Court,4,14,2025-06-14,Accepted
CS202500789,FIR202503301,P004591,Murder,BNS 103(1),SI Ravi Kumar,Chamarajanagar District & Sessions Court,11,24,2025-06-14,Pending Scrutiny
CS202500690,FIR202504585,P001006,Theft,BNS 303(2),PI Ramesh Gowda,Bengaluru Urban District & Sessions Court,16,3,2025-06-14,Pending Scrutiny
CS202500512,FIR202504076,P009775,Assault,"BNS 115(2), BNS 117(2)",PI Suresh Kulkarni,Belagavi District & Sessions Court,5,7,2025-06-15,Accepted
CS202500791,FIR202501106,P005998,Burglary,"BNS 331(3), BNS 331(4)",SI Mahesh Bhat,Bengaluru Rural District & Sessions Court,14,12,2025-06-15,Pending Scrutiny
CS202500506,FIR202503238,P009156,Burglary,"BNS 331(3), BNS 331(4)",SI Ravi Kumar,Bengaluru Rural District & Sessions Court,16,14,2025-06-15,Filed
CS202500560,FIR202501789,P005006,Fraud,BNS 318(4),PI Suresh Kulkarni,Bidar District & Sessions Court,17,13,2025-06-15,Accepted
CS202500587,FIR202504163,P007913,Dacoity,BNS 310(2),SI Divya Hegde,Chamarajanagar District & Sessions Court,4,29,2025-06-15,Accepted
CS202500588,FIR202501041,P002295,Robbery,BNS 309(4),PI Suresh Kulkarni,Bengaluru Urban District & Sessions Court,18,4,2025-06-16,Filed
CS202500578,FIR202502083,P005169,Dacoity,BNS 310(2),SI Divya Hegde,Chikkaballapura District & Sessions Court,10,24,2025-06-16,Pending Scrutiny
CS202500818,FIR202500703,P001951,Vehicle Theft,BNS 303(2),PI Harish Naik,Bengaluru Urban District & Sessions Court,4,27,2025-06-16,Filed
CS202500731,FIR202501657,P006579,POCSO,"POCSO Act Sec 4, BNS 64",PI Harish Naik,Chamarajanagar District & Sessions Court,8,21,2025-06-16,Accepted
CS202500499,FIR202502068,P008115,Theft,BNS 303(2),PI Naveen Patil,Belagavi District & Sessions Court,18,17,2025-06-16,Accepted
CS202500505,FIR202503931,P001439,Burglary,"BNS 331(3), BNS 331(4)",PI Naveen Patil,Ballari District & Sessions Court,9,24,2025-06-16,Pending Scrutiny
CS202500548,FIR202502316,P002085,Vehicle Theft,BNS 303(2),SI Ravi Kumar,Bidar District & Sessions Court,4,30,2025-06-17,Accepted
CS202500585,FIR202501029,P004849,Burglary,"BNS 331(3), BNS 331(4)",PI Chetan Kumar,Bengaluru Rural District & Sessions Court,16,19,2025-06-17,Accepted
CS202500479,FIR202503650,P008357,Theft,BNS 303(2),PI Ramesh Gowda,Belagavi District & Sessions Court,4,10,2025-06-17,Accepted
CS202500350,FIR202503188,P003544,POCSO,"POCSO Act Sec 4, BNS 64",PI Naveen Patil,Ballari District & Sessions Court,17,20,2025-06-17,Pending Scrutiny
CS202500614,FIR202504581,P008864,Assault,"BNS 115(2), BNS 117(2)",PI Lakshmi Devi,Bengaluru Rural District & Sessions Court,6,18,2025-06-17,Accepted
CS202500446,FIR202503159,P005536,Murder,BNS 103(1),PI Lakshmi Devi,Bidar District & Sessions Court,17,7,2025-06-18,Accepted
CS202500307,FIR202502022,P007527,Assault,"BNS 115(2), BNS 117(2)",PI Lakshmi Devi,Bidar District & Sessions Court,13,22,2025-06-18,Accepted
CS202500450,FIR202503003,P004182,Robbery,BNS 309(4),SI Ganesh Rao,Chamarajanagar District & Sessions Court,7,16,2025-06-18,Filed
CS202500633,FIR202503043,P002317,POCSO,"POCSO Act Sec 4, BNS 64",PI Naveen Patil,Bidar District & Sessions Court,14,26,2025-06-18,Filed
CS202500641,FIR202503987,P001134,NDPS,NDPS Act Sec 20(b),PI Suresh Kulkarni,Chamarajanagar District & Sessions Court,12,4,2025-06-18,Filed
CS202500665,FIR202504063,P005664,Robbery,BNS 309(4),SI Divya Hegde,Bengaluru Urban District & Sessions Court,13,16,2025-06-18,Filed
CS202500556,FIR202501115,P006760,Dacoity,BNS 310(2),PI Chetan Kumar,Chamarajanagar District & Sessions Court,12,3,2025-06-18,Filed
CS202500552,FIR202502917,P001320,Vehicle Theft,BNS 303(2),SI Prakash Sharma,Bidar District & Sessions Court,9,28,2025-06-18,Returned for Correction
CS202500526,FIR202504116,P004949,Assault,"BNS 115(2), BNS 117(2)",SI Ganesh Rao,Belagavi District & Sessions Court,13,15,2025-06-18,Returned for Correction
CS202500780,FIR202503562,P004430,Cyber Crime,"IT Act 66D, BNS 318(4)",PI Suresh Kulkarni,Bengaluru Rural District & Sessions Court,2,21,2025-06-19,Returned for Correction
CS202500461,FIR202501512,P004623,Burglary,"BNS 331(3), BNS 331(4)",PI Ramesh Gowda,Bagalkote District & Sessions Court,15,11,2025-06-19,Accepted
CS202500645,FIR202502764,P009079,Vehicle Theft,BNS 303(2),SI Divya Hegde,Bagalkote District & Sessions Court,15,22,2025-06-20,Returned for Correction
CS202500775,FIR202500697,P006713,Robbery,BNS 309(4),PI Ramesh Gowda,Chamarajanagar District & Sessions Court,12,18,2025-06-20,Pending Scrutiny
CS202500712,FIR202503629,P002620,Robbery,BNS 309(4),SI Ravi Kumar,Chikkaballapura District & Sessions Court,2,11,2025-06-20,Returned for Correction
CS202500394,FIR202503738,P003737,Murder,BNS 103(1),PI Harish Naik,Chamarajanagar District & Sessions Court,16,24,2025-06-20,Pending Scrutiny
CS202500465,FIR202504844,P000559,Dacoity,BNS 310(2),SI Ravi Kumar,Bidar District & Sessions Court,13,10,2025-06-20,Accepted
CS202500520,FIR202502730,P007597,Vehicle Theft,BNS 303(2),PI Chetan Kumar,Chamarajanagar District & Sessions Court,9,11,2025-06-20,Pending Scrutiny
CS202500663,FIR202502090,P002619,Murder,BNS 103(1),PI Lakshmi Devi,Chikkaballapura District & Sessions Court,14,27,2025-06-21,Returned for Correction
CS202500726,FIR202504808,P000203,Burglary,"BNS 331(3), BNS 331(4)",SI Divya Hegde,Belagavi District & Sessions Court,9,25,2025-06-21,Filed
CS202500453,FIR202501891,P006197,Vehicle Theft,BNS 303(2),SI Prakash Sharma,Bengaluru Rural District & Sessions Court,2,15,2025-06-21,Accepted
CS202500634,FIR202503803,P003898,Vehicle Theft,BNS 303(2),SI Divya Hegde,Bengaluru Urban District & Sessions Court,17,26,2025-06-21,Pending Scrutiny
CS202500484,FIR202503437,P009075,Fraud,BNS 318(4),SI Mahesh Bhat,Bengaluru Urban District & Sessions Court,5,14,2025-06-21,Accepted
CS202500411,FIR202502988,P007989,Murder,BNS 103(1),PI Harish Naik,Bidar District & Sessions Court,16,6,2025-06-21,Pending Scrutiny
CS202500623,FIR202504484,P009197,Burglary,"BNS 331(3), BNS 331(4)",PI Ramesh Gowda,Ballari District & Sessions Court,7,8,2025-06-21,Accepted
CS202500433,FIR202504827,P005469,Assault,"BNS 115(2), BNS 117(2)",PI Naveen Patil,Ballari District & Sessions Court,13,30,2025-06-21,Filed
CS202500378,FIR202504001,P008165,Theft,BNS 303(2),PI Lakshmi Devi,Bagalkote District & Sessions Court,3,12,2025-06-21,Filed
CS202500649,FIR202501322,P006141,Cyber Crime,"IT Act 66D, BNS 318(4)",SI Mahesh Bhat,Chikkaballapura District & Sessions Court,7,13,2025-06-21,Returned for Correction
CS202500557,FIR202501640,P006553,Murder,BNS 103(1),PI Lakshmi Devi,Bidar District & Sessions Court,17,18,2025-06-21,Returned for Correction
CS202500515,FIR202504299,P000503,NDPS,NDPS Act Sec 20(b),SI Ravi Kumar,Bidar District & Sessions Court,3,3,2025-06-21,Filed
CS202500542,FIR202500122,P008399,NDPS,NDPS Act Sec 20(b),PI Harish Naik,Bengaluru Urban District & Sessions Court,4,10,2025-06-21,Accepted
CS202500577,FIR202503239,P001963,Assault,"BNS 115(2), BNS 117(2)",PI Lakshmi Devi,Bidar District & Sessions Court,10,24,2025-06-21,Filed
CS202500497,FIR202500675,P007116,Burglary,"BNS 331(3), BNS 331(4)",PI Lakshmi Devi,Chamarajanagar District & Sessions Court,18,7,2025-06-21,Pending Scrutiny
CS202500695,FIR202501613,P009110,NDPS,NDPS Act Sec 20(b),PI Ramesh Gowda,Bagalkote District & Sessions Court,17,25,2025-06-21,Pending Scrutiny
CS202500463,FIR202501236,P009544,Murder,BNS 103(1),PI Chetan Kumar,Bagalkote District & Sessions Court,11,13,2025-06-22,Returned for Correction
CS202500704,FIR202500018,P008888,Burglary,"BNS 331(3), BNS 331(4)",PI Suresh Kulkarni,Chamarajanagar District & Sessions Court,17,30,2025-06-22,Filed
CS202500510,FIR202504530,P005283,Cyber Crime,"IT Act 66D, BNS 318(4)",PI Harish Naik,Chikkaballapura District & Sessions Court,16,8,2025-06-22,Pending Scrutiny
CS202500844,FIR202500376,P003405,Assault,"BNS 115(2), BNS 117(2)",PI Harish Naik,Bengaluru Rural District & Sessions Court,5,6,2025-06-22,Accepted
CS202500736,FIR202501695,P008748,Cyber Crime,"IT Act 66D, BNS 318(4)",PI Ramesh Gowda,Bengaluru Urban District & Sessions Court,3,18,2025-06-22,Accepted
CS202500399,FIR202504780,P006670,Cyber Crime,"IT Act 66D, BNS 318(4)",PI Lakshmi Devi,Bagalkote District & Sessions Court,14,22,2025-06-22,Pending Scrutiny
CS202500408,FIR202501050,P009674,Burglary,"BNS 331(3), BNS 331(4)",SI Ravi Kumar,Bengaluru Urban District & Sessions Court,16,13,2025-06-22,Accepted
CS202500441,FIR202502727,P000881,Assault,"BNS 115(2), BNS 117(2)",PI Chetan Kumar,Belagavi District & Sessions Court,12,11,2025-06-22,Pending Scrutiny
CS202500519,FIR202503408,P009961,Dacoity,BNS 310(2),PI Chetan Kumar,Bidar District & Sessions Court,8,20,2025-06-22,Pending Scrutiny
CS202500592,FIR202502522,P002709,NDPS,NDPS Act Sec 20(b),PI Ramesh Gowda,Bidar District & Sessions Court,17,4,2025-06-22,Returned for Correction
CS202500359,FIR202500158,P008907,Dacoity,BNS 310(2),SI Ganesh Rao,Bidar District & Sessions Court,7,27,2025-06-23,Accepted
CS202500564,FIR202502829,P001753,NDPS,NDPS Act Sec 20(b),PI Lakshmi Devi,Bengaluru Urban District & Sessions Court,17,5,2025-06-23,Accepted
CS202500671,FIR202501558,P000483,Burglary,"BNS 331(3), BNS 331(4)",SI Ravi Kumar,Belagavi District & Sessions Court,18,26,2025-06-23,Returned for Correction
CS202500537,FIR202503749,P007751,Burglary,"BNS 331(3), BNS 331(4)",PI Chetan Kumar,Ballari District & Sessions Court,13,27,2025-06-23,Returned for Correction
CS202500522,FIR202501713,P006811,Burglary,"BNS 331(3), BNS 331(4)",PI Chetan Kumar,Chikkaballapura District & Sessions Court,14,5,2025-06-23,Filed
CS202500635,FIR202501168,P001136,Murder,BNS 103(1),PI Naveen Patil,Bidar District & Sessions Court,8,16,2025-06-24,Filed
CS202500698,FIR202504110,P006500,Murder,BNS 103(1),PI Lakshmi Devi,Chamarajanagar District & Sessions Court,18,17,2025-06-24,Returned for Correction
CS202500576,FIR202500077,P005853,Theft,BNS 303(2),PI Lakshmi Devi,Chamarajanagar District & Sessions Court,4,3,2025-06-24,Pending Scrutiny
CS202500481,FIR202500216,P002352,Vehicle Theft,BNS 303(2),SI Mahesh Bhat,Bengaluru Urban District & Sessions Court,5,10,2025-06-24,Accepted
CS202500762,FIR202504059,P007543,Assault,"BNS 115(2), BNS 117(2)",PI Naveen Patil,Bengaluru Rural District & Sessions Court,10,24,2025-06-24,Filed
CS202500764,FIR202502697,P005281,POCSO,"POCSO Act Sec 4, BNS 64",PI Harish Naik,Chamarajanagar District & Sessions Court,18,5,2025-06-24,Accepted
CS202500832,FIR202500795,P000182,Assault,"BNS 115(2), BNS 117(2)",SI Prakash Sharma,Bidar District & Sessions Court,9,19,2025-06-25,Accepted
CS202500662,FIR202503367,P003015,Cyber Crime,"IT Act 66D, BNS 318(4)",SI Divya Hegde,Bengaluru Urban District & Sessions Court,11,29,2025-06-25,Accepted
CS202500379,FIR202504917,P003716,Vehicle Theft,BNS 303(2),PI Harish Naik,Bagalkote District & Sessions Court,12,23,2025-06-25,Accepted
CS202500756,FIR202501196,P008966,Murder,BNS 103(1),SI Ganesh Rao,Bengaluru Rural District & Sessions Court,9,21,2025-06-25,Pending Scrutiny
CS202500892,FIR202504650,P001217,Robbery,BNS 309(4),SI Prakash Sharma,Ballari District & Sessions Court,13,28,2025-06-25,Pending Scrutiny
CS202500804,FIR202504119,P004292,Dacoity,BNS 310(2),SI Ganesh Rao,Bengaluru Urban District & Sessions Court,16,13,2025-06-25,Accepted
CS202500488,FIR202500649,P000799,Theft,BNS 303(2),PI Chetan Kumar,Bagalkote District & Sessions Court,14,30,2025-06-26,Pending Scrutiny
CS202500725,FIR202501721,P004740,Robbery,BNS 309(4),PI Suresh Kulkarni,Bidar District & Sessions Court,16,6,2025-06-26,Filed
CS202500406,FIR202504025,P002042,Fraud,BNS 318(4),PI Lakshmi Devi,Bengaluru Urban District & Sessions Court,13,21,2025-06-26,Pending Scrutiny
CS202500555,FIR202501250,P008721,Theft,BNS 303(2),PI Harish Naik,Bengaluru Rural District & Sessions Court,11,4,2025-06-27,Pending Scrutiny
CS202500573,FIR202500631,P008092,Assault,"BNS 115(2), BNS 117(2)",PI Naveen Patil,Bidar District & Sessions Court,7,4,2025-06-27,Pending Scrutiny
CS202500619,FIR202501075,P000438,Burglary,"BNS 331(3), BNS 331(4)",PI Harish Naik,Bidar District & Sessions Court,14,18,2025-06-27,Returned for Correction
CS202500551,FIR202503112,P003920,POCSO,"POCSO Act Sec 4, BNS 64",SI Prakash Sharma,Chikkaballapura District & Sessions Court,3,28,2025-06-27,Pending Scrutiny
CS202500440,FIR202501320,P008859,Fraud,BNS 318(4),PI Lakshmi Devi,Bagalkote District & Sessions Court,16,17,2025-06-27,Returned for Correction
CS202500842,FIR202504831,P009875,Fraud,BNS 318(4),SI Ganesh Rao,Chikkaballapura District & Sessions Court,2,23,2025-06-28,Filed
CS202500654,FIR202502562,P007797,Theft,BNS 303(2),SI Divya Hegde,Bengaluru Rural District & Sessions Court,16,5,2025-06-28,Pending Scrutiny
CS202500761,FIR202502326,P002470,Robbery,BNS 309(4),SI Divya Hegde,Ballari District & Sessions Court,9,14,2025-06-28,Filed
CS202500681,FIR202502605,P000549,Cyber Crime,"IT Act 66D, BNS 318(4)",SI Ganesh Rao,Ballari District & Sessions Court,16,18,2025-06-28,Filed
CS202500910,FIR202501293,P002878,Vehicle Theft,BNS 303(2),SI Divya Hegde,Bidar District & Sessions Court,6,12,2025-06-28,Returned for Correction
CS202500631,FIR202504641,P009689,Burglary,"BNS 331(3), BNS 331(4)",PI Ramesh Gowda,Bengaluru Rural District & Sessions Court,11,5,2025-06-29,Pending Scrutiny
CS202500747,FIR202502334,P000229,POCSO,"POCSO Act Sec 4, BNS 64",PI Suresh Kulkarni,Bengaluru Rural District & Sessions Court,2,18,2025-06-29,Filed
CS202500470,FIR202504208,P003244,Cyber Crime,"IT Act 66D, BNS 318(4)",PI Naveen Patil,Bengaluru Urban District & Sessions Court,10,11,2025-06-29,Accepted
CS202500729,FIR202501073,P009320,Dacoity,BNS 310(2),PI Suresh Kulkarni,Bidar District & Sessions Court,4,25,2025-06-29,Pending Scrutiny
CS202500787,FIR202500618,P004906,Cyber Crime,"IT Act 66D, BNS 318(4)",SI Divya Hegde,Chamarajanagar District & Sessions Court,15,4,2025-06-29,Returned for Correction
CS202500608,FIR202502644,P008086,Vehicle Theft,BNS 303(2),SI Ganesh Rao,Belagavi District & Sessions Court,8,7,2025-06-29,Accepted
CS202500692,FIR202500946,P001244,Vehicle Theft,BNS 303(2),PI Ramesh Gowda,Chamarajanagar District & Sessions Court,2,29,2025-06-29,Filed
CS202500509,FIR202500798,P004962,Assault,"BNS 115(2), BNS 117(2)",SI Ganesh Rao,Bengaluru Urban District & Sessions Court,16,9,2025-06-29,Filed
CS202500472,FIR202502954,P000680,Robbery,BNS 309(4),SI Prakash Sharma,Belagavi District & Sessions Court,7,13,2025-06-29,Filed
CS202500489,FIR202504754,P000400,Assault,"BNS 115(2), BNS 117(2)",PI Suresh Kulkarni,Bagalkote District & Sessions Court,8,16,2025-06-29,Accepted
CS202500536,FIR202502384,P007365,Assault,"BNS 115(2), BNS 117(2)",PI Lakshmi Devi,Bagalkote District & Sessions Court,4,22,2025-06-30,Filed
CS202500490,FIR202504647,P004472,Assault,"BNS 115(2), BNS 117(2)",SI Prakash Sharma,Belagavi District & Sessions Court,12,28,2025-06-30,Filed
CS202500885,FIR202504304,P004578,Murder,BNS 103(1),PI Naveen Patil,Bengaluru Rural District & Sessions Court,4,28,2025-06-30,Accepted
CS202500758,FIR202502600,P007393,Burglary,"BNS 331(3), BNS 331(4)",PI Lakshmi Devi,Bengaluru Rural District & Sessions Court,17,19,2025-06-30,Pending Scrutiny
CS202500777,FIR202502008,P009810,Dacoity,BNS 310(2),SI Ganesh Rao,Chamarajanagar District & Sessions Court,15,24,2025-06-30,Filed
CS202500636,FIR202504758,P009708,Dacoity,BNS 310(2),SI Ravi Kumar,Bidar District & Sessions Court,12,14,2025-06-30,Pending Scrutiny
CS202500793,FIR202500925,P002245,Cyber Crime,"IT Act 66D, BNS 318(4)",PI Lakshmi Devi,Bidar District & Sessions Court,9,13,2025-06-30,Filed
CS202500354,FIR202504222,P000066,Cyber Crime,"IT Act 66D, BNS 318(4)",SI Divya Hegde,Bengaluru Urban District & Sessions Court,14,30,2025-06-30,Filed
CS202500898,FIR202502754,P009723,Fraud,BNS 318(4),PI Naveen Patil,Bengaluru Urban District & Sessions Court,6,21,2025-06-30,Pending Scrutiny
CS202500668,FIR202504193,P008878,Assault,"BNS 115(2), BNS 117(2)",PI Ramesh Gowda,Bidar District & Sessions Court,13,22,2025-07-01,Returned for Correction
CS202500733,FIR202500808,P009067,Murder,BNS 103(1),SI Ganesh Rao,Bidar District & Sessions Court,15,26,2025-07-01,Pending Scrutiny
CS202500562,FIR202503012,P009447,Murder,BNS 103(1),SI Ganesh Rao,Bagalkote District & Sessions Court,2,11,2025-07-01,Filed
CS202500544,FIR202504142,P008132,Vehicle Theft,BNS 303(2),SI Divya Hegde,Belagavi District & Sessions Court,5,18,2025-07-01,Filed
CS202500626,FIR202503155,P002284,Fraud,BNS 318(4),PI Harish Naik,Bengaluru Urban District & Sessions Court,16,24,2025-07-01,Pending Scrutiny
CS202500800,FIR202502768,P009891,POCSO,"POCSO Act Sec 4, BNS 64",PI Suresh Kulkarni,Ballari District & Sessions Court,12,25,2025-07-01,Filed
CS202500805,FIR202502836,P007109,Dacoity,BNS 310(2),PI Naveen Patil,Belagavi District & Sessions Court,13,19,2025-07-02,Accepted
CS202500894,FIR202503951,P009158,Vehicle Theft,BNS 303(2),PI Suresh Kulkarni,Bidar District & Sessions Court,3,8,2025-07-02,Returned for Correction
CS202500848,FIR202503869,P001762,Burglary,"BNS 331(3), BNS 331(4)",SI Ganesh Rao,Bidar District & Sessions Court,15,10,2025-07-02,Filed
CS202500757,FIR202501854,P001654,Fraud,BNS 318(4),PI Harish Naik,Chamarajanagar District & Sessions Court,4,13,2025-07-02,Accepted
CS202500648,FIR202504845,P007658,Assault,"BNS 115(2), BNS 117(2)",SI Ganesh Rao,Ballari District & Sessions Court,11,17,2025-07-02,Filed
CS202500728,FIR202502200,P009975,Theft,BNS 303(2),SI Mahesh Bhat,Ballari District & Sessions Court,12,26,2025-07-02,Accepted
CS202500575,FIR202504317,P001902,Assault,"BNS 115(2), BNS 117(2)",SI Ravi Kumar,Belagavi District & Sessions Court,7,29,2025-07-03,Accepted
CS202500605,FIR202503497,P005131,NDPS,NDPS Act Sec 20(b),PI Lakshmi Devi,Bengaluru Rural District & Sessions Court,10,11,2025-07-03,Pending Scrutiny
CS202500687,FIR202501058,P005006,Assault,"BNS 115(2), BNS 117(2)",PI Naveen Patil,Belagavi District & Sessions Court,14,30,2025-07-03,Pending Scrutiny
CS202500563,FIR202504323,P005112,Murder,BNS 103(1),PI Lakshmi Devi,Bengaluru Rural District & Sessions Court,8,11,2025-07-03,Pending Scrutiny
CS202500553,FIR202501606,P009052,Murder,BNS 103(1),PI Harish Naik,Bidar District & Sessions Court,5,23,2025-07-03,Returned for Correction
CS202500532,FIR202502974,P009916,Assault,"BNS 115(2), BNS 117(2)",SI Ravi Kumar,Bagalkote District & Sessions Court,3,17,2025-07-03,Filed
CS202500776,FIR202504838,P008303,Cyber Crime,"IT Act 66D, BNS 318(4)",SI Prakash Sharma,Ballari District & Sessions Court,9,5,2025-07-03,Returned for Correction
CS202500710,FIR202502978,P008102,Dacoity,BNS 310(2),PI Naveen Patil,Chamarajanagar District & Sessions Court,13,3,2025-07-03,Pending Scrutiny
CS202500656,FIR202503194,P009283,Fraud,BNS 318(4),SI Ravi Kumar,Belagavi District & Sessions Court,7,6,2025-07-03,Accepted
CS202500495,FIR202501081,P002167,Dacoity,BNS 310(2),PI Suresh Kulkarni,Bengaluru Urban District & Sessions Court,10,15,2025-07-03,Filed
CS202500713,FIR202503256,P004147,Murder,BNS 103(1),SI Mahesh Bhat,Ballari District & Sessions Court,16,28,2025-07-03,Returned for Correction
CS202500935,FIR202500683,P005661,Burglary,"BNS 331(3), BNS 331(4)",SI Mahesh Bhat,Chikkaballapura District & Sessions Court,10,8,2025-07-03,Filed
CS202500528,FIR202502021,P007877,Cyber Crime,"IT Act 66D, BNS 318(4)",PI Suresh Kulkarni,Bengaluru Urban District & Sessions Court,18,9,2025-07-04,Returned for Correction
CS202500932,FIR202504292,P002460,Assault,"BNS 115(2), BNS 117(2)",SI Ganesh Rao,Chamarajanagar District & Sessions Court,4,18,2025-07-04,Pending Scrutiny
CS202500897,FIR202504121,P004687,Fraud,BNS 318(4),SI Ganesh Rao,Bengaluru Urban District & Sessions Court,17,25,2025-07-04,Accepted
CS202501000,FIR202503018,P001762,Theft,BNS 303(2),SI Prakash Sharma,Bagalkote District & Sessions Court,5,26,2025-07-04,Pending Scrutiny
CS202500657,FIR202504630,P008724,Theft,BNS 303(2),PI Ramesh Gowda,Ballari District & Sessions Court,10,10,2025-07-04,Accepted
CS202500494,FIR202500657,P000727,Murder,BNS 103(1),SI Divya Hegde,Bengaluru Rural District & Sessions Court,5,25,2025-07-05,Returned for Correction
CS202500699,FIR202500403,P001002,Dacoity,BNS 310(2),PI Naveen Patil,Bagalkote District & Sessions Court,12,27,2025-07-05,Returned for Correction
CS202500779,FIR202504797,P008579,Dacoity,BNS 310(2),PI Suresh Kulkarni,Chamarajanagar District & Sessions Court,14,8,2025-07-05,Filed
CS202500770,FIR202502119,P003514,POCSO,"POCSO Act Sec 4, BNS 64",SI Divya Hegde,Bidar District & Sessions Court,7,22,2025-07-05,Pending Scrutiny
CS202500914,FIR202503385,P002080,POCSO,"POCSO Act Sec 4, BNS 64",PI Suresh Kulkarni,Chikkaballapura District & Sessions Court,15,27,2025-07-05,Pending Scrutiny
CS202500936,FIR202504018,P001322,Vehicle Theft,BNS 303(2),PI Lakshmi Devi,Bengaluru Rural District & Sessions Court,18,27,2025-07-05,Filed
CS202500652,FIR202502395,P004064,NDPS,NDPS Act Sec 20(b),SI Divya Hegde,Chamarajanagar District & Sessions Court,3,24,2025-07-06,Accepted
CS202500683,FIR202500111,P003411,Murder,BNS 103(1),PI Naveen Patil,Bengaluru Rural District & Sessions Court,14,5,2025-07-06,Filed
CS202500723,FIR202502332,P004208,POCSO,"POCSO Act Sec 4, BNS 64",PI Ramesh Gowda,Bengaluru Rural District & Sessions Court,7,6,2025-07-06,Pending Scrutiny
CS202500511,FIR202502375,P008106,Fraud,BNS 318(4),SI Divya Hegde,Bengaluru Urban District & Sessions Court,10,6,2025-07-06,Pending Scrutiny
CS202500939,FIR202500674,P006441,Murder,BNS 103(1),PI Chetan Kumar,Bidar District & Sessions Court,18,16,2025-07-06,Returned for Correction
CS202500491,FIR202505000,P001615,Robbery,BNS 309(4),PI Suresh Kulkarni,Ballari District & Sessions Court,14,18,2025-07-07,Returned for Correction
CS202500696,FIR202503114,P001567,POCSO,"POCSO Act Sec 4, BNS 64",PI Ramesh Gowda,Chamarajanagar District & Sessions Court,5,20,2025-07-07,Pending Scrutiny
CS202500474,FIR202504140,P007049,Cyber Crime,"IT Act 66D, BNS 318(4)",SI Prakash Sharma,Bengaluru Urban District & Sessions Court,6,12,2025-07-07,Accepted
CS202500840,FIR202503047,P001341,Vehicle Theft,BNS 303(2),SI Mahesh Bhat,Bengaluru Rural District & Sessions Court,12,15,2025-07-07,Filed
CS202500918,FIR202501794,P007812,Robbery,BNS 309(4),SI Mahesh Bhat,Bagalkote District & Sessions Court,11,21,2025-07-07,Filed
CS202500546,FIR202502267,P008819,NDPS,NDPS Act Sec 20(b),PI Lakshmi Devi,Chikkaballapura District & Sessions Court,6,23,2025-07-07,Accepted
CS202500722,FIR202502979,P000524,Theft,BNS 303(2),PI Ramesh Gowda,Bengaluru Rural District & Sessions Court,2,21,2025-07-07,Returned for Correction
CS202500868,FIR202500955,P004716,Robbery,BNS 309(4),SI Divya Hegde,Chamarajanagar District & Sessions Court,7,26,2025-07-07,Returned for Correction
CS202500703,FIR202504626,P008158,Theft,BNS 303(2),SI Prakash Sharma,Bengaluru Urban District & Sessions Court,5,8,2025-07-07,Filed
CS202500611,FIR202502197,P002392,Dacoity,BNS 310(2),PI Lakshmi Devi,Bidar District & Sessions Court,16,28,2025-07-07,Filed
CS202500788,FIR202500489,P006248,Fraud,BNS 318(4),SI Ravi Kumar,Bengaluru Urban District & Sessions Court,2,20,2025-07-07,Accepted
CS202500678,FIR202504975,P005989,Murder,BNS 103(1),SI Ganesh Rao,Ballari District & Sessions Court,5,12,2025-07-07,Returned for Correction
CS202500685,FIR202501499,P009965,NDPS,NDPS Act Sec 20(b),PI Harish Naik,Belagavi District & Sessions Court,3,13,2025-07-07,Accepted
CS202500845,FIR202502623,P004994,Assault,"BNS 115(2), BNS 117(2)",SI Ganesh Rao,Bengaluru Rural District & Sessions Court,18,24,2025-07-08,Returned for Correction
CS202500864,FIR202502308,P001784,Dacoity,BNS 310(2),PI Ramesh Gowda,Chamarajanagar District & Sessions Court,2,26,2025-07-08,Returned for Correction
CS202500869,FIR202502533,P006464,NDPS,NDPS Act Sec 20(b),PI Naveen Patil,Belagavi District & Sessions Court,3,6,2025-07-08,Pending Scrutiny
CS202500823,FIR202502520,P005020,Assault,"BNS 115(2), BNS 117(2)",PI Harish Naik,Chikkaballapura District & Sessions Court,13,4,2025-07-08,Pending Scrutiny
CS202500650,FIR202503938,P006209,Cyber Crime,"IT Act 66D, BNS 318(4)",SI Prakash Sharma,Bengaluru Urban District & Sessions Court,12,15,2025-07-08,Pending Scrutiny
CS202500475,FIR202503973,P007035,POCSO,"POCSO Act Sec 4, BNS 64",PI Lakshmi Devi,Belagavi District & Sessions Court,18,20,2025-07-08,Accepted
CS202500617,FIR202504211,P007534,Theft,BNS 303(2),SI Ganesh Rao,Belagavi District & Sessions Court,2,26,2025-07-08,Filed
CS202500859,FIR202501087,P005058,Fraud,BNS 318(4),SI Prakash Sharma,Chamarajanagar District & Sessions Court,17,18,2025-07-08,Filed
CS202500529,FIR202503782,P007377,Cyber Crime,"IT Act 66D, BNS 318(4)",PI Naveen Patil,Bengaluru Urban District & Sessions Court,11,3,2025-07-08,Accepted
CS202500763,FIR202504461,P000380,Robbery,BNS 309(4),SI Ravi Kumar,Chamarajanagar District & Sessions Court,12,8,2025-07-08,Returned for Correction
CS202500849,FIR202502321,P001062,Cyber Crime,"IT Act 66D, BNS 318(4)",PI Suresh Kulkarni,Chikkaballapura District & Sessions Court,2,4,2025-07-08,Accepted
CS202500613,FIR202501653,P009107,Dacoity,BNS 310(2),PI Chetan Kumar,Belagavi District & Sessions Court,7,3,2025-07-08,Accepted
CS202500622,FIR202504151,P004313,Assault,"BNS 115(2), BNS 117(2)",SI Ganesh Rao,Chamarajanagar District & Sessions Court,11,27,2025-07-08,Filed
CS202500603,FIR202500430,P007941,Robbery,BNS 309(4),SI Ravi Kumar,Bengaluru Urban District & Sessions Court,13,17,2025-07-09,Pending Scrutiny
CS202500508,FIR202500670,P000877,Cyber Crime,"IT Act 66D, BNS 318(4)",PI Ramesh Gowda,Bengaluru Urban District & Sessions Court,8,8,2025-07-09,Returned for Correction
CS202500591,FIR202500725,P006035,Burglary,"BNS 331(3), BNS 331(4)",PI Chetan Kumar,Chikkaballapura District & Sessions Court,7,18,2025-07-09,Filed
CS202500911,FIR202504223,P003156,Vehicle Theft,BNS 303(2),PI Harish Naik,Bengaluru Rural District & Sessions Court,2,5,2025-07-10,Filed
CS202500689,FIR202504960,P002883,POCSO,"POCSO Act Sec 4, BNS 64",SI Prakash Sharma,Bengaluru Rural District & Sessions Court,9,10,2025-07-10,Filed
CS202500738,FIR202504801,P008920,NDPS,NDPS Act Sec 20(b),PI Ramesh Gowda,Ballari District & Sessions Court,3,23,2025-07-10,Accepted
CS202500569,FIR202501215,P000865,Murder,BNS 103(1),SI Ganesh Rao,Bidar District & Sessions Court,6,3,2025-07-10,Filed
CS202500943,FIR202502160,P006425,Murder,BNS 103(1),PI Ramesh Gowda,Chikkaballapura District & Sessions Court,11,19,2025-07-10,Accepted
CS202500784,FIR202504148,P005783,Assault,"BNS 115(2), BNS 117(2)",PI Suresh Kulkarni,Bengaluru Rural District & Sessions Court,10,18,2025-07-11,Returned for Correction
CS202500469,FIR202503510,P008227,NDPS,NDPS Act Sec 20(b),SI Divya Hegde,Bengaluru Rural District & Sessions Court,11,15,2025-07-11,Filed
CS202500644,FIR202504636,P007768,Vehicle Theft,BNS 303(2),SI Ravi Kumar,Ballari District & Sessions Court,6,7,2025-07-11,Accepted
CS202500501,FIR202500171,P009711,Vehicle Theft,BNS 303(2),PI Naveen Patil,Bengaluru Urban District & Sessions Court,10,22,2025-07-11,Filed
CS202500715,FIR202501373,P001024,NDPS,NDPS Act Sec 20(b),SI Prakash Sharma,Chamarajanagar District & Sessions Court,5,30,2025-07-11,Filed
CS202500688,FIR202504019,P000629,Vehicle Theft,BNS 303(2),PI Naveen Patil,Ballari District & Sessions Court,13,5,2025-07-11,Returned for Correction
CS202500653,FIR202504991,P003782,Robbery,BNS 309(4),PI Suresh Kulkarni,Bengaluru Rural District & Sessions Court,17,22,2025-07-11,Returned for Correction
CS202500817,FIR202503918,P006764,Cyber Crime,"IT Act 66D, BNS 318(4)",SI Ravi Kumar,Bengaluru Urban District & Sessions Court,17,13,2025-07-11,Filed
CS202500679,FIR202500984,P007408,Dacoity,BNS 310(2),PI Ramesh Gowda,Bidar District & Sessions Court,16,19,2025-07-11,Filed
CS202500905,FIR202503070,P006584,Vehicle Theft,BNS 303(2),SI Mahesh Bhat,Bengaluru Urban District & Sessions Court,3,3,2025-07-12,Accepted
CS202500737,FIR202503815,P005421,Vehicle Theft,BNS 303(2),PI Ramesh Gowda,Bidar District & Sessions Court,8,13,2025-07-12,Filed
CS202500856,FIR202500567,P008773,Cyber Crime,"IT Act 66D, BNS 318(4)",SI Ravi Kumar,Bagalkote District & Sessions Court,14,10,2025-07-12,Filed
CS202500750,FIR202503594,P006024,Vehicle Theft,BNS 303(2),PI Chetan Kumar,Ballari District & Sessions Court,18,20,2025-07-12,Pending Scrutiny
CS202500414,FIR202501855,P008875,Vehicle Theft,BNS 303(2),SI Mahesh Bhat,Chamarajanagar District & Sessions Court,5,26,2025-07-12,Pending Scrutiny
CS202500632,FIR202503765,P007244,Fraud,BNS 318(4),SI Mahesh Bhat,Bengaluru Rural District & Sessions Court,3,9,2025-07-12,Filed
CS202500597,FIR202500026,P005911,Robbery,BNS 309(4),SI Divya Hegde,Bidar District & Sessions Court,7,14,2025-07-12,Pending Scrutiny
CS202500992,FIR202503409,P008880,NDPS,NDPS Act Sec 20(b),PI Lakshmi Devi,Bengaluru Urban District & Sessions Court,6,28,2025-07-12,Accepted
CS202500693,FIR202503839,P009512,Vehicle Theft,BNS 303(2),SI Ganesh Rao,Bengaluru Urban District & Sessions Court,8,7,2025-07-13,Pending Scrutiny
CS202500642,FIR202500814,P006484,Dacoity,BNS 310(2),PI Suresh Kulkarni,Ballari District & Sessions Court,14,16,2025-07-13,Filed
CS202500782,FIR202500007,P001577,NDPS,NDPS Act Sec 20(b),PI Chetan Kumar,Ballari District & Sessions Court,17,14,2025-07-13,Accepted
CS202500702,FIR202503162,P001894,Theft,BNS 303(2),PI Harish Naik,Bidar District & Sessions Court,6,11,2025-07-13,Pending Scrutiny
CS202500451,FIR202503873,P004100,Burglary,"BNS 331(3), BNS 331(4)",SI Ravi Kumar,Chamarajanagar District & Sessions Court,17,27,2025-07-13,Accepted
CS202500743,FIR202503779,P005416,Murder,BNS 103(1),PI Ramesh Gowda,Bagalkote District & Sessions Court,9,20,2025-07-13,Returned for Correction
CS202500772,FIR202500287,P007618,NDPS,NDPS Act Sec 20(b),PI Suresh Kulkarni,Bidar District & Sessions Court,16,4,2025-07-13,Pending Scrutiny
CS202501009,FIR202503122,P007731,Cyber Crime,"IT Act 66D, BNS 318(4)",SI Prakash Sharma,Bengaluru Rural District & Sessions Court,13,16,2025-07-13,Returned for Correction
CS202500837,FIR202502471,P003750,Vehicle Theft,BNS 303(2),PI Naveen Patil,Bagalkote District & Sessions Court,3,13,2025-07-13,Filed
CS202500513,FIR202503292,P008019,Dacoity,BNS 310(2),PI Harish Naik,Bengaluru Rural District & Sessions Court,13,12,2025-07-13,Pending Scrutiny
CS202500565,FIR202503666,P001436,Vehicle Theft,BNS 303(2),PI Lakshmi Devi,Bagalkote District & Sessions Court,6,18,2025-07-14,Pending Scrutiny
CS202500616,FIR202500278,P009674,Vehicle Theft,BNS 303(2),SI Ravi Kumar,Ballari District & Sessions Court,13,4,2025-07-15,Accepted
CS202500502,FIR202500435,P003799,POCSO,"POCSO Act Sec 4, BNS 64",PI Lakshmi Devi,Chamarajanagar District & Sessions Court,14,3,2025-07-15,Filed
CS202500790,FIR202503617,P005963,Assault,"BNS 115(2), BNS 117(2)",PI Harish Naik,Chamarajanagar District & Sessions Court,17,19,2025-07-15,Filed
CS202500889,FIR202502127,P005809,POCSO,"POCSO Act Sec 4, BNS 64",SI Ravi Kumar,Bengaluru Urban District & Sessions Court,17,3,2025-07-15,Accepted
CS202500998,FIR202501861,P008562,Assault,"BNS 115(2), BNS 117(2)",SI Divya Hegde,Bidar District & Sessions Court,13,21,2025-07-16,Pending Scrutiny
CS202500769,FIR202500261,P004302,Assault,"BNS 115(2), BNS 117(2)",PI Chetan Kumar,Bengaluru Urban District & Sessions Court,15,29,2025-07-16,Accepted
CS202500890,FIR202500914,P002965,NDPS,NDPS Act Sec 20(b),PI Naveen Patil,Belagavi District & Sessions Court,3,7,2025-07-16,Filed
CS202500724,FIR202504634,P008151,Dacoity,BNS 310(2),SI Prakash Sharma,Chikkaballapura District & Sessions Court,17,14,2025-07-16,Pending Scrutiny
CS202501068,FIR202504582,P006897,Vehicle Theft,BNS 303(2),PI Suresh Kulkarni,Chamarajanagar District & Sessions Court,3,29,2025-07-16,Filed
CS202500941,FIR202500936,P002831,Fraud,BNS 318(4),SI Prakash Sharma,Chamarajanagar District & Sessions Court,18,18,2025-07-16,Pending Scrutiny
CS202500955,FIR202503074,P004210,Cyber Crime,"IT Act 66D, BNS 318(4)",SI Ganesh Rao,Bengaluru Urban District & Sessions Court,4,17,2025-07-16,Accepted
CS202500816,FIR202502059,P004399,Assault,"BNS 115(2), BNS 117(2)",PI Naveen Patil,Ballari District & Sessions Court,4,8,2025-07-16,Accepted
CS202500799,FIR202504315,P009791,Vehicle Theft,BNS 303(2),PI Chetan Kumar,Bagalkote District & Sessions Court,2,24,2025-07-16,Returned for Correction
CS202500927,FIR202504870,P006603,Fraud,BNS 318(4),PI Ramesh Gowda,Bengaluru Urban District & Sessions Court,13,21,2025-07-16,Returned for Correction
CS202500867,FIR202502373,P000827,Vehicle Theft,BNS 303(2),SI Mahesh Bhat,Ballari District & Sessions Court,10,19,2025-07-16,Returned for Correction
CS202500851,FIR202501602,P001079,Assault,"BNS 115(2), BNS 117(2)",PI Harish Naik,Bidar District & Sessions Court,3,18,2025-07-16,Pending Scrutiny
CS202500813,FIR202501754,P005253,Dacoity,BNS 310(2),SI Divya Hegde,Bidar District & Sessions Court,3,12,2025-07-16,Filed
CS202500951,FIR202503507,P000543,POCSO,"POCSO Act Sec 4, BNS 64",PI Naveen Patil,Bidar District & Sessions Court,8,19,2025-07-17,Returned for Correction
CS202500672,FIR202504355,P006981,Robbery,BNS 309(4),SI Divya Hegde,Bidar District & Sessions Court,12,14,2025-07-17,Accepted
CS202500680,FIR202504839,P003806,Murder,BNS 103(1),SI Divya Hegde,Bidar District & Sessions Court,18,30,2025-07-17,Pending Scrutiny
CS202500579,FIR202501881,P008622,Cyber Crime,"IT Act 66D, BNS 318(4)",SI Divya Hegde,Belagavi District & Sessions Court,13,7,2025-07-17,Pending Scrutiny
CS202500960,FIR202500586,P005833,POCSO,"POCSO Act Sec 4, BNS 64",SI Prakash Sharma,Bidar District & Sessions Court,2,28,2025-07-17,Returned for Correction
CS202500590,FIR202502132,P003250,Dacoity,BNS 310(2),SI Divya Hegde,Bidar District & Sessions Court,8,29,2025-07-17,Returned for Correction
CS202500612,FIR202501708,P008533,Assault,"BNS 115(2), BNS 117(2)",PI Naveen Patil,Bidar District & Sessions Court,5,24,2025-07-17,Pending Scrutiny
CS202501005,FIR202504432,P007089,Cyber Crime,"IT Act 66D, BNS 318(4)",SI Ganesh Rao,Bengaluru Rural District & Sessions Court,7,4,2025-07-18,Returned for Correction
CS202500808,FIR202503963,P008515,Burglary,"BNS 331(3), BNS 331(4)",SI Divya Hegde,Bidar District & Sessions Court,17,14,2025-07-18,Pending Scrutiny
CS202500863,FIR202501318,P001991,Burglary,"BNS 331(3), BNS 331(4)",SI Divya Hegde,Bengaluru Rural District & Sessions Court,14,7,2025-07-18,Returned for Correction
CS202500718,FIR202503572,P008971,Vehicle Theft,BNS 303(2),SI Prakash Sharma,Bengaluru Urban District & Sessions Court,15,8,2025-07-18,Returned for Correction
CS202500946,FIR202501417,P004598,POCSO,"POCSO Act Sec 4, BNS 64",SI Ganesh Rao,Bidar District & Sessions Court,4,28,2025-07-18,Returned for Correction
CS202500436,FIR202503069,P001969,Robbery,BNS 309(4),PI Suresh Kulkarni,Bengaluru Rural District & Sessions Court,16,18,2025-07-18,Pending Scrutiny
CS202500956,FIR202501233,P002667,Burglary,"BNS 331(3), BNS 331(4)",PI Harish Naik,Bidar District & Sessions Court,14,14,2025-07-18,Pending Scrutiny
CS202501061,FIR202500655,P000690,Assault,"BNS 115(2), BNS 117(2)",PI Suresh Kulkarni,Bidar District & Sessions Court,10,14,2025-07-18,Pending Scrutiny
CS202500991,FIR202503183,P006108,Assault,"BNS 115(2), BNS 117(2)",PI Chetan Kumar,Bidar District & Sessions Court,6,19,2025-07-18,Pending Scrutiny
CS202500801,FIR202503439,P003403,Burglary,"BNS 331(3), BNS 331(4)",PI Naveen Patil,Bengaluru Rural District & Sessions Court,15,6,2025-07-19,Filed
CS202500673,FIR202501152,P000658,Burglary,"BNS 331(3), BNS 331(4)",PI Chetan Kumar,Bidar District & Sessions Court,18,30,2025-07-19,Accepted
CS202500686,FIR202502473,P002536,Assault,"BNS 115(2), BNS 117(2)",SI Ravi Kumar,Chamarajanagar District & Sessions Court,16,11,2025-07-19,Accepted
CS202500773,FIR202504560,P003930,Cyber Crime,"IT Act 66D, BNS 318(4)",PI Suresh Kulkarni,Chamarajanagar District & Sessions Court,4,29,2025-07-19,Pending Scrutiny
CS202500493,FIR202503610,P005733,Dacoity,BNS 310(2),SI Ravi Kumar,Bagalkote District & Sessions Court,16,27,2025-07-19,Filed
CS202500459,FIR202504613,P008325,Dacoity,BNS 310(2),PI Naveen Patil,Belagavi District & Sessions Court,17,29,2025-07-19,Returned for Correction
CS202500792,FIR202504055,P009153,Robbery,BNS 309(4),PI Lakshmi Devi,Belagavi District & Sessions Court,11,14,2025-07-19,Filed
CS202500931,FIR202503118,P005228,Assault,"BNS 115(2), BNS 117(2)",PI Lakshmi Devi,Bidar District & Sessions Court,16,27,2025-07-19,Accepted
CS202500806,FIR202501654,P009354,NDPS,NDPS Act Sec 20(b),SI Ravi Kumar,Bagalkote District & Sessions Court,15,6,2025-07-19,Pending Scrutiny
CS202500831,FIR202503372,P004690,Dacoity,BNS 310(2),PI Chetan Kumar,Bidar District & Sessions Court,11,22,2025-07-19,Filed
CS202500624,FIR202504321,P003934,Dacoity,BNS 310(2),PI Suresh Kulkarni,Chamarajanagar District & Sessions Court,12,27,2025-07-19,Accepted
CS202500697,FIR202503204,P009096,Vehicle Theft,BNS 303(2),SI Ravi Kumar,Belagavi District & Sessions Court,13,10,2025-07-19,Filed
CS202500621,FIR202501635,P001792,Assault,"BNS 115(2), BNS 117(2)",SI Mahesh Bhat,Belagavi District & Sessions Court,12,8,2025-07-20,Accepted
CS202500701,FIR202501470,P001293,Assault,"BNS 115(2), BNS 117(2)",SI Divya Hegde,Belagavi District & Sessions Court,2,19,2025-07-20,Filed
CS202500684,FIR202503512,P001763,Vehicle Theft,BNS 303(2),SI Divya Hegde,Bagalkote District & Sessions Court,4,25,2025-07-20,Accepted
CS202500711,FIR202504757,P007889,Robbery,BNS 309(4),PI Ramesh Gowda,Bengaluru Rural District & Sessions Court,18,7,2025-07-20,Pending Scrutiny
CS202501008,FIR202500913,P000551,POCSO,"POCSO Act Sec 4, BNS 64",SI Ganesh Rao,Bengaluru Urban District & Sessions Court,4,28,2025-07-21,Returned for Correction
CS202500883,FIR202501963,P002829,Vehicle Theft,BNS 303(2),SI Ravi Kumar,Bidar District & Sessions Court,16,26,2025-07-21,Accepted
CS202500884,FIR202503904,P001616,Assault,"BNS 115(2), BNS 117(2)",PI Chetan Kumar,Bidar District & Sessions Court,2,21,2025-07-21,Accepted
CS202500550,FIR202501098,P008126,Dacoity,BNS 310(2),SI Ganesh Rao,Bengaluru Rural District & Sessions Court,7,29,2025-07-21,Filed
CS202500674,FIR202504268,P007667,Cyber Crime,"IT Act 66D, BNS 318(4)",PI Harish Naik,Bengaluru Rural District & Sessions Court,11,23,2025-07-21,Filed
CS202500584,FIR202502469,P001745,Dacoity,BNS 310(2),PI Lakshmi Devi,Bidar District & Sessions Court,15,26,2025-07-21,Accepted
CS202500628,FIR202504507,P000525,Assault,"BNS 115(2), BNS 117(2)",SI Mahesh Bhat,Bengaluru Rural District & Sessions Court,5,12,2025-07-21,Accepted
CS202500709,FIR202503310,P008615,Fraud,BNS 318(4),PI Ramesh Gowda,Bengaluru Urban District & Sessions Court,8,11,2025-07-22,Accepted
CS202501079,FIR202503602,P007701,Fraud,BNS 318(4),PI Naveen Patil,Bengaluru Rural District & Sessions Court,5,18,2025-07-22,Returned for Correction
CS202500900,FIR202504951,P003378,Dacoity,BNS 310(2),SI Divya Hegde,Bidar District & Sessions Court,3,30,2025-07-22,Accepted
CS202500829,FIR202500099,P009734,POCSO,"POCSO Act Sec 4, BNS 64",SI Prakash Sharma,Bengaluru Urban District & Sessions Court,8,18,2025-07-22,Pending Scrutiny
CS202500720,FIR202503207,P001676,Assault,"BNS 115(2), BNS 117(2)",PI Lakshmi Devi,Chamarajanagar District & Sessions Court,13,26,2025-07-22,Pending Scrutiny
CS202500596,FIR202504927,P000542,Fraud,BNS 318(4),PI Lakshmi Devi,Chamarajanagar District & Sessions Court,17,24,2025-07-22,Accepted
CS202500768,FIR202501726,P000875,Burglary,"BNS 331(3), BNS 331(4)",PI Harish Naik,Bengaluru Urban District & Sessions Court,2,4,2025-07-22,Filed
CS202500666,FIR202500395,P009015,POCSO,"POCSO Act Sec 4, BNS 64",SI Ravi Kumar,Bagalkote District & Sessions Court,17,16,2025-07-22,Returned for Correction
CS202501115,FIR202503861,P007083,Robbery,BNS 309(4),PI Lakshmi Devi,Bengaluru Urban District & Sessions Court,9,6,2025-07-23,Accepted
CS202500669,FIR202500233,P005545,Dacoity,BNS 310(2),SI Mahesh Bhat,Chamarajanagar District & Sessions Court,15,5,2025-07-23,Pending Scrutiny
CS202500810,FIR202501730,P007391,Assault,"BNS 115(2), BNS 117(2)",SI Prakash Sharma,Ballari District & Sessions Court,14,5,2025-07-23,Pending Scrutiny
CS202500629,FIR202503142,P009153,Murder,BNS 103(1),PI Harish Naik,Chamarajanagar District & Sessions Court,16,18,2025-07-23,Filed
CS202501063,FIR202503883,P000473,Assault,"BNS 115(2), BNS 117(2)",PI Harish Naik,Bengaluru Rural District & Sessions Court,18,20,2025-07-23,Pending Scrutiny
CS202500682,FIR202501298,P003221,Theft,BNS 303(2),SI Divya Hegde,Belagavi District & Sessions Court,4,5,2025-07-23,Accepted
CS202500627,FIR202503908,P007456,POCSO,"POCSO Act Sec 4, BNS 64",PI Suresh Kulkarni,Bidar District & Sessions Court,16,7,2025-07-23,Filed
CS202500950,FIR202503169,P002531,Robbery,BNS 309(4),SI Ravi Kumar,Bidar District & Sessions Court,16,5,2025-07-23,Accepted
CS202500700,FIR202500517,P004081,Burglary,"BNS 331(3), BNS 331(4)",SI Prakash Sharma,Chamarajanagar District & Sessions Court,16,8,2025-07-23,Returned for Correction
CS202501031,FIR202501892,P007903,Vehicle Theft,BNS 303(2),PI Chetan Kumar,Bidar District & Sessions Court,11,28,2025-07-24,Pending Scrutiny
CS202500874,FIR202504889,P006600,Robbery,BNS 309(4),PI Harish Naik,Chamarajanagar District & Sessions Court,4,28,2025-07-24,Filed
CS202500866,FIR202501361,P002756,Assault,"BNS 115(2), BNS 117(2)",PI Harish Naik,Ballari District & Sessions Court,11,5,2025-07-24,Accepted
CS202500798,FIR202502860,P009121,Fraud,BNS 318(4),SI Ravi Kumar,Chamarajanagar District & Sessions Court,9,5,2025-07-24,Filed
CS202500912,FIR202504619,P009232,Dacoity,BNS 310(2),SI Ravi Kumar,Belagavi District & Sessions Court,11,28,2025-07-24,Filed
CS202500828,FIR202501957,P002110,Assault,"BNS 115(2), BNS 117(2)",PI Ramesh Gowda,Bidar District & Sessions Court,17,28,2025-07-24,Accepted
CS202500944,FIR202501339,P003639,Murder,BNS 103(1),SI Ravi Kumar,Bengaluru Urban District & Sessions Court,14,9,2025-07-25,Pending Scrutiny
CS202500618,FIR202500516,P003998,POCSO,"POCSO Act Sec 4, BNS 64",SI Ganesh Rao,Chamarajanagar District & Sessions Court,6,4,2025-07-25,Filed
CS202500734,FIR202500583,P008465,Dacoity,BNS 310(2),PI Harish Naik,Bidar District & Sessions Court,12,20,2025-07-25,Filed
CS202500598,FIR202500801,P008304,Theft,BNS 303(2),PI Suresh Kulkarni,Chamarajanagar District & Sessions Court,12,17,2025-07-26,Pending Scrutiny
CS202500826,FIR202503379,P004139,Murder,BNS 103(1),SI Ravi Kumar,Bengaluru Urban District & Sessions Court,4,30,2025-07-26,Pending Scrutiny
CS202501017,FIR202504437,P000131,Cyber Crime,"IT Act 66D, BNS 318(4)",SI Prakash Sharma,Bengaluru Urban District & Sessions Court,15,26,2025-07-26,Filed
CS202500852,FIR202503907,P006704,Cyber Crime,"IT Act 66D, BNS 318(4)",PI Chetan Kumar,Bagalkote District & Sessions Court,5,22,2025-07-26,Returned for Correction
CS202500984,FIR202504806,P001151,Burglary,"BNS 331(3), BNS 331(4)",SI Divya Hegde,Bengaluru Urban District & Sessions Court,2,29,2025-07-26,Filed
CS202500809,FIR202504852,P000724,Cyber Crime,"IT Act 66D, BNS 318(4)",PI Ramesh Gowda,Chikkaballapura District & Sessions Court,11,6,2025-07-26,Pending Scrutiny
CS202501093,FIR202501167,P006809,Dacoity,BNS 310(2),PI Ramesh Gowda,Belagavi District & Sessions Court,2,17,2025-07-26,Filed
CS202500934,FIR202500671,P005149,Robbery,BNS 309(4),PI Naveen Patil,Belagavi District & Sessions Court,8,4,2025-07-26,Returned for Correction
CS202500843,FIR202501107,P009570,NDPS,NDPS Act Sec 20(b),SI Prakash Sharma,Bengaluru Rural District & Sessions Court,7,11,2025-07-26,Accepted
CS202500797,FIR202504078,P007151,Burglary,"BNS 331(3), BNS 331(4)",SI Mahesh Bhat,Belagavi District & Sessions Court,6,30,2025-07-27,Pending Scrutiny
CS202500796,FIR202503771,P001934,Cyber Crime,"IT Act 66D, BNS 318(4)",PI Chetan Kumar,Bengaluru Urban District & Sessions Court,13,25,2025-07-27,Returned for Correction
CS202500882,FIR202504710,P008586,Dacoity,BNS 310(2),SI Prakash Sharma,Ballari District & Sessions Court,8,20,2025-07-27,Accepted
CS202500601,FIR202504857,P004604,POCSO,"POCSO Act Sec 4, BNS 64",SI Divya Hegde,Bagalkote District & Sessions Court,16,12,2025-07-27,Accepted
CS202500819,FIR202501444,P003649,Assault,"BNS 115(2), BNS 117(2)",PI Chetan Kumar,Ballari District & Sessions Court,16,27,2025-07-27,Pending Scrutiny
CS202500755,FIR202504970,P009079,Fraud,BNS 318(4),SI Mahesh Bhat,Bagalkote District & Sessions Court,16,25,2025-07-27,Pending Scrutiny
CS202501096,FIR202501403,P000886,Vehicle Theft,BNS 303(2),PI Lakshmi Devi,Chamarajanagar District & Sessions Court,6,9,2025-07-27,Pending Scrutiny
CS202500993,FIR202504475,P009498,NDPS,NDPS Act Sec 20(b),PI Suresh Kulkarni,Bagalkote District & Sessions Court,8,26,2025-07-28,Filed
CS202500721,FIR202500490,P000485,Theft,BNS 303(2),SI Prakash Sharma,Bidar District & Sessions Court,2,16,2025-07-28,Returned for Correction
CS202500925,FIR202503278,P002202,Assault,"BNS 115(2), BNS 117(2)",PI Lakshmi Devi,Bidar District & Sessions Court,18,14,2025-07-28,Filed
CS202500879,FIR202503145,P002999,Vehicle Theft,BNS 303(2),SI Prakash Sharma,Ballari District & Sessions Court,11,19,2025-07-28,Filed
CS202500523,FIR202502081,P000449,Robbery,BNS 309(4),PI Suresh Kulkarni,Ballari District & Sessions Court,15,30,2025-07-28,Filed
CS202500694,FIR202503978,P003322,Fraud,BNS 318(4),PI Ramesh Gowda,Bengaluru Rural District & Sessions Court,2,8,2025-07-28,Filed
CS202500794,FIR202504621,P000834,Assault,"BNS 115(2), BNS 117(2)",PI Harish Naik,Ballari District & Sessions Court,9,18,2025-07-28,Returned for Correction
CS202500676,FIR202501665,P009956,Cyber Crime,"IT Act 66D, BNS 318(4)",SI Ganesh Rao,Bengaluru Urban District & Sessions Court,15,30,2025-07-28,Accepted
CS202500834,FIR202500057,P005797,POCSO,"POCSO Act Sec 4, BNS 64",SI Ravi Kumar,Chamarajanagar District & Sessions Court,16,5,2025-07-28,Returned for Correction
CS202500964,FIR202500001,P008286,Murder,BNS 103(1),PI Suresh Kulkarni,Ballari District & Sessions Court,16,13,2025-07-28,Returned for Correction
CS202500877,FIR202500469,P000175,Cyber Crime,"IT Act 66D, BNS 318(4)",SI Ravi Kumar,Bengaluru Urban District & Sessions Court,9,9,2025-07-29,Pending Scrutiny
CS202500643,FIR202503555,P008134,Cyber Crime,"IT Act 66D, BNS 318(4)",SI Ganesh Rao,Bengaluru Urban District & Sessions Court,8,21,2025-07-29,Returned for Correction
CS202500476,FIR202501796,P003137,Burglary,"BNS 331(3), BNS 331(4)",SI Ravi Kumar,Chikkaballapura District & Sessions Court,7,27,2025-07-29,Pending Scrutiny
CS202500561,FIR202503337,P004213,Vehicle Theft,BNS 303(2),PI Ramesh Gowda,Bengaluru Rural District & Sessions Court,4,29,2025-07-29,Filed
CS202501020,FIR202503657,P002955,Fraud,BNS 318(4),PI Chetan Kumar,Bengaluru Urban District & Sessions Court,5,17,2025-07-29,Filed
CS202500846,FIR202502719,P008195,Murder,BNS 103(1),PI Suresh Kulkarni,Bengaluru Urban District & Sessions Court,8,30,2025-07-29,Accepted
CS202500858,FIR202500356,P001144,Theft,BNS 303(2),PI Chetan Kumar,Chamarajanagar District & Sessions Court,13,6,2025-07-30,Pending Scrutiny
CS202501087,FIR202503250,P003048,POCSO,"POCSO Act Sec 4, BNS 64",PI Suresh Kulkarni,Bidar District & Sessions Court,2,18,2025-07-30,Pending Scrutiny
CS202500821,FIR202502876,P003162,Burglary,"BNS 331(3), BNS 331(4)",PI Suresh Kulkarni,Ballari District & Sessions Court,14,18,2025-07-30,Returned for Correction
CS202500638,FIR202503297,P001576,Murder,BNS 103(1),PI Suresh Kulkarni,Chikkaballapura District & Sessions Court,10,28,2025-07-30,Filed
CS202500822,FIR202501644,P002503,Dacoity,BNS 310(2),SI Mahesh Bhat,Bidar District & Sessions Court,12,28,2025-07-31,Pending Scrutiny
CS202501025,FIR202500253,P008917,Cyber Crime,"IT Act 66D, BNS 318(4)",PI Lakshmi Devi,Bengaluru Urban District & Sessions Court,8,29,2025-07-31,Accepted
CS202500593,FIR202503280,P007125,Fraud,BNS 318(4),PI Ramesh Gowda,Bengaluru Urban District & Sessions Court,16,15,2025-07-31,Accepted
CS202501050,FIR202504169,P002144,Dacoity,BNS 310(2),PI Naveen Patil,Bidar District & Sessions Court,18,18,2025-07-31,Pending Scrutiny
CS202500989,FIR202504350,P006955,Burglary,"BNS 331(3), BNS 331(4)",PI Suresh Kulkarni,Bidar District & Sessions Court,17,22,2025-07-31,Accepted
CS202501182,FIR202500653,P006538,Assault,"BNS 115(2), BNS 117(2)",SI Divya Hegde,Chamarajanagar District & Sessions Court,6,27,2025-07-31,Filed
CS202500716,FIR202500363,P005516,Theft,BNS 303(2),PI Naveen Patil,Belagavi District & Sessions Court,14,30,2025-07-31,Filed
CS202501041,FIR202503249,P007802,Robbery,BNS 309(4),SI Prakash Sharma,Chamarajanagar District & Sessions Court,17,24,2025-07-31,Filed
CS202500751,FIR202503223,P000930,Murder,BNS 103(1),SI Ravi Kumar,Bidar District & Sessions Court,17,22,2025-07-31,Filed
CS202500811,FIR202503483,P001466,Theft,BNS 303(2),PI Lakshmi Devi,Belagavi District & Sessions Court,10,13,2025-07-31,Accepted
CS202500753,FIR202500853,P008860,Theft,BNS 303(2),PI Ramesh Gowda,Bengaluru Urban District & Sessions Court,2,18,2025-08-01,Filed
CS202500983,FIR202502945,P000542,POCSO,"POCSO Act Sec 4, BNS 64",SI Divya Hegde,Bengaluru Urban District & Sessions Court,6,25,2025-08-01,Returned for Correction
CS202501147,FIR202503327,P006695,POCSO,"POCSO Act Sec 4, BNS 64",PI Naveen Patil,Bengaluru Rural District & Sessions Court,18,29,2025-08-01,Accepted
CS202500870,FIR202500949,P006379,POCSO,"POCSO Act Sec 4, BNS 64",SI Ganesh Rao,Bagalkote District & Sessions Court,12,5,2025-08-01,Filed
CS202500996,FIR202503633,P002191,Burglary,"BNS 331(3), BNS 331(4)",PI Naveen Patil,Belagavi District & Sessions Court,15,17,2025-08-01,Pending Scrutiny
CS202500957,FIR202503055,P009143,Fraud,BNS 318(4),SI Divya Hegde,Bengaluru Rural District & Sessions Court,7,8,2025-08-01,Filed
CS202501051,FIR202503728,P006065,Robbery,BNS 309(4),PI Suresh Kulkarni,Chikkaballapura District & Sessions Court,15,4,2025-08-01,Pending Scrutiny
CS202501069,FIR202503015,P008948,Vehicle Theft,BNS 303(2),SI Ravi Kumar,Chikkaballapura District & Sessions Court,13,13,2025-08-01,Accepted
CS202500908,FIR202504007,P005794,Fraud,BNS 318(4),PI Chetan Kumar,Chikkaballapura District & Sessions Court,12,7,2025-08-01,Returned for Correction
CS202500969,FIR202502176,P009796,Fraud,BNS 318(4),SI Ravi Kumar,Bengaluru Urban District & Sessions Court,10,3,2025-08-01,Pending Scrutiny
CS202500760,FIR202504381,P004654,Theft,BNS 303(2),PI Chetan Kumar,Bidar District & Sessions Court,16,9,2025-08-02,Filed
CS202500952,FIR202500515,P004919,Assault,"BNS 115(2), BNS 117(2)",PI Naveen Patil,Bidar District & Sessions Court,2,19,2025-08-02,Returned for Correction
CS202500855,FIR202501598,P008496,POCSO,"POCSO Act Sec 4, BNS 64",SI Mahesh Bhat,Bagalkote District & Sessions Court,10,27,2025-08-02,Returned for Correction
CS202500807,FIR202503461,P006666,NDPS,NDPS Act Sec 20(b),SI Prakash Sharma,Bengaluru Rural District & Sessions Court,4,8,2025-08-02,Filed
CS202500786,FIR202502798,P005357,Theft,BNS 303(2),PI Suresh Kulkarni,Bengaluru Rural District & Sessions Court,16,14,2025-08-02,Pending Scrutiny
CS202500974,FIR202501846,P003658,Dacoity,BNS 310(2),PI Harish Naik,Bidar District & Sessions Court,11,24,2025-08-02,Returned for Correction
CS202500850,FIR202501674,P008212,Vehicle Theft,BNS 303(2),SI Divya Hegde,Bengaluru Rural District & Sessions Court,16,23,2025-08-02,Filed
CS202500714,FIR202500213,P008560,NDPS,NDPS Act Sec 20(b),PI Suresh Kulkarni,Chamarajanagar District & Sessions Court,15,15,2025-08-02,Pending Scrutiny
CS202501173,FIR202503352,P000859,Murder,BNS 103(1),SI Prakash Sharma,Bidar District & Sessions Court,17,18,2025-08-03,Filed
CS202500913,FIR202502571,P004604,Assault,"BNS 115(2), BNS 117(2)",PI Ramesh Gowda,Ballari District & Sessions Court,10,8,2025-08-03,Accepted
CS202500954,FIR202500870,P007612,Fraud,BNS 318(4),PI Harish Naik,Bengaluru Urban District & Sessions Court,10,27,2025-08-03,Pending Scrutiny
CS202500735,FIR202503072,P000547,Assault,"BNS 115(2), BNS 117(2)",PI Ramesh Gowda,Chamarajanagar District & Sessions Court,10,25,2025-08-03,Filed
CS202501027,FIR202500291,P006175,Dacoity,BNS 310(2),PI Harish Naik,Chamarajanagar District & Sessions Court,18,20,2025-08-03,Accepted
CS202500895,FIR202503089,P001156,Murder,BNS 103(1),PI Lakshmi Devi,Bidar District & Sessions Court,8,10,2025-08-03,Filed
CS202501163,FIR202500344,P001425,Cyber Crime,"IT Act 66D, BNS 318(4)",SI Prakash Sharma,Bengaluru Urban District & Sessions Court,7,12,2025-08-03,Pending Scrutiny
CS202500767,FIR202503087,P006393,Fraud,BNS 318(4),SI Ravi Kumar,Chamarajanagar District & Sessions Court,4,19,2025-08-04,Filed
CS202501124,FIR202504513,P006379,Robbery,BNS 309(4),SI Mahesh Bhat,Bidar District & Sessions Court,9,12,2025-08-04,Returned for Correction
CS202501193,FIR202502307,P007522,Vehicle Theft,BNS 303(2),SI Prakash Sharma,Bengaluru Urban District & Sessions Court,6,20,2025-08-04,Pending Scrutiny
CS202500740,FIR202504620,P005196,Murder,BNS 103(1),SI Ravi Kumar,Bidar District & Sessions Court,7,27,2025-08-04,Filed
CS202500749,FIR202504877,P000286,Dacoity,BNS 310(2),SI Ganesh Rao,Chamarajanagar District & Sessions Court,13,8,2025-08-04,Returned for Correction
CS202500901,FIR202501335,P008854,POCSO,"POCSO Act Sec 4, BNS 64",SI Mahesh Bhat,Bidar District & Sessions Court,7,11,2025-08-04,Pending Scrutiny
CS202501183,FIR202504669,P003091,Burglary,"BNS 331(3), BNS 331(4)",PI Naveen Patil,Bidar District & Sessions Court,13,16,2025-08-05,Pending Scrutiny
CS202500594,FIR202504932,P005645,Burglary,"BNS 331(3), BNS 331(4)",PI Naveen Patil,Belagavi District & Sessions Court,4,30,2025-08-05,Accepted
CS202500873,FIR202500615,P007560,POCSO,"POCSO Act Sec 4, BNS 64",PI Lakshmi Devi,Chikkaballapura District & Sessions Court,12,14,2025-08-06,Filed
CS202500967,FIR202504309,P007363,Dacoity,BNS 310(2),SI Prakash Sharma,Belagavi District & Sessions Court,10,29,2025-08-06,Returned for Correction
CS202501190,FIR202501465,P009911,Dacoity,BNS 310(2),PI Chetan Kumar,Belagavi District & Sessions Court,4,24,2025-08-06,Accepted
CS202500781,FIR202502363,P000846,NDPS,NDPS Act Sec 20(b),SI Ravi Kumar,Bengaluru Rural District & Sessions Court,8,11,2025-08-06,Returned for Correction
CS202500990,FIR202502247,P002406,Theft,BNS 303(2),SI Ganesh Rao,Bidar District & Sessions Court,9,19,2025-08-07,Returned for Correction
CS202500667,FIR202503245,P004515,Fraud,BNS 318(4),SI Prakash Sharma,Chamarajanagar District & Sessions Court,8,25,2025-08-07,Accepted
CS202500971,FIR202500509,P001507,Vehicle Theft,BNS 303(2),PI Naveen Patil,Bengaluru Rural District & Sessions Court,15,8,2025-08-07,Returned for Correction
CS202500987,FIR202503090,P009719,Fraud,BNS 318(4),SI Divya Hegde,Bidar District & Sessions Court,12,11,2025-08-07,Returned for Correction
CS202500930,FIR202504753,P005743,Assault,"BNS 115(2), BNS 117(2)",SI Ganesh Rao,Ballari District & Sessions Court,14,18,2025-08-07,Filed
CS202501111,FIR202501882,P002418,Cyber Crime,"IT Act 66D, BNS 318(4)",SI Ravi Kumar,Belagavi District & Sessions Court,9,21,2025-08-07,Returned for Correction
CS202501088,FIR202503368,P005530,Cyber Crime,"IT Act 66D, BNS 318(4)",SI Mahesh Bhat,Bengaluru Urban District & Sessions Court,17,9,2025-08-07,Pending Scrutiny
CS202501006,FIR202500036,P002926,Murder,BNS 103(1),PI Naveen Patil,Bengaluru Urban District & Sessions Court,5,17,2025-08-07,Accepted
CS202500878,FIR202502257,P006328,Assault,"BNS 115(2), BNS 117(2)",PI Ramesh Gowda,Bengaluru Urban District & Sessions Court,11,18,2025-08-07,Returned for Correction
CS202500857,FIR202501757,P009185,Burglary,"BNS 331(3), BNS 331(4)",SI Mahesh Bhat,Bagalkote District & Sessions Court,15,14,2025-08-07,Filed
CS202500766,FIR202500055,P004768,Cyber Crime,"IT Act 66D, BNS 318(4)",SI Divya Hegde,Bidar District & Sessions Court,10,8,2025-08-07,Filed
CS202501199,FIR202500210,P007723,Fraud,BNS 318(4),SI Mahesh Bhat,Bengaluru Rural District & Sessions Court,7,27,2025-08-07,Filed
CS202500872,FIR202500712,P000901,NDPS,NDPS Act Sec 20(b),PI Chetan Kumar,Bengaluru Rural District & Sessions Court,4,17,2025-08-07,Accepted
CS202500586,FIR202504466,P000692,Burglary,"BNS 331(3), BNS 331(4)",PI Naveen Patil,Bidar District & Sessions Court,11,21,2025-08-08,Filed
CS202501062,FIR202500436,P007816,POCSO,"POCSO Act Sec 4, BNS 64",PI Harish Naik,Bengaluru Rural District & Sessions Court,2,7,2025-08-08,Returned for Correction
CS202500620,FIR202503554,P000026,Murder,BNS 103(1),PI Chetan Kumar,Bengaluru Urban District & Sessions Court,5,30,2025-08-08,Returned for Correction
CS202500916,FIR202503700,P008614,Murder,BNS 103(1),PI Lakshmi Devi,Bidar District & Sessions Court,11,12,2025-08-08,Filed
CS202500862,FIR202500573,P008443,Burglary,"BNS 331(3), BNS 331(4)",PI Naveen Patil,Ballari District & Sessions Court,15,27,2025-08-09,Returned for Correction
CS202500836,FIR202501406,P005776,Fraud,BNS 318(4),PI Harish Naik,Belagavi District & Sessions Court,16,30,2025-08-09,Accepted
CS202500871,FIR202503536,P001403,POCSO,"POCSO Act Sec 4, BNS 64",SI Divya Hegde,Bidar District & Sessions Court,6,4,2025-08-09,Returned for Correction
CS202500999,FIR202502778,P006713,Theft,BNS 303(2),SI Prakash Sharma,Belagavi District & Sessions Court,11,9,2025-08-09,Pending Scrutiny
CS202500986,FIR202501064,P008603,Cyber Crime,"IT Act 66D, BNS 318(4)",SI Prakash Sharma,Bengaluru Urban District & Sessions Court,2,12,2025-08-09,Filed
CS202501174,FIR202503947,P001546,NDPS,NDPS Act Sec 20(b),PI Chetan Kumar,Bengaluru Rural District & Sessions Court,3,13,2025-08-09,Filed
CS202500958,FIR202504638,P007008,Vehicle Theft,BNS 303(2),SI Mahesh Bhat,Bengaluru Urban District & Sessions Court,8,20,2025-08-09,Returned for Correction
CS202500647,FIR202504471,P008076,Vehicle Theft,BNS 303(2),PI Suresh Kulkarni,Bengaluru Urban District & Sessions Court,7,5,2025-08-09,Returned for Correction
CS202500876,FIR202503916,P008536,Vehicle Theft,BNS 303(2),PI Lakshmi Devi,Chamarajanagar District & Sessions Court,5,5,2025-08-09,Pending Scrutiny
CS202500963,FIR202504183,P006144,Robbery,BNS 309(4),PI Ramesh Gowda,Chamarajanagar District & Sessions Court,11,3,2025-08-10,Pending Scrutiny
CS202501048,FIR202502474,P002219,Assault,"BNS 115(2), BNS 117(2)",SI Prakash Sharma,Bidar District & Sessions Court,16,7,2025-08-10,Returned for Correction
CS202500926,FIR202502435,P004544,Assault,"BNS 115(2), BNS 117(2)",PI Naveen Patil,Bidar District & Sessions Court,17,3,2025-08-10,Pending Scrutiny
CS202500742,FIR202500565,P008007,Robbery,BNS 309(4),PI Lakshmi Devi,Chamarajanagar District & Sessions Court,10,22,2025-08-10,Pending Scrutiny
CS202500825,FIR202502959,P000526,NDPS,NDPS Act Sec 20(b),PI Ramesh Gowda,Bidar District & Sessions Court,17,10,2025-08-10,Pending Scrutiny
CS202500820,FIR202504933,P008399,Theft,BNS 303(2),SI Mahesh Bhat,Bagalkote District & Sessions Court,9,21,2025-08-10,Returned for Correction
CS202501153,FIR202504847,P007809,Assault,"BNS 115(2), BNS 117(2)",PI Ramesh Gowda,Chamarajanagar District & Sessions Court,6,11,2025-08-10,Accepted
CS202501166,FIR202500033,P009335,Assault,"BNS 115(2), BNS 117(2)",PI Ramesh Gowda,Bidar District & Sessions Court,14,9,2025-08-10,Accepted
CS202500833,FIR202500259,P006812,Assault,"BNS 115(2), BNS 117(2)",PI Ramesh Gowda,Bidar District & Sessions Court,9,17,2025-08-10,Pending Scrutiny
CS202500970,FIR202501188,P007996,Robbery,BNS 309(4),PI Suresh Kulkarni,Bidar District & Sessions Court,7,9,2025-08-11,Returned for Correction
CS202501126,FIR202504865,P002614,Assault,"BNS 115(2), BNS 117(2)",SI Prakash Sharma,Chamarajanagar District & Sessions Court,2,4,2025-08-11,Pending Scrutiny
CS202500827,FIR202504495,P009458,Murder,BNS 103(1),PI Harish Naik,Belagavi District & Sessions Court,7,10,2025-08-11,Accepted
CS202501067,FIR202501422,P002747,Assault,"BNS 115(2), BNS 117(2)",PI Suresh Kulkarni,Bidar District & Sessions Court,16,17,2025-08-11,Filed
CS202500979,FIR202504720,P000960,Dacoity,BNS 310(2),SI Divya Hegde,Bidar District & Sessions Court,18,21,2025-08-11,Returned for Correction
CS202500982,FIR202504617,P001441,Vehicle Theft,BNS 303(2),SI Mahesh Bhat,Bengaluru Urban District & Sessions Court,16,29,2025-08-11,Pending Scrutiny
CS202500802,FIR202503727,P001618,Murder,BNS 103(1),PI Lakshmi Devi,Belagavi District & Sessions Court,13,4,2025-08-12,Pending Scrutiny
CS202500921,FIR202500332,P009725,Fraud,BNS 318(4),PI Suresh Kulkarni,Chikkaballapura District & Sessions Court,11,19,2025-08-12,Returned for Correction
CS202500835,FIR202500041,P004362,Fraud,BNS 318(4),PI Naveen Patil,Chikkaballapura District & Sessions Court,16,11,2025-08-12,Returned for Correction
CS202500803,FIR202502732,P005550,Cyber Crime,"IT Act 66D, BNS 318(4)",SI Divya Hegde,Bengaluru Urban District & Sessions Court,15,7,2025-08-12,Returned for Correction
CS202500853,FIR202501067,P003704,Vehicle Theft,BNS 303(2),SI Ravi Kumar,Bengaluru Urban District & Sessions Court,10,10,2025-08-13,Pending Scrutiny
CS202500968,FIR202501014,P007341,Murder,BNS 103(1),SI Mahesh Bhat,Chamarajanagar District & Sessions Court,6,20,2025-08-13,Accepted
CS202501030,FIR202501456,P007982,Cyber Crime,"IT Act 66D, BNS 318(4)",PI Ramesh Gowda,Bengaluru Urban District & Sessions Court,9,13,2025-08-13,Pending Scrutiny
CS202501208,FIR202501671,P009864,Vehicle Theft,BNS 303(2),SI Prakash Sharma,Bidar District & Sessions Court,10,16,2025-08-13,Accepted
CS202501037,FIR202500494,P003204,NDPS,NDPS Act Sec 20(b),SI Prakash Sharma,Chamarajanagar District & Sessions Court,10,22,2025-08-13,Accepted
CS202501240,FIR202502738,P004990,Vehicle Theft,BNS 303(2),SI Divya Hegde,Bidar District & Sessions Court,10,30,2025-08-13,Returned for Correction
CS202500824,FIR202501015,P001454,Robbery,BNS 309(4),SI Ganesh Rao,Chikkaballapura District & Sessions Court,8,4,2025-08-13,Accepted
CS202501176,FIR202501973,P006579,Theft,BNS 303(2),SI Ganesh Rao,Bengaluru Rural District & Sessions Court,18,28,2025-08-13,Returned for Correction
CS202500896,FIR202501550,P004618,Theft,BNS 303(2),SI Prakash Sharma,Bengaluru Rural District & Sessions Court,3,19,2025-08-13,Pending Scrutiny
CS202501145,FIR202501325,P006049,Vehicle Theft,BNS 303(2),PI Lakshmi Devi,Bengaluru Urban District & Sessions Court,11,17,2025-08-13,Pending Scrutiny
CS202501070,FIR202501177,P006260,Vehicle Theft,BNS 303(2),SI Divya Hegde,Chamarajanagar District & Sessions Court,12,18,2025-08-13,Pending Scrutiny
CS202500875,FIR202501871,P005238,Vehicle Theft,BNS 303(2),SI Mahesh Bhat,Bengaluru Urban District & Sessions Court,4,12,2025-08-14,Returned for Correction
CS202500880,FIR202500658,P007887,Assault,"BNS 115(2), BNS 117(2)",SI Ganesh Rao,Ballari District & Sessions Court,15,8,2025-08-14,Accepted
CS202501090,FIR202502078,P000702,Murder,BNS 103(1),SI Prakash Sharma,Bidar District & Sessions Court,3,14,2025-08-14,Accepted
CS202500759,FIR202504436,P007400,Assault,"BNS 115(2), BNS 117(2)",PI Lakshmi Devi,Bidar District & Sessions Court,7,8,2025-08-14,Filed
CS202500906,FIR202503937,P009018,Cyber Crime,"IT Act 66D, BNS 318(4)",SI Ganesh Rao,Chamarajanagar District & Sessions Court,11,10,2025-08-14,Returned for Correction
CS202500865,FIR202501956,P004927,Burglary,"BNS 331(3), BNS 331(4)",PI Chetan Kumar,Chamarajanagar District & Sessions Court,4,28,2025-08-14,Accepted
CS202501004,FIR202500668,P003522,Fraud,BNS 318(4),PI Harish Naik,Bengaluru Urban District & Sessions Court,13,7,2025-08-15,Accepted
CS202500973,FIR202502650,P006293,Dacoity,BNS 310(2),PI Harish Naik,Bengaluru Rural District & Sessions Court,8,20,2025-08-15,Returned for Correction
CS202500861,FIR202504413,P007832,Assault,"BNS 115(2), BNS 117(2)",PI Suresh Kulkarni,Bidar District & Sessions Court,12,6,2025-08-15,Returned for Correction
CS202500997,FIR202501696,P006628,Dacoity,BNS 310(2),PI Harish Naik,Chamarajanagar District & Sessions Court,3,19,2025-08-15,Filed
CS202500899,FIR202504841,P005363,NDPS,NDPS Act Sec 20(b),PI Chetan Kumar,Chamarajanagar District & Sessions Court,15,15,2025-08-15,Accepted
CS202501103,FIR202502187,P001699,Robbery,BNS 309(4),PI Naveen Patil,Chamarajanagar District & Sessions Court,18,24,2025-08-15,Pending Scrutiny
CS202501200,FIR202504410,P007611,Fraud,BNS 318(4),SI Mahesh Bhat,Chamarajanagar District & Sessions Court,3,28,2025-08-15,Accepted
CS202500975,FIR202503547,P009545,POCSO,"POCSO Act Sec 4, BNS 64",PI Naveen Patil,Chamarajanagar District & Sessions Court,14,10,2025-08-16,Returned for Correction
CS202500860,FIR202504168,P001748,Fraud,BNS 318(4),PI Suresh Kulkarni,Bengaluru Urban District & Sessions Court,2,23,2025-08-16,Accepted
CS202501039,FIR202500319,P008390,Murder,BNS 103(1),SI Ravi Kumar,Bengaluru Urban District & Sessions Court,12,14,2025-08-16,Accepted
CS202501075,FIR202504556,P006020,NDPS,NDPS Act Sec 20(b),SI Ganesh Rao,Chikkaballapura District & Sessions Court,2,17,2025-08-16,Returned for Correction
CS202501080,FIR202504723,P001668,Assault,"BNS 115(2), BNS 117(2)",SI Mahesh Bhat,Bagalkote District & Sessions Court,9,7,2025-08-16,Pending Scrutiny
CS202500838,FIR202500050,P009587,Vehicle Theft,BNS 303(2),PI Suresh Kulkarni,Chamarajanagar District & Sessions Court,15,30,2025-08-16,Returned for Correction
CS202500881,FIR202504264,P007383,Cyber Crime,"IT Act 66D, BNS 318(4)",SI Prakash Sharma,Bengaluru Urban District & Sessions Court,12,19,2025-08-16,Accepted
CS202500730,FIR202501962,P009282,Dacoity,BNS 310(2),PI Lakshmi Devi,Ballari District & Sessions Court,5,14,2025-08-16,Returned for Correction
CS202501012,FIR202503417,P009143,Assault,"BNS 115(2), BNS 117(2)",SI Divya Hegde,Bidar District & Sessions Court,11,7,2025-08-16,Filed
CS202500640,FIR202503469,P005148,Murder,BNS 103(1),PI Lakshmi Devi,Bidar District & Sessions Court,6,14,2025-08-16,Accepted
CS202501125,FIR202500352,P005799,Murder,BNS 103(1),PI Harish Naik,Ballari District & Sessions Court,12,21,2025-08-17,Filed
CS202501082,FIR202502337,P008203,NDPS,NDPS Act Sec 20(b),PI Lakshmi Devi,Bengaluru Urban District & Sessions Court,13,17,2025-08-17,Filed
CS202501098,FIR202501003,P000542,Dacoity,BNS 310(2),SI Ravi Kumar,Bengaluru Urban District & Sessions Court,7,9,2025-08-17,Accepted
CS202500771,FIR202502454,P009588,Dacoity,BNS 310(2),PI Chetan Kumar,Ballari District & Sessions Court,6,24,2025-08-17,Pending Scrutiny
CS202501212,FIR202501056,P005563,Cyber Crime,"IT Act 66D, BNS 318(4)",SI Ganesh Rao,Chamarajanagar District & Sessions Court,11,14,2025-08-17,Pending Scrutiny
CS202500961,FIR202502883,P008938,Burglary,"BNS 331(3), BNS 331(4)",PI Naveen Patil,Bengaluru Rural District & Sessions Court,10,24,2025-08-18,Pending Scrutiny
CS202500677,FIR202504665,P000826,Fraud,BNS 318(4),SI Ravi Kumar,Bidar District & Sessions Court,14,25,2025-08-18,Returned for Correction
CS202500945,FIR202504590,P009520,Murder,BNS 103(1),SI Ganesh Rao,Belagavi District & Sessions Court,12,18,2025-08-18,Pending Scrutiny
CS202500909,FIR202503479,P008649,Assault,"BNS 115(2), BNS 117(2)",SI Prakash Sharma,Bengaluru Rural District & Sessions Court,11,19,2025-08-18,Accepted
CS202500891,FIR202501938,P004747,Murder,BNS 103(1),PI Naveen Patil,Belagavi District & Sessions Court,10,12,2025-08-18,Returned for Correction
CS202501249,FIR202502902,P006033,NDPS,NDPS Act Sec 20(b),SI Prakash Sharma,Belagavi District & Sessions Court,14,13,2025-08-18,Filed
CS202501044,FIR202504123,P007861,Murder,BNS 103(1),SI Ganesh Rao,Ballari District & Sessions Court,11,30,2025-08-18,Returned for Correction
CS202501116,FIR202504772,P002507,Fraud,BNS 318(4),SI Divya Hegde,Chamarajanagar District & Sessions Court,7,13,2025-08-18,Accepted
CS202500830,FIR202501042,P009143,Murder,BNS 103(1),PI Harish Naik,Bengaluru Rural District & Sessions Court,4,16,2025-08-19,Filed
CS202501089,FIR202500373,P001691,Assault,"BNS 115(2), BNS 117(2)",PI Harish Naik,Bidar District & Sessions Court,7,3,2025-08-19,Pending Scrutiny
CS202501120,FIR202500474,P006767,Dacoity,BNS 310(2),SI Divya Hegde,Bengaluru Rural District & Sessions Court,13,15,2025-08-19,Accepted
CS202500745,FIR202502563,P008630,Dacoity,BNS 310(2),PI Chetan Kumar,Belagavi District & Sessions Court,6,20,2025-08-19,Returned for Correction
CS202501028,FIR202502244,P000026,NDPS,NDPS Act Sec 20(b),SI Divya Hegde,Bidar District & Sessions Court,18,25,2025-08-19,Filed
CS202501014,FIR202502693,P008914,Cyber Crime,"IT Act 66D, BNS 318(4)",SI Mahesh Bhat,Chamarajanagar District & Sessions Court,12,26,2025-08-19,Returned for Correction
CS202501058,FIR202503324,P008529,Robbery,BNS 309(4),SI Ganesh Rao,Bengaluru Rural District & Sessions Court,13,29,2025-08-20,Pending Scrutiny
CS202501134,FIR202501208,P001941,Dacoity,BNS 310(2),PI Harish Naik,Bidar District & Sessions Court,15,18,2025-08-20,Pending Scrutiny
CS202501148,FIR202503854,P001564,Cyber Crime,"IT Act 66D, BNS 318(4)",PI Lakshmi Devi,Bengaluru Urban District & Sessions Court,6,25,2025-08-20,Pending Scrutiny
CS202501236,FIR202504291,P007992,Theft,BNS 303(2),SI Ravi Kumar,Chamarajanagar District & Sessions Court,10,5,2025-08-20,Pending Scrutiny
CS202500917,FIR202503527,P009009,Assault,"BNS 115(2), BNS 117(2)",SI Ravi Kumar,Bengaluru Rural District & Sessions Court,10,3,2025-08-20,Pending Scrutiny
CS202500774,FIR202501980,P009816,Vehicle Theft,BNS 303(2),PI Chetan Kumar,Bidar District & Sessions Court,18,21,2025-08-20,Pending Scrutiny
CS202500928,FIR202501750,P001483,NDPS,NDPS Act Sec 20(b),PI Harish Naik,Ballari District & Sessions Court,3,10,2025-08-20,Accepted
CS202500929,FIR202502342,P009457,Assault,"BNS 115(2), BNS 117(2)",PI Ramesh Gowda,Bidar District & Sessions Court,12,22,2025-08-20,Returned for Correction
CS202500719,FIR202500175,P002663,Theft,BNS 303(2),PI Naveen Patil,Ballari District & Sessions Court,2,8,2025-08-20,Accepted
CS202500980,FIR202500343,P002474,Fraud,BNS 318(4),SI Divya Hegde,Bengaluru Urban District & Sessions Court,18,9,2025-08-20,Filed
CS202501251,FIR202504348,P009010,Dacoity,BNS 310(2),SI Ravi Kumar,Bidar District & Sessions Court,16,29,2025-08-21,Accepted
CS202501275,FIR202500505,P006226,Cyber Crime,"IT Act 66D, BNS 318(4)",PI Lakshmi Devi,Chamarajanagar District & Sessions Court,6,13,2025-08-21,Pending Scrutiny
CS202501181,FIR202501201,P009563,Murder,BNS 103(1),PI Suresh Kulkarni,Bengaluru Rural District & Sessions Court,17,6,2025-08-21,Accepted
CS202501283,FIR202504941,P004431,Robbery,BNS 309(4),PI Ramesh Gowda,Ballari District & Sessions Court,6,28,2025-08-21,Pending Scrutiny
CS202500887,FIR202502130,P002835,Cyber Crime,"IT Act 66D, BNS 318(4)",SI Prakash Sharma,Bengaluru Urban District & Sessions Court,17,13,2025-08-21,Filed
CS202500919,FIR202501494,P005482,Theft,BNS 303(2),SI Divya Hegde,Belagavi District & Sessions Court,10,10,2025-08-21,Returned for Correction
CS202501084,FIR202502196,P009544,Dacoity,BNS 310(2),SI Prakash Sharma,Chamarajanagar District & Sessions Court,16,6,2025-08-21,Accepted
CS202500959,FIR202500032,P000790,Theft,BNS 303(2),PI Naveen Patil,Bengaluru Rural District & Sessions Court,2,20,2025-08-21,Returned for Correction
CS202501040,FIR202501412,P009340,Vehicle Theft,BNS 303(2),PI Naveen Patil,Bengaluru Rural District & Sessions Court,17,9,2025-08-21,Pending Scrutiny
CS202501036,FIR202504347,P009082,Assault,"BNS 115(2), BNS 117(2)",SI Ravi Kumar,Chamarajanagar District & Sessions Court,12,21,2025-08-21,Filed
CS202501016,FIR202500829,P004734,Cyber Crime,"IT Act 66D, BNS 318(4)",PI Lakshmi Devi,Bengaluru Rural District & Sessions Court,8,22,2025-08-21,Accepted
CS202500940,FIR202503959,P008788,Robbery,BNS 309(4),PI Naveen Patil,Chamarajanagar District & Sessions Court,9,9,2025-08-22,Accepted
CS202501139,FIR202503393,P009190,Cyber Crime,"IT Act 66D, BNS 318(4)",PI Harish Naik,Ballari District & Sessions Court,10,20,2025-08-22,Returned for Correction
CS202501038,FIR202502490,P006176,Burglary,"BNS 331(3), BNS 331(4)",PI Lakshmi Devi,Bengaluru Rural District & Sessions Court,11,5,2025-08-22,Pending Scrutiny
CS202501109,FIR202501072,P004654,Cyber Crime,"IT Act 66D, BNS 318(4)",PI Lakshmi Devi,Belagavi District & Sessions Court,3,6,2025-08-22,Pending Scrutiny
CS202500812,FIR202501133,P000628,Assault,"BNS 115(2), BNS 117(2)",PI Naveen Patil,Chamarajanagar District & Sessions Court,18,7,2025-08-22,Filed
CS202500902,FIR202501269,P005598,Dacoity,BNS 310(2),SI Mahesh Bhat,Bidar District & Sessions Court,9,10,2025-08-23,Filed
CS202501159,FIR202504010,P000969,Assault,"BNS 115(2), BNS 117(2)",PI Ramesh Gowda,Bengaluru Rural District & Sessions Court,7,7,2025-08-23,Accepted
CS202501049,FIR202500724,P003400,NDPS,NDPS Act Sec 20(b),PI Lakshmi Devi,Bengaluru Rural District & Sessions Court,2,6,2025-08-23,Pending Scrutiny
CS202500962,FIR202502208,P009645,Cyber Crime,"IT Act 66D, BNS 318(4)",PI Suresh Kulkarni,Chamarajanagar District & Sessions Court,9,7,2025-08-23,Filed
CS202501248,FIR202501977,P006477,POCSO,"POCSO Act Sec 4, BNS 64",PI Lakshmi Devi,Ballari District & Sessions Court,18,16,2025-08-23,Accepted
CS202501055,FIR202503260,P002155,Cyber Crime,"IT Act 66D, BNS 318(4)",SI Ravi Kumar,Bengaluru Urban District & Sessions Court,2,11,2025-08-24,Accepted
CS202501107,FIR202500778,P002532,NDPS,NDPS Act Sec 20(b),PI Suresh Kulkarni,Belagavi District & Sessions Court,17,11,2025-08-24,Returned for Correction
CS202501244,FIR202503585,P000243,Vehicle Theft,BNS 303(2),PI Lakshmi Devi,Bengaluru Urban District & Sessions Court,7,22,2025-08-25,Returned for Correction
CS202501046,FIR202500964,P008650,Robbery,BNS 309(4),SI Divya Hegde,Chamarajanagar District & Sessions Court,3,15,2025-08-25,Accepted
CS202501191,FIR202501752,P009410,Theft,BNS 303(2),PI Suresh Kulkarni,Bagalkote District & Sessions Court,5,17,2025-08-25,Accepted
CS202501105,FIR202500582,P006581,Dacoity,BNS 310(2),PI Harish Naik,Bidar District & Sessions Court,5,13,2025-08-25,Accepted
CS202501168,FIR202503030,P002542,Cyber Crime,"IT Act 66D, BNS 318(4)",SI Mahesh Bhat,Bagalkote District & Sessions Court,6,11,2025-08-25,Filed
CS202501127,FIR202502166,P009336,Fraud,BNS 318(4),SI Ganesh Rao,Chamarajanagar District & Sessions Court,8,5,2025-08-25,Accepted
CS202501035,FIR202502969,P006642,Assault,"BNS 115(2), BNS 117(2)",PI Harish Naik,Chamarajanagar District & Sessions Court,12,18,2025-08-25,Accepted
CS202501078,FIR202501601,P008431,Vehicle Theft,BNS 303(2),PI Suresh Kulkarni,Bengaluru Urban District & Sessions Court,3,4,2025-08-25,Pending Scrutiny
CS202500985,FIR202500738,P001294,Vehicle Theft,BNS 303(2),PI Chetan Kumar,Bengaluru Urban District & Sessions Court,2,21,2025-08-25,Pending Scrutiny
CS202501076,FIR202503701,P007760,Robbery,BNS 309(4),SI Ravi Kumar,Chamarajanagar District & Sessions Court,15,21,2025-08-25,Pending Scrutiny
CS202501237,FIR202504077,P002204,Burglary,"BNS 331(3), BNS 331(4)",PI Suresh Kulkarni,Bengaluru Urban District & Sessions Court,15,6,2025-08-26,Accepted
CS202501266,FIR202503294,P000632,Assault,"BNS 115(2), BNS 117(2)",PI Lakshmi Devi,Bidar District & Sessions Court,10,7,2025-08-26,Accepted
CS202500966,FIR202501663,P006644,Theft,BNS 303(2),SI Mahesh Bhat,Bengaluru Rural District & Sessions Court,15,3,2025-08-26,Pending Scrutiny
CS202500933,FIR202503669,P002819,Murder,BNS 103(1),SI Prakash Sharma,Ballari District & Sessions Court,8,25,2025-08-26,Filed
CS202500847,FIR202504922,P002833,Assault,"BNS 115(2), BNS 117(2)",SI Mahesh Bhat,Bidar District & Sessions Court,9,18,2025-08-26,Accepted
CS202501238,FIR202501020,P007732,Assault,"BNS 115(2), BNS 117(2)",PI Harish Naik,Bidar District & Sessions Court,10,5,2025-08-26,Accepted
CS202500888,FIR202504697,P006130,Burglary,"BNS 331(3), BNS 331(4)",SI Ravi Kumar,Ballari District & Sessions Court,18,13,2025-08-26,Pending Scrutiny
CS202501128,FIR202502143,P001713,Assault,"BNS 115(2), BNS 117(2)",PI Harish Naik,Bidar District & Sessions Court,4,13,2025-08-26,Returned for Correction
CS202501001,FIR202501715,P005675,Murder,BNS 103(1),PI Ramesh Gowda,Bidar District & Sessions Court,18,4,2025-08-26,Returned for Correction
CS202500907,FIR202500602,P000164,Burglary,"BNS 331(3), BNS 331(4)",PI Ramesh Gowda,Ballari District & Sessions Court,13,28,2025-08-26,Pending Scrutiny
CS202501172,FIR202501257,P001858,Assault,"BNS 115(2), BNS 117(2)",SI Divya Hegde,Bidar District & Sessions Court,13,23,2025-08-27,Filed
CS202500988,FIR202500196,P002955,Cyber Crime,"IT Act 66D, BNS 318(4)",PI Suresh Kulkarni,Chikkaballapura District & Sessions Court,9,5,2025-08-27,Pending Scrutiny
CS202501064,FIR202501537,P008453,Dacoity,BNS 310(2),PI Suresh Kulkarni,Bengaluru Rural District & Sessions Court,16,22,2025-08-27,Pending Scrutiny
CS202500903,FIR202500831,P007735,Burglary,"BNS 331(3), BNS 331(4)",PI Naveen Patil,Chikkaballapura District & Sessions Court,3,13,2025-08-27,Pending Scrutiny
CS202501056,FIR202501328,P008749,Burglary,"BNS 331(3), BNS 331(4)",PI Harish Naik,Chamarajanagar District & Sessions Court,18,18,2025-08-27,Pending Scrutiny
CS202501023,FIR202503276,P002219,Cyber Crime,"IT Act 66D, BNS 318(4)",SI Mahesh Bhat,Bengaluru Urban District & Sessions Court,12,29,2025-08-27,Filed
CS202501094,FIR202502879,P003926,Assault,"BNS 115(2), BNS 117(2)",PI Naveen Patil,Ballari District & Sessions Court,4,19,2025-08-28,Pending Scrutiny
CS202501162,FIR202504828,P008022,POCSO,"POCSO Act Sec 4, BNS 64",SI Ganesh Rao,Bidar District & Sessions Court,14,15,2025-08-28,Pending Scrutiny
CS202501117,FIR202504656,P005984,Theft,BNS 303(2),PI Naveen Patil,Bengaluru Rural District & Sessions Court,10,26,2025-08-28,Returned for Correction
CS202501171,FIR202501986,P001444,Theft,BNS 303(2),PI Naveen Patil,Bagalkote District & Sessions Court,12,22,2025-08-28,Pending Scrutiny
CS202501154,FIR202502656,P004253,Burglary,"BNS 331(3), BNS 331(4)",PI Ramesh Gowda,Chamarajanagar District & Sessions Court,14,7,2025-08-28,Pending Scrutiny
CS202501320,FIR202502511,P004038,Cyber Crime,"IT Act 66D, BNS 318(4)",PI Suresh Kulkarni,Bagalkote District & Sessions Court,10,26,2025-08-28,Pending Scrutiny
CS202500752,FIR202501656,P000823,Vehicle Theft,BNS 303(2),PI Naveen Patil,Bengaluru Rural District & Sessions Court,5,18,2025-08-28,Pending Scrutiny
CS202500854,FIR202501906,P001367,Murder,BNS 103(1),SI Divya Hegde,Bengaluru Rural District & Sessions Court,12,14,2025-08-28,Pending Scrutiny
CS202501239,FIR202501745,P006995,Cyber Crime,"IT Act 66D, BNS 318(4)",SI Mahesh Bhat,Chikkaballapura District & Sessions Court,14,22,2025-08-28,Pending Scrutiny
CS202500732,FIR202500759,P000962,Fraud,BNS 318(4),PI Harish Naik,Bengaluru Urban District & Sessions Court,8,26,2025-08-29,Filed
CS202501112,FIR202502194,P004927,Dacoity,BNS 310(2),SI Divya Hegde,Bidar District & Sessions Court,5,26,2025-08-29,Returned for Correction
CS202500938,FIR202503076,P005690,Murder,BNS 103(1),SI Ravi Kumar,Bagalkote District & Sessions Court,15,8,2025-08-29,Returned for Correction
CS202500841,FIR202504451,P004161,Assault,"BNS 115(2), BNS 117(2)",PI Suresh Kulkarni,Bidar District & Sessions Court,14,26,2025-08-29,Accepted
CS202501100,FIR202501668,P006269,Assault,"BNS 115(2), BNS 117(2)",SI Prakash Sharma,Bidar District & Sessions Court,3,8,2025-08-29,Pending Scrutiny
CS202500947,FIR202504040,P002573,Theft,BNS 303(2),PI Suresh Kulkarni,Bagalkote District & Sessions Court,14,12,2025-08-29,Pending Scrutiny
CS202500924,FIR202504102,P000087,Murder,BNS 103(1),SI Ravi Kumar,Chamarajanagar District & Sessions Court,12,13,2025-08-29,Returned for Correction
CS202500765,FIR202502666,P001528,NDPS,NDPS Act Sec 20(b),PI Suresh Kulkarni,Ballari District & Sessions Court,18,19,2025-08-30,Pending Scrutiny
CS202501135,FIR202500320,P004693,Cyber Crime,"IT Act 66D, BNS 318(4)",PI Naveen Patil,Chikkaballapura District & Sessions Court,3,6,2025-08-30,Accepted
CS202500977,FIR202504435,P002482,Dacoity,BNS 310(2),SI Prakash Sharma,Bagalkote District & Sessions Court,13,21,2025-08-30,Returned for Correction
CS202501158,FIR202500821,P004381,Cyber Crime,"IT Act 66D, BNS 318(4)",PI Chetan Kumar,Belagavi District & Sessions Court,9,18,2025-08-30,Returned for Correction
CS202501198,FIR202504073,P006279,Theft,BNS 303(2),SI Mahesh Bhat,Chikkaballapura District & Sessions Court,17,13,2025-08-30,Accepted
CS202500904,FIR202500512,P006797,Vehicle Theft,BNS 303(2),PI Naveen Patil,Bengaluru Rural District & Sessions Court,3,16,2025-08-30,Filed
CS202501110,FIR202501716,P009726,Burglary,"BNS 331(3), BNS 331(4)",SI Ravi Kumar,Bengaluru Urban District & Sessions Court,16,14,2025-08-30,Filed
CS202501018,FIR202503913,P004240,Cyber Crime,"IT Act 66D, BNS 318(4)",PI Naveen Patil,Bengaluru Urban District & Sessions Court,6,11,2025-08-30,Pending Scrutiny
CS202501045,FIR202500124,P006248,Assault,"BNS 115(2), BNS 117(2)",SI Ganesh Rao,Bidar District & Sessions Court,16,15,2025-08-31,Filed
CS202501241,FIR202500463,P008863,Dacoity,BNS 310(2),PI Harish Naik,Bidar District & Sessions Court,11,21,2025-08-31,Returned for Correction
CS202501091,FIR202502582,P009937,NDPS,NDPS Act Sec 20(b),SI Prakash Sharma,Bengaluru Urban District & Sessions Court,11,26,2025-08-31,Filed
CS202500953,FIR202502583,P007891,Murder,BNS 103(1),SI Prakash Sharma,Bengaluru Rural District & Sessions Court,9,6,2025-08-31,Accepted
CS202500995,FIR202502661,P006972,Fraud,BNS 318(4),PI Suresh Kulkarni,Bagalkote District & Sessions Court,3,14,2025-08-31,Pending Scrutiny
CS202501250,FIR202500423,P003829,Burglary,"BNS 331(3), BNS 331(4)",PI Lakshmi Devi,Belagavi District & Sessions Court,7,21,2025-08-31,Pending Scrutiny
CS202500978,FIR202500931,P005805,Murder,BNS 103(1),SI Ravi Kumar,Bengaluru Rural District & Sessions Court,6,16,2025-08-31,Returned for Correction
CS202500839,FIR202500140,P003984,Fraud,BNS 318(4),PI Ramesh Gowda,Bengaluru Urban District & Sessions Court,5,15,2025-09-01,Filed
CS202501184,FIR202500385,P001781,Dacoity,BNS 310(2),SI Prakash Sharma,Chamarajanagar District & Sessions Court,17,8,2025-09-01,Filed
CS202501291,FIR202503137,P001237,Burglary,"BNS 331(3), BNS 331(4)",SI Divya Hegde,Bagalkote District & Sessions Court,7,13,2025-09-01,Pending Scrutiny
CS202501152,FIR202503291,P005190,Vehicle Theft,BNS 303(2),PI Lakshmi Devi,Bagalkote District & Sessions Court,18,16,2025-09-01,Pending Scrutiny
CS202501222,FIR202501807,P003486,POCSO,"POCSO Act Sec 4, BNS 64",PI Ramesh Gowda,Bidar District & Sessions Court,12,13,2025-09-02,Pending Scrutiny
CS202500795,FIR202502271,P001171,NDPS,NDPS Act Sec 20(b),SI Ganesh Rao,Ballari District & Sessions Court,12,30,2025-09-02,Pending Scrutiny
CS202500923,FIR202500252,P009488,Dacoity,BNS 310(2),SI Divya Hegde,Bidar District & Sessions Court,15,29,2025-09-02,Pending Scrutiny
CS202501129,FIR202501426,P006882,Fraud,BNS 318(4),PI Chetan Kumar,Chikkaballapura District & Sessions Court,14,25,2025-09-02,Returned for Correction
CS202501206,FIR202504942,P003423,Theft,BNS 303(2),PI Ramesh Gowda,Belagavi District & Sessions Court,17,29,2025-09-02,Returned for Correction
CS202501013,FIR202503341,P007587,Theft,BNS 303(2),SI Divya Hegde,Bidar District & Sessions Court,15,17,2025-09-02,Returned for Correction
CS202501042,FIR202501706,P000505,Cyber Crime,"IT Act 66D, BNS 318(4)",SI Mahesh Bhat,Bengaluru Rural District & Sessions Court,10,30,2025-09-02,Pending Scrutiny
CS202501175,FIR202504679,P006996,Fraud,BNS 318(4),SI Divya Hegde,Bengaluru Urban District & Sessions Court,17,21,2025-09-02,Pending Scrutiny
CS202501137,FIR202500426,P002056,Theft,BNS 303(2),PI Lakshmi Devi,Chamarajanagar District & Sessions Court,7,3,2025-09-02,Pending Scrutiny
CS202500981,FIR202503283,P000472,Burglary,"BNS 331(3), BNS 331(4)",SI Ravi Kumar,Bengaluru Rural District & Sessions Court,18,27,2025-09-02,Pending Scrutiny
CS202501151,FIR202501875,P006362,NDPS,NDPS Act Sec 20(b),PI Suresh Kulkarni,Bengaluru Rural District & Sessions Court,9,24,2025-09-02,Filed
CS202501221,FIR202502980,P008285,Burglary,"BNS 331(3), BNS 331(4)",PI Chetan Kumar,Ballari District & Sessions Court,10,18,2025-09-03,Filed
CS202501149,FIR202503706,P000012,Burglary,"BNS 331(3), BNS 331(4)",PI Suresh Kulkarni,Chamarajanagar District & Sessions Court,3,26,2025-09-03,Filed
CS202500893,FIR202503722,P004981,Theft,BNS 303(2),PI Suresh Kulkarni,Ballari District & Sessions Court,8,10,2025-09-03,Returned for Correction
CS202501122,FIR202502164,P007752,Dacoity,BNS 310(2),SI Prakash Sharma,Bidar District & Sessions Court,12,8,2025-09-03,Returned for Correction
CS202501032,FIR202501563,P009945,Cyber Crime,"IT Act 66D, BNS 318(4)",PI Ramesh Gowda,Bengaluru Urban District & Sessions Court,5,29,2025-09-03,Pending Scrutiny
CS202501092,FIR202504188,P008848,Vehicle Theft,BNS 303(2),SI Mahesh Bhat,Chamarajanagar District & Sessions Court,18,11,2025-09-03,Accepted
CS202501047,FIR202504037,P008347,Vehicle Theft,BNS 303(2),PI Naveen Patil,Bidar District & Sessions Court,13,17,2025-09-03,Pending Scrutiny
CS202501077,FIR202502557,P006482,Fraud,BNS 318(4),SI Ganesh Rao,Bengaluru Urban District & Sessions Court,7,25,2025-09-03,Pending Scrutiny
CS202501002,FIR202502392,P009757,Cyber Crime,"IT Act 66D, BNS 318(4)",PI Chetan Kumar,Bidar District & Sessions Court,17,25,2025-09-03,Filed
CS202500949,FIR202501942,P005404,Fraud,BNS 318(4),SI Prakash Sharma,Bengaluru Urban District & Sessions Court,16,6,2025-09-03,Pending Scrutiny
CS202500948,FIR202501982,P002366,Vehicle Theft,BNS 303(2),PI Harish Naik,Belagavi District & Sessions Court,18,14,2025-09-03,Filed
CS202501029,FIR202500290,P004573,Assault,"BNS 115(2), BNS 117(2)",SI Prakash Sharma,Chikkaballapura District & Sessions Court,7,28,2025-09-03,Returned for Correction
CS202501156,FIR202503571,P003439,Dacoity,BNS 310(2),PI Lakshmi Devi,Bidar District & Sessions Court,15,27,2025-09-04,Returned for Correction
CS202500976,FIR202502734,P005776,Vehicle Theft,BNS 303(2),PI Chetan Kumar,Bengaluru Urban District & Sessions Court,18,18,2025-09-04,Filed
CS202501144,FIR202501285,P007627,Fraud,BNS 318(4),PI Harish Naik,Bidar District & Sessions Court,8,19,2025-09-04,Pending Scrutiny
CS202501362,FIR202501351,P004653,Burglary,"BNS 331(3), BNS 331(4)",SI Ganesh Rao,Bidar District & Sessions Court,15,9,2025-09-04,Pending Scrutiny
CS202501254,FIR202502814,P003899,Vehicle Theft,BNS 303(2),SI Mahesh Bhat,Ballari District & Sessions Court,15,18,2025-09-05,Pending Scrutiny
CS202501003,FIR202503008,P007236,Theft,BNS 303(2),SI Prakash Sharma,Chamarajanagar District & Sessions Court,15,6,2025-09-05,Pending Scrutiny
CS202501187,FIR202504479,P000634,Murder,BNS 103(1),PI Harish Naik,Chamarajanagar District & Sessions Court,7,10,2025-09-05,Pending Scrutiny
CS202501026,FIR202502296,P006217,Murder,BNS 103(1),PI Ramesh Gowda,Belagavi District & Sessions Court,2,13,2025-09-05,Accepted
CS202500994,FIR202500884,P000599,Assault,"BNS 115(2), BNS 117(2)",SI Prakash Sharma,Belagavi District & Sessions Court,15,19,2025-09-05,Filed
CS202501066,FIR202503464,P000457,Robbery,BNS 309(4),PI Naveen Patil,Bidar District & Sessions Court,3,24,2025-09-05,Pending Scrutiny
CS202501095,FIR202504961,P006142,Burglary,"BNS 331(3), BNS 331(4)",SI Ravi Kumar,Bengaluru Rural District & Sessions Court,5,8,2025-09-05,Returned for Correction
CS202501019,FIR202503365,P007182,Murder,BNS 103(1),PI Lakshmi Devi,Bagalkote District & Sessions Court,11,22,2025-09-05,Filed
CS202501292,FIR202501737,P009243,Vehicle Theft,BNS 303(2),PI Ramesh Gowda,Bengaluru Urban District & Sessions Court,6,26,2025-09-05,Filed
CS202501216,FIR202504739,P001950,Robbery,BNS 309(4),SI Ganesh Rao,Chamarajanagar District & Sessions Court,4,4,2025-09-06,Returned for Correction
CS202501259,FIR202504240,P007350,Robbery,BNS 309(4),PI Suresh Kulkarni,Bidar District & Sessions Court,14,3,2025-09-06,Pending Scrutiny
CS202500937,FIR202502960,P004384,POCSO,"POCSO Act Sec 4, BNS 64",PI Harish Naik,Chamarajanagar District & Sessions Court,4,30,2025-09-06,Returned for Correction
CS202501021,FIR202504034,P004826,NDPS,NDPS Act Sec 20(b),SI Prakash Sharma,Bagalkote District & Sessions Court,14,8,2025-09-06,Returned for Correction
CS202500783,FIR202502489,P007157,Burglary,"BNS 331(3), BNS 331(4)",SI Mahesh Bhat,Bengaluru Rural District & Sessions Court,10,17,2025-09-06,Accepted
CS202500922,FIR202502641,P005692,Assault,"BNS 115(2), BNS 117(2)",SI Ravi Kumar,Bidar District & Sessions Court,18,26,2025-09-06,Accepted
CS202501034,FIR202500890,P001635,NDPS,NDPS Act Sec 20(b),PI Chetan Kumar,Belagavi District & Sessions Court,11,21,2025-09-06,Filed
CS202501328,FIR202503613,P008339,Robbery,BNS 309(4),SI Mahesh Bhat,Chamarajanagar District & Sessions Court,10,8,2025-09-06,Pending Scrutiny
CS202501083,FIR202501924,P004755,NDPS,NDPS Act Sec 20(b),PI Naveen Patil,Chamarajanagar District & Sessions Court,4,28,2025-09-07,Accepted
CS202501278,FIR202500991,P008432,Cyber Crime,"IT Act 66D, BNS 318(4)",SI Prakash Sharma,Bengaluru Urban District & Sessions Court,5,25,2025-09-07,Filed
CS202501262,FIR202504745,P002398,Assault,"BNS 115(2), BNS 117(2)",PI Lakshmi Devi,Chamarajanagar District & Sessions Court,9,18,2025-09-07,Pending Scrutiny
CS202501053,FIR202502669,P004290,Cyber Crime,"IT Act 66D, BNS 318(4)",PI Ramesh Gowda,Bengaluru Rural District & Sessions Court,15,21,2025-09-07,Returned for Correction
CS202501194,FIR202501393,P003010,Cyber Crime,"IT Act 66D, BNS 318(4)",SI Divya Hegde,Bengaluru Urban District & Sessions Court,12,21,2025-09-07,Filed
CS202501022,FIR202501420,P009725,Cyber Crime,"IT Act 66D, BNS 318(4)",SI Ravi Kumar,Bidar District & Sessions Court,12,15,2025-09-07,Pending Scrutiny
CS202500920,FIR202501370,P003895,Murder,BNS 103(1),PI Ramesh Gowda,Bidar District & Sessions Court,9,23,2025-09-07,Accepted
CS202501308,FIR202502707,P003008,Cyber Crime,"IT Act 66D, BNS 318(4)",PI Harish Naik,Bengaluru Rural District & Sessions Court,13,6,2025-09-08,Filed
CS202500815,FIR202503325,P009532,Robbery,BNS 309(4),PI Suresh Kulkarni,Bengaluru Rural District & Sessions Court,4,23,2025-09-08,Returned for Correction
CS202501010,FIR202504057,P004536,Fraud,BNS 318(4),PI Chetan Kumar,Bengaluru Urban District & Sessions Court,16,29,2025-09-08,Accepted
CS202501085,FIR202504706,P007197,Theft,BNS 303(2),PI Naveen Patil,Bengaluru Rural District & Sessions Court,6,24,2025-09-09,Filed
CS202501350,FIR202501810,P008194,Assault,"BNS 115(2), BNS 117(2)",SI Prakash Sharma,Bagalkote District & Sessions Court,14,3,2025-09-09,Accepted
CS202500886,FIR202500181,P002877,Vehicle Theft,BNS 303(2),PI Suresh Kulkarni,Bengaluru Urban District & Sessions Court,2,22,2025-09-09,Pending Scrutiny
CS202501186,FIR202501811,P008853,Cyber Crime,"IT Act 66D, BNS 318(4)",SI Ravi Kumar,Bengaluru Rural District & Sessions Court,8,22,2025-09-09,Accepted
CS202501229,FIR202500881,P006145,Fraud,BNS 318(4),SI Divya Hegde,Bengaluru Rural District & Sessions Court,4,10,2025-09-09,Returned for Correction
CS202501391,FIR202502741,P009746,Robbery,BNS 309(4),SI Divya Hegde,Ballari District & Sessions Court,5,21,2025-09-09,Accepted
CS202501321,FIR202503235,P007796,Burglary,"BNS 331(3), BNS 331(4)",PI Ramesh Gowda,Bidar District & Sessions Court,10,27,2025-09-09,Accepted
CS202501060,FIR202502718,P000907,Assault,"BNS 115(2), BNS 117(2)",PI Lakshmi Devi,Chamarajanagar District & Sessions Court,5,29,2025-09-09,Returned for Correction
CS202501099,FIR202500146,P001636,NDPS,NDPS Act Sec 20(b),SI Prakash Sharma,Bidar District & Sessions Court,5,26,2025-09-09,Pending Scrutiny
CS202501219,FIR202504232,P009292,Dacoity,BNS 310(2),PI Naveen Patil,Bengaluru Urban District & Sessions Court,7,10,2025-09-09,Returned for Correction
CS202501335,FIR202503080,P001505,Assault,"BNS 115(2), BNS 117(2)",PI Suresh Kulkarni,Bidar District & Sessions Court,6,7,2025-09-09,Returned for Correction
CS202501207,FIR202502668,P001033,POCSO,"POCSO Act Sec 4, BNS 64",PI Naveen Patil,Bagalkote District & Sessions Court,10,27,2025-09-10,Accepted
CS202500915,FIR202501433,P000781,Cyber Crime,"IT Act 66D, BNS 318(4)",SI Ravi Kumar,Bengaluru Urban District & Sessions Court,3,15,2025-09-10,Returned for Correction
CS202501232,FIR202500071,P006426,Theft,BNS 303(2),SI Mahesh Bhat,Chikkaballapura District & Sessions Court,18,26,2025-09-10,Pending Scrutiny
CS202501065,FIR202500301,P005930,Cyber Crime,"IT Act 66D, BNS 318(4)",SI Prakash Sharma,Bengaluru Urban District & Sessions Court,6,26,2025-09-10,Returned for Correction
CS202500814,FIR202503209,P001158,Fraud,BNS 318(4),PI Naveen Patil,Bengaluru Rural District & Sessions Court,16,17,2025-09-10,Accepted
CS202501355,FIR202502535,P005593,NDPS,NDPS Act Sec 20(b),SI Prakash Sharma,Ballari District & Sessions Court,11,4,2025-09-10,Filed
CS202501011,FIR202504216,P008096,Vehicle Theft,BNS 303(2),PI Lakshmi Devi,Bengaluru Urban District & Sessions Court,16,17,2025-09-10,Pending Scrutiny
CS202501164,FIR202504580,P007717,Assault,"BNS 115(2), BNS 117(2)",PI Lakshmi Devi,Belagavi District & Sessions Court,8,25,2025-09-10,Pending Scrutiny
CS202501220,FIR202503672,P008718,Cyber Crime,"IT Act 66D, BNS 318(4)",PI Ramesh Gowda,Bidar District & Sessions Court,18,29,2025-09-10,Pending Scrutiny
CS202501325,FIR202501093,P007002,Vehicle Theft,BNS 303(2),PI Lakshmi Devi,Bidar District & Sessions Court,12,30,2025-09-10,Returned for Correction
CS202501007,FIR202501092,P009441,Dacoity,BNS 310(2),SI Divya Hegde,Bengaluru Rural District & Sessions Court,12,7,2025-09-11,Accepted
CS202501155,FIR202501291,P000809,Assault,"BNS 115(2), BNS 117(2)",PI Harish Naik,Bidar District & Sessions Court,17,27,2025-09-11,Accepted
CS202501281,FIR202502144,P004974,Robbery,BNS 309(4),PI Suresh Kulkarni,Bagalkote District & Sessions Court,4,16,2025-09-11,Filed
CS202501074,FIR202502679,P004562,Dacoity,BNS 310(2),SI Mahesh Bhat,Bagalkote District & Sessions Court,2,7,2025-09-12,Filed
CS202501345,FIR202502459,P009706,Fraud,BNS 318(4),SI Divya Hegde,Bengaluru Rural District & Sessions Court,17,14,2025-09-12,Pending Scrutiny
CS202501315,FIR202504746,P004469,Assault,"BNS 115(2), BNS 117(2)",PI Harish Naik,Bengaluru Rural District & Sessions Court,10,18,2025-09-12,Accepted
CS202500965,FIR202504814,P003901,Murder,BNS 103(1),PI Suresh Kulkarni,Ballari District & Sessions Court,8,14,2025-09-13,Pending Scrutiny
CS202501106,FIR202502324,P005581,Burglary,"BNS 331(3), BNS 331(4)",SI Ganesh Rao,Chamarajanagar District & Sessions Court,13,19,2025-09-13,Accepted
CS202501316,FIR202500652,P007029,Cyber Crime,"IT Act 66D, BNS 318(4)",PI Ramesh Gowda,Bengaluru Urban District & Sessions Court,13,3,2025-09-13,Filed
CS202501196,FIR202501343,P005013,Assault,"BNS 115(2), BNS 117(2)",SI Ganesh Rao,Bidar District & Sessions Court,5,23,2025-09-13,Accepted
CS202501197,FIR202502468,P009036,Fraud,BNS 318(4),PI Lakshmi Devi,Bengaluru Urban District & Sessions Court,8,4,2025-09-13,Filed
CS202501123,FIR202502684,P002861,Robbery,BNS 309(4),PI Ramesh Gowda,Bengaluru Rural District & Sessions Court,18,10,2025-09-13,Filed
CS202501217,FIR202504963,P004324,POCSO,"POCSO Act Sec 4, BNS 64",SI Ganesh Rao,Chikkaballapura District & Sessions Court,14,25,2025-09-13,Accepted
CS202501348,FIR202500155,P000694,NDPS,NDPS Act Sec 20(b),PI Harish Naik,Belagavi District & Sessions Court,4,20,2025-09-13,Pending Scrutiny
CS202501170,FIR202501487,P000026,Assault,"BNS 115(2), BNS 117(2)",PI Lakshmi Devi,Bidar District & Sessions Court,2,25,2025-09-14,Pending Scrutiny
CS202501073,FIR202501691,P005092,POCSO,"POCSO Act Sec 4, BNS 64",SI Mahesh Bhat,Bagalkote District & Sessions Court,15,19,2025-09-14,Filed
CS202501133,FIR202502714,P004510,Dacoity,BNS 310(2),SI Ravi Kumar,Bidar District & Sessions Court,15,26,2025-09-14,Pending Scrutiny
CS202501247,FIR202501687,P006527,Vehicle Theft,BNS 303(2),PI Ramesh Gowda,Bengaluru Urban District & Sessions Court,15,26,2025-09-14,Pending Scrutiny
CS202501214,FIR202504129,P003348,Theft,BNS 303(2),PI Lakshmi Devi,Bagalkote District & Sessions Court,6,6,2025-09-14,Pending Scrutiny
CS202501104,FIR202504316,P005736,Burglary,"BNS 331(3), BNS 331(4)",PI Suresh Kulkarni,Bengaluru Rural District & Sessions Court,16,16,2025-09-14,Pending Scrutiny
CS202501409,FIR202500872,P008096,Fraud,BNS 318(4),PI Chetan Kumar,Bagalkote District & Sessions Court,12,21,2025-09-15,Accepted
CS202501204,FIR202504150,P008786,Robbery,BNS 309(4),SI Ganesh Rao,Ballari District & Sessions Court,8,30,2025-09-15,Returned for Correction
CS202501033,FIR202501630,P008742,Assault,"BNS 115(2), BNS 117(2)",SI Mahesh Bhat,Chikkaballapura District & Sessions Court,14,23,2025-09-15,Filed
CS202501114,FIR202500056,P003654,Vehicle Theft,BNS 303(2),SI Prakash Sharma,Bidar District & Sessions Court,16,30,2025-09-15,Filed
CS202501395,FIR202502292,P000120,NDPS,NDPS Act Sec 20(b),PI Suresh Kulkarni,Chamarajanagar District & Sessions Court,5,13,2025-09-15,Returned for Correction
CS202501341,FIR202502195,P001121,Vehicle Theft,BNS 303(2),PI Naveen Patil,Bengaluru Urban District & Sessions Court,11,12,2025-09-15,Filed
CS202501132,FIR202501946,P006415,Robbery,BNS 309(4),PI Ramesh Gowda,Bengaluru Rural District & Sessions Court,18,20,2025-09-15,Filed
CS202501286,FIR202503557,P001763,NDPS,NDPS Act Sec 20(b),PI Chetan Kumar,Ballari District & Sessions Court,14,13,2025-09-16,Accepted
CS202501054,FIR202503540,P009440,Burglary,"BNS 331(3), BNS 331(4)",PI Naveen Patil,Chamarajanagar District & Sessions Court,8,16,2025-09-16,Accepted
CS202501146,FIR202500492,P002600,Assault,"BNS 115(2), BNS 117(2)",SI Mahesh Bhat,Ballari District & Sessions Court,3,14,2025-09-17,Returned for Correction
CS202500942,FIR202502400,P007506,Vehicle Theft,BNS 303(2),PI Naveen Patil,Bengaluru Urban District & Sessions Court,9,15,2025-09-17,Pending Scrutiny
CS202501211,FIR202502812,P003552,Murder,BNS 103(1),SI Ravi Kumar,Bidar District & Sessions Court,8,10,2025-09-18,Returned for Correction
CS202501081,FIR202502300,P009191,Assault,"BNS 115(2), BNS 117(2)",SI Mahesh Bhat,Chikkaballapura District & Sessions Court,6,4,2025-09-18,Filed
CS202501225,FIR202500537,P001463,Dacoity,BNS 310(2),SI Ganesh Rao,Bengaluru Urban District & Sessions Court,12,29,2025-09-18,Returned for Correction
CS202501297,FIR202500088,P003014,Vehicle Theft,BNS 303(2),SI Ravi Kumar,Ballari District & Sessions Court,10,24,2025-09-18,Returned for Correction
CS202501119,FIR202500679,P009441,Theft,BNS 303(2),SI Ravi Kumar,Bidar District & Sessions Court,6,24,2025-09-19,Accepted
CS202501245,FIR202504086,P000633,NDPS,NDPS Act Sec 20(b),SI Prakash Sharma,Ballari District & Sessions Court,10,7,2025-09-19,Filed
CS202500972,FIR202504104,P009554,Burglary,"BNS 331(3), BNS 331(4)",PI Naveen Patil,Bengaluru Rural District & Sessions Court,10,21,2025-09-19,Pending Scrutiny
CS202501161,FIR202501390,P005523,Dacoity,BNS 310(2),PI Lakshmi Devi,Belagavi District & Sessions Court,9,18,2025-09-19,Accepted
CS202501290,FIR202503079,P009094,Cyber Crime,"IT Act 66D, BNS 318(4)",PI Naveen Patil,Ballari District & Sessions Court,6,16,2025-09-19,Returned for Correction
CS202501418,FIR202501618,P004811,Cyber Crime,"IT Act 66D, BNS 318(4)",PI Ramesh Gowda,Bengaluru Urban District & Sessions Court,5,17,2025-09-20,Filed
CS202501101,FIR202503500,P008293,Fraud,BNS 318(4),PI Chetan Kumar,Bengaluru Urban District & Sessions Court,2,4,2025-09-20,Filed
CS202501258,FIR202503139,P004424,Burglary,"BNS 331(3), BNS 331(4)",SI Ravi Kumar,Belagavi District & Sessions Court,2,7,2025-09-20,Returned for Correction
CS202501470,FIR202501166,P003371,NDPS,NDPS Act Sec 20(b),PI Naveen Patil,Bengaluru Urban District & Sessions Court,4,11,2025-09-20,Returned for Correction
CS202501138,FIR202500543,P007326,POCSO,"POCSO Act Sec 4, BNS 64",PI Ramesh Gowda,Chikkaballapura District & Sessions Court,9,17,2025-09-20,Pending Scrutiny
CS202501213,FIR202500956,P000021,Vehicle Theft,BNS 303(2),PI Naveen Patil,Bengaluru Urban District & Sessions Court,9,7,2025-09-20,Pending Scrutiny
CS202501059,FIR202501727,P001941,Dacoity,BNS 310(2),PI Naveen Patil,Chikkaballapura District & Sessions Court,7,5,2025-09-20,Accepted
CS202501118,FIR202504427,P004270,Dacoity,BNS 310(2),PI Harish Naik,Bidar District & Sessions Court,16,24,2025-09-20,Pending Scrutiny
CS202501267,FIR202502092,P005532,Fraud,BNS 318(4),PI Chetan Kumar,Bengaluru Urban District & Sessions Court,17,8,2025-09-20,Accepted
CS202501202,FIR202500762,P008405,Burglary,"BNS 331(3), BNS 331(4)",SI Divya Hegde,Chamarajanagar District & Sessions Court,14,25,2025-09-21,Returned for Correction
CS202501388,FIR202500792,P002174,POCSO,"POCSO Act Sec 4, BNS 64",PI Harish Naik,Bengaluru Rural District & Sessions Court,15,28,2025-09-21,Filed
CS202501024,FIR202501331,P008860,NDPS,NDPS Act Sec 20(b),PI Suresh Kulkarni,Bengaluru Rural District & Sessions Court,9,26,2025-09-21,Filed
CS202501185,FIR202503202,P008664,Vehicle Theft,BNS 303(2),SI Divya Hegde,Bengaluru Urban District & Sessions Court,18,13,2025-09-21,Accepted
CS202501363,FIR202504429,P004346,Robbery,BNS 309(4),SI Ravi Kumar,Bengaluru Rural District & Sessions Court,18,25,2025-09-21,Returned for Correction
CS202501416,FIR202502796,P008240,Cyber Crime,"IT Act 66D, BNS 318(4)",PI Chetan Kumar,Bengaluru Urban District & Sessions Court,6,20,2025-09-22,Filed
CS202501300,FIR202504869,P007713,NDPS,NDPS Act Sec 20(b),PI Chetan Kumar,Bengaluru Urban District & Sessions Court,17,18,2025-09-22,Filed
CS202501141,FIR202500029,P008560,Fraud,BNS 318(4),PI Naveen Patil,Bengaluru Urban District & Sessions Court,9,10,2025-09-22,Returned for Correction
CS202501108,FIR202500348,P005284,Robbery,BNS 309(4),PI Harish Naik,Bagalkote District & Sessions Court,6,22,2025-09-22,Returned for Correction
CS202501422,FIR202504907,P002824,Robbery,BNS 309(4),SI Prakash Sharma,Bidar District & Sessions Court,9,28,2025-09-23,Accepted
CS202501430,FIR202504522,P004789,Vehicle Theft,BNS 303(2),SI Prakash Sharma,Bagalkote District & Sessions Court,4,19,2025-09-23,Filed
CS202501230,FIR202504113,P009360,Cyber Crime,"IT Act 66D, BNS 318(4)",PI Chetan Kumar,Bengaluru Urban District & Sessions Court,14,9,2025-09-23,Accepted
CS202501311,FIR202503220,P005546,Vehicle Theft,BNS 303(2),SI Ganesh Rao,Ballari District & Sessions Court,8,22,2025-09-23,Accepted
CS202501165,FIR202501805,P008863,Cyber Crime,"IT Act 66D, BNS 318(4)",PI Naveen Patil,Bengaluru Urban District & Sessions Court,18,5,2025-09-23,Accepted
CS202501226,FIR202500270,P002172,Theft,BNS 303(2),PI Lakshmi Devi,Belagavi District & Sessions Court,3,4,2025-09-23,Returned for Correction
CS202501072,FIR202502462,P005163,Fraud,BNS 318(4),PI Harish Naik,Chikkaballapura District & Sessions Court,15,3,2025-09-23,Pending Scrutiny
CS202501113,FIR202501576,P002068,Cyber Crime,"IT Act 66D, BNS 318(4)",SI Divya Hegde,Chamarajanagar District & Sessions Court,3,10,2025-09-24,Pending Scrutiny
CS202501333,FIR202501143,P002588,POCSO,"POCSO Act Sec 4, BNS 64",SI Ganesh Rao,Bagalkote District & Sessions Court,13,29,2025-09-24,Accepted
CS202501293,FIR202501828,P007277,Vehicle Theft,BNS 303(2),SI Divya Hegde,Chamarajanagar District & Sessions Court,10,30,2025-09-24,Returned for Correction
CS202501180,FIR202500416,P006339,Fraud,BNS 318(4),SI Mahesh Bhat,Bengaluru Urban District & Sessions Court,12,12,2025-09-24,Returned for Correction
CS202501188,FIR202500081,P007348,Assault,"BNS 115(2), BNS 117(2)",PI Naveen Patil,Chikkaballapura District & Sessions Court,15,10,2025-09-24,Accepted
CS202501260,FIR202504043,P004812,POCSO,"POCSO Act Sec 4, BNS 64",PI Chetan Kumar,Chikkaballapura District & Sessions Court,13,18,2025-09-24,Returned for Correction
CS202501234,FIR202503414,P007705,Dacoity,BNS 310(2),PI Ramesh Gowda,Belagavi District & Sessions Court,12,29,2025-09-24,Pending Scrutiny
CS202501246,FIR202500154,P004766,Dacoity,BNS 310(2),SI Mahesh Bhat,Ballari District & Sessions Court,16,25,2025-09-24,Returned for Correction
CS202501228,FIR202504572,P008241,Robbery,BNS 309(4),SI Ravi Kumar,Chamarajanagar District & Sessions Court,4,30,2025-09-24,Accepted
CS202501169,FIR202502826,P009905,Fraud,BNS 318(4),PI Harish Naik,Chamarajanagar District & Sessions Court,11,7,2025-09-25,Returned for Correction
CS202501312,FIR202501273,P007092,Assault,"BNS 115(2), BNS 117(2)",SI Divya Hegde,Belagavi District & Sessions Court,4,13,2025-09-25,Accepted
CS202501282,FIR202503796,P000609,Cyber Crime,"IT Act 66D, BNS 318(4)",PI Suresh Kulkarni,Bagalkote District & Sessions Court,5,17,2025-09-25,Accepted
CS202501255,FIR202501832,P005918,Murder,BNS 103(1),SI Ganesh Rao,Bagalkote District & Sessions Court,10,20,2025-09-26,Accepted
CS202501052,FIR202502574,P009087,Vehicle Theft,BNS 303(2),SI Divya Hegde,Bidar District & Sessions Court,3,20,2025-09-26,Pending Scrutiny
CS202501071,FIR202501363,P000363,Murder,BNS 103(1),SI Prakash Sharma,Bidar District & Sessions Court,5,10,2025-09-26,Accepted
CS202501344,FIR202504279,P002791,Vehicle Theft,BNS 303(2),SI Prakash Sharma,Chamarajanagar District & Sessions Court,3,29,2025-09-26,Filed
CS202501131,FIR202503755,P006504,Assault,"BNS 115(2), BNS 117(2)",PI Chetan Kumar,Bidar District & Sessions Court,2,7,2025-09-26,Accepted
CS202501273,FIR202502204,P009468,NDPS,NDPS Act Sec 20(b),PI Ramesh Gowda,Belagavi District & Sessions Court,15,21,2025-09-26,Pending Scrutiny
CS202501302,FIR202504783,P001659,Burglary,"BNS 331(3), BNS 331(4)",SI Mahesh Bhat,Chamarajanagar District & Sessions Court,7,18,2025-09-27,Accepted
CS202501270,FIR202504070,P009814,Vehicle Theft,BNS 303(2),PI Naveen Patil,Ballari District & Sessions Court,10,10,2025-09-27,Returned for Correction
CS202501449,FIR202500389,P008346,Robbery,BNS 309(4),SI Prakash Sharma,Bidar District & Sessions Court,7,5,2025-09-27,Returned for Correction
CS202501121,FIR202500785,P001418,Assault,"BNS 115(2), BNS 117(2)",PI Ramesh Gowda,Bengaluru Urban District & Sessions Court,9,4,2025-09-27,Pending Scrutiny
CS202501257,FIR202501371,P002267,Murder,BNS 103(1),SI Divya Hegde,Bidar District & Sessions Court,9,24,2025-09-27,Pending Scrutiny
CS202501201,FIR202501427,P009414,Burglary,"BNS 331(3), BNS 331(4)",PI Ramesh Gowda,Bengaluru Rural District & Sessions Court,17,9,2025-09-27,Pending Scrutiny
CS202501205,FIR202504460,P002119,Fraud,BNS 318(4),PI Harish Naik,Bengaluru Urban District & Sessions Court,4,26,2025-09-27,Returned for Correction
CS202501242,FIR202501027,P004673,NDPS,NDPS Act Sec 20(b),PI Suresh Kulkarni,Bagalkote District & Sessions Court,11,22,2025-09-28,Accepted
CS202501306,FIR202502278,P007401,Fraud,BNS 318(4),SI Ganesh Rao,Bengaluru Urban District & Sessions Court,11,10,2025-09-28,Filed
CS202501235,FIR202502361,P001087,Assault,"BNS 115(2), BNS 117(2)",SI Prakash Sharma,Bidar District & Sessions Court,11,3,2025-09-28,Returned for Correction
CS202501373,FIR202504311,P000416,Fraud,BNS 318(4),SI Ganesh Rao,Bengaluru Urban District & Sessions Court,6,14,2025-09-28,Filed
CS202501384,FIR202503273,P002606,Vehicle Theft,BNS 303(2),SI Prakash Sharma,Chamarajanagar District & Sessions Court,14,8,2025-09-29,Accepted
CS202501446,FIR202503877,P003867,NDPS,NDPS Act Sec 20(b),PI Suresh Kulkarni,Bidar District & Sessions Court,10,17,2025-09-29,Pending Scrutiny
CS202501479,FIR202504905,P009955,POCSO,"POCSO Act Sec 4, BNS 64",PI Naveen Patil,Chamarajanagar District & Sessions Court,2,15,2025-09-29,Filed
CS202501233,FIR202501333,P009929,Fraud,BNS 318(4),PI Naveen Patil,Bengaluru Urban District & Sessions Court,18,7,2025-09-29,Pending Scrutiny
CS202501253,FIR202504100,P009295,Murder,BNS 103(1),SI Ganesh Rao,Bengaluru Urban District & Sessions Court,12,30,2025-09-29,Pending Scrutiny
CS202501340,FIR202502419,P007713,POCSO,"POCSO Act Sec 4, BNS 64",PI Ramesh Gowda,Belagavi District & Sessions Court,10,23,2025-09-30,Pending Scrutiny
CS202501327,FIR202500619,P009391,Assault,"BNS 115(2), BNS 117(2)",PI Chetan Kumar,Chamarajanagar District & Sessions Court,12,16,2025-09-30,Filed
CS202501298,FIR202500563,P009683,Fraud,BNS 318(4),SI Divya Hegde,Chamarajanagar District & Sessions Court,14,5,2025-09-30,Pending Scrutiny
CS202501243,FIR202504048,P000831,Theft,BNS 303(2),PI Naveen Patil,Bengaluru Urban District & Sessions Court,7,8,2025-09-30,Pending Scrutiny
CS202501015,FIR202504954,P001348,Assault,"BNS 115(2), BNS 117(2)",SI Ganesh Rao,Bengaluru Rural District & Sessions Court,7,10,2025-09-30,Returned for Correction
CS202501370,FIR202500164,P006821,Cyber Crime,"IT Act 66D, BNS 318(4)",SI Prakash Sharma,Chamarajanagar District & Sessions Court,11,11,2025-09-30,Filed
CS202501406,FIR202503925,P001156,Robbery,BNS 309(4),SI Prakash Sharma,Belagavi District & Sessions Court,15,23,2025-09-30,Returned for Correction
CS202501425,FIR202504029,P006715,Assault,"BNS 115(2), BNS 117(2)",SI Ganesh Rao,Bengaluru Urban District & Sessions Court,17,15,2025-10-01,Accepted
CS202501336,FIR202500230,P003114,Cyber Crime,"IT Act 66D, BNS 318(4)",PI Naveen Patil,Bengaluru Rural District & Sessions Court,3,13,2025-10-02,Returned for Correction
CS202501252,FIR202504333,P009686,Burglary,"BNS 331(3), BNS 331(4)",PI Lakshmi Devi,Belagavi District & Sessions Court,8,9,2025-10-02,Returned for Correction
CS202501438,FIR202500731,P009567,POCSO,"POCSO Act Sec 4, BNS 64",SI Divya Hegde,Bagalkote District & Sessions Court,16,24,2025-10-02,Pending Scrutiny
CS202501313,FIR202503488,P008482,Murder,BNS 103(1),PI Naveen Patil,Bidar District & Sessions Court,6,26,2025-10-02,Returned for Correction
CS202501310,FIR202502524,P005218,Murder,BNS 103(1),PI Lakshmi Devi,Chikkaballapura District & Sessions Court,12,15,2025-10-02,Returned for Correction
CS202501140,FIR202500817,P007164,Burglary,"BNS 331(3), BNS 331(4)",PI Suresh Kulkarni,Bagalkote District & Sessions Court,12,22,2025-10-02,Accepted
CS202501150,FIR202502484,P005895,Theft,BNS 303(2),PI Harish Naik,Chamarajanagar District & Sessions Court,18,7,2025-10-02,Returned for Correction
CS202501366,FIR202500766,P000155,Murder,BNS 103(1),PI Suresh Kulkarni,Bengaluru Rural District & Sessions Court,12,30,2025-10-02,Returned for Correction
CS202501277,FIR202503680,P001093,Assault,"BNS 115(2), BNS 117(2)",PI Naveen Patil,Bidar District & Sessions Court,7,13,2025-10-02,Returned for Correction
CS202501436,FIR202503935,P008114,Fraud,BNS 318(4),PI Ramesh Gowda,Bidar District & Sessions Court,5,11,2025-10-03,Returned for Correction
CS202501157,FIR202504931,P003801,Murder,BNS 103(1),SI Ganesh Rao,Ballari District & Sessions Court,11,18,2025-10-03,Pending Scrutiny
CS202501160,FIR202502576,P009349,Murder,BNS 103(1),SI Ganesh Rao,Bengaluru Rural District & Sessions Court,15,24,2025-10-03,Accepted
CS202501209,FIR202501900,P007867,Fraud,BNS 318(4),PI Chetan Kumar,Chamarajanagar District & Sessions Court,5,22,2025-10-03,Accepted
CS202501525,FIR202501112,P004577,Theft,BNS 303(2),SI Ravi Kumar,Bengaluru Urban District & Sessions Court,15,4,2025-10-03,Returned for Correction
CS202501478,FIR202503038,P000507,Assault,"BNS 115(2), BNS 117(2)",SI Prakash Sharma,Bengaluru Rural District & Sessions Court,4,8,2025-10-04,Returned for Correction
CS202501296,FIR202503406,P001017,Assault,"BNS 115(2), BNS 117(2)",PI Suresh Kulkarni,Bidar District & Sessions Court,2,21,2025-10-04,Accepted
CS202501427,FIR202503885,P006496,Robbery,BNS 309(4),SI Prakash Sharma,Chamarajanagar District & Sessions Court,6,22,2025-10-04,Pending Scrutiny
CS202501102,FIR202501367,P004782,Dacoity,BNS 310(2),PI Chetan Kumar,Bagalkote District & Sessions Court,14,20,2025-10-04,Pending Scrutiny
CS202501203,FIR202503040,P009820,Assault,"BNS 115(2), BNS 117(2)",PI Lakshmi Devi,Chamarajanagar District & Sessions Court,16,16,2025-10-04,Accepted
CS202501352,FIR202501151,P005512,NDPS,NDPS Act Sec 20(b),SI Prakash Sharma,Ballari District & Sessions Court,2,6,2025-10-04,Pending Scrutiny
CS202501142,FIR202502497,P000971,POCSO,"POCSO Act Sec 4, BNS 64",PI Chetan Kumar,Chamarajanagar District & Sessions Court,8,13,2025-10-04,Pending Scrutiny
CS202501360,FIR202500687,P002478,NDPS,NDPS Act Sec 20(b),PI Suresh Kulkarni,Chamarajanagar District & Sessions Court,3,10,2025-10-04,Filed
CS202501136,FIR202503591,P001016,Fraud,BNS 318(4),PI Suresh Kulkarni,Bengaluru Urban District & Sessions Court,6,26,2025-10-05,Filed
CS202501437,FIR202503665,P004233,Fraud,BNS 318(4),PI Suresh Kulkarni,Bengaluru Urban District & Sessions Court,8,11,2025-10-05,Returned for Correction
CS202501097,FIR202501095,P009631,Theft,BNS 303(2),PI Harish Naik,Belagavi District & Sessions Court,15,25,2025-10-05,Pending Scrutiny
CS202501349,FIR202502940,P003614,Assault,"BNS 115(2), BNS 117(2)",SI Divya Hegde,Ballari District & Sessions Court,16,28,2025-10-05,Pending Scrutiny
CS202501490,FIR202502370,P009153,Vehicle Theft,BNS 303(2),SI Mahesh Bhat,Bagalkote District & Sessions Court,5,9,2025-10-05,Pending Scrutiny
CS202501354,FIR202501267,P006431,Dacoity,BNS 310(2),PI Harish Naik,Chamarajanagar District & Sessions Court,6,14,2025-10-05,Pending Scrutiny
CS202501274,FIR202501917,P009405,Cyber Crime,"IT Act 66D, BNS 318(4)",PI Lakshmi Devi,Bengaluru Rural District & Sessions Court,14,5,2025-10-05,Accepted
CS202501334,FIR202501678,P008778,NDPS,NDPS Act Sec 20(b),SI Ganesh Rao,Chamarajanagar District & Sessions Court,8,8,2025-10-06,Returned for Correction
CS202501284,FIR202501354,P007886,Murder,BNS 103(1),PI Harish Naik,Chamarajanagar District & Sessions Court,16,14,2025-10-06,Returned for Correction
CS202501285,FIR202503347,P004481,Burglary,"BNS 331(3), BNS 331(4)",SI Divya Hegde,Chamarajanagar District & Sessions Court,13,26,2025-10-06,Returned for Correction
CS202501389,FIR202503020,P006032,Assault,"BNS 115(2), BNS 117(2)",PI Suresh Kulkarni,Bengaluru Urban District & Sessions Court,16,20,2025-10-07,Filed
CS202501305,FIR202500641,P001989,Fraud,BNS 318(4),SI Divya Hegde,Bengaluru Rural District & Sessions Court,2,10,2025-10-07,Filed
CS202501287,FIR202503172,P004046,Dacoity,BNS 310(2),PI Lakshmi Devi,Bengaluru Urban District & Sessions Court,15,14,2025-10-07,Pending Scrutiny
CS202501488,FIR202501018,P002584,Fraud,BNS 318(4),PI Harish Naik,Ballari District & Sessions Court,5,8,2025-10-07,Returned for Correction
CS202501324,FIR202503790,P005969,Cyber Crime,"IT Act 66D, BNS 318(4)",PI Chetan Kumar,Bengaluru Rural District & Sessions Court,9,13,2025-10-07,Pending Scrutiny
CS202501371,FIR202500305,P009039,Theft,BNS 303(2),PI Chetan Kumar,Bengaluru Urban District & Sessions Court,15,25,2025-10-07,Pending Scrutiny
CS202501195,FIR202500752,P009942,Burglary,"BNS 331(3), BNS 331(4)",SI Divya Hegde,Bidar District & Sessions Court,6,12,2025-10-07,Returned for Correction
CS202501268,FIR202501410,P008050,Fraud,BNS 318(4),PI Harish Naik,Bidar District & Sessions Court,6,21,2025-10-07,Filed
CS202501043,FIR202502293,P004664,NDPS,NDPS Act Sec 20(b),SI Divya Hegde,Bidar District & Sessions Court,15,29,2025-10-07,Pending Scrutiny
CS202501464,FIR202502665,P009286,Assault,"BNS 115(2), BNS 117(2)",PI Suresh Kulkarni,Ballari District & Sessions Court,11,3,2025-10-07,Filed
CS202501189,FIR202501564,P008042,Cyber Crime,"IT Act 66D, BNS 318(4)",PI Naveen Patil,Chamarajanagar District & Sessions Court,4,29,2025-10-07,Returned for Correction
CS202501227,FIR202501850,P003363,Burglary,"BNS 331(3), BNS 331(4)",SI Divya Hegde,Chamarajanagar District & Sessions Court,16,12,2025-10-08,Returned for Correction
CS202501387,FIR202501471,P006459,Theft,BNS 303(2),PI Harish Naik,Bengaluru Urban District & Sessions Court,2,4,2025-10-08,Accepted
CS202501256,FIR202504058,P004395,Cyber Crime,"IT Act 66D, BNS 318(4)",PI Chetan Kumar,Bengaluru Urban District & Sessions Court,9,5,2025-10-08,Returned for Correction
CS202501057,FIR202501376,P009670,Theft,BNS 303(2),PI Lakshmi Devi,Belagavi District & Sessions Court,16,12,2025-10-08,Returned for Correction
CS202501218,FIR202502838,P005221,Murder,BNS 103(1),SI Ravi Kumar,Bagalkote District & Sessions Court,16,11,2025-10-08,Accepted
CS202501432,FIR202502675,P008525,Robbery,BNS 309(4),PI Naveen Patil,Bengaluru Rural District & Sessions Court,12,21,2025-10-08,Filed
CS202501143,FIR202504255,P002007,Murder,BNS 103(1),PI Ramesh Gowda,Chamarajanagar District & Sessions Court,6,4,2025-10-08,Filed
CS202501301,FIR202503649,P007873,POCSO,"POCSO Act Sec 4, BNS 64",SI Prakash Sharma,Chamarajanagar District & Sessions Court,13,12,2025-10-08,Accepted
CS202501317,FIR202504138,P001926,Robbery,BNS 309(4),PI Lakshmi Devi,Bengaluru Rural District & Sessions Court,10,25,2025-10-08,Accepted
CS202501332,FIR202500440,P006386,Fraud,BNS 318(4),SI Ganesh Rao,Belagavi District & Sessions Court,8,21,2025-10-08,Accepted
CS202501453,FIR202501701,P001036,NDPS,NDPS Act Sec 20(b),SI Ravi Kumar,Ballari District & Sessions Court,12,18,2025-10-08,Pending Scrutiny
CS202501279,FIR202500251,P006184,Theft,BNS 303(2),PI Harish Naik,Chamarajanagar District & Sessions Court,13,13,2025-10-08,Returned for Correction
CS202501357,FIR202503446,P003215,NDPS,NDPS Act Sec 20(b),SI Divya Hegde,Chamarajanagar District & Sessions Court,3,29,2025-10-09,Returned for Correction
CS202501448,FIR202504371,P007873,Murder,BNS 103(1),PI Harish Naik,Chamarajanagar District & Sessions Court,11,24,2025-10-09,Returned for Correction
CS202501323,FIR202504362,P003317,Assault,"BNS 115(2), BNS 117(2)",SI Prakash Sharma,Bengaluru Rural District & Sessions Court,8,7,2025-10-09,Accepted
CS202501516,FIR202503535,P006178,POCSO,"POCSO Act Sec 4, BNS 64",PI Lakshmi Devi,Bengaluru Rural District & Sessions Court,13,20,2025-10-09,Pending Scrutiny
CS202501347,FIR202500108,P001889,Burglary,"BNS 331(3), BNS 331(4)",PI Naveen Patil,Belagavi District & Sessions Court,16,17,2025-10-09,Returned for Correction
CS202501294,FIR202500148,P007634,Fraud,BNS 318(4),SI Divya Hegde,Bengaluru Urban District & Sessions Court,2,13,2025-10-09,Accepted
CS202501269,FIR202504379,P001968,Burglary,"BNS 331(3), BNS 331(4)",SI Mahesh Bhat,Chamarajanagar District & Sessions Court,6,23,2025-10-09,Accepted
CS202501377,FIR202503806,P001282,Cyber Crime,"IT Act 66D, BNS 318(4)",SI Ravi Kumar,Bengaluru Rural District & Sessions Court,16,9,2025-10-09,Filed
CS202501261,FIR202500413,P002098,NDPS,NDPS Act Sec 20(b),SI Mahesh Bhat,Chamarajanagar District & Sessions Court,10,6,2025-10-09,Pending Scrutiny
CS202501392,FIR202504628,P005935,Fraud,BNS 318(4),PI Naveen Patil,Chikkaballapura District & Sessions Court,11,8,2025-10-09,Returned for Correction
CS202501420,FIR202504728,P004064,Burglary,"BNS 331(3), BNS 331(4)",PI Suresh Kulkarni,Chamarajanagar District & Sessions Court,10,11,2025-10-09,Filed
CS202501318,FIR202503740,P000899,Vehicle Theft,BNS 303(2),PI Ramesh Gowda,Bidar District & Sessions Court,8,8,2025-10-09,Filed
CS202501351,FIR202500495,P008555,Murder,BNS 103(1),PI Suresh Kulkarni,Bidar District & Sessions Court,16,10,2025-10-10,Accepted
CS202501414,FIR202503254,P009882,Murder,BNS 103(1),PI Harish Naik,Bengaluru Rural District & Sessions Court,4,17,2025-10-11,Pending Scrutiny
CS202501458,FIR202500916,P007668,Theft,BNS 303(2),SI Ravi Kumar,Belagavi District & Sessions Court,6,13,2025-10-11,Accepted
CS202501581,FIR202501845,P007523,Dacoity,BNS 310(2),PI Ramesh Gowda,Bidar District & Sessions Court,2,9,2025-10-11,Returned for Correction
CS202501339,FIR202501894,P003691,Cyber Crime,"IT Act 66D, BNS 318(4)",SI Mahesh Bhat,Bengaluru Urban District & Sessions Court,18,18,2025-10-11,Accepted
CS202501529,FIR202504340,P006631,Assault,"BNS 115(2), BNS 117(2)",PI Suresh Kulkarni,Bidar District & Sessions Court,17,21,2025-10-12,Filed
CS202501167,FIR202503651,P008100,NDPS,NDPS Act Sec 20(b),SI Ganesh Rao,Bidar District & Sessions Court,11,25,2025-10-12,Filed
CS202501376,FIR202502368,P001615,Theft,BNS 303(2),PI Harish Naik,Bengaluru Urban District & Sessions Court,10,17,2025-10-12,Returned for Correction
CS202501263,FIR202500901,P004307,Vehicle Theft,BNS 303(2),PI Chetan Kumar,Bengaluru Urban District & Sessions Court,15,5,2025-10-12,Filed
CS202501501,FIR202504943,P001703,Theft,BNS 303(2),PI Chetan Kumar,Belagavi District & Sessions Court,11,28,2025-10-12,Returned for Correction
CS202501535,FIR202502886,P001148,Robbery,BNS 309(4),SI Ganesh Rao,Bengaluru Urban District & Sessions Court,10,30,2025-10-13,Pending Scrutiny
CS202501224,FIR202503590,P008952,Vehicle Theft,BNS 303(2),PI Chetan Kumar,Bengaluru Urban District & Sessions Court,4,25,2025-10-13,Accepted
CS202501521,FIR202500362,P005067,Murder,BNS 103(1),PI Lakshmi Devi,Bengaluru Rural District & Sessions Court,8,22,2025-10-13,Filed
CS202501264,FIR202504727,P001447,Assault,"BNS 115(2), BNS 117(2)",PI Lakshmi Devi,Bengaluru Rural District & Sessions Court,13,7,2025-10-13,Pending Scrutiny
CS202501353,FIR202503009,P000178,Burglary,"BNS 331(3), BNS 331(4)",PI Suresh Kulkarni,Bengaluru Urban District & Sessions Court,13,21,2025-10-13,Accepted
CS202501346,FIR202504594,P001121,Assault,"BNS 115(2), BNS 117(2)",SI Mahesh Bhat,Belagavi District & Sessions Court,17,13,2025-10-13,Filed
CS202501178,FIR202501677,P005252,Dacoity,BNS 310(2),SI Prakash Sharma,Bidar District & Sessions Court,2,15,2025-10-13,Filed
CS202501192,FIR202502781,P007817,Vehicle Theft,BNS 303(2),SI Prakash Sharma,Bidar District & Sessions Court,6,7,2025-10-14,Returned for Correction
CS202501505,FIR202502976,P008662,NDPS,NDPS Act Sec 20(b),PI Suresh Kulkarni,Bengaluru Rural District & Sessions Court,17,6,2025-10-14,Accepted
CS202501393,FIR202501119,P005607,Robbery,BNS 309(4),PI Suresh Kulkarni,Bidar District & Sessions Court,12,25,2025-10-14,Returned for Correction
CS202501295,FIR202500895,P008361,Vehicle Theft,BNS 303(2),SI Prakash Sharma,Bagalkote District & Sessions Court,5,25,2025-10-14,Pending Scrutiny
CS202501426,FIR202501176,P009568,Fraud,BNS 318(4),SI Divya Hegde,Chamarajanagar District & Sessions Court,11,6,2025-10-14,Pending Scrutiny
CS202501369,FIR202500601,P005242,Fraud,BNS 318(4),PI Chetan Kumar,Bagalkote District & Sessions Court,14,4,2025-10-14,Pending Scrutiny
CS202501382,FIR202504604,P007139,NDPS,NDPS Act Sec 20(b),PI Harish Naik,Bagalkote District & Sessions Court,17,9,2025-10-14,Returned for Correction
CS202501394,FIR202501970,P005207,Theft,BNS 303(2),PI Naveen Patil,Bagalkote District & Sessions Court,4,7,2025-10-15,Returned for Correction
CS202501495,FIR202503551,P004843,Cyber Crime,"IT Act 66D, BNS 318(4)",PI Harish Naik,Bagalkote District & Sessions Court,7,26,2025-10-15,Filed
CS202501604,FIR202502964,P008025,Dacoity,BNS 310(2),SI Divya Hegde,Chamarajanagar District & Sessions Court,8,21,2025-10-15,Returned for Correction
CS202501626,FIR202502897,P006213,Murder,BNS 103(1),PI Ramesh Gowda,Chikkaballapura District & Sessions Court,7,28,2025-10-15,Accepted
CS202501086,FIR202503156,P001925,Fraud,BNS 318(4),PI Chetan Kumar,Chamarajanagar District & Sessions Court,16,7,2025-10-15,Pending Scrutiny
CS202501342,FIR202504472,P008881,Murder,BNS 103(1),SI Divya Hegde,Ballari District & Sessions Court,10,26,2025-10-15,Accepted
CS202501130,FIR202502628,P007580,Assault,"BNS 115(2), BNS 117(2)",PI Chetan Kumar,Ballari District & Sessions Court,9,30,2025-10-15,Accepted
CS202501331,FIR202503075,P008343,Cyber Crime,"IT Act 66D, BNS 318(4)",PI Suresh Kulkarni,Bengaluru Rural District & Sessions Court,15,30,2025-10-15,Accepted
CS202501289,FIR202500929,P007610,Assault,"BNS 115(2), BNS 117(2)",PI Chetan Kumar,Bidar District & Sessions Court,15,4,2025-10-15,Filed
CS202501375,FIR202501909,P005131,Vehicle Theft,BNS 303(2),SI Divya Hegde,Bengaluru Urban District & Sessions Court,16,26,2025-10-15,Accepted
CS202501598,FIR202502243,P001050,Cyber Crime,"IT Act 66D, BNS 318(4)",PI Naveen Patil,Ballari District & Sessions Court,15,16,2025-10-16,Filed
CS202501330,FIR202504691,P003156,Burglary,"BNS 331(3), BNS 331(4)",PI Lakshmi Devi,Belagavi District & Sessions Court,3,6,2025-10-16,Filed
CS202501265,FIR202501876,P004597,POCSO,"POCSO Act Sec 4, BNS 64",SI Ganesh Rao,Bagalkote District & Sessions Court,7,16,2025-10-16,Filed
CS202501361,FIR202504468,P006303,POCSO,"POCSO Act Sec 4, BNS 64",SI Prakash Sharma,Bengaluru Rural District & Sessions Court,15,27,2025-10-17,Filed
CS202501276,FIR202503834,P004743,POCSO,"POCSO Act Sec 4, BNS 64",PI Ramesh Gowda,Belagavi District & Sessions Court,13,18,2025-10-17,Filed
CS202501625,FIR202503911,P007890,Cyber Crime,"IT Act 66D, BNS 318(4)",SI Ganesh Rao,Bengaluru Urban District & Sessions Court,8,22,2025-10-17,Returned for Correction
CS202501223,FIR202504777,P007114,NDPS,NDPS Act Sec 20(b),PI Naveen Patil,Bengaluru Urban District & Sessions Court,7,15,2025-10-17,Filed
CS202501374,FIR202501449,P009653,Burglary,"BNS 331(3), BNS 331(4)",PI Suresh Kulkarni,Bengaluru Rural District & Sessions Court,9,3,2025-10-17,Accepted
CS202501431,FIR202500886,P005667,Theft,BNS 303(2),PI Chetan Kumar,Bengaluru Rural District & Sessions Court,16,18,2025-10-18,Accepted
CS202501372,FIR202501225,P004005,NDPS,NDPS Act Sec 20(b),SI Ravi Kumar,Chamarajanagar District & Sessions Court,15,5,2025-10-18,Filed
CS202501288,FIR202501310,P005365,Vehicle Theft,BNS 303(2),PI Suresh Kulkarni,Bengaluru Urban District & Sessions Court,18,11,2025-10-18,Pending Scrutiny
CS202501356,FIR202501398,P002374,Theft,BNS 303(2),SI Ganesh Rao,Belagavi District & Sessions Court,4,14,2025-10-18,Pending Scrutiny
CS202501661,FIR202504006,P003999,Fraud,BNS 318(4),PI Naveen Patil,Chamarajanagar District & Sessions Court,17,14,2025-10-18,Accepted
CS202501517,FIR202504245,P000663,Cyber Crime,"IT Act 66D, BNS 318(4)",SI Prakash Sharma,Bengaluru Urban District & Sessions Court,4,8,2025-10-18,Accepted
CS202501494,FIR202501307,P005089,Fraud,BNS 318(4),PI Suresh Kulkarni,Belagavi District & Sessions Court,16,18,2025-10-18,Filed
CS202501398,FIR202504002,P000269,Assault,"BNS 115(2), BNS 117(2)",SI Ganesh Rao,Ballari District & Sessions Court,8,23,2025-10-18,Filed
CS202501299,FIR202500693,P000773,Cyber Crime,"IT Act 66D, BNS 318(4)",PI Chetan Kumar,Bengaluru Urban District & Sessions Court,18,24,2025-10-18,Accepted
CS202501457,FIR202501877,P003062,Murder,BNS 103(1),PI Harish Naik,Ballari District & Sessions Court,17,24,2025-10-18,Returned for Correction
CS202501469,FIR202503677,P002542,Fraud,BNS 318(4),PI Harish Naik,Bengaluru Urban District & Sessions Court,2,29,2025-10-18,Accepted
CS202501502,FIR202501384,P006485,Cyber Crime,"IT Act 66D, BNS 318(4)",PI Naveen Patil,Bengaluru Urban District & Sessions Court,16,8,2025-10-18,Filed
CS202501403,FIR202502396,P007313,Murder,BNS 103(1),SI Ganesh Rao,Bidar District & Sessions Court,8,15,2025-10-19,Filed
CS202501343,FIR202502748,P003159,Dacoity,BNS 310(2),PI Naveen Patil,Bidar District & Sessions Court,17,20,2025-10-19,Filed
CS202501615,FIR202503828,P002706,NDPS,NDPS Act Sec 20(b),SI Divya Hegde,Bagalkote District & Sessions Court,3,18,2025-10-19,Returned for Correction
CS202501628,FIR202500109,P005386,POCSO,"POCSO Act Sec 4, BNS 64",PI Ramesh Gowda,Bengaluru Rural District & Sessions Court,8,18,2025-10-19,Filed
CS202501641,FIR202502770,P008767,Vehicle Theft,BNS 303(2),SI Mahesh Bhat,Bengaluru Urban District & Sessions Court,5,4,2025-10-20,Filed
CS202501482,FIR202502525,P004246,POCSO,"POCSO Act Sec 4, BNS 64",PI Naveen Patil,Chamarajanagar District & Sessions Court,4,25,2025-10-20,Returned for Correction
CS202501522,FIR202502981,P003186,Robbery,BNS 309(4),SI Ganesh Rao,Chamarajanagar District & Sessions Court,5,27,2025-10-20,Pending Scrutiny
CS202501493,FIR202504165,P005143,POCSO,"POCSO Act Sec 4, BNS 64",PI Naveen Patil,Chamarajanagar District & Sessions Court,7,16,2025-10-20,Pending Scrutiny
CS202501460,FIR202501062,P006212,Assault,"BNS 115(2), BNS 117(2)",PI Suresh Kulkarni,Bengaluru Urban District & Sessions Court,12,11,2025-10-20,Accepted
CS202501471,FIR202500123,P000223,Vehicle Theft,BNS 303(2),PI Harish Naik,Bagalkote District & Sessions Court,16,24,2025-10-21,Accepted
CS202501563,FIR202501782,P004660,Theft,BNS 303(2),SI Ravi Kumar,Chamarajanagar District & Sessions Court,6,27,2025-10-21,Returned for Correction
CS202501475,FIR202502241,P007442,Assault,"BNS 115(2), BNS 117(2)",SI Divya Hegde,Belagavi District & Sessions Court,3,23,2025-10-21,Filed
CS202501177,FIR202502670,P002485,POCSO,"POCSO Act Sec 4, BNS 64",SI Mahesh Bhat,Bengaluru Rural District & Sessions Court,3,6,2025-10-21,Returned for Correction
CS202501447,FIR202503939,P006370,Dacoity,BNS 310(2),PI Harish Naik,Chamarajanagar District & Sessions Court,3,18,2025-10-21,Pending Scrutiny
CS202501451,FIR202500005,P003003,Fraud,BNS 318(4),SI Divya Hegde,Bengaluru Urban District & Sessions Court,17,5,2025-10-21,Filed
CS202501402,FIR202504260,P000922,Assault,"BNS 115(2), BNS 117(2)",SI Mahesh Bhat,Bidar District & Sessions Court,9,11,2025-10-21,Accepted
CS202501307,FIR202501590,P007964,Vehicle Theft,BNS 303(2),PI Lakshmi Devi,Ballari District & Sessions Court,18,24,2025-10-21,Accepted
CS202501329,FIR202504984,P009745,NDPS,NDPS Act Sec 20(b),PI Ramesh Gowda,Belagavi District & Sessions Court,13,17,2025-10-22,Filed
CS202501424,FIR202503553,P008588,Fraud,BNS 318(4),SI Prakash Sharma,Bengaluru Urban District & Sessions Court,15,12,2025-10-22,Pending Scrutiny
CS202501179,FIR202502903,P005009,Dacoity,BNS 310(2),PI Harish Naik,Chamarajanagar District & Sessions Court,9,13,2025-10-22,Returned for Correction
CS202501645,FIR202502538,P002883,Burglary,"BNS 331(3), BNS 331(4)",PI Naveen Patil,Bengaluru Urban District & Sessions Court,11,8,2025-10-22,Accepted
CS202501337,FIR202501629,P007268,Theft,BNS 303(2),SI Divya Hegde,Bidar District & Sessions Court,17,4,2025-10-23,Accepted
CS202501651,FIR202502043,P007421,Burglary,"BNS 331(3), BNS 331(4)",PI Harish Naik,Bengaluru Rural District & Sessions Court,3,3,2025-10-23,Filed
CS202501461,FIR202500953,P000457,Robbery,BNS 309(4),PI Ramesh Gowda,Chikkaballapura District & Sessions Court,18,10,2025-10-23,Returned for Correction
CS202501534,FIR202501632,P009358,NDPS,NDPS Act Sec 20(b),PI Naveen Patil,Bengaluru Urban District & Sessions Court,2,3,2025-10-23,Accepted
CS202501662,FIR202502207,P001127,Theft,BNS 303(2),SI Ravi Kumar,Belagavi District & Sessions Court,15,16,2025-10-23,Accepted
CS202501558,FIR202501746,P004566,NDPS,NDPS Act Sec 20(b),SI Ravi Kumar,Belagavi District & Sessions Court,4,10,2025-10-23,Returned for Correction
CS202501365,FIR202500719,P006052,Cyber Crime,"IT Act 66D, BNS 318(4)",PI Harish Naik,Bengaluru Rural District & Sessions Court,11,17,2025-10-23,Accepted
CS202501215,FIR202502692,P007839,NDPS,NDPS Act Sec 20(b),SI Prakash Sharma,Bidar District & Sessions Court,4,27,2025-10-23,Filed
CS202501565,FIR202504596,P000709,Fraud,BNS 318(4),SI Mahesh Bhat,Bengaluru Urban District & Sessions Court,16,24,2025-10-24,Pending Scrutiny
CS202501421,FIR202504016,P003681,Assault,"BNS 115(2), BNS 117(2)",PI Harish Naik,Belagavi District & Sessions Court,17,24,2025-10-24,Filed
CS202501450,FIR202502514,P009037,Burglary,"BNS 331(3), BNS 331(4)",PI Harish Naik,Bengaluru Urban District & Sessions Court,10,18,2025-10-24,Filed
CS202501319,FIR202502184,P008943,POCSO,"POCSO Act Sec 4, BNS 64",SI Mahesh Bhat,Chamarajanagar District & Sessions Court,8,19,2025-10-24,Returned for Correction
CS202501675,FIR202502175,P007962,Murder,BNS 103(1),SI Prakash Sharma,Bengaluru Rural District & Sessions Court,16,21,2025-10-24,Returned for Correction
CS202501514,FIR202501278,P003843,Murder,BNS 103(1),PI Suresh Kulkarni,Bagalkote District & Sessions Court,5,29,2025-10-24,Returned for Correction
CS202501210,FIR202504577,P005561,Fraud,BNS 318(4),SI Prakash Sharma,Chamarajanagar District & Sessions Court,15,28,2025-10-25,Pending Scrutiny
CS202501455,FIR202501259,P004904,Cyber Crime,"IT Act 66D, BNS 318(4)",PI Chetan Kumar,Bengaluru Urban District & Sessions Court,10,30,2025-10-25,Pending Scrutiny
CS202501397,FIR202500456,P000383,Cyber Crime,"IT Act 66D, BNS 318(4)",PI Naveen Patil,Bagalkote District & Sessions Court,11,18,2025-10-25,Pending Scrutiny
CS202501304,FIR202504563,P005782,Assault,"BNS 115(2), BNS 117(2)",SI Prakash Sharma,Bidar District & Sessions Court,8,9,2025-10-25,Pending Scrutiny
CS202501314,FIR202503412,P000026,Fraud,BNS 318(4),PI Suresh Kulkarni,Ballari District & Sessions Court,18,12,2025-10-25,Returned for Correction
CS202501508,FIR202503203,P009724,NDPS,NDPS Act Sec 20(b),SI Ganesh Rao,Bidar District & Sessions Court,15,4,2025-10-25,Accepted
CS202501654,FIR202500137,P006778,POCSO,"POCSO Act Sec 4, BNS 64",PI Chetan Kumar,Chamarajanagar District & Sessions Court,16,13,2025-10-25,Filed
CS202501439,FIR202501036,P002579,POCSO,"POCSO Act Sec 4, BNS 64",SI Divya Hegde,Bengaluru Rural District & Sessions Court,9,19,2025-10-25,Pending Scrutiny
CS202501503,FIR202504542,P002540,Burglary,"BNS 331(3), BNS 331(4)",SI Mahesh Bhat,Chamarajanagar District & Sessions Court,12,12,2025-10-25,Returned for Correction
CS202501642,FIR202501863,P001964,Vehicle Theft,BNS 303(2),PI Chetan Kumar,Bengaluru Urban District & Sessions Court,12,3,2025-10-25,Filed
CS202501527,FIR202501768,P001013,Burglary,"BNS 331(3), BNS 331(4)",SI Prakash Sharma,Bengaluru Rural District & Sessions Court,13,19,2025-10-26,Filed
CS202501433,FIR202501931,P000188,Cyber Crime,"IT Act 66D, BNS 318(4)",SI Divya Hegde,Bengaluru Urban District & Sessions Court,5,12,2025-10-26,Accepted
CS202501322,FIR202500138,P006602,Dacoity,BNS 310(2),SI Ravi Kumar,Belagavi District & Sessions Court,11,28,2025-10-26,Pending Scrutiny
CS202501411,FIR202503962,P002770,Assault,"BNS 115(2), BNS 117(2)",PI Ramesh Gowda,Bidar District & Sessions Court,13,25,2025-10-26,Accepted
CS202501500,FIR202503563,P005603,Cyber Crime,"IT Act 66D, BNS 318(4)",PI Ramesh Gowda,Belagavi District & Sessions Court,11,26,2025-10-26,Returned for Correction
CS202501338,FIR202501329,P006482,Fraud,BNS 318(4),SI Ravi Kumar,Bengaluru Urban District & Sessions Court,11,16,2025-10-26,Returned for Correction
CS202501405,FIR202503191,P005586,Theft,BNS 303(2),PI Chetan Kumar,Belagavi District & Sessions Court,15,15,2025-10-27,Filed
CS202501691,FIR202502634,P008871,Fraud,BNS 318(4),PI Harish Naik,Bagalkote District & Sessions Court,17,8,2025-10-27,Filed
CS202501383,FIR202504605,P002303,NDPS,NDPS Act Sec 20(b),SI Ravi Kumar,Chamarajanagar District & Sessions Court,2,8,2025-10-27,Accepted
CS202501538,FIR202501342,P006986,Fraud,BNS 318(4),PI Harish Naik,Bengaluru Urban District & Sessions Court,18,21,2025-10-27,Accepted
CS202501627,FIR202504060,P006723,Theft,BNS 303(2),SI Divya Hegde,Chamarajanagar District & Sessions Court,7,8,2025-10-27,Filed
CS202501415,FIR202504038,P001068,Cyber Crime,"IT Act 66D, BNS 318(4)",PI Chetan Kumar,Bengaluru Rural District & Sessions Court,12,18,2025-10-27,Returned for Correction
CS202501473,FIR202500758,P003276,Fraud,BNS 318(4),SI Divya Hegde,Bagalkote District & Sessions Court,15,13,2025-10-27,Pending Scrutiny
CS202501231,FIR202501239,P005508,Cyber Crime,"IT Act 66D, BNS 318(4)",PI Ramesh Gowda,Chamarajanagar District & Sessions Court,17,5,2025-10-27,Returned for Correction
CS202501468,FIR202502117,P004278,Vehicle Theft,BNS 303(2),SI Prakash Sharma,Bagalkote District & Sessions Court,11,26,2025-10-27,Accepted
CS202501519,FIR202503308,P006280,Burglary,"BNS 331(3), BNS 331(4)",PI Ramesh Gowda,Bagalkote District & Sessions Court,3,3,2025-10-27,Filed
CS202501561,FIR202502820,P006861,Murder,BNS 103(1),SI Prakash Sharma,Chikkaballapura District & Sessions Court,12,26,2025-10-28,Pending Scrutiny
CS202501542,FIR202502934,P003085,POCSO,"POCSO Act Sec 4, BNS 64",PI Chetan Kumar,Belagavi District & Sessions Court,7,12,2025-10-28,Filed
CS202501399,FIR202501382,P007157,Robbery,BNS 309(4),PI Lakshmi Devi,Chamarajanagar District & Sessions Court,14,20,2025-10-28,Returned for Correction
CS202501390,FIR202502060,P003536,Murder,BNS 103(1),PI Ramesh Gowda,Ballari District & Sessions Court,15,14,2025-10-28,Returned for Correction
CS202501699,FIR202502539,P002155,Fraud,BNS 318(4),PI Chetan Kumar,Bengaluru Urban District & Sessions Court,13,23,2025-10-28,Pending Scrutiny
CS202501380,FIR202500713,P004979,Fraud,BNS 318(4),SI Ravi Kumar,Bengaluru Rural District & Sessions Court,12,28,2025-10-28,Filed
CS202501736,FIR202500086,P008190,Dacoity,BNS 310(2),PI Suresh Kulkarni,Bidar District & Sessions Court,8,12,2025-10-29,Accepted
CS202501484,FIR202501266,P007295,Fraud,BNS 318(4),SI Prakash Sharma,Bengaluru Rural District & Sessions Court,14,16,2025-10-29,Returned for Correction
CS202501593,FIR202503671,P002992,Murder,BNS 103(1),SI Mahesh Bhat,Belagavi District & Sessions Court,13,29,2025-10-29,Pending Scrutiny
CS202501410,FIR202504089,P009514,NDPS,NDPS Act Sec 20(b),PI Lakshmi Devi,Chamarajanagar District & Sessions Court,11,13,2025-10-29,Filed
CS202501364,FIR202504662,P008990,Vehicle Theft,BNS 303(2),SI Ravi Kumar,Belagavi District & Sessions Court,2,15,2025-10-29,Accepted
CS202501549,FIR202502045,P002220,Burglary,"BNS 331(3), BNS 331(4)",PI Lakshmi Devi,Bengaluru Urban District & Sessions Court,15,10,2025-10-30,Pending Scrutiny
CS202501400,FIR202501330,P005108,Cyber Crime,"IT Act 66D, BNS 318(4)",SI Ravi Kumar,Bengaluru Urban District & Sessions Court,7,23,2025-10-30,Returned for Correction
CS202501630,FIR202502549,P002855,Cyber Crime,"IT Act 66D, BNS 318(4)",PI Naveen Patil,Belagavi District & Sessions Court,13,19,2025-10-30,Filed
CS202501443,FIR202501669,P002237,Theft,BNS 303(2),PI Suresh Kulkarni,Belagavi District & Sessions Court,9,12,2025-10-30,Accepted
CS202501573,FIR202503201,P002223,Burglary,"BNS 331(3), BNS 331(4)",PI Harish Naik,Bengaluru Rural District & Sessions Court,4,17,2025-10-30,Accepted
CS202501309,FIR202503216,P000613,Assault,"BNS 115(2), BNS 117(2)",PI Naveen Patil,Ballari District & Sessions Court,17,29,2025-10-30,Filed
CS202501419,FIR202500487,P007815,Vehicle Theft,BNS 303(2),SI Mahesh Bhat,Bengaluru Rural District & Sessions Court,7,25,2025-10-31,Returned for Correction
CS202501528,FIR202501508,P008414,Cyber Crime,"IT Act 66D, BNS 318(4)",PI Suresh Kulkarni,Bengaluru Urban District & Sessions Court,10,26,2025-10-31,Accepted
CS202501689,FIR202502965,P005926,NDPS,NDPS Act Sec 20(b),SI Ravi Kumar,Bagalkote District & Sessions Court,2,6,2025-10-31,Returned for Correction
CS202501485,FIR202503237,P002228,Fraud,BNS 318(4),SI Ganesh Rao,Chamarajanagar District & Sessions Court,18,27,2025-10-31,Accepted
CS202501477,FIR202501829,P008920,Cyber Crime,"IT Act 66D, BNS 318(4)",PI Ramesh Gowda,Bidar District & Sessions Court,8,30,2025-10-31,Filed
CS202501385,FIR202503726,P007117,Burglary,"BNS 331(3), BNS 331(4)",PI Naveen Patil,Chamarajanagar District & Sessions Court,9,7,2025-10-31,Filed
CS202501613,FIR202504971,P009875,Theft,BNS 303(2),PI Lakshmi Devi,Chikkaballapura District & Sessions Court,4,24,2025-11-01,Returned for Correction
CS202501435,FIR202504229,P007749,Vehicle Theft,BNS 303(2),SI Ravi Kumar,Bengaluru Urban District & Sessions Court,12,29,2025-11-01,Returned for Correction
CS202501646,FIR202502590,P008597,Assault,"BNS 115(2), BNS 117(2)",SI Ganesh Rao,Ballari District & Sessions Court,17,10,2025-11-01,Accepted
CS202501576,FIR202504698,P002021,Assault,"BNS 115(2), BNS 117(2)",SI Ganesh Rao,Belagavi District & Sessions Court,2,29,2025-11-01,Returned for Correction
CS202501590,FIR202500191,P007800,Assault,"BNS 115(2), BNS 117(2)",SI Ganesh Rao,Bidar District & Sessions Court,18,15,2025-11-01,Returned for Correction
CS202501551,FIR202501017,P003115,Assault,"BNS 115(2), BNS 117(2)",SI Mahesh Bhat,Bagalkote District & Sessions Court,10,26,2025-11-01,Returned for Correction
CS202501452,FIR202504062,P005679,Dacoity,BNS 310(2),SI Ravi Kumar,Ballari District & Sessions Court,11,14,2025-11-01,Filed
CS202501575,FIR202501429,P007532,Burglary,"BNS 331(3), BNS 331(4)",PI Suresh Kulkarni,Bengaluru Rural District & Sessions Court,15,10,2025-11-02,Accepted
CS202501510,FIR202503011,P004866,Burglary,"BNS 331(3), BNS 331(4)",SI Ravi Kumar,Bengaluru Urban District & Sessions Court,15,22,2025-11-02,Pending Scrutiny
CS202501272,FIR202502619,P005160,Dacoity,BNS 310(2),SI Ravi Kumar,Bidar District & Sessions Court,16,9,2025-11-02,Filed
CS202501643,FIR202500651,P008712,Burglary,"BNS 331(3), BNS 331(4)",PI Chetan Kumar,Chamarajanagar District & Sessions Court,6,25,2025-11-02,Returned for Correction
CS202501280,FIR202504366,P007755,NDPS,NDPS Act Sec 20(b),PI Harish Naik,Bidar District & Sessions Court,6,21,2025-11-02,Accepted
CS202501656,FIR202502944,P000500,Murder,BNS 103(1),SI Ravi Kumar,Bidar District & Sessions Court,6,24,2025-11-02,Pending Scrutiny
CS202501480,FIR202501145,P001142,Burglary,"BNS 331(3), BNS 331(4)",PI Chetan Kumar,Bengaluru Urban District & Sessions Court,7,5,2025-11-02,Filed
CS202501504,FIR202503307,P006091,Cyber Crime,"IT Act 66D, BNS 318(4)",SI Prakash Sharma,Bengaluru Urban District & Sessions Court,2,29,2025-11-03,Pending Scrutiny
CS202501444,FIR202502318,P003498,Cyber Crime,"IT Act 66D, BNS 318(4)",PI Harish Naik,Bengaluru Urban District & Sessions Court,14,9,2025-11-03,Accepted
CS202501727,FIR202503438,P005069,NDPS,NDPS Act Sec 20(b),PI Chetan Kumar,Chamarajanagar District & Sessions Court,6,25,2025-11-03,Returned for Correction
CS202501715,FIR202503893,P003101,Fraud,BNS 318(4),SI Prakash Sharma,Bengaluru Urban District & Sessions Court,13,3,2025-11-03,Pending Scrutiny
CS202501476,FIR202504516,P007200,Vehicle Theft,BNS 303(2),SI Mahesh Bhat,Chikkaballapura District & Sessions Court,2,30,2025-11-03,Filed
CS202501428,FIR202503336,P005876,Burglary,"BNS 331(3), BNS 331(4)",PI Naveen Patil,Chamarajanagar District & Sessions Court,18,6,2025-11-03,Accepted
CS202501638,FIR202500306,P001925,POCSO,"POCSO Act Sec 4, BNS 64",PI Lakshmi Devi,Chamarajanagar District & Sessions Court,4,6,2025-11-03,Filed
CS202501434,FIR202504463,P005018,NDPS,NDPS Act Sec 20(b),SI Divya Hegde,Bidar District & Sessions Court,6,17,2025-11-03,Accepted
CS202501379,FIR202504916,P009988,Theft,BNS 303(2),SI Ravi Kumar,Chikkaballapura District & Sessions Court,16,27,2025-11-04,Accepted
CS202501632,FIR202504856,P001799,Cyber Crime,"IT Act 66D, BNS 318(4)",SI Ravi Kumar,Bengaluru Urban District & Sessions Court,12,12,2025-11-04,Accepted
CS202501499,FIR202504455,P007729,Dacoity,BNS 310(2),PI Suresh Kulkarni,Chikkaballapura District & Sessions Court,14,23,2025-11-04,Returned for Correction
CS202501442,FIR202501911,P001207,NDPS,NDPS Act Sec 20(b),PI Chetan Kumar,Bengaluru Rural District & Sessions Court,9,21,2025-11-04,Filed
CS202501381,FIR202504760,P001126,Dacoity,BNS 310(2),SI Mahesh Bhat,Belagavi District & Sessions Court,2,28,2025-11-04,Returned for Correction
CS202501587,FIR202500166,P001833,Burglary,"BNS 331(3), BNS 331(4)",SI Ravi Kumar,Bengaluru Urban District & Sessions Court,8,6,2025-11-05,Filed
CS202501784,FIR202502258,P009167,Assault,"BNS 115(2), BNS 117(2)",SI Mahesh Bhat,Bidar District & Sessions Court,9,11,2025-11-05,Returned for Correction
CS202501512,FIR202503228,P007666,Dacoity,BNS 310(2),SI Ganesh Rao,Bengaluru Urban District & Sessions Court,9,13,2025-11-05,Filed
CS202501378,FIR202502703,P008077,Vehicle Theft,BNS 303(2),SI Divya Hegde,Bengaluru Rural District & Sessions Court,4,5,2025-11-05,Filed
CS202501326,FIR202502709,P009888,NDPS,NDPS Act Sec 20(b),SI Prakash Sharma,Bagalkote District & Sessions Court,11,29,2025-11-06,Returned for Correction
CS202501570,FIR202501530,P001868,Assault,"BNS 115(2), BNS 117(2)",PI Naveen Patil,Bengaluru Rural District & Sessions Court,18,15,2025-11-06,Pending Scrutiny
CS202501359,FIR202501314,P009709,Murder,BNS 103(1),SI Prakash Sharma,Chikkaballapura District & Sessions Court,13,26,2025-11-06,Pending Scrutiny
CS202501586,FIR202503891,P005144,Vehicle Theft,BNS 303(2),SI Ganesh Rao,Ballari District & Sessions Court,2,5,2025-11-06,Pending Scrutiny
CS202501673,FIR202502893,P008657,Assault,"BNS 115(2), BNS 117(2)",PI Lakshmi Devi,Belagavi District & Sessions Court,11,26,2025-11-06,Returned for Correction
CS202501780,FIR202504967,P003601,Theft,BNS 303(2),PI Naveen Patil,Belagavi District & Sessions Court,9,29,2025-11-06,Filed
CS202501764,FIR202503912,P001154,Robbery,BNS 309(4),PI Lakshmi Devi,Bidar District & Sessions Court,2,17,2025-11-06,Filed
CS202501564,FIR202502989,P009791,Fraud,BNS 318(4),SI Ravi Kumar,Chikkaballapura District & Sessions Court,18,23,2025-11-07,Filed
CS202501515,FIR202504308,P004307,Theft,BNS 303(2),PI Ramesh Gowda,Belagavi District & Sessions Court,3,19,2025-11-07,Pending Scrutiny
CS202501555,FIR202504014,P008353,Theft,BNS 303(2),PI Suresh Kulkarni,Chikkaballapura District & Sessions Court,7,19,2025-11-07,Filed
CS202501303,FIR202500707,P003423,Dacoity,BNS 310(2),SI Mahesh Bhat,Bidar District & Sessions Court,8,16,2025-11-07,Accepted
CS202501640,FIR202504566,P007086,Vehicle Theft,BNS 303(2),SI Ganesh Rao,Bengaluru Urban District & Sessions Court,18,29,2025-11-07,Returned for Correction
CS202501762,FIR202503971,P006855,NDPS,NDPS Act Sec 20(b),SI Prakash Sharma,Chikkaballapura District & Sessions Court,16,20,2025-11-08,Filed
CS202501798,FIR202500337,P007290,Vehicle Theft,BNS 303(2),PI Naveen Patil,Bengaluru Urban District & Sessions Court,16,27,2025-11-08,Filed
CS202501607,FIR202504358,P008413,Murder,BNS 103(1),PI Chetan Kumar,Bengaluru Rural District & Sessions Court,4,8,2025-11-08,Returned for Correction
CS202501547,FIR202500720,P007869,Vehicle Theft,BNS 303(2),PI Lakshmi Devi,Bagalkote District & Sessions Court,3,17,2025-11-08,Pending Scrutiny
CS202501557,FIR202502414,P004923,Dacoity,BNS 310(2),SI Ravi Kumar,Bengaluru Rural District & Sessions Court,6,3,2025-11-08,Pending Scrutiny
CS202501520,FIR202502099,P009007,Vehicle Theft,BNS 303(2),PI Lakshmi Devi,Chamarajanagar District & Sessions Court,10,4,2025-11-08,Pending Scrutiny
CS202501386,FIR202503785,P003949,Vehicle Theft,BNS 303(2),PI Naveen Patil,Bengaluru Urban District & Sessions Court,7,20,2025-11-08,Returned for Correction
CS202501686,FIR202503062,P001304,Cyber Crime,"IT Act 66D, BNS 318(4)",PI Harish Naik,Bidar District & Sessions Court,9,25,2025-11-09,Accepted
CS202501459,FIR202500131,P001396,Assault,"BNS 115(2), BNS 117(2)",PI Chetan Kumar,Chamarajanagar District & Sessions Court,8,10,2025-11-09,Pending Scrutiny
CS202501492,FIR202503622,P004105,Murder,BNS 103(1),PI Ramesh Gowda,Ballari District & Sessions Court,13,5,2025-11-09,Pending Scrutiny
CS202501621,FIR202504540,P004945,Assault,"BNS 115(2), BNS 117(2)",PI Chetan Kumar,Belagavi District & Sessions Court,16,18,2025-11-09,Filed
CS202501548,FIR202500100,P003713,NDPS,NDPS Act Sec 20(b),PI Chetan Kumar,Bengaluru Urban District & Sessions Court,2,18,2025-11-09,Filed
CS202501368,FIR202502344,P001079,NDPS,NDPS Act Sec 20(b),PI Lakshmi Devi,Bengaluru Rural District & Sessions Court,18,20,2025-11-09,Returned for Correction
CS202501367,FIR202503274,P000578,POCSO,"POCSO Act Sec 4, BNS 64",SI Ravi Kumar,Belagavi District & Sessions Court,8,11,2025-11-09,Pending Scrutiny
CS202501600,FIR202501483,P005101,Theft,BNS 303(2),PI Suresh Kulkarni,Bengaluru Rural District & Sessions Court,5,8,2025-11-10,Accepted
CS202501619,FIR202501096,P004002,Burglary,"BNS 331(3), BNS 331(4)",SI Divya Hegde,Bidar District & Sessions Court,4,23,2025-11-10,Accepted
CS202501653,FIR202501577,P009208,POCSO,"POCSO Act Sec 4, BNS 64",PI Suresh Kulkarni,Bengaluru Rural District & Sessions Court,9,19,2025-11-10,Returned for Correction
CS202501441,FIR202501047,P002823,Robbery,BNS 309(4),PI Ramesh Gowda,Bagalkote District & Sessions Court,12,29,2025-11-10,Accepted
CS202501539,FIR202502112,P007261,Robbery,BNS 309(4),PI Chetan Kumar,Bengaluru Rural District & Sessions Court,7,17,2025-11-10,Accepted
CS202501540,FIR202504105,P009928,Robbery,BNS 309(4),SI Ravi Kumar,Chamarajanagar District & Sessions Court,7,18,2025-11-10,Returned for Correction
CS202501789,FIR202500178,P003646,Robbery,BNS 309(4),PI Suresh Kulkarni,Chamarajanagar District & Sessions Court,12,14,2025-11-10,Filed
CS202501358,FIR202503217,P008289,Cyber Crime,"IT Act 66D, BNS 318(4)",PI Suresh Kulkarni,Bengaluru Urban District & Sessions Court,18,23,2025-11-11,Accepted
CS202501822,FIR202502789,P002617,Burglary,"BNS 331(3), BNS 331(4)",PI Naveen Patil,Bengaluru Urban District & Sessions Court,14,21,2025-11-11,Accepted
CS202501842,FIR202503603,P002981,Assault,"BNS 115(2), BNS 117(2)",PI Suresh Kulkarni,Belagavi District & Sessions Court,8,14,2025-11-11,Returned for Correction
CS202501735,FIR202501878,P003043,Assault,"BNS 115(2), BNS 117(2)",PI Chetan Kumar,Bengaluru Urban District & Sessions Court,7,29,2025-11-11,Accepted
CS202501677,FIR202501162,P008342,Dacoity,BNS 310(2),SI Mahesh Bhat,Belagavi District & Sessions Court,9,9,2025-11-12,Filed
CS202501271,FIR202503731,P009858,Assault,"BNS 115(2), BNS 117(2)",PI Ramesh Gowda,Chikkaballapura District & Sessions Court,17,23,2025-11-12,Returned for Correction
CS202501785,FIR202504711,P002466,Cyber Crime,"IT Act 66D, BNS 318(4)",PI Harish Naik,Bengaluru Rural District & Sessions Court,6,25,2025-11-12,Filed
CS202501830,FIR202502889,P005874,Murder,BNS 103(1),SI Divya Hegde,Bengaluru Urban District & Sessions Court,9,23,2025-11-12,Filed
CS202501617,FIR202504137,P007285,Theft,BNS 303(2),PI Chetan Kumar,Bengaluru Rural District & Sessions Court,14,12,2025-11-13,Returned for Correction
CS202501887,FIR202501551,P000890,Robbery,BNS 309(4),PI Suresh Kulkarni,Belagavi District & Sessions Court,10,28,2025-11-13,Pending Scrutiny
CS202501688,FIR202504449,P004439,POCSO,"POCSO Act Sec 4, BNS 64",PI Chetan Kumar,Chamarajanagar District & Sessions Court,9,28,2025-11-13,Accepted
CS202501812,FIR202504950,P004070,Theft,BNS 303(2),PI Naveen Patil,Bengaluru Rural District & Sessions Court,13,24,2025-11-13,Pending Scrutiny
CS202501462,FIR202500607,P009860,Theft,BNS 303(2),SI Prakash Sharma,Ballari District & Sessions Court,4,27,2025-11-13,Pending Scrutiny
CS202501737,FIR202504399,P005830,Cyber Crime,"IT Act 66D, BNS 318(4)",PI Harish Naik,Bengaluru Urban District & Sessions Court,13,16,2025-11-14,Returned for Correction
CS202501588,FIR202501189,P000933,Dacoity,BNS 310(2),SI Divya Hegde,Bagalkote District & Sessions Court,14,24,2025-11-14,Accepted
CS202501456,FIR202501108,P001754,Murder,BNS 103(1),SI Mahesh Bhat,Ballari District & Sessions Court,10,26,2025-11-14,Filed
CS202501417,FIR202503687,P005322,Robbery,BNS 309(4),PI Harish Naik,Chikkaballapura District & Sessions Court,4,7,2025-11-14,Pending Scrutiny
CS202501595,FIR202503166,P005933,Murder,BNS 103(1),PI Lakshmi Devi,Belagavi District & Sessions Court,15,26,2025-11-14,Pending Scrutiny
CS202501898,FIR202504331,P005231,Theft,BNS 303(2),PI Lakshmi Devi,Bengaluru Urban District & Sessions Court,14,23,2025-11-14,Filed
CS202501797,FIR202503787,P007961,Cyber Crime,"IT Act 66D, BNS 318(4)",PI Suresh Kulkarni,Chamarajanagar District & Sessions Court,15,24,2025-11-14,Accepted
CS202501497,FIR202500245,P009804,Burglary,"BNS 331(3), BNS 331(4)",PI Suresh Kulkarni,Bengaluru Rural District & Sessions Court,6,22,2025-11-14,Filed
CS202501702,FIR202501893,P008807,Robbery,BNS 309(4),PI Harish Naik,Ballari District & Sessions Court,15,3,2025-11-14,Returned for Correction
CS202501467,FIR202502483,P001081,Fraud,BNS 318(4),PI Lakshmi Devi,Bengaluru Urban District & Sessions Court,16,29,2025-11-15,Pending Scrutiny
CS202501793,FIR202502401,P006154,Dacoity,BNS 310(2),SI Ravi Kumar,Bidar District & Sessions Court,3,8,2025-11-15,Filed
CS202501911,FIR202500654,P009665,Cyber Crime,"IT Act 66D, BNS 318(4)",SI Ravi Kumar,Bengaluru Urban District & Sessions Court,5,10,2025-11-15,Accepted
CS202501800,FIR202500588,P004167,Theft,BNS 303(2),SI Divya Hegde,Bengaluru Urban District & Sessions Court,3,3,2025-11-15,Returned for Correction
CS202501454,FIR202502686,P004863,Theft,BNS 303(2),SI Divya Hegde,Bengaluru Rural District & Sessions Court,16,30,2025-11-15,Filed
CS202501882,FIR202500097,P003310,Theft,BNS 303(2),PI Lakshmi Devi,Bengaluru Rural District & Sessions Court,4,13,2025-11-15,Pending Scrutiny
CS202501562,FIR202503211,P007178,Robbery,BNS 309(4),SI Divya Hegde,Bengaluru Urban District & Sessions Court,4,28,2025-11-15,Pending Scrutiny
CS202501725,FIR202504091,P002849,Cyber Crime,"IT Act 66D, BNS 318(4)",SI Divya Hegde,Ballari District & Sessions Court,5,22,2025-11-16,Filed
CS202501489,FIR202504915,P007520,NDPS,NDPS Act Sec 20(b),PI Chetan Kumar,Chamarajanagar District & Sessions Court,7,18,2025-11-16,Accepted
CS202501531,FIR202503949,P004241,POCSO,"POCSO Act Sec 4, BNS 64",PI Suresh Kulkarni,Bidar District & Sessions Court,16,30,2025-11-16,Accepted
CS202501526,FIR202502389,P001842,Dacoity,BNS 310(2),PI Harish Naik,Belagavi District & Sessions Court,17,18,2025-11-16,Returned for Correction
CS202501866,FIR202500434,P003266,Assault,"BNS 115(2), BNS 117(2)",PI Chetan Kumar,Chamarajanagar District & Sessions Court,11,9,2025-11-16,Filed
CS202501481,FIR202501279,P002150,Assault,"BNS 115(2), BNS 117(2)",PI Suresh Kulkarni,Bidar District & Sessions Court,10,7,2025-11-16,Filed
CS202501401,FIR202502506,P000017,NDPS,NDPS Act Sec 20(b),SI Mahesh Bhat,Bengaluru Urban District & Sessions Court,17,29,2025-11-16,Pending Scrutiny
CS202501577,FIR202501808,P007668,Theft,BNS 303(2),PI Harish Naik,Chamarajanagar District & Sessions Court,11,20,2025-11-16,Pending Scrutiny
CS202501773,FIR202504081,P009488,POCSO,"POCSO Act Sec 4, BNS 64",SI Prakash Sharma,Bidar District & Sessions Court,9,25,2025-11-16,Returned for Correction
CS202501890,FIR202501503,P006682,Cyber Crime,"IT Act 66D, BNS 318(4)",PI Harish Naik,Ballari District & Sessions Court,18,16,2025-11-17,Returned for Correction
CS202501429,FIR202500412,P007268,POCSO,"POCSO Act Sec 4, BNS 64",SI Prakash Sharma,Bengaluru Rural District & Sessions Court,5,17,2025-11-17,Returned for Correction
CS202501738,FIR202501886,P003467,Dacoity,BNS 310(2),SI Prakash Sharma,Chamarajanagar District & Sessions Court,9,20,2025-11-17,Filed
CS202501808,FIR202501160,P002211,Assault,"BNS 115(2), BNS 117(2)",SI Ganesh Rao,Bengaluru Rural District & Sessions Court,11,9,2025-11-17,Accepted
CS202501568,FIR202503692,P005729,Assault,"BNS 115(2), BNS 117(2)",SI Ravi Kumar,Bengaluru Rural District & Sessions Court,10,7,2025-11-17,Filed
CS202501767,FIR202502531,P002632,Robbery,BNS 309(4),PI Harish Naik,Bagalkote District & Sessions Court,16,15,2025-11-17,Returned for Correction
CS202501567,FIR202503222,P005694,Cyber Crime,"IT Act 66D, BNS 318(4)",SI Ravi Kumar,Bengaluru Urban District & Sessions Court,6,16,2025-11-17,Returned for Correction
CS202501413,FIR202502475,P003781,Fraud,BNS 318(4),PI Harish Naik,Chikkaballapura District & Sessions Court,11,3,2025-11-18,Filed
CS202501592,FIR202503774,P005373,Dacoity,BNS 310(2),PI Harish Naik,Bidar District & Sessions Court,3,28,2025-11-18,Filed
CS202501585,FIR202500268,P002571,Cyber Crime,"IT Act 66D, BNS 318(4)",PI Lakshmi Devi,Bengaluru Urban District & Sessions Court,9,10,2025-11-18,Accepted
CS202501796,FIR202502273,P001577,Cyber Crime,"IT Act 66D, BNS 318(4)",SI Prakash Sharma,Bengaluru Rural District & Sessions Court,14,18,2025-11-18,Filed
CS202501859,FIR202501880,P003322,NDPS,NDPS Act Sec 20(b),PI Ramesh Gowda,Chamarajanagar District & Sessions Court,17,5,2025-11-19,Pending Scrutiny
CS202501583,FIR202500603,P005683,POCSO,"POCSO Act Sec 4, BNS 64",PI Naveen Patil,Bidar District & Sessions Court,14,24,2025-11-19,Accepted
CS202501864,FIR202500215,P003986,Burglary,"BNS 331(3), BNS 331(4)",PI Suresh Kulkarni,Bengaluru Rural District & Sessions Court,5,19,2025-11-19,Filed
CS202501536,FIR202503576,P003676,NDPS,NDPS Act Sec 20(b),PI Lakshmi Devi,Bidar District & Sessions Court,17,12,2025-11-20,Filed
CS202501486,FIR202502639,P008287,Burglary,"BNS 331(3), BNS 331(4)",PI Harish Naik,Belagavi District & Sessions Court,2,22,2025-11-20,Pending Scrutiny
CS202501743,FIR202502460,P005401,Burglary,"BNS 331(3), BNS 331(4)",PI Harish Naik,Belagavi District & Sessions Court,15,16,2025-11-20,Accepted
CS202501639,FIR202501616,P007205,Robbery,BNS 309(4),PI Harish Naik,Bengaluru Rural District & Sessions Court,6,19,2025-11-20,Returned for Correction
CS202501589,FIR202502855,P000735,Theft,BNS 303(2),PI Ramesh Gowda,Bengaluru Rural District & Sessions Court,15,9,2025-11-20,Accepted
CS202501748,FIR202503232,P006248,Vehicle Theft,BNS 303(2),SI Ravi Kumar,Ballari District & Sessions Court,11,11,2025-11-20,Filed
CS202501491,FIR202502681,P003915,Cyber Crime,"IT Act 66D, BNS 318(4)",PI Lakshmi Devi,Bidar District & Sessions Court,6,6,2025-11-20,Pending Scrutiny
CS202501513,FIR202502910,P004950,POCSO,"POCSO Act Sec 4, BNS 64",SI Divya Hegde,Bengaluru Rural District & Sessions Court,11,22,2025-11-20,Returned for Correction
CS202501610,FIR202501235,P005016,NDPS,NDPS Act Sec 20(b),SI Ravi Kumar,Chamarajanagar District & Sessions Court,17,17,2025-11-20,Accepted
CS202501644,FIR202502486,P005760,Assault,"BNS 115(2), BNS 117(2)",PI Lakshmi Devi,Bengaluru Urban District & Sessions Court,16,18,2025-11-21,Filed
CS202501845,FIR202501813,P009747,Assault,"BNS 115(2), BNS 117(2)",PI Suresh Kulkarni,Bidar District & Sessions Court,10,11,2025-11-21,Pending Scrutiny
CS202501810,FIR202501345,P002443,Murder,BNS 103(1),PI Chetan Kumar,Chikkaballapura District & Sessions Court,7,29,2025-11-21,Accepted
CS202501694,FIR202503568,P007276,Cyber Crime,"IT Act 66D, BNS 318(4)",SI Ravi Kumar,Bengaluru Urban District & Sessions Court,17,19,2025-11-21,Filed
CS202501700,FIR202504493,P008669,POCSO,"POCSO Act Sec 4, BNS 64",PI Ramesh Gowda,Ballari District & Sessions Court,4,3,2025-11-21,Pending Scrutiny
CS202501875,FIR202502405,P002462,Robbery,BNS 309(4),PI Suresh Kulkarni,Ballari District & Sessions Court,14,4,2025-11-21,Pending Scrutiny
CS202501881,FIR202503897,P006793,POCSO,"POCSO Act Sec 4, BNS 64",SI Ravi Kumar,Bengaluru Urban District & Sessions Court,15,6,2025-11-21,Returned for Correction
CS202501782,FIR202501078,P009386,Robbery,BNS 309(4),SI Ganesh Rao,Chamarajanagar District & Sessions Court,8,21,2025-11-21,Filed
CS202501701,FIR202504036,P009365,Fraud,BNS 318(4),PI Harish Naik,Bengaluru Rural District & Sessions Court,3,4,2025-11-21,Accepted
CS202501556,FIR202504149,P000103,Assault,"BNS 115(2), BNS 117(2)",PI Lakshmi Devi,Chamarajanagar District & Sessions Court,7,13,2025-11-21,Returned for Correction
CS202501574,FIR202503920,P006371,Assault,"BNS 115(2), BNS 117(2)",PI Suresh Kulkarni,Bidar District & Sessions Court,6,5,2025-11-22,Accepted
CS202501652,FIR202504714,P002828,Fraud,BNS 318(4),SI Ganesh Rao,Bidar District & Sessions Court,2,13,2025-11-22,Accepted
CS202501440,FIR202502635,P006503,Assault,"BNS 115(2), BNS 117(2)",PI Chetan Kumar,Bengaluru Rural District & Sessions Court,18,9,2025-11-22,Pending Scrutiny
CS202501974,FIR202504813,P003524,Fraud,BNS 318(4),PI Ramesh Gowda,Bengaluru Urban District & Sessions Court,5,3,2025-11-22,Pending Scrutiny
CS202501739,FIR202501884,P003528,NDPS,NDPS Act Sec 20(b),PI Harish Naik,Ballari District & Sessions Court,10,8,2025-11-22,Accepted
CS202501591,FIR202500761,P008999,Assault,"BNS 115(2), BNS 117(2)",PI Naveen Patil,Chikkaballapura District & Sessions Court,15,26,2025-11-22,Pending Scrutiny
CS202501545,FIR202502502,P005797,NDPS,NDPS Act Sec 20(b),PI Chetan Kumar,Bengaluru Urban District & Sessions Court,18,15,2025-11-22,Accepted
CS202501693,FIR202501000,P007599,POCSO,"POCSO Act Sec 4, BNS 64",SI Divya Hegde,Bagalkote District & Sessions Court,13,18,2025-11-22,Pending Scrutiny
CS202501602,FIR202501492,P007498,Theft,BNS 303(2),PI Naveen Patil,Chamarajanagar District & Sessions Court,16,14,2025-11-22,Accepted
CS202501603,FIR202504205,P000989,Fraud,BNS 318(4),SI Divya Hegde,Bengaluru Urban District & Sessions Court,8,9,2025-11-22,Accepted
CS202501396,FIR202504085,P008050,Burglary,"BNS 331(3), BNS 331(4)",PI Suresh Kulkarni,Chamarajanagar District & Sessions Court,9,16,2025-11-22,Returned for Correction
CS202501559,FIR202500787,P000801,Murder,BNS 103(1),PI Ramesh Gowda,Bidar District & Sessions Court,18,25,2025-11-22,Returned for Correction
CS202501759,FIR202502802,P003769,Assault,"BNS 115(2), BNS 117(2)",SI Prakash Sharma,Belagavi District & Sessions Court,9,13,2025-11-23,Returned for Correction
CS202501412,FIR202503148,P004908,Vehicle Theft,BNS 303(2),PI Lakshmi Devi,Bengaluru Rural District & Sessions Court,5,7,2025-11-23,Returned for Correction
CS202501487,FIR202503050,P007785,Cyber Crime,"IT Act 66D, BNS 318(4)",SI Ganesh Rao,Bengaluru Urban District & Sessions Court,15,15,2025-11-23,Returned for Correction
CS202501530,FIR202502006,P002771,Dacoity,BNS 310(2),PI Suresh Kulkarni,Bidar District & Sessions Court,3,20,2025-11-23,Returned for Correction
CS202501635,FIR202500345,P000343,Burglary,"BNS 331(3), BNS 331(4)",SI Divya Hegde,Chamarajanagar District & Sessions Court,8,20,2025-11-23,Filed
CS202501751,FIR202500458,P007439,Cyber Crime,"IT Act 66D, BNS 318(4)",SI Ravi Kumar,Bengaluru Urban District & Sessions Court,18,26,2025-11-24,Accepted
CS202501404,FIR202502559,P008362,Fraud,BNS 318(4),PI Harish Naik,Chamarajanagar District & Sessions Court,6,4,2025-11-24,Pending Scrutiny
CS202501650,FIR202500637,P008030,Robbery,BNS 309(4),SI Prakash Sharma,Chamarajanagar District & Sessions Court,10,29,2025-11-24,Pending Scrutiny
CS202501894,FIR202502776,P004111,NDPS,NDPS Act Sec 20(b),PI Ramesh Gowda,Bengaluru Rural District & Sessions Court,13,5,2025-11-24,Accepted
CS202501541,FIR202503592,P004603,Murder,BNS 103(1),PI Naveen Patil,Belagavi District & Sessions Court,6,5,2025-11-24,Accepted
CS202501856,FIR202501520,P008160,Fraud,BNS 318(4),PI Harish Naik,Bengaluru Urban District & Sessions Court,14,10,2025-11-24,Pending Scrutiny
CS202501584,FIR202503880,P002904,Robbery,BNS 309(4),SI Prakash Sharma,Bengaluru Urban District & Sessions Court,12,29,2025-11-24,Returned for Correction
CS202501571,FIR202503778,P002477,Cyber Crime,"IT Act 66D, BNS 318(4)",PI Suresh Kulkarni,Bengaluru Rural District & Sessions Court,16,30,2025-11-24,Pending Scrutiny
CS202501869,FIR202504476,P008508,Vehicle Theft,BNS 303(2),SI Ganesh Rao,Bengaluru Rural District & Sessions Court,14,27,2025-11-24,Accepted
CS202501463,FIR202504676,P000261,Dacoity,BNS 310(2),SI Ravi Kumar,Bidar District & Sessions Court,5,3,2025-11-25,Returned for Correction
CS202501407,FIR202500754,P006898,POCSO,"POCSO Act Sec 4, BNS 64",PI Lakshmi Devi,Bidar District & Sessions Court,8,15,2025-11-25,Pending Scrutiny
CS202501596,FIR202500660,P007406,Cyber Crime,"IT Act 66D, BNS 318(4)",PI Naveen Patil,Bengaluru Urban District & Sessions Court,10,5,2025-11-25,Filed
CS202501518,FIR202500419,P009913,Cyber Crime,"IT Act 66D, BNS 318(4)",PI Harish Naik,Chikkaballapura District & Sessions Court,10,9,2025-11-25,Returned for Correction
CS202501716,FIR202501359,P006161,Murder,BNS 103(1),SI Mahesh Bhat,Bagalkote District & Sessions Court,16,29,2025-11-25,Pending Scrutiny
CS202501721,FIR202501821,P001228,Cyber Crime,"IT Act 66D, BNS 318(4)",PI Lakshmi Devi,Bagalkote District & Sessions Court,18,27,2025-11-25,Accepted
CS202501790,FIR202502922,P000717,Murder,BNS 103(1),SI Prakash Sharma,Bidar District & Sessions Court,17,27,2025-11-25,Returned for Correction
CS202501728,FIR202504111,P003737,Dacoity,BNS 310(2),PI Chetan Kumar,Bidar District & Sessions Court,13,29,2025-11-25,Filed
CS202501537,FIR202503459,P001433,POCSO,"POCSO Act Sec 4, BNS 64",PI Chetan Kumar,Bagalkote District & Sessions Court,9,10,2025-11-25,Accepted
CS202501634,FIR202503377,P003140,Burglary,"BNS 331(3), BNS 331(4)",PI Harish Naik,Bagalkote District & Sessions Court,11,20,2025-11-25,Accepted
CS202501873,FIR202503061,P006630,Burglary,"BNS 331(3), BNS 331(4)",PI Suresh Kulkarni,Belagavi District & Sessions Court,9,18,2025-11-25,Pending Scrutiny
CS202501969,FIR202503373,P001356,Assault,"BNS 115(2), BNS 117(2)",PI Lakshmi Devi,Bidar District & Sessions Court,10,27,2025-11-26,Filed
CS202501958,FIR202503045,P008203,Dacoity,BNS 310(2),PI Chetan Kumar,Bagalkote District & Sessions Court,17,11,2025-11-26,Returned for Correction
CS202501682,FIR202501599,P009329,Fraud,BNS 318(4),PI Ramesh Gowda,Bengaluru Urban District & Sessions Court,17,17,2025-11-26,Filed
CS202501740,FIR202504816,P001560,Vehicle Theft,BNS 303(2),SI Ravi Kumar,Ballari District & Sessions Court,10,21,2025-11-26,Filed
CS202501648,FIR202502369,P002956,Cyber Crime,"IT Act 66D, BNS 318(4)",PI Lakshmi Devi,Bengaluru Urban District & Sessions Court,12,24,2025-11-26,Pending Scrutiny
CS202501612,FIR202504981,P003174,Murder,BNS 103(1),PI Ramesh Gowda,Chamarajanagar District & Sessions Court,6,13,2025-11-26,Filed
CS202501614,FIR202502755,P002707,Burglary,"BNS 331(3), BNS 331(4)",SI Prakash Sharma,Chamarajanagar District & Sessions Court,11,13,2025-11-26,Returned for Correction
CS202501408,FIR202503936,P004223,Assault,"BNS 115(2), BNS 117(2)",PI Suresh Kulkarni,Bidar District & Sessions Court,14,14,2025-11-27,Accepted
CS202501445,FIR202504920,P009865,Cyber Crime,"IT Act 66D, BNS 318(4)",SI Ganesh Rao,Chamarajanagar District & Sessions Court,10,24,2025-11-27,Filed
CS202501636,FIR202503607,P003955,Robbery,BNS 309(4),PI Chetan Kumar,Bidar District & Sessions Court,2,30,2025-11-27,Accepted
CS202501708,FIR202503980,P005406,Murder,BNS 103(1),PI Ramesh Gowda,Ballari District & Sessions Court,5,17,2025-11-27,Pending Scrutiny
CS202501620,FIR202501896,P008911,Vehicle Theft,BNS 303(2),SI Prakash Sharma,Bengaluru Urban District & Sessions Court,4,11,2025-11-27,Filed
CS202501580,FIR202503884,P006952,POCSO,"POCSO Act Sec 4, BNS 64",PI Lakshmi Devi,Bagalkote District & Sessions Court,7,3,2025-11-27,Returned for Correction
CS202501774,FIR202504053,P000079,POCSO,"POCSO Act Sec 4, BNS 64",PI Naveen Patil,Bengaluru Rural District & Sessions Court,11,22,2025-11-27,Returned for Correction
CS202501569,FIR202504612,P005680,Theft,BNS 303(2),PI Lakshmi Devi,Bengaluru Rural District & Sessions Court,9,22,2025-11-27,Accepted
CS202501741,FIR202503578,P008372,Cyber Crime,"IT Act 66D, BNS 318(4)",SI Ravi Kumar,Bidar District & Sessions Court,3,14,2025-11-28,Returned for Correction
CS202501729,FIR202504578,P002790,Fraud,BNS 318(4),PI Ramesh Gowda,Bengaluru Urban District & Sessions Court,2,3,2025-11-28,Pending Scrutiny
CS202501696,FIR202501915,P008926,Murder,BNS 103(1),PI Suresh Kulkarni,Belagavi District & Sessions Court,11,20,2025-11-28,Pending Scrutiny
CS202501948,FIR202502476,P005080,Assault,"BNS 115(2), BNS 117(2)",PI Chetan Kumar,Bidar District & Sessions Court,10,16,2025-11-28,Pending Scrutiny
CS202502012,FIR202503928,P005304,NDPS,NDPS Act Sec 20(b),PI Chetan Kumar,Bengaluru Urban District & Sessions Court,15,3,2025-11-28,Accepted
CS202502005,FIR202501407,P000798,POCSO,"POCSO Act Sec 4, BNS 64",SI Ganesh Rao,Chamarajanagar District & Sessions Court,2,28,2025-11-28,Filed
CS202501833,FIR202502035,P001788,Dacoity,BNS 310(2),PI Chetan Kumar,Bengaluru Urban District & Sessions Court,12,20,2025-11-28,Returned for Correction
CS202502008,FIR202503258,P004777,Robbery,BNS 309(4),SI Ganesh Rao,Bengaluru Urban District & Sessions Court,4,13,2025-11-29,Filed
CS202501659,FIR202503470,P002737,Fraud,BNS 318(4),PI Chetan Kumar,Chamarajanagar District & Sessions Court,4,29,2025-11-29,Returned for Correction
CS202501726,FIR202503028,P009070,POCSO,"POCSO Act Sec 4, BNS 64",PI Lakshmi Devi,Bengaluru Urban District & Sessions Court,7,22,2025-11-29,Accepted
CS202501934,FIR202504306,P002408,Robbery,BNS 309(4),PI Naveen Patil,Bengaluru Rural District & Sessions Court,8,12,2025-11-29,Pending Scrutiny
CS202501884,FIR202502906,P005824,Murder,BNS 103(1),PI Suresh Kulkarni,Bengaluru Urban District & Sessions Court,6,8,2025-11-29,Accepted
CS202501681,FIR202502072,P009762,Assault,"BNS 115(2), BNS 117(2)",SI Ravi Kumar,Bengaluru Urban District & Sessions Court,10,6,2025-11-29,Filed
CS202501690,FIR202500745,P004710,Assault,"BNS 115(2), BNS 117(2)",PI Lakshmi Devi,Bengaluru Rural District & Sessions Court,5,15,2025-11-29,Pending Scrutiny
CS202501678,FIR202500243,P009713,Murder,BNS 103(1),PI Naveen Patil,Bidar District & Sessions Court,13,22,2025-11-29,Filed
CS202501964,FIR202503387,P005934,Dacoity,BNS 310(2),PI Harish Naik,Chamarajanagar District & Sessions Court,8,13,2025-11-30,Filed
CS202501544,FIR202500661,P001176,Assault,"BNS 115(2), BNS 117(2)",SI Ravi Kumar,Bengaluru Rural District & Sessions Court,2,6,2025-11-30,Filed
CS202501599,FIR202502023,P003109,Cyber Crime,"IT Act 66D, BNS 318(4)",SI Prakash Sharma,Bengaluru Urban District & Sessions Court,3,29,2025-11-30,Pending Scrutiny
CS202501680,FIR202504742,P008263,Dacoity,BNS 310(2),SI Ravi Kumar,Chamarajanagar District & Sessions Court,12,14,2025-11-30,Pending Scrutiny
CS202501871,FIR202501628,P003164,Theft,BNS 303(2),SI Divya Hegde,Belagavi District & Sessions Court,4,20,2025-11-30,Filed
CS202501999,FIR202500409,P008120,Dacoity,BNS 310(2),SI Mahesh Bhat,Chamarajanagar District & Sessions Court,14,25,2025-11-30,Filed
CS202501605,FIR202501132,P008471,Murder,BNS 103(1),PI Ramesh Gowda,Chikkaballapura District & Sessions Court,8,5,2025-12-01,Returned for Correction
CS202502021,FIR202502591,P009879,NDPS,NDPS Act Sec 20(b),SI Prakash Sharma,Chamarajanagar District & Sessions Court,16,23,2025-12-01,Pending Scrutiny
CS202501732,FIR202503000,P003980,NDPS,NDPS Act Sec 20(b),SI Ganesh Rao,Bagalkote District & Sessions Court,4,13,2025-12-01,Pending Scrutiny
CS202501550,FIR202504044,P007007,Fraud,BNS 318(4),PI Lakshmi Devi,Bidar District & Sessions Court,13,22,2025-12-01,Pending Scrutiny
CS202501746,FIR202503206,P000362,Burglary,"BNS 331(3), BNS 331(4)",PI Ramesh Gowda,Belagavi District & Sessions Court,3,24,2025-12-01,Returned for Correction
CS202502044,FIR202500997,P002701,Vehicle Theft,BNS 303(2),SI Divya Hegde,Bengaluru Urban District & Sessions Court,16,10,2025-12-01,Returned for Correction
CS202502045,FIR202500678,P001741,Cyber Crime,"IT Act 66D, BNS 318(4)",PI Lakshmi Devi,Chamarajanagar District & Sessions Court,12,13,2025-12-01,Returned for Correction
CS202501524,FIR202503034,P001576,Theft,BNS 303(2),SI Mahesh Bhat,Bengaluru Rural District & Sessions Court,2,27,2025-12-01,Returned for Correction
CS202501835,FIR202500828,P003191,Vehicle Theft,BNS 303(2),SI Divya Hegde,Bengaluru Urban District & Sessions Court,5,15,2025-12-01,Pending Scrutiny
CS202501671,FIR202503983,P000866,POCSO,"POCSO Act Sec 4, BNS 64",PI Lakshmi Devi,Bengaluru Rural District & Sessions Court,11,12,2025-12-01,Accepted
CS202501665,FIR202502095,P008424,POCSO,"POCSO Act Sec 4, BNS 64",PI Chetan Kumar,Chamarajanagar District & Sessions Court,6,24,2025-12-01,Returned for Correction
CS202501507,FIR202503144,P005272,Murder,BNS 103(1),SI Ravi Kumar,Bengaluru Rural District & Sessions Court,13,18,2025-12-01,Pending Scrutiny
CS202501606,FIR202503215,P006840,Cyber Crime,"IT Act 66D, BNS 318(4)",SI Mahesh Bhat,Chamarajanagar District & Sessions Court,17,9,2025-12-02,Returned for Correction
CS202501496,FIR202504774,P008018,Assault,"BNS 115(2), BNS 117(2)",PI Naveen Patil,Bidar District & Sessions Court,9,18,2025-12-02,Pending Scrutiny
CS202501914,FIR202504162,P005063,Theft,BNS 303(2),SI Ganesh Rao,Chikkaballapura District & Sessions Court,13,11,2025-12-02,Returned for Correction
CS202501772,FIR202504166,P005094,Fraud,BNS 318(4),PI Chetan Kumar,Chamarajanagar District & Sessions Court,8,13,2025-12-02,Pending Scrutiny
CS202501907,FIR202501296,P008114,Assault,"BNS 115(2), BNS 117(2)",PI Chetan Kumar,Ballari District & Sessions Court,10,30,2025-12-02,Accepted
CS202501704,FIR202503784,P004875,Robbery,BNS 309(4),PI Lakshmi Devi,Bengaluru Rural District & Sessions Court,9,5,2025-12-02,Filed
CS202501985,FIR202504353,P008354,Burglary,"BNS 331(3), BNS 331(4)",SI Prakash Sharma,Belagavi District & Sessions Court,5,5,2025-12-02,Filed
CS202501552,FIR202501230,P001111,NDPS,NDPS Act Sec 20(b),SI Ganesh Rao,Chamarajanagar District & Sessions Court,8,7,2025-12-03,Returned for Correction
CS202501553,FIR202504050,P007314,Vehicle Theft,BNS 303(2),PI Ramesh Gowda,Bengaluru Urban District & Sessions Court,11,30,2025-12-03,Filed
CS202502051,FIR202504702,P008053,Cyber Crime,"IT Act 66D, BNS 318(4)",PI Suresh Kulkarni,Chamarajanagar District & Sessions Court,15,4,2025-12-03,Accepted
CS202501717,FIR202501430,P006428,Assault,"BNS 115(2), BNS 117(2)",SI Ganesh Rao,Bengaluru Rural District & Sessions Court,16,20,2025-12-03,Returned for Correction
CS202501546,FIR202503818,P009064,Theft,BNS 303(2),PI Chetan Kumar,Bengaluru Rural District & Sessions Court,11,24,2025-12-03,Returned for Correction
CS202501994,FIR202503979,P008731,Vehicle Theft,BNS 303(2),PI Ramesh Gowda,Bengaluru Urban District & Sessions Court,4,12,2025-12-03,Pending Scrutiny
CS202501633,FIR202500847,P009719,Dacoity,BNS 310(2),SI Ganesh Rao,Bengaluru Rural District & Sessions Court,7,25,2025-12-03,Pending Scrutiny
CS202501506,FIR202504349,P003516,POCSO,"POCSO Act Sec 4, BNS 64",PI Naveen Patil,Belagavi District & Sessions Court,5,25,2025-12-04,Accepted
CS202501747,FIR202504789,P000494,NDPS,NDPS Act Sec 20(b),PI Harish Naik,Bengaluru Rural District & Sessions Court,18,9,2025-12-04,Accepted
CS202501594,FIR202500898,P001332,NDPS,NDPS Act Sec 20(b),PI Ramesh Gowda,Chamarajanagar District & Sessions Court,16,29,2025-12-04,Returned for Correction
CS202501631,FIR202502919,P003795,NDPS,NDPS Act Sec 20(b),SI Mahesh Bhat,Bagalkote District & Sessions Court,17,12,2025-12-04,Accepted
CS202501554,FIR202500596,P008940,Assault,"BNS 115(2), BNS 117(2)",SI Prakash Sharma,Ballari District & Sessions Court,7,24,2025-12-04,Accepted
CS202501622,FIR202503772,P003588,Fraud,BNS 318(4),SI Divya Hegde,Chamarajanagar District & Sessions Court,10,11,2025-12-04,Returned for Correction
CS202501870,FIR202504864,P005862,POCSO,"POCSO Act Sec 4, BNS 64",PI Harish Naik,Chamarajanagar District & Sessions Court,8,25,2025-12-04,Returned for Correction
CS202501714,FIR202502154,P004800,NDPS,NDPS Act Sec 20(b),PI Suresh Kulkarni,Chikkaballapura District & Sessions Court,8,3,2025-12-04,Returned for Correction
CS202502084,FIR202504107,P005865,Dacoity,BNS 310(2),PI Chetan Kumar,Ballari District & Sessions Court,9,12,2025-12-04,Pending Scrutiny
CS202501601,FIR202503416,P007289,Vehicle Theft,BNS 303(2),PI Chetan Kumar,Bidar District & Sessions Court,11,25,2025-12-04,Returned for Correction
CS202501801,FIR202503143,P003136,Dacoity,BNS 310(2),SI Ravi Kumar,Bengaluru Rural District & Sessions Court,13,6,2025-12-05,Accepted
CS202501771,FIR202500059,P005996,Assault,"BNS 115(2), BNS 117(2)",PI Naveen Patil,Ballari District & Sessions Court,5,18,2025-12-05,Accepted
CS202501995,FIR202501477,P001527,Assault,"BNS 115(2), BNS 117(2)",PI Ramesh Gowda,Bengaluru Urban District & Sessions Court,14,3,2025-12-05,Pending Scrutiny
CS202501968,FIR202502236,P008334,Theft,BNS 303(2),SI Divya Hegde,Bagalkote District & Sessions Court,15,11,2025-12-05,Pending Scrutiny
CS202501532,FIR202500045,P006732,Fraud,BNS 318(4),PI Harish Naik,Ballari District & Sessions Court,13,9,2025-12-05,Filed
CS202501597,FIR202504548,P003047,Assault,"BNS 115(2), BNS 117(2)",PI Suresh Kulkarni,Bagalkote District & Sessions Court,14,7,2025-12-05,Pending Scrutiny
CS202501703,FIR202503698,P004418,Fraud,BNS 318(4),PI Harish Naik,Bengaluru Urban District & Sessions Court,12,17,2025-12-05,Filed
CS202501623,FIR202503383,P006665,Theft,BNS 303(2),SI Ganesh Rao,Bengaluru Rural District & Sessions Court,3,20,2025-12-05,Filed
CS202501851,FIR202503628,P008023,Fraud,BNS 318(4),SI Prakash Sharma,Bidar District & Sessions Court,5,26,2025-12-06,Pending Scrutiny
CS202501711,FIR202504689,P000749,Dacoity,BNS 310(2),PI Harish Naik,Chamarajanagar District & Sessions Court,3,16,2025-12-06,Filed
CS202501660,FIR202500499,P006482,POCSO,"POCSO Act Sec 4, BNS 64",PI Suresh Kulkarni,Bagalkote District & Sessions Court,7,30,2025-12-06,Filed
CS202501749,FIR202503004,P006103,Assault,"BNS 115(2), BNS 117(2)",PI Naveen Patil,Bidar District & Sessions Court,15,12,2025-12-06,Filed
CS202502056,FIR202500331,P002164,Vehicle Theft,BNS 303(2),PI Lakshmi Devi,Bengaluru Urban District & Sessions Court,5,27,2025-12-06,Filed
CS202501909,FIR202504832,P000558,Burglary,"BNS 331(3), BNS 331(4)",SI Mahesh Bhat,Bengaluru Rural District & Sessions Court,14,22,2025-12-06,Pending Scrutiny
CS202501734,FIR202502202,P007896,Theft,BNS 303(2),PI Naveen Patil,Chamarajanagar District & Sessions Court,8,5,2025-12-06,Filed
CS202502079,FIR202501475,P002964,Dacoity,BNS 310(2),PI Chetan Kumar,Bidar District & Sessions Court,10,28,2025-12-06,Pending Scrutiny
CS202502048,FIR202503398,P006826,Assault,"BNS 115(2), BNS 117(2)",SI Ganesh Rao,Belagavi District & Sessions Court,16,14,2025-12-06,Returned for Correction
CS202501657,FIR202503463,P001941,Vehicle Theft,BNS 303(2),PI Ramesh Gowda,Bengaluru Urban District & Sessions Court,12,6,2025-12-07,Pending Scrutiny
CS202501951,FIR202500986,P001388,Assault,"BNS 115(2), BNS 117(2)",SI Prakash Sharma,Ballari District & Sessions Court,13,8,2025-12-07,Returned for Correction
CS202501992,FIR202502737,P008702,Murder,BNS 103(1),SI Ravi Kumar,Bengaluru Rural District & Sessions Court,13,10,2025-12-07,Pending Scrutiny
CS202501466,FIR202504896,P002392,Burglary,"BNS 331(3), BNS 331(4)",SI Ravi Kumar,Bagalkote District & Sessions Court,5,18,2025-12-07,Returned for Correction
CS202501509,FIR202503451,P003900,Fraud,BNS 318(4),SI Divya Hegde,Ballari District & Sessions Court,7,24,2025-12-07,Returned for Correction
CS202501865,FIR202500274,P000920,Dacoity,BNS 310(2),SI Mahesh Bhat,Ballari District & Sessions Court,13,15,2025-12-07,Returned for Correction
CS202501720,FIR202503059,P009109,Fraud,BNS 318(4),PI Naveen Patil,Belagavi District & Sessions Court,8,18,2025-12-07,Returned for Correction
CS202501962,FIR202502448,P004754,Assault,"BNS 115(2), BNS 117(2)",PI Ramesh Gowda,Ballari District & Sessions Court,11,3,2025-12-07,Pending Scrutiny
CS202501543,FIR202500205,P009626,Murder,BNS 103(1),SI Ganesh Rao,Bidar District & Sessions Court,2,15,2025-12-07,Returned for Correction
CS202501868,FIR202504467,P005711,Theft,BNS 303(2),PI Harish Naik,Bidar District & Sessions Court,18,29,2025-12-07,Filed
CS202501879,FIR202502014,P008038,Fraud,BNS 318(4),SI Mahesh Bhat,Ballari District & Sessions Court,2,26,2025-12-07,Pending Scrutiny
CS202501533,FIR202502439,P009519,Burglary,"BNS 331(3), BNS 331(4)",SI Divya Hegde,Bengaluru Rural District & Sessions Court,13,15,2025-12-07,Filed
CS202501629,FIR202504126,P005936,Vehicle Theft,BNS 303(2),PI Lakshmi Devi,Chamarajanagar District & Sessions Court,13,13,2025-12-07,Accepted
CS202501901,FIR202503298,P008385,Dacoity,BNS 310(2),SI Prakash Sharma,Belagavi District & Sessions Court,13,16,2025-12-08,Filed
CS202502058,FIR202504944,P008675,Dacoity,BNS 310(2),SI Prakash Sharma,Bidar District & Sessions Court,6,9,2025-12-08,Pending Scrutiny
CS202501483,FIR202503794,P004295,Cyber Crime,"IT Act 66D, BNS 318(4)",SI Mahesh Bhat,Bagalkote District & Sessions Court,5,12,2025-12-08,Returned for Correction
CS202501971,FIR202504241,P005945,Murder,BNS 103(1),SI Divya Hegde,Chamarajanagar District & Sessions Court,14,14,2025-12-08,Returned for Correction
CS202501825,FIR202503960,P006045,Dacoity,BNS 310(2),PI Lakshmi Devi,Bengaluru Rural District & Sessions Court,14,17,2025-12-08,Accepted
CS202501795,FIR202501983,P001575,POCSO,"POCSO Act Sec 4, BNS 64",PI Chetan Kumar,Bengaluru Rural District & Sessions Court,2,9,2025-12-08,Filed
CS202501850,FIR202502528,P009941,Murder,BNS 103(1),PI Ramesh Gowda,Ballari District & Sessions Court,2,27,2025-12-08,Returned for Correction
CS202501566,FIR202500777,P000153,Cyber Crime,"IT Act 66D, BNS 318(4)",SI Divya Hegde,Bidar District & Sessions Court,13,7,2025-12-08,Filed
CS202501980,FIR202502828,P004406,Fraud,BNS 318(4),PI Lakshmi Devi,Bidar District & Sessions Court,7,13,2025-12-08,Filed
CS202501560,FIR202500862,P000247,Fraud,BNS 318(4),SI Mahesh Bhat,Bidar District & Sessions Court,7,25,2025-12-08,Pending Scrutiny
CS202501888,FIR202504448,P002773,Cyber Crime,"IT Act 66D, BNS 318(4)",PI Ramesh Gowda,Bengaluru Urban District & Sessions Court,9,14,2025-12-09,Accepted
CS202501472,FIR202501223,P006385,Fraud,BNS 318(4),SI Mahesh Bhat,Bengaluru Urban District & Sessions Court,15,11,2025-12-09,Returned for Correction
CS202502121,FIR202502823,P009400,Dacoity,BNS 310(2),PI Harish Naik,Chamarajanagar District & Sessions Court,10,22,2025-12-09,Accepted
CS202501778,FIR202503326,P008806,Burglary,"BNS 331(3), BNS 331(4)",SI Ganesh Rao,Belagavi District & Sessions Court,16,29,2025-12-09,Returned for Correction
CS202501742,FIR202502467,P003118,Robbery,BNS 309(4),PI Suresh Kulkarni,Chamarajanagar District & Sessions Court,17,4,2025-12-09,Accepted
CS202501611,FIR202504297,P004852,Burglary,"BNS 331(3), BNS 331(4)",SI Mahesh Bhat,Ballari District & Sessions Court,16,19,2025-12-09,Accepted
CS202501724,FIR202501997,P006787,Theft,BNS 303(2),PI Harish Naik,Chamarajanagar District & Sessions Court,7,26,2025-12-09,Returned for Correction
CS202501752,FIR202504045,P003311,Fraud,BNS 318(4),PI Chetan Kumar,Bengaluru Urban District & Sessions Court,8,14,2025-12-09,Accepted
CS202501756,FIR202501740,P008097,Burglary,"BNS 331(3), BNS 331(4)",SI Prakash Sharma,Belagavi District & Sessions Court,16,7,2025-12-09,Filed
CS202501761,FIR202500392,P002323,Burglary,"BNS 331(3), BNS 331(4)",SI Divya Hegde,Bengaluru Rural District & Sessions Court,4,10,2025-12-09,Returned for Correction
CS202501945,FIR202504546,P005332,Cyber Crime,"IT Act 66D, BNS 318(4)",SI Divya Hegde,Chamarajanagar District & Sessions Court,16,7,2025-12-09,Accepted
CS202501908,FIR202503176,P002386,Vehicle Theft,BNS 303(2),SI Divya Hegde,Chamarajanagar District & Sessions Court,15,26,2025-12-10,Accepted
CS202501670,FIR202504276,P003056,Cyber Crime,"IT Act 66D, BNS 318(4)",PI Suresh Kulkarni,Bengaluru Urban District & Sessions Court,2,19,2025-12-10,Accepted
CS202501674,FIR202501169,P006444,NDPS,NDPS Act Sec 20(b),SI Mahesh Bhat,Bagalkote District & Sessions Court,9,23,2025-12-10,Accepted
CS202501474,FIR202503531,P007010,Assault,"BNS 115(2), BNS 117(2)",PI Suresh Kulkarni,Bidar District & Sessions Court,7,5,2025-12-10,Accepted
CS202501818,FIR202500194,P003239,Cyber Crime,"IT Act 66D, BNS 318(4)",PI Ramesh Gowda,Bengaluru Urban District & Sessions Court,16,11,2025-12-10,Returned for Correction
CS202501685,FIR202502967,P006580,Robbery,BNS 309(4),PI Ramesh Gowda,Chamarajanagar District & Sessions Court,16,4,2025-12-10,Returned for Correction
CS202502017,FIR202503544,P005237,Theft,BNS 303(2),PI Ramesh Gowda,Belagavi District & Sessions Court,5,9,2025-12-10,Accepted
CS202501936,FIR202504599,P001528,NDPS,NDPS Act Sec 20(b),PI Suresh Kulkarni,Bengaluru Rural District & Sessions Court,17,15,2025-12-10,Accepted
CS202501844,FIR202500498,P000998,Assault,"BNS 115(2), BNS 117(2)",PI Ramesh Gowda,Bidar District & Sessions Court,18,16,2025-12-10,Pending Scrutiny
CS202501523,FIR202503353,P006683,Burglary,"BNS 331(3), BNS 331(4)",PI Ramesh Gowda,Bengaluru Rural District & Sessions Court,8,15,2025-12-11,Returned for Correction
CS202502081,FIR202504226,P008748,Cyber Crime,"IT Act 66D, BNS 318(4)",PI Ramesh Gowda,Chamarajanagar District & Sessions Court,14,5,2025-12-11,Returned for Correction
CS202501744,FIR202501792,P007386,Robbery,BNS 309(4),SI Ravi Kumar,Bidar District & Sessions Court,5,12,2025-12-11,Returned for Correction
CS202501465,FIR202502632,P007958,Robbery,BNS 309(4),PI Naveen Patil,Chikkaballapura District & Sessions Court,9,29,2025-12-11,Accepted
CS202501839,FIR202501988,P000909,Murder,BNS 103(1),SI Prakash Sharma,Bengaluru Rural District & Sessions Court,13,22,2025-12-11,Accepted
CS202501423,FIR202500228,P008030,Assault,"BNS 115(2), BNS 117(2)",SI Mahesh Bhat,Bidar District & Sessions Court,16,7,2025-12-12,Filed
CS202501939,FIR202504242,P004363,Assault,"BNS 115(2), BNS 117(2)",SI Ganesh Rao,Bidar District & Sessions Court,2,6,2025-12-12,Filed
CS202501658,FIR202502248,P000561,Dacoity,BNS 310(2),SI Ganesh Rao,Ballari District & Sessions Court,11,8,2025-12-12,Filed
CS202501624,FIR202503879,P008211,Murder,BNS 103(1),PI Naveen Patil,Chamarajanagar District & Sessions Court,7,16,2025-12-12,Returned for Correction
CS202501709,FIR202504759,P001021,Dacoity,BNS 310(2),PI Naveen Patil,Bagalkote District & Sessions Court,2,30,2025-12-12,Accepted
CS202501707,FIR202503311,P006254,Burglary,"BNS 331(3), BNS 331(4)",PI Harish Naik,Belagavi District & Sessions Court,9,7,2025-12-12,Filed
CS202502099,FIR202501213,P005220,Murder,BNS 103(1),PI Harish Naik,Bengaluru Urban District & Sessions Court,6,29,2025-12-12,Filed
CS202502067,FIR202502165,P002913,NDPS,NDPS Act Sec 20(b),PI Naveen Patil,Bidar District & Sessions Court,18,7,2025-12-13,Pending Scrutiny
CS202501826,FIR202504400,P003212,NDPS,NDPS Act Sec 20(b),SI Ravi Kumar,Bengaluru Rural District & Sessions Court,15,29,2025-12-13,Pending Scrutiny
CS202502101,FIR202503472,P001919,Burglary,"BNS 331(3), BNS 331(4)",PI Chetan Kumar,Belagavi District & Sessions Court,5,12,2025-12-13,Accepted
CS202501663,FIR202500535,P003025,POCSO,"POCSO Act Sec 4, BNS 64",SI Ravi Kumar,Bengaluru Rural District & Sessions Court,8,9,2025-12-13,Pending Scrutiny
CS202501655,FIR202502357,P009221,Dacoity,BNS 310(2),PI Suresh Kulkarni,Chamarajanagar District & Sessions Court,12,27,2025-12-13,Filed
CS202501846,FIR202502091,P006320,Dacoity,BNS 310(2),SI Ganesh Rao,Ballari District & Sessions Court,18,11,2025-12-13,Filed
CS202501683,FIR202500335,P007957,Murder,BNS 103(1),SI Ravi Kumar,Bengaluru Rural District & Sessions Court,15,21,2025-12-13,Filed
CS202501770,FIR202501801,P007488,Robbery,BNS 309(4),SI Mahesh Bhat,Bengaluru Urban District & Sessions Court,13,20,2025-12-13,Returned for Correction
CS202501668,FIR202500160,P006331,NDPS,NDPS Act Sec 20(b),PI Harish Naik,Bagalkote District & Sessions Court,11,15,2025-12-14,Returned for Correction
CS202501823,FIR202502102,P005294,NDPS,NDPS Act Sec 20(b),PI Harish Naik,Ballari District & Sessions Court,3,14,2025-12-14,Accepted
CS202501684,FIR202502042,P001280,Assault,"BNS 115(2), BNS 117(2)",PI Naveen Patil,Bagalkote District & Sessions Court,16,18,2025-12-14,Filed
CS202501712,FIR202501710,P004375,Cyber Crime,"IT Act 66D, BNS 318(4)",SI Mahesh Bhat,Bengaluru Urban District & Sessions Court,12,14,2025-12-14,Returned for Correction
CS202502166,FIR202502147,P005106,NDPS,NDPS Act Sec 20(b),PI Ramesh Gowda,Bagalkote District & Sessions Court,8,26,2025-12-14,Returned for Correction
CS202501917,FIR202500682,P008382,Robbery,BNS 309(4),PI Naveen Patil,Chikkaballapura District & Sessions Court,10,21,2025-12-14,Pending Scrutiny
CS202501511,FIR202503762,P002755,NDPS,NDPS Act Sec 20(b),PI Ramesh Gowda,Chamarajanagar District & Sessions Court,17,4,2025-12-14,Accepted
CS202501722,FIR202500548,P000999,Cyber Crime,"IT Act 66D, BNS 318(4)",PI Lakshmi Devi,Bengaluru Rural District & Sessions Court,4,28,2025-12-14,Accepted
CS202501904,FIR202503769,P006291,Dacoity,BNS 310(2),PI Ramesh Gowda,Bengaluru Rural District & Sessions Court,7,16,2025-12-14,Accepted
CS202501853,FIR202503764,P004150,Murder,BNS 103(1),PI Naveen Patil,Chamarajanagar District & Sessions Court,4,28,2025-12-15,Pending Scrutiny
CS202501706,FIR202504194,P009341,NDPS,NDPS Act Sec 20(b),SI Divya Hegde,Chikkaballapura District & Sessions Court,3,4,2025-12-15,Accepted
CS202501806,FIR202502933,P001471,Fraud,BNS 318(4),PI Lakshmi Devi,Bengaluru Urban District & Sessions Court,13,18,2025-12-15,Pending Scrutiny
CS202501996,FIR202503476,P002299,Robbery,BNS 309(4),SI Ganesh Rao,Bengaluru Rural District & Sessions Court,11,14,2025-12-15,Pending Scrutiny
CS202501779,FIR202503252,P009968,NDPS,NDPS Act Sec 20(b),SI Mahesh Bhat,Bengaluru Rural District & Sessions Court,17,30,2025-12-15,Accepted
CS202501775,FIR202503013,P008338,Theft,BNS 303(2),PI Harish Naik,Belagavi District & Sessions Court,18,7,2025-12-15,Filed
CS202502198,FIR202504257,P001972,Burglary,"BNS 331(3), BNS 331(4)",PI Chetan Kumar,Bidar District & Sessions Court,4,12,2025-12-15,Accepted
CS202501886,FIR202500282,P005137,POCSO,"POCSO Act Sec 4, BNS 64",PI Lakshmi Devi,Bengaluru Rural District & Sessions Court,13,12,2025-12-15,Returned for Correction
CS202501713,FIR202504511,P002755,Vehicle Theft,BNS 303(2),SI Ganesh Rao,Bidar District & Sessions Court,5,14,2025-12-16,Pending Scrutiny
CS202501984,FIR202503305,P000471,Fraud,BNS 318(4),SI Prakash Sharma,Bengaluru Urban District & Sessions Court,3,28,2025-12-16,Filed
CS202502082,FIR202502618,P009958,Dacoity,BNS 310(2),PI Ramesh Gowda,Bidar District & Sessions Court,18,8,2025-12-16,Pending Scrutiny
CS202501582,FIR202504470,P004117,Burglary,"BNS 331(3), BNS 331(4)",SI Divya Hegde,Bengaluru Rural District & Sessions Court,15,30,2025-12-16,Pending Scrutiny
CS202501687,FIR202500974,P002454,Burglary,"BNS 331(3), BNS 331(4)",SI Ravi Kumar,Chikkaballapura District & Sessions Court,3,5,2025-12-16,Pending Scrutiny
CS202501637,FIR202502399,P002470,Assault,"BNS 115(2), BNS 117(2)",PI Naveen Patil,Bagalkote District & Sessions Court,14,23,2025-12-16,Pending Scrutiny
CS202501906,FIR202501125,P009473,Cyber Crime,"IT Act 66D, BNS 318(4)",PI Suresh Kulkarni,Bengaluru Rural District & Sessions Court,3,23,2025-12-16,Accepted
CS202501989,FIR202501118,P009621,Fraud,BNS 318(4),SI Mahesh Bhat,Bengaluru Urban District & Sessions Court,10,4,2025-12-16,Returned for Correction
CS202501942,FIR202502773,P007953,Vehicle Theft,BNS 303(2),SI Ganesh Rao,Bengaluru Urban District & Sessions Court,9,3,2025-12-16,Filed
CS202501925,FIR202503425,P000251,Fraud,BNS 318(4),SI Ravi Kumar,Bengaluru Urban District & Sessions Court,6,25,2025-12-16,Returned for Correction
CS202501792,FIR202504969,P004526,NDPS,NDPS Act Sec 20(b),SI Ravi Kumar,Chamarajanagar District & Sessions Court,15,23,2025-12-17,Filed
CS202502158,FIR202504127,P007451,Assault,"BNS 115(2), BNS 117(2)",PI Chetan Kumar,Bengaluru Urban District & Sessions Court,12,9,2025-12-17,Accepted
CS202501900,FIR202502218,P005487,Burglary,"BNS 331(3), BNS 331(4)",PI Harish Naik,Bagalkote District & Sessions Court,12,15,2025-12-17,Pending Scrutiny
CS202502097,FIR202501959,P007863,Burglary,"BNS 331(3), BNS 331(4)",PI Lakshmi Devi,Belagavi District & Sessions Court,13,15,2025-12-17,Pending Scrutiny
CS202501905,FIR202500815,P002418,Assault,"BNS 115(2), BNS 117(2)",PI Suresh Kulkarni,Bengaluru Rural District & Sessions Court,18,5,2025-12-17,Pending Scrutiny
CS202501498,FIR202501652,P006599,Assault,"BNS 115(2), BNS 117(2)",SI Prakash Sharma,Bidar District & Sessions Court,7,10,2025-12-17,Returned for Correction
CS202501816,FIR202503210,P009614,Murder,BNS 103(1),PI Naveen Patil,Bengaluru Urban District & Sessions Court,8,4,2025-12-17,Returned for Correction
CS202502167,FIR202501004,P009293,Dacoity,BNS 310(2),PI Ramesh Gowda,Bengaluru Urban District & Sessions Court,17,17,2025-12-17,Accepted
CS202501786,FIR202500446,P007813,Cyber Crime,"IT Act 66D, BNS 318(4)",PI Ramesh Gowda,Bengaluru Urban District & Sessions Court,11,5,2025-12-17,Returned for Correction
CS202502006,FIR202502792,P000553,NDPS,NDPS Act Sec 20(b),SI Ganesh Rao,Bengaluru Urban District & Sessions Court,14,12,2025-12-18,Returned for Correction
CS202502068,FIR202501835,P005395,NDPS,NDPS Act Sec 20(b),PI Naveen Patil,Bengaluru Urban District & Sessions Court,5,6,2025-12-18,Returned for Correction
CS202501921,FIR202501149,P007819,Vehicle Theft,BNS 303(2),PI Ramesh Gowda,Bengaluru Rural District & Sessions Court,8,17,2025-12-18,Filed
CS202501988,FIR202500677,P002010,Dacoity,BNS 310(2),SI Mahesh Bhat,Bidar District & Sessions Court,15,4,2025-12-18,Filed
CS202501710,FIR202502360,P003800,Vehicle Theft,BNS 303(2),PI Suresh Kulkarni,Chamarajanagar District & Sessions Court,6,5,2025-12-18,Returned for Correction
CS202501791,FIR202504881,P002045,Fraud,BNS 318(4),PI Ramesh Gowda,Bengaluru Urban District & Sessions Court,7,26,2025-12-18,Returned for Correction
CS202501950,FIR202501936,P009161,Robbery,BNS 309(4),SI Ravi Kumar,Bagalkote District & Sessions Court,8,23,2025-12-18,Filed
CS202502162,FIR202502570,P008210,Robbery,BNS 309(4),SI Mahesh Bhat,Belagavi District & Sessions Court,18,12,2025-12-18,Pending Scrutiny
CS202502104,FIR202503426,P005224,Theft,BNS 303(2),SI Ravi Kumar,Bidar District & Sessions Court,16,30,2025-12-19,Filed
CS202501834,FIR202502691,P001108,Robbery,BNS 309(4),PI Lakshmi Devi,Belagavi District & Sessions Court,10,22,2025-12-19,Pending Scrutiny
CS202502142,FIR202500308,P009957,Vehicle Theft,BNS 303(2),SI Mahesh Bhat,Ballari District & Sessions Court,5,13,2025-12-19,Filed
CS202501811,FIR202504871,P001805,Burglary,"BNS 331(3), BNS 331(4)",PI Ramesh Gowda,Bengaluru Rural District & Sessions Court,18,13,2025-12-19,Returned for Correction
CS202501967,FIR202503493,P007681,Assault,"BNS 115(2), BNS 117(2)",SI Divya Hegde,Bengaluru Urban District & Sessions Court,14,14,2025-12-19,Accepted
CS202502229,FIR202501849,P008129,Assault,"BNS 115(2), BNS 117(2)",PI Lakshmi Devi,Ballari District & Sessions Court,16,24,2025-12-19,Filed
CS202501838,FIR202503559,P008488,Burglary,"BNS 331(3), BNS 331(4)",PI Naveen Patil,Chamarajanagar District & Sessions Court,13,17,2025-12-20,Pending Scrutiny
CS202502169,FIR202501554,P001326,Theft,BNS 303(2),PI Suresh Kulkarni,Chamarajanagar District & Sessions Court,3,9,2025-12-20,Accepted
CS202501692,FIR202502966,P001414,Vehicle Theft,BNS 303(2),SI Prakash Sharma,Bengaluru Rural District & Sessions Court,14,7,2025-12-20,Pending Scrutiny
CS202501841,FIR202500330,P003599,Assault,"BNS 115(2), BNS 117(2)",SI Mahesh Bhat,Bengaluru Urban District & Sessions Court,9,13,2025-12-20,Returned for Correction
CS202501705,FIR202501560,P002987,Vehicle Theft,BNS 303(2),PI Chetan Kumar,Bagalkote District & Sessions Court,10,3,2025-12-20,Pending Scrutiny
CS202501827,FIR202501841,P005793,Assault,"BNS 115(2), BNS 117(2)",PI Lakshmi Devi,Bagalkote District & Sessions Court,4,28,2025-12-20,Pending Scrutiny
CS202501695,FIR202502594,P008111,Theft,BNS 303(2),PI Harish Naik,Chamarajanagar District & Sessions Court,7,23,2025-12-20,Returned for Correction
CS202502092,FIR202504473,P002612,POCSO,"POCSO Act Sec 4, BNS 64",SI Ganesh Rao,Chamarajanagar District & Sessions Court,16,9,2025-12-20,Accepted
CS202502049,FIR202503899,P008506,Dacoity,BNS 310(2),SI Mahesh Bhat,Chamarajanagar District & Sessions Court,7,12,2025-12-20,Pending Scrutiny
CS202501891,FIR202502749,P004966,Dacoity,BNS 310(2),PI Chetan Kumar,Belagavi District & Sessions Court,6,15,2025-12-21,Returned for Correction
CS202501929,FIR202500944,P001661,Dacoity,BNS 310(2),SI Divya Hegde,Bidar District & Sessions Court,10,4,2025-12-21,Filed
CS202501579,FIR202504492,P000676,Cyber Crime,"IT Act 66D, BNS 318(4)",PI Chetan Kumar,Bengaluru Urban District & Sessions Court,2,8,2025-12-21,Pending Scrutiny
CS202501874,FIR202504624,P001945,Murder,BNS 103(1),SI Ravi Kumar,Chamarajanagar District & Sessions Court,16,19,2025-12-21,Filed
CS202501669,FIR202501369,P009193,Fraud,BNS 318(4),PI Suresh Kulkarni,Bengaluru Urban District & Sessions Court,16,13,2025-12-21,Filed
CS202501755,FIR202500142,P002394,Fraud,BNS 318(4),SI Ravi Kumar,Bengaluru Rural District & Sessions Court,18,9,2025-12-21,Returned for Correction
CS202501990,FIR202503725,P003840,POCSO,"POCSO Act Sec 4, BNS 64",PI Harish Naik,Chikkaballapura District & Sessions Court,9,11,2025-12-21,Returned for Correction
CS202501765,FIR202500231,P001503,Vehicle Theft,BNS 303(2),PI Chetan Kumar,Bengaluru Urban District & Sessions Court,2,11,2025-12-21,Returned for Correction
CS202502031,FIR202504395,P002214,Robbery,BNS 309(4),PI Suresh Kulkarni,Bidar District & Sessions Court,3,12,2025-12-21,Accepted
CS202501783,FIR202500054,P003192,Burglary,"BNS 331(3), BNS 331(4)",SI Prakash Sharma,Bengaluru Urban District & Sessions Court,13,19,2025-12-21,Accepted
CS202502069,FIR202504543,P000882,Theft,BNS 303(2),SI Prakash Sharma,Chamarajanagar District & Sessions Court,6,11,2025-12-21,Returned for Correction
CS202501618,FIR202501263,P004690,Fraud,BNS 318(4),PI Lakshmi Devi,Bengaluru Rural District & Sessions Court,4,20,2025-12-22,Accepted
CS202501877,FIR202500002,P005626,Dacoity,BNS 310(2),PI Suresh Kulkarni,Bengaluru Urban District & Sessions Court,5,14,2025-12-22,Accepted
CS202501899,FIR202500578,P005719,NDPS,NDPS Act Sec 20(b),PI Harish Naik,Bengaluru Urban District & Sessions Court,7,16,2025-12-22,Accepted
CS202501893,FIR202502723,P002343,Theft,BNS 303(2),SI Ganesh Rao,Belagavi District & Sessions Court,15,7,2025-12-22,Filed
CS202501787,FIR202501839,P006836,Assault,"BNS 115(2), BNS 117(2)",SI Divya Hegde,Bidar District & Sessions Court,17,11,2025-12-22,Accepted
CS202502027,FIR202502552,P001923,Theft,BNS 303(2),PI Ramesh Gowda,Belagavi District & Sessions Court,10,28,2025-12-22,Returned for Correction
CS202502193,FIR202501038,P000297,Fraud,BNS 318(4),SI Divya Hegde,Bengaluru Urban District & Sessions Court,5,6,2025-12-23,Accepted
CS202501867,FIR202501989,P000201,Robbery,BNS 309(4),PI Harish Naik,Chamarajanagar District & Sessions Court,13,3,2025-12-23,Returned for Correction
CS202502184,FIR202500889,P003127,Vehicle Theft,BNS 303(2),SI Ravi Kumar,Bengaluru Urban District & Sessions Court,6,28,2025-12-23,Pending Scrutiny
CS202502207,FIR202502192,P006801,Fraud,BNS 318(4),PI Chetan Kumar,Belagavi District & Sessions Court,6,23,2025-12-23,Pending Scrutiny
CS202501777,FIR202500880,P009590,POCSO,"POCSO Act Sec 4, BNS 64",SI Prakash Sharma,Bengaluru Rural District & Sessions Court,12,23,2025-12-23,Returned for Correction
CS202501973,FIR202502432,P002591,Fraud,BNS 318(4),SI Mahesh Bhat,Bengaluru Urban District & Sessions Court,11,29,2025-12-23,Returned for Correction
CS202502146,FIR202504589,P004535,Murder,BNS 103(1),PI Ramesh Gowda,Ballari District & Sessions Court,14,29,2025-12-24,Returned for Correction
CS202501616,FIR202503711,P003738,Robbery,BNS 309(4),SI Ravi Kumar,Bengaluru Urban District & Sessions Court,6,17,2025-12-24,Accepted
CS202501975,FIR202504497,P005507,Theft,BNS 303(2),SI Ganesh Rao,Bidar District & Sessions Court,2,10,2025-12-24,Pending Scrutiny
CS202501932,FIR202503982,P007518,Assault,"BNS 115(2), BNS 117(2)",PI Naveen Patil,Bidar District & Sessions Court,18,23,2025-12-24,Returned for Correction
CS202502057,FIR202503580,P006620,NDPS,NDPS Act Sec 20(b),PI Chetan Kumar,Bengaluru Rural District & Sessions Court,7,14,2025-12-24,Accepted
CS202501930,FIR202502817,P004642,Assault,"BNS 115(2), BNS 117(2)",PI Lakshmi Devi,Bidar District & Sessions Court,16,15,2025-12-24,Accepted
CS202501578,FIR202501912,P007715,Fraud,BNS 318(4),SI Ravi Kumar,Bagalkote District & Sessions Court,17,9,2025-12-24,Accepted
CS202501817,FIR202500605,P002583,Robbery,BNS 309(4),SI Prakash Sharma,Ballari District & Sessions Court,9,12,2025-12-24,Pending Scrutiny
CS202502096,FIR202501245,P004485,Burglary,"BNS 331(3), BNS 331(4)",PI Ramesh Gowda,Chikkaballapura District & Sessions Court,12,15,2025-12-24,Pending Scrutiny
CS202502260,FIR202500722,P001491,Vehicle Theft,BNS 303(2),PI Suresh Kulkarni,Chamarajanagar District & Sessions Court,11,26,2025-12-25,Returned for Correction
CS202502240,FIR202500597,P006601,POCSO,"POCSO Act Sec 4, BNS 64",PI Chetan Kumar,Bagalkote District & Sessions Court,6,12,2025-12-25,Filed
CS202501608,FIR202501693,P007854,Dacoity,BNS 310(2),PI Suresh Kulkarni,Ballari District & Sessions Court,13,8,2025-12-25,Accepted
CS202502087,FIR202502821,P003111,Cyber Crime,"IT Act 66D, BNS 318(4)",SI Divya Hegde,Bengaluru Urban District & Sessions Court,13,5,2025-12-25,Pending Scrutiny
CS202501730,FIR202500538,P006042,Burglary,"BNS 331(3), BNS 331(4)",PI Naveen Patil,Belagavi District & Sessions Court,5,4,2025-12-25,Filed
CS202501758,FIR202501587,P000142,Cyber Crime,"IT Act 66D, BNS 318(4)",PI Lakshmi Devi,Bengaluru Urban District & Sessions Court,7,9,2025-12-25,Pending Scrutiny
CS202502078,FIR202500883,P007715,Theft,BNS 303(2),PI Naveen Patil,Chamarajanagar District & Sessions Court,12,16,2025-12-25,Accepted
CS202501788,FIR202500858,P004744,Robbery,BNS 309(4),PI Suresh Kulkarni,Bengaluru Urban District & Sessions Court,7,22,2025-12-25,Accepted
CS202502036,FIR202504500,P005621,Assault,"BNS 115(2), BNS 117(2)",PI Chetan Kumar,Ballari District & Sessions Court,12,23,2025-12-25,Accepted
CS202501966,FIR202504688,P000387,Dacoity,BNS 310(2),PI Chetan Kumar,Bidar District & Sessions Court,14,12,2025-12-25,Accepted
CS202502143,FIR202501739,P000001,Burglary,"BNS 331(3), BNS 331(4)",PI Harish Naik,Bengaluru Rural District & Sessions Court,5,4,2025-12-25,Returned for Correction
CS202501923,FIR202504614,P008192,Fraud,BNS 318(4),SI Prakash Sharma,Bengaluru Rural District & Sessions Court,11,13,2025-12-25,Accepted
CS202502221,FIR202502082,P004141,Cyber Crime,"IT Act 66D, BNS 318(4)",SI Divya Hegde,Bengaluru Rural District & Sessions Court,15,3,2025-12-26,Filed
CS202502140,FIR202501670,P004810,Theft,BNS 303(2),SI Prakash Sharma,Bidar District & Sessions Court,2,10,2025-12-26,Filed
CS202501983,FIR202504802,P005960,Robbery,BNS 309(4),PI Ramesh Gowda,Bidar District & Sessions Court,18,16,2025-12-26,Pending Scrutiny
CS202501918,FIR202502354,P001779,Assault,"BNS 115(2), BNS 117(2)",SI Ganesh Rao,Bidar District & Sessions Court,17,9,2025-12-26,Returned for Correction
CS202501572,FIR202502864,P000170,Robbery,BNS 309(4),PI Lakshmi Devi,Bidar District & Sessions Court,7,12,2025-12-26,Pending Scrutiny
CS202501718,FIR202501082,P002852,Murder,BNS 103(1),PI Chetan Kumar,Bengaluru Rural District & Sessions Court,12,16,2025-12-26,Filed
CS202501781,FIR202501814,P005269,Fraud,BNS 318(4),PI Ramesh Gowda,Bengaluru Urban District & Sessions Court,7,23,2025-12-26,Pending Scrutiny
CS202501804,FIR202502233,P001055,Dacoity,BNS 310(2),PI Chetan Kumar,Chamarajanagar District & Sessions Court,3,10,2025-12-26,Pending Scrutiny
CS202501753,FIR202504275,P008475,POCSO,"POCSO Act Sec 4, BNS 64",SI Ganesh Rao,Bengaluru Urban District & Sessions Court,5,3,2025-12-27,Filed
CS202502238,FIR202500547,P008469,Cyber Crime,"IT Act 66D, BNS 318(4)",PI Lakshmi Devi,Bengaluru Urban District & Sessions Court,8,13,2025-12-27,Filed
CS202502129,FIR202504360,P008637,Burglary,"BNS 331(3), BNS 331(4)",SI Ravi Kumar,Chamarajanagar District & Sessions Court,8,29,2025-12-27,Accepted
CS202502060,FIR202500806,P005056,Fraud,BNS 318(4),PI Ramesh Gowda,Bengaluru Rural District & Sessions Court,13,18,2025-12-27,Accepted
CS202502291,FIR202501621,P003630,Murder,BNS 103(1),PI Suresh Kulkarni,Bidar District & Sessions Court,4,29,2025-12-27,Returned for Correction
CS202501858,FIR202503150,P005118,Assault,"BNS 115(2), BNS 117(2)",SI Mahesh Bhat,Ballari District & Sessions Court,5,3,2025-12-27,Pending Scrutiny
CS202502002,FIR202503396,P005637,Theft,BNS 303(2),PI Harish Naik,Belagavi District & Sessions Court,9,7,2025-12-27,Pending Scrutiny
CS202502046,FIR202504103,P001475,Cyber Crime,"IT Act 66D, BNS 318(4)",SI Prakash Sharma,Chamarajanagar District & Sessions Court,10,7,2025-12-27,Filed
CS202501852,FIR202503529,P006462,Cyber Crime,"IT Act 66D, BNS 318(4)",PI Ramesh Gowda,Bengaluru Urban District & Sessions Court,16,19,2025-12-28,Pending Scrutiny
CS202501946,FIR202501276,P004403,Fraud,BNS 318(4),SI Divya Hegde,Bidar District & Sessions Court,7,25,2025-12-28,Accepted
CS202501820,FIR202502452,P003349,Cyber Crime,"IT Act 66D, BNS 318(4)",PI Chetan Kumar,Bengaluru Urban District & Sessions Court,12,12,2025-12-28,Pending Scrutiny
CS202501927,FIR202503456,P006342,Theft,BNS 303(2),SI Divya Hegde,Bengaluru Urban District & Sessions Court,2,4,2025-12-28,Accepted
CS202501979,FIR202501277,P007982,Theft,BNS 303(2),PI Naveen Patil,Belagavi District & Sessions Court,8,13,2025-12-28,Filed
CS202502272,FIR202503374,P006131,Assault,"BNS 115(2), BNS 117(2)",PI Ramesh Gowda,Ballari District & Sessions Court,16,3,2025-12-28,Pending Scrutiny
CS202502009,FIR202503487,P008156,Burglary,"BNS 331(3), BNS 331(4)",SI Divya Hegde,Bagalkote District & Sessions Court,6,28,2025-12-28,Filed
CS202501889,FIR202500865,P008017,NDPS,NDPS Act Sec 20(b),SI Mahesh Bhat,Bidar District & Sessions Court,13,15,2025-12-28,Accepted
CS202501723,FIR202500714,P008137,Assault,"BNS 115(2), BNS 117(2)",SI Prakash Sharma,Bidar District & Sessions Court,17,29,2025-12-28,Filed
CS202501836,FIR202500102,P005848,Dacoity,BNS 310(2),SI Divya Hegde,Bidar District & Sessions Court,18,5,2025-12-29,Returned for Correction
CS202501960,FIR202500877,P008863,Robbery,BNS 309(4),PI Chetan Kumar,Chamarajanagar District & Sessions Court,9,11,2025-12-29,Accepted
CS202502341,FIR202501413,P001961,Cyber Crime,"IT Act 66D, BNS 318(4)",PI Chetan Kumar,Belagavi District & Sessions Court,3,23,2025-12-29,Filed
CS202502102,FIR202504804,P003897,Assault,"BNS 115(2), BNS 117(2)",PI Lakshmi Devi,Ballari District & Sessions Court,7,27,2025-12-29,Accepted
CS202501829,FIR202502642,P008920,Burglary,"BNS 331(3), BNS 331(4)",SI Ravi Kumar,Bengaluru Urban District & Sessions Court,2,7,2025-12-29,Pending Scrutiny
CS202502076,FIR202503754,P000631,Burglary,"BNS 331(3), BNS 331(4)",SI Ganesh Rao,Chamarajanagar District & Sessions Court,3,6,2025-12-29,Pending Scrutiny
CS202502183,FIR202500508,P005629,POCSO,"POCSO Act Sec 4, BNS 64",PI Naveen Patil,Ballari District & Sessions Court,7,26,2025-12-29,Filed
CS202501664,FIR202500749,P001231,Robbery,BNS 309(4),PI Suresh Kulkarni,Chamarajanagar District & Sessions Court,11,11,2025-12-29,Filed
CS202501647,FIR202500717,P006109,Theft,BNS 303(2),PI Harish Naik,Belagavi District & Sessions Court,3,25,2025-12-29,Accepted
CS202502301,FIR202501500,P004052,Murder,BNS 103(1),PI Naveen Patil,Bengaluru Rural District & Sessions Court,18,21,2025-12-30,Filed
CS202501849,FIR202503452,P007175,Murder,BNS 103(1),PI Lakshmi Devi,Bengaluru Urban District & Sessions Court,15,6,2025-12-30,Filed
CS202502179,FIR202503619,P000153,Assault,"BNS 115(2), BNS 117(2)",PI Naveen Patil,Bidar District & Sessions Court,15,8,2025-12-30,Accepted
CS202501998,FIR202502513,P003297,Vehicle Theft,BNS 303(2),SI Divya Hegde,Chamarajanagar District & Sessions Court,8,17,2025-12-30,Returned for Correction
CS202501928,FIR202503866,P005100,POCSO,"POCSO Act Sec 4, BNS 64",PI Harish Naik,Bengaluru Urban District & Sessions Court,5,24,2025-12-30,Returned for Correction
CS202501860,FIR202504200,P007206,Murder,BNS 103(1),SI Divya Hegde,Chikkaballapura District & Sessions Court,15,20,2025-12-30,Returned for Correction
CS202502088,FIR202501667,P006607,Burglary,"BNS 331(3), BNS 331(4)",PI Lakshmi Devi,Bagalkote District & Sessions Court,13,16,2025-12-30,Accepted
CS202501799,FIR202503063,P002217,Dacoity,BNS 310(2),PI Harish Naik,Bidar District & Sessions Court,14,27,2025-12-30,Filed
CS202501880,FIR202502977,P006835,Cyber Crime,"IT Act 66D, BNS 318(4)",PI Suresh Kulkarni,Bengaluru Urban District & Sessions Court,16,30,2025-12-30,Accepted
CS202501972,FIR202502211,P000941,Theft,BNS 303(2),PI Chetan Kumar,Chamarajanagar District & Sessions Court,2,15,2025-12-30,Accepted
CS202502033,FIR202501777,P009664,Dacoity,BNS 310(2),PI Harish Naik,Bengaluru Urban District & Sessions Court,14,23,2025-12-30,Pending Scrutiny
CS202501957,FIR202503751,P000727,Vehicle Theft,BNS 303(2),PI Suresh Kulkarni,Bengaluru Urban District & Sessions Court,13,8,2025-12-30,Accepted
CS202501649,FIR202502672,P006523,Theft,BNS 303(2),PI Chetan Kumar,Belagavi District & Sessions Court,11,6,2025-12-30,Accepted
CS202501609,FIR202503255,P009114,Vehicle Theft,BNS 303(2),SI Ganesh Rao,Chamarajanagar District & Sessions Court,7,30,2025-12-30,Returned for Correction
CS202502174,FIR202502793,P004700,NDPS,NDPS Act Sec 20(b),SI Divya Hegde,Bengaluru Urban District & Sessions Court,4,5,2025-12-31,Returned for Correction
CS202502173,FIR202503129,P002867,Assault,"BNS 115(2), BNS 117(2)",PI Harish Naik,Bidar District & Sessions Court,8,12,2025-12-31,Returned for Correction
CS202502136,FIR202503083,P009908,Assault,"BNS 115(2), BNS 117(2)",PI Naveen Patil,Ballari District & Sessions Court,8,12,2025-12-31,Returned for Correction
CS202502061,FIR202502188,P008028,Assault,"BNS 115(2), BNS 117(2)",PI Naveen Patil,Bidar District & Sessions Court,11,8,2025-12-31,Accepted
CS202501814,FIR202502118,P001637,Fraud,BNS 318(4),SI Prakash Sharma,Bidar District & Sessions Court,18,19,2025-12-31,Returned for Correction
CS202501997,FIR202503748,P002533,Cyber Crime,"IT Act 66D, BNS 318(4)",PI Naveen Patil,Bengaluru Urban District & Sessions Court,18,5,2025-12-31,Returned for Correction
CS202502199,FIR202503688,P004463,Dacoity,BNS 310(2),SI Divya Hegde,Bidar District & Sessions Court,4,24,2025-12-31,Returned for Correction
CS202501768,FIR202504207,P007444,NDPS,NDPS Act Sec 20(b),SI Divya Hegde,Bengaluru Rural District & Sessions Court,8,19,2025-12-31,Accepted
CS202501920,FIR202504130,P009890,Burglary,"BNS 331(3), BNS 331(4)",PI Lakshmi Devi,Bagalkote District & Sessions Court,2,10,2025-12-31,Filed
CS202501733,FIR202502339,P004599,Robbery,BNS 309(4),SI Ganesh Rao,Bengaluru Rural District & Sessions Court,16,23,2025-12-31,Filed
CS202501903,FIR202501751,P001508,Assault,"BNS 115(2), BNS 117(2)",PI Naveen Patil,Bengaluru Rural District & Sessions Court,7,12,2025-12-31,Accepted
CS202502030,FIR202501605,P009650,Assault,"BNS 115(2), BNS 117(2)",PI Harish Naik,Bagalkote District & Sessions Court,9,7,2025-12-31,Filed
CS202502093,FIR202504818,P004716,POCSO,"POCSO Act Sec 4, BNS 64",PI Naveen Patil,Bengaluru Rural District & Sessions Court,18,26,2026-01-01,Accepted
CS202501854,FIR202500575,P000903,Dacoity,BNS 310(2),PI Suresh Kulkarni,Bagalkote District & Sessions Court,3,19,2026-01-01,Returned for Correction
CS202502029,FIR202501116,P001283,Dacoity,BNS 310(2),SI Mahesh Bhat,Chamarajanagar District & Sessions Court,17,6,2026-01-01,Accepted
CS202501697,FIR202501019,P004981,Fraud,BNS 318(4),PI Naveen Patil,Belagavi District & Sessions Court,16,30,2026-01-01,Pending Scrutiny
CS202501763,FIR202504447,P002883,POCSO,"POCSO Act Sec 4, BNS 64",SI Divya Hegde,Bengaluru Urban District & Sessions Court,8,15,2026-01-01,Pending Scrutiny
CS202501831,FIR202500926,P006933,Theft,BNS 303(2),PI Chetan Kumar,Bidar District & Sessions Court,3,24,2026-01-01,Pending Scrutiny
CS202502010,FIR202502388,P002044,NDPS,NDPS Act Sec 20(b),PI Naveen Patil,Ballari District & Sessions Court,2,22,2026-01-01,Filed
CS202501676,FIR202503225,P000899,Cyber Crime,"IT Act 66D, BNS 318(4)",PI Chetan Kumar,Chikkaballapura District & Sessions Court,9,5,2026-01-01,Accepted
CS202502348,FIR202501479,P003219,Assault,"BNS 115(2), BNS 117(2)",PI Naveen Patil,Bidar District & Sessions Court,9,7,2026-01-01,Filed
CS202502038,FIR202504061,P000944,Fraud,BNS 318(4),PI Naveen Patil,Ballari District & Sessions Court,2,8,2026-01-01,Pending Scrutiny
CS202502263,FIR202504597,P004371,Fraud,BNS 318(4),SI Divya Hegde,Bengaluru Urban District & Sessions Court,5,13,2026-01-01,Filed
CS202501750,FIR202502089,P005384,Murder,BNS 103(1),SI Divya Hegde,Bengaluru Urban District & Sessions Court,2,10,2026-01-01,Accepted
CS202501828,FIR202500507,P000642,Burglary,"BNS 331(3), BNS 331(4)",SI Ravi Kumar,Belagavi District & Sessions Court,7,13,2026-01-02,Filed
CS202502107,FIR202503477,P007599,Fraud,BNS 318(4),PI Harish Naik,Bengaluru Urban District & Sessions Court,8,16,2026-01-02,Pending Scrutiny
CS202501940,FIR202503967,P000455,Murder,BNS 103(1),PI Lakshmi Devi,Chikkaballapura District & Sessions Court,5,5,2026-01-02,Returned for Correction
CS202501719,FIR202502009,P002708,Cyber Crime,"IT Act 66D, BNS 318(4)",SI Mahesh Bhat,Bengaluru Urban District & Sessions Court,6,19,2026-01-02,Accepted
CS202502114,FIR202502541,P004426,Murder,BNS 103(1),SI Divya Hegde,Bengaluru Rural District & Sessions Court,14,4,2026-01-02,Pending Scrutiny
CS202501861,FIR202500149,P006160,Assault,"BNS 115(2), BNS 117(2)",PI Ramesh Gowda,Chamarajanagar District & Sessions Court,8,30,2026-01-03,Accepted
CS202502004,FIR202500369,P001763,Assault,"BNS 115(2), BNS 117(2)",SI Prakash Sharma,Ballari District & Sessions Court,18,11,2026-01-03,Pending Scrutiny
CS202502359,FIR202500448,P002404,Theft,BNS 303(2),PI Naveen Patil,Ballari District & Sessions Court,9,4,2026-01-03,Filed
CS202501731,FIR202504284,P006686,Assault,"BNS 115(2), BNS 117(2)",PI Chetan Kumar,Bidar District & Sessions Court,10,13,2026-01-03,Accepted
CS202502172,FIR202503644,P000764,NDPS,NDPS Act Sec 20(b),PI Chetan Kumar,Bidar District & Sessions Court,7,22,2026-01-03,Accepted
CS202501857,FIR202501205,P007308,Dacoity,BNS 310(2),PI Suresh Kulkarni,Bengaluru Rural District & Sessions Court,13,7,2026-01-04,Filed
CS202501769,FIR202504926,P004398,Theft,BNS 303(2),SI Mahesh Bhat,Bidar District & Sessions Court,8,23,2026-01-04,Accepted
CS202502147,FIR202503243,P008413,Cyber Crime,"IT Act 66D, BNS 318(4)",PI Harish Naik,Bengaluru Urban District & Sessions Court,3,11,2026-01-04,Accepted
CS202502352,FIR202503480,P008906,Cyber Crime,"IT Act 66D, BNS 318(4)",SI Mahesh Bhat,Bengaluru Rural District & Sessions Court,17,13,2026-01-04,Accepted
CS202501757,FIR202504601,P001394,Burglary,"BNS 331(3), BNS 331(4)",SI Divya Hegde,Bidar District & Sessions Court,14,12,2026-01-04,Pending Scrutiny
CS202501813,FIR202501759,P009597,Theft,BNS 303(2),SI Divya Hegde,Bagalkote District & Sessions Court,4,30,2026-01-04,Accepted
CS202501819,FIR202504872,P002218,Theft,BNS 303(2),PI Naveen Patil,Belagavi District & Sessions Court,4,7,2026-01-04,Pending Scrutiny
CS202502314,FIR202501827,P005808,Dacoity,BNS 310(2),PI Chetan Kumar,Bidar District & Sessions Court,11,13,2026-01-04,Accepted
CS202502055,FIR202503950,P001438,POCSO,"POCSO Act Sec 4, BNS 64",SI Mahesh Bhat,Ballari District & Sessions Court,5,22,2026-01-04,Returned for Correction
CS202501981,FIR202502466,P009260,Assault,"BNS 115(2), BNS 117(2)",SI Mahesh Bhat,Ballari District & Sessions Court,11,3,2026-01-04,Accepted
CS202501952,FIR202502951,P008771,NDPS,NDPS Act Sec 20(b),SI Ganesh Rao,Bidar District & Sessions Court,18,24,2026-01-04,Accepted
CS202501991,FIR202504298,P007854,Burglary,"BNS 331(3), BNS 331(4)",PI Chetan Kumar,Bengaluru Rural District & Sessions Court,10,29,2026-01-04,Returned for Correction
CS202502151,FIR202502276,P009957,Vehicle Theft,BNS 303(2),SI Ganesh Rao,Ballari District & Sessions Court,15,13,2026-01-05,Accepted
CS202502214,FIR202503103,P002784,Assault,"BNS 115(2), BNS 117(2)",SI Ganesh Rao,Chamarajanagar District & Sessions Court,7,19,2026-01-05,Pending Scrutiny
CS202502035,FIR202502481,P001513,Burglary,"BNS 331(3), BNS 331(4)",PI Naveen Patil,Chikkaballapura District & Sessions Court,9,30,2026-01-05,Accepted
CS202502062,FIR202501414,P002200,Dacoity,BNS 310(2),SI Mahesh Bhat,Bidar District & Sessions Court,4,10,2026-01-05,Pending Scrutiny
CS202502042,FIR202500382,P007559,Vehicle Theft,BNS 303(2),PI Suresh Kulkarni,Bengaluru Urban District & Sessions Court,3,30,2026-01-05,Pending Scrutiny
CS202502144,FIR202504114,P005821,Vehicle Theft,BNS 303(2),PI Suresh Kulkarni,Bengaluru Urban District & Sessions Court,17,29,2026-01-05,Filed
CS202501802,FIR202500942,P001025,Dacoity,BNS 310(2),PI Naveen Patil,Ballari District & Sessions Court,14,14,2026-01-05,Pending Scrutiny
CS202501919,FIR202501698,P004715,Murder,BNS 103(1),PI Chetan Kumar,Bagalkote District & Sessions Court,2,29,2026-01-05,Returned for Correction
CS202501824,FIR202503564,P006658,Assault,"BNS 115(2), BNS 117(2)",SI Ravi Kumar,Ballari District & Sessions Court,10,14,2026-01-05,Accepted
CS202502116,FIR202501272,P004073,Assault,"BNS 115(2), BNS 117(2)",SI Ganesh Rao,Chamarajanagar District & Sessions Court,18,18,2026-01-05,Accepted
CS202501843,FIR202500965,P006160,Cyber Crime,"IT Act 66D, BNS 318(4)",PI Suresh Kulkarni,Bengaluru Rural District & Sessions Court,18,4,2026-01-05,Accepted
CS202502108,FIR202503804,P001035,Dacoity,BNS 310(2),PI Suresh Kulkarni,Bengaluru Rural District & Sessions Court,6,14,2026-01-05,Returned for Correction
CS202502111,FIR202504579,P005386,Burglary,"BNS 331(3), BNS 331(4)",SI Ganesh Rao,Ballari District & Sessions Court,15,5,2026-01-05,Returned for Correction
CS202502375,FIR202502282,P008136,Assault,"BNS 115(2), BNS 117(2)",PI Suresh Kulkarni,Chikkaballapura District & Sessions Court,2,24,2026-01-05,Pending Scrutiny
CS202501832,FIR202504771,P008036,Vehicle Theft,BNS 303(2),SI Mahesh Bhat,Bengaluru Urban District & Sessions Court,13,23,2026-01-05,Returned for Correction
CS202501993,FIR202504405,P004878,Dacoity,BNS 310(2),PI Naveen Patil,Bidar District & Sessions Court,2,5,2026-01-05,Pending Scrutiny
CS202501862,FIR202501724,P005948,Cyber Crime,"IT Act 66D, BNS 318(4)",SI Mahesh Bhat,Belagavi District & Sessions Court,4,16,2026-01-05,Accepted
CS202502250,FIR202504190,P007278,Assault,"BNS 115(2), BNS 117(2)",SI Mahesh Bhat,Ballari District & Sessions Court,16,11,2026-01-05,Returned for Correction
CS202501892,FIR202501080,P006792,NDPS,NDPS Act Sec 20(b),PI Lakshmi Devi,Chamarajanagar District & Sessions Court,15,11,2026-01-06,Accepted
CS202501666,FIR202503766,P007402,Robbery,BNS 309(4),SI Prakash Sharma,Bidar District & Sessions Court,6,21,2026-01-06,Accepted
CS202502309,FIR202501111,P009885,Assault,"BNS 115(2), BNS 117(2)",PI Chetan Kumar,Bengaluru Rural District & Sessions Court,11,13,2026-01-06,Pending Scrutiny
CS202502028,FIR202503640,P005325,Dacoity,BNS 310(2),SI Mahesh Bhat,Bengaluru Rural District & Sessions Court,3,11,2026-01-06,Returned for Correction
CS202501855,FIR202502794,P005781,NDPS,NDPS Act Sec 20(b),PI Chetan Kumar,Bidar District & Sessions Court,4,10,2026-01-06,Pending Scrutiny
CS202502041,FIR202502084,P005816,Fraud,BNS 318(4),SI Prakash Sharma,Bagalkote District & Sessions Court,6,30,2026-01-06,Filed
CS202501944,FIR202501815,P009279,Cyber Crime,"IT Act 66D, BNS 318(4)",PI Lakshmi Devi,Belagavi District & Sessions Court,12,8,2026-01-06,Filed
CS202502074,FIR202502914,P004669,Assault,"BNS 115(2), BNS 117(2)",SI Ganesh Rao,Chamarajanagar District & Sessions Court,16,3,2026-01-07,Pending Scrutiny
CS202502120,FIR202503648,P004076,Vehicle Theft,BNS 303(2),PI Chetan Kumar,Bengaluru Rural District & Sessions Court,13,21,2026-01-07,Accepted
CS202501965,FIR202503783,P000142,Robbery,BNS 309(4),PI Chetan Kumar,Belagavi District & Sessions Court,16,7,2026-01-07,Accepted
CS202502313,FIR202502873,P000343,Fraud,BNS 318(4),PI Ramesh Gowda,Chamarajanagar District & Sessions Court,12,11,2026-01-08,Filed
CS202502149,FIR202500420,P001806,Vehicle Theft,BNS 303(2),SI Mahesh Bhat,Bengaluru Urban District & Sessions Court,10,5,2026-01-08,Pending Scrutiny
CS202502252,FIR202500167,P003130,Vehicle Theft,BNS 303(2),PI Harish Naik,Bidar District & Sessions Court,13,23,2026-01-08,Accepted
CS202502128,FIR202500813,P001291,Cyber Crime,"IT Act 66D, BNS 318(4)",SI Mahesh Bhat,Belagavi District & Sessions Court,11,16,2026-01-08,Filed
CS202502132,FIR202501060,P008815,POCSO,"POCSO Act Sec 4, BNS 64",PI Suresh Kulkarni,Chikkaballapura District & Sessions Court,14,26,2026-01-08,Accepted
CS202502053,FIR202502584,P006978,Theft,BNS 303(2),PI Ramesh Gowda,Bidar District & Sessions Court,14,26,2026-01-08,Filed
CS202502119,FIR202502430,P006007,Theft,BNS 303(2),SI Divya Hegde,Chamarajanagar District & Sessions Court,6,14,2026-01-08,Filed
CS202501807,FIR202502532,P000002,Assault,"BNS 115(2), BNS 117(2)",PI Ramesh Gowda,Bengaluru Rural District & Sessions Court,6,28,2026-01-08,Filed
CS202501667,FIR202502393,P001638,POCSO,"POCSO Act Sec 4, BNS 64",PI Suresh Kulkarni,Belagavi District & Sessions Court,17,12,2026-01-08,Pending Scrutiny
CS202501931,FIR202500894,P001194,Assault,"BNS 115(2), BNS 117(2)",PI Naveen Patil,Bengaluru Rural District & Sessions Court,18,20,2026-01-08,Filed
CS202501912,FIR202503039,P006380,Cyber Crime,"IT Act 66D, BNS 318(4)",SI Mahesh Bhat,Chamarajanagar District & Sessions Court,12,29,2026-01-08,Accepted
CS202501938,FIR202500314,P008069,Burglary,"BNS 331(3), BNS 331(4)",PI Chetan Kumar,Ballari District & Sessions Court,16,3,2026-01-08,Filed
CS202501943,FIR202500400,P000333,Theft,BNS 303(2),SI Ganesh Rao,Belagavi District & Sessions Court,3,17,2026-01-08,Returned for Correction
CS202502347,FIR202500820,P006034,Cyber Crime,"IT Act 66D, BNS 318(4)",PI Chetan Kumar,Bidar District & Sessions Court,16,17,2026-01-08,Filed
CS202501809,FIR202503661,P007409,Cyber Crime,"IT Act 66D, BNS 318(4)",SI Divya Hegde,Bengaluru Rural District & Sessions Court,5,23,2026-01-09,Filed
CS202502437,FIR202500701,P007870,POCSO,"POCSO Act Sec 4, BNS 64",SI Prakash Sharma,Bagalkote District & Sessions Court,2,16,2026-01-09,Filed
CS202502223,FIR202502985,P003237,Dacoity,BNS 310(2),SI Prakash Sharma,Ballari District & Sessions Court,8,13,2026-01-09,Accepted
CS202502282,FIR202504651,P006893,Robbery,BNS 309(4),SI Prakash Sharma,Chikkaballapura District & Sessions Court,2,22,2026-01-09,Filed
CS202502133,FIR202503887,P005734,Murder,BNS 103(1),SI Ganesh Rao,Bagalkote District & Sessions Court,18,21,2026-01-09,Pending Scrutiny
CS202502296,FIR202504645,P009162,Burglary,"BNS 331(3), BNS 331(4)",PI Chetan Kumar,Ballari District & Sessions Court,14,3,2026-01-09,Filed
CS202501883,FIR202500275,P005860,Vehicle Theft,BNS 303(2),PI Suresh Kulkarni,Bengaluru Rural District & Sessions Court,13,4,2026-01-09,Returned for Correction
CS202501977,FIR202504201,P005204,Fraud,BNS 318(4),PI Suresh Kulkarni,Chamarajanagar District & Sessions Court,2,19,2026-01-09,Filed
CS202502363,FIR202503781,P006911,Dacoity,BNS 310(2),PI Harish Naik,Bengaluru Rural District & Sessions Court,15,6,2026-01-09,Returned for Correction
CS202502098,FIR202503275,P004604,Robbery,BNS 309(4),SI Divya Hegde,Bagalkote District & Sessions Court,9,14,2026-01-10,Pending Scrutiny
CS202502239,FIR202502351,P000393,Dacoity,BNS 310(2),PI Lakshmi Devi,Bagalkote District & Sessions Court,11,11,2026-01-10,Accepted
CS202501885,FIR202501972,P007339,Burglary,"BNS 331(3), BNS 331(4)",SI Divya Hegde,Belagavi District & Sessions Court,8,11,2026-01-10,Pending Scrutiny
CS202502150,FIR202502232,P006606,Vehicle Theft,BNS 303(2),PI Ramesh Gowda,Bagalkote District & Sessions Court,3,25,2026-01-10,Filed
CS202502241,FIR202504374,P007072,Cyber Crime,"IT Act 66D, BNS 318(4)",SI Prakash Sharma,Bengaluru Urban District & Sessions Court,14,5,2026-01-10,Filed
CS202502024,FIR202502819,P000174,Cyber Crime,"IT Act 66D, BNS 318(4)",SI Ganesh Rao,Bengaluru Urban District & Sessions Court,9,16,2026-01-10,Filed
CS202501872,FIR202504639,P003049,Cyber Crime,"IT Act 66D, BNS 318(4)",PI Chetan Kumar,Chamarajanagar District & Sessions Court,8,27,2026-01-10,Pending Scrutiny
CS202502320,FIR202504153,P001520,Theft,BNS 303(2),PI Naveen Patil,Bengaluru Rural District & Sessions Court,4,13,2026-01-10,Pending Scrutiny
CS202502185,FIR202503170,P003297,Murder,BNS 103(1),SI Mahesh Bhat,Bengaluru Rural District & Sessions Court,11,11,2026-01-10,Accepted
CS202502043,FIR202502555,P004756,Dacoity,BNS 310(2),PI Chetan Kumar,Ballari District & Sessions Court,7,18,2026-01-10,Returned for Correction
CS202502025,FIR202501324,P009058,Vehicle Theft,BNS 303(2),PI Suresh Kulkarni,Bengaluru Urban District & Sessions Court,2,4,2026-01-10,Pending Scrutiny
CS202502122,FIR202504677,P009752,Assault,"BNS 115(2), BNS 117(2)",SI Ravi Kumar,Bidar District & Sessions Court,17,7,2026-01-11,Accepted
CS202502330,FIR202500688,P006487,Fraud,BNS 318(4),PI Harish Naik,Bengaluru Urban District & Sessions Court,3,25,2026-01-11,Accepted
CS202502095,FIR202502655,P000227,Murder,BNS 103(1),SI Ravi Kumar,Ballari District & Sessions Court,8,26,2026-01-11,Accepted
CS202501837,FIR202502058,P002299,Dacoity,BNS 310(2),PI Lakshmi Devi,Ballari District & Sessions Court,10,8,2026-01-11,Accepted
CS202502387,FIR202500888,P003712,Assault,"BNS 115(2), BNS 117(2)",SI Divya Hegde,Belagavi District & Sessions Court,8,4,2026-01-11,Filed
CS202502007,FIR202503853,P002487,Burglary,"BNS 331(3), BNS 331(4)",PI Suresh Kulkarni,Chamarajanagar District & Sessions Court,12,15,2026-01-11,Returned for Correction
CS202501766,FIR202501765,P004423,POCSO,"POCSO Act Sec 4, BNS 64",SI Ganesh Rao,Chamarajanagar District & Sessions Court,5,24,2026-01-11,Accepted
CS202502086,FIR202503027,P008025,Theft,BNS 303(2),PI Chetan Kumar,Belagavi District & Sessions Court,8,9,2026-01-11,Accepted
CS202501897,FIR202501159,P004946,Cyber Crime,"IT Act 66D, BNS 318(4)",SI Prakash Sharma,Chamarajanagar District & Sessions Court,15,11,2026-01-11,Filed
CS202502220,FIR202504554,P005668,Murder,BNS 103(1),SI Ganesh Rao,Bengaluru Rural District & Sessions Court,2,21,2026-01-11,Returned for Correction
CS202501776,FIR202504840,P004925,Theft,BNS 303(2),PI Suresh Kulkarni,Chamarajanagar District & Sessions Court,8,23,2026-01-11,Pending Scrutiny
CS202502105,FIR202500574,P003148,Assault,"BNS 115(2), BNS 117(2)",SI Ganesh Rao,Chikkaballapura District & Sessions Court,2,15,2026-01-11,Pending Scrutiny
CS202502148,FIR202501011,P008508,Dacoity,BNS 310(2),PI Chetan Kumar,Bengaluru Urban District & Sessions Court,7,17,2026-01-12,Returned for Correction
CS202502407,FIR202501488,P009023,Cyber Crime,"IT Act 66D, BNS 318(4)",PI Naveen Patil,Bidar District & Sessions Court,5,10,2026-01-12,Accepted
CS202502399,FIR202502170,P000225,Assault,"BNS 115(2), BNS 117(2)",SI Ravi Kumar,Bidar District & Sessions Court,2,8,2026-01-12,Pending Scrutiny
CS202502226,FIR202503696,P009323,POCSO,"POCSO Act Sec 4, BNS 64",SI Divya Hegde,Bengaluru Urban District & Sessions Court,11,18,2026-01-12,Accepted
CS202501956,FIR202503874,P007614,Assault,"BNS 115(2), BNS 117(2)",PI Lakshmi Devi,Chamarajanagar District & Sessions Court,10,26,2026-01-12,Accepted
CS202502224,FIR202502905,P001335,Theft,BNS 303(2),SI Ganesh Rao,Chikkaballapura District & Sessions Court,17,26,2026-01-12,Returned for Correction
CS202501803,FIR202500052,P000618,Dacoity,BNS 310(2),SI Prakash Sharma,Ballari District & Sessions Court,7,29,2026-01-12,Pending Scrutiny
CS202502039,FIR202502034,P005210,Fraud,BNS 318(4),SI Mahesh Bhat,Ballari District & Sessions Court,7,8,2026-01-12,Pending Scrutiny
CS202502409,FIR202501528,P009582,Murder,BNS 103(1),SI Divya Hegde,Chikkaballapura District & Sessions Court,14,30,2026-01-12,Filed
CS202502415,FIR202500414,P009270,Robbery,BNS 309(4),PI Harish Naik,Ballari District & Sessions Court,12,14,2026-01-12,Returned for Correction
CS202502071,FIR202501735,P007071,Cyber Crime,"IT Act 66D, BNS 318(4)",PI Harish Naik,Chamarajanagar District & Sessions Court,10,17,2026-01-12,Pending Scrutiny
CS202502196,FIR202500961,P005774,Robbery,BNS 309(4),SI Mahesh Bhat,Chamarajanagar District & Sessions Court,13,13,2026-01-12,Filed
CS202502249,FIR202500238,P003884,Theft,BNS 303(2),PI Naveen Patil,Bengaluru Rural District & Sessions Court,11,15,2026-01-12,Accepted
CS202502307,FIR202504880,P007666,Robbery,BNS 309(4),PI Ramesh Gowda,Chamarajanagar District & Sessions Court,4,30,2026-01-12,Accepted
CS202502020,FIR202504855,P008860,Theft,BNS 303(2),PI Lakshmi Devi,Bengaluru Rural District & Sessions Court,11,19,2026-01-12,Filed
CS202502000,FIR202503626,P003359,Assault,"BNS 115(2), BNS 117(2)",PI Suresh Kulkarni,Ballari District & Sessions Court,12,28,2026-01-12,Pending Scrutiny
CS202501963,FIR202501755,P003275,Vehicle Theft,BNS 303(2),PI Harish Naik,Bengaluru Urban District & Sessions Court,11,8,2026-01-13,Accepted
CS202501840,FIR202502832,P001010,Theft,BNS 303(2),SI Ganesh Rao,Ballari District & Sessions Court,7,6,2026-01-13,Returned for Correction
CS202502420,FIR202504033,P004729,Murder,BNS 103(1),SI Prakash Sharma,Bengaluru Urban District & Sessions Court,17,16,2026-01-13,Accepted
CS202501672,FIR202503684,P004335,Dacoity,BNS 310(2),PI Naveen Patil,Bengaluru Rural District & Sessions Court,13,18,2026-01-13,Pending Scrutiny
CS202502165,FIR202500069,P005991,Fraud,BNS 318(4),PI Chetan Kumar,Bengaluru Rural District & Sessions Court,12,8,2026-01-13,Returned for Correction
CS202501937,FIR202502305,P002973,Cyber Crime,"IT Act 66D, BNS 318(4)",PI Suresh Kulkarni,Chikkaballapura District & Sessions Court,7,5,2026-01-13,Returned for Correction
CS202502232,FIR202502521,P009002,Theft,BNS 303(2),SI Mahesh Bhat,Belagavi District & Sessions Court,9,28,2026-01-13,Accepted
CS202502034,FIR202503168,P000273,POCSO,"POCSO Act Sec 4, BNS 64",PI Harish Naik,Chamarajanagar District & Sessions Court,2,29,2026-01-13,Returned for Correction
CS202502063,FIR202500328,P008775,Assault,"BNS 115(2), BNS 117(2)",PI Chetan Kumar,Bengaluru Rural District & Sessions Court,15,12,2026-01-13,Pending Scrutiny
CS202502280,FIR202504923,P002322,Assault,"BNS 115(2), BNS 117(2)",PI Harish Naik,Bidar District & Sessions Court,16,23,2026-01-13,Returned for Correction
CS202502026,FIR202500502,P005315,Murder,BNS 103(1),SI Prakash Sharma,Ballari District & Sessions Court,15,15,2026-01-13,Returned for Correction
CS202502455,FIR202502079,P004858,Murder,BNS 103(1),SI Divya Hegde,Bengaluru Urban District & Sessions Court,7,10,2026-01-14,Filed
CS202502247,FIR202501779,P005862,Dacoity,BNS 310(2),SI Divya Hegde,Bengaluru Urban District & Sessions Court,4,20,2026-01-14,Accepted
CS202501922,FIR202503006,P008203,Assault,"BNS 115(2), BNS 117(2)",PI Suresh Kulkarni,Bidar District & Sessions Court,2,10,2026-01-14,Accepted
CS202502075,FIR202504172,P002002,POCSO,"POCSO Act Sec 4, BNS 64",PI Lakshmi Devi,Belagavi District & Sessions Court,9,28,2026-01-14,Filed
CS202502325,FIR202504573,P002885,Fraud,BNS 318(4),PI Lakshmi Devi,Bengaluru Urban District & Sessions Court,9,23,2026-01-14,Filed
CS202502110,FIR202503685,P008235,Robbery,BNS 309(4),PI Lakshmi Devi,Bengaluru Rural District & Sessions Court,3,3,2026-01-14,Returned for Correction
CS202502372,FIR202500169,P005852,Cyber Crime,"IT Act 66D, BNS 318(4)",PI Chetan Kumar,Chikkaballapura District & Sessions Court,12,24,2026-01-14,Pending Scrutiny
CS202502256,FIR202500219,P007280,Burglary,"BNS 331(3), BNS 331(4)",PI Harish Naik,Ballari District & Sessions Court,12,14,2026-01-14,Filed
CS202501847,FIR202503389,P007491,Robbery,BNS 309(4),PI Chetan Kumar,Bidar District & Sessions Court,9,23,2026-01-14,Returned for Correction
CS202501947,FIR202502626,P001913,NDPS,NDPS Act Sec 20(b),SI Ravi Kumar,Bagalkote District & Sessions Court,7,24,2026-01-15,Filed
CS202502157,FIR202504867,P006802,Dacoity,BNS 310(2),SI Mahesh Bhat,Bengaluru Rural District & Sessions Court,18,4,2026-01-15,Returned for Correction
CS202502089,FIR202504956,P000259,Assault,"BNS 115(2), BNS 117(2)",SI Prakash Sharma,Bidar District & Sessions Court,15,16,2026-01-15,Filed
CS202502394,FIR202502633,P004645,POCSO,"POCSO Act Sec 4, BNS 64",SI Mahesh Bhat,Bengaluru Urban District & Sessions Court,5,4,2026-01-15,Pending Scrutiny
CS202502227,FIR202500014,P006121,POCSO,"POCSO Act Sec 4, BNS 64",SI Divya Hegde,Chikkaballapura District & Sessions Court,18,29,2026-01-15,Accepted
CS202502047,FIR202503413,P005342,Theft,BNS 303(2),PI Ramesh Gowda,Bidar District & Sessions Court,3,22,2026-01-15,Pending Scrutiny
CS202502367,FIR202502066,P009283,Assault,"BNS 115(2), BNS 117(2)",SI Ravi Kumar,Bidar District & Sessions Court,4,5,2026-01-15,Filed
CS202502126,FIR202502862,P001392,Burglary,"BNS 331(3), BNS 331(4)",SI Prakash Sharma,Bidar District & Sessions Court,4,19,2026-01-15,Returned for Correction
CS202502251,FIR202503678,P009508,Murder,BNS 103(1),PI Lakshmi Devi,Ballari District & Sessions Court,6,6,2026-01-15,Filed
CS202502254,FIR202500172,P005487,Dacoity,BNS 310(2),PI Naveen Patil,Belagavi District & Sessions Court,3,3,2026-01-15,Returned for Correction
CS202502369,FIR202501686,P002184,Robbery,BNS 309(4),SI Ganesh Rao,Bengaluru Rural District & Sessions Court,11,19,2026-01-15,Pending Scrutiny
CS202501863,FIR202503636,P005928,POCSO,"POCSO Act Sec 4, BNS 64",SI Prakash Sharma,Bengaluru Rural District & Sessions Court,3,13,2026-01-15,Filed
CS202502380,FIR202503404,P005909,Vehicle Theft,BNS 303(2),PI Chetan Kumar,Chamarajanagar District & Sessions Court,6,29,2026-01-15,Pending Scrutiny
CS202502192,FIR202503466,P007198,Assault,"BNS 115(2), BNS 117(2)",SI Prakash Sharma,Chamarajanagar District & Sessions Court,10,30,2026-01-16,Filed
CS202502423,FIR202503097,P000288,Theft,BNS 303(2),SI Mahesh Bhat,Bengaluru Urban District & Sessions Court,8,14,2026-01-16,Filed
CS202502168,FIR202502426,P001259,Vehicle Theft,BNS 303(2),PI Chetan Kumar,Bidar District & Sessions Court,12,17,2026-01-16,Accepted
CS202502370,FIR202503267,P006768,NDPS,NDPS Act Sec 20(b),PI Ramesh Gowda,Bengaluru Rural District & Sessions Court,15,28,2026-01-16,Filed
CS202502206,FIR202501908,P009511,Theft,BNS 303(2),SI Ganesh Rao,Chamarajanagar District & Sessions Court,10,15,2026-01-16,Pending Scrutiny
CS202501976,FIR202502505,P007620,Dacoity,BNS 310(2),PI Lakshmi Devi,Ballari District & Sessions Court,9,28,2026-01-16,Filed
CS202502266,FIR202502074,P004705,Murder,BNS 103(1),SI Mahesh Bhat,Belagavi District & Sessions Court,9,27,2026-01-16,Pending Scrutiny
CS202501821,FIR202503968,P003872,Robbery,BNS 309(4),PI Lakshmi Devi,Chikkaballapura District & Sessions Court,3,26,2026-01-16,Accepted
CS202501961,FIR202503199,P005188,Burglary,"BNS 331(3), BNS 331(4)",PI Harish Naik,Belagavi District & Sessions Court,15,29,2026-01-17,Filed
CS202501698,FIR202503244,P002279,Cyber Crime,"IT Act 66D, BNS 318(4)",SI Divya Hegde,Bengaluru Urban District & Sessions Court,9,5,2026-01-17,Filed
CS202501754,FIR202500387,P009297,Cyber Crime,"IT Act 66D, BNS 318(4)",SI Prakash Sharma,Bengaluru Rural District & Sessions Court,15,21,2026-01-17,Accepted
CS202502390,FIR202504631,P003322,Robbery,BNS 309(4),PI Naveen Patil,Ballari District & Sessions Court,12,24,2026-01-17,Filed
CS202502032,FIR202500706,P002634,Robbery,BNS 309(4),PI Chetan Kumar,Bidar District & Sessions Court,10,16,2026-01-17,Pending Scrutiny
CS202501679,FIR202504717,P002078,POCSO,"POCSO Act Sec 4, BNS 64",PI Lakshmi Devi,Chamarajanagar District & Sessions Court,6,25,2026-01-17,Returned for Correction
CS202502242,FIR202500581,P003437,Vehicle Theft,BNS 303(2),SI Ganesh Rao,Chamarajanagar District & Sessions Court,13,5,2026-01-17,Filed
CS202501805,FIR202504678,P007825,Assault,"BNS 115(2), BNS 117(2)",SI Mahesh Bhat,Ballari District & Sessions Court,14,7,2026-01-17,Returned for Correction
CS202502176,FIR202504425,P008503,Assault,"BNS 115(2), BNS 117(2)",PI Ramesh Gowda,Ballari District & Sessions Court,16,17,2026-01-17,Filed
CS202501902,FIR202501872,P004614,Murder,BNS 103(1),PI Ramesh Gowda,Bidar District & Sessions Court,17,16,2026-01-17,Filed
CS202502178,FIR202500840,P009556,Vehicle Theft,BNS 303(2),PI Lakshmi Devi,Bagalkote District & Sessions Court,8,10,2026-01-17,Returned for Correction
CS202501970,FIR202502472,P003710,POCSO,"POCSO Act Sec 4, BNS 64",PI Chetan Kumar,Bagalkote District & Sessions Court,13,27,2026-01-17,Filed
CS202501926,FIR202501079,P003721,Assault,"BNS 115(2), BNS 117(2)",SI Ravi Kumar,Bidar District & Sessions Court,7,26,2026-01-17,Pending Scrutiny
CS202502019,FIR202500347,P000679,NDPS,NDPS Act Sec 20(b),PI Naveen Patil,Bengaluru Rural District & Sessions Court,9,27,2026-01-17,Filed
CS202502356,FIR202502291,P004244,Burglary,"BNS 331(3), BNS 331(4)",SI Prakash Sharma,Bengaluru Urban District & Sessions Court,15,18,2026-01-17,Filed
CS202501933,FIR202501065,P002332,Dacoity,BNS 310(2),PI Ramesh Gowda,Bidar District & Sessions Court,18,11,2026-01-18,Filed
CS202502389,FIR202503917,P001045,Theft,BNS 303(2),SI Ravi Kumar,Chikkaballapura District & Sessions Court,13,18,2026-01-18,Filed
CS202502202,FIR202502096,P002236,Assault,"BNS 115(2), BNS 117(2)",PI Harish Naik,Bagalkote District & Sessions Court,6,18,2026-01-18,Filed
CS202501794,FIR202501592,P008336,NDPS,NDPS Act Sec 20(b),PI Chetan Kumar,Belagavi District & Sessions Court,5,16,2026-01-18,Filed
CS202502244,FIR202504569,P005867,POCSO,"POCSO Act Sec 4, BNS 64",PI Ramesh Gowda,Bagalkote District & Sessions Court,5,3,2026-01-18,Returned for Correction
CS202502321,FIR202504376,P009977,Cyber Crime,"IT Act 66D, BNS 318(4)",SI Ravi Kumar,Belagavi District & Sessions Court,2,19,2026-01-18,Pending Scrutiny
CS202502258,FIR202502544,P009654,Robbery,BNS 309(4),SI Mahesh Bhat,Bengaluru Urban District & Sessions Court,11,27,2026-01-19,Accepted
CS202501745,FIR202504750,P005246,Vehicle Theft,BNS 303(2),PI Suresh Kulkarni,Bengaluru Urban District & Sessions Court,9,24,2026-01-19,Pending Scrutiny
CS202502488,FIR202502813,P009688,Vehicle Theft,BNS 303(2),PI Chetan Kumar,Bidar District & Sessions Court,7,15,2026-01-19,Accepted
CS202502138,FIR202503753,P003370,Robbery,BNS 309(4),PI Naveen Patil,Chamarajanagar District & Sessions Court,6,22,2026-01-19,Accepted
CS202502163,FIR202501555,P007487,Fraud,BNS 318(4),SI Ganesh Rao,Bagalkote District & Sessions Court,13,15,2026-01-19,Returned for Correction
CS202502064,FIR202503972,P005047,Robbery,BNS 309(4),PI Suresh Kulkarni,Ballari District & Sessions Court,14,13,2026-01-19,Returned for Correction
CS202502117,FIR202502854,P008325,Vehicle Theft,BNS 303(2),SI Ganesh Rao,Bidar District & Sessions Court,13,22,2026-01-19,Filed
CS202502013,FIR202504874,P006097,Fraud,BNS 318(4),PI Lakshmi Devi,Bidar District & Sessions Court,9,16,2026-01-19,Filed
CS202502454,FIR202503197,P004157,Assault,"BNS 115(2), BNS 117(2)",PI Chetan Kumar,Chamarajanagar District & Sessions Court,11,12,2026-01-19,Accepted
CS202502269,FIR202501490,P001322,POCSO,"POCSO Act Sec 4, BNS 64",PI Harish Naik,Bengaluru Rural District & Sessions Court,7,18,2026-01-19,Returned for Correction
CS202502317,FIR202504654,P004783,Dacoity,BNS 310(2),PI Lakshmi Devi,Bidar District & Sessions Court,3,25,2026-01-20,Filed
CS202502331,FIR202501381,P002625,Burglary,"BNS 331(3), BNS 331(4)",SI Mahesh Bhat,Bengaluru Urban District & Sessions Court,2,14,2026-01-20,Returned for Correction
CS202502236,FIR202504985,P005962,Vehicle Theft,BNS 303(2),PI Harish Naik,Chamarajanagar District & Sessions Court,8,11,2026-01-20,Accepted
CS202502200,FIR202503837,P004527,Burglary,"BNS 331(3), BNS 331(4)",PI Naveen Patil,Bidar District & Sessions Court,6,12,2026-01-20,Filed
CS202502342,FIR202502994,P009074,Assault,"BNS 115(2), BNS 117(2)",PI Naveen Patil,Bengaluru Rural District & Sessions Court,8,5,2026-01-20,Accepted
CS202502326,FIR202503843,P009020,Vehicle Theft,BNS 303(2),SI Ravi Kumar,Chamarajanagar District & Sessions Court,8,18,2026-01-20,Returned for Correction
CS202501924,FIR202504426,P003031,Murder,BNS 103(1),PI Harish Naik,Chamarajanagar District & Sessions Court,7,4,2026-01-20,Pending Scrutiny
CS202502090,FIR202504039,P002989,NDPS,NDPS Act Sec 20(b),SI Divya Hegde,Bengaluru Urban District & Sessions Court,5,11,2026-01-20,Returned for Correction
CS202502308,FIR202504752,P001431,POCSO,"POCSO Act Sec 4, BNS 64",PI Suresh Kulkarni,Chikkaballapura District & Sessions Court,8,9,2026-01-21,Returned for Correction
CS202502037,FIR202502073,P006396,Burglary,"BNS 331(3), BNS 331(4)",SI Ganesh Rao,Belagavi District & Sessions Court,18,4,2026-01-21,Pending Scrutiny
CS202502440,FIR202502830,P008465,Assault,"BNS 115(2), BNS 117(2)",PI Suresh Kulkarni,Bengaluru Rural District & Sessions Court,10,5,2026-01-21,Pending Scrutiny
CS202502277,FIR202503163,P004560,NDPS,NDPS Act Sec 20(b),SI Ravi Kumar,Bengaluru Rural District & Sessions Court,4,23,2026-01-21,Returned for Correction
CS202502022,FIR202500060,P008607,Fraud,BNS 318(4),SI Mahesh Bhat,Bengaluru Urban District & Sessions Court,16,20,2026-01-21,Accepted
CS202502265,FIR202501607,P004205,Murder,BNS 103(1),PI Naveen Patil,Bagalkote District & Sessions Court,15,3,2026-01-21,Filed
CS202502091,FIR202502018,P009222,Burglary,"BNS 331(3), BNS 331(4)",SI Ganesh Rao,Bengaluru Urban District & Sessions Court,16,28,2026-01-21,Pending Scrutiny
CS202502077,FIR202504035,P002799,Assault,"BNS 115(2), BNS 117(2)",SI Prakash Sharma,Ballari District & Sessions Court,7,14,2026-01-21,Pending Scrutiny
CS202501955,FIR202503801,P001950,Assault,"BNS 115(2), BNS 117(2)",SI Prakash Sharma,Bidar District & Sessions Court,14,11,2026-01-22,Returned for Correction
CS202501941,FIR202503135,P004098,Dacoity,BNS 310(2),SI Prakash Sharma,Chamarajanagar District & Sessions Court,13,5,2026-01-22,Returned for Correction
CS202501910,FIR202503924,P003750,Dacoity,BNS 310(2),PI Suresh Kulkarni,Bengaluru Urban District & Sessions Court,7,14,2026-01-22,Filed
CS202502018,FIR202503133,P009277,Fraud,BNS 318(4),SI Ganesh Rao,Bengaluru Urban District & Sessions Court,8,27,2026-01-22,Returned for Correction
CS202501815,FIR202504099,P001692,Assault,"BNS 115(2), BNS 117(2)",SI Ganesh Rao,Chikkaballapura District & Sessions Court,18,12,2026-01-22,Filed
CS202502283,FIR202501392,P002759,POCSO,"POCSO Act Sec 4, BNS 64",PI Suresh Kulkarni,Chikkaballapura District & Sessions Court,3,19,2026-01-22,Filed
CS202502332,FIR202503690,P003787,NDPS,NDPS Act Sec 20(b),PI Chetan Kumar,Bidar District & Sessions Court,3,19,2026-01-22,Returned for Correction
CS202502073,FIR202500067,P005755,Dacoity,BNS 310(2),PI Chetan Kumar,Ballari District & Sessions Court,5,10,2026-01-22,Returned for Correction
CS202502137,FIR202503533,P004564,Assault,"BNS 115(2), BNS 117(2)",PI Naveen Patil,Bengaluru Urban District & Sessions Court,3,11,2026-01-22,Returned for Correction
CS202502446,FIR202504443,P009217,Dacoity,BNS 310(2),PI Harish Naik,Bidar District & Sessions Court,6,30,2026-01-22,Returned for Correction
CS202502197,FIR202503858,P009105,Cyber Crime,"IT Act 66D, BNS 318(4)",SI Divya Hegde,Bengaluru Urban District & Sessions Court,14,17,2026-01-22,Filed
CS202502139,FIR202504272,P009179,Vehicle Theft,BNS 303(2),PI Lakshmi Devi,Ballari District & Sessions Court,6,14,2026-01-23,Accepted
CS202501913,FIR202504283,P005599,Dacoity,BNS 310(2),SI Mahesh Bhat,Chamarajanagar District & Sessions Court,11,12,2026-01-23,Filed
CS202502235,FIR202501774,P005389,Vehicle Theft,BNS 303(2),SI Prakash Sharma,Bagalkote District & Sessions Court,7,4,2026-01-23,Filed
CS202501916,FIR202504875,P002188,Burglary,"BNS 331(3), BNS 331(4)",PI Chetan Kumar,Bidar District & Sessions Court,2,8,2026-01-23,Pending Scrutiny
CS202502217,FIR202504247,P002034,Assault,"BNS 115(2), BNS 117(2)",SI Ravi Kumar,Chamarajanagar District & Sessions Court,3,21,2026-01-23,Filed
CS202501848,FIR202500774,P008988,Assault,"BNS 115(2), BNS 117(2)",PI Suresh Kulkarni,Bengaluru Urban District & Sessions Court,16,4,2026-01-23,Pending Scrutiny
CS202502003,FIR202504074,P007665,Robbery,BNS 309(4),PI Chetan Kumar,Chikkaballapura District & Sessions Court,6,6,2026-01-23,Returned for Correction
CS202502480,FIR202502012,P003550,Cyber Crime,"IT Act 66D, BNS 318(4)",SI Mahesh Bhat,Bengaluru Urban District & Sessions Court,10,8,2026-01-24,Filed
CS202502016,FIR202500907,P000591,Assault,"BNS 115(2), BNS 117(2)",PI Lakshmi Devi,Bidar District & Sessions Court,14,7,2026-01-24,Filed
CS202502106,FIR202500292,P008496,Dacoity,BNS 310(2),SI Ganesh Rao,Chikkaballapura District & Sessions Court,13,16,2026-01-24,Filed
CS202502014,FIR202503048,P000368,Fraud,BNS 318(4),SI Ganesh Rao,Bengaluru Urban District & Sessions Court,12,16,2026-01-24,Returned for Correction
CS202502070,FIR202501049,P009420,POCSO,"POCSO Act Sec 4, BNS 64",SI Ganesh Rao,Chamarajanagar District & Sessions Court,9,14,2026-01-24,Filed
CS202502453,FIR202503390,P005254,Fraud,BNS 318(4),PI Naveen Patil,Ballari District & Sessions Court,4,18,2026-01-24,Filed
CS202502066,FIR202502013,P005885,Cyber Crime,"IT Act 66D, BNS 318(4)",SI Prakash Sharma,Bengaluru Urban District & Sessions Court,6,14,2026-01-24,Filed
CS202502449,FIR202502216,P000308,Theft,BNS 303(2),PI Naveen Patil,Bengaluru Urban District & Sessions Court,3,9,2026-01-24,Accepted
CS202502530,FIR202502289,P006586,Fraud,BNS 318(4),PI Ramesh Gowda,Bagalkote District & Sessions Court,14,4,2026-01-25,Pending Scrutiny
CS202502323,FIR202503021,P008988,Vehicle Theft,BNS 303(2),PI Suresh Kulkarni,Bagalkote District & Sessions Court,6,14,2026-01-25,Filed
CS202501760,FIR202502353,P005093,POCSO,"POCSO Act Sec 4, BNS 64",PI Ramesh Gowda,Chamarajanagar District & Sessions Court,18,14,2026-01-25,Pending Scrutiny
CS202502500,FIR202501567,P002274,NDPS,NDPS Act Sec 20(b),PI Lakshmi Devi,Chikkaballapura District & Sessions Court,16,4,2026-01-25,Filed
CS202501978,FIR202503577,P005527,Fraud,BNS 318(4),PI Lakshmi Devi,Bengaluru Rural District & Sessions Court,13,12,2026-01-25,Filed
CS202502497,FIR202502224,P007192,Robbery,BNS 309(4),PI Suresh Kulkarni,Bengaluru Urban District & Sessions Court,8,22,2026-01-25,Returned for Correction
CS202502524,FIR202502259,P005019,Cyber Crime,"IT Act 66D, BNS 318(4)",SI Ravi Kumar,Bengaluru Urban District & Sessions Court,16,12,2026-01-25,Filed
CS202502186,FIR202504637,P006790,Murder,BNS 103(1),SI Divya Hegde,Chamarajanagar District & Sessions Court,4,23,2026-01-25,Accepted
CS202501954,FIR202503299,P000068,Fraud,BNS 318(4),SI Ganesh Rao,Ballari District & Sessions Court,11,20,2026-01-25,Filed
CS202502054,FIR202504380,P005564,Assault,"BNS 115(2), BNS 117(2)",SI Prakash Sharma,Ballari District & Sessions Court,11,27,2026-01-25,Returned for Correction
CS202502100,FIR202501697,P004209,NDPS,NDPS Act Sec 20(b),PI Harish Naik,Chikkaballapura District & Sessions Court,18,8,2026-01-26,Pending Scrutiny
CS202502551,FIR202501603,P009602,Murder,BNS 103(1),SI Mahesh Bhat,Belagavi District & Sessions Court,8,21,2026-01-26,Pending Scrutiny
CS202502177,FIR202504182,P009866,Dacoity,BNS 310(2),SI Ganesh Rao,Bengaluru Urban District & Sessions Court,11,29,2026-01-26,Accepted
CS202502550,FIR202502162,P002265,Theft,BNS 303(2),PI Naveen Patil,Bengaluru Urban District & Sessions Court,6,24,2026-01-26,Pending Scrutiny
CS202502210,FIR202501295,P006282,Fraud,BNS 318(4),PI Lakshmi Devi,Bengaluru Urban District & Sessions Court,9,17,2026-01-26,Accepted
CS202502170,FIR202503817,P008624,Theft,BNS 303(2),SI Ravi Kumar,Bidar District & Sessions Court,14,26,2026-01-26,Accepted
CS202501878,FIR202503448,P001665,Murder,BNS 103(1),PI Naveen Patil,Bengaluru Urban District & Sessions Court,16,24,2026-01-26,Accepted
CS202502395,FIR202502167,P007399,Theft,BNS 303(2),SI Prakash Sharma,Bengaluru Rural District & Sessions Court,12,23,2026-01-26,Filed
CS202502512,FIR202500598,P006595,Vehicle Theft,BNS 303(2),SI Ganesh Rao,Bengaluru Urban District & Sessions Court,3,14,2026-01-26,Returned for Correction
CS202502297,FIR202504176,P005650,Burglary,"BNS 331(3), BNS 331(4)",SI Ravi Kumar,Bengaluru Rural District & Sessions Court,4,27,2026-01-27,Returned for Correction
CS202502228,FIR202502461,P001245,POCSO,"POCSO Act Sec 4, BNS 64",PI Harish Naik,Bidar District & Sessions Court,3,11,2026-01-27,Filed
CS202501987,FIR202500455,P008010,Cyber Crime,"IT Act 66D, BNS 318(4)",SI Mahesh Bhat,Belagavi District & Sessions Court,10,18,2026-01-27,Accepted
CS202502289,FIR202501860,P001434,Assault,"BNS 115(2), BNS 117(2)",SI Prakash Sharma,Bagalkote District & Sessions Court,3,17,2026-01-27,Accepted
CS202502287,FIR202502359,P000005,Dacoity,BNS 310(2),SI Mahesh Bhat,Bengaluru Urban District & Sessions Court,10,14,2026-01-27,Filed
CS202501949,FIR202501699,P009823,Assault,"BNS 115(2), BNS 117(2)",PI Chetan Kumar,Ballari District & Sessions Court,5,7,2026-01-27,Pending Scrutiny
CS202502253,FIR202500855,P003055,Assault,"BNS 115(2), BNS 117(2)",SI Ganesh Rao,Bengaluru Rural District & Sessions Court,17,26,2026-01-27,Returned for Correction
CS202502181,FIR202503986,P001500,Assault,"BNS 115(2), BNS 117(2)",SI Ravi Kumar,Bagalkote District & Sessions Court,8,11,2026-01-27,Returned for Correction
CS202502546,FIR202501288,P002170,Dacoity,BNS 310(2),PI Chetan Kumar,Bidar District & Sessions Court,5,19,2026-01-28,Accepted
CS202502338,FIR202502742,P007974,Dacoity,BNS 310(2),SI Mahesh Bhat,Belagavi District & Sessions Court,13,29,2026-01-28,Accepted
CS202502040,FIR202500825,P008337,Vehicle Theft,BNS 303(2),PI Chetan Kumar,Chamarajanagar District & Sessions Court,16,29,2026-01-28,Pending Scrutiny
CS202502361,FIR202503005,P009287,Theft,BNS 303(2),SI Ravi Kumar,Bengaluru Rural District & Sessions Court,8,30,2026-01-28,Accepted
CS202501982,FIR202504391,P006741,Dacoity,BNS 310(2),SI Ganesh Rao,Ballari District & Sessions Court,17,17,2026-01-28,Accepted
CS202502371,FIR202503620,P005099,Robbery,BNS 309(4),SI Divya Hegde,Bengaluru Urban District & Sessions Court,18,22,2026-01-28,Pending Scrutiny
CS202501915,FIR202500566,P007519,Theft,BNS 303(2),SI Ganesh Rao,Chamarajanagar District & Sessions Court,16,10,2026-01-28,Pending Scrutiny
CS202502424,FIR202504532,P000042,Vehicle Theft,BNS 303(2),PI Chetan Kumar,Chamarajanagar District & Sessions Court,7,21,2026-01-28,Pending Scrutiny
CS202502112,FIR202500082,P002395,Burglary,"BNS 331(3), BNS 331(4)",SI Divya Hegde,Bagalkote District & Sessions Court,9,30,2026-01-29,Pending Scrutiny
CS202502391,FIR202502110,P003258,Theft,BNS 303(2),SI Prakash Sharma,Belagavi District & Sessions Court,2,18,2026-01-29,Filed
CS202501876,FIR202504243,P007910,Fraud,BNS 318(4),PI Ramesh Gowda,Bidar District & Sessions Court,8,24,2026-01-29,Accepted
CS202502103,FIR202504978,P008651,Murder,BNS 103(1),PI Chetan Kumar,Ballari District & Sessions Court,14,8,2026-01-29,Filed
CS202502537,FIR202501517,P007908,Theft,BNS 303(2),SI Ravi Kumar,Bidar District & Sessions Court,2,3,2026-01-29,Pending Scrutiny
CS202502261,FIR202500639,P005407,POCSO,"POCSO Act Sec 4, BNS 64",SI Prakash Sharma,Bidar District & Sessions Court,13,27,2026-01-29,Filed
CS202502052,FIR202500153,P006688,Burglary,"BNS 331(3), BNS 331(4)",PI Ramesh Gowda,Bagalkote District & Sessions Court,17,8,2026-01-30,Pending Scrutiny
CS202502285,FIR202503933,P003192,Dacoity,BNS 310(2),PI Harish Naik,Bengaluru Urban District & Sessions Court,9,17,2026-01-30,Filed
CS202502383,FIR202503053,P002141,Dacoity,BNS 310(2),PI Naveen Patil,Bidar District & Sessions Court,7,10,2026-01-30,Filed
CS202502001,FIR202503157,P006667,POCSO,"POCSO Act Sec 4, BNS 64",PI Naveen Patil,Bidar District & Sessions Court,3,20,2026-01-30,Returned for Correction
CS202502368,FIR202503637,P005046,Burglary,"BNS 331(3), BNS 331(4)",PI Harish Naik,Belagavi District & Sessions Court,4,29,2026-01-30,Pending Scrutiny
CS202502171,FIR202500364,P001621,Fraud,BNS 318(4),SI Mahesh Bhat,Bengaluru Urban District & Sessions Court,3,25,2026-01-30,Returned for Correction
CS202502130,FIR202504424,P007918,Assault,"BNS 115(2), BNS 117(2)",SI Divya Hegde,Bengaluru Urban District & Sessions Court,14,13,2026-01-30,Accepted
CS202502125,FIR202500705,P008934,NDPS,NDPS Act Sec 20(b),PI Harish Naik,Bagalkote District & Sessions Court,3,18,2026-01-30,Filed
CS202502587,FIR202503757,P003322,Fraud,BNS 318(4),SI Mahesh Bhat,Bengaluru Rural District & Sessions Court,14,23,2026-01-30,Returned for Correction
CS202502362,FIR202500519,P002014,Assault,"BNS 115(2), BNS 117(2)",SI Mahesh Bhat,Bengaluru Rural District & Sessions Court,14,5,2026-01-30,Pending Scrutiny
CS202502246,FIR202500300,P004077,Murder,BNS 103(1),PI Naveen Patil,Bengaluru Rural District & Sessions Court,9,21,2026-01-30,Filed
CS202502134,FIR202500076,P003213,Assault,"BNS 115(2), BNS 117(2)",PI Lakshmi Devi,Bidar District & Sessions Court,14,27,2026-01-30,Filed
CS202502083,FIR202504469,P008269,POCSO,"POCSO Act Sec 4, BNS 64",SI Mahesh Bhat,Bidar District & Sessions Court,4,15,2026-01-31,Pending Scrutiny
CS202502381,FIR202501953,P001534,Assault,"BNS 115(2), BNS 117(2)",SI Ganesh Rao,Bidar District & Sessions Court,3,16,2026-01-31,Filed
CS202502404,FIR202500157,P009441,Cyber Crime,"IT Act 66D, BNS 318(4)",SI Mahesh Bhat,Bagalkote District & Sessions Court,3,16,2026-01-31,Pending Scrutiny
CS202502161,FIR202501714,P004690,Murder,BNS 103(1),PI Harish Naik,Chamarajanagar District & Sessions Court,13,5,2026-01-31,Pending Scrutiny
CS202502213,FIR202500368,P000819,Vehicle Theft,BNS 303(2),SI Divya Hegde,Bengaluru Rural District & Sessions Court,13,29,2026-01-31,Filed
CS202502175,FIR202503190,P000304,Vehicle Theft,BNS 303(2),PI Chetan Kumar,Chamarajanagar District & Sessions Court,17,8,2026-01-31,Filed
CS202502059,FIR202500648,P009163,Theft,BNS 303(2),PI Naveen Patil,Chamarajanagar District & Sessions Court,4,14,2026-01-31,Returned for Correction
CS202502255,FIR202502168,P006353,Assault,"BNS 115(2), BNS 117(2)",PI Lakshmi Devi,Chamarajanagar District & Sessions Court,4,30,2026-01-31,Returned for Correction
CS202502351,FIR202500299,P005173,Vehicle Theft,BNS 303(2),SI Prakash Sharma,Bengaluru Rural District & Sessions Court,13,26,2026-01-31,Returned for Correction
CS202502379,FIR202501337,P007129,NDPS,NDPS Act Sec 20(b),SI Divya Hegde,Chamarajanagar District & Sessions Court,10,18,2026-01-31,Pending Scrutiny
CS202501935,FIR202501275,P009823,Vehicle Theft,BNS 303(2),PI Lakshmi Devi,Bengaluru Urban District & Sessions Court,2,25,2026-02-01,Returned for Correction
CS202502195,FIR202503140,P000978,Assault,"BNS 115(2), BNS 117(2)",PI Lakshmi Devi,Bengaluru Urban District & Sessions Court,7,27,2026-02-01,Accepted
CS202502276,FIR202504305,P001943,Robbery,BNS 309(4),PI Chetan Kumar,Chamarajanagar District & Sessions Court,8,23,2026-02-01,Returned for Correction
CS202502188,FIR202500132,P006158,Dacoity,BNS 310(2),PI Suresh Kulkarni,Bengaluru Rural District & Sessions Court,2,25,2026-02-01,Accepted
CS202502270,FIR202500919,P000600,Robbery,BNS 309(4),PI Naveen Patil,Belagavi District & Sessions Court,3,20,2026-02-01,Pending Scrutiny
CS202501986,FIR202502671,P005282,Cyber Crime,"IT Act 66D, BNS 318(4)",PI Harish Naik,Bengaluru Urban District & Sessions Court,2,13,2026-02-01,Accepted
CS202502154,FIR202500105,P008661,POCSO,"POCSO Act Sec 4, BNS 64",PI Naveen Patil,Bidar District & Sessions Court,16,13,2026-02-02,Returned for Correction
CS202502085,FIR202504415,P002123,Dacoity,BNS 310(2),SI Prakash Sharma,Bengaluru Urban District & Sessions Court,2,6,2026-02-02,Returned for Correction
CS202502094,FIR202500198,P008391,Fraud,BNS 318(4),SI Ravi Kumar,Belagavi District & Sessions Court,2,9,2026-02-02,Accepted
CS202502324,FIR202504071,P009076,Robbery,BNS 309(4),SI Divya Hegde,Bidar District & Sessions Court,14,26,2026-02-02,Pending Scrutiny
CS202501895,FIR202503770,P000457,Vehicle Theft,BNS 303(2),PI Suresh Kulkarni,Bengaluru Urban District & Sessions Court,7,15,2026-02-02,Returned for Correction
CS202502319,FIR202503780,P003878,Murder,BNS 103(1),PI Harish Naik,Bidar District & Sessions Court,16,27,2026-02-02,Pending Scrutiny
CS202502345,FIR202501685,P007734,NDPS,NDPS Act Sec 20(b),PI Ramesh Gowda,Ballari District & Sessions Court,17,22,2026-02-02,Pending Scrutiny
CS202502288,FIR202504372,P005582,Assault,"BNS 115(2), BNS 117(2)",PI Ramesh Gowda,Belagavi District & Sessions Court,8,5,2026-02-03,Returned for Correction
CS202502145,FIR202502651,P002009,Fraud,BNS 318(4),PI Chetan Kumar,Chamarajanagar District & Sessions Court,9,30,2026-02-03,Accepted
CS202502482,FIR202502784,P003267,Cyber Crime,"IT Act 66D, BNS 318(4)",PI Chetan Kumar,Chamarajanagar District & Sessions Court,9,29,2026-02-04,Filed
CS202502127,FIR202504703,P000693,POCSO,"POCSO Act Sec 4, BNS 64",SI Mahesh Bhat,Bidar District & Sessions Court,14,11,2026-02-04,Pending Scrutiny
CS202502299,FIR202502280,P007777,Fraud,BNS 318(4),PI Lakshmi Devi,Bagalkote District & Sessions Court,8,24,2026-02-04,Accepted
CS202502521,FIR202502892,P007378,Fraud,BNS 318(4),SI Ganesh Rao,Bagalkote District & Sessions Court,14,14,2026-02-04,Returned for Correction
CS202502164,FIR202500887,P005997,NDPS,NDPS Act Sec 20(b),SI Mahesh Bhat,Chikkaballapura District & Sessions Court,11,23,2026-02-04,Filed
CS202502463,FIR202500144,P006326,Vehicle Theft,BNS 303(2),SI Prakash Sharma,Bidar District & Sessions Court,13,30,2026-02-04,Filed
CS202502234,FIR202503014,P006818,Cyber Crime,"IT Act 66D, BNS 318(4)",PI Lakshmi Devi,Ballari District & Sessions Court,11,11,2026-02-04,Pending Scrutiny
CS202502445,FIR202501243,P008168,Robbery,BNS 309(4),PI Naveen Patil,Chikkaballapura District & Sessions Court,14,7,2026-02-05,Returned for Correction
CS202502491,FIR202503405,P003508,Vehicle Theft,BNS 303(2),PI Chetan Kumar,Bagalkote District & Sessions Court,4,19,2026-02-05,Returned for Correction
CS202502335,FIR202502523,P007795,POCSO,"POCSO Act Sec 4, BNS 64",SI Ravi Kumar,Bidar District & Sessions Court,6,5,2026-02-05,Pending Scrutiny
CS202501896,FIR202500151,P005726,Vehicle Theft,BNS 303(2),PI Suresh Kulkarni,Bengaluru Rural District & Sessions Court,11,3,2026-02-05,Pending Scrutiny
CS202502442,FIR202503247,P002523,Burglary,"BNS 331(3), BNS 331(4)",PI Chetan Kumar,Belagavi District & Sessions Court,8,3,2026-02-05,Filed
CS202502443,FIR202501006,P003672,Robbery,BNS 309(4),PI Harish Naik,Chamarajanagar District & Sessions Court,6,12,2026-02-05,Accepted
CS202502201,FIR202501974,P000588,Theft,BNS 303(2),PI Ramesh Gowda,Bagalkote District & Sessions Court,2,17,2026-02-05,Accepted
CS202502267,FIR202503127,P009914,Robbery,BNS 309(4),PI Lakshmi Devi,Bengaluru Urban District & Sessions Court,13,3,2026-02-05,Pending Scrutiny
CS202502274,FIR202504254,P007794,Fraud,BNS 318(4),PI Lakshmi Devi,Bagalkote District & Sessions Court,15,14,2026-02-05,Returned for Correction
CS202502141,FIR202504715,P005434,Cyber Crime,"IT Act 66D, BNS 318(4)",PI Chetan Kumar,Bengaluru Urban District & Sessions Court,8,11,2026-02-05,Filed
CS202502426,FIR202502970,P006380,Cyber Crime,"IT Act 66D, BNS 318(4)",PI Naveen Patil,Bengaluru Urban District & Sessions Court,16,19,2026-02-06,Pending Scrutiny
CS202502109,FIR202501975,P002764,Robbery,BNS 309(4),SI Divya Hegde,Chamarajanagar District & Sessions Court,9,21,2026-02-06,Filed
CS202502584,FIR202502254,P009612,Murder,BNS 103(1),PI Suresh Kulkarni,Belagavi District & Sessions Court,15,4,2026-02-06,Accepted
CS202502425,FIR202502418,P009275,Theft,BNS 303(2),SI Ganesh Rao,Chamarajanagar District & Sessions Court,2,12,2026-02-06,Filed
CS202502430,FIR202503185,P005492,Dacoity,BNS 310(2),PI Harish Naik,Chikkaballapura District & Sessions Court,16,23,2026-02-06,Filed
CS202502180,FIR202504836,P001512,Fraud,BNS 318(4),PI Naveen Patil,Bagalkote District & Sessions Court,3,29,2026-02-06,Pending Scrutiny
CS202502510,FIR202503909,P000997,POCSO,"POCSO Act Sec 4, BNS 64",PI Naveen Patil,Bidar District & Sessions Court,12,7,2026-02-06,Pending Scrutiny
CS202502576,FIR202504452,P004697,Assault,"BNS 115(2), BNS 117(2)",SI Divya Hegde,Bengaluru Urban District & Sessions Court,7,18,2026-02-06,Returned for Correction
CS202501959,FIR202500873,P004119,Dacoity,BNS 310(2),PI Ramesh Gowda,Ballari District & Sessions Court,17,9,2026-02-07,Accepted
CS202502268,FIR202503312,P009304,Fraud,BNS 318(4),PI Naveen Patil,Bengaluru Urban District & Sessions Court,14,16,2026-02-07,Pending Scrutiny
CS202502315,FIR202502548,P002700,Vehicle Theft,BNS 303(2),PI Harish Naik,Bengaluru Rural District & Sessions Court,2,13,2026-02-07,Accepted
CS202502123,FIR202504164,P004711,Robbery,BNS 309(4),PI Suresh Kulkarni,Chikkaballapura District & Sessions Court,5,7,2026-02-07,Filed
CS202502190,FIR202503141,P005574,Cyber Crime,"IT Act 66D, BNS 318(4)",SI Mahesh Bhat,Ballari District & Sessions Court,10,15,2026-02-07,Pending Scrutiny
CS202501953,FIR202503316,P007290,Assault,"BNS 115(2), BNS 117(2)",SI Prakash Sharma,Bengaluru Rural District & Sessions Court,8,26,2026-02-08,Filed
CS202502259,FIR202500204,P001092,Vehicle Theft,BNS 303(2),SI Mahesh Bhat,Ballari District & Sessions Court,18,23,2026-02-08,Pending Scrutiny
CS202502286,FIR202500051,P007094,Cyber Crime,"IT Act 66D, BNS 318(4)",PI Chetan Kumar,Bengaluru Urban District & Sessions Court,12,15,2026-02-08,Pending Scrutiny
CS202502011,FIR202503350,P004405,Fraud,BNS 318(4),PI Lakshmi Devi,Chamarajanagar District & Sessions Court,12,18,2026-02-08,Filed
CS202502400,FIR202504369,P006023,Robbery,BNS 309(4),SI Divya Hegde,Chikkaballapura District & Sessions Court,10,10,2026-02-08,Returned for Correction
CS202502080,FIR202502205,P007691,Cyber Crime,"IT Act 66D, BNS 318(4)",PI Harish Naik,Ballari District & Sessions Court,4,15,2026-02-08,Filed
CS202502204,FIR202500958,P003418,Burglary,"BNS 331(3), BNS 331(4)",SI Ganesh Rao,Bengaluru Rural District & Sessions Court,10,4,2026-02-09,Accepted
CS202502398,FIR202504995,P004522,POCSO,"POCSO Act Sec 4, BNS 64",SI Ravi Kumar,Chikkaballapura District & Sessions Court,4,6,2026-02-09,Accepted
CS202502464,FIR202503167,P002558,Fraud,BNS 318(4),PI Suresh Kulkarni,Bengaluru Urban District & Sessions Court,5,14,2026-02-09,Pending Scrutiny
CS202502469,FIR202502105,P001388,Theft,BNS 303(2),SI Prakash Sharma,Chikkaballapura District & Sessions Court,15,23,2026-02-09,Pending Scrutiny
CS202502403,FIR202501026,P004083,Fraud,BNS 318(4),PI Suresh Kulkarni,Bengaluru Urban District & Sessions Court,14,21,2026-02-09,Filed
CS202502559,FIR202500126,P005546,Theft,BNS 303(2),SI Ravi Kumar,Bengaluru Rural District & Sessions Court,13,29,2026-02-09,Returned for Correction
CS202502428,FIR202500465,P003654,Robbery,BNS 309(4),PI Lakshmi Devi,Bagalkote District & Sessions Court,7,21,2026-02-09,Filed
CS202502243,FIR202500350,P005540,Dacoity,BNS 310(2),PI Suresh Kulkarni,Bengaluru Rural District & Sessions Court,9,22,2026-02-09,Filed
CS202502065,FIR202503859,P002955,Vehicle Theft,BNS 303(2),SI Ganesh Rao,Belagavi District & Sessions Court,10,19,2026-02-09,Accepted
CS202502284,FIR202503618,P003362,Vehicle Theft,BNS 303(2),PI Suresh Kulkarni,Bengaluru Rural District & Sessions Court,8,13,2026-02-09,Accepted
CS202502072,FIR202502303,P008932,NDPS,NDPS Act Sec 20(b),PI Harish Naik,Chamarajanagar District & Sessions Court,16,20,2026-02-09,Pending Scrutiny
CS202502219,FIR202504218,P009287,Burglary,"BNS 331(3), BNS 331(4)",PI Naveen Patil,Chamarajanagar District & Sessions Court,11,29,2026-02-10,Filed
CS202502189,FIR202502622,P009189,Murder,BNS 103(1),SI Ravi Kumar,Chikkaballapura District & Sessions Court,12,11,2026-02-10,Pending Scrutiny
CS202502245,FIR202504383,P001698,Fraud,BNS 318(4),PI Lakshmi Devi,Ballari District & Sessions Court,15,17,2026-02-10,Filed
CS202502448,FIR202500734,P006552,Murder,BNS 103(1),PI Lakshmi Devi,Bidar District & Sessions Court,5,21,2026-02-10,Pending Scrutiny
CS202502248,FIR202503196,P000144,Theft,BNS 303(2),SI Divya Hegde,Bagalkote District & Sessions Court,6,27,2026-02-10,Pending Scrutiny
CS202502155,FIR202500854,P004016,Cyber Crime,"IT Act 66D, BNS 318(4)",PI Ramesh Gowda,Bagalkote District & Sessions Court,10,11,2026-02-10,Returned for Correction
CS202502209,FIR202502004,P006968,Assault,"BNS 115(2), BNS 117(2)",PI Lakshmi Devi,Ballari District & Sessions Court,5,20,2026-02-10,Returned for Correction
CS202502432,FIR202500911,P008237,Murder,BNS 103(1),PI Suresh Kulkarni,Bidar District & Sessions Court,9,14,2026-02-10,Accepted
CS202502467,FIR202501360,P004001,Vehicle Theft,BNS 303(2),PI Suresh Kulkarni,Bengaluru Rural District & Sessions Court,6,6,2026-02-10,Returned for Correction
CS202502211,FIR202500748,P000751,Murder,BNS 103(1),PI Naveen Patil,Bagalkote District & Sessions Court,6,9,2026-02-11,Accepted
CS202502306,FIR202502995,P004845,Assault,"BNS 115(2), BNS 117(2)",SI Divya Hegde,Bidar District & Sessions Court,3,30,2026-02-11,Accepted
CS202502303,FIR202504574,P006407,Robbery,BNS 309(4),PI Ramesh Gowda,Ballari District & Sessions Court,10,29,2026-02-11,Returned for Correction
CS202502485,FIR202501719,P004813,POCSO,"POCSO Act Sec 4, BNS 64",SI Prakash Sharma,Chikkaballapura District & Sessions Court,14,19,2026-02-11,Returned for Correction
CS202502355,FIR202502382,P009217,Murder,BNS 103(1),SI Divya Hegde,Bengaluru Urban District & Sessions Court,6,21,2026-02-11,Returned for Correction
CS202502295,FIR202501689,P003983,Murder,BNS 103(1),SI Ganesh Rao,Chamarajanagar District & Sessions Court,15,21,2026-02-11,Pending Scrutiny
CS202502212,FIR202501268,P002424,Cyber Crime,"IT Act 66D, BNS 318(4)",SI Divya Hegde,Bengaluru Urban District & Sessions Court,12,18,2026-02-11,Returned for Correction
CS202502023,FIR202503565,P001015,Cyber Crime,"IT Act 66D, BNS 318(4)",PI Suresh Kulkarni,Bengaluru Urban District & Sessions Court,10,3,2026-02-12,Filed
CS202502237,FIR202502172,P006482,Dacoity,BNS 310(2),SI Mahesh Bhat,Bagalkote District & Sessions Court,14,18,2026-02-12,Filed
CS202502573,FIR202504502,P001582,Murder,BNS 103(1),PI Chetan Kumar,Chamarajanagar District & Sessions Court,6,20,2026-02-12,Pending Scrutiny
CS202502015,FIR202502440,P001763,Fraud,BNS 318(4),SI Ganesh Rao,Bengaluru Urban District & Sessions Court,17,8,2026-02-12,Returned for Correction
CS202502451,FIR202504228,P001479,Vehicle Theft,BNS 303(2),SI Divya Hegde,Bidar District & Sessions Court,8,10,2026-02-12,Pending Scrutiny
CS202502439,FIR202500549,P006173,Cyber Crime,"IT Act 66D, BNS 318(4)",PI Suresh Kulkarni,Bengaluru Urban District & Sessions Court,13,13,2026-02-12,Pending Scrutiny
CS202502421,FIR202504273,P008131,Assault,"BNS 115(2), BNS 117(2)",SI Prakash Sharma,Bengaluru Urban District & Sessions Court,13,23,2026-02-12,Accepted
CS202502153,FIR202503401,P008985,POCSO,"POCSO Act Sec 4, BNS 64",PI Chetan Kumar,Bengaluru Rural District & Sessions Court,17,21,2026-02-12,Pending Scrutiny
CS202502366,FIR202500562,P000830,Murder,BNS 103(1),SI Mahesh Bhat,Ballari District & Sessions Court,17,10,2026-02-12,Returned for Correction
CS202502216,FIR202500994,P001046,Robbery,BNS 309(4),PI Chetan Kumar,Chikkaballapura District & Sessions Court,14,9,2026-02-12,Accepted
CS202502302,FIR202502785,P005211,Burglary,"BNS 331(3), BNS 331(4)",PI Lakshmi Devi,Belagavi District & Sessions Court,10,26,2026-02-13,Accepted
CS202502131,FIR202500009,P008229,Fraud,BNS 318(4),PI Lakshmi Devi,Bengaluru Urban District & Sessions Court,14,29,2026-02-13,Accepted
CS202502434,FIR202500940,P008096,Cyber Crime,"IT Act 66D, BNS 318(4)",PI Lakshmi Devi,Chamarajanagar District & Sessions Court,8,4,2026-02-13,Returned for Correction
CS202502438,FIR202502950,P008678,Dacoity,BNS 310(2),SI Prakash Sharma,Chamarajanagar District & Sessions Court,15,10,2026-02-14,Filed
CS202502476,FIR202503519,P004306,Burglary,"BNS 331(3), BNS 331(4)",PI Harish Naik,Bengaluru Rural District & Sessions Court,13,6,2026-02-14,Filed
CS202502433,FIR202500998,P007812,Vehicle Theft,BNS 303(2),PI Chetan Kumar,Chikkaballapura District & Sessions Court,6,4,2026-02-14,Pending Scrutiny
CS202502504,FIR202501013,P001126,Robbery,BNS 309(4),SI Ravi Kumar,Chamarajanagar District & Sessions Court,6,4,2026-02-14,Pending Scrutiny
CS202502545,FIR202502150,P003865,Cyber Crime,"IT Act 66D, BNS 318(4)",SI Prakash Sharma,Bengaluru Urban District & Sessions Court,16,4,2026-02-14,Filed
CS202502191,FIR202501491,P008657,Assault,"BNS 115(2), BNS 117(2)",PI Naveen Patil,Ballari District & Sessions Court,4,16,2026-02-14,Filed
CS202502349,FIR202504445,P002543,POCSO,"POCSO Act Sec 4, BNS 64",SI Ganesh Rao,Chikkaballapura District & Sessions Court,16,6,2026-02-15,Accepted
CS202502322,FIR202500083,P005006,Dacoity,BNS 310(2),PI Lakshmi Devi,Bidar District & Sessions Court,3,25,2026-02-15,Returned for Correction
CS202502113,FIR202502171,P007666,POCSO,"POCSO Act Sec 4, BNS 64",PI Ramesh Gowda,Bengaluru Rural District & Sessions Court,12,24,2026-02-15,Filed
CS202502124,FIR202500117,P008000,Vehicle Theft,BNS 303(2),PI Lakshmi Devi,Bengaluru Urban District & Sessions Court,9,18,2026-02-15,Pending Scrutiny
CS202502402,FIR202501332,P000417,Murder,BNS 103(1),SI Prakash Sharma,Bidar District & Sessions Court,10,27,2026-02-15,Pending Scrutiny
CS202502278,FIR202504692,P008833,Vehicle Theft,BNS 303(2),SI Ravi Kumar,Ballari District & Sessions Court,8,17,2026-02-15,Pending Scrutiny
CS202502281,FIR202501888,P000610,Fraud,BNS 318(4),SI Ravi Kumar,Bengaluru Urban District & Sessions Court,15,16,2026-02-15,Filed
CS202502518,FIR202500938,P005552,Fraud,BNS 318(4),SI Prakash Sharma,Bagalkote District & Sessions Court,11,9,2026-02-15,Accepted
CS202502290,FIR202503773,P005870,Cyber Crime,"IT Act 66D, BNS 318(4)",SI Mahesh Bhat,Chamarajanagar District & Sessions Court,7,20,2026-02-15,Accepted
CS202502159,FIR202503693,P001581,Vehicle Theft,BNS 303(2),SI Mahesh Bhat,Bengaluru Rural District & Sessions Court,16,13,2026-02-16,Pending Scrutiny
CS202502472,FIR202503822,P007118,Assault,"BNS 115(2), BNS 117(2)",SI Divya Hegde,Bagalkote District & Sessions Court,9,17,2026-02-16,Returned for Correction
CS202502429,FIR202501251,P007584,Cyber Crime,"IT Act 66D, BNS 318(4)",PI Lakshmi Devi,Bengaluru Urban District & Sessions Court,6,19,2026-02-16,Accepted
CS202502457,FIR202500859,P000571,POCSO,"POCSO Act Sec 4, BNS 64",SI Ravi Kumar,Bidar District & Sessions Court,11,12,2026-02-16,Returned for Correction
CS202502405,FIR202502761,P002873,Dacoity,BNS 310(2),SI Ganesh Rao,Chikkaballapura District & Sessions Court,6,4,2026-02-16,Filed
CS202502563,FIR202502442,P008978,Murder,BNS 103(1),PI Naveen Patil,Bidar District & Sessions Court,18,6,2026-02-16,Pending Scrutiny
CS202502312,FIR202500779,P007220,Fraud,BNS 318(4),PI Suresh Kulkarni,Bengaluru Urban District & Sessions Court,6,28,2026-02-16,Returned for Correction
CS202502382,FIR202500407,P000552,Assault,"BNS 115(2), BNS 117(2)",SI Ganesh Rao,Chikkaballapura District & Sessions Court,9,24,2026-02-16,Returned for Correction
CS202502304,FIR202502882,P007306,Burglary,"BNS 331(3), BNS 331(4)",PI Ramesh Gowda,Chamarajanagar District & Sessions Court,18,24,2026-02-16,Returned for Correction
CS202502215,FIR202504370,P003881,Assault,"BNS 115(2), BNS 117(2)",PI Suresh Kulkarni,Bidar District & Sessions Court,9,8,2026-02-16,Accepted
CS202502050,FIR202502113,P001493,Vehicle Theft,BNS 303(2),SI Ganesh Rao,Bengaluru Rural District & Sessions Court,13,14,2026-02-17,Returned for Correction
CS202502386,FIR202500973,P002818,Assault,"BNS 115(2), BNS 117(2)",PI Lakshmi Devi,Bidar District & Sessions Court,12,30,2026-02-17,Returned for Correction
CS202502377,FIR202501949,P008939,Assault,"BNS 115(2), BNS 117(2)",SI Prakash Sharma,Bidar District & Sessions Court,9,29,2026-02-17,Filed
CS202502318,FIR202504485,P005518,Dacoity,BNS 310(2),SI Mahesh Bhat,Bagalkote District & Sessions Court,6,29,2026-02-17,Filed
CS202502388,FIR202503792,P002899,NDPS,NDPS Act Sec 20(b),PI Suresh Kulkarni,Bengaluru Urban District & Sessions Court,6,7,2026-02-17,Accepted
CS202502408,FIR202502716,P005850,Murder,BNS 103(1),PI Harish Naik,Bidar District & Sessions Court,5,24,2026-02-18,Filed
CS202502419,FIR202501638,P001325,Assault,"BNS 115(2), BNS 117(2)",SI Divya Hegde,Bidar District & Sessions Court,9,27,2026-02-18,Filed
CS202502595,FIR202504220,P004533,Assault,"BNS 115(2), BNS 117(2)",PI Lakshmi Devi,Chikkaballapura District & Sessions Court,16,28,2026-02-18,Filed
CS202502208,FIR202503643,P005242,Dacoity,BNS 310(2),PI Suresh Kulkarni,Chamarajanagar District & Sessions Court,14,6,2026-02-18,Returned for Correction
CS202502115,FIR202500176,P008189,Cyber Crime,"IT Act 66D, BNS 318(4)",SI Mahesh Bhat,Bengaluru Urban District & Sessions Court,14,22,2026-02-18,Pending Scrutiny
CS202502334,FIR202502255,P002492,Assault,"BNS 115(2), BNS 117(2)",SI Prakash Sharma,Ballari District & Sessions Court,7,24,2026-02-18,Pending Scrutiny
CS202502558,FIR202504161,P002662,Murder,BNS 103(1),PI Chetan Kumar,Bengaluru Rural District & Sessions Court,13,18,2026-02-18,Filed
CS202502373,FIR202500553,P001851,POCSO,"POCSO Act Sec 4, BNS 64",PI Suresh Kulkarni,Bagalkote District & Sessions Court,5,9,2026-02-18,Returned for Correction
CS202502396,FIR202500451,P004872,Assault,"BNS 115(2), BNS 117(2)",PI Suresh Kulkarni,Bagalkote District & Sessions Court,18,19,2026-02-18,Filed
CS202502475,FIR202500969,P002883,Assault,"BNS 115(2), BNS 117(2)",SI Mahesh Bhat,Bidar District & Sessions Court,4,13,2026-02-18,Accepted
CS202502519,FIR202503717,P003748,Fraud,BNS 318(4),PI Naveen Patil,Bidar District & Sessions Court,6,12,2026-02-18,Returned for Correction
CS202502562,FIR202504756,P000557,Theft,BNS 303(2),PI Harish Naik,Ballari District & Sessions Court,15,10,2026-02-18,Pending Scrutiny
CS202502597,FIR202501772,P000528,Dacoity,BNS 310(2),SI Ganesh Rao,Bengaluru Rural District & Sessions Court,2,20,2026-02-18,Accepted
CS202502493,FIR202503024,P009511,Robbery,BNS 309(4),SI Ganesh Rao,Ballari District & Sessions Court,3,29,2026-02-19,Returned for Correction
CS202502539,FIR202504120,P000220,POCSO,"POCSO Act Sec 4, BNS 64",SI Ravi Kumar,Belagavi District & Sessions Court,3,8,2026-02-19,Filed
CS202502481,FIR202504965,P001950,Murder,BNS 103(1),PI Lakshmi Devi,Bagalkote District & Sessions Court,5,7,2026-02-19,Accepted
CS202502293,FIR202503516,P001356,Murder,BNS 103(1),PI Lakshmi Devi,Bagalkote District & Sessions Court,14,8,2026-02-19,Pending Scrutiny
CS202502385,FIR202503705,P009017,Dacoity,BNS 310(2),PI Suresh Kulkarni,Bidar District & Sessions Court,13,24,2026-02-19,Returned for Correction
CS202502294,FIR202501472,P001160,Theft,BNS 303(2),SI Prakash Sharma,Bidar District & Sessions Court,16,10,2026-02-19,Filed
CS202502473,FIR202501536,P008148,POCSO,"POCSO Act Sec 4, BNS 64",SI Ravi Kumar,Chamarajanagar District & Sessions Court,7,18,2026-02-20,Accepted
CS202502298,FIR202500988,P009441,Dacoity,BNS 310(2),PI Chetan Kumar,Belagavi District & Sessions Court,5,17,2026-02-20,Filed
CS202502511,FIR202501734,P008993,Assault,"BNS 115(2), BNS 117(2)",SI Prakash Sharma,Ballari District & Sessions Court,13,9,2026-02-20,Pending Scrutiny
CS202502538,FIR202504227,P006746,Theft,BNS 303(2),PI Harish Naik,Bengaluru Urban District & Sessions Court,13,9,2026-02-20,Accepted
CS202502431,FIR202501692,P004249,Cyber Crime,"IT Act 66D, BNS 318(4)",SI Divya Hegde,Bengaluru Rural District & Sessions Court,10,23,2026-02-21,Filed
CS202502427,FIR202500692,P004837,Assault,"BNS 115(2), BNS 117(2)",PI Ramesh Gowda,Ballari District & Sessions Court,15,8,2026-02-21,Returned for Correction
CS202502376,FIR202503474,P004447,Theft,BNS 303(2),PI Suresh Kulkarni,Belagavi District & Sessions Court,17,14,2026-02-21,Accepted
CS202502156,FIR202502391,P007359,Theft,BNS 303(2),SI Ravi Kumar,Bagalkote District & Sessions Court,13,28,2026-02-21,Filed
CS202502471,FIR202500217,P004954,Assault,"BNS 115(2), BNS 117(2)",SI Mahesh Bhat,Bidar District & Sessions Court,3,23,2026-02-21,Filed
CS202502135,FIR202503988,P004805,Murder,BNS 103(1),SI Ravi Kumar,Chikkaballapura District & Sessions Court,9,18,2026-02-21,Filed
CS202502484,FIR202504786,P003525,Robbery,BNS 309(4),PI Suresh Kulkarni,Chamarajanagar District & Sessions Court,5,27,2026-02-21,Filed
CS202502336,FIR202501185,P004648,Murder,BNS 103(1),SI Prakash Sharma,Ballari District & Sessions Court,11,14,2026-02-21,Pending Scrutiny
CS202502328,FIR202500899,P002389,POCSO,"POCSO Act Sec 4, BNS 64",PI Suresh Kulkarni,Bengaluru Urban District & Sessions Court,14,20,2026-02-21,Returned for Correction
CS202502231,FIR202503386,P006762,Dacoity,BNS 310(2),SI Divya Hegde,Bidar District & Sessions Court,11,9,2026-02-22,Returned for Correction
CS202502233,FIR202503272,P009268,POCSO,"POCSO Act Sec 4, BNS 64",PI Chetan Kumar,Bagalkote District & Sessions Court,6,24,2026-02-22,Returned for Correction
CS202502360,FIR202504433,P005357,Fraud,BNS 318(4),PI Harish Naik,Bengaluru Rural District & Sessions Court,13,23,2026-02-22,Pending Scrutiny
CS202502118,FIR202504793,P001385,Theft,BNS 303(2),SI Ravi Kumar,Belagavi District & Sessions Court,17,14,2026-02-22,Returned for Correction
CS202502487,FIR202501457,P000055,POCSO,"POCSO Act Sec 4, BNS 64",SI Divya Hegde,Bengaluru Rural District & Sessions Court,18,8,2026-02-22,Accepted
CS202502339,FIR202502199,P009974,Assault,"BNS 115(2), BNS 117(2)",PI Chetan Kumar,Chamarajanagar District & Sessions Court,4,5,2026-02-22,Filed
CS202502194,FIR202501283,P004455,Robbery,BNS 309(4),PI Ramesh Gowda,Ballari District & Sessions Court,13,22,2026-02-22,Accepted
CS202502517,FIR202500303,P001736,NDPS,NDPS Act Sec 20(b),PI Lakshmi Devi,Chamarajanagar District & Sessions Court,12,24,2026-02-23,Returned for Correction
CS202502535,FIR202500790,P007866,Robbery,BNS 309(4),PI Chetan Kumar,Bengaluru Rural District & Sessions Court,15,30,2026-02-23,Pending Scrutiny
CS202502528,FIR202504795,P006730,Vehicle Theft,BNS 303(2),SI Divya Hegde,Bengaluru Urban District & Sessions Court,5,17,2026-02-23,Accepted
CS202502262,FIR202501186,P008506,Dacoity,BNS 310(2),PI Lakshmi Devi,Bengaluru Rural District & Sessions Court,2,16,2026-02-23,Pending Scrutiny
CS202502275,FIR202503482,P000554,Robbery,BNS 309(4),PI Suresh Kulkarni,Chikkaballapura District & Sessions Court,7,14,2026-02-23,Returned for Correction
CS202502478,FIR202502372,P007867,Dacoity,BNS 310(2),PI Naveen Patil,Chamarajanagar District & Sessions Court,4,20,2026-02-24,Pending Scrutiny
CS202502590,FIR202500628,P007318,Cyber Crime,"IT Act 66D, BNS 318(4)",SI Divya Hegde,Bengaluru Rural District & Sessions Court,10,23,2026-02-24,Filed
CS202502182,FIR202502213,P000732,Fraud,BNS 318(4),SI Ganesh Rao,Bengaluru Urban District & Sessions Court,12,29,2026-02-24,Pending Scrutiny
CS202502350,FIR202504352,P009283,POCSO,"POCSO Act Sec 4, BNS 64",PI Ramesh Gowda,Bengaluru Urban District & Sessions Court,9,23,2026-02-24,Filed
CS202502344,FIR202501760,P009551,Robbery,BNS 309(4),SI Prakash Sharma,Chamarajanagar District & Sessions Court,4,26,2026-02-24,Filed
CS202502560,FIR202502155,P003774,NDPS,NDPS Act Sec 20(b),PI Lakshmi Devi,Belagavi District & Sessions Court,7,8,2026-02-24,Pending Scrutiny
CS202502552,FIR202503054,P006851,Dacoity,BNS 310(2),PI Ramesh Gowda,Bengaluru Rural District & Sessions Court,5,16,2026-02-24,Pending Scrutiny
CS202502566,FIR202501415,P008412,Vehicle Theft,BNS 303(2),PI Lakshmi Devi,Chamarajanagar District & Sessions Court,17,28,2026-02-25,Returned for Correction
CS202502561,FIR202503662,P002087,POCSO,"POCSO Act Sec 4, BNS 64",SI Mahesh Bhat,Bengaluru Urban District & Sessions Court,9,4,2026-02-25,Pending Scrutiny
CS202502505,FIR202504112,P007913,Theft,BNS 303(2),PI Chetan Kumar,Bagalkote District & Sessions Court,3,22,2026-02-25,Filed
CS202502516,FIR202503422,P003982,Murder,BNS 103(1),SI Divya Hegde,Chikkaballapura District & Sessions Court,10,18,2026-02-25,Returned for Correction
CS202502305,FIR202503424,P000804,Dacoity,BNS 310(2),PI Ramesh Gowda,Belagavi District & Sessions Court,17,9,2026-02-25,Filed
CS202502483,FIR202500827,P002365,Fraud,BNS 318(4),PI Naveen Patil,Chikkaballapura District & Sessions Court,17,3,2026-02-26,Accepted
CS202502353,FIR202501297,P008741,Robbery,BNS 309(4),PI Harish Naik,Chamarajanagar District & Sessions Court,18,17,2026-02-26,Filed
CS202502441,FIR202502288,P000586,Assault,"BNS 115(2), BNS 117(2)",PI Ramesh Gowda,Belagavi District & Sessions Court,16,4,2026-02-26,Filed
CS202502414,FIR202503105,P008371,Assault,"BNS 115(2), BNS 117(2)",PI Ramesh Gowda,Ballari District & Sessions Court,16,16,2026-02-26,Returned for Correction
CS202502570,FIR202504152,P008730,Burglary,"BNS 331(3), BNS 331(4)",PI Ramesh Gowda,Chikkaballapura District & Sessions Court,15,12,2026-02-26,Returned for Correction
CS202502187,FIR202503797,P009435,Murder,BNS 103(1),PI Suresh Kulkarni,Bengaluru Rural District & Sessions Court,11,3,2026-02-26,Returned for Correction
CS202502462,FIR202504591,P005609,Cyber Crime,"IT Act 66D, BNS 318(4)",PI Chetan Kumar,Bagalkote District & Sessions Court,9,23,2026-02-27,Filed
CS202502492,FIR202502285,P003230,Burglary,"BNS 331(3), BNS 331(4)",PI Suresh Kulkarni,Belagavi District & Sessions Court,13,6,2026-02-27,Accepted
CS202502205,FIR202502336,P009100,Murder,BNS 103(1),SI Ganesh Rao,Belagavi District & Sessions Court,9,23,2026-02-27,Returned for Correction
CS202502406,FIR202502800,P002776,Fraud,BNS 318(4),SI Prakash Sharma,Chamarajanagar District & Sessions Court,4,16,2026-02-27,Pending Scrutiny
CS202502401,FIR202503481,P008534,Robbery,BNS 309(4),PI Harish Naik,Bengaluru Urban District & Sessions Court,6,20,2026-02-27,Returned for Correction
CS202502531,FIR202500075,P001763,POCSO,"POCSO Act Sec 4, BNS 64",SI Ravi Kumar,Bagalkote District & Sessions Court,13,21,2026-02-27,Returned for Correction
CS202502509,FIR202502094,P003889,Assault,"BNS 115(2), BNS 117(2)",SI Ganesh Rao,Bengaluru Rural District & Sessions Court,9,25,2026-02-28,Returned for Correction
CS202502218,FIR202504892,P005761,Assault,"BNS 115(2), BNS 117(2)",PI Chetan Kumar,Bagalkote District & Sessions Court,5,14,2026-02-28,Returned for Correction
CS202502364,FIR202501522,P001317,Dacoity,BNS 310(2),PI Lakshmi Devi,Bidar District & Sessions Court,8,3,2026-02-28,Returned for Correction
CS202502522,FIR202503857,P007898,Cyber Crime,"IT Act 66D, BNS 318(4)",PI Naveen Patil,Bidar District & Sessions Court,16,5,2026-02-28,Pending Scrutiny
CS202502333,FIR202504339,P009544,Vehicle Theft,BNS 303(2),PI Ramesh Gowda,Bagalkote District & Sessions Court,2,24,2026-03-01,Returned for Correction
CS202502557,FIR202503402,P003874,Robbery,BNS 309(4),PI Naveen Patil,Bengaluru Rural District & Sessions Court,18,29,2026-03-01,Returned for Correction
CS202502397,FIR202500526,P006224,Fraud,BNS 318(4),SI Divya Hegde,Bidar District & Sessions Court,4,24,2026-03-01,Pending Scrutiny
CS202502444,FIR202504013,P003401,Fraud,BNS 318(4),SI Prakash Sharma,Bengaluru Urban District & Sessions Court,16,3,2026-03-01,Pending Scrutiny
CS202502525,FIR202500521,P008378,Vehicle Theft,BNS 303(2),PI Harish Naik,Chamarajanagar District & Sessions Court,18,27,2026-03-01,Pending Scrutiny
CS202502354,FIR202500397,P007752,Dacoity,BNS 310(2),SI Divya Hegde,Bengaluru Urban District & Sessions Court,16,21,2026-03-02,Returned for Correction
CS202502495,FIR202503819,P004730,Cyber Crime,"IT Act 66D, BNS 318(4)",SI Ravi Kumar,Bengaluru Rural District & Sessions Court,13,23,2026-03-02,Returned for Correction
CS202502585,FIR202500380,P007435,Dacoity,BNS 310(2),SI Divya Hegde,Chamarajanagar District & Sessions Court,12,13,2026-03-02,Returned for Correction
CS202502468,FIR202504652,P002883,NDPS,NDPS Act Sec 20(b),SI Ganesh Rao,Bidar District & Sessions Court,13,6,2026-03-02,Returned for Correction
CS202502412,FIR202500321,P007683,POCSO,"POCSO Act Sec 4, BNS 64",SI Ravi Kumar,Bagalkote District & Sessions Court,5,25,2026-03-02,Pending Scrutiny
CS202502541,FIR202501365,P008208,POCSO,"POCSO Act Sec 4, BNS 64",SI Ganesh Rao,Bidar District & Sessions Court,13,7,2026-03-02,Pending Scrutiny
CS202502544,FIR202503289,P003074,Fraud,BNS 318(4),PI Suresh Kulkarni,Bengaluru Urban District & Sessions Court,10,15,2026-03-02,Pending Scrutiny
CS202502532,FIR202504335,P007423,Vehicle Theft,BNS 303(2),PI Lakshmi Devi,Bengaluru Urban District & Sessions Court,17,30,2026-03-02,Returned for Correction
CS202502436,FIR202502222,P000244,Assault,"BNS 115(2), BNS 117(2)",PI Ramesh Gowda,Chikkaballapura District & Sessions Court,4,28,2026-03-03,Pending Scrutiny
CS202502506,FIR202501966,P003852,Assault,"BNS 115(2), BNS 117(2)",PI Naveen Patil,Bidar District & Sessions Court,4,11,2026-03-03,Accepted
CS202502567,FIR202502599,P003750,Fraud,BNS 318(4),SI Ravi Kumar,Bengaluru Urban District & Sessions Court,4,28,2026-03-03,Returned for Correction
CS202502501,FIR202501468,P008400,Cyber Crime,"IT Act 66D, BNS 318(4)",PI Lakshmi Devi,Chikkaballapura District & Sessions Court,9,12,2026-03-03,Filed
CS202502392,FIR202504707,P003779,POCSO,"POCSO Act Sec 4, BNS 64",PI Chetan Kumar,Chamarajanagar District & Sessions Court,7,8,2026-03-03,Returned for Correction
CS202502583,FIR202504781,P001494,Murder,BNS 103(1),PI Suresh Kulkarni,Bidar District & Sessions Court,16,21,2026-03-03,Pending Scrutiny
CS202502152,FIR202502811,P009694,Cyber Crime,"IT Act 66D, BNS 318(4)",PI Suresh Kulkarni,Bengaluru Urban District & Sessions Court,18,9,2026-03-03,Pending Scrutiny
CS202502553,FIR202500309,P007872,Cyber Crime,"IT Act 66D, BNS 318(4)",SI Prakash Sharma,Chamarajanagar District & Sessions Court,15,18,2026-03-03,Returned for Correction
CS202502460,FIR202501301,P004146,NDPS,NDPS Act Sec 20(b),PI Harish Naik,Chamarajanagar District & Sessions Court,8,10,2026-03-03,Filed
CS202502554,FIR202501473,P001271,Fraud,BNS 318(4),SI Ravi Kumar,Bagalkote District & Sessions Court,10,8,2026-03-04,Pending Scrutiny
CS202502273,FIR202500367,P003605,Fraud,BNS 318(4),PI Suresh Kulkarni,Bidar District & Sessions Court,9,4,2026-03-04,Accepted
CS202502357,FIR202501833,P008206,POCSO,"POCSO Act Sec 4, BNS 64",PI Harish Naik,Bengaluru Urban District & Sessions Court,9,3,2026-03-04,Accepted
CS202502378,FIR202503344,P006680,POCSO,"POCSO Act Sec 4, BNS 64",PI Chetan Kumar,Chamarajanagar District & Sessions Court,18,4,2026-03-04,Returned for Correction
CS202502316,FIR202502123,P006445,Murder,BNS 103(1),PI Naveen Patil,Ballari District & Sessions Court,9,13,2026-03-04,Pending Scrutiny
CS202502416,FIR202503896,P003789,Dacoity,BNS 310(2),SI Prakash Sharma,Bengaluru Rural District & Sessions Court,6,26,2026-03-04,Pending Scrutiny
CS202502225,FIR202501951,P003984,Cyber Crime,"IT Act 66D, BNS 318(4)",PI Suresh Kulkarni,Bengaluru Rural District & Sessions Court,15,26,2026-03-05,Returned for Correction
CS202502393,FIR202501053,P006098,Murder,BNS 103(1),PI Suresh Kulkarni,Bidar District & Sessions Court,10,13,2026-03-05,Pending Scrutiny
CS202502574,FIR202501161,P009669,Assault,"BNS 115(2), BNS 117(2)",PI Suresh Kulkarni,Bengaluru Urban District & Sessions Court,9,9,2026-03-05,Accepted
CS202502502,FIR202501341,P008389,Cyber Crime,"IT Act 66D, BNS 318(4)",SI Ravi Kumar,Bidar District & Sessions Court,16,16,2026-03-05,Pending Scrutiny
CS202502346,FIR202503187,P005986,Assault,"BNS 115(2), BNS 117(2)",SI Prakash Sharma,Bengaluru Urban District & Sessions Court,7,16,2026-03-05,Pending Scrutiny
CS202502520,FIR202500249,P008199,POCSO,"POCSO Act Sec 4, BNS 64",PI Chetan Kumar,Bagalkote District & Sessions Court,13,14,2026-03-06,Pending Scrutiny
CS202502470,FIR202502963,P008641,Murder,BNS 103(1),PI Lakshmi Devi,Chamarajanagar District & Sessions Court,4,28,2026-03-06,Accepted
CS202502279,FIR202504012,P003717,NDPS,NDPS Act Sec 20(b),SI Mahesh Bhat,Bengaluru Rural District & Sessions Court,6,8,2026-03-06,Filed
CS202502337,FIR202502602,P007176,NDPS,NDPS Act Sec 20(b),SI Prakash Sharma,Bidar District & Sessions Court,15,30,2026-03-07,Returned for Correction
CS202502547,FIR202501803,P007610,Assault,"BNS 115(2), BNS 117(2)",SI Ravi Kumar,Bidar District & Sessions Court,5,10,2026-03-07,Pending Scrutiny
CS202502456,FIR202501631,P004888,Vehicle Theft,BNS 303(2),PI Naveen Patil,Bagalkote District & Sessions Court,11,29,2026-03-07,Returned for Correction
CS202502499,FIR202500947,P002616,POCSO,"POCSO Act Sec 4, BNS 64",PI Naveen Patil,Bengaluru Rural District & Sessions Court,16,27,2026-03-07,Accepted
CS202502452,FIR202500044,P007104,Robbery,BNS 309(4),PI Suresh Kulkarni,Bengaluru Rural District & Sessions Court,17,15,2026-03-07,Pending Scrutiny
CS202502311,FIR202501712,P008683,Vehicle Theft,BNS 303(2),SI Prakash Sharma,Bagalkote District & Sessions Court,2,3,2026-03-08,Accepted
CS202502435,FIR202503905,P007738,Vehicle Theft,BNS 303(2),PI Ramesh Gowda,Bagalkote District & Sessions Court,4,22,2026-03-08,Accepted
CS202502160,FIR202501028,P000206,Dacoity,BNS 310(2),PI Chetan Kumar,Chamarajanagar District & Sessions Court,5,10,2026-03-09,Returned for Correction
CS202502508,FIR202500053,P005570,Burglary,"BNS 331(3), BNS 331(4)",SI Divya Hegde,Chamarajanagar District & Sessions Court,9,12,2026-03-09,Filed
CS202502477,FIR202502390,P003921,Murder,BNS 103(1),SI Ravi Kumar,Chamarajanagar District & Sessions Court,6,12,2026-03-09,Filed
CS202502555,FIR202503384,P001661,Dacoity,BNS 310(2),SI Mahesh Bhat,Belagavi District & Sessions Court,17,29,2026-03-09,Pending Scrutiny
CS202502300,FIR202500443,P003016,Assault,"BNS 115(2), BNS 117(2)",PI Ramesh Gowda,Bengaluru Rural District & Sessions Court,15,8,2026-03-09,Returned for Correction
CS202502596,FIR202504009,P005683,Robbery,BNS 309(4),PI Lakshmi Devi,Belagavi District & Sessions Court,11,22,2026-03-10,Accepted
CS202502230,FIR202502880,P006321,NDPS,NDPS Act Sec 20(b),PI Ramesh Gowda,Bidar District & Sessions Court,17,9,2026-03-10,Returned for Correction
CS202502465,FIR202500527,P005573,Assault,"BNS 115(2), BNS 117(2)",SI Divya Hegde,Bidar District & Sessions Court,10,22,2026-03-10,Returned for Correction
CS202502507,FIR202504266,P001052,Vehicle Theft,BNS 303(2),SI Mahesh Bhat,Chamarajanagar District & Sessions Court,2,3,2026-03-10,Pending Scrutiny
CS202502450,FIR202502281,P008044,Fraud,BNS 318(4),SI Mahesh Bhat,Bengaluru Rural District & Sessions Court,4,22,2026-03-10,Filed
CS202502577,FIR202500361,P005311,Assault,"BNS 115(2), BNS 117(2)",PI Ramesh Gowda,Ballari District & Sessions Court,13,27,2026-03-10,Returned for Correction
CS202502458,FIR202503180,P001098,Theft,BNS 303(2),SI Ganesh Rao,Belagavi District & Sessions Court,4,23,2026-03-11,Returned for Correction
CS202502413,FIR202503371,P000355,Burglary,"BNS 331(3), BNS 331(4)",SI Ganesh Rao,Bagalkote District & Sessions Court,11,9,2026-03-11,Pending Scrutiny
CS202502513,FIR202502547,P004864,Burglary,"BNS 331(3), BNS 331(4)",PI Suresh Kulkarni,Bengaluru Urban District & Sessions Court,7,8,2026-03-11,Filed
CS202502586,FIR202501584,P002018,Burglary,"BNS 331(3), BNS 331(4)",SI Ganesh Rao,Bengaluru Rural District & Sessions Court,3,7,2026-03-11,Filed
CS202502580,FIR202504977,P001180,Murder,BNS 103(1),PI Ramesh Gowda,Bagalkote District & Sessions Court,16,7,2026-03-11,Returned for Correction
CS202502257,FIR202500034,P006446,Robbery,BNS 309(4),PI Ramesh Gowda,Bagalkote District & Sessions Court,2,28,2026-03-12,Accepted
CS202502222,FIR202504584,P005842,POCSO,"POCSO Act Sec 4, BNS 64",PI Suresh Kulkarni,Bidar District & Sessions Court,16,30,2026-03-12,Returned for Correction
CS202502474,FIR202500279,P009788,Robbery,BNS 309(4),PI Ramesh Gowda,Bengaluru Rural District & Sessions Court,7,5,2026-03-12,Filed
CS202502365,FIR202504454,P002908,Theft,BNS 303(2),SI Ravi Kumar,Belagavi District & Sessions Court,14,22,2026-03-12,Returned for Correction
CS202502310,FIR202502680,P003023,Cyber Crime,"IT Act 66D, BNS 318(4)",PI Suresh Kulkarni,Chamarajanagar District & Sessions Court,14,17,2026-03-12,Accepted
CS202502579,FIR202500667,P001661,Cyber Crime,"IT Act 66D, BNS 318(4)",PI Ramesh Gowda,Chamarajanagar District & Sessions Court,3,10,2026-03-13,Pending Scrutiny
CS202502410,FIR202503154,P000447,Murder,BNS 103(1),PI Harish Naik,Bengaluru Rural District & Sessions Court,14,27,2026-03-13,Pending Scrutiny
CS202502203,FIR202500530,P003796,Fraud,BNS 318(4),PI Ramesh Gowda,Bengaluru Urban District & Sessions Court,15,16,2026-03-13,Filed
CS202502489,FIR202501954,P000208,Robbery,BNS 309(4),SI Divya Hegde,Chikkaballapura District & Sessions Court,2,10,2026-03-13,Accepted
CS202502343,FIR202503442,P006901,Dacoity,BNS 310(2),SI Divya Hegde,Chamarajanagar District & Sessions Court,17,8,2026-03-13,Accepted
CS202502490,FIR202501556,P006115,Assault,"BNS 115(2), BNS 117(2)",SI Ganesh Rao,Bengaluru Urban District & Sessions Court,11,22,2026-03-14,Filed
CS202502529,FIR202500716,P003380,Vehicle Theft,BNS 303(2),PI Chetan Kumar,Bengaluru Urban District & Sessions Court,8,28,2026-03-14,Pending Scrutiny
CS202502540,FIR202502141,P005006,Robbery,BNS 309(4),PI Ramesh Gowda,Chamarajanagar District & Sessions Court,12,3,2026-03-14,Filed
CS202502340,FIR202501812,P001815,NDPS,NDPS Act Sec 20(b),PI Naveen Patil,Bengaluru Rural District & Sessions Court,7,30,2026-03-14,Filed
CS202502447,FIR202504296,P002600,Murder,BNS 103(1),SI Divya Hegde,Bengaluru Rural District & Sessions Court,9,19,2026-03-14,Returned for Correction
CS202502384,FIR202504964,P001808,POCSO,"POCSO Act Sec 4, BNS 64",SI Ravi Kumar,Bengaluru Rural District & Sessions Court,17,23,2026-03-14,Filed
CS202502548,FIR202500445,P007583,Dacoity,BNS 310(2),SI Ganesh Rao,Bengaluru Rural District & Sessions Court,3,23,2026-03-15,Accepted
CS202502374,FIR202500726,P004174,Assault,"BNS 115(2), BNS 117(2)",PI Ramesh Gowda,Chamarajanagar District & Sessions Court,4,4,2026-03-16,Accepted
CS202502264,FIR202500906,P009546,Fraud,BNS 318(4),SI Ganesh Rao,Bengaluru Rural District & Sessions Court,18,30,2026-03-16,Accepted
CS202502292,FIR202504990,P009732,Assault,"BNS 115(2), BNS 117(2)",PI Suresh Kulkarni,Bidar District & Sessions Court,12,11,2026-03-16,Accepted
CS202502329,FIR202500727,P001470,Assault,"BNS 115(2), BNS 117(2)",PI Harish Naik,Bidar District & Sessions Court,7,22,2026-03-16,Pending Scrutiny
CS202502593,FIR202504171,P000172,NDPS,NDPS Act Sec 20(b),PI Naveen Patil,Bengaluru Urban District & Sessions Court,14,27,2026-03-16,Filed
CS202502533,FIR202503616,P001364,Cyber Crime,"IT Act 66D, BNS 318(4)",PI Lakshmi Devi,Bidar District & Sessions Court,12,5,2026-03-16,Accepted
CS202502498,FIR202500910,P009319,Robbery,BNS 309(4),SI Mahesh Bhat,Bagalkote District & Sessions Court,12,20,2026-03-17,Accepted
CS202502526,FIR202502330,P002183,Cyber Crime,"IT Act 66D, BNS 318(4)",SI Prakash Sharma,Bengaluru Rural District & Sessions Court,13,28,2026-03-17,Returned for Correction
CS202502327,FIR202502973,P002702,Burglary,"BNS 331(3), BNS 331(4)",SI Prakash Sharma,Chamarajanagar District & Sessions Court,11,6,2026-03-18,Accepted
CS202502543,FIR202504952,P003470,Cyber Crime,"IT Act 66D, BNS 318(4)",SI Ravi Kumar,Bengaluru Urban District & Sessions Court,13,13,2026-03-18,Returned for Correction
CS202502459,FIR202502451,P005168,Dacoity,BNS 310(2),PI Lakshmi Devi,Ballari District & Sessions Court,17,17,2026-03-18,Returned for Correction
CS202502411,FIR202501043,P008026,Vehicle Theft,BNS 303(2),SI Divya Hegde,Bidar District & Sessions Court,11,19,2026-03-18,Returned for Correction
CS202502592,FIR202501424,P008465,Burglary,"BNS 331(3), BNS 331(4)",PI Harish Naik,Bengaluru Urban District & Sessions Court,13,14,2026-03-19,Accepted
CS202502598,FIR202503589,P005118,POCSO,"POCSO Act Sec 4, BNS 64",PI Lakshmi Devi,Bengaluru Rural District & Sessions Court,8,15,2026-03-19,Accepted
CS202502503,FIR202504925,P006303,Cyber Crime,"IT Act 66D, BNS 318(4)",SI Mahesh Bhat,Chamarajanagar District & Sessions Court,7,20,2026-03-19,Pending Scrutiny
CS202502417,FIR202504999,P000804,Theft,BNS 303(2),SI Mahesh Bhat,Bidar District & Sessions Court,15,23,2026-03-21,Accepted
CS202502515,FIR202504571,P000786,Fraud,BNS 318(4),SI Mahesh Bhat,Bengaluru Urban District & Sessions Court,6,22,2026-03-21,Filed
CS202502599,FIR202501249,P002865,Assault,"BNS 115(2), BNS 117(2)",PI Ramesh Gowda,Bidar District & Sessions Court,5,4,2026-03-21,Filed
CS202502418,FIR202502061,P007685,NDPS,NDPS Act Sec 20(b),SI Ravi Kumar,Bagalkote District & Sessions Court,2,11,2026-03-21,Accepted
CS202502571,FIR202502047,P001703,Dacoity,BNS 310(2),PI Chetan Kumar,Chikkaballapura District & Sessions Court,2,25,2026-03-22,Pending Scrutiny
CS202502536,FIR202500025,P002729,Dacoity,BNS 310(2),PI Chetan Kumar,Chamarajanagar District & Sessions Court,9,13,2026-03-22,Returned for Correction
CS202502565,FIR202503233,P006998,Cyber Crime,"IT Act 66D, BNS 318(4)",PI Naveen Patil,Bengaluru Rural District & Sessions Court,14,16,2026-03-22,Accepted
CS202502271,FIR202502142,P006304,Burglary,"BNS 331(3), BNS 331(4)",PI Chetan Kumar,Belagavi District & Sessions Court,3,18,2026-03-22,Returned for Correction
CS202502588,FIR202503708,P001793,Dacoity,BNS 310(2),PI Naveen Patil,Bagalkote District & Sessions Court,13,9,2026-03-23,Accepted
CS202502582,FIR202503356,P007779,NDPS,NDPS Act Sec 20(b),PI Naveen Patil,Belagavi District & Sessions Court,13,19,2026-03-23,Filed
CS202502422,FIR202503042,P000612,Burglary,"BNS 331(3), BNS 331(4)",PI Lakshmi Devi,Chamarajanagar District & Sessions Court,13,7,2026-03-24,Accepted
CS202502589,FIR202503085,P009212,NDPS,NDPS Act Sec 20(b),SI Mahesh Bhat,Ballari District & Sessions Court,8,17,2026-03-24,Filed
CS202502466,FIR202502438,P006384,Robbery,BNS 309(4),PI Chetan Kumar,Bidar District & Sessions Court,3,16,2026-03-24,Returned for Correction
CS202502514,FIR202503855,P001827,Cyber Crime,"IT Act 66D, BNS 318(4)",PI Harish Naik,Bagalkote District & Sessions Court,2,22,2026-03-24,Pending Scrutiny
CS202502578,FIR202503229,P005739,Murder,BNS 103(1),SI Prakash Sharma,Bengaluru Rural District & Sessions Court,3,13,2026-03-25,Pending Scrutiny
CS202502358,FIR202500611,P003947,Cyber Crime,"IT Act 66D, BNS 318(4)",PI Naveen Patil,Bengaluru Urban District & Sessions Court,15,13,2026-03-25,Pending Scrutiny
CS202502527,FIR202501728,P001291,Cyber Crime,"IT Act 66D, BNS 318(4)",SI Divya Hegde,Bidar District & Sessions Court,13,3,2026-03-27,Accepted
CS202502496,FIR202500685,P006654,Cyber Crime,"IT Act 66D, BNS 318(4)",PI Naveen Patil,Bidar District & Sessions Court,17,22,2026-03-27,Pending Scrutiny
CS202502556,FIR202501552,P006494,NDPS,NDPS Act Sec 20(b),PI Ramesh Gowda,Bagalkote District & Sessions Court,9,6,2026-03-29,Accepted
CS202502572,FIR202504192,P009906,Cyber Crime,"IT Act 66D, BNS 318(4)",PI Naveen Patil,Bagalkote District & Sessions Court,4,11,2026-03-29,Accepted
CS202502564,FIR202502659,P006512,Assault,"BNS 115(2), BNS 117(2)",PI Lakshmi Devi,Chikkaballapura District & Sessions Court,6,7,2026-03-30,Pending Scrutiny
CS202502461,FIR202504860,P001752,POCSO,"POCSO Act Sec 4, BNS 64",SI Divya Hegde,Chikkaballapura District & Sessions Court,13,7,2026-04-01,Returned for Correction
CS202502534,FIR202502835,P008553,NDPS,NDPS Act Sec 20(b),SI Ganesh Rao,Belagavi District & Sessions Court,3,22,2026-04-02,Returned for Correction
CS202502479,FIR202502752,P000502,Robbery,BNS 309(4),PI Chetan Kumar,Chamarajanagar District & Sessions Court,12,14,2026-04-02,Filed
CS202502575,FIR202504483,P000037,Murder,BNS 103(1),PI Ramesh Gowda,Chamarajanagar District & Sessions Court,13,16,2026-04-05,Pending Scrutiny
CS202502486,FIR202502990,P001183,Burglary,"BNS 331(3), BNS 331(4)",PI Suresh Kulkarni,Bengaluru Rural District & Sessions Court,4,19,2026-04-05,Filed
CS202502523,FIR202503116,P005903,Dacoity,BNS 310(2),PI Harish Naik,Chamarajanagar District & Sessions Court,7,9,2026-04-06,Returned for Correction
CS202502591,FIR202501527,P003771,Murder,BNS 103(1),PI Suresh Kulkarni,Ballari District & Sessions Court,8,9,2026-04-06,Filed
CS202502600,FIR202504848,P001350,NDPS,NDPS Act Sec 20(b),SI Divya Hegde,Bidar District & Sessions Court,9,24,2026-04-09,Returned for Correction
CS202502542,FIR202502005,P005657,Fraud,BNS 318(4),PI Suresh Kulkarni,Bidar District & Sessions Court,9,5,2026-04-09,Accepted
CS202502494,FIR202502762,P008213,Assault,"BNS 115(2), BNS 117(2)",PI Naveen Patil,Ballari District & Sessions Court,4,6,2026-04-10,Pending Scrutiny
CS202502569,FIR202500700,P007442,Dacoity,BNS 310(2),SI Ravi Kumar,Chamarajanagar District & Sessions Court,10,6,2026-04-11,Returned for Correction
CS202502549,FIR202500471,P001638,Murder,BNS 103(1),PI Naveen Patil,Belagavi District & Sessions Court,15,12,2026-04-11,Returned for Correction
CS202502581,FIR202502445,P007751,Theft,BNS 303(2),PI Chetan Kumar,Chamarajanagar District & Sessions Court,13,15,2026-04-11,Filed
CS202502568,FIR202500248,P006375,Fraud,BNS 318(4),SI Prakash Sharma,Bidar District & Sessions Court,3,28,2026-04-25,Accepted
CS202502594,FIR202503392,P008794,POCSO,"POCSO Act Sec 4, BNS 64",PI Ramesh Gowda,Bengaluru Rural District & Sessions Court,13,13,2026-05-02,Filed
