Person_ID,Full_Name,Gender,DOB,Age,Occupation,Education,Marital_Status,Blood_Group,Nationality,District,Station_ID
P000001,Akash Verma,Male,1992-04-15,34,Government Employee,PhD,Married,AB-,Indian,Bengaluru Urban,PS0143
P000002,Naveen Hegde,Male,1985-12-26,40,Nurse,High School,Divorced,A-,Indian,Chamarajanagar,PS0206
P000003,Nisha Verma,Female,1965-12-28,60,Lawyer,PhD,Married,B+,Indian,Bagalkote,PS0022
P000004,Arjun Bhat,Male,1989-06-18,37,Unemployed,Post Graduate,Married,B+,Indian,Chamarajanagar,PS0213
P000005,Preethi Hegde,Female,1972-01-12,54,Driver,PhD,Widowed,O-,Indian,Chamarajanagar,PS0204
P000006,Nandini Kumar,Female,1963-01-29,63,Nurse,PhD,Married,B-,Indian,Chamarajanagar,PS0217
P000007,Kavya Gowda,Female,1980-03-29,46,Government Employee,PhD,Divorced,A+,Indian,Chamarajanagar,PS0214
P000008,Suresh Patil,Male,1978-09-23,47,Software Engineer,Post Graduate,Divorced,A+,Indian,Chamarajanagar,PS0213
P000009,Kavya Hiremath,Female,2005-05-27,21,Business,Graduate,Divorced,A-,Indian,Chamarajanagar,PS0207
P000010,Sowmya Verma,Female,2004-04-30,22,Lawyer,Primary,Married,A-,Indian,Ballari,PS0028
P000011,Deepa Hegde,Female,2005-01-17,21,Software Engineer,High School,Married,O+,Indian,Belagavi,PS0057
P000012,Arjun Gowda,Male,1967-04-18,59,Carpenter,PhD,Widowed,B+,Indian,Bengaluru Rural,PS0079
P000013,Naveen Angadi,Male,1983-07-30,42,Driver,Post Graduate,Divorced,AB-,Indian,Bengaluru Rural,PS0093
P000014,Rekha Hiremath,Female,1981-11-23,44,Government Employee,No Formal Education,Divorced,AB-,Indian,Bengaluru Rural,PS0071
P000015,Suresh Hiremath,Male,1982-08-08,43,Student,PhD,Divorced,B-,Indian,Bidar,PS0159
P000016,Sanjay Poojary,Male,1970-04-19,56,Mechanic,Post Graduate,Married,B-,Indian,Bengaluru Urban,PS0136
P000017,Sanjay Naik,Male,1972-02-12,54,Student,PhD,Divorced,O+,Indian,Bengaluru Urban,PS0149
P000018,Suresh Rao,Male,1991-10-26,34,Mechanic,PhD,Single,B+,Indian,Bengaluru Urban,PS0136
P000019,Ravi Hegde,Male,1997-12-01,28,Mechanic,Post Graduate,Divorced,B+,Indian,Bengaluru Rural,PS0071
P000020,Harini Hegde,Female,2004-01-04,22,Software Engineer,Diploma,Widowed,B-,Indian,Chikkaballapura,PS0246
P000021,Ajay Kambali,Male,1981-10-12,44,Police,Diploma,Divorced,B-,Indian,Bengaluru Rural,PS0085
P000022,Swathi Poojary,Female,1986-04-17,40,Shop Owner,Diploma,Divorced,A-,Indian,Bengaluru Urban,PS0120
P000023,Bhavya Kulkarni,Female,1968-02-21,58,Electrician,No Formal Education,Divorced,A-,Indian,Bengaluru Urban,PS0127
P000024,Keerthi Siddiqui,Female,1978-01-03,48,Government Employee,PUC,Married,AB+,Indian,Bengaluru Rural,PS0105
P000025,Sneha Naik,Female,2007-08-25,18,Police,PUC,Single,B-,Indian,Chamarajanagar,PS0201
P000026,Arjun Naik,Male,1992-01-30,34,Carpenter,PhD,Single,B+,Indian,Ballari,PS0040
P000027,Ravi Shetty,Male,1991-07-04,35,Government Employee,PhD,Married,AB+,Indian,Ballari,PS0043
P000028,Megha Siddiqui,Female,1960-04-22,66,Doctor,PUC,Single,B+,Indian,Bidar,PS0184
P000029,Geetha Shetty,Female,1958-04-05,68,Nurse,PhD,Married,AB+,Indian,Bidar,PS0163
P000030,Rahul Bhat,Male,2005-12-14,20,Unemployed,Primary,Divorced,AB+,Indian,Bengaluru Rural,PS0077
P000031,Anitha Kambali,Female,2002-01-14,24,Government Employee,High School,Widowed,AB+,Indian,Ballari,PS0029
P000032,Basavaraj Naik,Male,1984-08-31,41,Driver,PhD,Divorced,B+,Indian,Bengaluru Rural,PS0085
P000033,Puneeth Hegde,Male,1981-06-20,45,Security Guard,PUC,Married,O+,Indian,Ballari,PS0032
P000034,Sowmya Hegde,Female,1962-10-13,63,Nurse,Primary,Married,B+,Indian,Chikkaballapura,PS0237
P000035,Swathi Sharma,Female,1955-08-12,70,Lawyer,Post Graduate,Married,O-,Indian,Bengaluru Urban,PS0132
P000036,Swathi Bhat,Female,2007-04-04,19,Security Guard,No Formal Education,Divorced,AB-,Indian,Bengaluru Urban,PS0143
P000037,Arjun Naik,Male,1996-10-02,29,Electrician,High School,Widowed,AB+,Indian,Chikkaballapura,PS0236
P000038,Chetan Bhat,Male,1987-12-22,38,Unemployed,PUC,Married,B+,Indian,Bengaluru Urban,PS0132
P000039,Sneha Verma,Female,1988-07-08,38,Labour,PhD,Married,B-,Indian,Bidar,PS0169
P000040,Ganesh Verma,Male,2002-05-21,24,Software Engineer,Primary,Single,A+,Indian,Chamarajanagar,PS0226
P000041,Sanjay Kambali,Male,1968-06-11,58,Driver,Graduate,Widowed,A-,Indian,Bidar,PS0171
P000042,Pradeep Hiremath,Male,1998-11-08,27,Doctor,PhD,Single,O-,Indian,Bagalkote,PS0008
P000043,Ganesh Singh,Male,1995-12-25,30,Security Guard,No Formal Education,Widowed,AB+,Indian,Ballari,PS0045
P000044,Mahesh Joshi,Male,1955-04-09,71,Business,Primary,Single,O+,Indian,Bidar,PS0187
P000045,Rekha Reddy,Female,2003-07-20,23,Engineer,Primary,Widowed,A+,Indian,Bidar,PS0185
P000046,Shreya Shetty,Female,1967-02-24,59,Labour,Graduate,Widowed,O-,Indian,Bengaluru Urban,PS0126
P000047,Bhavya Reddy,Female,2003-05-20,23,Teacher,Graduate,Single,B+,Indian,Belagavi,PS0048
P000048,Sowmya Patil,Female,1974-12-24,51,Student,No Formal Education,Divorced,O-,Indian,Chikkaballapura,PS0243
P000049,Harini Desai,Female,1975-08-09,50,Police,PhD,Divorced,B+,Indian,Bengaluru Rural,PS0102
P000050,Lakshmi Naik,Female,1957-11-21,68,Labour,No Formal Education,Married,B-,Indian,Bidar,PS0166
P000051,Kiran Angadi,Male,1958-01-05,68,Sales Executive,No Formal Education,Married,A+,Indian,Bengaluru Urban,PS0121
P000052,Keerthi Sharma,Female,2003-06-04,23,Business,No Formal Education,Married,AB+,Indian,Bidar,PS0184
P000053,Siddu Hiremath,Male,1983-08-11,42,Security Guard,Graduate,Married,AB+,Indian,Bidar,PS0154
P000054,Darshan Pujari,Male,1974-10-31,51,Labour,Diploma,Divorced,A+,Indian,Bengaluru Rural,PS0083
P000055,Chetan Singh,Male,2004-11-13,21,Government Employee,No Formal Education,Divorced,O+,Indian,Chamarajanagar,PS0224
P000056,Rekha Singh,Female,1991-08-17,34,Teacher,Diploma,Widowed,B+,Indian,Bengaluru Rural,PS0070
P000057,Nisha Sharma,Female,1981-12-24,44,Teacher,PhD,Single,O+,Indian,Belagavi,PS0046
P000058,Harini Pujari,Female,1967-01-11,59,Nurse,PUC,Divorced,B-,Indian,Chamarajanagar,PS0224
P000059,Anitha Reddy,Female,1995-05-09,31,Software Engineer,Primary,Married,A+,Indian,Bengaluru Rural,PS0109
P000060,Bhavya Angadi,Female,1958-07-19,68,Doctor,PUC,Married,O-,Indian,Bagalkote,PS0014
P000061,Shivakumar Hegde,Male,1982-03-14,44,Student,PUC,Married,A-,Indian,Bengaluru Rural,PS0093
P000062,Nisha Angadi,Female,1973-05-07,53,Nurse,PUC,Divorced,AB+,Indian,Bengaluru Rural,PS0078
P000063,Keerthi Kambali,Female,1987-03-26,39,Electrician,Diploma,Divorced,O-,Indian,Chikkaballapura,PS0246
P000064,Anjali Poojary,Female,1983-09-24,42,Business,Graduate,Divorced,O+,Indian,Bengaluru Urban,PS0141
P000065,Sanjay Sharma,Male,1968-02-03,58,Student,Diploma,Widowed,AB+,Indian,Bagalkote,PS0006
P000066,Ramesh Hegde,Male,1975-08-21,50,Nurse,PUC,Widowed,AB-,Indian,Bidar,PS0183
P000067,Sunitha Poojary,Female,1999-01-05,27,Sales Executive,High School,Divorced,B+,Indian,Bengaluru Rural,PS0074
P000068,Puneeth Kambali,Male,1998-10-23,27,Driver,No Formal Education,Single,A-,Indian,Bengaluru Urban,PS0140
P000069,Abhishek Kumar,Male,1991-12-31,34,Teacher,PUC,Single,B+,Indian,Bidar,PS0165
P000070,Ramesh Pujari,Male,1995-11-29,30,Software Engineer,No Formal Education,Widowed,O-,Indian,Bengaluru Urban,PS0139
P000071,Rahul Kambali,Male,2004-06-28,22,Labour,No Formal Education,Single,AB+,Indian,Chamarajanagar,PS0199
P000072,Priya Pujari,Female,1993-08-18,32,Driver,Primary,Single,B+,Indian,Chamarajanagar,PS0204
P000073,Ramesh Angadi,Male,2002-03-25,24,Lawyer,Graduate,Divorced,O+,Indian,Ballari,PS0045
P000074,Prakash Desai,Male,1996-03-06,30,Security Guard,PUC,Married,AB+,Indian,Bengaluru Rural,PS0109
P000075,Chetan Siddiqui,Male,1957-11-04,68,Doctor,Post Graduate,Widowed,O+,Indian,Bengaluru Urban,PS0145
P000076,Kavya Siddiqui,Female,1955-11-06,70,Driver,Primary,Widowed,O+,Indian,Bengaluru Rural,PS0093
P000077,Preethi Naik,Female,2002-05-20,24,Engineer,PUC,Married,O-,Indian,Bagalkote,PS0016
P000078,Kavya Reddy,Female,1980-02-26,46,Shop Owner,No Formal Education,Married,AB-,Indian,Bengaluru Rural,PS0094
P000079,Ramesh Hiremath,Male,1967-12-08,58,Nurse,Primary,Divorced,B+,Indian,Bengaluru Rural,PS0071
P000080,Sanjay Desai,Male,2003-07-01,23,Carpenter,Post Graduate,Married,A-,Indian,Ballari,PS0029
P000081,Kavya Naik,Female,1994-03-19,32,Police,Primary,Divorced,O+,Indian,Bidar,PS0169
P000082,Priya Siddiqui,Female,1979-07-10,47,Sales Executive,PhD,Married,AB-,Indian,Bidar,PS0166
P000083,Shreya Shetty,Female,2007-07-24,18,Nurse,Primary,Divorced,B-,Indian,Bidar,PS0192
P000084,Rohit Joshi,Male,1968-11-01,57,Nurse,High School,Widowed,AB-,Indian,Bidar,PS0153
P000085,Anjali Reddy,Female,1955-06-20,71,Electrician,PhD,Divorced,AB+,Indian,Bengaluru Rural,PS0098
P000086,Manoj Reddy,Male,1971-10-24,54,Labour,PhD,Widowed,A-,Indian,Bengaluru Urban,PS0133
P000087,Rohit Kulkarni,Male,2004-09-20,21,Doctor,Graduate,Widowed,A+,Indian,Bengaluru Rural,PS0075
P000088,Shreya Desai,Female,1962-08-07,63,Shop Owner,PUC,Married,O+,Indian,Bidar,PS0155
P000089,Manoj Joshi,Male,1982-01-06,44,Lawyer,PhD,Married,A-,Indian,Bagalkote,PS0020
P000090,Suresh Joshi,Male,1992-10-11,33,Electrician,PhD,Single,AB-,Indian,Bagalkote,PS0011
P000091,Nisha Siddiqui,Female,1999-06-25,27,Unemployed,PUC,Widowed,A-,Indian,Belagavi,PS0056
P000092,Suraj Kumar,Male,1990-07-02,36,Carpenter,Post Graduate,Divorced,O-,Indian,Chamarajanagar,PS0217
P000093,Shreya Siddiqui,Female,1967-03-19,59,Electrician,Graduate,Married,O-,Indian,Bagalkote,PS0023
P000094,Pooja Desai,Female,1983-08-19,42,Electrician,PhD,Married,AB-,Indian,Bengaluru Urban,PS0126
P000095,Asha Desai,Female,1987-09-30,38,Farmer,PUC,Married,A+,Indian,Bidar,PS0171
P000096,Rekha Rao,Female,1994-05-03,32,Electrician,Primary,Widowed,O-,Indian,Chamarajanagar,PS0224
P000097,Chetan Bhat,Male,1976-09-17,49,Lawyer,High School,Widowed,O+,Indian,Bidar,PS0175
P000098,Harish Angadi,Male,1997-12-29,28,Security Guard,Post Graduate,Widowed,A+,Indian,Bagalkote,PS0001
P000099,Rekha Kambali,Female,1962-08-16,63,Farmer,PUC,Divorced,B+,Indian,Bengaluru Rural,PS0088
P000100,Sanjay Siddiqui,Male,1990-11-07,35,Carpenter,Post Graduate,Single,A+,Indian,Bagalkote,PS0019
P000101,Ajay Sharma,Male,2000-10-24,25,Mechanic,PUC,Widowed,AB-,Indian,Bengaluru Rural,PS0082
P000102,Keerthi Hiremath,Female,1999-11-25,26,Teacher,Graduate,Single,O-,Indian,Ballari,PS0031
P000103,Suraj Singh,Male,1962-09-14,63,Farmer,High School,Divorced,AB+,Indian,Bidar,PS0160
P000104,Keerthi Rao,Female,2001-10-01,24,Government Employee,Graduate,Widowed,A-,Indian,Belagavi,PS0051
P000105,Sangeetha Verma,Female,1983-08-12,42,Doctor,Diploma,Single,A-,Indian,Chamarajanagar,PS0203
P000106,Shivakumar Hegde,Male,1964-10-23,61,Driver,PUC,Married,B+,Indian,Chamarajanagar,PS0227
P000107,Harini Singh,Female,1996-06-14,30,Police,Post Graduate,Married,B+,Indian,Chamarajanagar,PS0200
P000108,Bhavya Kumar,Female,1972-09-13,53,Sales Executive,Post Graduate,Widowed,A+,Indian,Bengaluru Rural,PS0104
P000109,Ramesh Joshi,Male,1960-08-12,65,Security Guard,Primary,Married,AB-,Indian,Bengaluru Rural,PS0074
P000110,Lakshmi Verma,Female,1965-03-23,61,Lawyer,PhD,Divorced,O+,Indian,Bengaluru Urban,PS0152
P000111,Preethi Naik,Female,1986-03-19,40,Software Engineer,PhD,Married,AB+,Indian,Belagavi,PS0055
P000112,Darshan Patil,Male,1983-02-05,43,Farmer,PUC,Divorced,A-,Indian,Bengaluru Rural,PS0087
P000113,Prakash Patil,Male,2000-10-29,25,Nurse,Post Graduate,Married,O+,Indian,Ballari,PS0045
P000114,Pooja Poojary,Female,2003-03-18,23,Driver,High School,Widowed,AB+,Indian,Bengaluru Rural,PS0079
P000115,Akash Hegde,Male,1995-06-18,31,Unemployed,No Formal Education,Divorced,A+,Indian,Bidar,PS0166
P000116,Sneha Rao,Female,1989-06-12,37,Shop Owner,PhD,Widowed,O-,Indian,Bagalkote,PS0011
P000117,Rekha Verma,Female,1998-11-04,27,Driver,Primary,Single,B-,Indian,Chamarajanagar,PS0224
P000118,Kavya Joshi,Female,1975-03-04,51,Shop Owner,Diploma,Married,O-,Indian,Chamarajanagar,PS0232
P000119,Harini Pujari,Female,1965-02-26,61,Security Guard,Primary,Divorced,AB-,Indian,Chamarajanagar,PS0210
P000120,Abhishek Verma,Male,2004-01-06,22,Business,Post Graduate,Single,B-,Indian,Ballari,PS0026
P000121,Kusuma Gowda,Female,1995-05-07,31,Lawyer,Graduate,Single,O-,Indian,Bengaluru Rural,PS0098
P000122,Abhishek Sharma,Male,1973-10-30,52,Security Guard,Graduate,Widowed,B+,Indian,Bengaluru Rural,PS0085
P000123,Basavaraj Rao,Male,1973-07-26,52,Engineer,Graduate,Divorced,B+,Indian,Bagalkote,PS0022
P000124,Rekha Bhat,Female,1980-12-15,45,Security Guard,Diploma,Single,B+,Indian,Belagavi,PS0046
P000125,Kavya Joshi,Female,1966-05-20,60,Teacher,PUC,Married,AB-,Indian,Chikkaballapura,PS0242
P000126,Abhishek Desai,Male,1998-11-29,27,Teacher,Diploma,Widowed,O+,Indian,Bengaluru Urban,PS0152
P000127,Divya Siddiqui,Female,1963-05-09,63,Nurse,Diploma,Divorced,O-,Indian,Chamarajanagar,PS0196
P000128,Swathi Hiremath,Female,1955-03-23,71,Doctor,PhD,Divorced,A-,Indian,Bagalkote,PS0022
P000129,Lakshmi Singh,Female,1974-01-02,52,Government Employee,Diploma,Divorced,AB+,Indian,Chamarajanagar,PS0206
P000130,Harini Hiremath,Female,1966-09-19,59,Security Guard,PhD,Divorced,A+,Indian,Chamarajanagar,PS0207
P000131,Kiran Siddiqui,Male,1996-03-25,30,Student,Primary,Married,O-,Indian,Ballari,PS0029
P000132,Priya Singh,Female,1973-02-24,53,Teacher,Diploma,Married,AB+,Indian,Chamarajanagar,PS0193
P000133,Chetan Kulkarni,Male,1977-06-18,49,Doctor,Graduate,Married,A+,Indian,Belagavi,PS0047
P000134,Anitha Bhat,Female,1976-01-03,50,Labour,Primary,Single,A+,Indian,Belagavi,PS0057
P000135,Vinay Reddy,Male,1966-11-27,59,Security Guard,PUC,Widowed,A+,Indian,Bagalkote,PS0022
P000136,Pradeep Hegde,Male,1965-10-26,60,Labour,High School,Widowed,A-,Indian,Bengaluru Urban,PS0148
P000137,Mahesh Reddy,Male,1964-03-10,62,Farmer,Graduate,Divorced,AB+,Indian,Belagavi,PS0069
P000138,Mahesh Patil,Male,1967-10-26,58,Doctor,No Formal Education,Married,O-,Indian,Chamarajanagar,PS0194
P000139,Sangeetha Rao,Female,1968-07-31,57,Labour,PhD,Married,A-,Indian,Bidar,PS0192
P000140,Manoj Naik,Male,2007-11-23,18,Nurse,Graduate,Widowed,AB-,Indian,Chamarajanagar,PS0207
P000141,Vijay Joshi,Male,1962-07-23,64,Police,Diploma,Single,AB+,Indian,Chamarajanagar,PS0200
P000142,Ganesh Angadi,Male,2000-09-17,25,Business,Post Graduate,Divorced,A+,Indian,Bagalkote,PS0008
P000143,Vinay Desai,Male,1965-02-11,61,Police,PhD,Single,A+,Indian,Chikkaballapura,PS0241
P000144,Swathi Patil,Female,1989-09-14,36,Security Guard,Post Graduate,Divorced,B+,Indian,Bidar,PS0155
P000145,Sunitha Reddy,Female,1956-06-30,70,Security Guard,Primary,Single,AB+,Indian,Ballari,PS0028
P000146,Arjun Gowda,Male,1990-09-14,35,Mechanic,Diploma,Widowed,O+,Indian,Bengaluru Urban,PS0110
P000147,Divya Siddiqui,Female,2003-02-20,23,Shop Owner,High School,Divorced,A-,Indian,Bengaluru Urban,PS0144
P000148,Divya Pujari,Female,1973-03-25,53,Teacher,Graduate,Widowed,A-,Indian,Bagalkote,PS0010
P000149,Rekha Singh,Female,1976-05-29,50,Engineer,PUC,Single,O+,Indian,Bidar,PS0171
P000150,Harish Angadi,Male,1959-12-09,66,Electrician,High School,Single,A+,Indian,Chamarajanagar,PS0218
P000151,Pradeep Kumar,Male,1969-09-12,56,Government Employee,Graduate,Divorced,B+,Indian,Chamarajanagar,PS0208
P000152,Sneha Joshi,Female,1965-08-04,60,Student,Graduate,Widowed,AB+,Indian,Ballari,PS0028
P000153,Ajay Hiremath,Male,1961-11-30,64,Government Employee,PhD,Divorced,A+,Indian,Chamarajanagar,PS0231
P000154,Kusuma Hiremath,Female,1969-12-21,56,Software Engineer,High School,Divorced,A-,Indian,Bidar,PS0183
P000155,Vijay Pujari,Male,1955-03-26,71,Engineer,No Formal Education,Married,A+,Indian,Belagavi,PS0051
P000156,Deepa Desai,Female,1968-06-18,58,Driver,No Formal Education,Widowed,B-,Indian,Bengaluru Rural,PS0070
P000157,Nisha Singh,Female,1983-09-14,42,Lawyer,Primary,Divorced,A-,Indian,Bagalkote,PS0015
P000158,Akash Sharma,Male,2001-04-09,25,Engineer,Post Graduate,Single,O-,Indian,Belagavi,PS0052
P000159,Sunitha Bhat,Female,1984-05-12,42,Doctor,PhD,Single,AB-,Indian,Bagalkote,PS0022
P000160,Suraj Hiremath,Male,1982-04-07,44,Unemployed,PUC,Widowed,AB-,Indian,Bidar,PS0159
P000161,Sunitha Rao,Female,2004-01-13,22,Police,High School,Single,O+,Indian,Belagavi,PS0050
P000162,Vijay Kambali,Male,1986-01-29,40,Student,Graduate,Single,O+,Indian,Bengaluru Rural,PS0084
P000163,Anjali Rao,Female,2002-07-13,24,Police,Post Graduate,Widowed,A+,Indian,Bagalkote,PS0016
P000164,Pradeep Joshi,Male,1963-05-07,63,Engineer,PUC,Widowed,AB-,Indian,Bagalkote,PS0015
P000165,Sangeetha Reddy,Female,2007-02-07,19,Farmer,High School,Widowed,A-,Indian,Chikkaballapura,PS0250
P000166,Suresh Patil,Male,1976-03-29,50,Electrician,Diploma,Divorced,O+,Indian,Bengaluru Rural,PS0095
P000167,Swathi Verma,Female,1979-05-26,47,Police,Primary,Married,B+,Indian,Bidar,PS0190
P000168,Manoj Naik,Male,1969-09-30,56,Sales Executive,PhD,Divorced,O+,Indian,Bidar,PS0176
P000169,Ravi Kulkarni,Male,1973-08-17,52,Sales Executive,Diploma,Widowed,AB+,Indian,Bengaluru Rural,PS0102
P000170,Rohit Shetty,Male,1982-04-17,44,Unemployed,No Formal Education,Married,AB-,Indian,Ballari,PS0045
P000171,Rohit Sharma,Male,1986-11-30,39,Nurse,No Formal Education,Divorced,AB+,Indian,Chikkaballapura,PS0242
P000172,Rahul Desai,Male,1995-07-27,30,Shop Owner,PUC,Single,O-,Indian,Bengaluru Urban,PS0147
P000173,Basavaraj Patil,Male,1965-11-23,60,Student,No Formal Education,Married,B+,Indian,Bidar,PS0187
P000174,Siddu Desai,Male,1988-05-24,38,Doctor,Diploma,Single,A+,Indian,Bengaluru Urban,PS0115
P000175,Ramesh Siddiqui,Male,1994-10-13,31,Teacher,Primary,Divorced,A-,Indian,Bengaluru Rural,PS0089
P000176,Harish Gowda,Male,1970-01-26,56,Security Guard,Post Graduate,Widowed,O-,Indian,Bengaluru Rural,PS0097
P000177,Mahesh Singh,Male,1970-07-03,56,Software Engineer,PUC,Married,AB+,Indian,Bengaluru Urban,PS0110
P000178,Keerthi Patil,Female,1958-02-09,68,Unemployed,PUC,Divorced,O-,Indian,Ballari,PS0044
P000179,Harini Poojary,Female,1960-06-21,66,Doctor,Diploma,Widowed,B+,Indian,Bidar,PS0184
P000180,Lakshmi Siddiqui,Female,2002-03-04,24,Police,No Formal Education,Widowed,AB-,Indian,Chamarajanagar,PS0224
P000181,Harini Poojary,Female,1985-11-12,40,Security Guard,Graduate,Widowed,AB+,Indian,Bengaluru Rural,PS0085
P000182,Rahul Hegde,Male,1974-08-25,51,Student,Diploma,Single,O-,Indian,Belagavi,PS0062
P000183,Sunitha Hiremath,Female,1975-11-19,50,Driver,Primary,Married,B-,Indian,Bengaluru Urban,PS0110
P000184,Harini Gowda,Female,1974-09-07,51,Security Guard,Post Graduate,Divorced,B+,Indian,Bidar,PS0174
P000185,Vijay Hiremath,Male,1983-07-13,43,Software Engineer,No Formal Education,Divorced,B+,Indian,Belagavi,PS0050
P000186,Siddu Poojary,Male,2003-08-21,22,Electrician,High School,Widowed,A+,Indian,Bengaluru Urban,PS0128
P000187,Arjun Sharma,Male,1974-08-18,51,Student,PhD,Single,AB-,Indian,Chamarajanagar,PS0205
P000188,Basavaraj Patil,Male,1985-07-27,40,Driver,Graduate,Single,A+,Indian,Chamarajanagar,PS0213
P000189,Sanjay Patil,Male,1964-12-13,61,Mechanic,Graduate,Single,AB-,Indian,Chikkaballapura,PS0236
P000190,Preethi Naik,Female,1985-03-12,41,Electrician,Graduate,Married,B+,Indian,Bengaluru Rural,PS0096
P000191,Vidya Siddiqui,Female,1998-09-16,27,Carpenter,High School,Divorced,B-,Indian,Bengaluru Urban,PS0116
P000192,Mahesh Bhat,Male,1981-06-03,45,Teacher,High School,Single,O+,Indian,Chamarajanagar,PS0214
P000193,Akash Angadi,Male,1983-07-20,43,Unemployed,PUC,Single,O-,Indian,Ballari,PS0045
P000194,Naveen Reddy,Male,1976-05-08,50,Software Engineer,Graduate,Married,A-,Indian,Ballari,PS0030
P000195,Keerthi Kumar,Female,1978-10-17,47,Business,PUC,Single,AB-,Indian,Belagavi,PS0057
P000196,Vidya Naik,Female,1955-02-11,71,Engineer,Post Graduate,Widowed,O+,Indian,Bidar,PS0157
P000197,Suresh Poojary,Male,1988-12-22,37,Software Engineer,Post Graduate,Single,O-,Indian,Bengaluru Urban,PS0121
P000198,Akash Verma,Male,1961-08-12,64,Engineer,Diploma,Single,AB-,Indian,Chamarajanagar,PS0203
P000199,Anjali Reddy,Female,1985-08-31,40,Driver,Post Graduate,Married,A-,Indian,Bagalkote,PS0023
P000200,Naveen Angadi,Male,1998-04-23,28,Student,Post Graduate,Married,O+,Indian,Bengaluru Urban,PS0134
P000201,Arjun Naik,Male,1984-09-14,41,Business,PUC,Widowed,AB+,Indian,Ballari,PS0033
P000202,Megha Sharma,Female,1963-08-09,62,Engineer,Post Graduate,Widowed,B+,Indian,Bidar,PS0161
P000203,Prakash Kumar,Male,1993-05-12,33,Doctor,Diploma,Widowed,B-,Indian,Bidar,PS0156
P000204,Rahul Rao,Male,1970-04-29,56,Electrician,Primary,Widowed,A-,Indian,Belagavi,PS0055
P000205,Vidya Desai,Female,1997-04-01,29,Government Employee,Diploma,Single,O+,Indian,Chamarajanagar,PS0231
P000206,Prakash Desai,Male,1988-02-21,38,Driver,PhD,Single,AB+,Indian,Bengaluru Urban,PS0115
P000207,Keerthi Joshi,Female,1975-04-19,51,Lawyer,No Formal Education,Married,A-,Indian,Bengaluru Rural,PS0075
P000208,Darshan Kulkarni,Male,2003-07-30,22,Labour,PUC,Single,O+,Indian,Chamarajanagar,PS0228
P000209,Harini Poojary,Female,2006-05-19,20,Police,PhD,Divorced,A-,Indian,Bagalkote,PS0013
P000210,Kusuma Gowda,Female,2000-01-17,26,Security Guard,High School,Single,O-,Indian,Belagavi,PS0069
P000211,Akash Rao,Male,1972-04-16,54,Teacher,No Formal Education,Widowed,A-,Indian,Bengaluru Urban,PS0118
P000212,Lakshmi Siddiqui,Female,1968-04-07,58,Unemployed,Diploma,Divorced,A-,Indian,Bagalkote,PS0018
P000213,Mahesh Kambali,Male,1990-08-25,35,Shop Owner,Graduate,Divorced,O-,Indian,Ballari,PS0042
P000214,Basavaraj Angadi,Male,2007-09-18,18,Mechanic,Post Graduate,Single,O+,Indian,Bidar,PS0173
P000215,Manoj Hiremath,Male,2007-09-30,18,Security Guard,Primary,Single,A-,Indian,Bengaluru Rural,PS0105
P000216,Kusuma Kambali,Female,1985-11-06,40,Labour,Diploma,Widowed,O-,Indian,Bidar,PS0181
P000217,Kavya Shetty,Female,1979-09-16,46,Nurse,High School,Widowed,A+,Indian,Bengaluru Urban,PS0143
P000218,Swathi Sharma,Female,1959-06-04,67,Government Employee,Diploma,Divorced,A+,Indian,Bengaluru Urban,PS0146
P000219,Geetha Bhat,Female,1982-11-24,43,Lawyer,PhD,Single,B-,Indian,Bengaluru Rural,PS0091
P000220,Suraj Verma,Male,1983-10-15,42,Lawyer,Post Graduate,Single,B-,Indian,Belagavi,PS0052
P000221,Lakshmi Singh,Female,1998-06-18,28,Mechanic,Graduate,Single,B+,Indian,Bengaluru Urban,PS0123
P000222,Suraj Pujari,Male,1991-03-11,35,Teacher,No Formal Education,Married,B-,Indian,Bagalkote,PS0005
P000223,Siddu Gowda,Male,1977-05-20,49,Engineer,PhD,Single,AB-,Indian,Bidar,PS0180
P000224,Ajay Kulkarni,Male,1996-08-24,29,Mechanic,Post Graduate,Single,A+,Indian,Bengaluru Urban,PS0135
P000225,Prakash Poojary,Male,1995-01-08,31,Driver,PhD,Divorced,AB-,Indian,Bidar,PS0172
P000226,Siddu Joshi,Male,1963-02-09,63,Electrician,No Formal Education,Widowed,A+,Indian,Bidar,PS0158
P000227,Shivakumar Hiremath,Male,1974-03-24,52,Police,PUC,Married,AB+,Indian,Bengaluru Urban,PS0129
P000228,Sowmya Kumar,Female,1955-10-19,70,Government Employee,High School,Married,A+,Indian,Chikkaballapura,PS0238
P000229,Ajay Angadi,Male,1982-05-28,44,Lawyer,Post Graduate,Widowed,AB-,Indian,Bengaluru Urban,PS0135
P000230,Asha Rao,Female,1996-11-13,29,Electrician,Post Graduate,Single,A+,Indian,Ballari,PS0038
P000231,Harini Siddiqui,Female,1980-05-11,46,Electrician,Primary,Widowed,A-,Indian,Bidar,PS0169
P000232,Asha Siddiqui,Female,1984-03-03,42,Lawyer,Diploma,Divorced,B-,Indian,Ballari,PS0037
P000233,Ganesh Sharma,Male,1960-02-04,66,Unemployed,Post Graduate,Divorced,B+,Indian,Ballari,PS0032
P000234,Chetan Poojary,Male,1981-07-09,45,Lawyer,Post Graduate,Widowed,O+,Indian,Chikkaballapura,PS0236
P000235,Sanjay Hiremath,Male,1972-01-15,54,Carpenter,PUC,Widowed,AB-,Indian,Bengaluru Rural,PS0075
P000236,Kusuma Shetty,Female,2005-01-30,21,Driver,Diploma,Single,O-,Indian,Bagalkote,PS0004
P000237,Puneeth Joshi,Male,2005-02-25,21,Driver,Graduate,Single,B-,Indian,Chikkaballapura,PS0238
P000238,Nisha Bhat,Female,1992-09-21,33,Carpenter,Graduate,Divorced,AB+,Indian,Bengaluru Urban,PS0136
P000239,Kusuma Naik,Female,1997-03-19,29,Engineer,Primary,Widowed,B-,Indian,Bidar,PS0167
P000240,Shivakumar Desai,Male,2002-07-14,24,Electrician,Post Graduate,Single,B+,Indian,Bengaluru Rural,PS0070
P000241,Ramesh Hegde,Male,1991-09-17,34,Security Guard,PhD,Married,AB-,Indian,Chamarajanagar,PS0195
P000242,Abhishek Reddy,Male,1998-09-29,27,Carpenter,High School,Divorced,A+,Indian,Chamarajanagar,PS0210
P000243,Harish Joshi,Male,1973-10-14,52,Driver,High School,Widowed,A-,Indian,Bengaluru Urban,PS0145
P000244,Lokesh Singh,Male,1993-07-10,33,Nurse,Post Graduate,Widowed,O+,Indian,Bidar,PS0185
P000245,Arjun Kambali,Male,1972-11-21,53,Software Engineer,No Formal Education,Divorced,B-,Indian,Bagalkote,PS0010
P000246,Darshan Kumar,Male,1977-04-28,49,Police,Graduate,Divorced,B+,Indian,Bagalkote,PS0010
P000247,Mahesh Pujari,Male,2007-10-24,18,Electrician,High School,Single,A+,Indian,Bidar,PS0168
P000248,Megha Verma,Female,2001-09-04,24,Unemployed,Graduate,Widowed,B+,Indian,Bidar,PS0160
P000249,Nandini Kulkarni,Female,1971-11-27,54,Driver,Post Graduate,Single,B-,Indian,Chamarajanagar,PS0210
P000250,Puneeth Patil,Male,1973-12-12,52,Student,High School,Single,AB-,Indian,Bagalkote,PS0014
P000251,Mahesh Siddiqui,Male,1977-12-12,48,Shop Owner,No Formal Education,Single,A-,Indian,Belagavi,PS0064
P000252,Arjun Naik,Male,1992-05-22,34,Sales Executive,Post Graduate,Single,AB+,Indian,Bengaluru Rural,PS0072
P000253,Rekha Patil,Female,1973-06-08,53,Student,Diploma,Widowed,A-,Indian,Chamarajanagar,PS0196
P000254,Radhika Angadi,Female,1967-04-22,59,Labour,Primary,Single,AB+,Indian,Bidar,PS0169
P000255,Basavaraj Naik,Male,1999-08-27,26,Business,PUC,Divorced,B-,Indian,Chikkaballapura,PS0248
P000256,Rekha Singh,Female,1981-07-01,45,Driver,No Formal Education,Widowed,B-,Indian,Bidar,PS0184
P000257,Swathi Sharma,Female,1955-03-31,71,Student,Primary,Single,O-,Indian,Bengaluru Urban,PS0136
P000258,Rohit Pujari,Male,1961-09-25,64,Farmer,Diploma,Married,O-,Indian,Ballari,PS0032
P000259,Asha Verma,Female,1959-06-30,67,Farmer,High School,Single,AB+,Indian,Bengaluru Urban,PS0136
P000260,Vidya Hegde,Female,1993-03-21,33,Farmer,Primary,Single,A+,Indian,Bengaluru Rural,PS0096
P000261,Darshan Siddiqui,Male,1970-04-19,56,Carpenter,Graduate,Widowed,AB+,Indian,Bengaluru Rural,PS0072
P000262,Prakash Hegde,Male,1971-05-29,55,Farmer,Post Graduate,Widowed,O-,Indian,Bengaluru Rural,PS0107
P000263,Geetha Desai,Female,1997-11-27,28,Labour,High School,Single,B+,Indian,Bengaluru Rural,PS0089
P000264,Shivakumar Shetty,Male,1964-04-21,62,Labour,PhD,Widowed,B+,Indian,Belagavi,PS0062
P000265,Sunitha Kulkarni,Female,1957-08-02,68,Teacher,PhD,Widowed,A-,Indian,Belagavi,PS0054
P000266,Keerthi Gowda,Female,1960-09-06,65,Lawyer,Graduate,Single,B-,Indian,Bengaluru Urban,PS0146
P000267,Sowmya Pujari,Female,1963-07-18,63,Labour,PUC,Widowed,AB-,Indian,Chamarajanagar,PS0220
P000268,Sneha Kambali,Female,1959-11-24,66,Student,High School,Widowed,O-,Indian,Chamarajanagar,PS0211
P000269,Rohit Poojary,Male,1983-10-07,42,Police,Graduate,Divorced,A+,Indian,Bengaluru Urban,PS0148
P000270,Ravi Siddiqui,Male,1988-12-20,37,Nurse,PUC,Single,O-,Indian,Chamarajanagar,PS0209
P000271,Vidya Hiremath,Female,1995-03-15,31,Doctor,PhD,Widowed,AB-,Indian,Ballari,PS0039
P000272,Vinay Siddiqui,Male,1956-08-05,69,Farmer,Post Graduate,Widowed,A+,Indian,Bengaluru Urban,PS0141
P000273,Siddu Reddy,Male,1982-04-30,44,Mechanic,PUC,Widowed,AB-,Indian,Bengaluru Urban,PS0124
P000274,Geetha Gowda,Female,1974-12-31,51,Sales Executive,Graduate,Widowed,AB-,Indian,Belagavi,PS0064
P000275,Anjali Naik,Female,1974-11-23,51,Student,Graduate,Divorced,AB+,Indian,Bengaluru Urban,PS0132
P000276,Rekha Naik,Female,1959-02-09,67,Driver,PhD,Married,O+,Indian,Chamarajanagar,PS0217
P000277,Ajay Angadi,Male,1972-07-29,53,Business,Primary,Widowed,B-,Indian,Chikkaballapura,PS0247
P000278,Geetha Rao,Female,1985-04-26,41,Farmer,Post Graduate,Single,A-,Indian,Bidar,PS0190
P000279,Keerthi Hiremath,Female,2000-03-26,26,Teacher,PhD,Single,A+,Indian,Bengaluru Rural,PS0078
P000280,Geetha Hiremath,Female,1998-04-29,28,Mechanic,High School,Married,B+,Indian,Chamarajanagar,PS0212
P000281,Mahesh Angadi,Male,1983-11-16,42,Mechanic,Post Graduate,Widowed,B-,Indian,Belagavi,PS0055
P000282,Bhavya Hegde,Female,1981-05-23,45,Sales Executive,High School,Married,O+,Indian,Bengaluru Rural,PS0107
P000283,Geetha Kambali,Female,1983-03-01,43,Shop Owner,PUC,Married,B-,Indian,Chamarajanagar,PS0215
P000284,Roopa Kulkarni,Female,1966-11-26,59,Driver,Graduate,Single,AB-,Indian,Chamarajanagar,PS0233
P000285,Preethi Hiremath,Female,1992-06-14,34,Shop Owner,Diploma,Widowed,A+,Indian,Bengaluru Rural,PS0076
P000286,Rahul Desai,Male,1968-01-15,58,Engineer,No Formal Education,Married,AB+,Indian,Bengaluru Rural,PS0072
P000287,Suraj Joshi,Male,1968-02-20,58,Engineer,Diploma,Married,A+,Indian,Chamarajanagar,PS0227
P000288,Geetha Verma,Female,1964-03-12,62,Unemployed,PUC,Widowed,B-,Indian,Belagavi,PS0063
P000289,Rekha Gowda,Female,1989-03-26,37,Nurse,Post Graduate,Divorced,A+,Indian,Bengaluru Urban,PS0116
P000290,Puneeth Joshi,Male,1973-03-21,53,Unemployed,PhD,Married,AB-,Indian,Bidar,PS0186
P000291,Abhishek Rao,Male,1981-05-23,45,Sales Executive,High School,Single,B+,Indian,Bengaluru Rural,PS0095
P000292,Puneeth Pujari,Male,1965-09-15,60,Nurse,No Formal Education,Widowed,AB+,Indian,Bengaluru Rural,PS0079
P000293,Sneha Shetty,Female,2007-05-24,19,Lawyer,No Formal Education,Divorced,O-,Indian,Chikkaballapura,PS0236
P000294,Arjun Patil,Male,1983-12-11,42,Unemployed,No Formal Education,Divorced,O-,Indian,Bagalkote,PS0012
P000295,Divya Hegde,Female,2002-02-19,24,Police,High School,Single,B+,Indian,Bengaluru Rural,PS0098
P000296,Harini Kambali,Female,1991-03-12,35,Doctor,Graduate,Married,B-,Indian,Bagalkote,PS0011
P000297,Swathi Kulkarni,Female,1981-05-03,45,Business,PhD,Single,A-,Indian,Bagalkote,PS0010
P000298,Keerthi Sharma,Female,1976-11-15,49,Engineer,Graduate,Widowed,A-,Indian,Bagalkote,PS0017
P000299,Asha Kambali,Female,1980-05-16,46,Student,Graduate,Widowed,O-,Indian,Bagalkote,PS0004
P000300,Suraj Siddiqui,Male,1972-04-09,54,Carpenter,Primary,Single,B+,Indian,Chamarajanagar,PS0199
P000301,Chetan Reddy,Male,1973-11-28,52,Business,Post Graduate,Single,B-,Indian,Chikkaballapura,PS0250
P000302,Anitha Reddy,Female,1968-10-17,57,Student,PhD,Divorced,A+,Indian,Chamarajanagar,PS0203
P000303,Rohit Gowda,Male,1970-12-20,55,Lawyer,Primary,Married,AB+,Indian,Chikkaballapura,PS0236
P000304,Bhavya Verma,Female,1991-04-14,35,Labour,Graduate,Single,O+,Indian,Bagalkote,PS0019
P000305,Ravi Kumar,Male,1960-09-03,65,Security Guard,No Formal Education,Single,AB-,Indian,Chamarajanagar,PS0201
P000306,Suraj Bhat,Male,1962-10-05,63,Electrician,PhD,Widowed,O+,Indian,Bengaluru Urban,PS0111
P000307,Vinay Shetty,Male,2002-11-10,23,Police,High School,Widowed,AB+,Indian,Bengaluru Urban,PS0113
P000308,Suraj Siddiqui,Male,1988-06-22,38,Student,High School,Single,A+,Indian,Bagalkote,PS0011
P000309,Sanjay Angadi,Male,1990-05-10,36,Shop Owner,Primary,Divorced,B-,Indian,Bengaluru Rural,PS0107
P000310,Lakshmi Singh,Female,2000-12-25,25,Teacher,High School,Married,B-,Indian,Bengaluru Rural,PS0108
P000311,Lakshmi Naik,Female,1971-04-09,55,Security Guard,No Formal Education,Widowed,A-,Indian,Bengaluru Urban,PS0113
P000312,Roopa Reddy,Female,1977-06-28,49,Farmer,PUC,Widowed,AB-,Indian,Bengaluru Urban,PS0117
P000313,Sneha Siddiqui,Female,1976-01-16,50,Farmer,Diploma,Single,B-,Indian,Bidar,PS0173
P000314,Nandini Verma,Female,1984-06-16,42,Unemployed,Diploma,Married,AB-,Indian,Bidar,PS0178
P000315,Shreya Shetty,Female,1955-06-08,71,Carpenter,PUC,Married,O+,Indian,Ballari,PS0032
P000316,Geetha Kulkarni,Female,1967-01-18,59,Carpenter,PhD,Widowed,O-,Indian,Belagavi,PS0049
P000317,Sunitha Bhat,Female,1998-09-09,27,Shop Owner,Primary,Married,A-,Indian,Ballari,PS0045
P000318,Kusuma Patil,Female,2003-04-28,23,Business,Diploma,Single,A-,Indian,Belagavi,PS0067
P000319,Shivakumar Pujari,Male,1957-10-19,68,Security Guard,Post Graduate,Married,A+,Indian,Bengaluru Rural,PS0089
P000320,Harini Kambali,Female,1997-05-09,29,Teacher,Graduate,Widowed,B-,Indian,Bengaluru Rural,PS0092
P000321,Sneha Verma,Female,1999-12-16,26,Mechanic,Primary,Widowed,AB-,Indian,Bengaluru Urban,PS0115
P000322,Darshan Sharma,Male,1969-11-17,56,Mechanic,High School,Widowed,B+,Indian,Bengaluru Urban,PS0143
P000323,Sanjay Hiremath,Male,1968-02-12,58,Government Employee,Graduate,Single,B-,Indian,Bengaluru Rural,PS0087
P000324,Nisha Reddy,Female,1978-09-19,47,Software Engineer,PUC,Single,B-,Indian,Bidar,PS0166
P000325,Bhavya Poojary,Female,1995-10-15,30,Engineer,No Formal Education,Divorced,A-,Indian,Bengaluru Rural,PS0070
P000326,Geetha Joshi,Female,2006-11-29,19,Shop Owner,High School,Widowed,O+,Indian,Bengaluru Urban,PS0143
P000327,Preethi Siddiqui,Female,1961-12-25,64,Mechanic,Diploma,Widowed,B-,Indian,Bengaluru Urban,PS0150
P000328,Deepa Kulkarni,Female,1998-09-05,27,Government Employee,No Formal Education,Married,O-,Indian,Bengaluru Urban,PS0124
P000329,Vijay Reddy,Male,2001-02-28,25,Lawyer,PUC,Married,B+,Indian,Chamarajanagar,PS0209
P000330,Prakash Angadi,Male,1965-08-13,60,Police,Post Graduate,Divorced,A-,Indian,Belagavi,PS0050
P000331,Roopa Poojary,Female,1997-12-22,28,Business,High School,Widowed,A+,Indian,Bengaluru Urban,PS0136
P000332,Arjun Patil,Male,2006-06-14,20,Security Guard,High School,Married,A+,Indian,Chamarajanagar,PS0193
P000333,Arjun Shetty,Male,1978-03-03,48,Driver,Post Graduate,Single,AB+,Indian,Bagalkote,PS0020
P000334,Ramesh Verma,Male,1997-04-17,29,Government Employee,High School,Married,O+,Indian,Chamarajanagar,PS0197
P000335,Basavaraj Hiremath,Male,1971-04-26,55,Unemployed,Diploma,Married,AB-,Indian,Bagalkote,PS0018
P000336,Radhika Hiremath,Female,1961-03-05,65,Police,Post Graduate,Widowed,B+,Indian,Belagavi,PS0052
P000337,Rahul Rao,Male,2001-11-23,24,Mechanic,Post Graduate,Married,A-,Indian,Bengaluru Urban,PS0149
P000338,Vinay Angadi,Male,1958-07-03,68,Shop Owner,Primary,Single,O-,Indian,Bengaluru Rural,PS0094
P000339,Lokesh Kambali,Male,1955-02-09,71,Labour,Post Graduate,Divorced,A+,Indian,Bengaluru Rural,PS0098
P000340,Nisha Poojary,Female,1989-03-15,37,Software Engineer,Primary,Widowed,B+,Indian,Bidar,PS0156
P000341,Nandini Sharma,Female,1962-07-09,64,Electrician,Post Graduate,Divorced,B-,Indian,Chikkaballapura,PS0237
P000342,Pradeep Kumar,Male,2006-11-08,19,Mechanic,Primary,Single,O+,Indian,Bengaluru Urban,PS0113
P000343,Pradeep Hegde,Male,1991-09-06,34,Software Engineer,Primary,Married,O+,Indian,Chamarajanagar,PS0227
P000344,Asha Kambali,Female,1992-12-31,33,Security Guard,Graduate,Divorced,O+,Indian,Bengaluru Urban,PS0151
P000345,Suresh Kambali,Male,2005-01-08,21,Government Employee,High School,Divorced,O-,Indian,Chamarajanagar,PS0234
P000346,Megha Hiremath,Female,1985-11-22,40,Nurse,High School,Single,B-,Indian,Belagavi,PS0049
P000347,Vidya Shetty,Female,1963-12-30,62,Business,Post Graduate,Divorced,A+,Indian,Bagalkote,PS0016
P000348,Mahesh Siddiqui,Male,1955-06-23,71,Doctor,High School,Widowed,O+,Indian,Bidar,PS0179
P000349,Rohit Joshi,Male,1974-11-23,51,Software Engineer,Primary,Single,O+,Indian,Bengaluru Urban,PS0113
P000350,Radhika Siddiqui,Female,2001-09-28,24,Electrician,No Formal Education,Married,O-,Indian,Bidar,PS0183
P000351,Priya Rao,Female,2001-06-26,25,Electrician,PUC,Single,B-,Indian,Bengaluru Rural,PS0089
P000352,Darshan Gowda,Male,1987-04-10,39,Police,No Formal Education,Married,A-,Indian,Chikkaballapura,PS0248
P000353,Sunitha Desai,Female,1986-09-06,39,Nurse,Post Graduate,Married,A+,Indian,Bagalkote,PS0014
P000354,Rohit Kambali,Male,1980-07-10,46,Shop Owner,Graduate,Divorced,AB+,Indian,Bidar,PS0170
P000355,Lokesh Rao,Male,1995-10-19,30,Nurse,No Formal Education,Divorced,B+,Indian,Belagavi,PS0049
P000356,Sowmya Naik,Female,2005-02-12,21,Doctor,Diploma,Divorced,A-,Indian,Bidar,PS0184
P000357,Harini Hiremath,Female,1977-06-10,49,Sales Executive,Post Graduate,Widowed,B-,Indian,Chamarajanagar,PS0216
P000358,Sunitha Verma,Female,1996-05-01,30,Security Guard,No Formal Education,Widowed,A-,Indian,Bengaluru Urban,PS0124
P000359,Divya Desai,Female,1974-10-09,51,Police,Graduate,Widowed,AB-,Indian,Bidar,PS0163
P000360,Pradeep Joshi,Male,1977-04-09,49,Electrician,Primary,Widowed,AB-,Indian,Belagavi,PS0057
P000361,Ravi Shetty,Male,1997-10-02,28,Carpenter,Graduate,Married,AB+,Indian,Chikkaballapura,PS0250
P000362,Puneeth Rao,Male,1999-10-08,26,Business,PUC,Married,AB+,Indian,Chamarajanagar,PS0196
P000363,Vijay Rao,Male,1977-05-27,49,Unemployed,Graduate,Married,A-,Indian,Bengaluru Rural,PS0096
P000364,Rohit Poojary,Male,1955-08-06,70,Shop Owner,No Formal Education,Widowed,AB-,Indian,Chamarajanagar,PS0233
P000365,Nandini Hiremath,Female,1979-08-25,46,Government Employee,High School,Divorced,O+,Indian,Ballari,PS0044
P000366,Abhishek Hiremath,Male,1966-07-04,60,Engineer,Post Graduate,Widowed,A+,Indian,Bengaluru Rural,PS0085
P000367,Bhavya Shetty,Female,1996-01-07,30,Farmer,PhD,Divorced,A+,Indian,Chamarajanagar,PS0212
P000368,Darshan Rao,Male,1989-01-15,37,Security Guard,Primary,Divorced,AB-,Indian,Belagavi,PS0050
P000369,Pooja Kambali,Female,1978-08-01,47,Police,Diploma,Widowed,AB-,Indian,Chamarajanagar,PS0205
P000370,Pooja Poojary,Female,1993-01-12,33,Business,Post Graduate,Divorced,AB-,Indian,Bengaluru Rural,PS0081
P000371,Asha Verma,Female,1971-02-20,55,Security Guard,High School,Married,A-,Indian,Bagalkote,PS0007
P000372,Vidya Sharma,Female,2004-10-27,21,Labour,Post Graduate,Married,B+,Indian,Bidar,PS0156
P000373,Vinay Kumar,Male,1970-11-05,55,Labour,PhD,Married,AB-,Indian,Chikkaballapura,PS0250
P000374,Megha Joshi,Female,2005-06-07,21,Security Guard,No Formal Education,Widowed,A-,Indian,Bidar,PS0174
P000375,Arjun Rao,Male,1977-10-24,48,Government Employee,Primary,Widowed,AB-,Indian,Bengaluru Urban,PS0133
P000376,Deepa Kulkarni,Female,2005-04-09,21,Shop Owner,Diploma,Divorced,A+,Indian,Bengaluru Rural,PS0101
P000377,Anjali Kulkarni,Female,1972-11-06,53,Security Guard,High School,Divorced,AB-,Indian,Bagalkote,PS0003
P000378,Roopa Pujari,Female,1998-09-26,27,Sales Executive,Primary,Widowed,AB+,Indian,Bidar,PS0191
P000379,Anitha Patil,Female,1970-01-13,56,Carpenter,Post Graduate,Widowed,A-,Indian,Chikkaballapura,PS0239
P000380,Akash Hegde,Male,1975-06-23,51,Carpenter,Graduate,Divorced,AB+,Indian,Bidar,PS0169
P000381,Asha Verma,Female,1987-08-01,38,Security Guard,PhD,Widowed,B+,Indian,Belagavi,PS0060
P000382,Shivakumar Kumar,Male,1966-03-21,60,Police,Diploma,Single,B-,Indian,Bidar,PS0158
P000383,Mahesh Naik,Male,1963-07-29,62,Doctor,PhD,Single,A+,Indian,Chamarajanagar,PS0199
P000384,Sowmya Reddy,Female,1964-04-28,62,Lawyer,High School,Single,O+,Indian,Bagalkote,PS0007
P000385,Nisha Sharma,Female,1980-06-29,46,Sales Executive,High School,Married,B+,Indian,Bagalkote,PS0014
P000386,Arjun Kulkarni,Male,1984-03-05,42,Government Employee,PhD,Divorced,O-,Indian,Bengaluru Urban,PS0135
P000387,Pradeep Kambali,Male,1970-11-19,55,Security Guard,PhD,Widowed,AB+,Indian,Bengaluru Urban,PS0152
P000388,Nandini Kambali,Female,1975-05-18,51,Doctor,PhD,Divorced,AB-,Indian,Bagalkote,PS0006
P000389,Asha Patil,Female,1982-03-27,44,Student,No Formal Education,Married,AB-,Indian,Chamarajanagar,PS0229
P000390,Nandini Kambali,Female,1955-09-30,70,Government Employee,PhD,Divorced,A+,Indian,Chikkaballapura,PS0244
P000391,Vidya Bhat,Female,1975-09-29,50,Student,Graduate,Married,O+,Indian,Bagalkote,PS0004
P000392,Bhavya Sharma,Female,1969-08-25,56,Nurse,Post Graduate,Married,AB+,Indian,Bagalkote,PS0006
P000393,Suresh Siddiqui,Male,1976-06-28,50,Mechanic,Diploma,Divorced,AB+,Indian,Bengaluru Urban,PS0149
P000394,Lakshmi Reddy,Female,1971-05-14,55,Teacher,Diploma,Single,O-,Indian,Bagalkote,PS0008
P000395,Asha Angadi,Female,1999-02-20,27,Business,Graduate,Single,B+,Indian,Bengaluru Urban,PS0114
P000396,Ravi Kumar,Male,1971-09-06,54,Farmer,Diploma,Divorced,B+,Indian,Bidar,PS0176
P000397,Sangeetha Kumar,Female,1975-11-20,50,Doctor,High School,Single,O-,Indian,Bengaluru Rural,PS0092
P000398,Naveen Singh,Male,1982-12-14,43,Government Employee,Graduate,Widowed,A+,Indian,Chamarajanagar,PS0203
P000399,Divya Patil,Female,1960-01-11,66,Lawyer,Post Graduate,Single,O-,Indian,Bengaluru Urban,PS0126
P000400,Ramesh Joshi,Male,1989-03-26,37,Student,Primary,Married,O+,Indian,Bengaluru Rural,PS0094
P000401,Nisha Gowda,Female,1972-11-13,53,Sales Executive,Primary,Married,O-,Indian,Ballari,PS0033
P000402,Roopa Bhat,Female,1983-12-26,42,Driver,No Formal Education,Single,AB+,Indian,Chamarajanagar,PS0198
P000403,Anitha Bhat,Female,1972-10-29,53,Software Engineer,No Formal Education,Married,A-,Indian,Bengaluru Urban,PS0151
P000404,Chetan Singh,Male,1984-02-11,42,Student,High School,Divorced,A-,Indian,Bengaluru Urban,PS0121
P000405,Vidya Sharma,Female,1955-10-20,70,Engineer,PhD,Married,AB-,Indian,Chamarajanagar,PS0195
P000406,Vijay Shetty,Male,1999-11-07,26,Doctor,Graduate,Single,A+,Indian,Bidar,PS0166
P000407,Anitha Patil,Female,2003-02-13,23,Farmer,High School,Widowed,B-,Indian,Bidar,PS0173
P000408,Harini Siddiqui,Female,1986-02-27,40,Sales Executive,PUC,Single,O+,Indian,Chamarajanagar,PS0197
P000409,Sangeetha Patil,Female,1977-06-28,49,Engineer,PhD,Widowed,AB+,Indian,Bagalkote,PS0022
P000410,Lakshmi Hiremath,Female,1971-09-29,54,Shop Owner,Graduate,Divorced,O-,Indian,Bidar,PS0159
P000411,Kusuma Angadi,Female,2004-09-30,21,Driver,Primary,Married,O-,Indian,Bagalkote,PS0014
P000412,Geetha Joshi,Female,2003-08-04,22,Software Engineer,PhD,Single,O+,Indian,Bengaluru Urban,PS0136
P000413,Rahul Angadi,Male,1987-08-31,38,Unemployed,PUC,Divorced,A-,Indian,Bengaluru Urban,PS0116
P000414,Lakshmi Pujari,Female,1999-08-21,26,Shop Owner,High School,Divorced,AB-,Indian,Chamarajanagar,PS0216
P000415,Anitha Hegde,Female,1964-11-28,61,Farmer,Primary,Single,B+,Indian,Bengaluru Rural,PS0085
P000416,Shivakumar Gowda,Male,1973-02-16,53,Farmer,PhD,Married,A-,Indian,Bengaluru Urban,PS0117
P000417,Sanjay Siddiqui,Male,1989-11-11,36,Government Employee,Diploma,Single,AB-,Indian,Bengaluru Rural,PS0072
P000418,Lokesh Reddy,Male,1956-03-04,70,Business,PhD,Single,O-,Indian,Bagalkote,PS0017
P000419,Prakash Kambali,Male,1992-04-25,34,Software Engineer,No Formal Education,Divorced,A+,Indian,Bengaluru Rural,PS0076
P000420,Siddu Bhat,Male,1961-12-28,64,Business,Primary,Single,B-,Indian,Chamarajanagar,PS0215
P000421,Lakshmi Rao,Female,2002-03-17,24,Police,High School,Widowed,A-,Indian,Chamarajanagar,PS0213
P000422,Roopa Verma,Female,1993-04-25,33,Farmer,High School,Married,O+,Indian,Chikkaballapura,PS0250
P000423,Roopa Shetty,Female,2002-11-24,23,Unemployed,PhD,Divorced,AB-,Indian,Bengaluru Urban,PS0126
P000424,Kusuma Kulkarni,Female,1991-12-29,34,Labour,Graduate,Married,B-,Indian,Chamarajanagar,PS0195
P000425,Sunitha Kambali,Female,1977-10-17,48,Software Engineer,PhD,Widowed,O+,Indian,Bengaluru Urban,PS0128
P000426,Puneeth Gowda,Male,1980-07-09,46,Unemployed,No Formal Education,Married,AB+,Indian,Bidar,PS0187
P000427,Suraj Sharma,Male,1974-04-10,52,Carpenter,No Formal Education,Divorced,B+,Indian,Chikkaballapura,PS0237
P000428,Arjun Verma,Male,1986-11-28,39,Teacher,High School,Divorced,AB-,Indian,Chikkaballapura,PS0249
P000429,Vijay Joshi,Male,1981-12-10,44,Doctor,Post Graduate,Married,A-,Indian,Ballari,PS0032
P000430,Vidya Poojary,Female,1970-07-06,56,Government Employee,Primary,Divorced,A+,Indian,Bengaluru Rural,PS0089
P000431,Divya Gowda,Female,1984-12-31,41,Software Engineer,Post Graduate,Widowed,A-,Indian,Bengaluru Rural,PS0082
P000432,Puneeth Siddiqui,Male,1956-01-10,70,Nurse,No Formal Education,Divorced,A+,Indian,Chamarajanagar,PS0206
P000433,Harini Hiremath,Female,1968-06-02,58,Carpenter,PUC,Married,A+,Indian,Chamarajanagar,PS0195
P000434,Keerthi Angadi,Female,2006-08-10,19,Mechanic,Primary,Married,O+,Indian,Bengaluru Urban,PS0138
P000435,Vidya Desai,Female,1968-04-12,58,Teacher,Graduate,Single,O-,Indian,Chikkaballapura,PS0247
P000436,Ravi Desai,Male,1978-07-22,48,Doctor,Post Graduate,Widowed,B+,Indian,Bengaluru Rural,PS0090
P000437,Vinay Kambali,Male,1972-10-09,53,Government Employee,Post Graduate,Married,B-,Indian,Chamarajanagar,PS0234
P000438,Rohit Joshi,Male,1993-08-01,32,Carpenter,Primary,Single,O+,Indian,Bidar,PS0160
P000439,Deepa Kulkarni,Female,1972-02-02,54,Carpenter,Graduate,Single,AB+,Indian,Ballari,PS0032
P000440,Prakash Angadi,Male,1994-09-03,31,Unemployed,High School,Widowed,A+,Indian,Belagavi,PS0056
P000441,Ramesh Kulkarni,Male,1968-12-29,57,Doctor,Primary,Single,B-,Indian,Bagalkote,PS0008
P000442,Shivakumar Bhat,Male,1956-03-26,70,Carpenter,Primary,Divorced,O-,Indian,Bidar,PS0171
P000443,Priya Hegde,Female,1973-10-01,52,Shop Owner,PUC,Married,AB+,Indian,Bagalkote,PS0025
P000444,Radhika Patil,Female,1956-08-25,69,Nurse,No Formal Education,Divorced,B+,Indian,Bidar,PS0166
P000445,Suraj Rao,Male,1979-05-04,47,Engineer,PhD,Single,A-,Indian,Bengaluru Rural,PS0083
P000446,Roopa Joshi,Female,1987-04-26,39,Farmer,No Formal Education,Divorced,O+,Indian,Belagavi,PS0049
P000447,Mahesh Pujari,Male,1963-12-08,62,Carpenter,PhD,Single,B+,Indian,Bengaluru Rural,PS0100
P000448,Ganesh Verma,Male,2005-04-20,21,Student,No Formal Education,Married,AB+,Indian,Ballari,PS0036
P000449,Nandini Desai,Female,1969-01-31,57,Student,Graduate,Divorced,AB-,Indian,Bengaluru Urban,PS0125
P000450,Nisha Pujari,Female,1979-10-01,46,Engineer,Diploma,Widowed,A+,Indian,Belagavi,PS0066
P000451,Nisha Patil,Female,1985-08-30,40,Nurse,High School,Single,O+,Indian,Chamarajanagar,PS0224
P000452,Suresh Sharma,Male,2006-05-25,20,Teacher,Post Graduate,Divorced,AB-,Indian,Chamarajanagar,PS0233
P000453,Harini Patil,Female,1973-07-20,53,Teacher,PUC,Married,AB+,Indian,Bagalkote,PS0005
P000454,Suresh Patil,Male,2005-09-03,20,Driver,Graduate,Single,A-,Indian,Belagavi,PS0062
P000455,Naveen Patil,Male,1957-08-24,68,Carpenter,Post Graduate,Widowed,AB+,Indian,Chikkaballapura,PS0248
P000456,Sangeetha Siddiqui,Female,1979-07-25,46,Teacher,PUC,Single,B+,Indian,Chamarajanagar,PS0227
P000457,Rahul Angadi,Male,1978-12-10,47,Unemployed,PUC,Married,B-,Indian,Bidar,PS0186
P000458,Prakash Reddy,Male,1997-10-04,28,Teacher,PhD,Divorced,B+,Indian,Belagavi,PS0056
P000459,Nandini Poojary,Female,1967-05-04,59,Driver,PUC,Married,A+,Indian,Chamarajanagar,PS0233
P000460,Sunitha Kumar,Female,1979-03-18,47,Labour,PUC,Married,B-,Indian,Bagalkote,PS0020
P000461,Akash Verma,Male,1998-12-15,27,Carpenter,PhD,Married,O+,Indian,Chamarajanagar,PS0210
P000462,Sunitha Gowda,Female,1989-02-15,37,Carpenter,Post Graduate,Single,A-,Indian,Bengaluru Rural,PS0093
P000463,Keerthi Gowda,Female,1977-01-16,49,Mechanic,Post Graduate,Single,O+,Indian,Chikkaballapura,PS0240
P000464,Ramesh Bhat,Male,1994-06-08,32,Nurse,Diploma,Divorced,O-,Indian,Bengaluru Rural,PS0094
P000465,Suresh Bhat,Male,1959-11-23,66,Mechanic,High School,Widowed,O-,Indian,Ballari,PS0031
P000466,Puneeth Pujari,Male,1965-02-25,61,Driver,High School,Widowed,O+,Indian,Bengaluru Urban,PS0121
P000467,Keerthi Kumar,Female,1971-01-18,55,Sales Executive,PUC,Widowed,A-,Indian,Belagavi,PS0059
P000468,Swathi Siddiqui,Female,1969-09-17,56,Farmer,Primary,Single,O-,Indian,Bengaluru Rural,PS0084
P000469,Divya Pujari,Female,1989-06-16,37,Mechanic,High School,Widowed,O+,Indian,Bengaluru Rural,PS0090
P000470,Abhishek Shetty,Male,1985-01-26,41,Security Guard,High School,Married,B+,Indian,Bidar,PS0157
P000471,Abhishek Gowda,Male,1992-08-22,33,Electrician,Diploma,Widowed,AB+,Indian,Chamarajanagar,PS0227
P000472,Kiran Patil,Male,1973-03-14,53,Student,Diploma,Single,O-,Indian,Bidar,PS0160
P000473,Kusuma Poojary,Female,2003-10-05,22,Student,PhD,Married,B-,Indian,Bidar,PS0161
P000474,Keerthi Singh,Female,1994-08-23,31,Doctor,No Formal Education,Married,AB+,Indian,Bidar,PS0179
P000475,Arjun Shetty,Male,1968-04-20,58,Engineer,Graduate,Single,B+,Indian,Bengaluru Rural,PS0079
P000476,Darshan Hiremath,Male,1981-10-10,44,Carpenter,Primary,Single,A-,Indian,Chamarajanagar,PS0212
P000477,Pooja Shetty,Female,1980-07-06,46,Unemployed,High School,Widowed,AB-,Indian,Belagavi,PS0046
P000478,Rohit Bhat,Male,1983-12-18,42,Software Engineer,Post Graduate,Single,O+,Indian,Bagalkote,PS0018
P000479,Suraj Poojary,Male,1967-01-26,59,Farmer,Diploma,Divorced,O+,Indian,Belagavi,PS0052
P000480,Pradeep Rao,Male,1960-03-21,66,Farmer,Primary,Widowed,AB+,Indian,Bengaluru Rural,PS0096
P000481,Radhika Hegde,Female,1978-04-18,48,Mechanic,Graduate,Married,O-,Indian,Ballari,PS0038
P000482,Nandini Shetty,Female,1975-11-17,50,Electrician,PUC,Single,A-,Indian,Chamarajanagar,PS0217
P000483,Harish Siddiqui,Male,1965-07-31,60,Business,Post Graduate,Widowed,A+,Indian,Bidar,PS0182
P000484,Deepa Kambali,Female,1974-01-18,52,Student,PUC,Divorced,AB+,Indian,Belagavi,PS0068
P000485,Suraj Bhat,Male,2000-06-16,26,Shop Owner,Graduate,Single,A-,Indian,Bengaluru Urban,PS0130
P000486,Swathi Desai,Female,2006-01-15,20,Unemployed,No Formal Education,Married,B-,Indian,Ballari,PS0042
P000487,Geetha Hegde,Female,1997-12-25,28,Government Employee,No Formal Education,Married,O-,Indian,Ballari,PS0044
P000488,Chetan Verma,Male,2003-03-05,23,Carpenter,PhD,Widowed,A+,Indian,Belagavi,PS0059
P000489,Preethi Hegde,Female,2004-10-22,21,Shop Owner,No Formal Education,Married,AB-,Indian,Bidar,PS0187
P000490,Divya Patil,Female,1980-02-29,46,Student,Graduate,Widowed,B+,Indian,Ballari,PS0044
P000491,Pooja Angadi,Female,1965-06-25,61,Electrician,Graduate,Single,AB+,Indian,Bengaluru Rural,PS0085
P000492,Divya Poojary,Female,1976-04-27,50,Software Engineer,PhD,Divorced,B-,Indian,Chamarajanagar,PS0209
P000493,Pooja Naik,Female,1988-07-28,37,Engineer,PUC,Single,O-,Indian,Bidar,PS0159
P000494,Basavaraj Poojary,Male,1999-11-11,26,Teacher,PUC,Divorced,O-,Indian,Bengaluru Rural,PS0084
P000495,Sunitha Hegde,Female,1967-11-09,58,Farmer,High School,Married,A+,Indian,Bengaluru Urban,PS0148
P000496,Bhavya Pujari,Female,1965-05-23,61,Student,Diploma,Single,A-,Indian,Chamarajanagar,PS0207
P000497,Keerthi Gowda,Female,1964-04-01,62,Mechanic,Diploma,Single,AB+,Indian,Bagalkote,PS0023
P000498,Naveen Rao,Male,1972-04-10,54,Electrician,Diploma,Divorced,O-,Indian,Bengaluru Urban,PS0112
P000499,Ajay Patil,Male,1969-02-16,57,Lawyer,Primary,Single,A-,Indian,Bengaluru Urban,PS0139
P000500,Ravi Kulkarni,Male,2004-04-14,22,Carpenter,Diploma,Married,AB+,Indian,Bengaluru Rural,PS0076
P000501,Akash Reddy,Male,1982-12-08,43,Unemployed,Graduate,Widowed,A+,Indian,Bengaluru Rural,PS0093
P000502,Rahul Poojary,Male,1959-07-12,67,Farmer,Post Graduate,Single,A-,Indian,Bengaluru Urban,PS0125
P000503,Bhavya Shetty,Female,1994-12-31,31,Unemployed,Graduate,Divorced,AB-,Indian,Belagavi,PS0054
P000504,Pradeep Kambali,Male,1962-01-17,64,Sales Executive,High School,Single,O-,Indian,Bengaluru Rural,PS0081
P000505,Harish Bhat,Male,1996-10-02,29,Government Employee,PUC,Married,B+,Indian,Bengaluru Urban,PS0113
P000506,Deepa Desai,Female,1971-06-14,55,Carpenter,Graduate,Widowed,O-,Indian,Chikkaballapura,PS0236
P000507,Rohit Poojary,Male,1965-02-16,61,Software Engineer,PhD,Widowed,B+,Indian,Belagavi,PS0047
P000508,Sunitha Kulkarni,Female,2006-07-23,20,Teacher,Primary,Widowed,A-,Indian,Bidar,PS0170
P000509,Harini Siddiqui,Female,1961-05-13,65,Electrician,PhD,Widowed,O+,Indian,Ballari,PS0039
P000510,Lokesh Sharma,Male,2004-02-28,22,Driver,PhD,Widowed,A-,Indian,Bengaluru Rural,PS0090
P000511,Lakshmi Hiremath,Female,1993-09-05,32,Labour,Graduate,Married,B+,Indian,Bengaluru Rural,PS0095
P000512,Puneeth Hiremath,Male,1998-08-28,27,Farmer,PhD,Divorced,A-,Indian,Bidar,PS0161
P000513,Pooja Bhat,Female,1991-05-29,35,Doctor,Primary,Widowed,AB-,Indian,Chikkaballapura,PS0236
P000514,Anitha Gowda,Female,1963-02-14,63,Business,High School,Single,B+,Indian,Belagavi,PS0049
P000515,Harish Kambali,Male,1981-02-24,45,Nurse,PhD,Married,B-,Indian,Ballari,PS0032
P000516,Megha Hiremath,Female,1982-04-28,44,Labour,Graduate,Single,A+,Indian,Belagavi,PS0053
P000517,Kusuma Patil,Female,1981-05-23,45,Engineer,Graduate,Single,A+,Indian,Bagalkote,PS0009
P000518,Anjali Bhat,Female,1957-10-18,68,Police,Post Graduate,Widowed,AB-,Indian,Ballari,PS0042
P000519,Bhavya Desai,Female,1994-01-16,32,Shop Owner,PUC,Married,O-,Indian,Belagavi,PS0066
P000520,Ramesh Kambali,Male,1989-07-03,37,Software Engineer,Post Graduate,Married,AB+,Indian,Bidar,PS0157
P000521,Manoj Kumar,Male,1961-06-08,65,Student,High School,Widowed,O+,Indian,Bengaluru Rural,PS0072
P000522,Rohit Patil,Male,1992-04-22,34,Sales Executive,Post Graduate,Married,O-,Indian,Bidar,PS0155
P000523,Harini Verma,Female,1989-07-07,37,Software Engineer,PUC,Married,O+,Indian,Bidar,PS0158
P000524,Sanjay Poojary,Male,1976-03-28,50,Mechanic,Diploma,Widowed,AB-,Indian,Ballari,PS0026
P000525,Arjun Hiremath,Male,1998-05-10,28,Software Engineer,Primary,Widowed,A-,Indian,Chamarajanagar,PS0210
P000526,Puneeth Pujari,Male,1980-01-26,46,Sales Executive,Primary,Single,B-,Indian,Bidar,PS0160
P000527,Anitha Reddy,Female,2003-05-17,23,Security Guard,Diploma,Single,AB-,Indian,Bengaluru Rural,PS0077
P000528,Vinay Verma,Male,2000-12-28,25,Government Employee,Graduate,Widowed,AB-,Indian,Bidar,PS0176
P000529,Megha Shetty,Female,1958-03-03,68,Unemployed,Diploma,Divorced,A+,Indian,Bengaluru Rural,PS0099
P000530,Preethi Shetty,Female,2006-05-24,20,Engineer,Diploma,Single,AB+,Indian,Bengaluru Rural,PS0092
P000531,Divya Patil,Female,2000-05-11,26,Doctor,Diploma,Divorced,B+,Indian,Bengaluru Urban,PS0115
P000532,Asha Joshi,Female,1956-04-10,70,Farmer,High School,Married,O-,Indian,Bidar,PS0175
P000533,Vidya Shetty,Female,1978-06-09,48,Police,PhD,Married,A+,Indian,Bidar,PS0155
P000534,Divya Patil,Female,1968-10-30,57,Government Employee,Post Graduate,Widowed,B-,Indian,Belagavi,PS0069
P000535,Sangeetha Siddiqui,Female,1970-01-03,56,Business,Graduate,Single,AB+,Indian,Chikkaballapura,PS0237
P000536,Arjun Shetty,Male,1996-08-17,29,Nurse,PhD,Divorced,O-,Indian,Ballari,PS0034
P000537,Mahesh Desai,Male,1997-07-30,28,Lawyer,High School,Widowed,A+,Indian,Bagalkote,PS0022
P000538,Vidya Verma,Female,1989-04-09,37,Carpenter,No Formal Education,Single,AB-,Indian,Bengaluru Urban,PS0111
P000539,Radhika Siddiqui,Female,1979-06-16,47,Carpenter,Diploma,Divorced,A-,Indian,Chikkaballapura,PS0239
P000540,Anitha Hiremath,Female,1990-02-03,36,Sales Executive,PUC,Married,AB-,Indian,Bidar,PS0181
P000541,Naveen Kambali,Male,1955-12-13,70,Student,Primary,Single,O+,Indian,Chikkaballapura,PS0240
P000542,Ganesh Naik,Male,1995-01-03,31,Software Engineer,PUC,Divorced,AB+,Indian,Bengaluru Rural,PS0098
P000543,Arjun Kumar,Male,1963-04-01,63,Engineer,PUC,Single,A-,Indian,Chamarajanagar,PS0213
P000544,Shivakumar Angadi,Male,1966-08-27,59,Nurse,High School,Single,B+,Indian,Bidar,PS0164
P000545,Megha Verma,Female,1961-10-17,64,Sales Executive,Diploma,Widowed,AB-,Indian,Belagavi,PS0054
P000546,Pooja Reddy,Female,1979-11-17,46,Engineer,Post Graduate,Widowed,AB-,Indian,Chamarajanagar,PS0223
P000547,Ajay Joshi,Male,1970-12-18,55,Sales Executive,Primary,Widowed,B-,Indian,Bidar,PS0175
P000548,Pooja Siddiqui,Female,1999-02-22,27,Farmer,High School,Widowed,B-,Indian,Belagavi,PS0067
P000549,Harish Joshi,Male,1964-04-07,62,Engineer,Primary,Single,AB+,Indian,Belagavi,PS0063
P000550,Priya Poojary,Female,1968-05-09,58,Student,No Formal Education,Widowed,AB+,Indian,Bidar,PS0160
P000551,Pradeep Hegde,Male,1990-02-09,36,Security Guard,No Formal Education,Widowed,O-,Indian,Chikkaballapura,PS0249
P000552,Bhavya Reddy,Female,2003-06-16,23,Police,No Formal Education,Widowed,O-,Indian,Bengaluru Urban,PS0129
P000553,Sanjay Kambali,Male,1987-03-15,39,Carpenter,Diploma,Widowed,A+,Indian,Bagalkote,PS0025
P000554,Prakash Kambali,Male,1985-07-05,41,Doctor,PhD,Divorced,B-,Indian,Chikkaballapura,PS0243
P000555,Ravi Gowda,Male,1989-06-19,37,Business,Diploma,Widowed,A-,Indian,Bidar,PS0177
P000556,Nandini Reddy,Female,1994-04-17,32,Business,High School,Single,B-,Indian,Bengaluru Rural,PS0091
P000557,Puneeth Hiremath,Male,1976-05-24,50,Government Employee,Post Graduate,Single,AB+,Indian,Ballari,PS0039
P000558,Harini Verma,Female,1956-06-21,70,Engineer,Graduate,Single,AB-,Indian,Bengaluru Urban,PS0132
P000559,Mahesh Naik,Male,1973-12-28,52,Mechanic,PhD,Married,B-,Indian,Bidar,PS0159
P000560,Arjun Patil,Male,1998-11-11,27,Student,PhD,Single,B-,Indian,Belagavi,PS0046
P000561,Rahul Shetty,Male,1959-06-26,67,Electrician,Primary,Widowed,B+,Indian,Bidar,PS0170
P000562,Siddu Naik,Male,1965-03-30,61,Government Employee,PUC,Single,B-,Indian,Chamarajanagar,PS0199
P000563,Swathi Desai,Female,1984-02-02,42,Farmer,High School,Divorced,B-,Indian,Bengaluru Rural,PS0087
P000564,Sanjay Shetty,Male,1985-02-05,41,Doctor,Primary,Divorced,B+,Indian,Belagavi,PS0066
P000565,Pooja Kulkarni,Female,2004-08-25,21,Driver,PhD,Married,A+,Indian,Bengaluru Rural,PS0096
P000566,Kiran Siddiqui,Male,1988-09-29,37,Driver,No Formal Education,Widowed,A-,Indian,Chamarajanagar,PS0227
P000567,Rahul Shetty,Male,1962-12-30,63,Security Guard,Diploma,Widowed,O-,Indian,Bengaluru Rural,PS0077
P000568,Ramesh Patil,Male,1979-04-23,47,Mechanic,PhD,Widowed,B-,Indian,Chamarajanagar,PS0198
P000569,Lokesh Gowda,Male,1971-02-24,55,Government Employee,Primary,Divorced,AB-,Indian,Chikkaballapura,PS0246
P000570,Priya Kambali,Female,1976-02-21,50,Business,Primary,Single,AB-,Indian,Bengaluru Rural,PS0090
P000571,Harish Siddiqui,Male,1973-09-02,52,Lawyer,No Formal Education,Married,A-,Indian,Bidar,PS0168
P000572,Darshan Poojary,Male,1999-08-20,26,Driver,High School,Single,A+,Indian,Bengaluru Urban,PS0143
P000573,Megha Rao,Female,1993-12-30,32,Lawyer,Graduate,Widowed,A+,Indian,Bengaluru Rural,PS0101
P000574,Puneeth Gowda,Male,2003-03-18,23,Driver,High School,Single,O-,Indian,Ballari,PS0033
P000575,Rohit Sharma,Male,1994-11-27,31,Security Guard,Graduate,Widowed,B-,Indian,Chamarajanagar,PS0200
P000576,Nisha Naik,Female,1984-04-04,42,Police,Primary,Married,O+,Indian,Bidar,PS0162
P000577,Mahesh Sharma,Male,1961-08-06,64,Government Employee,PhD,Single,O+,Indian,Chamarajanagar,PS0201
P000578,Ramesh Angadi,Male,1995-10-27,30,Driver,Post Graduate,Divorced,B+,Indian,Bagalkote,PS0009
P000579,Sangeetha Rao,Female,1987-03-04,39,Lawyer,PUC,Divorced,B+,Indian,Bengaluru Urban,PS0137
P000580,Pradeep Hiremath,Male,1960-05-08,66,Lawyer,High School,Single,O-,Indian,Chikkaballapura,PS0249
P000581,Shreya Shetty,Female,1985-10-28,40,Police,Diploma,Married,B+,Indian,Belagavi,PS0067
P000582,Rohit Singh,Male,2001-10-23,24,Government Employee,PUC,Widowed,O-,Indian,Bengaluru Rural,PS0075
P000583,Priya Singh,Female,1977-02-16,49,Police,Graduate,Widowed,B-,Indian,Chamarajanagar,PS0210
P000584,Sanjay Kumar,Male,1992-06-24,34,Engineer,No Formal Education,Widowed,A+,Indian,Chamarajanagar,PS0206
P000585,Sowmya Desai,Female,1997-12-30,28,Farmer,PhD,Widowed,B-,Indian,Bidar,PS0153
P000586,Ravi Kumar,Male,1991-06-25,35,Business,High School,Divorced,AB+,Indian,Bengaluru Rural,PS0076
P000587,Chetan Reddy,Male,1956-06-05,70,Government Employee,Diploma,Married,O-,Indian,Bengaluru Urban,PS0116
P000588,Harish Verma,Male,1967-06-09,59,Nurse,High School,Divorced,O-,Indian,Belagavi,PS0052
P000589,Shivakumar Siddiqui,Male,1961-05-05,65,Nurse,Graduate,Single,AB+,Indian,Ballari,PS0044
P000590,Sunitha Joshi,Female,2003-08-31,22,Security Guard,PUC,Single,AB-,Indian,Ballari,PS0040
P000591,Ganesh Kulkarni,Male,1959-08-17,66,Farmer,Post Graduate,Divorced,O-,Indian,Belagavi,PS0063
P000592,Prakash Kulkarni,Male,1970-09-22,55,Shop Owner,Primary,Married,B+,Indian,Bagalkote,PS0018
P000593,Nisha Kambali,Female,1965-03-10,61,Government Employee,PUC,Married,AB-,Indian,Chamarajanagar,PS0231
P000594,Asha Pujari,Female,1992-12-10,33,Lawyer,No Formal Education,Single,AB-,Indian,Bidar,PS0186
P000595,Keerthi Poojary,Female,1999-12-27,26,Mechanic,Primary,Widowed,AB+,Indian,Bengaluru Urban,PS0118
P000596,Radhika Kulkarni,Female,1960-11-20,65,Business,PhD,Single,A-,Indian,Chamarajanagar,PS0209
P000597,Pooja Bhat,Female,1961-11-26,64,Farmer,High School,Divorced,A-,Indian,Belagavi,PS0047
P000598,Vinay Patil,Male,1973-04-29,53,Mechanic,No Formal Education,Divorced,O+,Indian,Belagavi,PS0068
P000599,Vinay Kulkarni,Male,1992-09-09,33,Sales Executive,No Formal Education,Divorced,B-,Indian,Bengaluru Urban,PS0125
P000600,Rahul Sharma,Male,2001-08-13,24,Carpenter,Post Graduate,Divorced,AB-,Indian,Chamarajanagar,PS0206
P000601,Preethi Pujari,Female,2004-03-16,22,Sales Executive,PhD,Divorced,B+,Indian,Ballari,PS0038
P000602,Pooja Joshi,Female,1975-05-07,51,Government Employee,Graduate,Divorced,A+,Indian,Bidar,PS0188
P000603,Prakash Bhat,Male,1995-11-26,30,Driver,High School,Divorced,B+,Indian,Chikkaballapura,PS0244
P000604,Siddu Patil,Male,1969-06-19,57,Police,Primary,Single,AB-,Indian,Bidar,PS0182
P000605,Harish Joshi,Male,1988-03-01,38,Driver,PUC,Single,AB-,Indian,Bengaluru Rural,PS0094
P000606,Sneha Kulkarni,Female,1995-03-26,31,Shop Owner,High School,Divorced,A-,Indian,Bengaluru Urban,PS0124
P000607,Mahesh Poojary,Male,1968-01-16,58,Sales Executive,Graduate,Married,A+,Indian,Bengaluru Rural,PS0073
P000608,Anitha Bhat,Female,1997-07-08,29,Electrician,High School,Widowed,AB-,Indian,Bidar,PS0156
P000609,Puneeth Poojary,Male,1958-08-06,67,Teacher,Primary,Divorced,A+,Indian,Bagalkote,PS0022
P000610,Radhika Sharma,Female,1995-01-04,31,Software Engineer,Primary,Divorced,A+,Indian,Belagavi,PS0047
P000611,Sanjay Pujari,Male,1974-12-06,51,Lawyer,PUC,Single,A-,Indian,Belagavi,PS0051
P000612,Roopa Reddy,Female,2000-11-30,25,Nurse,PUC,Widowed,AB-,Indian,Ballari,PS0043
P000613,Darshan Kulkarni,Male,1990-09-01,35,Teacher,Post Graduate,Divorced,O+,Indian,Belagavi,PS0066
P000614,Priya Bhat,Female,1985-12-11,40,Software Engineer,Diploma,Widowed,A-,Indian,Bengaluru Urban,PS0125
P000615,Puneeth Verma,Male,1992-04-14,34,Sales Executive,Diploma,Married,O+,Indian,Ballari,PS0026
P000616,Sneha Hiremath,Female,1962-09-21,63,Teacher,PUC,Divorced,O-,Indian,Bidar,PS0167
P000617,Divya Hiremath,Female,1988-09-17,37,Doctor,No Formal Education,Widowed,AB+,Indian,Bidar,PS0154
P000618,Pooja Kambali,Female,1996-06-16,30,Security Guard,High School,Married,B+,Indian,Bengaluru Rural,PS0104
P000619,Megha Kambali,Female,1999-01-05,27,Engineer,Diploma,Divorced,O-,Indian,Ballari,PS0042
P000620,Nisha Kumar,Female,1955-03-22,71,Teacher,Diploma,Divorced,O-,Indian,Ballari,PS0041
P000621,Chetan Bhat,Male,1992-06-04,34,Driver,PhD,Married,A+,Indian,Ballari,PS0044
P000622,Abhishek Joshi,Male,1999-03-27,27,Doctor,Graduate,Widowed,O+,Indian,Chamarajanagar,PS0234
P000623,Anitha Poojary,Female,1965-09-23,60,Software Engineer,No Formal Education,Divorced,B+,Indian,Chikkaballapura,PS0246
P000624,Manoj Hegde,Male,1996-05-12,30,Teacher,Graduate,Married,A+,Indian,Ballari,PS0044
P000625,Deepa Singh,Female,1986-12-08,39,Engineer,Diploma,Divorced,A-,Indian,Bengaluru Rural,PS0088
P000626,Abhishek Siddiqui,Male,1971-06-10,55,Farmer,High School,Divorced,AB-,Indian,Belagavi,PS0046
P000627,Asha Kulkarni,Female,1963-08-07,62,Shop Owner,Graduate,Married,A+,Indian,Bengaluru Urban,PS0143
P000628,Ganesh Bhat,Male,1988-06-18,38,Government Employee,Post Graduate,Divorced,B+,Indian,Ballari,PS0043
P000629,Ramesh Patil,Male,2000-02-28,26,Police,PUC,Single,O+,Indian,Belagavi,PS0059
P000630,Divya Naik,Female,1966-10-10,59,Student,PhD,Divorced,AB+,Indian,Bengaluru Rural,PS0097
P000631,Sneha Verma,Female,2001-12-06,24,Carpenter,High School,Divorced,A+,Indian,Bengaluru Rural,PS0083
P000632,Vijay Patil,Male,1967-10-09,58,Police,Diploma,Married,B-,Indian,Bengaluru Urban,PS0137
P000633,Rohit Singh,Male,1965-01-08,61,Doctor,No Formal Education,Widowed,O+,Indian,Bidar,PS0191
P000634,Ramesh Naik,Male,1957-12-10,68,Mechanic,No Formal Education,Widowed,A-,Indian,Belagavi,PS0046
P000635,Kavya Reddy,Female,1982-01-23,44,Student,Primary,Single,B-,Indian,Belagavi,PS0067
P000636,Akash Kulkarni,Male,1957-08-16,68,Doctor,High School,Divorced,AB-,Indian,Ballari,PS0032
P000637,Pooja Pujari,Female,1976-09-11,49,Mechanic,Primary,Single,A+,Indian,Bagalkote,PS0009
P000638,Pradeep Rao,Male,1980-04-14,46,Driver,No Formal Education,Single,B-,Indian,Bagalkote,PS0010
P000639,Deepa Hiremath,Female,1971-08-11,54,Sales Executive,Primary,Married,AB-,Indian,Chikkaballapura,PS0247
P000640,Shreya Rao,Female,2001-02-18,25,Police,Post Graduate,Single,AB-,Indian,Ballari,PS0029
P000641,Harish Naik,Male,2001-08-17,24,Teacher,PhD,Divorced,AB+,Indian,Belagavi,PS0066
P000642,Rohit Hegde,Male,1999-04-17,27,Farmer,Post Graduate,Divorced,O-,Indian,Bidar,PS0173
P000643,Roopa Verma,Female,1975-04-07,51,Shop Owner,Post Graduate,Divorced,O+,Indian,Bengaluru Urban,PS0145
P000644,Shivakumar Reddy,Male,1997-09-03,28,Software Engineer,High School,Single,O-,Indian,Bidar,PS0180
P000645,Mahesh Verma,Male,2001-11-21,24,Doctor,Primary,Married,O+,Indian,Belagavi,PS0056
P000646,Rekha Hiremath,Female,1964-02-16,62,Driver,Primary,Divorced,B-,Indian,Chikkaballapura,PS0239
P000647,Lakshmi Angadi,Female,1991-04-09,35,Farmer,PUC,Widowed,O-,Indian,Bagalkote,PS0021
P000648,Sunitha Hiremath,Female,1979-06-28,47,Nurse,Graduate,Widowed,O+,Indian,Bengaluru Rural,PS0075
P000649,Sowmya Joshi,Female,1968-03-22,58,Sales Executive,Primary,Single,AB+,Indian,Bengaluru Rural,PS0089
P000650,Nandini Sharma,Female,1967-01-28,59,Student,Primary,Single,A-,Indian,Bidar,PS0178
P000651,Roopa Kumar,Female,1971-01-25,55,Nurse,Graduate,Married,AB+,Indian,Bagalkote,PS0018
P000652,Abhishek Reddy,Male,2001-08-24,24,Government Employee,PhD,Married,AB+,Indian,Belagavi,PS0049
P000653,Nandini Pujari,Female,1978-06-23,48,Shop Owner,Graduate,Single,A+,Indian,Bagalkote,PS0005
P000654,Anjali Desai,Female,1995-05-20,31,Carpenter,Post Graduate,Widowed,O-,Indian,Bengaluru Urban,PS0126
P000655,Arjun Shetty,Male,2004-12-09,21,Electrician,High School,Widowed,O+,Indian,Bengaluru Urban,PS0110
P000656,Suraj Desai,Male,1998-09-24,27,Farmer,PhD,Widowed,O-,Indian,Chikkaballapura,PS0245
P000657,Ganesh Gowda,Male,1990-02-10,36,Lawyer,PhD,Widowed,AB-,Indian,Bengaluru Urban,PS0123
P000658,Swathi Gowda,Female,1957-07-11,69,Security Guard,No Formal Education,Married,AB-,Indian,Bidar,PS0156
P000659,Vidya Hiremath,Female,1957-05-31,69,Carpenter,Post Graduate,Single,O+,Indian,Bidar,PS0181
P000660,Deepa Singh,Female,1986-07-07,40,Engineer,PUC,Married,B-,Indian,Bidar,PS0159
P000661,Preethi Reddy,Female,1960-11-16,65,Electrician,Primary,Divorced,B+,Indian,Bengaluru Rural,PS0086
P000662,Ravi Hegde,Male,1958-05-09,68,Sales Executive,Post Graduate,Widowed,AB+,Indian,Chamarajanagar,PS0194
P000663,Pradeep Poojary,Male,2007-10-02,18,Student,Graduate,Widowed,O+,Indian,Chikkaballapura,PS0238
P000664,Preethi Naik,Female,1998-10-24,27,Farmer,PUC,Divorced,O-,Indian,Chamarajanagar,PS0195
P000665,Pooja Angadi,Female,1981-11-14,44,Software Engineer,Post Graduate,Married,O-,Indian,Bengaluru Urban,PS0133
P000666,Siddu Kambali,Male,1974-03-16,52,Electrician,Diploma,Single,AB+,Indian,Bengaluru Rural,PS0094
P000667,Vidya Sharma,Female,1963-04-02,63,Security Guard,Primary,Divorced,AB+,Indian,Chamarajanagar,PS0232
P000668,Sanjay Pujari,Male,1997-08-21,28,Labour,PUC,Divorced,A-,Indian,Belagavi,PS0046
P000669,Sowmya Bhat,Female,1993-11-02,32,Shop Owner,Graduate,Married,O+,Indian,Bengaluru Urban,PS0142
P000670,Asha Angadi,Female,2001-03-27,25,Sales Executive,High School,Single,B+,Indian,Bidar,PS0164
P000671,Lakshmi Verma,Female,1979-01-14,47,Shop Owner,Post Graduate,Single,B-,Indian,Chamarajanagar,PS0205
P000672,Keerthi Patil,Female,1976-07-25,49,Teacher,Diploma,Widowed,O+,Indian,Bidar,PS0157
P000673,Kusuma Reddy,Female,1973-04-06,53,Labour,Diploma,Divorced,B+,Indian,Chamarajanagar,PS0199
P000674,Roopa Angadi,Female,1976-03-08,50,Nurse,PUC,Single,B+,Indian,Chamarajanagar,PS0220
P000675,Rahul Sharma,Male,1982-11-10,43,Sales Executive,PhD,Widowed,O+,Indian,Ballari,PS0042
P000676,Ramesh Shetty,Male,1979-06-20,47,Teacher,No Formal Education,Divorced,AB+,Indian,Bengaluru Urban,PS0131
P000677,Chetan Gowda,Male,1998-08-03,27,Student,No Formal Education,Single,AB-,Indian,Belagavi,PS0046
P000678,Kusuma Reddy,Female,1991-07-07,35,Software Engineer,Primary,Widowed,B+,Indian,Bidar,PS0167
P000679,Kiran Hiremath,Male,1999-11-18,26,Farmer,Diploma,Widowed,A-,Indian,Chamarajanagar,PS0217
P000680,Lokesh Naik,Male,1983-02-12,43,Carpenter,Post Graduate,Married,O+,Indian,Chamarajanagar,PS0208
P000681,Manoj Naik,Male,1970-09-18,55,Business,Diploma,Widowed,O+,Indian,Bidar,PS0169
P000682,Kusuma Hiremath,Female,1960-01-07,66,Government Employee,Graduate,Single,AB-,Indian,Chamarajanagar,PS0200
P000683,Nandini Sharma,Female,1979-12-01,46,Teacher,Graduate,Widowed,AB-,Indian,Bengaluru Rural,PS0072
P000684,Priya Siddiqui,Female,1958-02-14,68,Engineer,PUC,Divorced,O+,Indian,Bidar,PS0170
P000685,Anitha Kulkarni,Female,1965-12-13,60,Shop Owner,PUC,Widowed,O+,Indian,Chamarajanagar,PS0203
P000686,Mahesh Joshi,Male,1981-12-29,44,Doctor,PUC,Divorced,B-,Indian,Bidar,PS0175
P000687,Harish Siddiqui,Male,1983-06-16,43,Labour,No Formal Education,Divorced,A-,Indian,Bagalkote,PS0011
P000688,Nandini Singh,Female,1984-11-06,41,Labour,Primary,Married,AB+,Indian,Bengaluru Rural,PS0078
P000689,Prakash Singh,Male,2004-02-20,22,Carpenter,PhD,Single,A+,Indian,Chamarajanagar,PS0221
P000690,Chetan Verma,Male,1967-03-18,59,Student,Post Graduate,Married,AB+,Indian,Belagavi,PS0048
P000691,Preethi Reddy,Female,1964-12-10,61,Driver,PUC,Married,O+,Indian,Chikkaballapura,PS0248
P000692,Keerthi Poojary,Female,1966-12-23,59,Lawyer,High School,Divorced,AB+,Indian,Ballari,PS0039
P000693,Rohit Singh,Male,1987-12-24,38,Driver,Post Graduate,Widowed,B-,Indian,Ballari,PS0042
P000694,Rahul Kambali,Male,1975-07-09,51,Doctor,PhD,Married,AB+,Indian,Chamarajanagar,PS0212
P000695,Arjun Desai,Male,1993-06-24,33,Unemployed,Diploma,Married,A-,Indian,Belagavi,PS0048
P000696,Pooja Hiremath,Female,1965-07-12,61,Student,Post Graduate,Widowed,O-,Indian,Chamarajanagar,PS0221
P000697,Vijay Rao,Male,1972-02-04,54,Lawyer,Diploma,Widowed,O+,Indian,Bengaluru Urban,PS0138
P000698,Suresh Rao,Male,1974-05-04,52,Electrician,PUC,Widowed,B+,Indian,Bidar,PS0175
P000699,Vidya Patil,Female,1957-07-31,68,Electrician,Diploma,Married,O-,Indian,Bengaluru Rural,PS0087
P000700,Prakash Hiremath,Male,1996-02-08,30,Doctor,No Formal Education,Widowed,B+,Indian,Bengaluru Urban,PS0144
P000701,Rekha Desai,Female,1974-01-14,52,Nurse,Post Graduate,Divorced,A-,Indian,Chamarajanagar,PS0225
P000702,Ravi Gowda,Male,1959-09-04,66,Carpenter,PUC,Widowed,AB-,Indian,Bidar,PS0188
P000703,Rahul Joshi,Male,2000-04-06,26,Unemployed,Post Graduate,Divorced,O+,Indian,Ballari,PS0031
P000704,Sneha Kambali,Female,1958-09-09,67,Security Guard,High School,Divorced,B+,Indian,Bengaluru Urban,PS0142
P000705,Swathi Verma,Female,1966-11-01,59,Doctor,Graduate,Widowed,B+,Indian,Chikkaballapura,PS0239
P000706,Anjali Hegde,Female,1958-12-18,67,Teacher,PhD,Divorced,AB-,Indian,Bengaluru Urban,PS0117
P000707,Megha Joshi,Female,1978-08-30,47,Mechanic,Graduate,Widowed,B+,Indian,Ballari,PS0033
P000708,Sangeetha Poojary,Female,1968-07-27,57,Shop Owner,PhD,Single,B-,Indian,Belagavi,PS0050
P000709,Arjun Sharma,Male,1971-06-07,55,Engineer,PhD,Divorced,B+,Indian,Belagavi,PS0064
P000710,Shreya Naik,Female,1999-05-27,27,Engineer,PhD,Divorced,O-,Indian,Chikkaballapura,PS0239
P000711,Nandini Naik,Female,1968-04-13,58,Farmer,Graduate,Single,B-,Indian,Chamarajanagar,PS0215
P000712,Pooja Shetty,Female,2000-08-22,25,Lawyer,PUC,Single,B+,Indian,Chamarajanagar,PS0201
P000713,Divya Sharma,Female,1999-09-09,26,Farmer,Graduate,Single,AB+,Indian,Ballari,PS0026
P000714,Mahesh Kulkarni,Male,2007-12-18,18,Farmer,Graduate,Married,A+,Indian,Bengaluru Rural,PS0079
P000715,Harish Poojary,Male,1995-09-26,30,Lawyer,No Formal Education,Divorced,A+,Indian,Chamarajanagar,PS0216
P000716,Swathi Hiremath,Female,1966-08-08,59,Business,No Formal Education,Divorced,AB-,Indian,Bidar,PS0174
P000717,Puneeth Reddy,Male,2004-02-02,22,Unemployed,Post Graduate,Single,O+,Indian,Ballari,PS0036
P000718,Pooja Sharma,Female,1990-10-15,35,Doctor,No Formal Education,Married,B+,Indian,Bengaluru Urban,PS0138
P000719,Sunitha Desai,Female,1980-07-24,45,Teacher,Primary,Divorced,O-,Indian,Bidar,PS0179
P000720,Sangeetha Bhat,Female,1966-10-12,59,Software Engineer,Primary,Divorced,B-,Indian,Bidar,PS0161
P000721,Keerthi Desai,Female,1997-09-28,28,Lawyer,Post Graduate,Single,O+,Indian,Chamarajanagar,PS0220
P000722,Radhika Shetty,Female,1993-12-11,32,Labour,Primary,Single,AB-,Indian,Bidar,PS0168
P000723,Roopa Sharma,Female,1968-11-29,57,Government Employee,Primary,Divorced,O-,Indian,Bagalkote,PS0023
P000724,Divya Poojary,Female,1981-12-13,44,Teacher,High School,Divorced,B-,Indian,Ballari,PS0043
P000725,Megha Hiremath,Female,1959-04-13,67,Shop Owner,Primary,Single,A-,Indian,Chamarajanagar,PS0221
P000726,Shreya Naik,Female,1996-09-07,29,Security Guard,Diploma,Divorced,AB+,Indian,Bidar,PS0174
P000727,Abhishek Pujari,Male,1956-06-17,70,Farmer,PhD,Married,B+,Indian,Belagavi,PS0054
P000728,Kavya Reddy,Female,1992-05-05,34,Electrician,Graduate,Widowed,O-,Indian,Chikkaballapura,PS0239
P000729,Swathi Shetty,Female,1973-12-08,52,Driver,Primary,Divorced,A-,Indian,Chamarajanagar,PS0213
P000730,Harini Kumar,Female,1955-07-11,71,Nurse,Primary,Single,B+,Indian,Bengaluru Urban,PS0121
P000731,Keerthi Desai,Female,1998-08-31,27,Electrician,Graduate,Widowed,AB+,Indian,Bengaluru Urban,PS0138
P000732,Manoj Patil,Male,1956-03-30,70,Business,Primary,Single,B-,Indian,Belagavi,PS0061
P000733,Ramesh Poojary,Male,1968-01-09,58,Police,Post Graduate,Married,A-,Indian,Bengaluru Urban,PS0144
P000734,Sunitha Verma,Female,1968-04-17,58,Government Employee,Post Graduate,Single,A-,Indian,Chamarajanagar,PS0209
P000735,Manoj Verma,Male,1998-07-08,28,Government Employee,No Formal Education,Widowed,B-,Indian,Bidar,PS0168
P000736,Suraj Hiremath,Male,1990-02-22,36,Engineer,Graduate,Single,A-,Indian,Bengaluru Urban,PS0150
P000737,Shreya Poojary,Female,2006-11-30,19,Unemployed,Diploma,Single,O-,Indian,Ballari,PS0042
P000738,Nandini Pujari,Female,1998-10-09,27,Police,No Formal Education,Single,O+,Indian,Chamarajanagar,PS0198
P000739,Harini Reddy,Female,1979-01-11,47,Labour,PhD,Single,O-,Indian,Bagalkote,PS0015
P000740,Keerthi Singh,Female,1956-11-12,69,Driver,Diploma,Married,O-,Indian,Chamarajanagar,PS0226
P000741,Keerthi Sharma,Female,2000-07-17,26,Police,Graduate,Widowed,B+,Indian,Ballari,PS0035
P000742,Sangeetha Desai,Female,1992-05-25,34,Software Engineer,PhD,Married,B-,Indian,Ballari,PS0043
P000743,Rekha Reddy,Female,1998-04-28,28,Teacher,High School,Married,B+,Indian,Bagalkote,PS0012
P000744,Anjali Singh,Female,1999-04-18,27,Electrician,PUC,Married,A+,Indian,Bidar,PS0181
P000745,Prakash Joshi,Male,1987-01-12,39,Driver,High School,Single,A-,Indian,Chamarajanagar,PS0204
P000746,Shreya Naik,Female,1975-05-04,51,Farmer,PUC,Widowed,AB+,Indian,Bagalkote,PS0020
P000747,Vidya Kulkarni,Female,1959-03-10,67,Shop Owner,Diploma,Married,A-,Indian,Chikkaballapura,PS0250
P000748,Harish Verma,Male,1964-12-13,61,Farmer,Primary,Single,A-,Indian,Chikkaballapura,PS0247
P000749,Chetan Naik,Male,1973-06-05,53,Software Engineer,High School,Divorced,O-,Indian,Bidar,PS0166
P000750,Sangeetha Naik,Female,1968-11-03,57,Software Engineer,Graduate,Married,A-,Indian,Bengaluru Rural,PS0106
P000751,Harish Singh,Male,1955-08-04,70,Police,PhD,Divorced,AB+,Indian,Bengaluru Urban,PS0131
P000752,Rohit Joshi,Male,1988-05-30,38,Labour,Graduate,Married,B+,Indian,Bagalkote,PS0004
P000753,Vidya Sharma,Female,1967-05-19,59,Labour,Post Graduate,Widowed,O-,Indian,Belagavi,PS0063
P000754,Priya Verma,Female,1968-01-23,58,Student,Primary,Single,AB-,Indian,Bengaluru Urban,PS0127
P000755,Bhavya Shetty,Female,1993-12-10,32,Engineer,Post Graduate,Single,B+,Indian,Belagavi,PS0061
P000756,Chetan Pujari,Male,1981-07-13,45,Labour,Post Graduate,Divorced,AB-,Indian,Ballari,PS0043
P000757,Priya Joshi,Female,2002-05-08,24,Unemployed,High School,Widowed,O-,Indian,Chamarajanagar,PS0228
P000758,Ravi Angadi,Male,1994-09-01,31,Software Engineer,Post Graduate,Married,AB+,Indian,Bidar,PS0170
P000759,Arjun Kambali,Male,1985-01-03,41,Nurse,High School,Divorced,B-,Indian,Belagavi,PS0052
P000760,Ganesh Kambali,Male,1983-01-05,43,Mechanic,Graduate,Married,A+,Indian,Ballari,PS0027
P000761,Basavaraj Kambali,Male,1978-03-17,48,Police,Diploma,Widowed,A-,Indian,Chamarajanagar,PS0230
P000762,Siddu Kulkarni,Male,1978-04-21,48,Mechanic,Graduate,Single,A+,Indian,Chamarajanagar,PS0215
P000763,Harish Bhat,Male,2006-05-10,20,Student,PhD,Divorced,B-,Indian,Bengaluru Urban,PS0136
P000764,Prakash Bhat,Male,1980-07-11,46,Security Guard,High School,Widowed,B-,Indian,Chamarajanagar,PS0219
P000765,Naveen Pujari,Male,2007-04-01,19,Business,Graduate,Widowed,A-,Indian,Chamarajanagar,PS0232
P000766,Pradeep Singh,Male,1991-12-20,34,Doctor,Primary,Single,O+,Indian,Bengaluru Urban,PS0131
P000767,Vinay Rao,Male,1995-01-10,31,Doctor,Graduate,Widowed,O+,Indian,Bengaluru Rural,PS0090
P000768,Preethi Poojary,Female,1992-12-26,33,Sales Executive,PhD,Widowed,B+,Indian,Bidar,PS0182
P000769,Ganesh Patil,Male,1998-06-28,28,Sales Executive,High School,Single,B-,Indian,Bagalkote,PS0009
P000770,Nandini Gowda,Female,1969-01-26,57,Shop Owner,Graduate,Single,O+,Indian,Bidar,PS0158
P000771,Kiran Kulkarni,Male,2006-04-18,20,Electrician,No Formal Education,Married,A-,Indian,Ballari,PS0039
P000772,Megha Kulkarni,Female,1982-03-17,44,Electrician,PhD,Single,B+,Indian,Bengaluru Urban,PS0141
P000773,Basavaraj Hiremath,Male,1992-11-02,33,Engineer,Diploma,Divorced,B-,Indian,Bidar,PS0187
P000774,Siddu Poojary,Male,1955-03-10,71,Farmer,Graduate,Single,A+,Indian,Bidar,PS0178
P000775,Nandini Hiremath,Female,1982-10-14,43,Security Guard,PhD,Divorced,O+,Indian,Chamarajanagar,PS0218
P000776,Geetha Angadi,Female,1966-11-30,59,Teacher,PhD,Widowed,O-,Indian,Bidar,PS0190
P000777,Shivakumar Hegde,Male,1963-01-05,63,Unemployed,Post Graduate,Widowed,B-,Indian,Chamarajanagar,PS0215
P000778,Swathi Kambali,Female,1959-02-10,67,Sales Executive,Diploma,Single,B+,Indian,Bengaluru Rural,PS0098
P000779,Sanjay Siddiqui,Male,1982-09-16,43,Shop Owner,Primary,Single,B-,Indian,Bagalkote,PS0006
P000780,Sanjay Pujari,Male,1971-12-29,54,Government Employee,No Formal Education,Single,B+,Indian,Bengaluru Urban,PS0119
P000781,Ajay Rao,Male,1977-01-02,49,Security Guard,PhD,Single,AB-,Indian,Bidar,PS0184
P000782,Preethi Gowda,Female,1999-02-03,27,Student,Graduate,Widowed,B+,Indian,Bengaluru Rural,PS0108
P000783,Priya Pujari,Female,1983-06-22,43,Nurse,Diploma,Single,A-,Indian,Ballari,PS0030
P000784,Ravi Shetty,Male,1980-08-07,45,Teacher,High School,Divorced,A-,Indian,Bidar,PS0165
P000785,Suraj Singh,Male,1970-03-07,56,Engineer,Graduate,Married,A+,Indian,Bidar,PS0172
P000786,Suraj Desai,Male,1963-11-10,62,Carpenter,High School,Widowed,AB-,Indian,Ballari,PS0030
P000787,Bhavya Naik,Female,1959-08-27,66,Business,PUC,Married,O-,Indian,Bengaluru Urban,PS0114
P000788,Anjali Joshi,Female,1960-06-09,66,Carpenter,PhD,Widowed,A-,Indian,Bengaluru Urban,PS0134
P000789,Priya Singh,Female,1975-12-21,50,Student,Diploma,Single,B-,Indian,Bagalkote,PS0011
P000790,Suraj Hiremath,Male,1991-06-29,35,Sales Executive,Primary,Married,B+,Indian,Chikkaballapura,PS0245
P000791,Harini Shetty,Female,1976-12-29,49,Shop Owner,Post Graduate,Widowed,A+,Indian,Bengaluru Rural,PS0075
P000792,Siddu Verma,Male,1980-12-13,45,Driver,No Formal Education,Single,O-,Indian,Bengaluru Rural,PS0092
P000793,Radhika Joshi,Female,1989-02-07,37,Software Engineer,PUC,Divorced,A+,Indian,Chikkaballapura,PS0236
P000794,Puneeth Kambali,Male,2005-07-08,21,Doctor,Diploma,Single,O+,Indian,Chamarajanagar,PS0194
P000795,Siddu Patil,Male,2004-12-03,21,Lawyer,Post Graduate,Married,AB-,Indian,Bagalkote,PS0013
P000796,Anitha Joshi,Female,1995-08-13,30,Lawyer,PUC,Divorced,AB-,Indian,Bengaluru Rural,PS0071
P000797,Harish Angadi,Male,1984-06-19,42,Student,High School,Single,O-,Indian,Bengaluru Urban,PS0142
P000798,Rahul Shetty,Male,1992-01-25,34,Shop Owner,PhD,Widowed,A-,Indian,Belagavi,PS0046
P000799,Ravi Kumar,Male,1994-12-09,31,Farmer,Graduate,Widowed,AB-,Indian,Bengaluru Rural,PS0082
P000800,Pooja Kumar,Female,1966-03-12,60,Sales Executive,Graduate,Married,O-,Indian,Chikkaballapura,PS0241
P000801,Vijay Kumar,Male,1980-03-22,46,Software Engineer,PUC,Single,AB+,Indian,Belagavi,PS0054
P000802,Vijay Poojary,Male,1987-07-26,38,Engineer,Diploma,Widowed,B-,Indian,Bidar,PS0162
P000803,Ramesh Siddiqui,Male,1990-07-14,36,Farmer,Diploma,Widowed,B+,Indian,Bidar,PS0161
P000804,Darshan Hiremath,Male,2005-09-13,20,Driver,Primary,Married,A-,Indian,Chamarajanagar,PS0200
P000805,Ajay Hiremath,Male,1975-06-14,51,Mechanic,Diploma,Married,A+,Indian,Bengaluru Rural,PS0105
P000806,Roopa Kambali,Female,1995-09-22,30,Student,Post Graduate,Single,AB-,Indian,Bengaluru Urban,PS0146
P000807,Kusuma Singh,Female,1979-08-02,46,Farmer,PhD,Widowed,AB-,Indian,Bidar,PS0187
P000808,Puneeth Sharma,Male,1959-03-19,67,Lawyer,Post Graduate,Widowed,AB-,Indian,Bengaluru Urban,PS0146
P000809,Mahesh Rao,Male,1985-01-10,41,Doctor,No Formal Education,Married,O+,Indian,Chamarajanagar,PS0193
P000810,Vijay Rao,Male,1969-10-03,56,Carpenter,Diploma,Single,A-,Indian,Bidar,PS0181
P000811,Vinay Singh,Male,1957-02-26,69,Security Guard,Graduate,Divorced,B-,Indian,Chamarajanagar,PS0214
P000812,Vinay Sharma,Male,1985-07-29,40,Engineer,Graduate,Married,A-,Indian,Chamarajanagar,PS0193
P000813,Sunitha Naik,Female,1995-01-20,31,Security Guard,Primary,Single,A+,Indian,Bagalkote,PS0010
P000814,Mahesh Hegde,Male,1960-10-31,65,Teacher,No Formal Education,Widowed,A+,Indian,Bidar,PS0170
P000815,Radhika Siddiqui,Female,1993-09-28,32,Doctor,Primary,Single,A+,Indian,Bengaluru Urban,PS0150
P000816,Kusuma Desai,Female,1991-01-14,35,Farmer,Post Graduate,Married,A+,Indian,Bengaluru Urban,PS0134
P000817,Bhavya Verma,Female,1993-05-29,33,Unemployed,Primary,Divorced,A+,Indian,Chamarajanagar,PS0197
P000818,Sowmya Hegde,Female,2007-09-26,18,Business,Primary,Single,A+,Indian,Belagavi,PS0063
P000819,Sanjay Rao,Male,2006-06-05,20,Teacher,Diploma,Divorced,O+,Indian,Ballari,PS0043
P000820,Sangeetha Angadi,Female,1994-11-21,31,Driver,PUC,Married,A+,Indian,Bengaluru Urban,PS0131
P000821,Manoj Bhat,Male,2007-06-10,19,Labour,Graduate,Divorced,B+,Indian,Bidar,PS0171
P000822,Vinay Bhat,Male,1985-10-06,40,Electrician,Graduate,Single,B+,Indian,Bengaluru Rural,PS0095
P000823,Vijay Pujari,Male,2005-03-11,21,Engineer,Post Graduate,Divorced,B-,Indian,Chamarajanagar,PS0195
P000824,Chetan Rao,Male,1961-02-19,65,Carpenter,PUC,Widowed,O-,Indian,Ballari,PS0040
P000825,Kusuma Hiremath,Female,2005-10-14,20,Carpenter,Diploma,Widowed,AB-,Indian,Chamarajanagar,PS0208
P000826,Kiran Verma,Male,1958-10-14,67,Government Employee,PUC,Single,B-,Indian,Bidar,PS0186
P000827,Harish Angadi,Male,1974-02-14,52,Police,PhD,Divorced,O+,Indian,Bagalkote,PS0008
P000828,Mahesh Shetty,Male,1955-08-09,70,Software Engineer,No Formal Education,Single,AB-,Indian,Bidar,PS0183
P000829,Ravi Naik,Male,1967-10-11,58,Electrician,PhD,Married,AB-,Indian,Belagavi,PS0049
P000830,Rahul Rao,Male,1972-09-30,53,Electrician,High School,Married,AB+,Indian,Bengaluru Rural,PS0094
P000831,Naveen Kambali,Male,1977-01-24,49,Driver,PUC,Single,B+,Indian,Chamarajanagar,PS0217
P000832,Anjali Kumar,Female,1967-04-25,59,Nurse,Primary,Divorced,B-,Indian,Ballari,PS0036
P000833,Keerthi Sharma,Female,1988-02-29,38,Software Engineer,High School,Widowed,A-,Indian,Bagalkote,PS0012
P000834,Manoj Patil,Male,1972-01-06,54,Business,Post Graduate,Divorced,AB-,Indian,Bengaluru Urban,PS0121
P000835,Anitha Sharma,Female,1959-02-22,67,Unemployed,PUC,Divorced,B+,Indian,Bengaluru Urban,PS0143
P000836,Nisha Gowda,Female,1980-02-16,46,Teacher,PhD,Married,A-,Indian,Bagalkote,PS0006
P000837,Vidya Angadi,Female,1960-10-26,65,Driver,Post Graduate,Divorced,O-,Indian,Bagalkote,PS0008
P000838,Pooja Hegde,Female,1988-07-17,38,Mechanic,PhD,Widowed,O-,Indian,Bengaluru Urban,PS0135
P000839,Preethi Desai,Female,2007-05-23,19,Engineer,PUC,Married,B-,Indian,Bengaluru Rural,PS0106
P000840,Kusuma Sharma,Female,1990-07-08,36,Business,Diploma,Widowed,O+,Indian,Bidar,PS0153
P000841,Siddu Kulkarni,Male,1977-11-01,48,Shop Owner,Primary,Married,A-,Indian,Bengaluru Rural,PS0091
P000842,Keerthi Pujari,Female,1986-07-17,40,Police,No Formal Education,Widowed,AB-,Indian,Ballari,PS0037
P000843,Keerthi Verma,Female,1993-10-20,32,Labour,Graduate,Widowed,AB-,Indian,Bengaluru Rural,PS0088
P000844,Bhavya Kumar,Female,1971-02-10,55,Sales Executive,PUC,Divorced,A-,Indian,Ballari,PS0030
P000845,Divya Bhat,Female,2000-01-06,26,Mechanic,Primary,Divorced,B-,Indian,Belagavi,PS0066
P000846,Kiran Reddy,Male,1987-04-27,39,Engineer,PUC,Divorced,B-,Indian,Bengaluru Rural,PS0107
P000847,Asha Bhat,Female,1979-08-16,46,Business,High School,Divorced,A+,Indian,Bengaluru Rural,PS0085
P000848,Megha Kulkarni,Female,1991-03-25,35,Nurse,No Formal Education,Widowed,B+,Indian,Bengaluru Urban,PS0144
P000849,Nisha Sharma,Female,1973-10-30,52,Government Employee,PUC,Widowed,O-,Indian,Bagalkote,PS0015
P000850,Vidya Reddy,Female,1983-02-01,43,Business,Post Graduate,Widowed,B-,Indian,Bengaluru Rural,PS0106
P000851,Keerthi Kambali,Female,1957-09-13,68,Software Engineer,High School,Married,AB+,Indian,Ballari,PS0045
P000852,Vinay Kulkarni,Male,1985-06-27,41,Police,Post Graduate,Widowed,O+,Indian,Belagavi,PS0067
P000853,Swathi Hiremath,Female,1957-01-31,69,Security Guard,No Formal Education,Married,B+,Indian,Bagalkote,PS0017
P000854,Preethi Siddiqui,Female,2006-06-26,20,Nurse,Post Graduate,Married,O+,Indian,Belagavi,PS0062
P000855,Ravi Desai,Male,1971-11-24,54,Government Employee,Primary,Divorced,O-,Indian,Ballari,PS0036
P000856,Divya Shetty,Female,1964-05-11,62,Shop Owner,High School,Single,O-,Indian,Bengaluru Rural,PS0072
P000857,Akash Rao,Male,1961-03-27,65,Nurse,Diploma,Married,B-,Indian,Ballari,PS0033
P000858,Roopa Pujari,Female,1961-04-12,65,Sales Executive,No Formal Education,Divorced,A+,Indian,Bidar,PS0169
P000859,Naveen Singh,Male,1990-02-01,36,Driver,Primary,Married,O+,Indian,Chikkaballapura,PS0236
P000860,Sangeetha Reddy,Female,1989-11-24,36,Business,High School,Married,AB+,Indian,Chamarajanagar,PS0211
P000861,Geetha Poojary,Female,1969-03-30,57,Unemployed,Diploma,Married,O-,Indian,Bagalkote,PS0016
P000862,Lakshmi Kumar,Female,1967-10-20,58,Sales Executive,Primary,Widowed,B-,Indian,Chamarajanagar,PS0203
P000863,Preethi Poojary,Female,1996-04-14,30,Sales Executive,No Formal Education,Single,AB+,Indian,Bengaluru Rural,PS0085
P000864,Deepa Bhat,Female,1990-02-01,36,Unemployed,High School,Widowed,B-,Indian,Belagavi,PS0064
P000865,Lokesh Singh,Male,1996-01-28,30,Nurse,High School,Single,O+,Indian,Bengaluru Rural,PS0080
P000866,Vijay Shetty,Male,1979-07-25,46,Shop Owner,Diploma,Single,B-,Indian,Chamarajanagar,PS0194
P000867,Shreya Kambali,Female,1965-11-16,60,Software Engineer,Primary,Single,AB-,Indian,Ballari,PS0030
P000868,Keerthi Shetty,Female,1977-09-04,48,Business,No Formal Education,Widowed,A+,Indian,Belagavi,PS0052
P000869,Chetan Verma,Male,1989-03-12,37,Carpenter,Post Graduate,Married,O+,Indian,Bengaluru Rural,PS0082
P000870,Rahul Joshi,Male,1965-04-15,61,Teacher,Graduate,Widowed,O-,Indian,Ballari,PS0041
P000871,Divya Reddy,Female,2004-03-14,22,Police,PhD,Married,O-,Indian,Bengaluru Rural,PS0103
P000872,Geetha Shetty,Female,1970-04-21,56,Student,Primary,Married,AB+,Indian,Bidar,PS0182
P000873,Ravi Desai,Male,1970-02-10,56,Doctor,No Formal Education,Divorced,B+,Indian,Bagalkote,PS0021
P000874,Deepa Shetty,Female,1974-06-09,52,Engineer,PUC,Widowed,A+,Indian,Bidar,PS0168
P000875,Mahesh Bhat,Male,1994-10-31,31,Engineer,No Formal Education,Single,O+,Indian,Bengaluru Rural,PS0082
P000876,Vijay Kulkarni,Male,1976-05-26,50,Business,Primary,Single,O+,Indian,Bagalkote,PS0023
P000877,Rahul Hegde,Male,1972-03-28,54,Doctor,PUC,Single,B+,Indian,Chamarajanagar,PS0199
P000878,Arjun Singh,Male,2000-12-23,25,Farmer,Graduate,Divorced,B-,Indian,Belagavi,PS0053
P000879,Ravi Desai,Male,1993-05-21,33,Farmer,PUC,Married,A-,Indian,Bidar,PS0170
P000880,Swathi Shetty,Female,1956-05-06,70,Nurse,Graduate,Single,O+,Indian,Bengaluru Rural,PS0107
P000881,Harish Sharma,Male,1960-12-03,65,Lawyer,Graduate,Single,A-,Indian,Bengaluru Rural,PS0090
P000882,Suresh Bhat,Male,1999-10-27,26,Farmer,High School,Divorced,A-,Indian,Chikkaballapura,PS0245
P000883,Anitha Desai,Female,1966-12-04,59,Carpenter,High School,Divorced,O-,Indian,Bengaluru Urban,PS0142
P000884,Naveen Kumar,Male,2007-06-27,19,Sales Executive,Post Graduate,Married,A+,Indian,Bidar,PS0154
P000885,Rahul Angadi,Male,1966-02-17,60,Electrician,PUC,Widowed,B-,Indian,Belagavi,PS0053
P000886,Arjun Patil,Male,1988-08-07,37,Government Employee,Diploma,Married,B+,Indian,Belagavi,PS0067
P000887,Lakshmi Siddiqui,Female,1958-05-27,68,Police,PhD,Divorced,B+,Indian,Belagavi,PS0050
P000888,Swathi Siddiqui,Female,1958-07-21,68,Mechanic,Post Graduate,Divorced,A+,Indian,Bengaluru Urban,PS0111
P000889,Shivakumar Hegde,Male,1985-09-30,40,Police,PUC,Single,B-,Indian,Chamarajanagar,PS0215
P000890,Lokesh Desai,Male,2001-10-13,24,Carpenter,High School,Widowed,A+,Indian,Bengaluru Rural,PS0086
P000891,Shivakumar Poojary,Male,1961-04-12,65,Business,No Formal Education,Married,B-,Indian,Chamarajanagar,PS0230
P000892,Rohit Shetty,Male,2004-03-28,22,Business,PUC,Single,O+,Indian,Bengaluru Rural,PS0098
P000893,Megha Shetty,Female,1972-09-20,53,Police,Post Graduate,Married,B-,Indian,Ballari,PS0029
P000894,Megha Hiremath,Female,1995-03-20,31,Business,Diploma,Widowed,A-,Indian,Belagavi,PS0064
P000895,Bhavya Desai,Female,1970-01-19,56,Government Employee,PhD,Widowed,O+,Indian,Bidar,PS0156
P000896,Siddu Poojary,Male,1956-10-11,69,Nurse,Post Graduate,Single,AB+,Indian,Bengaluru Urban,PS0127
P000897,Ravi Shetty,Male,1978-01-30,48,Nurse,PhD,Divorced,O-,Indian,Ballari,PS0045
P000898,Bhavya Kambali,Female,1998-02-20,28,Doctor,Graduate,Married,O-,Indian,Belagavi,PS0048
P000899,Manoj Rao,Male,1955-05-17,71,Student,Graduate,Widowed,O+,Indian,Bidar,PS0171
P000900,Bhavya Kulkarni,Female,1989-06-15,37,Government Employee,Diploma,Single,O+,Indian,Bagalkote,PS0018
P000901,Kiran Desai,Male,2005-09-28,20,Driver,PUC,Widowed,AB+,Indian,Bengaluru Rural,PS0087
P000902,Sowmya Poojary,Female,1988-01-12,38,Engineer,Post Graduate,Widowed,B-,Indian,Bidar,PS0168
P000903,Vinay Gowda,Male,1987-06-04,39,Student,High School,Divorced,O-,Indian,Bagalkote,PS0014
P000904,Ajay Sharma,Male,2006-11-20,19,Driver,No Formal Education,Single,A-,Indian,Bengaluru Urban,PS0151
P000905,Bhavya Hiremath,Female,1962-03-17,64,Mechanic,PUC,Widowed,B+,Indian,Chikkaballapura,PS0248
P000906,Asha Bhat,Female,1999-12-01,26,Shop Owner,Post Graduate,Divorced,O+,Indian,Chamarajanagar,PS0226
P000907,Kiran Siddiqui,Male,2006-05-16,20,Software Engineer,High School,Divorced,B-,Indian,Chamarajanagar,PS0214
P000908,Rekha Bhat,Female,1955-07-30,70,Driver,PhD,Single,A-,Indian,Bengaluru Urban,PS0146
P000909,Abhishek Singh,Male,2002-02-04,24,Labour,Diploma,Widowed,B+,Indian,Bengaluru Urban,PS0138
P000910,Prakash Shetty,Male,1967-01-19,59,Business,PhD,Married,A-,Indian,Bengaluru Urban,PS0137
P000911,Preethi Rao,Female,1971-08-27,54,Business,No Formal Education,Married,B-,Indian,Bidar,PS0163
P000912,Kusuma Singh,Female,1994-07-16,32,Unemployed,Primary,Married,A-,Indian,Chamarajanagar,PS0216
P000913,Divya Desai,Female,1966-03-09,60,Lawyer,Primary,Divorced,A+,Indian,Belagavi,PS0057
P000914,Vinay Poojary,Male,1964-01-17,62,Student,No Formal Education,Divorced,A+,Indian,Ballari,PS0027
P000915,Kiran Rao,Male,2001-11-10,24,Student,Post Graduate,Divorced,O-,Indian,Bidar,PS0156
P000916,Sunitha Hegde,Female,1993-07-12,33,Carpenter,Graduate,Divorced,AB-,Indian,Belagavi,PS0052
P000917,Prakash Desai,Male,1988-12-13,37,Unemployed,No Formal Education,Divorced,AB-,Indian,Bengaluru Rural,PS0097
P000918,Rahul Verma,Male,1991-01-18,35,Teacher,No Formal Education,Single,AB+,Indian,Bengaluru Urban,PS0128
P000919,Prakash Verma,Male,1997-08-19,28,Mechanic,Post Graduate,Married,A+,Indian,Chikkaballapura,PS0249
P000920,Priya Siddiqui,Female,1987-04-26,39,Engineer,Graduate,Widowed,B-,Indian,Belagavi,PS0061
P000921,Bhavya Angadi,Female,1962-04-20,64,Software Engineer,Post Graduate,Widowed,A-,Indian,Bidar,PS0170
P000922,Megha Angadi,Female,1972-07-02,54,Teacher,No Formal Education,Married,O-,Indian,Bidar,PS0167
P000923,Suraj Kambali,Male,1996-11-17,29,Driver,PhD,Single,O-,Indian,Belagavi,PS0061
P000924,Vijay Rao,Male,1970-04-16,56,Doctor,Primary,Widowed,A+,Indian,Bengaluru Rural,PS0086
P000925,Naveen Desai,Male,1980-02-25,46,Police,Diploma,Widowed,A-,Indian,Bengaluru Rural,PS0077
P000926,Ravi Siddiqui,Male,1999-02-19,27,Doctor,Graduate,Married,A-,Indian,Bagalkote,PS0012
P000927,Bhavya Desai,Female,2005-05-30,21,Labour,PUC,Married,AB+,Indian,Chikkaballapura,PS0242
P000928,Suraj Reddy,Male,1964-12-28,61,Doctor,Graduate,Married,A-,Indian,Ballari,PS0032
P000929,Sneha Hegde,Female,1989-02-09,37,Security Guard,No Formal Education,Divorced,A+,Indian,Bengaluru Rural,PS0082
P000930,Shivakumar Desai,Male,1993-01-04,33,Carpenter,Graduate,Married,B-,Indian,Bengaluru Urban,PS0141
P000931,Mahesh Kumar,Male,2003-04-17,23,Sales Executive,Graduate,Married,AB+,Indian,Chamarajanagar,PS0215
P000932,Vinay Verma,Male,1968-03-23,58,Unemployed,Diploma,Married,A+,Indian,Bengaluru Urban,PS0135
P000933,Megha Pujari,Female,1966-01-28,60,Lawyer,PhD,Married,O-,Indian,Bidar,PS0157
P000934,Rekha Desai,Female,1960-04-11,66,Carpenter,High School,Married,B-,Indian,Chamarajanagar,PS0229
P000935,Shivakumar Shetty,Male,1998-09-26,27,Nurse,Diploma,Married,A+,Indian,Chamarajanagar,PS0208
P000936,Swathi Singh,Female,1997-06-22,29,Software Engineer,Post Graduate,Widowed,A-,Indian,Bagalkote,PS0021
P000937,Megha Rao,Female,2004-03-01,22,Nurse,Primary,Married,AB-,Indian,Bengaluru Urban,PS0147
P000938,Shivakumar Bhat,Male,1996-01-18,30,Driver,High School,Widowed,O-,Indian,Chamarajanagar,PS0195
P000939,Sneha Rao,Female,1974-07-27,51,Business,No Formal Education,Divorced,A-,Indian,Bidar,PS0170
P000940,Mahesh Singh,Male,1970-02-03,56,Engineer,Primary,Divorced,O-,Indian,Bengaluru Rural,PS0106
P000941,Arjun Naik,Male,2001-03-29,25,Carpenter,Post Graduate,Married,O+,Indian,Bengaluru Rural,PS0077
P000942,Arjun Naik,Male,1976-08-10,49,Nurse,PhD,Divorced,B+,Indian,Ballari,PS0032
P000943,Sunitha Reddy,Female,1996-08-06,29,Nurse,Diploma,Widowed,AB-,Indian,Chikkaballapura,PS0238
P000944,Kiran Naik,Male,1962-05-31,64,Farmer,PhD,Married,A+,Indian,Belagavi,PS0066
P000945,Asha Naik,Female,1971-04-01,55,Nurse,PhD,Widowed,AB+,Indian,Chamarajanagar,PS0201
P000946,Kiran Hegde,Male,1960-09-11,65,Shop Owner,High School,Widowed,A+,Indian,Chamarajanagar,PS0219
P000947,Harini Kambali,Female,2002-07-22,24,Government Employee,Primary,Single,B-,Indian,Chikkaballapura,PS0245
P000948,Akash Angadi,Male,1971-02-22,55,Student,PhD,Divorced,A-,Indian,Bidar,PS0172
P000949,Manoj Hiremath,Male,1973-07-02,53,Driver,Primary,Divorced,A+,Indian,Bengaluru Urban,PS0114
P000950,Kiran Pujari,Male,1981-10-14,44,Software Engineer,High School,Widowed,A+,Indian,Bengaluru Rural,PS0093
P000951,Suraj Gowda,Male,2001-08-08,24,Electrician,PhD,Married,O-,Indian,Bengaluru Rural,PS0109
P000952,Sowmya Kulkarni,Female,2003-04-15,23,Mechanic,PUC,Single,A+,Indian,Ballari,PS0043
P000953,Arjun Rao,Male,1967-09-17,58,Electrician,PUC,Married,B-,Indian,Belagavi,PS0051
P000954,Asha Patil,Female,1992-11-10,33,Doctor,Diploma,Divorced,O+,Indian,Bagalkote,PS0007
P000955,Mahesh Verma,Male,1962-06-21,64,Lawyer,Post Graduate,Married,B-,Indian,Bengaluru Urban,PS0131
P000956,Chetan Joshi,Male,1972-04-13,54,Software Engineer,High School,Widowed,B+,Indian,Ballari,PS0044
P000957,Vidya Singh,Female,1988-12-30,37,Student,PUC,Single,AB+,Indian,Bagalkote,PS0025
P000958,Ravi Naik,Male,2004-03-12,22,Labour,Primary,Divorced,A-,Indian,Bengaluru Rural,PS0081
P000959,Swathi Joshi,Female,1968-02-16,58,Police,Diploma,Single,A-,Indian,Chamarajanagar,PS0198
P000960,Nisha Desai,Female,1964-06-02,62,Farmer,High School,Divorced,O-,Indian,Chikkaballapura,PS0246
P000961,Ganesh Kulkarni,Male,2006-05-01,20,Electrician,Diploma,Single,A+,Indian,Bengaluru Urban,PS0152
P000962,Naveen Desai,Male,1971-03-18,55,Software Engineer,Post Graduate,Widowed,B+,Indian,Belagavi,PS0056
P000963,Priya Pujari,Female,1968-12-13,57,Teacher,High School,Widowed,AB+,Indian,Bengaluru Urban,PS0147
P000964,Puneeth Siddiqui,Male,1988-03-17,38,Police,Post Graduate,Widowed,B+,Indian,Bengaluru Rural,PS0077
P000965,Deepa Verma,Female,2000-01-22,26,Electrician,Diploma,Widowed,B-,Indian,Bengaluru Urban,PS0120
P000966,Anitha Reddy,Female,1982-06-03,44,Labour,Graduate,Single,A-,Indian,Bengaluru Rural,PS0102
P000967,Puneeth Sharma,Male,1963-05-27,63,Driver,No Formal Education,Single,AB+,Indian,Bengaluru Urban,PS0146
P000968,Vidya Kumar,Female,1993-01-14,33,Mechanic,High School,Widowed,O-,Indian,Chamarajanagar,PS0211
P000969,Mahesh Kumar,Male,1972-01-23,54,Student,Post Graduate,Divorced,B-,Indian,Chikkaballapura,PS0236
P000970,Lokesh Verma,Male,1970-02-13,56,Mechanic,PUC,Married,A-,Indian,Chikkaballapura,PS0243
P000971,Geetha Patil,Female,2001-01-31,25,Software Engineer,No Formal Education,Widowed,O-,Indian,Bengaluru Urban,PS0133
P000972,Pooja Kulkarni,Female,1965-02-27,61,Carpenter,PUC,Single,AB+,Indian,Chamarajanagar,PS0199
P000973,Nandini Bhat,Female,1978-10-02,47,Business,No Formal Education,Widowed,B-,Indian,Belagavi,PS0055
P000974,Anitha Pujari,Female,1958-03-06,68,Sales Executive,PhD,Single,AB-,Indian,Chamarajanagar,PS0202
P000975,Lokesh Verma,Male,1984-06-22,42,Electrician,Graduate,Single,A+,Indian,Bidar,PS0183
P000976,Sangeetha Shetty,Female,1991-01-26,35,Software Engineer,No Formal Education,Single,O+,Indian,Ballari,PS0044
P000977,Lakshmi Reddy,Female,2002-06-20,24,Mechanic,High School,Widowed,A-,Indian,Chikkaballapura,PS0247
P000978,Priya Patil,Female,1977-06-10,49,Police,PhD,Widowed,AB-,Indian,Belagavi,PS0056
P000979,Deepa Singh,Female,1971-05-06,55,Shop Owner,Diploma,Single,O-,Indian,Chikkaballapura,PS0244
P000980,Pooja Patil,Female,1986-09-26,39,Labour,No Formal Education,Divorced,B-,Indian,Belagavi,PS0054
P000981,Ramesh Bhat,Male,1958-08-12,67,Teacher,Post Graduate,Widowed,AB-,Indian,Bengaluru Urban,PS0120
P000982,Akash Rao,Male,1997-12-31,28,Lawyer,Primary,Widowed,O-,Indian,Belagavi,PS0047
P000983,Vidya Patil,Female,1984-02-23,42,Nurse,Post Graduate,Married,A-,Indian,Bengaluru Rural,PS0089
P000984,Basavaraj Kumar,Male,1966-04-25,60,Teacher,Graduate,Single,B-,Indian,Belagavi,PS0046
P000985,Darshan Hegde,Male,1993-07-19,33,Unemployed,No Formal Education,Widowed,O-,Indian,Bengaluru Urban,PS0118
P000986,Megha Poojary,Female,1962-05-31,64,Labour,PUC,Married,B+,Indian,Bengaluru Rural,PS0104
P000987,Ajay Naik,Male,1978-08-23,47,Police,Post Graduate,Married,O-,Indian,Belagavi,PS0069
P000988,Pradeep Pujari,Male,1971-04-04,55,Business,High School,Married,A-,Indian,Belagavi,PS0060
P000989,Mahesh Gowda,Male,1979-07-27,46,Business,High School,Widowed,A+,Indian,Bagalkote,PS0021
P000990,Rohit Gowda,Male,1989-02-14,37,Labour,Diploma,Married,B-,Indian,Bidar,PS0185
P000991,Shreya Poojary,Female,1960-07-03,66,Mechanic,Post Graduate,Single,AB+,Indian,Bengaluru Urban,PS0121
P000992,Ajay Kulkarni,Male,1980-03-03,46,Software Engineer,Post Graduate,Married,AB-,Indian,Bidar,PS0169
P000993,Akash Gowda,Male,1955-01-18,71,Engineer,Graduate,Married,AB+,Indian,Chamarajanagar,PS0204
P000994,Asha Angadi,Female,1964-01-15,62,Labour,High School,Divorced,O-,Indian,Belagavi,PS0060
P000995,Swathi Bhat,Female,1965-01-02,61,Farmer,No Formal Education,Married,AB-,Indian,Bengaluru Rural,PS0099
P000996,Sangeetha Kulkarni,Female,2007-11-01,18,Mechanic,Graduate,Married,AB+,Indian,Bengaluru Urban,PS0114
P000997,Sanjay Desai,Male,1962-10-29,63,Farmer,High School,Single,A+,Indian,Bidar,PS0175
P000998,Ramesh Verma,Male,1963-11-07,62,Doctor,Graduate,Divorced,O-,Indian,Bagalkote,PS0004
P000999,Ravi Patil,Male,1958-12-06,67,Teacher,PUC,Widowed,AB+,Indian,Bengaluru Rural,PS0081
P001000,Deepa Verma,Female,1965-07-14,61,Labour,Primary,Widowed,O+,Indian,Chamarajanagar,PS0214
P001001,Akash Angadi,Male,1979-08-06,46,Teacher,Diploma,Single,A+,Indian,Bidar,PS0162
P001002,Puneeth Desai,Male,1999-05-31,27,Shop Owner,Primary,Married,O-,Indian,Chamarajanagar,PS0205
P001003,Harini Desai,Female,1990-12-18,35,Unemployed,Diploma,Married,B+,Indian,Chamarajanagar,PS0198
P001004,Akash Hiremath,Male,1974-07-17,52,Security Guard,No Formal Education,Widowed,AB+,Indian,Bengaluru Urban,PS0143
P001005,Kusuma Sharma,Female,1981-08-03,44,Lawyer,Primary,Married,B-,Indian,Bidar,PS0189
P001006,Ravi Sharma,Male,1981-03-08,45,Engineer,High School,Divorced,B+,Indian,Bengaluru Rural,PS0079
P001007,Kusuma Gowda,Female,1977-05-04,49,Business,Primary,Single,AB-,Indian,Chamarajanagar,PS0203
P001008,Swathi Reddy,Female,2004-04-11,22,Lawyer,High School,Widowed,AB+,Indian,Chamarajanagar,PS0193
P001009,Kavya Siddiqui,Female,1955-12-08,70,Software Engineer,PUC,Divorced,B+,Indian,Ballari,PS0041
P001010,Priya Kambali,Female,2007-04-30,19,Farmer,Post Graduate,Divorced,B-,Indian,Bengaluru Urban,PS0114
P001011,Nisha Hegde,Female,1979-02-11,47,Business,Post Graduate,Married,O-,Indian,Bengaluru Rural,PS0083
P001012,Puneeth Singh,Male,1988-01-27,38,Teacher,PhD,Single,O-,Indian,Bengaluru Urban,PS0122
P001013,Harish Shetty,Male,1970-10-19,55,Business,PhD,Married,AB+,Indian,Bengaluru Rural,PS0093
P001014,Suraj Shetty,Male,1970-12-11,55,Nurse,PUC,Single,B+,Indian,Bengaluru Urban,PS0111
P001015,Suresh Sharma,Male,1995-10-28,30,Nurse,Primary,Married,A+,Indian,Chamarajanagar,PS0195
P001016,Mahesh Desai,Male,1956-11-09,69,Farmer,No Formal Education,Single,B+,Indian,Belagavi,PS0054
P001017,Abhishek Reddy,Male,1979-01-05,47,Teacher,No Formal Education,Single,A-,Indian,Ballari,PS0043
P001018,Kusuma Reddy,Female,1973-02-24,53,Teacher,PhD,Widowed,B+,Indian,Bengaluru Urban,PS0142
P001019,Swathi Poojary,Female,1968-11-11,57,Police,No Formal Education,Divorced,A-,Indian,Ballari,PS0044
P001020,Siddu Gowda,Male,1964-03-23,62,Shop Owner,Diploma,Single,O+,Indian,Bengaluru Urban,PS0143
P001021,Rahul Sharma,Male,1957-02-25,69,Police,Post Graduate,Widowed,B+,Indian,Bagalkote,PS0015
P001022,Anitha Bhat,Female,1975-04-07,51,Nurse,Primary,Widowed,B+,Indian,Bidar,PS0156
P001023,Vijay Naik,Male,1980-04-13,46,Software Engineer,Primary,Divorced,A-,Indian,Ballari,PS0028
P001024,Divya Gowda,Female,1968-07-22,58,Driver,Post Graduate,Divorced,B+,Indian,Bidar,PS0168
P001025,Sneha Bhat,Female,1980-09-30,45,Software Engineer,Primary,Divorced,O-,Indian,Bengaluru Urban,PS0113
P001026,Asha Reddy,Female,1955-03-13,71,Teacher,High School,Divorced,B+,Indian,Bidar,PS0173
P001027,Keerthi Poojary,Female,1961-01-14,65,Farmer,Post Graduate,Divorced,B+,Indian,Bidar,PS0184
P001028,Naveen Patil,Male,1971-04-26,55,Nurse,Graduate,Divorced,O-,Indian,Bengaluru Rural,PS0089
P001029,Nandini Singh,Female,1984-11-30,41,Teacher,PUC,Widowed,O+,Indian,Belagavi,PS0059
P001030,Harini Kambali,Female,1999-03-12,27,Shop Owner,PUC,Widowed,A-,Indian,Chamarajanagar,PS0199
P001031,Sowmya Hiremath,Female,1974-09-05,51,Doctor,PUC,Divorced,A+,Indian,Chamarajanagar,PS0204
P001032,Shivakumar Kumar,Male,1987-07-07,39,Shop Owner,PhD,Married,A-,Indian,Belagavi,PS0054
P001033,Prakash Kulkarni,Male,1967-07-03,59,Electrician,PhD,Married,O+,Indian,Chamarajanagar,PS0225
P001034,Ramesh Sharma,Male,1960-01-05,66,Teacher,Primary,Married,O+,Indian,Bagalkote,PS0013
P001035,Pradeep Singh,Male,1988-05-06,38,Engineer,Primary,Single,O-,Indian,Chamarajanagar,PS0212
P001036,Rahul Patil,Male,1987-10-08,38,Teacher,Primary,Married,A-,Indian,Bengaluru Urban,PS0141
P001037,Sanjay Singh,Male,1968-06-06,58,Driver,PhD,Married,AB+,Indian,Chamarajanagar,PS0195
P001038,Shreya Hegde,Female,1994-10-31,31,Student,Diploma,Single,B+,Indian,Chamarajanagar,PS0221
P001039,Chetan Gowda,Male,1970-07-28,55,Mechanic,High School,Single,O+,Indian,Bengaluru Rural,PS0103
P001040,Roopa Verma,Female,2004-09-18,21,Lawyer,Diploma,Married,O+,Indian,Bengaluru Urban,PS0150
P001041,Ajay Reddy,Male,2001-10-14,24,Nurse,High School,Married,O+,Indian,Bengaluru Urban,PS0129
P001042,Vijay Desai,Male,1971-06-25,55,Shop Owner,Primary,Widowed,O-,Indian,Chamarajanagar,PS0213
P001043,Anitha Siddiqui,Female,1991-05-06,35,Nurse,High School,Single,AB-,Indian,Chamarajanagar,PS0218
P001044,Lakshmi Joshi,Female,1964-09-22,61,Farmer,Primary,Divorced,AB-,Indian,Chamarajanagar,PS0234
P001045,Vijay Bhat,Male,1969-08-08,56,Shop Owner,Primary,Single,B-,Indian,Bagalkote,PS0023
P001046,Abhishek Bhat,Male,1971-11-04,54,Shop Owner,PUC,Single,B-,Indian,Bidar,PS0170
P001047,Divya Hiremath,Female,2005-09-02,20,Engineer,PhD,Single,A+,Indian,Bengaluru Urban,PS0116
P001048,Divya Bhat,Female,1955-10-05,70,Software Engineer,Diploma,Widowed,B-,Indian,Bengaluru Rural,PS0082
P001049,Sunitha Desai,Female,1986-12-04,39,Teacher,Primary,Divorced,O+,Indian,Bidar,PS0159
P001050,Ganesh Patil,Male,1957-02-15,69,Security Guard,Post Graduate,Widowed,A+,Indian,Bengaluru Urban,PS0138
P001051,Pooja Patil,Female,1996-07-19,30,Doctor,Primary,Married,B-,Indian,Bengaluru Rural,PS0076
P001052,Abhishek Shetty,Male,2000-01-02,26,Mechanic,Graduate,Widowed,B+,Indian,Bengaluru Rural,PS0103
P001053,Megha Kulkarni,Female,1993-08-28,32,Engineer,Post Graduate,Married,B-,Indian,Belagavi,PS0052
P001054,Manoj Hiremath,Male,1999-08-20,26,Farmer,No Formal Education,Married,AB+,Indian,Belagavi,PS0059
P001055,Vinay Naik,Male,1995-10-21,30,Carpenter,High School,Divorced,B+,Indian,Belagavi,PS0046
P001056,Ajay Hiremath,Male,1987-08-06,38,Software Engineer,Primary,Single,B+,Indian,Bengaluru Urban,PS0128
P001057,Asha Poojary,Female,1977-12-20,48,Sales Executive,High School,Single,O-,Indian,Bagalkote,PS0018
P001058,Prakash Bhat,Male,1990-12-20,35,Labour,High School,Widowed,AB-,Indian,Bengaluru Urban,PS0115
P001059,Deepa Reddy,Female,1992-01-26,34,Mechanic,PhD,Divorced,A+,Indian,Bengaluru Urban,PS0137
P001060,Puneeth Sharma,Male,2005-04-24,21,Student,High School,Single,AB+,Indian,Chikkaballapura,PS0238
P001061,Pooja Hiremath,Female,1990-10-27,35,Doctor,PUC,Widowed,O-,Indian,Belagavi,PS0055
P001062,Prakash Verma,Male,1997-01-11,29,Shop Owner,PhD,Single,A-,Indian,Chamarajanagar,PS0219
P001063,Puneeth Naik,Male,1990-08-12,35,Labour,PUC,Widowed,AB-,Indian,Bidar,PS0179
P001064,Naveen Hegde,Male,1998-08-17,27,Business,PhD,Single,AB+,Indian,Bengaluru Urban,PS0146
P001065,Kavya Kambali,Female,1968-12-21,57,Government Employee,High School,Married,AB-,Indian,Chikkaballapura,PS0242
P001066,Lokesh Desai,Male,1960-08-06,65,Software Engineer,Post Graduate,Widowed,B-,Indian,Bidar,PS0176
P001067,Ramesh Kumar,Male,1992-12-10,33,Lawyer,Diploma,Married,A-,Indian,Bidar,PS0153
P001068,Rohit Joshi,Male,1991-05-05,35,Doctor,Diploma,Widowed,O+,Indian,Bagalkote,PS0004
P001069,Darshan Joshi,Male,1971-07-07,55,Engineer,Primary,Widowed,AB-,Indian,Chamarajanagar,PS0208
P001070,Pooja Rao,Female,1986-05-03,40,Labour,PhD,Widowed,B+,Indian,Bengaluru Rural,PS0078
P001071,Deepa Hiremath,Female,1989-11-29,36,Student,PUC,Single,B+,Indian,Ballari,PS0027
P001072,Roopa Hegde,Female,1956-04-09,70,Teacher,PhD,Married,O-,Indian,Bengaluru Urban,PS0136
P001073,Anjali Singh,Female,1978-07-30,47,Mechanic,No Formal Education,Widowed,B+,Indian,Bengaluru Urban,PS0146
P001074,Anitha Hiremath,Female,1963-09-29,62,Engineer,PUC,Married,O+,Indian,Bidar,PS0192
P001075,Lokesh Desai,Male,1974-05-23,52,Software Engineer,PUC,Married,A+,Indian,Bagalkote,PS0018
P001076,Geetha Kulkarni,Female,1956-06-14,70,Electrician,Diploma,Single,O-,Indian,Bengaluru Rural,PS0102
P001077,Shreya Singh,Female,1986-07-22,40,Software Engineer,Post Graduate,Divorced,A-,Indian,Bagalkote,PS0018
P001078,Harish Singh,Male,1988-06-22,38,Driver,High School,Widowed,O+,Indian,Bidar,PS0176
P001079,Kusuma Singh,Female,1980-05-30,46,Unemployed,Primary,Single,A-,Indian,Bidar,PS0184
P001080,Chetan Kumar,Male,1991-11-24,34,Farmer,PhD,Single,O-,Indian,Bengaluru Urban,PS0140
P001081,Darshan Bhat,Male,1992-09-26,33,Business,PUC,Widowed,O+,Indian,Bidar,PS0158
P001082,Ramesh Poojary,Male,1966-03-01,60,Software Engineer,PhD,Widowed,O+,Indian,Bengaluru Urban,PS0143
P001083,Prakash Sharma,Male,2000-07-14,26,Electrician,Diploma,Divorced,AB+,Indian,Bengaluru Urban,PS0140
P001084,Roopa Sharma,Female,1955-05-17,71,Labour,No Formal Education,Single,A+,Indian,Ballari,PS0040
P001085,Basavaraj Kulkarni,Male,2001-07-23,25,Unemployed,Graduate,Divorced,B+,Indian,Bidar,PS0153
P001086,Nisha Kambali,Female,1990-02-10,36,Business,Post Graduate,Single,O+,Indian,Bengaluru Urban,PS0120
P001087,Chetan Desai,Male,1970-08-02,55,Nurse,Graduate,Married,O+,Indian,Bidar,PS0161
P001088,Kiran Patil,Male,2000-03-28,26,Farmer,Post Graduate,Divorced,B+,Indian,Bidar,PS0188
P001089,Lakshmi Reddy,Female,1963-05-15,63,Student,Post Graduate,Single,B+,Indian,Belagavi,PS0050
P001090,Lokesh Kambali,Male,1962-01-25,64,Security Guard,Post Graduate,Single,B+,Indian,Belagavi,PS0053
P001091,Anitha Siddiqui,Female,1987-02-16,39,Driver,PUC,Married,AB+,Indian,Chamarajanagar,PS0195
P001092,Ravi Sharma,Male,1988-12-02,37,Lawyer,No Formal Education,Divorced,A-,Indian,Bidar,PS0182
P001093,Chetan Kumar,Male,2006-12-23,19,Farmer,Primary,Widowed,A-,Indian,Bengaluru Urban,PS0129
P001094,Manoj Bhat,Male,1978-07-04,48,Driver,Primary,Single,O-,Indian,Bagalkote,PS0004
P001095,Geetha Rao,Female,1990-01-22,36,Farmer,PhD,Single,O+,Indian,Bengaluru Rural,PS0074
P001096,Vinay Siddiqui,Male,1961-11-05,64,Business,Post Graduate,Widowed,AB-,Indian,Bidar,PS0155
P001097,Vidya Shetty,Female,1971-02-17,55,Electrician,No Formal Education,Married,A+,Indian,Bidar,PS0181
P001098,Naveen Kulkarni,Male,1998-05-31,28,Unemployed,No Formal Education,Married,AB+,Indian,Bengaluru Rural,PS0109
P001099,Ramesh Angadi,Male,1957-08-26,68,Shop Owner,No Formal Education,Married,B-,Indian,Ballari,PS0037
P001100,Anjali Rao,Female,1957-08-24,68,Carpenter,High School,Married,A-,Indian,Bidar,PS0168
P001101,Ajay Joshi,Male,1998-03-16,28,Business,Primary,Divorced,AB+,Indian,Bengaluru Urban,PS0146
P001102,Sangeetha Poojary,Female,1994-02-13,32,Mechanic,Post Graduate,Married,AB+,Indian,Ballari,PS0036
P001103,Ramesh Joshi,Male,1990-03-30,36,Farmer,Diploma,Married,B-,Indian,Ballari,PS0028
P001104,Shreya Verma,Female,1993-01-06,33,Unemployed,Diploma,Divorced,A-,Indian,Belagavi,PS0052
P001105,Shreya Rao,Female,2005-11-18,20,Software Engineer,Graduate,Single,O-,Indian,Bidar,PS0183
P001106,Arjun Pujari,Male,1977-09-14,48,Security Guard,Post Graduate,Divorced,AB-,Indian,Bagalkote,PS0016
P001107,Priya Naik,Female,1971-02-21,55,Carpenter,Post Graduate,Married,AB-,Indian,Chamarajanagar,PS0218
P001108,Rohit Rao,Male,1988-05-05,38,Software Engineer,High School,Divorced,A-,Indian,Chamarajanagar,PS0218
P001109,Naveen Kumar,Male,1984-07-03,42,Business,PhD,Divorced,B-,Indian,Bidar,PS0175
P001110,Mahesh Bhat,Male,1974-01-13,52,Mechanic,PUC,Single,AB+,Indian,Chikkaballapura,PS0245
P001111,Sanjay Siddiqui,Male,1992-11-01,33,Labour,Graduate,Divorced,B-,Indian,Bengaluru Urban,PS0123
P001112,Arjun Poojary,Male,1999-09-26,26,Engineer,Diploma,Widowed,A-,Indian,Bidar,PS0171
P001113,Harish Shetty,Male,1984-04-29,42,Security Guard,Post Graduate,Married,A+,Indian,Ballari,PS0034
P001114,Priya Siddiqui,Female,2006-08-27,19,Student,PhD,Divorced,B+,Indian,Bidar,PS0162
P001115,Kavya Kambali,Female,2002-04-29,24,Engineer,Graduate,Single,A-,Indian,Chamarajanagar,PS0226
P001116,Anjali Singh,Female,1982-01-02,44,Lawyer,Graduate,Divorced,O+,Indian,Chikkaballapura,PS0239
P001117,Ravi Hegde,Male,1999-04-21,27,Unemployed,No Formal Education,Widowed,AB+,Indian,Bagalkote,PS0024
P001118,Nandini Siddiqui,Female,1965-11-22,60,Software Engineer,Primary,Single,B-,Indian,Bidar,PS0176
P001119,Siddu Kumar,Male,1967-06-13,59,Farmer,Graduate,Widowed,B-,Indian,Bidar,PS0155
P001120,Rohit Rao,Male,1988-02-04,38,Shop Owner,No Formal Education,Single,AB+,Indian,Belagavi,PS0059
P001121,Kiran Gowda,Male,1982-04-19,44,Doctor,Diploma,Divorced,O+,Indian,Bidar,PS0167
P001122,Rekha Shetty,Female,1967-05-12,59,Security Guard,PhD,Single,B+,Indian,Chamarajanagar,PS0202
P001123,Kusuma Patil,Female,2007-05-28,19,Labour,PhD,Single,B-,Indian,Ballari,PS0036
P001124,Roopa Poojary,Female,1980-03-02,46,Carpenter,PhD,Married,A-,Indian,Bengaluru Urban,PS0139
P001125,Sunitha Bhat,Female,1962-06-06,64,Software Engineer,PUC,Married,A-,Indian,Bengaluru Rural,PS0073
P001126,Vinay Gowda,Male,1974-01-23,52,Student,PUC,Widowed,O+,Indian,Bidar,PS0181
P001127,Vinay Naik,Male,1985-07-17,41,Business,Graduate,Divorced,O-,Indian,Chamarajanagar,PS0197
P001128,Shivakumar Pujari,Male,1964-06-24,62,Teacher,PUC,Divorced,O+,Indian,Bengaluru Urban,PS0139
P001129,Kusuma Angadi,Female,2001-01-24,25,Business,Post Graduate,Married,A-,Indian,Bengaluru Urban,PS0139
P001130,Shreya Shetty,Female,1982-07-22,44,Security Guard,Primary,Married,O-,Indian,Belagavi,PS0052
P001131,Puneeth Naik,Male,1976-07-31,49,Student,PhD,Married,AB+,Indian,Bengaluru Rural,PS0078
P001132,Vinay Pujari,Male,1995-08-11,30,Software Engineer,Diploma,Single,A-,Indian,Bengaluru Rural,PS0082
P001133,Shreya Rao,Female,1968-07-06,58,Nurse,Post Graduate,Divorced,A+,Indian,Ballari,PS0027
P001134,Asha Kulkarni,Female,1963-10-11,62,Engineer,Post Graduate,Widowed,B-,Indian,Bengaluru Urban,PS0112
P001135,Lakshmi Desai,Female,1970-11-06,55,Unemployed,Diploma,Widowed,O+,Indian,Bengaluru Urban,PS0113
P001136,Darshan Gowda,Male,1977-05-02,49,Farmer,PUC,Single,A+,Indian,Bengaluru Rural,PS0070
P001137,Sanjay Joshi,Male,1976-06-02,50,Doctor,Primary,Divorced,B-,Indian,Bidar,PS0154
P001138,Bhavya Desai,Female,1964-02-02,62,Police,Diploma,Widowed,B-,Indian,Bengaluru Rural,PS0071
P001139,Basavaraj Rao,Male,1986-03-10,40,Electrician,Diploma,Single,A-,Indian,Ballari,PS0038
P001140,Ganesh Angadi,Male,1997-10-09,28,Electrician,PUC,Married,AB-,Indian,Ballari,PS0033
P001141,Akash Shetty,Male,1984-10-19,41,Sales Executive,High School,Single,O-,Indian,Bidar,PS0189
P001142,Swathi Kumar,Female,1970-12-04,55,Lawyer,Primary,Married,A+,Indian,Bengaluru Rural,PS0099
P001143,Nandini Hiremath,Female,1955-02-02,71,Government Employee,PUC,Widowed,A-,Indian,Chamarajanagar,PS0204
P001144,Siddu Kumar,Male,2005-11-22,20,Electrician,PUC,Married,B+,Indian,Bidar,PS0180
P001145,Kiran Bhat,Male,1985-02-11,41,Sales Executive,PhD,Divorced,AB+,Indian,Belagavi,PS0059
P001146,Asha Kulkarni,Female,1996-02-27,30,Student,Graduate,Divorced,AB-,Indian,Ballari,PS0026
P001147,Anjali Joshi,Female,2001-08-03,24,Student,High School,Widowed,B-,Indian,Bengaluru Urban,PS0140
P001148,Prakash Poojary,Male,1957-10-09,68,Police,Post Graduate,Divorced,B-,Indian,Bengaluru Rural,PS0075
P001149,Ramesh Desai,Male,1964-09-06,61,Lawyer,PhD,Married,AB+,Indian,Ballari,PS0041
P001150,Swathi Desai,Female,2007-11-09,18,Labour,Diploma,Divorced,B-,Indian,Belagavi,PS0050
P001151,Sanjay Pujari,Male,1985-10-18,40,Unemployed,Primary,Widowed,O-,Indian,Bidar,PS0173
P001152,Megha Naik,Female,1955-10-01,70,Government Employee,High School,Widowed,B+,Indian,Bidar,PS0157
P001153,Radhika Kambali,Female,1969-08-03,56,Electrician,PhD,Divorced,A-,Indian,Chamarajanagar,PS0213
P001154,Priya Verma,Female,1958-09-03,67,Business,Diploma,Single,A+,Indian,Bengaluru Rural,PS0074
P001155,Megha Kumar,Female,1993-08-09,32,Software Engineer,No Formal Education,Single,AB+,Indian,Chamarajanagar,PS0224
P001156,Prakash Bhat,Male,2000-01-14,26,Shop Owner,High School,Single,AB+,Indian,Bidar,PS0163
P001157,Puneeth Rao,Male,1993-10-05,32,Security Guard,Primary,Divorced,B-,Indian,Bengaluru Urban,PS0148
P001158,Vinay Kulkarni,Male,1977-04-25,49,Nurse,Post Graduate,Widowed,A-,Indian,Bengaluru Rural,PS0089
P001159,Megha Angadi,Female,1982-11-17,43,Driver,Post Graduate,Divorced,B+,Indian,Chamarajanagar,PS0210
P001160,Ajay Patil,Male,1992-05-07,34,Shop Owner,PUC,Divorced,AB+,Indian,Belagavi,PS0061
P001161,Suraj Hiremath,Male,1996-05-16,30,Shop Owner,High School,Widowed,O+,Indian,Bengaluru Rural,PS0082
P001162,Manoj Pujari,Male,1994-08-24,31,Carpenter,Graduate,Widowed,AB-,Indian,Bengaluru Urban,PS0118
P001163,Keerthi Singh,Female,1991-10-22,34,Sales Executive,No Formal Education,Single,O+,Indian,Bidar,PS0171
P001164,Abhishek Patil,Male,1982-02-16,44,Police,Graduate,Married,AB+,Indian,Chikkaballapura,PS0240
P001165,Abhishek Desai,Male,1966-04-19,60,Nurse,No Formal Education,Widowed,O-,Indian,Bengaluru Rural,PS0106
P001166,Rohit Gowda,Male,1979-03-29,47,Farmer,Graduate,Single,AB+,Indian,Belagavi,PS0048
P001167,Rekha Hegde,Female,1960-06-17,66,Farmer,No Formal Education,Married,B+,Indian,Bengaluru Urban,PS0141
P001168,Sneha Sharma,Female,1968-11-19,57,Electrician,Diploma,Single,O-,Indian,Ballari,PS0043
P001169,Kiran Reddy,Male,1955-01-02,71,Teacher,Primary,Single,B-,Indian,Belagavi,PS0054
P001170,Kiran Poojary,Male,1957-03-18,69,Mechanic,PhD,Widowed,A+,Indian,Ballari,PS0029
P001171,Suraj Desai,Male,1998-05-25,28,Driver,PUC,Divorced,O-,Indian,Bidar,PS0160
P001172,Suresh Patil,Male,1956-12-10,69,Driver,High School,Married,B+,Indian,Bengaluru Urban,PS0134
P001173,Vinay Poojary,Male,1981-01-07,45,Electrician,Primary,Widowed,AB-,Indian,Bidar,PS0189
P001174,Bhavya Desai,Female,1964-08-18,61,Sales Executive,Post Graduate,Widowed,B+,Indian,Bengaluru Urban,PS0112
P001175,Suraj Verma,Male,1965-10-11,60,Security Guard,Post Graduate,Single,AB+,Indian,Chamarajanagar,PS0208
P001176,Chetan Siddiqui,Male,1994-11-16,31,Engineer,Graduate,Married,O-,Indian,Chamarajanagar,PS0215
P001177,Asha Kumar,Female,1969-03-15,57,Software Engineer,PUC,Divorced,O+,Indian,Chamarajanagar,PS0223
P001178,Akash Siddiqui,Male,1968-08-01,57,Software Engineer,Graduate,Widowed,B+,Indian,Chamarajanagar,PS0195
P001179,Vidya Bhat,Female,1990-05-05,36,Doctor,PhD,Widowed,O-,Indian,Bidar,PS0163
P001180,Sanjay Pujari,Male,2002-02-20,24,Lawyer,High School,Divorced,AB-,Indian,Ballari,PS0033
P001181,Divya Gowda,Female,1957-08-25,68,Driver,PUC,Single,A-,Indian,Bidar,PS0167
P001182,Roopa Poojary,Female,1984-01-14,42,Police,PUC,Single,B+,Indian,Chamarajanagar,PS0222
P001183,Sunitha Singh,Female,1960-10-10,65,Engineer,Diploma,Single,A+,Indian,Bengaluru Rural,PS0106
P001184,Harish Kulkarni,Male,1957-08-23,68,Driver,Graduate,Single,O-,Indian,Chamarajanagar,PS0212
P001185,Sneha Siddiqui,Female,2006-06-23,20,Shop Owner,PUC,Married,AB+,Indian,Bidar,PS0162
P001186,Keerthi Bhat,Female,1975-03-26,51,Business,High School,Widowed,B-,Indian,Bidar,PS0159
P001187,Sanjay Kumar,Male,1963-08-19,62,Business,No Formal Education,Married,A+,Indian,Belagavi,PS0065
P001188,Sunitha Singh,Female,2005-12-25,20,Shop Owner,Primary,Divorced,B+,Indian,Chamarajanagar,PS0233
P001189,Lakshmi Rao,Female,2006-03-03,20,Government Employee,Graduate,Divorced,B+,Indian,Bengaluru Rural,PS0079
P001190,Harish Singh,Male,1988-09-28,37,Doctor,Primary,Married,AB+,Indian,Chamarajanagar,PS0225
P001191,Kiran Poojary,Male,1975-09-08,50,Engineer,Graduate,Single,B-,Indian,Bagalkote,PS0006
P001192,Geetha Joshi,Female,1990-01-10,36,Software Engineer,Primary,Married,AB+,Indian,Ballari,PS0032
P001193,Ravi Hiremath,Male,1976-08-28,49,Mechanic,Diploma,Widowed,A+,Indian,Chikkaballapura,PS0235
P001194,Sanjay Poojary,Male,1978-08-07,47,Student,No Formal Education,Divorced,O+,Indian,Bidar,PS0153
P001195,Lakshmi Hegde,Female,1960-04-30,66,Teacher,PUC,Divorced,A+,Indian,Chamarajanagar,PS0232
P001196,Vinay Reddy,Male,2005-08-02,20,Unemployed,No Formal Education,Divorced,A-,Indian,Chikkaballapura,PS0240
P001197,Radhika Angadi,Female,1962-03-25,64,Shop Owner,PhD,Married,AB+,Indian,Chamarajanagar,PS0226
P001198,Kiran Gowda,Male,1999-07-21,27,Mechanic,PUC,Divorced,O+,Indian,Bengaluru Rural,PS0091
P001199,Megha Sharma,Female,1956-12-03,69,Engineer,No Formal Education,Married,O+,Indian,Ballari,PS0030
P001200,Ravi Poojary,Male,1959-09-05,66,Nurse,Post Graduate,Married,O+,Indian,Bidar,PS0190
P001201,Harini Patil,Female,1965-05-15,61,Sales Executive,Primary,Divorced,AB-,Indian,Ballari,PS0030
P001202,Naveen Singh,Male,1960-03-13,66,Police,PUC,Single,A+,Indian,Belagavi,PS0054
P001203,Suresh Kambali,Male,2005-12-17,20,Engineer,No Formal Education,Married,A+,Indian,Chamarajanagar,PS0199
P001204,Arjun Patil,Male,1994-05-06,32,Driver,Diploma,Single,AB-,Indian,Bengaluru Rural,PS0088
P001205,Radhika Siddiqui,Female,1976-11-29,49,Electrician,High School,Widowed,O-,Indian,Bengaluru Urban,PS0147
P001206,Darshan Reddy,Male,1961-11-07,64,Lawyer,PUC,Widowed,AB-,Indian,Bidar,PS0191
P001207,Harish Bhat,Male,1987-12-02,38,Shop Owner,Diploma,Married,AB+,Indian,Bengaluru Rural,PS0096
P001208,Rekha Kambali,Female,2000-03-01,26,Farmer,No Formal Education,Divorced,O+,Indian,Bagalkote,PS0015
P001209,Asha Reddy,Female,1973-04-06,53,Teacher,PUC,Divorced,B-,Indian,Bidar,PS0162
P001210,Prakash Patil,Male,1958-03-21,68,Police,PhD,Widowed,A-,Indian,Bengaluru Rural,PS0077
P001211,Vinay Gowda,Male,1979-04-02,47,Lawyer,Post Graduate,Divorced,A-,Indian,Bagalkote,PS0017
P001212,Ajay Angadi,Male,1989-06-11,37,Government Employee,No Formal Education,Widowed,O+,Indian,Chamarajanagar,PS0213
P001213,Kavya Sharma,Female,1973-06-16,53,Nurse,High School,Widowed,A+,Indian,Bagalkote,PS0004
P001214,Kavya Kambali,Female,1986-03-15,40,Student,Graduate,Divorced,B-,Indian,Chamarajanagar,PS0220
P001215,Naveen Angadi,Male,1993-12-10,32,Labour,No Formal Education,Single,O+,Indian,Belagavi,PS0057
P001216,Kusuma Kambali,Female,1996-08-01,29,Labour,Diploma,Married,O+,Indian,Chamarajanagar,PS0225
P001217,Sangeetha Sharma,Female,1966-10-31,59,Student,Diploma,Divorced,A-,Indian,Bengaluru Rural,PS0072
P001218,Abhishek Kambali,Male,1981-07-16,45,Carpenter,Post Graduate,Single,AB+,Indian,Belagavi,PS0055
P001219,Asha Joshi,Female,1956-02-09,70,Farmer,Diploma,Divorced,AB+,Indian,Bagalkote,PS0015
P001220,Harish Verma,Male,1956-07-19,70,Sales Executive,No Formal Education,Widowed,A+,Indian,Chamarajanagar,PS0209
P001221,Nandini Siddiqui,Female,2004-12-07,21,Business,Post Graduate,Single,A-,Indian,Belagavi,PS0052
P001222,Radhika Kambali,Female,1983-03-05,43,Doctor,PhD,Married,AB+,Indian,Bengaluru Urban,PS0144
P001223,Asha Poojary,Female,1966-05-31,60,Police,High School,Married,A+,Indian,Ballari,PS0034
P001224,Kiran Siddiqui,Male,1958-06-15,68,Driver,PhD,Divorced,A+,Indian,Bidar,PS0174
P001225,Arjun Joshi,Male,1978-02-04,48,Student,Graduate,Single,B-,Indian,Belagavi,PS0049
P001226,Anjali Reddy,Female,2000-06-24,26,Sales Executive,Primary,Single,B-,Indian,Bengaluru Rural,PS0081
P001227,Naveen Hiremath,Male,1988-04-25,38,Labour,Primary,Widowed,AB+,Indian,Bengaluru Urban,PS0152
P001228,Rahul Hegde,Male,1987-04-28,39,Carpenter,Post Graduate,Divorced,O-,Indian,Chikkaballapura,PS0250
P001229,Radhika Kumar,Female,1969-05-20,57,Software Engineer,No Formal Education,Divorced,B+,Indian,Bengaluru Urban,PS0140
P001230,Kiran Angadi,Male,1973-12-21,52,Carpenter,Graduate,Married,O+,Indian,Belagavi,PS0061
P001231,Darshan Patil,Male,1989-03-10,37,Doctor,Primary,Married,O+,Indian,Bidar,PS0169
P001232,Shivakumar Pujari,Male,1959-08-13,66,Unemployed,PhD,Widowed,AB-,Indian,Chikkaballapura,PS0238
P001233,Lakshmi Hiremath,Female,1981-04-17,45,Police,Graduate,Married,AB-,Indian,Bengaluru Urban,PS0127
P001234,Harish Hegde,Male,1965-05-09,61,Police,PhD,Widowed,AB-,Indian,Chikkaballapura,PS0248
P001235,Prakash Kambali,Male,2000-05-12,26,Doctor,Graduate,Widowed,B-,Indian,Chamarajanagar,PS0227
P001236,Vidya Singh,Female,1975-08-12,50,Security Guard,High School,Married,O+,Indian,Bagalkote,PS0011
P001237,Lokesh Joshi,Male,1980-09-26,45,Carpenter,Graduate,Single,A-,Indian,Bagalkote,PS0013
P001238,Shreya Pujari,Female,1968-04-24,58,Security Guard,PhD,Married,B+,Indian,Bagalkote,PS0001
P001239,Priya Shetty,Female,1965-11-02,60,Labour,Diploma,Widowed,A-,Indian,Bengaluru Urban,PS0145
P001240,Shivakumar Gowda,Male,1993-09-14,32,Student,High School,Single,B+,Indian,Bidar,PS0176
P001241,Shreya Kulkarni,Female,1966-06-08,60,Nurse,PUC,Divorced,A-,Indian,Bengaluru Urban,PS0135
P001242,Geetha Hegde,Female,1964-09-01,61,Engineer,Primary,Divorced,O-,Indian,Bagalkote,PS0004
P001243,Anitha Verma,Female,1994-02-01,32,Electrician,PhD,Married,B+,Indian,Chamarajanagar,PS0229
P001244,Manoj Kumar,Male,1988-03-08,38,Sales Executive,Post Graduate,Divorced,O-,Indian,Ballari,PS0031
P001245,Ganesh Hiremath,Male,1980-01-22,46,Farmer,PUC,Divorced,O-,Indian,Bengaluru Urban,PS0144
P001246,Kavya Hiremath,Female,2001-06-11,25,Mechanic,Post Graduate,Divorced,AB-,Indian,Chikkaballapura,PS0239
P001247,Swathi Shetty,Female,1967-11-06,58,Engineer,PUC,Widowed,AB+,Indian,Chikkaballapura,PS0237
P001248,Anjali Kulkarni,Female,1980-07-20,46,Driver,Primary,Divorced,AB+,Indian,Ballari,PS0034
P001249,Keerthi Sharma,Female,1970-03-11,56,Electrician,Diploma,Single,B-,Indian,Bengaluru Rural,PS0079
P001250,Sneha Naik,Female,1973-07-22,53,Shop Owner,High School,Single,A+,Indian,Ballari,PS0040
P001251,Rahul Poojary,Male,1957-04-24,69,Software Engineer,PUC,Divorced,O+,Indian,Bengaluru Rural,PS0077
P001252,Sowmya Patil,Female,1995-09-19,30,Electrician,Primary,Single,O-,Indian,Bidar,PS0184
P001253,Nandini Joshi,Female,1962-10-17,63,Teacher,Diploma,Single,AB-,Indian,Belagavi,PS0047
P001254,Puneeth Sharma,Male,1961-09-02,64,Carpenter,High School,Divorced,AB+,Indian,Bengaluru Urban,PS0120
P001255,Anitha Pujari,Female,1961-08-24,64,Carpenter,No Formal Education,Widowed,A-,Indian,Bidar,PS0156
P001256,Lakshmi Kambali,Female,1958-03-13,68,Student,PUC,Married,O+,Indian,Belagavi,PS0068
P001257,Darshan Rao,Male,1978-10-19,47,Government Employee,High School,Widowed,B+,Indian,Bagalkote,PS0005
P001258,Megha Patil,Female,1972-10-24,53,Doctor,PUC,Single,O+,Indian,Chamarajanagar,PS0194
P001259,Vinay Kambali,Male,1973-09-16,52,Driver,No Formal Education,Widowed,AB+,Indian,Belagavi,PS0060
P001260,Anitha Hiremath,Female,1976-01-22,50,Software Engineer,PhD,Married,AB+,Indian,Bengaluru Urban,PS0110
P001261,Suraj Poojary,Male,1998-12-24,27,Nurse,Graduate,Widowed,AB+,Indian,Bengaluru Rural,PS0105
P001262,Vijay Naik,Male,1980-10-09,45,Labour,PhD,Divorced,B-,Indian,Bengaluru Urban,PS0125
P001263,Anjali Shetty,Female,1996-09-10,29,Carpenter,Primary,Divorced,O+,Indian,Belagavi,PS0051
P001264,Abhishek Poojary,Male,1998-11-20,27,Unemployed,Post Graduate,Married,A+,Indian,Ballari,PS0037
P001265,Asha Pujari,Female,1974-04-19,52,Labour,No Formal Education,Divorced,AB+,Indian,Bengaluru Urban,PS0112
P001266,Shreya Desai,Female,1994-08-25,31,Labour,Post Graduate,Divorced,A+,Indian,Bagalkote,PS0018
P001267,Nandini Sharma,Female,1985-06-27,41,Engineer,Diploma,Widowed,O+,Indian,Belagavi,PS0067
P001268,Sanjay Shetty,Male,2003-02-02,23,Business,Primary,Divorced,B+,Indian,Bengaluru Rural,PS0082
P001269,Puneeth Kumar,Male,1989-01-07,37,Doctor,Graduate,Divorced,A-,Indian,Bengaluru Rural,PS0079
P001270,Ganesh Rao,Male,1987-06-27,39,Shop Owner,PUC,Married,O+,Indian,Bagalkote,PS0021
P001271,Suraj Shetty,Male,1988-07-17,38,Carpenter,Post Graduate,Married,B-,Indian,Bengaluru Urban,PS0134
P001272,Arjun Kumar,Male,2002-03-29,24,Farmer,Post Graduate,Widowed,A+,Indian,Chikkaballapura,PS0236
P001273,Suraj Bhat,Male,1957-03-05,69,Police,PUC,Single,AB+,Indian,Bengaluru Urban,PS0131
P001274,Siddu Desai,Male,1990-12-14,35,Teacher,Diploma,Single,A-,Indian,Chamarajanagar,PS0201
P001275,Ganesh Singh,Male,1956-10-22,69,Student,High School,Single,O+,Indian,Bengaluru Rural,PS0083
P001276,Siddu Angadi,Male,1983-01-03,43,Carpenter,Post Graduate,Single,AB+,Indian,Bagalkote,PS0007
P001277,Keerthi Rao,Female,1963-12-11,62,Lawyer,PhD,Widowed,AB+,Indian,Bengaluru Rural,PS0103
P001278,Divya Sharma,Female,1991-06-15,35,Shop Owner,Diploma,Widowed,AB+,Indian,Chamarajanagar,PS0215
P001279,Mahesh Kumar,Male,1999-08-04,26,Nurse,Graduate,Single,O-,Indian,Chikkaballapura,PS0243
P001280,Sanjay Kumar,Male,1990-08-25,35,Police,PhD,Divorced,O-,Indian,Bengaluru Urban,PS0139
P001281,Chetan Bhat,Male,1984-10-28,41,Teacher,Primary,Single,B+,Indian,Chamarajanagar,PS0209
P001282,Shivakumar Poojary,Male,1977-06-04,49,Doctor,High School,Widowed,O-,Indian,Ballari,PS0028
P001283,Arjun Poojary,Male,1977-08-11,48,Labour,Diploma,Divorced,B+,Indian,Chamarajanagar,PS0231
P001284,Naveen Hiremath,Male,1991-06-22,35,Student,Diploma,Married,O-,Indian,Chamarajanagar,PS0226
P001285,Swathi Siddiqui,Female,1976-02-24,50,Carpenter,PhD,Widowed,A-,Indian,Bengaluru Rural,PS0105
P001286,Suresh Reddy,Male,1988-09-14,37,Teacher,No Formal Education,Married,A-,Indian,Bagalkote,PS0002
P001287,Ramesh Verma,Male,1965-03-13,61,Engineer,Post Graduate,Widowed,B+,Indian,Ballari,PS0040
P001288,Sneha Kambali,Female,1992-07-06,34,Nurse,No Formal Education,Divorced,A-,Indian,Bengaluru Urban,PS0129
P001289,Megha Joshi,Female,2001-11-15,24,Carpenter,Graduate,Married,B+,Indian,Chikkaballapura,PS0250
P001290,Sowmya Rao,Female,1988-04-22,38,Mechanic,Diploma,Widowed,O-,Indian,Chamarajanagar,PS0225
P001291,Naveen Patil,Male,1969-09-25,56,Mechanic,PhD,Single,AB-,Indian,Chikkaballapura,PS0245
P001292,Pooja Patil,Female,1997-03-18,29,Doctor,No Formal Education,Divorced,B-,Indian,Chikkaballapura,PS0243
P001293,Pradeep Naik,Male,2003-03-30,23,Sales Executive,Graduate,Single,A+,Indian,Bidar,PS0164
P001294,Radhika Shetty,Female,1960-12-27,65,Software Engineer,PUC,Divorced,A+,Indian,Bengaluru Rural,PS0075
P001295,Ajay Bhat,Male,1993-03-26,33,Security Guard,Diploma,Divorced,O+,Indian,Ballari,PS0034
P001296,Harini Kambali,Female,1973-03-05,53,Doctor,High School,Single,B-,Indian,Ballari,PS0034
P001297,Pooja Joshi,Female,2005-07-27,20,Farmer,High School,Widowed,AB-,Indian,Bengaluru Urban,PS0130
P001298,Vidya Angadi,Female,1997-06-21,29,Business,High School,Single,B-,Indian,Bengaluru Rural,PS0092
P001299,Rohit Angadi,Male,1968-02-22,58,Teacher,High School,Widowed,A+,Indian,Chamarajanagar,PS0234
P001300,Divya Gowda,Female,1967-04-16,59,Mechanic,PhD,Widowed,O-,Indian,Bidar,PS0192
P001301,Megha Pujari,Female,1965-07-10,61,Police,Post Graduate,Widowed,O+,Indian,Bidar,PS0173
P001302,Deepa Bhat,Female,2001-10-30,24,Carpenter,Primary,Married,B+,Indian,Chamarajanagar,PS0229
P001303,Rekha Patil,Female,1994-03-24,32,Shop Owner,PhD,Widowed,AB+,Indian,Belagavi,PS0047
P001304,Ravi Singh,Male,1986-03-28,40,Driver,No Formal Education,Divorced,O-,Indian,Ballari,PS0027
P001305,Sangeetha Singh,Female,1974-03-07,52,Unemployed,PUC,Widowed,AB-,Indian,Bidar,PS0172
P001306,Puneeth Kumar,Male,1972-07-27,53,Sales Executive,Graduate,Married,A+,Indian,Bidar,PS0172
P001307,Swathi Naik,Female,1988-02-04,38,Lawyer,No Formal Education,Divorced,A+,Indian,Bengaluru Urban,PS0135
P001308,Anitha Poojary,Female,1990-09-25,35,Engineer,Diploma,Divorced,A+,Indian,Belagavi,PS0058
P001309,Shivakumar Poojary,Male,1995-10-10,30,Government Employee,High School,Widowed,A-,Indian,Bengaluru Urban,PS0122
P001310,Prakash Kumar,Male,1968-09-28,57,Driver,High School,Single,O+,Indian,Chamarajanagar,PS0212
P001311,Arjun Verma,Male,1960-08-04,65,Carpenter,Primary,Divorced,B-,Indian,Bengaluru Rural,PS0091
P001312,Naveen Hegde,Male,1970-03-07,56,Security Guard,Graduate,Single,O+,Indian,Bidar,PS0177
P001313,Geetha Gowda,Female,1960-10-29,65,Business,High School,Divorced,A-,Indian,Bengaluru Rural,PS0100
P001314,Harish Gowda,Male,1979-09-20,46,Unemployed,PUC,Widowed,B+,Indian,Bengaluru Rural,PS0099
P001315,Suraj Joshi,Male,2005-04-16,21,Software Engineer,Primary,Divorced,O-,Indian,Chikkaballapura,PS0246
P001316,Sanjay Verma,Male,1962-11-28,63,Farmer,Primary,Married,A-,Indian,Bidar,PS0177
P001317,Naveen Hiremath,Male,1956-10-20,69,Driver,No Formal Education,Married,AB-,Indian,Bengaluru Urban,PS0145
P001318,Divya Sharma,Female,1982-08-12,43,Business,High School,Divorced,A+,Indian,Ballari,PS0027
P001319,Rekha Bhat,Female,1970-12-20,55,Lawyer,High School,Divorced,O+,Indian,Bidar,PS0164
P001320,Siddu Rao,Male,1979-06-23,47,Business,High School,Divorced,AB+,Indian,Bengaluru Rural,PS0085
P001321,Asha Reddy,Female,1998-12-13,27,Software Engineer,Graduate,Divorced,O-,Indian,Chamarajanagar,PS0220
P001322,Arjun Hiremath,Male,1989-08-07,36,Teacher,PUC,Widowed,AB-,Indian,Bengaluru Urban,PS0122
P001323,Lakshmi Hegde,Female,2000-03-12,26,Shop Owner,Diploma,Single,B-,Indian,Bengaluru Urban,PS0151
P001324,Lakshmi Verma,Female,1978-05-27,48,Engineer,Primary,Married,O-,Indian,Ballari,PS0034
P001325,Harish Hiremath,Male,1983-12-23,42,Software Engineer,Post Graduate,Single,AB-,Indian,Bengaluru Rural,PS0088
P001326,Chetan Kulkarni,Male,1955-09-16,70,Driver,Post Graduate,Widowed,AB-,Indian,Bagalkote,PS0019
P001327,Anitha Naik,Female,1971-10-15,54,Software Engineer,Diploma,Married,O-,Indian,Bengaluru Urban,PS0145
P001328,Abhishek Kumar,Male,1994-05-21,32,Unemployed,PhD,Widowed,O+,Indian,Chamarajanagar,PS0222
P001329,Geetha Sharma,Female,1977-08-29,48,Software Engineer,Graduate,Widowed,O+,Indian,Belagavi,PS0047
P001330,Kavya Sharma,Female,2000-06-25,26,Farmer,Post Graduate,Widowed,AB+,Indian,Ballari,PS0028
P001331,Preethi Kumar,Female,1969-09-18,56,Mechanic,High School,Divorced,B-,Indian,Belagavi,PS0069
P001332,Manoj Hegde,Male,1959-10-29,66,Doctor,Diploma,Married,AB-,Indian,Bidar,PS0189
P001333,Bhavya Shetty,Female,1996-04-27,30,Student,High School,Married,B+,Indian,Chamarajanagar,PS0233
P001334,Megha Reddy,Female,1971-07-24,54,Police,PUC,Widowed,A-,Indian,Bengaluru Urban,PS0133
P001335,Manoj Kambali,Male,1988-07-29,37,Student,PhD,Married,AB-,Indian,Belagavi,PS0068
P001336,Vinay Kambali,Male,1990-05-09,36,Business,PhD,Widowed,O-,Indian,Bengaluru Rural,PS0070
P001337,Abhishek Naik,Male,1989-10-09,36,Teacher,Graduate,Married,O+,Indian,Belagavi,PS0055
P001338,Megha Singh,Female,1990-05-02,36,Shop Owner,Primary,Divorced,O-,Indian,Belagavi,PS0050
P001339,Vijay Angadi,Male,1970-12-25,55,Police,Graduate,Divorced,AB-,Indian,Bengaluru Rural,PS0074
P001340,Lokesh Angadi,Male,1990-09-21,35,Doctor,PUC,Married,O-,Indian,Chikkaballapura,PS0237
P001341,Arjun Rao,Male,1982-02-01,44,Labour,Primary,Divorced,O+,Indian,Bengaluru Rural,PS0082
P001342,Suresh Patil,Male,1980-07-25,45,Electrician,Post Graduate,Widowed,A+,Indian,Bagalkote,PS0013
P001343,Shreya Shetty,Female,1969-09-02,56,Nurse,Primary,Widowed,A-,Indian,Bengaluru Rural,PS0081
P001344,Roopa Naik,Female,1991-04-15,35,Student,High School,Divorced,B+,Indian,Ballari,PS0044
P001345,Roopa Verma,Female,1956-01-15,70,Government Employee,Post Graduate,Widowed,A+,Indian,Chamarajanagar,PS0206
P001346,Shreya Joshi,Female,1965-05-27,61,Unemployed,PhD,Divorced,O-,Indian,Bengaluru Rural,PS0092
P001347,Kusuma Kambali,Female,1987-09-25,38,Farmer,High School,Widowed,O+,Indian,Bagalkote,PS0015
P001348,Manoj Kumar,Male,1985-03-30,41,Security Guard,Diploma,Married,O-,Indian,Bidar,PS0172
P001349,Kavya Verma,Female,1980-04-10,46,Engineer,Primary,Widowed,O-,Indian,Ballari,PS0031
P001350,Kavya Angadi,Female,1988-02-18,38,Lawyer,Post Graduate,Divorced,AB+,Indian,Belagavi,PS0052
P001351,Ravi Joshi,Male,1971-01-13,55,Electrician,Graduate,Widowed,A+,Indian,Bidar,PS0169
P001352,Swathi Bhat,Female,1958-03-13,68,Unemployed,Primary,Divorced,A+,Indian,Ballari,PS0033
P001353,Nisha Shetty,Female,1962-07-17,64,Shop Owner,Primary,Married,B+,Indian,Chamarajanagar,PS0208
P001354,Shreya Joshi,Female,1985-12-26,40,Sales Executive,PUC,Widowed,A+,Indian,Bagalkote,PS0020
P001355,Naveen Kulkarni,Male,1958-06-08,68,Teacher,Primary,Widowed,A-,Indian,Chikkaballapura,PS0239
P001356,Anitha Bhat,Female,1992-11-27,33,Nurse,No Formal Education,Married,AB+,Indian,Chamarajanagar,PS0229
P001357,Siddu Singh,Male,1965-06-12,61,Business,Diploma,Divorced,B-,Indian,Ballari,PS0041
P001358,Prakash Hiremath,Male,1997-06-05,29,Business,Post Graduate,Divorced,B+,Indian,Bengaluru Urban,PS0130
P001359,Sowmya Gowda,Female,1990-10-07,35,Driver,Diploma,Divorced,A+,Indian,Chamarajanagar,PS0197
P001360,Lakshmi Kumar,Female,1992-03-03,34,Teacher,Diploma,Divorced,O-,Indian,Bagalkote,PS0019
P001361,Anjali Sharma,Female,1975-03-04,51,Student,Graduate,Married,A-,Indian,Chikkaballapura,PS0250
P001362,Sangeetha Angadi,Female,1996-04-29,30,Security Guard,Post Graduate,Divorced,O+,Indian,Bengaluru Urban,PS0152
P001363,Harini Kumar,Female,1985-10-07,40,Carpenter,Graduate,Divorced,O-,Indian,Bengaluru Rural,PS0097
P001364,Harish Poojary,Male,1973-11-24,52,Shop Owner,High School,Widowed,AB+,Indian,Bengaluru Urban,PS0142
P001365,Kavya Hiremath,Female,1962-01-19,64,Government Employee,Graduate,Single,B-,Indian,Chamarajanagar,PS0205
P001366,Megha Bhat,Female,1983-04-16,43,Sales Executive,PhD,Single,B+,Indian,Bengaluru Rural,PS0102
P001367,Lokesh Kulkarni,Male,2005-09-05,20,Labour,Post Graduate,Single,AB+,Indian,Belagavi,PS0050
P001368,Nisha Desai,Female,2003-03-25,23,Teacher,Post Graduate,Single,A-,Indian,Bengaluru Rural,PS0097
P001369,Lakshmi Rao,Female,1964-12-04,61,Security Guard,Diploma,Married,B+,Indian,Bengaluru Rural,PS0109
P001370,Harini Singh,Female,1986-08-01,39,Business,Post Graduate,Divorced,AB-,Indian,Ballari,PS0029
P001371,Anitha Naik,Female,1983-07-05,43,Mechanic,Post Graduate,Married,O+,Indian,Chamarajanagar,PS0220
P001372,Sunitha Verma,Female,1980-09-06,45,Sales Executive,High School,Married,O+,Indian,Bengaluru Urban,PS0128
P001373,Priya Kambali,Female,1984-12-20,41,Sales Executive,High School,Single,O+,Indian,Bengaluru Rural,PS0108
P001374,Shreya Singh,Female,1971-12-12,54,Student,PUC,Married,A-,Indian,Ballari,PS0031
P001375,Priya Hegde,Female,1977-06-04,49,Driver,PhD,Single,AB-,Indian,Bidar,PS0171
P001376,Puneeth Angadi,Male,1989-12-05,36,Shop Owner,PUC,Married,O-,Indian,Bengaluru Rural,PS0107
P001377,Sangeetha Sharma,Female,1970-09-20,55,Government Employee,PUC,Divorced,B+,Indian,Bengaluru Rural,PS0099
P001378,Divya Kumar,Female,1973-07-28,52,Security Guard,PhD,Widowed,B-,Indian,Bengaluru Urban,PS0119
P001379,Nisha Shetty,Female,1996-05-24,30,Mechanic,Primary,Divorced,B+,Indian,Bengaluru Rural,PS0095
P001380,Harish Reddy,Male,1955-08-14,70,Engineer,Post Graduate,Widowed,O+,Indian,Bengaluru Urban,PS0135
P001381,Basavaraj Singh,Male,1978-04-30,48,Shop Owner,Primary,Single,O-,Indian,Chamarajanagar,PS0205
P001382,Geetha Gowda,Female,1981-04-13,45,Nurse,No Formal Education,Divorced,O+,Indian,Bengaluru Urban,PS0151
P001383,Shreya Naik,Female,1964-04-18,62,Teacher,Diploma,Single,B+,Indian,Bidar,PS0157
P001384,Shreya Hegde,Female,1967-09-26,58,Police,PhD,Married,AB+,Indian,Bengaluru Rural,PS0097
P001385,Naveen Siddiqui,Male,1961-08-24,64,Sales Executive,PhD,Married,AB+,Indian,Bengaluru Urban,PS0120
P001386,Megha Verma,Female,1984-08-31,41,Sales Executive,Diploma,Divorced,A+,Indian,Bengaluru Rural,PS0098
P001387,Manoj Pujari,Male,1980-11-16,45,Student,PUC,Divorced,AB-,Indian,Chamarajanagar,PS0222
P001388,Megha Shetty,Female,2005-12-04,20,Electrician,PhD,Widowed,AB+,Indian,Ballari,PS0026
P001389,Puneeth Patil,Male,1968-02-23,58,Unemployed,Diploma,Widowed,AB+,Indian,Bidar,PS0169
P001390,Rahul Rao,Male,2007-04-29,19,Electrician,High School,Single,AB+,Indian,Belagavi,PS0053
P001391,Sangeetha Pujari,Female,2001-05-14,25,Nurse,PhD,Married,AB-,Indian,Bengaluru Urban,PS0149
P001392,Sanjay Pujari,Male,1983-03-13,43,Mechanic,Graduate,Widowed,O-,Indian,Chamarajanagar,PS0231
P001393,Shivakumar Pujari,Male,1998-03-31,28,Driver,PhD,Widowed,A+,Indian,Ballari,PS0039
P001394,Naveen Sharma,Male,1982-10-01,43,Business,PUC,Married,AB+,Indian,Bidar,PS0191
P001395,Chetan Rao,Male,1986-12-25,39,Government Employee,PhD,Single,B-,Indian,Bidar,PS0166
P001396,Prakash Gowda,Male,1990-10-01,35,Farmer,Graduate,Single,AB+,Indian,Chamarajanagar,PS0206
P001397,Basavaraj Gowda,Male,1995-01-26,31,Security Guard,PUC,Married,AB+,Indian,Bagalkote,PS0002
P001398,Pradeep Siddiqui,Male,1976-12-27,49,Police,PhD,Married,A+,Indian,Bagalkote,PS0006
P001399,Harini Joshi,Female,1963-03-13,63,Business,Primary,Married,AB+,Indian,Bengaluru Urban,PS0141
P001400,Ramesh Sharma,Male,1976-11-19,49,Security Guard,PhD,Widowed,A-,Indian,Belagavi,PS0057
P001401,Naveen Siddiqui,Male,1961-07-21,65,Business,PhD,Single,O-,Indian,Belagavi,PS0066
P001402,Vinay Rao,Male,1963-12-17,62,Shop Owner,PUC,Widowed,AB+,Indian,Bagalkote,PS0015
P001403,Sanjay Singh,Male,1965-01-02,61,Sales Executive,PUC,Widowed,A+,Indian,Bagalkote,PS0009
P001404,Sunitha Singh,Female,1979-04-16,47,Government Employee,High School,Divorced,O-,Indian,Bengaluru Urban,PS0146
P001405,Anitha Bhat,Female,1978-09-14,47,Shop Owner,PUC,Divorced,AB+,Indian,Bidar,PS0188
P001406,Anitha Verma,Female,1964-12-31,61,Driver,PhD,Single,AB-,Indian,Bengaluru Urban,PS0114
P001407,Nandini Shetty,Female,1971-01-15,55,Doctor,Post Graduate,Divorced,A-,Indian,Chamarajanagar,PS0206
P001408,Swathi Siddiqui,Female,2003-04-27,23,Driver,PUC,Single,B-,Indian,Belagavi,PS0054
P001409,Suraj Pujari,Male,1982-05-25,44,Carpenter,PhD,Single,AB+,Indian,Bengaluru Rural,PS0073
P001410,Sanjay Patil,Male,1984-01-18,42,Driver,PUC,Widowed,B+,Indian,Chamarajanagar,PS0201
P001411,Lokesh Shetty,Male,1984-03-20,42,Mechanic,PhD,Widowed,AB+,Indian,Bagalkote,PS0010
P001412,Ajay Poojary,Male,1982-03-28,44,Software Engineer,High School,Divorced,AB-,Indian,Bengaluru Urban,PS0117
P001413,Geetha Hegde,Female,1995-05-07,31,Electrician,Post Graduate,Widowed,O+,Indian,Bengaluru Urban,PS0114
P001414,Abhishek Desai,Male,1959-12-18,66,Labour,Graduate,Married,O-,Indian,Chikkaballapura,PS0248
P001415,Priya Rao,Female,1973-09-18,52,Lawyer,Diploma,Divorced,A+,Indian,Bidar,PS0158
P001416,Shreya Desai,Female,1984-03-21,42,Shop Owner,PUC,Married,O-,Indian,Belagavi,PS0048
P001417,Anjali Reddy,Female,1976-10-24,49,Driver,Graduate,Widowed,O-,Indian,Bengaluru Rural,PS0082
P001418,Abhishek Desai,Male,1998-09-11,27,Police,Diploma,Widowed,A+,Indian,Belagavi,PS0068
P001419,Arjun Siddiqui,Male,1985-09-29,40,Lawyer,Graduate,Widowed,AB+,Indian,Chamarajanagar,PS0221
P001420,Vinay Patil,Male,1961-08-21,64,Carpenter,Post Graduate,Married,B+,Indian,Bagalkote,PS0022
P001421,Preethi Rao,Female,2005-05-28,21,Doctor,PhD,Married,AB-,Indian,Belagavi,PS0051
P001422,Harini Pujari,Female,1981-02-22,45,Student,High School,Single,AB-,Indian,Bidar,PS0167
P001423,Sunitha Verma,Female,1974-04-09,52,Driver,Graduate,Widowed,B-,Indian,Chamarajanagar,PS0224
P001424,Deepa Hegde,Female,1972-11-07,53,Lawyer,Diploma,Single,B+,Indian,Bengaluru Rural,PS0085
P001425,Chetan Singh,Male,1993-05-03,33,Nurse,PhD,Single,A+,Indian,Bengaluru Urban,PS0122
P001426,Priya Hiremath,Female,1994-03-23,32,Engineer,Graduate,Widowed,AB+,Indian,Bidar,PS0190
P001427,Anitha Reddy,Female,1961-10-11,64,Security Guard,Primary,Single,B+,Indian,Bidar,PS0160
P001428,Sanjay Verma,Male,1972-02-16,54,Doctor,Post Graduate,Divorced,O-,Indian,Bengaluru Urban,PS0129
P001429,Sangeetha Patil,Female,1984-08-23,41,Doctor,High School,Divorced,O-,Indian,Chamarajanagar,PS0213
P001430,Priya Desai,Female,2006-07-25,19,Electrician,No Formal Education,Widowed,A+,Indian,Bagalkote,PS0005
P001431,Vijay Hegde,Male,1993-04-27,33,Teacher,Diploma,Married,AB-,Indian,Belagavi,PS0069
P001432,Anitha Rao,Female,2006-07-15,20,Software Engineer,High School,Married,B+,Indian,Bidar,PS0186
P001433,Suraj Shetty,Male,1964-01-20,62,Student,No Formal Education,Married,AB-,Indian,Bengaluru Rural,PS0107
P001434,Naveen Hegde,Male,1975-08-24,50,Business,PUC,Divorced,B+,Indian,Bengaluru Rural,PS0078
P001435,Asha Sharma,Female,1974-06-28,52,Software Engineer,No Formal Education,Married,O-,Indian,Bengaluru Urban,PS0117
P001436,Siddu Desai,Male,1957-04-13,69,Sales Executive,PUC,Widowed,A+,Indian,Bengaluru Urban,PS0143
P001437,Keerthi Desai,Female,1972-10-26,53,Business,Post Graduate,Single,A-,Indian,Ballari,PS0040
P001438,Ganesh Hiremath,Male,2001-05-03,25,Farmer,High School,Married,A-,Indian,Chikkaballapura,PS0245
P001439,Sangeetha Angadi,Female,1987-02-25,39,Carpenter,Post Graduate,Married,B-,Indian,Bidar,PS0175
P001440,Basavaraj Pujari,Male,1987-04-14,39,Government Employee,Diploma,Single,O-,Indian,Bengaluru Rural,PS0073
P001441,Rahul Desai,Male,1992-09-06,33,Nurse,Primary,Divorced,AB-,Indian,Ballari,PS0044
P001442,Geetha Reddy,Female,1993-12-13,32,Electrician,PUC,Single,O+,Indian,Chamarajanagar,PS0220
P001443,Priya Joshi,Female,1984-01-01,42,Engineer,High School,Married,B+,Indian,Ballari,PS0028
P001444,Manoj Pujari,Male,1968-12-21,57,Teacher,PhD,Single,A+,Indian,Chikkaballapura,PS0236
P001445,Shivakumar Bhat,Male,1988-05-06,38,Unemployed,Post Graduate,Married,O+,Indian,Bidar,PS0166
P001446,Akash Pujari,Male,1968-07-31,57,Driver,Graduate,Single,B+,Indian,Bagalkote,PS0007
P001447,Vinay Rao,Male,1982-06-17,44,Nurse,Graduate,Divorced,AB-,Indian,Chamarajanagar,PS0227
P001448,Basavaraj Kumar,Male,1984-09-30,41,Student,PhD,Single,B+,Indian,Bengaluru Rural,PS0079
P001449,Kavya Kambali,Female,1988-10-28,37,Unemployed,High School,Married,A-,Indian,Bidar,PS0157
P001450,Prakash Sharma,Male,1963-04-07,63,Labour,Primary,Single,O-,Indian,Bidar,PS0158
P001451,Shreya Kambali,Female,1994-07-06,32,Teacher,No Formal Education,Divorced,O-,Indian,Bengaluru Urban,PS0146
P001452,Asha Patil,Female,1983-12-20,42,Shop Owner,Graduate,Single,O-,Indian,Belagavi,PS0052
P001453,Sangeetha Hiremath,Female,1972-08-10,53,Teacher,PUC,Married,B+,Indian,Bengaluru Urban,PS0126
P001454,Darshan Reddy,Male,1963-07-04,63,Nurse,Diploma,Single,B-,Indian,Bagalkote,PS0024
P001455,Ajay Shetty,Male,1982-01-05,44,Carpenter,PhD,Divorced,B+,Indian,Chikkaballapura,PS0243
P001456,Shreya Kulkarni,Female,1968-01-11,58,Security Guard,No Formal Education,Widowed,A+,Indian,Bengaluru Urban,PS0147
P001457,Akash Kumar,Male,1967-10-29,58,Engineer,PUC,Married,O+,Indian,Bagalkote,PS0017
P001458,Priya Hiremath,Female,1998-02-18,28,Government Employee,Graduate,Married,O+,Indian,Chamarajanagar,PS0198
P001459,Lakshmi Verma,Female,1978-07-30,47,Shop Owner,PhD,Single,AB+,Indian,Bagalkote,PS0006
P001460,Swathi Shetty,Female,1977-11-26,48,Carpenter,PhD,Widowed,A-,Indian,Bengaluru Urban,PS0110
P001461,Sunitha Pujari,Female,1978-08-01,47,Doctor,Graduate,Widowed,A+,Indian,Bidar,PS0189
P001462,Kiran Sharma,Male,1996-01-15,30,Farmer,Primary,Divorced,B+,Indian,Bengaluru Urban,PS0133
P001463,Megha Verma,Female,1994-02-17,32,Shop Owner,Primary,Married,O+,Indian,Chamarajanagar,PS0202
P001464,Manoj Sharma,Male,1956-07-01,70,Business,Graduate,Married,A+,Indian,Bagalkote,PS0014
P001465,Harini Sharma,Female,2002-08-17,23,Driver,Graduate,Married,A-,Indian,Bidar,PS0166
P001466,Chetan Siddiqui,Male,1975-04-20,51,Teacher,Post Graduate,Married,AB+,Indian,Chamarajanagar,PS0228
P001467,Mahesh Bhat,Male,1989-12-20,36,Mechanic,Post Graduate,Widowed,O-,Indian,Chamarajanagar,PS0215
P001468,Sneha Bhat,Female,1955-01-12,71,Doctor,Diploma,Divorced,B-,Indian,Bengaluru Rural,PS0084
P001469,Arjun Singh,Male,1967-08-03,58,Teacher,PhD,Married,B-,Indian,Chamarajanagar,PS0214
P001470,Vidya Shetty,Female,1992-08-04,33,Nurse,PUC,Married,AB-,Indian,Belagavi,PS0057
P001471,Vijay Joshi,Male,1967-08-07,58,Nurse,Primary,Married,B-,Indian,Bengaluru Rural,PS0071
P001472,Sneha Joshi,Female,1984-05-18,42,Student,Primary,Divorced,A-,Indian,Bagalkote,PS0005
P001473,Nisha Verma,Female,1981-10-22,44,Farmer,PhD,Married,A-,Indian,Chamarajanagar,PS0212
P001474,Asha Gowda,Female,1989-03-24,37,Lawyer,Primary,Widowed,O+,Indian,Bengaluru Urban,PS0131
P001475,Pradeep Poojary,Male,1981-02-11,45,Police,Primary,Single,AB-,Indian,Bagalkote,PS0005
P001476,Shivakumar Poojary,Male,1993-10-19,32,Labour,No Formal Education,Single,AB+,Indian,Chamarajanagar,PS0215
P001477,Asha Siddiqui,Female,2000-07-23,26,Carpenter,Post Graduate,Divorced,AB-,Indian,Bengaluru Urban,PS0147
P001478,Rahul Naik,Male,1998-07-24,27,Police,PhD,Married,O+,Indian,Chamarajanagar,PS0228
P001479,Anjali Poojary,Female,2005-04-20,21,Unemployed,Post Graduate,Widowed,A+,Indian,Bagalkote,PS0023
P001480,Sanjay Siddiqui,Male,1963-11-05,62,Security Guard,Primary,Single,B-,Indian,Ballari,PS0037
P001481,Preethi Angadi,Female,1992-11-04,33,Nurse,No Formal Education,Divorced,O-,Indian,Bengaluru Urban,PS0152
P001482,Preethi Pujari,Female,1958-05-06,68,Nurse,Post Graduate,Single,B-,Indian,Bidar,PS0179
P001483,Rahul Siddiqui,Male,1984-07-06,42,Farmer,Diploma,Widowed,A+,Indian,Chamarajanagar,PS0226
P001484,Kusuma Joshi,Female,1987-03-04,39,Software Engineer,Graduate,Married,AB+,Indian,Chamarajanagar,PS0224
P001485,Vidya Gowda,Female,1984-02-11,42,Sales Executive,Diploma,Married,B-,Indian,Ballari,PS0026
P001486,Sangeetha Desai,Female,1986-04-08,40,Driver,PhD,Single,AB-,Indian,Chamarajanagar,PS0232
P001487,Radhika Kambali,Female,1975-06-02,51,Carpenter,Diploma,Single,A-,Indian,Bengaluru Rural,PS0095
P001488,Swathi Angadi,Female,1999-08-10,26,Driver,Post Graduate,Married,AB+,Indian,Bengaluru Urban,PS0120
P001489,Deepa Hegde,Female,1994-04-10,32,Software Engineer,High School,Married,AB-,Indian,Bidar,PS0178
P001490,Kiran Rao,Male,2007-03-14,19,Electrician,Diploma,Married,O+,Indian,Bengaluru Urban,PS0121
P001491,Ramesh Reddy,Male,1963-02-14,63,Unemployed,Post Graduate,Divorced,B+,Indian,Bengaluru Urban,PS0128
P001492,Harini Kulkarni,Female,1990-08-05,35,Teacher,Post Graduate,Single,AB+,Indian,Bagalkote,PS0023
P001493,Naveen Sharma,Male,1994-09-14,31,Engineer,PUC,Married,AB+,Indian,Bidar,PS0160
P001494,Vinay Sharma,Male,1974-08-24,51,Police,PUC,Widowed,B-,Indian,Bengaluru Urban,PS0115
P001495,Rahul Bhat,Male,1976-11-10,49,Student,PhD,Widowed,O+,Indian,Bengaluru Rural,PS0106
P001496,Suresh Shetty,Male,2001-07-10,25,Security Guard,Post Graduate,Widowed,AB+,Indian,Chamarajanagar,PS0222
P001497,Vidya Joshi,Female,1993-09-11,32,Software Engineer,Graduate,Married,AB-,Indian,Ballari,PS0039
P001498,Divya Patil,Female,1983-11-10,42,Police,High School,Single,O-,Indian,Belagavi,PS0068
P001499,Anjali Angadi,Female,1975-06-10,51,Software Engineer,PUC,Widowed,AB+,Indian,Bengaluru Rural,PS0082
P001500,Harish Angadi,Male,1994-04-14,32,Government Employee,Post Graduate,Single,B+,Indian,Bengaluru Urban,PS0130
P001501,Ravi Verma,Male,2005-02-24,21,Engineer,Graduate,Widowed,B+,Indian,Bengaluru Rural,PS0099
P001502,Darshan Kulkarni,Male,1960-11-13,65,Lawyer,Diploma,Single,O-,Indian,Bengaluru Urban,PS0124
P001503,Rekha Patil,Female,1990-07-20,36,Business,PhD,Divorced,AB+,Indian,Bagalkote,PS0025
P001504,Nisha Hiremath,Female,2000-07-27,25,Labour,High School,Divorced,A+,Indian,Bidar,PS0159
P001505,Pradeep Kulkarni,Male,2007-09-14,18,Farmer,Primary,Single,O+,Indian,Bidar,PS0170
P001506,Puneeth Rao,Male,1977-04-27,49,Unemployed,High School,Married,A+,Indian,Bidar,PS0160
P001507,Sangeetha Naik,Female,1984-10-07,41,Doctor,Primary,Widowed,O+,Indian,Belagavi,PS0056
P001508,Bhavya Poojary,Female,1967-06-05,59,Carpenter,High School,Single,AB+,Indian,Ballari,PS0027
P001509,Pooja Singh,Female,1977-08-10,48,Government Employee,Primary,Married,AB+,Indian,Ballari,PS0040
P001510,Lakshmi Sharma,Female,1986-07-05,40,Doctor,Graduate,Widowed,A-,Indian,Chamarajanagar,PS0203
P001511,Priya Angadi,Female,1960-06-18,66,Shop Owner,No Formal Education,Divorced,A-,Indian,Belagavi,PS0057
P001512,Rahul Pujari,Male,1956-02-17,70,Student,Graduate,Widowed,AB+,Indian,Bagalkote,PS0013
P001513,Basavaraj Hiremath,Male,2005-07-17,21,Software Engineer,Primary,Married,B-,Indian,Ballari,PS0038
P001514,Pooja Kambali,Female,1974-08-04,51,Software Engineer,Primary,Married,AB-,Indian,Bengaluru Rural,PS0098
P001515,Harish Shetty,Male,2000-07-07,26,Teacher,PhD,Single,A+,Indian,Bagalkote,PS0016
P001516,Basavaraj Bhat,Male,1981-02-22,45,Farmer,Graduate,Married,B+,Indian,Bengaluru Rural,PS0085
P001517,Vinay Rao,Male,1968-12-05,57,Unemployed,Graduate,Widowed,O+,Indian,Bengaluru Rural,PS0072
P001518,Anjali Kambali,Female,1960-11-15,65,Carpenter,PUC,Divorced,B+,Indian,Ballari,PS0030
P001519,Siddu Poojary,Male,1971-11-24,54,Nurse,No Formal Education,Divorced,A+,Indian,Chamarajanagar,PS0201
P001520,Vidya Hiremath,Female,1963-11-11,62,Mechanic,Primary,Divorced,O+,Indian,Bengaluru Urban,PS0119
P001521,Suraj Hegde,Male,1967-02-26,59,Sales Executive,PUC,Divorced,O+,Indian,Chikkaballapura,PS0248
P001522,Shreya Desai,Female,1962-05-23,64,Government Employee,No Formal Education,Widowed,A-,Indian,Ballari,PS0043
P001523,Harini Poojary,Female,1989-11-18,36,Electrician,PhD,Divorced,A+,Indian,Bagalkote,PS0016
P001524,Ramesh Reddy,Male,1982-07-21,44,Security Guard,High School,Divorced,A+,Indian,Bidar,PS0180
P001525,Arjun Bhat,Male,1989-07-13,37,Business,Graduate,Single,O+,Indian,Bengaluru Rural,PS0099
P001526,Ganesh Kulkarni,Male,1959-01-05,67,Business,Primary,Widowed,B+,Indian,Chikkaballapura,PS0247
P001527,Pradeep Hegde,Male,1961-07-18,65,Business,PhD,Married,A+,Indian,Bengaluru Urban,PS0114
P001528,Mahesh Rao,Male,1965-06-08,61,Electrician,No Formal Education,Married,AB-,Indian,Bengaluru Urban,PS0149
P001529,Mahesh Sharma,Male,1988-05-09,38,Nurse,No Formal Education,Married,B+,Indian,Bengaluru Urban,PS0110
P001530,Lokesh Joshi,Male,1992-12-07,33,Security Guard,Diploma,Married,AB+,Indian,Bengaluru Urban,PS0129
P001531,Rekha Kumar,Female,1992-04-23,34,Labour,Post Graduate,Divorced,B-,Indian,Chamarajanagar,PS0193
P001532,Asha Angadi,Female,1955-12-08,70,Nurse,No Formal Education,Widowed,B+,Indian,Bidar,PS0166
P001533,Rohit Siddiqui,Male,1965-04-06,61,Farmer,High School,Widowed,A-,Indian,Bengaluru Urban,PS0146
P001534,Ravi Hegde,Male,1970-01-06,56,Lawyer,Post Graduate,Divorced,AB+,Indian,Bengaluru Rural,PS0087
P001535,Kusuma Hiremath,Female,1978-06-17,48,Farmer,Primary,Widowed,B-,Indian,Chamarajanagar,PS0227
P001536,Ravi Poojary,Male,1973-01-05,53,Teacher,No Formal Education,Widowed,O-,Indian,Bengaluru Rural,PS0089
P001537,Kiran Sharma,Male,1958-05-31,68,Nurse,High School,Single,A-,Indian,Bengaluru Urban,PS0137
P001538,Suresh Angadi,Male,1988-04-10,38,Sales Executive,High School,Widowed,A+,Indian,Bagalkote,PS0006
P001539,Abhishek Rao,Male,1983-07-10,43,Engineer,No Formal Education,Married,AB-,Indian,Chikkaballapura,PS0239
P001540,Pooja Kulkarni,Female,1996-06-13,30,Business,No Formal Education,Widowed,O+,Indian,Bidar,PS0160
P001541,Suraj Pujari,Male,1960-09-16,65,Police,High School,Married,AB-,Indian,Bengaluru Rural,PS0086
P001542,Priya Verma,Female,1961-03-23,65,Police,Diploma,Married,B+,Indian,Bengaluru Urban,PS0137
P001543,Kavya Naik,Female,1960-11-04,65,Labour,No Formal Education,Married,AB-,Indian,Belagavi,PS0058
P001544,Kavya Patil,Female,1964-04-24,62,Police,No Formal Education,Widowed,A+,Indian,Bagalkote,PS0018
P001545,Siddu Desai,Male,2005-11-11,20,Farmer,PUC,Single,A-,Indian,Ballari,PS0035
P001546,Chetan Poojary,Male,2006-04-09,20,Nurse,Diploma,Widowed,O-,Indian,Chamarajanagar,PS0208
P001547,Darshan Poojary,Male,1977-06-07,49,Software Engineer,PhD,Widowed,B+,Indian,Bidar,PS0174
P001548,Harini Kulkarni,Female,1975-01-30,51,Teacher,Diploma,Married,O+,Indian,Bengaluru Urban,PS0123
P001549,Pooja Kulkarni,Female,1956-11-17,69,Labour,Diploma,Married,A+,Indian,Ballari,PS0031
P001550,Shreya Kambali,Female,1975-05-13,51,Nurse,High School,Divorced,B-,Indian,Belagavi,PS0069
P001551,Shreya Singh,Female,1996-04-27,30,Sales Executive,PhD,Widowed,O-,Indian,Belagavi,PS0066
P001552,Swathi Hegde,Female,1990-10-14,35,Teacher,PUC,Married,B-,Indian,Belagavi,PS0057
P001553,Sanjay Rao,Male,1987-08-09,38,Sales Executive,Post Graduate,Divorced,AB+,Indian,Chikkaballapura,PS0244
P001554,Mahesh Patil,Male,1997-03-09,29,Farmer,PhD,Divorced,O+,Indian,Bengaluru Urban,PS0135
P001555,Ramesh Rao,Male,1985-04-18,41,Shop Owner,High School,Widowed,O+,Indian,Belagavi,PS0052
P001556,Harish Kumar,Male,1973-07-10,53,Nurse,High School,Divorced,B+,Indian,Bidar,PS0165
P001557,Preethi Rao,Female,1968-07-08,58,Labour,Graduate,Widowed,B-,Indian,Ballari,PS0037
P001558,Abhishek Poojary,Male,1983-05-15,43,Unemployed,No Formal Education,Single,A-,Indian,Ballari,PS0037
P001559,Rahul Kumar,Male,1959-09-25,66,Carpenter,Primary,Divorced,AB-,Indian,Belagavi,PS0069
P001560,Puneeth Patil,Male,1974-02-09,52,Electrician,Primary,Divorced,AB-,Indian,Ballari,PS0037
P001561,Nandini Hegde,Female,1970-09-20,55,Electrician,Diploma,Single,B+,Indian,Ballari,PS0044
P001562,Akash Singh,Male,1965-08-17,60,Shop Owner,Post Graduate,Married,O-,Indian,Belagavi,PS0060
P001563,Rekha Sharma,Female,1965-03-03,61,Teacher,PhD,Single,A+,Indian,Bengaluru Urban,PS0138
P001564,Mahesh Poojary,Male,1989-01-13,37,Government Employee,High School,Single,AB-,Indian,Bagalkote,PS0005
P001565,Preethi Hiremath,Female,1971-04-25,55,Sales Executive,No Formal Education,Widowed,AB-,Indian,Bidar,PS0157
P001566,Divya Kulkarni,Female,1961-03-07,65,Driver,High School,Divorced,O+,Indian,Bidar,PS0178
P001567,Kiran Rao,Male,1983-10-09,42,Electrician,Primary,Divorced,O-,Indian,Chamarajanagar,PS0205
P001568,Lokesh Hiremath,Male,1992-06-23,34,Driver,Graduate,Divorced,B-,Indian,Bidar,PS0171
P001569,Sowmya Kumar,Female,1998-12-04,27,Carpenter,High School,Single,B-,Indian,Chamarajanagar,PS0220
P001570,Asha Verma,Female,1993-11-03,32,Carpenter,No Formal Education,Divorced,O-,Indian,Bengaluru Urban,PS0152
P001571,Naveen Kambali,Male,1957-10-25,68,Teacher,No Formal Education,Single,AB+,Indian,Bagalkote,PS0013
P001572,Lakshmi Poojary,Female,1989-02-03,37,Nurse,No Formal Education,Divorced,O+,Indian,Bengaluru Urban,PS0111
P001573,Deepa Pujari,Female,1993-01-31,33,Labour,Graduate,Married,AB-,Indian,Bengaluru Rural,PS0105
P001574,Harini Rao,Female,1998-11-08,27,Electrician,Diploma,Single,O-,Indian,Bengaluru Rural,PS0104
P001575,Basavaraj Hegde,Male,2000-08-24,25,Farmer,No Formal Education,Married,A-,Indian,Chamarajanagar,PS0225
P001576,Rohit Shetty,Male,1988-07-01,38,Doctor,High School,Married,A-,Indian,Chikkaballapura,PS0246
P001577,Rahul Kumar,Male,1985-08-09,40,Unemployed,Primary,Married,O-,Indian,Belagavi,PS0066
P001578,Vidya Naik,Female,1965-12-10,60,Engineer,High School,Married,A-,Indian,Bengaluru Rural,PS0089
P001579,Rohit Reddy,Male,1955-05-06,71,Labour,PUC,Married,A+,Indian,Chamarajanagar,PS0194
P001580,Mahesh Hegde,Male,2002-06-28,24,Business,PhD,Married,O-,Indian,Bidar,PS0160
P001581,Vinay Bhat,Male,1960-06-30,66,Sales Executive,High School,Single,A-,Indian,Chikkaballapura,PS0236
P001582,Ramesh Joshi,Male,1967-11-29,58,Shop Owner,PUC,Single,A-,Indian,Ballari,PS0039
P001583,Akash Hegde,Male,1975-06-06,51,Driver,Post Graduate,Divorced,O+,Indian,Ballari,PS0026
P001584,Lakshmi Singh,Female,1977-07-07,49,Software Engineer,PUC,Single,AB+,Indian,Bengaluru Urban,PS0145
P001585,Sunitha Shetty,Female,1960-10-19,65,Engineer,Primary,Widowed,AB-,Indian,Bagalkote,PS0023
P001586,Lokesh Singh,Male,1962-03-04,64,Sales Executive,No Formal Education,Single,AB-,Indian,Bengaluru Rural,PS0106
P001587,Rekha Angadi,Female,1960-11-28,65,Security Guard,Diploma,Divorced,O-,Indian,Bengaluru Urban,PS0135
P001588,Sangeetha Poojary,Female,1988-03-26,38,Government Employee,Diploma,Widowed,AB-,Indian,Chamarajanagar,PS0200
P001589,Vijay Hiremath,Male,1970-04-20,56,Engineer,Graduate,Widowed,O-,Indian,Belagavi,PS0057
P001590,Swathi Desai,Female,1996-08-05,29,Sales Executive,PhD,Married,B+,Indian,Ballari,PS0030
P001591,Shreya Kumar,Female,1967-07-05,59,Carpenter,Post Graduate,Married,O+,Indian,Bagalkote,PS0023
P001592,Priya Singh,Female,1970-07-02,56,Teacher,High School,Married,A-,Indian,Bagalkote,PS0012
P001593,Mahesh Poojary,Male,1968-06-12,58,Lawyer,Graduate,Married,A+,Indian,Belagavi,PS0067
P001594,Bhavya Shetty,Female,1982-03-25,44,Shop Owner,Diploma,Married,B-,Indian,Bidar,PS0158
P001595,Radhika Poojary,Female,1993-10-31,32,Labour,High School,Widowed,A+,Indian,Ballari,PS0036
P001596,Anjali Reddy,Female,1984-01-02,42,Government Employee,Diploma,Married,B-,Indian,Chamarajanagar,PS0228
P001597,Vidya Rao,Female,1992-05-08,34,Government Employee,No Formal Education,Divorced,B+,Indian,Bengaluru Urban,PS0130
P001598,Anitha Bhat,Female,1993-06-27,33,Unemployed,Primary,Married,AB+,Indian,Bengaluru Rural,PS0077
P001599,Sangeetha Kulkarni,Female,1966-06-30,60,Software Engineer,PhD,Single,A+,Indian,Bengaluru Urban,PS0119
P001600,Deepa Singh,Female,1977-01-29,49,Business,Graduate,Married,AB-,Indian,Bengaluru Urban,PS0126
P001601,Vidya Joshi,Female,2004-10-16,21,Carpenter,Graduate,Married,B+,Indian,Bidar,PS0165
P001602,Vidya Siddiqui,Female,2006-05-05,20,Police,PUC,Married,O-,Indian,Bengaluru Rural,PS0072
P001603,Priya Hegde,Female,2000-11-03,25,Farmer,Post Graduate,Married,AB-,Indian,Bengaluru Rural,PS0088
P001604,Ganesh Poojary,Male,1996-07-05,30,Unemployed,Diploma,Single,O-,Indian,Ballari,PS0043
P001605,Sunitha Rao,Female,1979-10-12,46,Teacher,Graduate,Single,O-,Indian,Chikkaballapura,PS0236
P001606,Vijay Siddiqui,Male,1955-04-11,71,Carpenter,Graduate,Widowed,B+,Indian,Ballari,PS0044
P001607,Swathi Poojary,Female,1983-03-09,43,Unemployed,PUC,Married,A-,Indian,Bidar,PS0175
P001608,Sangeetha Gowda,Female,1972-06-27,54,Mechanic,Diploma,Married,O+,Indian,Bidar,PS0184
P001609,Rekha Kumar,Female,1981-10-01,44,Lawyer,PUC,Married,AB+,Indian,Bengaluru Rural,PS0092
P001610,Rahul Siddiqui,Male,1992-10-22,33,Doctor,Graduate,Widowed,B+,Indian,Bengaluru Urban,PS0152
P001611,Anitha Desai,Female,2004-10-24,21,Driver,PhD,Divorced,A-,Indian,Bengaluru Urban,PS0115
P001612,Keerthi Joshi,Female,1972-09-28,53,Unemployed,PhD,Divorced,B+,Indian,Chikkaballapura,PS0240
P001613,Naveen Kumar,Male,1966-02-12,60,Engineer,Graduate,Widowed,AB-,Indian,Chamarajanagar,PS0196
P001614,Naveen Desai,Male,2004-05-09,22,Student,Post Graduate,Divorced,O+,Indian,Bengaluru Rural,PS0099
P001615,Naveen Angadi,Male,1958-02-05,68,Electrician,Graduate,Single,A+,Indian,Bengaluru Rural,PS0108
P001616,Vinay Reddy,Male,1961-02-02,65,Teacher,High School,Single,B+,Indian,Bengaluru Rural,PS0094
P001617,Rohit Kulkarni,Male,1987-01-13,39,Carpenter,Primary,Widowed,AB-,Indian,Chamarajanagar,PS0207
P001618,Vinay Desai,Male,2003-11-27,22,Engineer,Post Graduate,Widowed,B+,Indian,Chamarajanagar,PS0221
P001619,Siddu Rao,Male,1995-03-28,31,Driver,Primary,Divorced,B-,Indian,Belagavi,PS0067
P001620,Arjun Siddiqui,Male,2005-01-12,21,Student,No Formal Education,Married,O-,Indian,Chikkaballapura,PS0240
P001621,Arjun Sharma,Male,1975-11-15,50,Teacher,High School,Divorced,AB-,Indian,Bengaluru Rural,PS0095
P001622,Sunitha Siddiqui,Female,1990-07-05,36,Student,Diploma,Widowed,A+,Indian,Belagavi,PS0064
P001623,Harini Reddy,Female,1958-08-07,67,Business,No Formal Education,Married,B-,Indian,Ballari,PS0041
P001624,Priya Kulkarni,Female,1962-03-26,64,Security Guard,Graduate,Married,O+,Indian,Belagavi,PS0063
P001625,Manoj Kambali,Male,1955-08-29,70,Unemployed,Diploma,Divorced,AB-,Indian,Ballari,PS0040
P001626,Pooja Rao,Female,1977-12-28,48,Carpenter,PUC,Divorced,AB+,Indian,Bidar,PS0167
P001627,Anjali Siddiqui,Female,1980-08-08,45,Sales Executive,No Formal Education,Widowed,O+,Indian,Chikkaballapura,PS0235
P001628,Akash Naik,Male,1958-09-27,67,Nurse,Primary,Married,B-,Indian,Chamarajanagar,PS0218
P001629,Geetha Rao,Female,1982-03-20,44,Software Engineer,PhD,Single,B-,Indian,Ballari,PS0040
P001630,Lakshmi Pujari,Female,1957-02-19,69,Electrician,No Formal Education,Married,B+,Indian,Chikkaballapura,PS0235
P001631,Lakshmi Poojary,Female,1989-11-10,36,Carpenter,PhD,Widowed,B+,Indian,Bengaluru Urban,PS0147
P001632,Nandini Kambali,Female,1980-08-07,45,Police,Primary,Single,A+,Indian,Bengaluru Rural,PS0084
P001633,Lokesh Gowda,Male,1956-01-03,70,Lawyer,No Formal Education,Divorced,O-,Indian,Bengaluru Rural,PS0101
P001634,Sangeetha Hiremath,Female,1969-04-23,57,Farmer,No Formal Education,Divorced,B-,Indian,Chikkaballapura,PS0244
P001635,Suresh Kulkarni,Male,1961-10-29,64,Lawyer,Post Graduate,Single,AB+,Indian,Chamarajanagar,PS0198
P001636,Kiran Bhat,Male,1967-09-22,58,Lawyer,PhD,Married,A-,Indian,Bidar,PS0167
P001637,Vinay Shetty,Male,1956-04-15,70,Farmer,Primary,Married,O-,Indian,Bagalkote,PS0015
P001638,Asha Kumar,Female,2005-07-12,21,Government Employee,Primary,Married,B-,Indian,Bengaluru Rural,PS0096
P001639,Mahesh Desai,Male,1957-09-06,68,Engineer,PhD,Widowed,O-,Indian,Bidar,PS0185
P001640,Pooja Kumar,Female,2006-09-29,19,Engineer,Primary,Divorced,AB+,Indian,Chamarajanagar,PS0204
P001641,Lakshmi Joshi,Female,1957-03-10,69,Lawyer,PUC,Married,O-,Indian,Bidar,PS0184
P001642,Chetan Gowda,Male,2005-07-12,21,Labour,PhD,Married,A+,Indian,Bengaluru Rural,PS0078
P001643,Deepa Reddy,Female,1987-12-14,38,Sales Executive,PhD,Married,AB-,Indian,Bagalkote,PS0007
P001644,Sangeetha Kambali,Female,2003-07-07,23,Teacher,Graduate,Divorced,O+,Indian,Bagalkote,PS0014
P001645,Sanjay Desai,Male,1988-05-20,38,Sales Executive,Graduate,Divorced,B+,Indian,Bengaluru Rural,PS0093
P001646,Roopa Kambali,Female,1991-08-03,34,Software Engineer,Post Graduate,Single,AB+,Indian,Chikkaballapura,PS0250
P001647,Naveen Kulkarni,Male,1996-11-09,29,Sales Executive,High School,Single,AB-,Indian,Chamarajanagar,PS0193
P001648,Lokesh Hegde,Male,2003-06-19,23,Driver,High School,Married,O+,Indian,Chamarajanagar,PS0221
P001649,Siddu Singh,Male,1965-01-14,61,Mechanic,No Formal Education,Single,A+,Indian,Bengaluru Rural,PS0106
P001650,Harini Shetty,Female,1975-05-07,51,Carpenter,PhD,Single,AB-,Indian,Chamarajanagar,PS0220
P001651,Harini Desai,Female,2001-12-06,24,Nurse,PUC,Divorced,O+,Indian,Chamarajanagar,PS0226
P001652,Vijay Siddiqui,Male,1995-09-13,30,Teacher,PUC,Single,A-,Indian,Bidar,PS0179
P001653,Sneha Reddy,Female,1982-07-03,44,Police,Post Graduate,Divorced,B-,Indian,Chamarajanagar,PS0216
P001654,Siddu Rao,Male,1957-02-09,69,Student,No Formal Education,Divorced,A-,Indian,Bengaluru Urban,PS0151
P001655,Akash Reddy,Male,1961-01-05,65,Lawyer,PhD,Single,O+,Indian,Bidar,PS0166
P001656,Roopa Desai,Female,1955-12-13,70,Unemployed,Diploma,Divorced,O+,Indian,Bagalkote,PS0020
P001657,Lakshmi Bhat,Female,1993-06-11,33,Unemployed,PhD,Single,O-,Indian,Belagavi,PS0050
P001658,Vinay Hegde,Male,1986-07-14,40,Student,Diploma,Widowed,O+,Indian,Chikkaballapura,PS0244
P001659,Suresh Hiremath,Male,1986-06-30,40,Government Employee,No Formal Education,Widowed,A+,Indian,Ballari,PS0043
P001660,Sunitha Reddy,Female,1997-08-08,28,Lawyer,Primary,Single,B-,Indian,Bagalkote,PS0014
P001661,Harish Desai,Male,1985-04-08,41,Police,PhD,Single,AB-,Indian,Bagalkote,PS0020
P001662,Harini Verma,Female,1974-06-06,52,Unemployed,Post Graduate,Single,A+,Indian,Chamarajanagar,PS0201
P001663,Sanjay Kumar,Male,2000-06-03,26,Sales Executive,Primary,Married,O-,Indian,Bengaluru Rural,PS0101
P001664,Rekha Hiremath,Female,1989-10-28,36,Shop Owner,No Formal Education,Divorced,A-,Indian,Bidar,PS0158
P001665,Pooja Verma,Female,1981-04-27,45,Driver,No Formal Education,Divorced,AB-,Indian,Bengaluru Urban,PS0110
P001666,Anjali Patil,Female,1961-11-22,64,Business,PhD,Widowed,B-,Indian,Bengaluru Rural,PS0076
P001667,Mahesh Siddiqui,Male,1970-11-05,55,Nurse,No Formal Education,Divorced,B+,Indian,Belagavi,PS0055
P001668,Naveen Hiremath,Male,1999-04-06,27,Police,PhD,Single,A-,Indian,Belagavi,PS0064
P001669,Manoj Patil,Male,2005-06-27,21,Student,PhD,Widowed,AB-,Indian,Bidar,PS0183
P001670,Priya Pujari,Female,1988-01-16,38,Shop Owner,Primary,Widowed,O-,Indian,Bidar,PS0181
P001671,Ajay Singh,Male,2004-12-30,21,Labour,Primary,Single,A-,Indian,Ballari,PS0026
P001672,Roopa Kulkarni,Female,1997-07-31,28,Nurse,PUC,Married,A-,Indian,Bagalkote,PS0019
P001673,Akash Reddy,Male,2006-03-05,20,Driver,PUC,Widowed,AB-,Indian,Bengaluru Urban,PS0127
P001674,Nandini Reddy,Female,1971-08-23,54,Security Guard,Post Graduate,Single,A+,Indian,Bidar,PS0171
P001675,Ramesh Patil,Male,1981-12-11,44,Teacher,Post Graduate,Single,AB-,Indian,Belagavi,PS0047
P001676,Ganesh Kumar,Male,1965-02-11,61,Mechanic,Diploma,Single,AB+,Indian,Bagalkote,PS0004
P001677,Naveen Sharma,Male,1998-02-05,28,Business,PUC,Widowed,O-,Indian,Chamarajanagar,PS0202
P001678,Lakshmi Naik,Female,1970-06-20,56,Nurse,Primary,Married,B+,Indian,Bengaluru Urban,PS0131
P001679,Shivakumar Reddy,Male,1997-11-08,28,Mechanic,Primary,Married,B-,Indian,Bidar,PS0175
P001680,Geetha Siddiqui,Female,1987-06-14,39,Police,Diploma,Widowed,A+,Indian,Chamarajanagar,PS0216
P001681,Kavya Hegde,Female,1990-05-28,36,Student,PUC,Divorced,O+,Indian,Belagavi,PS0052
P001682,Radhika Sharma,Female,1966-06-04,60,Government Employee,Post Graduate,Married,B-,Indian,Chamarajanagar,PS0231
P001683,Nandini Reddy,Female,1993-10-28,32,Unemployed,No Formal Education,Widowed,A-,Indian,Chikkaballapura,PS0244
P001684,Pradeep Patil,Male,1958-08-02,67,Software Engineer,Diploma,Widowed,AB+,Indian,Bengaluru Urban,PS0149
P001685,Anitha Hegde,Female,1982-03-24,44,Shop Owner,Graduate,Divorced,O-,Indian,Bagalkote,PS0019
P001686,Bhavya Hiremath,Female,2005-04-04,21,Unemployed,High School,Widowed,AB-,Indian,Chamarajanagar,PS0209
P001687,Pradeep Poojary,Male,1985-09-20,40,Shop Owner,Primary,Divorced,AB+,Indian,Bidar,PS0174
P001688,Kusuma Bhat,Female,2001-01-25,25,Police,Graduate,Divorced,B-,Indian,Bengaluru Rural,PS0085
P001689,Prakash Bhat,Male,1972-03-18,54,Carpenter,Post Graduate,Divorced,AB+,Indian,Belagavi,PS0047
P001690,Roopa Rao,Female,1967-06-30,59,Electrician,PUC,Divorced,AB-,Indian,Bengaluru Urban,PS0134
P001691,Basavaraj Verma,Male,2007-03-11,19,Mechanic,High School,Single,AB+,Indian,Bagalkote,PS0003
P001692,Ramesh Angadi,Male,1985-04-08,41,Driver,PhD,Divorced,B-,Indian,Bengaluru Urban,PS0123
P001693,Nandini Joshi,Female,2005-12-22,20,Sales Executive,Graduate,Married,AB+,Indian,Chamarajanagar,PS0226
P001694,Ajay Naik,Male,1988-10-13,37,Shop Owner,Post Graduate,Single,A-,Indian,Chikkaballapura,PS0249
P001695,Basavaraj Joshi,Male,1999-05-31,27,Sales Executive,Diploma,Widowed,B-,Indian,Bengaluru Rural,PS0089
P001696,Kavya Singh,Female,1998-12-02,27,Unemployed,Primary,Widowed,O+,Indian,Bengaluru Rural,PS0087
P001697,Swathi Naik,Female,1967-07-15,59,Driver,Primary,Divorced,A+,Indian,Chamarajanagar,PS0232
P001698,Shivakumar Reddy,Male,1979-11-19,46,Farmer,Diploma,Married,A-,Indian,Bengaluru Rural,PS0096
P001699,Lakshmi Gowda,Female,2005-10-30,20,Engineer,No Formal Education,Single,AB-,Indian,Bidar,PS0182
P001700,Megha Singh,Female,1976-08-04,49,Police,PUC,Divorced,AB-,Indian,Belagavi,PS0065
P001701,Manoj Kumar,Male,2004-09-03,21,Security Guard,Graduate,Married,B+,Indian,Bengaluru Rural,PS0099
P001702,Lakshmi Kambali,Female,1956-07-25,69,Driver,Primary,Divorced,O-,Indian,Belagavi,PS0049
P001703,Kiran Sharma,Male,1991-06-17,35,Police,PUC,Widowed,B+,Indian,Bengaluru Urban,PS0125
P001704,Vijay Joshi,Male,1964-08-19,61,Student,PUC,Divorced,O+,Indian,Bidar,PS0155
P001705,Keerthi Rao,Female,1975-10-31,50,Farmer,Primary,Widowed,O-,Indian,Bagalkote,PS0007
P001706,Sneha Desai,Female,1989-02-08,37,Student,Diploma,Married,O-,Indian,Bagalkote,PS0008
P001707,Vidya Pujari,Female,1985-09-16,40,Carpenter,No Formal Education,Widowed,O+,Indian,Chikkaballapura,PS0236
P001708,Radhika Rao,Female,1988-06-17,38,Teacher,Primary,Widowed,B+,Indian,Chikkaballapura,PS0236
P001709,Lakshmi Rao,Female,1983-03-11,43,Software Engineer,Post Graduate,Divorced,B-,Indian,Chamarajanagar,PS0201
P001710,Nisha Desai,Female,1997-02-20,29,Student,PUC,Single,O-,Indian,Ballari,PS0038
P001711,Mahesh Hiremath,Male,1985-12-19,40,Software Engineer,Post Graduate,Single,O-,Indian,Bengaluru Urban,PS0142
P001712,Sangeetha Verma,Female,1993-01-19,33,Doctor,Post Graduate,Divorced,AB-,Indian,Ballari,PS0037
P001713,Ajay Kulkarni,Male,1978-04-25,48,Government Employee,High School,Married,B-,Indian,Bengaluru Urban,PS0116
P001714,Shivakumar Gowda,Male,1989-03-22,37,Software Engineer,No Formal Education,Married,A-,Indian,Bagalkote,PS0001
P001715,Rohit Angadi,Male,2004-08-05,21,Engineer,Diploma,Single,AB+,Indian,Bengaluru Urban,PS0127
P001716,Sneha Bhat,Female,1967-09-16,58,Labour,Diploma,Married,B-,Indian,Chikkaballapura,PS0240
P001717,Megha Shetty,Female,2001-09-12,24,Doctor,PUC,Single,A+,Indian,Chamarajanagar,PS0197
P001718,Suraj Kambali,Male,1997-03-10,29,Labour,High School,Married,A+,Indian,Bengaluru Urban,PS0136
P001719,Lokesh Reddy,Male,1961-01-16,65,Farmer,Diploma,Married,A-,Indian,Bengaluru Urban,PS0112
P001720,Harini Kulkarni,Female,1971-01-19,55,Teacher,High School,Married,A+,Indian,Bengaluru Urban,PS0134
P001721,Kusuma Shetty,Female,1979-06-07,47,Mechanic,No Formal Education,Single,O+,Indian,Bengaluru Urban,PS0141
P001722,Akash Gowda,Male,1997-01-30,29,Teacher,High School,Married,AB-,Indian,Bengaluru Urban,PS0126
P001723,Keerthi Sharma,Female,1995-10-25,30,Driver,Primary,Married,B+,Indian,Chamarajanagar,PS0220
P001724,Rohit Desai,Male,1967-03-12,59,Student,Diploma,Widowed,O-,Indian,Bidar,PS0173
P001725,Harini Kambali,Female,1991-03-27,35,Mechanic,PhD,Divorced,O+,Indian,Chamarajanagar,PS0212
P001726,Sowmya Singh,Female,1969-12-21,56,Mechanic,PhD,Married,A+,Indian,Bengaluru Rural,PS0087
P001727,Rohit Angadi,Male,1987-12-21,38,Electrician,Primary,Widowed,O+,Indian,Bengaluru Rural,PS0071
P001728,Megha Kulkarni,Female,1957-02-21,69,Carpenter,PhD,Married,A+,Indian,Bagalkote,PS0012
P001729,Suresh Siddiqui,Male,1968-03-15,58,Sales Executive,High School,Divorced,O+,Indian,Bidar,PS0154
P001730,Manoj Kumar,Male,1975-05-16,51,Sales Executive,Diploma,Widowed,O+,Indian,Bengaluru Urban,PS0143
P001731,Rekha Verma,Female,1988-05-02,38,Business,PhD,Married,O+,Indian,Belagavi,PS0055
P001732,Vijay Patil,Male,1964-02-01,62,Electrician,Graduate,Single,AB-,Indian,Ballari,PS0030
P001733,Bhavya Siddiqui,Female,1993-11-18,32,Doctor,Diploma,Divorced,O-,Indian,Bagalkote,PS0011
P001734,Shivakumar Poojary,Male,1961-01-29,65,Software Engineer,Graduate,Married,AB+,Indian,Bidar,PS0166
P001735,Rahul Naik,Male,1968-02-04,58,Shop Owner,Diploma,Single,A+,Indian,Bengaluru Rural,PS0083
P001736,Chetan Pujari,Male,1988-04-22,38,Student,PhD,Widowed,AB-,Indian,Chikkaballapura,PS0237
P001737,Deepa Angadi,Female,1984-04-18,42,Electrician,Graduate,Single,A-,Indian,Bagalkote,PS0004
P001738,Sunitha Poojary,Female,1993-11-18,32,Mechanic,No Formal Education,Single,B+,Indian,Chikkaballapura,PS0250
P001739,Swathi Verma,Female,1978-12-18,47,Teacher,High School,Married,A-,Indian,Bidar,PS0155
P001740,Asha Desai,Female,1974-10-04,51,Engineer,No Formal Education,Divorced,A+,Indian,Bengaluru Urban,PS0137
P001741,Ramesh Singh,Male,2006-01-27,20,Business,Post Graduate,Married,O+,Indian,Belagavi,PS0060
P001742,Lakshmi Kumar,Female,1960-12-10,65,Driver,No Formal Education,Divorced,O-,Indian,Chamarajanagar,PS0217
P001743,Vijay Verma,Male,1969-11-09,56,Government Employee,Primary,Single,O-,Indian,Belagavi,PS0067
P001744,Radhika Kulkarni,Female,1997-01-25,29,Lawyer,Graduate,Divorced,B+,Indian,Bengaluru Rural,PS0083
P001745,Vidya Angadi,Female,1977-01-02,49,Police,No Formal Education,Widowed,O-,Indian,Belagavi,PS0055
P001746,Swathi Pujari,Female,1981-12-19,44,Government Employee,Post Graduate,Single,AB+,Indian,Bidar,PS0158
P001747,Anjali Patil,Female,2004-10-16,21,Police,PUC,Married,O-,Indian,Bidar,PS0181
P001748,Kiran Kambali,Male,2000-05-19,26,Software Engineer,Post Graduate,Widowed,O+,Indian,Bidar,PS0162
P001749,Megha Reddy,Female,1976-10-03,49,Driver,PhD,Single,AB-,Indian,Ballari,PS0044
P001750,Suresh Desai,Male,1993-10-09,32,Teacher,Post Graduate,Widowed,A+,Indian,Bidar,PS0178
P001751,Deepa Naik,Female,1982-08-19,43,Police,PhD,Widowed,O+,Indian,Bengaluru Rural,PS0093
P001752,Mahesh Singh,Male,1976-02-04,50,Electrician,PUC,Married,AB-,Indian,Bengaluru Rural,PS0089
P001753,Lokesh Hegde,Male,1988-10-22,37,Doctor,Primary,Single,A-,Indian,Bengaluru Rural,PS0105
P001754,Manoj Kambali,Male,1993-06-12,33,Government Employee,Primary,Married,A+,Indian,Bengaluru Urban,PS0128
P001755,Vinay Shetty,Male,1957-12-07,68,Teacher,Diploma,Divorced,AB-,Indian,Belagavi,PS0048
P001756,Arjun Shetty,Male,1982-10-16,43,Carpenter,Primary,Single,A-,Indian,Ballari,PS0041
P001757,Lokesh Kumar,Male,1972-03-31,54,Driver,Post Graduate,Widowed,A-,Indian,Chamarajanagar,PS0198
P001758,Preethi Bhat,Female,2002-03-13,24,Doctor,Diploma,Married,A-,Indian,Bengaluru Urban,PS0131
P001759,Radhika Joshi,Female,1969-02-13,57,Mechanic,Primary,Widowed,B-,Indian,Bengaluru Rural,PS0083
P001760,Kavya Desai,Female,1985-05-20,41,Driver,PhD,Widowed,AB-,Indian,Chamarajanagar,PS0212
P001761,Megha Siddiqui,Female,1990-12-26,35,Labour,PUC,Divorced,AB-,Indian,Bengaluru Urban,PS0144
P001762,Vijay Verma,Male,1968-05-05,58,Teacher,No Formal Education,Single,A+,Indian,Bagalkote,PS0021
P001763,Manoj Naik,Male,1995-04-11,31,Teacher,High School,Single,AB+,Indian,Bagalkote,PS0011
P001764,Rekha Hegde,Female,2006-12-20,19,Police,PhD,Widowed,O+,Indian,Bagalkote,PS0002
P001765,Chetan Kambali,Male,2007-09-21,18,Electrician,PUC,Widowed,A+,Indian,Bengaluru Urban,PS0126
P001766,Pooja Desai,Female,1972-03-06,54,Software Engineer,Primary,Single,A+,Indian,Chamarajanagar,PS0220
P001767,Bhavya Shetty,Female,1999-08-23,26,Sales Executive,Post Graduate,Divorced,O-,Indian,Belagavi,PS0064
P001768,Siddu Hegde,Male,1992-11-21,33,Carpenter,High School,Single,B+,Indian,Bidar,PS0167
P001769,Shreya Reddy,Female,1998-09-06,27,Carpenter,High School,Single,B+,Indian,Ballari,PS0035
P001770,Ganesh Angadi,Male,1999-06-10,27,Lawyer,PUC,Married,O+,Indian,Bengaluru Rural,PS0087
P001771,Abhishek Kumar,Male,1987-05-13,39,Carpenter,Graduate,Divorced,A+,Indian,Chikkaballapura,PS0240
P001772,Vinay Pujari,Male,1973-02-04,53,Business,High School,Divorced,AB+,Indian,Bengaluru Rural,PS0093
P001773,Sowmya Hiremath,Female,1972-08-23,53,Labour,No Formal Education,Widowed,AB+,Indian,Chikkaballapura,PS0237
P001774,Kavya Bhat,Female,1984-11-02,41,Student,Post Graduate,Single,O-,Indian,Bengaluru Urban,PS0128
P001775,Keerthi Angadi,Female,2006-04-22,20,Police,Graduate,Married,O-,Indian,Bidar,PS0163
P001776,Megha Siddiqui,Female,1958-06-22,68,Police,Diploma,Widowed,AB+,Indian,Bengaluru Rural,PS0075
P001777,Ganesh Sharma,Male,1958-08-21,67,Police,PhD,Married,O+,Indian,Bidar,PS0173
P001778,Suresh Gowda,Male,1961-10-29,64,Lawyer,Post Graduate,Single,AB+,Indian,Bidar,PS0160
P001779,Vinay Hiremath,Male,1974-02-23,52,Shop Owner,Diploma,Single,B-,Indian,Bengaluru Urban,PS0124
P001780,Harini Hegde,Female,1970-11-25,55,Shop Owner,PUC,Single,O+,Indian,Bengaluru Rural,PS0100
P001781,Naveen Siddiqui,Male,1977-01-12,49,Government Employee,No Formal Education,Single,B+,Indian,Chikkaballapura,PS0245
P001782,Pooja Bhat,Female,1978-01-24,48,Labour,High School,Widowed,B-,Indian,Chamarajanagar,PS0215
P001783,Prakash Naik,Male,1980-11-27,45,Electrician,Primary,Single,B+,Indian,Bengaluru Rural,PS0087
P001784,Shivakumar Kumar,Male,1976-06-28,50,Doctor,Diploma,Married,A-,Indian,Bengaluru Urban,PS0140
P001785,Swathi Naik,Female,1999-11-25,26,Shop Owner,PhD,Single,O-,Indian,Chamarajanagar,PS0215
P001786,Vidya Reddy,Female,1986-12-17,39,Doctor,Graduate,Married,O+,Indian,Belagavi,PS0068
P001787,Ravi Joshi,Male,1956-08-20,69,Unemployed,Primary,Single,B+,Indian,Bagalkote,PS0018
P001788,Naveen Shetty,Male,2001-11-02,24,Shop Owner,PUC,Widowed,AB-,Indian,Bengaluru Rural,PS0109
P001789,Naveen Desai,Male,1993-10-16,32,Farmer,Post Graduate,Married,B+,Indian,Bengaluru Rural,PS0091
P001790,Lokesh Siddiqui,Male,1998-05-15,28,Security Guard,Primary,Married,O-,Indian,Chamarajanagar,PS0211
P001791,Bhavya Hegde,Female,1988-02-04,38,Business,No Formal Education,Single,O-,Indian,Bengaluru Urban,PS0126
P001792,Rahul Hiremath,Male,1986-11-20,39,Student,Graduate,Divorced,O+,Indian,Bengaluru Urban,PS0128
P001793,Naveen Verma,Male,1962-08-24,63,Teacher,Primary,Single,B+,Indian,Bidar,PS0182
P001794,Nandini Kambali,Female,2004-06-26,22,Carpenter,Primary,Single,AB-,Indian,Belagavi,PS0053
P001795,Suraj Kambali,Male,1993-03-09,33,Electrician,No Formal Education,Single,A+,Indian,Chamarajanagar,PS0217
P001796,Roopa Patil,Female,1978-03-04,48,Nurse,High School,Divorced,AB-,Indian,Bengaluru Urban,PS0134
P001797,Divya Pujari,Female,1987-08-21,38,Doctor,PhD,Divorced,AB+,Indian,Belagavi,PS0050
P001798,Priya Kumar,Female,1980-07-31,45,Carpenter,High School,Single,B+,Indian,Belagavi,PS0062
P001799,Prakash Naik,Male,1963-07-16,63,Lawyer,Graduate,Divorced,A-,Indian,Bengaluru Rural,PS0088
P001800,Sanjay Rao,Male,2007-03-27,19,Doctor,PUC,Single,AB+,Indian,Bidar,PS0189
P001801,Geetha Kambali,Female,2003-07-25,22,Doctor,Diploma,Divorced,A-,Indian,Bidar,PS0181
P001802,Sunitha Gowda,Female,1982-12-25,43,Labour,Primary,Divorced,AB+,Indian,Bengaluru Rural,PS0105
P001803,Manoj Reddy,Male,1963-06-18,63,Security Guard,No Formal Education,Single,O-,Indian,Bagalkote,PS0024
P001804,Vinay Kulkarni,Male,1991-06-04,35,Shop Owner,Primary,Divorced,B+,Indian,Ballari,PS0032
P001805,Rohit Hegde,Male,1970-02-08,56,Driver,Primary,Single,O-,Indian,Bengaluru Urban,PS0133
P001806,Puneeth Patil,Male,1970-03-12,56,Mechanic,PUC,Widowed,A+,Indian,Ballari,PS0030
P001807,Preethi Rao,Female,1999-03-14,27,Shop Owner,PUC,Single,O+,Indian,Belagavi,PS0061
P001808,Lokesh Desai,Male,1972-04-07,54,Mechanic,Diploma,Divorced,B+,Indian,Bidar,PS0176
P001809,Preethi Singh,Female,2006-11-19,19,Electrician,Diploma,Married,A-,Indian,Bidar,PS0169
P001810,Asha Siddiqui,Female,1999-08-25,26,Student,Primary,Widowed,B-,Indian,Bidar,PS0166
P001811,Rekha Patil,Female,2006-09-24,19,Driver,Primary,Married,B+,Indian,Bengaluru Rural,PS0099
P001812,Vijay Sharma,Male,1959-03-06,67,Doctor,Post Graduate,Married,B-,Indian,Chamarajanagar,PS0205
P001813,Anjali Hiremath,Female,1955-04-03,71,Business,Primary,Single,O+,Indian,Bidar,PS0175
P001814,Naveen Rao,Male,1995-02-09,31,Teacher,High School,Single,AB-,Indian,Bidar,PS0172
P001815,Shreya Desai,Female,2001-07-20,25,Lawyer,PhD,Married,B+,Indian,Chamarajanagar,PS0222
P001816,Mahesh Kulkarni,Male,1971-11-13,54,Police,PhD,Widowed,AB+,Indian,Bidar,PS0170
P001817,Kavya Joshi,Female,1955-04-11,71,Labour,PhD,Married,A+,Indian,Bagalkote,PS0013
P001818,Puneeth Verma,Male,2002-01-13,24,Electrician,PUC,Widowed,A-,Indian,Bidar,PS0166
P001819,Sneha Bhat,Female,1980-01-23,46,Driver,Post Graduate,Single,O-,Indian,Bengaluru Rural,PS0080
P001820,Sanjay Verma,Male,1986-03-17,40,Electrician,PUC,Widowed,B-,Indian,Chamarajanagar,PS0220
P001821,Geetha Poojary,Female,1990-01-16,36,Lawyer,High School,Widowed,B-,Indian,Chamarajanagar,PS0215
P001822,Sneha Kumar,Female,1976-01-12,50,Government Employee,Post Graduate,Married,B+,Indian,Chamarajanagar,PS0228
P001823,Ajay Kulkarni,Male,2001-10-31,24,Lawyer,Primary,Divorced,AB+,Indian,Bengaluru Rural,PS0090
P001824,Priya Reddy,Female,2005-11-18,20,Farmer,PUC,Divorced,AB+,Indian,Chamarajanagar,PS0207
P001825,Abhishek Kambali,Male,2006-07-14,20,Mechanic,High School,Widowed,A+,Indian,Chamarajanagar,PS0223
P001826,Rahul Hegde,Male,2004-09-09,21,Labour,Graduate,Single,O-,Indian,Bagalkote,PS0007
P001827,Akash Naik,Male,1982-06-26,44,Labour,Diploma,Divorced,B-,Indian,Belagavi,PS0059
P001828,Roopa Angadi,Female,2005-09-15,20,Security Guard,Graduate,Single,O+,Indian,Belagavi,PS0050
P001829,Radhika Rao,Female,1976-12-20,49,Carpenter,No Formal Education,Divorced,AB-,Indian,Ballari,PS0033
P001830,Sunitha Sharma,Female,2002-10-09,23,Carpenter,PhD,Married,O+,Indian,Chamarajanagar,PS0205
P001831,Pradeep Reddy,Male,1964-04-04,62,Security Guard,High School,Married,O+,Indian,Chamarajanagar,PS0222
P001832,Ramesh Verma,Male,1991-12-30,34,Shop Owner,Primary,Single,O-,Indian,Bengaluru Rural,PS0095
P001833,Vijay Rao,Male,1974-08-07,51,Software Engineer,Primary,Single,AB+,Indian,Bengaluru Rural,PS0100
P001834,Sanjay Singh,Male,1965-10-16,60,Lawyer,PhD,Married,A-,Indian,Bidar,PS0188
P001835,Nisha Angadi,Female,1965-08-28,60,Doctor,Diploma,Married,A+,Indian,Belagavi,PS0068
P001836,Rekha Joshi,Female,2003-07-17,23,Driver,No Formal Education,Widowed,B-,Indian,Bengaluru Urban,PS0127
P001837,Swathi Naik,Female,1962-12-16,63,Mechanic,PUC,Divorced,A+,Indian,Belagavi,PS0052
P001838,Rekha Kulkarni,Female,1987-01-07,39,Sales Executive,High School,Single,A-,Indian,Chikkaballapura,PS0243
P001839,Darshan Joshi,Male,1972-04-10,54,Driver,High School,Married,A+,Indian,Bidar,PS0182
P001840,Ramesh Rao,Male,1972-09-24,53,Teacher,Diploma,Widowed,A+,Indian,Bengaluru Rural,PS0082
P001841,Nisha Angadi,Female,1967-01-25,59,Engineer,Primary,Married,AB-,Indian,Bengaluru Rural,PS0093
P001842,Geetha Singh,Female,1968-10-22,57,Doctor,High School,Widowed,O+,Indian,Bengaluru Rural,PS0079
P001843,Akash Kulkarni,Male,1958-02-25,68,Shop Owner,High School,Widowed,A-,Indian,Bengaluru Urban,PS0117
P001844,Abhishek Shetty,Male,1973-12-31,52,Doctor,High School,Widowed,A-,Indian,Chikkaballapura,PS0243
P001845,Nisha Shetty,Female,1978-11-16,47,Mechanic,Graduate,Widowed,B+,Indian,Bengaluru Urban,PS0121
P001846,Harish Singh,Male,1970-06-11,56,Unemployed,PhD,Divorced,AB-,Indian,Bidar,PS0175
P001847,Radhika Rao,Female,1956-10-18,69,Business,Post Graduate,Divorced,O+,Indian,Bengaluru Rural,PS0095
P001848,Divya Hiremath,Female,1965-05-07,61,Teacher,No Formal Education,Married,A-,Indian,Bidar,PS0184
P001849,Bhavya Siddiqui,Female,2007-02-04,19,Teacher,No Formal Education,Married,B-,Indian,Chikkaballapura,PS0246
P001850,Vijay Gowda,Male,2000-08-11,25,Unemployed,Primary,Married,A-,Indian,Chamarajanagar,PS0216
P001851,Sowmya Kambali,Female,1963-05-24,63,Lawyer,Diploma,Divorced,B+,Indian,Chamarajanagar,PS0232
P001852,Arjun Singh,Male,1999-01-02,27,Business,High School,Married,A-,Indian,Bidar,PS0163
P001853,Lokesh Verma,Male,1961-05-29,65,Labour,Primary,Divorced,O-,Indian,Bengaluru Urban,PS0118
P001854,Darshan Joshi,Male,1985-04-18,41,Student,No Formal Education,Single,A+,Indian,Bengaluru Rural,PS0100
P001855,Shivakumar Kumar,Male,1962-07-03,64,Carpenter,High School,Single,A-,Indian,Chikkaballapura,PS0250
P001856,Vinay Naik,Male,1994-05-20,32,Shop Owner,Graduate,Single,A+,Indian,Bengaluru Urban,PS0148
P001857,Prakash Hegde,Male,1989-01-02,37,Farmer,Diploma,Divorced,AB+,Indian,Chamarajanagar,PS0212
P001858,Rohit Kambali,Male,1968-04-09,58,Unemployed,PhD,Divorced,O-,Indian,Bidar,PS0191
P001859,Manoj Shetty,Male,1980-12-04,45,Mechanic,No Formal Education,Divorced,O+,Indian,Chamarajanagar,PS0207
P001860,Kavya Pujari,Female,1993-12-30,32,Sales Executive,No Formal Education,Single,A+,Indian,Ballari,PS0043
P001861,Darshan Joshi,Male,1977-01-13,49,Nurse,Graduate,Divorced,A-,Indian,Ballari,PS0042
P001862,Sangeetha Pujari,Female,1979-09-05,46,Mechanic,High School,Widowed,O+,Indian,Bidar,PS0188
P001863,Vijay Singh,Male,1968-05-23,58,Lawyer,PUC,Divorced,AB-,Indian,Bengaluru Urban,PS0150
P001864,Prakash Bhat,Male,1970-04-10,56,Security Guard,Post Graduate,Single,A+,Indian,Chamarajanagar,PS0210
P001865,Kavya Singh,Female,1973-08-27,52,Police,Post Graduate,Widowed,AB-,Indian,Bengaluru Rural,PS0075
P001866,Abhishek Angadi,Male,2002-03-05,24,Driver,High School,Single,A+,Indian,Chamarajanagar,PS0233
P001867,Vidya Gowda,Female,1965-12-25,60,Nurse,Diploma,Single,A+,Indian,Bidar,PS0169
P001868,Anitha Joshi,Female,1970-12-02,55,Shop Owner,PhD,Widowed,B-,Indian,Chikkaballapura,PS0246
P001869,Mahesh Rao,Male,2002-05-26,24,Doctor,Post Graduate,Divorced,B-,Indian,Bengaluru Urban,PS0151
P001870,Darshan Reddy,Male,1967-09-11,58,Nurse,Diploma,Married,AB+,Indian,Bengaluru Rural,PS0076
P001871,Megha Shetty,Female,1956-11-09,69,Police,Post Graduate,Married,AB-,Indian,Chamarajanagar,PS0215
P001872,Lakshmi Naik,Female,1982-10-10,43,Lawyer,Primary,Widowed,A+,Indian,Bengaluru Rural,PS0087
P001873,Megha Siddiqui,Female,1989-12-23,36,Driver,Graduate,Divorced,AB+,Indian,Chikkaballapura,PS0239
P001874,Akash Desai,Male,1975-07-21,51,Software Engineer,Graduate,Married,AB+,Indian,Bagalkote,PS0014
P001875,Shivakumar Kumar,Male,1962-08-04,63,Government Employee,Post Graduate,Divorced,O+,Indian,Chamarajanagar,PS0199
P001876,Kusuma Bhat,Female,2001-01-08,25,Security Guard,No Formal Education,Married,A-,Indian,Bengaluru Urban,PS0116
P001877,Nisha Kambali,Female,1999-12-11,26,Mechanic,High School,Divorced,AB-,Indian,Ballari,PS0040
P001878,Harish Angadi,Male,1960-07-09,66,Carpenter,No Formal Education,Divorced,A+,Indian,Bengaluru Urban,PS0137
P001879,Nisha Rao,Female,1974-05-23,52,Business,Graduate,Married,AB+,Indian,Bengaluru Rural,PS0096
P001880,Rekha Naik,Female,1990-05-31,36,Police,High School,Single,A-,Indian,Belagavi,PS0052
P001881,Pradeep Angadi,Male,1995-10-19,30,Mechanic,PhD,Single,A+,Indian,Chikkaballapura,PS0236
P001882,Vijay Hiremath,Male,1963-03-15,63,Business,PhD,Married,B+,Indian,Bagalkote,PS0001
P001883,Anitha Hegde,Female,1975-04-02,51,Engineer,Post Graduate,Single,A-,Indian,Belagavi,PS0055
P001884,Abhishek Angadi,Male,2000-04-18,26,Government Employee,Graduate,Widowed,A-,Indian,Bengaluru Rural,PS0100
P001885,Sowmya Singh,Female,2004-07-27,21,Mechanic,No Formal Education,Single,B+,Indian,Bagalkote,PS0015
P001886,Siddu Kumar,Male,1957-08-21,68,Security Guard,Primary,Divorced,O+,Indian,Bagalkote,PS0008
P001887,Ravi Patil,Male,2001-12-31,24,Student,PUC,Widowed,AB-,Indian,Chamarajanagar,PS0220
P001888,Anitha Poojary,Female,1978-09-04,47,Electrician,Primary,Widowed,A+,Indian,Bengaluru Urban,PS0138
P001889,Mahesh Kulkarni,Male,1986-01-08,40,Teacher,No Formal Education,Single,AB+,Indian,Bidar,PS0172
P001890,Basavaraj Naik,Male,2002-03-09,24,Security Guard,Diploma,Single,AB+,Indian,Chikkaballapura,PS0241
P001891,Vijay Desai,Male,2002-07-16,24,Government Employee,Graduate,Single,B+,Indian,Bengaluru Rural,PS0101
P001892,Lakshmi Shetty,Female,1969-02-22,57,Business,High School,Single,B-,Indian,Chamarajanagar,PS0213
P001893,Asha Hegde,Female,1985-04-18,41,Labour,Primary,Single,AB+,Indian,Chikkaballapura,PS0237
P001894,Pradeep Bhat,Male,1966-09-01,59,Mechanic,Post Graduate,Single,AB-,Indian,Chamarajanagar,PS0219
P001895,Abhishek Hegde,Male,1976-04-27,50,Government Employee,Post Graduate,Widowed,O+,Indian,Belagavi,PS0046
P001896,Ganesh Naik,Male,1965-06-14,61,Teacher,Post Graduate,Single,A+,Indian,Belagavi,PS0054
P001897,Shivakumar Gowda,Male,2001-09-03,24,Business,Graduate,Widowed,O+,Indian,Bengaluru Rural,PS0104
P001898,Siddu Kumar,Male,1989-08-27,36,Teacher,PhD,Single,AB-,Indian,Bengaluru Urban,PS0119
P001899,Kiran Shetty,Male,1974-08-12,51,Lawyer,Graduate,Divorced,A+,Indian,Bidar,PS0181
P001900,Sowmya Kambali,Female,1971-06-15,55,Labour,Primary,Widowed,O-,Indian,Ballari,PS0034
P001901,Sunitha Kambali,Female,1967-10-17,58,Unemployed,PUC,Divorced,AB+,Indian,Bidar,PS0178
P001902,Kiran Sharma,Male,1982-04-10,44,Shop Owner,No Formal Education,Widowed,B-,Indian,Bidar,PS0177
P001903,Megha Sharma,Female,1997-10-13,28,Shop Owner,High School,Widowed,A+,Indian,Ballari,PS0029
P001904,Vijay Siddiqui,Male,1988-07-31,37,Unemployed,Primary,Single,A-,Indian,Chikkaballapura,PS0246
P001905,Keerthi Kumar,Female,1959-04-06,67,Mechanic,Graduate,Single,AB+,Indian,Chamarajanagar,PS0211
P001906,Preethi Shetty,Female,1956-05-31,70,Sales Executive,Diploma,Married,O+,Indian,Belagavi,PS0049
P001907,Sunitha Angadi,Female,2006-05-19,20,Nurse,Diploma,Widowed,A-,Indian,Chamarajanagar,PS0199
P001908,Sneha Kambali,Female,1987-11-08,38,Security Guard,Post Graduate,Married,B+,Indian,Bengaluru Urban,PS0135
P001909,Preethi Naik,Female,1981-05-31,45,Student,Diploma,Married,B+,Indian,Bidar,PS0155
P001910,Kiran Shetty,Male,1975-01-04,51,Electrician,High School,Widowed,O+,Indian,Bengaluru Rural,PS0106
P001911,Suresh Angadi,Male,1957-01-22,69,Shop Owner,PhD,Married,O+,Indian,Chikkaballapura,PS0248
P001912,Harish Singh,Male,1957-09-27,68,Sales Executive,High School,Married,AB+,Indian,Belagavi,PS0054
P001913,Ganesh Angadi,Male,1974-10-09,51,Carpenter,Graduate,Married,B+,Indian,Bidar,PS0153
P001914,Siddu Bhat,Male,1955-04-11,71,Software Engineer,Post Graduate,Single,B+,Indian,Bagalkote,PS0001
P001915,Swathi Kumar,Female,2004-04-10,22,Teacher,Post Graduate,Divorced,B+,Indian,Bengaluru Rural,PS0095
P001916,Roopa Joshi,Female,1963-05-22,63,Shop Owner,Post Graduate,Widowed,AB-,Indian,Chamarajanagar,PS0231
P001917,Anitha Reddy,Female,1974-06-08,52,Student,PhD,Widowed,A-,Indian,Bidar,PS0179
P001918,Abhishek Rao,Male,2002-06-01,24,Carpenter,Graduate,Single,AB+,Indian,Chikkaballapura,PS0236
P001919,Abhishek Joshi,Male,1990-10-07,35,Shop Owner,High School,Married,AB+,Indian,Bagalkote,PS0020
P001920,Anitha Gowda,Female,1957-08-23,68,Driver,PhD,Married,A+,Indian,Bengaluru Urban,PS0148
P001921,Darshan Pujari,Male,1993-12-16,32,Unemployed,Post Graduate,Widowed,A-,Indian,Ballari,PS0028
P001922,Kiran Desai,Male,2000-03-16,26,Business,Primary,Single,B-,Indian,Bidar,PS0192
P001923,Geetha Kumar,Female,1959-04-20,67,Doctor,Post Graduate,Single,AB+,Indian,Ballari,PS0038
P001924,Suraj Siddiqui,Male,1961-07-25,64,Carpenter,No Formal Education,Widowed,O+,Indian,Bengaluru Urban,PS0117
P001925,Shivakumar Siddiqui,Male,2001-10-24,24,Business,PhD,Widowed,B+,Indian,Bengaluru Urban,PS0130
P001926,Puneeth Kulkarni,Male,1974-10-13,51,Lawyer,Diploma,Single,O-,Indian,Bagalkote,PS0013
P001927,Keerthi Angadi,Female,1980-04-03,46,Nurse,High School,Single,O-,Indian,Chamarajanagar,PS0216
P001928,Puneeth Desai,Male,1991-12-06,34,Teacher,High School,Divorced,A+,Indian,Bidar,PS0183
P001929,Puneeth Poojary,Male,1997-07-15,29,Nurse,No Formal Education,Married,A-,Indian,Ballari,PS0034
P001930,Priya Desai,Female,2002-01-03,24,Shop Owner,Diploma,Single,B-,Indian,Chamarajanagar,PS0226
P001931,Ramesh Verma,Male,1975-10-28,50,Doctor,High School,Divorced,AB-,Indian,Bengaluru Urban,PS0120
P001932,Ramesh Kulkarni,Male,1991-01-02,35,Farmer,PhD,Single,O-,Indian,Belagavi,PS0068
P001933,Ramesh Shetty,Male,1964-02-14,62,Doctor,High School,Single,O+,Indian,Chamarajanagar,PS0222
P001934,Vijay Singh,Male,1976-05-07,50,Mechanic,Graduate,Married,O-,Indian,Bidar,PS0177
P001935,Harini Hiremath,Female,1985-12-12,40,Nurse,Primary,Married,B-,Indian,Bengaluru Urban,PS0134
P001936,Divya Kambali,Female,1981-08-15,44,Electrician,Diploma,Single,B+,Indian,Bagalkote,PS0006
P001937,Kavya Patil,Female,1990-06-28,36,Electrician,No Formal Education,Single,O+,Indian,Bengaluru Rural,PS0095
P001938,Megha Gowda,Female,1976-03-20,50,Sales Executive,PUC,Divorced,A-,Indian,Bagalkote,PS0020
P001939,Nandini Kambali,Female,1964-09-18,61,Teacher,PhD,Widowed,B+,Indian,Chamarajanagar,PS0225
P001940,Rohit Kumar,Male,1969-06-27,57,Doctor,PhD,Married,A-,Indian,Bidar,PS0176
P001941,Ajay Pujari,Male,1992-09-01,33,Driver,Graduate,Widowed,O-,Indian,Belagavi,PS0066
P001942,Abhishek Singh,Male,1975-10-13,50,Shop Owner,PUC,Single,B+,Indian,Ballari,PS0031
P001943,Shreya Kumar,Female,1985-05-14,41,Police,PhD,Single,O-,Indian,Bengaluru Rural,PS0072
P001944,Bhavya Naik,Female,1995-09-10,30,Government Employee,No Formal Education,Widowed,O-,Indian,Chamarajanagar,PS0205
P001945,Mahesh Pujari,Male,1968-02-23,58,Student,Graduate,Single,O+,Indian,Bidar,PS0180
P001946,Rohit Shetty,Male,1971-03-10,55,Police,Graduate,Divorced,B+,Indian,Belagavi,PS0057
P001947,Mahesh Kulkarni,Male,1956-05-01,70,Carpenter,PhD,Single,AB+,Indian,Bidar,PS0161
P001948,Preethi Patil,Female,1961-07-15,65,Mechanic,High School,Single,B+,Indian,Bengaluru Rural,PS0070
P001949,Preethi Desai,Female,1995-12-22,30,Unemployed,No Formal Education,Divorced,B-,Indian,Chamarajanagar,PS0195
P001950,Radhika Angadi,Female,2003-08-12,22,Electrician,No Formal Education,Married,B+,Indian,Bengaluru Rural,PS0106
P001951,Shivakumar Hegde,Male,1958-01-16,68,Unemployed,PUC,Widowed,AB+,Indian,Chamarajanagar,PS0234
P001952,Anitha Patil,Female,1981-09-30,44,Unemployed,Graduate,Single,A-,Indian,Bidar,PS0156
P001953,Deepa Verma,Female,2003-12-16,22,Mechanic,PhD,Single,O-,Indian,Bengaluru Rural,PS0109
P001954,Prakash Shetty,Male,1976-02-09,50,Shop Owner,Post Graduate,Widowed,O+,Indian,Bengaluru Urban,PS0132
P001955,Lakshmi Kambali,Female,1971-10-03,54,Student,PhD,Divorced,O+,Indian,Bengaluru Rural,PS0075
P001956,Lokesh Reddy,Male,1996-05-24,30,Government Employee,PhD,Widowed,B+,Indian,Bengaluru Rural,PS0072
P001957,Sowmya Poojary,Female,1968-10-22,57,Teacher,Graduate,Married,O-,Indian,Bidar,PS0171
P001958,Basavaraj Siddiqui,Male,2002-09-28,23,Carpenter,No Formal Education,Widowed,B+,Indian,Chikkaballapura,PS0238
P001959,Prakash Gowda,Male,1979-03-01,47,Student,Graduate,Widowed,O+,Indian,Bengaluru Urban,PS0137
P001960,Roopa Verma,Female,2006-01-24,20,Engineer,No Formal Education,Single,B+,Indian,Bengaluru Urban,PS0135
P001961,Harini Shetty,Female,1985-09-27,40,Software Engineer,Diploma,Divorced,B+,Indian,Bengaluru Urban,PS0122
P001962,Keerthi Hiremath,Female,1990-05-09,36,Business,High School,Divorced,AB+,Indian,Ballari,PS0044
P001963,Chetan Sharma,Male,1966-12-10,59,Shop Owner,Diploma,Widowed,B-,Indian,Chamarajanagar,PS0234
P001964,Ravi Hiremath,Male,1964-04-01,62,Carpenter,Post Graduate,Married,AB+,Indian,Bidar,PS0160
P001965,Darshan Hegde,Male,1971-09-28,54,Shop Owner,Graduate,Widowed,B+,Indian,Chamarajanagar,PS0210
P001966,Bhavya Shetty,Female,2006-08-17,19,Driver,Post Graduate,Married,B-,Indian,Belagavi,PS0046
P001967,Sowmya Angadi,Female,1988-03-13,38,Farmer,PUC,Single,O+,Indian,Bagalkote,PS0007
P001968,Deepa Kumar,Female,1998-12-05,27,Mechanic,Diploma,Widowed,AB-,Indian,Bengaluru Rural,PS0101
P001969,Lokesh Hegde,Male,1998-10-05,27,Electrician,Diploma,Married,A+,Indian,Ballari,PS0035
P001970,Suraj Siddiqui,Male,1965-10-06,60,Mechanic,Primary,Single,O-,Indian,Chamarajanagar,PS0203
P001971,Pooja Gowda,Female,1972-11-12,53,Mechanic,Graduate,Married,AB+,Indian,Chikkaballapura,PS0250
P001972,Rohit Kulkarni,Male,1973-11-09,52,Nurse,Diploma,Single,AB-,Indian,Chikkaballapura,PS0236
P001973,Keerthi Naik,Female,1984-04-25,42,Carpenter,PUC,Single,B-,Indian,Bengaluru Urban,PS0113
P001974,Prakash Angadi,Male,1974-03-29,52,Labour,PhD,Single,B-,Indian,Bagalkote,PS0005
P001975,Keerthi Hegde,Female,1959-02-09,67,Student,Diploma,Married,A-,Indian,Ballari,PS0036
P001976,Sunitha Reddy,Female,1958-02-27,68,Software Engineer,High School,Widowed,O+,Indian,Ballari,PS0034
P001977,Pradeep Hiremath,Male,2001-12-26,24,Government Employee,No Formal Education,Married,O-,Indian,Bidar,PS0190
P001978,Ajay Kulkarni,Male,1966-08-23,59,Police,Graduate,Widowed,B+,Indian,Bidar,PS0192
P001979,Naveen Kambali,Male,1993-05-30,33,Labour,No Formal Education,Divorced,O+,Indian,Ballari,PS0040
P001980,Harini Verma,Female,1980-01-29,46,Electrician,High School,Married,O-,Indian,Chamarajanagar,PS0205
P001981,Sowmya Hegde,Female,1980-02-01,46,Shop Owner,Graduate,Widowed,AB-,Indian,Bengaluru Urban,PS0152
P001982,Vidya Angadi,Female,1980-11-03,45,Driver,High School,Divorced,A-,Indian,Bidar,PS0157
P001983,Basavaraj Singh,Male,1984-10-23,41,Student,High School,Single,A+,Indian,Chikkaballapura,PS0239
P001984,Manoj Bhat,Male,1988-06-02,38,Police,PUC,Single,B-,Indian,Bidar,PS0161
P001985,Chetan Naik,Male,1984-03-30,42,Carpenter,Primary,Married,A+,Indian,Bagalkote,PS0009
P001986,Swathi Poojary,Female,1958-01-12,68,Mechanic,PUC,Widowed,B+,Indian,Chamarajanagar,PS0205
P001987,Suraj Bhat,Male,1980-07-06,46,Mechanic,Post Graduate,Widowed,O-,Indian,Bengaluru Rural,PS0085
P001988,Vinay Sharma,Male,1992-12-15,33,Sales Executive,PhD,Divorced,O+,Indian,Belagavi,PS0066
P001989,Puneeth Kumar,Male,1966-08-22,59,Software Engineer,High School,Divorced,AB+,Indian,Chamarajanagar,PS0223
P001990,Rohit Pujari,Male,1974-08-06,51,Driver,Primary,Married,B-,Indian,Bengaluru Rural,PS0094
P001991,Manoj Rao,Male,1967-11-06,58,Student,Diploma,Single,A+,Indian,Bidar,PS0191
P001992,Sangeetha Kumar,Female,1963-01-23,63,Mechanic,PUC,Widowed,AB+,Indian,Ballari,PS0032
P001993,Pooja Rao,Female,2004-08-03,21,Sales Executive,Graduate,Single,B+,Indian,Chamarajanagar,PS0210
P001994,Bhavya Pujari,Female,1962-10-24,63,Sales Executive,High School,Married,AB-,Indian,Chamarajanagar,PS0219
P001995,Keerthi Hegde,Female,1978-05-10,48,Software Engineer,Diploma,Widowed,B+,Indian,Chamarajanagar,PS0206
P001996,Sneha Hiremath,Female,1957-12-07,68,Carpenter,High School,Single,O-,Indian,Belagavi,PS0062
P001997,Roopa Kambali,Female,1976-08-18,49,Farmer,Post Graduate,Single,B+,Indian,Bidar,PS0157
P001998,Anjali Siddiqui,Female,1997-01-20,29,Driver,Primary,Widowed,B-,Indian,Ballari,PS0044
P001999,Harish Rao,Male,2005-08-23,20,Security Guard,High School,Single,AB-,Indian,Chamarajanagar,PS0220
P002000,Akash Patil,Male,2006-09-25,19,Security Guard,PUC,Widowed,B+,Indian,Bidar,PS0161
P002001,Puneeth Singh,Male,1984-05-01,42,Security Guard,Primary,Divorced,B-,Indian,Bagalkote,PS0006
P002002,Vijay Shetty,Male,1984-03-01,42,Software Engineer,PUC,Married,AB-,Indian,Belagavi,PS0048
P002003,Asha Singh,Female,1965-12-16,60,Government Employee,PhD,Widowed,B-,Indian,Bidar,PS0192
P002004,Basavaraj Desai,Male,1981-01-01,45,Police,No Formal Education,Divorced,AB+,Indian,Belagavi,PS0064
P002005,Preethi Poojary,Female,1965-06-13,61,Driver,PhD,Widowed,A+,Indian,Ballari,PS0026
P002006,Sanjay Shetty,Male,1994-06-27,32,Doctor,High School,Single,AB-,Indian,Chamarajanagar,PS0206
P002007,Darshan Angadi,Male,1997-01-12,29,Mechanic,PhD,Single,B-,Indian,Bengaluru Urban,PS0142
P002008,Rekha Hegde,Female,1967-05-29,59,Security Guard,PUC,Married,B+,Indian,Ballari,PS0034
P002009,Basavaraj Naik,Male,1967-02-01,59,Software Engineer,Post Graduate,Single,B-,Indian,Bengaluru Urban,PS0125
P002010,Arjun Gowda,Male,1978-10-20,47,Shop Owner,PhD,Widowed,O-,Indian,Bengaluru Rural,PS0095
P002011,Roopa Rao,Female,1988-05-23,38,Mechanic,Graduate,Married,B-,Indian,Bidar,PS0190
P002012,Kavya Gowda,Female,1973-02-13,53,Student,Diploma,Divorced,B-,Indian,Bidar,PS0159
P002013,Anitha Reddy,Female,2006-05-18,20,Security Guard,Graduate,Single,O-,Indian,Bagalkote,PS0003
P002014,Prakash Shetty,Male,1973-11-04,52,Security Guard,Primary,Single,B+,Indian,Bagalkote,PS0022
P002015,Abhishek Hiremath,Male,1986-03-30,40,Student,Primary,Divorced,B-,Indian,Bagalkote,PS0010
P002016,Asha Siddiqui,Female,2000-11-16,25,Business,No Formal Education,Married,A+,Indian,Bengaluru Urban,PS0150
P002017,Nandini Reddy,Female,1973-11-16,52,Security Guard,PhD,Single,A-,Indian,Chamarajanagar,PS0231
P002018,Mahesh Gowda,Male,1968-07-16,58,Teacher,Primary,Married,B+,Indian,Belagavi,PS0053
P002019,Shivakumar Verma,Male,1991-10-17,34,Sales Executive,High School,Single,A-,Indian,Belagavi,PS0056
P002020,Kiran Naik,Male,1989-04-28,37,Nurse,Primary,Married,B+,Indian,Bengaluru Urban,PS0151
P002021,Kiran Angadi,Male,1957-11-11,68,Sales Executive,High School,Divorced,O-,Indian,Bengaluru Urban,PS0117
P002022,Ramesh Angadi,Male,1974-03-17,52,Engineer,Diploma,Married,O+,Indian,Bidar,PS0184
P002023,Swathi Rao,Female,2003-02-06,23,Student,High School,Widowed,AB+,Indian,Bengaluru Urban,PS0135
P002024,Manoj Bhat,Male,1970-10-20,55,Farmer,Primary,Divorced,A+,Indian,Bengaluru Urban,PS0112
P002025,Anitha Pujari,Female,1967-08-13,58,Carpenter,No Formal Education,Divorced,B+,Indian,Bengaluru Urban,PS0130
P002026,Lokesh Bhat,Male,1988-09-10,37,Teacher,No Formal Education,Married,AB-,Indian,Bidar,PS0175
P002027,Sangeetha Desai,Female,1960-12-03,65,Student,PUC,Divorced,B+,Indian,Bidar,PS0155
P002028,Geetha Kumar,Female,1963-09-20,62,Police,PhD,Single,B+,Indian,Bidar,PS0191
P002029,Lakshmi Singh,Female,1987-03-18,39,Shop Owner,Graduate,Divorced,O+,Indian,Belagavi,PS0067
P002030,Sunitha Patil,Female,1974-01-08,52,Student,Diploma,Single,B+,Indian,Bengaluru Urban,PS0126
P002031,Manoj Poojary,Male,1959-10-30,66,Labour,Primary,Divorced,B+,Indian,Chamarajanagar,PS0213
P002032,Nisha Kambali,Female,1999-05-25,27,Lawyer,No Formal Education,Married,A+,Indian,Ballari,PS0042
P002033,Sangeetha Reddy,Female,1993-09-08,32,Labour,No Formal Education,Widowed,B-,Indian,Ballari,PS0034
P002034,Manoj Bhat,Male,2002-08-23,23,Farmer,Graduate,Divorced,AB+,Indian,Bidar,PS0177
P002035,Siddu Siddiqui,Male,1955-09-06,70,Police,Diploma,Single,B-,Indian,Ballari,PS0028
P002036,Kiran Kumar,Male,1987-08-01,38,Nurse,PhD,Widowed,AB-,Indian,Bengaluru Urban,PS0130
P002037,Vidya Bhat,Female,1960-10-27,65,Software Engineer,PhD,Divorced,AB-,Indian,Bengaluru Urban,PS0120
P002038,Shreya Shetty,Female,1977-01-29,49,Lawyer,PhD,Single,B+,Indian,Bagalkote,PS0006
P002039,Keerthi Singh,Female,1955-03-31,71,Farmer,No Formal Education,Single,A-,Indian,Ballari,PS0034
P002040,Arjun Rao,Male,1957-05-23,69,Labour,PUC,Single,O-,Indian,Chamarajanagar,PS0222
P002041,Asha Reddy,Female,1998-11-14,27,Driver,Post Graduate,Single,A+,Indian,Belagavi,PS0052
P002042,Basavaraj Kulkarni,Male,1995-03-04,31,Farmer,High School,Single,A-,Indian,Bengaluru Rural,PS0096
P002043,Rekha Gowda,Female,1996-07-30,29,Doctor,PUC,Single,O+,Indian,Bengaluru Rural,PS0094
P002044,Anjali Sharma,Female,1959-11-01,66,Sales Executive,PUC,Divorced,A-,Indian,Bengaluru Rural,PS0090
P002045,Siddu Bhat,Male,1987-05-26,39,Mechanic,Diploma,Widowed,AB+,Indian,Bidar,PS0160
P002046,Basavaraj Desai,Male,1970-09-12,55,Farmer,PUC,Single,A+,Indian,Bengaluru Urban,PS0146
P002047,Pooja Kulkarni,Female,2002-09-13,23,Mechanic,Graduate,Widowed,O+,Indian,Bengaluru Rural,PS0093
P002048,Radhika Joshi,Female,1999-07-07,27,Student,PUC,Single,A+,Indian,Bidar,PS0169
P002049,Lakshmi Rao,Female,1991-02-12,35,Driver,PhD,Divorced,O+,Indian,Chamarajanagar,PS0204
P002050,Shreya Patil,Female,1962-01-30,64,Software Engineer,Primary,Married,B+,Indian,Bengaluru Urban,PS0130
P002051,Priya Gowda,Female,1960-03-01,66,Lawyer,Post Graduate,Widowed,O+,Indian,Bidar,PS0182
P002052,Suraj Hegde,Male,2007-11-14,18,Student,Primary,Single,A+,Indian,Belagavi,PS0050
P002053,Preethi Poojary,Female,1996-12-05,29,Farmer,Diploma,Single,A+,Indian,Bengaluru Rural,PS0078
P002054,Preethi Sharma,Female,2003-10-17,22,Shop Owner,Primary,Divorced,A+,Indian,Ballari,PS0044
P002055,Nisha Reddy,Female,1983-05-30,43,Driver,No Formal Education,Divorced,A+,Indian,Ballari,PS0042
P002056,Anitha Angadi,Female,1999-07-31,26,Nurse,PhD,Married,A-,Indian,Ballari,PS0039
P002057,Harish Hiremath,Male,1994-05-21,32,Farmer,Post Graduate,Widowed,AB+,Indian,Bengaluru Urban,PS0121
P002058,Suresh Desai,Male,1963-12-07,62,Teacher,PUC,Widowed,AB+,Indian,Ballari,PS0043
P002059,Vinay Poojary,Male,2006-03-25,20,Lawyer,PUC,Married,B+,Indian,Chamarajanagar,PS0218
P002060,Shreya Shetty,Female,1973-12-03,52,Mechanic,Diploma,Single,O-,Indian,Bengaluru Rural,PS0105
P002061,Rohit Joshi,Male,1969-10-25,56,Labour,High School,Single,B-,Indian,Chamarajanagar,PS0220
P002062,Kavya Pujari,Female,1996-05-02,30,Shop Owner,High School,Single,A-,Indian,Belagavi,PS0059
P002063,Kavya Shetty,Female,1957-06-17,69,Lawyer,Primary,Single,B-,Indian,Bagalkote,PS0005
P002064,Roopa Angadi,Female,2006-04-11,20,Mechanic,PhD,Married,A-,Indian,Bidar,PS0166
P002065,Harish Kumar,Male,2003-03-22,23,Mechanic,Diploma,Single,A-,Indian,Bengaluru Rural,PS0086
P002066,Asha Bhat,Female,2003-01-03,23,Teacher,High School,Single,O-,Indian,Bengaluru Urban,PS0114
P002067,Sowmya Pujari,Female,1975-12-01,50,Security Guard,PhD,Divorced,O-,Indian,Bengaluru Rural,PS0098
P002068,Ravi Shetty,Male,1960-07-15,66,Student,Diploma,Single,O+,Indian,Chamarajanagar,PS0226
P002069,Swathi Poojary,Female,1963-05-29,63,Driver,PUC,Widowed,A-,Indian,Chikkaballapura,PS0250
P002070,Radhika Desai,Female,1963-03-18,63,Doctor,High School,Widowed,AB+,Indian,Belagavi,PS0060
P002071,Lokesh Singh,Male,2005-03-18,21,Mechanic,High School,Widowed,O+,Indian,Belagavi,PS0063
P002072,Roopa Siddiqui,Female,1959-06-28,67,Lawyer,No Formal Education,Divorced,B-,Indian,Bidar,PS0176
P002073,Ajay Reddy,Male,2007-02-14,19,Labour,Primary,Divorced,O+,Indian,Bengaluru Rural,PS0084
P002074,Vinay Kambali,Male,1977-04-05,49,Driver,PhD,Divorced,B-,Indian,Ballari,PS0030
P002075,Sangeetha Desai,Female,1986-10-06,39,Farmer,PhD,Widowed,B+,Indian,Ballari,PS0027
P002076,Anitha Gowda,Female,1992-10-29,33,Electrician,Post Graduate,Widowed,B-,Indian,Belagavi,PS0054
P002077,Radhika Singh,Female,1957-04-19,69,Lawyer,PhD,Divorced,B+,Indian,Chamarajanagar,PS0203
P002078,Harish Kumar,Male,1968-09-20,57,Shop Owner,Graduate,Single,O+,Indian,Bagalkote,PS0021
P002079,Akash Kulkarni,Male,2007-01-13,19,Police,Post Graduate,Divorced,B+,Indian,Chamarajanagar,PS0210
P002080,Ganesh Hiremath,Male,1974-12-01,51,Lawyer,Post Graduate,Married,A+,Indian,Bidar,PS0168
P002081,Sneha Joshi,Female,1990-06-15,36,Government Employee,High School,Widowed,A-,Indian,Bagalkote,PS0023
P002082,Priya Angadi,Female,1960-09-08,65,Doctor,Diploma,Single,B-,Indian,Bidar,PS0168
P002083,Sanjay Sharma,Male,1987-02-04,39,Unemployed,High School,Married,O+,Indian,Bidar,PS0159
P002084,Vijay Rao,Male,1997-08-16,28,Labour,No Formal Education,Divorced,B+,Indian,Bidar,PS0161
P002085,Arjun Joshi,Male,1983-10-26,42,Shop Owner,Primary,Widowed,AB-,Indian,Bagalkote,PS0016
P002086,Akash Kulkarni,Male,1979-12-24,46,Electrician,PhD,Married,AB+,Indian,Bidar,PS0164
P002087,Lokesh Naik,Male,1993-06-24,33,Carpenter,No Formal Education,Married,AB+,Indian,Chamarajanagar,PS0207
P002088,Priya Hiremath,Female,1992-05-10,34,Nurse,Primary,Widowed,O-,Indian,Bengaluru Rural,PS0087
P002089,Abhishek Pujari,Male,1966-05-17,60,Lawyer,No Formal Education,Single,O+,Indian,Chikkaballapura,PS0240
P002090,Geetha Kambali,Female,1968-01-19,58,Farmer,Diploma,Single,O-,Indian,Bengaluru Rural,PS0092
P002091,Shreya Pujari,Female,1964-05-20,62,Police,Graduate,Married,O+,Indian,Bengaluru Urban,PS0133
P002092,Asha Kambali,Female,1992-11-16,33,Unemployed,PUC,Widowed,O-,Indian,Chikkaballapura,PS0250
P002093,Sowmya Desai,Female,2005-11-20,20,Electrician,Primary,Divorced,AB-,Indian,Bengaluru Urban,PS0134
P002094,Swathi Gowda,Female,1964-12-04,61,Farmer,High School,Married,A+,Indian,Bengaluru Rural,PS0102
P002095,Deepa Sharma,Female,1989-03-23,37,Engineer,Graduate,Single,A-,Indian,Bengaluru Rural,PS0106
P002096,Divya Singh,Female,1960-07-20,66,Police,Post Graduate,Married,O+,Indian,Bagalkote,PS0006
P002097,Nisha Singh,Female,1966-04-14,60,Farmer,Diploma,Divorced,AB-,Indian,Bagalkote,PS0007
P002098,Mahesh Poojary,Male,1955-09-09,70,Engineer,No Formal Education,Divorced,B+,Indian,Belagavi,PS0053
P002099,Sowmya Hiremath,Female,1977-06-13,49,Driver,No Formal Education,Divorced,O+,Indian,Bengaluru Rural,PS0087
P002100,Roopa Joshi,Female,2004-12-12,21,Unemployed,Post Graduate,Widowed,O-,Indian,Bengaluru Rural,PS0090
P002101,Kavya Hegde,Female,1994-02-05,32,Lawyer,High School,Single,AB+,Indian,Bidar,PS0160
P002102,Shreya Kulkarni,Female,1998-12-18,27,Sales Executive,Graduate,Single,O-,Indian,Bengaluru Rural,PS0105
P002103,Sunitha Hegde,Female,1974-10-20,51,Business,No Formal Education,Widowed,B+,Indian,Bidar,PS0186
P002104,Shivakumar Kulkarni,Male,1978-02-26,48,Nurse,Post Graduate,Married,B+,Indian,Chamarajanagar,PS0224
P002105,Swathi Bhat,Female,1959-11-11,66,Farmer,Post Graduate,Divorced,AB-,Indian,Bagalkote,PS0023
P002106,Arjun Kumar,Male,1993-03-04,33,Driver,High School,Single,B+,Indian,Belagavi,PS0059
P002107,Suraj Shetty,Male,1995-07-18,31,Labour,PhD,Widowed,AB+,Indian,Bagalkote,PS0004
P002108,Sneha Hegde,Female,1961-01-15,65,Nurse,No Formal Education,Single,A-,Indian,Bengaluru Urban,PS0122
P002109,Ajay Naik,Male,1963-04-13,63,Software Engineer,Diploma,Widowed,A+,Indian,Bengaluru Rural,PS0100
P002110,Abhishek Kambali,Male,1956-05-06,70,Farmer,PhD,Widowed,O-,Indian,Bidar,PS0177
P002111,Harini Patil,Female,1972-07-28,53,Doctor,High School,Divorced,O-,Indian,Ballari,PS0027
P002112,Basavaraj Joshi,Male,1995-01-09,31,Teacher,Post Graduate,Divorced,B+,Indian,Ballari,PS0030
P002113,Divya Patil,Female,1964-12-13,61,Driver,No Formal Education,Married,AB+,Indian,Bengaluru Urban,PS0116
P002114,Puneeth Poojary,Male,1985-09-11,40,Police,Post Graduate,Divorced,O+,Indian,Chamarajanagar,PS0202
P002115,Harish Kambali,Male,1986-06-07,40,Driver,Graduate,Divorced,B+,Indian,Bengaluru Rural,PS0096
P002116,Sneha Naik,Female,2005-01-05,21,Police,Graduate,Divorced,AB-,Indian,Bidar,PS0173
P002117,Kavya Gowda,Female,1993-07-05,33,Lawyer,Diploma,Divorced,AB+,Indian,Chikkaballapura,PS0245
P002118,Swathi Patil,Female,1972-08-28,53,Doctor,Primary,Married,B-,Indian,Chamarajanagar,PS0228
P002119,Pradeep Verma,Male,1980-08-11,45,Shop Owner,PhD,Single,O-,Indian,Bagalkote,PS0012
P002120,Sunitha Desai,Female,1973-07-04,53,Police,Diploma,Married,O-,Indian,Chamarajanagar,PS0195
P002121,Rahul Rao,Male,2004-10-19,21,Shop Owner,Post Graduate,Married,A-,Indian,Bengaluru Rural,PS0086
P002122,Deepa Kumar,Female,2003-09-15,22,Engineer,Primary,Widowed,B-,Indian,Bidar,PS0163
P002123,Ajay Hegde,Male,1972-06-08,54,Engineer,Post Graduate,Married,AB-,Indian,Bidar,PS0184
P002124,Ajay Angadi,Male,1975-08-02,50,Carpenter,PUC,Divorced,A+,Indian,Chikkaballapura,PS0239
P002125,Shivakumar Siddiqui,Male,1964-04-25,62,Mechanic,Primary,Widowed,O-,Indian,Belagavi,PS0065
P002126,Sowmya Bhat,Female,2001-02-16,25,Doctor,Post Graduate,Divorced,B+,Indian,Chikkaballapura,PS0241
P002127,Asha Joshi,Female,1987-04-01,39,Lawyer,Diploma,Widowed,A+,Indian,Bengaluru Urban,PS0132
P002128,Siddu Kambali,Male,1987-06-11,39,Doctor,PhD,Married,O-,Indian,Ballari,PS0034
P002129,Rahul Siddiqui,Male,1983-10-03,42,Police,Primary,Married,O-,Indian,Belagavi,PS0052
P002130,Kusuma Kambali,Female,1989-08-18,36,Unemployed,Post Graduate,Married,A+,Indian,Bagalkote,PS0025
P002131,Swathi Poojary,Female,2006-12-04,19,Teacher,PhD,Single,AB+,Indian,Belagavi,PS0053
P002132,Roopa Patil,Female,1977-10-08,48,Nurse,PUC,Single,A-,Indian,Bengaluru Urban,PS0123
P002133,Rekha Joshi,Female,1970-09-14,55,Lawyer,High School,Married,B-,Indian,Chikkaballapura,PS0240
P002134,Pooja Pujari,Female,1976-02-15,50,Police,Primary,Married,A-,Indian,Bengaluru Urban,PS0150
P002135,Priya Desai,Female,1969-02-04,57,Security Guard,PUC,Married,A+,Indian,Ballari,PS0041
P002136,Akash Patil,Male,1965-11-13,60,Engineer,Primary,Single,B+,Indian,Bagalkote,PS0003
P002137,Akash Kumar,Male,1956-06-17,70,Doctor,Post Graduate,Widowed,O+,Indian,Bengaluru Rural,PS0073
P002138,Anjali Gowda,Female,1957-09-03,68,Mechanic,PhD,Widowed,A-,Indian,Bidar,PS0171
P002139,Ravi Reddy,Male,1981-07-05,45,Business,Graduate,Widowed,A-,Indian,Bengaluru Rural,PS0084
P002140,Kavya Sharma,Female,2004-08-12,21,Electrician,Graduate,Married,A-,Indian,Belagavi,PS0055
P002141,Basavaraj Poojary,Male,1979-10-17,46,Labour,High School,Married,AB-,Indian,Belagavi,PS0066
P002142,Shreya Hiremath,Female,1983-05-21,43,Farmer,No Formal Education,Single,B-,Indian,Ballari,PS0040
P002143,Harish Desai,Male,1971-05-13,55,Student,Graduate,Divorced,AB-,Indian,Bengaluru Rural,PS0093
P002144,Keerthi Reddy,Female,1984-09-24,41,Student,No Formal Education,Widowed,O+,Indian,Chamarajanagar,PS0232
P002145,Shreya Joshi,Female,1963-04-04,63,Doctor,No Formal Education,Widowed,AB-,Indian,Bidar,PS0182
P002146,Kusuma Reddy,Female,1963-02-06,63,Police,Diploma,Single,O-,Indian,Bengaluru Urban,PS0137
P002147,Anjali Desai,Female,1979-02-14,47,Unemployed,PhD,Single,A+,Indian,Bagalkote,PS0011
P002148,Sunitha Kambali,Female,1972-06-18,54,Labour,Post Graduate,Married,AB+,Indian,Bidar,PS0166
P002149,Mahesh Kambali,Male,2005-11-28,20,Security Guard,Post Graduate,Married,O+,Indian,Ballari,PS0034
P002150,Vidya Kumar,Female,2002-05-14,24,Police,Post Graduate,Single,O-,Indian,Bidar,PS0161
P002151,Vidya Angadi,Female,1961-07-08,65,Software Engineer,No Formal Education,Divorced,O+,Indian,Chikkaballapura,PS0248
P002152,Prakash Verma,Male,1961-12-15,64,Security Guard,PhD,Widowed,A+,Indian,Chamarajanagar,PS0228
P002153,Manoj Kumar,Male,1962-10-21,63,Teacher,Post Graduate,Divorced,O-,Indian,Chamarajanagar,PS0196
P002154,Mahesh Kumar,Male,1982-02-27,44,Doctor,No Formal Education,Divorced,B+,Indian,Bengaluru Rural,PS0099
P002155,Basavaraj Verma,Male,1987-05-29,39,Carpenter,Graduate,Single,O-,Indian,Belagavi,PS0046
P002156,Keerthi Bhat,Female,1963-02-04,63,Teacher,PhD,Divorced,O+,Indian,Belagavi,PS0054
P002157,Basavaraj Reddy,Male,1963-08-31,62,Shop Owner,High School,Divorced,A-,Indian,Bengaluru Urban,PS0141
P002158,Sneha Singh,Female,1978-11-21,47,Driver,High School,Married,O-,Indian,Bidar,PS0185
P002159,Sowmya Hiremath,Female,1961-09-05,64,Sales Executive,No Formal Education,Divorced,AB-,Indian,Bengaluru Rural,PS0072
P002160,Sneha Naik,Female,2004-08-29,21,Software Engineer,Diploma,Divorced,O-,Indian,Ballari,PS0035
P002161,Naveen Singh,Male,2000-05-17,26,Teacher,No Formal Education,Married,B+,Indian,Bidar,PS0184
P002162,Nandini Kumar,Female,2006-07-17,20,Student,No Formal Education,Single,O+,Indian,Bengaluru Urban,PS0134
P002163,Pradeep Hegde,Male,1991-10-14,34,Lawyer,No Formal Education,Widowed,B+,Indian,Ballari,PS0038
P002164,Siddu Patil,Male,1979-12-25,46,Government Employee,High School,Married,AB-,Indian,Bengaluru Urban,PS0146
P002165,Priya Gowda,Female,1962-12-25,63,Government Employee,High School,Married,AB+,Indian,Chikkaballapura,PS0244
P002166,Nisha Reddy,Female,1967-03-23,59,Labour,Primary,Widowed,AB-,Indian,Bidar,PS0158
P002167,Vinay Reddy,Male,1960-04-14,66,Software Engineer,No Formal Education,Single,A-,Indian,Bengaluru Urban,PS0150
P002168,Priya Angadi,Female,1970-12-20,55,Sales Executive,Primary,Single,AB-,Indian,Bagalkote,PS0022
P002169,Suresh Reddy,Male,1958-11-30,67,Software Engineer,PUC,Widowed,A+,Indian,Bidar,PS0157
P002170,Ramesh Gowda,Male,1957-12-11,68,Sales Executive,Primary,Widowed,AB-,Indian,Bengaluru Rural,PS0074
P002171,Rahul Poojary,Male,1978-01-02,48,Doctor,Diploma,Divorced,AB+,Indian,Belagavi,PS0064
P002172,Basavaraj Siddiqui,Male,1967-08-21,58,Security Guard,PhD,Widowed,B-,Indian,Bagalkote,PS0004
P002173,Deepa Patil,Female,1978-01-24,48,Lawyer,PhD,Single,O+,Indian,Ballari,PS0042
P002174,Lokesh Pujari,Male,1967-09-03,58,Government Employee,PUC,Divorced,A-,Indian,Ballari,PS0043
P002175,Abhishek Reddy,Male,1958-03-09,68,Lawyer,Graduate,Single,B+,Indian,Belagavi,PS0065
P002176,Sunitha Kambali,Female,1991-03-07,35,Police,High School,Single,O-,Indian,Chamarajanagar,PS0195
P002177,Lakshmi Kulkarni,Female,1994-04-13,32,Lawyer,PUC,Divorced,B+,Indian,Chamarajanagar,PS0215
P002178,Sowmya Gowda,Female,1991-05-23,35,Lawyer,Post Graduate,Single,O+,Indian,Chikkaballapura,PS0238
P002179,Lakshmi Hiremath,Female,2004-02-28,22,Police,Diploma,Divorced,B-,Indian,Chamarajanagar,PS0213
P002180,Pooja Hegde,Female,1975-06-11,51,Nurse,Diploma,Widowed,B+,Indian,Belagavi,PS0056
P002181,Naveen Hegde,Male,1959-10-06,66,Sales Executive,PhD,Divorced,A+,Indian,Bagalkote,PS0024
P002182,Deepa Verma,Female,1985-02-07,41,Software Engineer,Primary,Divorced,O+,Indian,Bengaluru Rural,PS0079
P002183,Ramesh Hiremath,Male,1971-05-26,55,Student,No Formal Education,Divorced,AB-,Indian,Bagalkote,PS0023
P002184,Arjun Poojary,Male,1982-10-06,43,Student,Primary,Married,A-,Indian,Chikkaballapura,PS0245
P002185,Kiran Verma,Male,2000-07-13,26,Nurse,Primary,Single,B+,Indian,Ballari,PS0029
P002186,Vidya Bhat,Female,1994-12-09,31,Nurse,No Formal Education,Married,B+,Indian,Bengaluru Rural,PS0099
P002187,Mahesh Angadi,Male,1988-04-12,38,Police,Graduate,Divorced,A-,Indian,Bengaluru Rural,PS0092
P002188,Rahul Reddy,Male,1967-02-18,59,Driver,PhD,Divorced,AB-,Indian,Bidar,PS0183
P002189,Rahul Shetty,Male,1992-06-21,34,Engineer,Primary,Divorced,A-,Indian,Bengaluru Rural,PS0098
P002190,Lakshmi Shetty,Female,1986-02-18,40,Security Guard,Diploma,Widowed,AB-,Indian,Bengaluru Rural,PS0094
P002191,Harish Bhat,Male,1958-12-07,67,Government Employee,Primary,Widowed,B-,Indian,Chamarajanagar,PS0217
P002192,Harish Angadi,Male,2004-05-29,22,Engineer,Graduate,Divorced,A+,Indian,Chamarajanagar,PS0223
P002193,Darshan Reddy,Male,1959-04-27,67,Student,Post Graduate,Divorced,B-,Indian,Bengaluru Rural,PS0107
P002194,Sunitha Kumar,Female,1973-03-27,53,Security Guard,Primary,Single,AB+,Indian,Bidar,PS0153
P002195,Sneha Gowda,Female,1974-03-31,52,Labour,No Formal Education,Divorced,A-,Indian,Belagavi,PS0064
P002196,Ravi Bhat,Male,1963-06-01,63,Police,Graduate,Married,AB-,Indian,Belagavi,PS0063
P002197,Sunitha Sharma,Female,1988-07-14,38,Security Guard,Graduate,Married,A+,Indian,Bagalkote,PS0001
P002198,Bhavya Reddy,Female,1957-12-25,68,Engineer,Post Graduate,Widowed,A+,Indian,Bidar,PS0190
P002199,Mahesh Hiremath,Male,1993-06-10,33,Shop Owner,No Formal Education,Single,O+,Indian,Bengaluru Rural,PS0091
P002200,Nandini Joshi,Female,1958-12-15,67,Police,PhD,Divorced,B+,Indian,Bidar,PS0187
P002201,Darshan Rao,Male,2006-02-28,20,Electrician,Diploma,Divorced,B-,Indian,Bidar,PS0183
P002202,Rahul Desai,Male,1999-01-11,27,Sales Executive,Post Graduate,Married,AB-,Indian,Bengaluru Urban,PS0110
P002203,Priya Rao,Female,1969-06-01,57,Software Engineer,No Formal Education,Single,O-,Indian,Chamarajanagar,PS0209
P002204,Mahesh Hegde,Male,1977-11-20,48,Teacher,Post Graduate,Married,AB+,Indian,Chamarajanagar,PS0215
P002205,Harish Kambali,Male,1977-11-09,48,Driver,No Formal Education,Married,B+,Indian,Ballari,PS0030
P002206,Basavaraj Sharma,Male,1982-08-10,43,Carpenter,Primary,Single,A+,Indian,Bagalkote,PS0013
P002207,Sanjay Gowda,Male,1992-11-02,33,Engineer,Graduate,Married,A+,Indian,Bengaluru Urban,PS0140
P002208,Sowmya Joshi,Female,1976-10-18,49,Student,High School,Single,A-,Indian,Bengaluru Urban,PS0110
P002209,Bhavya Verma,Female,1974-09-25,51,Teacher,No Formal Education,Divorced,AB-,Indian,Belagavi,PS0062
P002210,Swathi Hiremath,Female,2004-12-03,21,Shop Owner,PhD,Divorced,B+,Indian,Bidar,PS0170
P002211,Akash Hiremath,Male,1992-12-29,33,Electrician,High School,Widowed,A+,Indian,Bengaluru Rural,PS0086
P002212,Siddu Sharma,Male,1992-08-06,33,Driver,No Formal Education,Married,O-,Indian,Bengaluru Rural,PS0105
P002213,Deepa Pujari,Female,1971-09-26,54,Doctor,Diploma,Widowed,O-,Indian,Bengaluru Urban,PS0121
P002214,Pradeep Angadi,Male,1966-04-24,60,Student,PhD,Single,A-,Indian,Bengaluru Rural,PS0097
P002215,Geetha Shetty,Female,1975-03-31,51,Shop Owner,No Formal Education,Married,B-,Indian,Belagavi,PS0058
P002216,Rekha Shetty,Female,1963-11-18,62,Unemployed,High School,Single,AB-,Indian,Bengaluru Urban,PS0126
P002217,Ganesh Hiremath,Male,1998-11-09,27,Student,Graduate,Single,O+,Indian,Bidar,PS0174
P002218,Abhishek Naik,Male,2000-02-20,26,Labour,PUC,Divorced,AB-,Indian,Chikkaballapura,PS0243
P002219,Puneeth Hiremath,Male,1983-01-28,43,Security Guard,PhD,Widowed,B+,Indian,Bidar,PS0178
P002220,Mahesh Kambali,Male,2001-05-12,25,Engineer,No Formal Education,Divorced,B-,Indian,Chamarajanagar,PS0195
P002221,Harini Angadi,Female,1974-05-17,52,Doctor,Post Graduate,Married,O-,Indian,Bagalkote,PS0018
P002222,Basavaraj Pujari,Male,1979-10-09,46,Carpenter,Diploma,Single,A-,Indian,Chamarajanagar,PS0226
P002223,Akash Poojary,Male,1969-07-31,56,Student,No Formal Education,Married,B-,Indian,Bengaluru Urban,PS0117
P002224,Harini Patil,Female,1975-07-07,51,Teacher,High School,Single,AB+,Indian,Belagavi,PS0058
P002225,Ajay Joshi,Male,1998-09-19,27,Lawyer,PUC,Married,A-,Indian,Belagavi,PS0064
P002226,Suresh Kulkarni,Male,2006-10-16,19,Unemployed,PUC,Single,B+,Indian,Belagavi,PS0056
P002227,Manoj Gowda,Male,1973-08-25,52,Engineer,Diploma,Married,B-,Indian,Chamarajanagar,PS0204
P002228,Manoj Verma,Male,1999-09-06,26,Software Engineer,High School,Single,B-,Indian,Bengaluru Urban,PS0150
P002229,Rekha Rao,Female,1958-09-19,67,Teacher,Primary,Widowed,AB-,Indian,Chikkaballapura,PS0246
P002230,Suresh Joshi,Male,1990-07-07,36,Business,No Formal Education,Single,AB-,Indian,Bidar,PS0158
P002231,Siddu Verma,Male,1995-12-29,30,Sales Executive,Graduate,Widowed,A-,Indian,Bengaluru Rural,PS0070
P002232,Manoj Reddy,Male,1957-01-20,69,Driver,Primary,Widowed,A-,Indian,Bengaluru Urban,PS0141
P002233,Megha Desai,Female,1958-09-01,67,Driver,PUC,Single,A+,Indian,Bidar,PS0162
P002234,Nisha Kambali,Female,1979-10-02,46,Doctor,Post Graduate,Widowed,B+,Indian,Bengaluru Rural,PS0101
P002235,Sanjay Reddy,Male,1973-03-19,53,Farmer,Post Graduate,Widowed,A+,Indian,Chikkaballapura,PS0244
P002236,Prakash Desai,Male,2004-12-26,21,Software Engineer,Post Graduate,Widowed,O-,Indian,Chamarajanagar,PS0207
P002237,Mahesh Sharma,Male,1990-05-07,36,Teacher,Primary,Widowed,AB-,Indian,Chikkaballapura,PS0242
P002238,Kavya Bhat,Female,2007-02-22,19,Electrician,Diploma,Divorced,A+,Indian,Bengaluru Rural,PS0074
P002239,Shreya Desai,Female,1972-08-12,53,Electrician,PUC,Married,O+,Indian,Bengaluru Urban,PS0152
P002240,Priya Bhat,Female,1988-10-25,37,Driver,PhD,Married,B+,Indian,Bidar,PS0167
P002241,Mahesh Patil,Male,1993-12-03,32,Farmer,Primary,Divorced,B+,Indian,Chikkaballapura,PS0236
P002242,Lakshmi Singh,Female,1967-05-01,59,Carpenter,Graduate,Divorced,B+,Indian,Chamarajanagar,PS0198
P002243,Darshan Pujari,Male,2001-01-16,25,Engineer,PhD,Single,O+,Indian,Bidar,PS0187
P002244,Chetan Sharma,Male,1982-11-30,43,Doctor,Post Graduate,Divorced,B-,Indian,Belagavi,PS0059
P002245,Ravi Hegde,Male,1976-06-24,50,Teacher,Diploma,Widowed,B+,Indian,Chamarajanagar,PS0207
P002246,Roopa Gowda,Female,1987-09-19,38,Shop Owner,PUC,Married,B-,Indian,Bidar,PS0159
P002247,Lakshmi Gowda,Female,1976-08-11,49,Doctor,Primary,Divorced,O-,Indian,Bengaluru Urban,PS0126
P002248,Priya Kulkarni,Female,1978-12-17,47,Software Engineer,PhD,Widowed,AB+,Indian,Chikkaballapura,PS0241
P002249,Swathi Verma,Female,1991-01-04,35,Security Guard,Diploma,Divorced,B-,Indian,Chamarajanagar,PS0203
P002250,Nisha Singh,Female,1988-04-04,38,Security Guard,PhD,Divorced,O+,Indian,Chikkaballapura,PS0244
P002251,Sangeetha Angadi,Female,2000-02-09,26,Nurse,Primary,Widowed,B-,Indian,Bengaluru Rural,PS0109
P002252,Sneha Reddy,Female,1970-11-20,55,Carpenter,Diploma,Divorced,A+,Indian,Belagavi,PS0047
P002253,Sanjay Hegde,Male,1982-06-26,44,Mechanic,Primary,Divorced,B+,Indian,Bengaluru Rural,PS0082
P002254,Radhika Patil,Female,1983-12-27,42,Software Engineer,Post Graduate,Widowed,AB+,Indian,Bengaluru Rural,PS0074
P002255,Pooja Naik,Female,1976-06-27,50,Student,PhD,Divorced,B+,Indian,Ballari,PS0045
P002256,Prakash Hiremath,Male,1965-08-24,60,Lawyer,High School,Widowed,A-,Indian,Bidar,PS0153
P002257,Kavya Joshi,Female,2003-11-05,22,Security Guard,PUC,Married,B+,Indian,Ballari,PS0027
P002258,Geetha Naik,Female,1982-01-02,44,Carpenter,Diploma,Married,A+,Indian,Bidar,PS0189
P002259,Preethi Singh,Female,1974-09-27,51,Sales Executive,PUC,Single,A+,Indian,Belagavi,PS0059
P002260,Ravi Siddiqui,Male,1965-12-11,60,Government Employee,Graduate,Married,B+,Indian,Bengaluru Urban,PS0148
P002261,Rohit Kulkarni,Male,2004-04-02,22,Sales Executive,Primary,Divorced,AB-,Indian,Bengaluru Urban,PS0135
P002262,Ramesh Kulkarni,Male,1980-01-24,46,Driver,Post Graduate,Widowed,AB+,Indian,Bengaluru Urban,PS0115
P002263,Kusuma Siddiqui,Female,1999-09-07,26,Engineer,Primary,Widowed,B-,Indian,Chamarajanagar,PS0193
P002264,Shivakumar Siddiqui,Male,1957-04-09,69,Mechanic,Post Graduate,Divorced,B+,Indian,Chikkaballapura,PS0236
P002265,Harish Verma,Male,1995-08-21,30,Teacher,Post Graduate,Widowed,AB-,Indian,Chikkaballapura,PS0245
P002266,Lakshmi Rao,Female,1996-12-27,29,Student,Primary,Divorced,A+,Indian,Bengaluru Rural,PS0107
P002267,Abhishek Siddiqui,Male,1987-01-14,39,Teacher,PhD,Single,A+,Indian,Bidar,PS0165
P002268,Swathi Siddiqui,Female,2001-07-29,24,Engineer,No Formal Education,Single,B+,Indian,Bengaluru Urban,PS0147
P002269,Kusuma Shetty,Female,1966-06-27,60,Doctor,Diploma,Married,AB-,Indian,Bengaluru Rural,PS0105
P002270,Roopa Rao,Female,1965-10-04,60,Labour,No Formal Education,Divorced,B-,Indian,Bidar,PS0191
P002271,Abhishek Rao,Male,1990-09-15,35,Mechanic,Primary,Widowed,B+,Indian,Ballari,PS0034
P002272,Ramesh Naik,Male,1972-10-09,53,Nurse,Graduate,Divorced,B+,Indian,Bengaluru Urban,PS0113
P002273,Pooja Kumar,Female,1971-09-24,54,Security Guard,PhD,Married,AB-,Indian,Bagalkote,PS0002
P002274,Puneeth Kulkarni,Male,1986-08-08,39,Business,PUC,Married,B+,Indian,Bengaluru Rural,PS0094
P002275,Chetan Verma,Male,1975-05-09,51,Unemployed,PUC,Married,A+,Indian,Chikkaballapura,PS0241
P002276,Deepa Poojary,Female,1974-12-03,51,Software Engineer,PUC,Married,B-,Indian,Chikkaballapura,PS0239
P002277,Shreya Reddy,Female,2000-07-05,26,Software Engineer,No Formal Education,Widowed,O+,Indian,Bengaluru Rural,PS0106
P002278,Arjun Kambali,Male,1996-03-10,30,Engineer,High School,Widowed,O-,Indian,Bengaluru Urban,PS0152
P002279,Abhishek Pujari,Male,1969-03-18,57,Business,Post Graduate,Single,A-,Indian,Bidar,PS0178
P002280,Vinay Naik,Male,1968-12-28,57,Nurse,Primary,Divorced,B-,Indian,Bengaluru Urban,PS0114
P002281,Pradeep Reddy,Male,1999-03-25,27,Labour,Diploma,Divorced,O+,Indian,Chamarajanagar,PS0221
P002282,Lakshmi Hegde,Female,1994-09-16,31,Lawyer,High School,Married,B-,Indian,Bengaluru Rural,PS0085
P002283,Pradeep Patil,Male,1967-09-16,58,Driver,No Formal Education,Single,AB+,Indian,Chamarajanagar,PS0211
P002284,Sneha Kulkarni,Female,2005-04-05,21,Security Guard,High School,Married,B+,Indian,Chikkaballapura,PS0237
P002285,Bhavya Gowda,Female,1988-10-28,37,Driver,Graduate,Married,AB-,Indian,Bagalkote,PS0025
P002286,Mahesh Sharma,Male,1997-12-14,28,Police,Primary,Single,A+,Indian,Chamarajanagar,PS0209
P002287,Bhavya Poojary,Female,1979-09-28,46,Farmer,PUC,Single,O-,Indian,Belagavi,PS0051
P002288,Nisha Kambali,Female,1982-05-09,44,Farmer,Graduate,Married,A+,Indian,Bengaluru Urban,PS0144
P002289,Vijay Desai,Male,1970-08-28,55,Nurse,No Formal Education,Divorced,O+,Indian,Bengaluru Rural,PS0088
P002290,Sanjay Poojary,Male,1987-10-12,38,Nurse,Primary,Divorced,AB+,Indian,Belagavi,PS0051
P002291,Kavya Kulkarni,Female,1983-07-27,42,Lawyer,Primary,Married,A-,Indian,Bengaluru Rural,PS0107
P002292,Divya Singh,Female,1979-01-05,47,Doctor,Primary,Divorced,AB-,Indian,Belagavi,PS0064
P002293,Asha Kumar,Female,2006-02-05,20,Doctor,Post Graduate,Married,AB-,Indian,Chamarajanagar,PS0228
P002294,Harini Poojary,Female,1987-02-04,39,Driver,No Formal Education,Widowed,A+,Indian,Bengaluru Rural,PS0076
P002295,Rahul Joshi,Male,1970-02-19,56,Labour,High School,Single,A-,Indian,Bengaluru Rural,PS0085
P002296,Anjali Patil,Female,1963-01-21,63,Teacher,Diploma,Single,B-,Indian,Chamarajanagar,PS0197
P002297,Abhishek Singh,Male,1991-03-15,35,Sales Executive,PhD,Widowed,A+,Indian,Ballari,PS0026
P002298,Lakshmi Reddy,Female,1969-10-19,56,Labour,PhD,Widowed,B-,Indian,Bidar,PS0161
P002299,Basavaraj Angadi,Male,1971-08-19,54,Teacher,PhD,Widowed,A+,Indian,Bagalkote,PS0016
P002300,Swathi Hiremath,Female,2002-08-02,23,Shop Owner,PhD,Widowed,AB-,Indian,Chamarajanagar,PS0230
P002301,Siddu Siddiqui,Male,1973-08-29,52,Security Guard,Diploma,Married,A-,Indian,Bagalkote,PS0008
P002302,Chetan Desai,Male,1984-07-01,42,Electrician,PUC,Single,AB-,Indian,Bengaluru Urban,PS0132
P002303,Vijay Naik,Male,1967-12-26,58,Engineer,High School,Single,A-,Indian,Bengaluru Rural,PS0095
P002304,Geetha Kumar,Female,1986-04-27,40,Government Employee,Post Graduate,Divorced,AB+,Indian,Bagalkote,PS0005
P002305,Vidya Bhat,Female,1998-01-21,28,Student,No Formal Education,Single,B+,Indian,Bengaluru Urban,PS0145
P002306,Harini Verma,Female,1990-06-30,36,Electrician,Diploma,Widowed,O-,Indian,Bengaluru Rural,PS0089
P002307,Megha Hiremath,Female,1995-03-06,31,Security Guard,PhD,Divorced,A-,Indian,Bagalkote,PS0019
P002308,Geetha Rao,Female,1989-08-07,36,Software Engineer,Post Graduate,Single,AB+,Indian,Bengaluru Urban,PS0132
P002309,Kavya Kumar,Female,1991-06-27,35,Police,Graduate,Divorced,B-,Indian,Chikkaballapura,PS0246
P002310,Lakshmi Gowda,Female,2007-10-30,18,Nurse,Diploma,Widowed,B+,Indian,Ballari,PS0031
P002311,Keerthi Reddy,Female,1964-11-10,61,Security Guard,Graduate,Married,O+,Indian,Bidar,PS0168
P002312,Naveen Rao,Male,1959-06-12,67,Software Engineer,PhD,Single,B+,Indian,Ballari,PS0030
P002313,Deepa Naik,Female,1969-06-28,57,Mechanic,High School,Widowed,O+,Indian,Bengaluru Rural,PS0107
P002314,Suresh Bhat,Male,1976-01-23,50,Doctor,Graduate,Divorced,AB-,Indian,Bidar,PS0155
P002315,Deepa Bhat,Female,1992-02-20,34,Labour,PUC,Divorced,AB-,Indian,Bengaluru Rural,PS0108
P002316,Kusuma Bhat,Female,1974-11-12,51,Electrician,Diploma,Single,AB+,Indian,Bengaluru Urban,PS0148
P002317,Mahesh Hiremath,Male,2007-11-07,18,Police,PUC,Divorced,AB+,Indian,Bengaluru Urban,PS0119
P002318,Megha Sharma,Female,2006-07-30,19,Lawyer,Post Graduate,Divorced,A+,Indian,Ballari,PS0034
P002319,Manoj Sharma,Male,1959-04-14,67,Security Guard,Graduate,Widowed,B+,Indian,Bengaluru Urban,PS0139
P002320,Sangeetha Rao,Female,2006-08-22,19,Shop Owner,Diploma,Single,B-,Indian,Bidar,PS0170
P002321,Kiran Kumar,Male,2006-03-24,20,Sales Executive,High School,Single,B+,Indian,Chikkaballapura,PS0244
P002322,Shivakumar Poojary,Male,1958-11-21,67,Government Employee,Graduate,Divorced,AB-,Indian,Bagalkote,PS0010
P002323,Suraj Siddiqui,Male,1992-01-13,34,Software Engineer,Graduate,Widowed,B+,Indian,Bengaluru Urban,PS0110
P002324,Arjun Sharma,Male,1955-11-29,70,Engineer,Diploma,Divorced,O+,Indian,Ballari,PS0035
P002325,Bhavya Reddy,Female,1968-04-24,58,Unemployed,PUC,Single,A+,Indian,Chamarajanagar,PS0222
P002326,Puneeth Kulkarni,Male,1964-07-26,61,Teacher,Primary,Married,O-,Indian,Bengaluru Urban,PS0128
P002327,Kusuma Desai,Female,1986-12-17,39,Mechanic,Post Graduate,Married,AB-,Indian,Bengaluru Rural,PS0095
P002328,Anitha Poojary,Female,1955-03-17,71,Shop Owner,Post Graduate,Single,B-,Indian,Bidar,PS0161
P002329,Ajay Kulkarni,Male,2004-07-27,21,Electrician,PUC,Divorced,AB-,Indian,Bengaluru Urban,PS0149
P002330,Bhavya Sharma,Female,1962-08-05,63,Doctor,PUC,Divorced,A+,Indian,Chikkaballapura,PS0244
P002331,Suraj Shetty,Male,1972-02-03,54,Labour,High School,Married,A+,Indian,Bidar,PS0192
P002332,Ramesh Bhat,Male,1996-01-17,30,Electrician,High School,Divorced,O+,Indian,Chikkaballapura,PS0242
P002333,Chetan Naik,Male,1956-09-05,69,Electrician,PUC,Widowed,O+,Indian,Bidar,PS0181
P002334,Vidya Kambali,Female,1957-07-07,69,Engineer,Graduate,Married,AB+,Indian,Bengaluru Urban,PS0127
P002335,Sunitha Hiremath,Female,1959-07-01,67,Teacher,Primary,Widowed,O-,Indian,Bagalkote,PS0003
P002336,Divya Verma,Female,1978-08-22,47,Business,No Formal Education,Divorced,B-,Indian,Bengaluru Urban,PS0138
P002337,Kavya Patil,Female,1975-06-28,51,Shop Owner,Graduate,Single,B+,Indian,Bidar,PS0171
P002338,Siddu Kambali,Male,1980-02-24,46,Labour,Post Graduate,Divorced,B+,Indian,Bagalkote,PS0002
P002339,Sunitha Hegde,Female,1969-04-22,57,Business,PUC,Married,B+,Indian,Bidar,PS0175
P002340,Rahul Patil,Male,1956-06-16,70,Teacher,Graduate,Widowed,A-,Indian,Bengaluru Rural,PS0088
P002341,Ramesh Kumar,Male,1975-08-11,50,Student,PUC,Married,AB+,Indian,Chamarajanagar,PS0202
P002342,Keerthi Verma,Female,1961-01-28,65,Farmer,Post Graduate,Widowed,AB-,Indian,Bidar,PS0165
P002343,Harish Singh,Male,1967-09-27,58,Government Employee,Graduate,Divorced,B-,Indian,Chamarajanagar,PS0221
P002344,Akash Joshi,Male,1988-03-18,38,Business,No Formal Education,Single,B+,Indian,Ballari,PS0035
P002345,Puneeth Hiremath,Male,2004-11-22,21,Lawyer,PhD,Married,B-,Indian,Bengaluru Rural,PS0082
P002346,Ramesh Joshi,Male,1966-10-29,59,Engineer,High School,Divorced,O-,Indian,Chamarajanagar,PS0208
P002347,Basavaraj Hiremath,Male,1956-06-20,70,Doctor,PhD,Married,B+,Indian,Ballari,PS0038
P002348,Suraj Gowda,Male,1988-06-28,38,Engineer,PhD,Widowed,AB+,Indian,Bagalkote,PS0011
P002349,Sangeetha Naik,Female,1997-09-23,28,Government Employee,Graduate,Divorced,O+,Indian,Bidar,PS0170
P002350,Lokesh Angadi,Male,1971-05-29,55,Lawyer,No Formal Education,Widowed,AB-,Indian,Bengaluru Rural,PS0077
P002351,Ravi Verma,Male,1968-10-28,57,Government Employee,High School,Divorced,A-,Indian,Bengaluru Urban,PS0119
P002352,Manoj Hegde,Male,1958-08-07,67,Security Guard,Graduate,Widowed,O+,Indian,Bengaluru Rural,PS0104
P002353,Rekha Joshi,Female,2000-06-30,26,Teacher,PUC,Widowed,B-,Indian,Ballari,PS0045
P002354,Harish Hiremath,Male,1961-11-05,64,Driver,Primary,Married,A-,Indian,Bengaluru Rural,PS0103
P002355,Arjun Naik,Male,2002-08-19,23,Sales Executive,No Formal Education,Married,AB-,Indian,Bidar,PS0189
P002356,Vidya Angadi,Female,1959-06-27,67,Doctor,PhD,Single,O-,Indian,Ballari,PS0044
P002357,Rekha Gowda,Female,1975-03-27,51,Unemployed,High School,Divorced,A-,Indian,Bidar,PS0176
P002358,Rekha Kulkarni,Female,1970-12-27,55,Unemployed,Graduate,Single,O-,Indian,Bengaluru Rural,PS0073
P002359,Akash Shetty,Male,1967-10-01,58,Government Employee,Post Graduate,Divorced,B-,Indian,Ballari,PS0026
P002360,Ravi Verma,Male,1971-04-23,55,Driver,No Formal Education,Divorced,AB+,Indian,Chamarajanagar,PS0214
P002361,Manoj Naik,Male,1988-09-14,37,Driver,Post Graduate,Divorced,AB+,Indian,Belagavi,PS0054
P002362,Kusuma Rao,Female,1972-07-09,54,Student,PUC,Married,AB+,Indian,Ballari,PS0026
P002363,Megha Verma,Female,1956-08-29,69,Electrician,PhD,Divorced,A+,Indian,Bidar,PS0177
P002364,Keerthi Kumar,Female,1969-11-29,56,Student,Graduate,Widowed,AB-,Indian,Bidar,PS0190
P002365,Lokesh Hegde,Male,1971-12-31,54,Sales Executive,PhD,Divorced,B+,Indian,Bidar,PS0190
P002366,Shreya Siddiqui,Female,1973-10-08,52,Driver,Graduate,Widowed,B-,Indian,Chikkaballapura,PS0248
P002367,Pooja Verma,Female,1999-09-05,26,Government Employee,Graduate,Married,B+,Indian,Bidar,PS0168
P002368,Preethi Patil,Female,1956-07-28,69,Labour,Primary,Widowed,AB-,Indian,Belagavi,PS0063
P002369,Manoj Angadi,Male,1967-01-03,59,Student,Graduate,Married,B+,Indian,Bidar,PS0158
P002370,Anjali Reddy,Female,1983-12-10,42,Labour,PUC,Single,B+,Indian,Bengaluru Rural,PS0104
P002371,Swathi Hiremath,Female,1991-02-01,35,Police,Post Graduate,Married,O-,Indian,Bagalkote,PS0015
P002372,Chetan Singh,Male,1970-06-18,56,Unemployed,Diploma,Married,A+,Indian,Bengaluru Urban,PS0123
P002373,Bhavya Reddy,Female,1985-01-27,41,Lawyer,No Formal Education,Divorced,A-,Indian,Chamarajanagar,PS0201
P002374,Ramesh Naik,Male,1975-01-04,51,Shop Owner,No Formal Education,Single,AB+,Indian,Bidar,PS0161
P002375,Pradeep Shetty,Male,1960-10-05,65,Doctor,High School,Married,A-,Indian,Bengaluru Rural,PS0078
P002376,Basavaraj Reddy,Male,1988-05-20,38,Electrician,Primary,Divorced,B+,Indian,Bengaluru Urban,PS0115
P002377,Harini Singh,Female,2003-01-25,23,Government Employee,Post Graduate,Divorced,A+,Indian,Chamarajanagar,PS0228
P002378,Abhishek Hiremath,Male,1964-11-04,61,Mechanic,Graduate,Divorced,A+,Indian,Chamarajanagar,PS0233
P002379,Megha Bhat,Female,1966-12-25,59,Student,No Formal Education,Widowed,B+,Indian,Bagalkote,PS0010
P002380,Keerthi Siddiqui,Female,2002-01-18,24,Government Employee,PUC,Divorced,AB-,Indian,Bengaluru Urban,PS0143
P002381,Anitha Desai,Female,1980-04-12,46,Nurse,Diploma,Single,O+,Indian,Bengaluru Urban,PS0120
P002382,Ramesh Bhat,Male,1971-03-05,55,Farmer,High School,Widowed,B+,Indian,Bidar,PS0161
P002383,Rohit Rao,Male,1971-06-03,55,Student,Diploma,Single,A+,Indian,Bengaluru Urban,PS0119
P002384,Pooja Angadi,Female,1977-09-10,48,Shop Owner,PUC,Single,AB+,Indian,Bagalkote,PS0007
P002385,Sowmya Hiremath,Female,1965-01-15,61,Doctor,PhD,Widowed,B+,Indian,Chikkaballapura,PS0237
P002386,Preethi Angadi,Female,1979-11-30,46,Security Guard,Primary,Married,B-,Indian,Bagalkote,PS0022
P002387,Puneeth Kambali,Male,1956-10-14,69,Engineer,PUC,Widowed,O+,Indian,Bagalkote,PS0015
P002388,Priya Shetty,Female,1955-03-11,71,Engineer,No Formal Education,Divorced,B-,Indian,Bidar,PS0157
P002389,Ravi Hegde,Male,1972-05-08,54,Shop Owner,Post Graduate,Married,A-,Indian,Chamarajanagar,PS0207
P002390,Naveen Siddiqui,Male,1959-03-01,67,Carpenter,High School,Divorced,B-,Indian,Bengaluru Urban,PS0111
P002391,Ravi Kumar,Male,1986-11-15,39,Shop Owner,High School,Widowed,B+,Indian,Bengaluru Urban,PS0143
P002392,Arjun Verma,Male,1990-09-19,35,Shop Owner,Post Graduate,Married,O-,Indian,Bengaluru Urban,PS0137
P002393,Nisha Sharma,Female,1970-11-28,55,Shop Owner,PUC,Widowed,B-,Indian,Bengaluru Urban,PS0138
P002394,Siddu Poojary,Male,1991-07-24,34,Doctor,Graduate,Single,O+,Indian,Bidar,PS0163
P002395,Mahesh Verma,Male,1964-05-25,62,Police,Post Graduate,Divorced,A-,Indian,Chikkaballapura,PS0239
P002396,Rohit Rao,Male,1968-11-28,57,Mechanic,High School,Married,B-,Indian,Bengaluru Urban,PS0136
P002397,Kiran Kambali,Male,2000-08-01,25,Police,Graduate,Married,O-,Indian,Chamarajanagar,PS0202
P002398,Ganesh Poojary,Male,1984-03-10,42,Student,Post Graduate,Widowed,O-,Indian,Bagalkote,PS0001
P002399,Anjali Siddiqui,Female,1958-11-24,67,Labour,Graduate,Married,A+,Indian,Ballari,PS0032
P002400,Shivakumar Siddiqui,Male,1978-11-25,47,Police,Primary,Married,O-,Indian,Bidar,PS0157
P002401,Shreya Naik,Female,1996-04-29,30,Mechanic,Primary,Divorced,O+,Indian,Bengaluru Rural,PS0076
P002402,Ravi Bhat,Male,1986-05-24,40,Government Employee,High School,Single,B+,Indian,Bidar,PS0191
P002403,Bhavya Kulkarni,Female,1990-10-26,35,Shop Owner,Post Graduate,Married,AB-,Indian,Bengaluru Urban,PS0148
P002404,Manoj Hegde,Male,1995-03-19,31,Business,Diploma,Married,AB-,Indian,Bidar,PS0153
P002405,Nisha Angadi,Female,1979-06-24,47,Labour,No Formal Education,Widowed,AB+,Indian,Bagalkote,PS0022
P002406,Sanjay Angadi,Male,1957-01-06,69,Sales Executive,Diploma,Widowed,B+,Indian,Chamarajanagar,PS0214
P002407,Shreya Hiremath,Female,1982-04-27,44,Doctor,PhD,Widowed,O-,Indian,Chamarajanagar,PS0209
P002408,Ravi Kumar,Male,2004-08-19,21,Unemployed,PhD,Divorced,O-,Indian,Chikkaballapura,PS0240
P002409,Harini Kulkarni,Female,2006-03-23,20,Electrician,Post Graduate,Divorced,A-,Indian,Bidar,PS0187
P002410,Basavaraj Angadi,Male,2000-03-22,26,Electrician,Primary,Widowed,O-,Indian,Bengaluru Rural,PS0098
P002411,Suraj Verma,Male,2001-07-24,24,Carpenter,PUC,Widowed,A-,Indian,Bengaluru Rural,PS0073
P002412,Megha Hiremath,Female,2002-11-18,23,Student,Diploma,Divorced,AB-,Indian,Bidar,PS0163
P002413,Basavaraj Angadi,Male,1969-12-14,56,Mechanic,Post Graduate,Single,AB-,Indian,Bengaluru Urban,PS0136
P002414,Kiran Gowda,Male,1969-09-18,56,Nurse,High School,Widowed,A+,Indian,Chamarajanagar,PS0227
P002415,Bhavya Bhat,Female,2004-08-07,21,Unemployed,No Formal Education,Single,B+,Indian,Bidar,PS0190
P002416,Harini Joshi,Female,1987-03-03,39,Mechanic,Primary,Married,A+,Indian,Ballari,PS0038
P002417,Shivakumar Gowda,Male,1984-08-05,41,Government Employee,Diploma,Married,O-,Indian,Bagalkote,PS0016
P002418,Geetha Naik,Female,2004-08-22,21,Software Engineer,Post Graduate,Married,A+,Indian,Chamarajanagar,PS0194
P002419,Harish Kulkarni,Male,1956-02-21,70,Engineer,No Formal Education,Married,A+,Indian,Bidar,PS0181
P002420,Sangeetha Desai,Female,1991-03-08,35,Farmer,Graduate,Married,A+,Indian,Chamarajanagar,PS0201
P002421,Bhavya Bhat,Female,1963-09-17,62,Shop Owner,Diploma,Married,O-,Indian,Bidar,PS0163
P002422,Shreya Verma,Female,2006-02-02,20,Engineer,PhD,Single,A-,Indian,Ballari,PS0044
P002423,Pooja Singh,Female,1958-02-18,68,Student,Primary,Married,O+,Indian,Chamarajanagar,PS0203
P002424,Rekha Naik,Female,1959-04-09,67,Police,Diploma,Divorced,AB+,Indian,Chikkaballapura,PS0238
P002425,Sneha Angadi,Female,1958-11-18,67,Nurse,PhD,Divorced,AB-,Indian,Chamarajanagar,PS0232
P002426,Harini Desai,Female,1988-07-28,37,Driver,Diploma,Single,O+,Indian,Bidar,PS0189
P002427,Basavaraj Patil,Male,1965-06-25,61,Carpenter,Graduate,Widowed,O-,Indian,Chamarajanagar,PS0199
P002428,Naveen Singh,Male,1970-12-29,55,Driver,High School,Single,A+,Indian,Bengaluru Rural,PS0088
P002429,Nisha Rao,Female,1981-06-16,45,Sales Executive,No Formal Education,Divorced,O-,Indian,Bengaluru Urban,PS0121
P002430,Nandini Desai,Female,1982-03-27,44,Shop Owner,Diploma,Divorced,AB-,Indian,Bengaluru Rural,PS0078
P002431,Lokesh Singh,Male,1984-04-08,42,Driver,Primary,Married,B-,Indian,Ballari,PS0028
P002432,Priya Poojary,Female,1962-05-05,64,Teacher,Diploma,Divorced,AB-,Indian,Ballari,PS0028
P002433,Kiran Shetty,Male,1960-01-21,66,Student,PUC,Widowed,B+,Indian,Bagalkote,PS0023
P002434,Rohit Reddy,Male,1997-05-16,29,Police,High School,Widowed,O-,Indian,Chamarajanagar,PS0222
P002435,Suresh Joshi,Male,2003-02-03,23,Shop Owner,PUC,Divorced,AB-,Indian,Bidar,PS0191
P002436,Harini Hegde,Female,1970-05-04,56,Driver,Diploma,Married,AB-,Indian,Bengaluru Urban,PS0127
P002437,Pradeep Hegde,Male,1964-02-05,62,Nurse,Primary,Divorced,O-,Indian,Bengaluru Rural,PS0100
P002438,Radhika Reddy,Female,1995-04-01,31,Doctor,No Formal Education,Divorced,A+,Indian,Ballari,PS0035
P002439,Prakash Bhat,Male,1963-04-28,63,Lawyer,PhD,Widowed,AB+,Indian,Ballari,PS0026
P002440,Nandini Sharma,Female,1987-11-06,38,Business,Graduate,Married,AB+,Indian,Bengaluru Urban,PS0112
P002441,Kusuma Pujari,Female,1981-07-15,45,Farmer,PhD,Single,AB-,Indian,Ballari,PS0031
P002442,Rekha Hiremath,Female,1996-03-21,30,Business,Diploma,Divorced,B-,Indian,Bagalkote,PS0022
P002443,Naveen Sharma,Male,1998-10-23,27,Mechanic,No Formal Education,Married,B-,Indian,Bidar,PS0156
P002444,Ganesh Rao,Male,1992-10-17,33,Doctor,Primary,Married,B-,Indian,Bidar,PS0164
P002445,Suresh Gowda,Male,2001-01-08,25,Government Employee,High School,Single,AB-,Indian,Bagalkote,PS0018
P002446,Vinay Kambali,Male,1997-08-19,28,Business,No Formal Education,Divorced,O+,Indian,Bengaluru Rural,PS0074
P002447,Naveen Reddy,Male,1983-02-14,43,Driver,Primary,Widowed,AB+,Indian,Bengaluru Rural,PS0088
P002448,Swathi Rao,Female,1984-05-17,42,Police,PhD,Single,A-,Indian,Bidar,PS0155
P002449,Prakash Singh,Male,1997-12-01,28,Business,Diploma,Divorced,O+,Indian,Bengaluru Urban,PS0135
P002450,Divya Poojary,Female,1994-09-19,31,Nurse,High School,Widowed,A-,Indian,Chamarajanagar,PS0197
P002451,Nisha Rao,Female,1990-07-13,36,Teacher,Diploma,Widowed,O+,Indian,Bidar,PS0178
P002452,Swathi Gowda,Female,2007-09-17,18,Security Guard,No Formal Education,Single,A-,Indian,Chikkaballapura,PS0249
P002453,Ravi Angadi,Male,2004-09-16,21,Carpenter,PhD,Married,A+,Indian,Chamarajanagar,PS0227
P002454,Siddu Hegde,Male,1969-09-08,56,Farmer,Primary,Widowed,AB+,Indian,Bengaluru Urban,PS0152
P002455,Pooja Siddiqui,Female,1981-06-13,45,Nurse,Diploma,Divorced,O-,Indian,Chamarajanagar,PS0194
P002456,Keerthi Shetty,Female,2005-05-02,21,Software Engineer,PhD,Divorced,AB-,Indian,Bagalkote,PS0003
P002457,Ganesh Naik,Male,1959-08-10,66,Driver,High School,Single,O-,Indian,Belagavi,PS0056
P002458,Sangeetha Kambali,Female,1961-08-21,64,Teacher,Diploma,Married,O-,Indian,Chamarajanagar,PS0209
P002459,Harish Kumar,Male,1984-06-10,42,Security Guard,Diploma,Divorced,AB-,Indian,Bidar,PS0186
P002460,Basavaraj Joshi,Male,1973-06-28,53,Labour,PhD,Married,O+,Indian,Bidar,PS0186
P002461,Rohit Shetty,Male,1974-07-11,52,Student,PUC,Divorced,O+,Indian,Ballari,PS0038
P002462,Abhishek Reddy,Male,2006-11-12,19,Police,PhD,Single,AB+,Indian,Bidar,PS0186
P002463,Preethi Kumar,Female,1957-01-12,69,Unemployed,High School,Single,O-,Indian,Bidar,PS0166
P002464,Preethi Gowda,Female,1988-03-25,38,Carpenter,High School,Widowed,O+,Indian,Bengaluru Urban,PS0150
P002465,Vijay Kulkarni,Male,1963-01-09,63,Carpenter,No Formal Education,Widowed,A+,Indian,Bagalkote,PS0002
P002466,Lakshmi Patil,Female,1990-05-26,36,Student,Primary,Single,B-,Indian,Bidar,PS0190
P002467,Rahul Sharma,Male,2002-10-14,23,Teacher,PhD,Divorced,B+,Indian,Bagalkote,PS0022
P002468,Deepa Naik,Female,1976-10-31,49,Labour,No Formal Education,Single,AB-,Indian,Chikkaballapura,PS0236
P002469,Shivakumar Pujari,Male,1966-01-14,60,Engineer,Diploma,Divorced,A+,Indian,Chikkaballapura,PS0247
P002470,Suraj Rao,Male,1996-05-12,30,Business,Post Graduate,Single,AB-,Indian,Chamarajanagar,PS0196
P002471,Lakshmi Desai,Female,1991-01-26,35,Teacher,PhD,Single,B-,Indian,Bengaluru Rural,PS0090
P002472,Sowmya Angadi,Female,1990-12-21,35,Security Guard,PUC,Married,AB-,Indian,Bengaluru Urban,PS0145
P002473,Basavaraj Angadi,Male,1960-05-31,66,Student,Graduate,Divorced,O+,Indian,Bengaluru Urban,PS0128
P002474,Prakash Siddiqui,Male,1981-03-09,45,Sales Executive,PUC,Single,AB-,Indian,Bengaluru Urban,PS0142
P002475,Geetha Desai,Female,1976-06-23,50,Security Guard,PhD,Married,AB-,Indian,Bagalkote,PS0019
P002476,Vidya Naik,Female,1964-02-01,62,Nurse,Diploma,Married,O+,Indian,Bengaluru Rural,PS0104
P002477,Darshan Patil,Male,2000-07-31,25,Police,PhD,Widowed,B+,Indian,Ballari,PS0028
P002478,Priya Shetty,Female,2003-11-13,22,Unemployed,Post Graduate,Widowed,O+,Indian,Bidar,PS0175
P002479,Naveen Sharma,Male,1981-06-19,45,Driver,Primary,Widowed,AB+,Indian,Bengaluru Rural,PS0101
P002480,Divya Singh,Female,1961-11-13,64,Engineer,Primary,Widowed,AB-,Indian,Bidar,PS0190
P002481,Naveen Kambali,Male,1981-11-17,44,Labour,Diploma,Single,AB-,Indian,Belagavi,PS0061
P002482,Arjun Rao,Male,2005-04-05,21,Shop Owner,No Formal Education,Married,O-,Indian,Bengaluru Urban,PS0145
P002483,Rahul Joshi,Male,1967-10-21,58,Government Employee,Post Graduate,Married,O+,Indian,Bidar,PS0155
P002484,Shivakumar Pujari,Male,1964-03-11,62,Lawyer,Diploma,Divorced,O-,Indian,Bidar,PS0156
P002485,Ganesh Hiremath,Male,1975-08-17,50,Security Guard,Graduate,Married,A+,Indian,Bidar,PS0182
P002486,Preethi Gowda,Female,1992-07-14,34,Government Employee,Post Graduate,Divorced,A+,Indian,Bagalkote,PS0019
P002487,Akash Pujari,Male,2003-02-20,23,Lawyer,PhD,Divorced,AB-,Indian,Bagalkote,PS0012
P002488,Anjali Sharma,Female,1984-06-26,42,Shop Owner,PhD,Married,O-,Indian,Bengaluru Rural,PS0072
P002489,Harish Joshi,Male,1972-08-19,53,Student,Post Graduate,Single,A-,Indian,Bengaluru Rural,PS0109
P002490,Geetha Joshi,Female,1958-02-24,68,Business,Diploma,Married,A-,Indian,Bidar,PS0162
P002491,Lakshmi Kambali,Female,1997-02-26,29,Sales Executive,Graduate,Married,B-,Indian,Chamarajanagar,PS0196
P002492,Mahesh Bhat,Male,1997-08-09,28,Sales Executive,No Formal Education,Divorced,A-,Indian,Belagavi,PS0064
P002493,Pradeep Kumar,Male,1956-02-13,70,Unemployed,Primary,Divorced,B-,Indian,Bengaluru Rural,PS0095
P002494,Priya Shetty,Female,2003-11-21,22,Teacher,Post Graduate,Married,AB-,Indian,Bengaluru Rural,PS0094
P002495,Vidya Shetty,Female,1958-07-18,68,Lawyer,Primary,Married,B-,Indian,Bidar,PS0170
P002496,Lokesh Gowda,Male,1986-12-12,39,Sales Executive,PhD,Married,A+,Indian,Bengaluru Rural,PS0094
P002497,Sunitha Joshi,Female,1960-12-12,65,Student,No Formal Education,Widowed,AB+,Indian,Bidar,PS0169
P002498,Sanjay Rao,Male,1969-04-25,57,Lawyer,Graduate,Married,A-,Indian,Bidar,PS0163
P002499,Lokesh Poojary,Male,1982-10-09,43,Farmer,High School,Married,AB+,Indian,Bagalkote,PS0010
P002500,Priya Hiremath,Female,2005-01-23,21,Government Employee,High School,Widowed,AB+,Indian,Bagalkote,PS0024
P002501,Lakshmi Shetty,Female,1970-12-02,55,Software Engineer,Primary,Widowed,AB+,Indian,Bagalkote,PS0009
P002502,Akash Bhat,Male,1956-04-03,70,Lawyer,PUC,Married,O+,Indian,Bidar,PS0184
P002503,Kiran Kambali,Male,1959-08-19,66,Engineer,PUC,Divorced,O+,Indian,Bengaluru Urban,PS0134
P002504,Anjali Desai,Female,1974-04-19,52,Engineer,PhD,Single,B+,Indian,Bagalkote,PS0008
P002505,Keerthi Siddiqui,Female,1970-03-28,56,Engineer,High School,Single,A+,Indian,Bagalkote,PS0025
P002506,Sunitha Sharma,Female,1990-01-26,36,Labour,High School,Single,AB-,Indian,Bengaluru Urban,PS0134
P002507,Suresh Kambali,Male,2007-05-04,19,Student,No Formal Education,Divorced,O-,Indian,Belagavi,PS0059
P002508,Radhika Hegde,Female,1957-09-10,68,Engineer,Primary,Widowed,B-,Indian,Chamarajanagar,PS0226
P002509,Naveen Hiremath,Male,1956-02-08,70,Student,PhD,Married,O-,Indian,Chamarajanagar,PS0207
P002510,Ramesh Gowda,Male,1995-07-03,31,Driver,High School,Single,A-,Indian,Belagavi,PS0064
P002511,Ravi Desai,Male,2005-10-23,20,Engineer,PhD,Single,O+,Indian,Bengaluru Rural,PS0072
P002512,Sneha Shetty,Female,1965-10-05,60,Student,Diploma,Divorced,AB+,Indian,Ballari,PS0034
P002513,Vidya Naik,Female,1999-07-01,27,Farmer,High School,Single,O-,Indian,Bengaluru Rural,PS0108
P002514,Harish Joshi,Male,1982-06-27,44,Police,Post Graduate,Single,B+,Indian,Chamarajanagar,PS0200
P002515,Abhishek Bhat,Male,1981-04-19,45,Teacher,High School,Divorced,B+,Indian,Bengaluru Urban,PS0134
P002516,Chetan Desai,Male,1956-05-19,70,Teacher,Graduate,Married,B-,Indian,Bidar,PS0160
P002517,Sunitha Reddy,Female,1967-09-25,58,Student,Diploma,Divorced,O-,Indian,Bidar,PS0168
P002518,Pooja Desai,Female,1957-01-10,69,Business,High School,Widowed,AB-,Indian,Bidar,PS0165
P002519,Anjali Sharma,Female,1966-09-17,59,Government Employee,Post Graduate,Single,O-,Indian,Bengaluru Rural,PS0106
P002520,Sangeetha Kambali,Female,1957-02-28,69,Teacher,Diploma,Divorced,AB-,Indian,Ballari,PS0030
P002521,Anjali Desai,Female,1958-04-29,68,Teacher,Primary,Single,A-,Indian,Bengaluru Urban,PS0133
P002522,Harini Hiremath,Female,1963-02-27,63,Driver,Post Graduate,Widowed,AB+,Indian,Chikkaballapura,PS0239
P002523,Asha Poojary,Female,2004-11-18,21,Labour,Post Graduate,Married,B-,Indian,Bengaluru Rural,PS0105
P002524,Bhavya Gowda,Female,1955-11-13,70,Mechanic,Diploma,Divorced,O-,Indian,Chikkaballapura,PS0236
P002525,Priya Pujari,Female,1975-09-13,50,Sales Executive,Primary,Single,A+,Indian,Chikkaballapura,PS0247
P002526,Megha Angadi,Female,2005-11-21,20,Teacher,Primary,Widowed,AB+,Indian,Bidar,PS0171
P002527,Arjun Desai,Male,2006-04-02,20,Mechanic,PUC,Widowed,B+,Indian,Bengaluru Urban,PS0139
P002528,Basavaraj Hegde,Male,1975-09-04,50,Lawyer,Diploma,Widowed,AB+,Indian,Bengaluru Urban,PS0143
P002529,Kavya Pujari,Female,1969-02-24,57,Farmer,PUC,Widowed,AB-,Indian,Bengaluru Rural,PS0077
P002530,Shreya Shetty,Female,1968-04-12,58,Student,High School,Single,B+,Indian,Chamarajanagar,PS0193
P002531,Puneeth Poojary,Male,1968-04-24,58,Student,Graduate,Divorced,A+,Indian,Chamarajanagar,PS0221
P002532,Abhishek Rao,Male,1955-03-06,71,Engineer,No Formal Education,Single,O+,Indian,Belagavi,PS0053
P002533,Basavaraj Bhat,Male,1991-03-08,35,Sales Executive,PUC,Single,A+,Indian,Bengaluru Urban,PS0150
P002534,Ganesh Pujari,Male,2006-04-17,20,Security Guard,Primary,Single,AB+,Indian,Bagalkote,PS0002
P002535,Mahesh Kumar,Male,1957-01-28,69,Security Guard,Primary,Widowed,B+,Indian,Bagalkote,PS0024
P002536,Manoj Poojary,Male,1973-01-30,53,Sales Executive,PhD,Single,O+,Indian,Ballari,PS0033
P002537,Ravi Hegde,Male,1981-12-07,44,Shop Owner,Primary,Widowed,O-,Indian,Chikkaballapura,PS0244
P002538,Bhavya Sharma,Female,1958-08-24,67,Engineer,No Formal Education,Divorced,B-,Indian,Chikkaballapura,PS0249
P002539,Suresh Naik,Male,1963-09-07,62,Police,PhD,Single,A-,Indian,Bidar,PS0173
P002540,Naveen Reddy,Male,2004-10-25,21,Software Engineer,Diploma,Divorced,B+,Indian,Bidar,PS0159
P002541,Sneha Kumar,Female,1971-12-19,54,Lawyer,No Formal Education,Single,AB-,Indian,Bengaluru Rural,PS0073
P002542,Naveen Sharma,Male,1979-12-01,46,Labour,Post Graduate,Single,O-,Indian,Bengaluru Rural,PS0083
P002543,Bhavya Hiremath,Female,1977-06-18,49,Electrician,Diploma,Widowed,O+,Indian,Chamarajanagar,PS0199
P002544,Sneha Gowda,Female,1963-07-27,62,Engineer,High School,Divorced,A+,Indian,Belagavi,PS0053
P002545,Pradeep Kambali,Male,1963-03-21,63,Mechanic,High School,Married,B-,Indian,Belagavi,PS0055
P002546,Radhika Bhat,Female,1955-02-06,71,Teacher,Post Graduate,Married,A+,Indian,Bengaluru Urban,PS0122
P002547,Sowmya Reddy,Female,1999-07-30,26,Lawyer,Graduate,Married,O-,Indian,Chamarajanagar,PS0224
P002548,Basavaraj Kulkarni,Male,1972-04-13,54,Labour,Diploma,Married,B-,Indian,Chamarajanagar,PS0199
P002549,Keerthi Kumar,Female,1955-10-03,70,Electrician,Primary,Married,A-,Indian,Chamarajanagar,PS0217
P002550,Ravi Hegde,Male,1964-08-13,61,Shop Owner,Primary,Widowed,A-,Indian,Chamarajanagar,PS0229
P002551,Basavaraj Siddiqui,Male,1984-05-15,42,Software Engineer,No Formal Education,Divorced,O+,Indian,Belagavi,PS0060
P002552,Arjun Gowda,Male,1996-09-07,29,Unemployed,High School,Married,A+,Indian,Ballari,PS0042
P002553,Shreya Singh,Female,1957-02-10,69,Engineer,Primary,Married,B-,Indian,Bengaluru Urban,PS0137
P002554,Harish Reddy,Male,1957-08-28,68,Doctor,High School,Married,B+,Indian,Bidar,PS0161
P002555,Divya Kulkarni,Female,1963-01-14,63,Teacher,No Formal Education,Divorced,AB-,Indian,Bengaluru Rural,PS0105
P002556,Vinay Singh,Male,1994-01-17,32,Carpenter,PUC,Divorced,AB+,Indian,Bengaluru Rural,PS0090
P002557,Sangeetha Gowda,Female,1982-05-28,44,Driver,High School,Widowed,O+,Indian,Bidar,PS0167
P002558,Shivakumar Siddiqui,Male,1981-11-25,44,Nurse,No Formal Education,Single,A-,Indian,Chamarajanagar,PS0225
P002559,Nisha Kumar,Female,1987-10-31,38,Government Employee,PUC,Divorced,O-,Indian,Chikkaballapura,PS0241
P002560,Ajay Sharma,Male,1986-05-17,40,Shop Owner,Post Graduate,Single,O-,Indian,Bengaluru Rural,PS0102
P002561,Harini Shetty,Female,1969-08-22,56,Carpenter,Primary,Married,O-,Indian,Chikkaballapura,PS0244
P002562,Mahesh Verma,Male,1955-05-05,71,Mechanic,Post Graduate,Widowed,O+,Indian,Chamarajanagar,PS0197
P002563,Rekha Desai,Female,1968-09-10,57,Teacher,Diploma,Single,O-,Indian,Bengaluru Urban,PS0136
P002564,Kusuma Kambali,Female,1994-08-27,31,Mechanic,Diploma,Divorced,O-,Indian,Bidar,PS0185
P002565,Geetha Reddy,Female,1969-04-28,57,Security Guard,No Formal Education,Married,AB-,Indian,Bengaluru Rural,PS0085
P002566,Arjun Singh,Male,1964-10-06,61,Mechanic,Diploma,Widowed,AB+,Indian,Bengaluru Rural,PS0071
P002567,Manoj Sharma,Male,1983-02-06,43,Lawyer,PUC,Divorced,A+,Indian,Bagalkote,PS0010
P002568,Sangeetha Singh,Female,1988-12-12,37,Shop Owner,High School,Single,B+,Indian,Belagavi,PS0062
P002569,Naveen Siddiqui,Male,1993-10-30,32,Lawyer,Graduate,Married,AB-,Indian,Bengaluru Rural,PS0095
P002570,Preethi Shetty,Female,1956-07-17,70,Nurse,Diploma,Divorced,A-,Indian,Bagalkote,PS0012
P002571,Kiran Angadi,Male,1999-03-27,27,Business,Primary,Married,O-,Indian,Bagalkote,PS0001
P002572,Rahul Singh,Male,1975-12-13,50,Electrician,PUC,Divorced,AB+,Indian,Bengaluru Urban,PS0110
P002573,Puneeth Reddy,Male,2002-05-23,24,Mechanic,Diploma,Widowed,A+,Indian,Bidar,PS0171
P002574,Bhavya Joshi,Female,1956-08-22,69,Software Engineer,Primary,Single,A+,Indian,Bagalkote,PS0009
P002575,Rohit Shetty,Male,1988-04-16,38,Electrician,PUC,Divorced,A-,Indian,Bagalkote,PS0025
P002576,Vijay Kumar,Male,1965-08-17,60,Nurse,No Formal Education,Divorced,O+,Indian,Bidar,PS0176
P002577,Siddu Sharma,Male,1999-07-23,27,Teacher,Primary,Widowed,A+,Indian,Bidar,PS0162
P002578,Ramesh Shetty,Male,1960-08-09,65,Business,Primary,Widowed,A+,Indian,Bidar,PS0153
P002579,Rohit Joshi,Male,1957-11-28,68,Student,PUC,Divorced,O-,Indian,Chikkaballapura,PS0238
P002580,Vijay Naik,Male,1999-07-14,27,Farmer,PhD,Widowed,A+,Indian,Bagalkote,PS0007
P002581,Chetan Desai,Male,1968-12-16,57,Software Engineer,No Formal Education,Divorced,A-,Indian,Ballari,PS0039
P002582,Kusuma Siddiqui,Female,1996-11-12,29,Mechanic,Graduate,Divorced,A+,Indian,Bengaluru Urban,PS0140
P002583,Rohit Rao,Male,1994-04-03,32,Carpenter,PUC,Divorced,B+,Indian,Ballari,PS0029
P002584,Rahul Poojary,Male,1969-12-07,56,Shop Owner,PhD,Single,O-,Indian,Bidar,PS0165
P002585,Abhishek Verma,Male,1960-01-17,66,Police,PhD,Single,O+,Indian,Ballari,PS0040
P002586,Suresh Kumar,Male,2004-07-27,21,Mechanic,Primary,Widowed,B+,Indian,Chamarajanagar,PS0230
P002587,Ramesh Angadi,Male,2007-10-05,18,Nurse,Diploma,Widowed,O-,Indian,Bengaluru Rural,PS0070
P002588,Ravi Rao,Male,1998-07-11,28,Carpenter,PUC,Single,O-,Indian,Chikkaballapura,PS0238
P002589,Harini Naik,Female,1955-08-17,70,Driver,Diploma,Single,AB-,Indian,Bengaluru Rural,PS0075
P002590,Keerthi Pujari,Female,1957-10-28,68,Student,High School,Divorced,AB+,Indian,Chamarajanagar,PS0231
P002591,Basavaraj Patil,Male,1974-02-18,52,Nurse,High School,Married,A-,Indian,Bidar,PS0175
P002592,Preethi Gowda,Female,1989-06-28,37,Unemployed,Post Graduate,Divorced,O-,Indian,Bidar,PS0192
P002593,Bhavya Poojary,Female,1956-10-14,69,Nurse,PhD,Divorced,A-,Indian,Belagavi,PS0056
P002594,Radhika Naik,Female,1977-01-22,49,Security Guard,Graduate,Married,A-,Indian,Chikkaballapura,PS0236
P002595,Kavya Naik,Female,1991-06-23,35,Electrician,High School,Widowed,A-,Indian,Bidar,PS0166
P002596,Vinay Kumar,Male,1974-07-09,52,Business,Graduate,Single,AB+,Indian,Bengaluru Urban,PS0137
P002597,Suraj Rao,Male,1965-02-03,61,Unemployed,PUC,Married,AB+,Indian,Bengaluru Rural,PS0097
P002598,Sowmya Reddy,Female,1974-10-09,51,Student,No Formal Education,Divorced,A-,Indian,Bidar,PS0189
P002599,Radhika Reddy,Female,1956-05-21,70,Carpenter,PUC,Single,B+,Indian,Bengaluru Urban,PS0139
P002600,Prakash Reddy,Male,1988-10-29,37,Government Employee,Graduate,Widowed,AB+,Indian,Bidar,PS0158
P002601,Rekha Sharma,Female,1975-09-25,50,Unemployed,Graduate,Married,AB+,Indian,Chamarajanagar,PS0206
P002602,Rohit Kumar,Male,1984-03-26,42,Student,Primary,Divorced,O-,Indian,Ballari,PS0027
P002603,Asha Patil,Female,1999-01-05,27,Mechanic,Post Graduate,Single,AB-,Indian,Bengaluru Rural,PS0100
P002604,Nisha Kambali,Female,1985-03-25,41,Carpenter,Primary,Married,A-,Indian,Bengaluru Urban,PS0135
P002605,Nandini Hegde,Female,1963-11-02,62,Teacher,PUC,Divorced,O-,Indian,Chamarajanagar,PS0199
P002606,Naveen Kulkarni,Male,1978-04-16,48,Teacher,Post Graduate,Single,O-,Indian,Bengaluru Rural,PS0076
P002607,Vijay Desai,Male,1956-09-10,69,Teacher,Diploma,Divorced,O+,Indian,Chamarajanagar,PS0227
P002608,Sunitha Joshi,Female,1992-12-07,33,Sales Executive,PhD,Married,A+,Indian,Bengaluru Rural,PS0082
P002609,Divya Verma,Female,1964-02-17,62,Student,PhD,Married,A+,Indian,Bidar,PS0177
P002610,Anjali Kulkarni,Female,1989-06-22,37,Lawyer,PhD,Married,O-,Indian,Bagalkote,PS0018
P002611,Ramesh Naik,Male,1998-08-30,27,Carpenter,Diploma,Married,A+,Indian,Bengaluru Urban,PS0110
P002612,Harish Bhat,Male,1961-07-16,65,Electrician,Graduate,Widowed,B+,Indian,Bagalkote,PS0004
P002613,Kavya Shetty,Female,2005-06-23,21,Driver,Graduate,Divorced,O+,Indian,Bengaluru Urban,PS0130
P002614,Sneha Verma,Female,1971-09-06,54,Shop Owner,Diploma,Single,O-,Indian,Chikkaballapura,PS0237
P002615,Shreya Joshi,Female,1967-03-18,59,Student,PhD,Widowed,B-,Indian,Bidar,PS0169
P002616,Vinay Reddy,Male,1973-07-12,53,Carpenter,PUC,Widowed,O-,Indian,Belagavi,PS0053
P002617,Rekha Patil,Female,1987-02-17,39,Unemployed,High School,Married,O+,Indian,Bengaluru Rural,PS0081
P002618,Radhika Gowda,Female,1991-06-19,35,Student,Diploma,Widowed,B-,Indian,Bidar,PS0184
P002619,Arjun Hegde,Male,1988-03-29,38,Police,Diploma,Single,AB-,Indian,Chamarajanagar,PS0195
P002620,Darshan Pujari,Male,1967-12-28,58,Government Employee,PUC,Widowed,A-,Indian,Bengaluru Urban,PS0112
P002621,Radhika Verma,Female,1993-06-29,33,Lawyer,No Formal Education,Divorced,B-,Indian,Bengaluru Rural,PS0079
P002622,Shreya Verma,Female,1960-03-08,66,Government Employee,PhD,Widowed,AB-,Indian,Bagalkote,PS0021
P002623,Asha Shetty,Female,1994-02-22,32,Doctor,No Formal Education,Married,AB+,Indian,Belagavi,PS0049
P002624,Shivakumar Shetty,Male,1997-10-12,28,Business,Post Graduate,Married,O-,Indian,Bidar,PS0160
P002625,Akash Gowda,Male,1970-10-18,55,Driver,High School,Widowed,A-,Indian,Bengaluru Rural,PS0103
P002626,Abhishek Reddy,Male,1996-09-12,29,Software Engineer,PhD,Widowed,A-,Indian,Bengaluru Urban,PS0111
P002627,Anjali Singh,Female,1969-09-30,56,Engineer,Diploma,Married,AB-,Indian,Bagalkote,PS0011
P002628,Suraj Joshi,Male,2004-07-25,21,Nurse,PUC,Single,AB-,Indian,Chamarajanagar,PS0232
P002629,Kiran Singh,Male,2006-11-28,19,Student,PUC,Married,B+,Indian,Bidar,PS0188
P002630,Akash Singh,Male,2006-01-06,20,Shop Owner,No Formal Education,Single,AB+,Indian,Ballari,PS0045
P002631,Darshan Desai,Male,1979-02-06,47,Government Employee,Primary,Single,O+,Indian,Bengaluru Urban,PS0127
P002632,Shivakumar Reddy,Male,1995-06-04,31,Sales Executive,No Formal Education,Married,A-,Indian,Bengaluru Rural,PS0091
P002633,Lakshmi Verma,Female,1958-07-13,68,Carpenter,No Formal Education,Single,AB+,Indian,Bengaluru Rural,PS0081
P002634,Ramesh Shetty,Male,1992-01-28,34,Sales Executive,High School,Divorced,AB+,Indian,Bengaluru Urban,PS0143
P002635,Preethi Sharma,Female,1965-02-24,61,Sales Executive,High School,Divorced,O-,Indian,Bengaluru Rural,PS0083
P002636,Nisha Kambali,Female,1955-06-24,71,Shop Owner,PUC,Single,O+,Indian,Chikkaballapura,PS0239
P002637,Asha Gowda,Female,1969-01-07,57,Software Engineer,Graduate,Single,B-,Indian,Belagavi,PS0049
P002638,Manoj Verma,Male,1969-03-05,57,Government Employee,High School,Single,B+,Indian,Belagavi,PS0059
P002639,Siddu Desai,Male,1974-12-08,51,Software Engineer,No Formal Education,Divorced,O+,Indian,Bagalkote,PS0001
P002640,Manoj Singh,Male,1992-08-29,33,Sales Executive,Post Graduate,Divorced,B+,Indian,Bengaluru Rural,PS0084
P002641,Kusuma Shetty,Female,2004-08-10,21,Electrician,Graduate,Married,O-,Indian,Chikkaballapura,PS0235
P002642,Radhika Siddiqui,Female,2007-08-10,18,Software Engineer,No Formal Education,Widowed,A+,Indian,Bagalkote,PS0018
P002643,Megha Kumar,Female,1992-07-24,33,Government Employee,Graduate,Widowed,A+,Indian,Bagalkote,PS0009
P002644,Arjun Kambali,Male,1955-12-02,70,Farmer,High School,Single,B+,Indian,Bengaluru Rural,PS0071
P002645,Abhishek Reddy,Male,1988-04-27,38,Electrician,PUC,Single,AB+,Indian,Bengaluru Rural,PS0101
P002646,Harini Hiremath,Female,1958-02-07,68,Security Guard,PUC,Married,B+,Indian,Ballari,PS0028
P002647,Lakshmi Sharma,Female,1973-07-04,53,Driver,No Formal Education,Married,B-,Indian,Chikkaballapura,PS0237
P002648,Divya Gowda,Female,1968-10-24,57,Software Engineer,Graduate,Divorced,A+,Indian,Bengaluru Rural,PS0092
P002649,Lokesh Sharma,Male,1985-04-16,41,Electrician,Graduate,Single,B-,Indian,Ballari,PS0044
P002650,Preethi Pujari,Female,2004-09-26,21,Shop Owner,Diploma,Married,B-,Indian,Bengaluru Urban,PS0137
P002651,Ramesh Shetty,Male,1981-06-04,45,Police,Post Graduate,Married,O+,Indian,Ballari,PS0026
P002652,Rahul Kambali,Male,1957-05-23,69,Software Engineer,PUC,Single,B+,Indian,Chamarajanagar,PS0219
P002653,Sunitha Joshi,Female,1963-02-12,63,Driver,No Formal Education,Widowed,AB-,Indian,Bagalkote,PS0007
P002654,Swathi Angadi,Female,1967-01-05,59,Engineer,Primary,Married,B-,Indian,Bengaluru Rural,PS0094
P002655,Bhavya Rao,Female,1961-10-01,64,Government Employee,PhD,Divorced,AB-,Indian,Chamarajanagar,PS0206
P002656,Pooja Reddy,Female,1956-05-02,70,Nurse,High School,Divorced,A-,Indian,Bengaluru Rural,PS0093
P002657,Harish Hegde,Male,1963-10-10,62,Security Guard,High School,Married,O+,Indian,Bengaluru Rural,PS0089
P002658,Divya Sharma,Female,1963-12-17,62,Government Employee,Graduate,Married,O+,Indian,Bidar,PS0178
P002659,Suresh Joshi,Male,1997-06-23,29,Carpenter,High School,Widowed,AB+,Indian,Bengaluru Rural,PS0079
P002660,Anjali Patil,Female,1957-04-12,69,Unemployed,Post Graduate,Single,O-,Indian,Bagalkote,PS0020
P002661,Rahul Kumar,Male,2006-03-27,20,Security Guard,High School,Divorced,AB-,Indian,Bengaluru Rural,PS0072
P002662,Ajay Gowda,Male,1972-02-21,54,Driver,Primary,Single,AB-,Indian,Chikkaballapura,PS0238
P002663,Shivakumar Hegde,Male,1986-10-25,39,Student,Graduate,Single,AB+,Indian,Bengaluru Urban,PS0136
P002664,Puneeth Patil,Male,1964-01-02,62,Security Guard,Primary,Divorced,B-,Indian,Bidar,PS0176
P002665,Ganesh Verma,Male,1998-07-10,28,Security Guard,PhD,Married,AB+,Indian,Chamarajanagar,PS0232
P002666,Radhika Patil,Female,1988-08-02,37,Lawyer,High School,Married,A-,Indian,Bengaluru Urban,PS0129
P002667,Pradeep Joshi,Male,1983-10-30,42,Shop Owner,Primary,Married,A+,Indian,Bengaluru Rural,PS0075
P002668,Sunitha Kambali,Female,1998-05-05,28,Government Employee,No Formal Education,Widowed,O-,Indian,Belagavi,PS0063
P002669,Geetha Hiremath,Female,1972-10-15,53,Business,PUC,Married,O+,Indian,Bidar,PS0170
P002670,Anjali Kulkarni,Female,1960-02-17,66,Driver,Graduate,Widowed,AB+,Indian,Bagalkote,PS0016
P002671,Asha Gowda,Female,2001-08-18,24,Carpenter,Graduate,Married,B+,Indian,Bidar,PS0189
P002672,Rekha Singh,Female,1997-11-13,28,Teacher,Post Graduate,Married,A+,Indian,Ballari,PS0030
P002673,Bhavya Poojary,Female,1966-03-30,60,Security Guard,High School,Divorced,AB+,Indian,Ballari,PS0043
P002674,Shivakumar Siddiqui,Male,1983-08-11,42,Software Engineer,Primary,Widowed,B+,Indian,Bengaluru Rural,PS0106
P002675,Akash Shetty,Male,1986-06-07,40,Student,Primary,Married,AB-,Indian,Chamarajanagar,PS0216
P002676,Pooja Bhat,Female,1995-02-14,31,Driver,Post Graduate,Married,AB+,Indian,Bagalkote,PS0001
P002677,Chetan Kumar,Male,1963-02-18,63,Driver,High School,Married,AB+,Indian,Bengaluru Urban,PS0130
P002678,Suraj Hiremath,Male,2006-06-11,20,Driver,No Formal Education,Single,O+,Indian,Chamarajanagar,PS0231
P002679,Pooja Verma,Female,1958-07-26,67,Teacher,Post Graduate,Widowed,A+,Indian,Belagavi,PS0051
P002680,Geetha Hegde,Female,1959-09-21,66,Security Guard,Graduate,Widowed,B-,Indian,Ballari,PS0044
P002681,Rohit Poojary,Male,1980-07-28,45,Engineer,No Formal Education,Married,A-,Indian,Ballari,PS0027
P002682,Puneeth Reddy,Male,2006-07-31,19,Police,PUC,Divorced,B-,Indian,Bengaluru Urban,PS0133
P002683,Manoj Shetty,Male,1981-09-21,44,Sales Executive,Primary,Single,B-,Indian,Bidar,PS0165
P002684,Kusuma Kumar,Female,1959-03-13,67,Labour,No Formal Education,Married,O-,Indian,Bengaluru Urban,PS0117
P002685,Roopa Gowda,Female,1983-09-28,42,Nurse,Diploma,Widowed,A-,Indian,Bidar,PS0175
P002686,Geetha Gowda,Female,1997-07-11,29,Labour,High School,Widowed,AB+,Indian,Chikkaballapura,PS0249
P002687,Pradeep Pujari,Male,1986-10-04,39,Student,No Formal Education,Divorced,B-,Indian,Bagalkote,PS0012
P002688,Pooja Rao,Female,1979-05-07,47,Labour,Primary,Widowed,O+,Indian,Belagavi,PS0051
P002689,Shivakumar Sharma,Male,1964-12-26,61,Business,PUC,Widowed,A-,Indian,Bengaluru Urban,PS0113
P002690,Chetan Angadi,Male,1978-03-27,48,Electrician,Primary,Widowed,AB+,Indian,Bidar,PS0172
P002691,Ramesh Naik,Male,1989-11-27,36,Software Engineer,Diploma,Divorced,A-,Indian,Bidar,PS0154
P002692,Harish Shetty,Male,1996-08-14,29,Government Employee,Post Graduate,Divorced,O-,Indian,Bidar,PS0185
P002693,Sunitha Gowda,Female,1992-11-09,33,Business,Diploma,Divorced,B+,Indian,Bengaluru Urban,PS0152
P002694,Siddu Joshi,Male,1993-06-13,33,Doctor,PhD,Divorced,AB-,Indian,Bengaluru Rural,PS0098
P002695,Ganesh Kambali,Male,1994-08-07,31,Student,Primary,Widowed,B-,Indian,Ballari,PS0034
P002696,Suraj Shetty,Male,1958-09-11,67,Driver,Diploma,Married,O-,Indian,Bagalkote,PS0008
P002697,Asha Joshi,Female,1961-12-23,64,Government Employee,High School,Married,AB+,Indian,Bidar,PS0191
P002698,Shreya Hegde,Female,1972-08-13,53,Mechanic,Post Graduate,Divorced,O-,Indian,Chamarajanagar,PS0207
P002699,Akash Kulkarni,Male,1981-04-28,45,Shop Owner,Graduate,Married,O+,Indian,Chamarajanagar,PS0198
P002700,Suresh Kambali,Male,2005-12-10,20,Engineer,Diploma,Widowed,B+,Indian,Bidar,PS0162
P002701,Ganesh Singh,Male,1978-11-19,47,Doctor,No Formal Education,Single,AB-,Indian,Ballari,PS0039
P002702,Ganesh Hegde,Male,1983-01-28,43,Government Employee,Diploma,Married,A-,Indian,Chamarajanagar,PS0198
P002703,Sangeetha Joshi,Female,1976-01-13,50,Carpenter,No Formal Education,Single,B-,Indian,Bidar,PS0154
P002704,Harini Reddy,Female,1978-06-29,48,Labour,No Formal Education,Divorced,O-,Indian,Bagalkote,PS0020
P002705,Sangeetha Naik,Female,1981-05-04,45,Police,PhD,Divorced,AB+,Indian,Bagalkote,PS0012
P002706,Harish Gowda,Male,1990-07-18,36,Nurse,Primary,Widowed,AB-,Indian,Belagavi,PS0047
P002707,Asha Singh,Female,1996-12-05,29,Teacher,Post Graduate,Married,O+,Indian,Bidar,PS0166
P002708,Prakash Bhat,Male,1962-10-26,63,Mechanic,Graduate,Single,A+,Indian,Belagavi,PS0049
P002709,Harish Poojary,Male,1969-12-23,56,Security Guard,Primary,Single,AB+,Indian,Ballari,PS0038
P002710,Kavya Verma,Female,2005-06-05,21,Nurse,No Formal Education,Divorced,B-,Indian,Bagalkote,PS0025
P002711,Shreya Singh,Female,1957-12-26,68,Carpenter,No Formal Education,Married,B-,Indian,Bengaluru Urban,PS0128
P002712,Asha Singh,Female,2000-09-06,25,Police,PUC,Single,O+,Indian,Bengaluru Urban,PS0110
P002713,Anitha Verma,Female,1973-12-05,52,Student,Post Graduate,Widowed,A-,Indian,Bengaluru Urban,PS0129
P002714,Akash Shetty,Male,1992-09-26,33,Labour,PhD,Divorced,A-,Indian,Bagalkote,PS0001
P002715,Abhishek Pujari,Male,1995-07-25,30,Mechanic,Post Graduate,Divorced,B-,Indian,Bengaluru Rural,PS0076
P002716,Roopa Angadi,Female,1959-03-10,67,Nurse,PhD,Married,O+,Indian,Bidar,PS0185
P002717,Suraj Shetty,Male,2001-03-16,25,Unemployed,PhD,Widowed,A+,Indian,Bengaluru Urban,PS0121
P002718,Vidya Siddiqui,Female,1983-12-12,42,Student,Diploma,Married,B+,Indian,Chamarajanagar,PS0220
P002719,Pradeep Verma,Male,1960-04-06,66,Lawyer,Post Graduate,Single,O+,Indian,Bengaluru Urban,PS0116
P002720,Priya Singh,Female,1990-01-21,36,Business,High School,Single,A-,Indian,Belagavi,PS0062
P002721,Sunitha Shetty,Female,2006-11-04,19,Student,PhD,Married,B+,Indian,Bagalkote,PS0014
P002722,Darshan Hiremath,Male,2003-02-18,23,Driver,PhD,Single,B+,Indian,Bidar,PS0177
P002723,Rekha Hegde,Female,1973-04-23,53,Police,PhD,Single,O-,Indian,Ballari,PS0042
P002724,Ravi Singh,Male,1982-08-18,43,Unemployed,Diploma,Married,O+,Indian,Bagalkote,PS0002
P002725,Pooja Kumar,Female,1973-07-03,53,Security Guard,PUC,Single,B-,Indian,Bengaluru Rural,PS0090
P002726,Megha Siddiqui,Female,1956-09-23,69,Farmer,Diploma,Divorced,O+,Indian,Ballari,PS0036
P002727,Priya Desai,Female,1971-02-12,55,Doctor,Graduate,Widowed,B-,Indian,Chamarajanagar,PS0197
P002728,Prakash Joshi,Male,2002-08-05,23,Driver,Diploma,Married,AB+,Indian,Chamarajanagar,PS0220
P002729,Basavaraj Gowda,Male,1968-02-29,58,Doctor,PhD,Single,O+,Indian,Bengaluru Urban,PS0146
P002730,Sowmya Kumar,Female,1989-08-30,36,Nurse,Diploma,Married,A-,Indian,Bengaluru Rural,PS0098
P002731,Anitha Pujari,Female,2007-01-10,19,Engineer,Primary,Widowed,AB+,Indian,Bengaluru Rural,PS0079
P002732,Shivakumar Siddiqui,Male,2000-11-04,25,Doctor,Graduate,Single,B-,Indian,Bidar,PS0169
P002733,Sunitha Gowda,Female,1965-04-07,61,Government Employee,No Formal Education,Married,O+,Indian,Bagalkote,PS0001
P002734,Kavya Verma,Female,1959-04-20,67,Business,No Formal Education,Single,A-,Indian,Ballari,PS0033
P002735,Pooja Desai,Female,1968-06-23,58,Mechanic,High School,Widowed,B+,Indian,Bengaluru Urban,PS0134
P002736,Geetha Bhat,Female,2002-03-29,24,Carpenter,No Formal Education,Single,O-,Indian,Chikkaballapura,PS0242
P002737,Ganesh Pujari,Male,2006-12-26,19,Carpenter,High School,Widowed,AB+,Indian,Belagavi,PS0068
P002738,Rohit Singh,Male,2003-06-07,23,Student,Post Graduate,Single,O+,Indian,Bagalkote,PS0011
P002739,Akash Poojary,Male,1991-06-09,35,Nurse,High School,Single,A+,Indian,Belagavi,PS0058
P002740,Siddu Kumar,Male,1976-07-16,50,Unemployed,Primary,Widowed,A+,Indian,Chamarajanagar,PS0210
P002741,Suresh Rao,Male,1978-09-26,47,Lawyer,Diploma,Married,AB-,Indian,Ballari,PS0040
P002742,Anitha Siddiqui,Female,1971-07-01,55,Lawyer,Graduate,Widowed,A+,Indian,Bidar,PS0179
P002743,Akash Kumar,Male,1981-06-27,45,Teacher,Diploma,Married,AB-,Indian,Bengaluru Rural,PS0100
P002744,Suresh Angadi,Male,1956-08-31,69,Security Guard,Primary,Married,B-,Indian,Bidar,PS0163
P002745,Deepa Sharma,Female,1955-10-21,70,Driver,Diploma,Widowed,O+,Indian,Bengaluru Rural,PS0084
P002746,Vijay Angadi,Male,1988-10-18,37,Sales Executive,No Formal Education,Married,AB+,Indian,Bengaluru Rural,PS0075
P002747,Mahesh Hegde,Male,1966-12-05,59,Electrician,No Formal Education,Divorced,AB-,Indian,Bengaluru Rural,PS0075
P002748,Pradeep Singh,Male,1977-12-14,48,Mechanic,Primary,Widowed,AB-,Indian,Chamarajanagar,PS0220
P002749,Roopa Kumar,Female,1976-10-21,49,Nurse,Diploma,Married,A-,Indian,Bidar,PS0154
P002750,Kusuma Hiremath,Female,1995-07-13,31,Government Employee,PUC,Divorced,AB+,Indian,Bagalkote,PS0002
P002751,Shreya Patil,Female,1972-09-22,53,Teacher,PUC,Widowed,A+,Indian,Bengaluru Rural,PS0088
P002752,Bhavya Verma,Female,2002-06-15,24,Labour,Diploma,Single,B+,Indian,Ballari,PS0030
P002753,Preethi Bhat,Female,2005-11-11,20,Government Employee,High School,Married,A+,Indian,Bagalkote,PS0012
P002754,Pooja Angadi,Female,2002-01-18,24,Nurse,High School,Married,O+,Indian,Bengaluru Urban,PS0128
P002755,Rahul Desai,Male,1992-05-28,34,Nurse,Primary,Widowed,O+,Indian,Chamarajanagar,PS0200
P002756,Ramesh Kulkarni,Male,1988-10-26,37,Unemployed,High School,Married,B-,Indian,Bidar,PS0165
P002757,Sunitha Kambali,Female,1997-11-01,28,Nurse,PhD,Widowed,O-,Indian,Bengaluru Rural,PS0105
P002758,Prakash Singh,Male,1956-02-09,70,Electrician,Primary,Married,AB+,Indian,Bengaluru Urban,PS0138
P002759,Arjun Pujari,Male,1977-07-24,48,Unemployed,PUC,Single,AB-,Indian,Bengaluru Urban,PS0144
P002760,Lokesh Pujari,Male,1972-01-04,54,Unemployed,Primary,Married,B+,Indian,Bengaluru Urban,PS0120
P002761,Priya Kumar,Female,1955-05-25,71,Doctor,Diploma,Divorced,A+,Indian,Bengaluru Rural,PS0079
P002762,Bhavya Patil,Female,1961-01-15,65,Electrician,PUC,Single,AB+,Indian,Chikkaballapura,PS0240
P002763,Ramesh Bhat,Male,1965-08-09,60,Student,PUC,Widowed,AB-,Indian,Chamarajanagar,PS0214
P002764,Chetan Kambali,Male,1997-03-04,29,Teacher,No Formal Education,Widowed,AB-,Indian,Bengaluru Urban,PS0110
P002765,Megha Shetty,Female,1967-02-24,59,Electrician,No Formal Education,Divorced,B+,Indian,Bengaluru Rural,PS0092
P002766,Ganesh Shetty,Male,1975-12-14,50,Carpenter,PUC,Single,O-,Indian,Chikkaballapura,PS0238
P002767,Shreya Angadi,Female,1964-03-06,62,Unemployed,Diploma,Widowed,B+,Indian,Chamarajanagar,PS0201
P002768,Chetan Kulkarni,Male,1991-02-03,35,Shop Owner,High School,Single,A-,Indian,Bengaluru Rural,PS0087
P002769,Roopa Kulkarni,Female,1977-01-26,49,Student,PhD,Widowed,O+,Indian,Bidar,PS0184
P002770,Ganesh Singh,Male,2006-04-22,20,Carpenter,PhD,Married,AB+,Indian,Bengaluru Rural,PS0071
P002771,Suraj Sharma,Male,1982-07-29,43,Government Employee,Diploma,Single,B+,Indian,Bengaluru Urban,PS0144
P002772,Nisha Reddy,Female,1972-06-02,54,Government Employee,Graduate,Widowed,A-,Indian,Bengaluru Urban,PS0134
P002773,Arjun Poojary,Male,1998-12-23,27,Government Employee,PUC,Married,A-,Indian,Chamarajanagar,PS0224
P002774,Deepa Gowda,Female,1975-04-03,51,Labour,Primary,Married,A+,Indian,Bengaluru Urban,PS0112
P002775,Pradeep Hegde,Male,2007-05-18,19,Unemployed,Primary,Married,O-,Indian,Ballari,PS0042
P002776,Ramesh Verma,Male,1958-08-14,67,Business,Diploma,Married,AB+,Indian,Belagavi,PS0066
P002777,Asha Verma,Female,1980-09-17,45,Shop Owner,No Formal Education,Divorced,O-,Indian,Bidar,PS0183
P002778,Priya Verma,Female,2002-12-15,23,Labour,High School,Married,AB-,Indian,Bengaluru Urban,PS0123
P002779,Rahul Poojary,Male,1992-02-06,34,Carpenter,Primary,Single,O-,Indian,Bengaluru Urban,PS0147
P002780,Pradeep Kambali,Male,1987-01-20,39,Doctor,PhD,Married,B+,Indian,Belagavi,PS0061
P002781,Divya Joshi,Female,1986-07-20,40,Nurse,PUC,Divorced,A+,Indian,Belagavi,PS0062
P002782,Ravi Kulkarni,Male,2000-08-27,25,Student,Graduate,Divorced,A-,Indian,Bengaluru Urban,PS0144
P002783,Naveen Verma,Male,1978-05-18,48,Lawyer,Post Graduate,Divorced,B-,Indian,Bengaluru Rural,PS0091
P002784,Mahesh Gowda,Male,1999-02-17,27,Government Employee,No Formal Education,Single,AB+,Indian,Bagalkote,PS0013
P002785,Sanjay Sharma,Male,1956-02-17,70,Electrician,Graduate,Divorced,A-,Indian,Belagavi,PS0054
P002786,Priya Sharma,Female,2003-12-24,22,Teacher,High School,Single,A+,Indian,Bengaluru Urban,PS0117
P002787,Sanjay Desai,Male,1990-04-26,36,Driver,No Formal Education,Married,AB-,Indian,Chikkaballapura,PS0247
P002788,Roopa Joshi,Female,1956-11-20,69,Sales Executive,No Formal Education,Married,O+,Indian,Bengaluru Urban,PS0111
P002789,Pooja Angadi,Female,1985-04-26,41,Doctor,Post Graduate,Divorced,O+,Indian,Bengaluru Rural,PS0082
P002790,Shivakumar Rao,Male,1976-03-28,50,Carpenter,Post Graduate,Married,B-,Indian,Chikkaballapura,PS0239
P002791,Ramesh Angadi,Male,1997-01-09,29,Electrician,Diploma,Single,A+,Indian,Bagalkote,PS0003
P002792,Nandini Gowda,Female,2000-05-11,26,Unemployed,PhD,Single,B+,Indian,Bengaluru Urban,PS0112
P002793,Darshan Naik,Male,1963-04-25,63,Shop Owner,Diploma,Married,A-,Indian,Belagavi,PS0048
P002794,Ramesh Patil,Male,1989-12-20,36,Nurse,Primary,Single,AB-,Indian,Belagavi,PS0052
P002795,Harini Hegde,Female,2005-04-26,21,Engineer,Graduate,Married,O+,Indian,Belagavi,PS0057
P002796,Akash Naik,Male,1964-12-30,61,Unemployed,Post Graduate,Single,AB+,Indian,Belagavi,PS0068
P002797,Vidya Shetty,Female,1968-03-01,58,Student,Graduate,Married,O-,Indian,Ballari,PS0031
P002798,Vinay Poojary,Male,1979-06-17,47,Software Engineer,Diploma,Divorced,O-,Indian,Bagalkote,PS0016
P002799,Shivakumar Kambali,Male,1967-05-06,59,Business,Primary,Widowed,A-,Indian,Belagavi,PS0048
P002800,Bhavya Reddy,Female,2006-05-05,20,Carpenter,PUC,Divorced,O+,Indian,Bidar,PS0154
P002801,Vidya Desai,Female,1991-08-15,34,Teacher,Post Graduate,Married,B-,Indian,Bengaluru Rural,PS0080
P002802,Rekha Hiremath,Female,1988-09-22,37,Student,Graduate,Married,A+,Indian,Belagavi,PS0046
P002803,Puneeth Desai,Male,1961-08-11,64,Shop Owner,Diploma,Single,B+,Indian,Bagalkote,PS0024
P002804,Nandini Kambali,Female,1995-03-25,31,Student,PUC,Widowed,O+,Indian,Bidar,PS0189
P002805,Naveen Gowda,Male,1990-04-16,36,Police,No Formal Education,Widowed,O+,Indian,Bengaluru Rural,PS0083
P002806,Suresh Kumar,Male,1988-04-12,38,Engineer,High School,Single,O+,Indian,Chamarajanagar,PS0226
P002807,Geetha Kumar,Female,2003-11-24,22,Security Guard,Primary,Single,B-,Indian,Chamarajanagar,PS0225
P002808,Sanjay Naik,Male,1969-10-17,56,Engineer,PUC,Single,B+,Indian,Bidar,PS0170
P002809,Sneha Kumar,Female,1978-07-13,48,Carpenter,High School,Married,O-,Indian,Ballari,PS0038
P002810,Preethi Verma,Female,1987-11-23,38,Police,Primary,Married,O+,Indian,Ballari,PS0036
P002811,Arjun Angadi,Male,2002-11-09,23,Labour,No Formal Education,Married,O-,Indian,Bengaluru Urban,PS0130
P002812,Geetha Poojary,Female,1981-06-28,45,Carpenter,Diploma,Divorced,B+,Indian,Chamarajanagar,PS0221
P002813,Naveen Bhat,Male,2004-12-15,21,Unemployed,Diploma,Divorced,AB-,Indian,Bidar,PS0155
P002814,Ganesh Reddy,Male,1966-02-26,60,Shop Owner,No Formal Education,Single,O+,Indian,Bagalkote,PS0012
P002815,Anitha Kulkarni,Female,2002-06-30,24,Business,Diploma,Divorced,AB-,Indian,Bengaluru Rural,PS0104
P002816,Bhavya Shetty,Female,1970-01-22,56,Unemployed,Graduate,Married,A-,Indian,Bengaluru Rural,PS0088
P002817,Radhika Poojary,Female,1959-09-11,66,Carpenter,Post Graduate,Widowed,A+,Indian,Bagalkote,PS0021
P002818,Basavaraj Singh,Male,1964-03-14,62,Labour,High School,Divorced,O+,Indian,Bengaluru Rural,PS0088
P002819,Harish Kumar,Male,1981-08-02,44,Sales Executive,High School,Widowed,O+,Indian,Belagavi,PS0067
P002820,Manoj Rao,Male,1986-09-12,39,Doctor,Graduate,Divorced,A+,Indian,Chikkaballapura,PS0235
P002821,Prakash Rao,Male,1955-05-24,71,Doctor,PhD,Married,A-,Indian,Bengaluru Rural,PS0079
P002822,Nandini Naik,Female,1983-05-09,43,Labour,No Formal Education,Divorced,O-,Indian,Bidar,PS0161
P002823,Prakash Patil,Male,1971-01-30,55,Lawyer,Diploma,Single,B-,Indian,Chamarajanagar,PS0198
P002824,Sanjay Hegde,Male,1982-08-06,43,Sales Executive,Diploma,Single,O+,Indian,Belagavi,PS0050
P002825,Sangeetha Kulkarni,Female,1974-03-07,52,Farmer,Graduate,Widowed,A+,Indian,Bengaluru Rural,PS0099
P002826,Sangeetha Verma,Female,1966-01-17,60,Security Guard,Primary,Widowed,O+,Indian,Bagalkote,PS0021
P002827,Kusuma Desai,Female,2007-02-06,19,Business,Post Graduate,Divorced,O+,Indian,Bidar,PS0174
P002828,Ravi Sharma,Male,1972-06-23,54,Carpenter,PhD,Divorced,O-,Indian,Chamarajanagar,PS0234
P002829,Harini Kumar,Female,1988-07-29,37,Sales Executive,No Formal Education,Married,B-,Indian,Chamarajanagar,PS0210
P002830,Kusuma Poojary,Female,1962-12-16,63,Shop Owner,Diploma,Married,A+,Indian,Chamarajanagar,PS0205
P002831,Sanjay Shetty,Male,1969-09-16,56,Student,Graduate,Widowed,O-,Indian,Bengaluru Urban,PS0151
P002832,Ramesh Rao,Male,1967-11-21,58,Unemployed,PhD,Married,B+,Indian,Bengaluru Rural,PS0073
P002833,Sanjay Desai,Male,1980-12-08,45,Lawyer,No Formal Education,Married,B+,Indian,Bengaluru Rural,PS0089
P002834,Nisha Shetty,Female,1990-06-02,36,Sales Executive,Post Graduate,Married,AB+,Indian,Chamarajanagar,PS0199
P002835,Harish Poojary,Male,1976-03-29,50,Unemployed,High School,Married,AB-,Indian,Belagavi,PS0065
P002836,Arjun Patil,Male,1976-05-18,50,Driver,No Formal Education,Single,AB+,Indian,Bagalkote,PS0003
P002837,Rohit Singh,Male,1971-12-12,54,Police,High School,Divorced,AB+,Indian,Bidar,PS0182
P002838,Ramesh Bhat,Male,1999-05-18,27,Doctor,High School,Single,O-,Indian,Ballari,PS0041
P002839,Geetha Hegde,Female,1962-07-18,64,Carpenter,Diploma,Divorced,B+,Indian,Belagavi,PS0057
P002840,Kavya Verma,Female,1984-01-12,42,Labour,Primary,Married,B-,Indian,Bagalkote,PS0013
P002841,Rahul Kumar,Male,1990-04-16,36,Electrician,PUC,Married,B+,Indian,Bengaluru Rural,PS0104
P002842,Abhishek Singh,Male,1968-07-04,58,Teacher,PhD,Widowed,O-,Indian,Bidar,PS0183
P002843,Lakshmi Rao,Female,1961-10-07,64,Labour,No Formal Education,Widowed,O+,Indian,Belagavi,PS0049
P002844,Sangeetha Poojary,Female,1957-07-15,69,Sales Executive,No Formal Education,Married,AB-,Indian,Bagalkote,PS0014
P002845,Vijay Desai,Male,1958-02-06,68,Carpenter,Graduate,Married,AB+,Indian,Chamarajanagar,PS0193
P002846,Chetan Bhat,Male,1962-08-11,63,Engineer,PhD,Divorced,A+,Indian,Chamarajanagar,PS0200
P002847,Vinay Joshi,Male,1956-08-29,69,Labour,PhD,Divorced,B+,Indian,Bengaluru Rural,PS0079
P002848,Keerthi Singh,Female,1967-05-10,59,Software Engineer,No Formal Education,Widowed,B+,Indian,Bengaluru Rural,PS0102
P002849,Siddu Gowda,Male,1976-12-27,49,Nurse,PUC,Divorced,O+,Indian,Chamarajanagar,PS0220
P002850,Shreya Reddy,Female,1980-05-13,46,Security Guard,PhD,Divorced,AB-,Indian,Bidar,PS0176
P002851,Anitha Hiremath,Female,1973-09-27,52,Farmer,PUC,Widowed,AB+,Indian,Bengaluru Urban,PS0118
P002852,Ajay Angadi,Male,2000-05-27,26,Labour,No Formal Education,Divorced,AB-,Indian,Chikkaballapura,PS0249
P002853,Shivakumar Bhat,Male,1973-08-14,52,Teacher,Post Graduate,Widowed,AB+,Indian,Bengaluru Urban,PS0130
P002854,Manoj Patil,Male,1974-12-15,51,Security Guard,Diploma,Widowed,A-,Indian,Bengaluru Rural,PS0102
P002855,Kiran Shetty,Male,2004-03-02,22,Security Guard,Primary,Single,AB-,Indian,Chamarajanagar,PS0228
P002856,Harini Hegde,Female,1975-06-15,51,Lawyer,No Formal Education,Single,A-,Indian,Bengaluru Rural,PS0088
P002857,Darshan Verma,Male,1994-03-14,32,Driver,High School,Married,AB+,Indian,Bidar,PS0165
P002858,Megha Shetty,Female,1969-07-01,57,Carpenter,Post Graduate,Widowed,O-,Indian,Bagalkote,PS0008
P002859,Shivakumar Pujari,Male,1999-12-18,26,Mechanic,High School,Married,B-,Indian,Bengaluru Rural,PS0080
P002860,Sowmya Siddiqui,Female,2003-12-27,22,Government Employee,No Formal Education,Divorced,AB+,Indian,Bengaluru Urban,PS0124
P002861,Mahesh Pujari,Male,1959-06-10,67,Nurse,Primary,Married,AB+,Indian,Bidar,PS0177
P002862,Bhavya Bhat,Female,1996-12-11,29,Security Guard,Diploma,Widowed,A+,Indian,Bagalkote,PS0016
P002863,Sowmya Singh,Female,1994-10-26,31,Unemployed,Diploma,Widowed,B-,Indian,Bengaluru Rural,PS0078
P002864,Rahul Angadi,Male,1994-11-26,31,Teacher,PUC,Widowed,A-,Indian,Bengaluru Urban,PS0138
P002865,Siddu Kambali,Male,1960-04-28,66,Security Guard,High School,Widowed,A-,Indian,Belagavi,PS0060
P002866,Bhavya Patil,Female,1955-08-31,70,Farmer,Post Graduate,Divorced,AB-,Indian,Bidar,PS0156
P002867,Sangeetha Verma,Female,2000-06-12,26,Labour,Diploma,Divorced,O-,Indian,Bengaluru Urban,PS0124
P002868,Swathi Hegde,Female,1987-02-28,39,Government Employee,Graduate,Single,B+,Indian,Chamarajanagar,PS0214
P002869,Nandini Singh,Female,1979-08-21,46,Student,No Formal Education,Single,O+,Indian,Bengaluru Urban,PS0138
P002870,Swathi Pujari,Female,1992-03-23,34,Mechanic,High School,Divorced,A+,Indian,Bengaluru Rural,PS0074
P002871,Divya Singh,Female,1989-04-29,37,Software Engineer,Diploma,Divorced,A-,Indian,Belagavi,PS0063
P002872,Akash Joshi,Male,1982-02-21,44,Lawyer,Primary,Widowed,AB+,Indian,Ballari,PS0035
P002873,Manoj Rao,Male,1973-01-31,53,Mechanic,Post Graduate,Widowed,A+,Indian,Bengaluru Rural,PS0094
P002874,Siddu Hegde,Male,1997-02-28,29,Engineer,Primary,Widowed,A+,Indian,Ballari,PS0034
P002875,Suresh Rao,Male,1959-02-02,67,Unemployed,Diploma,Divorced,B+,Indian,Belagavi,PS0066
P002876,Ganesh Siddiqui,Male,1991-11-22,34,Engineer,High School,Single,AB-,Indian,Ballari,PS0040
P002877,Ravi Angadi,Male,2002-12-20,23,Police,No Formal Education,Divorced,A-,Indian,Bengaluru Urban,PS0110
P002878,Ajay Hiremath,Male,1956-02-02,70,Security Guard,Post Graduate,Single,O-,Indian,Chamarajanagar,PS0206
P002879,Kusuma Hiremath,Female,1998-09-09,27,Teacher,Diploma,Divorced,B+,Indian,Bagalkote,PS0008
P002880,Anjali Rao,Female,1987-07-12,39,Nurse,Diploma,Single,AB+,Indian,Belagavi,PS0069
P002881,Kavya Verma,Female,1973-05-11,53,Software Engineer,Post Graduate,Widowed,AB+,Indian,Bengaluru Urban,PS0151
P002882,Sanjay Hegde,Male,1999-09-14,26,Police,Diploma,Single,AB-,Indian,Chikkaballapura,PS0245
P002883,Manoj Singh,Male,1955-02-05,71,Driver,Diploma,Divorced,B+,Indian,Bagalkote,PS0013
P002884,Basavaraj Sharma,Male,1963-01-28,63,Software Engineer,High School,Divorced,AB+,Indian,Bidar,PS0180
P002885,Harish Rao,Male,1983-01-03,43,Teacher,No Formal Education,Married,A-,Indian,Ballari,PS0041
P002886,Roopa Verma,Female,1997-04-09,29,Electrician,Post Graduate,Widowed,AB-,Indian,Bengaluru Urban,PS0135
P002887,Anjali Bhat,Female,1960-12-25,65,Mechanic,Post Graduate,Divorced,B+,Indian,Chikkaballapura,PS0239
P002888,Rahul Pujari,Male,2001-10-30,24,Teacher,Graduate,Widowed,AB+,Indian,Ballari,PS0028
P002889,Sanjay Singh,Male,1969-04-12,57,Police,PUC,Married,O+,Indian,Bagalkote,PS0013
P002890,Puneeth Siddiqui,Male,1987-05-08,39,Shop Owner,Post Graduate,Divorced,B+,Indian,Bidar,PS0179
P002891,Shreya Poojary,Female,1981-03-30,45,Mechanic,PUC,Single,O-,Indian,Bidar,PS0172
P002892,Pradeep Kumar,Male,1989-06-12,37,Nurse,High School,Married,A-,Indian,Bengaluru Urban,PS0118
P002893,Divya Pujari,Female,1963-02-07,63,Sales Executive,High School,Divorced,B+,Indian,Bidar,PS0186
P002894,Geetha Kulkarni,Female,1985-06-29,41,Security Guard,Diploma,Widowed,A+,Indian,Bengaluru Urban,PS0139
P002895,Sneha Sharma,Female,1966-12-24,59,Sales Executive,High School,Married,O-,Indian,Bidar,PS0188
P002896,Harish Angadi,Male,2000-02-02,26,Security Guard,No Formal Education,Married,B+,Indian,Bengaluru Rural,PS0075
P002897,Vinay Hiremath,Male,1960-01-30,66,Engineer,Post Graduate,Divorced,AB+,Indian,Bengaluru Rural,PS0100
P002898,Kavya Kambali,Female,1980-03-03,46,Sales Executive,PhD,Divorced,AB+,Indian,Bidar,PS0186
P002899,Chetan Verma,Male,1992-09-29,33,Government Employee,Graduate,Divorced,B-,Indian,Bidar,PS0177
P002900,Siddu Kambali,Male,2003-07-08,23,Unemployed,No Formal Education,Widowed,B-,Indian,Bengaluru Urban,PS0122
P002901,Sowmya Reddy,Female,1986-08-24,39,Security Guard,Primary,Divorced,O-,Indian,Bengaluru Rural,PS0094
P002902,Ravi Hiremath,Male,1982-02-20,44,Software Engineer,Post Graduate,Married,O+,Indian,Bidar,PS0168
P002903,Ganesh Joshi,Male,2004-05-21,22,Mechanic,PhD,Widowed,B-,Indian,Bengaluru Urban,PS0121
P002904,Shivakumar Patil,Male,1956-07-07,70,Government Employee,Post Graduate,Single,B+,Indian,Bengaluru Urban,PS0111
P002905,Sanjay Desai,Male,1964-10-04,61,Driver,Primary,Single,AB-,Indian,Bidar,PS0176
P002906,Ravi Kambali,Male,1963-12-14,62,Teacher,Post Graduate,Single,B+,Indian,Bengaluru Urban,PS0124
P002907,Chetan Poojary,Male,1955-08-19,70,Nurse,Post Graduate,Single,A-,Indian,Chamarajanagar,PS0233
P002908,Harish Hiremath,Male,1966-11-02,59,Police,PhD,Married,B+,Indian,Bengaluru Rural,PS0095
P002909,Harini Angadi,Female,1975-09-21,50,Police,Diploma,Widowed,AB+,Indian,Bengaluru Rural,PS0087
P002910,Kavya Sharma,Female,1983-05-14,43,Engineer,Post Graduate,Widowed,AB-,Indian,Belagavi,PS0067
P002911,Sowmya Angadi,Female,1992-02-14,34,Mechanic,PUC,Married,AB-,Indian,Bidar,PS0189
P002912,Rekha Verma,Female,1956-03-10,70,Government Employee,PhD,Married,A-,Indian,Bidar,PS0181
P002913,Siddu Rao,Male,1963-12-26,62,Carpenter,Graduate,Divorced,A+,Indian,Bidar,PS0168
P002914,Keerthi Gowda,Female,1987-01-26,39,Teacher,Primary,Widowed,B-,Indian,Bengaluru Urban,PS0151
P002915,Rekha Joshi,Female,1978-08-19,47,Engineer,Diploma,Divorced,B-,Indian,Bengaluru Urban,PS0120
P002916,Rohit Bhat,Male,1960-09-24,65,Electrician,PhD,Single,A-,Indian,Chikkaballapura,PS0242
P002917,Vijay Siddiqui,Male,1983-12-14,42,Engineer,PUC,Widowed,O-,Indian,Chamarajanagar,PS0219
P002918,Naveen Siddiqui,Male,1990-04-22,36,Shop Owner,Primary,Single,O-,Indian,Bagalkote,PS0013
P002919,Radhika Verma,Female,2003-03-30,23,Engineer,High School,Married,AB+,Indian,Chamarajanagar,PS0205
P002920,Deepa Singh,Female,2000-12-19,25,Electrician,Diploma,Widowed,O-,Indian,Bengaluru Urban,PS0122
P002921,Priya Sharma,Female,1992-12-21,33,Labour,Diploma,Single,A-,Indian,Bagalkote,PS0007
P002922,Lakshmi Patil,Female,1983-08-24,42,Government Employee,PUC,Widowed,B-,Indian,Belagavi,PS0055
P002923,Prakash Hiremath,Male,1999-09-12,26,Software Engineer,PhD,Married,B+,Indian,Chamarajanagar,PS0216
P002924,Nisha Naik,Female,2000-09-01,25,Nurse,PUC,Single,B+,Indian,Bengaluru Rural,PS0092
P002925,Naveen Kambali,Male,1988-01-16,38,Electrician,High School,Married,B-,Indian,Chamarajanagar,PS0206
P002926,Suraj Reddy,Male,1988-09-21,37,Software Engineer,Primary,Divorced,AB+,Indian,Bengaluru Urban,PS0123
P002927,Sanjay Singh,Male,1989-11-26,36,Student,PhD,Married,AB+,Indian,Bengaluru Rural,PS0071
P002928,Vidya Desai,Female,1997-04-01,29,Lawyer,Post Graduate,Married,A-,Indian,Bengaluru Rural,PS0102
P002929,Sangeetha Siddiqui,Female,2006-05-06,20,Software Engineer,Diploma,Single,O-,Indian,Chikkaballapura,PS0241
P002930,Sangeetha Angadi,Female,1965-04-23,61,Labour,Primary,Widowed,A+,Indian,Bengaluru Rural,PS0092
P002931,Priya Shetty,Female,1969-11-08,56,Doctor,Primary,Widowed,A-,Indian,Bengaluru Rural,PS0099
P002932,Anjali Sharma,Female,1981-11-25,44,Lawyer,PhD,Widowed,A+,Indian,Bidar,PS0153
P002933,Geetha Kambali,Female,1973-03-31,53,Government Employee,PhD,Divorced,A+,Indian,Bagalkote,PS0020
P002934,Sanjay Patil,Male,2003-02-02,23,Nurse,Diploma,Married,B-,Indian,Bidar,PS0173
P002935,Basavaraj Patil,Male,1993-02-08,33,Software Engineer,No Formal Education,Widowed,B+,Indian,Chamarajanagar,PS0226
P002936,Ravi Rao,Male,1992-04-14,34,Nurse,PhD,Widowed,A-,Indian,Bidar,PS0160
P002937,Shreya Singh,Female,1994-01-26,32,Doctor,No Formal Education,Married,AB-,Indian,Belagavi,PS0047
P002938,Nisha Joshi,Female,1970-08-08,55,Engineer,High School,Married,B+,Indian,Bengaluru Rural,PS0081
P002939,Ajay Angadi,Male,2007-10-15,18,Shop Owner,No Formal Education,Single,B-,Indian,Chamarajanagar,PS0206
P002940,Shreya Kambali,Female,1974-10-20,51,Labour,PhD,Divorced,A+,Indian,Chikkaballapura,PS0239
P002941,Vinay Verma,Male,1961-06-22,65,Carpenter,High School,Divorced,AB+,Indian,Bagalkote,PS0001
P002942,Anjali Joshi,Female,1981-05-10,45,Student,High School,Married,B-,Indian,Chamarajanagar,PS0227
P002943,Divya Verma,Female,1982-04-11,44,Nurse,Graduate,Widowed,AB+,Indian,Belagavi,PS0068
P002944,Shivakumar Desai,Male,1959-09-18,66,Farmer,Post Graduate,Married,O-,Indian,Bengaluru Rural,PS0071
P002945,Mahesh Rao,Male,1960-12-18,65,Security Guard,Graduate,Widowed,AB-,Indian,Bengaluru Rural,PS0088
P002946,Preethi Shetty,Female,1971-05-23,55,Government Employee,PhD,Widowed,AB+,Indian,Bengaluru Rural,PS0089
P002947,Suraj Angadi,Male,1959-01-13,67,Student,PUC,Divorced,A+,Indian,Bengaluru Rural,PS0083
P002948,Puneeth Hegde,Male,1985-10-18,40,Doctor,PUC,Divorced,AB+,Indian,Belagavi,PS0059
P002949,Harini Desai,Female,1998-03-01,28,Teacher,High School,Married,A+,Indian,Belagavi,PS0056
P002950,Nandini Sharma,Female,1975-12-10,50,Doctor,Diploma,Divorced,AB+,Indian,Bidar,PS0181
P002951,Sangeetha Reddy,Female,1988-07-14,38,Government Employee,Diploma,Married,B+,Indian,Bagalkote,PS0006
P002952,Divya Naik,Female,1978-05-23,48,Security Guard,PhD,Widowed,AB-,Indian,Bengaluru Rural,PS0080
P002953,Rohit Patil,Male,1955-09-22,70,Electrician,No Formal Education,Divorced,AB+,Indian,Bengaluru Urban,PS0116
P002954,Harish Poojary,Male,1994-01-24,32,Labour,Primary,Married,A+,Indian,Chamarajanagar,PS0213
P002955,Sowmya Gowda,Female,1960-05-12,66,Farmer,PhD,Married,A-,Indian,Bagalkote,PS0005
P002956,Lakshmi Hiremath,Female,1962-07-25,63,Carpenter,Primary,Single,AB+,Indian,Chamarajanagar,PS0227
P002957,Suresh Poojary,Male,2002-12-26,23,Labour,High School,Single,A+,Indian,Chamarajanagar,PS0224
P002958,Vidya Kambali,Female,1961-12-18,64,Shop Owner,PhD,Single,A+,Indian,Bagalkote,PS0011
P002959,Anitha Pujari,Female,1983-09-19,42,Labour,Diploma,Married,AB-,Indian,Bengaluru Rural,PS0083
P002960,Geetha Gowda,Female,1991-06-22,35,Shop Owner,No Formal Education,Married,O+,Indian,Chamarajanagar,PS0223
P002961,Vijay Reddy,Male,1988-05-26,38,Lawyer,High School,Married,A+,Indian,Ballari,PS0028
P002962,Kavya Gowda,Female,1971-07-27,54,Business,No Formal Education,Married,O+,Indian,Belagavi,PS0063
P002963,Anitha Hegde,Female,1956-09-10,69,Carpenter,High School,Married,AB+,Indian,Bengaluru Urban,PS0129
P002964,Kiran Bhat,Male,1968-10-05,57,Student,Post Graduate,Widowed,O-,Indian,Bagalkote,PS0003
P002965,Kiran Hegde,Male,1961-10-06,64,Lawyer,Graduate,Married,A+,Indian,Ballari,PS0038
P002966,Shivakumar Desai,Male,1993-01-28,33,Police,PUC,Married,B+,Indian,Chamarajanagar,PS0221
P002967,Shivakumar Patil,Male,1979-12-06,46,Engineer,No Formal Education,Divorced,B-,Indian,Ballari,PS0039
P002968,Akash Shetty,Male,1959-03-27,67,Software Engineer,Post Graduate,Married,A+,Indian,Ballari,PS0035
P002969,Darshan Angadi,Male,1959-02-28,67,Doctor,Primary,Married,AB+,Indian,Bagalkote,PS0007
P002970,Lakshmi Sharma,Female,2006-08-31,19,Farmer,PUC,Married,B+,Indian,Bagalkote,PS0019
P002971,Pooja Pujari,Female,1988-12-26,37,Farmer,PUC,Married,B-,Indian,Chikkaballapura,PS0240
P002972,Swathi Singh,Female,1980-06-01,46,Carpenter,High School,Married,AB+,Indian,Belagavi,PS0056
P002973,Ganesh Desai,Male,1981-10-09,44,Electrician,PhD,Widowed,A+,Indian,Bagalkote,PS0004
P002974,Ajay Hiremath,Male,2000-12-07,25,Labour,Post Graduate,Married,AB+,Indian,Belagavi,PS0055
P002975,Puneeth Gowda,Male,2007-05-02,19,Software Engineer,PUC,Widowed,O-,Indian,Belagavi,PS0058
P002976,Anitha Sharma,Female,1979-10-29,46,Security Guard,Graduate,Married,O-,Indian,Bidar,PS0168
P002977,Prakash Desai,Male,1963-04-07,63,Carpenter,High School,Widowed,O+,Indian,Chamarajanagar,PS0220
P002978,Geetha Hegde,Female,2005-06-26,21,Doctor,Diploma,Widowed,O+,Indian,Ballari,PS0035
P002979,Prakash Sharma,Male,2000-11-01,25,Engineer,Post Graduate,Widowed,AB+,Indian,Bagalkote,PS0013
P002980,Ajay Poojary,Male,1988-02-23,38,Police,PUC,Widowed,AB-,Indian,Bagalkote,PS0017
P002981,Suraj Verma,Male,1979-04-18,47,Nurse,Post Graduate,Divorced,B-,Indian,Chamarajanagar,PS0194
P002982,Lakshmi Kambali,Female,2007-01-31,19,Labour,High School,Divorced,B-,Indian,Chamarajanagar,PS0218
P002983,Suraj Rao,Male,1989-10-31,36,Government Employee,High School,Divorced,A-,Indian,Bagalkote,PS0009
P002984,Nandini Reddy,Female,1969-01-20,57,Sales Executive,Post Graduate,Married,B-,Indian,Chamarajanagar,PS0221
P002985,Asha Rao,Female,1980-09-17,45,Labour,Graduate,Widowed,B-,Indian,Bidar,PS0187
P002986,Suresh Naik,Male,1990-04-14,36,Shop Owner,High School,Divorced,O-,Indian,Chamarajanagar,PS0209
P002987,Lokesh Angadi,Male,2004-01-07,22,Doctor,Post Graduate,Single,AB-,Indian,Belagavi,PS0065
P002988,Darshan Pujari,Male,1962-06-22,64,Farmer,Post Graduate,Married,O-,Indian,Chamarajanagar,PS0229
P002989,Rahul Sharma,Male,1957-01-27,69,Government Employee,PUC,Widowed,B+,Indian,Bidar,PS0182
P002990,Kavya Poojary,Female,1969-11-24,56,Student,Primary,Divorced,O+,Indian,Bengaluru Urban,PS0123
P002991,Harini Kumar,Female,2004-11-15,21,Teacher,Post Graduate,Divorced,B-,Indian,Belagavi,PS0054
P002992,Manoj Naik,Male,1980-08-11,45,Nurse,PUC,Divorced,O-,Indian,Bengaluru Urban,PS0152
P002993,Pooja Hegde,Female,1979-12-09,46,Teacher,High School,Widowed,AB+,Indian,Bidar,PS0163
P002994,Sunitha Desai,Female,1973-05-27,53,Business,Primary,Widowed,B+,Indian,Bengaluru Rural,PS0076
P002995,Priya Rao,Female,1990-06-22,36,Security Guard,Diploma,Single,A-,Indian,Ballari,PS0041
P002996,Chetan Singh,Male,1989-05-20,37,Electrician,PhD,Single,O+,Indian,Belagavi,PS0048
P002997,Roopa Kumar,Female,1991-12-08,34,Shop Owner,PUC,Married,AB-,Indian,Bengaluru Urban,PS0110
P002998,Lokesh Naik,Male,1957-12-12,68,Farmer,Post Graduate,Single,B+,Indian,Bengaluru Urban,PS0117
P002999,Vidya Hiremath,Female,1957-06-21,69,Farmer,Post Graduate,Married,AB+,Indian,Bagalkote,PS0021
P003000,Abhishek Reddy,Male,1972-06-19,54,Police,PUC,Divorced,AB+,Indian,Bengaluru Urban,PS0114
P003001,Vinay Singh,Male,1998-03-31,28,Business,Diploma,Single,AB+,Indian,Bengaluru Urban,PS0151
P003002,Siddu Hiremath,Male,2003-12-09,22,Lawyer,Primary,Single,A-,Indian,Bengaluru Urban,PS0119
P003003,Nandini Angadi,Female,1974-06-04,52,Engineer,Primary,Divorced,A-,Indian,Bidar,PS0175
P003004,Mahesh Kumar,Male,1980-05-19,46,Security Guard,Primary,Single,A+,Indian,Bengaluru Rural,PS0081
P003005,Anitha Shetty,Female,1958-06-20,68,Teacher,Post Graduate,Widowed,A-,Indian,Bengaluru Urban,PS0111
P003006,Harini Gowda,Female,1961-06-28,65,Unemployed,No Formal Education,Married,AB+,Indian,Belagavi,PS0049
P003007,Kiran Rao,Male,1978-02-17,48,Mechanic,Graduate,Divorced,AB+,Indian,Ballari,PS0043
P003008,Arjun Rao,Male,1983-08-23,42,Business,Primary,Widowed,A+,Indian,Chikkaballapura,PS0248
P003009,Preethi Naik,Female,1998-07-28,27,Security Guard,Primary,Married,O+,Indian,Bagalkote,PS0004
P003010,Rohit Hegde,Male,1998-02-10,28,Farmer,Primary,Widowed,A-,Indian,Belagavi,PS0054
P003011,Manoj Naik,Male,2007-04-20,19,Electrician,No Formal Education,Married,AB+,Indian,Belagavi,PS0066
P003012,Roopa Kumar,Female,1969-06-30,57,Mechanic,Primary,Divorced,A-,Indian,Chikkaballapura,PS0250
P003013,Manoj Kambali,Male,1996-03-18,30,Electrician,Graduate,Married,O-,Indian,Belagavi,PS0060
P003014,Abhishek Angadi,Male,1974-02-13,52,Labour,PhD,Divorced,O-,Indian,Belagavi,PS0068
P003015,Megha Singh,Female,1971-10-28,54,Unemployed,Primary,Married,A-,Indian,Bengaluru Urban,PS0124
P003016,Chetan Poojary,Male,1982-01-23,44,Unemployed,Primary,Widowed,A-,Indian,Chamarajanagar,PS0195
P003017,Pooja Sharma,Female,1968-08-12,57,Farmer,Graduate,Divorced,A+,Indian,Bidar,PS0192
P003018,Pradeep Sharma,Male,1962-05-24,64,Carpenter,PUC,Divorced,A+,Indian,Chamarajanagar,PS0207
P003019,Radhika Singh,Female,1971-08-24,54,Nurse,Primary,Widowed,AB+,Indian,Chikkaballapura,PS0242
P003020,Swathi Shetty,Female,1983-12-29,42,Driver,PhD,Divorced,A-,Indian,Belagavi,PS0068
P003021,Manoj Siddiqui,Male,1987-08-05,38,Electrician,PhD,Single,O-,Indian,Ballari,PS0032
P003022,Sowmya Pujari,Female,1987-03-14,39,Labour,Post Graduate,Divorced,B-,Indian,Bagalkote,PS0023
P003023,Rahul Kulkarni,Male,1964-07-04,62,Security Guard,Graduate,Widowed,O-,Indian,Chikkaballapura,PS0235
P003024,Roopa Desai,Female,1973-09-05,52,Software Engineer,Graduate,Divorced,B+,Indian,Bengaluru Urban,PS0118
P003025,Harish Siddiqui,Male,1962-10-02,63,Sales Executive,High School,Widowed,O+,Indian,Chikkaballapura,PS0240
P003026,Abhishek Siddiqui,Male,1987-06-11,39,Nurse,Graduate,Single,AB+,Indian,Bengaluru Rural,PS0085
P003027,Kusuma Kumar,Female,1997-09-28,28,Student,No Formal Education,Single,AB+,Indian,Bengaluru Rural,PS0109
P003028,Anjali Sharma,Female,1955-06-16,71,Nurse,Post Graduate,Married,AB+,Indian,Bengaluru Urban,PS0119
P003029,Basavaraj Pujari,Male,1994-12-06,31,Farmer,No Formal Education,Single,O+,Indian,Chikkaballapura,PS0240
P003030,Harini Angadi,Female,1960-04-17,66,Lawyer,Primary,Widowed,B+,Indian,Bengaluru Urban,PS0120
P003031,Rahul Poojary,Male,1991-07-28,34,Driver,PUC,Single,A-,Indian,Bengaluru Urban,PS0121
P003032,Kusuma Shetty,Female,1967-07-24,58,Police,High School,Married,B+,Indian,Chikkaballapura,PS0248
P003033,Ravi Patil,Male,1980-06-21,46,Student,Diploma,Widowed,AB-,Indian,Belagavi,PS0057
P003034,Ganesh Rao,Male,1987-02-10,39,Unemployed,Diploma,Single,A+,Indian,Bengaluru Urban,PS0149
P003035,Divya Gowda,Female,2004-09-21,21,Lawyer,PhD,Single,B-,Indian,Chamarajanagar,PS0218
P003036,Vidya Naik,Female,1965-05-11,61,Police,Graduate,Single,AB-,Indian,Chamarajanagar,PS0221
P003037,Naveen Verma,Male,1968-01-24,58,Driver,High School,Single,O+,Indian,Bidar,PS0160
P003038,Anjali Siddiqui,Female,1987-03-30,39,Government Employee,No Formal Education,Widowed,B-,Indian,Chamarajanagar,PS0227
P003039,Manoj Kambali,Male,1956-07-17,70,Doctor,No Formal Education,Divorced,A-,Indian,Bengaluru Rural,PS0085
P003040,Kusuma Hegde,Female,1976-10-06,49,Electrician,Primary,Divorced,B+,Indian,Bengaluru Urban,PS0117
P003041,Chetan Joshi,Male,1980-10-30,45,Government Employee,Post Graduate,Widowed,AB+,Indian,Bagalkote,PS0013
P003042,Ravi Gowda,Male,1970-09-22,55,Doctor,PUC,Single,O+,Indian,Belagavi,PS0052
P003043,Abhishek Kulkarni,Male,1999-08-27,26,Shop Owner,No Formal Education,Married,O-,Indian,Belagavi,PS0049
P003044,Darshan Patil,Male,1963-09-25,62,Police,PhD,Divorced,B-,Indian,Bengaluru Rural,PS0076
P003045,Radhika Hiremath,Female,1956-03-26,70,Carpenter,Graduate,Divorced,AB-,Indian,Bidar,PS0163
P003046,Vidya Kulkarni,Female,2006-05-01,20,Electrician,No Formal Education,Divorced,B+,Indian,Chamarajanagar,PS0218
P003047,Siddu Singh,Male,1993-07-27,32,Security Guard,No Formal Education,Divorced,AB-,Indian,Belagavi,PS0060
P003048,Ganesh Angadi,Male,2003-09-26,22,Labour,No Formal Education,Widowed,A-,Indian,Ballari,PS0032
P003049,Mahesh Hegde,Male,1992-09-17,33,Sales Executive,PUC,Married,O-,Indian,Bengaluru Urban,PS0136
P003050,Deepa Verma,Female,1958-11-17,67,Doctor,Post Graduate,Divorced,B+,Indian,Chamarajanagar,PS0216
P003051,Shreya Reddy,Female,1974-12-23,51,Labour,Primary,Divorced,A+,Indian,Bengaluru Urban,PS0115
P003052,Prakash Sharma,Male,1956-11-02,69,Mechanic,Diploma,Married,O-,Indian,Chamarajanagar,PS0204
P003053,Radhika Angadi,Female,1969-06-02,57,Unemployed,Post Graduate,Divorced,AB+,Indian,Bidar,PS0183
P003054,Keerthi Poojary,Female,1971-03-07,55,Carpenter,No Formal Education,Divorced,B+,Indian,Bidar,PS0176
P003055,Puneeth Patil,Male,1977-06-23,49,Driver,PUC,Divorced,A+,Indian,Bengaluru Rural,PS0073
P003056,Ajay Reddy,Male,1995-10-06,30,Teacher,Diploma,Single,AB-,Indian,Bidar,PS0179
P003057,Nisha Desai,Female,1964-09-09,61,Carpenter,Graduate,Divorced,O-,Indian,Bengaluru Rural,PS0081
P003058,Kusuma Hiremath,Female,1957-08-01,68,Nurse,High School,Widowed,O+,Indian,Chikkaballapura,PS0235
P003059,Akash Joshi,Male,1969-10-05,56,Software Engineer,PhD,Single,B-,Indian,Bengaluru Rural,PS0108
P003060,Vijay Patil,Male,1985-04-26,41,Unemployed,Diploma,Divorced,B+,Indian,Bagalkote,PS0001
P003061,Shivakumar Reddy,Male,1983-11-26,42,Shop Owner,High School,Widowed,B-,Indian,Belagavi,PS0049
P003062,Ajay Kumar,Male,1967-07-18,59,Unemployed,Post Graduate,Widowed,B+,Indian,Chikkaballapura,PS0244
P003063,Harish Shetty,Male,1963-11-25,62,Government Employee,Diploma,Married,B+,Indian,Ballari,PS0027
P003064,Rahul Bhat,Male,1962-10-22,63,Labour,PhD,Married,A-,Indian,Ballari,PS0032
P003065,Roopa Sharma,Female,2007-12-18,18,Driver,Post Graduate,Widowed,B-,Indian,Bengaluru Rural,PS0093
P003066,Kusuma Kumar,Female,1990-07-19,36,Police,High School,Divorced,A+,Indian,Bidar,PS0192
P003067,Kiran Sharma,Male,2007-08-10,18,Driver,No Formal Education,Divorced,AB-,Indian,Bidar,PS0169
P003068,Akash Patil,Male,1959-01-17,67,Labour,Primary,Single,A-,Indian,Chikkaballapura,PS0250
P003069,Chetan Sharma,Male,1973-12-27,52,Software Engineer,PUC,Widowed,O-,Indian,Bengaluru Rural,PS0092
P003070,Lokesh Gowda,Male,1955-03-09,71,Engineer,No Formal Education,Married,AB-,Indian,Bidar,PS0163
P003071,Anjali Desai,Female,1968-02-13,58,Driver,Graduate,Widowed,AB+,Indian,Bengaluru Urban,PS0113
P003072,Divya Pujari,Female,1988-01-21,38,Software Engineer,Diploma,Single,O-,Indian,Chamarajanagar,PS0206
P003073,Vijay Kumar,Male,1980-08-17,45,Software Engineer,PUC,Married,B-,Indian,Bidar,PS0165
P003074,Mahesh Siddiqui,Male,1997-01-19,29,Sales Executive,Primary,Divorced,AB-,Indian,Chamarajanagar,PS0228
P003075,Megha Verma,Female,1980-10-31,45,Police,PhD,Single,A-,Indian,Bengaluru Rural,PS0109
P003076,Sunitha Kulkarni,Female,1972-07-26,53,Unemployed,Primary,Single,O-,Indian,Belagavi,PS0068
P003077,Shreya Singh,Female,1993-05-26,33,Carpenter,No Formal Education,Divorced,B+,Indian,Belagavi,PS0051
P003078,Anitha Singh,Female,1961-01-01,65,Teacher,No Formal Education,Married,A-,Indian,Ballari,PS0027
P003079,Nandini Kambali,Female,1959-12-06,66,Labour,Primary,Single,B+,Indian,Bagalkote,PS0013
P003080,Vijay Reddy,Male,1965-03-20,61,Nurse,PhD,Widowed,A+,Indian,Chamarajanagar,PS0228
P003081,Anitha Poojary,Female,1993-05-11,33,Business,Graduate,Married,B+,Indian,Bengaluru Rural,PS0079
P003082,Ramesh Poojary,Male,1966-01-16,60,Shop Owner,Graduate,Married,A-,Indian,Bengaluru Rural,PS0097
P003083,Mahesh Siddiqui,Male,2001-05-14,25,Electrician,Graduate,Widowed,B-,Indian,Chamarajanagar,PS0194
P003084,Divya Reddy,Female,1980-08-30,45,Teacher,Diploma,Married,A+,Indian,Chamarajanagar,PS0212
P003085,Rahul Sharma,Male,1995-09-10,30,Carpenter,PUC,Married,B-,Indian,Chikkaballapura,PS0245
P003086,Ramesh Patil,Male,1978-04-18,48,Labour,Graduate,Widowed,O+,Indian,Chikkaballapura,PS0248
P003087,Manoj Poojary,Male,2003-01-12,23,Lawyer,Primary,Widowed,B-,Indian,Bagalkote,PS0015
P003088,Shreya Hegde,Female,2006-02-23,20,Doctor,Graduate,Married,B+,Indian,Bengaluru Rural,PS0107
P003089,Kiran Naik,Male,1979-08-27,46,Student,Post Graduate,Divorced,B+,Indian,Bengaluru Urban,PS0128
P003090,Bhavya Bhat,Female,1971-07-04,55,Labour,PhD,Married,AB-,Indian,Bagalkote,PS0020
P003091,Basavaraj Patil,Male,1998-10-07,27,Driver,Diploma,Divorced,AB-,Indian,Bidar,PS0158
P003092,Basavaraj Sharma,Male,1998-11-14,27,Software Engineer,Post Graduate,Divorced,O+,Indian,Bagalkote,PS0016
P003093,Shreya Joshi,Female,2002-06-15,24,Sales Executive,Diploma,Widowed,B+,Indian,Bidar,PS0184
P003094,Ajay Hiremath,Male,1980-11-01,45,Software Engineer,Primary,Single,AB+,Indian,Bengaluru Urban,PS0137
P003095,Anitha Patil,Female,1983-04-02,43,Student,Post Graduate,Married,O+,Indian,Chikkaballapura,PS0249
P003096,Bhavya Kambali,Female,1984-12-12,41,Farmer,High School,Single,O+,Indian,Bagalkote,PS0020
P003097,Abhishek Verma,Male,1992-06-28,34,Government Employee,High School,Married,AB-,Indian,Chamarajanagar,PS0194
P003098,Lokesh Verma,Male,2007-06-03,19,Business,Diploma,Divorced,B+,Indian,Belagavi,PS0057
P003099,Manoj Hiremath,Male,1964-11-21,61,Electrician,Post Graduate,Divorced,A+,Indian,Bengaluru Urban,PS0148
P003100,Manoj Rao,Male,1981-04-05,45,Government Employee,PhD,Single,AB+,Indian,Belagavi,PS0062
P003101,Nandini Hiremath,Female,1996-08-05,29,Teacher,Graduate,Single,AB+,Indian,Ballari,PS0034
P003102,Harish Kumar,Male,1973-04-07,53,Police,High School,Single,AB+,Indian,Belagavi,PS0063
P003103,Harini Patil,Female,1976-10-20,49,Business,PhD,Married,A+,Indian,Chamarajanagar,PS0217
P003104,Swathi Reddy,Female,1990-05-30,36,Government Employee,Post Graduate,Widowed,A+,Indian,Bengaluru Rural,PS0095
P003105,Lakshmi Singh,Female,1974-09-17,51,Teacher,Post Graduate,Married,A+,Indian,Bengaluru Rural,PS0095
P003106,Rohit Patil,Male,1968-08-05,57,Student,No Formal Education,Divorced,AB+,Indian,Ballari,PS0026
P003107,Mahesh Joshi,Male,2003-09-23,22,Business,PUC,Married,O+,Indian,Bagalkote,PS0008
P003108,Roopa Hiremath,Female,1989-03-08,37,Student,High School,Widowed,O-,Indian,Bidar,PS0189
P003109,Pradeep Rao,Male,1989-03-13,37,Student,Graduate,Divorced,AB+,Indian,Bidar,PS0171
P003110,Radhika Patil,Female,1957-02-26,69,Shop Owner,Graduate,Widowed,AB+,Indian,Bidar,PS0163
P003111,Kiran Rao,Male,1968-01-23,58,Lawyer,Graduate,Single,B-,Indian,Bengaluru Rural,PS0092
P003112,Kavya Siddiqui,Female,1955-01-30,71,Doctor,Primary,Divorced,AB+,Indian,Bengaluru Rural,PS0092
P003113,Anjali Poojary,Female,1985-12-13,40,Mechanic,No Formal Education,Single,B-,Indian,Bidar,PS0157
P003114,Suraj Joshi,Male,1961-02-10,65,Engineer,Diploma,Single,AB+,Indian,Bengaluru Urban,PS0116
P003115,Rohit Kulkarni,Male,1991-05-24,35,Nurse,Graduate,Single,B-,Indian,Chamarajanagar,PS0212
P003116,Lakshmi Pujari,Female,1964-03-30,62,Lawyer,PUC,Widowed,AB+,Indian,Bengaluru Urban,PS0137
P003117,Swathi Kulkarni,Female,2000-05-14,26,Engineer,PUC,Single,A+,Indian,Belagavi,PS0066
P003118,Mahesh Pujari,Male,1983-07-05,43,Nurse,Diploma,Widowed,A-,Indian,Bidar,PS0173
P003119,Geetha Verma,Female,2004-03-30,22,Lawyer,No Formal Education,Single,A+,Indian,Chamarajanagar,PS0229
P003120,Harish Naik,Male,1991-04-26,35,Unemployed,PUC,Widowed,A-,Indian,Bengaluru Urban,PS0112
P003121,Divya Naik,Female,1987-10-26,38,Mechanic,Post Graduate,Widowed,O+,Indian,Belagavi,PS0062
P003122,Rohit Hiremath,Male,2006-04-02,20,Government Employee,Post Graduate,Widowed,AB-,Indian,Bidar,PS0165
P003123,Darshan Rao,Male,1969-05-04,57,Labour,Primary,Widowed,A+,Indian,Bengaluru Rural,PS0080
P003124,Kusuma Kumar,Female,1984-11-10,41,Shop Owner,PUC,Divorced,B-,Indian,Chamarajanagar,PS0214
P003125,Deepa Siddiqui,Female,2003-05-14,23,Doctor,Graduate,Widowed,AB-,Indian,Belagavi,PS0064
P003126,Rekha Patil,Female,2003-12-07,22,Software Engineer,PUC,Divorced,B-,Indian,Bidar,PS0157
P003127,Sanjay Siddiqui,Male,2000-09-05,25,Driver,Diploma,Married,O+,Indian,Belagavi,PS0055
P003128,Roopa Patil,Female,1963-06-16,63,Sales Executive,PhD,Divorced,A+,Indian,Bidar,PS0167
P003129,Darshan Hegde,Male,2003-05-24,23,Lawyer,Post Graduate,Widowed,O-,Indian,Bagalkote,PS0006
P003130,Rahul Rao,Male,1955-07-31,70,Teacher,Graduate,Married,B+,Indian,Bengaluru Rural,PS0102
P003131,Pooja Poojary,Female,1989-06-22,37,Labour,PUC,Divorced,AB-,Indian,Bidar,PS0166
P003132,Chetan Kulkarni,Male,1960-06-29,66,Driver,Graduate,Married,AB-,Indian,Belagavi,PS0057
P003133,Shreya Naik,Female,1976-05-26,50,Student,PhD,Married,A+,Indian,Bengaluru Rural,PS0087
P003134,Sneha Kumar,Female,1995-12-21,30,Police,High School,Widowed,O-,Indian,Bidar,PS0172
P003135,Keerthi Naik,Female,1965-11-04,60,Mechanic,Diploma,Married,AB-,Indian,Ballari,PS0031
P003136,Pradeep Poojary,Male,2000-03-18,26,Nurse,PUC,Single,A+,Indian,Belagavi,PS0065
P003137,Harish Reddy,Male,1968-02-20,58,Doctor,No Formal Education,Married,AB+,Indian,Chamarajanagar,PS0227
P003138,Ramesh Bhat,Male,1981-01-15,45,Government Employee,PUC,Single,AB-,Indian,Belagavi,PS0057
P003139,Kusuma Verma,Female,1997-02-18,29,Farmer,Post Graduate,Single,O-,Indian,Bagalkote,PS0021
P003140,Mahesh Kulkarni,Male,1993-12-24,32,Software Engineer,Post Graduate,Widowed,O-,Indian,Bengaluru Rural,PS0094
P003141,Megha Gowda,Female,1988-11-17,37,Mechanic,PUC,Married,AB+,Indian,Bengaluru Rural,PS0089
P003142,Priya Kumar,Female,1987-11-23,38,Teacher,High School,Divorced,B+,Indian,Bidar,PS0181
P003143,Roopa Kulkarni,Female,1972-08-10,53,Sales Executive,PUC,Married,B+,Indian,Ballari,PS0030
P003144,Sanjay Reddy,Male,1978-03-07,48,Police,No Formal Education,Widowed,A+,Indian,Bengaluru Urban,PS0145
P003145,Rekha Bhat,Female,1997-11-26,28,Police,Post Graduate,Single,A-,Indian,Chamarajanagar,PS0217
P003146,Nandini Siddiqui,Female,2007-08-22,18,Farmer,Primary,Divorced,A+,Indian,Belagavi,PS0066
P003147,Arjun Reddy,Male,1990-08-12,35,Teacher,Post Graduate,Single,A+,Indian,Bidar,PS0168
P003148,Manoj Desai,Male,1986-04-12,40,Shop Owner,PUC,Divorced,O-,Indian,Bengaluru Rural,PS0098
P003149,Radhika Verma,Female,2004-11-28,21,Business,PUC,Divorced,AB+,Indian,Chamarajanagar,PS0198
P003150,Prakash Poojary,Male,1963-01-03,63,Unemployed,High School,Single,AB+,Indian,Bidar,PS0189
P003151,Nandini Hiremath,Female,1963-03-11,63,Lawyer,Post Graduate,Married,O+,Indian,Bengaluru Urban,PS0135
P003152,Kusuma Bhat,Female,1976-07-15,50,Teacher,No Formal Education,Married,A-,Indian,Chikkaballapura,PS0246
P003153,Rekha Patil,Female,1991-07-29,34,Labour,Graduate,Married,B+,Indian,Bagalkote,PS0014
P003154,Bhavya Kambali,Female,1984-11-18,41,Lawyer,High School,Widowed,B+,Indian,Chikkaballapura,PS0244
P003155,Priya Gowda,Female,1958-01-31,68,Teacher,No Formal Education,Widowed,A+,Indian,Chikkaballapura,PS0240
P003156,Suraj Desai,Male,1956-07-26,69,Carpenter,Primary,Single,AB-,Indian,Bengaluru Urban,PS0135
P003157,Lakshmi Patil,Female,1999-06-15,27,Farmer,Post Graduate,Married,A+,Indian,Ballari,PS0034
P003158,Vijay Hegde,Male,1992-10-02,33,Business,Post Graduate,Married,A+,Indian,Bengaluru Urban,PS0113
P003159,Arjun Gowda,Male,1958-05-20,68,Security Guard,No Formal Education,Married,A-,Indian,Bengaluru Rural,PS0102
P003160,Sowmya Naik,Female,1955-04-27,71,Electrician,No Formal Education,Married,B-,Indian,Bengaluru Urban,PS0132
P003161,Rekha Joshi,Female,1960-10-13,65,Carpenter,High School,Single,B-,Indian,Bidar,PS0159
P003162,Ajay Sharma,Male,1994-10-15,31,Labour,Post Graduate,Single,B-,Indian,Bidar,PS0161
P003163,Bhavya Shetty,Female,2002-11-21,23,Student,Primary,Married,B+,Indian,Chamarajanagar,PS0218
P003164,Sowmya Reddy,Female,1986-04-17,40,Security Guard,Diploma,Widowed,AB+,Indian,Bengaluru Urban,PS0146
P003165,Kusuma Kumar,Female,1986-03-05,40,Police,Primary,Single,A+,Indian,Bidar,PS0154
P003166,Roopa Kambali,Female,1974-01-10,52,Police,No Formal Education,Widowed,O-,Indian,Bagalkote,PS0008
P003167,Lokesh Verma,Male,2000-03-14,26,Electrician,High School,Single,A-,Indian,Bengaluru Rural,PS0080
P003168,Sneha Singh,Female,1975-11-19,50,Government Employee,Post Graduate,Divorced,A+,Indian,Bengaluru Rural,PS0098
P003169,Mahesh Poojary,Male,1993-04-27,33,Government Employee,Primary,Widowed,O-,Indian,Bidar,PS0162
P003170,Kusuma Patil,Female,2002-08-14,23,Shop Owner,PUC,Widowed,B-,Indian,Bagalkote,PS0008
P003171,Harini Pujari,Female,1987-01-28,39,Student,Primary,Widowed,B+,Indian,Bengaluru Urban,PS0146
P003172,Bhavya Shetty,Female,1969-04-04,57,Driver,Post Graduate,Widowed,O+,Indian,Bengaluru Urban,PS0146
P003173,Sowmya Pujari,Female,1956-01-02,70,Security Guard,PUC,Widowed,O+,Indian,Chikkaballapura,PS0241
P003174,Mahesh Hegde,Male,1970-03-01,56,Driver,No Formal Education,Widowed,AB+,Indian,Belagavi,PS0065
P003175,Basavaraj Hegde,Male,2005-09-28,20,Shop Owner,Primary,Married,AB-,Indian,Bagalkote,PS0007
P003176,Radhika Poojary,Female,1998-02-01,28,Sales Executive,High School,Widowed,AB-,Indian,Bagalkote,PS0011
P003177,Bhavya Bhat,Female,1957-03-28,69,Shop Owner,PUC,Divorced,A+,Indian,Belagavi,PS0048
P003178,Priya Reddy,Female,1981-02-05,45,Farmer,PhD,Single,O+,Indian,Bengaluru Rural,PS0072
P003179,Nandini Kambali,Female,2007-04-12,19,Business,Primary,Married,AB-,Indian,Chamarajanagar,PS0199
P003180,Deepa Reddy,Female,2002-12-10,23,Shop Owner,PhD,Single,A-,Indian,Bengaluru Urban,PS0132
P003181,Sowmya Singh,Female,1958-07-14,68,Engineer,Graduate,Single,A+,Indian,Bidar,PS0169
P003182,Ajay Joshi,Male,1971-03-27,55,Mechanic,PhD,Widowed,AB-,Indian,Bengaluru Rural,PS0085
P003183,Kavya Siddiqui,Female,1975-11-24,50,Student,High School,Married,A+,Indian,Bengaluru Urban,PS0116
P003184,Kiran Patil,Male,1985-06-29,41,Student,Primary,Widowed,A+,Indian,Bengaluru Urban,PS0132
P003185,Asha Shetty,Female,2006-04-13,20,Student,Post Graduate,Divorced,B+,Indian,Bengaluru Rural,PS0076
P003186,Akash Sharma,Male,1971-12-17,54,Labour,PUC,Single,A+,Indian,Bengaluru Rural,PS0107
P003187,Pooja Gowda,Female,1956-03-22,70,Government Employee,PUC,Single,B+,Indian,Bagalkote,PS0013
P003188,Vidya Shetty,Female,1989-07-13,37,Labour,High School,Divorced,O-,Indian,Bengaluru Urban,PS0111
P003189,Nisha Poojary,Female,1980-11-11,45,Student,Graduate,Widowed,A-,Indian,Bidar,PS0158
P003190,Megha Desai,Female,1987-12-20,38,Labour,PhD,Divorced,A+,Indian,Bidar,PS0176
P003191,Harini Poojary,Female,1973-09-07,52,Software Engineer,Diploma,Divorced,AB-,Indian,Bengaluru Urban,PS0142
P003192,Ajay Hegde,Male,1960-11-19,65,Lawyer,Post Graduate,Widowed,O+,Indian,Bagalkote,PS0006
P003193,Kusuma Pujari,Female,1972-10-26,53,Lawyer,PUC,Divorced,B-,Indian,Bidar,PS0187
P003194,Anitha Kambali,Female,1993-06-26,33,Driver,Post Graduate,Widowed,B-,Indian,Bidar,PS0169
P003195,Bhavya Bhat,Female,2001-06-08,25,Carpenter,PUC,Married,A+,Indian,Bengaluru Rural,PS0108
P003196,Nandini Kulkarni,Female,2002-01-21,24,Government Employee,No Formal Education,Divorced,B-,Indian,Belagavi,PS0064
P003197,Abhishek Siddiqui,Male,1991-08-26,34,Unemployed,PUC,Divorced,AB+,Indian,Bengaluru Urban,PS0139
P003198,Shivakumar Singh,Male,1985-04-02,41,Shop Owner,No Formal Education,Divorced,A+,Indian,Bengaluru Rural,PS0070
P003199,Swathi Gowda,Female,1987-05-28,39,Engineer,High School,Divorced,O+,Indian,Chikkaballapura,PS0248
P003200,Pooja Kumar,Female,1959-08-03,66,Sales Executive,PUC,Divorced,B+,Indian,Chamarajanagar,PS0215
P003201,Sanjay Gowda,Male,1996-12-08,29,Sales Executive,PUC,Widowed,B+,Indian,Bagalkote,PS0024
P003202,Asha Siddiqui,Female,1985-12-25,40,Student,PUC,Single,A-,Indian,Bengaluru Urban,PS0134
P003203,Sneha Hegde,Female,2005-02-27,21,Software Engineer,Primary,Divorced,A+,Indian,Chikkaballapura,PS0239
P003204,Pradeep Siddiqui,Male,1955-06-09,71,Electrician,Graduate,Single,B+,Indian,Bengaluru Rural,PS0081
P003205,Suraj Rao,Male,1985-10-23,40,Police,Primary,Married,O-,Indian,Chamarajanagar,PS0225
P003206,Sunitha Sharma,Female,1975-01-29,51,Government Employee,Graduate,Married,A-,Indian,Bidar,PS0176
P003207,Kiran Patil,Male,1976-06-10,50,Software Engineer,No Formal Education,Divorced,B+,Indian,Bengaluru Urban,PS0111
P003208,Deepa Shetty,Female,1996-05-01,30,Lawyer,High School,Widowed,O+,Indian,Bidar,PS0156
P003209,Basavaraj Kulkarni,Male,1964-12-16,61,Engineer,Graduate,Widowed,B-,Indian,Bengaluru Rural,PS0089
P003210,Ravi Kulkarni,Male,1986-04-09,40,Electrician,Graduate,Single,AB+,Indian,Bidar,PS0191
P003211,Kavya Angadi,Female,1962-04-02,64,Security Guard,PUC,Divorced,A-,Indian,Ballari,PS0045
P003212,Vinay Bhat,Male,1985-11-11,40,Software Engineer,Graduate,Married,O-,Indian,Chamarajanagar,PS0224
P003213,Abhishek Singh,Male,1967-03-06,59,Government Employee,High School,Single,O+,Indian,Bengaluru Rural,PS0075
P003214,Lakshmi Sharma,Female,1994-09-05,31,Lawyer,Post Graduate,Single,B+,Indian,Belagavi,PS0057
P003215,Darshan Hegde,Male,1997-09-02,28,Software Engineer,Post Graduate,Married,O+,Indian,Belagavi,PS0049
P003216,Anjali Shetty,Female,1993-01-24,33,Student,Diploma,Single,O-,Indian,Bagalkote,PS0019
P003217,Pooja Kumar,Female,2007-11-09,18,Unemployed,No Formal Education,Widowed,B-,Indian,Bagalkote,PS0015
P003218,Lokesh Singh,Male,1976-07-29,49,Student,PUC,Divorced,A-,Indian,Bengaluru Rural,PS0084
P003219,Sangeetha Poojary,Female,1960-04-27,66,Electrician,Graduate,Single,AB-,Indian,Chamarajanagar,PS0226
P003220,Siddu Patil,Male,1992-07-27,33,Sales Executive,PUC,Single,B+,Indian,Bengaluru Rural,PS0074
P003221,Ajay Sharma,Male,2002-08-22,23,Shop Owner,No Formal Education,Divorced,AB-,Indian,Chamarajanagar,PS0208
P003222,Darshan Bhat,Male,1968-08-29,57,Engineer,High School,Divorced,B-,Indian,Bidar,PS0182
P003223,Megha Kulkarni,Female,1959-02-22,67,Teacher,High School,Married,A-,Indian,Belagavi,PS0053
P003224,Ajay Patil,Male,1997-04-16,29,Software Engineer,Graduate,Widowed,O+,Indian,Bagalkote,PS0020
P003225,Pooja Angadi,Female,1960-09-25,65,Farmer,Graduate,Divorced,A+,Indian,Chamarajanagar,PS0224
P003226,Anitha Joshi,Female,1972-05-30,54,Doctor,PUC,Divorced,B-,Indian,Chamarajanagar,PS0204
P003227,Radhika Kulkarni,Female,1975-03-10,51,Doctor,No Formal Education,Married,O-,Indian,Chamarajanagar,PS0212
P003228,Anjali Siddiqui,Female,1964-08-13,61,Carpenter,No Formal Education,Widowed,B+,Indian,Bagalkote,PS0006
P003229,Darshan Verma,Male,1966-05-08,60,Nurse,Graduate,Single,O-,Indian,Bengaluru Rural,PS0107
P003230,Shivakumar Shetty,Male,2000-09-07,25,Farmer,Post Graduate,Married,A-,Indian,Bengaluru Rural,PS0108
P003231,Puneeth Pujari,Male,1998-11-20,27,Police,High School,Married,A-,Indian,Bengaluru Urban,PS0145
P003232,Mahesh Hiremath,Male,1961-10-10,64,Carpenter,PhD,Married,O-,Indian,Bagalkote,PS0017
P003233,Sunitha Poojary,Female,1965-03-21,61,Student,Graduate,Married,O-,Indian,Ballari,PS0026
P003234,Priya Verma,Female,1981-03-13,45,Software Engineer,Primary,Divorced,B-,Indian,Bengaluru Rural,PS0070
P003235,Ajay Joshi,Male,1983-07-06,43,Engineer,No Formal Education,Married,A+,Indian,Bengaluru Urban,PS0111
P003236,Abhishek Siddiqui,Male,1988-11-05,37,Mechanic,PUC,Widowed,A+,Indian,Chikkaballapura,PS0237
P003237,Puneeth Bhat,Male,1986-01-22,40,Engineer,High School,Divorced,O+,Indian,Bengaluru Urban,PS0135
P003238,Sunitha Desai,Female,1959-03-28,67,Police,No Formal Education,Divorced,A+,Indian,Chikkaballapura,PS0249
P003239,Ajay Singh,Male,1996-03-14,30,Software Engineer,Diploma,Single,B+,Indian,Belagavi,PS0062
P003240,Basavaraj Singh,Male,2003-08-07,22,Mechanic,Primary,Single,A-,Indian,Bengaluru Rural,PS0073
P003241,Siddu Kambali,Male,1966-11-09,59,Sales Executive,High School,Single,A+,Indian,Chamarajanagar,PS0229
P003242,Anjali Sharma,Female,1976-12-09,49,Lawyer,Post Graduate,Single,A-,Indian,Bengaluru Urban,PS0129
P003243,Pooja Patil,Female,1955-04-06,71,Farmer,PUC,Married,AB-,Indian,Bagalkote,PS0022
P003244,Akash Gowda,Male,2004-05-11,22,Business,Primary,Widowed,A-,Indian,Bengaluru Urban,PS0111
P003245,Nisha Singh,Female,1955-10-24,70,Police,Primary,Widowed,B-,Indian,Bengaluru Rural,PS0080
P003246,Radhika Kumar,Female,1996-10-17,29,Mechanic,Diploma,Widowed,O+,Indian,Belagavi,PS0051
P003247,Pooja Gowda,Female,1958-11-01,67,Student,Graduate,Married,A-,Indian,Ballari,PS0039
P003248,Rekha Naik,Female,1959-07-09,67,Government Employee,No Formal Education,Widowed,A-,Indian,Ballari,PS0032
P003249,Nisha Joshi,Female,2005-04-18,21,Software Engineer,No Formal Education,Divorced,A-,Indian,Belagavi,PS0065
P003250,Ramesh Verma,Male,1955-07-30,70,Mechanic,Graduate,Single,A-,Indian,Bengaluru Rural,PS0073
P003251,Lokesh Joshi,Male,1982-04-08,44,Software Engineer,Diploma,Divorced,O+,Indian,Bengaluru Rural,PS0074
P003252,Sneha Angadi,Female,1990-06-23,36,Software Engineer,Graduate,Widowed,A-,Indian,Bidar,PS0170
P003253,Harish Singh,Male,1999-09-22,26,Doctor,PUC,Widowed,O-,Indian,Ballari,PS0038
P003254,Pradeep Pujari,Male,1999-11-25,26,Labour,High School,Widowed,B-,Indian,Bidar,PS0169
P003255,Bhavya Naik,Female,1967-01-24,59,Nurse,Post Graduate,Widowed,B-,Indian,Bengaluru Rural,PS0083
P003256,Prakash Kulkarni,Male,1999-05-11,27,Business,PhD,Single,B-,Indian,Bengaluru Urban,PS0111
P003257,Sangeetha Bhat,Female,1959-03-05,67,Driver,High School,Married,AB+,Indian,Ballari,PS0040
P003258,Divya Bhat,Female,1981-08-28,44,Nurse,Post Graduate,Married,O-,Indian,Bidar,PS0170
P003259,Lakshmi Rao,Female,1955-01-28,71,Electrician,Primary,Single,O-,Indian,Bengaluru Urban,PS0150
P003260,Sunitha Naik,Female,1981-10-02,44,Driver,Primary,Divorced,B+,Indian,Bengaluru Rural,PS0101
P003261,Sowmya Sharma,Female,1965-02-09,61,Unemployed,Post Graduate,Widowed,B-,Indian,Bengaluru Rural,PS0077
P003262,Asha Poojary,Female,1957-06-10,69,Lawyer,Post Graduate,Divorced,O+,Indian,Bengaluru Rural,PS0071
P003263,Preethi Pujari,Female,1998-05-03,28,Student,PUC,Widowed,B-,Indian,Chamarajanagar,PS0226
P003264,Rahul Joshi,Male,2003-07-24,22,Police,PhD,Married,O+,Indian,Bengaluru Rural,PS0105
P003265,Pradeep Reddy,Male,1985-11-28,40,Security Guard,High School,Married,A-,Indian,Ballari,PS0041
P003266,Vinay Gowda,Male,1989-05-22,37,Carpenter,PUC,Divorced,A-,Indian,Bengaluru Urban,PS0149
P003267,Ajay Gowda,Male,1988-10-31,37,Teacher,Primary,Single,O-,Indian,Bengaluru Rural,PS0099
P003268,Manoj Pujari,Male,1969-01-27,57,Lawyer,PhD,Single,B-,Indian,Belagavi,PS0065
P003269,Rohit Kambali,Male,1965-03-31,61,Sales Executive,Post Graduate,Single,O-,Indian,Belagavi,PS0060
P003270,Roopa Verma,Female,2002-03-05,24,Unemployed,Diploma,Widowed,AB+,Indian,Chikkaballapura,PS0238
P003271,Radhika Angadi,Female,1960-02-07,66,Carpenter,High School,Married,A-,Indian,Belagavi,PS0057
P003272,Anjali Naik,Female,1980-01-17,46,Shop Owner,Post Graduate,Divorced,O+,Indian,Bidar,PS0189
P003273,Sowmya Naik,Female,2004-08-08,21,Unemployed,Primary,Single,O+,Indian,Bidar,PS0170
P003274,Vinay Rao,Male,1983-02-11,43,Labour,PUC,Single,O+,Indian,Bagalkote,PS0019
P003275,Siddu Naik,Male,1970-02-01,56,Unemployed,PhD,Divorced,AB-,Indian,Bagalkote,PS0016
P003276,Geetha Shetty,Female,1992-03-06,34,Farmer,Post Graduate,Divorced,O+,Indian,Chamarajanagar,PS0208
P003277,Vinay Kambali,Male,2000-06-30,26,Doctor,Primary,Married,A+,Indian,Ballari,PS0035
P003278,Sowmya Shetty,Female,1959-04-01,67,Farmer,PUC,Single,O-,Indian,Bagalkote,PS0021
P003279,Suresh Poojary,Male,1986-03-24,40,Business,High School,Single,O+,Indian,Bidar,PS0161
P003280,Basavaraj Rao,Male,1992-10-27,33,Farmer,PUC,Single,O-,Indian,Bidar,PS0183
P003281,Asha Hiremath,Female,1958-04-15,68,Engineer,Diploma,Single,B-,Indian,Bengaluru Urban,PS0116
P003282,Roopa Shetty,Female,1987-01-19,39,Electrician,Graduate,Divorced,B-,Indian,Bidar,PS0191
P003283,Rekha Singh,Female,1976-01-12,50,Unemployed,Primary,Married,O-,Indian,Chikkaballapura,PS0237
P003284,Sangeetha Rao,Female,1968-10-29,57,Teacher,Graduate,Divorced,A-,Indian,Bengaluru Rural,PS0080
P003285,Vidya Joshi,Female,1961-04-04,65,Unemployed,High School,Divorced,A-,Indian,Chamarajanagar,PS0230
P003286,Geetha Poojary,Female,1992-10-07,33,Driver,Primary,Married,B-,Indian,Belagavi,PS0056
P003287,Vidya Gowda,Female,1965-11-25,60,Shop Owner,Post Graduate,Married,AB+,Indian,Bengaluru Urban,PS0143
P003288,Asha Naik,Female,1973-08-26,52,Shop Owner,Diploma,Divorced,B-,Indian,Bidar,PS0165
P003289,Naveen Desai,Male,1974-07-11,52,Engineer,PUC,Single,O-,Indian,Bidar,PS0166
P003290,Sowmya Hegde,Female,1959-02-20,67,Security Guard,Post Graduate,Divorced,AB-,Indian,Belagavi,PS0052
P003291,Sneha Siddiqui,Female,1979-11-26,46,Engineer,High School,Single,O-,Indian,Chamarajanagar,PS0194
P003292,Anitha Rao,Female,1984-06-25,42,Doctor,Post Graduate,Widowed,A-,Indian,Bengaluru Urban,PS0128
P003293,Ramesh Rao,Male,1997-03-17,29,Business,Post Graduate,Widowed,A+,Indian,Chikkaballapura,PS0250
P003294,Rekha Patil,Female,1965-11-09,60,Government Employee,PUC,Divorced,A+,Indian,Chamarajanagar,PS0231
P003295,Suraj Patil,Male,1970-05-26,56,Driver,Diploma,Single,B-,Indian,Bengaluru Urban,PS0120
P003296,Suresh Sharma,Male,1971-08-01,54,Police,Post Graduate,Divorced,AB+,Indian,Bengaluru Urban,PS0134
P003297,Kiran Kambali,Male,1963-12-17,62,Electrician,Diploma,Divorced,B+,Indian,Bidar,PS0192
P003298,Sunitha Kambali,Female,1979-04-16,47,Teacher,No Formal Education,Married,AB+,Indian,Bengaluru Urban,PS0132
P003299,Basavaraj Kulkarni,Male,1955-08-28,70,Unemployed,Diploma,Widowed,O+,Indian,Bidar,PS0156
P003300,Rekha Reddy,Female,1965-08-03,60,Mechanic,Post Graduate,Single,AB-,Indian,Bidar,PS0163
P003301,Asha Kumar,Female,2006-09-02,19,Electrician,Primary,Divorced,O-,Indian,Belagavi,PS0053
P003302,Lakshmi Angadi,Female,2003-05-15,23,Unemployed,Primary,Married,O-,Indian,Bengaluru Rural,PS0075
P003303,Naveen Bhat,Male,1967-01-16,59,Electrician,Graduate,Single,A+,Indian,Chikkaballapura,PS0241
P003304,Mahesh Reddy,Male,1961-05-02,65,Student,PUC,Divorced,O+,Indian,Bagalkote,PS0011
P003305,Radhika Joshi,Female,1971-04-05,55,Security Guard,High School,Single,B+,Indian,Chikkaballapura,PS0246
P003306,Vinay Desai,Male,1989-03-27,37,Labour,Post Graduate,Married,B+,Indian,Bengaluru Urban,PS0121
P003307,Nisha Sharma,Female,2003-03-14,23,Nurse,Primary,Divorced,A-,Indian,Ballari,PS0028
P003308,Chetan Kambali,Male,1972-03-19,54,Unemployed,No Formal Education,Married,AB+,Indian,Bengaluru Urban,PS0111
P003309,Ajay Siddiqui,Male,1968-05-07,58,Electrician,No Formal Education,Widowed,O+,Indian,Bengaluru Rural,PS0073
P003310,Ganesh Rao,Male,1979-03-28,47,Labour,PUC,Married,AB+,Indian,Bengaluru Rural,PS0071
P003311,Vijay Joshi,Male,1973-09-21,52,Government Employee,Graduate,Single,O+,Indian,Bagalkote,PS0001
P003312,Radhika Joshi,Female,1958-05-06,68,Mechanic,Post Graduate,Divorced,AB+,Indian,Chikkaballapura,PS0245
P003313,Suraj Sharma,Male,2005-06-03,21,Driver,Post Graduate,Married,AB-,Indian,Belagavi,PS0060
P003314,Priya Verma,Female,1979-02-18,47,Business,Graduate,Single,AB-,Indian,Chamarajanagar,PS0194
P003315,Abhishek Kambali,Male,2001-12-04,24,Unemployed,Graduate,Divorced,O-,Indian,Bengaluru Rural,PS0070
P003316,Vijay Hiremath,Male,1993-04-20,33,Unemployed,Post Graduate,Divorced,AB-,Indian,Chamarajanagar,PS0232
P003317,Naveen Angadi,Male,1963-08-16,62,Government Employee,Post Graduate,Divorced,A+,Indian,Chikkaballapura,PS0249
P003318,Keerthi Naik,Female,2004-04-17,22,Mechanic,PUC,Single,A+,Indian,Bengaluru Rural,PS0094
P003319,Asha Patil,Female,2004-05-21,22,Mechanic,PhD,Married,AB+,Indian,Bengaluru Rural,PS0078
P003320,Sangeetha Angadi,Female,1991-01-23,35,Nurse,Post Graduate,Widowed,O-,Indian,Bengaluru Rural,PS0108
P003321,Keerthi Kumar,Female,1991-08-28,34,Farmer,PhD,Single,O+,Indian,Ballari,PS0032
P003322,Rohit Joshi,Male,1994-07-03,32,Doctor,Primary,Single,B-,Indian,Chamarajanagar,PS0212
P003323,Vidya Verma,Female,1964-03-16,62,Carpenter,Post Graduate,Widowed,AB-,Indian,Chikkaballapura,PS0248
P003324,Shreya Hegde,Female,1955-01-02,71,Carpenter,Primary,Widowed,A+,Indian,Bengaluru Rural,PS0105
P003325,Mahesh Poojary,Male,1981-03-30,45,Lawyer,High School,Married,AB+,Indian,Bengaluru Urban,PS0132
P003326,Prakash Angadi,Male,1994-01-08,32,Security Guard,Graduate,Single,AB+,Indian,Bidar,PS0173
P003327,Sunitha Kumar,Female,1985-01-24,41,Labour,Post Graduate,Married,O-,Indian,Bengaluru Urban,PS0152
P003328,Megha Gowda,Female,1967-03-06,59,Lawyer,High School,Widowed,A-,Indian,Bengaluru Urban,PS0122
P003329,Geetha Kambali,Female,2007-09-26,18,Driver,Graduate,Widowed,A-,Indian,Bengaluru Urban,PS0139
P003330,Kavya Patil,Female,1984-08-23,41,Engineer,PUC,Divorced,O-,Indian,Chamarajanagar,PS0224
P003331,Sangeetha Shetty,Female,1988-10-07,37,Electrician,Primary,Widowed,B-,Indian,Bagalkote,PS0014
P003332,Preethi Sharma,Female,1991-07-14,35,Shop Owner,No Formal Education,Widowed,B-,Indian,Bengaluru Rural,PS0105
P003333,Sowmya Kulkarni,Female,1974-10-21,51,Student,Primary,Single,A-,Indian,Bengaluru Urban,PS0146
P003334,Harish Kambali,Male,2006-11-12,19,Nurse,Graduate,Single,B-,Indian,Bagalkote,PS0017
P003335,Abhishek Bhat,Male,2000-03-10,26,Software Engineer,High School,Widowed,O-,Indian,Chikkaballapura,PS0244
P003336,Sowmya Desai,Female,1997-08-07,28,Engineer,PUC,Widowed,AB-,Indian,Ballari,PS0033
P003337,Sneha Gowda,Female,1972-06-06,54,Labour,PUC,Divorced,AB+,Indian,Chamarajanagar,PS0196
P003338,Lakshmi Siddiqui,Female,1978-02-28,48,Nurse,Post Graduate,Married,B-,Indian,Chikkaballapura,PS0239
P003339,Ravi Reddy,Male,1968-07-03,58,Business,PUC,Divorced,O-,Indian,Chamarajanagar,PS0218
P003340,Divya Poojary,Female,1959-04-16,67,Sales Executive,PUC,Single,O-,Indian,Ballari,PS0035
P003341,Asha Kulkarni,Female,1996-05-10,30,Sales Executive,Post Graduate,Married,O+,Indian,Chamarajanagar,PS0232
P003342,Mahesh Sharma,Male,1990-03-16,36,Sales Executive,Graduate,Single,O-,Indian,Belagavi,PS0063
P003343,Asha Poojary,Female,1988-08-01,37,Unemployed,Diploma,Divorced,B-,Indian,Belagavi,PS0056
P003344,Geetha Pujari,Female,1984-12-27,41,Teacher,Graduate,Married,O-,Indian,Chamarajanagar,PS0219
P003345,Vidya Joshi,Female,1957-06-20,69,Police,PhD,Widowed,O-,Indian,Bidar,PS0185
P003346,Harini Poojary,Female,1980-03-30,46,Student,Diploma,Married,A+,Indian,Bengaluru Rural,PS0098
P003347,Shreya Verma,Female,1986-10-27,39,Doctor,Diploma,Widowed,AB-,Indian,Bengaluru Urban,PS0129
P003348,Suraj Reddy,Male,1961-10-27,64,Carpenter,PhD,Married,B-,Indian,Chamarajanagar,PS0223
P003349,Lokesh Hiremath,Male,1960-03-21,66,Engineer,No Formal Education,Divorced,A+,Indian,Bagalkote,PS0010
P003350,Deepa Desai,Female,1987-01-13,39,Mechanic,High School,Married,AB+,Indian,Chamarajanagar,PS0203
P003351,Swathi Sharma,Female,2002-02-17,24,Carpenter,Post Graduate,Divorced,B-,Indian,Chikkaballapura,PS0240
P003352,Pooja Rao,Female,1966-09-04,59,Labour,Post Graduate,Single,A+,Indian,Bengaluru Urban,PS0126
P003353,Ajay Verma,Male,1957-08-05,68,Security Guard,Primary,Single,A+,Indian,Belagavi,PS0050
P003354,Siddu Bhat,Male,2007-06-23,19,Software Engineer,Post Graduate,Single,A-,Indian,Belagavi,PS0067
P003355,Geetha Hegde,Female,1962-03-17,64,Doctor,Primary,Divorced,B-,Indian,Bidar,PS0171
P003356,Vidya Joshi,Female,1991-01-17,35,Labour,Primary,Divorced,AB+,Indian,Bengaluru Urban,PS0143
P003357,Keerthi Singh,Female,1963-05-06,63,Mechanic,Post Graduate,Widowed,A+,Indian,Bengaluru Urban,PS0150
P003358,Sangeetha Verma,Female,2007-05-09,19,Labour,Post Graduate,Widowed,B+,Indian,Bagalkote,PS0002
P003359,Puneeth Kulkarni,Male,1966-12-12,59,Software Engineer,Post Graduate,Divorced,AB-,Indian,Belagavi,PS0052
P003360,Ganesh Siddiqui,Male,1961-01-30,65,Lawyer,High School,Married,B-,Indian,Bagalkote,PS0011
P003361,Puneeth Shetty,Male,2006-07-09,20,Driver,PhD,Widowed,AB+,Indian,Chikkaballapura,PS0247
P003362,Naveen Joshi,Male,1998-03-03,28,Police,Post Graduate,Married,B+,Indian,Bagalkote,PS0016
P003363,Ajay Gowda,Male,1986-10-23,39,Doctor,PUC,Single,O+,Indian,Chikkaballapura,PS0236
P003364,Kavya Bhat,Female,1998-06-21,28,Electrician,PhD,Married,B-,Indian,Bidar,PS0176
P003365,Ajay Verma,Male,1999-11-21,26,Carpenter,High School,Divorced,O-,Indian,Belagavi,PS0056
P003366,Kusuma Bhat,Female,1966-07-02,60,Student,PUC,Divorced,AB+,Indian,Bengaluru Rural,PS0102
P003367,Anjali Kumar,Female,1969-12-08,56,Police,PhD,Married,AB-,Indian,Chikkaballapura,PS0248
P003368,Ravi Singh,Male,1992-02-09,34,Electrician,PhD,Widowed,AB+,Indian,Bengaluru Urban,PS0122
P003369,Ramesh Reddy,Male,1973-04-06,53,Software Engineer,Primary,Married,A+,Indian,Chamarajanagar,PS0231
P003370,Prakash Pujari,Male,1988-07-17,38,Business,Diploma,Widowed,AB-,Indian,Bidar,PS0162
P003371,Prakash Rao,Male,2002-04-20,24,Shop Owner,Graduate,Married,A-,Indian,Bagalkote,PS0025
P003372,Harini Angadi,Female,1984-05-31,42,Carpenter,No Formal Education,Divorced,A-,Indian,Belagavi,PS0046
P003373,Ravi Desai,Male,1984-08-19,41,Software Engineer,Primary,Widowed,O-,Indian,Bidar,PS0175
P003374,Sunitha Angadi,Female,1970-12-14,55,Business,PUC,Single,B-,Indian,Ballari,PS0037
P003375,Harini Hiremath,Female,1963-03-24,63,Shop Owner,No Formal Education,Single,B-,Indian,Ballari,PS0027
P003376,Siddu Joshi,Male,1989-07-22,37,Business,Diploma,Married,B+,Indian,Bengaluru Urban,PS0116
P003377,Pooja Naik,Female,1988-03-11,38,Security Guard,PhD,Married,A+,Indian,Bengaluru Rural,PS0100
P003378,Akash Reddy,Male,2001-03-15,25,Carpenter,High School,Widowed,B-,Indian,Bengaluru Rural,PS0093
P003379,Divya Reddy,Female,1981-07-13,45,Nurse,Primary,Married,B-,Indian,Bagalkote,PS0015
P003380,Naveen Siddiqui,Male,1986-12-21,39,Software Engineer,PUC,Single,A-,Indian,Bagalkote,PS0005
P003381,Nisha Gowda,Female,1972-01-11,54,Engineer,Diploma,Divorced,A+,Indian,Chamarajanagar,PS0215
P003382,Keerthi Kambali,Female,1962-11-21,63,Farmer,No Formal Education,Widowed,AB-,Indian,Bagalkote,PS0011
P003383,Roopa Hegde,Female,1983-09-09,42,Sales Executive,Post Graduate,Widowed,B-,Indian,Bengaluru Rural,PS0072
P003384,Swathi Bhat,Female,1965-09-26,60,Shop Owner,High School,Single,B+,Indian,Bengaluru Urban,PS0125
P003385,Radhika Angadi,Female,1978-12-11,47,Carpenter,High School,Single,O+,Indian,Bengaluru Rural,PS0073
P003386,Roopa Reddy,Female,1964-03-28,62,Student,Post Graduate,Single,O+,Indian,Bengaluru Urban,PS0131
P003387,Rekha Angadi,Female,1963-05-15,63,Student,No Formal Education,Married,B+,Indian,Bagalkote,PS0020
P003388,Sneha Naik,Female,1991-04-16,35,Shop Owner,High School,Widowed,B+,Indian,Bagalkote,PS0024
P003389,Darshan Reddy,Male,1999-10-15,26,Software Engineer,Post Graduate,Married,O+,Indian,Chikkaballapura,PS0245
P003390,Sneha Kumar,Female,2002-06-19,24,Business,Diploma,Widowed,A-,Indian,Chikkaballapura,PS0241
P003391,Rahul Kulkarni,Male,2006-01-08,20,Police,High School,Divorced,O-,Indian,Chamarajanagar,PS0214
P003392,Abhishek Patil,Male,2004-06-15,22,Sales Executive,No Formal Education,Married,B+,Indian,Bengaluru Rural,PS0101
P003393,Rahul Gowda,Male,1996-07-25,29,Lawyer,Graduate,Widowed,B+,Indian,Bidar,PS0176
P003394,Vidya Rao,Female,2004-12-04,21,Sales Executive,Primary,Married,AB-,Indian,Chikkaballapura,PS0242
P003395,Suraj Hegde,Male,1971-09-17,54,Engineer,Graduate,Single,B+,Indian,Bidar,PS0163
P003396,Priya Desai,Female,1958-12-10,67,Electrician,No Formal Education,Married,B+,Indian,Bengaluru Rural,PS0102
P003397,Priya Singh,Female,1987-03-05,39,Electrician,PhD,Divorced,O-,Indian,Bidar,PS0153
P003398,Rekha Angadi,Female,1985-08-07,40,Engineer,No Formal Education,Divorced,A-,Indian,Bengaluru Urban,PS0127
P003399,Shreya Desai,Female,1978-04-16,48,Business,No Formal Education,Single,O+,Indian,Bengaluru Rural,PS0085
P003400,Anitha Kulkarni,Female,1993-09-14,32,Teacher,PUC,Widowed,O-,Indian,Chamarajanagar,PS0222
P003401,Deepa Singh,Female,1976-04-27,50,Doctor,PUC,Widowed,A+,Indian,Bagalkote,PS0013
P003402,Anitha Patil,Female,1967-05-21,59,Security Guard,No Formal Education,Single,A-,Indian,Chikkaballapura,PS0250
P003403,Ravi Desai,Male,1955-10-26,70,Lawyer,PhD,Divorced,O-,Indian,Bagalkote,PS0016
P003404,Abhishek Hiremath,Male,1956-05-20,70,Business,No Formal Education,Married,AB-,Indian,Bengaluru Rural,PS0071
P003405,Abhishek Joshi,Male,2001-09-29,24,Security Guard,Graduate,Married,B+,Indian,Belagavi,PS0053
P003406,Megha Reddy,Female,2007-11-08,18,Farmer,Diploma,Widowed,A+,Indian,Belagavi,PS0066
P003407,Nisha Bhat,Female,1994-07-09,32,Teacher,PUC,Divorced,A-,Indian,Bidar,PS0179
P003408,Nandini Rao,Female,1960-01-19,66,Security Guard,Graduate,Married,B+,Indian,Bidar,PS0190
P003409,Nandini Kumar,Female,2004-12-07,21,Lawyer,Post Graduate,Widowed,AB-,Indian,Chamarajanagar,PS0199
P003410,Rekha Patil,Female,1969-12-18,56,Software Engineer,High School,Married,B+,Indian,Bagalkote,PS0008
P003411,Abhishek Naik,Male,2002-04-10,24,Business,High School,Married,AB-,Indian,Bagalkote,PS0009
P003412,Arjun Singh,Male,2000-10-01,25,Mechanic,Graduate,Widowed,AB+,Indian,Bengaluru Urban,PS0140
P003413,Nandini Singh,Female,1999-06-06,27,Mechanic,No Formal Education,Widowed,AB+,Indian,Bidar,PS0169
P003414,Vidya Kambali,Female,1974-08-18,51,Government Employee,Diploma,Divorced,AB-,Indian,Chamarajanagar,PS0200
P003415,Swathi Patil,Female,1962-02-13,64,Police,Graduate,Married,A-,Indian,Bidar,PS0186
P003416,Swathi Kulkarni,Female,1984-08-01,41,Unemployed,High School,Widowed,AB+,Indian,Chamarajanagar,PS0211
P003417,Asha Reddy,Female,1960-10-10,65,Electrician,Post Graduate,Married,O+,Indian,Bengaluru Rural,PS0074
P003418,Swathi Naik,Female,1965-07-27,60,Unemployed,PhD,Widowed,AB+,Indian,Ballari,PS0029
P003419,Nisha Joshi,Female,1991-06-13,35,Software Engineer,Graduate,Single,AB-,Indian,Bidar,PS0180
P003420,Megha Naik,Female,1991-03-08,35,Sales Executive,Post Graduate,Married,A+,Indian,Bengaluru Rural,PS0075
P003421,Sanjay Rao,Male,1986-06-27,40,Mechanic,High School,Single,A-,Indian,Ballari,PS0032
P003422,Vidya Rao,Female,1958-05-18,68,Doctor,Graduate,Widowed,B+,Indian,Bidar,PS0182
P003423,Ajay Patil,Male,1966-04-30,60,Mechanic,Diploma,Married,AB+,Indian,Bengaluru Rural,PS0091
P003424,Vinay Desai,Male,1991-10-20,34,Shop Owner,No Formal Education,Divorced,O+,Indian,Ballari,PS0040
P003425,Rohit Siddiqui,Male,2000-05-29,26,Engineer,Diploma,Single,B-,Indian,Ballari,PS0041
P003426,Suraj Kambali,Male,1955-06-14,71,Doctor,Graduate,Married,O-,Indian,Bengaluru Rural,PS0100
P003427,Prakash Pujari,Male,1990-10-22,35,Nurse,PhD,Single,AB-,Indian,Bidar,PS0163
P003428,Asha Joshi,Female,1992-05-24,34,Student,Graduate,Married,B+,Indian,Chamarajanagar,PS0207
P003429,Kavya Angadi,Female,1994-03-30,32,Government Employee,Diploma,Widowed,B+,Indian,Belagavi,PS0050
P003430,Sneha Gowda,Female,1984-11-07,41,Business,Post Graduate,Divorced,A-,Indian,Bagalkote,PS0006
P003431,Lokesh Patil,Male,2002-08-12,23,Software Engineer,Post Graduate,Widowed,B+,Indian,Bengaluru Rural,PS0077
P003432,Sangeetha Gowda,Female,1970-04-25,56,Doctor,Graduate,Divorced,B-,Indian,Bengaluru Urban,PS0150
P003433,Shivakumar Kumar,Male,1999-08-07,26,Sales Executive,Graduate,Divorced,B+,Indian,Chikkaballapura,PS0237
P003434,Akash Desai,Male,1971-05-13,55,Labour,Diploma,Married,AB-,Indian,Ballari,PS0037
P003435,Nandini Siddiqui,Female,2000-12-07,25,Lawyer,Diploma,Widowed,A+,Indian,Bengaluru Rural,PS0074
P003436,Harini Angadi,Female,1957-01-03,69,Government Employee,Graduate,Single,A-,Indian,Bagalkote,PS0002
P003437,Harish Poojary,Male,1988-08-11,37,Software Engineer,Primary,Married,AB+,Indian,Bidar,PS0161
P003438,Anjali Bhat,Female,1969-10-27,56,Carpenter,PUC,Single,O+,Indian,Bengaluru Urban,PS0145
P003439,Radhika Kambali,Female,1970-12-15,55,Mechanic,PUC,Divorced,O-,Indian,Bengaluru Rural,PS0091
P003440,Keerthi Verma,Female,1993-12-20,32,Software Engineer,Post Graduate,Divorced,A+,Indian,Bengaluru Urban,PS0129
P003441,Priya Kulkarni,Female,1984-04-05,42,Electrician,Diploma,Married,AB+,Indian,Chamarajanagar,PS0209
P003442,Abhishek Singh,Male,2003-03-07,23,Government Employee,PhD,Single,AB-,Indian,Bengaluru Urban,PS0148
P003443,Vidya Hiremath,Female,1970-09-04,55,Teacher,No Formal Education,Divorced,A+,Indian,Chamarajanagar,PS0207
P003444,Bhavya Sharma,Female,1981-10-10,44,Farmer,Graduate,Married,AB-,Indian,Bidar,PS0176
P003445,Keerthi Naik,Female,1959-07-28,66,Engineer,Primary,Single,AB-,Indian,Bengaluru Urban,PS0143
P003446,Keerthi Verma,Female,1975-07-09,51,Electrician,Diploma,Married,A-,Indian,Chikkaballapura,PS0249
P003447,Rekha Kambali,Female,1998-05-26,28,Teacher,High School,Divorced,AB-,Indian,Bengaluru Urban,PS0126
P003448,Sowmya Hegde,Female,1991-01-01,35,Lawyer,Primary,Married,AB-,Indian,Chikkaballapura,PS0239
P003449,Anitha Siddiqui,Female,1998-10-06,27,Electrician,Primary,Widowed,AB-,Indian,Ballari,PS0041
P003450,Keerthi Rao,Female,1983-03-06,43,Teacher,PUC,Married,AB-,Indian,Bengaluru Rural,PS0103
P003451,Deepa Kambali,Female,1956-08-01,69,Security Guard,Graduate,Widowed,AB+,Indian,Ballari,PS0038
P003452,Deepa Pujari,Female,1963-10-08,62,Labour,Post Graduate,Single,B+,Indian,Ballari,PS0035
P003453,Anitha Siddiqui,Female,1965-07-19,61,Business,Post Graduate,Married,B-,Indian,Ballari,PS0032
P003454,Puneeth Siddiqui,Male,1982-02-02,44,Sales Executive,No Formal Education,Divorced,A+,Indian,Ballari,PS0038
P003455,Anjali Joshi,Female,1990-12-04,35,Security Guard,PhD,Single,AB+,Indian,Ballari,PS0035
P003456,Roopa Hiremath,Female,1998-11-19,27,Police,Diploma,Single,AB-,Indian,Bagalkote,PS0024
P003457,Preethi Hegde,Female,1958-09-29,67,Mechanic,PUC,Widowed,AB+,Indian,Bagalkote,PS0008
P003458,Rekha Desai,Female,1958-04-30,68,Farmer,PhD,Single,B-,Indian,Bengaluru Urban,PS0119
P003459,Anjali Kumar,Female,1961-12-25,64,Sales Executive,Graduate,Single,A+,Indian,Chamarajanagar,PS0221
P003460,Harish Gowda,Male,1989-05-19,37,Sales Executive,Diploma,Single,O-,Indian,Belagavi,PS0046
P003461,Rekha Angadi,Female,1970-12-23,55,Mechanic,Graduate,Divorced,A-,Indian,Belagavi,PS0065
P003462,Rekha Patil,Female,1964-11-08,61,Software Engineer,PUC,Widowed,O-,Indian,Bagalkote,PS0001
P003463,Roopa Sharma,Female,1986-08-31,39,Business,Post Graduate,Widowed,B-,Indian,Bengaluru Rural,PS0081
P003464,Roopa Kulkarni,Female,2002-04-18,24,Unemployed,Post Graduate,Single,O-,Indian,Ballari,PS0041
P003465,Harish Patil,Male,1966-12-01,59,Shop Owner,PUC,Divorced,A-,Indian,Belagavi,PS0069
P003466,Vijay Kulkarni,Male,1964-07-20,62,Business,No Formal Education,Single,AB+,Indian,Chikkaballapura,PS0236
P003467,Arjun Angadi,Male,1996-12-29,29,Electrician,High School,Widowed,AB+,Indian,Chamarajanagar,PS0213
P003468,Suresh Desai,Male,1975-03-10,51,Carpenter,PhD,Widowed,O-,Indian,Bengaluru Rural,PS0109
P003469,Pradeep Joshi,Male,2001-08-31,24,Student,PUC,Single,A+,Indian,Bengaluru Rural,PS0094
P003470,Roopa Sharma,Female,1987-09-04,38,Labour,Graduate,Married,O+,Indian,Bengaluru Urban,PS0124
P003471,Ganesh Shetty,Male,1985-09-29,40,Driver,Post Graduate,Married,O-,Indian,Bengaluru Urban,PS0127
P003472,Rekha Reddy,Female,1967-09-11,58,Mechanic,Post Graduate,Widowed,A-,Indian,Chamarajanagar,PS0226
P003473,Basavaraj Patil,Male,1966-07-10,60,Business,High School,Single,AB+,Indian,Belagavi,PS0062
P003474,Naveen Shetty,Male,1988-11-16,37,Doctor,Primary,Widowed,B+,Indian,Bagalkote,PS0006
P003475,Vidya Angadi,Female,1982-06-19,44,Nurse,Graduate,Widowed,AB+,Indian,Bagalkote,PS0008
P003476,Bhavya Kulkarni,Female,1974-04-08,52,Driver,Graduate,Divorced,AB+,Indian,Chamarajanagar,PS0213
P003477,Divya Naik,Female,2001-09-20,24,Farmer,Graduate,Single,B-,Indian,Bidar,PS0187
P003478,Keerthi Rao,Female,2000-11-11,25,Student,Graduate,Married,A+,Indian,Bengaluru Rural,PS0106
P003479,Ravi Siddiqui,Male,2003-06-08,23,Farmer,PUC,Widowed,O+,Indian,Bengaluru Rural,PS0096
P003480,Sunitha Naik,Female,2003-03-08,23,Lawyer,PhD,Single,AB+,Indian,Bagalkote,PS0024
P003481,Roopa Patil,Female,1969-11-16,56,Student,Primary,Divorced,B-,Indian,Bagalkote,PS0014
P003482,Vijay Hegde,Male,1978-12-13,47,Engineer,Primary,Single,B+,Indian,Chamarajanagar,PS0200
P003483,Pooja Kambali,Female,1973-07-29,52,Nurse,No Formal Education,Married,A+,Indian,Bidar,PS0166
P003484,Sunitha Desai,Female,1981-02-11,45,Sales Executive,PhD,Single,A+,Indian,Chamarajanagar,PS0233
P003485,Roopa Poojary,Female,1994-01-26,32,Farmer,PUC,Widowed,O+,Indian,Chikkaballapura,PS0238
P003486,Puneeth Angadi,Male,1988-06-24,38,Student,PhD,Widowed,O-,Indian,Bengaluru Urban,PS0117
P003487,Chetan Singh,Male,1971-08-24,54,Farmer,PhD,Married,A+,Indian,Ballari,PS0036
P003488,Harini Pujari,Female,2001-04-22,25,Nurse,No Formal Education,Divorced,A-,Indian,Chamarajanagar,PS0209
P003489,Geetha Hiremath,Female,1974-12-13,51,Engineer,PUC,Married,O+,Indian,Chamarajanagar,PS0205
P003490,Anitha Hegde,Female,1990-12-10,35,Lawyer,Post Graduate,Widowed,AB+,Indian,Belagavi,PS0066
P003491,Sanjay Angadi,Male,1962-06-23,64,Nurse,No Formal Education,Divorced,B-,Indian,Bengaluru Rural,PS0104
P003492,Mahesh Joshi,Male,2006-01-22,20,Engineer,PhD,Single,B-,Indian,Belagavi,PS0048
P003493,Sneha Hegde,Female,1965-04-09,61,Unemployed,PhD,Single,A-,Indian,Belagavi,PS0047
P003494,Puneeth Kulkarni,Male,2005-02-12,21,Security Guard,Primary,Married,O+,Indian,Bengaluru Rural,PS0090
P003495,Sanjay Desai,Male,1996-09-04,29,Student,PhD,Divorced,B+,Indian,Bidar,PS0187
P003496,Naveen Sharma,Male,1961-01-03,65,Unemployed,PUC,Widowed,B+,Indian,Chamarajanagar,PS0214
P003497,Pooja Desai,Female,1955-04-23,71,Teacher,High School,Single,O+,Indian,Ballari,PS0039
P003498,Ravi Pujari,Male,1995-11-12,30,Software Engineer,Diploma,Single,B+,Indian,Bidar,PS0165
P003499,Ramesh Kulkarni,Male,2003-12-01,22,Police,Diploma,Married,A-,Indian,Chamarajanagar,PS0194
P003500,Suresh Kulkarni,Male,1995-04-01,31,Police,Graduate,Single,O-,Indian,Chamarajanagar,PS0228
P003501,Swathi Joshi,Female,1988-11-09,37,Security Guard,PUC,Divorced,A-,Indian,Bengaluru Urban,PS0118
P003502,Akash Reddy,Male,1982-04-18,44,Engineer,Primary,Married,B-,Indian,Bagalkote,PS0003
P003503,Rohit Hiremath,Male,1984-08-23,41,Software Engineer,PhD,Single,B-,Indian,Bagalkote,PS0009
P003504,Vidya Angadi,Female,1995-09-17,30,Farmer,PhD,Widowed,A-,Indian,Bengaluru Rural,PS0103
P003505,Rekha Kumar,Female,1972-03-31,54,Engineer,Graduate,Widowed,O-,Indian,Bidar,PS0190
P003506,Sanjay Bhat,Male,1961-08-12,64,Teacher,Diploma,Widowed,A+,Indian,Bagalkote,PS0017
P003507,Divya Desai,Female,1977-09-24,48,Shop Owner,PUC,Divorced,B-,Indian,Bengaluru Rural,PS0073
P003508,Harish Desai,Male,2005-02-11,21,Lawyer,Primary,Widowed,O+,Indian,Bidar,PS0192
P003509,Keerthi Singh,Female,1960-06-10,66,Student,Post Graduate,Divorced,B-,Indian,Bengaluru Urban,PS0142
P003510,Swathi Siddiqui,Female,2007-09-03,18,Sales Executive,PUC,Single,O-,Indian,Bidar,PS0171
P003511,Arjun Sharma,Male,1975-04-04,51,Driver,Diploma,Widowed,O-,Indian,Chamarajanagar,PS0209
P003512,Sunitha Poojary,Female,1978-09-08,47,Carpenter,Primary,Single,AB+,Indian,Ballari,PS0031
P003513,Harini Gowda,Female,2007-08-19,18,Electrician,PhD,Married,A-,Indian,Bagalkote,PS0007
P003514,Prakash Desai,Male,1956-10-02,69,Carpenter,Diploma,Married,O-,Indian,Bidar,PS0163
P003515,Harish Angadi,Male,2007-05-13,19,Software Engineer,Diploma,Widowed,O+,Indian,Chamarajanagar,PS0234
P003516,Kiran Naik,Male,1959-08-06,66,Government Employee,PhD,Widowed,AB+,Indian,Bengaluru Urban,PS0122
P003517,Deepa Bhat,Female,1986-07-01,40,Labour,Graduate,Widowed,B+,Indian,Belagavi,PS0059
P003518,Sneha Shetty,Female,1989-10-03,36,Security Guard,PUC,Divorced,AB-,Indian,Bidar,PS0161
P003519,Roopa Kumar,Female,1973-03-26,53,Security Guard,No Formal Education,Divorced,O+,Indian,Bidar,PS0182
P003520,Sangeetha Singh,Female,1956-01-09,70,Labour,Post Graduate,Married,O+,Indian,Belagavi,PS0061
P003521,Ramesh Pujari,Male,1966-11-11,59,Labour,PhD,Single,O-,Indian,Belagavi,PS0069
P003522,Keerthi Verma,Female,1988-08-09,37,Sales Executive,No Formal Education,Married,O+,Indian,Bengaluru Urban,PS0145
P003523,Mahesh Sharma,Male,1999-08-03,26,Sales Executive,High School,Widowed,A-,Indian,Bengaluru Urban,PS0113
P003524,Arjun Verma,Male,1976-05-20,50,Software Engineer,Primary,Married,O+,Indian,Ballari,PS0037
P003525,Akash Gowda,Male,1991-07-03,35,Shop Owner,High School,Divorced,B-,Indian,Chikkaballapura,PS0246
P003526,Vijay Rao,Male,1976-09-12,49,Engineer,High School,Married,B-,Indian,Chamarajanagar,PS0229
P003527,Asha Desai,Female,1957-01-09,69,Nurse,No Formal Education,Widowed,AB+,Indian,Bidar,PS0164
P003528,Darshan Kumar,Male,1990-10-12,35,Unemployed,Graduate,Married,B-,Indian,Chamarajanagar,PS0220
P003529,Keerthi Kambali,Female,1990-02-24,36,Carpenter,High School,Divorced,A-,Indian,Chamarajanagar,PS0205
P003530,Ganesh Hegde,Male,1976-10-01,49,Government Employee,No Formal Education,Single,O+,Indian,Bengaluru Urban,PS0119
P003531,Asha Pujari,Female,2004-11-07,21,Carpenter,Diploma,Widowed,AB-,Indian,Ballari,PS0028
P003532,Kiran Naik,Male,2006-11-30,19,Mechanic,No Formal Education,Divorced,B+,Indian,Chamarajanagar,PS0226
P003533,Deepa Bhat,Female,1967-11-05,58,Mechanic,No Formal Education,Divorced,B-,Indian,Chikkaballapura,PS0240
P003534,Shreya Bhat,Female,1966-11-04,59,Software Engineer,Graduate,Single,O-,Indian,Belagavi,PS0053
P003535,Harini Pujari,Female,1995-01-26,31,Shop Owner,Post Graduate,Single,B+,Indian,Ballari,PS0040
P003536,Vijay Hiremath,Male,1966-09-01,59,Driver,Primary,Married,A-,Indian,Bengaluru Rural,PS0080
P003537,Kavya Reddy,Female,1984-04-01,42,Shop Owner,Post Graduate,Widowed,B-,Indian,Chamarajanagar,PS0226
P003538,Ravi Poojary,Male,2005-10-07,20,Mechanic,PhD,Married,O-,Indian,Bengaluru Urban,PS0113
P003539,Siddu Reddy,Male,1977-07-28,48,Driver,Diploma,Divorced,O+,Indian,Bidar,PS0168
P003540,Sanjay Naik,Male,1997-07-07,29,Security Guard,Post Graduate,Divorced,AB+,Indian,Chamarajanagar,PS0209
P003541,Suresh Kumar,Male,1976-01-13,50,Business,High School,Single,O-,Indian,Ballari,PS0029
P003542,Rahul Hegde,Male,1962-01-18,64,Engineer,High School,Widowed,AB+,Indian,Chamarajanagar,PS0232
P003543,Roopa Reddy,Female,1968-06-18,58,Student,High School,Married,A+,Indian,Bidar,PS0186
P003544,Puneeth Poojary,Male,1987-05-17,39,Electrician,Graduate,Divorced,A-,Indian,Chamarajanagar,PS0209
P003545,Asha Pujari,Female,1999-09-14,26,Unemployed,High School,Single,A+,Indian,Bengaluru Urban,PS0133
P003546,Bhavya Singh,Female,1966-10-22,59,Sales Executive,Graduate,Single,A-,Indian,Chamarajanagar,PS0194
P003547,Pooja Desai,Female,2006-03-29,20,Sales Executive,Diploma,Divorced,B+,Indian,Bengaluru Rural,PS0072
P003548,Vijay Desai,Male,1959-12-21,66,Government Employee,Graduate,Divorced,B-,Indian,Chamarajanagar,PS0217
P003549,Rahul Hiremath,Male,1988-05-31,38,Mechanic,PhD,Married,B-,Indian,Chamarajanagar,PS0219
P003550,Mahesh Kambali,Male,1955-12-09,70,Labour,No Formal Education,Single,AB+,Indian,Bagalkote,PS0007
P003551,Keerthi Angadi,Female,1968-10-09,57,Police,High School,Widowed,O-,Indian,Bagalkote,PS0002
P003552,Ajay Kambali,Male,1985-09-14,40,Mechanic,Primary,Widowed,A+,Indian,Bidar,PS0160
P003553,Prakash Gowda,Male,1964-08-02,61,Security Guard,Post Graduate,Widowed,O-,Indian,Bengaluru Urban,PS0143
P003554,Rahul Angadi,Male,1966-08-02,59,Software Engineer,Primary,Married,A+,Indian,Bagalkote,PS0008
P003555,Shivakumar Kambali,Male,1968-11-18,57,Shop Owner,Graduate,Married,B-,Indian,Bengaluru Urban,PS0113
P003556,Pradeep Patil,Male,2005-09-12,20,Sales Executive,No Formal Education,Divorced,B-,Indian,Bengaluru Urban,PS0121
P003557,Preethi Hegde,Female,2000-05-08,26,Driver,Primary,Divorced,AB-,Indian,Ballari,PS0043
P003558,Vidya Naik,Female,1961-12-08,64,Labour,PUC,Widowed,A-,Indian,Ballari,PS0036
P003559,Radhika Shetty,Female,1956-09-27,69,Sales Executive,Graduate,Widowed,AB+,Indian,Bengaluru Urban,PS0137
P003560,Basavaraj Bhat,Male,1971-06-19,55,Electrician,PhD,Married,O+,Indian,Chamarajanagar,PS0207
P003561,Mahesh Patil,Male,1986-01-10,40,Unemployed,Primary,Married,A-,Indian,Chamarajanagar,PS0222
P003562,Suraj Siddiqui,Male,2006-08-06,19,Government Employee,PhD,Married,O+,Indian,Bengaluru Rural,PS0077
P003563,Nandini Shetty,Female,1978-02-19,48,Electrician,PUC,Divorced,B-,Indian,Bidar,PS0184
P003564,Kusuma Bhat,Female,1996-06-27,30,Mechanic,PhD,Married,O+,Indian,Chikkaballapura,PS0243
P003565,Nandini Naik,Female,1985-04-14,41,Nurse,Diploma,Married,A+,Indian,Bengaluru Rural,PS0078
P003566,Lokesh Hiremath,Male,1959-03-17,67,Police,Diploma,Single,AB+,Indian,Bagalkote,PS0015
P003567,Suraj Poojary,Male,2007-02-21,19,Labour,No Formal Education,Single,A+,Indian,Chikkaballapura,PS0235
P003568,Priya Angadi,Female,1960-11-26,65,Labour,Graduate,Widowed,B-,Indian,Chikkaballapura,PS0247
P003569,Shreya Patil,Female,1980-11-01,45,Driver,Post Graduate,Widowed,B+,Indian,Bidar,PS0182
P003570,Prakash Joshi,Male,1968-10-18,57,Engineer,PUC,Widowed,B-,Indian,Bengaluru Urban,PS0152
P003571,Lokesh Reddy,Male,1979-01-30,47,Engineer,Primary,Divorced,B+,Indian,Bengaluru Rural,PS0084
P003572,Nisha Naik,Female,1965-03-13,61,Sales Executive,High School,Married,O+,Indian,Bidar,PS0170
P003573,Divya Joshi,Female,1999-01-30,27,Carpenter,Post Graduate,Single,A+,Indian,Chamarajanagar,PS0208
P003574,Ganesh Joshi,Male,1966-04-17,60,Unemployed,PUC,Married,AB-,Indian,Chikkaballapura,PS0240
P003575,Keerthi Bhat,Female,1969-09-04,56,Driver,PUC,Divorced,O+,Indian,Bidar,PS0162
P003576,Rekha Poojary,Female,1997-10-06,28,Doctor,Graduate,Married,A+,Indian,Bengaluru Urban,PS0116
P003577,Akash Singh,Male,1969-09-02,56,Electrician,PhD,Married,O+,Indian,Belagavi,PS0064
P003578,Priya Gowda,Female,1973-03-12,53,Teacher,No Formal Education,Single,A+,Indian,Chamarajanagar,PS0200
P003579,Megha Verma,Female,1991-06-23,35,Doctor,Diploma,Divorced,B+,Indian,Ballari,PS0035
P003580,Sowmya Poojary,Female,1977-05-17,49,Carpenter,Graduate,Divorced,A+,Indian,Bidar,PS0186
P003581,Pooja Siddiqui,Female,1977-04-20,49,Farmer,Post Graduate,Widowed,B+,Indian,Bengaluru Urban,PS0141
P003582,Puneeth Singh,Male,1994-09-25,31,Software Engineer,Diploma,Married,B-,Indian,Bengaluru Urban,PS0122
P003583,Nisha Hiremath,Female,1990-11-28,35,Security Guard,No Formal Education,Divorced,AB-,Indian,Chamarajanagar,PS0211
P003584,Puneeth Hiremath,Male,1971-06-09,55,Software Engineer,High School,Widowed,B-,Indian,Bidar,PS0174
P003585,Keerthi Rao,Female,1977-04-05,49,Mechanic,Primary,Married,B-,Indian,Ballari,PS0043
P003586,Vinay Sharma,Male,1979-11-15,46,Carpenter,PUC,Married,A+,Indian,Chikkaballapura,PS0236
P003587,Vijay Singh,Male,1982-10-31,43,Farmer,High School,Married,AB+,Indian,Bengaluru Urban,PS0115
P003588,Asha Kumar,Female,2006-02-21,20,Shop Owner,Graduate,Married,O-,Indian,Chamarajanagar,PS0198
P003589,Arjun Sharma,Male,1975-08-25,50,Software Engineer,No Formal Education,Divorced,A-,Indian,Chikkaballapura,PS0235
P003590,Kavya Patil,Female,1977-04-19,49,Teacher,Graduate,Single,A+,Indian,Chamarajanagar,PS0205
P003591,Rekha Reddy,Female,1987-10-21,38,Software Engineer,Graduate,Widowed,A+,Indian,Bagalkote,PS0015
P003592,Anitha Gowda,Female,1979-07-12,47,Teacher,High School,Divorced,AB-,Indian,Bidar,PS0182
P003593,Megha Reddy,Female,1962-01-22,64,Security Guard,High School,Divorced,AB-,Indian,Bagalkote,PS0018
P003594,Manoj Hegde,Male,1975-11-12,50,Mechanic,No Formal Education,Widowed,A-,Indian,Bengaluru Rural,PS0091
P003595,Shivakumar Sharma,Male,1985-12-22,40,Student,Graduate,Married,AB+,Indian,Bidar,PS0185
P003596,Sunitha Reddy,Female,1997-03-16,29,Farmer,Graduate,Widowed,AB-,Indian,Bagalkote,PS0008
P003597,Nandini Naik,Female,1990-03-13,36,Labour,PUC,Married,B+,Indian,Chikkaballapura,PS0240
P003598,Shreya Sharma,Female,1956-07-25,69,Labour,Primary,Widowed,B+,Indian,Bengaluru Urban,PS0144
P003599,Darshan Kambali,Male,1987-09-19,38,Labour,PUC,Divorced,B+,Indian,Bengaluru Urban,PS0142
P003600,Shivakumar Kumar,Male,1996-02-09,30,Labour,Primary,Divorced,A+,Indian,Ballari,PS0038
P003601,Sneha Gowda,Female,1983-03-17,43,Unemployed,Post Graduate,Divorced,O+,Indian,Chamarajanagar,PS0234
P003602,Keerthi Reddy,Female,1982-06-17,44,Business,PUC,Widowed,A+,Indian,Chamarajanagar,PS0223
P003603,Puneeth Hiremath,Male,1958-05-28,68,Farmer,No Formal Education,Single,AB+,Indian,Chamarajanagar,PS0208
P003604,Sangeetha Naik,Female,1959-06-29,67,Business,High School,Widowed,A-,Indian,Chikkaballapura,PS0243
P003605,Arjun Joshi,Male,1990-01-20,36,Farmer,Post Graduate,Married,A-,Indian,Bagalkote,PS0023
P003606,Sowmya Poojary,Female,2003-01-21,23,Software Engineer,Primary,Divorced,O+,Indian,Bengaluru Urban,PS0124
P003607,Prakash Siddiqui,Male,1958-02-26,68,Security Guard,Post Graduate,Divorced,O+,Indian,Ballari,PS0044
P003608,Mahesh Poojary,Male,1970-10-19,55,Mechanic,No Formal Education,Single,O-,Indian,Bengaluru Urban,PS0127
P003609,Pradeep Poojary,Male,1969-01-18,57,Student,Primary,Divorced,O-,Indian,Chamarajanagar,PS0233
P003610,Chetan Rao,Male,1996-02-06,30,Business,Graduate,Widowed,AB+,Indian,Belagavi,PS0060
P003611,Harish Pujari,Male,1975-01-12,51,Student,PUC,Single,O+,Indian,Bagalkote,PS0009
P003612,Sowmya Angadi,Female,2007-05-24,19,Security Guard,Graduate,Single,AB+,Indian,Chikkaballapura,PS0248
P003613,Megha Angadi,Female,2004-03-21,22,Business,Post Graduate,Widowed,A-,Indian,Chamarajanagar,PS0211
P003614,Bhavya Poojary,Female,1978-08-20,47,Security Guard,No Formal Education,Widowed,O+,Indian,Chikkaballapura,PS0242
P003615,Keerthi Kulkarni,Female,1961-02-18,65,Shop Owner,Graduate,Widowed,A-,Indian,Chamarajanagar,PS0221
P003616,Suresh Bhat,Male,1986-10-15,39,Labour,No Formal Education,Divorced,AB-,Indian,Bengaluru Rural,PS0093
P003617,Lakshmi Bhat,Female,1977-05-02,49,Doctor,No Formal Education,Widowed,B-,Indian,Ballari,PS0043
P003618,Rahul Gowda,Male,1967-01-31,59,Software Engineer,Graduate,Widowed,AB-,Indian,Bidar,PS0183
P003619,Vijay Poojary,Male,1997-10-11,28,Government Employee,PUC,Single,B-,Indian,Ballari,PS0036
P003620,Mahesh Poojary,Male,2004-12-27,21,Government Employee,Primary,Married,O+,Indian,Chamarajanagar,PS0231
P003621,Prakash Bhat,Male,2004-02-13,22,Government Employee,High School,Single,A-,Indian,Bidar,PS0191
P003622,Ajay Gowda,Male,1967-06-05,59,Software Engineer,Diploma,Divorced,AB-,Indian,Chamarajanagar,PS0224
P003623,Darshan Gowda,Male,1985-09-09,40,Electrician,No Formal Education,Single,B-,Indian,Bengaluru Rural,PS0102
P003624,Bhavya Siddiqui,Female,1996-02-10,30,Police,PhD,Married,AB+,Indian,Chikkaballapura,PS0242
P003625,Anjali Desai,Female,1974-04-01,52,Student,PUC,Divorced,B-,Indian,Chamarajanagar,PS0213
P003626,Abhishek Gowda,Male,1957-06-20,69,Student,Primary,Divorced,B-,Indian,Chikkaballapura,PS0249
P003627,Pooja Angadi,Female,1982-07-24,43,Unemployed,PUC,Single,O-,Indian,Bagalkote,PS0010
P003628,Anjali Verma,Female,2005-12-20,20,Security Guard,Post Graduate,Divorced,AB+,Indian,Bidar,PS0155
P003629,Sunitha Desai,Female,1968-09-09,57,Mechanic,PhD,Married,AB-,Indian,Belagavi,PS0053
P003630,Ganesh Angadi,Male,1988-11-15,37,Driver,High School,Divorced,B+,Indian,Belagavi,PS0066
P003631,Sunitha Hegde,Female,1991-04-07,35,Engineer,No Formal Education,Married,B+,Indian,Ballari,PS0045
P003632,Arjun Patil,Male,1975-02-19,51,Electrician,No Formal Education,Divorced,O+,Indian,Bengaluru Rural,PS0084
P003633,Keerthi Naik,Female,1971-07-20,55,Software Engineer,Primary,Divorced,A+,Indian,Chamarajanagar,PS0214
P003634,Anjali Pujari,Female,1969-11-22,56,Mechanic,No Formal Education,Divorced,A-,Indian,Chamarajanagar,PS0227
P003635,Bhavya Singh,Female,1958-11-24,67,Shop Owner,Primary,Married,B-,Indian,Chamarajanagar,PS0202
P003636,Vinay Pujari,Male,2004-08-22,21,Electrician,Diploma,Widowed,A+,Indian,Chamarajanagar,PS0197
P003637,Vidya Rao,Female,1992-05-06,34,Doctor,Graduate,Married,O-,Indian,Belagavi,PS0059
P003638,Radhika Hegde,Female,2004-06-28,22,Electrician,Diploma,Divorced,B+,Indian,Bengaluru Rural,PS0084
P003639,Manoj Shetty,Male,1978-04-14,48,Shop Owner,High School,Divorced,O+,Indian,Chamarajanagar,PS0197
P003640,Puneeth Reddy,Male,1976-12-01,49,Sales Executive,PUC,Widowed,A-,Indian,Belagavi,PS0066
P003641,Deepa Gowda,Female,1975-04-23,51,Doctor,Primary,Single,B+,Indian,Bengaluru Urban,PS0149
P003642,Roopa Desai,Female,2007-09-05,18,Farmer,Diploma,Single,B-,Indian,Bengaluru Rural,PS0093
P003643,Priya Desai,Female,1962-08-26,63,Student,Diploma,Widowed,A-,Indian,Bagalkote,PS0019
P003644,Siddu Naik,Male,2007-01-18,19,Unemployed,High School,Divorced,O+,Indian,Bengaluru Rural,PS0087
P003645,Suraj Poojary,Male,1991-09-17,34,Shop Owner,PUC,Divorced,A-,Indian,Bengaluru Rural,PS0098
P003646,Vijay Joshi,Male,1962-01-16,64,Lawyer,Primary,Married,A-,Indian,Bidar,PS0154
P003647,Kiran Kambali,Male,1964-04-16,62,Electrician,No Formal Education,Divorced,A-,Indian,Bidar,PS0192
P003648,Akash Hegde,Male,1965-05-23,61,Sales Executive,No Formal Education,Divorced,AB+,Indian,Bengaluru Urban,PS0142
P003649,Kavya Pujari,Female,1987-05-27,39,Labour,No Formal Education,Divorced,A+,Indian,Chamarajanagar,PS0205
P003650,Keerthi Naik,Female,1981-07-19,45,Mechanic,PhD,Married,A-,Indian,Ballari,PS0029
P003651,Ramesh Naik,Male,1978-07-26,47,Software Engineer,Post Graduate,Divorced,AB-,Indian,Chikkaballapura,PS0242
P003652,Sneha Patil,Female,1996-01-24,30,Carpenter,PhD,Divorced,A+,Indian,Bengaluru Rural,PS0103
P003653,Sangeetha Joshi,Female,1957-06-14,69,Police,PUC,Widowed,AB+,Indian,Bidar,PS0190
P003654,Radhika Siddiqui,Female,2007-02-02,19,Unemployed,PhD,Single,B-,Indian,Chamarajanagar,PS0211
P003655,Lokesh Naik,Male,1975-07-10,51,Nurse,Diploma,Single,B+,Indian,Belagavi,PS0055
P003656,Megha Reddy,Female,1955-05-22,71,Nurse,No Formal Education,Married,B+,Indian,Bidar,PS0159
P003657,Sunitha Verma,Female,1986-06-15,40,Police,Primary,Single,AB-,Indian,Bengaluru Urban,PS0125
P003658,Bhavya Sharma,Female,1962-11-10,63,Engineer,Primary,Single,O+,Indian,Belagavi,PS0049
P003659,Megha Singh,Female,1963-06-28,63,Driver,Graduate,Married,O+,Indian,Chikkaballapura,PS0238
P003660,Mahesh Bhat,Male,1956-11-29,69,Engineer,Diploma,Widowed,AB+,Indian,Ballari,PS0027
P003661,Keerthi Angadi,Female,1981-12-10,44,Shop Owner,Post Graduate,Divorced,AB+,Indian,Bengaluru Urban,PS0129
P003662,Harish Kumar,Male,1977-02-09,49,Nurse,Primary,Single,A+,Indian,Bidar,PS0171
P003663,Vidya Verma,Female,1955-05-09,71,Doctor,PhD,Widowed,B-,Indian,Bengaluru Urban,PS0143
P003664,Swathi Hiremath,Female,1982-10-22,43,Unemployed,PUC,Married,A+,Indian,Bagalkote,PS0003
P003665,Sowmya Naik,Female,1964-12-04,61,Doctor,PhD,Single,O+,Indian,Bengaluru Urban,PS0131
P003666,Arjun Joshi,Male,1957-02-13,69,Driver,Primary,Divorced,AB+,Indian,Ballari,PS0034
P003667,Divya Kulkarni,Female,1984-12-24,41,Security Guard,Post Graduate,Widowed,AB+,Indian,Bidar,PS0187
P003668,Vijay Sharma,Male,2001-07-24,24,Electrician,Post Graduate,Divorced,AB-,Indian,Bengaluru Urban,PS0120
P003669,Vijay Hiremath,Male,1964-10-08,61,Government Employee,No Formal Education,Married,B-,Indian,Bidar,PS0167
P003670,Nisha Kumar,Female,1959-12-21,66,Electrician,High School,Widowed,O+,Indian,Ballari,PS0039
P003671,Lakshmi Desai,Female,1965-01-07,61,Unemployed,PhD,Widowed,B-,Indian,Bidar,PS0173
P003672,Harish Rao,Male,2005-12-13,20,Electrician,Post Graduate,Married,AB+,Indian,Ballari,PS0028
P003673,Rekha Patil,Female,1972-08-04,53,Shop Owner,Graduate,Widowed,AB-,Indian,Bengaluru Rural,PS0083
P003674,Siddu Angadi,Male,1968-10-06,57,Government Employee,Post Graduate,Widowed,A-,Indian,Ballari,PS0037
P003675,Rekha Reddy,Female,1976-08-29,49,Lawyer,PUC,Single,O-,Indian,Chamarajanagar,PS0218
P003676,Keerthi Gowda,Female,1993-08-13,32,Student,Graduate,Divorced,A-,Indian,Chamarajanagar,PS0200
P003677,Kusuma Sharma,Female,1983-08-29,42,Sales Executive,High School,Single,A-,Indian,Bidar,PS0182
P003678,Sneha Hegde,Female,1957-03-13,69,Nurse,PUC,Divorced,AB+,Indian,Belagavi,PS0054
P003679,Megha Desai,Female,1973-09-19,52,Security Guard,PhD,Single,A-,Indian,Ballari,PS0042
P003680,Roopa Siddiqui,Female,1984-05-24,42,Software Engineer,PhD,Single,B-,Indian,Ballari,PS0042
P003681,Ajay Patil,Male,1997-08-27,28,Farmer,Post Graduate,Widowed,B+,Indian,Bengaluru Rural,PS0084
P003682,Swathi Patil,Female,1959-11-30,66,Carpenter,No Formal Education,Married,O+,Indian,Bengaluru Urban,PS0130
P003683,Rahul Gowda,Male,1962-03-13,64,Farmer,No Formal Education,Single,AB-,Indian,Bengaluru Urban,PS0142
P003684,Divya Singh,Female,1961-04-26,65,Security Guard,PhD,Married,AB+,Indian,Chamarajanagar,PS0233
P003685,Sunitha Angadi,Female,2001-02-19,25,Doctor,High School,Single,B-,Indian,Belagavi,PS0062
P003686,Arjun Kambali,Male,2000-12-07,25,Teacher,PUC,Divorced,O+,Indian,Chamarajanagar,PS0195
P003687,Abhishek Kambali,Male,1991-04-29,35,Government Employee,High School,Married,B-,Indian,Belagavi,PS0067
P003688,Arjun Joshi,Male,1978-07-17,48,Mechanic,Primary,Widowed,O-,Indian,Chamarajanagar,PS0196
P003689,Chetan Singh,Male,1987-07-20,39,Carpenter,Post Graduate,Single,B+,Indian,Bagalkote,PS0016
P003690,Rohit Pujari,Male,2004-01-26,22,Teacher,High School,Single,O+,Indian,Chamarajanagar,PS0224
P003691,Abhishek Reddy,Male,2002-03-19,24,Nurse,Diploma,Single,O-,Indian,Chamarajanagar,PS0207
P003692,Divya Siddiqui,Female,1975-01-14,51,Student,High School,Married,O+,Indian,Belagavi,PS0062
P003693,Sunitha Naik,Female,1994-02-23,32,Unemployed,PUC,Widowed,B-,Indian,Bengaluru Urban,PS0136
P003694,Anitha Angadi,Female,1960-12-06,65,Labour,PhD,Widowed,AB+,Indian,Chamarajanagar,PS0215
P003695,Siddu Sharma,Male,1968-03-21,58,Police,Primary,Married,B+,Indian,Bengaluru Rural,PS0093
P003696,Sneha Kambali,Female,1968-05-20,58,Nurse,PhD,Single,B+,Indian,Bengaluru Rural,PS0097
P003697,Radhika Sharma,Female,1996-05-14,30,Security Guard,Diploma,Divorced,B+,Indian,Ballari,PS0038
P003698,Naveen Shetty,Male,1992-03-08,34,Lawyer,Diploma,Divorced,AB+,Indian,Bagalkote,PS0024
P003699,Basavaraj Siddiqui,Male,1993-07-04,33,Shop Owner,Post Graduate,Single,A-,Indian,Bengaluru Rural,PS0070
P003700,Suraj Sharma,Male,1974-10-22,51,Engineer,Post Graduate,Divorced,A+,Indian,Belagavi,PS0047
P003701,Naveen Kambali,Male,1999-10-30,26,Government Employee,Primary,Divorced,AB-,Indian,Bagalkote,PS0006
P003702,Radhika Gowda,Female,1989-11-13,36,Driver,PhD,Widowed,A+,Indian,Bagalkote,PS0013
P003703,Prakash Hiremath,Male,1963-10-16,62,Teacher,No Formal Education,Divorced,O+,Indian,Chikkaballapura,PS0246
P003704,Harish Shetty,Male,1965-06-05,61,Labour,High School,Widowed,O+,Indian,Bidar,PS0164
P003705,Ramesh Patil,Male,1972-01-26,54,Carpenter,Diploma,Single,A+,Indian,Bidar,PS0162
P003706,Lokesh Hegde,Male,1985-12-04,40,Unemployed,PhD,Widowed,B-,Indian,Chamarajanagar,PS0200
P003707,Vidya Hiremath,Female,1972-07-18,54,Unemployed,Graduate,Widowed,AB-,Indian,Bidar,PS0192
P003708,Divya Hiremath,Female,1968-02-07,58,Lawyer,PhD,Divorced,A-,Indian,Ballari,PS0028
P003709,Rohit Poojary,Male,1974-06-06,52,Nurse,PhD,Single,B-,Indian,Chamarajanagar,PS0226
P003710,Sneha Kulkarni,Female,1990-04-03,36,Sales Executive,Post Graduate,Single,A-,Indian,Ballari,PS0034
P003711,Prakash Kambali,Male,1981-03-02,45,Driver,PUC,Married,A+,Indian,Chikkaballapura,PS0241
P003712,Ravi Gowda,Male,1987-06-07,39,Nurse,PUC,Single,B+,Indian,Bidar,PS0155
P003713,Chetan Joshi,Male,2005-02-11,21,Teacher,PhD,Married,B+,Indian,Bengaluru Rural,PS0080
P003714,Arjun Poojary,Male,2001-10-21,24,Mechanic,PUC,Single,B+,Indian,Belagavi,PS0068
P003715,Nisha Singh,Female,1986-09-06,39,Electrician,Graduate,Married,B+,Indian,Bagalkote,PS0006
P003716,Vinay Patil,Male,1955-08-04,70,Doctor,PhD,Single,AB+,Indian,Belagavi,PS0068
P003717,Ravi Poojary,Male,1977-09-24,48,Doctor,Post Graduate,Married,O-,Indian,Bengaluru Urban,PS0142
P003718,Sunitha Rao,Female,1990-06-27,36,Carpenter,Primary,Married,AB-,Indian,Bengaluru Urban,PS0125
P003719,Swathi Reddy,Female,1956-09-30,69,Student,Graduate,Single,A+,Indian,Bidar,PS0159
P003720,Lokesh Bhat,Male,2003-03-31,23,Lawyer,High School,Married,O+,Indian,Bengaluru Rural,PS0099
P003721,Ramesh Gowda,Male,1956-02-26,70,Business,Post Graduate,Single,O-,Indian,Belagavi,PS0049
P003722,Manoj Sharma,Male,1983-11-29,42,Engineer,High School,Married,A+,Indian,Bengaluru Rural,PS0101
P003723,Darshan Joshi,Male,1967-10-09,58,Lawyer,PUC,Widowed,AB-,Indian,Bagalkote,PS0015
P003724,Sanjay Naik,Male,1994-01-01,32,Security Guard,High School,Single,A-,Indian,Chamarajanagar,PS0215
P003725,Rekha Desai,Female,1974-11-02,51,Farmer,Post Graduate,Widowed,O+,Indian,Bidar,PS0164
P003726,Sangeetha Bhat,Female,1955-10-31,70,Police,PUC,Single,AB+,Indian,Bidar,PS0172
P003727,Asha Joshi,Female,1960-10-07,65,Student,Post Graduate,Single,O+,Indian,Bengaluru Rural,PS0101
P003728,Asha Hiremath,Female,1996-08-27,29,Student,No Formal Education,Divorced,AB+,Indian,Bengaluru Urban,PS0132
P003729,Harini Kumar,Female,1963-12-16,62,Carpenter,Primary,Widowed,O+,Indian,Bengaluru Urban,PS0133
P003730,Sneha Hiremath,Female,1992-01-16,34,Driver,No Formal Education,Married,AB+,Indian,Chamarajanagar,PS0202
P003731,Kiran Kulkarni,Male,1955-07-18,71,Carpenter,No Formal Education,Widowed,O+,Indian,Chamarajanagar,PS0221
P003732,Puneeth Rao,Male,1965-12-17,60,Carpenter,High School,Divorced,AB-,Indian,Bidar,PS0162
P003733,Pradeep Sharma,Male,1969-08-04,56,Teacher,No Formal Education,Divorced,B-,Indian,Bengaluru Urban,PS0139
P003734,Anitha Verma,Female,1982-04-15,44,Police,Graduate,Divorced,A+,Indian,Belagavi,PS0046
P003735,Nandini Desai,Female,1970-08-23,55,Carpenter,PUC,Divorced,A+,Indian,Bidar,PS0165
P003736,Rohit Naik,Male,1984-07-27,41,Driver,Graduate,Divorced,O+,Indian,Bagalkote,PS0019
P003737,Harish Verma,Male,2003-09-28,22,Shop Owner,High School,Widowed,A+,Indian,Bengaluru Urban,PS0149
P003738,Rohit Verma,Male,1979-10-17,46,Shop Owner,No Formal Education,Married,A+,Indian,Ballari,PS0033
P003739,Deepa Kambali,Female,2000-07-12,26,Student,PhD,Single,O+,Indian,Bidar,PS0166
P003740,Basavaraj Bhat,Male,1966-10-10,59,Driver,PUC,Divorced,AB-,Indian,Bagalkote,PS0002
P003741,Roopa Kulkarni,Female,1971-03-30,55,Engineer,Graduate,Divorced,O+,Indian,Bengaluru Rural,PS0086
P003742,Swathi Verma,Female,1999-06-29,27,Unemployed,Primary,Single,B-,Indian,Chamarajanagar,PS0214
P003743,Preethi Kambali,Female,1975-01-19,51,Student,Diploma,Divorced,O-,Indian,Bidar,PS0180
P003744,Sneha Verma,Female,1977-06-09,49,Carpenter,Primary,Single,O+,Indian,Chamarajanagar,PS0234
P003745,Ravi Hiremath,Male,1986-12-30,39,Mechanic,PhD,Single,A-,Indian,Bengaluru Rural,PS0104
P003746,Roopa Shetty,Female,1971-04-15,55,Farmer,PUC,Married,O+,Indian,Belagavi,PS0062
P003747,Kavya Kumar,Female,2001-02-11,25,Business,Diploma,Widowed,O+,Indian,Ballari,PS0027
P003748,Manoj Pujari,Male,2006-11-01,19,Mechanic,PUC,Single,O-,Indian,Bengaluru Rural,PS0075
P003749,Bhavya Naik,Female,1965-06-25,61,Police,PhD,Married,O-,Indian,Chikkaballapura,PS0249
P003750,Chetan Hegde,Male,1990-05-05,36,Engineer,PUC,Married,O-,Indian,Bengaluru Urban,PS0138
P003751,Geetha Patil,Female,2001-01-20,25,Software Engineer,Post Graduate,Single,AB+,Indian,Bengaluru Urban,PS0142
P003752,Sanjay Verma,Male,1990-07-09,36,Police,No Formal Education,Single,A+,Indian,Belagavi,PS0057
P003753,Nisha Poojary,Female,2007-09-12,18,Electrician,Diploma,Divorced,AB-,Indian,Bengaluru Rural,PS0085
P003754,Roopa Siddiqui,Female,1977-08-31,48,Electrician,Diploma,Single,A+,Indian,Chamarajanagar,PS0204
P003755,Bhavya Hiremath,Female,1970-04-14,56,Labour,High School,Widowed,AB-,Indian,Bengaluru Urban,PS0112
P003756,Anitha Sharma,Female,1981-09-16,44,Sales Executive,Graduate,Single,O+,Indian,Chikkaballapura,PS0239
P003757,Basavaraj Joshi,Male,1977-05-20,49,Carpenter,PUC,Divorced,A+,Indian,Bagalkote,PS0018
P003758,Vidya Angadi,Female,2006-05-06,20,Labour,Graduate,Divorced,O-,Indian,Chamarajanagar,PS0215
P003759,Darshan Poojary,Male,1984-08-05,41,Labour,Primary,Widowed,O-,Indian,Ballari,PS0027
P003760,Geetha Rao,Female,1982-07-04,44,Engineer,PhD,Married,A+,Indian,Bidar,PS0166
P003761,Anitha Naik,Female,1996-10-20,29,Sales Executive,Post Graduate,Single,B-,Indian,Chikkaballapura,PS0245
P003762,Roopa Kumar,Female,1955-03-27,71,Government Employee,PUC,Widowed,B+,Indian,Bagalkote,PS0018
P003763,Ramesh Rao,Male,1999-12-14,26,Carpenter,Diploma,Single,B-,Indian,Bengaluru Urban,PS0127
P003764,Suresh Hiremath,Male,2007-09-28,18,Unemployed,Graduate,Married,AB-,Indian,Belagavi,PS0067
P003765,Puneeth Shetty,Male,1975-02-11,51,Doctor,High School,Widowed,AB-,Indian,Chamarajanagar,PS0198
P003766,Akash Verma,Male,1976-05-05,50,Carpenter,Graduate,Single,AB+,Indian,Chamarajanagar,PS0219
P003767,Sneha Joshi,Female,1959-10-24,66,Business,High School,Married,B-,Indian,Bengaluru Rural,PS0103
P003768,Nandini Poojary,Female,1961-09-18,64,Electrician,Post Graduate,Divorced,A+,Indian,Belagavi,PS0059
P003769,Pradeep Kulkarni,Male,1983-03-02,43,Software Engineer,Graduate,Widowed,A+,Indian,Ballari,PS0032
P003770,Arjun Gowda,Male,1991-11-18,34,Farmer,PhD,Divorced,A-,Indian,Bidar,PS0162
P003771,Suresh Bhat,Male,1978-10-25,47,Software Engineer,Diploma,Widowed,O+,Indian,Bengaluru Urban,PS0133
P003772,Abhishek Shetty,Male,1964-09-01,61,Shop Owner,PUC,Single,B+,Indian,Chamarajanagar,PS0222
P003773,Roopa Kumar,Female,1992-07-17,34,Carpenter,No Formal Education,Widowed,O+,Indian,Chikkaballapura,PS0247
P003774,Manoj Shetty,Male,1968-05-28,58,Shop Owner,PUC,Single,AB-,Indian,Bagalkote,PS0023
P003775,Megha Bhat,Female,1992-08-11,33,Shop Owner,Graduate,Married,A+,Indian,Belagavi,PS0051
P003776,Deepa Kulkarni,Female,1984-01-20,42,Carpenter,Graduate,Single,B+,Indian,Bengaluru Urban,PS0145
P003777,Lakshmi Hegde,Female,1993-06-17,33,Student,PhD,Widowed,O-,Indian,Bengaluru Rural,PS0100
P003778,Vidya Rao,Female,1975-10-28,50,Teacher,PhD,Widowed,B-,Indian,Bengaluru Rural,PS0099
P003779,Ajay Singh,Male,1958-03-04,68,Student,High School,Married,O+,Indian,Bengaluru Rural,PS0094
P003780,Sangeetha Patil,Female,1993-01-17,33,Security Guard,No Formal Education,Married,B+,Indian,Chamarajanagar,PS0206
P003781,Arjun Hiremath,Male,1994-11-05,31,Software Engineer,Graduate,Single,O+,Indian,Bagalkote,PS0007
P003782,Harish Angadi,Male,1958-05-01,68,Labour,PhD,Single,A-,Indian,Bengaluru Urban,PS0132
P003783,Roopa Naik,Female,1970-06-28,56,Engineer,No Formal Education,Married,B-,Indian,Ballari,PS0035
P003784,Megha Angadi,Female,1957-12-22,68,Sales Executive,Post Graduate,Widowed,B+,Indian,Ballari,PS0031
P003785,Mahesh Shetty,Male,1961-08-18,64,Shop Owner,PUC,Married,B-,Indian,Bagalkote,PS0010
P003786,Puneeth Angadi,Male,1969-02-18,57,Security Guard,Post Graduate,Married,A-,Indian,Bidar,PS0174
P003787,Shivakumar Hegde,Male,1975-02-15,51,Student,PhD,Single,B+,Indian,Bidar,PS0167
P003788,Suresh Gowda,Male,1959-12-29,66,Shop Owner,High School,Married,B-,Indian,Bidar,PS0173
P003789,Keerthi Joshi,Female,1971-04-25,55,Sales Executive,No Formal Education,Divorced,AB+,Indian,Bengaluru Rural,PS0077
P003790,Nandini Kambali,Female,2003-01-14,23,Sales Executive,High School,Married,A+,Indian,Bengaluru Rural,PS0079
P003791,Lakshmi Patil,Female,1969-03-30,57,Mechanic,No Formal Education,Single,B+,Indian,Bidar,PS0165
P003792,Preethi Kambali,Female,1959-10-04,66,Electrician,Diploma,Widowed,O+,Indian,Bengaluru Urban,PS0130
P003793,Sowmya Hiremath,Female,1984-01-27,42,Teacher,Diploma,Widowed,O+,Indian,Belagavi,PS0055
P003794,Shivakumar Hiremath,Male,1992-05-28,34,Student,Post Graduate,Divorced,O-,Indian,Chamarajanagar,PS0225
P003795,Pradeep Siddiqui,Male,1978-01-23,48,Carpenter,High School,Divorced,O-,Indian,Bagalkote,PS0007
P003796,Harish Kambali,Male,1996-10-14,29,Lawyer,PhD,Widowed,AB+,Indian,Belagavi,PS0065
P003797,Harish Kumar,Male,1979-06-16,47,Labour,Graduate,Widowed,O-,Indian,Bidar,PS0170
P003798,Sunitha Gowda,Female,1993-12-07,32,Doctor,High School,Widowed,B+,Indian,Chikkaballapura,PS0249
P003799,Sneha Desai,Female,2001-11-14,24,Engineer,High School,Married,O+,Indian,Bidar,PS0190
P003800,Pradeep Siddiqui,Male,1988-11-18,37,Lawyer,Primary,Widowed,A+,Indian,Bengaluru Urban,PS0141
P003801,Naveen Rao,Male,1999-03-15,27,Doctor,Post Graduate,Single,AB-,Indian,Bidar,PS0184
P003802,Sangeetha Desai,Female,2003-09-10,22,Mechanic,No Formal Education,Married,A-,Indian,Bengaluru Urban,PS0120
P003803,Bhavya Bhat,Female,1997-05-04,29,Security Guard,Graduate,Single,B+,Indian,Bagalkote,PS0006
P003804,Preethi Pujari,Female,1972-02-16,54,Farmer,High School,Divorced,B+,Indian,Bengaluru Rural,PS0087
P003805,Nisha Kulkarni,Female,1979-03-25,47,Doctor,Post Graduate,Single,A-,Indian,Bagalkote,PS0011
P003806,Lokesh Kambali,Male,1978-06-24,48,Shop Owner,No Formal Education,Widowed,A+,Indian,Chamarajanagar,PS0213
P003807,Vinay Kumar,Male,2001-02-25,25,Nurse,PhD,Single,AB-,Indian,Bidar,PS0154
P003808,Arjun Poojary,Male,1996-12-04,29,Farmer,No Formal Education,Widowed,AB+,Indian,Bidar,PS0180
P003809,Suraj Sharma,Male,1975-03-07,51,Labour,Graduate,Widowed,O+,Indian,Bengaluru Rural,PS0072
P003810,Rekha Patil,Female,1981-05-07,45,Labour,Primary,Single,AB-,Indian,Bidar,PS0184
P003811,Rohit Gowda,Male,2006-03-13,20,Student,No Formal Education,Widowed,A+,Indian,Bengaluru Rural,PS0070
P003812,Vinay Kambali,Male,1987-06-27,39,Student,High School,Single,AB-,Indian,Bidar,PS0170
P003813,Manoj Kulkarni,Male,1980-12-06,45,Security Guard,PhD,Married,B-,Indian,Chamarajanagar,PS0209
P003814,Arjun Reddy,Male,1956-01-27,70,Driver,PhD,Divorced,O-,Indian,Bengaluru Urban,PS0121
P003815,Anitha Verma,Female,1984-12-10,41,Police,Post Graduate,Divorced,O-,Indian,Bidar,PS0156
P003816,Asha Shetty,Female,1986-02-02,40,Teacher,Post Graduate,Divorced,B+,Indian,Bidar,PS0189
P003817,Suraj Reddy,Male,1991-04-15,35,Electrician,Primary,Divorced,B-,Indian,Bengaluru Rural,PS0082
P003818,Megha Gowda,Female,1987-11-14,38,Doctor,PUC,Married,O-,Indian,Bengaluru Urban,PS0135
P003819,Shivakumar Verma,Male,1993-01-06,33,Nurse,PhD,Widowed,A-,Indian,Bengaluru Rural,PS0071
P003820,Sunitha Kumar,Female,2002-07-26,23,Carpenter,Graduate,Widowed,A-,Indian,Bengaluru Urban,PS0124
P003821,Megha Angadi,Female,1959-03-02,67,Software Engineer,Diploma,Widowed,A-,Indian,Chamarajanagar,PS0230
P003822,Asha Hiremath,Female,1958-02-16,68,Mechanic,No Formal Education,Married,AB-,Indian,Bagalkote,PS0021
P003823,Pooja Bhat,Female,1959-01-18,67,Software Engineer,PhD,Divorced,AB+,Indian,Bengaluru Urban,PS0128
P003824,Priya Hiremath,Female,2006-10-25,19,Shop Owner,Post Graduate,Married,B+,Indian,Bengaluru Urban,PS0144
P003825,Deepa Sharma,Female,1983-06-21,43,Teacher,PhD,Single,A-,Indian,Ballari,PS0033
P003826,Rohit Gowda,Male,2001-06-24,25,Software Engineer,Primary,Divorced,O+,Indian,Bagalkote,PS0020
P003827,Sowmya Angadi,Female,2004-09-10,21,Carpenter,PUC,Married,A-,Indian,Belagavi,PS0064
P003828,Prakash Hiremath,Male,1991-12-20,34,Farmer,PUC,Single,O-,Indian,Belagavi,PS0058
P003829,Chetan Joshi,Male,2002-09-19,23,Student,No Formal Education,Married,B+,Indian,Bengaluru Urban,PS0120
P003830,Asha Patil,Female,1986-01-21,40,Unemployed,PhD,Married,A+,Indian,Bengaluru Urban,PS0139
P003831,Kusuma Hegde,Female,1981-08-07,44,Shop Owner,High School,Widowed,A-,Indian,Ballari,PS0040
P003832,Rohit Bhat,Male,1997-03-17,29,Lawyer,Diploma,Widowed,AB+,Indian,Chikkaballapura,PS0244
P003833,Priya Bhat,Female,1970-08-28,55,Security Guard,PUC,Widowed,A-,Indian,Bengaluru Urban,PS0110
P003834,Sangeetha Kambali,Female,1977-08-12,48,Government Employee,High School,Single,AB+,Indian,Ballari,PS0042
P003835,Divya Verma,Female,1971-06-07,55,Government Employee,Graduate,Single,AB+,Indian,Bagalkote,PS0003
P003836,Vidya Patil,Female,1971-03-26,55,Labour,PhD,Widowed,O-,Indian,Bengaluru Urban,PS0117
P003837,Nandini Hegde,Female,1981-04-21,45,Lawyer,Graduate,Divorced,O-,Indian,Belagavi,PS0050
P003838,Divya Sharma,Female,1979-11-28,46,Student,Primary,Married,B-,Indian,Belagavi,PS0061
P003839,Priya Hegde,Female,1994-01-08,32,Driver,PhD,Divorced,A-,Indian,Bengaluru Rural,PS0075
P003840,Ajay Desai,Male,1977-05-10,49,Mechanic,No Formal Education,Single,B+,Indian,Bengaluru Urban,PS0149
P003841,Geetha Pujari,Female,1980-09-08,45,Electrician,PhD,Married,O+,Indian,Bagalkote,PS0008
P003842,Shreya Naik,Female,1961-04-09,65,Software Engineer,Post Graduate,Widowed,B+,Indian,Bidar,PS0165
P003843,Pradeep Sharma,Male,1960-07-27,65,Sales Executive,No Formal Education,Widowed,AB-,Indian,Ballari,PS0032
P003844,Sowmya Kumar,Female,1983-05-11,43,Police,Primary,Widowed,A+,Indian,Chamarajanagar,PS0193
P003845,Pradeep Patil,Male,1995-04-30,31,Electrician,PUC,Married,A+,Indian,Bagalkote,PS0024
P003846,Siddu Verma,Male,1970-10-24,55,Government Employee,Primary,Widowed,B+,Indian,Bagalkote,PS0001
P003847,Megha Verma,Female,1986-08-05,39,Labour,PUC,Single,A-,Indian,Bidar,PS0167
P003848,Chetan Reddy,Male,1973-10-24,52,Shop Owner,No Formal Education,Widowed,B+,Indian,Ballari,PS0039
P003849,Harini Gowda,Female,1990-06-12,36,Labour,Primary,Divorced,AB+,Indian,Bengaluru Urban,PS0139
P003850,Radhika Pujari,Female,1984-09-21,41,Mechanic,Post Graduate,Widowed,B-,Indian,Chikkaballapura,PS0240
P003851,Shreya Hegde,Female,1981-08-06,44,Doctor,No Formal Education,Married,B+,Indian,Ballari,PS0042
P003852,Sneha Reddy,Female,1970-05-16,56,Mechanic,Post Graduate,Widowed,A+,Indian,Chamarajanagar,PS0206
P003853,Geetha Angadi,Female,1979-06-13,47,Nurse,Diploma,Married,B+,Indian,Bidar,PS0157
P003854,Keerthi Gowda,Female,1984-06-15,42,Teacher,No Formal Education,Married,A-,Indian,Bidar,PS0181
P003855,Siddu Shetty,Male,2003-06-25,23,Shop Owner,PhD,Single,B+,Indian,Bidar,PS0162
P003856,Puneeth Shetty,Male,1956-07-03,70,Business,Post Graduate,Widowed,O+,Indian,Bengaluru Rural,PS0086
P003857,Sneha Verma,Female,1998-02-10,28,Shop Owner,Post Graduate,Married,O+,Indian,Bengaluru Urban,PS0122
P003858,Pooja Poojary,Female,1967-12-03,58,Mechanic,PhD,Widowed,A+,Indian,Bengaluru Rural,PS0087
P003859,Manoj Kumar,Male,2000-05-18,26,Government Employee,PhD,Married,AB+,Indian,Chikkaballapura,PS0240
P003860,Divya Kumar,Female,1991-06-27,35,Driver,PUC,Married,AB+,Indian,Bengaluru Urban,PS0124
P003861,Geetha Siddiqui,Female,1988-01-15,38,Government Employee,PUC,Divorced,O+,Indian,Bengaluru Rural,PS0091
P003862,Ramesh Siddiqui,Male,1966-07-31,59,Sales Executive,PhD,Single,A+,Indian,Chikkaballapura,PS0249
P003863,Swathi Rao,Female,1985-06-21,41,Mechanic,Graduate,Widowed,B-,Indian,Bengaluru Rural,PS0109
P003864,Manoj Verma,Male,1974-10-17,51,Teacher,High School,Divorced,O-,Indian,Bengaluru Rural,PS0085
P003865,Suraj Shetty,Male,1977-11-02,48,Engineer,High School,Divorced,AB-,Indian,Chamarajanagar,PS0197
P003866,Megha Singh,Female,2001-10-04,24,Unemployed,PUC,Widowed,O-,Indian,Belagavi,PS0058
P003867,Suraj Naik,Male,1964-04-30,62,Labour,PhD,Single,AB-,Indian,Bidar,PS0178
P003868,Anitha Bhat,Female,1990-11-11,35,Sales Executive,PUC,Widowed,AB-,Indian,Bengaluru Rural,PS0106
P003869,Radhika Kumar,Female,1981-08-24,44,Lawyer,Diploma,Widowed,O-,Indian,Bengaluru Urban,PS0112
P003870,Ramesh Shetty,Male,1970-12-31,55,Unemployed,Primary,Married,AB+,Indian,Bengaluru Rural,PS0100
P003871,Deepa Kambali,Female,1996-09-27,29,Sales Executive,No Formal Education,Single,O+,Indian,Ballari,PS0043
P003872,Vijay Angadi,Male,1978-06-26,48,Carpenter,Diploma,Married,O+,Indian,Bengaluru Rural,PS0094
P003873,Kavya Poojary,Female,1992-01-06,34,Student,Graduate,Married,A+,Indian,Belagavi,PS0069
P003874,Manoj Gowda,Male,1975-03-22,51,Police,No Formal Education,Single,B-,Indian,Bengaluru Rural,PS0095
P003875,Divya Desai,Female,1967-11-25,58,Shop Owner,PUC,Married,AB-,Indian,Chikkaballapura,PS0249
P003876,Harini Angadi,Female,1959-10-14,66,Carpenter,Primary,Single,A+,Indian,Ballari,PS0028
P003877,Prakash Rao,Male,1973-07-18,53,Sales Executive,Diploma,Married,AB-,Indian,Chamarajanagar,PS0195
P003878,Keerthi Kumar,Female,1966-08-07,59,Sales Executive,PhD,Married,O-,Indian,Belagavi,PS0059
P003879,Naveen Desai,Male,1987-10-27,38,Unemployed,Post Graduate,Divorced,O-,Indian,Belagavi,PS0068
P003880,Deepa Poojary,Female,1985-07-23,41,Security Guard,Graduate,Divorced,AB-,Indian,Bagalkote,PS0010
P003881,Naveen Hegde,Male,1976-07-13,50,Nurse,High School,Single,O-,Indian,Chamarajanagar,PS0198
P003882,Suraj Pujari,Male,1987-09-15,38,Electrician,Primary,Married,AB-,Indian,Bengaluru Urban,PS0144
P003883,Pradeep Hegde,Male,1966-10-02,59,Software Engineer,High School,Single,O-,Indian,Bagalkote,PS0012
P003884,Abhishek Reddy,Male,1990-05-19,36,Carpenter,Primary,Single,B+,Indian,Belagavi,PS0046
P003885,Suraj Kulkarni,Male,1999-02-02,27,Electrician,Diploma,Divorced,B+,Indian,Chamarajanagar,PS0224
P003886,Basavaraj Rao,Male,1958-08-15,67,Teacher,PhD,Widowed,AB+,Indian,Bengaluru Rural,PS0105
P003887,Lakshmi Kumar,Female,2001-01-05,25,Shop Owner,High School,Divorced,A+,Indian,Bengaluru Urban,PS0141
P003888,Siddu Kulkarni,Male,1976-09-15,49,Driver,Primary,Married,AB+,Indian,Bidar,PS0178
P003889,Priya Shetty,Female,2007-04-13,19,Business,Post Graduate,Married,AB+,Indian,Ballari,PS0027
P003890,Sanjay Joshi,Male,1963-02-05,63,Driver,Primary,Single,AB-,Indian,Bengaluru Urban,PS0148
P003891,Prakash Poojary,Male,2006-04-15,20,Carpenter,No Formal Education,Single,AB+,Indian,Belagavi,PS0064
P003892,Radhika Joshi,Female,1962-12-11,63,Teacher,PUC,Married,AB-,Indian,Bengaluru Rural,PS0087
P003893,Shreya Kumar,Female,1962-09-30,63,Shop Owner,Primary,Single,B-,Indian,Bagalkote,PS0005
P003894,Sangeetha Sharma,Female,1978-07-03,48,Mechanic,Graduate,Widowed,A-,Indian,Bagalkote,PS0024
P003895,Ramesh Angadi,Male,1993-10-17,32,Driver,PhD,Widowed,O+,Indian,Chamarajanagar,PS0211
P003896,Akash Poojary,Male,1976-06-17,50,Electrician,High School,Single,A-,Indian,Bengaluru Urban,PS0118
P003897,Rahul Shetty,Male,1962-09-29,63,Business,Primary,Married,A+,Indian,Belagavi,PS0063
P003898,Suraj Hiremath,Male,1982-05-23,44,Shop Owner,No Formal Education,Married,A+,Indian,Chamarajanagar,PS0232
P003899,Sanjay Desai,Male,1991-12-23,34,Electrician,Graduate,Married,B-,Indian,Ballari,PS0032
P003900,Siddu Hiremath,Male,1964-08-29,61,Security Guard,No Formal Education,Married,A-,Indian,Chamarajanagar,PS0224
P003901,Ramesh Hegde,Male,1990-03-21,36,Shop Owner,PUC,Single,O-,Indian,Chamarajanagar,PS0222
P003902,Vijay Singh,Male,1990-10-08,35,Government Employee,No Formal Education,Divorced,A-,Indian,Bengaluru Urban,PS0119
P003903,Divya Kumar,Female,1974-07-12,52,Shop Owner,Primary,Single,O-,Indian,Bagalkote,PS0002
P003904,Kavya Hegde,Female,1957-09-15,68,Farmer,PUC,Married,B+,Indian,Bengaluru Rural,PS0097
P003905,Abhishek Sharma,Male,1979-06-11,47,Lawyer,Graduate,Widowed,A+,Indian,Ballari,PS0045
P003906,Divya Joshi,Female,2001-08-01,24,Government Employee,Post Graduate,Divorced,A+,Indian,Chamarajanagar,PS0222
P003907,Keerthi Kulkarni,Female,1968-10-08,57,Software Engineer,PhD,Married,B-,Indian,Bengaluru Rural,PS0097
P003908,Siddu Desai,Male,1973-09-30,52,Farmer,Post Graduate,Single,B-,Indian,Chamarajanagar,PS0205
P003909,Anitha Pujari,Female,1961-11-22,64,Doctor,No Formal Education,Divorced,O-,Indian,Bengaluru Urban,PS0152
P003910,Ramesh Hiremath,Male,1989-01-04,37,Business,No Formal Education,Widowed,O+,Indian,Bidar,PS0160
P003911,Priya Kumar,Female,1985-12-26,40,Unemployed,Diploma,Widowed,O+,Indian,Bagalkote,PS0019
P003912,Roopa Angadi,Female,1977-01-11,49,Teacher,PUC,Married,O-,Indian,Bidar,PS0186
P003913,Rahul Poojary,Male,1964-09-12,61,Carpenter,No Formal Education,Single,O-,Indian,Bengaluru Rural,PS0083
P003914,Ajay Siddiqui,Male,1959-05-11,67,Shop Owner,Post Graduate,Married,B-,Indian,Bidar,PS0178
P003915,Ramesh Bhat,Male,1974-05-02,52,Student,Post Graduate,Divorced,O-,Indian,Bengaluru Rural,PS0105
P003916,Megha Kambali,Female,2002-03-15,24,Shop Owner,PUC,Married,B-,Indian,Bengaluru Rural,PS0092
P003917,Swathi Angadi,Female,1955-06-20,71,Security Guard,PhD,Married,B+,Indian,Bengaluru Rural,PS0086
P003918,Harini Patil,Female,1988-07-15,38,Shop Owner,Graduate,Divorced,AB-,Indian,Bengaluru Rural,PS0072
P003919,Kusuma Naik,Female,1973-12-24,52,Unemployed,Primary,Widowed,A+,Indian,Belagavi,PS0049
P003920,Suraj Pujari,Male,1969-10-23,56,Police,Post Graduate,Widowed,B-,Indian,Ballari,PS0038
P003921,Lakshmi Desai,Female,2005-06-22,21,Business,High School,Married,A+,Indian,Bidar,PS0166
P003922,Ajay Sharma,Male,1991-11-22,34,Lawyer,PhD,Divorced,AB+,Indian,Bengaluru Rural,PS0086
P003923,Shreya Joshi,Female,2001-05-28,25,Labour,PhD,Divorced,A-,Indian,Bidar,PS0166
P003924,Nisha Poojary,Female,1962-12-04,63,Teacher,No Formal Education,Widowed,B-,Indian,Chamarajanagar,PS0226
P003925,Harish Hegde,Male,1985-12-20,40,Driver,PhD,Widowed,O+,Indian,Bengaluru Rural,PS0085
P003926,Kiran Joshi,Male,1987-02-24,39,Mechanic,Diploma,Single,A-,Indian,Bagalkote,PS0019
P003927,Puneeth Joshi,Male,1977-09-14,48,Doctor,Graduate,Widowed,B+,Indian,Bidar,PS0156
P003928,Pradeep Bhat,Male,1974-03-20,52,Nurse,Primary,Single,O+,Indian,Chamarajanagar,PS0218
P003929,Anjali Naik,Female,1982-07-15,44,Nurse,No Formal Education,Married,O+,Indian,Bengaluru Urban,PS0137
P003930,Rohit Pujari,Male,1969-12-05,56,Nurse,No Formal Education,Divorced,AB-,Indian,Bidar,PS0163
P003931,Rekha Siddiqui,Female,1979-03-10,47,Nurse,Graduate,Divorced,B+,Indian,Chamarajanagar,PS0212
P003932,Sowmya Sharma,Female,1989-01-26,37,Mechanic,Diploma,Married,O-,Indian,Bengaluru Urban,PS0138
P003933,Divya Joshi,Female,1957-06-13,69,Business,Diploma,Divorced,AB-,Indian,Bidar,PS0188
P003934,Swathi Hiremath,Female,1986-10-10,39,Labour,Post Graduate,Single,A+,Indian,Bagalkote,PS0006
P003935,Rahul Reddy,Male,1963-04-27,63,Unemployed,Post Graduate,Married,B+,Indian,Bengaluru Urban,PS0141
P003936,Sunitha Patil,Female,1974-10-14,51,Mechanic,Post Graduate,Widowed,AB+,Indian,Bengaluru Rural,PS0080
P003937,Pradeep Naik,Male,1994-12-04,31,Business,Post Graduate,Married,AB-,Indian,Bengaluru Rural,PS0091
P003938,Sanjay Hegde,Male,1995-06-17,31,Student,PUC,Divorced,A+,Indian,Bengaluru Urban,PS0127
P003939,Suresh Kulkarni,Male,1957-12-22,68,Shop Owner,Primary,Single,B-,Indian,Bagalkote,PS0012
P003940,Vidya Joshi,Female,1956-09-23,69,Police,Diploma,Divorced,AB+,Indian,Bagalkote,PS0012
P003941,Shivakumar Poojary,Male,1996-07-28,29,Engineer,No Formal Education,Widowed,B+,Indian,Bengaluru Rural,PS0079
P003942,Preethi Hegde,Female,2006-09-17,19,Carpenter,Primary,Divorced,B+,Indian,Chamarajanagar,PS0208
P003943,Asha Bhat,Female,1989-09-26,36,Labour,Graduate,Divorced,B+,Indian,Chamarajanagar,PS0225
P003944,Puneeth Poojary,Male,1986-09-25,39,Labour,High School,Widowed,AB-,Indian,Bengaluru Urban,PS0128
P003945,Ganesh Kumar,Male,1956-01-28,70,Farmer,Post Graduate,Single,O-,Indian,Bengaluru Urban,PS0120
P003946,Ajay Bhat,Male,1996-05-09,30,Security Guard,Diploma,Divorced,B+,Indian,Belagavi,PS0063
P003947,Naveen Naik,Male,1991-09-20,34,Business,PUC,Married,O+,Indian,Bengaluru Urban,PS0148
P003948,Sangeetha Pujari,Female,1998-08-21,27,Doctor,No Formal Education,Single,A-,Indian,Chamarajanagar,PS0224
P003949,Priya Verma,Female,2004-11-24,21,Farmer,High School,Divorced,AB-,Indian,Bidar,PS0159
P003950,Bhavya Reddy,Female,1976-06-23,50,Engineer,Diploma,Divorced,AB+,Indian,Ballari,PS0028
P003951,Pradeep Bhat,Male,1970-08-02,55,Police,Graduate,Divorced,B+,Indian,Chamarajanagar,PS0222
P003952,Chetan Rao,Male,1998-05-14,28,Driver,PhD,Divorced,O+,Indian,Bengaluru Rural,PS0106
P003953,Preethi Kambali,Female,1966-03-09,60,Business,No Formal Education,Married,O+,Indian,Chikkaballapura,PS0250
P003954,Bhavya Joshi,Female,1995-12-10,30,Government Employee,Primary,Single,AB-,Indian,Chamarajanagar,PS0216
P003955,Puneeth Reddy,Male,2002-01-26,24,Sales Executive,No Formal Education,Divorced,A-,Indian,Bengaluru Urban,PS0124
P003956,Vinay Hiremath,Male,1965-11-03,60,Farmer,Post Graduate,Single,A-,Indian,Ballari,PS0034
P003957,Bhavya Joshi,Female,1977-11-03,48,Nurse,Primary,Single,B-,Indian,Bengaluru Rural,PS0086
P003958,Abhishek Hiremath,Male,1996-01-16,30,Software Engineer,Diploma,Married,AB+,Indian,Bengaluru Urban,PS0110
P003959,Lakshmi Pujari,Female,2004-01-15,22,Carpenter,High School,Married,O-,Indian,Bengaluru Rural,PS0072
P003960,Megha Kambali,Female,1999-06-18,27,Sales Executive,No Formal Education,Single,O-,Indian,Chamarajanagar,PS0226
P003961,Chetan Patil,Male,1985-07-23,41,Police,High School,Divorced,A-,Indian,Bidar,PS0161
P003962,Rohit Siddiqui,Male,2004-10-13,21,Student,High School,Married,O+,Indian,Bengaluru Rural,PS0076
P003963,Preethi Hiremath,Female,1960-06-02,66,Unemployed,Post Graduate,Widowed,O+,Indian,Bengaluru Rural,PS0091
P003964,Manoj Kambali,Male,1993-08-11,32,Software Engineer,PUC,Married,AB-,Indian,Bengaluru Rural,PS0098
P003965,Divya Singh,Female,1982-08-01,43,Nurse,High School,Single,A+,Indian,Bengaluru Urban,PS0132
P003966,Ramesh Poojary,Male,1955-11-12,70,Security Guard,No Formal Education,Widowed,A+,Indian,Belagavi,PS0069
P003967,Vinay Pujari,Male,1960-06-14,66,Mechanic,Post Graduate,Widowed,B-,Indian,Belagavi,PS0056
P003968,Arjun Poojary,Male,1958-02-24,68,Security Guard,PUC,Divorced,AB+,Indian,Ballari,PS0044
P003969,Darshan Singh,Male,1999-02-11,27,Electrician,PhD,Widowed,B+,Indian,Bengaluru Urban,PS0122
P003970,Deepa Gowda,Female,1997-08-05,28,Electrician,Diploma,Divorced,O+,Indian,Bengaluru Urban,PS0126
P003971,Keerthi Patil,Female,1993-04-25,33,Government Employee,Post Graduate,Divorced,AB+,Indian,Chamarajanagar,PS0227
P003972,Abhishek Angadi,Male,2000-09-27,25,Driver,Primary,Widowed,AB+,Indian,Bengaluru Urban,PS0125
P003973,Nandini Hiremath,Female,1986-05-27,40,Student,No Formal Education,Married,AB+,Indian,Chikkaballapura,PS0244
P003974,Sunitha Patil,Female,1968-05-19,58,Engineer,High School,Widowed,B+,Indian,Ballari,PS0041
P003975,Radhika Sharma,Female,1960-03-26,66,Business,High School,Widowed,AB+,Indian,Bengaluru Rural,PS0089
P003976,Pooja Kulkarni,Female,1994-10-09,31,Police,PUC,Single,A+,Indian,Chikkaballapura,PS0242
P003977,Sunitha Joshi,Female,1958-07-09,68,Nurse,PUC,Divorced,A-,Indian,Bagalkote,PS0017
P003978,Sowmya Hegde,Female,1968-02-27,58,Teacher,Diploma,Widowed,O+,Indian,Ballari,PS0043
P003979,Deepa Naik,Female,1966-03-24,60,Carpenter,PUC,Widowed,A+,Indian,Bengaluru Rural,PS0104
P003980,Puneeth Kulkarni,Male,1973-11-01,52,Nurse,Post Graduate,Married,B-,Indian,Bengaluru Rural,PS0085
P003981,Vinay Singh,Male,1975-09-07,50,Business,Diploma,Married,B+,Indian,Chamarajanagar,PS0219
P003982,Rekha Desai,Female,1969-04-18,57,Mechanic,PUC,Widowed,B+,Indian,Belagavi,PS0048
P003983,Vinay Shetty,Male,1971-09-16,54,Carpenter,PUC,Single,A+,Indian,Bengaluru Rural,PS0096
P003984,Basavaraj Sharma,Male,1997-04-21,29,Engineer,No Formal Education,Divorced,B+,Indian,Bengaluru Urban,PS0115
P003985,Ajay Gowda,Male,1973-05-04,53,Sales Executive,No Formal Education,Divorced,B-,Indian,Chikkaballapura,PS0244
P003986,Vijay Rao,Male,1966-02-08,60,Shop Owner,PUC,Divorced,AB-,Indian,Bidar,PS0181
P003987,Anitha Reddy,Female,1966-06-22,60,Software Engineer,PhD,Single,AB+,Indian,Belagavi,PS0053
P003988,Nisha Verma,Female,1964-01-24,62,Security Guard,Graduate,Single,O-,Indian,Bengaluru Urban,PS0146
P003989,Preethi Desai,Female,2003-06-24,23,Student,Post Graduate,Divorced,AB-,Indian,Bidar,PS0173
P003990,Megha Bhat,Female,1967-12-05,58,Farmer,Graduate,Widowed,B-,Indian,Bagalkote,PS0010
P003991,Radhika Shetty,Female,1994-01-12,32,Electrician,No Formal Education,Divorced,B-,Indian,Bengaluru Rural,PS0094
P003992,Chetan Verma,Male,1972-10-13,53,Unemployed,Post Graduate,Divorced,B-,Indian,Ballari,PS0045
P003993,Sangeetha Patil,Female,2002-03-16,24,Shop Owner,PUC,Single,B-,Indian,Bengaluru Urban,PS0149
P003994,Radhika Angadi,Female,1997-01-19,29,Mechanic,PUC,Married,A-,Indian,Bidar,PS0167
P003995,Priya Sharma,Female,1969-10-20,56,Farmer,Graduate,Widowed,AB-,Indian,Bidar,PS0164
P003996,Sunitha Reddy,Female,1957-09-05,68,Teacher,Graduate,Single,O+,Indian,Chamarajanagar,PS0214
P003997,Shreya Siddiqui,Female,2002-01-04,24,Nurse,No Formal Education,Widowed,O-,Indian,Bengaluru Rural,PS0091
P003998,Suraj Poojary,Male,1992-06-17,34,Government Employee,Primary,Divorced,O+,Indian,Bengaluru Rural,PS0073
P003999,Manoj Kambali,Male,2007-05-10,19,Software Engineer,Primary,Single,B-,Indian,Chamarajanagar,PS0198
P004000,Pooja Bhat,Female,1968-02-26,58,Government Employee,Post Graduate,Married,B+,Indian,Chikkaballapura,PS0246
P004001,Naveen Kulkarni,Male,2005-10-11,20,Nurse,PUC,Widowed,AB+,Indian,Bengaluru Rural,PS0082
P004002,Sanjay Singh,Male,1975-06-11,51,Unemployed,Diploma,Divorced,AB+,Indian,Chamarajanagar,PS0197
P004003,Ramesh Kambali,Male,2005-07-01,21,Software Engineer,Graduate,Divorced,O+,Indian,Bengaluru Rural,PS0083
P004004,Shreya Siddiqui,Female,1988-01-06,38,Business,Primary,Widowed,A+,Indian,Bidar,PS0160
P004005,Lakshmi Gowda,Female,1959-10-22,66,Teacher,Primary,Single,B+,Indian,Bidar,PS0181
P004006,Lakshmi Desai,Female,1988-09-26,37,Police,High School,Divorced,O+,Indian,Bagalkote,PS0023
P004007,Lakshmi Shetty,Female,1970-04-02,56,Business,Diploma,Widowed,AB+,Indian,Bidar,PS0189
P004008,Lokesh Reddy,Male,1993-03-23,33,Nurse,No Formal Education,Single,A-,Indian,Bagalkote,PS0021
P004009,Lokesh Kumar,Male,1982-02-15,44,Shop Owner,Post Graduate,Widowed,A+,Indian,Chikkaballapura,PS0245
P004010,Lakshmi Patil,Female,1992-01-31,34,Electrician,Diploma,Widowed,B-,Indian,Bidar,PS0158
P004011,Sowmya Kulkarni,Female,1987-07-28,38,Lawyer,Primary,Widowed,O+,Indian,Bidar,PS0179
P004012,Basavaraj Angadi,Male,1957-01-30,69,Unemployed,PUC,Widowed,A-,Indian,Bengaluru Urban,PS0135
P004013,Megha Kulkarni,Female,2005-03-03,21,Farmer,No Formal Education,Divorced,AB-,Indian,Bagalkote,PS0006
P004014,Geetha Sharma,Female,1979-05-24,47,Labour,Post Graduate,Divorced,AB+,Indian,Bengaluru Urban,PS0134
P004015,Vidya Rao,Female,1975-12-23,50,Shop Owner,PhD,Single,AB-,Indian,Chikkaballapura,PS0237
P004016,Ganesh Hiremath,Male,1957-09-09,68,Carpenter,Post Graduate,Widowed,AB-,Indian,Bengaluru Urban,PS0140
P004017,Ravi Rao,Male,1994-09-12,31,Shop Owner,Diploma,Widowed,O-,Indian,Chamarajanagar,PS0215
P004018,Sanjay Pujari,Male,2003-06-04,23,Mechanic,PUC,Widowed,AB+,Indian,Bagalkote,PS0017
P004019,Siddu Joshi,Male,1986-10-29,39,Engineer,Post Graduate,Divorced,B-,Indian,Chamarajanagar,PS0213
P004020,Mahesh Shetty,Male,1984-01-05,42,Engineer,High School,Married,A+,Indian,Chamarajanagar,PS0229
P004021,Asha Desai,Female,1969-11-02,56,Lawyer,PUC,Divorced,B-,Indian,Bengaluru Rural,PS0077
P004022,Asha Pujari,Female,1991-05-25,35,Unemployed,Graduate,Married,A-,Indian,Chamarajanagar,PS0225
P004023,Siddu Naik,Male,1986-11-28,39,Nurse,No Formal Education,Married,O-,Indian,Bagalkote,PS0003
P004024,Rahul Pujari,Male,2003-12-23,22,Engineer,PUC,Divorced,AB+,Indian,Bagalkote,PS0002
P004025,Radhika Bhat,Female,1989-04-01,37,Labour,No Formal Education,Divorced,A+,Indian,Bengaluru Urban,PS0120
P004026,Vinay Desai,Male,1978-04-15,48,Sales Executive,Diploma,Widowed,O+,Indian,Chamarajanagar,PS0222
P004027,Darshan Reddy,Male,1993-03-22,33,Doctor,High School,Married,A-,Indian,Bengaluru Urban,PS0123
P004028,Kavya Sharma,Female,2006-07-18,20,Nurse,Graduate,Divorced,O+,Indian,Bengaluru Urban,PS0135
P004029,Chetan Hiremath,Male,1958-12-26,67,Engineer,Diploma,Single,AB-,Indian,Bidar,PS0190
P004030,Ramesh Rao,Male,1988-06-12,38,Teacher,Post Graduate,Widowed,A+,Indian,Belagavi,PS0069
P004031,Siddu Sharma,Male,2001-04-04,25,Carpenter,Graduate,Single,A+,Indian,Belagavi,PS0066
P004032,Sanjay Hegde,Male,1998-03-27,28,Business,No Formal Education,Single,A+,Indian,Bidar,PS0183
P004033,Akash Bhat,Male,1986-09-28,39,Sales Executive,Primary,Single,AB-,Indian,Chamarajanagar,PS0201
P004034,Mahesh Siddiqui,Male,1963-02-17,63,Unemployed,Diploma,Single,B-,Indian,Bengaluru Rural,PS0100
P004035,Anitha Kulkarni,Female,1958-03-31,68,Software Engineer,Graduate,Single,A-,Indian,Bagalkote,PS0003
P004036,Siddu Hiremath,Male,1991-12-11,34,Shop Owner,PhD,Single,O+,Indian,Chamarajanagar,PS0214
P004037,Divya Poojary,Female,1955-09-13,70,Shop Owner,No Formal Education,Divorced,B+,Indian,Bengaluru Rural,PS0081
P004038,Pradeep Shetty,Male,2005-02-07,21,Software Engineer,No Formal Education,Widowed,A-,Indian,Chamarajanagar,PS0194
P004039,Divya Patil,Female,1974-09-27,51,Business,High School,Single,B-,Indian,Belagavi,PS0058
P004040,Preethi Kulkarni,Female,1969-08-22,56,Teacher,No Formal Education,Divorced,A+,Indian,Chamarajanagar,PS0208
P004041,Siddu Rao,Male,1997-11-19,28,Doctor,PhD,Widowed,AB-,Indian,Belagavi,PS0046
P004042,Bhavya Patil,Female,1995-04-12,31,Lawyer,No Formal Education,Widowed,O+,Indian,Bengaluru Rural,PS0089
P004043,Rohit Shetty,Male,1992-03-09,34,Teacher,No Formal Education,Married,A+,Indian,Bengaluru Rural,PS0103
P004044,Preethi Kulkarni,Female,1961-08-03,64,Labour,Graduate,Widowed,A-,Indian,Chamarajanagar,PS0199
P004045,Kiran Naik,Male,2004-09-25,21,Labour,No Formal Education,Single,A-,Indian,Bengaluru Urban,PS0145
P004046,Darshan Patil,Male,1975-08-21,50,Unemployed,PUC,Married,A+,Indian,Bengaluru Urban,PS0114
P004047,Naveen Kulkarni,Male,2007-05-15,19,Mechanic,PhD,Married,A+,Indian,Bengaluru Rural,PS0085
P004048,Vidya Patil,Female,1974-11-04,51,Farmer,Diploma,Divorced,O+,Indian,Chamarajanagar,PS0193
P004049,Shivakumar Kumar,Male,2007-04-11,19,Nurse,Primary,Widowed,A+,Indian,Bengaluru Urban,PS0152
P004050,Deepa Kumar,Female,1985-11-03,40,Driver,Primary,Single,B+,Indian,Bidar,PS0174
P004051,Siddu Rao,Male,1992-11-16,33,Student,Primary,Widowed,AB+,Indian,Bengaluru Urban,PS0124
P004052,Pradeep Kambali,Male,1956-03-12,70,Lawyer,Diploma,Widowed,A+,Indian,Bengaluru Urban,PS0143
P004053,Pradeep Angadi,Male,1999-10-26,26,Farmer,Diploma,Single,B-,Indian,Ballari,PS0040
P004054,Shreya Hiremath,Female,1984-03-20,42,Lawyer,Diploma,Divorced,A+,Indian,Bagalkote,PS0009
P004055,Priya Hiremath,Female,1984-10-27,41,Mechanic,No Formal Education,Widowed,B+,Indian,Chikkaballapura,PS0238
P004056,Asha Hegde,Female,1990-09-27,35,Labour,PUC,Divorced,A+,Indian,Bagalkote,PS0009
P004057,Asha Patil,Female,1979-08-07,46,Doctor,Diploma,Married,A+,Indian,Bengaluru Urban,PS0149
P004058,Radhika Kulkarni,Female,1995-10-04,30,Sales Executive,Post Graduate,Married,AB-,Indian,Bengaluru Rural,PS0075
P004059,Darshan Siddiqui,Male,2002-11-16,23,Electrician,PhD,Widowed,O+,Indian,Chamarajanagar,PS0223
P004060,Lokesh Kulkarni,Male,1972-07-07,54,Engineer,Primary,Widowed,AB+,Indian,Bengaluru Urban,PS0142
P004061,Sneha Pujari,Female,1990-12-18,35,Farmer,PhD,Divorced,O+,Indian,Bengaluru Rural,PS0095
P004062,Preethi Kumar,Female,1967-02-02,59,Nurse,High School,Widowed,O+,Indian,Bengaluru Urban,PS0115
P004063,Kiran Desai,Male,1989-09-18,36,Teacher,Post Graduate,Widowed,A+,Indian,Belagavi,PS0046
P004064,Suraj Angadi,Male,2001-11-02,24,Teacher,Diploma,Widowed,O+,Indian,Bengaluru Urban,PS0126
P004065,Anitha Gowda,Female,1966-03-17,60,Nurse,Graduate,Widowed,B+,Indian,Bengaluru Rural,PS0107
P004066,Sangeetha Poojary,Female,1981-07-01,45,Engineer,High School,Single,AB-,Indian,Chamarajanagar,PS0200
P004067,Sneha Rao,Female,1962-10-13,63,Teacher,Graduate,Married,AB+,Indian,Bidar,PS0164
P004068,Ramesh Hegde,Male,1968-07-31,57,Carpenter,Post Graduate,Single,A+,Indian,Bidar,PS0174
P004069,Sangeetha Pujari,Female,1982-09-18,43,Unemployed,Post Graduate,Single,O-,Indian,Bengaluru Rural,PS0099
P004070,Kiran Kulkarni,Male,1960-01-28,66,Carpenter,High School,Single,AB-,Indian,Ballari,PS0043
P004071,Naveen Rao,Male,1962-11-12,63,Business,Primary,Divorced,AB-,Indian,Chamarajanagar,PS0234
P004072,Priya Hegde,Female,1975-08-18,50,Electrician,High School,Married,B+,Indian,Ballari,PS0040
P004073,Puneeth Naik,Male,1955-08-06,70,Unemployed,Primary,Married,AB+,Indian,Chamarajanagar,PS0202
P004074,Sangeetha Sharma,Female,1964-10-11,61,Lawyer,Primary,Divorced,A+,Indian,Bidar,PS0189
P004075,Sowmya Sharma,Female,1978-10-18,47,Business,PhD,Widowed,B+,Indian,Bidar,PS0159
P004076,Kavya Patil,Female,1963-09-03,62,Farmer,Post Graduate,Married,B-,Indian,Bagalkote,PS0023
P004077,Ramesh Poojary,Male,2005-10-06,20,Mechanic,Primary,Single,A+,Indian,Bengaluru Rural,PS0101
P004078,Basavaraj Hiremath,Male,1989-05-07,37,Teacher,Diploma,Married,O+,Indian,Belagavi,PS0052
P004079,Keerthi Pujari,Female,1994-01-17,32,Business,Graduate,Divorced,O-,Indian,Ballari,PS0030
P004080,Megha Kulkarni,Female,1966-06-09,60,Labour,PUC,Divorced,B+,Indian,Bengaluru Urban,PS0116
P004081,Puneeth Poojary,Male,1968-05-17,58,Carpenter,Diploma,Divorced,B+,Indian,Bengaluru Rural,PS0087
P004082,Chetan Hegde,Male,1973-03-05,53,Carpenter,Primary,Single,O-,Indian,Chamarajanagar,PS0196
P004083,Ravi Kumar,Male,1984-09-15,41,Engineer,PUC,Divorced,AB-,Indian,Bidar,PS0159
P004084,Nisha Kambali,Female,2002-04-21,24,Driver,PhD,Married,A+,Indian,Bidar,PS0157
P004085,Keerthi Desai,Female,1997-06-02,29,Labour,Post Graduate,Widowed,A+,Indian,Ballari,PS0045
P004086,Ravi Kambali,Male,1999-06-03,27,Electrician,Graduate,Widowed,A-,Indian,Bengaluru Urban,PS0123
P004087,Arjun Siddiqui,Male,1997-05-27,29,Carpenter,PUC,Single,B-,Indian,Bagalkote,PS0023
P004088,Harini Kulkarni,Female,1972-01-04,54,Farmer,Graduate,Married,O+,Indian,Bidar,PS0183
P004089,Kiran Siddiqui,Male,1958-02-03,68,Government Employee,Diploma,Single,AB+,Indian,Bengaluru Urban,PS0143
P004090,Nisha Kumar,Female,1965-12-04,60,Student,Post Graduate,Single,AB+,Indian,Bengaluru Urban,PS0143
P004091,Deepa Patil,Female,1989-04-07,37,Electrician,Graduate,Widowed,AB+,Indian,Bengaluru Rural,PS0088
P004092,Lakshmi Rao,Female,1961-03-15,65,Unemployed,PhD,Single,A-,Indian,Chamarajanagar,PS0199
P004093,Nisha Sharma,Female,1976-10-20,49,Lawyer,PhD,Married,O+,Indian,Bengaluru Urban,PS0131
P004094,Priya Reddy,Female,1957-04-04,69,Engineer,PUC,Divorced,B-,Indian,Chamarajanagar,PS0194
P004095,Megha Angadi,Female,1999-07-12,27,Software Engineer,Graduate,Widowed,A-,Indian,Bengaluru Urban,PS0134
P004096,Siddu Poojary,Male,2000-11-28,25,Nurse,No Formal Education,Married,A-,Indian,Bidar,PS0186
P004097,Preethi Hiremath,Female,1968-10-07,57,Government Employee,Diploma,Married,O-,Indian,Chamarajanagar,PS0193
P004098,Nisha Pujari,Female,1966-06-12,60,Government Employee,Diploma,Single,B-,Indian,Bengaluru Rural,PS0072
P004099,Kiran Shetty,Male,1970-01-06,56,Driver,PUC,Divorced,AB+,Indian,Bidar,PS0162
P004100,Harish Kumar,Male,1981-01-01,45,Sales Executive,PUC,Single,AB+,Indian,Bagalkote,PS0008
P004101,Basavaraj Desai,Male,2004-11-04,21,Sales Executive,Diploma,Widowed,O-,Indian,Belagavi,PS0057
P004102,Asha Kumar,Female,1996-03-07,30,Student,PUC,Widowed,O+,Indian,Bengaluru Rural,PS0080
P004103,Kusuma Kulkarni,Female,1991-01-31,35,Student,No Formal Education,Widowed,O+,Indian,Chamarajanagar,PS0229
P004104,Akash Kambali,Male,1968-11-15,57,Farmer,High School,Married,A-,Indian,Bidar,PS0192
P004105,Shivakumar Pujari,Male,1992-04-05,34,Shop Owner,High School,Widowed,AB+,Indian,Bengaluru Urban,PS0122
P004106,Sneha Singh,Female,1978-06-15,48,Business,PUC,Married,A+,Indian,Bengaluru Rural,PS0096
P004107,Sangeetha Kulkarni,Female,2007-08-05,18,Labour,High School,Single,O+,Indian,Chamarajanagar,PS0230
P004108,Roopa Desai,Female,1957-11-29,68,Lawyer,Graduate,Married,A-,Indian,Bengaluru Urban,PS0150
P004109,Ramesh Joshi,Male,1978-09-28,47,Business,Graduate,Divorced,A-,Indian,Chamarajanagar,PS0225
P004110,Ganesh Bhat,Male,1993-11-05,32,Software Engineer,Primary,Married,AB+,Indian,Chikkaballapura,PS0245
P004111,Kiran Kumar,Male,1989-11-18,36,Police,PhD,Single,O-,Indian,Bengaluru Rural,PS0087
P004112,Suraj Kambali,Male,1975-03-26,51,Nurse,Diploma,Single,A-,Indian,Bengaluru Urban,PS0113
P004113,Sangeetha Hegde,Female,2006-12-24,19,Software Engineer,Graduate,Divorced,AB+,Indian,Bidar,PS0174
P004114,Rohit Angadi,Male,1977-02-19,49,Government Employee,PUC,Single,B-,Indian,Chikkaballapura,PS0247
P004115,Lakshmi Desai,Female,1985-03-08,41,Security Guard,PhD,Married,O-,Indian,Belagavi,PS0054
P004116,Keerthi Singh,Female,2001-08-15,24,Government Employee,PhD,Widowed,AB-,Indian,Chikkaballapura,PS0245
P004117,Prakash Kambali,Male,1993-02-21,33,Doctor,PUC,Divorced,A-,Indian,Chikkaballapura,PS0250
P004118,Asha Angadi,Female,1961-07-19,65,Security Guard,Graduate,Married,A+,Indian,Chamarajanagar,PS0216
P004119,Pooja Singh,Female,1999-01-31,27,Teacher,PUC,Married,A+,Indian,Bidar,PS0172
P004120,Kusuma Desai,Female,1965-04-25,61,Software Engineer,No Formal Education,Single,A-,Indian,Bengaluru Urban,PS0116
P004121,Rohit Sharma,Male,1964-07-14,62,Carpenter,Diploma,Single,AB+,Indian,Bidar,PS0186
P004122,Pooja Rao,Female,1992-01-10,34,Lawyer,PhD,Married,A-,Indian,Bidar,PS0166
P004123,Preethi Angadi,Female,1956-02-23,70,Doctor,No Formal Education,Widowed,A-,Indian,Bidar,PS0165
P004124,Sunitha Joshi,Female,1996-04-17,30,Unemployed,No Formal Education,Divorced,A-,Indian,Bengaluru Urban,PS0147
P004125,Nandini Sharma,Female,2002-07-30,23,Student,Post Graduate,Widowed,O+,Indian,Bidar,PS0190
P004126,Roopa Sharma,Female,1989-09-23,36,Sales Executive,High School,Single,O+,Indian,Chamarajanagar,PS0208
P004127,Arjun Shetty,Male,1972-05-17,54,Sales Executive,High School,Widowed,AB+,Indian,Bengaluru Urban,PS0152
P004128,Darshan Shetty,Male,1960-02-16,66,Software Engineer,Post Graduate,Widowed,B+,Indian,Ballari,PS0026
P004129,Deepa Angadi,Female,1997-01-27,29,Farmer,Graduate,Divorced,O-,Indian,Bengaluru Urban,PS0135
P004130,Akash Poojary,Male,1996-11-20,29,Student,Primary,Single,AB-,Indian,Bidar,PS0178
P004131,Roopa Angadi,Female,1963-08-08,62,Sales Executive,PhD,Married,B+,Indian,Bagalkote,PS0001
P004132,Priya Hiremath,Female,1993-01-14,33,Mechanic,Graduate,Widowed,O+,Indian,Chikkaballapura,PS0236
P004133,Arjun Pujari,Male,1985-10-10,40,Unemployed,PhD,Married,AB-,Indian,Bengaluru Urban,PS0152
P004134,Nandini Hiremath,Female,1981-04-26,45,Business,PUC,Widowed,AB+,Indian,Bengaluru Urban,PS0147
P004135,Nandini Gowda,Female,1970-02-03,56,Nurse,PUC,Married,O-,Indian,Belagavi,PS0051
P004136,Geetha Poojary,Female,1993-01-24,33,Software Engineer,Post Graduate,Divorced,AB-,Indian,Ballari,PS0040
P004137,Anitha Desai,Female,1989-07-17,37,Unemployed,Diploma,Divorced,O-,Indian,Bidar,PS0183
P004138,Prakash Kulkarni,Male,1976-05-28,50,Lawyer,PhD,Divorced,AB-,Indian,Bidar,PS0167
P004139,Pradeep Siddiqui,Male,1966-08-21,59,Lawyer,No Formal Education,Divorced,B-,Indian,Chamarajanagar,PS0194
P004140,Nandini Shetty,Female,1955-07-02,71,Shop Owner,Diploma,Widowed,AB-,Indian,Belagavi,PS0064
P004141,Chetan Angadi,Male,1978-03-18,48,Carpenter,No Formal Education,Married,O-,Indian,Bengaluru Urban,PS0122
P004142,Asha Kambali,Female,1957-12-02,68,Government Employee,No Formal Education,Divorced,B-,Indian,Bidar,PS0168
P004143,Ramesh Kambali,Male,1988-05-12,38,Nurse,PUC,Married,A-,Indian,Chikkaballapura,PS0250
P004144,Suresh Angadi,Male,1989-01-26,37,Electrician,No Formal Education,Divorced,A+,Indian,Bengaluru Rural,PS0092
P004145,Nisha Verma,Female,1973-10-02,52,Engineer,Diploma,Single,AB-,Indian,Chamarajanagar,PS0207
P004146,Puneeth Desai,Male,1974-08-06,51,Driver,Diploma,Single,AB-,Indian,Bengaluru Rural,PS0082
P004147,Arjun Patil,Male,1991-07-27,34,Software Engineer,PUC,Widowed,O+,Indian,Bengaluru Rural,PS0088
P004148,Ramesh Bhat,Male,1990-05-26,36,Sales Executive,Diploma,Widowed,AB+,Indian,Chikkaballapura,PS0238
P004149,Kusuma Singh,Female,1958-05-08,68,Police,PUC,Married,O-,Indian,Chamarajanagar,PS0194
P004150,Siddu Hiremath,Male,1997-07-28,28,Lawyer,Primary,Divorced,B+,Indian,Bidar,PS0191
P004151,Pradeep Hiremath,Male,1980-06-13,46,Doctor,No Formal Education,Single,A+,Indian,Bengaluru Rural,PS0088
P004152,Chetan Poojary,Male,1994-02-18,32,Engineer,PhD,Single,AB-,Indian,Bidar,PS0182
P004153,Mahesh Bhat,Male,2001-06-13,25,Lawyer,PhD,Widowed,O-,Indian,Chamarajanagar,PS0207
P004154,Ganesh Rao,Male,1976-03-06,50,Student,Post Graduate,Single,AB+,Indian,Chikkaballapura,PS0238
P004155,Lakshmi Hegde,Female,1995-02-13,31,Software Engineer,Diploma,Widowed,B-,Indian,Bagalkote,PS0020
P004156,Priya Kulkarni,Female,1971-06-16,55,Labour,No Formal Education,Married,O-,Indian,Bengaluru Rural,PS0076
P004157,Puneeth Desai,Male,2002-05-10,24,Government Employee,Graduate,Widowed,O-,Indian,Belagavi,PS0069
P004158,Vinay Reddy,Male,2003-08-09,22,Farmer,High School,Married,B-,Indian,Belagavi,PS0051
P004159,Anjali Rao,Female,2006-02-19,20,Farmer,High School,Married,O-,Indian,Ballari,PS0039
P004160,Asha Kulkarni,Female,2007-10-10,18,Mechanic,Diploma,Single,B-,Indian,Bidar,PS0191
P004161,Vinay Singh,Male,1999-11-27,26,Sales Executive,No Formal Education,Divorced,A+,Indian,Chamarajanagar,PS0199
P004162,Preethi Reddy,Female,1959-01-10,67,Nurse,Graduate,Single,A+,Indian,Chamarajanagar,PS0196
P004163,Asha Gowda,Female,1999-06-30,27,Engineer,PhD,Married,AB+,Indian,Bengaluru Rural,PS0084
P004164,Sowmya Joshi,Female,2000-12-16,25,Business,No Formal Education,Married,AB+,Indian,Ballari,PS0043
P004165,Keerthi Rao,Female,1993-10-31,32,Carpenter,Diploma,Single,AB+,Indian,Bagalkote,PS0008
P004166,Radhika Patil,Female,1997-12-28,28,Driver,No Formal Education,Single,B-,Indian,Chamarajanagar,PS0216
P004167,Shivakumar Verma,Male,2004-09-16,21,Mechanic,PUC,Widowed,AB+,Indian,Bidar,PS0175
P004168,Puneeth Reddy,Male,1993-05-26,33,Government Employee,Graduate,Divorced,AB+,Indian,Bidar,PS0154
P004169,Kavya Kambali,Female,2005-06-01,21,Security Guard,Graduate,Married,A+,Indian,Bengaluru Urban,PS0124
P004170,Akash Siddiqui,Male,1958-01-08,68,Sales Executive,Graduate,Widowed,A+,Indian,Bengaluru Urban,PS0148
P004171,Sneha Singh,Female,1959-11-08,66,Farmer,Graduate,Married,B-,Indian,Bidar,PS0162
P004172,Manoj Angadi,Male,1991-01-31,35,Nurse,PUC,Married,A+,Indian,Belagavi,PS0063
P004173,Vijay Kulkarni,Male,1990-11-05,35,Software Engineer,Diploma,Single,B-,Indian,Bidar,PS0168
P004174,Harish Angadi,Male,1965-07-11,61,Software Engineer,Diploma,Single,B+,Indian,Chikkaballapura,PS0239
P004175,Lakshmi Shetty,Female,1957-04-23,69,Farmer,High School,Divorced,B-,Indian,Bengaluru Urban,PS0140
P004176,Ravi Hegde,Male,1955-05-24,71,Student,Diploma,Married,B-,Indian,Bengaluru Rural,PS0102
P004177,Darshan Kambali,Male,1967-07-25,58,Engineer,Post Graduate,Married,A+,Indian,Bengaluru Urban,PS0135
P004178,Sowmya Naik,Female,1957-12-02,68,Security Guard,PUC,Single,AB-,Indian,Chikkaballapura,PS0236
P004179,Sowmya Bhat,Female,1995-03-21,31,Business,Graduate,Widowed,O-,Indian,Ballari,PS0045
P004180,Lakshmi Hiremath,Female,2002-02-20,24,Teacher,Diploma,Divorced,AB-,Indian,Chikkaballapura,PS0246
P004181,Ganesh Naik,Male,1988-08-14,37,Doctor,High School,Widowed,B+,Indian,Belagavi,PS0069
P004182,Abhishek Pujari,Male,1967-05-22,59,Labour,Diploma,Married,AB-,Indian,Bagalkote,PS0009
P004183,Ganesh Hegde,Male,1971-07-27,54,Software Engineer,Graduate,Widowed,O+,Indian,Bengaluru Rural,PS0077
P004184,Naveen Hegde,Male,1958-09-06,67,Police,No Formal Education,Single,O+,Indian,Bengaluru Rural,PS0109
P004185,Kusuma Bhat,Female,1978-06-27,48,Mechanic,PhD,Widowed,A-,Indian,Chamarajanagar,PS0204
P004186,Priya Bhat,Female,2000-12-23,25,Shop Owner,Diploma,Single,AB-,Indian,Bengaluru Urban,PS0114
P004187,Ganesh Hiremath,Male,1967-03-22,59,Lawyer,Diploma,Widowed,AB+,Indian,Chamarajanagar,PS0200
P004188,Vijay Hegde,Male,1957-05-26,69,Sales Executive,Post Graduate,Divorced,AB-,Indian,Bengaluru Urban,PS0128
P004189,Radhika Rao,Female,1988-01-15,38,Carpenter,Primary,Single,B+,Indian,Chamarajanagar,PS0231
P004190,Harish Verma,Male,1984-07-31,41,Electrician,PhD,Widowed,O-,Indian,Belagavi,PS0048
P004191,Asha Kulkarni,Female,2006-07-14,20,Driver,Graduate,Divorced,A-,Indian,Bidar,PS0173
P004192,Ramesh Pujari,Male,1995-02-19,31,Teacher,Diploma,Married,O-,Indian,Bidar,PS0153
P004193,Radhika Gowda,Female,1956-07-11,70,Government Employee,No Formal Education,Divorced,AB-,Indian,Bengaluru Urban,PS0138
P004194,Radhika Bhat,Female,2004-02-10,22,Electrician,Post Graduate,Widowed,AB+,Indian,Bagalkote,PS0003
P004195,Suresh Singh,Male,1966-11-23,59,Business,Graduate,Widowed,O-,Indian,Ballari,PS0027
P004196,Manoj Hegde,Male,1987-08-29,38,Security Guard,PUC,Divorced,A+,Indian,Bagalkote,PS0014
P004197,Abhishek Verma,Male,1993-08-29,32,Sales Executive,Diploma,Single,O+,Indian,Belagavi,PS0068
P004198,Anjali Patil,Female,1968-09-23,57,Government Employee,High School,Widowed,O+,Indian,Chamarajanagar,PS0228
P004199,Lakshmi Reddy,Female,1980-05-23,46,Software Engineer,Primary,Married,AB+,Indian,Bengaluru Rural,PS0087
P004200,Vinay Siddiqui,Male,1959-06-08,67,Engineer,Graduate,Divorced,AB-,Indian,Bengaluru Urban,PS0118
P004201,Harini Sharma,Female,1980-12-30,45,Software Engineer,Graduate,Divorced,AB-,Indian,Bagalkote,PS0004
P004202,Vidya Shetty,Female,1966-01-14,60,Labour,PUC,Married,AB-,Indian,Bidar,PS0162
P004203,Rekha Singh,Female,1992-03-17,34,Mechanic,No Formal Education,Divorced,A+,Indian,Bidar,PS0190
P004204,Vidya Hiremath,Female,1963-03-23,63,Student,Post Graduate,Single,AB+,Indian,Bengaluru Rural,PS0098
P004205,Rohit Poojary,Male,1962-12-19,63,Software Engineer,Graduate,Widowed,AB-,Indian,Chamarajanagar,PS0216
P004206,Rohit Siddiqui,Male,2006-12-14,19,Sales Executive,PUC,Married,O+,Indian,Ballari,PS0030
P004207,Kavya Angadi,Female,1976-10-05,49,Doctor,Post Graduate,Single,AB-,Indian,Bengaluru Rural,PS0077
P004208,Rohit Gowda,Male,1988-01-24,38,Software Engineer,PUC,Single,A-,Indian,Belagavi,PS0057
P004209,Prakash Rao,Male,1970-07-16,56,Engineer,High School,Widowed,AB+,Indian,Bengaluru Urban,PS0128
P004210,Arjun Angadi,Male,1972-01-13,54,Police,PUC,Widowed,B-,Indian,Chikkaballapura,PS0244
P004211,Preethi Gowda,Female,1971-08-05,54,Student,PUC,Widowed,B+,Indian,Bengaluru Rural,PS0070
P004212,Ravi Kambali,Male,1973-12-14,52,Mechanic,Diploma,Divorced,O-,Indian,Bengaluru Urban,PS0128
P004213,Abhishek Singh,Male,1995-08-16,30,Labour,Post Graduate,Married,AB+,Indian,Bidar,PS0174
P004214,Puneeth Kumar,Male,2003-10-11,22,Police,Diploma,Single,B+,Indian,Bengaluru Rural,PS0071
P004215,Pooja Desai,Female,1994-01-08,32,Electrician,PhD,Divorced,B+,Indian,Bidar,PS0168
P004216,Megha Joshi,Female,1957-09-09,68,Lawyer,PhD,Married,B+,Indian,Chamarajanagar,PS0220
P004217,Radhika Singh,Female,1991-06-20,35,Police,PhD,Divorced,A-,Indian,Bengaluru Rural,PS0083
P004218,Keerthi Bhat,Female,1979-06-17,47,Unemployed,High School,Divorced,O+,Indian,Chamarajanagar,PS0207
P004219,Roopa Reddy,Female,1982-06-13,44,Lawyer,Post Graduate,Married,AB-,Indian,Bagalkote,PS0004
P004220,Rohit Hegde,Male,1984-08-18,41,Labour,Post Graduate,Divorced,B+,Indian,Belagavi,PS0051
P004221,Lokesh Joshi,Male,1955-12-02,70,Teacher,Post Graduate,Single,O+,Indian,Chamarajanagar,PS0209
P004222,Sunitha Hiremath,Female,1989-11-11,36,Nurse,Post Graduate,Single,A-,Indian,Chikkaballapura,PS0239
P004223,Siddu Patil,Male,2006-09-22,19,Teacher,PUC,Married,AB+,Indian,Chamarajanagar,PS0204
P004224,Harini Poojary,Female,1967-04-29,59,Driver,No Formal Education,Married,O-,Indian,Ballari,PS0027
P004225,Vijay Poojary,Male,2005-01-22,21,Lawyer,No Formal Education,Widowed,A-,Indian,Chamarajanagar,PS0221
P004226,Ganesh Singh,Male,1999-02-18,27,Electrician,Graduate,Widowed,B-,Indian,Bengaluru Urban,PS0118
P004227,Ajay Hegde,Male,1984-05-31,42,Security Guard,Post Graduate,Divorced,O-,Indian,Chamarajanagar,PS0217
P004228,Anitha Kulkarni,Female,1996-04-20,30,Mechanic,Post Graduate,Single,A+,Indian,Bengaluru Urban,PS0152
P004229,Swathi Reddy,Female,1966-10-27,59,Nurse,PhD,Widowed,AB+,Indian,Ballari,PS0031
P004230,Radhika Joshi,Female,1974-04-10,52,Labour,PUC,Married,O-,Indian,Bengaluru Urban,PS0129
P004231,Prakash Singh,Male,1964-08-19,61,Lawyer,Post Graduate,Divorced,B-,Indian,Bagalkote,PS0007
P004232,Vidya Joshi,Female,1970-12-06,55,Engineer,No Formal Education,Divorced,B+,Indian,Chamarajanagar,PS0220
P004233,Darshan Pujari,Male,1993-09-10,32,Sales Executive,Diploma,Widowed,A-,Indian,Bengaluru Rural,PS0093
P004234,Sneha Gowda,Female,1977-05-22,49,Carpenter,Primary,Single,AB-,Indian,Bidar,PS0178
P004235,Basavaraj Hegde,Male,1991-09-06,34,Software Engineer,Primary,Married,B-,Indian,Belagavi,PS0052
P004236,Kusuma Kambali,Female,1983-08-31,42,Engineer,Primary,Divorced,B-,Indian,Bengaluru Urban,PS0150
P004237,Siddu Shetty,Male,2005-06-24,21,Mechanic,PhD,Widowed,O+,Indian,Belagavi,PS0054
P004238,Akash Poojary,Male,1959-04-10,67,Lawyer,High School,Married,B-,Indian,Bengaluru Urban,PS0139
P004239,Rahul Desai,Male,1958-08-21,67,Mechanic,Primary,Widowed,A+,Indian,Chikkaballapura,PS0250
P004240,Prakash Patil,Male,1966-05-21,60,Unemployed,Primary,Divorced,AB-,Indian,Bengaluru Rural,PS0082
P004241,Geetha Siddiqui,Female,1981-07-05,45,Security Guard,Post Graduate,Divorced,A+,Indian,Bengaluru Urban,PS0111
P004242,Kusuma Patil,Female,1997-06-10,29,Student,High School,Divorced,O+,Indian,Ballari,PS0043
P004243,Kiran Bhat,Male,1974-05-04,52,Carpenter,PUC,Single,AB+,Indian,Bidar,PS0191
P004244,Chetan Poojary,Male,1997-12-26,28,Software Engineer,Primary,Married,A+,Indian,Bengaluru Rural,PS0079
P004245,Divya Kumar,Female,1968-09-27,57,Teacher,Primary,Widowed,O-,Indian,Bengaluru Urban,PS0129
P004246,Swathi Rao,Female,1996-04-05,30,Farmer,Diploma,Widowed,B-,Indian,Ballari,PS0026
P004247,Arjun Bhat,Male,1977-01-20,49,Doctor,High School,Widowed,AB+,Indian,Bengaluru Rural,PS0099
P004248,Basavaraj Reddy,Male,1971-02-11,55,Labour,Post Graduate,Widowed,AB-,Indian,Bengaluru Rural,PS0097
P004249,Kusuma Gowda,Female,1970-09-30,55,Police,PUC,Widowed,A-,Indian,Bengaluru Urban,PS0123
P004250,Deepa Hegde,Female,2000-10-08,25,Student,Post Graduate,Married,AB+,Indian,Chamarajanagar,PS0193
P004251,Swathi Hegde,Female,1985-05-10,41,Teacher,Post Graduate,Widowed,B+,Indian,Ballari,PS0032
P004252,Darshan Sharma,Male,1991-05-09,35,Government Employee,No Formal Education,Married,O-,Indian,Chamarajanagar,PS0211
P004253,Anjali Kumar,Female,1955-09-10,70,Software Engineer,Post Graduate,Widowed,A+,Indian,Chikkaballapura,PS0250
P004254,Preethi Kumar,Female,1983-08-21,42,Sales Executive,Primary,Single,B+,Indian,Chamarajanagar,PS0213
P004255,Pradeep Pujari,Male,1963-03-12,63,Nurse,PhD,Married,B+,Indian,Chikkaballapura,PS0238
P004256,Prakash Rao,Male,2006-07-12,20,Police,PUC,Single,AB-,Indian,Ballari,PS0032
P004257,Sowmya Bhat,Female,2007-04-13,19,Carpenter,Primary,Widowed,AB-,Indian,Bengaluru Rural,PS0079
P004258,Geetha Gowda,Female,1994-09-08,31,Security Guard,Diploma,Married,B+,Indian,Bengaluru Rural,PS0088
P004259,Pradeep Pujari,Male,1975-05-20,51,Engineer,High School,Divorced,B+,Indian,Bengaluru Urban,PS0117
P004260,Roopa Joshi,Female,1991-12-27,34,Mechanic,Graduate,Divorced,A-,Indian,Chamarajanagar,PS0218
P004261,Manoj Gowda,Male,1982-04-29,44,Doctor,Primary,Divorced,AB+,Indian,Chikkaballapura,PS0247
P004262,Abhishek Hegde,Male,1963-11-03,62,Engineer,PUC,Married,AB+,Indian,Bengaluru Rural,PS0081
P004263,Sunitha Kulkarni,Female,1977-03-26,49,Police,Post Graduate,Married,B-,Indian,Belagavi,PS0055
P004264,Naveen Poojary,Male,1988-01-16,38,Electrician,PUC,Widowed,A+,Indian,Chamarajanagar,PS0225
P004265,Sanjay Kambali,Male,1980-04-13,46,Farmer,Post Graduate,Divorced,B-,Indian,Bengaluru Rural,PS0105
P004266,Keerthi Gowda,Female,1968-02-29,58,Farmer,PhD,Single,AB+,Indian,Belagavi,PS0053
P004267,Kavya Naik,Female,1971-07-03,55,Carpenter,High School,Married,B-,Indian,Bidar,PS0167
P004268,Divya Verma,Female,2003-05-13,23,Software Engineer,Post Graduate,Single,O-,Indian,Bengaluru Urban,PS0136
P004269,Radhika Verma,Female,1988-08-22,37,Engineer,Graduate,Single,O-,Indian,Bidar,PS0157
P004270,Pradeep Hiremath,Male,1976-06-09,50,Student,Primary,Single,AB-,Indian,Chamarajanagar,PS0209
P004271,Geetha Hiremath,Female,1962-07-14,64,Nurse,PUC,Married,A-,Indian,Bidar,PS0168
P004272,Preethi Rao,Female,1988-09-17,37,Electrician,PhD,Single,AB+,Indian,Chikkaballapura,PS0235
P004273,Kavya Desai,Female,1986-06-08,40,Electrician,Graduate,Married,AB-,Indian,Chamarajanagar,PS0231
P004274,Siddu Kulkarni,Male,1996-11-26,29,Student,PhD,Widowed,AB-,Indian,Bengaluru Urban,PS0150
P004275,Sanjay Joshi,Male,1990-03-01,36,Driver,No Formal Education,Widowed,AB-,Indian,Bengaluru Rural,PS0083
P004276,Sneha Siddiqui,Female,1971-05-10,55,Sales Executive,Primary,Married,O+,Indian,Chikkaballapura,PS0243
P004277,Abhishek Patil,Male,1989-05-12,37,Doctor,Primary,Widowed,A+,Indian,Bengaluru Urban,PS0117
P004278,Rahul Angadi,Male,1974-10-06,51,Labour,No Formal Education,Single,AB+,Indian,Bengaluru Rural,PS0098
P004279,Siddu Kambali,Male,1961-01-12,65,Sales Executive,No Formal Education,Single,B-,Indian,Bidar,PS0169
P004280,Vinay Desai,Male,1970-01-29,56,Mechanic,No Formal Education,Divorced,O-,Indian,Bidar,PS0161
P004281,Geetha Poojary,Female,1999-06-24,27,Engineer,Primary,Divorced,O-,Indian,Belagavi,PS0058
P004282,Pradeep Desai,Male,2000-06-10,26,Teacher,Primary,Single,AB-,Indian,Chamarajanagar,PS0193
P004283,Anitha Siddiqui,Female,1990-12-30,35,Electrician,Post Graduate,Single,O-,Indian,Chamarajanagar,PS0216
P004284,Lakshmi Siddiqui,Female,1983-07-11,43,Unemployed,Graduate,Widowed,A-,Indian,Bidar,PS0186
P004285,Manoj Gowda,Male,1986-10-08,39,Farmer,PUC,Divorced,O+,Indian,Belagavi,PS0058
P004286,Shivakumar Hiremath,Male,1996-03-24,30,Electrician,High School,Divorced,A+,Indian,Belagavi,PS0049
P004287,Vinay Kulkarni,Male,1964-06-30,62,Labour,PhD,Divorced,O+,Indian,Bengaluru Urban,PS0112
P004288,Lakshmi Kulkarni,Female,2003-07-26,22,Farmer,High School,Single,O-,Indian,Bidar,PS0177
P004289,Asha Pujari,Female,1995-04-22,31,Electrician,PhD,Widowed,B-,Indian,Bagalkote,PS0005
P004290,Kusuma Angadi,Female,1984-11-18,41,Shop Owner,Diploma,Married,B-,Indian,Belagavi,PS0065
P004291,Bhavya Angadi,Female,2006-12-01,19,Security Guard,PhD,Single,B+,Indian,Bidar,PS0175
P004292,Sneha Gowda,Female,1962-03-14,64,Unemployed,PUC,Single,O+,Indian,Bengaluru Rural,PS0085
P004293,Shreya Siddiqui,Female,2006-11-06,19,Farmer,High School,Widowed,O-,Indian,Ballari,PS0041
P004294,Sanjay Reddy,Male,2006-01-04,20,Labour,PUC,Married,AB-,Indian,Bengaluru Rural,PS0070
P004295,Darshan Gowda,Male,1974-02-05,52,Doctor,PUC,Widowed,B-,Indian,Bidar,PS0166
P004296,Naveen Siddiqui,Male,1990-04-15,36,Mechanic,High School,Widowed,AB-,Indian,Belagavi,PS0055
P004297,Vijay Hegde,Male,1984-09-27,41,Driver,Post Graduate,Married,A+,Indian,Ballari,PS0043
P004298,Lokesh Joshi,Male,2004-03-29,22,Government Employee,Diploma,Widowed,A-,Indian,Ballari,PS0027
P004299,Akash Kambali,Male,1969-02-21,57,Nurse,PUC,Divorced,AB-,Indian,Bagalkote,PS0015
P004300,Harish Sharma,Male,2006-03-10,20,Driver,High School,Married,B-,Indian,Bengaluru Urban,PS0145
P004301,Harish Siddiqui,Male,1996-04-11,30,Mechanic,Post Graduate,Divorced,A+,Indian,Bengaluru Urban,PS0110
P004302,Sanjay Siddiqui,Male,1979-11-04,46,Sales Executive,Graduate,Single,AB-,Indian,Bengaluru Urban,PS0110
P004303,Nandini Poojary,Female,1998-04-16,28,Security Guard,Primary,Widowed,AB+,Indian,Bagalkote,PS0006
P004304,Rohit Patil,Male,1982-01-10,44,Business,Diploma,Divorced,B-,Indian,Bengaluru Urban,PS0138
P004305,Nisha Pujari,Female,1961-11-11,64,Doctor,Graduate,Widowed,AB-,Indian,Bagalkote,PS0010
P004306,Shivakumar Hiremath,Male,1967-08-17,58,Sales Executive,High School,Single,AB+,Indian,Ballari,PS0033
P004307,Puneeth Rao,Male,1989-02-20,37,Security Guard,Graduate,Widowed,AB-,Indian,Chamarajanagar,PS0221
P004308,Pooja Angadi,Female,1978-01-07,48,Business,PUC,Single,O+,Indian,Chamarajanagar,PS0195
P004309,Geetha Verma,Female,1955-06-06,71,Mechanic,Graduate,Divorced,A+,Indian,Bengaluru Urban,PS0152
P004310,Preethi Joshi,Female,1975-06-10,51,Security Guard,Diploma,Divorced,A-,Indian,Bengaluru Urban,PS0147
P004311,Basavaraj Reddy,Male,1956-05-27,70,Electrician,High School,Widowed,O-,Indian,Chikkaballapura,PS0240
P004312,Radhika Rao,Female,1986-04-17,40,Lawyer,High School,Single,A+,Indian,Chamarajanagar,PS0218
P004313,Shivakumar Pujari,Male,1961-05-15,65,Mechanic,Post Graduate,Single,B-,Indian,Belagavi,PS0047
P004314,Abhishek Siddiqui,Male,2007-08-05,18,Police,Graduate,Widowed,AB-,Indian,Belagavi,PS0069
P004315,Ganesh Bhat,Male,2000-02-09,26,Doctor,Primary,Single,AB-,Indian,Bengaluru Urban,PS0151
P004316,Kavya Rao,Female,1981-11-16,44,Sales Executive,Graduate,Widowed,A+,Indian,Bidar,PS0160
P004317,Shivakumar Singh,Male,1980-09-07,45,Driver,Post Graduate,Married,AB+,Indian,Bidar,PS0190
P004318,Swathi Bhat,Female,1992-05-04,34,Driver,No Formal Education,Married,A-,Indian,Bagalkote,PS0024
P004319,Naveen Joshi,Male,1989-12-07,36,Unemployed,High School,Married,B-,Indian,Bengaluru Rural,PS0086
P004320,Priya Poojary,Female,1962-06-24,64,Sales Executive,PUC,Divorced,B-,Indian,Belagavi,PS0068
P004321,Bhavya Desai,Female,1960-07-26,65,Unemployed,Graduate,Divorced,O-,Indian,Ballari,PS0037
P004322,Puneeth Gowda,Male,1992-06-03,34,Engineer,PUC,Single,A+,Indian,Bengaluru Rural,PS0089
P004323,Preethi Kulkarni,Female,1964-09-20,61,Nurse,PUC,Divorced,B+,Indian,Ballari,PS0045
P004324,Ajay Siddiqui,Male,1962-08-30,63,Driver,No Formal Education,Married,B+,Indian,Bidar,PS0183
P004325,Anitha Naik,Female,1998-09-29,27,Carpenter,Post Graduate,Single,O+,Indian,Bagalkote,PS0013
P004326,Lokesh Hegde,Male,1994-02-15,32,Lawyer,Primary,Divorced,AB+,Indian,Belagavi,PS0059
P004327,Ramesh Rao,Male,1972-09-05,53,Labour,Post Graduate,Divorced,A+,Indian,Bengaluru Rural,PS0106
P004328,Ganesh Hegde,Male,1961-01-15,65,Carpenter,Post Graduate,Divorced,A-,Indian,Belagavi,PS0069
P004329,Anitha Angadi,Female,1963-11-15,62,Software Engineer,PhD,Married,A+,Indian,Bengaluru Urban,PS0148
P004330,Pooja Bhat,Female,1970-12-29,55,Driver,Primary,Single,A-,Indian,Ballari,PS0039
P004331,Pooja Hiremath,Female,2007-04-18,19,Unemployed,Diploma,Single,AB+,Indian,Chamarajanagar,PS0230
P004332,Suraj Kumar,Male,1962-07-18,64,Business,Graduate,Widowed,B-,Indian,Bidar,PS0171
P004333,Suraj Shetty,Male,1991-12-24,34,Carpenter,High School,Single,A-,Indian,Bengaluru Urban,PS0111
P004334,Siddu Kumar,Male,1964-09-11,61,Sales Executive,Diploma,Single,B+,Indian,Bengaluru Rural,PS0108
P004335,Lokesh Pujari,Male,1982-02-27,44,Electrician,Post Graduate,Widowed,O+,Indian,Bidar,PS0191
P004336,Radhika Bhat,Female,2003-10-13,22,Doctor,High School,Widowed,B+,Indian,Bengaluru Urban,PS0119
P004337,Vijay Desai,Male,1996-01-03,30,Carpenter,Primary,Widowed,AB+,Indian,Bengaluru Rural,PS0088
P004338,Rekha Siddiqui,Female,2006-09-27,19,Farmer,Graduate,Married,B+,Indian,Chamarajanagar,PS0230
P004339,Ravi Siddiqui,Male,1957-04-13,69,Farmer,Primary,Married,A+,Indian,Chamarajanagar,PS0230
P004340,Sneha Rao,Female,1964-03-07,62,Software Engineer,Post Graduate,Married,B-,Indian,Chamarajanagar,PS0214
P004341,Pooja Kambali,Female,1977-06-29,49,Student,High School,Married,AB+,Indian,Ballari,PS0044
P004342,Pooja Desai,Female,1997-10-04,28,Doctor,PUC,Married,A+,Indian,Bengaluru Urban,PS0148
P004343,Naveen Sharma,Male,1977-09-16,48,Driver,PUC,Widowed,O-,Indian,Bengaluru Rural,PS0070
P004344,Siddu Verma,Male,1997-07-13,29,Nurse,No Formal Education,Divorced,B+,Indian,Bagalkote,PS0023
P004345,Chetan Siddiqui,Male,2007-12-08,18,Shop Owner,PhD,Widowed,O+,Indian,Bidar,PS0180
P004346,Megha Gowda,Female,2003-05-13,23,Government Employee,PhD,Married,A-,Indian,Ballari,PS0035
P004347,Harish Siddiqui,Male,1985-04-29,41,Driver,Diploma,Single,A+,Indian,Bengaluru Urban,PS0110
P004348,Siddu Rao,Male,1958-03-18,68,Software Engineer,Primary,Single,O-,Indian,Chamarajanagar,PS0225
P004349,Suraj Verma,Male,1967-05-05,59,Software Engineer,Diploma,Married,O+,Indian,Ballari,PS0041
P004350,Megha Reddy,Female,1994-03-12,32,Shop Owner,PUC,Married,O-,Indian,Bengaluru Rural,PS0108
P004351,Sunitha Sharma,Female,2007-02-12,19,Shop Owner,Graduate,Married,B-,Indian,Chamarajanagar,PS0227
P004352,Basavaraj Kambali,Male,1970-03-09,56,Mechanic,PUC,Widowed,B-,Indian,Bengaluru Urban,PS0149
P004353,Abhishek Verma,Male,2004-04-11,22,Labour,No Formal Education,Widowed,A+,Indian,Bengaluru Urban,PS0144
P004354,Pooja Siddiqui,Female,1975-11-02,50,Software Engineer,PhD,Married,A-,Indian,Belagavi,PS0059
P004355,Preethi Sharma,Female,1961-05-08,65,Doctor,Post Graduate,Married,A-,Indian,Ballari,PS0039
P004356,Naveen Sharma,Male,1983-01-12,43,Sales Executive,No Formal Education,Divorced,A+,Indian,Bengaluru Urban,PS0150
P004357,Kusuma Siddiqui,Female,1955-04-19,71,Government Employee,PhD,Divorced,A+,Indian,Bidar,PS0164
P004358,Preethi Bhat,Female,2006-11-04,19,Unemployed,Post Graduate,Married,AB-,Indian,Bengaluru Urban,PS0119
P004359,Bhavya Pujari,Female,1992-05-02,34,Labour,High School,Single,B-,Indian,Bagalkote,PS0015
P004360,Basavaraj Hegde,Male,2006-12-05,19,Software Engineer,Primary,Divorced,AB+,Indian,Bagalkote,PS0014
P004361,Asha Shetty,Female,1969-08-12,56,Software Engineer,Graduate,Divorced,A-,Indian,Bengaluru Urban,PS0150
P004362,Siddu Rao,Male,1958-02-06,68,Carpenter,Primary,Divorced,AB+,Indian,Chikkaballapura,PS0245
P004363,Sanjay Singh,Male,1973-09-04,52,Software Engineer,Primary,Single,A+,Indian,Bagalkote,PS0009
P004364,Nandini Bhat,Female,1985-09-27,40,Farmer,PUC,Widowed,B-,Indian,Ballari,PS0045
P004365,Sunitha Kulkarni,Female,1955-11-18,70,Carpenter,No Formal Education,Divorced,A-,Indian,Ballari,PS0042
P004366,Nisha Poojary,Female,1967-10-09,58,Teacher,PUC,Divorced,B+,Indian,Bengaluru Urban,PS0143
P004367,Kusuma Poojary,Female,2000-01-25,26,Sales Executive,No Formal Education,Married,B+,Indian,Bengaluru Rural,PS0081
P004368,Chetan Kambali,Male,1965-01-19,61,Teacher,Primary,Widowed,A-,Indian,Ballari,PS0045
P004369,Prakash Bhat,Male,1994-10-03,31,Carpenter,High School,Single,A-,Indian,Chamarajanagar,PS0206
P004370,Harish Hegde,Male,2007-02-26,19,Labour,PUC,Widowed,B-,Indian,Bengaluru Rural,PS0086
P004371,Rohit Bhat,Male,1973-06-20,53,Police,Primary,Single,O+,Indian,Ballari,PS0026
P004372,Vijay Gowda,Male,1993-10-03,32,Carpenter,Diploma,Single,A+,Indian,Bengaluru Urban,PS0125
P004373,Siddu Kambali,Male,1963-07-28,62,Mechanic,No Formal Education,Married,O+,Indian,Bagalkote,PS0023
P004374,Harini Kulkarni,Female,1963-04-25,63,Engineer,No Formal Education,Married,A-,Indian,Chamarajanagar,PS0210
P004375,Suraj Reddy,Male,1977-09-06,48,Student,Primary,Widowed,A+,Indian,Bidar,PS0162
P004376,Ganesh Joshi,Male,1992-12-01,33,Doctor,Post Graduate,Widowed,O-,Indian,Bengaluru Urban,PS0141
P004377,Akash Reddy,Male,1980-04-04,46,Security Guard,PhD,Single,B-,Indian,Bengaluru Rural,PS0081
P004378,Rahul Joshi,Male,1971-11-03,54,Electrician,PhD,Divorced,B-,Indian,Bagalkote,PS0003
P004379,Suraj Bhat,Male,1966-08-21,59,Farmer,No Formal Education,Widowed,AB-,Indian,Ballari,PS0040
P004380,Shivakumar Gowda,Male,1956-11-12,69,Electrician,Post Graduate,Single,A-,Indian,Ballari,PS0039
P004381,Chetan Bhat,Male,1964-11-30,61,Business,Primary,Married,AB-,Indian,Chikkaballapura,PS0237
P004382,Swathi Verma,Female,2006-03-31,20,Electrician,High School,Single,O-,Indian,Bengaluru Rural,PS0098
P004383,Darshan Patil,Male,1975-10-25,50,Unemployed,Graduate,Widowed,O-,Indian,Bengaluru Urban,PS0137
P004384,Darshan Reddy,Male,1998-11-18,27,Nurse,Primary,Widowed,O-,Indian,Bagalkote,PS0011
P004385,Shreya Poojary,Female,1994-04-16,32,Software Engineer,Primary,Married,O-,Indian,Bengaluru Urban,PS0117
P004386,Roopa Reddy,Female,1966-07-22,60,Business,Primary,Married,O-,Indian,Ballari,PS0045
P004387,Arjun Joshi,Male,2000-06-15,26,Government Employee,PUC,Single,AB+,Indian,Bengaluru Rural,PS0083
P004388,Anjali Hiremath,Female,1977-09-09,48,Carpenter,Graduate,Widowed,A-,Indian,Ballari,PS0043
P004389,Geetha Sharma,Female,1980-03-03,46,Farmer,No Formal Education,Widowed,O+,Indian,Bengaluru Urban,PS0138
P004390,Sangeetha Gowda,Female,1977-03-31,49,Farmer,Graduate,Widowed,AB-,Indian,Belagavi,PS0057
P004391,Radhika Rao,Female,2006-01-09,20,Farmer,Graduate,Married,O+,Indian,Chamarajanagar,PS0226
P004392,Arjun Kulkarni,Male,1980-01-09,46,Electrician,PUC,Married,B+,Indian,Ballari,PS0044
P004393,Divya Hiremath,Female,1983-05-15,43,Lawyer,No Formal Education,Widowed,B-,Indian,Chamarajanagar,PS0221
P004394,Kusuma Singh,Female,1995-12-02,30,Student,High School,Single,O-,Indian,Bengaluru Urban,PS0137
P004395,Abhishek Kulkarni,Male,1972-09-10,53,Sales Executive,Diploma,Married,A+,Indian,Chamarajanagar,PS0231
P004396,Deepa Siddiqui,Female,1986-03-30,40,Carpenter,PUC,Divorced,AB+,Indian,Chamarajanagar,PS0200
P004397,Sunitha Gowda,Female,1995-05-22,31,Mechanic,Post Graduate,Widowed,O-,Indian,Bengaluru Rural,PS0082
P004398,Chetan Patil,Male,1964-06-30,62,Engineer,No Formal Education,Widowed,B+,Indian,Ballari,PS0033
P004399,Ajay Kumar,Male,1982-11-04,43,Government Employee,Primary,Single,B+,Indian,Ballari,PS0029
P004400,Bhavya Naik,Female,1994-10-18,31,Software Engineer,PhD,Single,AB+,Indian,Chamarajanagar,PS0215
P004401,Rahul Bhat,Male,2004-07-08,22,Labour,Post Graduate,Widowed,A-,Indian,Bidar,PS0156
P004402,Asha Joshi,Female,1968-05-12,58,Labour,High School,Divorced,AB+,Indian,Bagalkote,PS0010
P004403,Kavya Joshi,Female,2005-07-03,21,Shop Owner,Post Graduate,Widowed,A-,Indian,Ballari,PS0040
P004404,Basavaraj Kumar,Male,1965-07-16,61,Mechanic,PhD,Widowed,A+,Indian,Bengaluru Urban,PS0125
P004405,Vijay Shetty,Male,1984-04-10,42,Sales Executive,No Formal Education,Divorced,AB+,Indian,Chamarajanagar,PS0207
P004406,Basavaraj Kumar,Male,1996-08-03,29,Police,High School,Divorced,O+,Indian,Bengaluru Urban,PS0137
P004407,Sunitha Pujari,Female,2005-10-21,20,Unemployed,PhD,Divorced,A+,Indian,Bengaluru Urban,PS0122
P004408,Chetan Gowda,Male,1978-05-25,48,Police,Primary,Widowed,O-,Indian,Bengaluru Urban,PS0130
P004409,Ajay Desai,Male,2006-06-18,20,Driver,Diploma,Widowed,A+,Indian,Bengaluru Urban,PS0139
P004410,Kusuma Pujari,Female,1965-11-15,60,Farmer,PUC,Single,A-,Indian,Chamarajanagar,PS0213
P004411,Sunitha Bhat,Female,1976-12-26,49,Teacher,PUC,Single,AB+,Indian,Chamarajanagar,PS0222
P004412,Rekha Desai,Female,1988-05-03,38,Farmer,Primary,Married,O-,Indian,Bidar,PS0187
P004413,Radhika Reddy,Female,1997-07-31,28,Engineer,No Formal Education,Married,AB+,Indian,Bagalkote,PS0024
P004414,Abhishek Verma,Male,1979-04-18,47,Business,High School,Divorced,O+,Indian,Bagalkote,PS0020
P004415,Megha Kumar,Female,1984-08-29,41,Business,Post Graduate,Married,AB-,Indian,Bengaluru Rural,PS0078
P004416,Chetan Patil,Male,1973-06-08,53,Farmer,Primary,Divorced,AB+,Indian,Bengaluru Urban,PS0142
P004417,Chetan Reddy,Male,1965-03-09,61,Security Guard,No Formal Education,Married,A+,Indian,Chamarajanagar,PS0196
P004418,Priya Poojary,Female,1964-03-11,62,Police,Post Graduate,Married,A+,Indian,Bidar,PS0170
P004419,Prakash Patil,Male,1970-11-02,55,Doctor,Diploma,Divorced,B+,Indian,Bagalkote,PS0013
P004420,Vidya Verma,Female,1976-12-02,49,Software Engineer,PUC,Divorced,B+,Indian,Bengaluru Rural,PS0098
P004421,Sunitha Singh,Female,1965-10-04,60,Farmer,Post Graduate,Single,AB-,Indian,Bengaluru Urban,PS0131
P004422,Asha Patil,Female,1992-01-23,34,Doctor,Diploma,Divorced,AB-,Indian,Chamarajanagar,PS0202
P004423,Harish Hegde,Male,2003-01-10,23,Teacher,Post Graduate,Married,AB-,Indian,Bagalkote,PS0004
P004424,Ravi Naik,Male,1979-03-13,47,Unemployed,Diploma,Single,B+,Indian,Bagalkote,PS0006
P004425,Manoj Rao,Male,1986-02-28,40,Shop Owner,Graduate,Married,AB-,Indian,Bidar,PS0185
P004426,Pradeep Rao,Male,1984-11-24,41,Driver,No Formal Education,Divorced,A+,Indian,Bagalkote,PS0009
P004427,Swathi Gowda,Female,1999-08-06,26,Mechanic,Primary,Widowed,B-,Indian,Chamarajanagar,PS0203
P004428,Asha Bhat,Female,1966-10-19,59,Software Engineer,High School,Divorced,O-,Indian,Bagalkote,PS0010
P004429,Nandini Poojary,Female,1977-09-15,48,Electrician,Diploma,Widowed,AB+,Indian,Belagavi,PS0069
P004430,Arjun Bhat,Male,1993-04-27,33,Electrician,No Formal Education,Single,O+,Indian,Bengaluru Urban,PS0117
P004431,Mahesh Hiremath,Male,2002-09-25,23,Mechanic,High School,Widowed,AB+,Indian,Bagalkote,PS0018
P004432,Sneha Verma,Female,1987-09-02,38,Software Engineer,PUC,Widowed,O-,Indian,Bidar,PS0168
P004433,Basavaraj Kambali,Male,1986-07-19,40,Electrician,Post Graduate,Single,A-,Indian,Chamarajanagar,PS0220
P004434,Kiran Kumar,Male,1977-10-20,48,Student,PhD,Married,AB-,Indian,Bengaluru Urban,PS0120
P004435,Vidya Kulkarni,Female,1972-10-09,53,Unemployed,Post Graduate,Single,A-,Indian,Chamarajanagar,PS0232
P004436,Kavya Hiremath,Female,1974-12-19,51,Teacher,Diploma,Widowed,A+,Indian,Belagavi,PS0061
P004437,Preethi Patil,Female,1990-08-18,35,Teacher,Graduate,Single,O-,Indian,Ballari,PS0032
P004438,Lakshmi Naik,Female,1990-05-15,36,Engineer,PUC,Married,AB-,Indian,Bengaluru Rural,PS0070
P004439,Chetan Sharma,Male,2007-06-09,19,Electrician,PUC,Divorced,AB+,Indian,Bidar,PS0178
P004440,Harish Kambali,Male,2006-06-04,20,Software Engineer,High School,Married,O+,Indian,Bengaluru Rural,PS0074
P004441,Basavaraj Poojary,Male,1978-09-27,47,Security Guard,Post Graduate,Divorced,AB-,Indian,Bengaluru Urban,PS0127
P004442,Radhika Kulkarni,Female,1986-10-06,39,Sales Executive,Primary,Married,O-,Indian,Chamarajanagar,PS0201
P004443,Puneeth Naik,Male,1999-03-26,27,Electrician,High School,Widowed,A-,Indian,Belagavi,PS0063
P004444,Manoj Patil,Male,1980-02-09,46,Student,High School,Married,B-,Indian,Chamarajanagar,PS0233
P004445,Kusuma Patil,Female,1997-09-07,28,Nurse,Primary,Widowed,O+,Indian,Chamarajanagar,PS0193
P004446,Rekha Kumar,Female,1979-10-31,46,Engineer,Diploma,Widowed,AB-,Indian,Bengaluru Rural,PS0077
P004447,Anjali Reddy,Female,1969-08-28,56,Shop Owner,Post Graduate,Married,A-,Indian,Belagavi,PS0065
P004448,Rahul Kulkarni,Male,1955-08-03,70,Teacher,High School,Married,A+,Indian,Chamarajanagar,PS0201
P004449,Sunitha Siddiqui,Female,1981-03-11,45,Carpenter,Graduate,Married,B+,Indian,Bengaluru Urban,PS0118
P004450,Sunitha Singh,Female,1998-12-29,27,Government Employee,Diploma,Married,B-,Indian,Bagalkote,PS0007
P004451,Naveen Joshi,Male,1974-06-21,52,Police,PhD,Married,B+,Indian,Bengaluru Rural,PS0089
P004452,Sowmya Rao,Female,1992-07-09,34,Security Guard,High School,Single,AB-,Indian,Bidar,PS0189
P004453,Arjun Kumar,Male,1967-05-18,59,Nurse,No Formal Education,Widowed,O-,Indian,Chamarajanagar,PS0197
P004454,Rohit Joshi,Male,1972-05-18,54,Lawyer,Post Graduate,Widowed,AB-,Indian,Bengaluru Rural,PS0090
P004455,Shivakumar Poojary,Male,1961-02-15,65,Software Engineer,Graduate,Widowed,B-,Indian,Bagalkote,PS0013
P004456,Rahul Kulkarni,Male,1971-04-14,55,Student,PUC,Single,O-,Indian,Chamarajanagar,PS0200
P004457,Rahul Hiremath,Male,1987-06-02,39,Engineer,PhD,Married,B-,Indian,Belagavi,PS0061
P004458,Keerthi Sharma,Female,1964-06-17,62,Teacher,PhD,Married,AB+,Indian,Chamarajanagar,PS0215
P004459,Puneeth Bhat,Male,2001-05-26,25,Carpenter,No Formal Education,Married,O-,Indian,Belagavi,PS0061
P004460,Radhika Siddiqui,Female,1957-05-28,69,Mechanic,High School,Widowed,A+,Indian,Bengaluru Rural,PS0070
P004461,Lokesh Gowda,Male,1997-05-08,29,Teacher,High School,Single,O-,Indian,Belagavi,PS0048
P004462,Shivakumar Shetty,Male,1965-11-16,60,Mechanic,Diploma,Divorced,B+,Indian,Ballari,PS0037
P004463,Lokesh Siddiqui,Male,1984-01-04,42,Security Guard,Post Graduate,Single,B+,Indian,Chikkaballapura,PS0249
P004464,Ramesh Reddy,Male,1984-05-31,42,Unemployed,PhD,Divorced,A-,Indian,Bengaluru Rural,PS0085
P004465,Deepa Verma,Female,1957-08-26,68,Business,High School,Married,A+,Indian,Bidar,PS0156
P004466,Basavaraj Singh,Male,1955-04-10,71,Unemployed,Diploma,Single,O-,Indian,Bagalkote,PS0020
P004467,Priya Shetty,Female,1980-02-03,46,Farmer,PUC,Single,A+,Indian,Chamarajanagar,PS0226
P004468,Sowmya Siddiqui,Female,2004-01-03,22,Labour,PhD,Divorced,O-,Indian,Chamarajanagar,PS0220
P004469,Swathi Kambali,Female,1985-05-01,41,Student,Graduate,Single,AB+,Indian,Belagavi,PS0064
P004470,Kavya Bhat,Female,1994-04-09,32,Driver,PUC,Widowed,O+,Indian,Bengaluru Rural,PS0102
P004471,Roopa Desai,Female,1966-06-24,60,Sales Executive,High School,Widowed,AB-,Indian,Bidar,PS0156
P004472,Ravi Naik,Male,1980-11-03,45,Teacher,No Formal Education,Divorced,B-,Indian,Bidar,PS0172
P004473,Sunitha Hegde,Female,1959-02-15,67,Lawyer,Post Graduate,Married,A-,Indian,Chikkaballapura,PS0245
P004474,Bhavya Joshi,Female,1972-05-07,54,Electrician,PUC,Divorced,A-,Indian,Bengaluru Urban,PS0128
P004475,Vidya Desai,Female,1995-04-18,31,Lawyer,No Formal Education,Widowed,O+,Indian,Belagavi,PS0055
P004476,Harini Hegde,Female,1995-01-22,31,Lawyer,Primary,Single,A+,Indian,Bidar,PS0183
P004477,Anitha Singh,Female,1996-01-24,30,Teacher,Post Graduate,Divorced,A-,Indian,Bengaluru Rural,PS0082
P004478,Radhika Sharma,Female,2006-12-13,19,Sales Executive,Graduate,Married,O-,Indian,Ballari,PS0030
P004479,Kavya Reddy,Female,1969-05-13,57,Lawyer,PUC,Single,O+,Indian,Bengaluru Urban,PS0137
P004480,Deepa Angadi,Female,2001-10-15,24,Teacher,Diploma,Married,O-,Indian,Bagalkote,PS0020
P004481,Ajay Verma,Male,1955-03-31,71,Electrician,No Formal Education,Widowed,B-,Indian,Belagavi,PS0052
P004482,Deepa Reddy,Female,2000-08-29,25,Sales Executive,Graduate,Widowed,B+,Indian,Bidar,PS0180
P004483,Rekha Hiremath,Female,1967-07-10,59,Engineer,PUC,Married,O-,Indian,Bengaluru Urban,PS0149
P004484,Naveen Poojary,Male,1965-07-27,60,Teacher,Graduate,Widowed,O-,Indian,Bengaluru Rural,PS0095
P004485,Rohit Patil,Male,1977-05-09,49,Student,No Formal Education,Divorced,O-,Indian,Ballari,PS0042
P004486,Vidya Hiremath,Female,1965-04-30,61,Software Engineer,PUC,Married,AB+,Indian,Bidar,PS0174
P004487,Naveen Desai,Male,1989-02-24,37,Student,No Formal Education,Single,AB-,Indian,Bagalkote,PS0004
P004488,Vidya Kambali,Female,1974-02-04,52,Labour,No Formal Education,Married,A+,Indian,Bidar,PS0185
P004489,Ajay Reddy,Male,1977-01-22,49,Nurse,Graduate,Married,B+,Indian,Bengaluru Urban,PS0142
P004490,Shreya Kambali,Female,1978-12-13,47,Unemployed,PhD,Widowed,A+,Indian,Bagalkote,PS0001
P004491,Vidya Gowda,Female,1993-03-27,33,Engineer,No Formal Education,Widowed,AB+,Indian,Bengaluru Urban,PS0143
P004492,Anjali Joshi,Female,1976-06-30,50,Police,PhD,Single,A+,Indian,Bengaluru Urban,PS0131
P004493,Sangeetha Hiremath,Female,1962-02-12,64,Government Employee,Diploma,Divorced,B-,Indian,Bengaluru Rural,PS0096
P004494,Harini Verma,Female,1962-05-25,64,Nurse,PUC,Widowed,O+,Indian,Bengaluru Rural,PS0083
P004495,Shivakumar Reddy,Male,1987-02-05,39,Government Employee,PhD,Divorced,A+,Indian,Bagalkote,PS0018
P004496,Asha Kulkarni,Female,2000-01-01,26,Labour,Post Graduate,Single,B+,Indian,Bidar,PS0173
P004497,Sunitha Kambali,Female,1999-10-23,26,Electrician,Primary,Divorced,B+,Indian,Bidar,PS0155
P004498,Sowmya Kulkarni,Female,1975-12-25,50,Doctor,Diploma,Single,O-,Indian,Belagavi,PS0052
P004499,Suresh Rao,Male,1978-03-02,48,Security Guard,High School,Single,B+,Indian,Bidar,PS0163
P004500,Ramesh Sharma,Male,2006-09-12,19,Security Guard,High School,Single,AB-,Indian,Chamarajanagar,PS0196
P004501,Rahul Verma,Male,1966-01-10,60,Business,High School,Single,AB+,Indian,Bidar,PS0172
P004502,Sowmya Joshi,Female,1986-07-02,40,Labour,PhD,Widowed,A-,Indian,Chamarajanagar,PS0222
P004503,Geetha Joshi,Female,1964-11-28,61,Sales Executive,Post Graduate,Widowed,A+,Indian,Bengaluru Urban,PS0151
P004504,Swathi Singh,Female,2004-03-02,22,Security Guard,PUC,Single,A-,Indian,Bagalkote,PS0002
P004505,Roopa Bhat,Female,1988-03-31,38,Sales Executive,Post Graduate,Widowed,O-,Indian,Chamarajanagar,PS0193
P004506,Deepa Poojary,Female,1993-11-06,32,Nurse,Post Graduate,Divorced,O-,Indian,Bidar,PS0185
P004507,Kavya Kambali,Female,1986-08-26,39,Teacher,No Formal Education,Divorced,B+,Indian,Bengaluru Rural,PS0094
P004508,Megha Hegde,Female,1983-10-08,42,Driver,Primary,Widowed,AB-,Indian,Bagalkote,PS0005
P004509,Suraj Hiremath,Male,2003-03-15,23,Mechanic,PhD,Married,O-,Indian,Bidar,PS0168
P004510,Harish Kulkarni,Male,1981-10-31,44,Lawyer,High School,Married,A+,Indian,Chamarajanagar,PS0204
P004511,Divya Kambali,Female,1987-06-17,39,Engineer,Post Graduate,Married,O-,Indian,Bagalkote,PS0009
P004512,Chetan Pujari,Male,1993-09-27,32,Lawyer,No Formal Education,Single,O+,Indian,Chamarajanagar,PS0230
P004513,Sneha Bhat,Female,1992-03-21,34,Labour,PUC,Single,B-,Indian,Bidar,PS0179
P004514,Basavaraj Reddy,Male,1978-01-19,48,Police,No Formal Education,Married,A-,Indian,Bagalkote,PS0023
P004515,Sanjay Sharma,Male,1976-09-10,49,Student,Primary,Single,A-,Indian,Bidar,PS0172
P004516,Roopa Kumar,Female,1990-12-06,35,Software Engineer,Diploma,Divorced,AB-,Indian,Chamarajanagar,PS0216
P004517,Swathi Kulkarni,Female,1966-12-21,59,Electrician,Graduate,Married,O+,Indian,Bengaluru Rural,PS0100
P004518,Naveen Reddy,Male,1979-10-21,46,Business,Post Graduate,Widowed,AB+,Indian,Chamarajanagar,PS0223
P004519,Keerthi Pujari,Female,1973-12-10,52,Carpenter,Primary,Widowed,B-,Indian,Chamarajanagar,PS0226
P004520,Rekha Reddy,Female,1976-09-01,49,Carpenter,Graduate,Widowed,O+,Indian,Bengaluru Rural,PS0091
P004521,Nisha Rao,Female,2003-09-06,22,Security Guard,Graduate,Widowed,AB+,Indian,Chikkaballapura,PS0235
P004522,Harish Siddiqui,Male,2002-11-24,23,Teacher,Graduate,Widowed,A+,Indian,Bengaluru Urban,PS0147
P004523,Lokesh Angadi,Male,2007-04-26,19,Farmer,Post Graduate,Married,AB+,Indian,Bengaluru Rural,PS0071
P004524,Radhika Bhat,Female,1997-03-19,29,Labour,High School,Married,O+,Indian,Bagalkote,PS0014
P004525,Sneha Singh,Female,2002-02-13,24,Software Engineer,Primary,Widowed,O-,Indian,Chamarajanagar,PS0209
P004526,Suresh Poojary,Male,2005-08-26,20,Unemployed,No Formal Education,Single,A+,Indian,Bagalkote,PS0003
P004527,Chetan Poojary,Male,1961-11-30,64,Unemployed,No Formal Education,Divorced,B+,Indian,Chikkaballapura,PS0236
P004528,Ramesh Kambali,Male,1995-10-01,30,Driver,Primary,Married,A-,Indian,Chikkaballapura,PS0240
P004529,Anitha Reddy,Female,2006-04-30,20,Engineer,Diploma,Divorced,O+,Indian,Chamarajanagar,PS0195
P004530,Siddu Bhat,Male,1979-04-14,47,Labour,High School,Married,A+,Indian,Bengaluru Rural,PS0077
P004531,Mahesh Hegde,Male,1993-02-17,33,Labour,PUC,Married,B-,Indian,Bengaluru Urban,PS0148
P004532,Kavya Pujari,Female,1968-12-18,57,Electrician,PUC,Married,O+,Indian,Chamarajanagar,PS0233
P004533,Naveen Sharma,Male,2003-04-23,23,Doctor,Diploma,Single,B-,Indian,Bengaluru Rural,PS0079
P004534,Chetan Poojary,Male,1983-02-28,43,Carpenter,Diploma,Single,AB+,Indian,Bengaluru Urban,PS0131
P004535,Arjun Patil,Male,1980-05-25,46,Mechanic,Diploma,Married,AB-,Indian,Bidar,PS0166
P004536,Vinay Joshi,Male,1988-02-10,38,Student,PUC,Married,B+,Indian,Chikkaballapura,PS0237
P004537,Shivakumar Hiremath,Male,2005-09-09,20,Unemployed,PhD,Single,B+,Indian,Bengaluru Urban,PS0147
P004538,Asha Kumar,Female,1982-02-13,44,Business,Primary,Single,A+,Indian,Bagalkote,PS0003
P004539,Nandini Naik,Female,2004-12-29,21,Driver,PUC,Divorced,B-,Indian,Bengaluru Rural,PS0071
P004540,Abhishek Poojary,Male,1997-08-03,28,Police,PhD,Widowed,AB-,Indian,Chamarajanagar,PS0222
P004541,Asha Verma,Female,1990-09-10,35,Doctor,PhD,Married,O-,Indian,Bengaluru Rural,PS0092
P004542,Nandini Sharma,Female,1985-04-13,41,Carpenter,Diploma,Single,AB+,Indian,Bidar,PS0172
P004543,Anjali Shetty,Female,1989-12-15,36,Labour,Post Graduate,Single,AB-,Indian,Belagavi,PS0056
P004544,Sanjay Rao,Male,2006-10-10,19,Teacher,Diploma,Married,O-,Indian,Bidar,PS0181
P004545,Siddu Patil,Male,1961-03-10,65,Software Engineer,No Formal Education,Single,B-,Indian,Bengaluru Rural,PS0070
P004546,Geetha Sharma,Female,1977-05-22,49,Security Guard,No Formal Education,Widowed,B+,Indian,Bidar,PS0172
P004547,Radhika Kambali,Female,1984-08-27,41,Mechanic,High School,Divorced,O-,Indian,Chamarajanagar,PS0195
P004548,Lakshmi Rao,Female,2005-09-07,20,Doctor,High School,Single,B-,Indian,Chamarajanagar,PS0221
P004549,Anjali Angadi,Female,1964-11-01,61,Teacher,PhD,Divorced,B-,Indian,Belagavi,PS0047
P004550,Swathi Verma,Female,1962-11-08,63,Electrician,High School,Single,A-,Indian,Bagalkote,PS0002
P004551,Roopa Shetty,Female,1970-11-26,55,Engineer,Post Graduate,Divorced,A-,Indian,Chamarajanagar,PS0213
P004552,Rahul Joshi,Male,1977-07-22,49,Business,Post Graduate,Divorced,B-,Indian,Chamarajanagar,PS0208
P004553,Asha Bhat,Female,1977-07-08,49,Business,High School,Widowed,A-,Indian,Bengaluru Rural,PS0070
P004554,Sneha Shetty,Female,1955-09-02,70,Engineer,PhD,Married,B+,Indian,Bengaluru Rural,PS0078
P004555,Bhavya Pujari,Female,1976-06-09,50,Carpenter,High School,Widowed,A+,Indian,Bidar,PS0166
P004556,Harini Hegde,Female,1998-04-12,28,Farmer,No Formal Education,Married,B-,Indian,Bengaluru Urban,PS0139
P004557,Lakshmi Gowda,Female,1956-04-12,70,Engineer,No Formal Education,Single,O+,Indian,Bidar,PS0165
P004558,Chetan Patil,Male,1985-09-10,40,Mechanic,Post Graduate,Widowed,O-,Indian,Ballari,PS0035
P004559,Megha Desai,Female,1988-03-01,38,Shop Owner,Post Graduate,Single,O-,Indian,Bengaluru Urban,PS0142
P004560,Ravi Bhat,Male,1996-06-29,30,Student,PUC,Divorced,AB+,Indian,Bengaluru Urban,PS0143
P004561,Anitha Rao,Female,1974-10-04,51,Driver,Diploma,Widowed,AB-,Indian,Bidar,PS0162
P004562,Kusuma Pujari,Female,1980-07-28,45,Doctor,Graduate,Divorced,O+,Indian,Chikkaballapura,PS0246
P004563,Naveen Naik,Male,1996-10-06,29,Carpenter,PhD,Married,AB-,Indian,Chamarajanagar,PS0210
P004564,Siddu Pujari,Male,1987-11-16,38,Farmer,PhD,Widowed,O+,Indian,Bengaluru Rural,PS0086
P004565,Rekha Hiremath,Female,1987-05-19,39,Security Guard,Post Graduate,Divorced,O+,Indian,Belagavi,PS0047
P004566,Arjun Siddiqui,Male,1975-07-07,51,Police,PhD,Divorced,B+,Indian,Ballari,PS0041
P004567,Sanjay Desai,Male,1979-05-29,47,Mechanic,Diploma,Married,A-,Indian,Chamarajanagar,PS0219
P004568,Sanjay Shetty,Male,1971-07-05,55,Teacher,Graduate,Single,AB+,Indian,Chamarajanagar,PS0201
P004569,Deepa Poojary,Female,2007-09-28,18,Software Engineer,PUC,Widowed,B+,Indian,Bengaluru Urban,PS0131
P004570,Vinay Desai,Male,1992-01-27,34,Engineer,Diploma,Single,AB+,Indian,Bengaluru Urban,PS0136
P004571,Suresh Bhat,Male,1974-03-14,52,Engineer,High School,Widowed,A+,Indian,Bidar,PS0158
P004572,Vijay Poojary,Male,1968-12-05,57,Driver,High School,Single,A+,Indian,Bagalkote,PS0019
P004573,Prakash Siddiqui,Male,1968-05-01,58,Electrician,PUC,Married,B+,Indian,Belagavi,PS0066
P004574,Kavya Reddy,Female,1982-06-02,44,Security Guard,Post Graduate,Married,AB+,Indian,Bidar,PS0173
P004575,Harish Singh,Male,1984-06-18,42,Business,No Formal Education,Widowed,B-,Indian,Chikkaballapura,PS0245
P004576,Sunitha Poojary,Female,1991-02-22,35,Sales Executive,No Formal Education,Single,O-,Indian,Bengaluru Urban,PS0113
P004577,Suraj Bhat,Male,1990-10-26,35,Labour,Post Graduate,Widowed,AB+,Indian,Ballari,PS0038
P004578,Suresh Kumar,Male,2005-09-11,20,Electrician,PUC,Widowed,B+,Indian,Chikkaballapura,PS0248
P004579,Sangeetha Kumar,Female,2002-06-29,24,Carpenter,Graduate,Married,AB-,Indian,Bengaluru Rural,PS0099
P004580,Pooja Hiremath,Female,1997-10-08,28,Driver,Post Graduate,Widowed,B+,Indian,Chamarajanagar,PS0209
P004581,Basavaraj Patil,Male,1984-05-16,42,Sales Executive,High School,Widowed,B-,Indian,Bengaluru Rural,PS0087
P004582,Rekha Singh,Female,2003-06-22,23,Unemployed,High School,Widowed,A+,Indian,Chikkaballapura,PS0250
P004583,Keerthi Shetty,Female,1972-04-06,54,Police,Diploma,Divorced,O+,Indian,Chamarajanagar,PS0198
P004584,Bhavya Naik,Female,1959-02-15,67,Software Engineer,Primary,Divorced,O+,Indian,Bengaluru Urban,PS0132
P004585,Ravi Gowda,Male,1988-12-13,37,Mechanic,Post Graduate,Married,O+,Indian,Bengaluru Urban,PS0120
P004586,Radhika Shetty,Female,1979-05-22,47,Lawyer,Diploma,Single,B-,Indian,Bidar,PS0183
P004587,Divya Pujari,Female,1993-04-30,33,Unemployed,Graduate,Widowed,A-,Indian,Bengaluru Urban,PS0144
P004588,Darshan Bhat,Male,1979-07-02,47,Engineer,PUC,Married,A-,Indian,Bengaluru Urban,PS0110
P004589,Ravi Kumar,Male,1965-11-18,60,Nurse,PUC,Divorced,O-,Indian,Chamarajanagar,PS0202
P004590,Preethi Reddy,Female,1967-02-17,59,Business,PhD,Widowed,B-,Indian,Belagavi,PS0062
P004591,Rohit Shetty,Male,1969-05-08,57,Student,Primary,Widowed,B-,Indian,Bagalkote,PS0005
P004592,Ganesh Kulkarni,Male,1971-03-08,55,Student,No Formal Education,Married,B-,Indian,Chikkaballapura,PS0247
P004593,Prakash Patil,Male,1974-05-27,52,Doctor,PUC,Married,O+,Indian,Bidar,PS0190
P004594,Darshan Reddy,Male,1981-02-11,45,Student,High School,Single,B+,Indian,Chamarajanagar,PS0213
P004595,Kavya Shetty,Female,1976-12-04,49,Farmer,Post Graduate,Widowed,B+,Indian,Chikkaballapura,PS0236
P004596,Siddu Naik,Male,1971-05-31,55,Unemployed,Graduate,Single,B-,Indian,Chamarajanagar,PS0234
P004597,Darshan Verma,Male,1998-08-06,27,Carpenter,Post Graduate,Single,A+,Indian,Chikkaballapura,PS0245
P004598,Pradeep Naik,Male,2007-03-14,19,Doctor,PhD,Widowed,AB-,Indian,Bengaluru Urban,PS0149
P004599,Siddu Shetty,Male,1981-05-18,45,Electrician,PUC,Divorced,B-,Indian,Bidar,PS0166
P004600,Anjali Kulkarni,Female,1961-07-11,65,Carpenter,Diploma,Widowed,AB+,Indian,Bengaluru Urban,PS0139
P004601,Radhika Naik,Female,1965-03-10,61,Sales Executive,No Formal Education,Widowed,A+,Indian,Chikkaballapura,PS0241
P004602,Vinay Patil,Male,2002-10-27,23,Driver,No Formal Education,Divorced,A+,Indian,Belagavi,PS0060
P004603,Lokesh Sharma,Male,2001-08-15,24,Student,PUC,Divorced,A-,Indian,Chamarajanagar,PS0213
P004604,Siddu Rao,Male,1970-01-18,56,Farmer,Post Graduate,Single,A+,Indian,Bidar,PS0169
P004605,Kusuma Angadi,Female,1974-04-06,52,Driver,Diploma,Single,B-,Indian,Chamarajanagar,PS0230
P004606,Darshan Kulkarni,Male,1971-10-08,54,Sales Executive,Post Graduate,Married,AB-,Indian,Bidar,PS0175
P004607,Chetan Gowda,Male,1969-09-18,56,Doctor,PUC,Single,A-,Indian,Bengaluru Urban,PS0143
P004608,Keerthi Hiremath,Female,1986-01-26,40,Electrician,High School,Married,B+,Indian,Bidar,PS0192
P004609,Nandini Kumar,Female,1964-02-09,62,Doctor,Post Graduate,Widowed,A-,Indian,Bengaluru Rural,PS0086
P004610,Basavaraj Singh,Male,1997-01-04,29,Shop Owner,Post Graduate,Married,A+,Indian,Bagalkote,PS0018
P004611,Naveen Naik,Male,1984-11-18,41,Business,Post Graduate,Divorced,B+,Indian,Belagavi,PS0063
P004612,Keerthi Sharma,Female,1956-05-30,70,Driver,High School,Single,AB+,Indian,Bagalkote,PS0008
P004613,Vinay Hegde,Male,1973-09-22,52,Student,Diploma,Single,AB-,Indian,Bengaluru Rural,PS0096
P004614,Rohit Angadi,Male,2001-10-27,24,Lawyer,Primary,Single,AB-,Indian,Bengaluru Urban,PS0138
P004615,Harish Hegde,Male,1983-09-07,42,Student,Diploma,Divorced,B+,Indian,Belagavi,PS0053
P004616,Shreya Poojary,Female,1995-01-24,31,Engineer,PUC,Widowed,AB+,Indian,Bengaluru Urban,PS0110
P004617,Keerthi Angadi,Female,1999-02-25,27,Engineer,No Formal Education,Married,A+,Indian,Bengaluru Rural,PS0096
P004618,Bhavya Joshi,Female,1981-05-21,45,Engineer,Graduate,Married,AB-,Indian,Chamarajanagar,PS0198
P004619,Rekha Kumar,Female,1962-07-22,64,Government Employee,High School,Widowed,B+,Indian,Bengaluru Rural,PS0108
P004620,Anitha Angadi,Female,1994-09-19,31,Police,High School,Married,A+,Indian,Chikkaballapura,PS0237
P004621,Shivakumar Kambali,Male,1976-03-12,50,Teacher,No Formal Education,Divorced,A-,Indian,Bengaluru Rural,PS0082
P004622,Abhishek Shetty,Male,1960-09-02,65,Business,Diploma,Single,O+,Indian,Bagalkote,PS0002
P004623,Shivakumar Desai,Male,2002-12-03,23,Student,Primary,Single,AB-,Indian,Bidar,PS0173
P004624,Akash Bhat,Male,1958-09-20,67,Nurse,Graduate,Single,A-,Indian,Chikkaballapura,PS0250
P004625,Anitha Joshi,Female,1997-07-31,28,Doctor,Primary,Widowed,A+,Indian,Bengaluru Rural,PS0109
P004626,Asha Kambali,Female,1986-07-19,40,Sales Executive,Post Graduate,Widowed,B-,Indian,Chamarajanagar,PS0222
P004627,Akash Joshi,Male,1960-01-10,66,Sales Executive,No Formal Education,Divorced,AB+,Indian,Belagavi,PS0059
P004628,Vijay Kambali,Male,2001-10-05,24,Farmer,No Formal Education,Single,A-,Indian,Bengaluru Rural,PS0087
P004629,Geetha Hegde,Female,1991-07-03,35,Government Employee,Post Graduate,Widowed,O-,Indian,Bengaluru Rural,PS0079
P004630,Divya Hiremath,Female,1985-05-09,41,Teacher,Diploma,Widowed,A+,Indian,Belagavi,PS0046
P004631,Vinay Gowda,Male,2005-12-24,20,Teacher,Primary,Widowed,O+,Indian,Chamarajanagar,PS0195
P004632,Swathi Reddy,Female,1998-05-07,28,Sales Executive,No Formal Education,Married,B+,Indian,Bengaluru Rural,PS0108
P004633,Ravi Kumar,Male,1977-07-27,48,Software Engineer,PUC,Divorced,O-,Indian,Chikkaballapura,PS0238
P004634,Harish Verma,Male,1967-03-14,59,Carpenter,PUC,Married,A+,Indian,Chamarajanagar,PS0195
P004635,Anitha Hiremath,Female,1971-05-19,55,Shop Owner,Diploma,Widowed,B-,Indian,Bidar,PS0159
P004636,Rekha Pujari,Female,1999-10-03,26,Driver,PhD,Married,B-,Indian,Chamarajanagar,PS0233
P004637,Chetan Hegde,Male,1997-05-26,29,Student,High School,Divorced,A+,Indian,Bengaluru Rural,PS0077
P004638,Sanjay Pujari,Male,1990-12-19,35,Labour,PUC,Divorced,O+,Indian,Bengaluru Rural,PS0080
P004639,Harini Bhat,Female,1978-11-30,47,Teacher,PhD,Married,B-,Indian,Chamarajanagar,PS0210
P004640,Sangeetha Desai,Female,1986-02-11,40,Teacher,PUC,Single,O+,Indian,Bagalkote,PS0023
P004641,Bhavya Shetty,Female,1968-12-14,57,Government Employee,PUC,Divorced,B-,Indian,Bengaluru Urban,PS0122
P004642,Shivakumar Bhat,Male,1955-04-08,71,Nurse,High School,Single,A-,Indian,Bidar,PS0177
P004643,Shreya Rao,Female,1977-01-20,49,Lawyer,No Formal Education,Single,AB+,Indian,Ballari,PS0032
P004644,Rohit Kulkarni,Male,1990-09-27,35,Business,Diploma,Divorced,B+,Indian,Chamarajanagar,PS0216
P004645,Lakshmi Desai,Female,1970-05-16,56,Mechanic,Post Graduate,Married,B-,Indian,Bidar,PS0157
P004646,Prakash Verma,Male,1957-11-19,68,Electrician,Diploma,Divorced,AB-,Indian,Bidar,PS0164
P004647,Vidya Naik,Female,1982-06-30,44,Business,Diploma,Divorced,B+,Indian,Bengaluru Rural,PS0078
P004648,Rohit Naik,Male,1996-11-29,29,Carpenter,Diploma,Divorced,AB+,Indian,Bengaluru Urban,PS0131
P004649,Nandini Siddiqui,Female,1980-11-29,45,Driver,Primary,Divorced,B+,Indian,Bagalkote,PS0007
P004650,Bhavya Sharma,Female,2000-05-13,26,Farmer,Graduate,Single,B+,Indian,Belagavi,PS0062
P004651,Kiran Singh,Male,1979-07-03,47,Government Employee,High School,Divorced,O+,Indian,Ballari,PS0041
P004652,Pooja Hiremath,Female,1999-12-16,26,Sales Executive,High School,Divorced,O-,Indian,Bengaluru Rural,PS0086
P004653,Naveen Rao,Male,2002-05-25,24,Government Employee,Graduate,Single,AB-,Indian,Chikkaballapura,PS0236
P004654,Shivakumar Kumar,Male,1960-06-26,66,Sales Executive,Graduate,Single,AB+,Indian,Bengaluru Urban,PS0129
P004655,Anitha Reddy,Female,2002-06-18,24,Police,Diploma,Widowed,B+,Indian,Bengaluru Urban,PS0143
P004656,Arjun Hegde,Male,1996-10-06,29,Shop Owner,High School,Divorced,AB-,Indian,Bidar,PS0165
P004657,Rohit Kumar,Male,2000-02-21,26,Doctor,High School,Divorced,O+,Indian,Chamarajanagar,PS0216
P004658,Nisha Poojary,Female,2003-01-02,23,Nurse,High School,Divorced,B-,Indian,Bengaluru Urban,PS0136
P004659,Siddu Siddiqui,Male,1961-05-15,65,Lawyer,Post Graduate,Single,O+,Indian,Bengaluru Urban,PS0146
P004660,Sangeetha Hiremath,Female,1989-12-03,36,Farmer,No Formal Education,Widowed,O+,Indian,Belagavi,PS0049
P004661,Puneeth Verma,Male,1982-10-08,43,Unemployed,Primary,Married,A-,Indian,Bengaluru Urban,PS0133
P004662,Radhika Siddiqui,Female,1958-04-26,68,Nurse,Graduate,Single,O+,Indian,Bengaluru Rural,PS0097
P004663,Shivakumar Joshi,Male,1994-04-10,32,Doctor,Graduate,Single,A-,Indian,Chikkaballapura,PS0237
P004664,Akash Hegde,Male,1955-03-14,71,Teacher,PUC,Single,O+,Indian,Bengaluru Rural,PS0103
P004665,Rahul Joshi,Male,1959-09-23,66,Driver,PhD,Married,O+,Indian,Bagalkote,PS0012
P004666,Chetan Patil,Male,1965-02-13,61,Driver,No Formal Education,Widowed,A-,Indian,Bengaluru Urban,PS0110
P004667,Sangeetha Angadi,Female,2004-02-29,22,Electrician,High School,Divorced,A+,Indian,Bengaluru Urban,PS0116
P004668,Radhika Desai,Female,1989-02-26,37,Unemployed,PhD,Divorced,B+,Indian,Chamarajanagar,PS0199
P004669,Arjun Siddiqui,Male,1961-01-19,65,Electrician,Primary,Divorced,AB+,Indian,Belagavi,PS0054
P004670,Ajay Desai,Male,1956-03-29,70,Government Employee,PUC,Widowed,B+,Indian,Bengaluru Urban,PS0131
P004671,Pradeep Kambali,Male,1992-12-17,33,Doctor,Graduate,Divorced,B+,Indian,Bagalkote,PS0013
P004672,Sangeetha Angadi,Female,1979-07-08,47,Sales Executive,Graduate,Widowed,O+,Indian,Chamarajanagar,PS0197
P004673,Abhishek Poojary,Male,2000-03-14,26,Driver,PUC,Single,AB-,Indian,Bengaluru Rural,PS0090
P004674,Nandini Poojary,Female,2006-07-26,19,Government Employee,PUC,Widowed,O-,Indian,Bagalkote,PS0017
P004675,Priya Poojary,Female,1982-12-24,43,Farmer,No Formal Education,Divorced,B-,Indian,Bengaluru Urban,PS0131
P004676,Sangeetha Kambali,Female,1964-04-10,62,Carpenter,No Formal Education,Divorced,B-,Indian,Bengaluru Urban,PS0128
P004677,Vijay Hegde,Male,1993-11-26,32,Student,High School,Divorced,O+,Indian,Chikkaballapura,PS0235
P004678,Shreya Kumar,Female,1992-08-08,33,Business,Graduate,Divorced,O-,Indian,Bengaluru Urban,PS0121
P004679,Priya Poojary,Female,1984-04-21,42,Doctor,High School,Single,A+,Indian,Chamarajanagar,PS0201
P004680,Ganesh Bhat,Male,1966-08-15,59,Nurse,High School,Married,O+,Indian,Chikkaballapura,PS0238
P004681,Geetha Siddiqui,Female,1980-08-19,45,Farmer,No Formal Education,Married,AB+,Indian,Bengaluru Urban,PS0141
P004682,Preethi Bhat,Female,1960-06-18,66,Mechanic,Graduate,Married,AB-,Indian,Chamarajanagar,PS0204
P004683,Deepa Sharma,Female,1985-03-06,41,Driver,Diploma,Married,O-,Indian,Chamarajanagar,PS0213
P004684,Sunitha Hiremath,Female,1984-09-06,41,Engineer,PhD,Widowed,AB-,Indian,Bidar,PS0187
P004685,Keerthi Sharma,Female,1998-08-03,27,Lawyer,Graduate,Married,AB-,Indian,Bengaluru Rural,PS0073
P004686,Akash Shetty,Male,1984-09-09,41,Shop Owner,Diploma,Widowed,O-,Indian,Bengaluru Urban,PS0149
P004687,Rohit Poojary,Male,1984-02-15,42,Driver,High School,Widowed,B+,Indian,Ballari,PS0042
P004688,Preethi Singh,Female,1984-05-27,42,Driver,PUC,Widowed,O-,Indian,Bidar,PS0169
P004689,Roopa Hiremath,Female,2005-07-29,20,Unemployed,No Formal Education,Married,A+,Indian,Bengaluru Rural,PS0104
P004690,Darshan Pujari,Male,1985-06-14,41,Lawyer,No Formal Education,Widowed,A+,Indian,Ballari,PS0038
P004691,Ravi Joshi,Male,1963-01-17,63,Carpenter,Primary,Married,AB+,Indian,Chamarajanagar,PS0220
P004692,Suresh Hiremath,Male,1983-09-12,42,Government Employee,Graduate,Married,AB-,Indian,Bengaluru Rural,PS0081
P004693,Pradeep Rao,Male,1998-04-01,28,Nurse,PUC,Divorced,B+,Indian,Bengaluru Rural,PS0081
P004694,Shreya Reddy,Female,1983-01-07,43,Teacher,Post Graduate,Married,A+,Indian,Bidar,PS0171
P004695,Kavya Pujari,Female,1986-10-10,39,Teacher,No Formal Education,Widowed,B-,Indian,Bidar,PS0171
P004696,Ajay Singh,Male,1961-11-02,64,Doctor,PhD,Widowed,B-,Indian,Bidar,PS0192
P004697,Sneha Pujari,Female,1971-02-09,55,Nurse,Graduate,Married,B-,Indian,Bagalkote,PS0025
P004698,Suraj Naik,Male,1960-12-01,65,Government Employee,Primary,Widowed,A+,Indian,Chamarajanagar,PS0231
P004699,Ramesh Sharma,Male,1960-06-26,66,Mechanic,Graduate,Divorced,AB+,Indian,Bengaluru Urban,PS0150
P004700,Ganesh Siddiqui,Male,1982-01-14,44,Police,Post Graduate,Widowed,A+,Indian,Chamarajanagar,PS0210
P004701,Darshan Kumar,Male,1972-11-14,53,Doctor,PUC,Widowed,A+,Indian,Bagalkote,PS0017
P004702,Darshan Reddy,Male,1957-10-26,68,Security Guard,PUC,Widowed,O-,Indian,Bagalkote,PS0012
P004703,Nandini Verma,Female,1996-08-10,29,Sales Executive,PUC,Widowed,AB-,Indian,Chamarajanagar,PS0226
P004704,Bhavya Bhat,Female,1987-01-13,39,Software Engineer,Diploma,Divorced,A+,Indian,Bagalkote,PS0020
P004705,Ajay Pujari,Male,1964-12-10,61,Unemployed,Graduate,Divorced,B-,Indian,Belagavi,PS0055
P004706,Sunitha Naik,Female,1964-09-04,61,Engineer,High School,Widowed,B-,Indian,Bengaluru Rural,PS0104
P004707,Deepa Rao,Female,1976-02-01,50,Engineer,High School,Married,B-,Indian,Chikkaballapura,PS0242
P004708,Chetan Reddy,Male,1973-06-17,53,Software Engineer,Primary,Divorced,AB-,Indian,Bengaluru Rural,PS0073
P004709,Sangeetha Kumar,Female,1996-09-03,29,Student,High School,Widowed,AB+,Indian,Belagavi,PS0054
P004710,Suresh Patil,Male,1992-11-29,33,Student,Post Graduate,Widowed,AB+,Indian,Bengaluru Urban,PS0125
P004711,Naveen Siddiqui,Male,1966-01-23,60,Electrician,Diploma,Widowed,O+,Indian,Bengaluru Rural,PS0079
P004712,Kiran Singh,Male,1980-08-17,45,Shop Owner,PUC,Divorced,B+,Indian,Bengaluru Rural,PS0092
P004713,Rekha Hiremath,Female,1995-09-11,30,Police,No Formal Education,Married,AB+,Indian,Bengaluru Rural,PS0094
P004714,Suresh Hiremath,Male,1984-05-09,42,Government Employee,High School,Divorced,B+,Indian,Belagavi,PS0047
P004715,Akash Sharma,Male,1987-05-29,39,Mechanic,PUC,Widowed,O-,Indian,Bengaluru Rural,PS0106
P004716,Akash Kulkarni,Male,2004-01-01,22,Driver,Diploma,Single,AB+,Indian,Bengaluru Urban,PS0149
P004717,Divya Desai,Female,1984-12-12,41,Unemployed,Primary,Divorced,AB-,Indian,Chamarajanagar,PS0228
P004718,Roopa Bhat,Female,1981-10-13,44,Labour,Diploma,Divorced,B+,Indian,Bengaluru Rural,PS0092
P004719,Siddu Hiremath,Male,1955-07-13,71,Student,Diploma,Single,AB-,Indian,Bengaluru Urban,PS0147
P004720,Suraj Patil,Male,2002-03-21,24,Nurse,PhD,Divorced,AB-,Indian,Bagalkote,PS0017
P004721,Nandini Kumar,Female,1961-03-15,65,Mechanic,PhD,Widowed,AB-,Indian,Ballari,PS0038
P004722,Kiran Bhat,Male,1988-09-16,37,Sales Executive,No Formal Education,Married,O+,Indian,Belagavi,PS0056
P004723,Sneha Siddiqui,Female,1985-11-01,40,Engineer,High School,Single,A+,Indian,Ballari,PS0043
P004724,Roopa Reddy,Female,1996-05-25,30,Government Employee,No Formal Education,Widowed,B-,Indian,Chamarajanagar,PS0212
P004725,Rekha Singh,Female,1958-11-06,67,Police,Primary,Widowed,A-,Indian,Bidar,PS0166
P004726,Darshan Bhat,Male,1956-02-17,70,Government Employee,High School,Single,O+,Indian,Chamarajanagar,PS0213
P004727,Deepa Poojary,Female,1984-01-13,42,Driver,PhD,Divorced,AB+,Indian,Belagavi,PS0055
P004728,Pradeep Pujari,Male,1973-01-19,53,Teacher,Post Graduate,Widowed,AB-,Indian,Bengaluru Rural,PS0083
P004729,Prakash Gowda,Male,1992-12-09,33,Nurse,Primary,Divorced,AB-,Indian,Bengaluru Urban,PS0130
P004730,Anjali Hegde,Female,1987-09-23,38,Labour,Post Graduate,Single,O+,Indian,Bidar,PS0174
P004731,Harini Hiremath,Female,1982-01-19,44,Engineer,PUC,Widowed,B-,Indian,Bengaluru Urban,PS0147
P004732,Asha Singh,Female,1956-04-08,70,Carpenter,Graduate,Divorced,A-,Indian,Bengaluru Urban,PS0126
P004733,Anjali Reddy,Female,1974-08-27,51,Business,Graduate,Widowed,B-,Indian,Chikkaballapura,PS0248
P004734,Manoj Joshi,Male,1988-04-28,38,Doctor,High School,Divorced,O+,Indian,Bengaluru Rural,PS0092
P004735,Divya Hiremath,Female,1966-07-17,60,Doctor,High School,Widowed,O-,Indian,Bengaluru Rural,PS0086
P004736,Harini Desai,Female,2007-01-04,19,Government Employee,Diploma,Widowed,O+,Indian,Bidar,PS0171
P004737,Rohit Hiremath,Male,1993-02-11,33,Police,No Formal Education,Divorced,B+,Indian,Ballari,PS0032
P004738,Anitha Gowda,Female,1978-04-25,48,Business,Post Graduate,Married,B+,Indian,Bagalkote,PS0020
P004739,Geetha Hiremath,Female,1962-01-18,64,Labour,Diploma,Married,B-,Indian,Chamarajanagar,PS0230
P004740,Kiran Patil,Male,1998-04-21,28,Electrician,Post Graduate,Single,A-,Indian,Bengaluru Rural,PS0103
P004741,Bhavya Rao,Female,1964-09-06,61,Unemployed,Primary,Widowed,B-,Indian,Bidar,PS0163
P004742,Roopa Siddiqui,Female,1956-07-10,70,Mechanic,Graduate,Divorced,B-,Indian,Bidar,PS0179
P004743,Priya Singh,Female,1968-06-13,58,Driver,PUC,Single,O+,Indian,Bagalkote,PS0024
P004744,Prakash Singh,Male,1997-03-16,29,Business,Graduate,Widowed,O-,Indian,Chamarajanagar,PS0233
P004745,Bhavya Angadi,Female,1980-12-15,45,Driver,Diploma,Single,A+,Indian,Chikkaballapura,PS0241
P004746,Priya Gowda,Female,1974-06-23,52,Driver,PhD,Married,A+,Indian,Chikkaballapura,PS0235
P004747,Abhishek Patil,Male,1982-09-06,43,Mechanic,High School,Widowed,AB+,Indian,Chamarajanagar,PS0200
P004748,Lakshmi Hegde,Female,1966-06-04,60,Police,Graduate,Widowed,A-,Indian,Bengaluru Rural,PS0097
P004749,Ravi Pujari,Male,1968-07-27,57,Student,PUC,Single,O+,Indian,Bidar,PS0167
P004750,Sowmya Singh,Female,1967-06-13,59,Doctor,Graduate,Married,A-,Indian,Ballari,PS0042
P004751,Kiran Siddiqui,Male,1969-09-04,56,Mechanic,Primary,Widowed,O-,Indian,Bengaluru Urban,PS0148
P004752,Basavaraj Rao,Male,1990-02-08,36,Labour,Post Graduate,Widowed,B-,Indian,Bengaluru Rural,PS0100
P004753,Anitha Angadi,Female,1982-04-01,44,Government Employee,High School,Single,B-,Indian,Chamarajanagar,PS0206
P004754,Suresh Hegde,Male,2007-03-04,19,Mechanic,Diploma,Divorced,A+,Indian,Bidar,PS0173
P004755,Ramesh Poojary,Male,1959-06-02,67,Driver,Diploma,Single,B-,Indian,Bidar,PS0174
P004756,Deepa Rao,Female,1985-12-15,40,Business,Primary,Married,B+,Indian,Chamarajanagar,PS0225
P004757,Sangeetha Hegde,Female,1966-04-26,60,Sales Executive,Graduate,Widowed,O-,Indian,Bengaluru Urban,PS0123
P004758,Sanjay Siddiqui,Male,1985-09-16,40,Engineer,PUC,Single,AB-,Indian,Chikkaballapura,PS0245
P004759,Sowmya Verma,Female,2004-10-30,21,Engineer,PhD,Single,B+,Indian,Chamarajanagar,PS0217
P004760,Swathi Patil,Female,1980-06-25,46,Unemployed,Diploma,Single,AB-,Indian,Chamarajanagar,PS0232
P004761,Basavaraj Angadi,Male,2000-05-02,26,Police,High School,Single,A-,Indian,Chikkaballapura,PS0243
P004762,Anjali Joshi,Female,2007-09-03,18,Sales Executive,PhD,Widowed,O+,Indian,Bengaluru Rural,PS0089
P004763,Preethi Reddy,Female,1977-01-28,49,Nurse,Primary,Widowed,AB-,Indian,Chamarajanagar,PS0226
P004764,Shreya Kulkarni,Female,1967-05-09,59,Mechanic,High School,Married,O+,Indian,Bidar,PS0172
P004765,Siddu Hiremath,Male,1984-05-29,42,Lawyer,No Formal Education,Married,AB+,Indian,Bengaluru Urban,PS0136
P004766,Preethi Bhat,Female,1972-01-08,54,Lawyer,Graduate,Widowed,O-,Indian,Bengaluru Urban,PS0111
P004767,Kusuma Desai,Female,1961-11-22,64,Police,Post Graduate,Divorced,AB-,Indian,Bidar,PS0188
P004768,Abhishek Gowda,Male,2007-04-09,19,Doctor,Graduate,Divorced,O+,Indian,Bengaluru Urban,PS0140
P004769,Sowmya Rao,Female,1967-09-16,58,Business,Graduate,Married,O+,Indian,Chamarajanagar,PS0198
P004770,Kiran Hiremath,Male,1980-07-19,46,Doctor,High School,Widowed,A+,Indian,Bengaluru Urban,PS0140
P004771,Bhavya Naik,Female,2005-05-31,21,Carpenter,PUC,Widowed,A+,Indian,Bengaluru Rural,PS0105
P004772,Harini Gowda,Female,1994-04-29,32,Teacher,No Formal Education,Married,A+,Indian,Ballari,PS0036
P004773,Chetan Rao,Male,2004-05-24,22,Shop Owner,Primary,Single,B+,Indian,Bidar,PS0182
P004774,Abhishek Hiremath,Male,1993-04-20,33,Nurse,PhD,Widowed,B-,Indian,Bengaluru Rural,PS0078
P004775,Pooja Kumar,Female,1972-11-19,53,Sales Executive,PUC,Divorced,AB+,Indian,Chikkaballapura,PS0236
P004776,Mahesh Kulkarni,Male,1992-09-22,33,Government Employee,No Formal Education,Widowed,A-,Indian,Chamarajanagar,PS0202
P004777,Prakash Desai,Male,1984-03-30,42,Government Employee,Diploma,Married,O+,Indian,Chikkaballapura,PS0249
P004778,Nandini Gowda,Female,1983-07-01,43,Lawyer,Post Graduate,Widowed,B-,Indian,Bengaluru Rural,PS0085
P004779,Rohit Desai,Male,1977-07-17,49,Unemployed,No Formal Education,Divorced,AB+,Indian,Bagalkote,PS0020
P004780,Harini Siddiqui,Female,2002-10-15,23,Government Employee,PUC,Single,AB-,Indian,Bagalkote,PS0012
P004781,Harini Naik,Female,1960-03-19,66,Driver,Graduate,Married,A-,Indian,Chikkaballapura,PS0245
P004782,Sanjay Shetty,Male,1992-11-23,33,Labour,High School,Divorced,AB+,Indian,Ballari,PS0040
P004783,Sunitha Pujari,Female,1959-05-15,67,Engineer,Graduate,Single,AB+,Indian,Bidar,PS0174
P004784,Shivakumar Reddy,Male,1981-05-13,45,Nurse,Primary,Divorced,O-,Indian,Bidar,PS0155
P004785,Arjun Kumar,Male,1961-04-23,65,Security Guard,No Formal Education,Single,O-,Indian,Bidar,PS0156
P004786,Ganesh Pujari,Male,1983-09-24,42,Lawyer,Post Graduate,Widowed,B-,Indian,Bidar,PS0173
P004787,Sangeetha Poojary,Female,1980-05-24,46,Police,Post Graduate,Married,A+,Indian,Bidar,PS0192
P004788,Anjali Rao,Female,1964-08-17,61,Security Guard,Graduate,Widowed,O-,Indian,Bengaluru Urban,PS0145
P004789,Ganesh Sharma,Male,1967-11-14,58,Farmer,PUC,Single,AB-,Indian,Bengaluru Rural,PS0103
P004790,Sneha Kambali,Female,1977-09-16,48,Driver,Graduate,Single,A-,Indian,Bengaluru Rural,PS0086
P004791,Sanjay Siddiqui,Male,1958-10-03,67,Business,Graduate,Divorced,A+,Indian,Bidar,PS0171
P004792,Pooja Hiremath,Female,1980-05-12,46,Doctor,High School,Divorced,O-,Indian,Bengaluru Urban,PS0113
P004793,Puneeth Sharma,Male,1967-07-08,59,Police,PhD,Widowed,O-,Indian,Belagavi,PS0062
P004794,Kusuma Singh,Female,1958-04-03,68,Nurse,High School,Divorced,A-,Indian,Bengaluru Rural,PS0082
P004795,Abhishek Bhat,Male,1956-07-01,70,Business,PhD,Married,O-,Indian,Bidar,PS0158
P004796,Megha Siddiqui,Female,1972-06-10,54,Student,Primary,Married,O+,Indian,Chamarajanagar,PS0233
P004797,Akash Hiremath,Male,1973-05-07,53,Unemployed,PhD,Single,B+,Indian,Ballari,PS0030
P004798,Sunitha Desai,Female,1976-09-28,49,Mechanic,High School,Single,O-,Indian,Belagavi,PS0047
P004799,Prakash Bhat,Male,2005-03-04,21,Doctor,Graduate,Single,B-,Indian,Bagalkote,PS0005
P004800,Siddu Naik,Male,1961-12-20,64,Government Employee,Post Graduate,Single,AB-,Indian,Bengaluru Rural,PS0093
P004801,Geetha Verma,Female,1991-06-04,35,Sales Executive,PhD,Single,B+,Indian,Bengaluru Rural,PS0103
P004802,Abhishek Gowda,Male,1975-06-05,51,Engineer,High School,Widowed,AB-,Indian,Ballari,PS0033
P004803,Asha Gowda,Female,1987-01-28,39,Mechanic,High School,Married,A+,Indian,Bengaluru Rural,PS0103
P004804,Suresh Kumar,Male,1988-12-01,37,Sales Executive,PhD,Widowed,A-,Indian,Bidar,PS0166
P004805,Ajay Angadi,Male,1997-05-11,29,Driver,Post Graduate,Divorced,AB-,Indian,Chamarajanagar,PS0212
P004806,Divya Rao,Female,1991-04-28,35,Electrician,Post Graduate,Widowed,AB+,Indian,Bidar,PS0164
P004807,Anjali Bhat,Female,1983-05-20,43,Police,PhD,Divorced,B+,Indian,Chamarajanagar,PS0211
P004808,Keerthi Bhat,Female,1981-08-29,44,Mechanic,High School,Divorced,B+,Indian,Ballari,PS0041
P004809,Anitha Angadi,Female,2006-06-12,20,Engineer,Primary,Divorced,A-,Indian,Bengaluru Rural,PS0108
P004810,Siddu Naik,Male,1983-03-26,43,Labour,PhD,Married,B-,Indian,Bengaluru Urban,PS0114
P004811,Divya Hegde,Female,1996-04-06,30,Labour,Diploma,Widowed,O-,Indian,Bengaluru Urban,PS0115
P004812,Chetan Kulkarni,Male,1960-05-29,66,Labour,No Formal Education,Married,B-,Indian,Bengaluru Rural,PS0102
P004813,Shivakumar Hiremath,Male,1975-01-14,51,Lawyer,Post Graduate,Divorced,A+,Indian,Bidar,PS0173
P004814,Abhishek Poojary,Male,1983-09-18,42,Mechanic,Post Graduate,Single,B-,Indian,Chamarajanagar,PS0195
P004815,Sangeetha Kulkarni,Female,1988-10-21,37,Business,PUC,Married,B+,Indian,Bidar,PS0190
P004816,Suraj Angadi,Male,1987-04-05,39,Teacher,Diploma,Divorced,O-,Indian,Bidar,PS0175
P004817,Naveen Reddy,Male,1983-06-03,43,Carpenter,PhD,Married,O+,Indian,Bengaluru Rural,PS0108
P004818,Ravi Kambali,Male,1955-09-05,70,Business,High School,Divorced,B+,Indian,Bagalkote,PS0020
P004819,Divya Desai,Female,1964-11-16,61,Mechanic,Post Graduate,Married,O+,Indian,Ballari,PS0038
P004820,Sangeetha Joshi,Female,1998-03-10,28,Labour,High School,Married,O-,Indian,Bidar,PS0170
P004821,Ramesh Kambali,Male,1985-11-28,40,Lawyer,PhD,Widowed,B+,Indian,Chamarajanagar,PS0214
P004822,Sowmya Naik,Female,2006-03-17,20,Business,Primary,Married,B+,Indian,Chamarajanagar,PS0226
P004823,Divya Shetty,Female,1974-12-31,51,Teacher,No Formal Education,Widowed,B+,Indian,Bengaluru Rural,PS0078
P004824,Nisha Hiremath,Female,1977-06-29,49,Farmer,Graduate,Divorced,AB-,Indian,Bengaluru Urban,PS0147
P004825,Asha Reddy,Female,2003-05-16,23,Unemployed,High School,Divorced,B-,Indian,Bagalkote,PS0018
P004826,Ajay Kumar,Male,1959-08-04,66,Police,Graduate,Widowed,B-,Indian,Belagavi,PS0057
P004827,Ramesh Shetty,Male,2000-04-24,26,Teacher,Post Graduate,Widowed,B-,Indian,Bengaluru Urban,PS0135
P004828,Roopa Bhat,Female,1955-10-25,70,Electrician,PhD,Widowed,AB-,Indian,Bengaluru Rural,PS0071
P004829,Anjali Singh,Female,2000-03-11,26,Security Guard,Post Graduate,Married,A-,Indian,Bidar,PS0173
P004830,Manoj Kulkarni,Male,1960-05-09,66,Mechanic,Post Graduate,Married,O+,Indian,Ballari,PS0040
P004831,Bhavya Bhat,Female,1973-11-13,52,Electrician,PhD,Widowed,A+,Indian,Bengaluru Urban,PS0139
P004832,Ramesh Kumar,Male,2006-09-24,19,Driver,Graduate,Widowed,B+,Indian,Chamarajanagar,PS0227
P004833,Bhavya Verma,Female,1974-02-24,52,Nurse,PUC,Single,O+,Indian,Bengaluru Rural,PS0087
P004834,Vijay Kumar,Male,2004-09-17,21,Electrician,Post Graduate,Single,A-,Indian,Bengaluru Rural,PS0094
P004835,Pooja Desai,Female,1968-08-28,57,Mechanic,No Formal Education,Married,B-,Indian,Bidar,PS0158
P004836,Megha Angadi,Female,1959-05-28,67,Mechanic,Diploma,Widowed,AB+,Indian,Chamarajanagar,PS0226
P004837,Chetan Reddy,Male,1993-11-09,32,Police,Diploma,Married,A+,Indian,Bengaluru Rural,PS0092
P004838,Kiran Gowda,Male,1963-10-14,62,Nurse,Post Graduate,Married,O+,Indian,Chikkaballapura,PS0248
P004839,Pooja Patil,Female,2002-01-09,24,Lawyer,Graduate,Divorced,AB+,Indian,Bidar,PS0192
P004840,Suraj Kumar,Male,2002-11-09,23,Carpenter,PhD,Widowed,B+,Indian,Bengaluru Urban,PS0141
P004841,Sanjay Kulkarni,Male,1961-10-24,64,Farmer,No Formal Education,Divorced,O+,Indian,Bengaluru Rural,PS0077
P004842,Arjun Desai,Male,1992-03-11,34,Engineer,No Formal Education,Married,O+,Indian,Ballari,PS0037
P004843,Suraj Singh,Male,1956-07-30,69,Farmer,PhD,Divorced,AB-,Indian,Chamarajanagar,PS0200
P004844,Ganesh Siddiqui,Male,1964-07-03,62,Nurse,High School,Divorced,AB+,Indian,Bidar,PS0156
P004845,Rahul Singh,Male,1989-11-20,36,Government Employee,Diploma,Divorced,O-,Indian,Belagavi,PS0069
P004846,Shivakumar Patil,Male,1961-10-31,64,Labour,Graduate,Single,B+,Indian,Bagalkote,PS0023
P004847,Sneha Rao,Female,2002-01-31,24,Security Guard,PUC,Divorced,AB+,Indian,Bidar,PS0192
P004848,Kusuma Kumar,Female,1996-05-08,30,Doctor,Primary,Single,O-,Indian,Ballari,PS0039
P004849,Lokesh Pujari,Male,1988-08-18,37,Student,High School,Married,A+,Indian,Ballari,PS0033
P004850,Anitha Kumar,Female,1993-03-09,33,Labour,PhD,Single,AB+,Indian,Bengaluru Rural,PS0108
P004851,Nisha Sharma,Female,1972-11-14,53,Farmer,PhD,Single,AB+,Indian,Bengaluru Rural,PS0086
P004852,Preethi Hegde,Female,1987-01-05,39,Lawyer,Primary,Married,B+,Indian,Bengaluru Urban,PS0129
P004853,Sunitha Hiremath,Female,1970-12-13,55,Driver,No Formal Education,Married,A-,Indian,Bengaluru Rural,PS0070
P004854,Vidya Siddiqui,Female,1971-03-28,55,Engineer,Graduate,Married,A-,Indian,Belagavi,PS0047
P004855,Kusuma Desai,Female,2004-02-14,22,Student,Primary,Married,O+,Indian,Bidar,PS0185
P004856,Pooja Hegde,Female,1959-01-30,67,Carpenter,No Formal Education,Widowed,B-,Indian,Chamarajanagar,PS0218
P004857,Ajay Angadi,Male,1960-09-07,65,Police,Diploma,Married,A+,Indian,Bengaluru Rural,PS0105
P004858,Siddu Shetty,Male,1987-10-12,38,Engineer,High School,Widowed,AB+,Indian,Bagalkote,PS0012
P004859,Geetha Patil,Female,1976-07-03,50,Shop Owner,PUC,Divorced,AB+,Indian,Ballari,PS0045
P004860,Abhishek Sharma,Male,1998-03-24,28,Nurse,Graduate,Divorced,B-,Indian,Chamarajanagar,PS0231
P004861,Sneha Kambali,Female,1986-12-21,39,Mechanic,No Formal Education,Married,B-,Indian,Bengaluru Urban,PS0151
P004862,Ganesh Singh,Male,1977-11-05,48,Farmer,Diploma,Widowed,B-,Indian,Ballari,PS0040
P004863,Sanjay Siddiqui,Male,1959-03-14,67,Mechanic,Graduate,Single,AB-,Indian,Chikkaballapura,PS0241
P004864,Abhishek Joshi,Male,2000-11-09,25,Government Employee,Primary,Divorced,A+,Indian,Bengaluru Urban,PS0110
P004865,Anjali Kambali,Female,1966-03-28,60,Business,PhD,Widowed,B+,Indian,Bengaluru Urban,PS0126
P004866,Arjun Angadi,Male,1959-08-31,66,Government Employee,Diploma,Divorced,AB+,Indian,Bagalkote,PS0018
P004867,Preethi Sharma,Female,2005-12-16,20,Farmer,Primary,Widowed,A-,Indian,Bengaluru Urban,PS0121
P004868,Asha Kumar,Female,1957-08-26,68,Business,Diploma,Divorced,O+,Indian,Bengaluru Rural,PS0084
P004869,Sowmya Desai,Female,1984-07-25,41,Government Employee,PUC,Widowed,AB+,Indian,Bidar,PS0153
P004870,Radhika Desai,Female,1991-04-28,35,Nurse,No Formal Education,Widowed,B+,Indian,Bidar,PS0162
P004871,Mahesh Desai,Male,1960-03-17,66,Electrician,PhD,Divorced,A-,Indian,Bidar,PS0168
P004872,Rahul Kambali,Male,1964-06-23,62,Shop Owner,No Formal Education,Married,O+,Indian,Bidar,PS0192
P004873,Ganesh Siddiqui,Male,1968-10-20,57,Software Engineer,High School,Divorced,A+,Indian,Bagalkote,PS0023
P004874,Lakshmi Hiremath,Female,1977-03-01,49,Software Engineer,Primary,Widowed,A+,Indian,Bengaluru Rural,PS0091
P004875,Mahesh Angadi,Male,1984-06-24,42,Government Employee,PhD,Divorced,B+,Indian,Bagalkote,PS0014
P004876,Shreya Kambali,Female,1980-12-26,45,Shop Owner,No Formal Education,Married,A-,Indian,Bagalkote,PS0012
P004877,Lakshmi Desai,Female,1997-02-26,29,Mechanic,Primary,Widowed,AB-,Indian,Belagavi,PS0059
P004878,Ajay Siddiqui,Male,2004-08-27,21,Doctor,PUC,Divorced,B-,Indian,Belagavi,PS0067
P004879,Bhavya Joshi,Female,1969-01-22,57,Unemployed,PUC,Married,A+,Indian,Bengaluru Urban,PS0114
P004880,Lokesh Kulkarni,Male,1976-07-24,49,Unemployed,Graduate,Married,O+,Indian,Bidar,PS0165
P004881,Ganesh Siddiqui,Male,2003-03-16,23,Software Engineer,PUC,Married,O-,Indian,Bengaluru Urban,PS0152
P004882,Suraj Kumar,Male,1963-05-06,63,Doctor,Diploma,Widowed,AB+,Indian,Bengaluru Rural,PS0085
P004883,Swathi Joshi,Female,1998-11-29,27,Business,PhD,Widowed,A+,Indian,Chamarajanagar,PS0205
P004884,Sunitha Hiremath,Female,1958-07-29,67,Security Guard,Post Graduate,Widowed,A-,Indian,Bengaluru Rural,PS0086
P004885,Deepa Desai,Female,1985-03-06,41,Security Guard,PhD,Widowed,B-,Indian,Bengaluru Urban,PS0130
P004886,Anjali Gowda,Female,1972-12-29,53,Lawyer,No Formal Education,Divorced,O-,Indian,Bidar,PS0158
P004887,Mahesh Kambali,Male,2007-01-31,19,Farmer,No Formal Education,Single,AB+,Indian,Bengaluru Urban,PS0142
P004888,Pradeep Poojary,Male,1983-02-24,43,Labour,Diploma,Married,A+,Indian,Chamarajanagar,PS0213
P004889,Kusuma Shetty,Female,1964-05-03,62,Mechanic,PhD,Widowed,A-,Indian,Bengaluru Urban,PS0114
P004890,Preethi Hiremath,Female,1964-01-19,62,Nurse,Graduate,Widowed,B+,Indian,Bagalkote,PS0019
P004891,Suresh Sharma,Male,1982-08-26,43,Doctor,Primary,Single,AB+,Indian,Bengaluru Urban,PS0113
P004892,Keerthi Kambali,Female,1992-08-22,33,Sales Executive,Primary,Married,O+,Indian,Chikkaballapura,PS0244
P004893,Vidya Poojary,Female,1969-05-03,57,Shop Owner,Primary,Married,A-,Indian,Bidar,PS0180
P004894,Shivakumar Poojary,Male,2005-06-09,21,Unemployed,Graduate,Married,AB+,Indian,Bagalkote,PS0019
P004895,Lokesh Desai,Male,1957-04-26,69,Mechanic,Diploma,Single,AB-,Indian,Bidar,PS0181
P004896,Deepa Rao,Female,1996-09-25,29,Police,No Formal Education,Divorced,B-,Indian,Bengaluru Rural,PS0084
P004897,Shreya Rao,Female,1966-02-14,60,Mechanic,Graduate,Divorced,O+,Indian,Bidar,PS0174
P004898,Priya Poojary,Female,1966-01-21,60,Labour,Diploma,Divorced,A-,Indian,Ballari,PS0042
P004899,Sangeetha Bhat,Female,1955-03-16,71,Student,No Formal Education,Divorced,A+,Indian,Bengaluru Rural,PS0106
P004900,Deepa Singh,Female,1959-01-19,67,Teacher,PUC,Single,A+,Indian,Bengaluru Urban,PS0130
P004901,Megha Gowda,Female,1994-11-18,31,Unemployed,PhD,Married,O+,Indian,Bengaluru Urban,PS0115
P004902,Akash Kambali,Male,2000-02-26,26,Carpenter,Diploma,Married,O-,Indian,Ballari,PS0041
P004903,Puneeth Joshi,Male,1978-03-15,48,Security Guard,PhD,Married,AB-,Indian,Bagalkote,PS0002
P004904,Basavaraj Siddiqui,Male,1998-02-07,28,Business,Post Graduate,Widowed,AB-,Indian,Bengaluru Urban,PS0112
P004905,Keerthi Kulkarni,Female,2000-08-22,25,Sales Executive,PUC,Widowed,A-,Indian,Bengaluru Urban,PS0139
P004906,Siddu Hegde,Male,1971-10-28,54,Security Guard,High School,Divorced,A+,Indian,Bengaluru Rural,PS0074
P004907,Rekha Poojary,Female,1996-03-25,30,Farmer,Graduate,Married,O+,Indian,Bagalkote,PS0016
P004908,Abhishek Siddiqui,Male,1964-08-01,61,Government Employee,Diploma,Married,A+,Indian,Bidar,PS0161
P004909,Kavya Shetty,Female,1986-06-02,40,Nurse,No Formal Education,Single,AB+,Indian,Bengaluru Rural,PS0096
P004910,Ramesh Naik,Male,1991-09-11,34,Nurse,PhD,Widowed,AB-,Indian,Chikkaballapura,PS0236
P004911,Vinay Kumar,Male,1994-04-12,32,Farmer,High School,Widowed,O-,Indian,Bidar,PS0177
P004912,Harish Singh,Male,1974-02-09,52,Carpenter,No Formal Education,Widowed,AB+,Indian,Bengaluru Urban,PS0132
P004913,Pradeep Verma,Male,1969-02-09,57,Security Guard,No Formal Education,Divorced,B-,Indian,Chamarajanagar,PS0234
P004914,Vinay Singh,Male,1996-06-08,30,Nurse,High School,Married,O-,Indian,Ballari,PS0027
P004915,Manoj Kulkarni,Male,1982-12-28,43,Police,Primary,Widowed,B-,Indian,Bidar,PS0189
P004916,Naveen Pujari,Male,1982-09-20,43,Labour,Diploma,Widowed,B+,Indian,Bidar,PS0190
P004917,Shreya Gowda,Female,1980-05-14,46,Nurse,PhD,Married,A+,Indian,Ballari,PS0035
P004918,Suresh Angadi,Male,1956-12-03,69,Nurse,Primary,Divorced,AB-,Indian,Bengaluru Urban,PS0136
P004919,Darshan Shetty,Male,1990-03-31,36,Doctor,PUC,Divorced,A+,Indian,Bengaluru Urban,PS0150
P004920,Nisha Reddy,Female,1967-02-12,59,Teacher,No Formal Education,Widowed,O+,Indian,Chikkaballapura,PS0243
P004921,Shreya Desai,Female,1983-12-23,42,Electrician,No Formal Education,Divorced,B-,Indian,Bengaluru Rural,PS0088
P004922,Ajay Shetty,Male,1965-03-21,61,Labour,Diploma,Married,AB-,Indian,Bengaluru Urban,PS0124
P004923,Pradeep Shetty,Male,1999-11-28,26,Labour,Primary,Widowed,A+,Indian,Belagavi,PS0051
P004924,Harini Reddy,Female,1976-07-05,50,Mechanic,No Formal Education,Divorced,O-,Indian,Bengaluru Rural,PS0108
P004925,Akash Naik,Male,1975-01-22,51,Nurse,PhD,Widowed,AB+,Indian,Chikkaballapura,PS0247
P004926,Swathi Kulkarni,Female,1966-12-19,59,Labour,Primary,Divorced,A-,Indian,Bidar,PS0182
P004927,Harish Kumar,Male,1986-03-15,40,Software Engineer,PhD,Single,AB-,Indian,Bengaluru Urban,PS0140
P004928,Lokesh Kulkarni,Male,1958-03-29,68,Shop Owner,Post Graduate,Widowed,AB+,Indian,Ballari,PS0038
P004929,Divya Patil,Female,1972-02-18,54,Carpenter,Post Graduate,Married,AB-,Indian,Chamarajanagar,PS0199
P004930,Radhika Patil,Female,1990-10-23,35,Police,Graduate,Widowed,A+,Indian,Bidar,PS0165
P004931,Mahesh Siddiqui,Male,1971-10-14,54,Carpenter,Graduate,Single,AB-,Indian,Chamarajanagar,PS0225
P004932,Vinay Hiremath,Male,1995-01-29,31,Software Engineer,Primary,Married,O-,Indian,Bengaluru Urban,PS0136
P004933,Preethi Hegde,Female,1974-07-19,52,Doctor,High School,Widowed,B-,Indian,Ballari,PS0034
P004934,Sunitha Joshi,Female,1984-12-26,41,Mechanic,No Formal Education,Single,O-,Indian,Chikkaballapura,PS0249
P004935,Rekha Shetty,Female,1965-01-17,61,Business,Diploma,Widowed,A-,Indian,Bengaluru Urban,PS0114
P004936,Asha Desai,Female,1961-11-26,64,Carpenter,High School,Widowed,AB-,Indian,Bengaluru Urban,PS0151
P004937,Manoj Patil,Male,1966-06-10,60,Lawyer,PhD,Single,A-,Indian,Chikkaballapura,PS0247
P004938,Kiran Joshi,Male,2002-05-16,24,Farmer,High School,Widowed,A-,Indian,Bengaluru Urban,PS0125
P004939,Kavya Kambali,Female,1977-07-11,49,Police,PhD,Divorced,A-,Indian,Bidar,PS0170
P004940,Mahesh Pujari,Male,1964-11-12,61,Government Employee,PUC,Single,A+,Indian,Ballari,PS0035
P004941,Naveen Pujari,Male,2003-08-12,22,Security Guard,No Formal Education,Divorced,A+,Indian,Bidar,PS0186
P004942,Ajay Kumar,Male,1972-04-11,54,Business,Diploma,Single,AB-,Indian,Bengaluru Rural,PS0102
P004943,Ravi Naik,Male,1959-04-30,67,Carpenter,Post Graduate,Married,AB-,Indian,Chamarajanagar,PS0197
P004944,Vidya Hiremath,Female,2007-12-16,18,Engineer,High School,Single,B-,Indian,Chamarajanagar,PS0229
P004945,Kiran Singh,Male,1992-03-20,34,Security Guard,Diploma,Widowed,A+,Indian,Bengaluru Rural,PS0104
P004946,Chetan Reddy,Male,1969-06-03,57,Electrician,Post Graduate,Widowed,O+,Indian,Bidar,PS0175
P004947,Sneha Pujari,Female,1965-04-18,61,Teacher,Graduate,Married,O+,Indian,Bengaluru Urban,PS0147
P004948,Arjun Verma,Male,1978-12-30,47,Unemployed,Diploma,Divorced,A-,Indian,Bengaluru Urban,PS0145
P004949,Mahesh Kumar,Male,2006-12-02,19,Teacher,No Formal Education,Married,B-,Indian,Bidar,PS0164
P004950,Puneeth Joshi,Male,1993-10-27,32,Software Engineer,Post Graduate,Divorced,O-,Indian,Bidar,PS0186
P004951,Abhishek Singh,Male,1990-01-20,36,Software Engineer,PhD,Single,B-,Indian,Bidar,PS0177
P004952,Suraj Hiremath,Male,1985-12-25,40,Engineer,Diploma,Married,O+,Indian,Bengaluru Rural,PS0105
P004953,Anitha Naik,Female,1990-09-13,35,Lawyer,Graduate,Single,O+,Indian,Ballari,PS0041
P004954,Puneeth Hiremath,Male,1983-12-22,42,Business,High School,Married,B-,Indian,Bengaluru Urban,PS0121
P004955,Vinay Patil,Male,1979-05-02,47,Shop Owner,PhD,Widowed,AB+,Indian,Chikkaballapura,PS0250
P004956,Akash Singh,Male,1963-11-10,62,Business,Graduate,Divorced,O-,Indian,Bengaluru Rural,PS0076
P004957,Swathi Kambali,Female,1990-08-09,35,Farmer,No Formal Education,Divorced,B-,Indian,Bengaluru Urban,PS0140
P004958,Suraj Gowda,Male,2001-06-24,25,Police,Graduate,Divorced,AB+,Indian,Bengaluru Rural,PS0108
P004959,Darshan Siddiqui,Male,1997-07-05,29,Mechanic,Graduate,Single,B+,Indian,Chamarajanagar,PS0223
P004960,Suresh Angadi,Male,1989-05-14,37,Software Engineer,Post Graduate,Married,B+,Indian,Ballari,PS0041
P004961,Roopa Angadi,Female,1992-03-18,34,Teacher,PhD,Widowed,B+,Indian,Bengaluru Urban,PS0152
P004962,Vijay Singh,Male,2003-05-06,23,Police,Primary,Married,O-,Indian,Bagalkote,PS0006
P004963,Nisha Joshi,Female,1966-01-05,60,Shop Owner,PUC,Divorced,AB-,Indian,Bidar,PS0187
P004964,Geetha Kambali,Female,1957-12-08,68,Driver,High School,Single,A-,Indian,Bidar,PS0166
P004965,Nandini Reddy,Female,1957-05-26,69,Labour,High School,Divorced,AB-,Indian,Bagalkote,PS0017
P004966,Manoj Desai,Male,2006-04-06,20,Electrician,Diploma,Widowed,B-,Indian,Bengaluru Rural,PS0105
P004967,Roopa Rao,Female,1979-11-26,46,Farmer,Diploma,Married,A-,Indian,Bengaluru Rural,PS0072
P004968,Puneeth Rao,Male,1971-09-17,54,Police,Primary,Widowed,O+,Indian,Chamarajanagar,PS0232
P004969,Kusuma Hiremath,Female,1959-06-25,67,Labour,Post Graduate,Widowed,AB+,Indian,Bidar,PS0171
P004970,Nandini Siddiqui,Female,1967-03-07,59,Engineer,Primary,Single,A+,Indian,Chikkaballapura,PS0247
P004971,Priya Kambali,Female,1975-09-04,50,Mechanic,Diploma,Married,O-,Indian,Belagavi,PS0053
P004972,Mahesh Kumar,Male,1962-08-15,63,Shop Owner,PhD,Widowed,O-,Indian,Bidar,PS0174
P004973,Anitha Sharma,Female,1971-11-26,54,Electrician,High School,Married,AB-,Indian,Bagalkote,PS0004
P004974,Sanjay Sharma,Male,1966-08-20,59,Teacher,Diploma,Married,AB-,Indian,Chikkaballapura,PS0235
P004975,Nandini Verma,Female,1971-04-13,55,Sales Executive,PhD,Divorced,AB-,Indian,Bengaluru Rural,PS0079
P004976,Roopa Hegde,Female,1959-04-19,67,Driver,Primary,Divorced,B+,Indian,Bidar,PS0164
P004977,Kiran Bhat,Male,2002-03-21,24,Electrician,Post Graduate,Single,B-,Indian,Bidar,PS0176
P004978,Lakshmi Pujari,Female,1975-08-30,50,Security Guard,Post Graduate,Widowed,AB+,Indian,Bidar,PS0163
P004979,Basavaraj Kumar,Male,1980-08-07,45,Sales Executive,Graduate,Married,AB-,Indian,Chamarajanagar,PS0225
P004980,Keerthi Poojary,Female,1960-01-09,66,Nurse,PUC,Married,AB-,Indian,Bidar,PS0165
P004981,Manoj Siddiqui,Male,1959-11-24,66,Teacher,Graduate,Divorced,O+,Indian,Bengaluru Rural,PS0109
P004982,Shivakumar Singh,Male,1997-07-17,29,Security Guard,Diploma,Widowed,O-,Indian,Bidar,PS0180
P004983,Sowmya Reddy,Female,2001-08-20,24,Security Guard,Post Graduate,Married,O+,Indian,Chikkaballapura,PS0246
P004984,Shivakumar Sharma,Male,2006-07-07,20,Carpenter,Diploma,Divorced,B+,Indian,Bengaluru Rural,PS0079
P004985,Kiran Kambali,Male,1985-01-30,41,Sales Executive,High School,Married,AB-,Indian,Bengaluru Rural,PS0098
P004986,Rohit Angadi,Male,1980-03-10,46,Sales Executive,PUC,Widowed,O-,Indian,Ballari,PS0031
P004987,Sneha Desai,Female,1972-08-24,53,Mechanic,Post Graduate,Divorced,AB+,Indian,Bengaluru Rural,PS0076
P004988,Roopa Verma,Female,2006-02-26,20,Doctor,PhD,Married,B+,Indian,Bengaluru Rural,PS0074
P004989,Arjun Kambali,Male,1966-01-24,60,Student,No Formal Education,Single,AB+,Indian,Bagalkote,PS0018
P004990,Ganesh Singh,Male,1992-05-04,34,Unemployed,No Formal Education,Widowed,B+,Indian,Bagalkote,PS0007
P004991,Divya Hegde,Female,1998-10-27,27,Carpenter,Graduate,Single,AB+,Indian,Bidar,PS0165
P004992,Sanjay Desai,Male,1994-12-13,31,Farmer,No Formal Education,Single,A+,Indian,Belagavi,PS0060
P004993,Anitha Kulkarni,Female,2001-03-10,25,Government Employee,High School,Divorced,B+,Indian,Chikkaballapura,PS0249
P004994,Vinay Siddiqui,Male,1981-04-14,45,Security Guard,Post Graduate,Widowed,AB-,Indian,Chamarajanagar,PS0210
P004995,Lokesh Bhat,Male,2001-04-26,25,Business,No Formal Education,Divorced,A-,Indian,Belagavi,PS0066
P004996,Anjali Hiremath,Female,1996-09-10,29,Teacher,Graduate,Single,B+,Indian,Bengaluru Rural,PS0076
P004997,Shivakumar Joshi,Male,1973-06-14,53,Police,Graduate,Married,O+,Indian,Bengaluru Rural,PS0071
P004998,Deepa Verma,Female,1998-06-05,28,Government Employee,PhD,Married,AB+,Indian,Chamarajanagar,PS0215
P004999,Mahesh Hegde,Male,2002-09-24,23,Government Employee,Graduate,Single,B-,Indian,Bidar,PS0154
P005000,Rahul Bhat,Male,2007-12-16,18,Sales Executive,Primary,Divorced,A+,Indian,Bidar,PS0182
P005001,Nandini Reddy,Female,1971-05-11,55,Mechanic,No Formal Education,Widowed,A-,Indian,Chamarajanagar,PS0232
P005002,Vinay Joshi,Male,1990-05-18,36,Nurse,Post Graduate,Widowed,AB+,Indian,Ballari,PS0041
P005003,Sneha Reddy,Female,1996-03-21,30,Farmer,High School,Divorced,B-,Indian,Chamarajanagar,PS0213
P005004,Bhavya Singh,Female,1999-11-24,26,Police,No Formal Education,Married,B+,Indian,Belagavi,PS0047
P005005,Sunitha Rao,Female,1989-09-15,36,Security Guard,Graduate,Married,AB-,Indian,Bengaluru Urban,PS0132
P005006,Harini Verma,Female,1989-01-25,37,Government Employee,PUC,Divorced,A+,Indian,Bidar,PS0157
P005007,Harini Reddy,Female,1959-12-20,66,Government Employee,High School,Married,AB+,Indian,Bidar,PS0170
P005008,Geetha Desai,Female,1979-01-17,47,Labour,Primary,Married,O+,Indian,Bagalkote,PS0019
P005009,Ajay Angadi,Male,1973-05-10,53,Nurse,PUC,Single,O+,Indian,Belagavi,PS0063
P005010,Shivakumar Verma,Male,1984-12-10,41,Nurse,Diploma,Divorced,B-,Indian,Bidar,PS0169
P005011,Sanjay Hegde,Male,1960-09-16,65,Unemployed,Graduate,Widowed,O+,Indian,Belagavi,PS0069
P005012,Rahul Gowda,Male,1990-05-03,36,Business,Post Graduate,Married,A-,Indian,Bengaluru Urban,PS0150
P005013,Prakash Reddy,Male,1989-11-19,36,Lawyer,No Formal Education,Widowed,O-,Indian,Bengaluru Urban,PS0119
P005014,Shivakumar Bhat,Male,1999-12-26,26,Farmer,Primary,Married,AB-,Indian,Bengaluru Urban,PS0143
P005015,Shivakumar Poojary,Male,1977-02-06,49,Unemployed,Post Graduate,Divorced,B+,Indian,Bidar,PS0172
P005016,Anitha Shetty,Female,1983-06-07,43,Security Guard,Post Graduate,Widowed,O-,Indian,Belagavi,PS0069
P005017,Rekha Gowda,Female,1985-01-08,41,Software Engineer,Diploma,Single,O-,Indian,Chamarajanagar,PS0194
P005018,Akash Hiremath,Male,1989-06-19,37,Unemployed,Primary,Divorced,AB+,Indian,Bagalkote,PS0003
P005019,Siddu Poojary,Male,1955-11-07,70,Engineer,High School,Married,B-,Indian,Ballari,PS0032
P005020,Ramesh Patil,Male,1990-02-01,36,Mechanic,PUC,Widowed,AB+,Indian,Bidar,PS0173
P005021,Priya Shetty,Female,1960-10-09,65,Police,Post Graduate,Divorced,A-,Indian,Ballari,PS0045
P005022,Nandini Poojary,Female,1962-07-02,64,Teacher,Primary,Divorced,B+,Indian,Belagavi,PS0049
P005023,Divya Hiremath,Female,1986-09-08,39,Labour,Primary,Widowed,O+,Indian,Chikkaballapura,PS0246
P005024,Swathi Kambali,Female,1969-01-15,57,Teacher,PUC,Divorced,AB-,Indian,Bidar,PS0156
P005025,Pradeep Kambali,Male,1983-12-29,42,Shop Owner,PhD,Single,O+,Indian,Belagavi,PS0046
P005026,Rahul Patil,Male,1968-04-06,58,Shop Owner,High School,Married,B-,Indian,Chamarajanagar,PS0203
P005027,Sneha Kambali,Female,1994-05-15,32,Mechanic,PhD,Single,AB-,Indian,Bengaluru Rural,PS0095
P005028,Prakash Angadi,Male,1991-10-11,34,Electrician,PhD,Married,O+,Indian,Ballari,PS0027
P005029,Kusuma Poojary,Female,1978-11-14,47,Labour,Diploma,Divorced,AB-,Indian,Bagalkote,PS0007
P005030,Harish Patil,Male,2001-08-23,24,Police,Primary,Single,A-,Indian,Bengaluru Urban,PS0119
P005031,Sangeetha Gowda,Female,2002-03-21,24,Shop Owner,No Formal Education,Widowed,AB-,Indian,Bengaluru Rural,PS0092
P005032,Sangeetha Bhat,Female,1986-06-16,40,Student,Graduate,Single,A+,Indian,Bengaluru Rural,PS0096
P005033,Sowmya Kumar,Female,1964-10-07,61,Student,Post Graduate,Widowed,O-,Indian,Bengaluru Urban,PS0129
P005034,Asha Poojary,Female,1994-01-18,32,Doctor,PUC,Widowed,O+,Indian,Bidar,PS0154
P005035,Lakshmi Desai,Female,1981-07-11,45,Nurse,Graduate,Married,B-,Indian,Bengaluru Rural,PS0101
P005036,Suraj Verma,Male,1994-09-18,31,Lawyer,Post Graduate,Married,B-,Indian,Ballari,PS0027
P005037,Preethi Patil,Female,1969-01-05,57,Labour,High School,Single,A-,Indian,Belagavi,PS0063
P005038,Priya Shetty,Female,1974-08-11,51,Government Employee,Diploma,Married,O-,Indian,Chamarajanagar,PS0217
P005039,Suraj Hegde,Male,1959-07-06,67,Carpenter,High School,Single,AB+,Indian,Bengaluru Urban,PS0112
P005040,Naveen Siddiqui,Male,1955-05-08,71,Lawyer,PhD,Married,O+,Indian,Bengaluru Rural,PS0094
P005041,Lokesh Poojary,Male,2005-07-27,20,Labour,High School,Single,AB+,Indian,Bengaluru Rural,PS0095
P005042,Preethi Poojary,Female,1995-06-14,31,Police,Post Graduate,Widowed,A+,Indian,Bagalkote,PS0004
P005043,Preethi Naik,Female,2004-12-09,21,Doctor,PhD,Divorced,O-,Indian,Bagalkote,PS0024
P005044,Mahesh Singh,Male,1987-09-25,38,Business,PhD,Divorced,O-,Indian,Bagalkote,PS0009
P005045,Sowmya Angadi,Female,1986-01-27,40,Software Engineer,PhD,Single,B-,Indian,Bengaluru Urban,PS0148
P005046,Basavaraj Siddiqui,Male,2003-01-07,23,Lawyer,Diploma,Divorced,O+,Indian,Bengaluru Urban,PS0127
P005047,Suresh Sharma,Male,2005-08-23,20,Carpenter,High School,Divorced,O-,Indian,Chamarajanagar,PS0206
P005048,Nandini Poojary,Female,1998-05-14,28,Lawyer,PUC,Widowed,B+,Indian,Bengaluru Urban,PS0132
P005049,Manoj Sharma,Male,2000-07-15,26,Lawyer,PhD,Widowed,AB-,Indian,Bagalkote,PS0024
P005050,Geetha Reddy,Female,1962-04-20,64,Shop Owner,PhD,Divorced,AB-,Indian,Chikkaballapura,PS0245
P005051,Preethi Kambali,Female,1974-10-27,51,Teacher,High School,Single,A+,Indian,Bidar,PS0165
P005052,Naveen Hiremath,Male,1956-02-07,70,Carpenter,Diploma,Divorced,A-,Indian,Bengaluru Urban,PS0127
P005053,Nisha Desai,Female,1983-11-24,42,Shop Owner,Graduate,Divorced,A+,Indian,Bengaluru Urban,PS0130
P005054,Sangeetha Hiremath,Female,1961-01-09,65,Security Guard,PUC,Divorced,AB+,Indian,Bengaluru Rural,PS0103
P005055,Suraj Singh,Male,1966-04-11,60,Government Employee,Primary,Married,B-,Indian,Bengaluru Rural,PS0105
P005056,Vijay Gowda,Male,1991-06-18,35,Carpenter,PUC,Married,AB-,Indian,Belagavi,PS0054
P005057,Pradeep Kulkarni,Male,1997-05-16,29,Carpenter,No Formal Education,Widowed,B+,Indian,Belagavi,PS0060
P005058,Puneeth Naik,Male,1991-03-09,35,Student,PhD,Widowed,AB-,Indian,Bidar,PS0162
P005059,Sowmya Siddiqui,Female,2004-07-10,22,Teacher,PhD,Married,O-,Indian,Bengaluru Rural,PS0101
P005060,Nisha Gowda,Female,2007-10-02,18,Government Employee,PhD,Married,B-,Indian,Belagavi,PS0056
P005061,Kusuma Desai,Female,1991-12-15,34,Student,PhD,Widowed,AB-,Indian,Bengaluru Rural,PS0096
P005062,Priya Gowda,Female,1981-03-24,45,Lawyer,Graduate,Single,O-,Indian,Bengaluru Rural,PS0075
P005063,Lokesh Desai,Male,1969-02-03,57,Unemployed,No Formal Education,Single,A+,Indian,Bidar,PS0168
P005064,Radhika Sharma,Female,1971-04-29,55,Teacher,Post Graduate,Divorced,B+,Indian,Bidar,PS0159
P005065,Sowmya Shetty,Female,1986-01-03,40,Electrician,Post Graduate,Married,A+,Indian,Chikkaballapura,PS0241
P005066,Radhika Bhat,Female,1962-01-13,64,Software Engineer,Post Graduate,Widowed,A-,Indian,Bengaluru Urban,PS0120
P005067,Harish Verma,Male,1983-08-30,42,Business,PhD,Married,AB+,Indian,Bengaluru Urban,PS0116
P005068,Harini Reddy,Female,2007-12-17,18,Shop Owner,PhD,Single,AB+,Indian,Ballari,PS0026
P005069,Vinay Hegde,Male,1983-04-19,43,Business,No Formal Education,Divorced,B-,Indian,Bidar,PS0180
P005070,Swathi Angadi,Female,1997-10-24,28,Teacher,Post Graduate,Married,AB-,Indian,Belagavi,PS0060
P005071,Abhishek Verma,Male,1957-02-26,69,Software Engineer,Primary,Married,A+,Indian,Bengaluru Urban,PS0138
P005072,Radhika Singh,Female,1995-03-26,31,Driver,Primary,Married,A-,Indian,Bengaluru Urban,PS0136
P005073,Bhavya Kambali,Female,1976-09-27,49,Shop Owner,PhD,Single,B+,Indian,Chamarajanagar,PS0199
P005074,Kusuma Pujari,Female,1984-12-05,41,Police,PhD,Married,A-,Indian,Bengaluru Rural,PS0100
P005075,Sangeetha Hiremath,Female,1970-04-23,56,Electrician,Primary,Married,O-,Indian,Bidar,PS0167
P005076,Vinay Sharma,Male,1955-03-24,71,Labour,PUC,Single,AB-,Indian,Chamarajanagar,PS0234
P005077,Arjun Singh,Male,2005-03-05,21,Lawyer,PUC,Widowed,A-,Indian,Bagalkote,PS0005
P005078,Keerthi Shetty,Female,1972-11-06,53,Shop Owner,Post Graduate,Widowed,AB-,Indian,Ballari,PS0027
P005079,Kavya Desai,Female,1997-08-06,28,Government Employee,Graduate,Divorced,AB-,Indian,Bengaluru Urban,PS0112
P005080,Vidya Sharma,Female,1984-05-07,42,Electrician,Primary,Single,AB-,Indian,Bagalkote,PS0010
P005081,Nandini Patil,Female,1986-09-28,39,Student,Diploma,Single,B+,Indian,Bengaluru Rural,PS0077
P005082,Rekha Kambali,Female,2000-01-20,26,Shop Owner,Primary,Single,AB-,Indian,Bidar,PS0155
P005083,Sowmya Verma,Female,1968-07-27,57,Business,Graduate,Widowed,AB+,Indian,Ballari,PS0044
P005084,Vidya Poojary,Female,1968-05-13,58,Engineer,No Formal Education,Married,AB+,Indian,Chikkaballapura,PS0239
P005085,Rahul Bhat,Male,1962-09-07,63,Software Engineer,No Formal Education,Widowed,AB+,Indian,Bengaluru Rural,PS0079
P005086,Kiran Desai,Male,1988-12-31,37,Student,Primary,Widowed,A-,Indian,Bidar,PS0192
P005087,Naveen Siddiqui,Male,1987-11-25,38,Nurse,Post Graduate,Single,B-,Indian,Ballari,PS0036
P005088,Priya Joshi,Female,1994-07-07,32,Software Engineer,No Formal Education,Single,A+,Indian,Bidar,PS0183
P005089,Swathi Kambali,Female,1981-12-28,44,Engineer,High School,Married,O-,Indian,Bidar,PS0184
P005090,Mahesh Hiremath,Male,1958-05-01,68,Nurse,Diploma,Divorced,B-,Indian,Chikkaballapura,PS0244
P005091,Shreya Siddiqui,Female,1986-03-31,40,Mechanic,No Formal Education,Married,O+,Indian,Bidar,PS0179
P005092,Ravi Rao,Male,1991-03-13,35,Electrician,PhD,Married,B+,Indian,Bidar,PS0185
P005093,Deepa Hegde,Female,2000-10-02,25,Farmer,PhD,Single,B-,Indian,Bidar,PS0162
P005094,Prakash Reddy,Male,1981-08-17,44,Driver,Diploma,Divorced,O+,Indian,Bagalkote,PS0019
P005095,Rekha Sharma,Female,1958-02-28,68,Engineer,No Formal Education,Divorced,AB-,Indian,Chamarajanagar,PS0223
P005096,Sanjay Kambali,Male,1956-08-18,69,Lawyer,Post Graduate,Widowed,B+,Indian,Bengaluru Rural,PS0085
P005097,Anjali Bhat,Female,1955-12-02,70,Security Guard,Post Graduate,Single,O-,Indian,Bidar,PS0180
P005098,Sanjay Hiremath,Male,2000-01-13,26,Sales Executive,PUC,Single,O-,Indian,Bagalkote,PS0024
P005099,Sanjay Pujari,Male,1965-05-19,61,Nurse,Post Graduate,Single,B-,Indian,Bagalkote,PS0024
P005100,Vijay Siddiqui,Male,2003-12-12,22,Electrician,Post Graduate,Single,B+,Indian,Bidar,PS0173
P005101,Prakash Gowda,Male,1964-01-28,62,Nurse,Diploma,Divorced,AB+,Indian,Belagavi,PS0056
P005102,Bhavya Patil,Female,1988-03-02,38,Sales Executive,PUC,Single,B+,Indian,Belagavi,PS0064
P005103,Nisha Singh,Female,1964-09-09,61,Teacher,PhD,Widowed,O-,Indian,Bagalkote,PS0001
P005104,Pooja Shetty,Female,2007-05-24,19,Software Engineer,PhD,Divorced,O-,Indian,Bengaluru Rural,PS0109
P005105,Deepa Gowda,Female,2004-10-28,21,Engineer,PhD,Single,O-,Indian,Ballari,PS0037
P005106,Chetan Sharma,Male,1963-01-13,63,Carpenter,PhD,Single,O+,Indian,Bengaluru Rural,PS0106
P005107,Ajay Shetty,Male,1989-04-30,37,Doctor,Diploma,Divorced,O-,Indian,Belagavi,PS0069
P005108,Suresh Hegde,Male,1958-04-23,68,Lawyer,Diploma,Single,AB-,Indian,Bidar,PS0175
P005109,Suresh Joshi,Male,1980-06-21,46,Software Engineer,High School,Widowed,AB+,Indian,Belagavi,PS0057
P005110,Asha Reddy,Female,2006-06-09,20,Farmer,PUC,Widowed,A+,Indian,Bengaluru Urban,PS0126
P005111,Radhika Pujari,Female,1998-07-09,28,Labour,High School,Single,B-,Indian,Belagavi,PS0051
P005112,Harish Sharma,Male,1990-03-08,36,Carpenter,High School,Divorced,B+,Indian,Belagavi,PS0063
P005113,Roopa Singh,Female,1955-03-21,71,Government Employee,Diploma,Single,AB+,Indian,Bidar,PS0178
P005114,Asha Joshi,Female,1955-04-22,71,Driver,Post Graduate,Single,B-,Indian,Belagavi,PS0065
P005115,Lakshmi Bhat,Female,1968-11-24,57,Carpenter,Graduate,Divorced,O+,Indian,Chamarajanagar,PS0215
P005116,Ravi Rao,Male,1967-11-12,58,Labour,High School,Single,B-,Indian,Chamarajanagar,PS0218
P005117,Anjali Kulkarni,Female,1985-12-03,40,Doctor,No Formal Education,Divorced,AB+,Indian,Bagalkote,PS0015
P005118,Shivakumar Siddiqui,Male,1987-06-24,39,Teacher,PhD,Divorced,A+,Indian,Bengaluru Urban,PS0113
P005119,Bhavya Kambali,Female,2000-02-26,26,Engineer,Diploma,Married,A+,Indian,Bengaluru Urban,PS0133
P005120,Pooja Poojary,Female,1961-06-11,65,Teacher,Post Graduate,Married,B-,Indian,Bengaluru Urban,PS0124
P005121,Kavya Shetty,Female,1974-01-04,52,Government Employee,Primary,Married,B+,Indian,Bidar,PS0161
P005122,Nandini Shetty,Female,1995-06-28,31,Police,PUC,Married,O+,Indian,Bidar,PS0183
P005123,Harish Verma,Male,1993-07-15,33,Sales Executive,Diploma,Widowed,AB-,Indian,Bengaluru Urban,PS0114
P005124,Sanjay Siddiqui,Male,1981-04-11,45,Nurse,PhD,Widowed,AB+,Indian,Bagalkote,PS0017
P005125,Sanjay Bhat,Male,1979-02-01,47,Unemployed,PUC,Single,B-,Indian,Bengaluru Urban,PS0130
P005126,Nandini Kulkarni,Female,1999-05-27,27,Driver,Post Graduate,Widowed,AB+,Indian,Bengaluru Rural,PS0071
P005127,Darshan Hegde,Male,1975-08-17,50,Nurse,Post Graduate,Widowed,B-,Indian,Bengaluru Rural,PS0102
P005128,Arjun Rao,Male,1961-10-14,64,Nurse,Primary,Married,A-,Indian,Ballari,PS0029
P005129,Keerthi Angadi,Female,1956-04-30,70,Carpenter,PUC,Divorced,A+,Indian,Chamarajanagar,PS0202
P005130,Ravi Kambali,Male,1974-11-18,51,Business,PUC,Single,AB-,Indian,Bengaluru Rural,PS0076
P005131,Ganesh Kumar,Male,1964-06-15,62,Nurse,Post Graduate,Divorced,A+,Indian,Chikkaballapura,PS0238
P005132,Vijay Singh,Male,1967-02-16,59,Shop Owner,No Formal Education,Single,B-,Indian,Chamarajanagar,PS0200
P005133,Lakshmi Reddy,Female,1964-11-24,61,Software Engineer,Diploma,Married,O-,Indian,Bidar,PS0165
P005134,Prakash Poojary,Male,1977-01-28,49,Lawyer,Primary,Divorced,A-,Indian,Bengaluru Urban,PS0113
P005135,Darshan Desai,Male,1993-03-31,33,Student,Post Graduate,Married,B-,Indian,Bengaluru Urban,PS0116
P005136,Deepa Gowda,Female,1980-12-28,45,Nurse,No Formal Education,Married,O+,Indian,Bengaluru Urban,PS0114
P005137,Basavaraj Patil,Male,1982-11-23,43,Government Employee,High School,Married,AB-,Indian,Ballari,PS0035
P005138,Chetan Kambali,Male,1968-02-19,58,Labour,Primary,Married,AB-,Indian,Bengaluru Rural,PS0107
P005139,Suresh Patil,Male,1960-11-01,65,Engineer,Diploma,Single,A-,Indian,Ballari,PS0027
P005140,Kusuma Poojary,Female,2007-03-17,19,Government Employee,No Formal Education,Widowed,B+,Indian,Bengaluru Rural,PS0070
P005141,Arjun Hiremath,Male,1997-11-06,28,Software Engineer,High School,Widowed,O+,Indian,Ballari,PS0033
P005142,Deepa Gowda,Female,2002-11-08,23,Business,Post Graduate,Single,O+,Indian,Chamarajanagar,PS0202
P005143,Kiran Bhat,Male,1958-10-07,67,Sales Executive,PUC,Widowed,B-,Indian,Belagavi,PS0056
P005144,Ganesh Verma,Male,1962-06-04,64,Lawyer,PUC,Single,B-,Indian,Bidar,PS0155
P005145,Lokesh Patil,Male,1957-05-07,69,Engineer,Graduate,Widowed,B+,Indian,Belagavi,PS0058
P005146,Vidya Gowda,Female,1998-04-11,28,Student,High School,Divorced,O-,Indian,Chamarajanagar,PS0222
P005147,Sowmya Hegde,Female,1995-04-10,31,Unemployed,High School,Single,B-,Indian,Bidar,PS0188
P005148,Harish Sharma,Male,2002-10-24,23,Farmer,Graduate,Married,B+,Indian,Bengaluru Urban,PS0132
P005149,Akash Patil,Male,2006-07-30,19,Sales Executive,High School,Divorced,AB+,Indian,Bidar,PS0176
P005150,Kiran Bhat,Male,1977-04-28,49,Shop Owner,Diploma,Widowed,AB-,Indian,Bengaluru Urban,PS0110
P005151,Nisha Siddiqui,Female,1962-08-27,63,Mechanic,Post Graduate,Divorced,AB-,Indian,Bengaluru Rural,PS0085
P005152,Keerthi Kambali,Female,1959-09-04,66,Engineer,PhD,Married,AB+,Indian,Bagalkote,PS0018
P005153,Lakshmi Desai,Female,1991-11-18,34,Unemployed,PUC,Widowed,AB-,Indian,Bengaluru Urban,PS0113
P005154,Anitha Siddiqui,Female,1987-10-16,38,Student,Diploma,Divorced,B-,Indian,Chamarajanagar,PS0193
P005155,Deepa Gowda,Female,1956-03-22,70,Government Employee,PhD,Single,A+,Indian,Ballari,PS0028
P005156,Kiran Verma,Male,1967-12-29,58,Farmer,Primary,Married,AB-,Indian,Bengaluru Urban,PS0148
P005157,Suraj Rao,Male,1973-10-17,52,Police,Primary,Divorced,O+,Indian,Bengaluru Urban,PS0110
P005158,Asha Kumar,Female,1965-05-13,61,Engineer,Primary,Divorced,O+,Indian,Chikkaballapura,PS0236
P005159,Rohit Angadi,Male,1972-12-07,53,Business,Graduate,Married,A+,Indian,Belagavi,PS0052
P005160,Pooja Shetty,Female,1989-05-19,37,Engineer,PUC,Single,O+,Indian,Bidar,PS0163
P005161,Sneha Desai,Female,1990-10-05,35,Police,PUC,Single,O+,Indian,Belagavi,PS0066
P005162,Suraj Gowda,Male,2004-04-26,22,Teacher,PUC,Single,A+,Indian,Bengaluru Rural,PS0103
P005163,Vinay Reddy,Male,1995-04-09,31,Farmer,Diploma,Divorced,O-,Indian,Bengaluru Urban,PS0147
P005164,Kavya Hegde,Female,1964-11-17,61,Unemployed,Graduate,Single,A-,Indian,Chamarajanagar,PS0219
P005165,Rahul Hegde,Male,1992-01-22,34,Sales Executive,PUC,Divorced,B+,Indian,Chamarajanagar,PS0218
P005166,Nisha Kulkarni,Female,1988-02-11,38,Doctor,PhD,Widowed,B-,Indian,Bengaluru Rural,PS0075
P005167,Pooja Joshi,Female,1964-10-25,61,Police,No Formal Education,Married,B+,Indian,Bidar,PS0176
P005168,Nandini Naik,Female,1959-11-16,66,Nurse,Post Graduate,Divorced,O+,Indian,Bidar,PS0184
P005169,Akash Bhat,Male,2007-02-19,19,Driver,PUC,Divorced,O-,Indian,Bidar,PS0171
P005170,Keerthi Bhat,Female,1962-04-13,64,Electrician,No Formal Education,Divorced,O-,Indian,Bengaluru Urban,PS0117
P005171,Vinay Hegde,Male,1972-03-11,54,Teacher,High School,Widowed,O-,Indian,Belagavi,PS0059
P005172,Pooja Desai,Female,1965-12-12,60,Carpenter,PhD,Single,O+,Indian,Chikkaballapura,PS0235
P005173,Kiran Poojary,Male,1964-07-01,62,Carpenter,Primary,Single,A-,Indian,Bagalkote,PS0008
P005174,Pooja Joshi,Female,1965-05-29,61,Driver,Diploma,Divorced,AB-,Indian,Bengaluru Rural,PS0083
P005175,Shreya Verma,Female,1974-06-15,52,Doctor,PUC,Widowed,A-,Indian,Bidar,PS0163
P005176,Geetha Joshi,Female,1963-04-17,63,Security Guard,No Formal Education,Widowed,O+,Indian,Bengaluru Urban,PS0124
P005177,Megha Hegde,Female,1959-10-20,66,Shop Owner,Graduate,Widowed,A+,Indian,Bengaluru Rural,PS0081
P005178,Ajay Kumar,Male,1965-12-19,60,Doctor,PhD,Widowed,A-,Indian,Bengaluru Rural,PS0078
P005179,Priya Desai,Female,1964-05-09,62,Business,No Formal Education,Single,A-,Indian,Bidar,PS0154
P005180,Harish Rao,Male,2002-10-02,23,Police,Primary,Single,O-,Indian,Bengaluru Urban,PS0146
P005181,Rahul Sharma,Male,1983-07-09,43,Government Employee,Post Graduate,Divorced,O+,Indian,Bengaluru Urban,PS0113
P005182,Priya Kumar,Female,1960-09-16,65,Security Guard,Primary,Divorced,AB+,Indian,Bengaluru Urban,PS0132
P005183,Abhishek Desai,Male,1960-02-19,66,Sales Executive,High School,Divorced,A-,Indian,Bagalkote,PS0016
P005184,Suresh Joshi,Male,1973-06-17,53,Lawyer,High School,Divorced,A-,Indian,Bengaluru Rural,PS0090
P005185,Ajay Poojary,Male,1983-06-13,43,Electrician,Post Graduate,Widowed,B+,Indian,Bidar,PS0166
P005186,Sunitha Pujari,Female,1968-02-01,58,Teacher,PUC,Single,O+,Indian,Bengaluru Urban,PS0111
P005187,Sneha Reddy,Female,1962-02-09,64,Labour,Diploma,Widowed,A+,Indian,Bagalkote,PS0002
P005188,Ganesh Angadi,Male,1986-03-12,40,Farmer,Graduate,Married,B-,Indian,Chamarajanagar,PS0198
P005189,Rekha Singh,Female,1990-01-26,36,Carpenter,High School,Single,O-,Indian,Belagavi,PS0057
P005190,Shreya Joshi,Female,1984-02-19,42,Business,PUC,Single,O+,Indian,Chamarajanagar,PS0224
P005191,Preethi Hegde,Female,1955-11-09,70,Labour,No Formal Education,Divorced,AB+,Indian,Chamarajanagar,PS0233
P005192,Kiran Rao,Male,1997-09-08,28,Farmer,PUC,Divorced,O+,Indian,Bengaluru Rural,PS0107
P005193,Chetan Naik,Male,1956-01-25,70,Government Employee,No Formal Education,Widowed,O+,Indian,Ballari,PS0030
P005194,Keerthi Desai,Female,1959-10-20,66,Farmer,PUC,Single,AB+,Indian,Bagalkote,PS0005
P005195,Pradeep Hegde,Male,1979-12-20,46,Electrician,PhD,Divorced,O-,Indian,Bidar,PS0183
P005196,Vijay Joshi,Male,1974-12-30,51,Software Engineer,PhD,Married,O+,Indian,Bengaluru Urban,PS0128
P005197,Kavya Naik,Female,1993-04-08,33,Mechanic,Graduate,Married,AB-,Indian,Bagalkote,PS0001
P005198,Rohit Poojary,Male,1983-09-09,42,Engineer,Diploma,Single,B-,Indian,Bagalkote,PS0013
P005199,Priya Reddy,Female,1965-05-15,61,Mechanic,Graduate,Widowed,O-,Indian,Chamarajanagar,PS0222
P005200,Anitha Kumar,Female,1987-02-28,39,Driver,No Formal Education,Divorced,AB-,Indian,Bengaluru Rural,PS0083
P005201,Lokesh Kulkarni,Male,1998-05-04,28,Security Guard,High School,Single,AB+,Indian,Chamarajanagar,PS0215
P005202,Sangeetha Patil,Female,1990-01-15,36,Nurse,No Formal Education,Widowed,B-,Indian,Bidar,PS0174
P005203,Suraj Reddy,Male,1993-03-21,33,Farmer,Primary,Divorced,AB+,Indian,Bengaluru Rural,PS0074
P005204,Basavaraj Siddiqui,Male,1989-03-15,37,Driver,PhD,Single,A+,Indian,Bengaluru Rural,PS0086
P005205,Sowmya Rao,Female,1962-12-27,63,Farmer,High School,Single,O-,Indian,Bidar,PS0172
P005206,Radhika Patil,Female,2004-09-26,21,Teacher,High School,Married,B-,Indian,Ballari,PS0026
P005207,Akash Hegde,Male,1990-01-02,36,Government Employee,PhD,Married,AB-,Indian,Bagalkote,PS0019
P005208,Siddu Rao,Male,2001-07-27,24,Software Engineer,Post Graduate,Single,O+,Indian,Bengaluru Urban,PS0132
P005209,Pradeep Verma,Male,1965-06-02,61,Lawyer,Primary,Married,AB+,Indian,Chamarajanagar,PS0201
P005210,Vinay Siddiqui,Male,1999-05-15,27,Business,High School,Married,AB-,Indian,Ballari,PS0038
P005211,Nisha Poojary,Female,1977-10-27,48,Driver,Primary,Divorced,B+,Indian,Bidar,PS0173
P005212,Lokesh Joshi,Male,1971-08-11,54,Engineer,PhD,Married,O-,Indian,Chamarajanagar,PS0230
P005213,Anjali Kulkarni,Female,2000-08-04,25,Sales Executive,Primary,Divorced,B+,Indian,Chamarajanagar,PS0201
P005214,Kavya Hegde,Female,2005-10-30,20,Teacher,Graduate,Married,A+,Indian,Bengaluru Rural,PS0084
P005215,Deepa Kambali,Female,1999-02-10,27,Government Employee,PUC,Widowed,AB+,Indian,Ballari,PS0035
P005216,Vinay Rao,Male,1996-04-19,30,Security Guard,Graduate,Widowed,B+,Indian,Bengaluru Urban,PS0112
P005217,Ganesh Siddiqui,Male,1963-12-06,62,Labour,Primary,Married,B+,Indian,Belagavi,PS0068
P005218,Vijay Hegde,Male,1964-04-20,62,Farmer,Primary,Married,B-,Indian,Bagalkote,PS0012
P005219,Kiran Kumar,Male,1997-08-26,28,Carpenter,PUC,Divorced,A+,Indian,Chikkaballapura,PS0245
P005220,Shivakumar Joshi,Male,1991-05-03,35,Security Guard,Diploma,Divorced,A-,Indian,Chamarajanagar,PS0194
P005221,Ramesh Patil,Male,1966-04-25,60,Driver,PUC,Married,A+,Indian,Bengaluru Rural,PS0084
P005222,Vidya Sharma,Female,2001-12-26,24,Carpenter,PhD,Single,AB+,Indian,Bagalkote,PS0012
P005223,Sanjay Naik,Male,1977-04-19,49,Government Employee,No Formal Education,Divorced,O-,Indian,Chamarajanagar,PS0222
P005224,Vinay Angadi,Male,1970-03-15,56,Farmer,PUC,Single,O+,Indian,Bidar,PS0172
P005225,Manoj Desai,Male,1959-11-08,66,Mechanic,No Formal Education,Married,O-,Indian,Ballari,PS0042
P005226,Prakash Naik,Male,1975-10-21,50,Doctor,PhD,Divorced,AB+,Indian,Bengaluru Rural,PS0091
P005227,Ravi Kumar,Male,1972-09-14,53,Sales Executive,Diploma,Widowed,B-,Indian,Bengaluru Rural,PS0089
P005228,Kiran Sharma,Male,1973-09-27,52,Sales Executive,No Formal Education,Divorced,AB+,Indian,Belagavi,PS0062
P005229,Pooja Bhat,Female,1987-11-10,38,Carpenter,Diploma,Single,O-,Indian,Bidar,PS0192
P005230,Priya Kumar,Female,1983-10-15,42,Police,Graduate,Divorced,B+,Indian,Belagavi,PS0047
P005231,Ajay Kambali,Male,1964-01-27,62,Farmer,No Formal Education,Married,B-,Indian,Ballari,PS0038
P005232,Kavya Patil,Female,2002-12-28,23,Lawyer,PhD,Widowed,B+,Indian,Bengaluru Rural,PS0098
P005233,Sowmya Poojary,Female,1986-10-08,39,Police,PhD,Single,AB-,Indian,Bengaluru Rural,PS0075
P005234,Sunitha Bhat,Female,1964-01-01,62,Carpenter,PUC,Married,A+,Indian,Bengaluru Urban,PS0138
P005235,Sunitha Kumar,Female,1989-03-18,37,Labour,Post Graduate,Widowed,A+,Indian,Bengaluru Urban,PS0142
P005236,Lakshmi Sharma,Female,1963-02-17,63,Farmer,Primary,Widowed,A-,Indian,Bidar,PS0162
P005237,Sanjay Hegde,Male,1985-03-25,41,Police,No Formal Education,Married,O-,Indian,Bidar,PS0175
P005238,Puneeth Naik,Male,1972-01-28,54,Lawyer,No Formal Education,Married,O-,Indian,Bengaluru Urban,PS0151
P005239,Radhika Reddy,Female,1996-11-07,29,Student,PUC,Widowed,B-,Indian,Bengaluru Rural,PS0086
P005240,Suresh Naik,Male,2003-04-23,23,Security Guard,High School,Single,A+,Indian,Ballari,PS0036
P005241,Deepa Pujari,Female,1966-08-17,59,Engineer,PhD,Married,A-,Indian,Bengaluru Urban,PS0114
P005242,Pooja Joshi,Female,1995-04-06,31,Electrician,High School,Divorced,O+,Indian,Bengaluru Urban,PS0124
P005243,Nandini Sharma,Female,1968-03-24,58,Software Engineer,Graduate,Single,O+,Indian,Bidar,PS0190
P005244,Geetha Patil,Female,2006-08-20,19,Unemployed,No Formal Education,Divorced,B-,Indian,Belagavi,PS0067
P005245,Vidya Verma,Female,1965-09-25,60,Teacher,No Formal Education,Widowed,B+,Indian,Bengaluru Rural,PS0103
P005246,Lokesh Kulkarni,Male,1997-10-07,28,Shop Owner,No Formal Education,Married,AB-,Indian,Bengaluru Urban,PS0135
P005247,Priya Kambali,Female,1963-11-09,62,Security Guard,Post Graduate,Divorced,AB+,Indian,Bengaluru Rural,PS0074
P005248,Shreya Hegde,Female,1995-01-28,31,Shop Owner,Primary,Widowed,AB+,Indian,Bengaluru Rural,PS0097
P005249,Pooja Gowda,Female,1983-03-23,43,Lawyer,No Formal Education,Divorced,A-,Indian,Bengaluru Rural,PS0085
P005250,Rekha Hegde,Female,1992-08-30,33,Government Employee,Diploma,Single,B+,Indian,Bengaluru Rural,PS0109
P005251,Kiran Desai,Male,1999-09-19,26,Carpenter,PUC,Single,A+,Indian,Chamarajanagar,PS0223
P005252,Vijay Joshi,Male,1962-01-14,64,Electrician,No Formal Education,Divorced,A+,Indian,Bengaluru Rural,PS0086
P005253,Anitha Poojary,Female,1956-09-18,69,Security Guard,Primary,Divorced,AB+,Indian,Bengaluru Rural,PS0091
P005254,Deepa Bhat,Female,2001-07-29,24,Lawyer,No Formal Education,Single,A+,Indian,Chamarajanagar,PS0224
P005255,Suraj Gowda,Male,1957-01-07,69,Electrician,Post Graduate,Divorced,AB-,Indian,Belagavi,PS0064
P005256,Radhika Verma,Female,1989-07-18,37,Mechanic,PUC,Divorced,O-,Indian,Bagalkote,PS0015
P005257,Pooja Kulkarni,Female,1991-06-14,35,Student,Diploma,Married,AB+,Indian,Chamarajanagar,PS0221
P005258,Shreya Patil,Female,1983-05-17,43,Sales Executive,Post Graduate,Single,A-,Indian,Chamarajanagar,PS0213
P005259,Ganesh Gowda,Male,1997-03-18,29,Unemployed,Graduate,Single,A-,Indian,Bengaluru Rural,PS0095
P005260,Akash Naik,Male,1989-06-15,37,Software Engineer,High School,Divorced,A+,Indian,Ballari,PS0031
P005261,Prakash Hiremath,Male,1984-08-06,41,Unemployed,No Formal Education,Divorced,B-,Indian,Chamarajanagar,PS0195
P005262,Naveen Kumar,Male,1994-05-27,32,Doctor,PhD,Divorced,A-,Indian,Belagavi,PS0064
P005263,Roopa Joshi,Female,1998-02-26,28,Government Employee,Post Graduate,Married,A-,Indian,Bagalkote,PS0013
P005264,Pradeep Sharma,Male,1969-01-08,57,Police,Primary,Widowed,O+,Indian,Bengaluru Rural,PS0102
P005265,Kavya Shetty,Female,1987-07-01,39,Electrician,Post Graduate,Single,O+,Indian,Bengaluru Urban,PS0126
P005266,Megha Joshi,Female,1989-01-24,37,Security Guard,Post Graduate,Divorced,AB-,Indian,Belagavi,PS0064
P005267,Ajay Bhat,Male,1962-07-15,64,Shop Owner,PUC,Married,A-,Indian,Bidar,PS0175
P005268,Shivakumar Sharma,Male,1994-10-29,31,Teacher,Diploma,Divorced,O-,Indian,Bengaluru Urban,PS0142
P005269,Abhishek Hiremath,Male,1996-01-19,30,Carpenter,Primary,Divorced,AB+,Indian,Bidar,PS0189
P005270,Priya Kumar,Female,2006-07-15,20,Electrician,Post Graduate,Divorced,AB+,Indian,Belagavi,PS0068
P005271,Nisha Hiremath,Female,1968-11-16,57,Electrician,PhD,Single,O-,Indian,Bengaluru Urban,PS0138
P005272,Vinay Desai,Male,1997-10-28,28,Labour,Diploma,Widowed,B-,Indian,Bengaluru Urban,PS0149
P005273,Sowmya Gowda,Female,1983-11-09,42,Police,Diploma,Married,AB-,Indian,Bagalkote,PS0001
P005274,Sanjay Naik,Male,2003-04-08,23,Sales Executive,Primary,Widowed,B+,Indian,Belagavi,PS0058
P005275,Megha Verma,Female,1994-01-17,32,Sales Executive,Post Graduate,Widowed,O+,Indian,Bengaluru Rural,PS0100
P005276,Pradeep Angadi,Male,1962-04-28,64,Security Guard,Primary,Married,AB-,Indian,Ballari,PS0031
P005277,Mahesh Joshi,Male,1966-04-27,60,Carpenter,PUC,Single,O-,Indian,Bengaluru Urban,PS0135
P005278,Kusuma Hiremath,Female,1999-07-09,27,Student,Graduate,Widowed,O-,Indian,Chamarajanagar,PS0195
P005279,Preethi Naik,Female,1957-05-07,69,Software Engineer,Post Graduate,Married,O+,Indian,Bagalkote,PS0009
P005280,Kavya Bhat,Female,1979-11-23,46,Sales Executive,PhD,Widowed,A-,Indian,Ballari,PS0030
P005281,Kavya Kulkarni,Female,1995-05-25,31,Sales Executive,No Formal Education,Married,AB-,Indian,Bidar,PS0168
P005282,Pradeep Reddy,Male,1987-04-18,39,Software Engineer,Diploma,Divorced,AB+,Indian,Bidar,PS0165
P005283,Chetan Angadi,Male,2003-04-15,23,Carpenter,PhD,Divorced,B+,Indian,Belagavi,PS0063
P005284,Bhavya Siddiqui,Female,1974-06-03,52,Government Employee,Diploma,Divorced,AB+,Indian,Chamarajanagar,PS0193
P005285,Swathi Hegde,Female,1997-06-21,29,Nurse,Post Graduate,Married,B-,Indian,Chamarajanagar,PS0198
P005286,Rekha Joshi,Female,1971-06-26,55,Student,Graduate,Single,AB-,Indian,Bengaluru Urban,PS0136
P005287,Abhishek Kumar,Male,1995-04-24,31,Driver,PhD,Widowed,B+,Indian,Bagalkote,PS0016
P005288,Vinay Desai,Male,2006-04-19,20,Carpenter,PhD,Single,AB+,Indian,Bengaluru Urban,PS0148
P005289,Puneeth Siddiqui,Male,1993-04-02,33,Nurse,No Formal Education,Married,O+,Indian,Bagalkote,PS0020
P005290,Vidya Angadi,Female,2003-06-22,23,Student,High School,Widowed,O+,Indian,Bengaluru Rural,PS0072
P005291,Asha Kambali,Female,1970-06-22,56,Unemployed,Diploma,Married,AB-,Indian,Chikkaballapura,PS0238
P005292,Arjun Poojary,Male,1990-09-19,35,Farmer,Post Graduate,Divorced,B-,Indian,Bengaluru Rural,PS0097
P005293,Nandini Verma,Female,2002-02-22,24,Lawyer,High School,Divorced,O-,Indian,Bengaluru Urban,PS0141
P005294,Suresh Bhat,Male,2005-08-15,20,Doctor,Primary,Widowed,B-,Indian,Bidar,PS0153
P005295,Preethi Hegde,Female,1956-12-12,69,Government Employee,High School,Divorced,B+,Indian,Bengaluru Rural,PS0093
P005296,Kavya Naik,Female,1989-10-29,36,Unemployed,Primary,Divorced,O+,Indian,Bagalkote,PS0025
P005297,Sowmya Gowda,Female,1998-02-04,28,Unemployed,High School,Married,A+,Indian,Chamarajanagar,PS0222
P005298,Roopa Gowda,Female,1956-11-23,69,Mechanic,Primary,Married,B-,Indian,Bengaluru Urban,PS0115
P005299,Geetha Hiremath,Female,1956-08-25,69,Teacher,PUC,Widowed,AB+,Indian,Bengaluru Rural,PS0104
P005300,Akash Singh,Male,2006-07-07,20,Driver,Diploma,Divorced,A-,Indian,Bengaluru Rural,PS0095
P005301,Rohit Desai,Male,2006-10-14,19,Software Engineer,Primary,Single,B+,Indian,Bagalkote,PS0011
P005302,Shreya Joshi,Female,1958-07-15,68,Police,Primary,Single,B+,Indian,Ballari,PS0032
P005303,Radhika Naik,Female,1978-08-11,47,Labour,Graduate,Divorced,A-,Indian,Ballari,PS0026
P005304,Chetan Patil,Male,1957-06-19,69,Business,PUC,Single,AB-,Indian,Bidar,PS0173
P005305,Shreya Singh,Female,2007-01-02,19,Lawyer,High School,Married,AB+,Indian,Chamarajanagar,PS0224
P005306,Ravi Rao,Male,1998-03-19,28,Software Engineer,Diploma,Married,AB+,Indian,Bidar,PS0161
P005307,Nisha Poojary,Female,1998-01-02,28,Police,Diploma,Divorced,A+,Indian,Bengaluru Rural,PS0095
P005308,Rahul Shetty,Male,1995-03-30,31,Government Employee,High School,Single,O-,Indian,Bengaluru Urban,PS0143
P005309,Siddu Reddy,Male,1990-12-23,35,Driver,Graduate,Single,AB-,Indian,Bagalkote,PS0025
P005310,Lakshmi Shetty,Female,1993-01-31,33,Sales Executive,High School,Divorced,AB+,Indian,Bengaluru Rural,PS0109
P005311,Pradeep Verma,Male,1967-11-18,58,Nurse,PhD,Widowed,B-,Indian,Bengaluru Rural,PS0105
P005312,Kusuma Angadi,Female,1962-02-10,64,Driver,Post Graduate,Widowed,B+,Indian,Bagalkote,PS0016
P005313,Nandini Joshi,Female,1999-08-31,26,Shop Owner,Post Graduate,Single,A+,Indian,Bidar,PS0170
P005314,Priya Verma,Female,1989-01-14,37,Driver,Post Graduate,Widowed,AB-,Indian,Chamarajanagar,PS0204
P005315,Siddu Bhat,Male,1964-01-01,62,Carpenter,PhD,Married,A-,Indian,Bidar,PS0184
P005316,Manoj Kumar,Male,1980-08-17,45,Student,Diploma,Single,A+,Indian,Chamarajanagar,PS0206
P005317,Vidya Naik,Female,2005-11-06,20,Doctor,High School,Divorced,B-,Indian,Belagavi,PS0061
P005318,Harish Gowda,Male,1971-02-25,55,Labour,Graduate,Widowed,A-,Indian,Belagavi,PS0050
P005319,Radhika Desai,Female,1974-12-02,51,Software Engineer,Graduate,Single,A-,Indian,Belagavi,PS0066
P005320,Prakash Rao,Male,1960-08-29,65,Doctor,No Formal Education,Single,AB-,Indian,Bagalkote,PS0004
P005321,Deepa Desai,Female,1994-09-26,31,Police,Primary,Married,O-,Indian,Bengaluru Rural,PS0099
P005322,Pradeep Gowda,Male,1960-11-19,65,Sales Executive,Diploma,Married,A-,Indian,Belagavi,PS0053
P005323,Deepa Singh,Female,1957-06-28,69,Government Employee,PUC,Single,B+,Indian,Bidar,PS0188
P005324,Pradeep Verma,Male,1974-02-13,52,Sales Executive,PUC,Married,O-,Indian,Chamarajanagar,PS0212
P005325,Rohit Kumar,Male,1963-10-07,62,Electrician,High School,Widowed,B+,Indian,Bagalkote,PS0016
P005326,Siddu Kambali,Male,1969-03-07,57,Driver,Diploma,Single,A+,Indian,Ballari,PS0044
P005327,Divya Rao,Female,2002-01-11,24,Nurse,Graduate,Divorced,O+,Indian,Bagalkote,PS0008
P005328,Kavya Shetty,Female,1983-02-02,43,Doctor,Diploma,Married,AB-,Indian,Chamarajanagar,PS0205
P005329,Siddu Joshi,Male,1997-04-02,29,Doctor,Primary,Single,A+,Indian,Chamarajanagar,PS0200
P005330,Swathi Gowda,Female,1962-06-09,64,Carpenter,PUC,Single,A-,Indian,Belagavi,PS0069
P005331,Radhika Siddiqui,Female,1991-06-19,35,Engineer,High School,Widowed,O+,Indian,Bengaluru Urban,PS0135
P005332,Basavaraj Joshi,Male,1999-05-10,27,Government Employee,Post Graduate,Widowed,A+,Indian,Bengaluru Rural,PS0085
P005333,Asha Pujari,Female,1984-10-23,41,Nurse,High School,Divorced,O-,Indian,Bagalkote,PS0018
P005334,Priya Joshi,Female,1970-03-05,56,Driver,Diploma,Widowed,AB+,Indian,Bengaluru Urban,PS0147
P005335,Mahesh Hiremath,Male,1978-08-20,47,Mechanic,Post Graduate,Single,O-,Indian,Chamarajanagar,PS0217
P005336,Kusuma Joshi,Female,1964-07-01,62,Mechanic,High School,Widowed,O-,Indian,Bidar,PS0186
P005337,Basavaraj Naik,Male,1981-12-03,44,Shop Owner,Primary,Widowed,A+,Indian,Belagavi,PS0049
P005338,Harini Kumar,Female,1961-10-14,64,Security Guard,PhD,Divorced,AB-,Indian,Chikkaballapura,PS0241
P005339,Kavya Kambali,Female,1970-04-15,56,Nurse,PhD,Widowed,AB-,Indian,Bidar,PS0164
P005340,Ajay Joshi,Male,1980-12-27,45,Doctor,Diploma,Divorced,B+,Indian,Bidar,PS0167
P005341,Sunitha Patil,Female,1991-04-13,35,Government Employee,No Formal Education,Single,AB-,Indian,Chamarajanagar,PS0221
P005342,Rohit Hegde,Male,1966-02-10,60,Police,PhD,Widowed,B+,Indian,Bagalkote,PS0008
P005343,Sowmya Joshi,Female,1994-11-09,31,Engineer,Diploma,Married,AB+,Indian,Belagavi,PS0053
P005344,Suresh Hiremath,Male,2000-04-18,26,Farmer,Diploma,Married,A+,Indian,Bidar,PS0164
P005345,Bhavya Kambali,Female,1962-01-19,64,Sales Executive,No Formal Education,Single,O+,Indian,Chamarajanagar,PS0197
P005346,Ajay Sharma,Male,1993-03-19,33,Software Engineer,PhD,Married,B-,Indian,Bengaluru Rural,PS0078
P005347,Bhavya Singh,Female,1964-05-26,62,Engineer,Graduate,Divorced,A-,Indian,Chamarajanagar,PS0219
P005348,Vidya Reddy,Female,1983-12-05,42,Engineer,No Formal Education,Widowed,O+,Indian,Bengaluru Urban,PS0149
P005349,Rohit Verma,Male,1986-03-17,40,Farmer,No Formal Education,Single,O-,Indian,Chikkaballapura,PS0247
P005350,Harini Joshi,Female,1971-01-23,55,Mechanic,Diploma,Divorced,AB-,Indian,Bidar,PS0173
P005351,Shreya Naik,Female,2002-07-02,24,Labour,PhD,Widowed,A+,Indian,Bengaluru Urban,PS0115
P005352,Shreya Poojary,Female,1966-10-10,59,Doctor,High School,Married,B-,Indian,Ballari,PS0029
P005353,Preethi Naik,Female,1978-03-26,48,Business,No Formal Education,Married,A-,Indian,Chamarajanagar,PS0228
P005354,Pooja Verma,Female,1970-11-08,55,Software Engineer,PhD,Married,B-,Indian,Bidar,PS0162
P005355,Geetha Verma,Female,1980-02-26,46,Engineer,Primary,Married,A+,Indian,Chamarajanagar,PS0229
P005356,Preethi Hiremath,Female,1979-01-03,47,Electrician,PhD,Widowed,A+,Indian,Bengaluru Rural,PS0099
P005357,Akash Shetty,Male,1985-09-14,40,Nurse,High School,Single,B-,Indian,Bengaluru Urban,PS0129
P005358,Anjali Kumar,Female,2005-03-07,21,Shop Owner,No Formal Education,Married,AB-,Indian,Bidar,PS0174
P005359,Geetha Gowda,Female,1961-04-08,65,Nurse,High School,Single,O+,Indian,Chikkaballapura,PS0243
P005360,Harish Gowda,Male,1975-04-27,51,Software Engineer,Graduate,Divorced,A-,Indian,Bengaluru Urban,PS0132
P005361,Anjali Desai,Female,1994-04-22,32,Nurse,Primary,Widowed,O+,Indian,Bengaluru Rural,PS0072
P005362,Sanjay Desai,Male,1986-02-24,40,Shop Owner,Post Graduate,Married,O+,Indian,Chamarajanagar,PS0222
P005363,Manoj Kulkarni,Male,1976-11-04,49,Nurse,PhD,Married,B+,Indian,Belagavi,PS0060
P005364,Lokesh Patil,Male,1970-12-13,55,Carpenter,Diploma,Divorced,A+,Indian,Bengaluru Rural,PS0071
P005365,Mahesh Angadi,Male,1979-01-24,47,Student,PhD,Widowed,B-,Indian,Bidar,PS0189
P005366,Anjali Kambali,Female,1972-12-13,53,Electrician,Primary,Single,A+,Indian,Bengaluru Urban,PS0130
P005367,Suresh Desai,Male,1983-12-11,42,Shop Owner,Diploma,Divorced,B-,Indian,Ballari,PS0039
P005368,Rahul Kumar,Male,1979-10-27,46,Labour,No Formal Education,Married,AB-,Indian,Chamarajanagar,PS0214
P005369,Priya Kambali,Female,1999-07-18,27,Engineer,Post Graduate,Divorced,B-,Indian,Bidar,PS0171
P005370,Deepa Angadi,Female,1955-06-24,71,Electrician,Diploma,Widowed,A+,Indian,Bidar,PS0163
P005371,Sangeetha Kambali,Female,1976-10-05,49,Engineer,Diploma,Widowed,A+,Indian,Belagavi,PS0052
P005372,Vinay Siddiqui,Male,2002-07-12,24,Security Guard,No Formal Education,Married,O-,Indian,Bengaluru Rural,PS0070
P005373,Asha Kulkarni,Female,1965-03-10,61,Business,No Formal Education,Single,AB-,Indian,Bengaluru Rural,PS0097
P005374,Shivakumar Naik,Male,2003-12-07,22,Carpenter,PhD,Divorced,AB+,Indian,Bengaluru Urban,PS0114
P005375,Lakshmi Kambali,Female,2000-07-27,25,Student,Diploma,Married,O-,Indian,Bidar,PS0183
P005376,Priya Desai,Female,1969-05-07,57,Mechanic,High School,Divorced,A+,Indian,Chikkaballapura,PS0246
P005377,Pooja Kulkarni,Female,1983-03-28,43,Police,High School,Single,AB-,Indian,Bengaluru Urban,PS0123
P005378,Ravi Kulkarni,Male,1961-07-18,65,Carpenter,Graduate,Single,A-,Indian,Bagalkote,PS0008
P005379,Naveen Shetty,Male,1977-09-08,48,Sales Executive,Primary,Single,O-,Indian,Chikkaballapura,PS0242
P005380,Roopa Kulkarni,Female,1956-03-17,70,Software Engineer,Primary,Married,A-,Indian,Ballari,PS0039
P005381,Divya Pujari,Female,1957-03-14,69,Software Engineer,Primary,Divorced,A-,Indian,Bagalkote,PS0012
P005382,Rahul Kumar,Male,1999-03-12,27,Lawyer,No Formal Education,Divorced,AB-,Indian,Ballari,PS0026
P005383,Naveen Singh,Male,2007-01-29,19,Unemployed,PUC,Married,B+,Indian,Belagavi,PS0048
P005384,Shreya Angadi,Female,1968-01-17,58,Nurse,Diploma,Widowed,B-,Indian,Chamarajanagar,PS0211
P005385,Geetha Angadi,Female,1973-03-21,53,Engineer,High School,Divorced,B+,Indian,Bengaluru Rural,PS0080
P005386,Lokesh Gowda,Male,1988-09-07,37,Engineer,Graduate,Widowed,B-,Indian,Bagalkote,PS0010
P005387,Vidya Gowda,Female,1994-05-19,32,Doctor,High School,Divorced,A-,Indian,Bidar,PS0168
P005388,Vinay Rao,Male,1981-08-26,44,Unemployed,Primary,Married,AB-,Indian,Bidar,PS0153
P005389,Sanjay Sharma,Male,1993-08-07,32,Nurse,Diploma,Married,O+,Indian,Bengaluru Urban,PS0147
P005390,Lakshmi Singh,Female,1986-05-24,40,Business,Primary,Divorced,AB-,Indian,Bidar,PS0175
P005391,Deepa Singh,Female,2004-07-07,22,Farmer,Graduate,Single,AB-,Indian,Bidar,PS0160
P005392,Suraj Desai,Male,1975-11-17,50,Farmer,PhD,Widowed,O+,Indian,Chamarajanagar,PS0215
P005393,Vijay Gowda,Male,1966-07-20,60,Business,No Formal Education,Divorced,B+,Indian,Bidar,PS0167
P005394,Vijay Sharma,Male,2001-06-26,25,Mechanic,PUC,Single,O+,Indian,Chikkaballapura,PS0247
P005395,Abhishek Patil,Male,1984-02-07,42,Student,High School,Widowed,A+,Indian,Bengaluru Urban,PS0115
P005396,Priya Kumar,Female,1982-11-04,43,Police,Post Graduate,Widowed,O+,Indian,Bengaluru Urban,PS0127
P005397,Keerthi Gowda,Female,1999-10-29,26,Teacher,Post Graduate,Single,B+,Indian,Bengaluru Urban,PS0142
P005398,Swathi Poojary,Female,2000-06-01,26,Unemployed,Post Graduate,Widowed,B-,Indian,Bagalkote,PS0020
P005399,Sowmya Kumar,Female,1987-01-08,39,Business,PhD,Married,A+,Indian,Chamarajanagar,PS0225
P005400,Ramesh Rao,Male,1958-11-15,67,Security Guard,PhD,Single,A-,Indian,Belagavi,PS0049
P005401,Suraj Verma,Male,1999-11-09,26,Engineer,PhD,Divorced,A-,Indian,Bengaluru Urban,PS0110
P005402,Sneha Naik,Female,1955-04-15,71,Security Guard,Post Graduate,Married,O+,Indian,Bidar,PS0162
P005403,Sowmya Shetty,Female,2000-05-07,26,Doctor,Post Graduate,Widowed,A+,Indian,Bagalkote,PS0006
P005404,Mahesh Desai,Male,2000-03-26,26,Mechanic,Primary,Married,O-,Indian,Bengaluru Rural,PS0081
P005405,Suraj Shetty,Male,1988-02-24,38,Driver,Diploma,Widowed,AB-,Indian,Bagalkote,PS0008
P005406,Suresh Kambali,Male,1961-09-26,64,Sales Executive,High School,Married,AB+,Indian,Bengaluru Rural,PS0090
P005407,Darshan Angadi,Male,1995-12-10,30,Unemployed,PhD,Single,B-,Indian,Bidar,PS0170
P005408,Arjun Kambali,Male,1960-08-03,65,Mechanic,PUC,Divorced,A+,Indian,Bengaluru Urban,PS0145
P005409,Sangeetha Joshi,Female,1978-02-03,48,Mechanic,PhD,Single,AB+,Indian,Bengaluru Urban,PS0132
P005410,Ramesh Joshi,Male,1992-05-13,34,Carpenter,Post Graduate,Widowed,B+,Indian,Chikkaballapura,PS0247
P005411,Kavya Shetty,Female,1963-12-20,62,Business,Primary,Single,O+,Indian,Bengaluru Urban,PS0138
P005412,Sangeetha Singh,Female,1981-09-14,44,Engineer,Graduate,Widowed,AB+,Indian,Ballari,PS0045
P005413,Chetan Kumar,Male,2002-08-28,23,Government Employee,No Formal Education,Married,O-,Indian,Bidar,PS0166
P005414,Chetan Hegde,Male,1976-08-21,49,Sales Executive,Primary,Married,O+,Indian,Bidar,PS0171
P005415,Priya Bhat,Female,1962-03-16,64,Carpenter,Graduate,Widowed,A-,Indian,Bengaluru Rural,PS0085
P005416,Chetan Verma,Male,1972-12-19,53,Doctor,Diploma,Married,A-,Indian,Bidar,PS0156
P005417,Roopa Hegde,Female,1989-10-13,36,Teacher,Diploma,Widowed,AB+,Indian,Bidar,PS0162
P005418,Nisha Rao,Female,1964-12-23,61,Government Employee,High School,Widowed,B-,Indian,Belagavi,PS0067
P005419,Prakash Siddiqui,Male,1997-11-05,28,Labour,Post Graduate,Married,A+,Indian,Belagavi,PS0055
P005420,Geetha Kumar,Female,1994-07-10,32,Mechanic,Diploma,Widowed,AB+,Indian,Chamarajanagar,PS0204
P005421,Abhishek Naik,Male,1984-10-15,41,Sales Executive,PhD,Divorced,O+,Indian,Chamarajanagar,PS0197
P005422,Sneha Naik,Female,1998-08-01,27,Mechanic,Graduate,Widowed,AB-,Indian,Bagalkote,PS0009
P005423,Naveen Hegde,Male,1981-12-23,44,Teacher,Diploma,Divorced,O+,Indian,Chamarajanagar,PS0230
P005424,Keerthi Shetty,Female,1971-01-11,55,Security Guard,No Formal Education,Widowed,B+,Indian,Belagavi,PS0047
P005425,Pradeep Singh,Male,1997-05-12,29,Unemployed,Diploma,Single,O+,Indian,Chamarajanagar,PS0212
P005426,Kiran Hegde,Male,1978-04-22,48,Farmer,PUC,Married,O-,Indian,Bengaluru Urban,PS0147
P005427,Ravi Singh,Male,2003-03-24,23,Mechanic,PUC,Married,B+,Indian,Chikkaballapura,PS0237
P005428,Siddu Kambali,Male,2002-01-28,24,Nurse,High School,Married,AB-,Indian,Bengaluru Rural,PS0107
P005429,Shreya Siddiqui,Female,1999-12-12,26,Labour,High School,Widowed,O+,Indian,Belagavi,PS0069
P005430,Arjun Sharma,Male,1987-05-02,39,Nurse,Graduate,Widowed,AB+,Indian,Bengaluru Rural,PS0075
P005431,Ravi Bhat,Male,1973-01-04,53,Government Employee,Primary,Divorced,B+,Indian,Bengaluru Urban,PS0119
P005432,Sneha Poojary,Female,1975-10-19,50,Software Engineer,No Formal Education,Widowed,A+,Indian,Bengaluru Urban,PS0142
P005433,Puneeth Reddy,Male,1968-05-02,58,Labour,Post Graduate,Divorced,O+,Indian,Bengaluru Rural,PS0079
P005434,Sanjay Singh,Male,1961-10-08,64,Electrician,No Formal Education,Single,A+,Indian,Bengaluru Urban,PS0149
P005435,Lokesh Naik,Male,1993-07-20,33,Nurse,Graduate,Divorced,AB+,Indian,Bengaluru Urban,PS0114
P005436,Megha Sharma,Female,1958-06-23,68,Engineer,Primary,Widowed,AB+,Indian,Ballari,PS0044
P005437,Sneha Siddiqui,Female,1999-01-16,27,Electrician,High School,Single,AB-,Indian,Bagalkote,PS0003
P005438,Siddu Patil,Male,1985-06-29,41,Shop Owner,PhD,Married,A+,Indian,Bidar,PS0185
P005439,Sunitha Rao,Female,1969-02-28,57,Farmer,Post Graduate,Widowed,AB-,Indian,Bengaluru Urban,PS0133
P005440,Preethi Naik,Female,1959-02-11,67,Sales Executive,No Formal Education,Widowed,A-,Indian,Bengaluru Rural,PS0083
P005441,Siddu Poojary,Male,1963-05-13,63,Business,Diploma,Single,B+,Indian,Bengaluru Urban,PS0139
P005442,Kavya Kumar,Female,1991-07-12,35,Lawyer,High School,Married,O-,Indian,Chamarajanagar,PS0215
P005443,Vidya Joshi,Female,1976-12-30,49,Electrician,Diploma,Widowed,AB-,Indian,Belagavi,PS0059
P005444,Suresh Kulkarni,Male,1960-06-17,66,Carpenter,PUC,Divorced,O-,Indian,Belagavi,PS0061
P005445,Roopa Joshi,Female,1962-02-19,64,Doctor,Post Graduate,Single,B+,Indian,Bagalkote,PS0008
P005446,Rekha Hiremath,Female,1986-08-12,39,Business,PhD,Divorced,AB-,Indian,Bengaluru Urban,PS0149
P005447,Swathi Hiremath,Female,1971-10-21,54,Engineer,Diploma,Single,AB-,Indian,Bidar,PS0157
P005448,Pooja Pujari,Female,1969-10-10,56,Police,No Formal Education,Single,O+,Indian,Bagalkote,PS0019
P005449,Sangeetha Sharma,Female,1956-11-01,69,Police,High School,Widowed,O-,Indian,Chamarajanagar,PS0199
P005450,Megha Siddiqui,Female,1980-10-09,45,Police,PUC,Married,AB+,Indian,Bagalkote,PS0005
P005451,Roopa Verma,Female,2002-02-16,24,Labour,PhD,Divorced,A+,Indian,Bengaluru Rural,PS0091
P005452,Kusuma Poojary,Female,1995-10-08,30,Teacher,Diploma,Widowed,AB+,Indian,Belagavi,PS0050
P005453,Sneha Pujari,Female,1973-12-08,52,Electrician,Primary,Single,O+,Indian,Bengaluru Urban,PS0110
P005454,Anitha Reddy,Female,1956-12-14,69,Engineer,PhD,Divorced,AB+,Indian,Bengaluru Urban,PS0139
P005455,Lokesh Pujari,Male,1969-10-22,56,Security Guard,PUC,Single,O+,Indian,Bengaluru Rural,PS0091
P005456,Sneha Naik,Female,1966-07-18,60,Mechanic,High School,Widowed,AB-,Indian,Bagalkote,PS0014
P005457,Radhika Poojary,Female,1959-07-07,67,Driver,Diploma,Single,A+,Indian,Bengaluru Urban,PS0131
P005458,Anitha Kulkarni,Female,1997-02-15,29,Security Guard,Primary,Divorced,AB+,Indian,Belagavi,PS0046
P005459,Ajay Kulkarni,Male,1988-12-28,37,Software Engineer,Primary,Married,B-,Indian,Chamarajanagar,PS0225
P005460,Lakshmi Joshi,Female,1979-09-10,46,Engineer,PhD,Single,A+,Indian,Bidar,PS0170
P005461,Kusuma Siddiqui,Female,1974-06-02,52,Doctor,PUC,Divorced,AB+,Indian,Bengaluru Urban,PS0151
P005462,Naveen Verma,Male,2003-06-08,23,Lawyer,Graduate,Single,O-,Indian,Bengaluru Urban,PS0120
P005463,Pradeep Naik,Male,1968-12-31,57,Mechanic,High School,Single,A-,Indian,Bagalkote,PS0024
P005464,Akash Desai,Male,1982-09-07,43,Teacher,Primary,Single,AB-,Indian,Bengaluru Urban,PS0152
P005465,Asha Poojary,Female,2004-09-01,21,Mechanic,PUC,Widowed,O-,Indian,Bengaluru Urban,PS0126
P005466,Vinay Gowda,Male,1988-03-09,38,Student,PhD,Single,AB-,Indian,Chamarajanagar,PS0231
P005467,Chetan Desai,Male,1966-09-04,59,Nurse,PUC,Married,O-,Indian,Bengaluru Rural,PS0090
P005468,Pooja Joshi,Female,1973-02-19,53,Teacher,Post Graduate,Divorced,O-,Indian,Bidar,PS0168
P005469,Rahul Poojary,Male,2002-02-15,24,Engineer,Diploma,Widowed,A+,Indian,Chikkaballapura,PS0235
P005470,Sowmya Angadi,Female,1976-09-04,49,Sales Executive,PhD,Widowed,AB-,Indian,Bidar,PS0169
P005471,Pradeep Siddiqui,Male,1972-02-13,54,Unemployed,Post Graduate,Married,O+,Indian,Bengaluru Urban,PS0138
P005472,Basavaraj Pujari,Male,1981-12-18,44,Software Engineer,Diploma,Divorced,A-,Indian,Bengaluru Rural,PS0093
P005473,Ganesh Kulkarni,Male,1995-08-02,30,Security Guard,High School,Married,O+,Indian,Bengaluru Urban,PS0144
P005474,Puneeth Angadi,Male,1956-08-08,69,Farmer,Post Graduate,Divorced,A-,Indian,Ballari,PS0035
P005475,Radhika Hiremath,Female,1983-02-20,43,Driver,PhD,Divorced,O-,Indian,Bagalkote,PS0011
P005476,Anjali Kulkarni,Female,1984-09-27,41,Police,PUC,Married,A-,Indian,Bengaluru Urban,PS0143
P005477,Preethi Sharma,Female,1961-05-23,65,Business,Diploma,Widowed,AB-,Indian,Bengaluru Rural,PS0103
P005478,Divya Angadi,Female,1992-12-13,33,Farmer,PhD,Widowed,AB-,Indian,Chikkaballapura,PS0244
P005479,Manoj Naik,Male,1956-10-30,69,Student,No Formal Education,Married,O-,Indian,Bidar,PS0154
P005480,Megha Angadi,Female,2005-07-07,21,Software Engineer,PhD,Single,A+,Indian,Chamarajanagar,PS0232
P005481,Anjali Siddiqui,Female,1966-03-27,60,Carpenter,PUC,Single,O+,Indian,Belagavi,PS0057
P005482,Kiran Angadi,Male,1955-04-02,71,Carpenter,PUC,Widowed,O+,Indian,Chamarajanagar,PS0203
P005483,Akash Kambali,Male,1996-12-15,29,Security Guard,High School,Widowed,AB+,Indian,Bengaluru Rural,PS0072
P005484,Sunitha Shetty,Female,1971-01-22,55,Nurse,PhD,Divorced,B-,Indian,Chamarajanagar,PS0221
P005485,Rohit Kulkarni,Male,1969-09-02,56,Lawyer,PUC,Widowed,B+,Indian,Bidar,PS0159
P005486,Harish Hegde,Male,1995-01-07,31,Unemployed,PUC,Single,AB+,Indian,Bengaluru Urban,PS0117
P005487,Asha Siddiqui,Female,1979-01-05,47,Farmer,Post Graduate,Divorced,AB-,Indian,Bidar,PS0160
P005488,Pooja Siddiqui,Female,1978-07-27,47,Business,Diploma,Single,B+,Indian,Belagavi,PS0060
P005489,Keerthi Reddy,Female,1986-10-29,39,Sales Executive,PUC,Widowed,AB-,Indian,Belagavi,PS0060
P005490,Chetan Verma,Male,1960-04-10,66,Carpenter,Primary,Married,AB-,Indian,Bidar,PS0185
P005491,Chetan Naik,Male,1957-09-27,68,Business,Primary,Widowed,O-,Indian,Bengaluru Rural,PS0085
P005492,Rahul Poojary,Male,1986-11-10,39,Security Guard,Primary,Divorced,AB+,Indian,Chikkaballapura,PS0235
P005493,Shreya Singh,Female,1961-12-03,64,Unemployed,Post Graduate,Widowed,O-,Indian,Bagalkote,PS0006
P005494,Vidya Kumar,Female,1963-04-11,63,Carpenter,No Formal Education,Divorced,B-,Indian,Bengaluru Rural,PS0077
P005495,Priya Reddy,Female,1955-02-03,71,Driver,Post Graduate,Divorced,AB-,Indian,Bidar,PS0154
P005496,Bhavya Bhat,Female,1996-05-25,30,Software Engineer,Post Graduate,Widowed,AB-,Indian,Bagalkote,PS0013
P005497,Lakshmi Patil,Female,2007-09-30,18,Government Employee,PhD,Divorced,A-,Indian,Chikkaballapura,PS0250
P005498,Naveen Kumar,Male,1993-11-12,32,Mechanic,Graduate,Single,B+,Indian,Belagavi,PS0050
P005499,Vijay Gowda,Male,1981-08-22,44,Labour,High School,Single,AB+,Indian,Bengaluru Rural,PS0088
P005500,Anitha Kumar,Female,1992-07-07,34,Farmer,Post Graduate,Divorced,B-,Indian,Chamarajanagar,PS0217
P005501,Nisha Kumar,Female,1983-11-20,42,Business,Diploma,Married,A+,Indian,Bagalkote,PS0018
P005502,Rekha Pujari,Female,1961-04-22,65,Labour,High School,Married,A+,Indian,Bengaluru Rural,PS0101
P005503,Anjali Kulkarni,Female,1960-01-15,66,Government Employee,Primary,Single,O+,Indian,Bagalkote,PS0002
P005504,Anjali Desai,Female,1959-11-24,66,Police,Post Graduate,Widowed,A+,Indian,Chikkaballapura,PS0249
P005505,Preethi Gowda,Female,1979-02-24,47,Farmer,Primary,Widowed,O-,Indian,Bidar,PS0162
P005506,Radhika Singh,Female,1973-03-10,53,Farmer,Diploma,Widowed,O-,Indian,Belagavi,PS0052
P005507,Sanjay Angadi,Male,1989-09-28,36,Engineer,PhD,Divorced,O+,Indian,Bengaluru Urban,PS0127
P005508,Shivakumar Patil,Male,1968-06-02,58,Unemployed,PUC,Single,O-,Indian,Chamarajanagar,PS0226
P005509,Rekha Poojary,Female,1995-07-31,30,Security Guard,High School,Divorced,B-,Indian,Chamarajanagar,PS0214
P005510,Deepa Angadi,Female,1991-03-07,35,Mechanic,Post Graduate,Widowed,B+,Indian,Chamarajanagar,PS0234
P005511,Asha Pujari,Female,1971-10-24,54,Police,No Formal Education,Single,O-,Indian,Chamarajanagar,PS0227
P005512,Naveen Joshi,Male,1998-10-16,27,Carpenter,Graduate,Single,A-,Indian,Chamarajanagar,PS0211
P005513,Shivakumar Rao,Male,1989-07-05,37,Sales Executive,High School,Single,A-,Indian,Bengaluru Urban,PS0130
P005514,Bhavya Verma,Female,2001-10-27,24,Doctor,Diploma,Single,B+,Indian,Bidar,PS0153
P005515,Suraj Desai,Male,1982-09-07,43,Unemployed,Primary,Married,O-,Indian,Bidar,PS0155
P005516,Suresh Hegde,Male,1960-01-07,66,Security Guard,Diploma,Married,B-,Indian,Bengaluru Urban,PS0144
P005517,Prakash Hiremath,Male,1991-08-19,34,Police,PhD,Single,B-,Indian,Chamarajanagar,PS0203
P005518,Chetan Angadi,Male,1960-08-17,65,Software Engineer,Primary,Single,B-,Indian,Bengaluru Urban,PS0130
P005519,Vidya Hiremath,Female,1957-02-06,69,Student,Diploma,Widowed,A+,Indian,Bengaluru Rural,PS0107
P005520,Shreya Bhat,Female,1980-03-31,46,Unemployed,Diploma,Single,AB-,Indian,Bidar,PS0155
P005521,Naveen Naik,Male,1974-12-25,51,Unemployed,Diploma,Married,O-,Indian,Ballari,PS0040
P005522,Shivakumar Siddiqui,Male,1961-07-08,65,Unemployed,High School,Widowed,A+,Indian,Bidar,PS0176
P005523,Lokesh Pujari,Male,1993-03-19,33,Engineer,Post Graduate,Single,AB+,Indian,Ballari,PS0029
P005524,Kusuma Reddy,Female,1993-06-24,33,Labour,Post Graduate,Single,A-,Indian,Chamarajanagar,PS0219
P005525,Sunitha Verma,Female,1968-08-24,57,Unemployed,Diploma,Married,A+,Indian,Bengaluru Urban,PS0149
P005526,Kusuma Poojary,Female,1959-07-02,67,Shop Owner,No Formal Education,Divorced,AB-,Indian,Bengaluru Rural,PS0092
P005527,Ajay Kumar,Male,1977-11-15,48,Unemployed,PhD,Widowed,AB-,Indian,Bengaluru Rural,PS0078
P005528,Pooja Bhat,Female,1955-08-10,70,Engineer,PUC,Single,B-,Indian,Bengaluru Urban,PS0124
P005529,Prakash Reddy,Male,2001-08-23,24,Labour,Primary,Widowed,AB-,Indian,Ballari,PS0036
P005530,Pooja Patil,Female,1982-10-27,43,Unemployed,Diploma,Widowed,O+,Indian,Bengaluru Urban,PS0150
P005531,Anitha Naik,Female,1979-04-08,47,Security Guard,Graduate,Married,B+,Indian,Chikkaballapura,PS0244
P005532,Divya Angadi,Female,2006-05-15,20,Engineer,Primary,Single,B+,Indian,Belagavi,PS0055
P005533,Nisha Rao,Female,1978-07-15,48,Unemployed,High School,Married,O-,Indian,Chamarajanagar,PS0221
P005534,Rekha Poojary,Female,1959-12-03,66,Shop Owner,Graduate,Divorced,B+,Indian,Bengaluru Urban,PS0119
P005535,Sowmya Shetty,Female,1976-01-24,50,Unemployed,Graduate,Divorced,AB+,Indian,Chikkaballapura,PS0244
P005536,Pradeep Joshi,Male,1977-12-21,48,Shop Owner,High School,Single,B-,Indian,Chamarajanagar,PS0231
P005537,Kiran Naik,Male,1983-02-10,43,Carpenter,PhD,Widowed,AB+,Indian,Bagalkote,PS0004
P005538,Darshan Kulkarni,Male,1964-03-17,62,Business,Graduate,Divorced,B-,Indian,Belagavi,PS0051
P005539,Ramesh Poojary,Male,1987-06-11,39,Student,PUC,Widowed,B-,Indian,Bengaluru Rural,PS0086
P005540,Harish Hegde,Male,1969-12-19,56,Carpenter,High School,Married,B+,Indian,Ballari,PS0040
P005541,Nisha Joshi,Female,1967-12-27,58,Farmer,PUC,Divorced,O-,Indian,Chikkaballapura,PS0247
P005542,Swathi Singh,Female,1969-11-15,56,Shop Owner,No Formal Education,Widowed,B-,Indian,Bengaluru Rural,PS0101
P005543,Prakash Kumar,Male,1956-02-08,70,Labour,Diploma,Divorced,AB-,Indian,Bengaluru Urban,PS0131
P005544,Suraj Pujari,Male,1970-04-25,56,Unemployed,Diploma,Single,O-,Indian,Bengaluru Rural,PS0095
P005545,Ganesh Desai,Male,1971-10-17,54,Software Engineer,Graduate,Widowed,B+,Indian,Chamarajanagar,PS0228
P005546,Shivakumar Verma,Male,1957-02-02,69,Labour,High School,Divorced,O-,Indian,Bidar,PS0161
P005547,Mahesh Kumar,Male,2001-12-21,24,Engineer,Graduate,Divorced,B+,Indian,Bidar,PS0189
P005548,Suresh Patil,Male,1973-03-14,53,Doctor,Post Graduate,Widowed,AB-,Indian,Bengaluru Rural,PS0105
P005549,Rohit Reddy,Male,1988-03-15,38,Business,High School,Widowed,A+,Indian,Bidar,PS0154
P005550,Siddu Bhat,Male,1963-07-25,62,Electrician,PhD,Widowed,AB-,Indian,Belagavi,PS0061
P005551,Kusuma Kambali,Female,2000-09-10,25,Labour,PUC,Widowed,A-,Indian,Ballari,PS0032
P005552,Harish Hiremath,Male,2007-09-27,18,Shop Owner,PhD,Single,A+,Indian,Bengaluru Urban,PS0137
P005553,Nisha Pujari,Female,1971-07-15,55,Shop Owner,Primary,Married,B+,Indian,Bengaluru Urban,PS0142
P005554,Darshan Angadi,Male,1990-01-07,36,Carpenter,PhD,Divorced,B-,Indian,Chamarajanagar,PS0195
P005555,Vidya Desai,Female,1979-03-17,47,Electrician,Graduate,Single,B+,Indian,Chamarajanagar,PS0226
P005556,Bhavya Patil,Female,1970-03-01,56,Teacher,No Formal Education,Married,AB+,Indian,Bidar,PS0169
P005557,Geetha Joshi,Female,1979-02-12,47,Teacher,Post Graduate,Single,B-,Indian,Bidar,PS0156
P005558,Harish Reddy,Male,2005-02-24,21,Nurse,No Formal Education,Widowed,B-,Indian,Bengaluru Urban,PS0112
P005559,Swathi Reddy,Female,1958-04-25,68,Nurse,PUC,Married,B+,Indian,Ballari,PS0036
P005560,Mahesh Patil,Male,2007-03-27,19,Mechanic,Post Graduate,Single,AB+,Indian,Chikkaballapura,PS0245
P005561,Vinay Pujari,Male,1988-06-26,38,Government Employee,Primary,Single,B-,Indian,Bengaluru Urban,PS0114
P005562,Anitha Rao,Female,1956-02-13,70,Software Engineer,Post Graduate,Divorced,O+,Indian,Belagavi,PS0053
P005563,Naveen Siddiqui,Male,1958-02-06,68,Security Guard,Post Graduate,Divorced,A-,Indian,Ballari,PS0043
P005564,Ramesh Hegde,Male,1970-01-30,56,Shop Owner,No Formal Education,Widowed,A+,Indian,Bengaluru Rural,PS0083
P005565,Rohit Kumar,Male,1996-04-21,30,Farmer,Diploma,Married,B-,Indian,Chamarajanagar,PS0223
P005566,Priya Sharma,Female,1992-02-21,34,Mechanic,No Formal Education,Divorced,AB+,Indian,Chamarajanagar,PS0226
P005567,Vidya Joshi,Female,1973-10-15,52,Government Employee,High School,Single,B-,Indian,Belagavi,PS0066
P005568,Suresh Poojary,Male,1999-06-24,27,Labour,PUC,Married,A-,Indian,Bengaluru Urban,PS0152
P005569,Darshan Pujari,Male,1959-12-02,66,Electrician,PUC,Divorced,B-,Indian,Chamarajanagar,PS0234
P005570,Abhishek Hiremath,Male,1997-01-27,29,Security Guard,PhD,Divorced,O+,Indian,Chikkaballapura,PS0243
P005571,Pooja Naik,Female,2004-10-26,21,Farmer,No Formal Education,Single,O-,Indian,Bengaluru Rural,PS0105
P005572,Keerthi Shetty,Female,1963-03-18,63,Police,Primary,Single,B+,Indian,Bidar,PS0175
P005573,Deepa Angadi,Female,1994-07-17,32,Electrician,Post Graduate,Single,B-,Indian,Chikkaballapura,PS0237
P005574,Manoj Rao,Male,1964-08-03,61,Teacher,Primary,Widowed,A-,Indian,Bidar,PS0178
P005575,Vidya Kumar,Female,1982-09-02,43,Driver,PUC,Married,O-,Indian,Bengaluru Urban,PS0142
P005576,Sowmya Kambali,Female,2004-06-20,22,Doctor,Primary,Divorced,B+,Indian,Chamarajanagar,PS0209
P005577,Suresh Rao,Male,1957-03-07,69,Lawyer,Primary,Widowed,AB-,Indian,Chamarajanagar,PS0209
P005578,Shivakumar Verma,Male,1970-01-09,56,Nurse,Primary,Single,A+,Indian,Belagavi,PS0059
P005579,Nisha Naik,Female,1958-10-25,67,Student,Primary,Widowed,B+,Indian,Bengaluru Rural,PS0097
P005580,Divya Sharma,Female,1990-08-12,35,Driver,High School,Married,A+,Indian,Bengaluru Rural,PS0093
P005581,Ramesh Verma,Male,1957-11-14,68,Driver,No Formal Education,Single,AB+,Indian,Bidar,PS0185
P005582,Rohit Joshi,Male,1989-10-28,36,Unemployed,Post Graduate,Single,B-,Indian,Bengaluru Urban,PS0122
P005583,Kavya Verma,Female,1999-06-10,27,Teacher,PhD,Married,A+,Indian,Chikkaballapura,PS0240
P005584,Deepa Gowda,Female,2006-04-06,20,Shop Owner,No Formal Education,Widowed,B-,Indian,Chikkaballapura,PS0242
P005585,Nisha Sharma,Female,1973-07-21,53,Software Engineer,No Formal Education,Single,O+,Indian,Bidar,PS0191
P005586,Suresh Patil,Male,1984-03-13,42,Doctor,No Formal Education,Divorced,AB+,Indian,Bagalkote,PS0010
P005587,Anjali Poojary,Female,1976-11-29,49,Engineer,Graduate,Single,AB-,Indian,Ballari,PS0043
P005588,Ramesh Sharma,Male,1966-04-07,60,Student,Post Graduate,Widowed,B-,Indian,Ballari,PS0044
P005589,Shivakumar Hiremath,Male,1968-06-10,58,Electrician,No Formal Education,Widowed,AB+,Indian,Belagavi,PS0056
P005590,Chetan Rao,Male,1985-04-27,41,Security Guard,Post Graduate,Widowed,AB-,Indian,Bagalkote,PS0002
P005591,Vijay Hiremath,Male,1959-06-23,67,Police,Post Graduate,Married,AB-,Indian,Belagavi,PS0058
P005592,Asha Rao,Female,1974-11-08,51,Unemployed,Primary,Divorced,A+,Indian,Ballari,PS0032
P005593,Rahul Kambali,Male,1981-10-10,44,Farmer,Post Graduate,Married,O+,Indian,Bengaluru Rural,PS0094
P005594,Deepa Gowda,Female,1963-04-20,63,Electrician,Post Graduate,Married,A-,Indian,Chamarajanagar,PS0207
P005595,Bhavya Kulkarni,Female,1955-06-28,71,Student,PUC,Divorced,AB-,Indian,Bidar,PS0155
P005596,Sowmya Bhat,Female,1989-11-08,36,Electrician,High School,Single,A-,Indian,Bagalkote,PS0017
P005597,Abhishek Siddiqui,Male,1956-11-27,69,Teacher,PUC,Married,A+,Indian,Chamarajanagar,PS0221
P005598,Mahesh Kulkarni,Male,1964-06-07,62,Unemployed,No Formal Education,Widowed,A+,Indian,Chamarajanagar,PS0219
P005599,Shivakumar Poojary,Male,1986-04-25,40,Engineer,PhD,Divorced,A-,Indian,Chamarajanagar,PS0223
P005600,Mahesh Verma,Male,1997-06-13,29,Software Engineer,No Formal Education,Divorced,O+,Indian,Chikkaballapura,PS0244
P005601,Mahesh Siddiqui,Male,1969-04-23,57,Teacher,Diploma,Married,O+,Indian,Chamarajanagar,PS0199
P005602,Shreya Kambali,Female,2005-01-25,21,Government Employee,High School,Single,B+,Indian,Bengaluru Rural,PS0070
P005603,Ajay Kambali,Male,1998-08-13,27,Doctor,No Formal Education,Married,O+,Indian,Bengaluru Urban,PS0141
P005604,Nisha Bhat,Female,1998-10-09,27,Nurse,Diploma,Single,AB+,Indian,Bidar,PS0179
P005605,Vidya Patil,Female,1997-01-28,29,Farmer,PhD,Divorced,AB-,Indian,Ballari,PS0039
P005606,Rohit Bhat,Male,1987-08-06,38,Security Guard,Graduate,Divorced,A+,Indian,Ballari,PS0027
P005607,Arjun Patil,Male,1956-08-28,69,Labour,Graduate,Divorced,O-,Indian,Bengaluru Rural,PS0081
P005608,Naveen Singh,Male,1977-10-24,48,Teacher,PhD,Married,AB+,Indian,Bengaluru Rural,PS0100
P005609,Suresh Siddiqui,Male,1963-05-01,63,Engineer,No Formal Education,Married,AB+,Indian,Belagavi,PS0049
P005610,Kavya Siddiqui,Female,2001-10-15,24,Farmer,Diploma,Widowed,AB+,Indian,Chamarajanagar,PS0198
P005611,Kavya Patil,Female,1972-10-09,53,Labour,No Formal Education,Widowed,AB+,Indian,Bengaluru Rural,PS0104
P005612,Vinay Gowda,Male,1993-05-22,33,Student,High School,Married,AB-,Indian,Belagavi,PS0050
P005613,Naveen Hegde,Male,1973-02-19,53,Doctor,PUC,Divorced,A-,Indian,Bagalkote,PS0022
P005614,Shreya Shetty,Female,1971-10-02,54,Shop Owner,No Formal Education,Divorced,AB+,Indian,Chikkaballapura,PS0239
P005615,Vinay Kulkarni,Male,1978-11-09,47,Engineer,Primary,Widowed,B-,Indian,Chamarajanagar,PS0232
P005616,Radhika Gowda,Female,1986-06-28,40,Shop Owner,Diploma,Married,A-,Indian,Bidar,PS0160
P005617,Lakshmi Angadi,Female,1973-04-26,53,Business,Post Graduate,Single,A+,Indian,Chamarajanagar,PS0194
P005618,Basavaraj Hiremath,Male,1992-12-22,33,Software Engineer,Post Graduate,Single,B+,Indian,Belagavi,PS0064
P005619,Basavaraj Desai,Male,1980-07-23,46,Nurse,Diploma,Widowed,O-,Indian,Bagalkote,PS0003
P005620,Asha Verma,Female,2004-10-16,21,Software Engineer,Post Graduate,Married,AB-,Indian,Bidar,PS0192
P005621,Ravi Joshi,Male,1986-09-01,39,Engineer,Primary,Divorced,B-,Indian,Bengaluru Urban,PS0121
P005622,Prakash Verma,Male,1956-05-26,70,Security Guard,High School,Widowed,A-,Indian,Bidar,PS0157
P005623,Manoj Pujari,Male,1985-11-22,40,Carpenter,Primary,Divorced,B-,Indian,Bengaluru Urban,PS0125
P005624,Naveen Hegde,Male,1967-08-24,58,Student,PUC,Married,O+,Indian,Chamarajanagar,PS0220
P005625,Geetha Hiremath,Female,1965-07-27,60,Shop Owner,Primary,Single,AB-,Indian,Chamarajanagar,PS0195
P005626,Ganesh Rao,Male,1958-10-31,67,Carpenter,PUC,Single,O+,Indian,Ballari,PS0032
P005627,Nisha Kumar,Female,2003-07-24,22,Police,No Formal Education,Married,AB+,Indian,Bengaluru Urban,PS0147
P005628,Kiran Singh,Male,1997-08-04,28,Sales Executive,Post Graduate,Married,A-,Indian,Bengaluru Rural,PS0073
P005629,Puneeth Kumar,Male,1984-06-17,42,Student,PhD,Single,O-,Indian,Ballari,PS0036
P005630,Lokesh Kulkarni,Male,1998-07-07,28,Electrician,Diploma,Divorced,AB+,Indian,Bengaluru Urban,PS0150
P005631,Shivakumar Singh,Male,1965-06-09,61,Electrician,PUC,Widowed,O+,Indian,Bengaluru Rural,PS0077
P005632,Lakshmi Kambali,Female,1982-05-19,44,Police,Primary,Divorced,AB-,Indian,Belagavi,PS0056
P005633,Nandini Singh,Female,1983-03-19,43,Unemployed,PhD,Married,O+,Indian,Bengaluru Urban,PS0120
P005634,Puneeth Singh,Male,1975-04-30,51,Driver,PhD,Married,B+,Indian,Bengaluru Rural,PS0077
P005635,Nisha Poojary,Female,1958-11-06,67,Business,Primary,Single,AB-,Indian,Bengaluru Urban,PS0125
P005636,Bhavya Hegde,Female,1964-10-18,61,Lawyer,Primary,Married,AB+,Indian,Bengaluru Rural,PS0074
P005637,Rahul Verma,Male,1990-08-19,35,Mechanic,PUC,Married,O-,Indian,Chikkaballapura,PS0240
P005638,Vidya Kambali,Female,1962-09-14,63,Labour,No Formal Education,Divorced,A-,Indian,Bengaluru Urban,PS0121
P005639,Vinay Kumar,Male,1969-05-14,57,Lawyer,High School,Married,O+,Indian,Chamarajanagar,PS0205
P005640,Harish Joshi,Male,1974-04-16,52,Sales Executive,PUC,Single,A-,Indian,Chikkaballapura,PS0249
P005641,Rohit Pujari,Male,1978-07-30,47,Business,Diploma,Single,B-,Indian,Ballari,PS0031
P005642,Kusuma Poojary,Female,1965-09-14,60,Labour,High School,Widowed,A-,Indian,Bengaluru Urban,PS0129
P005643,Kiran Bhat,Male,1996-05-19,30,Nurse,High School,Single,O-,Indian,Bengaluru Rural,PS0078
P005644,Ajay Verma,Male,2003-04-30,23,Government Employee,PUC,Divorced,AB+,Indian,Bidar,PS0161
P005645,Ajay Hegde,Male,1986-04-23,40,Labour,Diploma,Widowed,B-,Indian,Bengaluru Rural,PS0105
P005646,Chetan Naik,Male,1990-07-26,35,Mechanic,Graduate,Married,O+,Indian,Bengaluru Urban,PS0148
P005647,Nisha Poojary,Female,1956-09-09,69,Student,Diploma,Married,B-,Indian,Bengaluru Rural,PS0103
P005648,Kiran Bhat,Male,2004-01-28,22,Software Engineer,PhD,Single,O+,Indian,Bengaluru Urban,PS0143
P005649,Shreya Kumar,Female,2001-07-27,24,Mechanic,No Formal Education,Divorced,A-,Indian,Bidar,PS0174
P005650,Abhishek Patil,Male,1980-03-27,46,Electrician,Post Graduate,Married,B+,Indian,Bengaluru Urban,PS0149
P005651,Divya Verma,Female,1973-05-30,53,Lawyer,Post Graduate,Single,O-,Indian,Bidar,PS0164
P005652,Abhishek Singh,Male,1973-02-01,53,Doctor,Diploma,Married,A-,Indian,Ballari,PS0043
P005653,Ramesh Verma,Male,1966-12-29,59,Teacher,PUC,Single,AB+,Indian,Ballari,PS0034
P005654,Priya Siddiqui,Female,1975-07-25,50,Student,PUC,Divorced,A-,Indian,Chamarajanagar,PS0200
P005655,Mahesh Bhat,Male,1998-12-20,27,Labour,Diploma,Married,O-,Indian,Chamarajanagar,PS0217
P005656,Ravi Singh,Male,2004-10-15,21,Farmer,PUC,Married,O-,Indian,Bidar,PS0181
P005657,Pradeep Shetty,Male,1998-09-22,27,Shop Owner,Primary,Single,AB-,Indian,Bengaluru Rural,PS0078
P005658,Lakshmi Hiremath,Female,1971-08-20,54,Software Engineer,PUC,Single,B+,Indian,Bagalkote,PS0014
P005659,Ramesh Desai,Male,1998-08-30,27,Doctor,Post Graduate,Single,B-,Indian,Ballari,PS0041
P005660,Ganesh Bhat,Male,1961-07-09,65,Government Employee,PhD,Widowed,A+,Indian,Chamarajanagar,PS0211
P005661,Ganesh Poojary,Male,1982-10-16,43,Unemployed,No Formal Education,Widowed,B+,Indian,Belagavi,PS0060
P005662,Rekha Joshi,Female,2002-08-13,23,Mechanic,Primary,Single,AB-,Indian,Bengaluru Rural,PS0108
P005663,Vijay Hiremath,Male,1962-11-26,63,Labour,PhD,Single,B+,Indian,Bengaluru Urban,PS0134
P005664,Harish Angadi,Male,1974-11-11,51,Unemployed,Graduate,Married,A+,Indian,Bengaluru Rural,PS0102
P005665,Basavaraj Shetty,Male,1995-03-13,31,Mechanic,Primary,Divorced,O+,Indian,Chamarajanagar,PS0209
P005666,Nisha Hiremath,Female,1983-05-31,43,Police,Post Graduate,Married,B-,Indian,Bengaluru Urban,PS0129
P005667,Arjun Verma,Male,1970-01-07,56,Electrician,Post Graduate,Single,A-,Indian,Bidar,PS0174
P005668,Shreya Shetty,Female,1975-09-28,50,Engineer,Post Graduate,Widowed,A+,Indian,Belagavi,PS0058
P005669,Darshan Hiremath,Male,1980-01-26,46,Nurse,PhD,Single,A-,Indian,Bidar,PS0163
P005670,Rekha Reddy,Female,1968-06-29,58,Shop Owner,No Formal Education,Divorced,AB+,Indian,Bagalkote,PS0020
P005671,Anjali Shetty,Female,1958-05-02,68,Shop Owner,PUC,Widowed,B+,Indian,Bengaluru Rural,PS0076
P005672,Harini Verma,Female,1982-08-05,43,Mechanic,Graduate,Widowed,B+,Indian,Bengaluru Rural,PS0099
P005673,Siddu Verma,Male,2003-11-08,22,Shop Owner,Post Graduate,Single,O-,Indian,Chikkaballapura,PS0249
P005674,Basavaraj Patil,Male,1995-07-24,30,Sales Executive,Post Graduate,Single,O+,Indian,Chikkaballapura,PS0235
P005675,Lokesh Siddiqui,Male,1984-10-08,41,Doctor,PUC,Widowed,A+,Indian,Bengaluru Urban,PS0137
P005676,Deepa Poojary,Female,1981-03-05,45,Doctor,Post Graduate,Divorced,B-,Indian,Chamarajanagar,PS0208
P005677,Bhavya Sharma,Female,1977-02-14,49,Government Employee,Graduate,Widowed,A-,Indian,Bidar,PS0192
P005678,Deepa Sharma,Female,1985-09-28,40,Government Employee,PhD,Widowed,O-,Indian,Chamarajanagar,PS0216
P005679,Preethi Patil,Female,1979-10-24,46,Carpenter,PUC,Widowed,A-,Indian,Chamarajanagar,PS0229
P005680,Harish Bhat,Male,1982-12-30,43,Shop Owner,High School,Married,O+,Indian,Bagalkote,PS0018
P005681,Suraj Patil,Male,1979-02-07,47,Lawyer,Graduate,Single,B+,Indian,Bengaluru Urban,PS0152
P005682,Geetha Desai,Female,1999-07-19,27,Engineer,High School,Single,O-,Indian,Bagalkote,PS0015
P005683,Lokesh Hegde,Male,2007-09-23,18,Shop Owner,Primary,Widowed,A-,Indian,Bengaluru Rural,PS0073
P005684,Vijay Verma,Male,1991-11-16,34,Business,High School,Divorced,A+,Indian,Bidar,PS0189
P005685,Siddu Pujari,Male,1957-10-11,68,Electrician,PUC,Widowed,AB+,Indian,Bagalkote,PS0021
P005686,Chetan Shetty,Male,1994-03-18,32,Unemployed,No Formal Education,Widowed,AB-,Indian,Bengaluru Rural,PS0085
P005687,Kusuma Naik,Female,1956-05-12,70,Mechanic,Post Graduate,Single,O-,Indian,Bagalkote,PS0008
P005688,Shivakumar Poojary,Male,2000-01-28,26,Business,PUC,Single,B-,Indian,Chikkaballapura,PS0239
P005689,Lokesh Bhat,Male,1957-11-23,68,Driver,PhD,Divorced,AB+,Indian,Bidar,PS0158
P005690,Prakash Gowda,Male,1960-12-01,65,Nurse,Graduate,Widowed,AB-,Indian,Bidar,PS0169
P005691,Swathi Poojary,Female,1982-01-11,44,Mechanic,Post Graduate,Married,B+,Indian,Bagalkote,PS0003
P005692,Rahul Poojary,Male,1955-04-15,71,Carpenter,Post Graduate,Single,AB-,Indian,Chikkaballapura,PS0239
P005693,Nandini Rao,Female,2001-12-14,24,Electrician,Primary,Single,O+,Indian,Bidar,PS0186
P005694,Abhishek Kumar,Male,1993-09-20,32,Nurse,Primary,Widowed,A-,Indian,Chamarajanagar,PS0232
P005695,Lakshmi Reddy,Female,1994-07-09,32,Nurse,Post Graduate,Single,B+,Indian,Chamarajanagar,PS0209
P005696,Megha Kulkarni,Female,1988-10-14,37,Unemployed,PhD,Single,A-,Indian,Bagalkote,PS0020
P005697,Lakshmi Sharma,Female,1989-09-22,36,Unemployed,PhD,Divorced,O-,Indian,Bengaluru Rural,PS0073
P005698,Kusuma Kulkarni,Female,1978-08-01,47,Nurse,No Formal Education,Widowed,B-,Indian,Bengaluru Urban,PS0143
P005699,Sunitha Shetty,Female,1992-06-29,34,Student,Graduate,Married,B-,Indian,Chamarajanagar,PS0208
P005700,Siddu Siddiqui,Male,1982-11-02,43,Unemployed,Post Graduate,Widowed,O+,Indian,Bidar,PS0186
P005701,Ravi Naik,Male,2001-02-07,25,Sales Executive,Graduate,Single,AB+,Indian,Bengaluru Rural,PS0086
P005702,Suraj Siddiqui,Male,1956-10-05,69,Business,Post Graduate,Married,AB+,Indian,Chikkaballapura,PS0239
P005703,Asha Hegde,Female,1964-06-12,62,Teacher,Post Graduate,Single,B-,Indian,Bengaluru Rural,PS0075
P005704,Radhika Gowda,Female,1969-10-11,56,Driver,PUC,Single,AB+,Indian,Bengaluru Rural,PS0097
P005705,Lakshmi Reddy,Female,1969-08-26,56,Doctor,PUC,Divorced,AB-,Indian,Bagalkote,PS0013
P005706,Geetha Verma,Female,1957-09-28,68,Engineer,PhD,Married,AB-,Indian,Bagalkote,PS0010
P005707,Bhavya Kambali,Female,1998-07-10,28,Teacher,PUC,Single,O+,Indian,Bidar,PS0187
P005708,Suresh Kulkarni,Male,1995-01-29,31,Mechanic,PUC,Widowed,A-,Indian,Bidar,PS0162
P005709,Anjali Gowda,Female,1980-07-20,46,Farmer,PUC,Widowed,O-,Indian,Chikkaballapura,PS0236
P005710,Nandini Desai,Female,1998-08-28,27,Unemployed,Graduate,Married,B+,Indian,Bidar,PS0160
P005711,Ajay Angadi,Male,1989-05-13,37,Government Employee,PUC,Widowed,A-,Indian,Bidar,PS0173
P005712,Nandini Hegde,Female,1984-06-19,42,Sales Executive,Primary,Married,A+,Indian,Belagavi,PS0062
P005713,Swathi Joshi,Female,1957-02-22,69,Driver,Diploma,Divorced,B-,Indian,Ballari,PS0032
P005714,Mahesh Hiremath,Male,1995-02-03,31,Nurse,Diploma,Single,B-,Indian,Bengaluru Rural,PS0089
P005715,Bhavya Poojary,Female,1979-03-08,47,Shop Owner,Post Graduate,Widowed,A+,Indian,Belagavi,PS0054
P005716,Sowmya Singh,Female,1975-10-23,50,Security Guard,Primary,Divorced,A-,Indian,Bengaluru Rural,PS0075
P005717,Naveen Hiremath,Male,1958-06-04,68,Unemployed,Diploma,Single,AB+,Indian,Bengaluru Urban,PS0143
P005718,Asha Verma,Female,1980-01-06,46,Driver,PhD,Single,O-,Indian,Chikkaballapura,PS0237
P005719,Prakash Bhat,Male,1979-06-19,47,Carpenter,High School,Widowed,O+,Indian,Chamarajanagar,PS0234
P005720,Arjun Angadi,Male,1984-12-20,41,Lawyer,PhD,Married,O-,Indian,Bengaluru Urban,PS0114
P005721,Kavya Verma,Female,1983-06-30,43,Doctor,PUC,Single,AB+,Indian,Bengaluru Rural,PS0091
P005722,Vidya Kumar,Female,1976-06-18,50,Sales Executive,High School,Single,B-,Indian,Belagavi,PS0060
P005723,Shreya Pujari,Female,1965-05-01,61,Student,Graduate,Widowed,O-,Indian,Bengaluru Rural,PS0072
P005724,Priya Poojary,Female,1987-02-20,39,Student,Primary,Married,B-,Indian,Belagavi,PS0067
P005725,Naveen Desai,Male,1995-07-16,31,Unemployed,PhD,Divorced,O+,Indian,Bidar,PS0165
P005726,Rohit Poojary,Male,1998-04-11,28,Doctor,Post Graduate,Married,O+,Indian,Belagavi,PS0067
P005727,Sangeetha Verma,Female,2002-04-29,24,Labour,Primary,Widowed,B-,Indian,Chamarajanagar,PS0229
P005728,Abhishek Kambali,Male,1990-03-13,36,Business,Primary,Married,A+,Indian,Chikkaballapura,PS0243
P005729,Manoj Singh,Male,1966-08-25,59,Electrician,Post Graduate,Divorced,A+,Indian,Bengaluru Urban,PS0152
P005730,Bhavya Desai,Female,1987-11-10,38,Lawyer,PhD,Widowed,A+,Indian,Chamarajanagar,PS0232
P005731,Nisha Desai,Female,1981-08-22,44,Lawyer,PUC,Divorced,AB-,Indian,Bengaluru Urban,PS0135
P005732,Anjali Patil,Female,1964-10-09,61,Sales Executive,Post Graduate,Married,A+,Indian,Bengaluru Urban,PS0136
P005733,Shivakumar Reddy,Male,1970-11-05,55,Mechanic,PUC,Divorced,B+,Indian,Bidar,PS0155
P005734,Rahul Hiremath,Male,1969-08-12,56,Student,Graduate,Married,O+,Indian,Bagalkote,PS0019
P005735,Priya Bhat,Female,1986-11-03,39,Nurse,Post Graduate,Widowed,A+,Indian,Bagalkote,PS0016
P005736,Rohit Angadi,Male,1970-03-14,56,Business,PUC,Single,AB-,Indian,Bidar,PS0158
P005737,Basavaraj Bhat,Male,1956-04-22,70,Lawyer,Primary,Divorced,O-,Indian,Chamarajanagar,PS0219
P005738,Sowmya Joshi,Female,1968-01-17,58,Sales Executive,Post Graduate,Widowed,A-,Indian,Bengaluru Rural,PS0075
P005739,Vinay Verma,Male,2006-03-12,20,Business,PUC,Married,B-,Indian,Belagavi,PS0063
P005740,Shreya Angadi,Female,1982-11-16,43,Teacher,No Formal Education,Single,AB+,Indian,Bengaluru Urban,PS0141
P005741,Vidya Hegde,Female,1995-03-03,31,Nurse,Post Graduate,Single,O+,Indian,Ballari,PS0030
P005742,Sanjay Kulkarni,Male,1959-10-05,66,Labour,Diploma,Single,A+,Indian,Chamarajanagar,PS0224
P005743,Rohit Kambali,Male,1982-07-15,44,Doctor,PhD,Married,B+,Indian,Chamarajanagar,PS0200
P005744,Deepa Patil,Female,1974-01-06,52,Lawyer,Post Graduate,Divorced,AB-,Indian,Bidar,PS0157
P005745,Shreya Reddy,Female,1966-06-09,60,Engineer,PUC,Divorced,O+,Indian,Ballari,PS0035
P005746,Roopa Shetty,Female,1994-01-29,32,Lawyer,Diploma,Single,A-,Indian,Belagavi,PS0053
P005747,Pradeep Pujari,Male,1965-04-10,61,Electrician,PUC,Divorced,B-,Indian,Ballari,PS0034
P005748,Geetha Siddiqui,Female,1978-07-09,48,Driver,Graduate,Widowed,B+,Indian,Bidar,PS0157
P005749,Vidya Siddiqui,Female,1955-03-18,71,Government Employee,Primary,Married,AB+,Indian,Bengaluru Rural,PS0082
P005750,Vidya Hegde,Female,1961-07-19,65,Police,Diploma,Single,O-,Indian,Chikkaballapura,PS0243
P005751,Radhika Reddy,Female,2000-02-15,26,Carpenter,No Formal Education,Divorced,B+,Indian,Bidar,PS0157
P005752,Kavya Kulkarni,Female,1983-04-14,43,Lawyer,Post Graduate,Divorced,A-,Indian,Bidar,PS0184
P005753,Arjun Desai,Male,1957-01-26,69,Labour,Primary,Single,AB-,Indian,Ballari,PS0034
P005754,Lakshmi Siddiqui,Female,1994-06-10,32,Teacher,Graduate,Married,A+,Indian,Bidar,PS0178
P005755,Kiran Hegde,Male,2003-01-04,23,Lawyer,Post Graduate,Divorced,B-,Indian,Bengaluru Rural,PS0104
P005756,Asha Patil,Female,2004-01-29,22,Student,Graduate,Divorced,A+,Indian,Bengaluru Urban,PS0148
P005757,Sanjay Shetty,Male,1973-11-26,52,Farmer,Graduate,Single,O-,Indian,Ballari,PS0045
P005758,Nisha Kumar,Female,1985-09-15,40,Business,No Formal Education,Single,B-,Indian,Bengaluru Urban,PS0110
P005759,Anitha Siddiqui,Female,1973-10-07,52,Driver,High School,Widowed,B+,Indian,Chikkaballapura,PS0245
P005760,Naveen Kulkarni,Male,1987-12-27,38,Software Engineer,Post Graduate,Married,AB+,Indian,Bengaluru Rural,PS0104
P005761,Deepa Desai,Female,1985-12-17,40,Sales Executive,PUC,Married,B-,Indian,Bidar,PS0175
P005762,Lakshmi Reddy,Female,1957-08-24,68,Security Guard,Graduate,Single,AB-,Indian,Bengaluru Urban,PS0112
P005763,Harini Verma,Female,2002-08-13,23,Driver,No Formal Education,Divorced,O-,Indian,Bidar,PS0167
P005764,Puneeth Pujari,Male,1976-09-25,49,Unemployed,PhD,Married,A+,Indian,Bagalkote,PS0014
P005765,Ravi Angadi,Male,2005-06-17,21,Labour,Graduate,Divorced,O+,Indian,Bidar,PS0190
P005766,Siddu Verma,Male,1981-03-24,45,Carpenter,Post Graduate,Married,AB-,Indian,Bidar,PS0187
P005767,Anitha Verma,Female,1955-04-27,71,Business,High School,Widowed,A-,Indian,Bidar,PS0186
P005768,Deepa Pujari,Female,1995-07-21,31,Carpenter,No Formal Education,Single,B+,Indian,Bidar,PS0168
P005769,Vinay Hegde,Male,1966-05-20,60,Engineer,Diploma,Widowed,A+,Indian,Bengaluru Urban,PS0115
P005770,Megha Rao,Female,2007-02-15,19,Student,Post Graduate,Divorced,AB+,Indian,Chamarajanagar,PS0209
P005771,Nandini Rao,Female,1970-01-18,56,Engineer,High School,Divorced,AB+,Indian,Bengaluru Urban,PS0124
P005772,Priya Poojary,Female,1976-02-17,50,Farmer,PhD,Single,A+,Indian,Bengaluru Urban,PS0136
P005773,Rohit Shetty,Male,1960-03-13,66,Business,Post Graduate,Widowed,B+,Indian,Chikkaballapura,PS0236
P005774,Puneeth Desai,Male,1977-09-01,48,Teacher,Post Graduate,Single,O+,Indian,Chamarajanagar,PS0214
P005775,Roopa Singh,Female,1979-08-20,46,Government Employee,Primary,Single,O-,Indian,Bagalkote,PS0017
P005776,Prakash Shetty,Male,1994-09-28,31,Carpenter,Post Graduate,Divorced,B+,Indian,Chamarajanagar,PS0223
P005777,Ravi Sharma,Male,1964-07-18,62,Business,No Formal Education,Single,A-,Indian,Bengaluru Urban,PS0136
P005778,Divya Siddiqui,Female,2002-02-02,24,Police,High School,Single,AB-,Indian,Bidar,PS0179
P005779,Sanjay Gowda,Male,1960-04-30,66,Government Employee,Diploma,Single,O+,Indian,Bengaluru Urban,PS0150
P005780,Rekha Joshi,Female,1973-11-29,52,Engineer,Post Graduate,Single,AB+,Indian,Ballari,PS0044
P005781,Ravi Sharma,Male,1963-08-26,62,Nurse,PhD,Married,B-,Indian,Bagalkote,PS0018
P005782,Shivakumar Bhat,Male,1989-04-08,37,Lawyer,Diploma,Widowed,A-,Indian,Chikkaballapura,PS0247
P005783,Mahesh Gowda,Male,1990-04-19,36,Engineer,Post Graduate,Widowed,B-,Indian,Chamarajanagar,PS0231
P005784,Keerthi Pujari,Female,2002-09-11,23,Unemployed,High School,Single,AB+,Indian,Chikkaballapura,PS0239
P005785,Ravi Naik,Male,1958-07-13,68,Engineer,PhD,Married,A+,Indian,Bagalkote,PS0013
P005786,Nandini Angadi,Female,2002-10-28,23,Engineer,Primary,Single,O-,Indian,Bidar,PS0180
P005787,Puneeth Kulkarni,Male,1990-01-19,36,Lawyer,PhD,Widowed,AB-,Indian,Bagalkote,PS0003
P005788,Keerthi Kulkarni,Female,1995-05-12,31,Security Guard,No Formal Education,Married,B-,Indian,Bidar,PS0168
P005789,Anitha Verma,Female,1983-09-23,42,Security Guard,Diploma,Widowed,A-,Indian,Bengaluru Urban,PS0129
P005790,Siddu Hiremath,Male,2007-05-23,19,Business,PhD,Divorced,O+,Indian,Ballari,PS0034
P005791,Pooja Rao,Female,1958-11-09,67,Shop Owner,No Formal Education,Divorced,AB-,Indian,Belagavi,PS0069
P005792,Ramesh Joshi,Male,1974-01-08,52,Student,Diploma,Married,A+,Indian,Chikkaballapura,PS0238
P005793,Kusuma Gowda,Female,1955-03-12,71,Student,High School,Widowed,O-,Indian,Bidar,PS0190
P005794,Swathi Joshi,Female,1995-01-27,31,Software Engineer,PUC,Widowed,AB+,Indian,Chikkaballapura,PS0241
P005795,Suresh Rao,Male,2002-06-17,24,Teacher,Graduate,Single,A-,Indian,Bengaluru Rural,PS0077
P005796,Kusuma Patil,Female,1973-02-24,53,Engineer,PUC,Divorced,B+,Indian,Bidar,PS0162
P005797,Vinay Shetty,Male,1989-11-01,36,Police,PUC,Single,A+,Indian,Bidar,PS0170
P005798,Harini Siddiqui,Female,1956-03-02,70,Shop Owner,Post Graduate,Single,A-,Indian,Ballari,PS0029
P005799,Abhishek Kulkarni,Male,2000-01-18,26,Student,Diploma,Divorced,B-,Indian,Bidar,PS0154
P005800,Mahesh Hegde,Male,1996-08-31,29,Government Employee,High School,Single,A-,Indian,Bengaluru Urban,PS0122
P005801,Harish Naik,Male,1991-04-22,35,Mechanic,Primary,Single,A-,Indian,Bagalkote,PS0007
P005802,Shreya Singh,Female,1975-11-26,50,Software Engineer,High School,Single,AB-,Indian,Chamarajanagar,PS0209
P005803,Suresh Poojary,Male,1973-02-13,53,Sales Executive,Primary,Single,A+,Indian,Bengaluru Rural,PS0108
P005804,Sunitha Kumar,Female,1990-06-07,36,Shop Owner,Post Graduate,Widowed,AB+,Indian,Bidar,PS0166
P005805,Sangeetha Bhat,Female,1964-01-18,62,Electrician,PhD,Married,AB-,Indian,Chamarajanagar,PS0221
P005806,Shreya Kambali,Female,2006-01-26,20,Carpenter,PUC,Widowed,AB+,Indian,Bagalkote,PS0023
P005807,Naveen Shetty,Male,1983-06-27,43,Sales Executive,PhD,Widowed,O-,Indian,Chikkaballapura,PS0236
P005808,Vidya Sharma,Female,2006-05-14,20,Software Engineer,Primary,Widowed,O+,Indian,Bengaluru Urban,PS0128
P005809,Vijay Shetty,Male,1977-05-09,49,Government Employee,No Formal Education,Single,AB+,Indian,Chamarajanagar,PS0209
P005810,Lokesh Kulkarni,Male,1960-07-17,66,Sales Executive,Primary,Divorced,A-,Indian,Belagavi,PS0058
P005811,Sangeetha Siddiqui,Female,1974-12-17,51,Teacher,PUC,Single,AB+,Indian,Chamarajanagar,PS0193
P005812,Nandini Patil,Female,1985-03-19,41,Security Guard,Post Graduate,Single,A-,Indian,Belagavi,PS0069
P005813,Anitha Siddiqui,Female,1985-11-29,40,Police,PUC,Divorced,A-,Indian,Ballari,PS0044
P005814,Sneha Hiremath,Female,1956-07-21,70,Labour,High School,Single,AB-,Indian,Chamarajanagar,PS0215
P005815,Bhavya Gowda,Female,1972-04-25,54,Student,No Formal Education,Divorced,A-,Indian,Bengaluru Urban,PS0134
P005816,Ajay Rao,Male,1979-08-05,46,Security Guard,PUC,Widowed,B-,Indian,Bengaluru Urban,PS0114
P005817,Shreya Pujari,Female,1960-06-29,66,Mechanic,PhD,Widowed,B-,Indian,Chamarajanagar,PS0208
P005818,Nandini Patil,Female,1981-06-12,45,Lawyer,Primary,Widowed,O-,Indian,Ballari,PS0033
P005819,Sneha Naik,Female,2003-02-27,23,Government Employee,Diploma,Married,A+,Indian,Belagavi,PS0054
P005820,Megha Poojary,Female,1982-01-15,44,Teacher,PUC,Married,O+,Indian,Bidar,PS0156
P005821,Puneeth Bhat,Male,2001-11-16,24,Government Employee,No Formal Education,Married,AB-,Indian,Bengaluru Urban,PS0117
P005822,Suresh Shetty,Male,2005-04-03,21,Security Guard,No Formal Education,Divorced,AB-,Indian,Bidar,PS0154
P005823,Sowmya Patil,Female,1988-11-17,37,Teacher,PhD,Widowed,B-,Indian,Bengaluru Rural,PS0088
P005824,Kiran Shetty,Male,1985-04-16,41,Mechanic,Primary,Married,O-,Indian,Bengaluru Urban,PS0113
P005825,Bhavya Sharma,Female,1978-11-10,47,Student,Diploma,Single,O-,Indian,Chikkaballapura,PS0245
P005826,Asha Verma,Female,1993-02-27,33,Carpenter,High School,Married,AB+,Indian,Ballari,PS0030
P005827,Kusuma Angadi,Female,1990-12-26,35,Mechanic,Graduate,Single,O+,Indian,Chikkaballapura,PS0246
P005828,Rohit Poojary,Male,1988-04-04,38,Doctor,PhD,Single,B-,Indian,Chamarajanagar,PS0233
P005829,Rekha Patil,Female,2004-08-23,21,Electrician,Graduate,Divorced,O-,Indian,Chamarajanagar,PS0224
P005830,Pradeep Siddiqui,Male,1984-05-06,42,Student,No Formal Education,Divorced,O-,Indian,Ballari,PS0028
P005831,Roopa Hegde,Female,2002-03-28,24,Engineer,PhD,Widowed,O+,Indian,Chamarajanagar,PS0208
P005832,Harini Verma,Female,2001-06-10,25,Electrician,Primary,Married,B-,Indian,Ballari,PS0034
P005833,Akash Verma,Male,1994-02-02,32,Engineer,PhD,Married,B-,Indian,Bengaluru Urban,PS0114
P005834,Radhika Bhat,Female,2003-07-04,23,Driver,High School,Divorced,AB-,Indian,Bagalkote,PS0019
P005835,Suraj Kambali,Male,2003-02-26,23,Farmer,Post Graduate,Single,B-,Indian,Bidar,PS0171
P005836,Vidya Sharma,Female,1982-09-28,43,Farmer,PhD,Widowed,AB-,Indian,Bengaluru Rural,PS0107
P005837,Shreya Naik,Female,1978-07-05,48,Farmer,Primary,Single,A+,Indian,Bagalkote,PS0018
P005838,Suraj Verma,Male,1974-12-14,51,Security Guard,Primary,Married,B-,Indian,Bidar,PS0177
P005839,Sowmya Joshi,Female,1980-04-10,46,Shop Owner,No Formal Education,Single,B+,Indian,Bengaluru Rural,PS0109
P005840,Nandini Reddy,Female,1967-02-25,59,Sales Executive,PhD,Single,AB-,Indian,Bengaluru Urban,PS0121
P005841,Anitha Pujari,Female,1985-05-01,41,Business,No Formal Education,Single,O-,Indian,Bengaluru Urban,PS0113
P005842,Asha Poojary,Female,2006-02-17,20,Lawyer,No Formal Education,Single,B-,Indian,Belagavi,PS0065
P005843,Basavaraj Kambali,Male,1969-05-09,57,Driver,No Formal Education,Widowed,AB+,Indian,Bengaluru Urban,PS0127
P005844,Lokesh Angadi,Male,1989-11-26,36,Carpenter,Diploma,Single,B+,Indian,Ballari,PS0032
P005845,Harish Singh,Male,1977-08-04,48,Carpenter,High School,Widowed,AB-,Indian,Bagalkote,PS0016
P005846,Sneha Pujari,Female,1956-04-12,70,Driver,PUC,Widowed,AB-,Indian,Bengaluru Rural,PS0088
P005847,Pooja Singh,Female,1958-12-04,67,Student,No Formal Education,Divorced,A+,Indian,Bengaluru Rural,PS0104
P005848,Shivakumar Pujari,Male,2004-06-30,22,Mechanic,No Formal Education,Single,B-,Indian,Belagavi,PS0047
P005849,Rahul Hegde,Male,1972-07-03,54,Sales Executive,High School,Widowed,O-,Indian,Bidar,PS0180
P005850,Basavaraj Siddiqui,Male,1968-11-13,57,Engineer,PUC,Single,O-,Indian,Bidar,PS0191
P005851,Arjun Kambali,Male,1960-08-10,65,Labour,High School,Married,B-,Indian,Bidar,PS0157
P005852,Bhavya Siddiqui,Female,1990-02-17,36,Driver,Primary,Divorced,AB+,Indian,Chamarajanagar,PS0199
P005853,Prakash Reddy,Male,2006-11-23,19,Shop Owner,No Formal Education,Widowed,A+,Indian,Chikkaballapura,PS0235
P005854,Harish Patil,Male,1969-12-14,56,Unemployed,Diploma,Married,O+,Indian,Belagavi,PS0049
P005855,Naveen Kambali,Male,1976-04-29,50,Electrician,High School,Widowed,B-,Indian,Ballari,PS0041
P005856,Anitha Siddiqui,Female,1979-03-01,47,Unemployed,Graduate,Divorced,A-,Indian,Bengaluru Rural,PS0084
P005857,Lokesh Patil,Male,1975-08-10,50,Police,Graduate,Divorced,AB-,Indian,Bengaluru Rural,PS0109
P005858,Kusuma Patil,Female,2001-03-30,25,Police,Diploma,Widowed,B-,Indian,Chamarajanagar,PS0204
P005859,Suresh Reddy,Male,1957-05-26,69,Software Engineer,Graduate,Widowed,AB-,Indian,Bengaluru Urban,PS0126
P005860,Rahul Siddiqui,Male,1968-06-02,58,Security Guard,Post Graduate,Single,AB+,Indian,Belagavi,PS0062
P005861,Basavaraj Angadi,Male,1981-09-14,44,Doctor,Post Graduate,Widowed,AB-,Indian,Chamarajanagar,PS0198
P005862,Chetan Gowda,Male,1971-10-14,54,Sales Executive,Primary,Divorced,AB-,Indian,Bidar,PS0170
P005863,Harini Reddy,Female,1961-05-16,65,Shop Owner,Primary,Widowed,B+,Indian,Bidar,PS0183
P005864,Swathi Pujari,Female,1981-12-28,44,Shop Owner,PhD,Divorced,AB+,Indian,Chamarajanagar,PS0206
P005865,Siddu Gowda,Male,2006-09-14,19,Driver,Post Graduate,Married,O+,Indian,Bengaluru Rural,PS0084
P005866,Sangeetha Kambali,Female,1956-12-25,69,Government Employee,High School,Single,A+,Indian,Bagalkote,PS0023
P005867,Prakash Verma,Male,1956-11-08,69,Doctor,PhD,Divorced,B-,Indian,Belagavi,PS0051
P005868,Keerthi Hegde,Female,1968-03-05,58,Unemployed,High School,Divorced,AB-,Indian,Bidar,PS0166
P005869,Kusuma Siddiqui,Female,1992-10-30,33,Mechanic,No Formal Education,Divorced,O+,Indian,Bengaluru Rural,PS0087
P005870,Rahul Naik,Male,1985-06-15,41,Shop Owner,Primary,Married,B-,Indian,Bengaluru Urban,PS0127
P005871,Kusuma Patil,Female,1979-07-06,47,Driver,Diploma,Divorced,O-,Indian,Bidar,PS0159
P005872,Rahul Patil,Male,1985-12-12,40,Farmer,No Formal Education,Widowed,O-,Indian,Belagavi,PS0055
P005873,Suraj Joshi,Male,1993-02-15,33,Engineer,Graduate,Widowed,O-,Indian,Chamarajanagar,PS0200
P005874,Siddu Bhat,Male,2002-10-15,23,Government Employee,PhD,Divorced,O-,Indian,Bidar,PS0184
P005875,Nisha Gowda,Female,2002-09-04,23,Business,Graduate,Widowed,B+,Indian,Bidar,PS0156
P005876,Lokesh Naik,Male,1960-02-04,66,Engineer,Post Graduate,Married,AB+,Indian,Bidar,PS0162
P005877,Megha Siddiqui,Female,1962-03-22,64,Mechanic,No Formal Education,Divorced,B+,Indian,Chamarajanagar,PS0221
P005878,Darshan Patil,Male,1969-01-27,57,Business,No Formal Education,Divorced,O-,Indian,Bidar,PS0183
P005879,Keerthi Sharma,Female,1974-04-09,52,Labour,High School,Widowed,O+,Indian,Chamarajanagar,PS0228
P005880,Keerthi Kulkarni,Female,1987-01-18,39,Software Engineer,High School,Divorced,O+,Indian,Chamarajanagar,PS0224
P005881,Bhavya Kambali,Female,1987-04-22,39,Student,Post Graduate,Widowed,AB+,Indian,Bengaluru Rural,PS0104
P005882,Sowmya Shetty,Female,1990-12-18,35,Electrician,PhD,Single,B-,Indian,Bengaluru Rural,PS0080
P005883,Arjun Gowda,Male,1970-10-08,55,Carpenter,Graduate,Divorced,O+,Indian,Bagalkote,PS0021
P005884,Swathi Sharma,Female,1976-05-30,50,Electrician,PhD,Divorced,B+,Indian,Ballari,PS0039
P005885,Anitha Siddiqui,Female,2000-08-21,25,Electrician,Diploma,Widowed,A+,Indian,Bengaluru Urban,PS0116
P005886,Geetha Naik,Female,1982-12-07,43,Software Engineer,No Formal Education,Divorced,O+,Indian,Chamarajanagar,PS0200
P005887,Abhishek Rao,Male,1998-04-11,28,Engineer,Post Graduate,Divorced,A-,Indian,Bagalkote,PS0007
P005888,Ganesh Naik,Male,2007-12-24,18,Nurse,Primary,Married,O-,Indian,Belagavi,PS0046
P005889,Anitha Angadi,Female,1986-03-30,40,Carpenter,Diploma,Married,B+,Indian,Bagalkote,PS0023
P005890,Darshan Rao,Male,1977-01-30,49,Teacher,Diploma,Single,O-,Indian,Belagavi,PS0061
P005891,Sangeetha Reddy,Female,1962-04-07,64,Mechanic,No Formal Education,Single,O+,Indian,Bengaluru Rural,PS0087
P005892,Rekha Verma,Female,1981-06-03,45,Business,Post Graduate,Single,AB+,Indian,Belagavi,PS0058
P005893,Shivakumar Hiremath,Male,2001-08-18,24,Carpenter,High School,Widowed,A-,Indian,Bengaluru Rural,PS0078
P005894,Nisha Singh,Female,2006-06-12,20,Lawyer,PhD,Divorced,B-,Indian,Bagalkote,PS0025
P005895,Sunitha Poojary,Female,1990-01-10,36,Mechanic,PUC,Widowed,A-,Indian,Bidar,PS0171
P005896,Anitha Reddy,Female,2002-03-25,24,Government Employee,PhD,Widowed,AB+,Indian,Bagalkote,PS0004
P005897,Sowmya Gowda,Female,2003-06-01,23,Electrician,PUC,Single,O+,Indian,Bengaluru Urban,PS0137
P005898,Pooja Reddy,Female,1995-02-08,31,Security Guard,No Formal Education,Single,AB-,Indian,Bidar,PS0190
P005899,Darshan Reddy,Male,1967-01-14,59,Labour,No Formal Education,Divorced,AB-,Indian,Bengaluru Rural,PS0087
P005900,Megha Gowda,Female,1967-07-22,59,Shop Owner,Diploma,Divorced,AB-,Indian,Bidar,PS0173
P005901,Shreya Hiremath,Female,1983-10-19,42,Software Engineer,Primary,Married,O+,Indian,Bagalkote,PS0007
P005902,Vijay Gowda,Male,1999-07-01,27,Mechanic,PUC,Widowed,B-,Indian,Bengaluru Urban,PS0150
P005903,Basavaraj Pujari,Male,1976-09-09,49,Software Engineer,Diploma,Single,B+,Indian,Bengaluru Urban,PS0146
P005904,Abhishek Joshi,Male,1984-05-28,42,Security Guard,High School,Married,B+,Indian,Bagalkote,PS0001
P005905,Rekha Pujari,Female,1960-01-03,66,Driver,Diploma,Divorced,AB-,Indian,Bengaluru Rural,PS0101
P005906,Divya Naik,Female,1989-05-19,37,Driver,PhD,Divorced,B-,Indian,Bengaluru Rural,PS0084
P005907,Anjali Bhat,Female,1966-04-07,60,Mechanic,Post Graduate,Married,B+,Indian,Chamarajanagar,PS0201
P005908,Rekha Gowda,Female,1968-10-20,57,Business,Primary,Widowed,AB+,Indian,Bengaluru Urban,PS0129
P005909,Manoj Pujari,Male,1961-08-30,64,Engineer,Post Graduate,Single,O-,Indian,Bidar,PS0153
P005910,Nisha Bhat,Female,1979-07-25,46,Business,PUC,Divorced,O+,Indian,Bengaluru Urban,PS0151
P005911,Akash Siddiqui,Male,1988-09-03,37,Business,PUC,Divorced,O+,Indian,Belagavi,PS0065
P005912,Divya Desai,Female,1971-01-29,55,Security Guard,PhD,Single,B+,Indian,Chikkaballapura,PS0241
P005913,Sneha Naik,Female,1987-04-19,39,Doctor,Diploma,Married,AB-,Indian,Bagalkote,PS0008
P005914,Vinay Patil,Male,1972-10-05,53,Nurse,Graduate,Single,AB+,Indian,Bengaluru Urban,PS0151
P005915,Harini Kulkarni,Female,1970-03-16,56,Nurse,No Formal Education,Married,B-,Indian,Bengaluru Urban,PS0113
P005916,Megha Siddiqui,Female,1997-03-21,29,Teacher,High School,Divorced,A+,Indian,Chamarajanagar,PS0210
P005917,Sangeetha Kulkarni,Female,1976-04-11,50,Engineer,Post Graduate,Single,A-,Indian,Belagavi,PS0061
P005918,Lokesh Kumar,Male,1955-05-20,71,Lawyer,Graduate,Married,O-,Indian,Chamarajanagar,PS0229
P005919,Kusuma Siddiqui,Female,1969-10-24,56,Business,Diploma,Single,O-,Indian,Bagalkote,PS0005
P005920,Abhishek Kulkarni,Male,1992-07-29,33,Shop Owner,PUC,Married,AB-,Indian,Bidar,PS0176
P005921,Deepa Desai,Female,1976-07-08,50,Mechanic,Graduate,Single,B+,Indian,Bengaluru Urban,PS0137
P005922,Lakshmi Angadi,Female,2005-08-01,20,Sales Executive,Diploma,Widowed,A+,Indian,Chamarajanagar,PS0228
P005923,Shivakumar Kulkarni,Male,1987-04-05,39,Government Employee,PUC,Married,A+,Indian,Ballari,PS0026
P005924,Radhika Patil,Female,1991-06-06,35,Nurse,No Formal Education,Divorced,A+,Indian,Bidar,PS0183
P005925,Asha Verma,Female,1988-03-21,38,Student,Primary,Widowed,AB-,Indian,Chikkaballapura,PS0246
P005926,Naveen Singh,Male,1990-02-20,36,Software Engineer,Graduate,Single,O+,Indian,Bidar,PS0184
P005927,Harini Desai,Female,2007-12-31,18,Government Employee,High School,Married,B-,Indian,Bengaluru Urban,PS0115
P005928,Suraj Shetty,Male,1958-10-12,67,Lawyer,PUC,Single,A+,Indian,Chamarajanagar,PS0195
P005929,Nisha Reddy,Female,2006-07-05,20,Farmer,No Formal Education,Widowed,O-,Indian,Bidar,PS0180
P005930,Puneeth Sharma,Male,1989-04-02,37,Police,Graduate,Single,A-,Indian,Bidar,PS0187
P005931,Rekha Patil,Female,1959-06-08,67,Teacher,Post Graduate,Single,B+,Indian,Chamarajanagar,PS0224
P005932,Ramesh Shetty,Male,2004-09-06,21,Labour,Primary,Divorced,A+,Indian,Ballari,PS0034
P005933,Chetan Bhat,Male,1984-08-05,41,Electrician,High School,Married,AB+,Indian,Chikkaballapura,PS0240
P005934,Akash Bhat,Male,1976-07-08,50,Student,High School,Married,B+,Indian,Bidar,PS0171
P005935,Rahul Kumar,Male,1963-08-29,62,Business,High School,Widowed,B+,Indian,Bagalkote,PS0006
P005936,Ajay Sharma,Male,1984-11-12,41,Engineer,PhD,Single,B-,Indian,Chamarajanagar,PS0233
P005937,Nisha Shetty,Female,1983-12-14,42,Nurse,Primary,Widowed,O+,Indian,Chamarajanagar,PS0231
P005938,Sanjay Joshi,Male,2001-08-08,24,Lawyer,Post Graduate,Widowed,O+,Indian,Bengaluru Urban,PS0126
P005939,Kavya Kambali,Female,1995-10-04,30,Sales Executive,Graduate,Married,O+,Indian,Bengaluru Rural,PS0102
P005940,Ajay Kumar,Male,2004-07-04,22,Business,No Formal Education,Widowed,A+,Indian,Bengaluru Urban,PS0123
P005941,Mahesh Sharma,Male,1976-04-21,50,Nurse,No Formal Education,Married,O-,Indian,Chikkaballapura,PS0239
P005942,Kiran Hegde,Male,1992-12-15,33,Government Employee,High School,Widowed,A-,Indian,Bengaluru Urban,PS0135
P005943,Sangeetha Rao,Female,1993-07-08,33,Driver,High School,Divorced,AB-,Indian,Bidar,PS0186
P005944,Rekha Verma,Female,1995-10-23,30,Business,High School,Divorced,B-,Indian,Ballari,PS0036
P005945,Rohit Joshi,Male,1993-10-09,32,Driver,High School,Married,B+,Indian,Bengaluru Rural,PS0089
P005946,Ganesh Sharma,Male,1972-08-27,53,Mechanic,Primary,Married,AB-,Indian,Belagavi,PS0062
P005947,Puneeth Shetty,Male,1974-07-06,52,Carpenter,No Formal Education,Widowed,B+,Indian,Bengaluru Rural,PS0074
P005948,Roopa Kumar,Female,2007-02-12,19,Electrician,No Formal Education,Single,AB+,Indian,Bengaluru Urban,PS0152
P005949,Divya Shetty,Female,1982-12-12,43,Carpenter,High School,Married,B+,Indian,Belagavi,PS0062
P005950,Vidya Kulkarni,Female,1989-10-18,36,Sales Executive,No Formal Education,Married,B-,Indian,Chamarajanagar,PS0194
P005951,Kavya Joshi,Female,1992-03-25,34,Driver,PUC,Married,O-,Indian,Bengaluru Urban,PS0144
P005952,Anjali Kulkarni,Female,1972-08-26,53,Carpenter,PUC,Married,O-,Indian,Ballari,PS0030
P005953,Vidya Angadi,Female,1962-02-24,64,Unemployed,No Formal Education,Divorced,B-,Indian,Belagavi,PS0063
P005954,Sanjay Siddiqui,Male,1979-01-15,47,Carpenter,PhD,Divorced,AB-,Indian,Chamarajanagar,PS0221
P005955,Ganesh Shetty,Male,1985-12-25,40,Government Employee,High School,Married,B+,Indian,Bengaluru Rural,PS0078
P005956,Rahul Kumar,Male,1998-03-31,28,Student,Post Graduate,Single,O+,Indian,Bagalkote,PS0019
P005957,Sowmya Bhat,Female,1990-05-01,36,Sales Executive,Diploma,Widowed,AB-,Indian,Chamarajanagar,PS0213
P005958,Puneeth Angadi,Male,1963-10-16,62,Lawyer,PUC,Divorced,O+,Indian,Bidar,PS0173
P005959,Kavya Kambali,Female,1989-03-07,37,Security Guard,High School,Married,O-,Indian,Bengaluru Urban,PS0110
P005960,Puneeth Shetty,Male,1984-11-13,41,Teacher,Graduate,Divorced,A-,Indian,Chamarajanagar,PS0225
P005961,Puneeth Gowda,Male,1988-01-05,38,Software Engineer,Post Graduate,Married,AB+,Indian,Belagavi,PS0060
P005962,Manoj Singh,Male,1991-08-14,34,Sales Executive,Post Graduate,Single,AB+,Indian,Belagavi,PS0058
P005963,Puneeth Hegde,Male,2005-12-30,20,Nurse,Diploma,Widowed,A+,Indian,Belagavi,PS0063
P005964,Ramesh Singh,Male,1978-12-03,47,Driver,Diploma,Divorced,B-,Indian,Bidar,PS0158
P005965,Rahul Singh,Male,1983-09-22,42,Lawyer,PUC,Married,O+,Indian,Belagavi,PS0064
P005966,Suraj Sharma,Male,1981-10-08,44,Engineer,PUC,Widowed,A-,Indian,Bengaluru Rural,PS0087
P005967,Sneha Joshi,Female,1972-01-20,54,Farmer,No Formal Education,Single,AB-,Indian,Chamarajanagar,PS0201
P005968,Harini Sharma,Female,1957-09-15,68,Unemployed,Graduate,Married,A-,Indian,Bidar,PS0186
P005969,Akash Kulkarni,Male,1969-08-30,56,Nurse,Diploma,Widowed,AB+,Indian,Belagavi,PS0059
P005970,Harini Verma,Female,1960-07-16,66,Labour,PhD,Widowed,AB+,Indian,Ballari,PS0029
P005971,Pooja Pujari,Female,1992-02-08,34,Police,No Formal Education,Widowed,A+,Indian,Chamarajanagar,PS0227
P005972,Sowmya Reddy,Female,1958-07-27,67,Doctor,No Formal Education,Single,B+,Indian,Bidar,PS0181
P005973,Geetha Bhat,Female,2001-12-25,24,Student,Graduate,Widowed,AB+,Indian,Chamarajanagar,PS0210
P005974,Kiran Naik,Male,2000-09-08,25,Government Employee,Diploma,Single,A+,Indian,Bidar,PS0192
P005975,Asha Hiremath,Female,1961-03-29,65,Engineer,No Formal Education,Widowed,B+,Indian,Bagalkote,PS0001
P005976,Pradeep Reddy,Male,1981-04-29,45,Security Guard,High School,Single,AB+,Indian,Chamarajanagar,PS0193
P005977,Rahul Singh,Male,1980-12-10,45,Engineer,Diploma,Single,B+,Indian,Bengaluru Urban,PS0122
P005978,Arjun Verma,Male,1958-08-07,67,Lawyer,PUC,Single,A+,Indian,Chikkaballapura,PS0239
P005979,Deepa Kumar,Female,1974-06-21,52,Doctor,Graduate,Widowed,AB-,Indian,Belagavi,PS0062
P005980,Mahesh Singh,Male,1956-05-20,70,Labour,PhD,Divorced,A-,Indian,Bengaluru Urban,PS0120
P005981,Anjali Joshi,Female,2001-11-12,24,Police,Graduate,Single,AB-,Indian,Chamarajanagar,PS0229
P005982,Priya Hiremath,Female,1986-07-04,40,Farmer,Diploma,Married,O-,Indian,Bengaluru Rural,PS0099
P005983,Kavya Patil,Female,1960-11-01,65,Carpenter,PUC,Widowed,A-,Indian,Belagavi,PS0052
P005984,Naveen Naik,Male,1965-07-16,61,Doctor,Post Graduate,Married,O-,Indian,Bagalkote,PS0022
P005985,Ajay Rao,Male,1988-03-05,38,Unemployed,PUC,Divorced,A-,Indian,Ballari,PS0039
P005986,Mahesh Naik,Male,1992-11-05,33,Carpenter,No Formal Education,Divorced,O-,Indian,Belagavi,PS0065
P005987,Naveen Kulkarni,Male,1974-04-30,52,Farmer,No Formal Education,Widowed,B-,Indian,Bagalkote,PS0018
P005988,Divya Shetty,Female,1968-01-24,58,Student,PhD,Married,AB-,Indian,Bengaluru Urban,PS0123
P005989,Ravi Siddiqui,Male,1982-06-20,44,Carpenter,High School,Divorced,A+,Indian,Chamarajanagar,PS0197
P005990,Sangeetha Gowda,Female,1993-06-11,33,Security Guard,High School,Divorced,B-,Indian,Chamarajanagar,PS0222
P005991,Suresh Gowda,Male,1963-11-23,62,Student,PUC,Single,A-,Indian,Chamarajanagar,PS0232
P005992,Sunitha Gowda,Female,1957-04-23,69,Unemployed,Primary,Married,O-,Indian,Bidar,PS0180
P005993,Basavaraj Hiremath,Male,1967-03-06,59,Driver,PhD,Divorced,A-,Indian,Bagalkote,PS0014
P005994,Rekha Hiremath,Female,1978-01-17,48,Unemployed,High School,Divorced,AB+,Indian,Ballari,PS0033
P005995,Suraj Hegde,Male,1958-12-11,67,Teacher,Post Graduate,Widowed,AB+,Indian,Bengaluru Rural,PS0079
P005996,Vinay Sharma,Male,2002-10-11,23,Labour,Post Graduate,Widowed,AB+,Indian,Bengaluru Rural,PS0076
P005997,Rohit Gowda,Male,1984-12-27,41,Doctor,High School,Married,O-,Indian,Chamarajanagar,PS0199
P005998,Siddu Joshi,Male,1971-12-16,54,Student,Post Graduate,Widowed,O-,Indian,Bengaluru Rural,PS0071
P005999,Radhika Pujari,Female,1975-12-15,50,Nurse,PhD,Widowed,A-,Indian,Bidar,PS0190
P006000,Vinay Kumar,Male,2000-10-24,25,Teacher,Diploma,Single,B-,Indian,Chamarajanagar,PS0194
P006001,Divya Sharma,Female,1972-02-19,54,Farmer,Graduate,Widowed,B+,Indian,Bengaluru Rural,PS0072
P006002,Ravi Shetty,Male,1977-05-02,49,Labour,Post Graduate,Single,O+,Indian,Ballari,PS0031
P006003,Rahul Reddy,Male,1995-01-12,31,Teacher,Graduate,Single,B+,Indian,Bengaluru Rural,PS0087
P006004,Anitha Desai,Female,1960-03-13,66,Shop Owner,Post Graduate,Widowed,A-,Indian,Bidar,PS0157
P006005,Shivakumar Kumar,Male,2004-10-05,21,Lawyer,No Formal Education,Married,A+,Indian,Bagalkote,PS0012
P006006,Darshan Siddiqui,Male,1997-11-03,28,Nurse,PhD,Married,O+,Indian,Bagalkote,PS0024
P006007,Abhishek Pujari,Male,1992-06-13,34,Police,PUC,Married,AB-,Indian,Bidar,PS0192
P006008,Mahesh Desai,Male,1991-04-13,35,Government Employee,Post Graduate,Single,AB-,Indian,Bengaluru Rural,PS0086
P006009,Priya Pujari,Female,1957-05-18,69,Engineer,Graduate,Single,A+,Indian,Chamarajanagar,PS0232
P006010,Arjun Singh,Male,1971-10-05,54,Software Engineer,No Formal Education,Single,AB-,Indian,Ballari,PS0044
P006011,Shreya Bhat,Female,1982-12-16,43,Doctor,Diploma,Single,B+,Indian,Bagalkote,PS0011
P006012,Lakshmi Singh,Female,1960-11-27,65,Nurse,No Formal Education,Divorced,A+,Indian,Bengaluru Rural,PS0078
P006013,Lokesh Siddiqui,Male,2007-06-05,19,Unemployed,No Formal Education,Widowed,O+,Indian,Chamarajanagar,PS0197
P006014,Sanjay Naik,Male,2000-04-13,26,Farmer,Diploma,Married,O+,Indian,Belagavi,PS0048
P006015,Sowmya Joshi,Female,1956-04-15,70,Police,High School,Single,O-,Indian,Ballari,PS0038
P006016,Asha Hiremath,Female,1963-05-25,63,Farmer,PhD,Widowed,O-,Indian,Bengaluru Rural,PS0083
P006017,Deepa Kumar,Female,1958-08-24,67,Lawyer,PUC,Widowed,AB-,Indian,Bagalkote,PS0011
P006018,Puneeth Naik,Male,1984-10-27,41,Sales Executive,Graduate,Married,B+,Indian,Ballari,PS0033
P006019,Kavya Kambali,Female,1977-03-25,49,Shop Owner,Post Graduate,Single,B-,Indian,Bagalkote,PS0004
P006020,Ramesh Singh,Male,1999-06-22,27,Electrician,Post Graduate,Widowed,AB-,Indian,Ballari,PS0029
P006021,Nandini Kulkarni,Female,1973-03-31,53,Carpenter,Primary,Divorced,B-,Indian,Bengaluru Urban,PS0129
P006022,Roopa Poojary,Female,1980-07-09,46,Business,High School,Widowed,A+,Indian,Ballari,PS0037
P006023,Akash Gowda,Male,1996-02-09,30,Shop Owner,No Formal Education,Single,B-,Indian,Chamarajanagar,PS0233
P006024,Harini Reddy,Female,1955-03-11,71,Farmer,No Formal Education,Married,B+,Indian,Bidar,PS0154
P006025,Ganesh Patil,Male,1976-06-21,50,Lawyer,Primary,Widowed,A+,Indian,Ballari,PS0027
P006026,Sanjay Verma,Male,1986-03-05,40,Government Employee,Graduate,Single,O+,Indian,Bengaluru Urban,PS0122
P006027,Divya Hiremath,Female,1956-08-28,69,Government Employee,Post Graduate,Divorced,AB+,Indian,Bagalkote,PS0012
P006028,Radhika Gowda,Female,1980-03-07,46,Police,Diploma,Widowed,A-,Indian,Bidar,PS0188
P006029,Anitha Patil,Female,1966-03-24,60,Driver,PhD,Widowed,B+,Indian,Chamarajanagar,PS0220
P006030,Anjali Kumar,Female,1985-07-18,41,Lawyer,No Formal Education,Married,O+,Indian,Ballari,PS0045
P006031,Puneeth Shetty,Male,2001-12-09,24,Electrician,Post Graduate,Divorced,AB-,Indian,Bidar,PS0188
P006032,Rohit Pujari,Male,2007-09-24,18,Carpenter,Post Graduate,Widowed,AB+,Indian,Bengaluru Urban,PS0132
P006033,Shivakumar Rao,Male,2007-06-25,19,Sales Executive,Diploma,Divorced,B-,Indian,Ballari,PS0040
P006034,Ravi Gowda,Male,1970-10-23,55,Police,Diploma,Widowed,O+,Indian,Belagavi,PS0048
P006035,Basavaraj Siddiqui,Male,1982-04-01,44,Electrician,Diploma,Married,B-,Indian,Bagalkote,PS0022
P006036,Nisha Desai,Female,1958-04-27,68,Unemployed,No Formal Education,Divorced,O-,Indian,Bidar,PS0185
P006037,Nisha Verma,Female,1982-06-13,44,Sales Executive,Post Graduate,Married,A-,Indian,Bidar,PS0174
P006038,Chetan Joshi,Male,1971-02-15,55,Security Guard,No Formal Education,Single,B+,Indian,Chamarajanagar,PS0209
P006039,Preethi Shetty,Female,1998-09-16,27,Shop Owner,Graduate,Married,B-,Indian,Bengaluru Urban,PS0145
P006040,Bhavya Reddy,Female,1983-06-21,43,Doctor,High School,Single,O+,Indian,Bengaluru Urban,PS0126
P006041,Bhavya Kumar,Female,2001-12-04,24,Unemployed,Post Graduate,Single,A-,Indian,Belagavi,PS0051
P006042,Mahesh Singh,Male,1983-06-21,43,Mechanic,PhD,Married,AB+,Indian,Bidar,PS0174
P006043,Puneeth Kulkarni,Male,1992-10-26,33,Software Engineer,High School,Married,AB-,Indian,Bidar,PS0185
P006044,Rekha Siddiqui,Female,1958-09-22,67,Electrician,Diploma,Divorced,A+,Indian,Ballari,PS0034
P006045,Sanjay Kambali,Male,1990-10-31,35,Business,PUC,Divorced,O+,Indian,Belagavi,PS0064
P006046,Radhika Kumar,Female,2001-12-08,24,Farmer,Diploma,Divorced,O+,Indian,Bengaluru Urban,PS0139
P006047,Manoj Angadi,Male,1991-04-14,35,Carpenter,PUC,Married,B-,Indian,Bagalkote,PS0021
P006048,Prakash Rao,Male,1956-12-27,69,Government Employee,No Formal Education,Widowed,A-,Indian,Bagalkote,PS0015
P006049,Basavaraj Bhat,Male,2002-04-08,24,Government Employee,Post Graduate,Single,A-,Indian,Ballari,PS0038
P006050,Kavya Pujari,Female,1975-04-08,51,Police,Diploma,Divorced,A-,Indian,Bidar,PS0169
P006051,Lokesh Pujari,Male,1968-05-13,58,Unemployed,Diploma,Divorced,AB+,Indian,Chikkaballapura,PS0235
P006052,Ganesh Rao,Male,1972-11-17,53,Government Employee,Primary,Divorced,O-,Indian,Bagalkote,PS0021
P006053,Sneha Kulkarni,Female,1957-02-13,69,Sales Executive,Diploma,Married,B+,Indian,Bagalkote,PS0021
P006054,Siddu Rao,Male,1986-11-24,39,Engineer,No Formal Education,Widowed,O+,Indian,Bidar,PS0184
P006055,Keerthi Hegde,Female,1984-12-20,41,Student,No Formal Education,Divorced,B-,Indian,Chikkaballapura,PS0239
P006056,Nandini Siddiqui,Female,1989-06-06,37,Engineer,PUC,Widowed,O-,Indian,Ballari,PS0044
P006057,Ramesh Desai,Male,1961-02-04,65,Lawyer,High School,Divorced,O-,Indian,Belagavi,PS0054
P006058,Divya Kulkarni,Female,1963-05-11,63,Labour,PUC,Married,AB-,Indian,Bidar,PS0156
P006059,Shreya Reddy,Female,1979-09-11,46,Mechanic,High School,Divorced,B-,Indian,Chamarajanagar,PS0230
P006060,Megha Kambali,Female,1985-09-07,40,Doctor,PhD,Married,O-,Indian,Bidar,PS0154
P006061,Sangeetha Poojary,Female,1997-07-13,29,Business,No Formal Education,Widowed,A-,Indian,Chamarajanagar,PS0203
P006062,Kusuma Desai,Female,1957-08-24,68,Doctor,PhD,Divorced,A-,Indian,Chamarajanagar,PS0204
P006063,Megha Kumar,Female,1960-05-26,66,Engineer,High School,Divorced,O+,Indian,Bengaluru Rural,PS0082
P006064,Shivakumar Hegde,Male,1993-04-10,33,Teacher,PhD,Married,O-,Indian,Belagavi,PS0066
P006065,Nandini Desai,Female,1984-06-20,42,Lawyer,No Formal Education,Married,B-,Indian,Bengaluru Rural,PS0073
P006066,Nandini Naik,Female,1980-05-26,46,Software Engineer,Primary,Married,O-,Indian,Chamarajanagar,PS0212
P006067,Roopa Kumar,Female,1966-06-16,60,Shop Owner,High School,Widowed,AB-,Indian,Chamarajanagar,PS0225
P006068,Swathi Shetty,Female,2006-02-22,20,Police,Post Graduate,Widowed,AB-,Indian,Bengaluru Urban,PS0136
P006069,Pooja Verma,Female,1988-03-06,38,Lawyer,Graduate,Divorced,A+,Indian,Bengaluru Rural,PS0078
P006070,Abhishek Bhat,Male,2007-05-29,19,Mechanic,PUC,Widowed,AB-,Indian,Bengaluru Urban,PS0134
P006071,Swathi Sharma,Female,1990-10-28,35,Electrician,High School,Married,A+,Indian,Bidar,PS0187
P006072,Keerthi Gowda,Female,1984-10-03,41,Lawyer,Diploma,Widowed,O+,Indian,Bidar,PS0188
P006073,Sowmya Rao,Female,1956-01-02,70,Doctor,PhD,Widowed,B+,Indian,Chamarajanagar,PS0206
P006074,Kavya Joshi,Female,1976-07-13,50,Mechanic,Graduate,Married,O-,Indian,Ballari,PS0044
P006075,Shivakumar Kulkarni,Male,2001-06-12,25,Police,Diploma,Divorced,B-,Indian,Belagavi,PS0051
P006076,Manoj Hiremath,Male,1996-10-26,29,Police,Graduate,Divorced,AB+,Indian,Bengaluru Rural,PS0101
P006077,Basavaraj Joshi,Male,1960-06-11,66,Teacher,Diploma,Single,AB+,Indian,Bagalkote,PS0025
P006078,Sowmya Pujari,Female,1989-07-24,36,Unemployed,No Formal Education,Widowed,O+,Indian,Ballari,PS0032
P006079,Siddu Joshi,Male,1970-08-14,55,Government Employee,High School,Divorced,O-,Indian,Chamarajanagar,PS0218
P006080,Anjali Naik,Female,1986-06-27,40,Sales Executive,PhD,Married,O-,Indian,Ballari,PS0026
P006081,Naveen Singh,Male,1965-12-31,60,Nurse,High School,Single,O-,Indian,Bagalkote,PS0010
P006082,Mahesh Poojary,Male,1962-09-12,63,Police,PhD,Married,A-,Indian,Belagavi,PS0055
P006083,Priya Siddiqui,Female,1974-05-02,52,Doctor,Primary,Widowed,O+,Indian,Bengaluru Urban,PS0120
P006084,Kusuma Naik,Female,1993-01-21,33,Driver,Diploma,Widowed,O+,Indian,Bagalkote,PS0017
P006085,Bhavya Shetty,Female,1961-10-26,64,Mechanic,High School,Married,AB+,Indian,Bengaluru Urban,PS0138
P006086,Preethi Siddiqui,Female,1971-04-09,55,Teacher,Diploma,Widowed,O+,Indian,Chikkaballapura,PS0250
P006087,Keerthi Gowda,Female,1995-11-24,30,Farmer,Post Graduate,Widowed,A-,Indian,Bengaluru Urban,PS0137
P006088,Sowmya Hiremath,Female,1987-03-27,39,Sales Executive,High School,Divorced,O-,Indian,Belagavi,PS0064
P006089,Rekha Shetty,Female,1972-04-01,54,Carpenter,High School,Single,A+,Indian,Bidar,PS0170
P006090,Suraj Reddy,Male,1974-12-24,51,Sales Executive,PUC,Divorced,AB-,Indian,Bidar,PS0166
P006091,Sneha Bhat,Female,1997-11-29,28,Farmer,Primary,Divorced,AB-,Indian,Bengaluru Rural,PS0079
P006092,Shivakumar Shetty,Male,1960-12-09,65,Shop Owner,Primary,Divorced,A-,Indian,Chamarajanagar,PS0206
P006093,Divya Angadi,Female,1955-03-05,71,Sales Executive,No Formal Education,Widowed,O-,Indian,Bengaluru Urban,PS0113
P006094,Anitha Singh,Female,1972-09-17,53,Farmer,PUC,Single,O+,Indian,Bagalkote,PS0018
P006095,Swathi Sharma,Female,2004-08-29,21,Business,PUC,Widowed,AB+,Indian,Bengaluru Urban,PS0147
P006096,Prakash Hegde,Male,1955-09-23,70,Police,Graduate,Married,B-,Indian,Belagavi,PS0056
P006097,Siddu Reddy,Male,1957-12-19,68,Farmer,High School,Divorced,AB+,Indian,Bidar,PS0158
P006098,Keerthi Hegde,Female,1961-03-11,65,Electrician,Graduate,Widowed,O-,Indian,Bengaluru Rural,PS0089
P006099,Vijay Naik,Male,1998-01-26,28,Student,Graduate,Widowed,B+,Indian,Bagalkote,PS0016
P006100,Harini Rao,Female,1971-09-28,54,Engineer,Primary,Divorced,B-,Indian,Belagavi,PS0052
P006101,Megha Kulkarni,Female,1989-11-03,36,Business,Post Graduate,Widowed,B-,Indian,Bengaluru Rural,PS0088
P006102,Sowmya Singh,Female,1976-02-09,50,Labour,Diploma,Divorced,AB+,Indian,Bengaluru Urban,PS0116
P006103,Rahul Desai,Male,1972-05-27,54,Teacher,Post Graduate,Widowed,B-,Indian,Bagalkote,PS0021
P006104,Chetan Kumar,Male,1988-10-27,37,Student,Diploma,Married,AB+,Indian,Chamarajanagar,PS0195
P006105,Lokesh Angadi,Male,1967-07-29,58,Doctor,Primary,Married,AB+,Indian,Bengaluru Urban,PS0128
P006106,Asha Rao,Female,1985-08-11,40,Engineer,Post Graduate,Widowed,B+,Indian,Bidar,PS0164
P006107,Sanjay Hiremath,Male,1973-07-29,52,Mechanic,PhD,Married,A-,Indian,Chamarajanagar,PS0233
P006108,Manoj Kumar,Male,1974-05-03,52,Mechanic,High School,Married,A+,Indian,Bidar,PS0182
P006109,Prakash Kumar,Male,1987-12-22,38,Unemployed,Graduate,Divorced,O-,Indian,Bengaluru Urban,PS0110
P006110,Divya Singh,Female,2005-02-18,21,Engineer,Post Graduate,Single,B-,Indian,Belagavi,PS0069
P006111,Suraj Kumar,Male,1955-07-20,71,Carpenter,Diploma,Widowed,A+,Indian,Bengaluru Urban,PS0136
P006112,Basavaraj Rao,Male,1965-08-19,60,Lawyer,PUC,Married,O+,Indian,Chikkaballapura,PS0240
P006113,Prakash Poojary,Male,1978-07-03,48,Business,High School,Single,A-,Indian,Bengaluru Rural,PS0109
P006114,Prakash Joshi,Male,2006-07-11,20,Carpenter,High School,Single,O-,Indian,Belagavi,PS0062
P006115,Lokesh Desai,Male,1959-03-27,67,Unemployed,Primary,Married,O+,Indian,Chamarajanagar,PS0206
P006116,Divya Poojary,Female,1992-05-07,34,Carpenter,High School,Single,AB-,Indian,Chamarajanagar,PS0195
P006117,Harini Siddiqui,Female,1973-04-20,53,Nurse,No Formal Education,Single,A-,Indian,Chamarajanagar,PS0196
P006118,Geetha Pujari,Female,1956-03-21,70,Farmer,Primary,Divorced,B-,Indian,Bengaluru Rural,PS0106
P006119,Priya Angadi,Female,1989-07-16,37,Electrician,PUC,Divorced,AB-,Indian,Chikkaballapura,PS0250
P006120,Chetan Joshi,Male,1999-03-22,27,Business,High School,Single,A+,Indian,Ballari,PS0034
P006121,Kavya Naik,Female,1988-05-04,38,Business,Graduate,Married,A+,Indian,Bengaluru Urban,PS0150
P006122,Nisha Shetty,Female,1985-11-07,40,Labour,High School,Divorced,A+,Indian,Bengaluru Rural,PS0082
P006123,Radhika Poojary,Female,1958-11-16,67,Lawyer,Post Graduate,Divorced,AB-,Indian,Belagavi,PS0059
P006124,Deepa Naik,Female,1991-04-17,35,Security Guard,PUC,Married,AB+,Indian,Bengaluru Urban,PS0123
P006125,Siddu Hegde,Male,1995-05-31,31,Electrician,Primary,Single,B-,Indian,Bengaluru Urban,PS0127
P006126,Lakshmi Hiremath,Female,1963-10-22,62,Student,PUC,Single,O+,Indian,Bidar,PS0170
P006127,Nandini Verma,Female,1957-05-20,69,Unemployed,Graduate,Married,A-,Indian,Bengaluru Rural,PS0083
P006128,Roopa Pujari,Female,1988-12-23,37,Mechanic,No Formal Education,Divorced,B-,Indian,Belagavi,PS0056
P006129,Sneha Hiremath,Female,1956-04-04,70,Engineer,High School,Divorced,AB-,Indian,Bengaluru Urban,PS0133
P006130,Sowmya Rao,Female,2003-11-01,22,Engineer,PUC,Widowed,A+,Indian,Bengaluru Urban,PS0143
P006131,Harish Poojary,Male,1973-06-30,53,Doctor,High School,Single,AB-,Indian,Bengaluru Urban,PS0138
P006132,Preethi Siddiqui,Female,1982-06-10,44,Mechanic,Graduate,Married,A+,Indian,Bengaluru Rural,PS0098
P006133,Asha Pujari,Female,1996-02-27,30,Shop Owner,Primary,Married,AB+,Indian,Bengaluru Rural,PS0089
P006134,Puneeth Hiremath,Male,1986-04-26,40,Farmer,Diploma,Single,AB-,Indian,Bengaluru Rural,PS0085
P006135,Puneeth Reddy,Male,2004-08-29,21,Farmer,PUC,Widowed,A-,Indian,Bidar,PS0155
P006136,Kavya Kumar,Female,1958-05-04,68,Lawyer,Graduate,Divorced,A-,Indian,Bidar,PS0159
P006137,Darshan Rao,Male,1977-07-03,49,Mechanic,Primary,Single,AB+,Indian,Chikkaballapura,PS0245
P006138,Pooja Hegde,Female,1984-04-27,42,Police,Post Graduate,Married,AB-,Indian,Bagalkote,PS0017
P006139,Shreya Reddy,Female,1979-05-13,47,Lawyer,Primary,Married,O-,Indian,Bengaluru Urban,PS0152
P006140,Rohit Gowda,Male,1972-02-11,54,Teacher,Primary,Divorced,B+,Indian,Bagalkote,PS0019
P006141,Anjali Poojary,Female,1993-09-11,32,Farmer,Primary,Single,AB+,Indian,Bengaluru Urban,PS0150
P006142,Akash Joshi,Male,1958-05-23,68,Unemployed,Post Graduate,Divorced,B+,Indian,Chikkaballapura,PS0248
P006143,Geetha Reddy,Female,1966-10-26,59,Farmer,Post Graduate,Widowed,AB+,Indian,Bidar,PS0173
P006144,Pradeep Siddiqui,Male,1960-05-31,66,Student,Primary,Single,B+,Indian,Belagavi,PS0064
P006145,Vijay Kumar,Male,1965-12-30,60,Labour,PhD,Widowed,AB-,Indian,Chamarajanagar,PS0198
P006146,Anitha Desai,Female,1996-09-09,29,Police,High School,Married,B-,Indian,Bidar,PS0154
P006147,Sowmya Bhat,Female,1963-12-03,62,Electrician,PUC,Divorced,AB+,Indian,Bagalkote,PS0022
P006148,Pooja Shetty,Female,2000-05-01,26,Student,PhD,Divorced,A+,Indian,Bengaluru Urban,PS0151
P006149,Lakshmi Pujari,Female,2006-04-06,20,Student,Graduate,Divorced,A+,Indian,Bengaluru Urban,PS0141
P006150,Pooja Pujari,Female,1961-02-28,65,Labour,PUC,Widowed,B+,Indian,Chamarajanagar,PS0218
P006151,Keerthi Poojary,Female,1971-01-26,55,Doctor,No Formal Education,Widowed,B+,Indian,Bidar,PS0154
P006152,Megha Naik,Female,1959-07-10,67,Software Engineer,Primary,Divorced,O-,Indian,Bengaluru Rural,PS0089
P006153,Prakash Hegde,Male,1985-02-27,41,Doctor,Diploma,Divorced,AB-,Indian,Chikkaballapura,PS0247
P006154,Lokesh Singh,Male,1977-12-19,48,Police,Graduate,Married,B+,Indian,Bengaluru Urban,PS0143
P006155,Vinay Rao,Male,1966-07-03,60,Shop Owner,Diploma,Married,AB+,Indian,Bengaluru Urban,PS0131
P006156,Anitha Shetty,Female,2005-10-28,20,Shop Owner,No Formal Education,Married,A+,Indian,Chamarajanagar,PS0220
P006157,Lokesh Reddy,Male,1996-03-05,30,Driver,Post Graduate,Divorced,A-,Indian,Bengaluru Urban,PS0116
P006158,Puneeth Joshi,Male,1968-01-24,58,Engineer,Diploma,Divorced,O-,Indian,Bengaluru Urban,PS0151
P006159,Vijay Naik,Male,1981-02-08,45,Software Engineer,Post Graduate,Married,AB-,Indian,Bengaluru Rural,PS0109
P006160,Arjun Rao,Male,1960-06-04,66,Teacher,Diploma,Single,B-,Indian,Bengaluru Rural,PS0082
P006161,Rahul Naik,Male,1965-02-23,61,Business,Primary,Divorced,O+,Indian,Bengaluru Urban,PS0116
P006162,Geetha Bhat,Female,1971-08-04,54,Doctor,Diploma,Married,O-,Indian,Bengaluru Urban,PS0134
P006163,Sowmya Kumar,Female,1988-04-24,38,Carpenter,High School,Married,O-,Indian,Chikkaballapura,PS0247
P006164,Priya Patil,Female,1993-05-06,33,Engineer,Diploma,Widowed,O+,Indian,Bidar,PS0154
P006165,Radhika Hiremath,Female,2001-06-26,25,Sales Executive,High School,Divorced,O+,Indian,Bengaluru Urban,PS0130
P006166,Anitha Bhat,Female,1961-12-26,64,Doctor,PUC,Divorced,A+,Indian,Bengaluru Rural,PS0090
P006167,Rekha Singh,Female,1981-01-05,45,Unemployed,Post Graduate,Widowed,B+,Indian,Bengaluru Urban,PS0147
P006168,Rekha Desai,Female,1972-01-17,54,Business,Post Graduate,Single,A+,Indian,Bengaluru Rural,PS0096
P006169,Anjali Naik,Female,1980-05-11,46,Government Employee,Graduate,Single,AB-,Indian,Bengaluru Rural,PS0090
P006170,Manoj Gowda,Male,1963-07-15,63,Doctor,High School,Widowed,A+,Indian,Bengaluru Rural,PS0104
P006171,Sneha Patil,Female,1988-02-19,38,Security Guard,PUC,Married,B+,Indian,Ballari,PS0040
P006172,Abhishek Kambali,Male,1962-09-09,63,Electrician,PUC,Married,A-,Indian,Bengaluru Urban,PS0121
P006173,Divya Singh,Female,1991-06-08,35,Unemployed,PhD,Divorced,AB+,Indian,Bidar,PS0178
P006174,Preethi Poojary,Female,1958-07-23,68,Government Employee,Primary,Single,AB-,Indian,Bidar,PS0182
P006175,Basavaraj Naik,Male,1965-07-23,61,Software Engineer,PhD,Widowed,B+,Indian,Bengaluru Rural,PS0099
P006176,Sanjay Gowda,Male,1972-09-11,53,Government Employee,Primary,Divorced,AB-,Indian,Bagalkote,PS0024
P006177,Priya Shetty,Female,1991-02-04,35,Electrician,High School,Married,O+,Indian,Bengaluru Urban,PS0143
P006178,Puneeth Bhat,Male,1985-05-28,41,Mechanic,Diploma,Widowed,B-,Indian,Chamarajanagar,PS0212
P006179,Divya Joshi,Female,1996-06-02,30,Shop Owner,PhD,Divorced,A+,Indian,Bengaluru Urban,PS0150
P006180,Prakash Siddiqui,Male,1996-03-23,30,Doctor,Primary,Widowed,AB+,Indian,Bengaluru Rural,PS0089
P006181,Asha Gowda,Female,1960-06-03,66,Teacher,PhD,Divorced,AB+,Indian,Bengaluru Rural,PS0108
P006182,Ajay Bhat,Male,1975-09-24,50,Sales Executive,PUC,Widowed,O+,Indian,Bidar,PS0192
P006183,Kavya Bhat,Female,1982-10-09,43,Shop Owner,Post Graduate,Widowed,A-,Indian,Bidar,PS0169
P006184,Ravi Pujari,Male,1961-10-27,64,Labour,Primary,Married,O-,Indian,Belagavi,PS0051
P006185,Anitha Sharma,Female,1981-07-17,45,Sales Executive,PhD,Divorced,O+,Indian,Belagavi,PS0055
P006186,Sowmya Bhat,Female,1988-08-19,37,Teacher,PhD,Married,B-,Indian,Chamarajanagar,PS0215
P006187,Chetan Pujari,Male,2001-08-25,24,Farmer,Graduate,Widowed,O-,Indian,Bagalkote,PS0018
P006188,Kusuma Bhat,Female,1965-11-05,60,Business,Graduate,Divorced,AB-,Indian,Bengaluru Urban,PS0116
P006189,Roopa Verma,Female,1995-12-24,30,Student,PhD,Single,O-,Indian,Belagavi,PS0046
P006190,Anitha Gowda,Female,1982-09-12,43,Software Engineer,Graduate,Married,A+,Indian,Bidar,PS0156
P006191,Rohit Poojary,Male,1972-07-27,53,Farmer,Diploma,Single,B+,Indian,Bengaluru Urban,PS0114
P006192,Pooja Kulkarni,Female,2007-09-24,18,Driver,Primary,Married,AB-,Indian,Bengaluru Rural,PS0091
P006193,Keerthi Patil,Female,1978-03-06,48,Engineer,Graduate,Divorced,AB-,Indian,Bengaluru Urban,PS0130
P006194,Naveen Naik,Male,1999-09-07,26,Government Employee,Diploma,Divorced,O+,Indian,Chamarajanagar,PS0205
P006195,Sneha Siddiqui,Female,1991-03-16,35,Electrician,High School,Divorced,B-,Indian,Bengaluru Rural,PS0093
P006196,Megha Patil,Female,2000-05-01,26,Teacher,High School,Single,B+,Indian,Bengaluru Urban,PS0134
P006197,Arjun Joshi,Male,1961-07-14,65,Student,Post Graduate,Divorced,O+,Indian,Bengaluru Rural,PS0071
P006198,Harish Shetty,Male,1988-09-24,37,Carpenter,High School,Single,A-,Indian,Bengaluru Rural,PS0078
P006199,Sowmya Verma,Female,1992-08-16,33,Engineer,Post Graduate,Widowed,B-,Indian,Bengaluru Urban,PS0116
P006200,Pooja Kulkarni,Female,1958-01-04,68,Engineer,PUC,Married,A-,Indian,Chamarajanagar,PS0198
P006201,Bhavya Angadi,Female,1972-07-03,54,Driver,No Formal Education,Divorced,A+,Indian,Bengaluru Rural,PS0086
P006202,Sangeetha Kulkarni,Female,1958-09-27,67,Nurse,Post Graduate,Single,AB-,Indian,Chamarajanagar,PS0198
P006203,Asha Kulkarni,Female,1966-05-11,60,Business,Post Graduate,Divorced,AB+,Indian,Bengaluru Rural,PS0098
P006204,Kiran Kumar,Male,1957-12-25,68,Driver,No Formal Education,Widowed,O-,Indian,Bidar,PS0174
P006205,Sangeetha Gowda,Female,1981-09-08,44,Engineer,Post Graduate,Married,B-,Indian,Bidar,PS0158
P006206,Kiran Kulkarni,Male,1965-10-01,60,Sales Executive,Graduate,Single,O+,Indian,Chamarajanagar,PS0207
P006207,Preethi Shetty,Female,2006-09-23,19,Labour,No Formal Education,Divorced,O+,Indian,Ballari,PS0034
P006208,Nisha Reddy,Female,1979-04-12,47,Business,Diploma,Married,B+,Indian,Bengaluru Rural,PS0104
P006209,Vinay Gowda,Male,1980-09-23,45,Business,Primary,Single,O-,Indian,Bengaluru Urban,PS0124
P006210,Pooja Shetty,Female,1967-11-13,58,Shop Owner,PhD,Divorced,AB-,Indian,Bagalkote,PS0009
P006211,Puneeth Desai,Male,1998-08-29,27,Electrician,High School,Widowed,A+,Indian,Belagavi,PS0065
P006212,Vinay Desai,Male,1997-04-09,29,Mechanic,PhD,Married,A+,Indian,Chamarajanagar,PS0232
P006213,Kiran Reddy,Male,1973-07-15,53,Engineer,Graduate,Married,B+,Indian,Belagavi,PS0066
P006214,Ganesh Sharma,Male,1987-09-01,38,Driver,High School,Married,O-,Indian,Bidar,PS0165
P006215,Swathi Gowda,Female,1979-03-15,47,Electrician,No Formal Education,Widowed,B-,Indian,Ballari,PS0032
P006216,Ajay Joshi,Male,2004-05-13,22,Unemployed,Post Graduate,Divorced,O+,Indian,Bengaluru Rural,PS0093
P006217,Ajay Naik,Male,1970-03-11,56,Labour,Primary,Widowed,AB-,Indian,Bengaluru Urban,PS0125
P006218,Anitha Bhat,Female,1966-08-24,59,Sales Executive,PUC,Married,O-,Indian,Ballari,PS0028
P006219,Manoj Naik,Male,1981-09-20,44,Nurse,Primary,Widowed,A+,Indian,Ballari,PS0027
P006220,Nandini Desai,Female,1961-07-15,65,Engineer,High School,Widowed,AB-,Indian,Chamarajanagar,PS0208
P006221,Megha Reddy,Female,2007-08-30,18,Engineer,Diploma,Married,O-,Indian,Bagalkote,PS0002
P006222,Kusuma Gowda,Female,1969-12-23,56,Unemployed,Post Graduate,Widowed,A+,Indian,Belagavi,PS0050
P006223,Priya Rao,Female,1983-11-01,42,Labour,High School,Married,O-,Indian,Bidar,PS0176
P006224,Abhishek Joshi,Male,1990-08-13,35,Lawyer,Graduate,Widowed,A+,Indian,Chamarajanagar,PS0210
P006225,Harini Kulkarni,Female,1962-10-02,63,Doctor,No Formal Education,Widowed,AB-,Indian,Bengaluru Urban,PS0143
P006226,Sangeetha Sharma,Female,1970-10-14,55,Driver,Post Graduate,Widowed,A-,Indian,Bidar,PS0153
P006227,Rohit Poojary,Male,2000-08-20,25,Carpenter,Primary,Married,AB-,Indian,Chikkaballapura,PS0243
P006228,Darshan Verma,Male,1971-01-07,55,Security Guard,Primary,Widowed,AB+,Indian,Bengaluru Urban,PS0136
P006229,Abhishek Patil,Male,1966-09-24,59,Unemployed,High School,Divorced,B-,Indian,Bengaluru Rural,PS0103
P006230,Divya Kambali,Female,1994-10-01,31,Carpenter,PhD,Widowed,A-,Indian,Bidar,PS0180
P006231,Bhavya Kulkarni,Female,1998-06-22,28,Driver,High School,Divorced,AB-,Indian,Bidar,PS0186
P006232,Suresh Singh,Male,1956-04-05,70,Government Employee,PUC,Married,AB+,Indian,Bengaluru Urban,PS0125
P006233,Ganesh Rao,Male,1972-06-13,54,Government Employee,PUC,Widowed,A-,Indian,Bengaluru Rural,PS0070
P006234,Geetha Siddiqui,Female,2006-09-14,19,Driver,Post Graduate,Widowed,O+,Indian,Chamarajanagar,PS0199
P006235,Anitha Pujari,Female,1957-02-12,69,Shop Owner,No Formal Education,Widowed,AB-,Indian,Bengaluru Rural,PS0092
P006236,Swathi Sharma,Female,1959-07-25,66,Student,No Formal Education,Married,B+,Indian,Bidar,PS0158
P006237,Deepa Kumar,Female,1973-02-04,53,Labour,No Formal Education,Divorced,O-,Indian,Bidar,PS0155
P006238,Lokesh Patil,Male,2005-04-08,21,Engineer,PUC,Married,O-,Indian,Chamarajanagar,PS0211
P006239,Ajay Patil,Male,1964-12-31,61,Business,PhD,Divorced,O-,Indian,Bidar,PS0187
P006240,Vinay Hiremath,Male,1975-06-05,51,Security Guard,High School,Married,O+,Indian,Bidar,PS0192
P006241,Kusuma Hiremath,Female,1984-05-27,42,Lawyer,High School,Widowed,O+,Indian,Bengaluru Urban,PS0123
P006242,Lokesh Sharma,Male,1977-02-12,49,Nurse,PUC,Married,AB+,Indian,Bengaluru Urban,PS0128
P006243,Darshan Poojary,Male,1970-08-07,55,Mechanic,Primary,Divorced,A-,Indian,Bengaluru Rural,PS0073
P006244,Divya Pujari,Female,1957-04-14,69,Security Guard,No Formal Education,Single,AB+,Indian,Bengaluru Rural,PS0106
P006245,Lokesh Rao,Male,1975-09-26,50,Nurse,High School,Widowed,B+,Indian,Belagavi,PS0067
P006246,Sunitha Bhat,Female,1984-07-17,42,Teacher,High School,Widowed,AB-,Indian,Bengaluru Rural,PS0074
P006247,Sneha Desai,Female,1998-10-30,27,Police,High School,Widowed,B+,Indian,Bidar,PS0174
P006248,Manoj Naik,Male,1983-04-18,43,Software Engineer,PUC,Married,AB-,Indian,Chamarajanagar,PS0209
P006249,Abhishek Naik,Male,1990-03-14,36,Unemployed,PUC,Married,O-,Indian,Chikkaballapura,PS0248
P006250,Deepa Naik,Female,1962-08-28,63,Nurse,Graduate,Single,O+,Indian,Bagalkote,PS0007
P006251,Ravi Desai,Male,1970-07-25,55,Electrician,Graduate,Single,B-,Indian,Bengaluru Urban,PS0134
P006252,Sanjay Singh,Male,1993-03-24,33,Student,Graduate,Widowed,AB-,Indian,Chamarajanagar,PS0205
P006253,Chetan Hiremath,Male,1991-06-08,35,Nurse,Diploma,Widowed,A-,Indian,Bengaluru Urban,PS0134
P006254,Ganesh Reddy,Male,1974-01-14,52,Teacher,No Formal Education,Widowed,B+,Indian,Bidar,PS0172
P006255,Puneeth Hiremath,Male,1965-08-24,60,Security Guard,Primary,Divorced,O+,Indian,Bengaluru Rural,PS0089
P006256,Deepa Gowda,Female,1991-11-08,34,Business,Post Graduate,Divorced,A-,Indian,Chamarajanagar,PS0216
P006257,Keerthi Singh,Female,1987-05-11,39,Software Engineer,Primary,Widowed,O+,Indian,Bidar,PS0191
P006258,Bhavya Gowda,Female,1971-06-28,55,Teacher,PUC,Widowed,AB+,Indian,Chamarajanagar,PS0214
P006259,Preethi Hiremath,Female,1986-03-04,40,Farmer,Diploma,Married,O-,Indian,Bengaluru Urban,PS0126
P006260,Puneeth Joshi,Male,1972-09-06,53,Lawyer,High School,Divorced,A-,Indian,Bagalkote,PS0004
P006261,Sneha Singh,Female,1972-09-20,53,Farmer,PhD,Widowed,O-,Indian,Bidar,PS0192
P006262,Rekha Joshi,Female,1968-04-08,58,Driver,High School,Single,B+,Indian,Chamarajanagar,PS0201
P006263,Sneha Siddiqui,Female,1964-08-30,61,Security Guard,PhD,Married,A-,Indian,Bagalkote,PS0015
P006264,Vijay Joshi,Male,1994-10-24,31,Business,Primary,Widowed,AB-,Indian,Chikkaballapura,PS0237
P006265,Arjun Shetty,Male,1987-10-11,38,Shop Owner,PUC,Divorced,A+,Indian,Chamarajanagar,PS0226
P006266,Vijay Shetty,Male,1997-07-09,29,Farmer,No Formal Education,Divorced,AB-,Indian,Bengaluru Rural,PS0075
P006267,Puneeth Hegde,Male,1962-11-09,63,Business,Graduate,Widowed,B-,Indian,Bengaluru Rural,PS0080
P006268,Nisha Reddy,Female,1994-06-06,32,Doctor,Primary,Widowed,B-,Indian,Bengaluru Rural,PS0099
P006269,Abhishek Kulkarni,Male,1978-06-07,48,Sales Executive,Primary,Divorced,AB+,Indian,Bengaluru Urban,PS0148
P006270,Vijay Siddiqui,Male,2000-05-21,26,Driver,Graduate,Divorced,A-,Indian,Chikkaballapura,PS0246
P006271,Vidya Singh,Female,2003-11-07,22,Security Guard,High School,Married,A+,Indian,Chikkaballapura,PS0242
P006272,Harini Patil,Female,2006-02-07,20,Security Guard,Diploma,Divorced,A+,Indian,Bidar,PS0158
P006273,Ganesh Bhat,Male,1986-02-03,40,Sales Executive,Primary,Widowed,A-,Indian,Bidar,PS0162
P006274,Suresh Shetty,Male,1988-02-13,38,Electrician,PUC,Single,AB+,Indian,Ballari,PS0040
P006275,Nisha Singh,Female,1985-05-21,41,Farmer,PUC,Married,O+,Indian,Bidar,PS0182
P006276,Basavaraj Sharma,Male,1992-03-01,34,Sales Executive,Diploma,Widowed,A-,Indian,Bidar,PS0188
P006277,Anjali Singh,Female,1955-12-22,70,Carpenter,Diploma,Married,B-,Indian,Bagalkote,PS0012
P006278,Roopa Kumar,Female,1998-06-06,28,Police,Post Graduate,Widowed,A-,Indian,Bengaluru Urban,PS0125
P006279,Vinay Joshi,Male,1998-05-30,28,Student,Post Graduate,Divorced,B-,Indian,Bidar,PS0187
P006280,Akash Naik,Male,1995-09-05,30,Mechanic,Diploma,Single,O+,Indian,Belagavi,PS0058
P006281,Sneha Angadi,Female,1993-03-27,33,Sales Executive,High School,Single,AB+,Indian,Bidar,PS0186
P006282,Ravi Singh,Male,1970-03-23,56,Unemployed,PUC,Single,A-,Indian,Bengaluru Urban,PS0118
P006283,Keerthi Kambali,Female,1995-07-29,30,Carpenter,Post Graduate,Divorced,O-,Indian,Chikkaballapura,PS0245
P006284,Priya Naik,Female,1967-11-26,58,Software Engineer,Graduate,Married,A-,Indian,Bengaluru Rural,PS0101
P006285,Swathi Hegde,Female,1955-02-09,71,Lawyer,Post Graduate,Single,O+,Indian,Bagalkote,PS0019
P006286,Suraj Sharma,Male,2003-07-31,22,Lawyer,No Formal Education,Married,O-,Indian,Bengaluru Rural,PS0085
P006287,Shivakumar Desai,Male,1997-10-09,28,Carpenter,Diploma,Divorced,O-,Indian,Bidar,PS0182
P006288,Geetha Hiremath,Female,1960-02-25,66,Security Guard,Diploma,Single,AB+,Indian,Bidar,PS0163
P006289,Prakash Gowda,Male,1986-08-21,39,Nurse,PUC,Widowed,A+,Indian,Bengaluru Rural,PS0070
P006290,Ganesh Hegde,Male,1983-11-25,42,Driver,High School,Married,A-,Indian,Ballari,PS0045
P006291,Manoj Angadi,Male,1993-05-09,33,Government Employee,PUC,Divorced,B-,Indian,Bengaluru Rural,PS0100
P006292,Harini Kulkarni,Female,2006-12-10,19,Farmer,PhD,Widowed,O+,Indian,Ballari,PS0034
P006293,Ganesh Kulkarni,Male,2000-12-01,25,Nurse,High School,Married,AB-,Indian,Ballari,PS0044
P006294,Nisha Poojary,Female,1991-07-07,35,Business,Post Graduate,Widowed,B+,Indian,Chamarajanagar,PS0234
P006295,Anjali Reddy,Female,1996-05-26,30,Farmer,Post Graduate,Divorced,B-,Indian,Chamarajanagar,PS0193
P006296,Radhika Hegde,Female,1986-02-20,40,Business,Diploma,Divorced,A+,Indian,Bidar,PS0161
P006297,Roopa Hiremath,Female,2001-10-10,24,Unemployed,Graduate,Married,AB+,Indian,Bagalkote,PS0006
P006298,Nisha Gowda,Female,2006-06-22,20,Sales Executive,High School,Divorced,AB-,Indian,Chamarajanagar,PS0214
P006299,Anjali Verma,Female,2007-01-26,19,Business,Diploma,Married,A-,Indian,Ballari,PS0029
P006300,Preethi Naik,Female,1978-08-16,47,Driver,Primary,Divorced,AB+,Indian,Chamarajanagar,PS0207
P006301,Sangeetha Gowda,Female,2007-01-06,19,Nurse,PhD,Widowed,B+,Indian,Bengaluru Urban,PS0141
P006302,Sneha Kambali,Female,1987-05-13,39,Government Employee,Diploma,Single,AB+,Indian,Bengaluru Rural,PS0086
P006303,Abhishek Kulkarni,Male,1969-04-03,57,Government Employee,PhD,Single,B-,Indian,Bengaluru Urban,PS0125
P006304,Asha Verma,Female,1993-09-01,32,Nurse,PUC,Single,O-,Indian,Belagavi,PS0049
P006305,Preethi Angadi,Female,1998-10-29,27,Carpenter,Primary,Single,A+,Indian,Ballari,PS0040
P006306,Rekha Siddiqui,Female,1986-09-22,39,Farmer,Diploma,Single,O-,Indian,Bidar,PS0187
P006307,Siddu Sharma,Male,1980-03-01,46,Labour,Primary,Divorced,A+,Indian,Bidar,PS0157
P006308,Anjali Reddy,Female,1999-10-09,26,Engineer,High School,Married,B+,Indian,Bengaluru Rural,PS0090
P006309,Sanjay Patil,Male,1983-07-03,43,Doctor,PUC,Single,A+,Indian,Bagalkote,PS0001
P006310,Sanjay Kulkarni,Male,1959-01-06,67,Doctor,Primary,Divorced,O-,Indian,Belagavi,PS0049
P006311,Roopa Verma,Female,1970-11-01,55,Unemployed,No Formal Education,Divorced,AB-,Indian,Bagalkote,PS0016
P006312,Sneha Sharma,Female,1998-03-16,28,Mechanic,PUC,Single,AB+,Indian,Ballari,PS0027
P006313,Deepa Poojary,Female,1981-04-13,45,Carpenter,Post Graduate,Divorced,AB+,Indian,Bagalkote,PS0002
P006314,Siddu Desai,Male,1975-10-21,50,Business,PUC,Married,AB+,Indian,Chamarajanagar,PS0198
P006315,Swathi Reddy,Female,2006-03-15,20,Engineer,PUC,Divorced,B-,Indian,Bidar,PS0186
P006316,Ravi Patil,Male,1981-06-06,45,Doctor,PUC,Single,A-,Indian,Bengaluru Rural,PS0081
P006317,Vidya Gowda,Female,1991-05-22,35,Lawyer,Diploma,Single,B-,Indian,Bidar,PS0172
P006318,Anitha Hiremath,Female,1976-10-22,49,Electrician,Primary,Widowed,O-,Indian,Chamarajanagar,PS0204
P006319,Ramesh Bhat,Male,1975-12-20,50,Engineer,PhD,Single,B+,Indian,Ballari,PS0039
P006320,Chetan Kambali,Male,1969-04-26,57,Doctor,Post Graduate,Single,O+,Indian,Bidar,PS0169
P006321,Sanjay Shetty,Male,1974-09-18,51,Doctor,Post Graduate,Widowed,A-,Indian,Ballari,PS0040
P006322,Darshan Kumar,Male,2003-10-22,22,Engineer,High School,Married,B-,Indian,Bengaluru Rural,PS0084
P006323,Preethi Poojary,Female,1955-07-25,70,Teacher,Graduate,Widowed,AB-,Indian,Chamarajanagar,PS0216
P006324,Basavaraj Kulkarni,Male,1992-12-15,33,Electrician,Diploma,Single,A-,Indian,Bengaluru Rural,PS0100
P006325,Prakash Bhat,Male,1995-06-30,31,Driver,Post Graduate,Married,O+,Indian,Bengaluru Rural,PS0104
P006326,Suraj Kumar,Male,1969-01-25,57,Police,Diploma,Married,A+,Indian,Chamarajanagar,PS0195
P006327,Rohit Poojary,Male,1985-12-14,40,Unemployed,Primary,Divorced,AB-,Indian,Belagavi,PS0061
P006328,Lokesh Gowda,Male,1957-02-11,69,Business,Graduate,Widowed,B+,Indian,Chikkaballapura,PS0248
P006329,Radhika Sharma,Female,1985-07-02,41,Police,Primary,Single,O+,Indian,Chikkaballapura,PS0246
P006330,Nisha Sharma,Female,1974-02-11,52,Mechanic,High School,Widowed,O+,Indian,Bidar,PS0173
P006331,Geetha Rao,Female,1981-07-05,45,Shop Owner,No Formal Education,Married,AB+,Indian,Bengaluru Rural,PS0087
P006332,Bhavya Pujari,Female,2006-07-28,19,Driver,PUC,Divorced,AB-,Indian,Chikkaballapura,PS0238
P006333,Sangeetha Shetty,Female,1957-06-10,69,Doctor,No Formal Education,Single,AB-,Indian,Bengaluru Urban,PS0133
P006334,Megha Bhat,Female,2004-05-24,22,Electrician,PhD,Married,A+,Indian,Chikkaballapura,PS0245
P006335,Asha Gowda,Female,1987-11-16,38,Farmer,PhD,Single,B-,Indian,Bidar,PS0167
P006336,Akash Naik,Male,1995-07-23,31,Sales Executive,Graduate,Single,B+,Indian,Bidar,PS0175
P006337,Sunitha Joshi,Female,2002-07-07,24,Police,Primary,Single,B-,Indian,Bengaluru Urban,PS0117
P006338,Rahul Joshi,Male,1964-06-29,62,Engineer,PUC,Widowed,B+,Indian,Ballari,PS0035
P006339,Arjun Patil,Male,1995-09-20,30,Driver,Graduate,Widowed,AB-,Indian,Chikkaballapura,PS0240
P006340,Anjali Patil,Female,1993-09-11,32,Business,PhD,Single,A+,Indian,Belagavi,PS0057
P006341,Sunitha Angadi,Female,1993-04-01,33,Business,PUC,Single,B+,Indian,Chamarajanagar,PS0203
P006342,Prakash Naik,Male,1996-11-22,29,Nurse,Post Graduate,Widowed,B+,Indian,Bagalkote,PS0016
P006343,Akash Poojary,Male,1980-08-17,45,Labour,High School,Single,B-,Indian,Bidar,PS0163
P006344,Suraj Kulkarni,Male,2006-10-10,19,Software Engineer,High School,Divorced,O+,Indian,Ballari,PS0029
P006345,Bhavya Shetty,Female,1960-09-25,65,Security Guard,High School,Divorced,A+,Indian,Belagavi,PS0059
P006346,Kusuma Bhat,Female,1961-09-26,64,Electrician,PhD,Divorced,B-,Indian,Bengaluru Rural,PS0078
P006347,Shreya Rao,Female,1995-07-16,31,Shop Owner,High School,Divorced,O+,Indian,Bidar,PS0187
P006348,Sunitha Pujari,Female,1986-10-01,39,Shop Owner,Post Graduate,Divorced,O-,Indian,Bengaluru Urban,PS0123
P006349,Shreya Hiremath,Female,1987-02-16,39,Carpenter,PhD,Widowed,A+,Indian,Belagavi,PS0051
P006350,Anjali Kambali,Female,1991-07-02,35,Software Engineer,No Formal Education,Widowed,O-,Indian,Bengaluru Rural,PS0098
P006351,Asha Hegde,Female,1960-12-23,65,Farmer,Graduate,Single,AB-,Indian,Bagalkote,PS0002
P006352,Shivakumar Hegde,Male,1992-01-14,34,Mechanic,PhD,Single,AB+,Indian,Chamarajanagar,PS0194
P006353,Suresh Joshi,Male,1988-11-26,37,Unemployed,PhD,Divorced,A+,Indian,Bengaluru Rural,PS0078
P006354,Basavaraj Bhat,Male,1990-08-27,35,Labour,No Formal Education,Widowed,B-,Indian,Chamarajanagar,PS0226
P006355,Ganesh Kulkarni,Male,1957-11-03,68,Electrician,Primary,Widowed,B+,Indian,Belagavi,PS0048
P006356,Swathi Kumar,Female,1969-08-08,56,Student,High School,Married,AB-,Indian,Chamarajanagar,PS0202
P006357,Kiran Shetty,Male,1975-02-12,51,Shop Owner,No Formal Education,Married,AB+,Indian,Bagalkote,PS0025
P006358,Rekha Desai,Female,1967-01-22,59,Government Employee,Post Graduate,Married,AB-,Indian,Belagavi,PS0047
P006359,Shivakumar Bhat,Male,2000-11-20,25,Sales Executive,Diploma,Widowed,A-,Indian,Bengaluru Urban,PS0143
P006360,Roopa Naik,Female,1966-10-20,59,Unemployed,Graduate,Divorced,AB-,Indian,Chamarajanagar,PS0230
P006361,Puneeth Kambali,Male,1983-02-04,43,Police,PUC,Divorced,AB+,Indian,Ballari,PS0036
P006362,Suresh Hiremath,Male,1986-03-04,40,Police,Graduate,Divorced,B+,Indian,Bengaluru Urban,PS0148
P006363,Ravi Poojary,Male,1983-11-11,42,Doctor,High School,Single,A+,Indian,Bengaluru Urban,PS0128
P006364,Ravi Reddy,Male,1999-07-19,27,Electrician,PhD,Married,A-,Indian,Bidar,PS0159
P006365,Rohit Bhat,Male,1992-12-21,33,Police,PUC,Widowed,A+,Indian,Bidar,PS0172
P006366,Shivakumar Gowda,Male,1983-03-20,43,Student,Diploma,Divorced,O+,Indian,Chamarajanagar,PS0214
P006367,Lokesh Siddiqui,Male,1995-07-30,30,Lawyer,No Formal Education,Single,AB-,Indian,Ballari,PS0039
P006368,Deepa Pujari,Female,1973-08-27,52,Lawyer,Diploma,Divorced,AB+,Indian,Chamarajanagar,PS0197
P006369,Rohit Kumar,Male,1981-11-20,44,Driver,No Formal Education,Divorced,A-,Indian,Bengaluru Urban,PS0139
P006370,Ravi Siddiqui,Male,1991-07-09,35,Carpenter,Diploma,Single,O-,Indian,Bengaluru Rural,PS0103
P006371,Pooja Hegde,Female,1984-07-06,42,Engineer,Graduate,Divorced,A-,Indian,Bidar,PS0165
P006372,Anjali Angadi,Female,1959-04-27,67,Security Guard,PUC,Widowed,AB-,Indian,Bidar,PS0163
P006373,Sunitha Verma,Female,1955-03-14,71,Sales Executive,Post Graduate,Single,O+,Indian,Ballari,PS0043
P006374,Darshan Singh,Male,2007-08-29,18,Lawyer,Primary,Married,AB-,Indian,Bidar,PS0164
P006375,Akash Kambali,Male,1978-07-22,48,Shop Owner,PUC,Widowed,AB-,Indian,Chamarajanagar,PS0194
P006376,Preethi Kulkarni,Female,2003-04-11,23,Driver,PhD,Widowed,A+,Indian,Chamarajanagar,PS0203
P006377,Preethi Angadi,Female,1966-10-15,59,Teacher,Post Graduate,Single,AB-,Indian,Bengaluru Rural,PS0091
P006378,Preethi Joshi,Female,1957-07-26,68,Labour,No Formal Education,Married,O-,Indian,Belagavi,PS0054
P006379,Anjali Kumar,Female,1955-12-19,70,Driver,PUC,Divorced,A-,Indian,Bagalkote,PS0004
P006380,Rahul Angadi,Male,1978-03-22,48,Software Engineer,Post Graduate,Single,AB-,Indian,Belagavi,PS0052
P006381,Lakshmi Joshi,Female,1978-06-13,48,Business,Graduate,Widowed,B-,Indian,Chamarajanagar,PS0214
P006382,Vinay Kulkarni,Male,2005-11-16,20,Mechanic,Diploma,Single,B-,Indian,Chamarajanagar,PS0197
P006383,Rekha Pujari,Female,1999-09-05,26,Student,Primary,Single,A-,Indian,Belagavi,PS0058
P006384,Puneeth Sharma,Male,1975-12-18,50,Government Employee,Graduate,Married,B-,Indian,Bengaluru Rural,PS0083
P006385,Kiran Joshi,Male,1976-02-04,50,Driver,Diploma,Single,O-,Indian,Chamarajanagar,PS0231
P006386,Darshan Verma,Male,1963-10-26,62,Teacher,PhD,Widowed,O+,Indian,Bengaluru Rural,PS0101
P006387,Vijay Pujari,Male,1998-07-16,28,Unemployed,No Formal Education,Single,B-,Indian,Bengaluru Urban,PS0124
P006388,Akash Gowda,Male,2000-07-12,26,Teacher,High School,Single,AB+,Indian,Chikkaballapura,PS0241
P006389,Sowmya Bhat,Female,1976-06-17,50,Carpenter,Primary,Widowed,A-,Indian,Ballari,PS0041
P006390,Asha Hiremath,Female,1986-09-10,39,Government Employee,Primary,Single,AB+,Indian,Bengaluru Urban,PS0151
P006391,Darshan Hegde,Male,1956-07-12,70,Student,High School,Divorced,B+,Indian,Ballari,PS0036
P006392,Ajay Naik,Male,1999-09-23,26,Engineer,Primary,Married,A-,Indian,Bidar,PS0177
P006393,Vinay Poojary,Male,1979-09-28,46,Business,Diploma,Single,B-,Indian,Belagavi,PS0055
P006394,Siddu Hegde,Male,1997-06-08,29,Security Guard,High School,Divorced,A-,Indian,Belagavi,PS0064
P006395,Nisha Sharma,Female,1977-01-23,49,Software Engineer,Primary,Married,O+,Indian,Belagavi,PS0066
P006396,Abhishek Shetty,Male,1959-03-17,67,Doctor,Graduate,Married,O-,Indian,Ballari,PS0045
P006397,Harini Kulkarni,Female,1980-10-25,45,Nurse,High School,Single,A-,Indian,Bengaluru Urban,PS0118
P006398,Keerthi Kumar,Female,1959-10-21,66,Labour,High School,Single,B+,Indian,Bengaluru Urban,PS0144
P006399,Siddu Patil,Male,1979-01-11,47,Student,PhD,Widowed,O+,Indian,Chamarajanagar,PS0211
P006400,Sangeetha Siddiqui,Female,1985-04-23,41,Business,Post Graduate,Married,B+,Indian,Chikkaballapura,PS0245
P006401,Abhishek Sharma,Male,1984-11-05,41,Engineer,Primary,Single,B-,Indian,Chamarajanagar,PS0200
P006402,Asha Angadi,Female,1988-10-26,37,Shop Owner,Graduate,Single,B+,Indian,Bagalkote,PS0002
P006403,Siddu Pujari,Male,1980-08-05,45,Mechanic,Diploma,Divorced,AB+,Indian,Chamarajanagar,PS0202
P006404,Sangeetha Angadi,Female,1994-05-26,32,Teacher,Graduate,Divorced,O-,Indian,Ballari,PS0034
P006405,Darshan Gowda,Male,1980-11-29,45,Government Employee,Diploma,Divorced,B+,Indian,Chikkaballapura,PS0235
P006406,Harish Kulkarni,Male,1991-12-15,34,Police,Diploma,Single,AB+,Indian,Bengaluru Urban,PS0128
P006407,Swathi Naik,Female,1980-06-07,46,Electrician,Diploma,Divorced,O+,Indian,Bengaluru Rural,PS0090
P006408,Nandini Bhat,Female,2001-05-13,25,Doctor,Diploma,Divorced,B+,Indian,Chikkaballapura,PS0247
P006409,Sneha Pujari,Female,2000-10-29,25,Shop Owner,Post Graduate,Divorced,O+,Indian,Bengaluru Rural,PS0082
P006410,Kusuma Kumar,Female,2005-04-06,21,Unemployed,PUC,Single,AB+,Indian,Chamarajanagar,PS0213
P006411,Rohit Poojary,Male,2005-01-25,21,Electrician,High School,Single,B-,Indian,Bengaluru Urban,PS0138
P006412,Vijay Singh,Male,1999-10-16,26,Carpenter,Diploma,Married,B-,Indian,Bidar,PS0191
P006413,Nandini Poojary,Female,1966-11-20,59,Sales Executive,Primary,Divorced,AB+,Indian,Chamarajanagar,PS0231
P006414,Akash Joshi,Male,1965-05-15,61,Driver,Graduate,Single,B-,Indian,Chamarajanagar,PS0196
P006415,Ajay Naik,Male,1971-09-10,54,Electrician,PhD,Married,B+,Indian,Chamarajanagar,PS0198
P006416,Shivakumar Verma,Male,1968-02-13,58,Engineer,PhD,Divorced,A-,Indian,Bengaluru Rural,PS0104
P006417,Deepa Rao,Female,1997-11-02,28,Engineer,No Formal Education,Widowed,B-,Indian,Chamarajanagar,PS0199
P006418,Vijay Angadi,Male,2004-12-22,21,Shop Owner,PhD,Widowed,B-,Indian,Chamarajanagar,PS0213
P006419,Prakash Shetty,Male,1963-09-13,62,Student,Graduate,Married,O-,Indian,Ballari,PS0031
P006420,Deepa Kambali,Female,1971-01-29,55,Labour,PUC,Married,A-,Indian,Ballari,PS0039
P006421,Vidya Kulkarni,Female,1963-12-24,62,Engineer,Graduate,Single,A-,Indian,Chamarajanagar,PS0205
P006422,Basavaraj Angadi,Male,1979-04-01,47,Driver,Primary,Widowed,B-,Indian,Belagavi,PS0053
P006423,Sneha Siddiqui,Female,1955-03-09,71,Labour,Diploma,Married,B-,Indian,Belagavi,PS0057
P006424,Swathi Rao,Female,1982-09-11,43,Business,PUC,Divorced,O-,Indian,Bidar,PS0181
P006425,Abhishek Angadi,Male,1994-11-27,31,Teacher,No Formal Education,Divorced,A+,Indian,Bengaluru Urban,PS0116
P006426,Akash Bhat,Male,1968-04-22,58,Lawyer,PUC,Single,A+,Indian,Chikkaballapura,PS0244
P006427,Darshan Verma,Male,1975-03-08,51,Farmer,Post Graduate,Married,B-,Indian,Bidar,PS0173
P006428,Suraj Siddiqui,Male,1975-05-27,51,Student,PhD,Married,AB+,Indian,Belagavi,PS0056
P006429,Nandini Pujari,Female,1976-06-14,50,Security Guard,No Formal Education,Widowed,A-,Indian,Ballari,PS0036
P006430,Rohit Shetty,Male,1987-10-26,38,Government Employee,Post Graduate,Single,A+,Indian,Chamarajanagar,PS0193
P006431,Suraj Naik,Male,2006-01-14,20,Mechanic,High School,Widowed,B+,Indian,Bidar,PS0171
P006432,Megha Siddiqui,Female,1987-04-17,39,Driver,No Formal Education,Widowed,O+,Indian,Bidar,PS0174
P006433,Prakash Patil,Male,2003-06-26,23,Business,Primary,Single,O-,Indian,Chamarajanagar,PS0201
P006434,Sowmya Hiremath,Female,1987-01-05,39,Farmer,Post Graduate,Widowed,AB-,Indian,Chamarajanagar,PS0213
P006435,Kiran Kambali,Male,1959-05-03,67,Engineer,Graduate,Divorced,AB+,Indian,Bidar,PS0185
P006436,Abhishek Patil,Male,1996-11-16,29,Sales Executive,Post Graduate,Single,A-,Indian,Bengaluru Urban,PS0130
P006437,Vijay Naik,Male,1989-11-23,36,Teacher,Graduate,Widowed,AB-,Indian,Bagalkote,PS0009
P006438,Rahul Gowda,Male,1956-09-25,69,Business,Post Graduate,Widowed,AB-,Indian,Bagalkote,PS0013
P006439,Kusuma Bhat,Female,1976-06-15,50,Security Guard,PhD,Married,AB+,Indian,Bagalkote,PS0015
P006440,Anitha Reddy,Female,2004-01-21,22,Lawyer,Graduate,Single,O+,Indian,Bengaluru Urban,PS0116
P006441,Shivakumar Gowda,Male,1970-10-27,55,Farmer,High School,Single,B+,Indian,Ballari,PS0027
P006442,Suresh Rao,Male,1997-07-30,28,Teacher,Graduate,Single,A-,Indian,Belagavi,PS0060
P006443,Lokesh Pujari,Male,1957-10-22,68,Business,Primary,Single,B+,Indian,Belagavi,PS0049
P006444,Sneha Sharma,Female,1994-07-14,32,Student,Graduate,Single,O+,Indian,Bengaluru Urban,PS0128
P006445,Roopa Bhat,Female,2004-12-20,21,Driver,Graduate,Married,B+,Indian,Bidar,PS0185
P006446,Naveen Bhat,Male,1990-04-15,36,Carpenter,Diploma,Widowed,O+,Indian,Bengaluru Urban,PS0110
P006447,Basavaraj Reddy,Male,1993-10-20,32,Unemployed,Primary,Divorced,AB-,Indian,Bidar,PS0179
P006448,Radhika Gowda,Female,1973-07-05,53,Nurse,Graduate,Married,AB-,Indian,Chamarajanagar,PS0231
P006449,Pooja Rao,Female,1994-07-24,31,Driver,Diploma,Widowed,O+,Indian,Bagalkote,PS0004
P006450,Kusuma Desai,Female,1966-04-11,60,Driver,Post Graduate,Widowed,O+,Indian,Belagavi,PS0065
P006451,Vinay Bhat,Male,1994-06-29,32,Security Guard,No Formal Education,Divorced,AB-,Indian,Bengaluru Rural,PS0103
P006452,Pooja Patil,Female,1981-05-25,45,Driver,No Formal Education,Divorced,O+,Indian,Chikkaballapura,PS0250
P006453,Sneha Kulkarni,Female,1980-12-04,45,Unemployed,PhD,Single,O+,Indian,Chamarajanagar,PS0228
P006454,Nisha Poojary,Female,1962-06-16,64,Unemployed,Post Graduate,Single,B-,Indian,Bidar,PS0168
P006455,Kusuma Pujari,Female,1998-08-02,27,Police,Primary,Single,O+,Indian,Chamarajanagar,PS0215
P006456,Kiran Kulkarni,Male,1989-02-05,37,Carpenter,PUC,Divorced,B+,Indian,Chamarajanagar,PS0211
P006457,Kiran Siddiqui,Male,1983-07-11,43,Lawyer,High School,Divorced,A+,Indian,Bengaluru Urban,PS0143
P006458,Prakash Kumar,Male,1978-06-05,48,Business,PhD,Single,O+,Indian,Bengaluru Urban,PS0136
P006459,Ganesh Pujari,Male,1976-08-13,49,Carpenter,Graduate,Divorced,B-,Indian,Bidar,PS0191
P006460,Asha Hegde,Female,1978-08-03,47,Shop Owner,PhD,Divorced,O-,Indian,Bengaluru Urban,PS0112
P006461,Asha Patil,Female,1986-05-08,40,Electrician,High School,Single,AB+,Indian,Bidar,PS0173
P006462,Mahesh Pujari,Male,1970-01-13,56,Government Employee,Graduate,Widowed,AB+,Indian,Chamarajanagar,PS0219
P006463,Roopa Pujari,Female,1984-05-29,42,Engineer,PhD,Widowed,O-,Indian,Ballari,PS0037
P006464,Abhishek Hegde,Male,1975-11-12,50,Engineer,Primary,Divorced,A+,Indian,Bidar,PS0158
P006465,Keerthi Pujari,Female,1978-06-19,48,Software Engineer,Primary,Single,B-,Indian,Bidar,PS0173
P006466,Basavaraj Bhat,Male,1992-01-11,34,Government Employee,Primary,Married,O-,Indian,Bidar,PS0188
P006467,Pooja Rao,Female,1994-05-24,32,Farmer,No Formal Education,Single,B+,Indian,Bengaluru Urban,PS0148
P006468,Kusuma Angadi,Female,1989-08-07,36,Business,Graduate,Single,O-,Indian,Bidar,PS0186
P006469,Keerthi Gowda,Female,1987-11-09,38,Business,High School,Single,B-,Indian,Belagavi,PS0046
P006470,Divya Sharma,Female,1956-10-21,69,Doctor,Diploma,Divorced,O+,Indian,Chamarajanagar,PS0228
P006471,Vidya Naik,Female,1998-04-11,28,Driver,Diploma,Single,A+,Indian,Bengaluru Urban,PS0135
P006472,Suresh Poojary,Male,1984-06-08,42,Mechanic,No Formal Education,Widowed,B-,Indian,Bidar,PS0155
P006473,Pradeep Pujari,Male,1978-11-17,47,Engineer,Primary,Single,O-,Indian,Bidar,PS0158
P006474,Siddu Rao,Male,1958-01-14,68,Police,PhD,Single,O-,Indian,Bidar,PS0166
P006475,Ganesh Joshi,Male,1991-12-21,34,Sales Executive,No Formal Education,Widowed,O-,Indian,Bidar,PS0173
P006476,Vinay Rao,Male,1964-06-21,62,Labour,High School,Widowed,AB-,Indian,Bengaluru Rural,PS0086
P006477,Vinay Bhat,Male,1992-02-14,34,Engineer,Primary,Single,A+,Indian,Bengaluru Urban,PS0134
P006478,Anitha Angadi,Female,1994-09-13,31,Government Employee,Diploma,Single,A+,Indian,Bengaluru Urban,PS0144
P006479,Kavya Reddy,Female,2001-01-29,25,Business,High School,Divorced,O+,Indian,Chamarajanagar,PS0208
P006480,Sangeetha Reddy,Female,2003-10-27,22,Student,Post Graduate,Single,A+,Indian,Belagavi,PS0053
P006481,Vidya Sharma,Female,1995-09-17,30,Engineer,No Formal Education,Widowed,A+,Indian,Bengaluru Urban,PS0112
P006482,Kiran Kumar,Male,1968-06-05,58,Teacher,High School,Single,B+,Indian,Ballari,PS0027
P006483,Harini Rao,Female,1958-10-02,67,Carpenter,Primary,Single,A-,Indian,Bengaluru Urban,PS0113
P006484,Abhishek Kambali,Male,1961-02-11,65,Nurse,PUC,Divorced,A-,Indian,Chamarajanagar,PS0213
P006485,Basavaraj Desai,Male,1996-07-22,30,Labour,PhD,Single,A+,Indian,Ballari,PS0044
P006486,Suraj Angadi,Male,1982-05-10,44,Doctor,Primary,Widowed,B-,Indian,Bagalkote,PS0008
P006487,Ravi Patil,Male,1968-08-14,57,Software Engineer,Primary,Widowed,AB+,Indian,Bidar,PS0180
P006488,Sanjay Hegde,Male,2000-06-22,26,Nurse,Primary,Widowed,O-,Indian,Bengaluru Rural,PS0079
P006489,Kiran Reddy,Male,1998-06-26,28,Student,High School,Divorced,AB+,Indian,Bidar,PS0185
P006490,Vidya Angadi,Female,1990-01-12,36,Carpenter,Graduate,Single,B+,Indian,Bidar,PS0183
P006491,Sangeetha Shetty,Female,1962-07-03,64,Mechanic,High School,Divorced,AB+,Indian,Bagalkote,PS0007
P006492,Naveen Verma,Male,1985-12-23,40,Unemployed,Graduate,Single,B+,Indian,Belagavi,PS0063
P006493,Sneha Joshi,Female,1967-05-30,59,Labour,PUC,Married,AB-,Indian,Bengaluru Urban,PS0144
P006494,Vijay Naik,Male,1996-07-13,30,Carpenter,Diploma,Widowed,O-,Indian,Chamarajanagar,PS0221
P006495,Shivakumar Rao,Male,1968-10-13,57,Student,High School,Single,O+,Indian,Chamarajanagar,PS0216
P006496,Pradeep Rao,Male,1966-09-08,59,Student,PUC,Single,O+,Indian,Chamarajanagar,PS0233
P006497,Shreya Verma,Female,1980-02-16,46,Electrician,High School,Married,O-,Indian,Ballari,PS0042
P006498,Vinay Rao,Male,1960-07-17,66,Engineer,Diploma,Widowed,B-,Indian,Bengaluru Rural,PS0102
P006499,Pradeep Hiremath,Male,1989-09-10,36,Labour,Post Graduate,Widowed,O+,Indian,Bengaluru Urban,PS0117
P006500,Sanjay Desai,Male,1957-11-02,68,Driver,Post Graduate,Divorced,A-,Indian,Bidar,PS0189
P006501,Ajay Poojary,Male,1966-01-13,60,Labour,Diploma,Divorced,AB+,Indian,Chamarajanagar,PS0218
P006502,Anitha Pujari,Female,1978-09-30,47,Electrician,Post Graduate,Divorced,O-,Indian,Ballari,PS0027
P006503,Rekha Naik,Female,1976-12-28,49,Sales Executive,Primary,Divorced,B-,Indian,Bidar,PS0188
P006504,Pooja Verma,Female,2000-01-14,26,Security Guard,PUC,Married,O-,Indian,Bengaluru Rural,PS0089
P006505,Manoj Shetty,Male,1997-01-09,29,Nurse,Post Graduate,Divorced,AB+,Indian,Chamarajanagar,PS0225
P006506,Sneha Poojary,Female,1982-05-17,44,Unemployed,Diploma,Widowed,AB+,Indian,Chikkaballapura,PS0237
P006507,Anitha Joshi,Female,1960-04-04,66,Business,No Formal Education,Single,B+,Indian,Ballari,PS0026
P006508,Shivakumar Bhat,Male,1975-12-19,50,Nurse,Post Graduate,Divorced,AB+,Indian,Bidar,PS0163
P006509,Lakshmi Kambali,Female,2004-08-16,21,Driver,PUC,Married,B-,Indian,Bidar,PS0191
P006510,Vidya Hegde,Female,1976-12-14,49,Business,Graduate,Widowed,O+,Indian,Bidar,PS0158
P006511,Manoj Pujari,Male,1992-04-07,34,Software Engineer,PhD,Divorced,AB+,Indian,Bidar,PS0182
P006512,Darshan Kumar,Male,1974-11-01,51,Unemployed,No Formal Education,Single,B-,Indian,Bagalkote,PS0024
P006513,Basavaraj Siddiqui,Male,1996-11-14,29,Nurse,Primary,Single,AB-,Indian,Bidar,PS0174
P006514,Nandini Kumar,Female,1963-11-28,62,Electrician,Primary,Single,A-,Indian,Bengaluru Rural,PS0105
P006515,Sangeetha Pujari,Female,1964-09-07,61,Nurse,High School,Married,A-,Indian,Bengaluru Rural,PS0095
P006516,Nisha Angadi,Female,1979-07-10,47,Driver,Primary,Single,AB-,Indian,Bengaluru Urban,PS0110
P006517,Sangeetha Desai,Female,1985-04-24,41,Engineer,Primary,Widowed,B-,Indian,Belagavi,PS0059
P006518,Anitha Kulkarni,Female,1957-01-13,69,Software Engineer,PhD,Married,A-,Indian,Chamarajanagar,PS0214
P006519,Divya Gowda,Female,2004-12-09,21,Doctor,No Formal Education,Single,AB+,Indian,Bidar,PS0178
P006520,Nisha Kumar,Female,1958-03-09,68,Teacher,PhD,Widowed,B-,Indian,Bengaluru Urban,PS0124
P006521,Abhishek Kumar,Male,1988-08-25,37,Carpenter,Post Graduate,Divorced,B+,Indian,Belagavi,PS0054
P006522,Anitha Singh,Female,1971-12-06,54,Shop Owner,No Formal Education,Married,O+,Indian,Bidar,PS0186
P006523,Akash Desai,Male,1994-12-12,31,Labour,PUC,Single,A-,Indian,Chamarajanagar,PS0209
P006524,Nisha Reddy,Female,1960-07-05,66,Sales Executive,Graduate,Married,O-,Indian,Chamarajanagar,PS0234
P006525,Ajay Naik,Male,1978-11-16,47,Driver,Post Graduate,Divorced,B+,Indian,Bagalkote,PS0010
P006526,Rahul Desai,Male,1978-01-30,48,Nurse,Primary,Divorced,B-,Indian,Chamarajanagar,PS0213
P006527,Siddu Pujari,Male,1960-09-03,65,Labour,PhD,Divorced,B+,Indian,Bidar,PS0169
P006528,Megha Gowda,Female,1986-12-01,39,Shop Owner,Diploma,Widowed,AB+,Indian,Bidar,PS0178
P006529,Ravi Hiremath,Male,1981-04-09,45,Government Employee,Graduate,Married,O-,Indian,Bengaluru Rural,PS0070
P006530,Chetan Bhat,Male,1984-12-09,41,Unemployed,PhD,Married,B+,Indian,Chamarajanagar,PS0226
P006531,Swathi Kulkarni,Female,1981-06-22,45,Student,Diploma,Married,A-,Indian,Bidar,PS0187
P006532,Rahul Naik,Male,1981-12-07,44,Security Guard,Post Graduate,Single,A-,Indian,Bidar,PS0162
P006533,Keerthi Pujari,Female,1983-11-12,42,Lawyer,Graduate,Married,A+,Indian,Ballari,PS0034
P006534,Keerthi Angadi,Female,2004-01-08,22,Nurse,Post Graduate,Married,O+,Indian,Bengaluru Urban,PS0112
P006535,Shivakumar Rao,Male,1976-04-03,50,Security Guard,Graduate,Married,A+,Indian,Bidar,PS0163
P006536,Puneeth Siddiqui,Male,1966-06-21,60,Software Engineer,Graduate,Married,AB-,Indian,Belagavi,PS0051
P006537,Shivakumar Siddiqui,Male,1988-02-16,38,Nurse,PUC,Widowed,O-,Indian,Belagavi,PS0046
P006538,Kiran Shetty,Male,1987-03-11,39,Driver,Diploma,Divorced,O-,Indian,Bengaluru Rural,PS0074
P006539,Kiran Sharma,Male,1963-07-10,63,Farmer,Primary,Widowed,AB-,Indian,Ballari,PS0029
P006540,Vinay Sharma,Male,1973-07-03,53,Software Engineer,PUC,Widowed,B+,Indian,Bengaluru Rural,PS0106
P006541,Geetha Hiremath,Female,1970-10-27,55,Farmer,Graduate,Single,AB-,Indian,Bagalkote,PS0010
P006542,Preethi Bhat,Female,1982-12-11,43,Police,PhD,Widowed,A-,Indian,Bidar,PS0163
P006543,Divya Sharma,Female,1984-01-14,42,Unemployed,PUC,Divorced,A-,Indian,Belagavi,PS0052
P006544,Prakash Joshi,Male,2003-04-25,23,Driver,Graduate,Widowed,B+,Indian,Bidar,PS0192
P006545,Lakshmi Angadi,Female,1993-02-01,33,Lawyer,PUC,Married,A-,Indian,Chamarajanagar,PS0210
P006546,Divya Patil,Female,1955-01-07,71,Unemployed,High School,Widowed,O-,Indian,Belagavi,PS0064
P006547,Sneha Poojary,Female,1998-03-10,28,Carpenter,Primary,Divorced,B-,Indian,Bengaluru Rural,PS0078
P006548,Roopa Verma,Female,1967-04-09,59,Engineer,PhD,Divorced,A+,Indian,Bengaluru Rural,PS0083
P006549,Bhavya Angadi,Female,1964-04-25,62,Teacher,Graduate,Widowed,AB-,Indian,Bengaluru Urban,PS0144
P006550,Megha Reddy,Female,1992-09-17,33,Electrician,PUC,Married,A-,Indian,Belagavi,PS0068
P006551,Rohit Hegde,Male,1989-03-24,37,Shop Owner,Graduate,Divorced,A+,Indian,Bengaluru Urban,PS0135
P006552,Mahesh Patil,Male,1963-12-01,62,Mechanic,No Formal Education,Widowed,A+,Indian,Bengaluru Rural,PS0109
P006553,Abhishek Singh,Male,1977-05-31,49,Driver,PUC,Divorced,A-,Indian,Belagavi,PS0060
P006554,Kusuma Shetty,Female,1967-12-22,58,Unemployed,Primary,Widowed,AB-,Indian,Bengaluru Urban,PS0131
P006555,Divya Rao,Female,1960-07-19,66,Sales Executive,PUC,Widowed,A-,Indian,Bengaluru Rural,PS0106
P006556,Sowmya Bhat,Female,1983-10-29,42,Lawyer,Diploma,Married,A+,Indian,Bagalkote,PS0022
P006557,Harish Siddiqui,Male,1981-03-21,45,Carpenter,PhD,Widowed,O-,Indian,Chamarajanagar,PS0212
P006558,Anjali Siddiqui,Female,1981-05-01,45,Labour,Graduate,Single,B-,Indian,Chamarajanagar,PS0225
P006559,Mahesh Sharma,Male,1972-12-31,53,Driver,Graduate,Married,B-,Indian,Bengaluru Urban,PS0143
P006560,Lakshmi Gowda,Female,1984-10-30,41,Sales Executive,Graduate,Widowed,O+,Indian,Bengaluru Rural,PS0097
P006561,Kusuma Gowda,Female,1995-08-29,30,Engineer,High School,Divorced,A+,Indian,Bidar,PS0161
P006562,Sangeetha Desai,Female,1993-05-15,33,Labour,No Formal Education,Widowed,AB-,Indian,Belagavi,PS0067
P006563,Ganesh Kulkarni,Male,1968-04-11,58,Labour,Primary,Single,O+,Indian,Bidar,PS0181
P006564,Deepa Kulkarni,Female,1973-10-07,52,Teacher,Post Graduate,Divorced,O-,Indian,Bengaluru Urban,PS0138
P006565,Kusuma Naik,Female,1978-04-19,48,Doctor,High School,Divorced,A+,Indian,Chikkaballapura,PS0241
P006566,Lakshmi Hiremath,Female,1994-02-10,32,Mechanic,Diploma,Married,AB-,Indian,Bidar,PS0182
P006567,Kavya Kumar,Female,1955-06-25,71,Doctor,High School,Single,O-,Indian,Belagavi,PS0063
P006568,Mahesh Siddiqui,Male,1974-06-11,52,Mechanic,Primary,Married,B+,Indian,Bagalkote,PS0024
P006569,Divya Hiremath,Female,1963-07-13,63,Mechanic,PUC,Single,O-,Indian,Bidar,PS0183
P006570,Kiran Singh,Male,1984-10-29,41,Student,Primary,Single,O-,Indian,Chamarajanagar,PS0210
P006571,Keerthi Singh,Female,1955-09-18,70,Farmer,No Formal Education,Widowed,O-,Indian,Bengaluru Urban,PS0138
P006572,Sangeetha Patil,Female,1966-04-26,60,Labour,High School,Divorced,A-,Indian,Ballari,PS0038
P006573,Sneha Pujari,Female,1975-03-04,51,Driver,Primary,Widowed,O+,Indian,Bengaluru Rural,PS0082
P006574,Vidya Reddy,Female,1998-09-26,27,Government Employee,PUC,Single,B-,Indian,Chamarajanagar,PS0230
P006575,Shivakumar Angadi,Male,1996-05-07,30,Electrician,PUC,Single,B-,Indian,Bengaluru Rural,PS0085
P006576,Sneha Poojary,Female,1993-04-13,33,Driver,Graduate,Divorced,B-,Indian,Bidar,PS0159
P006577,Shreya Kulkarni,Female,1960-08-13,65,Doctor,High School,Divorced,O+,Indian,Bengaluru Rural,PS0076
P006578,Anitha Hegde,Female,1964-11-21,61,Nurse,PUC,Single,O-,Indian,Bengaluru Rural,PS0092
P006579,Vinay Naik,Male,1984-07-31,41,Lawyer,PUC,Widowed,B+,Indian,Ballari,PS0028
P006580,Shivakumar Rao,Male,1980-10-11,45,Farmer,PUC,Divorced,A+,Indian,Bengaluru Rural,PS0072
P006581,Ramesh Bhat,Male,1991-02-01,35,Student,PhD,Divorced,O+,Indian,Bengaluru Rural,PS0073
P006582,Swathi Verma,Female,1982-01-19,44,Electrician,Post Graduate,Divorced,AB+,Indian,Chikkaballapura,PS0245
P006583,Harini Patil,Female,1965-04-23,61,Mechanic,PhD,Married,B+,Indian,Bidar,PS0191
P006584,Abhishek Patil,Male,1984-08-06,41,Carpenter,PhD,Widowed,AB+,Indian,Bidar,PS0180
P006585,Abhishek Kulkarni,Male,1960-03-18,66,Business,Primary,Divorced,A-,Indian,Chamarajanagar,PS0222
P006586,Suraj Desai,Male,1988-07-02,38,Engineer,Post Graduate,Divorced,O+,Indian,Chamarajanagar,PS0219
P006587,Rekha Sharma,Female,2003-12-10,22,Government Employee,Diploma,Divorced,O-,Indian,Bagalkote,PS0001
P006588,Divya Sharma,Female,1982-08-17,43,Doctor,High School,Divorced,B-,Indian,Chikkaballapura,PS0245
P006589,Ajay Reddy,Male,1957-04-15,69,Labour,Graduate,Widowed,B+,Indian,Bengaluru Urban,PS0114
P006590,Shreya Desai,Female,1987-11-24,38,Labour,High School,Single,O+,Indian,Bidar,PS0181
P006591,Anitha Gowda,Female,1976-03-14,50,Unemployed,PUC,Married,O+,Indian,Bengaluru Rural,PS0089
P006592,Kusuma Poojary,Female,1995-09-29,30,Lawyer,Diploma,Single,A+,Indian,Bengaluru Rural,PS0104
P006593,Lakshmi Hiremath,Female,1997-02-01,29,Farmer,Primary,Married,A+,Indian,Chamarajanagar,PS0202
P006594,Ramesh Joshi,Male,1958-02-26,68,Unemployed,PUC,Divorced,B+,Indian,Bengaluru Urban,PS0119
P006595,Sangeetha Naik,Female,1998-07-27,27,Business,High School,Single,B-,Indian,Bengaluru Rural,PS0106
P006596,Darshan Kumar,Male,1994-03-21,32,Nurse,Post Graduate,Divorced,O+,Indian,Bagalkote,PS0012
P006597,Anjali Pujari,Female,1978-12-07,47,Government Employee,PhD,Widowed,AB+,Indian,Bidar,PS0156
P006598,Kusuma Pujari,Female,1999-02-07,27,Unemployed,Graduate,Widowed,O-,Indian,Bidar,PS0161
P006599,Kiran Bhat,Male,1962-10-08,63,Sales Executive,Diploma,Widowed,A-,Indian,Chamarajanagar,PS0226
P006600,Mahesh Hiremath,Male,1970-11-15,55,Police,Graduate,Single,A+,Indian,Bengaluru Urban,PS0133
P006601,Manoj Poojary,Male,2001-05-11,25,Nurse,Post Graduate,Widowed,AB+,Indian,Belagavi,PS0051
P006602,Rahul Kumar,Male,1975-07-18,51,Driver,Post Graduate,Divorced,A+,Indian,Chamarajanagar,PS0234
P006603,Arjun Hegde,Male,1967-07-18,59,Lawyer,Primary,Single,AB+,Indian,Chikkaballapura,PS0243
P006604,Arjun Verma,Male,1991-07-07,35,Software Engineer,Primary,Married,B-,Indian,Bagalkote,PS0006
P006605,Pooja Hiremath,Female,1980-04-27,46,Unemployed,Graduate,Widowed,O+,Indian,Bengaluru Rural,PS0099
P006606,Vijay Siddiqui,Male,2006-02-10,20,Labour,Primary,Single,AB+,Indian,Bidar,PS0153
P006607,Abhishek Hiremath,Male,1997-11-14,28,Engineer,Diploma,Divorced,B-,Indian,Bengaluru Urban,PS0138
P006608,Harini Verma,Female,1990-09-29,35,Doctor,High School,Widowed,O+,Indian,Chikkaballapura,PS0237
P006609,Bhavya Patil,Female,1965-03-09,61,Business,Graduate,Divorced,AB-,Indian,Bengaluru Urban,PS0151
P006610,Sunitha Reddy,Female,1980-03-09,46,Police,Primary,Divorced,B-,Indian,Bengaluru Rural,PS0085
P006611,Darshan Bhat,Male,2005-02-07,21,Security Guard,Graduate,Married,A-,Indian,Bengaluru Rural,PS0098
P006612,Shivakumar Gowda,Male,1957-11-10,68,Mechanic,Graduate,Single,AB+,Indian,Chamarajanagar,PS0220
P006613,Abhishek Kumar,Male,1970-09-25,55,Lawyer,Primary,Widowed,A+,Indian,Chamarajanagar,PS0234
P006614,Mahesh Joshi,Male,1971-06-13,55,Police,PhD,Married,B-,Indian,Chamarajanagar,PS0203
P006615,Ramesh Bhat,Male,1968-05-17,58,Electrician,Primary,Divorced,O-,Indian,Bagalkote,PS0018
P006616,Basavaraj Pujari,Male,2006-05-07,20,Government Employee,Post Graduate,Married,A-,Indian,Bengaluru Urban,PS0143
P006617,Vidya Poojary,Female,1981-05-28,45,Teacher,High School,Single,A+,Indian,Bengaluru Rural,PS0073
P006618,Vinay Patil,Male,1999-06-23,27,Lawyer,High School,Single,AB-,Indian,Chamarajanagar,PS0216
P006619,Vinay Hegde,Male,1956-10-10,69,Government Employee,Post Graduate,Married,A-,Indian,Chamarajanagar,PS0233
P006620,Manoj Joshi,Male,1960-06-01,66,Lawyer,Post Graduate,Single,O+,Indian,Bengaluru Urban,PS0126
P006621,Divya Angadi,Female,1990-07-25,35,Nurse,High School,Widowed,A-,Indian,Ballari,PS0026
P006622,Deepa Poojary,Female,1959-08-16,66,Labour,Graduate,Widowed,O+,Indian,Bagalkote,PS0009
P006623,Siddu Rao,Male,1994-08-17,31,Mechanic,Graduate,Widowed,O-,Indian,Ballari,PS0030
P006624,Darshan Verma,Male,1966-01-12,60,Driver,Primary,Married,A-,Indian,Bidar,PS0176
P006625,Bhavya Poojary,Female,1955-02-04,71,Government Employee,No Formal Education,Single,B+,Indian,Ballari,PS0030
P006626,Chetan Verma,Male,2006-10-20,19,Labour,High School,Divorced,AB+,Indian,Bagalkote,PS0024
P006627,Pooja Verma,Female,2000-05-17,26,Electrician,PUC,Single,A+,Indian,Belagavi,PS0058
P006628,Lokesh Kambali,Male,1999-08-02,26,Mechanic,No Formal Education,Widowed,AB+,Indian,Bagalkote,PS0010
P006629,Swathi Hiremath,Female,1982-08-03,43,Unemployed,Primary,Widowed,AB+,Indian,Belagavi,PS0050
P006630,Rekha Joshi,Female,1972-05-08,54,Driver,No Formal Education,Married,B+,Indian,Chamarajanagar,PS0221
P006631,Mahesh Kambali,Male,1991-02-15,35,Mechanic,PhD,Single,B-,Indian,Chikkaballapura,PS0243
P006632,Deepa Kulkarni,Female,1999-01-22,27,Shop Owner,Graduate,Divorced,AB-,Indian,Ballari,PS0033
P006633,Rekha Desai,Female,1984-02-04,42,Business,No Formal Education,Married,AB+,Indian,Bidar,PS0174
P006634,Megha Rao,Female,1956-08-14,69,Mechanic,Primary,Married,B+,Indian,Chamarajanagar,PS0196
P006635,Akash Kulkarni,Male,1996-04-24,30,Software Engineer,No Formal Education,Divorced,A-,Indian,Bidar,PS0183
P006636,Akash Singh,Male,1990-04-12,36,Electrician,PUC,Divorced,A+,Indian,Belagavi,PS0064
P006637,Geetha Hegde,Female,1988-03-07,38,Sales Executive,PUC,Single,AB+,Indian,Bengaluru Rural,PS0088
P006638,Darshan Singh,Male,1992-11-06,33,Driver,High School,Divorced,O-,Indian,Bengaluru Rural,PS0082
P006639,Shreya Kumar,Female,1973-01-26,53,Shop Owner,High School,Single,O-,Indian,Bidar,PS0166
P006640,Arjun Gowda,Male,1967-12-18,58,Lawyer,Graduate,Widowed,AB+,Indian,Bidar,PS0174
P006641,Chetan Verma,Male,2007-09-17,18,Police,Post Graduate,Widowed,B-,Indian,Bengaluru Urban,PS0140
P006642,Abhishek Angadi,Male,1973-03-21,53,Police,PUC,Married,O-,Indian,Chamarajanagar,PS0219
P006643,Harini Pujari,Female,1973-11-11,52,Shop Owner,Post Graduate,Married,AB-,Indian,Bagalkote,PS0008
P006644,Harish Rao,Male,2004-12-30,21,Labour,Primary,Widowed,AB-,Indian,Bengaluru Urban,PS0115
P006645,Puneeth Patil,Male,1977-05-19,49,Carpenter,No Formal Education,Widowed,B-,Indian,Ballari,PS0034
P006646,Harini Poojary,Female,1975-11-21,50,Software Engineer,High School,Single,A+,Indian,Bidar,PS0183
P006647,Sowmya Joshi,Female,1991-03-27,35,Student,PUC,Married,AB+,Indian,Bengaluru Urban,PS0116
P006648,Lokesh Angadi,Male,1986-06-24,40,Engineer,Post Graduate,Widowed,B+,Indian,Bidar,PS0189
P006649,Suresh Siddiqui,Male,1993-12-05,32,Driver,Primary,Single,O-,Indian,Bagalkote,PS0014
P006650,Keerthi Verma,Female,1994-11-10,31,Shop Owner,Post Graduate,Widowed,B-,Indian,Bengaluru Rural,PS0092
P006651,Divya Kambali,Female,1961-01-24,65,Unemployed,No Formal Education,Divorced,O-,Indian,Bengaluru Rural,PS0099
P006652,Shreya Pujari,Female,2006-07-06,20,Security Guard,PUC,Married,A+,Indian,Chikkaballapura,PS0245
P006653,Lakshmi Poojary,Female,1980-03-05,46,Engineer,Post Graduate,Married,AB+,Indian,Ballari,PS0044
P006654,Mahesh Naik,Male,1959-12-19,66,Police,PUC,Married,AB+,Indian,Bagalkote,PS0015
P006655,Nandini Rao,Female,1989-12-12,36,Software Engineer,Primary,Divorced,A-,Indian,Belagavi,PS0059
P006656,Sunitha Desai,Female,1962-04-10,64,Business,High School,Divorced,A+,Indian,Bagalkote,PS0005
P006657,Nisha Kulkarni,Female,1997-05-24,29,Driver,Diploma,Widowed,O+,Indian,Bengaluru Rural,PS0091
P006658,Lokesh Kambali,Male,1986-03-30,40,Government Employee,High School,Widowed,AB-,Indian,Ballari,PS0041
P006659,Rahul Verma,Male,1967-07-20,59,Shop Owner,Diploma,Married,AB-,Indian,Bidar,PS0170
P006660,Rahul Hiremath,Male,2007-10-28,18,Mechanic,Post Graduate,Widowed,B+,Indian,Bidar,PS0172
P006661,Anitha Hegde,Female,1956-06-21,70,Carpenter,Primary,Divorced,A+,Indian,Chamarajanagar,PS0199
P006662,Sowmya Verma,Female,1975-01-19,51,Software Engineer,PhD,Divorced,AB+,Indian,Bidar,PS0175
P006663,Siddu Bhat,Male,1983-11-07,42,Police,Post Graduate,Divorced,O+,Indian,Bagalkote,PS0019
P006664,Pradeep Gowda,Male,1998-09-20,27,Government Employee,PhD,Widowed,B+,Indian,Ballari,PS0045
P006665,Akash Patil,Male,1993-07-06,33,Electrician,Post Graduate,Single,AB-,Indian,Belagavi,PS0056
P006666,Vijay Gowda,Male,1955-12-10,70,Teacher,PhD,Single,B+,Indian,Chamarajanagar,PS0203
P006667,Sunitha Kulkarni,Female,1960-05-16,66,Government Employee,Post Graduate,Widowed,O+,Indian,Bengaluru Rural,PS0105
P006668,Shivakumar Kambali,Male,1958-06-22,68,Carpenter,Primary,Divorced,AB-,Indian,Chamarajanagar,PS0211
P006669,Shivakumar Kambali,Male,1988-11-07,37,Unemployed,No Formal Education,Single,O+,Indian,Bengaluru Rural,PS0080
P006670,Manoj Gowda,Male,1999-09-04,26,Carpenter,No Formal Education,Single,A+,Indian,Bengaluru Urban,PS0143
P006671,Radhika Angadi,Female,1962-04-04,64,Software Engineer,Graduate,Divorced,B-,Indian,Bidar,PS0159
P006672,Shivakumar Patil,Male,1978-03-07,48,Lawyer,Graduate,Divorced,O+,Indian,Bengaluru Urban,PS0117
P006673,Pooja Rao,Female,1971-04-14,55,Teacher,Primary,Divorced,AB+,Indian,Chikkaballapura,PS0236
P006674,Sunitha Reddy,Female,1972-01-02,54,Unemployed,Graduate,Single,O-,Indian,Bengaluru Urban,PS0118
P006675,Preethi Angadi,Female,1972-11-10,53,Business,No Formal Education,Married,A-,Indian,Bengaluru Urban,PS0135
P006676,Shreya Hiremath,Female,1984-05-07,42,Security Guard,No Formal Education,Widowed,A+,Indian,Belagavi,PS0050
P006677,Sangeetha Singh,Female,1988-02-19,38,Doctor,No Formal Education,Widowed,B-,Indian,Chamarajanagar,PS0228
P006678,Anjali Siddiqui,Female,1960-09-18,65,Teacher,PhD,Divorced,A+,Indian,Bengaluru Rural,PS0075
P006679,Rohit Verma,Male,1972-02-11,54,Student,Post Graduate,Married,B+,Indian,Chamarajanagar,PS0205
P006680,Ajay Hegde,Male,1966-11-15,59,Shop Owner,PhD,Widowed,B+,Indian,Belagavi,PS0048
P006681,Rahul Siddiqui,Male,1971-10-14,54,Shop Owner,Diploma,Single,AB-,Indian,Belagavi,PS0049
P006682,Rohit Pujari,Male,1987-03-23,39,Engineer,Graduate,Widowed,A+,Indian,Bengaluru Rural,PS0084
P006683,Puneeth Naik,Male,2006-03-23,20,Farmer,High School,Widowed,A+,Indian,Bengaluru Urban,PS0140
P006684,Rekha Kambali,Female,1986-10-01,39,Mechanic,Post Graduate,Divorced,AB+,Indian,Belagavi,PS0059
P006685,Ravi Joshi,Male,1979-06-08,47,Student,PUC,Widowed,AB-,Indian,Bidar,PS0181
P006686,Keerthi Reddy,Female,1971-10-03,54,Government Employee,No Formal Education,Divorced,AB+,Indian,Bengaluru Urban,PS0150
P006687,Megha Pujari,Female,1997-05-04,29,Engineer,Graduate,Widowed,O+,Indian,Bidar,PS0156
P006688,Vijay Kumar,Male,1959-03-30,67,Software Engineer,Post Graduate,Single,AB+,Indian,Belagavi,PS0048
P006689,Anitha Desai,Female,1964-09-11,61,Software Engineer,No Formal Education,Single,B+,Indian,Bidar,PS0187
P006690,Naveen Gowda,Male,1992-05-31,34,Nurse,Graduate,Widowed,O+,Indian,Chikkaballapura,PS0246
P006691,Shivakumar Kulkarni,Male,1957-08-11,68,Software Engineer,No Formal Education,Divorced,AB-,Indian,Ballari,PS0045
P006692,Shreya Hegde,Female,1998-06-26,28,Shop Owner,PUC,Widowed,B-,Indian,Ballari,PS0036
P006693,Lokesh Bhat,Male,1998-09-26,27,Lawyer,PUC,Widowed,B+,Indian,Belagavi,PS0068
P006694,Pradeep Rao,Male,1984-03-18,42,Teacher,Primary,Widowed,A+,Indian,Bidar,PS0167
P006695,Rahul Patil,Male,1995-11-15,30,Labour,Diploma,Widowed,A-,Indian,Belagavi,PS0054
P006696,Pooja Joshi,Female,1975-06-12,51,Driver,Primary,Single,A-,Indian,Bengaluru Urban,PS0116
P006697,Manoj Singh,Male,1992-05-14,34,Teacher,PUC,Widowed,O-,Indian,Bidar,PS0179
P006698,Chetan Kambali,Male,1964-10-13,61,Police,PUC,Single,B-,Indian,Chamarajanagar,PS0224
P006699,Ajay Kulkarni,Male,1969-07-30,56,Police,PhD,Single,B-,Indian,Chikkaballapura,PS0240
P006700,Bhavya Rao,Female,1972-08-04,53,Driver,PhD,Divorced,B+,Indian,Bagalkote,PS0005
P006701,Shreya Hegde,Female,1991-03-11,35,Shop Owner,Post Graduate,Widowed,A+,Indian,Bengaluru Rural,PS0109
P006702,Harini Gowda,Female,1957-10-25,68,Engineer,Graduate,Divorced,B-,Indian,Bagalkote,PS0021
P006703,Naveen Poojary,Male,1988-06-01,38,Engineer,Primary,Divorced,AB+,Indian,Bidar,PS0153
P006704,Darshan Kambali,Male,1984-11-16,41,Sales Executive,Primary,Single,O-,Indian,Bengaluru Rural,PS0076
P006705,Radhika Joshi,Female,1964-07-25,61,Electrician,Primary,Divorced,A-,Indian,Bengaluru Rural,PS0074
P006706,Asha Singh,Female,1991-06-16,35,Doctor,Graduate,Divorced,A-,Indian,Bengaluru Urban,PS0142
P006707,Divya Gowda,Female,1955-05-03,71,Labour,Graduate,Widowed,B+,Indian,Belagavi,PS0061
P006708,Bhavya Singh,Female,2003-02-12,23,Shop Owner,Graduate,Divorced,AB-,Indian,Bidar,PS0163
P006709,Nisha Siddiqui,Female,1990-10-19,35,Police,PhD,Widowed,O+,Indian,Bengaluru Urban,PS0149
P006710,Deepa Angadi,Female,1986-08-06,39,Unemployed,No Formal Education,Married,B-,Indian,Chamarajanagar,PS0197
P006711,Megha Patil,Female,1975-11-26,50,Shop Owner,Primary,Widowed,B+,Indian,Ballari,PS0039
P006712,Mahesh Singh,Male,1979-03-02,47,Mechanic,Diploma,Single,O+,Indian,Belagavi,PS0053
P006713,Suraj Desai,Male,1969-05-15,57,Shop Owner,PUC,Widowed,B-,Indian,Bidar,PS0167
P006714,Harini Gowda,Female,1988-07-22,38,Business,PUC,Single,AB-,Indian,Bagalkote,PS0014
P006715,Chetan Rao,Male,1961-12-05,64,Business,Graduate,Widowed,A-,Indian,Bengaluru Rural,PS0087
P006716,Harish Kumar,Male,1969-09-13,56,Government Employee,Diploma,Widowed,B-,Indian,Bidar,PS0177
P006717,Megha Verma,Female,2006-10-28,19,Business,PhD,Married,B+,Indian,Bagalkote,PS0013
P006718,Abhishek Angadi,Male,1964-11-21,61,Government Employee,Post Graduate,Single,O+,Indian,Chamarajanagar,PS0210
P006719,Akash Kulkarni,Male,2001-11-07,24,Shop Owner,Graduate,Divorced,B-,Indian,Ballari,PS0031
P006720,Ramesh Siddiqui,Male,1983-03-07,43,Government Employee,Diploma,Single,O-,Indian,Bengaluru Urban,PS0125
P006721,Keerthi Joshi,Female,1957-06-23,69,Sales Executive,PUC,Widowed,B+,Indian,Bidar,PS0173
P006722,Anjali Poojary,Female,1986-02-24,40,Labour,Graduate,Widowed,O-,Indian,Bagalkote,PS0022
P006723,Mahesh Naik,Male,2000-06-19,26,Police,Diploma,Divorced,B+,Indian,Chamarajanagar,PS0208
P006724,Anjali Reddy,Female,2000-05-25,26,Engineer,Graduate,Divorced,AB-,Indian,Chikkaballapura,PS0249
P006725,Divya Hiremath,Female,1966-04-23,60,Electrician,Primary,Divorced,B+,Indian,Bidar,PS0171
P006726,Nisha Bhat,Female,2004-02-02,22,Lawyer,No Formal Education,Single,O+,Indian,Bengaluru Urban,PS0147
P006727,Darshan Verma,Male,1959-04-21,67,Nurse,Diploma,Single,AB+,Indian,Bagalkote,PS0011
P006728,Swathi Rao,Female,1977-01-07,49,Government Employee,Graduate,Married,A+,Indian,Belagavi,PS0047
P006729,Siddu Kulkarni,Male,1989-03-13,37,Unemployed,Primary,Divorced,O+,Indian,Bidar,PS0185
P006730,Mahesh Bhat,Male,1961-11-14,64,Software Engineer,PhD,Married,B-,Indian,Bidar,PS0190
P006731,Shreya Pujari,Female,1979-03-27,47,Student,Primary,Married,AB+,Indian,Chamarajanagar,PS0229
P006732,Chetan Poojary,Male,2000-06-20,26,Doctor,No Formal Education,Single,O-,Indian,Bengaluru Urban,PS0144
P006733,Sanjay Kulkarni,Male,1998-03-27,28,Farmer,Diploma,Divorced,A-,Indian,Bengaluru Urban,PS0142
P006734,Preethi Kulkarni,Female,1963-11-07,62,Lawyer,Graduate,Divorced,B-,Indian,Bidar,PS0187
P006735,Kusuma Rao,Female,1989-06-02,37,Shop Owner,No Formal Education,Widowed,B+,Indian,Bidar,PS0163
P006736,Shreya Reddy,Female,2001-06-04,25,Engineer,Diploma,Married,A-,Indian,Chamarajanagar,PS0212
P006737,Geetha Kambali,Female,1982-11-23,43,Mechanic,High School,Widowed,B+,Indian,Bagalkote,PS0015
P006738,Chetan Kumar,Male,1957-10-27,68,Sales Executive,No Formal Education,Divorced,O+,Indian,Bagalkote,PS0007
P006739,Asha Hegde,Female,1955-04-16,71,Police,No Formal Education,Single,O+,Indian,Bengaluru Urban,PS0112
P006740,Ajay Kulkarni,Male,1966-02-27,60,Unemployed,No Formal Education,Single,O-,Indian,Chamarajanagar,PS0226
P006741,Ramesh Gowda,Male,1957-07-23,69,Driver,PhD,Widowed,B-,Indian,Ballari,PS0045
P006742,Basavaraj Verma,Male,1971-06-13,55,Driver,PUC,Widowed,B-,Indian,Bidar,PS0162
P006743,Radhika Hegde,Female,1960-04-25,66,Lawyer,PUC,Married,O+,Indian,Bengaluru Rural,PS0081
P006744,Naveen Hiremath,Male,1959-04-25,67,Lawyer,PhD,Married,AB-,Indian,Ballari,PS0034
P006745,Naveen Patil,Male,1969-09-27,56,Labour,Graduate,Divorced,B-,Indian,Bengaluru Urban,PS0118
P006746,Basavaraj Kulkarni,Male,1973-10-08,52,Security Guard,PhD,Married,AB+,Indian,Belagavi,PS0054
P006747,Anjali Rao,Female,1986-02-08,40,Unemployed,Post Graduate,Divorced,B+,Indian,Bengaluru Urban,PS0123
P006748,Kavya Siddiqui,Female,1989-01-28,37,Engineer,No Formal Education,Widowed,B+,Indian,Belagavi,PS0050
P006749,Asha Kumar,Female,1983-03-12,43,Doctor,Diploma,Married,A-,Indian,Bidar,PS0172
P006750,Megha Reddy,Female,1961-03-06,65,Unemployed,Primary,Married,O+,Indian,Chikkaballapura,PS0243
P006751,Shreya Bhat,Female,1959-06-07,67,Driver,Graduate,Divorced,B+,Indian,Chamarajanagar,PS0223
P006752,Kavya Gowda,Female,1992-01-11,34,Teacher,High School,Married,B-,Indian,Bengaluru Urban,PS0124
P006753,Lakshmi Kulkarni,Female,1996-06-29,30,Unemployed,PUC,Divorced,AB+,Indian,Chamarajanagar,PS0201
P006754,Harini Hiremath,Female,1970-01-01,56,Teacher,Graduate,Single,O-,Indian,Ballari,PS0042
P006755,Kusuma Poojary,Female,1983-11-23,42,Driver,Diploma,Widowed,O-,Indian,Belagavi,PS0047
P006756,Bhavya Kulkarni,Female,1983-03-26,43,Farmer,High School,Divorced,O+,Indian,Bengaluru Urban,PS0115
P006757,Ravi Rao,Male,1993-05-30,33,Government Employee,Post Graduate,Widowed,AB-,Indian,Bengaluru Rural,PS0082
P006758,Kavya Rao,Female,1962-03-15,64,Student,Primary,Married,B+,Indian,Belagavi,PS0054
P006759,Vijay Sharma,Male,2001-04-11,25,Government Employee,Graduate,Married,AB+,Indian,Ballari,PS0032
P006760,Rohit Bhat,Male,1980-10-08,45,Mechanic,PUC,Divorced,AB+,Indian,Bengaluru Urban,PS0136
P006761,Sunitha Verma,Female,1980-11-19,45,Security Guard,PUC,Widowed,B-,Indian,Bengaluru Rural,PS0085
P006762,Prakash Patil,Male,1988-05-05,38,Electrician,PUC,Single,B-,Indian,Bidar,PS0164
P006763,Rekha Sharma,Female,1985-06-20,41,Driver,Primary,Divorced,A-,Indian,Bengaluru Rural,PS0106
P006764,Lakshmi Bhat,Female,1989-01-26,37,Labour,No Formal Education,Widowed,B+,Indian,Bidar,PS0187
P006765,Nandini Naik,Female,1987-02-10,39,Government Employee,Graduate,Widowed,A-,Indian,Bengaluru Rural,PS0091
P006766,Ravi Gowda,Male,1961-11-22,64,Engineer,PUC,Single,B+,Indian,Bagalkote,PS0001
P006767,Kiran Patil,Male,1973-10-22,52,Security Guard,Graduate,Divorced,A-,Indian,Bengaluru Urban,PS0144
P006768,Kiran Singh,Male,2000-12-08,25,Police,High School,Married,B+,Indian,Bengaluru Rural,PS0070
P006769,Asha Naik,Female,1978-06-26,48,Teacher,High School,Widowed,B-,Indian,Chamarajanagar,PS0219
P006770,Suresh Patil,Male,1965-03-17,61,Electrician,Diploma,Divorced,B-,Indian,Bengaluru Rural,PS0108
P006771,Anjali Hegde,Female,1958-04-06,68,Lawyer,Graduate,Single,O+,Indian,Chamarajanagar,PS0231
P006772,Harini Verma,Female,1999-04-18,27,Shop Owner,No Formal Education,Single,A-,Indian,Bengaluru Rural,PS0077
P006773,Sunitha Angadi,Female,1964-01-04,62,Business,High School,Widowed,AB+,Indian,Bidar,PS0159
P006774,Ramesh Shetty,Male,1990-04-12,36,Business,Graduate,Divorced,AB+,Indian,Bengaluru Urban,PS0150
P006775,Radhika Gowda,Female,1973-08-17,52,Business,Post Graduate,Married,A-,Indian,Belagavi,PS0050
P006776,Shivakumar Hegde,Male,1994-11-15,31,Doctor,PhD,Married,B+,Indian,Bidar,PS0170
P006777,Pradeep Kambali,Male,1963-12-28,62,Software Engineer,Diploma,Divorced,AB-,Indian,Ballari,PS0031
P006778,Harish Kambali,Male,1997-02-06,29,Labour,High School,Widowed,A+,Indian,Chamarajanagar,PS0209
P006779,Ramesh Hegde,Male,1993-07-13,33,Electrician,No Formal Education,Married,A+,Indian,Bengaluru Rural,PS0081
P006780,Sowmya Angadi,Female,1962-01-09,64,Unemployed,Graduate,Single,O-,Indian,Chikkaballapura,PS0239
P006781,Nandini Hiremath,Female,1990-03-02,36,Security Guard,PUC,Single,A-,Indian,Chamarajanagar,PS0203
P006782,Harini Verma,Female,1979-06-25,47,Nurse,Primary,Married,B-,Indian,Bengaluru Urban,PS0129
P006783,Lokesh Kumar,Male,1958-03-29,68,Teacher,Diploma,Single,AB-,Indian,Bengaluru Rural,PS0083
P006784,Anjali Poojary,Female,1984-04-28,42,Mechanic,Post Graduate,Married,O-,Indian,Belagavi,PS0052
P006785,Naveen Rao,Male,1973-03-09,53,Driver,PhD,Single,B+,Indian,Bengaluru Rural,PS0106
P006786,Shreya Singh,Female,2000-01-02,26,Labour,Graduate,Divorced,B-,Indian,Bagalkote,PS0023
P006787,Rohit Desai,Male,1969-06-30,57,Doctor,No Formal Education,Widowed,AB-,Indian,Chikkaballapura,PS0237
P006788,Suraj Angadi,Male,1977-09-14,48,Sales Executive,PUC,Widowed,AB-,Indian,Bengaluru Rural,PS0080
P006789,Sangeetha Rao,Female,1962-01-05,64,Student,Graduate,Divorced,O-,Indian,Bengaluru Rural,PS0079
P006790,Divya Gowda,Female,1973-05-20,53,Engineer,High School,Widowed,AB-,Indian,Belagavi,PS0046
P006791,Kavya Kambali,Female,2003-12-19,22,Security Guard,Graduate,Widowed,O-,Indian,Bagalkote,PS0020
P006792,Naveen Pujari,Male,1981-11-10,44,Business,Diploma,Married,B-,Indian,Ballari,PS0035
P006793,Ajay Hiremath,Male,1979-10-23,46,Carpenter,High School,Single,B+,Indian,Chamarajanagar,PS0203
P006794,Rekha Kambali,Female,1993-11-13,32,Engineer,Post Graduate,Married,A+,Indian,Chamarajanagar,PS0225
P006795,Ravi Gowda,Male,1979-06-14,47,Engineer,Primary,Divorced,A-,Indian,Bagalkote,PS0016
P006796,Sangeetha Naik,Female,1981-03-07,45,Student,Graduate,Single,AB-,Indian,Chamarajanagar,PS0209
P006797,Darshan Reddy,Male,1976-09-21,49,Lawyer,PhD,Divorced,B+,Indian,Bengaluru Urban,PS0134
P006798,Nisha Singh,Female,1977-11-05,48,Doctor,High School,Married,O+,Indian,Chamarajanagar,PS0195
P006799,Keerthi Patil,Female,1983-09-25,42,Lawyer,PUC,Married,AB+,Indian,Bidar,PS0153
P006800,Lakshmi Angadi,Female,1990-09-10,35,Student,Diploma,Married,AB+,Indian,Chamarajanagar,PS0234
P006801,Ravi Reddy,Male,1995-09-09,30,Electrician,Diploma,Married,AB-,Indian,Belagavi,PS0049
P006802,Sanjay Desai,Male,2002-05-12,24,Carpenter,High School,Widowed,O+,Indian,Belagavi,PS0069
P006803,Rahul Hiremath,Male,1963-10-13,62,Shop Owner,Primary,Married,B+,Indian,Ballari,PS0030
P006804,Vidya Desai,Female,1989-12-21,36,Farmer,Diploma,Married,A+,Indian,Bagalkote,PS0019
P006805,Priya Shetty,Female,1955-09-20,70,Unemployed,PhD,Single,O+,Indian,Chamarajanagar,PS0199
P006806,Prakash Naik,Male,1983-07-18,43,Unemployed,Primary,Single,O-,Indian,Belagavi,PS0049
P006807,Anitha Rao,Female,1976-02-24,50,Farmer,PhD,Single,B+,Indian,Bengaluru Rural,PS0103
P006808,Lakshmi Sharma,Female,1999-10-03,26,Unemployed,PhD,Single,O+,Indian,Belagavi,PS0056
P006809,Suraj Siddiqui,Male,1976-02-22,50,Sales Executive,PhD,Divorced,O-,Indian,Bengaluru Rural,PS0078
P006810,Abhishek Kulkarni,Male,1972-10-16,53,Sales Executive,Primary,Widowed,B+,Indian,Bengaluru Rural,PS0075
P006811,Darshan Naik,Male,1984-01-03,42,Police,PUC,Married,A+,Indian,Bidar,PS0163
P006812,Ramesh Shetty,Male,1985-03-15,41,Nurse,Post Graduate,Divorced,O-,Indian,Chikkaballapura,PS0237
P006813,Divya Rao,Female,1976-02-29,50,Doctor,Primary,Divorced,A-,Indian,Bidar,PS0160
P006814,Sowmya Sharma,Female,1981-01-28,45,Shop Owner,Diploma,Married,B+,Indian,Bengaluru Rural,PS0081
P006815,Anitha Singh,Female,1972-09-19,53,Doctor,Graduate,Divorced,B-,Indian,Bengaluru Urban,PS0110
P006816,Sanjay Angadi,Male,1957-08-19,68,Business,Diploma,Single,B-,Indian,Bidar,PS0183
P006817,Prakash Desai,Male,1985-09-26,40,Business,Post Graduate,Widowed,O-,Indian,Chikkaballapura,PS0237
P006818,Ramesh Desai,Male,1982-06-19,44,Labour,PUC,Divorced,A-,Indian,Bagalkote,PS0021
P006819,Swathi Shetty,Female,1971-06-27,55,Mechanic,High School,Married,B+,Indian,Bengaluru Urban,PS0111
P006820,Roopa Rao,Female,1982-09-14,43,Mechanic,Graduate,Married,O-,Indian,Bengaluru Rural,PS0077
P006821,Pradeep Joshi,Male,1991-06-15,35,Software Engineer,PhD,Widowed,AB-,Indian,Bidar,PS0181
P006822,Chetan Sharma,Male,1986-02-01,40,Driver,Primary,Widowed,A+,Indian,Bengaluru Urban,PS0125
P006823,Megha Kumar,Female,1993-11-12,32,Electrician,Primary,Married,B-,Indian,Chamarajanagar,PS0232
P006824,Naveen Joshi,Male,1958-09-02,67,Teacher,Diploma,Divorced,O-,Indian,Belagavi,PS0063
P006825,Rahul Verma,Male,1984-12-19,41,Student,Primary,Widowed,B-,Indian,Bidar,PS0182
P006826,Vinay Siddiqui,Male,1956-11-16,69,Business,Diploma,Single,AB+,Indian,Chikkaballapura,PS0235
P006827,Shivakumar Kumar,Male,1986-01-23,40,Teacher,Post Graduate,Widowed,B-,Indian,Bidar,PS0160
P006828,Megha Shetty,Female,1996-09-01,29,Teacher,Primary,Married,O+,Indian,Chikkaballapura,PS0235
P006829,Roopa Hegde,Female,1980-07-23,46,Business,Post Graduate,Widowed,O+,Indian,Bengaluru Urban,PS0130
P006830,Radhika Singh,Female,1997-12-14,28,Electrician,Post Graduate,Widowed,B+,Indian,Chamarajanagar,PS0196
P006831,Radhika Pujari,Female,1991-08-20,34,Business,No Formal Education,Single,B-,Indian,Bidar,PS0186
P006832,Vijay Patil,Male,1998-10-18,27,Unemployed,High School,Single,O-,Indian,Chamarajanagar,PS0226
P006833,Akash Siddiqui,Male,1992-05-31,34,Government Employee,Primary,Widowed,A-,Indian,Bengaluru Rural,PS0099
P006834,Kusuma Angadi,Female,1980-05-26,46,Unemployed,Primary,Divorced,A-,Indian,Bagalkote,PS0006
P006835,Sangeetha Verma,Female,1986-10-27,39,Labour,Primary,Widowed,A+,Indian,Bidar,PS0156
P006836,Ravi Bhat,Male,2007-04-27,19,Carpenter,High School,Widowed,A+,Indian,Chamarajanagar,PS0209
P006837,Sowmya Shetty,Female,1969-02-23,57,Mechanic,PhD,Divorced,O+,Indian,Chikkaballapura,PS0238
P006838,Suraj Reddy,Male,1955-12-20,70,Security Guard,Post Graduate,Widowed,A-,Indian,Bagalkote,PS0008
P006839,Radhika Shetty,Female,1972-01-17,54,Driver,Graduate,Widowed,A+,Indian,Chikkaballapura,PS0246
P006840,Vidya Gowda,Female,1992-12-31,33,Security Guard,No Formal Education,Married,A+,Indian,Bengaluru Rural,PS0100
P006841,Suraj Poojary,Male,1961-05-21,65,Doctor,High School,Single,B+,Indian,Belagavi,PS0065
P006842,Lakshmi Kumar,Female,1967-06-20,59,Police,Graduate,Divorced,A-,Indian,Chikkaballapura,PS0241
P006843,Sanjay Siddiqui,Male,1968-10-27,57,Engineer,PhD,Married,B+,Indian,Bidar,PS0181
P006844,Arjun Rao,Male,1976-10-03,49,Software Engineer,High School,Married,B-,Indian,Chamarajanagar,PS0231
P006845,Divya Naik,Female,1965-10-06,60,Police,PhD,Widowed,B-,Indian,Bidar,PS0153
P006846,Radhika Shetty,Female,1994-05-21,32,Shop Owner,PhD,Widowed,O-,Indian,Chamarajanagar,PS0212
P006847,Vijay Desai,Male,1955-09-09,70,Shop Owner,Diploma,Married,B+,Indian,Bengaluru Rural,PS0071
P006848,Vidya Singh,Female,1984-07-08,42,Farmer,Diploma,Divorced,AB+,Indian,Chikkaballapura,PS0242
P006849,Swathi Verma,Female,1979-04-17,47,Business,No Formal Education,Widowed,B+,Indian,Chamarajanagar,PS0231
P006850,Mahesh Pujari,Male,1960-10-17,65,Electrician,Diploma,Single,O-,Indian,Bengaluru Rural,PS0077
P006851,Arjun Shetty,Male,2007-12-12,18,Mechanic,Primary,Single,B-,Indian,Bengaluru Rural,PS0073
P006852,Abhishek Kumar,Male,2001-06-12,25,Lawyer,PUC,Married,A-,Indian,Bengaluru Urban,PS0144
P006853,Divya Hiremath,Female,2004-04-25,22,Farmer,Primary,Widowed,O+,Indian,Bengaluru Rural,PS0078
P006854,Ramesh Kumar,Male,1985-04-15,41,Student,PhD,Divorced,AB-,Indian,Chamarajanagar,PS0209
P006855,Shivakumar Bhat,Male,1980-05-18,46,Police,High School,Widowed,A-,Indian,Chamarajanagar,PS0199
P006856,Sanjay Kambali,Male,1955-07-15,71,Teacher,Diploma,Divorced,A-,Indian,Bengaluru Rural,PS0105
P006857,Divya Desai,Female,1974-02-12,52,Labour,High School,Divorced,A+,Indian,Chikkaballapura,PS0250
P006858,Kusuma Naik,Female,1993-05-20,33,Police,High School,Married,A-,Indian,Bengaluru Rural,PS0077
P006859,Vinay Kumar,Male,1983-09-21,42,Government Employee,Diploma,Single,A+,Indian,Bagalkote,PS0024
P006860,Vinay Singh,Male,1969-03-29,57,Driver,Post Graduate,Divorced,AB+,Indian,Belagavi,PS0058
P006861,Pradeep Hegde,Male,1966-07-16,60,Software Engineer,PUC,Divorced,A-,Indian,Bengaluru Urban,PS0113
P006862,Nisha Hegde,Female,1999-03-27,27,Mechanic,Primary,Single,O+,Indian,Bengaluru Rural,PS0083
P006863,Vidya Joshi,Female,1993-11-29,32,Labour,Diploma,Widowed,A-,Indian,Bengaluru Urban,PS0152
P006864,Akash Angadi,Male,1960-04-07,66,Farmer,No Formal Education,Married,A-,Indian,Bidar,PS0189
P006865,Sowmya Hegde,Female,1965-11-01,60,Farmer,Graduate,Single,A-,Indian,Bidar,PS0191
P006866,Kiran Bhat,Male,1989-06-13,37,Engineer,High School,Married,AB-,Indian,Chamarajanagar,PS0199
P006867,Naveen Siddiqui,Male,1990-08-20,35,Mechanic,High School,Single,A-,Indian,Belagavi,PS0051
P006868,Kavya Kambali,Female,1965-03-14,61,Teacher,PUC,Divorced,O+,Indian,Belagavi,PS0055
P006869,Basavaraj Reddy,Male,1990-10-22,35,Government Employee,Post Graduate,Widowed,A+,Indian,Bengaluru Urban,PS0147
P006870,Harish Naik,Male,1990-08-15,35,Shop Owner,High School,Widowed,AB+,Indian,Bengaluru Rural,PS0070
P006871,Sowmya Verma,Female,1963-01-16,63,Shop Owner,Primary,Married,B-,Indian,Bidar,PS0166
P006872,Nandini Verma,Female,1959-02-06,67,Software Engineer,Primary,Single,AB+,Indian,Belagavi,PS0048
P006873,Nisha Kumar,Female,2004-10-08,21,Student,High School,Married,A-,Indian,Bidar,PS0191
P006874,Kiran Reddy,Male,1981-09-28,44,Mechanic,High School,Divorced,A-,Indian,Ballari,PS0036
P006875,Sangeetha Sharma,Female,1956-11-16,69,Lawyer,Diploma,Divorced,O+,Indian,Belagavi,PS0060
P006876,Harini Siddiqui,Female,2007-10-25,18,Electrician,High School,Divorced,O+,Indian,Chamarajanagar,PS0207
P006877,Suraj Hiremath,Male,1956-05-29,70,Student,Primary,Widowed,O+,Indian,Bidar,PS0180
P006878,Vijay Joshi,Male,1987-04-09,39,Student,No Formal Education,Divorced,A-,Indian,Bidar,PS0168
P006879,Divya Reddy,Female,1972-10-09,53,Engineer,PUC,Single,O-,Indian,Belagavi,PS0052
P006880,Kusuma Desai,Female,1961-04-30,65,Government Employee,No Formal Education,Widowed,A-,Indian,Bidar,PS0190
P006881,Roopa Desai,Female,2004-11-29,21,Lawyer,Post Graduate,Divorced,B+,Indian,Bengaluru Rural,PS0071
P006882,Lokesh Pujari,Male,1998-11-06,27,Teacher,Diploma,Single,A-,Indian,Belagavi,PS0067
P006883,Preethi Desai,Female,1967-07-14,59,Police,Diploma,Divorced,AB+,Indian,Chikkaballapura,PS0246
P006884,Naveen Kulkarni,Male,1994-06-20,32,Teacher,Diploma,Widowed,O-,Indian,Bagalkote,PS0007
P006885,Rohit Sharma,Male,2006-03-14,20,Labour,PUC,Widowed,B+,Indian,Chamarajanagar,PS0227
P006886,Pradeep Hiremath,Male,1961-09-03,64,Labour,No Formal Education,Divorced,AB+,Indian,Bidar,PS0166
P006887,Vinay Shetty,Male,1972-05-18,54,Doctor,No Formal Education,Single,O-,Indian,Chamarajanagar,PS0197
P006888,Pradeep Desai,Male,1992-12-28,33,Mechanic,Post Graduate,Married,O-,Indian,Chamarajanagar,PS0224
P006889,Kiran Kambali,Male,1987-07-27,38,Shop Owner,PUC,Divorced,AB+,Indian,Ballari,PS0044
P006890,Basavaraj Bhat,Male,1998-03-11,28,Engineer,Graduate,Widowed,A-,Indian,Bagalkote,PS0010
P006891,Siddu Singh,Male,1983-07-01,43,Nurse,Graduate,Widowed,AB+,Indian,Bidar,PS0164
P006892,Darshan Singh,Male,1983-04-23,43,Nurse,Post Graduate,Widowed,O-,Indian,Bagalkote,PS0023
P006893,Naveen Verma,Male,1965-01-22,61,Doctor,Primary,Married,A+,Indian,Chamarajanagar,PS0196
P006894,Priya Naik,Female,2001-11-10,24,Student,Graduate,Married,AB-,Indian,Bagalkote,PS0010
P006895,Nandini Siddiqui,Female,2007-11-26,18,Driver,Post Graduate,Married,AB-,Indian,Chamarajanagar,PS0201
P006896,Sneha Kulkarni,Female,1996-04-22,30,Labour,Primary,Divorced,A+,Indian,Chamarajanagar,PS0203
P006897,Ramesh Kulkarni,Male,2001-01-17,25,Lawyer,No Formal Education,Widowed,A-,Indian,Belagavi,PS0050
P006898,Roopa Siddiqui,Female,2001-05-04,25,Business,No Formal Education,Divorced,B-,Indian,Bengaluru Urban,PS0152
P006899,Sneha Shetty,Female,1999-07-01,27,Shop Owner,Graduate,Married,B+,Indian,Belagavi,PS0047
P006900,Pradeep Kumar,Male,1960-10-16,65,Police,PUC,Married,A+,Indian,Bengaluru Rural,PS0108
P006901,Ajay Kumar,Male,1959-04-04,67,Police,PhD,Widowed,AB-,Indian,Bengaluru Urban,PS0123
P006902,Geetha Hiremath,Female,1956-06-04,70,Farmer,Diploma,Single,AB-,Indian,Chamarajanagar,PS0229
P006903,Swathi Kumar,Female,1968-04-13,58,Software Engineer,PhD,Widowed,A+,Indian,Bidar,PS0182
P006904,Lokesh Hegde,Male,1960-01-20,66,Teacher,PhD,Single,AB+,Indian,Bengaluru Urban,PS0136
P006905,Lakshmi Desai,Female,1961-02-06,65,Unemployed,Primary,Married,O+,Indian,Bidar,PS0172
P006906,Sowmya Kambali,Female,1971-11-03,54,Nurse,High School,Widowed,O+,Indian,Bagalkote,PS0008
P006907,Suresh Rao,Male,1989-11-19,36,Sales Executive,PhD,Single,O-,Indian,Bengaluru Urban,PS0128
P006908,Swathi Shetty,Female,1991-11-17,34,Security Guard,Diploma,Married,O+,Indian,Belagavi,PS0046
P006909,Prakash Joshi,Male,2003-06-21,23,Unemployed,PhD,Single,AB+,Indian,Chamarajanagar,PS0199
P006910,Pradeep Patil,Male,1978-02-17,48,Carpenter,High School,Widowed,O-,Indian,Bagalkote,PS0013
P006911,Prakash Gowda,Male,2002-11-02,23,Government Employee,Graduate,Divorced,A+,Indian,Chamarajanagar,PS0232
P006912,Shreya Shetty,Female,1978-10-27,47,Electrician,Primary,Widowed,O-,Indian,Bidar,PS0180
P006913,Kusuma Kumar,Female,1964-02-06,62,Police,Primary,Married,O-,Indian,Bengaluru Urban,PS0122
P006914,Harish Joshi,Male,1962-03-29,64,Electrician,High School,Single,A-,Indian,Ballari,PS0037
P006915,Ajay Angadi,Male,2003-04-06,23,Electrician,PUC,Married,A-,Indian,Bengaluru Rural,PS0102
P006916,Priya Bhat,Female,1990-01-10,36,Driver,Diploma,Widowed,O+,Indian,Bidar,PS0182
P006917,Basavaraj Kulkarni,Male,1994-06-24,32,Driver,PUC,Widowed,B+,Indian,Chamarajanagar,PS0209
P006918,Nisha Sharma,Female,1959-04-03,67,Mechanic,No Formal Education,Married,AB+,Indian,Bengaluru Urban,PS0132
P006919,Sunitha Bhat,Female,1982-10-20,43,Nurse,Diploma,Married,B+,Indian,Chamarajanagar,PS0221
P006920,Puneeth Gowda,Male,1983-11-17,42,Electrician,Post Graduate,Widowed,A-,Indian,Belagavi,PS0062
P006921,Keerthi Rao,Female,1960-02-19,66,Government Employee,No Formal Education,Single,AB+,Indian,Bagalkote,PS0015
P006922,Keerthi Singh,Female,1961-02-11,65,Sales Executive,No Formal Education,Divorced,A-,Indian,Bengaluru Rural,PS0086
P006923,Abhishek Gowda,Male,1974-04-28,52,Software Engineer,Post Graduate,Married,AB-,Indian,Bengaluru Urban,PS0139
P006924,Rekha Desai,Female,1966-12-06,59,Doctor,No Formal Education,Single,B+,Indian,Bagalkote,PS0022
P006925,Prakash Verma,Male,2007-12-18,18,Carpenter,Graduate,Single,A+,Indian,Chikkaballapura,PS0250
P006926,Abhishek Joshi,Male,1981-09-19,44,Lawyer,Primary,Divorced,O+,Indian,Bengaluru Urban,PS0133
P006927,Roopa Sharma,Female,1958-09-14,67,Software Engineer,PhD,Married,O-,Indian,Chamarajanagar,PS0213
P006928,Shreya Patil,Female,1971-10-24,54,Student,High School,Single,O-,Indian,Chikkaballapura,PS0237
P006929,Harini Hiremath,Female,1971-01-18,55,Shop Owner,PUC,Single,AB-,Indian,Bagalkote,PS0013
P006930,Harish Kumar,Male,1965-07-18,61,Police,PhD,Widowed,A+,Indian,Bagalkote,PS0008
P006931,Pooja Kumar,Female,1974-06-05,52,Teacher,Diploma,Married,B+,Indian,Chikkaballapura,PS0249
P006932,Chetan Verma,Male,1998-03-17,28,Software Engineer,Post Graduate,Widowed,O-,Indian,Bagalkote,PS0005
P006933,Bhavya Desai,Female,2003-12-03,22,Carpenter,PUC,Married,AB+,Indian,Ballari,PS0032
P006934,Abhishek Bhat,Male,2000-05-03,26,Electrician,High School,Widowed,A+,Indian,Bengaluru Urban,PS0130
P006935,Keerthi Kulkarni,Female,1997-09-22,28,Electrician,Post Graduate,Divorced,AB-,Indian,Ballari,PS0040
P006936,Harini Kulkarni,Female,1990-05-23,36,Electrician,Graduate,Single,B+,Indian,Ballari,PS0034
P006937,Sneha Verma,Female,2005-12-10,20,Police,Diploma,Widowed,B+,Indian,Chamarajanagar,PS0227
P006938,Divya Desai,Female,1986-01-11,40,Teacher,High School,Widowed,B-,Indian,Bengaluru Rural,PS0107
P006939,Anjali Reddy,Female,2004-05-30,22,Sales Executive,PhD,Widowed,B-,Indian,Chikkaballapura,PS0240
P006940,Anitha Reddy,Female,1979-07-23,47,Electrician,PhD,Widowed,O-,Indian,Bagalkote,PS0016
P006941,Keerthi Singh,Female,1972-08-28,53,Security Guard,PhD,Single,A+,Indian,Bagalkote,PS0012
P006942,Rohit Pujari,Male,2003-03-02,23,Sales Executive,High School,Widowed,O-,Indian,Belagavi,PS0056
P006943,Kavya Singh,Female,2003-05-22,23,Mechanic,Post Graduate,Widowed,AB+,Indian,Ballari,PS0036
P006944,Rahul Hegde,Male,1957-09-23,68,Carpenter,PhD,Divorced,O+,Indian,Bengaluru Rural,PS0091
P006945,Manoj Reddy,Male,1991-05-11,35,Business,Diploma,Widowed,AB-,Indian,Bengaluru Rural,PS0109
P006946,Ravi Desai,Male,1983-07-12,43,Farmer,Graduate,Married,A-,Indian,Chamarajanagar,PS0206
P006947,Rohit Bhat,Male,1961-06-08,65,Police,High School,Widowed,A+,Indian,Bagalkote,PS0003
P006948,Roopa Pujari,Female,1993-04-29,33,Carpenter,Primary,Divorced,O+,Indian,Bengaluru Urban,PS0136
P006949,Vidya Gowda,Female,1964-03-12,62,Government Employee,No Formal Education,Divorced,B-,Indian,Belagavi,PS0066
P006950,Keerthi Gowda,Female,1964-08-07,61,Carpenter,Graduate,Married,B+,Indian,Bengaluru Rural,PS0076
P006951,Megha Reddy,Female,1966-12-30,59,Lawyer,Post Graduate,Divorced,AB-,Indian,Chamarajanagar,PS0197
P006952,Pradeep Angadi,Male,1987-05-31,39,Government Employee,PhD,Married,AB-,Indian,Belagavi,PS0064
P006953,Mahesh Kambali,Male,1976-05-24,50,Teacher,No Formal Education,Married,B+,Indian,Bidar,PS0162
P006954,Rekha Naik,Female,1962-05-28,64,Business,Primary,Single,A+,Indian,Chamarajanagar,PS0193
P006955,Rohit Joshi,Male,2001-07-19,25,Engineer,No Formal Education,Divorced,O-,Indian,Bengaluru Urban,PS0142
P006956,Geetha Hegde,Female,1987-04-16,39,Sales Executive,PhD,Married,AB+,Indian,Bengaluru Urban,PS0139
P006957,Manoj Kambali,Male,1971-03-11,55,Police,Primary,Married,B+,Indian,Belagavi,PS0061
P006958,Ravi Siddiqui,Male,1976-08-16,49,Labour,Post Graduate,Divorced,B-,Indian,Chikkaballapura,PS0240
P006959,Preethi Pujari,Female,1955-11-22,70,Mechanic,Diploma,Widowed,O-,Indian,Bidar,PS0166
P006960,Manoj Hiremath,Male,1995-08-28,30,Carpenter,Diploma,Divorced,O+,Indian,Ballari,PS0030
P006961,Vinay Naik,Male,1972-01-03,54,Sales Executive,No Formal Education,Married,AB+,Indian,Chamarajanagar,PS0211
P006962,Bhavya Angadi,Female,2002-02-13,24,Lawyer,Graduate,Single,A+,Indian,Bengaluru Urban,PS0117
P006963,Bhavya Kumar,Female,2006-06-19,20,Electrician,PhD,Married,A+,Indian,Bagalkote,PS0015
P006964,Sneha Singh,Female,1981-02-08,45,Nurse,Graduate,Widowed,B+,Indian,Belagavi,PS0062
P006965,Asha Bhat,Female,1989-11-19,36,Police,Primary,Married,AB+,Indian,Bagalkote,PS0025
P006966,Darshan Gowda,Male,2006-12-18,19,Driver,PhD,Divorced,B-,Indian,Bidar,PS0161
P006967,Sanjay Pujari,Male,1963-04-05,63,Doctor,High School,Married,A+,Indian,Chamarajanagar,PS0216
P006968,Abhishek Reddy,Male,1985-08-12,40,Farmer,High School,Divorced,A-,Indian,Bengaluru Rural,PS0080
P006969,Mahesh Pujari,Male,1980-01-08,46,Engineer,Graduate,Divorced,A-,Indian,Chikkaballapura,PS0237
P006970,Roopa Hegde,Female,1969-10-26,56,Police,PhD,Single,A+,Indian,Bengaluru Rural,PS0104
P006971,Nandini Poojary,Female,1988-05-09,38,Doctor,No Formal Education,Single,B-,Indian,Bengaluru Urban,PS0119
P006972,Akash Singh,Male,1957-05-21,69,Government Employee,PUC,Divorced,O-,Indian,Chikkaballapura,PS0237
P006973,Nisha Shetty,Female,1993-03-26,33,Sales Executive,Diploma,Divorced,O+,Indian,Ballari,PS0034
P006974,Anitha Sharma,Female,1961-12-18,64,Engineer,PUC,Married,B-,Indian,Bidar,PS0187
P006975,Ravi Kulkarni,Male,1978-02-08,48,Police,PhD,Widowed,O-,Indian,Bengaluru Rural,PS0105
P006976,Arjun Kulkarni,Male,2004-02-29,22,Carpenter,High School,Single,O+,Indian,Bengaluru Urban,PS0150
P006977,Sunitha Hegde,Female,1992-08-22,33,Shop Owner,High School,Married,AB+,Indian,Bidar,PS0166
P006978,Rohit Patil,Male,1962-03-04,64,Teacher,Graduate,Divorced,B-,Indian,Bengaluru Urban,PS0140
P006979,Pradeep Rao,Male,1956-11-17,69,Government Employee,Primary,Divorced,A-,Indian,Belagavi,PS0049
P006980,Abhishek Hegde,Male,1996-12-05,29,Student,Post Graduate,Widowed,A+,Indian,Bengaluru Urban,PS0135
P006981,Nandini Angadi,Female,1971-09-23,54,Electrician,Diploma,Divorced,AB+,Indian,Belagavi,PS0052
P006982,Swathi Siddiqui,Female,1994-04-21,32,Doctor,Primary,Married,A-,Indian,Ballari,PS0026
P006983,Vidya Singh,Female,2002-03-24,24,Government Employee,PUC,Single,A+,Indian,Bidar,PS0185
P006984,Suraj Shetty,Male,1989-09-26,36,Electrician,Graduate,Widowed,B-,Indian,Bidar,PS0170
P006985,Shreya Pujari,Female,1980-09-21,45,Software Engineer,PUC,Single,A+,Indian,Bagalkote,PS0012
P006986,Ramesh Kulkarni,Male,2004-10-09,21,Software Engineer,PhD,Married,O+,Indian,Bengaluru Rural,PS0098
P006987,Darshan Shetty,Male,1997-06-26,29,Software Engineer,No Formal Education,Married,O-,Indian,Bidar,PS0187
P006988,Lokesh Patil,Male,1989-11-20,36,Electrician,High School,Single,A+,Indian,Chikkaballapura,PS0247
P006989,Vijay Kambali,Male,1994-05-16,32,Driver,No Formal Education,Widowed,B-,Indian,Chikkaballapura,PS0237
P006990,Shreya Siddiqui,Female,1982-08-05,43,Security Guard,PhD,Single,O+,Indian,Chamarajanagar,PS0198
P006991,Preethi Angadi,Female,1955-03-28,71,Farmer,Post Graduate,Divorced,B-,Indian,Bengaluru Rural,PS0106
P006992,Prakash Singh,Male,1967-11-17,58,Business,Graduate,Single,B+,Indian,Bidar,PS0173
P006993,Rohit Naik,Male,2000-08-23,25,Government Employee,No Formal Education,Single,A+,Indian,Bidar,PS0169
P006994,Ravi Patil,Male,1971-01-15,55,Teacher,No Formal Education,Divorced,B-,Indian,Belagavi,PS0064
P006995,Puneeth Shetty,Male,1958-10-25,67,Shop Owner,PUC,Divorced,O+,Indian,Bagalkote,PS0025
P006996,Ganesh Hiremath,Male,2002-05-26,24,Student,Diploma,Widowed,O+,Indian,Chamarajanagar,PS0226
P006997,Shivakumar Verma,Male,1965-06-15,61,Student,Primary,Divorced,O-,Indian,Bengaluru Urban,PS0128
P006998,Ajay Verma,Male,1986-08-14,39,Security Guard,Primary,Single,O-,Indian,Bidar,PS0189
P006999,Sanjay Gowda,Male,1990-03-08,36,Labour,Graduate,Single,O+,Indian,Chamarajanagar,PS0217
P007000,Keerthi Singh,Female,1958-06-23,68,Driver,PhD,Married,A-,Indian,Belagavi,PS0068
P007001,Priya Sharma,Female,1986-04-03,40,Engineer,High School,Divorced,AB-,Indian,Bagalkote,PS0002
P007002,Mahesh Rao,Male,1966-05-12,60,Sales Executive,No Formal Education,Divorced,B+,Indian,Bengaluru Urban,PS0149
P007003,Divya Singh,Female,1978-01-26,48,Carpenter,Post Graduate,Divorced,O+,Indian,Bengaluru Rural,PS0106
P007004,Bhavya Verma,Female,1990-07-30,35,Lawyer,Post Graduate,Single,AB+,Indian,Chikkaballapura,PS0246
P007005,Pradeep Pujari,Male,1982-05-13,44,Student,No Formal Education,Single,A+,Indian,Belagavi,PS0048
P007006,Ramesh Verma,Male,1978-08-09,47,Business,PhD,Divorced,O-,Indian,Belagavi,PS0053
P007007,Rahul Poojary,Male,1976-07-21,50,Mechanic,High School,Married,B+,Indian,Chamarajanagar,PS0207
P007008,Naveen Kambali,Male,1975-01-03,51,Police,PhD,Widowed,B+,Indian,Ballari,PS0036
P007009,Shivakumar Rao,Male,1976-02-10,50,Lawyer,Graduate,Single,A-,Indian,Ballari,PS0031
P007010,Asha Naik,Female,1997-03-25,29,Government Employee,Post Graduate,Divorced,O-,Indian,Bengaluru Urban,PS0145
P007011,Geetha Singh,Female,1962-01-16,64,Engineer,No Formal Education,Single,A+,Indian,Bengaluru Urban,PS0113
P007012,Radhika Reddy,Female,1965-12-30,60,Mechanic,Post Graduate,Married,AB+,Indian,Bengaluru Urban,PS0136
P007013,Radhika Sharma,Female,1974-04-24,52,Business,Diploma,Single,AB+,Indian,Bengaluru Rural,PS0101
P007014,Manoj Desai,Male,2007-10-30,18,Nurse,PUC,Single,AB-,Indian,Chikkaballapura,PS0246
P007015,Anitha Kulkarni,Female,2002-03-01,24,Engineer,No Formal Education,Widowed,AB-,Indian,Bengaluru Rural,PS0070
P007016,Sunitha Hegde,Female,1996-05-08,30,Carpenter,Primary,Married,A-,Indian,Bengaluru Rural,PS0082
P007017,Puneeth Kambali,Male,1967-03-09,59,Business,PhD,Single,AB+,Indian,Bengaluru Rural,PS0076
P007018,Asha Desai,Female,2003-02-01,23,Carpenter,No Formal Education,Single,B-,Indian,Chamarajanagar,PS0227
P007019,Vijay Pujari,Male,1987-11-30,38,Electrician,Primary,Divorced,B+,Indian,Bengaluru Rural,PS0079
P007020,Akash Desai,Male,1980-02-08,46,Carpenter,PhD,Single,A-,Indian,Bidar,PS0190
P007021,Kusuma Verma,Female,1977-05-24,49,Police,PhD,Single,A-,Indian,Belagavi,PS0068
P007022,Suresh Kulkarni,Male,1972-04-11,54,Nurse,No Formal Education,Divorced,AB+,Indian,Bengaluru Rural,PS0090
P007023,Divya Shetty,Female,1997-06-07,29,Security Guard,PUC,Single,A+,Indian,Bengaluru Urban,PS0138
P007024,Mahesh Shetty,Male,1998-02-08,28,Sales Executive,Graduate,Widowed,A+,Indian,Bidar,PS0163
P007025,Rekha Kumar,Female,1981-12-22,44,Farmer,Post Graduate,Widowed,A+,Indian,Belagavi,PS0064
P007026,Bhavya Desai,Female,1964-01-01,62,Doctor,High School,Married,A-,Indian,Bagalkote,PS0012
P007027,Vinay Hegde,Male,2000-02-05,26,Labour,Diploma,Married,AB-,Indian,Bengaluru Urban,PS0130
P007028,Rahul Hiremath,Male,1999-03-27,27,Carpenter,PUC,Married,O+,Indian,Ballari,PS0040
P007029,Kiran Joshi,Male,2006-11-17,19,Teacher,Post Graduate,Single,O+,Indian,Bengaluru Rural,PS0108
P007030,Darshan Poojary,Male,1983-09-09,42,Nurse,Post Graduate,Married,AB+,Indian,Bengaluru Rural,PS0086
P007031,Roopa Joshi,Female,1989-04-10,37,Lawyer,High School,Married,A+,Indian,Bagalkote,PS0020
P007032,Vidya Hiremath,Female,2006-06-10,20,Teacher,Graduate,Divorced,B-,Indian,Chamarajanagar,PS0224
P007033,Rahul Rao,Male,1986-05-16,40,Shop Owner,No Formal Education,Widowed,AB-,Indian,Belagavi,PS0067
P007034,Anitha Sharma,Female,1977-10-13,48,Electrician,Primary,Single,AB-,Indian,Chamarajanagar,PS0195
P007035,Suraj Kambali,Male,2004-01-06,22,Police,Primary,Married,O-,Indian,Bengaluru Urban,PS0118
P007036,Harish Verma,Male,2000-05-27,26,Business,Diploma,Single,O-,Indian,Chamarajanagar,PS0209
P007037,Manoj Pujari,Male,1962-02-01,64,Shop Owner,Primary,Widowed,O-,Indian,Bagalkote,PS0005
P007038,Vinay Verma,Male,1963-06-01,63,Farmer,No Formal Education,Married,AB+,Indian,Bidar,PS0165
P007039,Akash Gowda,Male,1999-02-02,27,Police,Post Graduate,Single,O-,Indian,Ballari,PS0040
P007040,Swathi Verma,Female,1978-06-24,48,Farmer,PhD,Single,AB+,Indian,Bengaluru Rural,PS0078
P007041,Rahul Gowda,Male,1957-07-15,69,Student,Primary,Married,B-,Indian,Bengaluru Urban,PS0122
P007042,Siddu Siddiqui,Male,1970-02-12,56,Farmer,Diploma,Single,AB+,Indian,Bengaluru Rural,PS0092
P007043,Rohit Reddy,Male,1977-03-07,49,Security Guard,High School,Single,AB-,Indian,Belagavi,PS0069
P007044,Sanjay Patil,Male,1996-10-24,29,Government Employee,High School,Divorced,AB+,Indian,Belagavi,PS0056
P007045,Chetan Verma,Male,1992-09-22,33,Electrician,Graduate,Widowed,A-,Indian,Chikkaballapura,PS0242
P007046,Shreya Kambali,Female,2006-06-11,20,Farmer,Graduate,Married,B-,Indian,Ballari,PS0041
P007047,Swathi Angadi,Female,1994-10-03,31,Electrician,PhD,Single,A-,Indian,Bengaluru Urban,PS0116
P007048,Sowmya Verma,Female,1965-08-25,60,Unemployed,High School,Single,B-,Indian,Bidar,PS0180
P007049,Ganesh Patil,Male,1988-09-20,37,Software Engineer,Post Graduate,Single,O-,Indian,Ballari,PS0031
P007050,Harini Reddy,Female,1967-03-02,59,Nurse,Post Graduate,Widowed,A-,Indian,Bengaluru Rural,PS0102
P007051,Sangeetha Hiremath,Female,2005-10-29,20,Driver,PhD,Widowed,A+,Indian,Ballari,PS0037
P007052,Rekha Desai,Female,1986-11-09,39,Sales Executive,Diploma,Widowed,AB-,Indian,Bengaluru Rural,PS0089
P007053,Keerthi Hegde,Female,1996-08-16,29,Government Employee,Post Graduate,Widowed,B-,Indian,Chikkaballapura,PS0236
P007054,Arjun Verma,Male,1983-07-16,43,Engineer,Post Graduate,Married,B-,Indian,Bengaluru Urban,PS0117
P007055,Abhishek Poojary,Male,1976-01-31,50,Police,PUC,Divorced,O-,Indian,Bengaluru Rural,PS0107
P007056,Rekha Reddy,Female,1970-10-06,55,Labour,PhD,Widowed,AB-,Indian,Bidar,PS0164
P007057,Kavya Verma,Female,1977-01-22,49,Shop Owner,Graduate,Divorced,O+,Indian,Ballari,PS0030
P007058,Puneeth Kulkarni,Male,1968-12-10,57,Doctor,PhD,Married,B+,Indian,Bengaluru Rural,PS0097
P007059,Vijay Rao,Male,1955-04-10,71,Carpenter,PhD,Married,A+,Indian,Bidar,PS0176
P007060,Pradeep Shetty,Male,2007-10-16,18,Software Engineer,Graduate,Widowed,O+,Indian,Chamarajanagar,PS0231
P007061,Arjun Pujari,Male,2001-11-20,24,Shop Owner,PUC,Widowed,A+,Indian,Bengaluru Rural,PS0074
P007062,Radhika Hiremath,Female,1961-02-20,65,Unemployed,No Formal Education,Widowed,B+,Indian,Bengaluru Rural,PS0080
P007063,Darshan Siddiqui,Male,1962-06-16,64,Software Engineer,Diploma,Married,AB+,Indian,Belagavi,PS0055
P007064,Radhika Reddy,Female,2005-07-04,21,Government Employee,Diploma,Widowed,A+,Indian,Bengaluru Urban,PS0115
P007065,Harini Desai,Female,1998-10-12,27,Farmer,Primary,Widowed,B+,Indian,Bengaluru Rural,PS0086
P007066,Radhika Pujari,Female,1983-05-15,43,Security Guard,Post Graduate,Married,AB+,Indian,Belagavi,PS0054
P007067,Suresh Kulkarni,Male,1959-03-21,67,Unemployed,Diploma,Single,O+,Indian,Bidar,PS0188
P007068,Chetan Desai,Male,1995-11-01,30,Driver,Diploma,Single,O+,Indian,Bagalkote,PS0012
P007069,Ravi Poojary,Male,1960-02-05,66,Doctor,PUC,Married,A-,Indian,Ballari,PS0026
P007070,Kusuma Desai,Female,1993-01-09,33,Sales Executive,No Formal Education,Single,A-,Indian,Chamarajanagar,PS0214
P007071,Anjali Verma,Female,1964-12-22,61,Student,Diploma,Divorced,B+,Indian,Ballari,PS0039
P007072,Vinay Reddy,Male,2001-04-07,25,Unemployed,No Formal Education,Married,B+,Indian,Chamarajanagar,PS0212
P007073,Vijay Naik,Male,2004-10-24,21,Security Guard,Post Graduate,Single,AB-,Indian,Bengaluru Urban,PS0115
P007074,Ramesh Bhat,Male,1989-07-09,37,Farmer,Primary,Widowed,B-,Indian,Bengaluru Urban,PS0136
P007075,Divya Poojary,Female,1978-01-13,48,Doctor,Diploma,Widowed,AB-,Indian,Bengaluru Urban,PS0114
P007076,Megha Hegde,Female,1962-09-15,63,Driver,PUC,Married,AB-,Indian,Bengaluru Urban,PS0148
P007077,Preethi Reddy,Female,1992-03-26,34,Electrician,Primary,Divorced,O+,Indian,Ballari,PS0035
P007078,Lakshmi Kumar,Female,1972-08-14,53,Nurse,PUC,Married,O+,Indian,Bidar,PS0158
P007079,Sowmya Desai,Female,1984-11-08,41,Student,No Formal Education,Widowed,AB+,Indian,Bidar,PS0159
P007080,Lakshmi Hegde,Female,1971-02-03,55,Carpenter,No Formal Education,Single,A-,Indian,Bidar,PS0153
P007081,Deepa Sharma,Female,1990-09-03,35,Lawyer,PhD,Single,O+,Indian,Chamarajanagar,PS0205
P007082,Radhika Singh,Female,1998-01-19,28,Government Employee,Primary,Married,AB+,Indian,Bengaluru Rural,PS0095
P007083,Suraj Hegde,Male,1968-06-06,58,Lawyer,Diploma,Widowed,AB+,Indian,Bidar,PS0173
P007084,Darshan Hegde,Male,1974-05-21,52,Software Engineer,No Formal Education,Single,AB+,Indian,Bengaluru Rural,PS0080
P007085,Prakash Reddy,Male,2001-09-19,24,Lawyer,No Formal Education,Widowed,B-,Indian,Bengaluru Rural,PS0091
P007086,Lokesh Joshi,Male,1991-04-01,35,Software Engineer,Primary,Married,B+,Indian,Bidar,PS0189
P007087,Divya Gowda,Female,1958-02-05,68,Electrician,Primary,Married,O+,Indian,Chikkaballapura,PS0246
P007088,Sunitha Sharma,Female,2001-05-01,25,Lawyer,PhD,Single,A-,Indian,Bengaluru Urban,PS0142
P007089,Chetan Kumar,Male,1987-07-06,39,Engineer,Primary,Widowed,B-,Indian,Bengaluru Rural,PS0099
P007090,Sanjay Patil,Male,1976-11-17,49,Nurse,High School,Divorced,B-,Indian,Bengaluru Rural,PS0080
P007091,Shivakumar Kambali,Male,1993-06-10,33,Software Engineer,PhD,Single,A-,Indian,Bengaluru Rural,PS0107
P007092,Pradeep Bhat,Male,2006-06-27,20,Farmer,High School,Married,A+,Indian,Bengaluru Urban,PS0147
P007093,Suresh Shetty,Male,1976-06-10,50,Shop Owner,Primary,Married,B+,Indian,Chamarajanagar,PS0214
P007094,Deepa Naik,Female,1992-03-07,34,Government Employee,Primary,Widowed,O-,Indian,Bagalkote,PS0016
P007095,Anjali Hiremath,Female,1994-03-07,32,Student,PhD,Single,A-,Indian,Chamarajanagar,PS0230
P007096,Sneha Angadi,Female,1968-05-25,58,Police,PUC,Divorced,A-,Indian,Chikkaballapura,PS0236
P007097,Puneeth Rao,Male,1987-06-03,39,Business,Primary,Divorced,B-,Indian,Bidar,PS0183
P007098,Shreya Shetty,Female,2003-10-02,22,Sales Executive,High School,Divorced,AB-,Indian,Belagavi,PS0057
P007099,Abhishek Joshi,Male,1957-07-07,69,Security Guard,Diploma,Single,AB+,Indian,Belagavi,PS0054
P007100,Roopa Poojary,Female,1963-01-30,63,Labour,High School,Married,A-,Indian,Bagalkote,PS0010
P007101,Suraj Bhat,Male,1989-08-23,36,Shop Owner,High School,Single,O+,Indian,Chamarajanagar,PS0213
P007102,Mahesh Patil,Male,1998-10-19,27,Student,PUC,Widowed,AB+,Indian,Bengaluru Rural,PS0084
P007103,Nisha Patil,Female,1969-07-26,56,Business,High School,Married,AB+,Indian,Bidar,PS0168
P007104,Shivakumar Singh,Male,1972-12-09,53,Sales Executive,PUC,Widowed,A-,Indian,Bidar,PS0166
P007105,Naveen Joshi,Male,1964-05-01,62,Electrician,Graduate,Married,O-,Indian,Chamarajanagar,PS0234
P007106,Nandini Kulkarni,Female,1955-09-01,70,Lawyer,Diploma,Widowed,AB+,Indian,Bidar,PS0159
P007107,Harish Singh,Male,1983-01-03,43,Business,Diploma,Divorced,A-,Indian,Bengaluru Urban,PS0152
P007108,Prakash Verma,Male,2007-08-05,18,Electrician,No Formal Education,Widowed,AB-,Indian,Bagalkote,PS0012
P007109,Abhishek Kulkarni,Male,1974-06-18,52,Driver,PUC,Married,AB+,Indian,Bagalkote,PS0023
P007110,Geetha Joshi,Female,2003-03-26,23,Police,Diploma,Divorced,A-,Indian,Chamarajanagar,PS0217
P007111,Swathi Kumar,Female,2004-05-09,22,Unemployed,PhD,Widowed,AB-,Indian,Bengaluru Rural,PS0100
P007112,Nandini Patil,Female,2003-10-13,22,Farmer,Graduate,Widowed,A+,Indian,Chamarajanagar,PS0200
P007113,Shreya Shetty,Female,1986-01-24,40,Student,Primary,Widowed,B+,Indian,Ballari,PS0026
P007114,Rahul Bhat,Male,1972-07-05,54,Sales Executive,PhD,Single,AB+,Indian,Belagavi,PS0065
P007115,Harini Poojary,Female,1969-10-21,56,Electrician,Diploma,Married,O+,Indian,Chikkaballapura,PS0237
P007116,Prakash Shetty,Male,2001-07-19,25,Police,No Formal Education,Divorced,O+,Indian,Bidar,PS0185
P007117,Puneeth Gowda,Male,2005-03-18,21,Engineer,High School,Single,O-,Indian,Bagalkote,PS0025
P007118,Lokesh Pujari,Male,2001-02-24,25,Driver,High School,Single,B+,Indian,Bengaluru Urban,PS0147
P007119,Pooja Siddiqui,Female,1965-04-26,61,Student,Diploma,Married,B-,Indian,Bengaluru Urban,PS0133
P007120,Roopa Joshi,Female,1999-01-22,27,Security Guard,Primary,Married,A+,Indian,Chamarajanagar,PS0201
P007121,Vinay Hiremath,Male,1966-09-22,59,Security Guard,No Formal Education,Married,AB-,Indian,Chamarajanagar,PS0231
P007122,Rahul Kumar,Male,1970-01-21,56,Driver,PhD,Married,AB-,Indian,Bengaluru Rural,PS0091
P007123,Preethi Hiremath,Female,2000-12-23,25,Mechanic,PUC,Divorced,AB+,Indian,Belagavi,PS0046
P007124,Akash Singh,Male,1958-01-17,68,Police,High School,Married,AB+,Indian,Bidar,PS0187
P007125,Ravi Kumar,Male,1996-12-19,29,Government Employee,No Formal Education,Single,B-,Indian,Chamarajanagar,PS0209
P007126,Sunitha Kambali,Female,1964-05-04,62,Government Employee,Primary,Divorced,A+,Indian,Chikkaballapura,PS0244
P007127,Harini Hegde,Female,1968-04-25,58,Electrician,Post Graduate,Single,AB-,Indian,Bengaluru Rural,PS0084
P007128,Darshan Gowda,Male,2003-07-27,22,Carpenter,Primary,Divorced,A-,Indian,Bidar,PS0185
P007129,Manoj Siddiqui,Male,2000-10-10,25,Labour,Post Graduate,Single,A+,Indian,Bengaluru Urban,PS0116
P007130,Rekha Bhat,Female,2006-11-03,19,Lawyer,Primary,Single,O-,Indian,Belagavi,PS0068
P007131,Prakash Hiremath,Male,1960-08-08,65,Police,Post Graduate,Divorced,O-,Indian,Bidar,PS0167
P007132,Vinay Patil,Male,1985-11-08,40,Unemployed,No Formal Education,Single,B+,Indian,Bidar,PS0168
P007133,Radhika Hiremath,Female,1993-03-23,33,Mechanic,Diploma,Married,AB+,Indian,Ballari,PS0042
P007134,Pradeep Patil,Male,2005-08-19,20,Sales Executive,Post Graduate,Widowed,A-,Indian,Bengaluru Rural,PS0090
P007135,Megha Shetty,Female,2005-11-12,20,Carpenter,Graduate,Widowed,A-,Indian,Bagalkote,PS0022
P007136,Keerthi Siddiqui,Female,1999-07-24,26,Engineer,No Formal Education,Widowed,A-,Indian,Chamarajanagar,PS0230
P007137,Puneeth Siddiqui,Male,1959-03-23,67,Police,Graduate,Married,B-,Indian,Bengaluru Rural,PS0094
P007138,Geetha Sharma,Female,1986-05-04,40,Unemployed,High School,Single,O-,Indian,Bengaluru Urban,PS0114
P007139,Ramesh Joshi,Male,1955-12-27,70,Carpenter,Primary,Divorced,AB-,Indian,Bidar,PS0173
P007140,Shreya Sharma,Female,1964-11-20,61,Lawyer,PUC,Widowed,A+,Indian,Ballari,PS0041
P007141,Anjali Reddy,Female,1985-10-04,40,Electrician,High School,Single,A-,Indian,Bengaluru Rural,PS0074
P007142,Radhika Joshi,Female,1965-04-15,61,Unemployed,High School,Widowed,AB-,Indian,Bengaluru Urban,PS0148
P007143,Anjali Poojary,Female,1973-06-01,53,Police,Post Graduate,Widowed,O+,Indian,Bengaluru Urban,PS0134
P007144,Harini Naik,Female,1979-12-30,46,Police,Primary,Married,O-,Indian,Chikkaballapura,PS0249
P007145,Priya Kumar,Female,1963-05-01,63,Security Guard,No Formal Education,Single,A-,Indian,Ballari,PS0037
P007146,Suresh Sharma,Male,2004-10-23,21,Driver,High School,Divorced,AB+,Indian,Chamarajanagar,PS0227
P007147,Akash Desai,Male,1986-02-28,40,Lawyer,Graduate,Single,A-,Indian,Bagalkote,PS0008
P007148,Sowmya Siddiqui,Female,1984-08-20,41,Carpenter,Primary,Widowed,A-,Indian,Bidar,PS0175
P007149,Megha Sharma,Female,1990-12-13,35,Security Guard,No Formal Education,Married,AB+,Indian,Chamarajanagar,PS0210
P007150,Radhika Joshi,Female,2002-11-22,23,Unemployed,PUC,Single,AB+,Indian,Chamarajanagar,PS0234
P007151,Kavya Pujari,Female,1959-03-10,67,Unemployed,Primary,Single,A+,Indian,Belagavi,PS0056
P007152,Preethi Hegde,Female,1990-12-14,35,Unemployed,Primary,Married,B-,Indian,Belagavi,PS0069
P007153,Rohit Desai,Male,1997-03-22,29,Security Guard,High School,Widowed,O+,Indian,Chamarajanagar,PS0226
P007154,Priya Sharma,Female,1959-04-28,67,Sales Executive,Graduate,Single,AB-,Indian,Chamarajanagar,PS0197
P007155,Chetan Singh,Male,1979-12-13,46,Student,Primary,Single,O+,Indian,Bidar,PS0186
P007156,Anjali Gowda,Female,2006-08-09,19,Farmer,PhD,Widowed,AB-,Indian,Ballari,PS0043
P007157,Rahul Hegde,Male,1969-07-21,57,Student,Post Graduate,Divorced,B-,Indian,Bidar,PS0181
P007158,Megha Hiremath,Female,1979-05-12,47,Software Engineer,Graduate,Married,B-,Indian,Bengaluru Rural,PS0074
P007159,Ganesh Kulkarni,Male,1993-12-28,32,Nurse,Graduate,Divorced,B-,Indian,Chamarajanagar,PS0216
P007160,Keerthi Pujari,Female,1964-07-05,62,Teacher,Post Graduate,Single,A+,Indian,Bengaluru Urban,PS0150
P007161,Anitha Siddiqui,Female,2005-01-19,21,Nurse,PUC,Married,A+,Indian,Chamarajanagar,PS0216
P007162,Lokesh Verma,Male,1958-07-28,67,Business,No Formal Education,Widowed,A-,Indian,Bengaluru Urban,PS0123
P007163,Sangeetha Singh,Female,1966-07-15,60,Police,High School,Divorced,AB-,Indian,Bidar,PS0179
P007164,Rohit Siddiqui,Male,1965-06-08,61,Driver,PhD,Widowed,O+,Indian,Bengaluru Rural,PS0071
P007165,Prakash Naik,Male,2003-12-10,22,Student,PhD,Divorced,AB+,Indian,Ballari,PS0029
P007166,Ajay Desai,Male,1997-01-05,29,Labour,No Formal Education,Single,AB+,Indian,Bengaluru Rural,PS0107
P007167,Basavaraj Kulkarni,Male,1994-10-24,31,Labour,Graduate,Widowed,A-,Indian,Ballari,PS0040
P007168,Naveen Joshi,Male,1981-10-04,44,Software Engineer,Diploma,Widowed,AB-,Indian,Bengaluru Rural,PS0091
P007169,Lokesh Desai,Male,1960-09-20,65,Lawyer,No Formal Education,Single,AB+,Indian,Belagavi,PS0067
P007170,Pradeep Hiremath,Male,1956-12-04,69,Carpenter,Diploma,Divorced,AB+,Indian,Belagavi,PS0068
P007171,Pooja Siddiqui,Female,1988-07-25,37,Teacher,Primary,Widowed,AB-,Indian,Chikkaballapura,PS0235
P007172,Ravi Angadi,Male,1995-12-23,30,Business,No Formal Education,Widowed,O+,Indian,Bengaluru Urban,PS0120
P007173,Sangeetha Desai,Female,1998-08-10,27,Software Engineer,High School,Divorced,AB+,Indian,Belagavi,PS0064
P007174,Rahul Sharma,Male,1964-04-23,62,Carpenter,PhD,Widowed,A+,Indian,Bagalkote,PS0007
P007175,Deepa Kambali,Female,1960-11-22,65,Farmer,High School,Divorced,AB-,Indian,Bengaluru Rural,PS0084
P007176,Basavaraj Poojary,Male,1994-04-07,32,Shop Owner,PUC,Widowed,B-,Indian,Bengaluru Rural,PS0094
P007177,Kavya Angadi,Female,1992-10-25,33,Mechanic,No Formal Education,Single,B+,Indian,Belagavi,PS0058
P007178,Harish Naik,Male,1992-07-16,34,Labour,High School,Married,B-,Indian,Bagalkote,PS0009
P007179,Pooja Singh,Female,1955-02-10,71,Doctor,PhD,Widowed,B+,Indian,Chamarajanagar,PS0200
P007180,Swathi Hegde,Female,2000-04-19,26,Doctor,PUC,Married,O+,Indian,Bagalkote,PS0025
P007181,Ramesh Hegde,Male,1978-04-28,48,Teacher,PhD,Single,A-,Indian,Ballari,PS0031
P007182,Ramesh Rao,Male,1966-11-24,59,Engineer,No Formal Education,Married,AB-,Indian,Bengaluru Urban,PS0148
P007183,Arjun Joshi,Male,1990-10-20,35,Government Employee,Diploma,Single,O-,Indian,Belagavi,PS0053
P007184,Ravi Kulkarni,Male,1974-09-29,51,Police,Primary,Single,AB-,Indian,Belagavi,PS0055
P007185,Megha Pujari,Female,1974-09-24,51,Carpenter,Post Graduate,Married,O-,Indian,Bengaluru Urban,PS0110
P007186,Lakshmi Naik,Female,2000-09-01,25,Lawyer,PUC,Married,O+,Indian,Belagavi,PS0059
P007187,Preethi Patil,Female,1964-12-08,61,Software Engineer,High School,Widowed,AB+,Indian,Bagalkote,PS0002
P007188,Sowmya Verma,Female,1960-08-30,65,Nurse,Post Graduate,Married,B-,Indian,Chamarajanagar,PS0226
P007189,Ramesh Patil,Male,1969-06-11,57,Farmer,Post Graduate,Single,O-,Indian,Bengaluru Rural,PS0070
P007190,Kiran Pujari,Male,1968-12-27,57,Doctor,Graduate,Divorced,O-,Indian,Chamarajanagar,PS0208
P007191,Vidya Reddy,Female,1967-01-03,59,Software Engineer,Primary,Married,A-,Indian,Bengaluru Urban,PS0132
P007192,Pradeep Rao,Male,1981-01-18,45,Student,Primary,Widowed,A-,Indian,Bengaluru Urban,PS0114
P007193,Asha Hegde,Female,1987-10-23,38,Government Employee,Post Graduate,Widowed,O+,Indian,Bidar,PS0178
P007194,Prakash Rao,Male,1991-11-14,34,Sales Executive,Primary,Single,O-,Indian,Ballari,PS0030
P007195,Puneeth Patil,Male,1958-11-16,67,Police,Diploma,Divorced,O-,Indian,Ballari,PS0040
P007196,Anjali Siddiqui,Female,1994-11-12,31,Carpenter,Post Graduate,Divorced,B+,Indian,Bagalkote,PS0011
P007197,Rahul Gowda,Male,1966-09-15,59,Driver,Diploma,Married,B+,Indian,Bagalkote,PS0009
P007198,Harish Reddy,Male,1991-02-07,35,Nurse,Diploma,Married,B-,Indian,Ballari,PS0040
P007199,Puneeth Kulkarni,Male,1962-07-31,63,Unemployed,PhD,Married,A-,Indian,Bengaluru Rural,PS0088
P007200,Rohit Hegde,Male,1966-12-23,59,Unemployed,High School,Widowed,A+,Indian,Bidar,PS0181
P007201,Puneeth Gowda,Male,1992-10-30,33,Government Employee,Post Graduate,Divorced,B+,Indian,Bengaluru Rural,PS0105
P007202,Chetan Naik,Male,1963-05-20,63,Government Employee,PUC,Single,A+,Indian,Bidar,PS0161
P007203,Arjun Angadi,Male,1965-04-17,61,Student,Diploma,Widowed,A+,Indian,Ballari,PS0031
P007204,Siddu Hegde,Male,1971-09-06,54,Engineer,Diploma,Divorced,O+,Indian,Bagalkote,PS0018
P007205,Harini Desai,Female,1986-01-28,40,Doctor,No Formal Education,Married,AB-,Indian,Bagalkote,PS0015
P007206,Vinay Siddiqui,Male,1971-04-17,55,Teacher,PhD,Married,B+,Indian,Belagavi,PS0069
P007207,Akash Hegde,Male,1974-03-29,52,Driver,Diploma,Divorced,A+,Indian,Chamarajanagar,PS0204
P007208,Sunitha Singh,Female,1994-02-02,32,Software Engineer,PhD,Widowed,O+,Indian,Chamarajanagar,PS0201
P007209,Megha Rao,Female,2006-04-19,20,Software Engineer,High School,Single,AB+,Indian,Chikkaballapura,PS0248
P007210,Nisha Reddy,Female,1969-11-28,56,Electrician,Graduate,Married,AB+,Indian,Bengaluru Urban,PS0151
P007211,Asha Hiremath,Female,1960-11-26,65,Doctor,Post Graduate,Single,AB+,Indian,Bagalkote,PS0006
P007212,Harini Naik,Female,2005-01-23,21,Driver,High School,Married,B-,Indian,Bagalkote,PS0006
P007213,Roopa Joshi,Female,2006-05-28,20,Electrician,Diploma,Widowed,AB+,Indian,Chamarajanagar,PS0220
P007214,Sowmya Kulkarni,Female,1990-06-11,36,Unemployed,Diploma,Divorced,AB-,Indian,Ballari,PS0040
P007215,Pradeep Joshi,Male,1970-11-21,55,Farmer,Graduate,Widowed,B+,Indian,Bengaluru Rural,PS0087
P007216,Ajay Patil,Male,1989-01-15,37,Engineer,PhD,Single,B-,Indian,Belagavi,PS0048
P007217,Basavaraj Hiremath,Male,1962-08-27,63,Lawyer,PUC,Married,O-,Indian,Bengaluru Urban,PS0145
P007218,Vidya Bhat,Female,1990-07-30,35,Farmer,High School,Married,AB-,Indian,Bengaluru Urban,PS0145
P007219,Asha Kulkarni,Female,1968-03-19,58,Carpenter,Primary,Married,O-,Indian,Bengaluru Rural,PS0092
P007220,Siddu Kumar,Male,1992-01-28,34,Sales Executive,PhD,Married,A+,Indian,Ballari,PS0034
P007221,Harini Kumar,Female,1976-08-21,49,Unemployed,PUC,Divorced,O+,Indian,Bengaluru Rural,PS0104
P007222,Pooja Gowda,Female,1997-12-17,28,Carpenter,PUC,Single,A-,Indian,Bidar,PS0159
P007223,Ravi Shetty,Male,2001-05-19,25,Security Guard,Primary,Married,AB-,Indian,Chamarajanagar,PS0196
P007224,Harish Sharma,Male,1999-11-21,26,Electrician,Graduate,Divorced,A+,Indian,Bengaluru Rural,PS0089
P007225,Kavya Desai,Female,2000-09-14,25,Farmer,Graduate,Single,A-,Indian,Bengaluru Urban,PS0128
P007226,Shreya Patil,Female,1996-04-28,30,Mechanic,Graduate,Widowed,O+,Indian,Chamarajanagar,PS0227
P007227,Rohit Poojary,Male,1990-03-25,36,Driver,PhD,Married,AB+,Indian,Chikkaballapura,PS0237
P007228,Siddu Pujari,Male,1966-01-17,60,Electrician,Diploma,Divorced,O+,Indian,Bengaluru Rural,PS0076
P007229,Divya Joshi,Female,1995-08-02,30,Carpenter,PUC,Single,A-,Indian,Chikkaballapura,PS0238
P007230,Asha Desai,Female,1974-01-21,52,Police,Diploma,Divorced,AB-,Indian,Bengaluru Urban,PS0147
P007231,Swathi Kumar,Female,1963-01-03,63,Teacher,High School,Married,A-,Indian,Ballari,PS0033
P007232,Harini Naik,Female,1973-05-06,53,Doctor,High School,Single,AB-,Indian,Chamarajanagar,PS0201
P007233,Arjun Kambali,Male,2006-06-28,20,Mechanic,PUC,Single,B+,Indian,Chamarajanagar,PS0197
P007234,Manoj Gowda,Male,1969-10-18,56,Electrician,Primary,Widowed,O+,Indian,Belagavi,PS0057
P007235,Vidya Hiremath,Female,1994-05-10,32,Engineer,Post Graduate,Married,B+,Indian,Bagalkote,PS0005
P007236,Mahesh Singh,Male,1995-03-24,31,Electrician,No Formal Education,Single,A+,Indian,Bagalkote,PS0010
P007237,Nandini Sharma,Female,1984-05-27,42,Electrician,Post Graduate,Married,AB-,Indian,Chikkaballapura,PS0244
P007238,Preethi Kumar,Female,1965-05-04,61,Teacher,Primary,Married,AB-,Indian,Bengaluru Rural,PS0075
P007239,Lakshmi Gowda,Female,1965-08-08,60,Driver,Graduate,Married,AB+,Indian,Bengaluru Rural,PS0094
P007240,Suresh Joshi,Male,1989-11-19,36,Labour,PUC,Widowed,A+,Indian,Belagavi,PS0059
P007241,Nandini Siddiqui,Female,1984-06-13,42,Labour,Diploma,Divorced,A+,Indian,Bengaluru Urban,PS0127
P007242,Chetan Reddy,Male,1979-01-12,47,Mechanic,High School,Married,A-,Indian,Bagalkote,PS0017
P007243,Lokesh Joshi,Male,1984-08-25,41,Government Employee,High School,Single,AB-,Indian,Bidar,PS0153
P007244,Swathi Sharma,Female,1969-08-07,56,Farmer,Post Graduate,Divorced,AB-,Indian,Bengaluru Rural,PS0086
P007245,Priya Patil,Female,1989-10-06,36,Unemployed,Diploma,Divorced,A+,Indian,Bengaluru Urban,PS0123
P007246,Sowmya Rao,Female,1990-02-24,36,Engineer,PhD,Married,B+,Indian,Bidar,PS0153
P007247,Vidya Hiremath,Female,2006-09-24,19,Business,High School,Widowed,O+,Indian,Bengaluru Rural,PS0082
P007248,Kiran Kumar,Male,1990-11-17,35,Carpenter,High School,Divorced,AB+,Indian,Chamarajanagar,PS0210
P007249,Sangeetha Rao,Female,1957-11-14,68,Carpenter,High School,Married,O+,Indian,Bengaluru Rural,PS0104
P007250,Ajay Naik,Male,1993-10-09,32,Police,PhD,Single,O-,Indian,Belagavi,PS0060
P007251,Vinay Joshi,Male,1967-07-01,59,Student,No Formal Education,Divorced,A+,Indian,Bidar,PS0153
P007252,Chetan Angadi,Male,1981-05-11,45,Student,PhD,Married,O-,Indian,Bengaluru Rural,PS0075
P007253,Sangeetha Kambali,Female,2000-12-26,25,Doctor,No Formal Education,Divorced,AB-,Indian,Bengaluru Urban,PS0117
P007254,Prakash Angadi,Male,1957-03-21,69,Software Engineer,Diploma,Married,AB+,Indian,Bidar,PS0166
P007255,Sowmya Bhat,Female,1958-12-14,67,Electrician,Primary,Divorced,O-,Indian,Chamarajanagar,PS0223
P007256,Ajay Kumar,Male,2000-12-14,25,Mechanic,PhD,Widowed,AB-,Indian,Chamarajanagar,PS0213
P007257,Naveen Desai,Male,2007-10-28,18,Driver,High School,Single,B-,Indian,Belagavi,PS0046
P007258,Anitha Hiremath,Female,1958-01-14,68,Doctor,Post Graduate,Divorced,A+,Indian,Ballari,PS0045
P007259,Rekha Poojary,Female,1991-03-24,35,Police,PUC,Single,AB+,Indian,Bengaluru Rural,PS0101
P007260,Sunitha Siddiqui,Female,1963-12-23,62,Electrician,Primary,Divorced,B+,Indian,Chamarajanagar,PS0209
P007261,Sneha Verma,Female,1989-02-04,37,Government Employee,PhD,Divorced,A-,Indian,Bengaluru Rural,PS0090
P007262,Swathi Sharma,Female,1994-11-20,31,Lawyer,Post Graduate,Widowed,O-,Indian,Bidar,PS0192
P007263,Geetha Singh,Female,1973-06-24,53,Sales Executive,Primary,Widowed,AB+,Indian,Chikkaballapura,PS0237
P007264,Mahesh Reddy,Male,1965-03-09,61,Farmer,Post Graduate,Divorced,AB-,Indian,Bengaluru Urban,PS0116
P007265,Suraj Reddy,Male,1999-05-04,27,Farmer,Post Graduate,Widowed,AB+,Indian,Bengaluru Urban,PS0140
P007266,Harini Shetty,Female,1983-03-20,43,Labour,PUC,Divorced,B-,Indian,Chamarajanagar,PS0227
P007267,Naveen Reddy,Male,1955-11-26,70,Farmer,Primary,Single,B+,Indian,Bengaluru Urban,PS0123
P007268,Pradeep Naik,Male,1979-01-14,47,Security Guard,Primary,Divorced,A-,Indian,Bidar,PS0153
P007269,Rohit Reddy,Male,1966-08-05,59,Engineer,Primary,Widowed,AB+,Indian,Chamarajanagar,PS0228
P007270,Asha Kambali,Female,1963-05-14,63,Carpenter,PhD,Widowed,A-,Indian,Bengaluru Rural,PS0107
P007271,Sneha Rao,Female,1999-12-01,26,Engineer,High School,Single,B+,Indian,Bengaluru Urban,PS0142
P007272,Swathi Kambali,Female,1968-10-28,57,Lawyer,PhD,Single,A+,Indian,Belagavi,PS0059
P007273,Kavya Hiremath,Female,1971-03-10,55,Sales Executive,Graduate,Widowed,AB+,Indian,Bidar,PS0183
P007274,Suresh Bhat,Male,1969-09-04,56,Carpenter,Diploma,Married,AB+,Indian,Belagavi,PS0048
P007275,Kavya Shetty,Female,1989-08-24,36,Unemployed,Primary,Divorced,AB+,Indian,Bengaluru Urban,PS0114
P007276,Bhavya Singh,Female,1966-10-22,59,Student,PhD,Married,O-,Indian,Bagalkote,PS0017
P007277,Manoj Sharma,Male,1965-06-02,61,Mechanic,PhD,Single,O+,Indian,Bengaluru Rural,PS0106
P007278,Ramesh Bhat,Male,1979-10-26,46,Software Engineer,PUC,Widowed,AB-,Indian,Bagalkote,PS0020
P007279,Ravi Shetty,Male,2006-02-05,20,Student,PUC,Divorced,O+,Indian,Bengaluru Urban,PS0120
P007280,Manoj Kambali,Male,1982-03-13,44,Lawyer,No Formal Education,Married,O-,Indian,Chikkaballapura,PS0238
P007281,Suresh Patil,Male,1988-12-16,37,Shop Owner,Diploma,Divorced,A-,Indian,Belagavi,PS0061
P007282,Vidya Verma,Female,1959-12-15,66,Lawyer,Diploma,Widowed,AB-,Indian,Chamarajanagar,PS0209
P007283,Prakash Sharma,Male,1999-01-04,27,Unemployed,High School,Widowed,A+,Indian,Chamarajanagar,PS0209
P007284,Priya Kambali,Female,1966-08-03,59,Police,High School,Single,A+,Indian,Ballari,PS0031
P007285,Darshan Siddiqui,Male,1970-06-16,56,Unemployed,PhD,Single,O+,Indian,Bengaluru Rural,PS0078
P007286,Sangeetha Kambali,Female,1967-06-19,59,Lawyer,Post Graduate,Divorced,AB-,Indian,Bengaluru Rural,PS0101
P007287,Rahul Angadi,Male,1968-03-24,58,Teacher,High School,Married,A-,Indian,Bengaluru Rural,PS0072
P007288,Ganesh Kambali,Male,1964-04-14,62,Nurse,No Formal Education,Married,AB-,Indian,Ballari,PS0043
P007289,Abhishek Shetty,Male,1968-05-30,58,Police,High School,Widowed,B+,Indian,Bengaluru Rural,PS0091
P007290,Suraj Joshi,Male,1967-05-26,59,Lawyer,Primary,Widowed,A+,Indian,Ballari,PS0042
P007291,Ravi Pujari,Male,1962-04-23,64,Lawyer,Diploma,Married,B+,Indian,Bengaluru Rural,PS0085
P007292,Darshan Rao,Male,1966-05-21,60,Driver,Diploma,Widowed,O+,Indian,Chamarajanagar,PS0225
P007293,Lokesh Hiremath,Male,2005-11-15,20,Sales Executive,Primary,Single,A-,Indian,Chamarajanagar,PS0199
P007294,Lakshmi Patil,Female,1964-12-13,61,Police,PUC,Widowed,AB-,Indian,Chikkaballapura,PS0245
P007295,Rohit Joshi,Male,1985-12-05,40,Software Engineer,Diploma,Divorced,O-,Indian,Bengaluru Rural,PS0070
P007296,Manoj Poojary,Male,1957-07-02,69,Engineer,Diploma,Widowed,AB+,Indian,Bengaluru Urban,PS0140
P007297,Pooja Shetty,Female,1985-10-17,40,Unemployed,PhD,Married,A+,Indian,Bengaluru Urban,PS0136
P007298,Vinay Joshi,Male,2001-03-19,25,Software Engineer,No Formal Education,Married,O-,Indian,Bidar,PS0164
P007299,Kusuma Sharma,Female,1968-01-06,58,Engineer,No Formal Education,Widowed,A+,Indian,Bengaluru Rural,PS0086
P007300,Rahul Siddiqui,Male,1995-10-15,30,Government Employee,PUC,Widowed,O+,Indian,Bengaluru Urban,PS0113
P007301,Sunitha Kulkarni,Female,2000-07-20,26,Software Engineer,PhD,Widowed,A-,Indian,Bidar,PS0174
P007302,Keerthi Sharma,Female,1975-04-20,51,Police,Graduate,Married,B-,Indian,Bengaluru Urban,PS0110
P007303,Sunitha Hiremath,Female,1958-05-06,68,Driver,PUC,Divorced,A+,Indian,Chikkaballapura,PS0243
P007304,Shreya Angadi,Female,1980-12-19,45,Sales Executive,Post Graduate,Single,B+,Indian,Bidar,PS0171
P007305,Sangeetha Pujari,Female,1965-09-30,60,Teacher,No Formal Education,Widowed,O+,Indian,Bengaluru Urban,PS0136
P007306,Ajay Kambali,Male,1958-03-24,68,Security Guard,Graduate,Married,B+,Indian,Bidar,PS0170
P007307,Roopa Patil,Female,1995-10-12,30,Carpenter,Post Graduate,Single,O-,Indian,Belagavi,PS0049
P007308,Harish Patil,Male,1959-11-17,66,Doctor,PhD,Single,A-,Indian,Chamarajanagar,PS0213
P007309,Harish Hegde,Male,1984-08-13,41,Carpenter,Post Graduate,Widowed,O-,Indian,Bidar,PS0186
P007310,Nandini Sharma,Female,1988-01-18,38,Farmer,No Formal Education,Widowed,O-,Indian,Bengaluru Urban,PS0145
P007311,Kusuma Bhat,Female,1978-05-13,48,Unemployed,No Formal Education,Widowed,A-,Indian,Bagalkote,PS0004
P007312,Nandini Siddiqui,Female,1999-02-09,27,Mechanic,No Formal Education,Married,A+,Indian,Belagavi,PS0048
P007313,Suraj Hiremath,Male,1967-02-28,59,Police,No Formal Education,Single,B-,Indian,Bengaluru Urban,PS0151
P007314,Suraj Naik,Male,2002-11-09,23,Government Employee,Primary,Divorced,AB-,Indian,Bidar,PS0179
P007315,Basavaraj Rao,Male,1972-05-31,54,Engineer,PUC,Single,B-,Indian,Ballari,PS0034
P007316,Asha Rao,Female,1964-06-16,62,Police,PhD,Married,A-,Indian,Bagalkote,PS0015
P007317,Pradeep Hiremath,Male,1988-02-13,38,Student,Diploma,Single,O-,Indian,Bengaluru Rural,PS0071
P007318,Preethi Hiremath,Female,1996-06-28,30,Police,High School,Married,B+,Indian,Bidar,PS0174
P007319,Sowmya Gowda,Female,2007-12-21,18,Teacher,PUC,Widowed,B-,Indian,Ballari,PS0033
P007320,Chetan Gowda,Male,1992-08-21,33,Driver,No Formal Education,Divorced,O+,Indian,Bagalkote,PS0004
P007321,Harini Singh,Female,1972-08-18,53,Engineer,PUC,Single,O+,Indian,Bagalkote,PS0022
P007322,Sanjay Joshi,Male,2003-12-04,22,Nurse,PhD,Single,O-,Indian,Bengaluru Urban,PS0112
P007323,Rekha Angadi,Female,2003-04-01,23,Labour,Diploma,Divorced,AB+,Indian,Bagalkote,PS0011
P007324,Kiran Kambali,Male,1986-06-30,40,Doctor,No Formal Education,Single,AB-,Indian,Bengaluru Urban,PS0135
P007325,Roopa Shetty,Female,1994-07-04,32,Driver,Graduate,Divorced,O-,Indian,Bengaluru Urban,PS0126
P007326,Rahul Naik,Male,2000-03-23,26,Engineer,PhD,Married,AB-,Indian,Belagavi,PS0046
P007327,Pooja Sharma,Female,1956-06-24,70,Teacher,High School,Widowed,B+,Indian,Bengaluru Urban,PS0131
P007328,Rekha Kulkarni,Female,1969-03-12,57,Farmer,Graduate,Married,O-,Indian,Belagavi,PS0056
P007329,Vijay Reddy,Male,1965-10-25,60,Lawyer,PUC,Divorced,A-,Indian,Bagalkote,PS0023
P007330,Bhavya Sharma,Female,2003-08-21,22,Driver,Post Graduate,Widowed,O-,Indian,Bidar,PS0169
P007331,Vidya Hiremath,Female,1994-05-26,32,Teacher,PhD,Widowed,O-,Indian,Belagavi,PS0069
P007332,Chetan Hiremath,Male,2000-08-28,25,Lawyer,Post Graduate,Single,AB-,Indian,Ballari,PS0030
P007333,Pradeep Bhat,Male,1990-05-09,36,Carpenter,PhD,Divorced,A+,Indian,Bidar,PS0178
P007334,Vidya Kambali,Female,1975-11-02,50,Lawyer,Post Graduate,Widowed,A-,Indian,Bidar,PS0185
P007335,Rekha Bhat,Female,1990-12-08,35,Driver,High School,Single,O-,Indian,Bengaluru Urban,PS0115
P007336,Sunitha Rao,Female,1989-12-14,36,Student,Graduate,Married,A+,Indian,Bengaluru Rural,PS0099
P007337,Rohit Kumar,Male,1957-02-03,69,Engineer,PhD,Widowed,B-,Indian,Ballari,PS0039
P007338,Siddu Pujari,Male,1969-01-14,57,Labour,PUC,Widowed,AB+,Indian,Chamarajanagar,PS0218
P007339,Sanjay Kambali,Male,1998-06-25,28,Engineer,PUC,Married,B+,Indian,Bengaluru Urban,PS0147
P007340,Kavya Pujari,Female,1962-12-08,63,Unemployed,PUC,Married,B+,Indian,Bengaluru Rural,PS0081
P007341,Vinay Joshi,Male,1981-02-11,45,Software Engineer,Diploma,Divorced,AB+,Indian,Belagavi,PS0063
P007342,Nandini Shetty,Female,1994-10-21,31,Mechanic,PhD,Married,AB+,Indian,Bagalkote,PS0004
P007343,Vidya Verma,Female,1996-03-29,30,Doctor,PhD,Divorced,A+,Indian,Chamarajanagar,PS0202
P007344,Bhavya Kambali,Female,1989-10-06,36,Sales Executive,Diploma,Married,A+,Indian,Chamarajanagar,PS0211
P007345,Anjali Rao,Female,1997-05-19,29,Labour,High School,Married,O-,Indian,Chikkaballapura,PS0243
P007346,Divya Kambali,Female,1966-09-29,59,Carpenter,PUC,Single,O-,Indian,Belagavi,PS0059
P007347,Preethi Kumar,Female,1961-04-12,65,Driver,Primary,Married,A-,Indian,Bengaluru Urban,PS0130
P007348,Mahesh Rao,Male,1983-05-10,43,Shop Owner,Primary,Divorced,O+,Indian,Bidar,PS0165
P007349,Divya Gowda,Female,1970-07-09,56,Nurse,High School,Married,AB-,Indian,Chikkaballapura,PS0241
P007350,Lokesh Rao,Male,1972-03-23,54,Carpenter,Post Graduate,Married,AB+,Indian,Belagavi,PS0060
P007351,Nisha Poojary,Female,1971-06-11,55,Shop Owner,High School,Divorced,A+,Indian,Bengaluru Rural,PS0088
P007352,Shivakumar Shetty,Male,1986-11-01,39,Teacher,No Formal Education,Single,AB+,Indian,Belagavi,PS0067
P007353,Akash Gowda,Male,2005-06-19,21,Doctor,High School,Single,B+,Indian,Bengaluru Urban,PS0131
P007354,Nandini Angadi,Female,1990-08-24,35,Labour,Post Graduate,Widowed,B-,Indian,Chikkaballapura,PS0249
P007355,Ramesh Naik,Male,1998-12-23,27,Driver,Diploma,Single,B-,Indian,Bengaluru Urban,PS0123
P007356,Deepa Reddy,Female,1974-02-13,52,Government Employee,Post Graduate,Divorced,A-,Indian,Bidar,PS0176
P007357,Sangeetha Siddiqui,Female,1964-02-15,62,Unemployed,Post Graduate,Widowed,A-,Indian,Bidar,PS0161
P007358,Geetha Hegde,Female,1961-02-15,65,Unemployed,High School,Single,AB+,Indian,Bidar,PS0187
P007359,Deepa Sharma,Female,2001-01-03,25,Carpenter,Primary,Divorced,A+,Indian,Chikkaballapura,PS0243
P007360,Bhavya Kambali,Female,1981-01-07,45,Software Engineer,PUC,Divorced,A+,Indian,Bidar,PS0164
P007361,Arjun Verma,Male,1987-08-14,38,Driver,PhD,Widowed,B+,Indian,Bidar,PS0156
P007362,Shivakumar Hegde,Male,1997-05-26,29,Carpenter,No Formal Education,Married,B+,Indian,Bengaluru Urban,PS0114
P007363,Radhika Sharma,Female,1965-07-22,61,Driver,High School,Widowed,B+,Indian,Bengaluru Urban,PS0121
P007364,Asha Bhat,Female,2006-02-23,20,Software Engineer,Graduate,Single,B-,Indian,Belagavi,PS0062
P007365,Harish Hiremath,Male,1983-06-16,43,Shop Owner,High School,Divorced,AB+,Indian,Bengaluru Rural,PS0072
P007366,Nandini Verma,Female,1968-04-28,58,Police,Post Graduate,Widowed,O-,Indian,Chamarajanagar,PS0216
P007367,Sanjay Kumar,Male,1994-10-25,31,Carpenter,Primary,Widowed,B-,Indian,Bidar,PS0179
P007368,Mahesh Singh,Male,1971-03-29,55,Nurse,PhD,Divorced,A+,Indian,Bengaluru Urban,PS0118
P007369,Harish Rao,Male,1996-11-15,29,Teacher,High School,Single,O-,Indian,Bengaluru Rural,PS0108
P007370,Asha Kambali,Female,1956-05-07,70,Business,Post Graduate,Single,AB+,Indian,Chamarajanagar,PS0206
P007371,Megha Joshi,Female,1957-04-11,69,Driver,Primary,Divorced,O+,Indian,Bengaluru Rural,PS0073
P007372,Priya Hegde,Female,2001-11-19,24,Lawyer,Diploma,Single,AB+,Indian,Ballari,PS0038
P007373,Basavaraj Patil,Male,2003-03-30,23,Police,Graduate,Widowed,A+,Indian,Bagalkote,PS0011
P007374,Manoj Hiremath,Male,1976-01-02,50,Software Engineer,Primary,Single,O-,Indian,Bengaluru Urban,PS0139
P007375,Sowmya Siddiqui,Female,1991-06-09,35,Business,Post Graduate,Married,A+,Indian,Chamarajanagar,PS0226
P007376,Harini Joshi,Female,1990-02-20,36,Engineer,PhD,Single,AB+,Indian,Belagavi,PS0049
P007377,Naveen Naik,Male,1998-09-07,27,Software Engineer,PUC,Single,O-,Indian,Bagalkote,PS0003
P007378,Suresh Reddy,Male,1957-12-29,68,Shop Owner,Diploma,Divorced,O+,Indian,Bengaluru Urban,PS0142
P007379,Chetan Reddy,Male,1977-07-07,49,Sales Executive,Post Graduate,Single,B+,Indian,Belagavi,PS0047
P007380,Swathi Gowda,Female,2002-05-01,24,Shop Owner,PhD,Divorced,AB-,Indian,Belagavi,PS0067
P007381,Lakshmi Poojary,Female,2007-12-21,18,Unemployed,PhD,Single,O+,Indian,Belagavi,PS0053
P007382,Sowmya Siddiqui,Female,1958-11-14,67,Unemployed,Post Graduate,Divorced,A-,Indian,Chamarajanagar,PS0206
P007383,Sanjay Kambali,Male,2000-07-08,26,Shop Owner,PhD,Divorced,AB+,Indian,Bengaluru Rural,PS0070
P007384,Lakshmi Shetty,Female,1962-06-29,64,Government Employee,PhD,Divorced,AB+,Indian,Chamarajanagar,PS0195
P007385,Keerthi Bhat,Female,1997-10-17,28,Sales Executive,No Formal Education,Widowed,A+,Indian,Bagalkote,PS0014
P007386,Sangeetha Hegde,Female,2004-07-13,22,Mechanic,PUC,Divorced,AB-,Indian,Chamarajanagar,PS0206
P007387,Megha Sharma,Female,1969-12-13,56,Sales Executive,Graduate,Divorced,A-,Indian,Bidar,PS0158
P007388,Puneeth Hegde,Male,1993-03-14,33,Software Engineer,High School,Widowed,O-,Indian,Bengaluru Urban,PS0121
P007389,Rohit Siddiqui,Male,1985-11-20,40,Nurse,High School,Widowed,O+,Indian,Bidar,PS0185
P007390,Ravi Gowda,Male,1987-12-19,38,Teacher,PhD,Married,A+,Indian,Bengaluru Rural,PS0072
P007391,Ravi Hegde,Male,1977-11-11,48,Nurse,PUC,Single,O+,Indian,Bengaluru Urban,PS0149
P007392,Rekha Singh,Female,1958-07-04,68,Nurse,Post Graduate,Divorced,B-,Indian,Chamarajanagar,PS0193
P007393,Vijay Poojary,Male,1985-01-11,41,Carpenter,PUC,Married,B-,Indian,Bidar,PS0181
P007394,Chetan Reddy,Male,1978-08-19,47,Security Guard,PUC,Married,AB-,Indian,Chamarajanagar,PS0207
P007395,Sowmya Hegde,Female,2006-11-07,19,Driver,High School,Single,O+,Indian,Bengaluru Urban,PS0137
P007396,Shreya Hegde,Female,1973-08-17,52,Lawyer,PhD,Widowed,A-,Indian,Chamarajanagar,PS0209
P007397,Sanjay Kumar,Male,1956-12-03,69,Teacher,Primary,Single,A+,Indian,Bengaluru Rural,PS0094
P007398,Ramesh Shetty,Male,1992-07-06,34,Nurse,Post Graduate,Single,O-,Indian,Bengaluru Urban,PS0110
P007399,Ganesh Pujari,Male,1991-06-06,35,Lawyer,Diploma,Single,O+,Indian,Chamarajanagar,PS0207
P007400,Vinay Poojary,Male,1992-02-21,34,Software Engineer,No Formal Education,Married,AB+,Indian,Bagalkote,PS0007
P007401,Prakash Gowda,Male,1962-08-19,63,Teacher,High School,Single,AB-,Indian,Bengaluru Urban,PS0142
P007402,Prakash Rao,Male,1995-12-15,30,Carpenter,High School,Widowed,A-,Indian,Bidar,PS0166
P007403,Kusuma Desai,Female,1990-05-19,36,Farmer,Post Graduate,Married,AB+,Indian,Chamarajanagar,PS0217
P007404,Lokesh Rao,Male,1974-01-27,52,Mechanic,No Formal Education,Single,A+,Indian,Chikkaballapura,PS0240
P007405,Roopa Gowda,Female,1965-05-15,61,Sales Executive,PhD,Divorced,AB+,Indian,Bagalkote,PS0005
P007406,Priya Kambali,Female,1974-10-31,51,Electrician,Post Graduate,Divorced,A-,Indian,Bagalkote,PS0005
P007407,Sangeetha Hegde,Female,1955-11-09,70,Sales Executive,PUC,Single,B+,Indian,Chamarajanagar,PS0233
P007408,Vijay Naik,Male,1983-08-10,42,Police,Diploma,Widowed,O+,Indian,Ballari,PS0037
P007409,Kiran Poojary,Male,1980-09-21,45,Doctor,No Formal Education,Married,O-,Indian,Chamarajanagar,PS0215
P007410,Anjali Bhat,Female,1964-07-20,62,Nurse,Diploma,Widowed,O+,Indian,Bengaluru Rural,PS0073
P007411,Ramesh Angadi,Male,1995-09-20,30,Business,High School,Widowed,O+,Indian,Chamarajanagar,PS0198
P007412,Akash Pujari,Male,1981-01-02,45,Unemployed,Post Graduate,Married,AB-,Indian,Belagavi,PS0048
P007413,Deepa Siddiqui,Female,1956-07-04,70,Doctor,High School,Single,A-,Indian,Bidar,PS0187
P007414,Roopa Hiremath,Female,2007-11-27,18,Software Engineer,High School,Divorced,B-,Indian,Chamarajanagar,PS0226
P007415,Preethi Kulkarni,Female,1976-03-24,50,Student,Primary,Widowed,AB-,Indian,Bengaluru Rural,PS0073
P007416,Preethi Poojary,Female,1960-03-18,66,Carpenter,Diploma,Divorced,AB-,Indian,Belagavi,PS0064
P007417,Ajay Hegde,Male,1968-04-05,58,Doctor,No Formal Education,Married,A+,Indian,Bagalkote,PS0018
P007418,Ganesh Kambali,Male,1997-09-25,28,Student,PhD,Single,B-,Indian,Chamarajanagar,PS0233
P007419,Priya Bhat,Female,1966-10-16,59,Doctor,High School,Single,A+,Indian,Bengaluru Rural,PS0100
P007420,Suraj Singh,Male,2003-07-26,22,Government Employee,PhD,Divorced,B+,Indian,Bagalkote,PS0022
P007421,Arjun Gowda,Male,2002-03-19,24,Electrician,Post Graduate,Divorced,AB+,Indian,Bidar,PS0179
P007422,Prakash Hegde,Male,1993-11-20,32,Mechanic,Post Graduate,Married,B+,Indian,Ballari,PS0044
P007423,Lokesh Gowda,Male,1983-11-29,42,Lawyer,Diploma,Single,O-,Indian,Chamarajanagar,PS0218
P007424,Rahul Kulkarni,Male,1989-05-04,37,Government Employee,PUC,Married,B-,Indian,Bidar,PS0178
P007425,Sunitha Hiremath,Female,1957-12-15,68,Sales Executive,No Formal Education,Widowed,AB+,Indian,Chamarajanagar,PS0210
P007426,Sneha Sharma,Female,1985-01-01,41,Mechanic,PUC,Divorced,A-,Indian,Bidar,PS0167
P007427,Deepa Siddiqui,Female,1967-06-13,59,Engineer,Diploma,Widowed,O-,Indian,Bengaluru Urban,PS0115
P007428,Arjun Bhat,Male,2001-09-30,24,Business,No Formal Education,Widowed,O+,Indian,Bidar,PS0176
P007429,Harish Sharma,Male,1970-04-05,56,Software Engineer,Graduate,Married,B+,Indian,Bengaluru Urban,PS0149
P007430,Geetha Bhat,Female,1974-05-18,52,Shop Owner,PUC,Married,O+,Indian,Belagavi,PS0059
P007431,Shivakumar Patil,Male,1985-04-05,41,Engineer,Post Graduate,Married,AB+,Indian,Bidar,PS0165
P007432,Harish Sharma,Male,1967-04-15,59,Police,No Formal Education,Single,AB+,Indian,Bidar,PS0180
P007433,Asha Singh,Female,1998-04-23,28,Software Engineer,No Formal Education,Married,A+,Indian,Bidar,PS0186
P007434,Sangeetha Bhat,Female,1962-08-20,63,Shop Owner,Graduate,Married,A+,Indian,Bengaluru Rural,PS0109
P007435,Sanjay Poojary,Male,1964-06-06,62,Engineer,Primary,Single,AB+,Indian,Bagalkote,PS0006
P007436,Lakshmi Rao,Female,1958-03-20,68,Software Engineer,No Formal Education,Single,B-,Indian,Chikkaballapura,PS0235
P007437,Kavya Hiremath,Female,1991-09-07,34,Student,No Formal Education,Widowed,O+,Indian,Bagalkote,PS0002
P007438,Roopa Pujari,Female,1990-03-12,36,Software Engineer,Graduate,Divorced,B+,Indian,Bengaluru Rural,PS0101
P007439,Prakash Shetty,Male,1996-08-30,29,Sales Executive,Post Graduate,Divorced,O-,Indian,Bengaluru Rural,PS0107
P007440,Deepa Singh,Female,1981-04-23,45,Electrician,High School,Married,O-,Indian,Chikkaballapura,PS0240
P007441,Swathi Kumar,Female,1962-10-03,63,Unemployed,PUC,Married,AB-,Indian,Chamarajanagar,PS0194
P007442,Pradeep Singh,Male,1994-08-02,31,Electrician,Diploma,Married,B+,Indian,Bengaluru Rural,PS0071
P007443,Rohit Singh,Male,1989-07-29,36,Engineer,Graduate,Married,B-,Indian,Bidar,PS0184
P007444,Ajay Angadi,Male,2004-02-13,22,Sales Executive,Primary,Divorced,B+,Indian,Belagavi,PS0060
P007445,Puneeth Sharma,Male,1983-07-17,43,Sales Executive,PhD,Widowed,B-,Indian,Chamarajanagar,PS0227
P007446,Akash Joshi,Male,1959-07-21,67,Electrician,PUC,Widowed,B-,Indian,Chamarajanagar,PS0227
P007447,Sneha Sharma,Female,1961-02-05,65,Government Employee,Graduate,Divorced,B-,Indian,Bengaluru Urban,PS0129
P007448,Puneeth Verma,Male,1972-12-13,53,Electrician,PhD,Widowed,O+,Indian,Ballari,PS0045
P007449,Arjun Singh,Male,1983-09-25,42,Shop Owner,Graduate,Married,O-,Indian,Bagalkote,PS0022
P007450,Deepa Bhat,Female,1989-11-04,36,Unemployed,Primary,Divorced,O-,Indian,Chamarajanagar,PS0193
P007451,Chetan Kumar,Male,1976-12-19,49,Government Employee,Graduate,Single,AB+,Indian,Bagalkote,PS0003
P007452,Anitha Patil,Female,2005-11-03,20,Mechanic,PUC,Widowed,O-,Indian,Bengaluru Urban,PS0145
P007453,Anjali Angadi,Female,1956-11-22,69,Sales Executive,Graduate,Single,AB-,Indian,Bidar,PS0174
P007454,Divya Naik,Female,1986-02-22,40,Software Engineer,Graduate,Single,A+,Indian,Ballari,PS0040
P007455,Megha Angadi,Female,2003-11-23,22,Farmer,Post Graduate,Widowed,A-,Indian,Belagavi,PS0054
P007456,Prakash Kambali,Male,2002-05-07,24,Unemployed,No Formal Education,Single,O-,Indian,Chikkaballapura,PS0246
P007457,Puneeth Pujari,Male,1994-04-30,32,Teacher,PhD,Single,A-,Indian,Bagalkote,PS0009
P007458,Suresh Pujari,Male,1974-03-07,52,Farmer,Graduate,Widowed,B+,Indian,Bagalkote,PS0007
P007459,Pooja Gowda,Female,1990-01-07,36,Engineer,Graduate,Single,A-,Indian,Bengaluru Urban,PS0143
P007460,Radhika Poojary,Female,1992-06-14,34,Unemployed,No Formal Education,Divorced,AB+,Indian,Bidar,PS0181
P007461,Naveen Patil,Male,1991-05-18,35,Shop Owner,High School,Single,AB+,Indian,Bengaluru Urban,PS0125
P007462,Divya Hiremath,Female,1955-02-10,71,Teacher,PUC,Married,O-,Indian,Ballari,PS0037
P007463,Arjun Poojary,Male,1977-02-08,49,Teacher,Graduate,Widowed,AB-,Indian,Bidar,PS0165
P007464,Kiran Shetty,Male,1976-07-16,50,Engineer,PUC,Divorced,A+,Indian,Bidar,PS0182
P007465,Shreya Joshi,Female,1973-05-02,53,Doctor,PhD,Married,A-,Indian,Bagalkote,PS0007
P007466,Chetan Siddiqui,Male,1980-02-08,46,Nurse,PUC,Single,A-,Indian,Belagavi,PS0060
P007467,Sunitha Verma,Female,1956-06-13,70,Doctor,PhD,Married,AB-,Indian,Bengaluru Rural,PS0079
P007468,Darshan Hegde,Male,1981-12-30,44,Electrician,Graduate,Married,A-,Indian,Bengaluru Rural,PS0078
P007469,Vijay Naik,Male,1968-05-02,58,Software Engineer,Diploma,Widowed,A+,Indian,Bagalkote,PS0014
P007470,Lakshmi Joshi,Female,1964-04-08,62,Police,Graduate,Single,AB-,Indian,Chikkaballapura,PS0250
P007471,Rekha Kumar,Female,1995-05-02,31,Labour,Diploma,Widowed,A-,Indian,Bengaluru Rural,PS0106
P007472,Rekha Patil,Female,2007-09-09,18,Lawyer,PUC,Widowed,A-,Indian,Ballari,PS0037
P007473,Rohit Bhat,Male,1984-11-17,41,Police,Diploma,Single,O-,Indian,Chamarajanagar,PS0221
P007474,Abhishek Kumar,Male,1994-07-13,32,Shop Owner,Diploma,Divorced,AB+,Indian,Belagavi,PS0058
P007475,Harini Bhat,Female,1959-11-11,66,Driver,High School,Married,O-,Indian,Chamarajanagar,PS0209
P007476,Bhavya Kumar,Female,1966-08-18,59,Farmer,No Formal Education,Widowed,O+,Indian,Bidar,PS0153
P007477,Sneha Hegde,Female,1970-11-12,55,Sales Executive,PUC,Divorced,AB+,Indian,Bengaluru Urban,PS0113
P007478,Deepa Naik,Female,2007-10-27,18,Engineer,Post Graduate,Widowed,O-,Indian,Bengaluru Urban,PS0147
P007479,Anitha Patil,Female,1960-11-11,65,Student,PUC,Single,O+,Indian,Bengaluru Rural,PS0080
P007480,Puneeth Joshi,Male,1981-06-27,45,Business,PhD,Single,A+,Indian,Bagalkote,PS0023
P007481,Pooja Hegde,Female,1994-11-12,31,Software Engineer,Diploma,Married,B-,Indian,Ballari,PS0042
P007482,Nisha Hegde,Female,1973-11-27,52,Lawyer,PhD,Married,AB+,Indian,Belagavi,PS0053
P007483,Sowmya Angadi,Female,2000-09-22,25,Business,High School,Married,AB-,Indian,Chamarajanagar,PS0194
P007484,Naveen Kumar,Male,1971-07-13,55,Driver,PhD,Widowed,AB+,Indian,Ballari,PS0040
P007485,Anitha Hiremath,Female,1955-08-29,70,Business,PUC,Divorced,O-,Indian,Bengaluru Rural,PS0074
P007486,Vijay Poojary,Male,1955-11-08,70,Carpenter,PhD,Widowed,AB-,Indian,Bengaluru Urban,PS0134
P007487,Akash Shetty,Male,1962-05-27,64,Driver,No Formal Education,Single,AB+,Indian,Bengaluru Urban,PS0113
P007488,Chetan Patil,Male,1974-04-09,52,Lawyer,High School,Single,B-,Indian,Bidar,PS0166
P007489,Darshan Kambali,Male,1997-12-07,28,Business,Diploma,Divorced,B-,Indian,Bengaluru Rural,PS0083
P007490,Geetha Gowda,Female,1959-11-16,66,Teacher,Primary,Divorced,O+,Indian,Bagalkote,PS0002
P007491,Ravi Rao,Male,1991-02-23,35,Nurse,Post Graduate,Divorced,B-,Indian,Chamarajanagar,PS0206
P007492,Kusuma Hegde,Female,2000-07-21,26,Nurse,Diploma,Single,O-,Indian,Chikkaballapura,PS0238
P007493,Kusuma Naik,Female,1974-09-22,51,Electrician,Diploma,Divorced,AB-,Indian,Chamarajanagar,PS0199
P007494,Pradeep Shetty,Male,1989-12-23,36,Government Employee,PhD,Married,O-,Indian,Chikkaballapura,PS0239
P007495,Preethi Bhat,Female,1969-01-04,57,Shop Owner,PUC,Single,O+,Indian,Bagalkote,PS0011
P007496,Mahesh Singh,Male,1990-11-21,35,Police,PUC,Divorced,B+,Indian,Chikkaballapura,PS0238
P007497,Lokesh Reddy,Male,1963-09-27,62,Carpenter,Diploma,Single,O+,Indian,Bengaluru Urban,PS0134
P007498,Suraj Angadi,Male,1996-08-29,29,Sales Executive,No Formal Education,Divorced,AB+,Indian,Bengaluru Rural,PS0080
P007499,Rohit Joshi,Male,1957-11-01,68,Labour,Graduate,Divorced,O-,Indian,Belagavi,PS0068
P007500,Deepa Naik,Female,1971-04-14,55,Labour,PhD,Divorced,A+,Indian,Bengaluru Rural,PS0088
P007501,Deepa Sharma,Female,1986-04-05,40,Farmer,PUC,Married,AB+,Indian,Ballari,PS0045
P007502,Shreya Shetty,Female,2005-09-17,20,Business,PUC,Divorced,AB-,Indian,Bengaluru Urban,PS0144
P007503,Kusuma Hegde,Female,1964-09-28,61,Carpenter,High School,Married,B-,Indian,Chamarajanagar,PS0220
P007504,Lokesh Bhat,Male,1998-09-08,27,Nurse,No Formal Education,Divorced,O+,Indian,Bagalkote,PS0010
P007505,Shreya Kulkarni,Female,1993-10-28,32,Doctor,High School,Divorced,B-,Indian,Chamarajanagar,PS0202
P007506,Abhishek Bhat,Male,1978-03-03,48,Farmer,Diploma,Widowed,O-,Indian,Bagalkote,PS0023
P007507,Preethi Rao,Female,2000-09-08,25,Security Guard,High School,Divorced,B+,Indian,Chamarajanagar,PS0195
P007508,Basavaraj Bhat,Male,1975-01-27,51,Government Employee,PUC,Divorced,B+,Indian,Bengaluru Rural,PS0077
P007509,Ganesh Sharma,Male,1962-07-16,64,Doctor,Post Graduate,Widowed,O-,Indian,Bidar,PS0163
P007510,Geetha Joshi,Female,1995-03-12,31,Mechanic,Post Graduate,Widowed,B-,Indian,Bengaluru Rural,PS0098
P007511,Rahul Verma,Male,1960-09-05,65,Shop Owner,Primary,Single,O+,Indian,Chikkaballapura,PS0246
P007512,Asha Naik,Female,2004-03-19,22,Teacher,Post Graduate,Widowed,A-,Indian,Bidar,PS0166
P007513,Roopa Gowda,Female,1965-03-21,61,Carpenter,PUC,Widowed,AB+,Indian,Ballari,PS0042
P007514,Prakash Joshi,Male,1961-12-06,64,Security Guard,Primary,Divorced,AB-,Indian,Bengaluru Urban,PS0132
P007515,Shivakumar Naik,Male,1998-02-26,28,Electrician,High School,Widowed,A-,Indian,Chamarajanagar,PS0214
P007516,Sneha Patil,Female,1994-10-28,31,Electrician,No Formal Education,Divorced,AB-,Indian,Chikkaballapura,PS0249
P007517,Akash Shetty,Male,2001-12-30,24,Carpenter,PUC,Widowed,A+,Indian,Bengaluru Urban,PS0135
P007518,Arjun Sharma,Male,1986-01-04,40,Sales Executive,Diploma,Married,A-,Indian,Bagalkote,PS0016
P007519,Arjun Kumar,Male,1982-12-08,43,Security Guard,High School,Divorced,O+,Indian,Bengaluru Urban,PS0133
P007520,Siddu Naik,Male,1968-07-09,58,Shop Owner,Graduate,Divorced,O-,Indian,Bengaluru Rural,PS0072
P007521,Mahesh Sharma,Male,1963-12-28,62,Carpenter,No Formal Education,Single,A+,Indian,Chamarajanagar,PS0208
P007522,Shreya Verma,Female,1959-09-26,66,Lawyer,High School,Divorced,O-,Indian,Bengaluru Urban,PS0141
P007523,Ramesh Hegde,Male,1980-01-02,46,Engineer,Post Graduate,Divorced,B+,Indian,Bengaluru Rural,PS0101
P007524,Vijay Kulkarni,Male,2006-01-01,20,Mechanic,Diploma,Widowed,O+,Indian,Bengaluru Rural,PS0108
P007525,Ravi Singh,Male,1980-05-08,46,Mechanic,Diploma,Single,B+,Indian,Chamarajanagar,PS0216
P007526,Manoj Sharma,Male,1980-04-10,46,Security Guard,Post Graduate,Single,AB-,Indian,Bidar,PS0182
P007527,Abhishek Poojary,Male,1958-10-19,67,Nurse,High School,Widowed,B+,Indian,Chamarajanagar,PS0201
P007528,Naveen Patil,Male,1990-02-09,36,Lawyer,PUC,Widowed,A-,Indian,Bengaluru Rural,PS0070
P007529,Vijay Pujari,Male,2002-11-18,23,Government Employee,No Formal Education,Divorced,O-,Indian,Bengaluru Rural,PS0083
P007530,Shivakumar Singh,Male,1969-07-04,57,Unemployed,Diploma,Widowed,AB-,Indian,Bagalkote,PS0001
P007531,Sowmya Poojary,Female,1959-01-04,67,Engineer,Post Graduate,Divorced,O+,Indian,Chikkaballapura,PS0242
P007532,Ajay Desai,Male,2006-06-09,20,Unemployed,Diploma,Married,AB-,Indian,Bengaluru Urban,PS0126
P007533,Sangeetha Gowda,Female,1965-12-24,60,Labour,Post Graduate,Divorced,O+,Indian,Chikkaballapura,PS0249
P007534,Vidya Verma,Female,2002-04-03,24,Unemployed,Graduate,Married,B+,Indian,Bagalkote,PS0005
P007535,Radhika Verma,Female,1985-02-24,41,Business,PUC,Single,B-,Indian,Bengaluru Urban,PS0132
P007536,Divya Angadi,Female,2006-03-13,20,Security Guard,PUC,Married,O+,Indian,Ballari,PS0036
P007537,Vijay Kambali,Male,1990-08-16,35,Farmer,Graduate,Widowed,AB+,Indian,Bengaluru Rural,PS0075
P007538,Shivakumar Rao,Male,1990-04-03,36,Shop Owner,PUC,Widowed,A+,Indian,Bidar,PS0181
P007539,Harish Reddy,Male,1996-12-03,29,Doctor,Post Graduate,Divorced,A+,Indian,Ballari,PS0043
P007540,Megha Desai,Female,1965-06-06,61,Teacher,No Formal Education,Divorced,O+,Indian,Chikkaballapura,PS0246
P007541,Megha Hegde,Female,1988-11-24,37,Carpenter,Post Graduate,Widowed,B-,Indian,Bidar,PS0180
P007542,Sangeetha Rao,Female,1990-01-20,36,Business,Primary,Married,B+,Indian,Bidar,PS0159
P007543,Akash Rao,Male,1960-03-19,66,Electrician,High School,Single,A+,Indian,Bagalkote,PS0019
P007544,Vinay Angadi,Male,2006-03-15,20,Shop Owner,High School,Single,AB+,Indian,Bidar,PS0156
P007545,Preethi Rao,Female,1999-09-18,26,Engineer,Primary,Married,B-,Indian,Chamarajanagar,PS0209
P007546,Naveen Verma,Male,2006-01-13,20,Business,PhD,Widowed,AB-,Indian,Chikkaballapura,PS0245
P007547,Rohit Shetty,Male,1966-08-25,59,Security Guard,High School,Married,A+,Indian,Bidar,PS0158
P007548,Vijay Rao,Male,1994-10-30,31,Student,Diploma,Divorced,O-,Indian,Chamarajanagar,PS0234
P007549,Rekha Kumar,Female,2004-07-20,22,Carpenter,No Formal Education,Widowed,AB+,Indian,Belagavi,PS0047
P007550,Rohit Sharma,Male,1968-12-10,57,Shop Owner,High School,Married,O+,Indian,Belagavi,PS0054
P007551,Sangeetha Bhat,Female,1976-06-28,50,Shop Owner,High School,Widowed,B-,Indian,Bidar,PS0192
P007552,Vijay Kambali,Male,1956-03-31,70,Student,PUC,Married,B-,Indian,Bengaluru Rural,PS0081
P007553,Suresh Verma,Male,1972-10-29,53,Nurse,Primary,Divorced,A+,Indian,Bengaluru Urban,PS0148
P007554,Nandini Singh,Female,1961-11-13,64,Unemployed,Diploma,Divorced,O+,Indian,Bengaluru Urban,PS0124
P007555,Darshan Hegde,Male,2003-01-30,23,Farmer,Primary,Single,A+,Indian,Bidar,PS0183
P007556,Rekha Angadi,Female,1980-11-17,45,Teacher,High School,Married,B-,Indian,Bidar,PS0154
P007557,Puneeth Angadi,Male,1998-12-31,27,Mechanic,Graduate,Married,B+,Indian,Chamarajanagar,PS0203
P007558,Rohit Gowda,Male,2005-03-14,21,Unemployed,Primary,Single,O-,Indian,Chamarajanagar,PS0220
P007559,Vijay Patil,Male,1967-09-17,58,Government Employee,Diploma,Widowed,B-,Indian,Bidar,PS0174
P007560,Rohit Angadi,Male,1982-09-20,43,Lawyer,Primary,Single,B-,Indian,Bengaluru Rural,PS0096
P007561,Sunitha Joshi,Female,1977-06-18,49,Teacher,Graduate,Married,O-,Indian,Bagalkote,PS0019
P007562,Sneha Joshi,Female,1981-12-03,44,Doctor,PhD,Divorced,AB+,Indian,Bengaluru Rural,PS0070
P007563,Sangeetha Poojary,Female,1958-11-20,67,Teacher,PUC,Married,B-,Indian,Bidar,PS0156
P007564,Arjun Angadi,Male,1960-11-24,65,Software Engineer,PhD,Single,A-,Indian,Chamarajanagar,PS0221
P007565,Suraj Siddiqui,Male,1976-07-14,50,Security Guard,PhD,Married,B-,Indian,Chamarajanagar,PS0193
P007566,Divya Kumar,Female,1968-09-07,57,Electrician,High School,Divorced,A+,Indian,Bidar,PS0154
P007567,Radhika Desai,Female,1973-03-30,53,Farmer,No Formal Education,Widowed,B+,Indian,Bengaluru Urban,PS0137
P007568,Geetha Kambali,Female,1981-04-29,45,Electrician,Primary,Widowed,O-,Indian,Bengaluru Urban,PS0110
P007569,Geetha Kambali,Female,1992-03-26,34,Doctor,PhD,Widowed,O-,Indian,Bagalkote,PS0002
P007570,Sanjay Singh,Male,1966-03-31,60,Student,Diploma,Married,O-,Indian,Bagalkote,PS0003
P007571,Vidya Kambali,Female,1962-11-27,63,Engineer,Primary,Divorced,A-,Indian,Bagalkote,PS0010
P007572,Puneeth Kumar,Male,2002-04-16,24,Teacher,Graduate,Married,B-,Indian,Bidar,PS0182
P007573,Mahesh Kulkarni,Male,1963-09-04,62,Farmer,PhD,Widowed,B+,Indian,Bengaluru Rural,PS0085
P007574,Anjali Hegde,Female,1968-08-20,57,Mechanic,No Formal Education,Single,AB+,Indian,Bengaluru Urban,PS0147
P007575,Priya Kulkarni,Female,1979-08-11,46,Labour,No Formal Education,Divorced,A+,Indian,Belagavi,PS0063
P007576,Anitha Siddiqui,Female,2007-08-26,18,Carpenter,Primary,Widowed,A+,Indian,Bengaluru Rural,PS0088
P007577,Sneha Gowda,Female,1980-05-16,46,Government Employee,PUC,Single,O-,Indian,Bengaluru Urban,PS0135
P007578,Swathi Patil,Female,1989-09-05,36,Police,High School,Married,AB+,Indian,Belagavi,PS0052
P007579,Anjali Sharma,Female,1975-09-13,50,Business,Graduate,Single,B+,Indian,Ballari,PS0037
P007580,Arjun Rao,Male,1998-02-03,28,Government Employee,No Formal Education,Single,B+,Indian,Bidar,PS0180
P007581,Siddu Rao,Male,1983-07-02,43,Shop Owner,High School,Married,AB-,Indian,Bengaluru Urban,PS0112
P007582,Suresh Shetty,Male,1997-01-10,29,Electrician,Primary,Divorced,O-,Indian,Bengaluru Urban,PS0120
P007583,Ganesh Pujari,Male,1973-02-03,53,Driver,Post Graduate,Single,AB+,Indian,Bidar,PS0170
P007584,Mahesh Naik,Male,1982-12-15,43,Police,Graduate,Divorced,B-,Indian,Ballari,PS0030
P007585,Preethi Naik,Female,2000-02-16,26,Security Guard,High School,Divorced,AB-,Indian,Belagavi,PS0068
P007586,Keerthi Bhat,Female,1992-09-29,33,Electrician,PUC,Married,B-,Indian,Chamarajanagar,PS0216
P007587,Ajay Kumar,Male,1974-06-20,52,Engineer,Graduate,Single,A-,Indian,Bengaluru Rural,PS0106
P007588,Roopa Pujari,Female,1986-05-20,40,Police,Graduate,Single,O+,Indian,Bagalkote,PS0010
P007589,Lokesh Patil,Male,1987-05-11,39,Shop Owner,No Formal Education,Divorced,A-,Indian,Bengaluru Rural,PS0070
P007590,Sunitha Sharma,Female,1994-10-06,31,Business,PUC,Married,A-,Indian,Bengaluru Rural,PS0071
P007591,Siddu Angadi,Male,1973-05-13,53,Mechanic,Post Graduate,Divorced,AB-,Indian,Chamarajanagar,PS0214
P007592,Sunitha Kambali,Female,1985-08-05,40,Engineer,High School,Married,A+,Indian,Bidar,PS0179
P007593,Prakash Rao,Male,2003-10-21,22,Electrician,PhD,Married,O-,Indian,Bengaluru Rural,PS0071
P007594,Divya Rao,Female,1971-07-10,55,Lawyer,Post Graduate,Divorced,A-,Indian,Chamarajanagar,PS0204
P007595,Darshan Kulkarni,Male,1963-12-02,62,Lawyer,Post Graduate,Single,B+,Indian,Bengaluru Rural,PS0070
P007596,Kiran Joshi,Male,1958-08-24,67,Sales Executive,PUC,Divorced,A+,Indian,Bidar,PS0169
P007597,Harish Verma,Male,1961-10-08,64,Labour,No Formal Education,Single,A+,Indian,Bidar,PS0167
P007598,Abhishek Naik,Male,1994-08-04,31,Police,Diploma,Widowed,B-,Indian,Bengaluru Urban,PS0112
P007599,Kiran Kulkarni,Male,1987-03-30,39,Police,PUC,Widowed,AB-,Indian,Belagavi,PS0059
P007600,Kiran Poojary,Male,1984-05-14,42,Teacher,Post Graduate,Single,B+,Indian,Bengaluru Rural,PS0073
P007601,Ajay Kumar,Male,1959-03-22,67,Engineer,High School,Divorced,B-,Indian,Bengaluru Rural,PS0105
P007602,Geetha Hegde,Female,2003-06-03,23,Doctor,PUC,Divorced,A+,Indian,Bagalkote,PS0005
P007603,Akash Patil,Male,2005-04-18,21,Government Employee,Diploma,Single,O-,Indian,Chamarajanagar,PS0222
P007604,Anitha Poojary,Female,2001-05-13,25,Lawyer,High School,Married,AB-,Indian,Chikkaballapura,PS0246
P007605,Chetan Kambali,Male,1958-05-31,68,Driver,Post Graduate,Divorced,B+,Indian,Belagavi,PS0066
P007606,Chetan Bhat,Male,2007-07-09,19,Teacher,Diploma,Single,O+,Indian,Bengaluru Rural,PS0078
P007607,Pradeep Joshi,Male,1980-08-10,45,Government Employee,PhD,Married,O-,Indian,Bengaluru Rural,PS0080
P007608,Radhika Rao,Female,1968-07-09,58,Student,Graduate,Divorced,A-,Indian,Chikkaballapura,PS0241
P007609,Sangeetha Siddiqui,Female,1996-09-29,29,Student,Diploma,Divorced,B-,Indian,Belagavi,PS0056
P007610,Rahul Bhat,Male,1974-08-29,51,Lawyer,Diploma,Single,AB-,Indian,Belagavi,PS0046
P007611,Pradeep Desai,Male,2001-05-03,25,Government Employee,Diploma,Divorced,B-,Indian,Bidar,PS0180
P007612,Darshan Poojary,Male,1973-07-04,53,Farmer,Diploma,Single,B+,Indian,Bengaluru Urban,PS0121
P007613,Vijay Kumar,Male,1959-07-18,67,Shop Owner,Primary,Single,B-,Indian,Bengaluru Rural,PS0088
P007614,Rohit Naik,Male,1981-11-19,44,Student,PhD,Divorced,AB-,Indian,Ballari,PS0037
P007615,Harini Singh,Female,1970-02-03,56,Doctor,Post Graduate,Married,AB+,Indian,Bidar,PS0189
P007616,Sangeetha Bhat,Female,1976-01-07,50,Engineer,Graduate,Married,AB+,Indian,Bengaluru Urban,PS0123
P007617,Sunitha Siddiqui,Female,1997-12-14,28,Carpenter,Graduate,Single,B+,Indian,Bidar,PS0163
P007618,Ravi Patil,Male,2002-05-23,24,Shop Owner,Primary,Widowed,A-,Indian,Bengaluru Rural,PS0108
P007619,Harish Siddiqui,Male,1962-08-25,63,Security Guard,Graduate,Single,O-,Indian,Bengaluru Rural,PS0080
P007620,Basavaraj Patil,Male,1998-06-21,28,Farmer,Diploma,Widowed,B-,Indian,Belagavi,PS0048
P007621,Swathi Bhat,Female,1967-10-14,58,Shop Owner,Diploma,Widowed,O+,Indian,Belagavi,PS0046
P007622,Abhishek Siddiqui,Male,2003-09-18,22,Sales Executive,High School,Single,B-,Indian,Bagalkote,PS0014
P007623,Ramesh Pujari,Male,1974-12-31,51,Teacher,High School,Widowed,A+,Indian,Belagavi,PS0069
P007624,Radhika Joshi,Female,1976-06-12,50,Teacher,PhD,Divorced,A+,Indian,Bengaluru Rural,PS0078
P007625,Mahesh Kulkarni,Male,1985-10-04,40,Shop Owner,Graduate,Married,AB+,Indian,Bengaluru Urban,PS0113
P007626,Harini Gowda,Female,1969-11-06,56,Police,PUC,Single,A+,Indian,Bidar,PS0169
P007627,Ganesh Kulkarni,Male,1980-01-25,46,Shop Owner,No Formal Education,Divorced,A-,Indian,Bagalkote,PS0018
P007628,Nisha Pujari,Female,2001-10-29,24,Driver,PhD,Married,O-,Indian,Bengaluru Rural,PS0100
P007629,Preethi Gowda,Female,2007-08-07,18,Security Guard,Diploma,Divorced,O-,Indian,Ballari,PS0036
P007630,Ravi Siddiqui,Male,1960-12-02,65,Business,High School,Divorced,A+,Indian,Bengaluru Urban,PS0143
P007631,Sneha Reddy,Female,1980-07-27,45,Labour,Primary,Married,B-,Indian,Belagavi,PS0046
P007632,Asha Verma,Female,1971-12-20,54,Police,PhD,Single,B+,Indian,Chamarajanagar,PS0205
P007633,Swathi Kulkarni,Female,1990-01-20,36,Business,Diploma,Single,AB+,Indian,Chikkaballapura,PS0244
P007634,Shivakumar Siddiqui,Male,1986-09-18,39,Sales Executive,PhD,Single,A+,Indian,Chamarajanagar,PS0228
P007635,Asha Hiremath,Female,1967-02-11,59,Teacher,PUC,Widowed,O+,Indian,Bidar,PS0181
P007636,Sneha Kambali,Female,1987-10-22,38,Farmer,Diploma,Single,A+,Indian,Bidar,PS0174
P007637,Abhishek Verma,Male,1979-12-13,46,Carpenter,PhD,Divorced,AB-,Indian,Bidar,PS0187
P007638,Deepa Hiremath,Female,1968-06-21,58,Software Engineer,No Formal Education,Widowed,O+,Indian,Chikkaballapura,PS0250
P007639,Vijay Poojary,Male,1975-09-07,50,Labour,Diploma,Married,AB-,Indian,Chikkaballapura,PS0238
P007640,Vinay Naik,Male,1971-03-21,55,Farmer,Diploma,Widowed,B-,Indian,Ballari,PS0027
P007641,Vinay Gowda,Male,1960-03-15,66,Unemployed,Graduate,Married,A+,Indian,Belagavi,PS0066
P007642,Pooja Kambali,Female,1990-03-20,36,Business,High School,Married,A-,Indian,Bengaluru Urban,PS0115
P007643,Akash Desai,Male,1987-03-16,39,Carpenter,PhD,Divorced,O-,Indian,Chamarajanagar,PS0197
P007644,Roopa Bhat,Female,1972-12-13,53,Nurse,Post Graduate,Widowed,B-,Indian,Bengaluru Rural,PS0107
P007645,Sneha Naik,Female,1990-11-21,35,Student,PUC,Divorced,A+,Indian,Bengaluru Rural,PS0096
P007646,Siddu Pujari,Male,1995-12-02,30,Lawyer,No Formal Education,Married,B-,Indian,Bengaluru Urban,PS0139
P007647,Radhika Desai,Female,1980-02-01,46,Government Employee,PUC,Divorced,B-,Indian,Chamarajanagar,PS0232
P007648,Kusuma Desai,Female,1969-09-12,56,Farmer,Graduate,Divorced,B+,Indian,Bengaluru Rural,PS0072
P007649,Sneha Singh,Female,1995-10-13,30,Doctor,High School,Widowed,O-,Indian,Bengaluru Urban,PS0113
P007650,Rohit Rao,Male,1993-09-05,32,Doctor,Primary,Widowed,O+,Indian,Chamarajanagar,PS0211
P007651,Nisha Shetty,Female,1967-10-11,58,Farmer,PhD,Widowed,AB-,Indian,Chamarajanagar,PS0223
P007652,Vidya Reddy,Female,1981-10-11,44,Lawyer,PhD,Widowed,B+,Indian,Bengaluru Rural,PS0072
P007653,Abhishek Joshi,Male,1985-08-25,40,Police,PUC,Widowed,O+,Indian,Bidar,PS0155
P007654,Radhika Naik,Female,1994-01-16,32,Teacher,PhD,Widowed,B+,Indian,Ballari,PS0040
P007655,Nisha Hiremath,Female,1991-09-23,34,Engineer,Post Graduate,Married,A+,Indian,Bagalkote,PS0014
P007656,Harish Hiremath,Male,2002-08-10,23,Driver,PUC,Married,A-,Indian,Bagalkote,PS0007
P007657,Sowmya Poojary,Female,1973-05-08,53,Software Engineer,Post Graduate,Married,B+,Indian,Belagavi,PS0066
P007658,Kiran Pujari,Male,1995-09-19,30,Shop Owner,Primary,Widowed,B+,Indian,Bidar,PS0184
P007659,Anitha Hiremath,Female,2002-03-09,24,Government Employee,PhD,Married,AB-,Indian,Bengaluru Urban,PS0117
P007660,Arjun Kulkarni,Male,1996-06-21,30,Business,Diploma,Divorced,O+,Indian,Bengaluru Rural,PS0105
P007661,Vidya Kumar,Female,1958-04-22,68,Unemployed,Diploma,Widowed,AB+,Indian,Belagavi,PS0069
P007662,Sunitha Hiremath,Female,1969-09-07,56,Security Guard,PUC,Widowed,A-,Indian,Chamarajanagar,PS0233
P007663,Kusuma Singh,Female,1968-10-31,57,Unemployed,No Formal Education,Widowed,B+,Indian,Bidar,PS0176
P007664,Harini Desai,Female,1975-11-04,50,Labour,PhD,Widowed,O+,Indian,Chikkaballapura,PS0242
P007665,Lokesh Desai,Male,1989-08-08,36,Police,Graduate,Married,O-,Indian,Bengaluru Urban,PS0130
P007666,Mahesh Kumar,Male,1956-08-28,69,Sales Executive,Graduate,Divorced,A+,Indian,Chamarajanagar,PS0198
P007667,Priya Siddiqui,Female,2005-02-20,21,Lawyer,Primary,Married,B-,Indian,Bidar,PS0173
P007668,Kiran Reddy,Male,1996-03-20,30,Carpenter,High School,Married,A+,Indian,Belagavi,PS0069
P007669,Radhika Kumar,Female,1999-08-12,26,Government Employee,Post Graduate,Single,B+,Indian,Bengaluru Rural,PS0093
P007670,Shreya Reddy,Female,1992-02-28,34,Labour,Diploma,Single,B+,Indian,Belagavi,PS0063
P007671,Manoj Kambali,Male,1957-05-06,69,Teacher,High School,Married,AB+,Indian,Bagalkote,PS0007
P007672,Geetha Desai,Female,1993-11-09,32,Doctor,Post Graduate,Divorced,A-,Indian,Bagalkote,PS0001
P007673,Rekha Kulkarni,Female,2005-05-18,21,Labour,Post Graduate,Widowed,B+,Indian,Bidar,PS0169
P007674,Deepa Poojary,Female,1959-09-16,66,Electrician,PUC,Married,B-,Indian,Chamarajanagar,PS0211
P007675,Ramesh Pujari,Male,1978-10-12,47,Student,Primary,Married,O+,Indian,Bengaluru Urban,PS0149
P007676,Harish Desai,Male,1977-11-11,48,Security Guard,Graduate,Widowed,O-,Indian,Bengaluru Rural,PS0101
P007677,Pooja Verma,Female,1973-10-23,52,Carpenter,Diploma,Single,O-,Indian,Bagalkote,PS0019
P007678,Puneeth Hegde,Male,1981-11-29,44,Sales Executive,High School,Single,B+,Indian,Bidar,PS0168
P007679,Asha Desai,Female,1984-05-15,42,Teacher,Post Graduate,Widowed,AB+,Indian,Ballari,PS0028
P007680,Anjali Pujari,Female,1961-12-22,64,Labour,Post Graduate,Single,O-,Indian,Ballari,PS0036
P007681,Pradeep Naik,Male,1959-02-16,67,Student,Primary,Widowed,O-,Indian,Bidar,PS0184
P007682,Bhavya Desai,Female,1959-03-04,67,Engineer,High School,Married,A+,Indian,Belagavi,PS0067
P007683,Chetan Sharma,Male,1993-08-02,32,Electrician,High School,Married,B+,Indian,Bagalkote,PS0012
P007684,Vijay Hegde,Male,1983-09-02,42,Driver,High School,Single,AB+,Indian,Chamarajanagar,PS0217
P007685,Akash Joshi,Male,1985-02-28,41,Nurse,High School,Single,B+,Indian,Bengaluru Rural,PS0078
P007686,Akash Kulkarni,Male,1978-02-17,48,Student,Diploma,Single,A-,Indian,Belagavi,PS0046
P007687,Sanjay Desai,Male,1984-11-25,41,Lawyer,Graduate,Married,AB-,Indian,Bagalkote,PS0018
P007688,Anjali Verma,Female,1989-12-10,36,Carpenter,Post Graduate,Married,O+,Indian,Bagalkote,PS0004
P007689,Kusuma Angadi,Female,1984-01-11,42,Student,High School,Widowed,B+,Indian,Ballari,PS0042
P007690,Deepa Poojary,Female,1968-09-09,57,Engineer,PUC,Single,AB+,Indian,Chamarajanagar,PS0226
P007691,Shivakumar Kumar,Male,1991-05-14,35,Farmer,Diploma,Married,B+,Indian,Bengaluru Urban,PS0140
P007692,Sowmya Hiremath,Female,1981-01-07,45,Sales Executive,No Formal Education,Single,O+,Indian,Chikkaballapura,PS0241
P007693,Ravi Hiremath,Male,1966-07-15,60,Police,PhD,Single,A+,Indian,Bengaluru Urban,PS0117
P007694,Megha Hiremath,Female,1960-04-12,66,Government Employee,Primary,Single,B-,Indian,Ballari,PS0031
P007695,Asha Singh,Female,2003-06-26,23,Unemployed,No Formal Education,Widowed,O-,Indian,Bengaluru Rural,PS0079
P007696,Harini Kumar,Female,1971-12-28,54,Unemployed,Primary,Married,O-,Indian,Bengaluru Rural,PS0095
P007697,Radhika Gowda,Female,1985-03-05,41,Business,PhD,Divorced,A-,Indian,Bengaluru Urban,PS0148
P007698,Lakshmi Joshi,Female,1971-03-12,55,Security Guard,PhD,Single,B-,Indian,Bengaluru Rural,PS0086
P007699,Sangeetha Poojary,Female,1973-03-21,53,Police,No Formal Education,Single,AB+,Indian,Bidar,PS0166
P007700,Ajay Rao,Male,1969-10-20,56,Labour,Diploma,Divorced,A-,Indian,Bengaluru Rural,PS0087
P007701,Siddu Joshi,Male,1966-12-17,59,Business,High School,Single,A+,Indian,Bengaluru Urban,PS0126
P007702,Deepa Kambali,Female,1988-08-27,37,Driver,PUC,Married,AB+,Indian,Belagavi,PS0062
P007703,Sowmya Reddy,Female,1975-07-19,51,Electrician,High School,Single,A-,Indian,Bidar,PS0172
P007704,Keerthi Siddiqui,Female,1980-05-11,46,Nurse,PhD,Divorced,O-,Indian,Bengaluru Urban,PS0149
P007705,Akash Hegde,Male,1962-08-03,63,Lawyer,Primary,Divorced,O+,Indian,Belagavi,PS0069
P007706,Harish Rao,Male,1962-09-25,63,Driver,Diploma,Married,B+,Indian,Ballari,PS0038
P007707,Puneeth Hiremath,Male,1996-02-08,30,Security Guard,High School,Divorced,O-,Indian,Bidar,PS0163
P007708,Anjali Verma,Female,1979-07-28,46,Engineer,PUC,Divorced,B-,Indian,Bengaluru Rural,PS0092
P007709,Arjun Hegde,Male,1989-05-30,37,Mechanic,Diploma,Single,O-,Indian,Belagavi,PS0056
P007710,Vinay Rao,Male,1979-04-25,47,Engineer,Post Graduate,Widowed,AB-,Indian,Bagalkote,PS0008
P007711,Anjali Sharma,Female,1971-05-02,55,Nurse,PUC,Single,A-,Indian,Bengaluru Rural,PS0103
P007712,Kavya Kambali,Female,2006-12-01,19,Teacher,High School,Married,A+,Indian,Bengaluru Urban,PS0135
P007713,Manoj Reddy,Male,1975-02-21,51,Business,PhD,Single,AB+,Indian,Bengaluru Rural,PS0084
P007714,Vidya Gowda,Female,1974-06-06,52,Mechanic,Post Graduate,Single,O-,Indian,Bengaluru Urban,PS0123
P007715,Lokesh Bhat,Male,1972-05-23,54,Engineer,Post Graduate,Married,O-,Indian,Ballari,PS0036
P007716,Abhishek Joshi,Male,1985-01-19,41,Farmer,High School,Divorced,A-,Indian,Chamarajanagar,PS0225
P007717,Roopa Patil,Female,2003-03-05,23,Carpenter,Graduate,Widowed,O-,Indian,Bengaluru Urban,PS0147
P007718,Kiran Desai,Male,1958-07-21,68,Teacher,PhD,Widowed,B-,Indian,Chamarajanagar,PS0209
P007719,Harini Verma,Female,1992-08-10,33,Software Engineer,Post Graduate,Single,B+,Indian,Bengaluru Urban,PS0128
P007720,Suresh Angadi,Male,1986-04-11,40,Carpenter,High School,Single,A-,Indian,Bidar,PS0179
P007721,Pradeep Angadi,Male,1984-09-13,41,Business,Primary,Widowed,A-,Indian,Chamarajanagar,PS0201
P007722,Bhavya Desai,Female,1997-05-04,29,Shop Owner,Graduate,Widowed,A-,Indian,Chamarajanagar,PS0220
P007723,Ajay Reddy,Male,1965-03-06,61,Teacher,High School,Single,A+,Indian,Bengaluru Urban,PS0136
P007724,Pooja Rao,Female,2004-06-05,22,Carpenter,High School,Divorced,O-,Indian,Chamarajanagar,PS0203
P007725,Swathi Kulkarni,Female,1981-01-06,45,Software Engineer,No Formal Education,Divorced,AB-,Indian,Belagavi,PS0056
P007726,Harini Pujari,Female,1985-02-18,41,Unemployed,No Formal Education,Widowed,A+,Indian,Bengaluru Urban,PS0151
P007727,Nisha Hiremath,Female,2004-03-22,22,Government Employee,Diploma,Divorced,AB+,Indian,Bengaluru Rural,PS0105
P007728,Mahesh Gowda,Male,1968-02-08,58,Nurse,No Formal Education,Divorced,AB+,Indian,Bengaluru Urban,PS0145
P007729,Prakash Siddiqui,Male,1966-11-28,59,Farmer,No Formal Education,Married,A+,Indian,Bengaluru Rural,PS0082
P007730,Keerthi Poojary,Female,1972-05-27,54,Engineer,Primary,Divorced,B-,Indian,Chikkaballapura,PS0243
P007731,Akash Hiremath,Male,1974-10-10,51,Business,PUC,Widowed,O-,Indian,Bengaluru Rural,PS0105
P007732,Kavya Kulkarni,Female,1967-08-29,58,Security Guard,PhD,Married,AB-,Indian,Chikkaballapura,PS0236
P007733,Ravi Bhat,Male,1964-01-27,62,Teacher,PhD,Single,B-,Indian,Chikkaballapura,PS0249
P007734,Prakash Sharma,Male,1977-04-20,49,Teacher,Graduate,Divorced,A+,Indian,Bidar,PS0169
P007735,Sunitha Reddy,Female,1992-11-24,33,Driver,PhD,Divorced,B+,Indian,Bengaluru Rural,PS0100
P007736,Kiran Patil,Male,1965-01-20,61,Doctor,Graduate,Divorced,AB+,Indian,Bidar,PS0182
P007737,Anitha Pujari,Female,1986-06-12,40,Student,High School,Divorced,O+,Indian,Bidar,PS0169
P007738,Rahul Reddy,Male,1989-11-20,36,Shop Owner,Primary,Single,O-,Indian,Chikkaballapura,PS0241
P007739,Vijay Poojary,Male,1998-06-23,28,Security Guard,PhD,Married,A+,Indian,Bidar,PS0168
P007740,Anjali Bhat,Female,1990-04-29,36,Student,PhD,Married,O-,Indian,Bengaluru Urban,PS0145
P007741,Arjun Bhat,Male,1958-07-25,67,Police,High School,Divorced,A+,Indian,Bidar,PS0184
P007742,Megha Kumar,Female,1964-03-15,62,Driver,Primary,Widowed,AB-,Indian,Bengaluru Rural,PS0098
P007743,Rekha Siddiqui,Female,1973-05-31,53,Electrician,PUC,Widowed,A-,Indian,Chamarajanagar,PS0216
P007744,Swathi Kulkarni,Female,1957-12-05,68,Doctor,High School,Single,AB+,Indian,Belagavi,PS0059
P007745,Rohit Shetty,Male,2002-06-13,24,Labour,Post Graduate,Widowed,O-,Indian,Belagavi,PS0069
P007746,Deepa Desai,Female,1981-04-30,45,Nurse,PUC,Widowed,B-,Indian,Bidar,PS0154
P007747,Abhishek Patil,Male,1958-02-13,68,Security Guard,Diploma,Single,O+,Indian,Bagalkote,PS0014
P007748,Lakshmi Reddy,Female,2007-03-30,19,Security Guard,No Formal Education,Widowed,A+,Indian,Bengaluru Rural,PS0080
P007749,Abhishek Bhat,Male,1989-02-16,37,Farmer,PhD,Single,B+,Indian,Chamarajanagar,PS0231
P007750,Rekha Sharma,Female,1966-08-11,59,Lawyer,Post Graduate,Widowed,B-,Indian,Chamarajanagar,PS0232
P007751,Suraj Desai,Male,1980-02-20,46,Driver,Graduate,Single,B+,Indian,Chamarajanagar,PS0196
P007752,Manoj Joshi,Male,1972-10-18,53,Unemployed,Post Graduate,Widowed,AB+,Indian,Bidar,PS0178
P007753,Roopa Poojary,Female,1974-02-08,52,Teacher,PUC,Widowed,B+,Indian,Bidar,PS0181
P007754,Kusuma Hiremath,Female,1969-10-10,56,Unemployed,High School,Single,B-,Indian,Bagalkote,PS0019
P007755,Manoj Bhat,Male,1955-06-24,71,Nurse,Primary,Widowed,AB+,Indian,Chikkaballapura,PS0240
P007756,Priya Kulkarni,Female,1990-07-17,36,Security Guard,High School,Widowed,AB+,Indian,Bengaluru Rural,PS0106
P007757,Priya Kulkarni,Female,1991-06-26,35,Unemployed,Graduate,Married,O+,Indian,Bagalkote,PS0019
P007758,Shivakumar Singh,Male,2007-04-21,19,Farmer,PUC,Divorced,B-,Indian,Chamarajanagar,PS0206
P007759,Manoj Hegde,Male,2005-04-10,21,Engineer,High School,Divorced,O+,Indian,Chikkaballapura,PS0249
P007760,Rohit Angadi,Male,1994-09-11,31,Lawyer,PhD,Widowed,A+,Indian,Bengaluru Rural,PS0085
P007761,Sangeetha Bhat,Female,1960-03-25,66,Electrician,High School,Divorced,A-,Indian,Belagavi,PS0053
P007762,Sneha Singh,Female,1983-04-09,43,Nurse,High School,Widowed,A-,Indian,Bengaluru Rural,PS0074
P007763,Kavya Joshi,Female,1991-03-27,35,Electrician,PUC,Single,A+,Indian,Chamarajanagar,PS0230
P007764,Pooja Bhat,Female,1996-07-16,30,Nurse,Post Graduate,Single,AB-,Indian,Bengaluru Urban,PS0143
P007765,Rohit Rao,Male,1998-02-14,28,Mechanic,PUC,Widowed,AB+,Indian,Chikkaballapura,PS0248
P007766,Bhavya Desai,Female,1975-02-13,51,Government Employee,PhD,Widowed,B+,Indian,Bidar,PS0153
P007767,Sunitha Shetty,Female,1978-01-19,48,Driver,PhD,Divorced,A-,Indian,Chikkaballapura,PS0242
P007768,Shivakumar Kambali,Male,1999-02-06,27,Labour,Primary,Married,B+,Indian,Bengaluru Rural,PS0107
P007769,Anjali Shetty,Female,1980-01-31,46,Security Guard,PhD,Widowed,AB+,Indian,Bengaluru Rural,PS0080
P007770,Sanjay Bhat,Male,1958-05-03,68,Labour,Primary,Married,O-,Indian,Bengaluru Rural,PS0081
P007771,Bhavya Reddy,Female,1955-12-17,70,Electrician,No Formal Education,Widowed,O-,Indian,Chamarajanagar,PS0213
P007772,Manoj Hegde,Male,2001-10-04,24,Nurse,Diploma,Single,A+,Indian,Chamarajanagar,PS0203
P007773,Kusuma Shetty,Female,1979-10-02,46,Sales Executive,Primary,Widowed,AB-,Indian,Bengaluru Urban,PS0118
P007774,Radhika Rao,Female,2003-01-15,23,Labour,Graduate,Single,B+,Indian,Belagavi,PS0047
P007775,Naveen Joshi,Male,1964-12-11,61,Software Engineer,High School,Single,O-,Indian,Bengaluru Rural,PS0109
P007776,Sunitha Bhat,Female,1996-09-05,29,Government Employee,No Formal Education,Single,O+,Indian,Chikkaballapura,PS0243
P007777,Sneha Kumar,Female,1968-07-17,58,Police,PUC,Widowed,B+,Indian,Bagalkote,PS0020
P007778,Priya Desai,Female,1988-04-19,38,Police,Primary,Married,O-,Indian,Bagalkote,PS0015
P007779,Bhavya Patil,Female,1973-02-03,53,Carpenter,Diploma,Married,AB-,Indian,Chamarajanagar,PS0195
P007780,Akash Hiremath,Male,1956-09-19,69,Electrician,Graduate,Widowed,B-,Indian,Bengaluru Urban,PS0122
P007781,Geetha Angadi,Female,1987-08-24,38,Teacher,Diploma,Single,AB-,Indian,Bengaluru Urban,PS0136
P007782,Arjun Joshi,Male,1983-05-09,43,Doctor,No Formal Education,Widowed,O+,Indian,Ballari,PS0042
P007783,Priya Kulkarni,Female,2004-11-23,21,Mechanic,No Formal Education,Divorced,B+,Indian,Bidar,PS0167
P007784,Lakshmi Hiremath,Female,2000-03-16,26,Doctor,Graduate,Married,B+,Indian,Bidar,PS0161
P007785,Prakash Poojary,Male,1960-01-12,66,Driver,Primary,Single,O+,Indian,Chamarajanagar,PS0232
P007786,Bhavya Gowda,Female,1969-06-02,57,Shop Owner,High School,Single,AB+,Indian,Ballari,PS0035
P007787,Deepa Singh,Female,2007-11-19,18,Farmer,PhD,Single,AB-,Indian,Bengaluru Rural,PS0070
P007788,Roopa Kambali,Female,1971-11-14,54,Nurse,Primary,Single,AB-,Indian,Chamarajanagar,PS0220
P007789,Ravi Sharma,Male,1974-12-19,51,Nurse,Post Graduate,Divorced,AB+,Indian,Belagavi,PS0061
P007790,Suraj Verma,Male,1980-04-18,46,Police,No Formal Education,Married,AB+,Indian,Bidar,PS0180
P007791,Suresh Verma,Male,2004-02-05,22,Lawyer,Graduate,Widowed,O+,Indian,Chamarajanagar,PS0224
P007792,Kiran Hegde,Male,1986-05-30,40,Nurse,Primary,Widowed,A+,Indian,Bagalkote,PS0019
P007793,Megha Gowda,Female,1988-03-14,38,Sales Executive,PhD,Widowed,O+,Indian,Chikkaballapura,PS0243
P007794,Abhishek Reddy,Male,1997-04-03,29,Shop Owner,High School,Widowed,A-,Indian,Belagavi,PS0056
P007795,Sangeetha Siddiqui,Female,1997-04-06,29,Police,No Formal Education,Widowed,AB+,Indian,Bidar,PS0159
P007796,Manoj Verma,Male,1999-09-06,26,Teacher,PhD,Married,A+,Indian,Bengaluru Rural,PS0099
P007797,Siddu Hiremath,Male,1993-05-04,33,Unemployed,Diploma,Widowed,AB-,Indian,Chamarajanagar,PS0195
P007798,Kiran Poojary,Male,1981-03-18,45,Software Engineer,Post Graduate,Divorced,AB+,Indian,Bengaluru Rural,PS0095
P007799,Basavaraj Kambali,Male,1993-01-05,33,Shop Owner,Diploma,Divorced,B-,Indian,Belagavi,PS0066
P007800,Darshan Desai,Male,2001-11-16,24,Lawyer,Primary,Divorced,AB-,Indian,Ballari,PS0039
P007801,Preethi Kulkarni,Female,1986-02-26,40,Sales Executive,PUC,Single,AB-,Indian,Ballari,PS0042
P007802,Rekha Verma,Female,2006-11-12,19,Unemployed,PhD,Married,A-,Indian,Ballari,PS0033
P007803,Shreya Reddy,Female,1971-11-16,54,Student,High School,Married,B+,Indian,Bengaluru Urban,PS0126
P007804,Kusuma Desai,Female,1974-05-06,52,Unemployed,Primary,Widowed,AB+,Indian,Bagalkote,PS0017
P007805,Lakshmi Hiremath,Female,1995-06-13,31,Nurse,PhD,Widowed,AB-,Indian,Belagavi,PS0053
P007806,Megha Poojary,Female,1964-10-23,61,Shop Owner,Primary,Widowed,AB-,Indian,Chamarajanagar,PS0221
P007807,Ajay Gowda,Male,2007-02-13,19,Labour,Primary,Widowed,AB-,Indian,Belagavi,PS0046
P007808,Rohit Poojary,Male,1983-05-10,43,Labour,PUC,Divorced,AB+,Indian,Bengaluru Rural,PS0098
P007809,Suresh Gowda,Male,1968-09-01,57,Farmer,No Formal Education,Single,O+,Indian,Bengaluru Urban,PS0149
P007810,Suresh Angadi,Male,1992-04-05,34,Unemployed,Post Graduate,Widowed,B+,Indian,Bidar,PS0169
P007811,Vidya Pujari,Female,1976-06-07,50,Business,High School,Married,O+,Indian,Chamarajanagar,PS0227
P007812,Vinay Rao,Male,1960-11-04,65,Security Guard,Post Graduate,Married,AB+,Indian,Bidar,PS0185
P007813,Suresh Hiremath,Male,1999-11-14,26,Doctor,High School,Single,A+,Indian,Bengaluru Rural,PS0072
P007814,Nandini Kambali,Female,1995-04-05,31,Driver,Post Graduate,Widowed,A-,Indian,Ballari,PS0043
P007815,Shreya Hiremath,Female,1962-09-28,63,Electrician,PhD,Single,A-,Indian,Belagavi,PS0051
P007816,Lokesh Kambali,Male,1973-12-18,52,Security Guard,Diploma,Divorced,AB+,Indian,Belagavi,PS0047
P007817,Basavaraj Desai,Male,1979-09-25,46,Nurse,No Formal Education,Widowed,A-,Indian,Bagalkote,PS0024
P007818,Kavya Kumar,Female,1993-09-18,32,Nurse,Graduate,Married,AB-,Indian,Chikkaballapura,PS0243
P007819,Arjun Gowda,Male,1978-05-11,48,Carpenter,Graduate,Widowed,O+,Indian,Belagavi,PS0064
P007820,Radhika Shetty,Female,1968-06-17,58,Teacher,High School,Single,A+,Indian,Chamarajanagar,PS0227
P007821,Vidya Kulkarni,Female,1997-11-29,28,Sales Executive,Diploma,Single,AB+,Indian,Bengaluru Rural,PS0100
P007822,Sneha Siddiqui,Female,1960-01-16,66,Doctor,No Formal Education,Married,AB+,Indian,Bagalkote,PS0001
P007823,Rahul Desai,Male,2004-04-17,22,Sales Executive,High School,Single,O-,Indian,Chamarajanagar,PS0227
P007824,Ajay Singh,Male,1992-06-24,34,Mechanic,PhD,Single,A-,Indian,Bengaluru Rural,PS0101
P007825,Radhika Desai,Female,1967-09-16,58,Farmer,Primary,Widowed,O-,Indian,Chamarajanagar,PS0214
P007826,Manoj Sharma,Male,1958-08-27,67,Lawyer,Post Graduate,Divorced,B-,Indian,Bidar,PS0183
P007827,Vidya Kulkarni,Female,2003-05-23,23,Student,Primary,Widowed,O+,Indian,Bidar,PS0189
P007828,Harini Naik,Female,1975-02-26,51,Labour,Post Graduate,Married,B+,Indian,Bengaluru Urban,PS0136
P007829,Shivakumar Gowda,Male,2003-09-24,22,Nurse,Primary,Single,B+,Indian,Chamarajanagar,PS0216
P007830,Vijay Kumar,Male,1987-08-12,38,Student,Post Graduate,Married,AB+,Indian,Belagavi,PS0061
P007831,Harini Rao,Female,1981-06-08,45,Mechanic,Primary,Divorced,O+,Indian,Chamarajanagar,PS0219
P007832,Abhishek Kambali,Male,1968-01-19,58,Lawyer,PhD,Divorced,A+,Indian,Chamarajanagar,PS0202
P007833,Preethi Bhat,Female,1973-08-17,52,Electrician,Diploma,Divorced,A-,Indian,Bidar,PS0171
P007834,Geetha Kulkarni,Female,1988-10-15,37,Labour,Post Graduate,Single,O+,Indian,Bagalkote,PS0005
P007835,Rohit Sharma,Male,1970-04-10,56,Police,High School,Divorced,A+,Indian,Bidar,PS0182
P007836,Darshan Hiremath,Male,1998-05-11,28,Nurse,Primary,Single,B-,Indian,Bengaluru Rural,PS0087
P007837,Basavaraj Naik,Male,1990-03-05,36,Carpenter,No Formal Education,Widowed,B+,Indian,Belagavi,PS0046
P007838,Roopa Poojary,Female,1958-01-15,68,Carpenter,Primary,Single,B-,Indian,Bengaluru Urban,PS0138
P007839,Darshan Gowda,Male,1956-08-30,69,Lawyer,Graduate,Single,O+,Indian,Bengaluru Rural,PS0077
P007840,Geetha Shetty,Female,1962-05-25,64,Unemployed,PUC,Single,AB+,Indian,Bengaluru Rural,PS0080
P007841,Abhishek Gowda,Male,1962-11-08,63,Shop Owner,Graduate,Single,AB-,Indian,Chamarajanagar,PS0208
P007842,Vinay Sharma,Male,1964-12-18,61,Doctor,PhD,Widowed,AB-,Indian,Bidar,PS0192
P007843,Nandini Shetty,Female,1971-09-01,54,Lawyer,Primary,Married,O+,Indian,Bidar,PS0158
P007844,Sangeetha Kumar,Female,1977-04-13,49,Mechanic,Diploma,Single,A+,Indian,Bengaluru Rural,PS0087
P007845,Darshan Hiremath,Male,1986-10-02,39,Security Guard,High School,Married,B+,Indian,Bidar,PS0161
P007846,Preethi Shetty,Female,1979-05-06,47,Lawyer,Diploma,Single,O+,Indian,Bengaluru Rural,PS0098
P007847,Divya Kulkarni,Female,2006-06-19,20,Driver,High School,Married,A+,Indian,Chamarajanagar,PS0193
P007848,Geetha Desai,Female,1979-11-22,46,Shop Owner,Post Graduate,Single,B-,Indian,Chamarajanagar,PS0226
P007849,Prakash Hegde,Male,2007-10-02,18,Farmer,Diploma,Married,B+,Indian,Bidar,PS0166
P007850,Basavaraj Naik,Male,1998-04-20,28,Driver,Diploma,Divorced,O+,Indian,Chamarajanagar,PS0209
P007851,Abhishek Kulkarni,Male,1961-11-30,64,Mechanic,High School,Single,A+,Indian,Bagalkote,PS0004
P007852,Anjali Verma,Female,2001-01-19,25,Student,PhD,Single,B-,Indian,Chamarajanagar,PS0195
P007853,Nisha Pujari,Female,1982-07-15,44,Sales Executive,PUC,Married,AB+,Indian,Chikkaballapura,PS0241
P007854,Arjun Kulkarni,Male,1996-08-26,29,Engineer,PUC,Widowed,AB-,Indian,Chikkaballapura,PS0243
P007855,Preethi Shetty,Female,1983-05-06,43,Government Employee,No Formal Education,Widowed,B+,Indian,Chamarajanagar,PS0234
P007856,Geetha Siddiqui,Female,2006-08-11,19,Driver,No Formal Education,Divorced,O+,Indian,Ballari,PS0036
P007857,Siddu Reddy,Male,1994-04-02,32,Teacher,Primary,Married,O-,Indian,Bengaluru Urban,PS0125
P007858,Akash Singh,Male,1961-05-26,65,Nurse,PhD,Single,O+,Indian,Bidar,PS0161
P007859,Pooja Poojary,Female,1959-10-19,66,Teacher,High School,Divorced,A-,Indian,Belagavi,PS0063
P007860,Basavaraj Shetty,Male,1992-06-26,34,Driver,Primary,Single,B-,Indian,Bengaluru Urban,PS0120
P007861,Ravi Rao,Male,1971-09-29,54,Student,Primary,Divorced,B-,Indian,Bengaluru Rural,PS0099
P007862,Siddu Hiremath,Male,1976-05-01,50,Shop Owner,Diploma,Single,AB-,Indian,Chamarajanagar,PS0227
P007863,Rohit Reddy,Male,2001-04-21,25,Unemployed,High School,Married,A+,Indian,Belagavi,PS0055
P007864,Geetha Sharma,Female,1962-02-23,64,Police,PhD,Married,O-,Indian,Chamarajanagar,PS0206
P007865,Ganesh Verma,Male,1996-05-21,30,Doctor,PUC,Single,AB+,Indian,Bidar,PS0167
P007866,Shivakumar Sharma,Male,2000-07-11,26,Government Employee,Post Graduate,Single,A+,Indian,Bagalkote,PS0001
P007867,Puneeth Poojary,Male,1996-03-03,30,Unemployed,Post Graduate,Divorced,B+,Indian,Belagavi,PS0065
P007868,Keerthi Gowda,Female,1996-06-29,30,Mechanic,Graduate,Married,AB-,Indian,Bengaluru Rural,PS0099
P007869,Siddu Hiremath,Male,1960-11-20,65,Business,Graduate,Divorced,A-,Indian,Bengaluru Rural,PS0091
P007870,Kiran Verma,Male,1978-06-06,48,Lawyer,Graduate,Single,AB-,Indian,Belagavi,PS0066
P007871,Asha Shetty,Female,1974-12-31,51,Business,Diploma,Divorced,A+,Indian,Chamarajanagar,PS0194
P007872,Prakash Kambali,Male,2000-06-02,26,Software Engineer,Graduate,Single,A+,Indian,Bagalkote,PS0013
P007873,Chetan Naik,Male,1994-10-22,31,Farmer,No Formal Education,Widowed,AB+,Indian,Bidar,PS0170
P007874,Nisha Reddy,Female,1985-06-18,41,Unemployed,Post Graduate,Divorced,O+,Indian,Bidar,PS0183
P007875,Ravi Verma,Male,1967-02-01,59,Carpenter,Diploma,Widowed,O-,Indian,Bengaluru Rural,PS0075
P007876,Swathi Sharma,Female,2000-11-18,25,Shop Owner,Primary,Widowed,O+,Indian,Bengaluru Urban,PS0110
P007877,Prakash Rao,Male,1966-08-10,59,Lawyer,PhD,Single,A-,Indian,Bengaluru Rural,PS0096
P007878,Shivakumar Naik,Male,1993-04-26,33,Teacher,Primary,Widowed,AB+,Indian,Bengaluru Urban,PS0127
P007879,Shreya Hiremath,Female,1973-01-29,53,Doctor,Post Graduate,Single,AB-,Indian,Belagavi,PS0050
P007880,Mahesh Bhat,Male,1965-04-22,61,Unemployed,No Formal Education,Widowed,A+,Indian,Bengaluru Rural,PS0090
P007881,Asha Hegde,Female,1965-05-28,61,Unemployed,Post Graduate,Divorced,B+,Indian,Bagalkote,PS0005
P007882,Puneeth Kumar,Male,1989-02-15,37,Labour,Primary,Single,A-,Indian,Bengaluru Urban,PS0117
P007883,Anitha Joshi,Female,2001-06-08,25,Electrician,High School,Divorced,B+,Indian,Bidar,PS0190
P007884,Kusuma Singh,Female,1996-08-18,29,Farmer,PUC,Single,O+,Indian,Bidar,PS0166
P007885,Geetha Poojary,Female,1972-10-31,53,Security Guard,No Formal Education,Widowed,AB-,Indian,Belagavi,PS0069
P007886,Naveen Kambali,Male,2005-08-10,20,Shop Owner,PUC,Married,AB+,Indian,Bidar,PS0186
P007887,Naveen Angadi,Male,1987-06-01,39,Farmer,PUC,Married,B-,Indian,Bidar,PS0163
P007888,Pradeep Singh,Male,1988-06-09,38,Lawyer,PUC,Married,B-,Indian,Bengaluru Urban,PS0110
P007889,Ajay Singh,Male,2005-11-12,20,Police,Graduate,Divorced,A-,Indian,Chikkaballapura,PS0238
P007890,Radhika Poojary,Female,2004-06-27,22,Mechanic,PUC,Widowed,O-,Indian,Chamarajanagar,PS0212
P007891,Vidya Shetty,Female,1959-10-21,66,Electrician,PUC,Widowed,A-,Indian,Bengaluru Urban,PS0141
P007892,Sneha Verma,Female,1964-12-20,61,Nurse,Post Graduate,Divorced,O+,Indian,Bengaluru Urban,PS0112
P007893,Deepa Kulkarni,Female,1974-07-22,52,Unemployed,High School,Divorced,A+,Indian,Bengaluru Urban,PS0147
P007894,Ajay Poojary,Male,1993-10-23,32,Unemployed,Post Graduate,Divorced,AB-,Indian,Bengaluru Urban,PS0120
P007895,Geetha Bhat,Female,1955-01-15,71,Labour,Post Graduate,Divorced,B+,Indian,Chamarajanagar,PS0216
P007896,Lakshmi Shetty,Female,2001-03-22,25,Business,Post Graduate,Married,A+,Indian,Belagavi,PS0049
P007897,Rohit Naik,Male,2003-07-12,23,Government Employee,High School,Single,B-,Indian,Chamarajanagar,PS0231
P007898,Puneeth Kumar,Male,1969-10-01,56,Engineer,No Formal Education,Divorced,O+,Indian,Ballari,PS0035
P007899,Keerthi Shetty,Female,1973-03-17,53,Shop Owner,Post Graduate,Single,O+,Indian,Bengaluru Urban,PS0151
P007900,Rohit Kambali,Male,1993-07-17,33,Doctor,Primary,Married,O+,Indian,Belagavi,PS0062
P007901,Kavya Singh,Female,1984-11-03,41,Shop Owner,No Formal Education,Divorced,A-,Indian,Bengaluru Rural,PS0082
P007902,Kavya Bhat,Female,1999-04-27,27,Government Employee,PUC,Divorced,A+,Indian,Chamarajanagar,PS0211
P007903,Basavaraj Naik,Male,2000-12-26,25,Mechanic,Diploma,Widowed,AB+,Indian,Bengaluru Rural,PS0104
P007904,Mahesh Sharma,Male,1971-05-18,55,Driver,Graduate,Divorced,O+,Indian,Chamarajanagar,PS0221
P007905,Siddu Sharma,Male,1992-11-22,33,Labour,No Formal Education,Married,B-,Indian,Bengaluru Urban,PS0128
P007906,Sneha Reddy,Female,1999-08-30,26,Security Guard,High School,Single,A-,Indian,Bengaluru Urban,PS0152
P007907,Ravi Hiremath,Male,1961-03-24,65,Police,No Formal Education,Divorced,A-,Indian,Bengaluru Urban,PS0133
P007908,Manoj Verma,Male,1962-09-15,63,Unemployed,No Formal Education,Divorced,A-,Indian,Chamarajanagar,PS0227
P007909,Keerthi Siddiqui,Female,2006-07-30,19,Labour,No Formal Education,Divorced,O+,Indian,Bidar,PS0187
P007910,Vijay Rao,Male,1958-02-27,68,Security Guard,Diploma,Widowed,O-,Indian,Chamarajanagar,PS0199
P007911,Sowmya Pujari,Female,1985-03-18,41,Lawyer,PUC,Divorced,O+,Indian,Bidar,PS0180
P007912,Swathi Pujari,Female,1968-12-16,57,Unemployed,Graduate,Divorced,O+,Indian,Bidar,PS0163
P007913,Shivakumar Poojary,Male,1973-08-21,52,Police,PUC,Single,A+,Indian,Chikkaballapura,PS0235
P007914,Puneeth Kumar,Male,1979-06-10,47,Sales Executive,Primary,Widowed,O+,Indian,Chikkaballapura,PS0240
P007915,Vijay Bhat,Male,1970-11-04,55,Software Engineer,PUC,Single,A-,Indian,Bengaluru Urban,PS0138
P007916,Chetan Pujari,Male,1962-12-31,63,Security Guard,Diploma,Single,A+,Indian,Ballari,PS0038
P007917,Rohit Patil,Male,2007-09-21,18,Software Engineer,High School,Single,O-,Indian,Bengaluru Rural,PS0071
P007918,Ravi Poojary,Male,1981-03-14,45,Farmer,Diploma,Widowed,AB-,Indian,Chamarajanagar,PS0211
P007919,Geetha Singh,Female,1976-03-17,50,Sales Executive,No Formal Education,Widowed,A+,Indian,Belagavi,PS0052
P007920,Sunitha Sharma,Female,1997-08-07,28,Business,PhD,Divorced,A-,Indian,Bagalkote,PS0024
P007921,Nisha Kulkarni,Female,1976-06-23,50,Carpenter,Graduate,Divorced,O+,Indian,Bengaluru Urban,PS0130
P007922,Manoj Patil,Male,2003-01-13,23,Electrician,PhD,Widowed,O+,Indian,Belagavi,PS0066
P007923,Arjun Angadi,Male,1998-09-08,27,Electrician,No Formal Education,Single,B+,Indian,Chikkaballapura,PS0243
P007924,Anjali Angadi,Female,1975-04-25,51,Software Engineer,Primary,Divorced,A-,Indian,Bengaluru Rural,PS0101
P007925,Anjali Kambali,Female,1988-04-08,38,Unemployed,Diploma,Single,A+,Indian,Bengaluru Urban,PS0136
P007926,Sowmya Angadi,Female,1991-01-12,35,Carpenter,Post Graduate,Single,AB+,Indian,Ballari,PS0042
P007927,Preethi Kulkarni,Female,1979-04-19,47,Lawyer,Graduate,Widowed,O-,Indian,Bengaluru Rural,PS0079
P007928,Deepa Kulkarni,Female,1993-06-08,33,Doctor,High School,Married,AB+,Indian,Bengaluru Rural,PS0088
P007929,Arjun Reddy,Male,1984-05-31,42,Teacher,High School,Single,AB+,Indian,Bidar,PS0171
P007930,Chetan Reddy,Male,1987-01-21,39,Student,PhD,Widowed,B+,Indian,Bagalkote,PS0021
P007931,Pooja Kumar,Female,1963-10-25,62,Teacher,Primary,Widowed,B+,Indian,Bidar,PS0161
P007932,Arjun Hiremath,Male,1981-12-18,44,Police,Diploma,Married,B+,Indian,Chamarajanagar,PS0200
P007933,Ganesh Patil,Male,1981-08-27,44,Doctor,Graduate,Widowed,O-,Indian,Bengaluru Rural,PS0081
P007934,Lakshmi Bhat,Female,1964-11-26,61,Police,PhD,Married,B-,Indian,Bengaluru Urban,PS0117
P007935,Pradeep Verma,Male,1975-04-08,51,Carpenter,PhD,Single,B-,Indian,Bengaluru Rural,PS0081
P007936,Sangeetha Reddy,Female,1999-12-17,26,Sales Executive,PhD,Divorced,O-,Indian,Bagalkote,PS0024
P007937,Lakshmi Kulkarni,Female,1969-08-18,56,Carpenter,Graduate,Married,AB-,Indian,Ballari,PS0029
P007938,Anitha Angadi,Female,2006-03-09,20,Carpenter,Primary,Divorced,AB+,Indian,Bengaluru Urban,PS0111
P007939,Suraj Sharma,Male,1992-10-08,33,Engineer,Diploma,Married,O-,Indian,Bidar,PS0156
P007940,Suraj Sharma,Male,1955-03-16,71,Shop Owner,Diploma,Widowed,A+,Indian,Chamarajanagar,PS0209
P007941,Kusuma Joshi,Female,1965-08-30,60,Electrician,Diploma,Married,AB-,Indian,Belagavi,PS0064
P007942,Sanjay Desai,Male,2006-12-11,19,Business,PUC,Widowed,AB-,Indian,Belagavi,PS0065
P007943,Preethi Gowda,Female,1964-01-20,62,Carpenter,Graduate,Single,A+,Indian,Bidar,PS0159
P007944,Lakshmi Hiremath,Female,1985-06-25,41,Mechanic,Diploma,Divorced,AB+,Indian,Bengaluru Rural,PS0090
P007945,Priya Siddiqui,Female,1983-10-07,42,Driver,Post Graduate,Divorced,B-,Indian,Bagalkote,PS0012
P007946,Kavya Joshi,Female,1997-07-14,29,Labour,No Formal Education,Divorced,O+,Indian,Chamarajanagar,PS0198
P007947,Naveen Gowda,Male,1986-11-21,39,Farmer,PUC,Divorced,AB+,Indian,Chamarajanagar,PS0199
P007948,Akash Verma,Male,1987-07-07,39,Software Engineer,Diploma,Widowed,A+,Indian,Belagavi,PS0067
P007949,Ajay Shetty,Male,2007-11-20,18,Carpenter,No Formal Education,Married,B-,Indian,Bengaluru Urban,PS0150
P007950,Preethi Sharma,Female,1989-03-01,37,Shop Owner,PUC,Divorced,A+,Indian,Chikkaballapura,PS0243
P007951,Kiran Naik,Male,1957-08-02,68,Lawyer,Graduate,Divorced,A+,Indian,Bagalkote,PS0020
P007952,Bhavya Kumar,Female,1990-05-27,36,Software Engineer,PUC,Divorced,B-,Indian,Bengaluru Urban,PS0136
P007953,Lokesh Singh,Male,1991-11-09,34,Labour,PUC,Divorced,A-,Indian,Bagalkote,PS0018
P007954,Bhavya Gowda,Female,1988-07-14,38,Carpenter,PhD,Widowed,B-,Indian,Bidar,PS0176
P007955,Ajay Kulkarni,Male,1985-03-08,41,Electrician,PUC,Widowed,B+,Indian,Bagalkote,PS0015
P007956,Ramesh Reddy,Male,1973-12-26,52,Doctor,High School,Single,A+,Indian,Bagalkote,PS0010
P007957,Kiran Gowda,Male,1974-06-17,52,Shop Owner,PhD,Widowed,B-,Indian,Bidar,PS0173
P007958,Arjun Verma,Male,1999-10-23,26,Shop Owner,Primary,Widowed,O-,Indian,Belagavi,PS0048
P007959,Pradeep Singh,Male,1989-08-04,36,Labour,Diploma,Married,B-,Indian,Belagavi,PS0063
P007960,Suresh Hegde,Male,1957-11-30,68,Unemployed,PUC,Married,A-,Indian,Bidar,PS0186
P007961,Vinay Patil,Male,1981-04-28,45,Unemployed,No Formal Education,Single,AB+,Indian,Bengaluru Urban,PS0133
P007962,Prakash Bhat,Male,1972-11-15,53,Unemployed,PUC,Divorced,O+,Indian,Bidar,PS0178
P007963,Nandini Sharma,Female,2001-03-23,25,Electrician,PUC,Divorced,B-,Indian,Chamarajanagar,PS0205
P007964,Pooja Kulkarni,Female,2001-05-28,25,Student,Primary,Divorced,B-,Indian,Bidar,PS0166
P007965,Sowmya Bhat,Female,2006-03-26,20,Labour,High School,Single,A+,Indian,Ballari,PS0044
P007966,Akash Sharma,Male,1958-03-02,68,Driver,No Formal Education,Single,B+,Indian,Bagalkote,PS0019
P007967,Roopa Kambali,Female,1990-10-06,35,Engineer,Primary,Widowed,B-,Indian,Chamarajanagar,PS0194
P007968,Swathi Kulkarni,Female,1987-08-11,38,Software Engineer,No Formal Education,Divorced,A-,Indian,Chamarajanagar,PS0234
P007969,Siddu Verma,Male,1988-10-24,37,Doctor,Diploma,Married,O+,Indian,Bengaluru Rural,PS0108
P007970,Sneha Bhat,Female,1982-06-04,44,Police,Post Graduate,Widowed,O-,Indian,Bengaluru Rural,PS0088
P007971,Siddu Joshi,Male,1963-01-21,63,Doctor,No Formal Education,Single,A+,Indian,Bengaluru Rural,PS0106
P007972,Chetan Desai,Male,1979-09-20,46,Unemployed,Primary,Married,AB-,Indian,Bidar,PS0179
P007973,Asha Pujari,Female,1987-03-21,39,Nurse,Diploma,Married,AB-,Indian,Bengaluru Rural,PS0074
P007974,Vinay Hegde,Male,1974-04-09,52,Doctor,PhD,Widowed,A-,Indian,Bengaluru Rural,PS0087
P007975,Prakash Sharma,Male,1994-08-20,31,Driver,Graduate,Widowed,AB-,Indian,Bengaluru Urban,PS0110
P007976,Nisha Rao,Female,1999-07-23,27,Business,Diploma,Married,AB+,Indian,Bidar,PS0170
P007977,Lokesh Gowda,Male,1957-04-06,69,Student,No Formal Education,Married,AB+,Indian,Bengaluru Urban,PS0132
P007978,Rahul Reddy,Male,1966-11-22,59,Sales Executive,PhD,Widowed,A+,Indian,Chamarajanagar,PS0209
P007979,Bhavya Patil,Female,1988-06-26,38,Security Guard,Graduate,Widowed,O-,Indian,Ballari,PS0042
P007980,Megha Naik,Female,1963-09-19,62,Teacher,Diploma,Divorced,B+,Indian,Chamarajanagar,PS0218
P007981,Vinay Shetty,Male,1998-08-18,27,Lawyer,High School,Single,AB+,Indian,Bidar,PS0160
P007982,Darshan Bhat,Male,1997-06-03,29,Shop Owner,Primary,Married,O+,Indian,Chikkaballapura,PS0240
P007983,Anjali Singh,Female,1961-04-15,65,Labour,Diploma,Single,B+,Indian,Bengaluru Urban,PS0140
P007984,Kusuma Sharma,Female,2002-08-25,23,Teacher,PhD,Divorced,A-,Indian,Bengaluru Rural,PS0083
P007985,Deepa Siddiqui,Female,1985-11-16,40,Student,PhD,Married,B-,Indian,Bengaluru Urban,PS0123
P007986,Arjun Angadi,Male,2001-10-10,24,Government Employee,No Formal Education,Married,B+,Indian,Bagalkote,PS0007
P007987,Geetha Shetty,Female,2004-01-16,22,Software Engineer,High School,Widowed,A+,Indian,Chamarajanagar,PS0215
P007988,Radhika Verma,Female,1975-10-03,50,Lawyer,Diploma,Divorced,O+,Indian,Bengaluru Urban,PS0134
P007989,Basavaraj Bhat,Male,1989-05-10,37,Lawyer,PhD,Divorced,O+,Indian,Bengaluru Rural,PS0073
P007990,Preethi Naik,Female,1977-05-17,49,Farmer,Primary,Single,A-,Indian,Bagalkote,PS0013
P007991,Sneha Shetty,Female,1961-08-22,64,Mechanic,Primary,Divorced,AB-,Indian,Bengaluru Rural,PS0102
P007992,Akash Rao,Male,1993-03-09,33,Shop Owner,Post Graduate,Widowed,A+,Indian,Bidar,PS0153
P007993,Vijay Patil,Male,1976-04-11,50,Software Engineer,Primary,Single,B-,Indian,Belagavi,PS0067
P007994,Rekha Shetty,Female,1970-06-28,56,Carpenter,Diploma,Divorced,AB-,Indian,Chikkaballapura,PS0239
P007995,Priya Rao,Female,1962-03-05,64,Government Employee,Post Graduate,Single,A+,Indian,Chamarajanagar,PS0217
P007996,Abhishek Siddiqui,Male,1974-04-02,52,Driver,Diploma,Widowed,A+,Indian,Bengaluru Urban,PS0130
P007997,Lakshmi Gowda,Female,2000-11-08,25,Farmer,Diploma,Single,AB+,Indian,Chikkaballapura,PS0240
P007998,Vijay Verma,Male,1987-02-16,39,Sales Executive,Diploma,Divorced,AB+,Indian,Bidar,PS0192
P007999,Kusuma Siddiqui,Female,1965-12-26,60,Sales Executive,PUC,Married,A+,Indian,Bidar,PS0191
P008000,Suresh Hegde,Male,1978-07-11,48,Mechanic,PhD,Widowed,AB-,Indian,Bengaluru Rural,PS0103
P008001,Sowmya Reddy,Female,1988-05-02,38,Security Guard,Primary,Widowed,O+,Indian,Bengaluru Rural,PS0095
P008002,Swathi Siddiqui,Female,1963-05-05,63,Sales Executive,High School,Widowed,AB+,Indian,Chamarajanagar,PS0234
P008003,Rohit Rao,Male,1993-12-13,32,Engineer,Primary,Widowed,A-,Indian,Chamarajanagar,PS0206
P008004,Nandini Shetty,Female,1970-07-27,55,Teacher,Diploma,Divorced,B-,Indian,Chamarajanagar,PS0223
P008005,Sanjay Desai,Male,1983-06-22,43,Doctor,Post Graduate,Divorced,AB+,Indian,Bagalkote,PS0004
P008006,Ravi Kumar,Male,1984-11-28,41,Lawyer,No Formal Education,Single,AB-,Indian,Bidar,PS0166
P008007,Ganesh Kumar,Male,1979-07-06,47,Driver,No Formal Education,Widowed,O+,Indian,Bidar,PS0188
P008008,Pradeep Angadi,Male,1958-05-07,68,Unemployed,PhD,Widowed,AB-,Indian,Ballari,PS0039
P008009,Vijay Naik,Male,1964-06-12,62,Shop Owner,PhD,Single,O-,Indian,Bidar,PS0192
P008010,Naveen Verma,Male,1978-05-29,48,Security Guard,Primary,Widowed,O-,Indian,Bidar,PS0178
P008011,Suresh Hegde,Male,1993-11-24,32,Government Employee,No Formal Education,Widowed,O+,Indian,Bengaluru Rural,PS0070
P008012,Vidya Kambali,Female,2002-12-29,23,Carpenter,Primary,Widowed,B+,Indian,Bengaluru Rural,PS0078
P008013,Ramesh Kambali,Male,1987-12-26,38,Teacher,Graduate,Widowed,AB+,Indian,Bagalkote,PS0006
P008014,Rohit Hegde,Male,1980-11-16,45,Doctor,Graduate,Single,O+,Indian,Chikkaballapura,PS0242
P008015,Divya Naik,Female,2003-09-26,22,Shop Owner,Primary,Single,O+,Indian,Bengaluru Urban,PS0137
P008016,Kusuma Kambali,Female,1998-12-14,27,Business,Diploma,Single,AB-,Indian,Bengaluru Urban,PS0134
P008017,Pradeep Joshi,Male,1991-03-23,35,Labour,PhD,Divorced,O-,Indian,Bengaluru Urban,PS0145
P008018,Pradeep Desai,Male,2006-04-04,20,Carpenter,Diploma,Single,B+,Indian,Bagalkote,PS0025
P008019,Kiran Rao,Male,1980-10-07,45,Driver,Post Graduate,Married,O+,Indian,Bagalkote,PS0017
P008020,Keerthi Naik,Female,1974-09-22,51,Unemployed,Graduate,Widowed,A+,Indian,Bengaluru Urban,PS0131
P008021,Kiran Singh,Male,2004-01-28,22,Electrician,Graduate,Single,B+,Indian,Ballari,PS0045
P008022,Puneeth Joshi,Male,1960-07-25,65,Driver,PUC,Widowed,B-,Indian,Bidar,PS0159
P008023,Ramesh Kambali,Male,1965-05-05,61,Electrician,PhD,Widowed,A+,Indian,Bengaluru Rural,PS0070
P008024,Priya Hiremath,Female,1990-07-16,36,Driver,Post Graduate,Married,B+,Indian,Bengaluru Rural,PS0107
P008025,Prakash Hiremath,Male,1987-01-09,39,Business,PhD,Widowed,B+,Indian,Chamarajanagar,PS0197
P008026,Shivakumar Kumar,Male,2005-09-22,20,Shop Owner,Graduate,Married,B+,Indian,Ballari,PS0043
P008027,Sneha Verma,Female,1967-03-09,59,Engineer,Post Graduate,Widowed,O-,Indian,Chamarajanagar,PS0234
P008028,Asha Hiremath,Female,1956-05-03,70,Software Engineer,PhD,Married,A+,Indian,Chamarajanagar,PS0200
P008029,Harish Hegde,Male,1976-09-08,49,Government Employee,Diploma,Divorced,A+,Indian,Bengaluru Urban,PS0127
P008030,Rahul Desai,Male,2005-04-21,21,Teacher,Diploma,Single,O-,Indian,Bengaluru Urban,PS0152
P008031,Ajay Hiremath,Male,1992-08-28,33,Government Employee,High School,Divorced,B+,Indian,Belagavi,PS0068
P008032,Sangeetha Angadi,Female,1962-07-25,63,Security Guard,Primary,Widowed,B-,Indian,Bagalkote,PS0011
P008033,Rekha Angadi,Female,2001-12-03,24,Student,No Formal Education,Divorced,O-,Indian,Bengaluru Rural,PS0074
P008034,Rahul Shetty,Male,2002-08-10,23,Shop Owner,High School,Married,O-,Indian,Chamarajanagar,PS0225
P008035,Priya Kambali,Female,1994-07-03,32,Government Employee,No Formal Education,Single,AB-,Indian,Chamarajanagar,PS0234
P008036,Puneeth Bhat,Male,1970-07-06,56,Lawyer,Diploma,Married,A-,Indian,Bagalkote,PS0006
P008037,Manoj Angadi,Male,2006-06-15,20,Business,High School,Single,A+,Indian,Chamarajanagar,PS0196
P008038,Mahesh Poojary,Male,1978-09-08,47,Engineer,No Formal Education,Married,AB-,Indian,Chamarajanagar,PS0198
P008039,Sneha Poojary,Female,1957-02-23,69,Security Guard,PUC,Single,A-,Indian,Chamarajanagar,PS0201
P008040,Vijay Joshi,Male,1971-11-15,54,Student,PhD,Single,AB+,Indian,Chamarajanagar,PS0232
P008041,Arjun Hegde,Male,1982-07-23,44,Software Engineer,No Formal Education,Married,O-,Indian,Bidar,PS0168
P008042,Roopa Angadi,Female,2003-11-10,22,Nurse,Graduate,Single,O-,Indian,Bidar,PS0164
P008043,Sowmya Kambali,Female,1981-10-24,44,Labour,PhD,Divorced,B+,Indian,Bidar,PS0176
P008044,Ramesh Shetty,Male,2003-03-14,23,Nurse,Diploma,Married,AB-,Indian,Bengaluru Rural,PS0082
P008045,Suraj Singh,Male,1980-01-01,46,Sales Executive,Primary,Widowed,AB+,Indian,Chamarajanagar,PS0212
P008046,Mahesh Kulkarni,Male,2003-10-29,22,Shop Owner,Diploma,Single,O+,Indian,Bengaluru Urban,PS0119
P008047,Vidya Reddy,Female,1968-06-20,58,Lawyer,Graduate,Single,A-,Indian,Ballari,PS0040
P008048,Suresh Gowda,Male,1964-01-07,62,Driver,Diploma,Single,A-,Indian,Ballari,PS0040
P008049,Pradeep Singh,Male,1959-09-26,66,Sales Executive,Post Graduate,Married,A-,Indian,Ballari,PS0030
P008050,Sanjay Desai,Male,1969-08-15,56,Labour,High School,Single,O+,Indian,Bengaluru Rural,PS0104
P008051,Nandini Shetty,Female,1956-08-31,69,Driver,No Formal Education,Widowed,B-,Indian,Bagalkote,PS0018
P008052,Basavaraj Bhat,Male,1961-01-29,65,Engineer,High School,Divorced,AB+,Indian,Ballari,PS0030
P008053,Akash Hiremath,Male,1987-01-20,39,Electrician,No Formal Education,Divorced,O+,Indian,Bidar,PS0184
P008054,Megha Patil,Female,2006-06-05,20,Nurse,Primary,Widowed,B+,Indian,Chamarajanagar,PS0215
P008055,Vidya Verma,Female,1967-05-03,59,Government Employee,PUC,Single,O-,Indian,Bidar,PS0156
P008056,Suresh Gowda,Male,1982-09-11,43,Lawyer,Post Graduate,Married,A+,Indian,Ballari,PS0037
P008057,Harish Bhat,Male,1980-11-02,45,Software Engineer,PhD,Single,A-,Indian,Bagalkote,PS0016
P008058,Roopa Poojary,Female,1972-12-09,53,Electrician,High School,Single,AB+,Indian,Chamarajanagar,PS0195
P008059,Rohit Naik,Male,1979-12-24,46,Student,PhD,Single,B-,Indian,Bidar,PS0192
P008060,Roopa Desai,Female,1983-01-10,43,Unemployed,High School,Single,O-,Indian,Bengaluru Rural,PS0100
P008061,Ramesh Pujari,Male,1974-11-21,51,Security Guard,Diploma,Married,O-,Indian,Chamarajanagar,PS0217
P008062,Shivakumar Sharma,Male,1978-10-10,47,Teacher,Diploma,Widowed,A+,Indian,Bidar,PS0154
P008063,Roopa Bhat,Female,2006-01-14,20,Teacher,High School,Married,AB-,Indian,Chikkaballapura,PS0236
P008064,Vidya Naik,Female,1992-10-13,33,Electrician,No Formal Education,Single,AB+,Indian,Chamarajanagar,PS0226
P008065,Geetha Shetty,Female,1978-08-25,47,Farmer,Diploma,Married,AB+,Indian,Bidar,PS0180
P008066,Shreya Bhat,Female,1991-08-17,34,Nurse,PUC,Widowed,A-,Indian,Bidar,PS0173
P008067,Siddu Reddy,Male,1967-07-06,59,Engineer,Post Graduate,Married,B-,Indian,Belagavi,PS0058
P008068,Nandini Kulkarni,Female,2006-11-17,19,Unemployed,PhD,Divorced,O-,Indian,Chamarajanagar,PS0208
P008069,Bhavya Verma,Female,1986-12-09,39,Labour,Diploma,Widowed,O+,Indian,Bengaluru Rural,PS0105
P008070,Bhavya Desai,Female,1994-07-31,31,Lawyer,Primary,Married,AB+,Indian,Bidar,PS0153
P008071,Mahesh Hiremath,Male,1979-12-21,46,Student,PUC,Married,AB+,Indian,Bengaluru Rural,PS0081
P008072,Akash Naik,Male,1992-12-20,33,Lawyer,Graduate,Married,B+,Indian,Chamarajanagar,PS0201
P008073,Sangeetha Bhat,Female,1966-12-13,59,Farmer,Diploma,Widowed,A-,Indian,Belagavi,PS0063
P008074,Rahul Bhat,Male,2006-05-02,20,Mechanic,PUC,Divorced,A+,Indian,Chikkaballapura,PS0240
P008075,Naveen Pujari,Male,1963-12-29,62,Unemployed,PUC,Widowed,AB-,Indian,Bengaluru Rural,PS0072
P008076,Abhishek Bhat,Male,1990-11-30,35,Security Guard,No Formal Education,Divorced,A-,Indian,Chikkaballapura,PS0239
P008077,Vinay Singh,Male,1986-09-16,39,Business,PhD,Single,A+,Indian,Chamarajanagar,PS0193
P008078,Keerthi Kambali,Female,1974-06-08,52,Lawyer,Primary,Single,A+,Indian,Chamarajanagar,PS0219
P008079,Deepa Gowda,Female,2007-12-19,18,Carpenter,No Formal Education,Married,AB-,Indian,Ballari,PS0033
P008080,Deepa Naik,Female,1973-10-17,52,Labour,Diploma,Single,B+,Indian,Bengaluru Urban,PS0134
P008081,Pooja Patil,Female,1958-11-29,67,Shop Owner,Graduate,Divorced,A+,Indian,Bengaluru Rural,PS0096
P008082,Basavaraj Naik,Male,1968-01-01,58,Farmer,Graduate,Divorced,AB-,Indian,Chamarajanagar,PS0203
P008083,Preethi Shetty,Female,1979-01-16,47,Doctor,PhD,Single,O+,Indian,Ballari,PS0027
P008084,Swathi Hegde,Female,1974-06-11,52,Nurse,No Formal Education,Single,A-,Indian,Bengaluru Rural,PS0083
P008085,Chetan Poojary,Male,1955-01-10,71,Business,High School,Single,B-,Indian,Chamarajanagar,PS0194
P008086,Pradeep Kulkarni,Male,1973-01-15,53,Shop Owner,PUC,Widowed,A-,Indian,Chamarajanagar,PS0218
P008087,Asha Angadi,Female,1965-11-12,60,Government Employee,High School,Single,O+,Indian,Bengaluru Rural,PS0083
P008088,Divya Bhat,Female,2003-12-07,22,Farmer,Primary,Single,AB+,Indian,Bidar,PS0181
P008089,Harini Poojary,Female,1970-12-12,55,Nurse,Primary,Single,O-,Indian,Bengaluru Urban,PS0137
P008090,Vinay Kumar,Male,1970-07-10,56,Farmer,Graduate,Married,AB+,Indian,Belagavi,PS0060
P008091,Kavya Rao,Female,1987-07-11,39,Carpenter,Post Graduate,Widowed,B-,Indian,Bengaluru Urban,PS0129
P008092,Ramesh Naik,Male,1968-08-14,57,Farmer,PUC,Single,B+,Indian,Chikkaballapura,PS0247
P008093,Lakshmi Joshi,Female,1989-03-13,37,Nurse,Post Graduate,Married,A-,Indian,Bagalkote,PS0004
P008094,Pradeep Desai,Male,1970-12-31,55,Doctor,Graduate,Married,AB+,Indian,Belagavi,PS0050
P008095,Priya Desai,Female,1955-03-14,71,Doctor,Diploma,Widowed,A-,Indian,Chamarajanagar,PS0209
P008096,Rahul Hegde,Male,2004-08-18,21,Lawyer,Diploma,Divorced,O-,Indian,Bengaluru Rural,PS0100
P008097,Nisha Angadi,Female,1972-12-13,53,Labour,No Formal Education,Single,O-,Indian,Chamarajanagar,PS0211
P008098,Sowmya Naik,Female,1973-02-16,53,Business,Graduate,Married,B-,Indian,Bengaluru Rural,PS0106
P008099,Suresh Angadi,Male,1979-09-13,46,Doctor,PhD,Divorced,A-,Indian,Belagavi,PS0053
P008100,Darshan Kumar,Male,1995-03-23,31,Software Engineer,Post Graduate,Divorced,B+,Indian,Bengaluru Urban,PS0147
P008101,Swathi Joshi,Female,2000-10-24,25,Police,Post Graduate,Widowed,A-,Indian,Chamarajanagar,PS0213
P008102,Ramesh Hegde,Male,2001-10-04,24,Government Employee,No Formal Education,Divorced,A+,Indian,Chamarajanagar,PS0197
P008103,Vidya Rao,Female,1958-10-05,67,Unemployed,No Formal Education,Widowed,B+,Indian,Bidar,PS0170
P008104,Roopa Pujari,Female,1983-02-24,43,Nurse,PUC,Widowed,O+,Indian,Bidar,PS0175
P008105,Keerthi Rao,Female,1963-10-11,62,Business,Post Graduate,Married,O+,Indian,Belagavi,PS0049
P008106,Ramesh Kambali,Male,2006-10-18,19,Sales Executive,Graduate,Divorced,O-,Indian,Bengaluru Rural,PS0109
P008107,Kiran Reddy,Male,1971-04-17,55,Doctor,Diploma,Married,AB-,Indian,Bengaluru Rural,PS0096
P008108,Lokesh Sharma,Male,2006-02-20,20,Lawyer,High School,Widowed,B+,Indian,Bengaluru Rural,PS0104
P008109,Basavaraj Kambali,Male,2000-11-11,25,Farmer,Graduate,Widowed,AB-,Indian,Chamarajanagar,PS0224
P008110,Priya Bhat,Female,1959-10-28,66,Driver,PhD,Divorced,AB+,Indian,Belagavi,PS0051
P008111,Keerthi Kumar,Female,1989-07-03,37,Lawyer,Primary,Married,B-,Indian,Bagalkote,PS0011
P008112,Nandini Pujari,Female,1969-03-20,57,Unemployed,High School,Divorced,AB+,Indian,Belagavi,PS0069
P008113,Vijay Hegde,Male,1958-12-26,67,Nurse,Diploma,Married,B-,Indian,Chamarajanagar,PS0205
P008114,Darshan Angadi,Male,1989-12-07,36,Student,Post Graduate,Married,O+,Indian,Chamarajanagar,PS0200
P008115,Ravi Patil,Male,1975-08-24,50,Unemployed,Primary,Married,AB+,Indian,Bengaluru Urban,PS0142
P008116,Rekha Pujari,Female,1997-03-26,29,Lawyer,Graduate,Divorced,AB-,Indian,Bengaluru Urban,PS0114
P008117,Rekha Kumar,Female,1972-03-26,54,Farmer,Post Graduate,Widowed,AB-,Indian,Bagalkote,PS0018
P008118,Vinay Angadi,Male,1982-11-11,43,Mechanic,Primary,Married,O+,Indian,Bidar,PS0171
P008119,Swathi Bhat,Female,2001-08-16,24,Teacher,PhD,Widowed,A-,Indian,Ballari,PS0045
P008120,Radhika Reddy,Female,1965-11-30,60,Unemployed,Diploma,Single,B-,Indian,Bidar,PS0192
P008121,Megha Bhat,Female,1994-12-17,31,Government Employee,High School,Single,A-,Indian,Bengaluru Rural,PS0077
P008122,Kusuma Bhat,Female,1958-11-22,67,Farmer,Diploma,Widowed,A+,Indian,Chamarajanagar,PS0223
P008123,Ramesh Reddy,Male,1988-10-27,37,Farmer,PhD,Married,AB-,Indian,Bidar,PS0176
P008124,Darshan Pujari,Male,1978-03-09,48,Lawyer,High School,Widowed,A-,Indian,Bengaluru Urban,PS0110
P008125,Ajay Kulkarni,Male,1984-03-30,42,Unemployed,Primary,Married,AB-,Indian,Bidar,PS0163
P008126,Akash Naik,Male,1997-10-30,28,Electrician,Diploma,Widowed,AB-,Indian,Chikkaballapura,PS0240
P008127,Sunitha Sharma,Female,1990-02-15,36,Carpenter,Primary,Married,O-,Indian,Chikkaballapura,PS0249
P008128,Suraj Verma,Male,1958-10-15,67,Driver,PUC,Widowed,A-,Indian,Chamarajanagar,PS0201
P008129,Prakash Kumar,Male,1988-10-20,37,Mechanic,High School,Single,B+,Indian,Bengaluru Rural,PS0102
P008130,Vijay Kulkarni,Male,2001-02-23,25,Farmer,PUC,Widowed,AB-,Indian,Bengaluru Urban,PS0125
P008131,Lokesh Singh,Male,1971-05-01,55,Lawyer,Graduate,Married,AB+,Indian,Chikkaballapura,PS0237
P008132,Prakash Kulkarni,Male,2000-06-07,26,Security Guard,PhD,Married,B-,Indian,Chamarajanagar,PS0202
P008133,Radhika Reddy,Female,2005-12-26,20,Unemployed,Graduate,Divorced,B+,Indian,Bengaluru Urban,PS0151
P008134,Lokesh Patil,Male,1994-05-17,32,Government Employee,No Formal Education,Married,AB-,Indian,Chamarajanagar,PS0219
P008135,Deepa Kambali,Female,1983-09-05,42,Carpenter,Diploma,Married,B+,Indian,Bengaluru Urban,PS0144
P008136,Naveen Bhat,Male,2000-01-14,26,Sales Executive,High School,Single,B+,Indian,Bidar,PS0186
P008137,Keerthi Sharma,Female,1977-04-16,49,Software Engineer,PUC,Widowed,A+,Indian,Bengaluru Rural,PS0108
P008138,Sangeetha Rao,Female,1968-02-10,58,Business,No Formal Education,Single,A-,Indian,Belagavi,PS0047
P008139,Divya Angadi,Female,1986-09-29,39,Software Engineer,PhD,Widowed,B-,Indian,Bengaluru Rural,PS0108
P008140,Lokesh Kulkarni,Male,1965-09-17,60,Nurse,Post Graduate,Married,A-,Indian,Chikkaballapura,PS0245
P008141,Rekha Singh,Female,1997-05-31,29,Lawyer,Post Graduate,Married,O-,Indian,Ballari,PS0043
P008142,Geetha Poojary,Female,1959-07-27,66,Police,No Formal Education,Married,O+,Indian,Belagavi,PS0054
P008143,Nisha Pujari,Female,1993-05-08,33,Engineer,High School,Widowed,O-,Indian,Bagalkote,PS0004
P008144,Darshan Verma,Male,1984-12-04,41,Mechanic,Diploma,Single,AB-,Indian,Bidar,PS0173
P008145,Abhishek Reddy,Male,2002-09-04,23,Shop Owner,Post Graduate,Divorced,AB-,Indian,Ballari,PS0040
P008146,Akash Pujari,Male,2001-02-18,25,Government Employee,Post Graduate,Single,O-,Indian,Chamarajanagar,PS0229
P008147,Harish Joshi,Male,1992-06-09,34,Engineer,No Formal Education,Married,AB+,Indian,Bengaluru Rural,PS0085
P008148,Rahul Kulkarni,Male,2005-04-26,21,Shop Owner,High School,Widowed,A+,Indian,Chamarajanagar,PS0203
P008149,Prakash Reddy,Male,1997-10-10,28,Doctor,Diploma,Widowed,AB+,Indian,Belagavi,PS0068
P008150,Priya Kumar,Female,1997-10-08,28,Engineer,Post Graduate,Divorced,AB+,Indian,Bengaluru Rural,PS0094
P008151,Basavaraj Poojary,Male,1961-06-10,65,Driver,Graduate,Married,AB+,Indian,Bengaluru Rural,PS0099
P008152,Anjali Naik,Female,1984-02-22,42,Carpenter,Graduate,Married,AB+,Indian,Bidar,PS0177
P008153,Basavaraj Patil,Male,1994-05-29,32,Shop Owner,High School,Single,A-,Indian,Belagavi,PS0064
P008154,Harini Reddy,Female,1965-04-10,61,Police,No Formal Education,Married,AB-,Indian,Chikkaballapura,PS0238
P008155,Kiran Reddy,Male,1993-11-25,32,Unemployed,Graduate,Single,AB-,Indian,Bengaluru Rural,PS0070
P008156,Manoj Rao,Male,1978-08-02,47,Carpenter,No Formal Education,Widowed,A+,Indian,Bengaluru Rural,PS0075
P008157,Vidya Reddy,Female,1974-06-15,52,Government Employee,Post Graduate,Widowed,O-,Indian,Bidar,PS0173
P008158,Darshan Kambali,Male,1960-07-09,66,Nurse,No Formal Education,Widowed,A+,Indian,Bengaluru Rural,PS0083
P008159,Rekha Gowda,Female,1992-08-29,33,Electrician,No Formal Education,Divorced,A-,Indian,Chamarajanagar,PS0201
P008160,Ravi Sharma,Male,1970-12-20,55,Shop Owner,Diploma,Single,A-,Indian,Bengaluru Rural,PS0084
P008161,Sangeetha Joshi,Female,1958-08-26,67,Sales Executive,No Formal Education,Divorced,B-,Indian,Bidar,PS0175
P008162,Naveen Sharma,Male,1964-01-31,62,Sales Executive,PUC,Married,AB+,Indian,Bidar,PS0170
P008163,Anjali Kulkarni,Female,1987-02-22,39,Driver,High School,Divorced,A-,Indian,Bidar,PS0184
P008164,Vijay Joshi,Male,1962-01-30,64,Electrician,Primary,Married,O+,Indian,Chamarajanagar,PS0212
P008165,Shivakumar Desai,Male,1988-03-09,38,Shop Owner,PUC,Divorced,B+,Indian,Chamarajanagar,PS0207
P008166,Nisha Kambali,Female,1973-05-12,53,Unemployed,Post Graduate,Divorced,O+,Indian,Bagalkote,PS0009
P008167,Pradeep Singh,Male,1979-01-29,47,Carpenter,Post Graduate,Divorced,O-,Indian,Bengaluru Urban,PS0118
P008168,Lokesh Rao,Male,1962-03-26,64,Unemployed,Graduate,Widowed,O+,Indian,Chikkaballapura,PS0236
P008169,Preethi Naik,Female,1971-03-10,55,Police,Diploma,Divorced,AB+,Indian,Belagavi,PS0069
P008170,Rahul Verma,Male,2004-08-11,21,Electrician,Graduate,Widowed,AB+,Indian,Bengaluru Rural,PS0095
P008171,Radhika Siddiqui,Female,1960-07-23,66,Driver,PUC,Single,O-,Indian,Bidar,PS0181
P008172,Anjali Bhat,Female,1989-08-24,36,Carpenter,No Formal Education,Married,O+,Indian,Bengaluru Rural,PS0070
P008173,Siddu Reddy,Male,1961-11-03,64,Mechanic,PUC,Widowed,O+,Indian,Bagalkote,PS0012
P008174,Arjun Pujari,Male,1961-07-10,65,Shop Owner,Primary,Married,O-,Indian,Bengaluru Urban,PS0115
P008175,Kiran Naik,Male,1958-12-11,67,Electrician,PhD,Single,AB+,Indian,Chikkaballapura,PS0239
P008176,Rekha Joshi,Female,1977-11-25,48,Carpenter,PUC,Married,AB-,Indian,Bidar,PS0153
P008177,Nandini Patil,Female,1963-01-08,63,Doctor,Graduate,Single,A-,Indian,Belagavi,PS0052
P008178,Sanjay Joshi,Male,1987-07-02,39,Teacher,Post Graduate,Divorced,B+,Indian,Bengaluru Rural,PS0075
P008179,Suresh Hegde,Male,1987-01-01,39,Doctor,Diploma,Widowed,B+,Indian,Bengaluru Rural,PS0103
P008180,Shivakumar Kumar,Male,1955-08-14,70,Shop Owner,PhD,Widowed,AB+,Indian,Chamarajanagar,PS0194
P008181,Suraj Sharma,Male,1996-01-28,30,Sales Executive,High School,Married,B+,Indian,Bengaluru Rural,PS0095
P008182,Swathi Singh,Female,2006-12-26,19,Business,Primary,Divorced,B-,Indian,Bengaluru Rural,PS0073
P008183,Megha Kambali,Female,2005-02-09,21,Doctor,No Formal Education,Widowed,B-,Indian,Chamarajanagar,PS0210
P008184,Harish Singh,Male,1961-06-21,65,Security Guard,No Formal Education,Married,O-,Indian,Belagavi,PS0047
P008185,Keerthi Sharma,Female,1962-12-06,63,Farmer,No Formal Education,Married,AB-,Indian,Belagavi,PS0059
P008186,Basavaraj Verma,Male,1983-07-26,42,Security Guard,PUC,Married,AB-,Indian,Chamarajanagar,PS0232
P008187,Anjali Kulkarni,Female,1961-02-07,65,Electrician,Diploma,Single,A+,Indian,Ballari,PS0033
P008188,Asha Singh,Female,1997-06-07,29,Teacher,PUC,Widowed,A-,Indian,Bidar,PS0187
P008189,Ganesh Pujari,Male,1967-12-17,58,Farmer,No Formal Education,Widowed,O+,Indian,Bengaluru Urban,PS0122
P008190,Naveen Hiremath,Male,1987-08-11,38,Carpenter,PhD,Single,AB+,Indian,Belagavi,PS0061
P008191,Prakash Sharma,Male,1994-04-18,32,Sales Executive,Post Graduate,Widowed,O-,Indian,Chikkaballapura,PS0236
P008192,Manoj Kulkarni,Male,1979-05-02,47,Security Guard,Post Graduate,Widowed,A+,Indian,Ballari,PS0029
P008193,Vidya Kumar,Female,1970-10-16,55,Shop Owner,PhD,Married,O-,Indian,Bengaluru Urban,PS0113
P008194,Ramesh Kambali,Male,1957-07-21,69,Software Engineer,PhD,Single,B+,Indian,Chamarajanagar,PS0208
P008195,Mahesh Singh,Male,1971-02-20,55,Unemployed,Post Graduate,Widowed,B+,Indian,Belagavi,PS0057
P008196,Nisha Joshi,Female,1970-03-04,56,Mechanic,No Formal Education,Divorced,B+,Indian,Ballari,PS0044
P008197,Harini Hegde,Female,1981-02-16,45,Electrician,Post Graduate,Single,O+,Indian,Ballari,PS0031
P008198,Sowmya Angadi,Female,1976-06-17,50,Teacher,Primary,Single,B-,Indian,Bengaluru Rural,PS0091
P008199,Puneeth Gowda,Male,1979-12-07,46,Electrician,High School,Single,O-,Indian,Bengaluru Rural,PS0091
P008200,Lakshmi Bhat,Female,2002-09-23,23,Software Engineer,Post Graduate,Divorced,AB-,Indian,Bidar,PS0188
P008201,Suraj Bhat,Male,1992-03-15,34,Driver,Diploma,Single,AB+,Indian,Bengaluru Urban,PS0151
P008202,Anjali Desai,Female,1974-05-09,52,Doctor,Post Graduate,Widowed,AB+,Indian,Bengaluru Urban,PS0149
P008203,Vinay Gowda,Male,1959-10-08,66,Engineer,PUC,Married,O-,Indian,Bengaluru Urban,PS0130
P008204,Ajay Verma,Male,1978-11-04,47,Teacher,Primary,Married,A+,Indian,Bidar,PS0158
P008205,Vidya Desai,Female,1956-12-04,69,Software Engineer,No Formal Education,Divorced,O+,Indian,Belagavi,PS0052
P008206,Abhishek Patil,Male,2005-03-01,21,Security Guard,Primary,Widowed,A+,Indian,Chikkaballapura,PS0250
P008207,Harish Patil,Male,1979-09-19,46,Teacher,No Formal Education,Widowed,AB-,Indian,Belagavi,PS0063
P008208,Rahul Kambali,Male,1994-11-23,31,Sales Executive,High School,Married,O+,Indian,Bidar,PS0190
P008209,Sunitha Desai,Female,1994-12-03,31,Police,Diploma,Divorced,O+,Indian,Bengaluru Rural,PS0106
P008210,Rohit Hegde,Male,1958-03-19,68,Engineer,Graduate,Divorced,AB+,Indian,Belagavi,PS0057
P008211,Pradeep Bhat,Male,1989-11-20,36,Software Engineer,Primary,Widowed,O-,Indian,Bengaluru Rural,PS0083
P008212,Kiran Patil,Male,1994-07-30,31,Doctor,Graduate,Married,O+,Indian,Ballari,PS0036
P008213,Vinay Naik,Male,2001-01-16,25,Labour,PhD,Single,O+,Indian,Bengaluru Urban,PS0152
P008214,Shivakumar Poojary,Male,1967-08-03,58,Student,Primary,Widowed,AB+,Indian,Chamarajanagar,PS0224
P008215,Asha Verma,Female,1962-01-07,64,Police,PUC,Married,AB-,Indian,Bidar,PS0155
P008216,Pradeep Hiremath,Male,1991-08-10,34,Business,Diploma,Single,B-,Indian,Bagalkote,PS0014
P008217,Siddu Gowda,Male,1982-03-31,44,Police,Post Graduate,Married,AB-,Indian,Bidar,PS0183
P008218,Preethi Naik,Female,1984-11-19,41,Police,PUC,Single,AB-,Indian,Bengaluru Urban,PS0119
P008219,Ravi Poojary,Male,1989-01-30,37,Driver,Diploma,Single,AB+,Indian,Bengaluru Rural,PS0102
P008220,Bhavya Reddy,Female,1957-06-27,69,Doctor,No Formal Education,Widowed,A-,Indian,Bengaluru Urban,PS0124
P008221,Sangeetha Pujari,Female,1961-02-08,65,Nurse,Primary,Married,B+,Indian,Bidar,PS0158
P008222,Swathi Rao,Female,1993-05-21,33,Nurse,Primary,Divorced,AB-,Indian,Bengaluru Rural,PS0072
P008223,Darshan Reddy,Male,2004-08-25,21,Doctor,PhD,Divorced,A+,Indian,Bidar,PS0165
P008224,Siddu Verma,Male,1981-12-27,44,Business,Post Graduate,Single,B+,Indian,Chikkaballapura,PS0235
P008225,Divya Bhat,Female,1969-11-24,56,Nurse,Primary,Single,B+,Indian,Bengaluru Urban,PS0137
P008226,Divya Hegde,Female,1969-05-07,57,Doctor,High School,Single,B-,Indian,Bidar,PS0153
P008227,Ravi Verma,Male,1973-07-22,53,Student,No Formal Education,Widowed,A+,Indian,Chamarajanagar,PS0213
P008228,Chetan Shetty,Male,2000-05-12,26,Security Guard,PhD,Divorced,O-,Indian,Bagalkote,PS0014
P008229,Harish Verma,Male,1987-12-21,38,Labour,Diploma,Single,A+,Indian,Belagavi,PS0056
P008230,Deepa Patil,Female,1957-10-28,68,Government Employee,High School,Divorced,AB+,Indian,Bengaluru Rural,PS0082
P008231,Ramesh Poojary,Male,1989-07-25,36,Lawyer,Diploma,Single,B-,Indian,Chamarajanagar,PS0204
P008232,Rahul Hiremath,Male,2000-12-24,25,Lawyer,Graduate,Divorced,B+,Indian,Bidar,PS0183
P008233,Siddu Kulkarni,Male,1984-01-17,42,Electrician,Diploma,Married,B+,Indian,Chamarajanagar,PS0197
P008234,Kusuma Reddy,Female,1978-04-05,48,Doctor,PUC,Widowed,B-,Indian,Bidar,PS0179
P008235,Prakash Hegde,Male,2002-05-12,24,Labour,Primary,Married,B-,Indian,Bagalkote,PS0017
P008236,Chetan Rao,Male,1955-12-20,70,Software Engineer,Post Graduate,Single,B-,Indian,Chamarajanagar,PS0213
P008237,Rohit Naik,Male,1976-11-25,49,Government Employee,High School,Married,O+,Indian,Bengaluru Rural,PS0083
P008238,Rekha Angadi,Female,1959-11-09,66,Mechanic,High School,Single,B-,Indian,Bagalkote,PS0022
P008239,Sangeetha Siddiqui,Female,1970-10-13,55,Teacher,Primary,Single,A-,Indian,Chamarajanagar,PS0200
P008240,Ganesh Hiremath,Male,1957-09-08,68,Security Guard,PUC,Single,O-,Indian,Belagavi,PS0058
P008241,Vijay Rao,Male,1959-03-11,67,Unemployed,Primary,Married,A-,Indian,Ballari,PS0035
P008242,Geetha Kumar,Female,1969-07-05,57,Student,High School,Widowed,A-,Indian,Bengaluru Urban,PS0121
P008243,Ajay Sharma,Male,1973-04-18,53,Carpenter,Post Graduate,Married,B-,Indian,Ballari,PS0033
P008244,Sowmya Kambali,Female,1955-10-02,70,Software Engineer,PhD,Widowed,O+,Indian,Ballari,PS0038
P008245,Harish Singh,Male,2004-12-03,21,Government Employee,No Formal Education,Married,AB+,Indian,Bidar,PS0169
P008246,Shreya Joshi,Female,1979-07-12,47,Driver,PUC,Divorced,O+,Indian,Bengaluru Urban,PS0122
P008247,Sowmya Joshi,Female,1957-07-14,69,Security Guard,High School,Widowed,A+,Indian,Ballari,PS0045
P008248,Sanjay Gowda,Male,1998-06-22,28,Software Engineer,Diploma,Married,B+,Indian,Chamarajanagar,PS0203
P008249,Harini Hiremath,Female,2004-07-24,21,Engineer,Primary,Divorced,O-,Indian,Bengaluru Urban,PS0142
P008250,Harini Hiremath,Female,2004-05-08,22,Business,Post Graduate,Married,A-,Indian,Chamarajanagar,PS0196
P008251,Radhika Desai,Female,1987-01-13,39,Mechanic,Post Graduate,Widowed,A-,Indian,Belagavi,PS0058
P008252,Kavya Sharma,Female,1979-04-30,47,Shop Owner,Diploma,Divorced,AB+,Indian,Chikkaballapura,PS0244
P008253,Nisha Singh,Female,1995-10-16,30,Security Guard,PUC,Married,O+,Indian,Bagalkote,PS0018
P008254,Ramesh Joshi,Male,1985-11-30,40,Sales Executive,No Formal Education,Single,A-,Indian,Ballari,PS0041
P008255,Deepa Hiremath,Female,1988-11-22,37,Labour,Primary,Divorced,AB+,Indian,Bidar,PS0173
P008256,Bhavya Kulkarni,Female,2001-08-07,24,Lawyer,No Formal Education,Divorced,O-,Indian,Bengaluru Urban,PS0111
P008257,Arjun Poojary,Male,1958-11-18,67,Nurse,Primary,Single,AB+,Indian,Bengaluru Rural,PS0104
P008258,Akash Shetty,Male,1974-03-16,52,Carpenter,Post Graduate,Single,O+,Indian,Bidar,PS0185
P008259,Sowmya Hegde,Female,1986-07-28,39,Driver,High School,Divorced,A+,Indian,Bidar,PS0170
P008260,Megha Rao,Female,1994-01-07,32,Student,Diploma,Divorced,O+,Indian,Bagalkote,PS0012
P008261,Ravi Naik,Male,1999-06-23,27,Electrician,Graduate,Widowed,AB-,Indian,Chamarajanagar,PS0227
P008262,Bhavya Pujari,Female,1966-08-30,59,Labour,PUC,Widowed,A+,Indian,Bengaluru Urban,PS0114
P008263,Ganesh Hiremath,Male,1997-09-28,28,Police,No Formal Education,Married,O+,Indian,Bengaluru Urban,PS0125
P008264,Radhika Gowda,Female,1996-09-24,29,Sales Executive,Diploma,Widowed,O-,Indian,Bengaluru Rural,PS0103
P008265,Lakshmi Rao,Female,1981-09-07,44,Student,PhD,Single,AB-,Indian,Chamarajanagar,PS0220
P008266,Swathi Kumar,Female,1964-11-20,61,Business,PUC,Married,AB+,Indian,Bengaluru Urban,PS0143
P008267,Puneeth Reddy,Male,1997-02-27,29,Teacher,PhD,Divorced,O+,Indian,Bidar,PS0184
P008268,Kiran Pujari,Male,2000-06-12,26,Software Engineer,PUC,Divorced,A+,Indian,Chamarajanagar,PS0202
P008269,Mahesh Naik,Male,1959-05-12,67,Farmer,Graduate,Divorced,B+,Indian,Chamarajanagar,PS0232
P008270,Lakshmi Shetty,Female,1973-08-30,52,Doctor,No Formal Education,Widowed,AB-,Indian,Belagavi,PS0062
P008271,Nandini Pujari,Female,2004-03-01,22,Electrician,Post Graduate,Married,A+,Indian,Bidar,PS0165
P008272,Geetha Bhat,Female,1967-01-23,59,Student,Primary,Single,O+,Indian,Bengaluru Rural,PS0073
P008273,Kusuma Pujari,Female,1970-07-09,56,Government Employee,High School,Widowed,B-,Indian,Bengaluru Urban,PS0123
P008274,Kavya Reddy,Female,2000-09-10,25,Shop Owner,Primary,Divorced,O-,Indian,Bagalkote,PS0021
P008275,Sangeetha Joshi,Female,1964-09-11,61,Shop Owner,Primary,Married,O-,Indian,Bengaluru Rural,PS0109
P008276,Chetan Kulkarni,Male,1964-04-06,62,Business,Primary,Divorced,B+,Indian,Bengaluru Urban,PS0127
P008277,Harish Singh,Male,1974-08-22,51,Lawyer,PUC,Divorced,O+,Indian,Bagalkote,PS0009
P008278,Prakash Verma,Male,1964-05-14,62,Shop Owner,Post Graduate,Married,AB-,Indian,Chamarajanagar,PS0234
P008279,Nandini Sharma,Female,1996-11-11,29,Electrician,Graduate,Widowed,A-,Indian,Bidar,PS0165
P008280,Geetha Verma,Female,1971-08-08,54,Sales Executive,Diploma,Widowed,B-,Indian,Bengaluru Rural,PS0082
P008281,Pradeep Siddiqui,Male,2003-06-10,23,Student,PhD,Single,B+,Indian,Bidar,PS0192
P008282,Ramesh Singh,Male,1994-10-06,31,Mechanic,Primary,Married,A-,Indian,Chamarajanagar,PS0213
P008283,Deepa Joshi,Female,1969-04-29,57,Police,PhD,Married,O-,Indian,Belagavi,PS0051
P008284,Roopa Kumar,Female,1979-04-28,47,Farmer,Diploma,Divorced,O+,Indian,Chamarajanagar,PS0209
P008285,Ramesh Desai,Male,1979-03-23,47,Business,High School,Married,AB-,Indian,Belagavi,PS0056
P008286,Mahesh Sharma,Male,1966-06-13,60,Mechanic,PhD,Widowed,AB-,Indian,Bengaluru Urban,PS0149
P008287,Asha Pujari,Female,1980-08-28,45,Engineer,No Formal Education,Divorced,B+,Indian,Bengaluru Rural,PS0100
P008288,Basavaraj Kumar,Male,2006-10-01,19,Government Employee,Graduate,Widowed,O+,Indian,Bengaluru Urban,PS0118
P008289,Rohit Hiremath,Male,1991-06-04,35,Labour,Post Graduate,Widowed,B-,Indian,Chamarajanagar,PS0211
P008290,Vinay Kambali,Male,1972-06-19,54,Nurse,No Formal Education,Widowed,A+,Indian,Bengaluru Urban,PS0135
P008291,Sangeetha Kambali,Female,1971-05-31,55,Student,PhD,Married,B-,Indian,Ballari,PS0043
P008292,Rahul Naik,Male,1971-12-23,54,Nurse,High School,Divorced,A+,Indian,Chamarajanagar,PS0209
P008293,Rohit Angadi,Male,1984-12-28,41,Teacher,Post Graduate,Divorced,O+,Indian,Chikkaballapura,PS0235
P008294,Megha Joshi,Female,1983-11-02,42,Labour,PUC,Married,B+,Indian,Bidar,PS0156
P008295,Priya Kulkarni,Female,1982-05-17,44,Nurse,PhD,Divorced,A+,Indian,Chamarajanagar,PS0204
P008296,Preethi Hegde,Female,1978-07-06,48,Government Employee,Diploma,Married,A+,Indian,Belagavi,PS0069
P008297,Manoj Kambali,Male,2006-02-28,20,Teacher,PUC,Divorced,B-,Indian,Bengaluru Rural,PS0100
P008298,Kusuma Naik,Female,1981-07-28,44,Driver,Diploma,Married,A+,Indian,Ballari,PS0045
P008299,Vijay Verma,Male,1970-12-24,55,Lawyer,High School,Divorced,A+,Indian,Bidar,PS0173
P008300,Radhika Singh,Female,1983-05-25,43,Government Employee,PUC,Divorced,B-,Indian,Chikkaballapura,PS0245
P008301,Swathi Naik,Female,1970-10-09,55,Teacher,No Formal Education,Widowed,B+,Indian,Bengaluru Rural,PS0094
P008302,Siddu Hegde,Male,2006-03-02,20,Shop Owner,No Formal Education,Divorced,O+,Indian,Belagavi,PS0063
P008303,Akash Shetty,Male,1968-06-20,58,Lawyer,PhD,Single,B-,Indian,Bengaluru Rural,PS0071
P008304,Chetan Reddy,Male,1976-03-30,50,Business,PhD,Single,A+,Indian,Ballari,PS0045
P008305,Harini Bhat,Female,1955-12-03,70,Unemployed,Post Graduate,Divorced,B+,Indian,Chamarajanagar,PS0195
P008306,Ravi Kulkarni,Male,1984-04-20,42,Software Engineer,No Formal Education,Widowed,B-,Indian,Ballari,PS0040
P008307,Abhishek Kumar,Male,1958-05-28,68,Mechanic,High School,Married,AB+,Indian,Bidar,PS0181
P008308,Roopa Hiremath,Female,1965-11-14,60,Police,No Formal Education,Widowed,A-,Indian,Bagalkote,PS0002
P008309,Ganesh Kulkarni,Male,1983-07-05,43,Government Employee,No Formal Education,Divorced,A-,Indian,Chikkaballapura,PS0246
P008310,Suresh Joshi,Male,1955-03-01,71,Nurse,Diploma,Single,AB-,Indian,Chamarajanagar,PS0219
P008311,Kiran Pujari,Male,1967-03-31,59,Driver,High School,Divorced,A-,Indian,Chamarajanagar,PS0223
P008312,Darshan Shetty,Male,2006-10-10,19,Software Engineer,No Formal Education,Single,A+,Indian,Bengaluru Urban,PS0129
P008313,Vijay Shetty,Male,1972-06-19,54,Driver,Primary,Married,B+,Indian,Bengaluru Urban,PS0149
P008314,Geetha Pujari,Female,1965-10-19,60,Electrician,High School,Widowed,B-,Indian,Chamarajanagar,PS0229
P008315,Kavya Shetty,Female,1967-05-03,59,Farmer,Diploma,Single,O+,Indian,Bengaluru Rural,PS0088
P008316,Arjun Reddy,Male,2007-02-06,19,Carpenter,PUC,Married,A-,Indian,Belagavi,PS0052
P008317,Naveen Angadi,Male,1998-01-04,28,Mechanic,Diploma,Married,A-,Indian,Belagavi,PS0065
P008318,Anitha Sharma,Female,1984-01-15,42,Farmer,Diploma,Single,O-,Indian,Belagavi,PS0047
P008319,Vinay Singh,Male,1976-09-02,49,Student,Primary,Single,A-,Indian,Bengaluru Rural,PS0090
P008320,Asha Rao,Female,1965-03-23,61,Labour,PhD,Single,A-,Indian,Chikkaballapura,PS0240
P008321,Anjali Kumar,Female,1982-01-23,44,Shop Owner,High School,Single,O+,Indian,Bagalkote,PS0013
P008322,Roopa Kulkarni,Female,1989-02-17,37,Teacher,No Formal Education,Single,B-,Indian,Chamarajanagar,PS0212
P008323,Pradeep Poojary,Male,1972-02-02,54,Labour,Graduate,Married,B-,Indian,Bengaluru Rural,PS0094
P008324,Sneha Kulkarni,Female,1966-04-30,60,Engineer,Graduate,Widowed,AB-,Indian,Chamarajanagar,PS0193
P008325,Rekha Verma,Female,1963-06-27,63,Labour,PhD,Single,B+,Indian,Chamarajanagar,PS0224
P008326,Geetha Angadi,Female,1982-11-16,43,Lawyer,No Formal Education,Single,B-,Indian,Chikkaballapura,PS0237
P008327,Prakash Hiremath,Male,1995-06-03,31,Teacher,Graduate,Married,B-,Indian,Bagalkote,PS0018
P008328,Suraj Siddiqui,Male,2007-05-01,19,Sales Executive,No Formal Education,Widowed,B-,Indian,Bengaluru Rural,PS0086
P008329,Mahesh Kambali,Male,1993-02-27,33,Shop Owner,PhD,Widowed,A-,Indian,Bengaluru Urban,PS0126
P008330,Siddu Gowda,Male,1967-03-30,59,Teacher,Graduate,Divorced,A+,Indian,Bengaluru Rural,PS0108
P008331,Priya Patil,Female,1991-03-10,35,Doctor,Post Graduate,Widowed,AB+,Indian,Bengaluru Urban,PS0117
P008332,Roopa Gowda,Female,1963-12-30,62,Carpenter,Post Graduate,Married,B+,Indian,Ballari,PS0044
P008333,Vidya Kambali,Female,1978-06-30,48,Mechanic,Primary,Single,O+,Indian,Chamarajanagar,PS0196
P008334,Suraj Hegde,Male,2003-10-02,22,Driver,PhD,Single,AB+,Indian,Bidar,PS0176
P008335,Kavya Hegde,Female,1993-12-25,32,Electrician,PhD,Single,O-,Indian,Bengaluru Rural,PS0072
P008336,Sanjay Naik,Male,1970-04-10,56,Nurse,Primary,Divorced,B-,Indian,Chamarajanagar,PS0233
P008337,Ajay Kulkarni,Male,1975-03-20,51,Business,Diploma,Married,A+,Indian,Bengaluru Rural,PS0095
P008338,Suresh Angadi,Male,1995-09-15,30,Mechanic,PUC,Married,A-,Indian,Belagavi,PS0054
P008339,Pradeep Shetty,Male,1959-06-25,67,Mechanic,Graduate,Married,A+,Indian,Chamarajanagar,PS0211
P008340,Bhavya Joshi,Female,1985-04-29,41,Unemployed,No Formal Education,Married,AB+,Indian,Bengaluru Rural,PS0105
P008341,Kavya Hegde,Female,2003-03-10,23,Software Engineer,Post Graduate,Divorced,AB-,Indian,Bengaluru Urban,PS0140
P008342,Sanjay Poojary,Male,1978-01-23,48,Police,Graduate,Single,AB+,Indian,Bengaluru Rural,PS0108
P008343,Sunitha Siddiqui,Female,1981-12-26,44,Security Guard,High School,Single,AB-,Indian,Bidar,PS0163
P008344,Swathi Kulkarni,Female,1979-04-04,47,Unemployed,Primary,Married,B-,Indian,Bagalkote,PS0023
P008345,Siddu Naik,Male,1995-08-13,30,Security Guard,Diploma,Divorced,AB+,Indian,Bidar,PS0177
P008346,Akash Pujari,Male,1976-03-23,50,Teacher,Graduate,Widowed,AB+,Indian,Bidar,PS0157
P008347,Harish Angadi,Male,1991-10-24,34,Police,No Formal Education,Divorced,AB-,Indian,Bidar,PS0178
P008348,Priya Hiremath,Female,1982-04-16,44,Sales Executive,Post Graduate,Divorced,A-,Indian,Bidar,PS0182
P008349,Lakshmi Kambali,Female,2004-08-12,21,Driver,Primary,Single,AB-,Indian,Chamarajanagar,PS0217
P008350,Prakash Naik,Male,1969-09-22,56,Farmer,Primary,Divorced,O+,Indian,Bengaluru Urban,PS0138
P008351,Vijay Naik,Male,1962-06-29,64,Labour,Post Graduate,Divorced,AB-,Indian,Chamarajanagar,PS0198
P008352,Nisha Siddiqui,Female,1993-03-20,33,Police,No Formal Education,Single,AB+,Indian,Chikkaballapura,PS0235
P008353,Ramesh Hegde,Male,2007-02-13,19,Engineer,Primary,Divorced,O+,Indian,Bengaluru Urban,PS0138
P008354,Priya Verma,Female,1987-10-05,38,Carpenter,Post Graduate,Divorced,A-,Indian,Bengaluru Urban,PS0145
P008355,Bhavya Verma,Female,1973-11-24,52,Carpenter,High School,Married,O+,Indian,Ballari,PS0030
P008356,Prakash Poojary,Male,1996-01-08,30,Lawyer,Primary,Widowed,A-,Indian,Bidar,PS0160
P008357,Geetha Kulkarni,Female,1992-05-03,34,Nurse,Graduate,Widowed,O+,Indian,Chamarajanagar,PS0226
P008358,Priya Desai,Female,1974-01-28,52,Police,Post Graduate,Divorced,AB-,Indian,Bengaluru Rural,PS0091
P008359,Anjali Verma,Female,1965-05-22,61,Doctor,No Formal Education,Widowed,O+,Indian,Chamarajanagar,PS0224
P008360,Preethi Desai,Female,1975-03-25,51,Unemployed,High School,Divorced,O+,Indian,Bidar,PS0158
P008361,Vijay Bhat,Male,1980-06-03,46,Business,Post Graduate,Married,AB-,Indian,Ballari,PS0032
P008362,Prakash Singh,Male,1971-08-27,54,Mechanic,PUC,Widowed,AB+,Indian,Chamarajanagar,PS0217
P008363,Keerthi Siddiqui,Female,1980-12-27,45,Doctor,PhD,Married,B-,Indian,Bagalkote,PS0024
P008364,Suresh Gowda,Male,1965-05-21,61,Engineer,PhD,Widowed,O-,Indian,Bagalkote,PS0025
P008365,Sunitha Gowda,Female,1987-12-27,38,Business,Diploma,Divorced,A+,Indian,Chamarajanagar,PS0230
P008366,Naveen Kambali,Male,1963-12-15,62,Labour,Graduate,Divorced,A+,Indian,Bagalkote,PS0024
P008367,Anjali Pujari,Female,1982-12-20,43,Nurse,Diploma,Widowed,O+,Indian,Chamarajanagar,PS0198
P008368,Ganesh Kulkarni,Male,1995-07-14,31,Nurse,Diploma,Widowed,A+,Indian,Bengaluru Rural,PS0085
P008369,Shivakumar Desai,Male,1973-03-09,53,Driver,Diploma,Married,O+,Indian,Bagalkote,PS0003
P008370,Pooja Patil,Female,1999-10-18,26,Farmer,High School,Single,O-,Indian,Bagalkote,PS0018
P008371,Suresh Desai,Male,1985-03-14,41,Labour,Post Graduate,Widowed,B-,Indian,Chikkaballapura,PS0242
P008372,Mahesh Gowda,Male,1998-10-31,27,Driver,PhD,Widowed,B+,Indian,Belagavi,PS0059
P008373,Suresh Kulkarni,Male,1995-01-14,31,Labour,Primary,Divorced,O-,Indian,Bengaluru Rural,PS0091
P008374,Shreya Kulkarni,Female,1997-02-16,29,Farmer,Post Graduate,Divorced,A+,Indian,Bagalkote,PS0009
P008375,Akash Desai,Male,1964-11-14,61,Teacher,PUC,Divorced,AB+,Indian,Bengaluru Rural,PS0083
P008376,Sangeetha Verma,Female,1970-08-21,55,Lawyer,Diploma,Single,O-,Indian,Bagalkote,PS0017
P008377,Asha Kambali,Female,1971-06-30,55,Labour,Primary,Divorced,A-,Indian,Chamarajanagar,PS0207
P008378,Sanjay Angadi,Male,1985-07-09,41,Government Employee,Primary,Married,B-,Indian,Bengaluru Rural,PS0083
P008379,Vinay Kumar,Male,1974-11-01,51,Police,Primary,Divorced,O+,Indian,Bidar,PS0188
P008380,Nandini Kumar,Female,1985-07-09,41,Business,PUC,Single,AB-,Indian,Bidar,PS0158
P008381,Lokesh Kambali,Male,1972-11-16,53,Shop Owner,Post Graduate,Single,O+,Indian,Chamarajanagar,PS0194
P008382,Rekha Shetty,Female,1982-08-05,43,Unemployed,Graduate,Widowed,A-,Indian,Chikkaballapura,PS0235
P008383,Arjun Rao,Male,1956-03-16,70,Shop Owner,PhD,Divorced,O+,Indian,Chamarajanagar,PS0216
P008384,Ravi Siddiqui,Male,1957-07-15,69,Lawyer,No Formal Education,Divorced,AB+,Indian,Bengaluru Rural,PS0088
P008385,Mahesh Reddy,Male,1990-07-12,36,Nurse,Primary,Married,A+,Indian,Belagavi,PS0062
P008386,Lakshmi Hegde,Female,1980-06-27,46,Mechanic,Graduate,Married,O+,Indian,Bengaluru Rural,PS0077
P008387,Chetan Kumar,Male,1981-01-31,45,Mechanic,No Formal Education,Single,AB-,Indian,Bagalkote,PS0015
P008388,Asha Hiremath,Female,2001-11-25,24,Government Employee,Graduate,Divorced,A+,Indian,Bidar,PS0179
P008389,Suraj Hiremath,Male,1976-11-15,49,Mechanic,PhD,Single,B-,Indian,Bagalkote,PS0017
P008390,Harish Hiremath,Male,1975-08-18,50,Carpenter,Diploma,Divorced,AB+,Indian,Bengaluru Urban,PS0145
P008391,Vidya Kambali,Female,1957-02-01,69,Carpenter,PhD,Married,A+,Indian,Ballari,PS0027
P008392,Sanjay Angadi,Male,1983-12-03,42,Teacher,Post Graduate,Single,AB+,Indian,Ballari,PS0043
P008393,Vidya Verma,Female,2001-06-09,25,Driver,Diploma,Divorced,O+,Indian,Bagalkote,PS0012
P008394,Nisha Singh,Female,1974-03-22,52,Engineer,Graduate,Single,B+,Indian,Bengaluru Urban,PS0147
P008395,Suresh Rao,Male,1994-04-13,32,Unemployed,Post Graduate,Married,A-,Indian,Bagalkote,PS0013
P008396,Nisha Rao,Female,1972-10-27,53,Shop Owner,Graduate,Widowed,B-,Indian,Chamarajanagar,PS0223
P008397,Preethi Siddiqui,Female,1984-11-29,41,Sales Executive,No Formal Education,Single,A-,Indian,Chamarajanagar,PS0195
P008398,Roopa Gowda,Female,1976-09-30,49,Lawyer,PUC,Single,O+,Indian,Chikkaballapura,PS0246
P008399,Lokesh Shetty,Male,1973-01-17,53,Carpenter,Post Graduate,Married,A-,Indian,Bagalkote,PS0022
P008400,Ajay Rao,Male,1976-06-20,50,Software Engineer,PhD,Single,B+,Indian,Bengaluru Rural,PS0107
P008401,Naveen Poojary,Male,1982-10-27,43,Unemployed,High School,Single,B-,Indian,Bengaluru Rural,PS0086
P008402,Priya Desai,Female,2000-03-27,26,Driver,PhD,Married,O-,Indian,Bidar,PS0165
P008403,Manoj Joshi,Male,1988-03-13,38,Nurse,Diploma,Divorced,B-,Indian,Bengaluru Rural,PS0088
P008404,Darshan Gowda,Male,1997-03-15,29,Nurse,No Formal Education,Widowed,A+,Indian,Bengaluru Urban,PS0135
P008405,Abhishek Hiremath,Male,1989-08-06,36,Engineer,Post Graduate,Widowed,AB+,Indian,Bengaluru Rural,PS0096
P008406,Nisha Siddiqui,Female,1983-12-20,42,Security Guard,PUC,Divorced,AB-,Indian,Bengaluru Rural,PS0099
P008407,Divya Singh,Female,1965-02-19,61,Software Engineer,Post Graduate,Married,B-,Indian,Bidar,PS0168
P008408,Priya Singh,Female,1962-04-11,64,Student,Primary,Married,B+,Indian,Bagalkote,PS0004
P008409,Rohit Shetty,Male,1972-01-15,54,Student,PUC,Widowed,O-,Indian,Chamarajanagar,PS0221
P008410,Suresh Pujari,Male,1980-05-26,46,Sales Executive,PUC,Single,A-,Indian,Chikkaballapura,PS0246
P008411,Radhika Gowda,Female,1972-09-27,53,Carpenter,No Formal Education,Married,AB+,Indian,Bengaluru Urban,PS0152
P008412,Arjun Desai,Male,1968-01-30,58,Mechanic,Graduate,Single,AB+,Indian,Bengaluru Urban,PS0128
P008413,Suraj Kambali,Male,1984-08-12,41,Farmer,Primary,Widowed,B-,Indian,Bagalkote,PS0015
P008414,Rohit Reddy,Male,1983-01-12,43,Police,Post Graduate,Widowed,AB-,Indian,Bengaluru Rural,PS0104
P008415,Nisha Rao,Female,1978-09-20,47,Nurse,Post Graduate,Widowed,O+,Indian,Chamarajanagar,PS0233
P008416,Sowmya Patil,Female,1973-08-21,52,Engineer,No Formal Education,Widowed,B-,Indian,Bidar,PS0179
P008417,Priya Sharma,Female,2000-04-24,26,Sales Executive,PhD,Divorced,O+,Indian,Chamarajanagar,PS0217
P008418,Nisha Pujari,Female,1985-08-26,40,Student,High School,Divorced,O-,Indian,Bidar,PS0177
P008419,Suraj Joshi,Male,1985-03-28,41,Software Engineer,Diploma,Married,B-,Indian,Chikkaballapura,PS0241
P008420,Anitha Pujari,Female,2003-05-22,23,Government Employee,Diploma,Married,A-,Indian,Chamarajanagar,PS0233
P008421,Sanjay Joshi,Male,1975-12-10,50,Shop Owner,No Formal Education,Divorced,AB+,Indian,Chamarajanagar,PS0213
P008422,Geetha Hiremath,Female,1978-09-07,47,Mechanic,PUC,Single,A-,Indian,Bidar,PS0177
P008423,Geetha Gowda,Female,2003-01-22,23,Student,PhD,Divorced,B-,Indian,Bagalkote,PS0022
P008424,Darshan Hiremath,Male,2004-07-25,21,Software Engineer,Post Graduate,Widowed,O+,Indian,Bengaluru Urban,PS0131
P008425,Rahul Joshi,Male,1971-04-10,55,Government Employee,No Formal Education,Married,O+,Indian,Ballari,PS0044
P008426,Megha Pujari,Female,2007-06-19,19,Electrician,PUC,Married,A+,Indian,Ballari,PS0031
P008427,Lakshmi Singh,Female,1975-10-02,50,Lawyer,PhD,Single,O+,Indian,Bagalkote,PS0019
P008428,Sowmya Gowda,Female,1978-02-12,48,Sales Executive,No Formal Education,Divorced,AB+,Indian,Bengaluru Urban,PS0127
P008429,Deepa Patil,Female,2007-07-20,19,Driver,Graduate,Married,AB+,Indian,Bidar,PS0169
P008430,Suraj Kambali,Male,1955-08-07,70,Shop Owner,PhD,Divorced,AB-,Indian,Bengaluru Urban,PS0137
P008431,Kiran Siddiqui,Male,2000-06-16,26,Security Guard,PUC,Single,A+,Indian,Belagavi,PS0047
P008432,Sowmya Poojary,Female,1989-11-19,36,Mechanic,Post Graduate,Divorced,O+,Indian,Bengaluru Urban,PS0112
P008433,Ravi Joshi,Male,1962-06-05,64,Nurse,Graduate,Widowed,A-,Indian,Chamarajanagar,PS0226
P008434,Anjali Poojary,Female,2004-06-28,22,Sales Executive,Diploma,Single,A+,Indian,Bidar,PS0155
P008435,Bhavya Singh,Female,1972-05-28,54,Teacher,Post Graduate,Married,AB+,Indian,Bengaluru Rural,PS0085
P008436,Lakshmi Gowda,Female,1971-03-03,55,Carpenter,PhD,Widowed,AB-,Indian,Bidar,PS0159
P008437,Naveen Poojary,Male,2004-06-28,22,Nurse,Post Graduate,Widowed,O-,Indian,Bengaluru Rural,PS0103
P008438,Suresh Kumar,Male,1974-08-22,51,Teacher,Primary,Single,B+,Indian,Ballari,PS0041
P008439,Swathi Kambali,Female,1993-07-13,33,Doctor,Graduate,Divorced,O-,Indian,Bengaluru Rural,PS0085
P008440,Asha Naik,Female,2003-11-17,22,Software Engineer,Primary,Widowed,B-,Indian,Bidar,PS0156
P008441,Vinay Singh,Male,1967-08-30,58,Shop Owner,No Formal Education,Married,B-,Indian,Belagavi,PS0063
P008442,Anjali Kumar,Female,1988-07-11,38,Security Guard,Post Graduate,Single,B+,Indian,Bidar,PS0175
P008443,Vijay Angadi,Male,2000-09-19,25,Student,Diploma,Widowed,B-,Indian,Bagalkote,PS0013
P008444,Vinay Shetty,Male,1966-07-25,59,Lawyer,PUC,Widowed,AB-,Indian,Chamarajanagar,PS0209
P008445,Kiran Singh,Male,1967-01-08,59,Software Engineer,Post Graduate,Widowed,A-,Indian,Bidar,PS0159
P008446,Divya Naik,Female,1979-01-30,47,Sales Executive,PhD,Widowed,A-,Indian,Chamarajanagar,PS0197
P008447,Lakshmi Naik,Female,1983-05-05,43,Unemployed,PUC,Single,O+,Indian,Belagavi,PS0059
P008448,Chetan Verma,Male,2000-11-19,25,Nurse,Primary,Single,A-,Indian,Chamarajanagar,PS0228
P008449,Ravi Sharma,Male,1980-03-01,46,Lawyer,No Formal Education,Married,O+,Indian,Bengaluru Urban,PS0138
P008450,Darshan Pujari,Male,1975-02-27,51,Carpenter,PhD,Divorced,B-,Indian,Chikkaballapura,PS0235
P008451,Anitha Bhat,Female,1960-06-14,66,Mechanic,Graduate,Divorced,B+,Indian,Belagavi,PS0055
P008452,Suraj Angadi,Male,1987-07-07,39,Lawyer,High School,Widowed,O+,Indian,Ballari,PS0042
P008453,Roopa Hegde,Female,1993-11-21,32,Sales Executive,Graduate,Married,O+,Indian,Bengaluru Rural,PS0071
P008454,Harini Pujari,Female,1961-11-01,64,Electrician,Graduate,Married,B+,Indian,Bagalkote,PS0014
P008455,Geetha Reddy,Female,1972-12-07,53,Business,PhD,Married,B-,Indian,Bengaluru Rural,PS0107
P008456,Mahesh Bhat,Male,1959-08-29,66,Mechanic,Primary,Divorced,AB+,Indian,Belagavi,PS0051
P008457,Harini Hiremath,Female,1960-05-24,66,Teacher,No Formal Education,Divorced,B+,Indian,Belagavi,PS0063
P008458,Nisha Kulkarni,Female,2007-03-05,19,Farmer,High School,Single,AB-,Indian,Belagavi,PS0069
P008459,Roopa Pujari,Female,1993-05-25,33,Lawyer,Diploma,Married,O+,Indian,Bengaluru Rural,PS0109
P008460,Basavaraj Shetty,Male,1956-02-17,70,Carpenter,High School,Widowed,A+,Indian,Belagavi,PS0063
P008461,Kiran Hiremath,Male,1959-04-11,67,Nurse,High School,Divorced,O+,Indian,Chamarajanagar,PS0199
P008462,Sneha Reddy,Female,1966-04-23,60,Teacher,Graduate,Widowed,B+,Indian,Chamarajanagar,PS0229
P008463,Megha Sharma,Female,1996-05-14,30,Labour,High School,Married,A+,Indian,Chamarajanagar,PS0216
P008464,Shreya Kulkarni,Female,1978-05-12,48,Software Engineer,Post Graduate,Widowed,O-,Indian,Bidar,PS0160
P008465,Ramesh Verma,Male,1959-04-22,67,Sales Executive,No Formal Education,Single,A+,Indian,Ballari,PS0038
P008466,Rekha Kulkarni,Female,1998-05-20,28,Software Engineer,PUC,Married,AB-,Indian,Chikkaballapura,PS0237
P008467,Harini Joshi,Female,1973-06-20,53,Sales Executive,Primary,Single,O-,Indian,Bagalkote,PS0019
P008468,Siddu Kambali,Male,1986-06-10,40,Nurse,Primary,Single,O-,Indian,Chikkaballapura,PS0250
P008469,Ganesh Kambali,Male,1998-10-02,27,Carpenter,Primary,Divorced,A-,Indian,Bidar,PS0184
P008470,Sneha Sharma,Female,1973-06-05,53,Sales Executive,Diploma,Single,O-,Indian,Bengaluru Urban,PS0151
P008471,Sanjay Kulkarni,Male,1997-10-11,28,Doctor,Graduate,Widowed,B+,Indian,Ballari,PS0030
P008472,Rahul Gowda,Male,1956-09-01,69,Lawyer,PhD,Single,AB+,Indian,Chikkaballapura,PS0247
P008473,Suresh Siddiqui,Male,1984-06-21,42,Labour,Graduate,Single,A+,Indian,Bidar,PS0166
P008474,Harish Kumar,Male,2003-08-14,22,Labour,Primary,Divorced,O+,Indian,Chamarajanagar,PS0205
P008475,Sanjay Reddy,Male,1959-11-07,66,Teacher,PhD,Divorced,B+,Indian,Chamarajanagar,PS0217
P008476,Vinay Pujari,Male,1972-05-31,54,Sales Executive,Post Graduate,Married,B-,Indian,Bengaluru Rural,PS0082
P008477,Puneeth Joshi,Male,1997-04-26,29,Student,Primary,Married,O+,Indian,Bidar,PS0186
P008478,Puneeth Kulkarni,Male,1991-07-04,35,Driver,High School,Widowed,O+,Indian,Bengaluru Urban,PS0125
P008479,Vijay Desai,Male,1967-01-09,59,Engineer,Primary,Married,AB+,Indian,Bidar,PS0157
P008480,Shivakumar Naik,Male,1977-07-24,48,Mechanic,PhD,Widowed,B-,Indian,Bengaluru Rural,PS0098
P008481,Manoj Hiremath,Male,1999-11-27,26,Nurse,High School,Single,A-,Indian,Bidar,PS0153
P008482,Ramesh Naik,Male,2007-10-05,18,Nurse,Graduate,Married,AB-,Indian,Bengaluru Urban,PS0131
P008483,Ramesh Kulkarni,Male,2000-04-07,26,Driver,Post Graduate,Married,O-,Indian,Bengaluru Urban,PS0114
P008484,Keerthi Pujari,Female,2001-12-11,24,Mechanic,High School,Divorced,AB-,Indian,Chamarajanagar,PS0203
P008485,Lokesh Pujari,Male,1999-09-17,26,Shop Owner,Primary,Married,B-,Indian,Belagavi,PS0057
P008486,Basavaraj Poojary,Male,1968-04-30,58,Business,High School,Married,B-,Indian,Belagavi,PS0059
P008487,Pradeep Verma,Male,1983-09-04,42,Electrician,Primary,Married,O-,Indian,Bidar,PS0181
P008488,Prakash Hegde,Male,1980-08-15,45,Electrician,No Formal Education,Divorced,AB+,Indian,Bengaluru Rural,PS0093
P008489,Swathi Kulkarni,Female,1972-03-28,54,Driver,Diploma,Single,B-,Indian,Bidar,PS0192
P008490,Geetha Angadi,Female,1958-08-22,67,Government Employee,No Formal Education,Married,AB+,Indian,Bagalkote,PS0002
P008491,Ajay Naik,Male,1956-02-17,70,Government Employee,Primary,Widowed,O-,Indian,Bengaluru Rural,PS0087
P008492,Nandini Kulkarni,Female,1973-04-11,53,Nurse,No Formal Education,Single,AB+,Indian,Belagavi,PS0067
P008493,Sunitha Bhat,Female,1985-09-01,40,Government Employee,Diploma,Married,O-,Indian,Bidar,PS0157
P008494,Nisha Verma,Female,1974-04-03,52,Sales Executive,PUC,Married,O+,Indian,Bagalkote,PS0012
P008495,Lakshmi Verma,Female,1968-03-17,58,Lawyer,Diploma,Divorced,O-,Indian,Bidar,PS0182
P008496,Akash Shetty,Male,1988-11-18,37,Security Guard,Graduate,Single,AB+,Indian,Ballari,PS0041
P008497,Suresh Angadi,Male,1969-07-20,57,Engineer,No Formal Education,Single,B+,Indian,Chamarajanagar,PS0202
P008498,Rekha Pujari,Female,1988-07-12,38,Police,Diploma,Single,B+,Indian,Bidar,PS0154
P008499,Priya Pujari,Female,2006-08-30,19,Software Engineer,PUC,Widowed,A+,Indian,Bidar,PS0165
P008500,Roopa Joshi,Female,1958-02-24,68,Doctor,PUC,Widowed,AB+,Indian,Bengaluru Rural,PS0080
P008501,Geetha Poojary,Female,2004-12-11,21,Teacher,Post Graduate,Married,O-,Indian,Chamarajanagar,PS0211
P008502,Radhika Patil,Female,1978-08-02,47,Nurse,Primary,Single,AB-,Indian,Ballari,PS0028
P008503,Kiran Kambali,Male,1957-01-23,69,Electrician,Diploma,Widowed,AB+,Indian,Bagalkote,PS0001
P008504,Naveen Gowda,Male,1984-06-08,42,Farmer,Graduate,Divorced,A+,Indian,Chikkaballapura,PS0237
P008505,Sunitha Gowda,Female,1976-10-04,49,Carpenter,Post Graduate,Married,O-,Indian,Belagavi,PS0060
P008506,Mahesh Reddy,Male,1956-08-04,69,Software Engineer,No Formal Education,Single,A-,Indian,Bidar,PS0161
P008507,Vidya Naik,Female,1987-08-06,38,Police,PhD,Married,A-,Indian,Belagavi,PS0060
P008508,Nandini Joshi,Female,1955-07-19,71,Shop Owner,Diploma,Widowed,O-,Indian,Bagalkote,PS0004
P008509,Roopa Rao,Female,1961-09-20,64,Farmer,Graduate,Divorced,AB-,Indian,Bengaluru Urban,PS0127
P008510,Suresh Bhat,Male,1974-04-01,52,Police,High School,Married,O+,Indian,Chamarajanagar,PS0198
P008511,Priya Gowda,Female,1995-10-31,30,Lawyer,Primary,Widowed,B+,Indian,Bengaluru Rural,PS0076
P008512,Sangeetha Kulkarni,Female,1998-12-02,27,Farmer,PhD,Married,B-,Indian,Bidar,PS0185
P008513,Darshan Verma,Male,1985-08-04,40,Software Engineer,PhD,Widowed,A-,Indian,Bidar,PS0182
P008514,Swathi Kambali,Female,1977-08-16,48,Farmer,PUC,Single,A+,Indian,Bengaluru Urban,PS0139
P008515,Akash Shetty,Male,1956-12-13,69,Labour,Diploma,Widowed,B+,Indian,Chikkaballapura,PS0245
P008516,Suresh Siddiqui,Male,1993-05-31,33,Government Employee,High School,Married,O+,Indian,Bengaluru Urban,PS0114
P008517,Sanjay Siddiqui,Male,1982-05-20,44,Doctor,No Formal Education,Married,B+,Indian,Chikkaballapura,PS0242
P008518,Lakshmi Pujari,Female,1955-05-30,71,Driver,Post Graduate,Divorced,B+,Indian,Bagalkote,PS0010
P008519,Vijay Reddy,Male,1986-01-31,40,Farmer,High School,Married,O+,Indian,Chamarajanagar,PS0230
P008520,Anitha Pujari,Female,1962-08-21,63,Sales Executive,PhD,Married,B+,Indian,Bidar,PS0189
P008521,Keerthi Pujari,Female,1972-09-09,53,Labour,PUC,Widowed,A-,Indian,Bengaluru Rural,PS0086
P008522,Vijay Kumar,Male,1984-03-11,42,Police,High School,Divorced,B+,Indian,Bengaluru Urban,PS0145
P008523,Kavya Gowda,Female,1961-02-21,65,Doctor,Primary,Married,B-,Indian,Bengaluru Rural,PS0080
P008524,Vinay Rao,Male,2002-02-03,24,Mechanic,No Formal Education,Single,B+,Indian,Bengaluru Urban,PS0141
P008525,Rohit Patil,Male,1978-09-04,47,Business,Post Graduate,Divorced,B+,Indian,Bengaluru Rural,PS0076
P008526,Arjun Reddy,Male,1957-11-05,68,Sales Executive,Diploma,Divorced,B+,Indian,Bengaluru Urban,PS0116
P008527,Puneeth Kulkarni,Male,1959-08-06,66,Engineer,Primary,Single,O-,Indian,Bagalkote,PS0022
P008528,Naveen Pujari,Male,1957-07-10,69,Mechanic,Graduate,Single,A-,Indian,Bengaluru Urban,PS0125
P008529,Siddu Hegde,Male,1957-01-31,69,Electrician,Primary,Married,B+,Indian,Bidar,PS0180
P008530,Kavya Reddy,Female,1965-03-09,61,Driver,PhD,Divorced,A+,Indian,Bengaluru Urban,PS0111
P008531,Mahesh Verma,Male,1958-09-23,67,Business,No Formal Education,Widowed,B-,Indian,Ballari,PS0029
P008532,Harish Angadi,Male,2007-11-17,18,Farmer,Diploma,Married,O-,Indian,Bengaluru Urban,PS0139
P008533,Lokesh Reddy,Male,1957-10-29,68,Lawyer,Graduate,Single,AB+,Indian,Ballari,PS0035
P008534,Ajay Desai,Male,2003-04-10,23,Mechanic,Primary,Widowed,AB-,Indian,Chikkaballapura,PS0250
P008535,Divya Gowda,Female,2005-10-12,20,Software Engineer,PUC,Divorced,B-,Indian,Chamarajanagar,PS0200
P008536,Radhika Reddy,Female,1969-04-13,57,Sales Executive,Graduate,Married,O+,Indian,Bengaluru Rural,PS0071
P008537,Suraj Poojary,Male,1960-01-08,66,Software Engineer,High School,Married,B-,Indian,Bidar,PS0175
P008538,Nandini Hegde,Female,1956-03-18,70,Security Guard,Primary,Widowed,B-,Indian,Bengaluru Urban,PS0152
P008539,Sangeetha Singh,Female,1972-03-05,54,Nurse,Diploma,Single,AB-,Indian,Chikkaballapura,PS0235
P008540,Sowmya Kambali,Female,1961-07-22,65,Farmer,Graduate,Divorced,O-,Indian,Bengaluru Rural,PS0081
P008541,Divya Poojary,Female,1957-02-05,69,Sales Executive,PhD,Divorced,O-,Indian,Chikkaballapura,PS0247
P008542,Shreya Patil,Female,1996-06-09,30,Doctor,No Formal Education,Widowed,A-,Indian,Bidar,PS0174
P008543,Suraj Shetty,Male,1957-12-17,68,Police,No Formal Education,Widowed,B-,Indian,Chamarajanagar,PS0197
P008544,Nisha Kambali,Female,1990-01-13,36,Mechanic,High School,Single,AB-,Indian,Chamarajanagar,PS0203
P008545,Harini Kumar,Female,1955-11-03,70,Sales Executive,Post Graduate,Single,O+,Indian,Bidar,PS0178
P008546,Arjun Pujari,Male,1983-06-30,43,Police,Diploma,Widowed,AB-,Indian,Bengaluru Rural,PS0096
P008547,Kavya Verma,Female,1981-09-11,44,Mechanic,Primary,Divorced,AB+,Indian,Ballari,PS0028
P008548,Nisha Hiremath,Female,1978-07-09,48,Lawyer,Post Graduate,Married,O+,Indian,Chamarajanagar,PS0207
P008549,Pooja Singh,Female,1974-06-09,52,Unemployed,Graduate,Single,A-,Indian,Chikkaballapura,PS0236
P008550,Ravi Sharma,Male,1971-12-03,54,Lawyer,Diploma,Single,AB-,Indian,Bengaluru Urban,PS0136
P008551,Pooja Hiremath,Female,1969-04-13,57,Sales Executive,PhD,Widowed,O-,Indian,Bengaluru Rural,PS0104
P008552,Ramesh Kulkarni,Male,2002-11-08,23,Unemployed,Post Graduate,Single,O+,Indian,Bengaluru Rural,PS0084
P008553,Arjun Reddy,Male,1973-05-24,53,Farmer,Primary,Married,O-,Indian,Bagalkote,PS0001
P008554,Divya Kambali,Female,1997-04-21,29,Unemployed,PhD,Married,B-,Indian,Bidar,PS0190
P008555,Sanjay Gowda,Male,1995-06-08,31,Government Employee,High School,Divorced,AB+,Indian,Chamarajanagar,PS0194
P008556,Siddu Gowda,Male,1955-06-25,71,Labour,High School,Divorced,A+,Indian,Bengaluru Rural,PS0082
P008557,Shreya Desai,Female,1990-06-03,36,Student,Graduate,Single,O+,Indian,Chamarajanagar,PS0219
P008558,Basavaraj Shetty,Male,1987-08-08,38,Software Engineer,High School,Widowed,B-,Indian,Bengaluru Rural,PS0101
P008559,Anitha Kambali,Female,1978-08-16,47,Student,PhD,Single,AB+,Indian,Chamarajanagar,PS0213
P008560,Sanjay Kumar,Male,1970-07-21,56,Lawyer,Primary,Widowed,A-,Indian,Bengaluru Urban,PS0146
P008561,Keerthi Patil,Female,1972-02-14,54,Government Employee,PhD,Married,A+,Indian,Ballari,PS0035
P008562,Naveen Sharma,Male,1972-06-19,54,Engineer,Primary,Married,AB-,Indian,Bidar,PS0181
P008563,Shivakumar Pujari,Male,1993-05-10,33,Electrician,PhD,Single,AB+,Indian,Bidar,PS0165
P008564,Sangeetha Hegde,Female,1959-02-08,67,Driver,PUC,Single,B-,Indian,Chamarajanagar,PS0212
P008565,Sunitha Bhat,Female,1979-04-15,47,Government Employee,Primary,Divorced,O+,Indian,Ballari,PS0040
P008566,Kavya Rao,Female,1997-06-22,29,Farmer,Graduate,Single,A+,Indian,Chikkaballapura,PS0250
P008567,Asha Kambali,Female,2001-03-12,25,Police,High School,Widowed,B+,Indian,Bagalkote,PS0007
P008568,Rohit Patil,Male,1958-02-02,68,Teacher,Primary,Divorced,B+,Indian,Chamarajanagar,PS0225
P008569,Kusuma Shetty,Female,1959-04-23,67,Government Employee,Post Graduate,Widowed,AB-,Indian,Bidar,PS0153
P008570,Swathi Verma,Female,1964-04-30,62,Mechanic,Post Graduate,Widowed,B+,Indian,Ballari,PS0036
P008571,Priya Kumar,Female,1994-02-19,32,Unemployed,PhD,Married,O+,Indian,Bidar,PS0183
P008572,Vidya Pujari,Female,1995-03-21,31,Security Guard,Diploma,Married,B-,Indian,Bengaluru Urban,PS0146
P008573,Chetan Kulkarni,Male,1964-09-21,61,Farmer,No Formal Education,Single,O-,Indian,Bengaluru Rural,PS0087
P008574,Rohit Sharma,Male,1984-08-08,41,Sales Executive,Primary,Single,B-,Indian,Bagalkote,PS0001
P008575,Shreya Naik,Female,1998-06-02,28,Labour,Graduate,Single,B-,Indian,Bengaluru Urban,PS0117
P008576,Geetha Desai,Female,1956-12-05,69,Labour,Primary,Widowed,A-,Indian,Chikkaballapura,PS0238
P008577,Prakash Hegde,Male,1959-12-18,66,Sales Executive,Graduate,Divorced,B-,Indian,Bengaluru Rural,PS0086
P008578,Basavaraj Poojary,Male,2003-01-19,23,Driver,Post Graduate,Divorced,A+,Indian,Belagavi,PS0053
P008579,Ajay Joshi,Male,1982-07-13,44,Business,Diploma,Single,B+,Indian,Bidar,PS0166
P008580,Rekha Hegde,Female,1962-08-14,63,Engineer,PhD,Widowed,A-,Indian,Bidar,PS0179
P008581,Swathi Singh,Female,1988-11-26,37,Police,Graduate,Widowed,A+,Indian,Chikkaballapura,PS0249
P008582,Siddu Pujari,Male,1961-02-23,65,Shop Owner,Post Graduate,Married,B+,Indian,Bengaluru Urban,PS0122
P008583,Rahul Verma,Male,1973-04-16,53,Shop Owner,Post Graduate,Divorced,AB+,Indian,Bidar,PS0185
P008584,Harish Kumar,Male,1964-06-20,62,Farmer,High School,Widowed,B+,Indian,Bengaluru Urban,PS0143
P008585,Anitha Patil,Female,1966-12-20,59,Lawyer,PhD,Widowed,A-,Indian,Ballari,PS0038
P008586,Suraj Kambali,Male,1999-05-11,27,Government Employee,Post Graduate,Single,A-,Indian,Chamarajanagar,PS0198
P008587,Kiran Kumar,Male,2002-11-03,23,Labour,High School,Divorced,AB-,Indian,Chamarajanagar,PS0224
P008588,Rohit Naik,Male,1983-03-05,43,Government Employee,Primary,Married,O+,Indian,Bengaluru Urban,PS0145
P008589,Sneha Shetty,Female,1995-11-28,30,Farmer,No Formal Education,Widowed,AB+,Indian,Bengaluru Urban,PS0129
P008590,Shreya Singh,Female,1987-01-22,39,Labour,Graduate,Divorced,A+,Indian,Chamarajanagar,PS0211
P008591,Pooja Siddiqui,Female,2006-12-20,19,Doctor,No Formal Education,Married,O-,Indian,Belagavi,PS0046
P008592,Preethi Verma,Female,1972-05-13,54,Labour,Diploma,Divorced,O+,Indian,Chamarajanagar,PS0197
P008593,Divya Shetty,Female,1962-01-22,64,Driver,Diploma,Widowed,O+,Indian,Belagavi,PS0052
P008594,Divya Hegde,Female,1986-07-23,40,Government Employee,High School,Single,B-,Indian,Ballari,PS0029
P008595,Pradeep Angadi,Male,1962-06-13,64,Police,Post Graduate,Married,A+,Indian,Chamarajanagar,PS0204
P008596,Basavaraj Pujari,Male,1969-05-04,57,Security Guard,PhD,Widowed,O-,Indian,Bengaluru Urban,PS0131
P008597,Akash Kumar,Male,1999-06-10,27,Doctor,Primary,Married,AB-,Indian,Ballari,PS0044
P008598,Siddu Siddiqui,Male,1975-05-31,51,Business,Post Graduate,Widowed,AB+,Indian,Bagalkote,PS0014
P008599,Radhika Patil,Female,1999-05-16,27,Shop Owner,PUC,Widowed,O-,Indian,Belagavi,PS0060
P008600,Asha Bhat,Female,1998-12-28,27,Business,High School,Divorced,AB-,Indian,Chamarajanagar,PS0203
P008601,Anjali Hiremath,Female,1984-08-16,41,Software Engineer,Diploma,Widowed,AB+,Indian,Chamarajanagar,PS0198
P008602,Pooja Verma,Female,1991-01-20,35,Engineer,Diploma,Single,B+,Indian,Bidar,PS0157
P008603,Vinay Poojary,Male,1964-11-25,61,Government Employee,Primary,Widowed,AB+,Indian,Bagalkote,PS0005
P008604,Megha Shetty,Female,2005-04-30,21,Business,Post Graduate,Married,B+,Indian,Bagalkote,PS0015
P008605,Nandini Gowda,Female,1955-12-30,70,Electrician,High School,Divorced,AB-,Indian,Bengaluru Urban,PS0115
P008606,Nandini Naik,Female,1969-10-28,56,Engineer,No Formal Education,Widowed,B-,Indian,Chamarajanagar,PS0212
P008607,Mahesh Kambali,Male,1958-10-28,67,Shop Owner,No Formal Education,Widowed,B+,Indian,Chamarajanagar,PS0224
P008608,Sneha Sharma,Female,1997-07-10,29,Sales Executive,Post Graduate,Widowed,AB-,Indian,Bagalkote,PS0017
P008609,Manoj Angadi,Male,2005-12-11,20,Security Guard,PUC,Single,O-,Indian,Bengaluru Urban,PS0120
P008610,Radhika Hiremath,Female,1959-08-07,66,Software Engineer,Diploma,Single,AB+,Indian,Chamarajanagar,PS0227
P008611,Ajay Singh,Male,1981-07-07,45,Farmer,Primary,Single,B-,Indian,Belagavi,PS0056
P008612,Bhavya Verma,Female,1959-02-05,67,Student,Post Graduate,Single,O+,Indian,Bengaluru Rural,PS0109
P008613,Ravi Joshi,Male,1998-12-30,27,Police,Primary,Single,O+,Indian,Belagavi,PS0054
P008614,Vinay Kumar,Male,1994-05-28,32,Driver,Primary,Divorced,A+,Indian,Chamarajanagar,PS0234
P008615,Manoj Desai,Male,1960-10-26,65,Nurse,PUC,Divorced,A+,Indian,Bengaluru Urban,PS0140
P008616,Megha Desai,Female,1980-08-17,45,Unemployed,Graduate,Single,A-,Indian,Chamarajanagar,PS0226
P008617,Deepa Shetty,Female,1982-10-03,43,Engineer,No Formal Education,Single,O-,Indian,Bidar,PS0165
P008618,Deepa Kumar,Female,1981-04-11,45,Security Guard,PUC,Divorced,O-,Indian,Chamarajanagar,PS0207
P008619,Suraj Reddy,Male,1968-07-28,57,Government Employee,PhD,Single,A-,Indian,Ballari,PS0030
P008620,Nisha Rao,Female,2001-09-23,24,Government Employee,High School,Married,B+,Indian,Chikkaballapura,PS0242
P008621,Manoj Sharma,Male,2000-01-21,26,Farmer,Primary,Widowed,AB+,Indian,Chamarajanagar,PS0209
P008622,Arjun Poojary,Male,1977-08-11,48,Police,High School,Widowed,B+,Indian,Bengaluru Urban,PS0147
P008623,Lakshmi Shetty,Female,1975-01-25,51,Government Employee,Post Graduate,Single,B-,Indian,Bidar,PS0178
P008624,Bhavya Poojary,Female,1967-06-08,59,Security Guard,Diploma,Divorced,B+,Indian,Bengaluru Urban,PS0134
P008625,Geetha Poojary,Female,1970-06-14,56,Teacher,High School,Widowed,AB+,Indian,Bidar,PS0192
P008626,Sneha Pujari,Female,1977-03-13,49,Police,PUC,Divorced,B-,Indian,Bengaluru Urban,PS0148
P008627,Chetan Desai,Male,1958-12-12,67,Business,High School,Married,B+,Indian,Bengaluru Urban,PS0152
P008628,Swathi Desai,Female,1963-12-31,62,Government Employee,Graduate,Married,AB+,Indian,Belagavi,PS0062
P008629,Roopa Reddy,Female,1995-12-11,30,Police,No Formal Education,Single,A-,Indian,Bidar,PS0155
P008630,Suraj Patil,Male,1980-02-13,46,Farmer,High School,Widowed,B-,Indian,Chikkaballapura,PS0237
P008631,Vidya Angadi,Female,1999-03-01,27,Software Engineer,High School,Married,B-,Indian,Bengaluru Urban,PS0120
P008632,Rahul Angadi,Male,1974-10-09,51,Security Guard,PhD,Divorced,A+,Indian,Chamarajanagar,PS0224
P008633,Siddu Angadi,Male,1970-10-22,55,Unemployed,PUC,Widowed,O-,Indian,Bagalkote,PS0014
P008634,Harini Kulkarni,Female,1962-06-12,64,Lawyer,Graduate,Divorced,AB+,Indian,Bengaluru Urban,PS0130
P008635,Megha Joshi,Female,1982-06-12,44,Teacher,PhD,Married,O-,Indian,Bengaluru Rural,PS0077
P008636,Suresh Kambali,Male,1971-11-18,54,Driver,PUC,Married,AB+,Indian,Belagavi,PS0069
P008637,Ramesh Poojary,Male,1986-09-01,39,Software Engineer,PhD,Married,O-,Indian,Ballari,PS0040
P008638,Divya Sharma,Female,1972-07-29,53,Doctor,Primary,Widowed,AB-,Indian,Belagavi,PS0051
P008639,Kiran Patil,Male,1992-09-09,33,Lawyer,Graduate,Widowed,O+,Indian,Bidar,PS0192
P008640,Deepa Verma,Female,1958-02-18,68,Software Engineer,PhD,Single,O-,Indian,Bagalkote,PS0002
P008641,Prakash Angadi,Male,1962-10-16,63,Shop Owner,PUC,Married,B-,Indian,Chamarajanagar,PS0218
P008642,Prakash Desai,Male,1969-12-21,56,Software Engineer,Graduate,Single,A-,Indian,Bengaluru Rural,PS0083
P008643,Naveen Kambali,Male,1982-05-16,44,Farmer,No Formal Education,Married,AB+,Indian,Bagalkote,PS0023
P008644,Rohit Sharma,Male,1994-07-29,31,Business,High School,Single,B+,Indian,Bengaluru Urban,PS0143
P008645,Arjun Reddy,Male,1995-10-30,30,Police,High School,Married,O+,Indian,Bengaluru Urban,PS0139
P008646,Basavaraj Desai,Male,2003-05-09,23,Nurse,Post Graduate,Widowed,B-,Indian,Bidar,PS0176
P008647,Abhishek Poojary,Male,1956-06-24,70,Unemployed,Post Graduate,Divorced,O+,Indian,Bengaluru Urban,PS0132
P008648,Lokesh Angadi,Male,2000-09-20,25,Sales Executive,Graduate,Widowed,A-,Indian,Bengaluru Urban,PS0147
P008649,Lokesh Hiremath,Male,1984-10-14,41,Security Guard,Primary,Single,A+,Indian,Bengaluru Rural,PS0095
P008650,Lokesh Pujari,Male,1982-05-19,44,Security Guard,PUC,Married,AB-,Indian,Bidar,PS0159
P008651,Siddu Hiremath,Male,1976-12-18,49,Teacher,PhD,Divorced,B-,Indian,Bengaluru Urban,PS0111
P008652,Lokesh Desai,Male,1981-01-02,45,Mechanic,Post Graduate,Married,B+,Indian,Belagavi,PS0060
P008653,Pradeep Reddy,Male,1976-10-03,49,Student,Post Graduate,Divorced,B-,Indian,Bidar,PS0159
P008654,Akash Sharma,Male,1990-03-03,36,Unemployed,Primary,Single,O+,Indian,Bengaluru Urban,PS0123
P008655,Megha Naik,Female,1961-08-18,64,Carpenter,Primary,Widowed,AB+,Indian,Bidar,PS0176
P008656,Shreya Hegde,Female,1968-03-17,58,Business,Post Graduate,Divorced,O-,Indian,Belagavi,PS0061
P008657,Suresh Hiremath,Male,1956-09-07,69,Engineer,No Formal Education,Single,AB+,Indian,Bengaluru Rural,PS0083
P008658,Priya Rao,Female,1971-10-22,54,Driver,Post Graduate,Single,A+,Indian,Chamarajanagar,PS0213
P008659,Kusuma Rao,Female,2005-07-12,21,Doctor,PUC,Divorced,O-,Indian,Bagalkote,PS0025
P008660,Kiran Kumar,Male,1987-10-04,38,Business,PUC,Single,B+,Indian,Chikkaballapura,PS0248
P008661,Suraj Joshi,Male,1969-06-21,57,Mechanic,High School,Married,O+,Indian,Bengaluru Urban,PS0151
P008662,Suresh Gowda,Male,1962-08-31,63,Student,PhD,Married,B-,Indian,Bengaluru Urban,PS0128
P008663,Rohit Patil,Male,1963-06-24,63,Engineer,Primary,Divorced,A-,Indian,Bengaluru Rural,PS0098
P008664,Suresh Gowda,Male,1998-12-22,27,Mechanic,Diploma,Widowed,A+,Indian,Chamarajanagar,PS0215
P008665,Roopa Siddiqui,Female,1968-11-08,57,Engineer,PhD,Widowed,O+,Indian,Bagalkote,PS0013
P008666,Roopa Sharma,Female,1964-03-14,62,Engineer,No Formal Education,Divorced,AB-,Indian,Bengaluru Urban,PS0146
P008667,Rohit Angadi,Male,1979-12-25,46,Teacher,High School,Married,O+,Indian,Bengaluru Urban,PS0110
P008668,Sangeetha Sharma,Female,1969-10-02,56,Government Employee,Primary,Divorced,O-,Indian,Bengaluru Rural,PS0100
P008669,Chetan Kulkarni,Male,1956-02-29,70,Government Employee,Post Graduate,Married,B-,Indian,Belagavi,PS0052
P008670,Siddu Patil,Male,1996-02-13,30,Software Engineer,No Formal Education,Divorced,AB+,Indian,Ballari,PS0043
P008671,Sowmya Sharma,Female,1962-06-18,64,Government Employee,Diploma,Married,O+,Indian,Bengaluru Rural,PS0106
P008672,Basavaraj Reddy,Male,1990-09-23,35,Doctor,Post Graduate,Widowed,O+,Indian,Bagalkote,PS0007
P008673,Puneeth Kumar,Male,1998-07-03,28,Business,PhD,Married,B+,Indian,Ballari,PS0032
P008674,Nandini Kulkarni,Female,2003-12-01,22,Lawyer,PUC,Widowed,B-,Indian,Bidar,PS0192
P008675,Harish Gowda,Male,1964-03-04,62,Business,Primary,Single,B+,Indian,Bengaluru Rural,PS0076
P008676,Geetha Verma,Female,2004-10-22,21,Mechanic,High School,Married,B-,Indian,Chamarajanagar,PS0227
P008677,Darshan Hegde,Male,2002-07-12,24,Labour,High School,Married,AB+,Indian,Bagalkote,PS0021
P008678,Darshan Patil,Male,1975-06-06,51,Electrician,High School,Married,O+,Indian,Chikkaballapura,PS0242
P008679,Divya Kumar,Female,1965-11-28,60,Lawyer,Diploma,Married,B-,Indian,Bengaluru Rural,PS0075
P008680,Prakash Desai,Male,1990-01-12,36,Carpenter,PhD,Widowed,O+,Indian,Bagalkote,PS0003
P008681,Puneeth Desai,Male,1964-09-09,61,Teacher,Graduate,Single,O-,Indian,Bengaluru Urban,PS0127
P008682,Nisha Bhat,Female,1970-06-22,56,Farmer,No Formal Education,Divorced,B-,Indian,Ballari,PS0031
P008683,Pradeep Hiremath,Male,1957-05-24,69,Police,Primary,Widowed,O+,Indian,Bidar,PS0191
P008684,Bhavya Singh,Female,2001-05-22,25,Student,High School,Widowed,O-,Indian,Bidar,PS0161
P008685,Sangeetha Kambali,Female,1986-01-01,40,Farmer,Primary,Widowed,O+,Indian,Bengaluru Rural,PS0104
P008686,Anjali Patil,Female,1980-02-24,46,Government Employee,Post Graduate,Divorced,O-,Indian,Chamarajanagar,PS0208
P008687,Shreya Bhat,Female,1993-05-20,33,Security Guard,High School,Widowed,AB-,Indian,Bagalkote,PS0015
P008688,Akash Kambali,Male,1969-05-11,57,Government Employee,PhD,Divorced,O+,Indian,Bengaluru Urban,PS0146
P008689,Rekha Kambali,Female,1971-06-11,55,Carpenter,Diploma,Divorced,O-,Indian,Bengaluru Urban,PS0143
P008690,Nisha Bhat,Female,1981-06-16,45,Sales Executive,High School,Single,A+,Indian,Bidar,PS0183
P008691,Ramesh Poojary,Male,1989-08-30,36,Mechanic,PUC,Divorced,B+,Indian,Bagalkote,PS0006
P008692,Vijay Poojary,Male,1966-07-31,59,Lawyer,High School,Single,AB+,Indian,Bidar,PS0172
P008693,Sangeetha Kulkarni,Female,1975-05-24,51,Carpenter,High School,Single,O-,Indian,Bidar,PS0180
P008694,Naveen Poojary,Male,1967-01-25,59,Nurse,PhD,Widowed,B-,Indian,Bidar,PS0180
P008695,Basavaraj Gowda,Male,1968-01-05,58,Engineer,PUC,Single,AB+,Indian,Bidar,PS0166
P008696,Ramesh Gowda,Male,1998-08-02,27,Sales Executive,No Formal Education,Single,A-,Indian,Bengaluru Urban,PS0152
P008697,Rohit Kulkarni,Male,1972-07-02,54,Driver,PUC,Divorced,A+,Indian,Ballari,PS0041
P008698,Deepa Hegde,Female,1955-11-18,70,Labour,High School,Widowed,A-,Indian,Belagavi,PS0051
P008699,Arjun Desai,Male,1972-12-06,53,Doctor,Graduate,Divorced,AB+,Indian,Bagalkote,PS0007
P008700,Suresh Desai,Male,1995-05-15,31,Nurse,Diploma,Widowed,B+,Indian,Chamarajanagar,PS0205
P008701,Darshan Singh,Male,1983-12-10,42,Doctor,Post Graduate,Divorced,A-,Indian,Chikkaballapura,PS0247
P008702,Mahesh Hegde,Male,1977-06-08,49,Government Employee,PUC,Widowed,A+,Indian,Bengaluru Rural,PS0098
P008703,Pooja Siddiqui,Female,1960-10-19,65,Electrician,Primary,Divorced,B+,Indian,Bengaluru Rural,PS0086
P008704,Ravi Verma,Male,1994-05-04,32,Mechanic,PhD,Single,A+,Indian,Bengaluru Rural,PS0109
P008705,Sanjay Pujari,Male,1985-08-08,40,Lawyer,Graduate,Single,O+,Indian,Chamarajanagar,PS0200
P008706,Basavaraj Hegde,Male,1997-08-06,28,Nurse,PUC,Married,A-,Indian,Bidar,PS0159
P008707,Ramesh Hegde,Male,1981-08-27,44,Business,PUC,Widowed,A+,Indian,Bengaluru Urban,PS0131
P008708,Sneha Kumar,Female,1973-07-13,53,Government Employee,Post Graduate,Single,B+,Indian,Bagalkote,PS0022
P008709,Chetan Poojary,Male,1957-11-16,68,Sales Executive,PUC,Widowed,B-,Indian,Chamarajanagar,PS0194
P008710,Shreya Kambali,Female,1958-11-21,67,Police,Primary,Widowed,O-,Indian,Chamarajanagar,PS0208
P008711,Priya Verma,Female,1956-04-07,70,Lawyer,Post Graduate,Widowed,A+,Indian,Bengaluru Urban,PS0151
P008712,Naveen Hegde,Male,1976-03-19,50,Doctor,Diploma,Married,AB+,Indian,Bengaluru Rural,PS0101
P008713,Radhika Angadi,Female,1961-01-21,65,Nurse,Primary,Divorced,A+,Indian,Bagalkote,PS0005
P008714,Basavaraj Kambali,Male,1994-05-10,32,Unemployed,High School,Widowed,B+,Indian,Belagavi,PS0069
P008715,Naveen Hegde,Male,1984-11-20,41,Sales Executive,Diploma,Single,AB+,Indian,Chamarajanagar,PS0206
P008716,Anitha Gowda,Female,2001-10-09,24,Unemployed,No Formal Education,Widowed,O+,Indian,Bengaluru Urban,PS0144
P008717,Vijay Singh,Male,1975-11-24,50,Lawyer,No Formal Education,Single,O+,Indian,Bagalkote,PS0002
P008718,Suresh Hiremath,Male,1974-07-30,51,Farmer,PUC,Married,B-,Indian,Chamarajanagar,PS0200
P008719,Lakshmi Bhat,Female,1983-12-19,42,Driver,No Formal Education,Divorced,B-,Indian,Bengaluru Urban,PS0151
P008720,Akash Desai,Male,1978-02-15,48,Lawyer,Diploma,Divorced,A-,Indian,Bagalkote,PS0009
P008721,Megha Hiremath,Female,1979-07-11,47,Labour,Primary,Divorced,B+,Indian,Ballari,PS0040
P008722,Harini Naik,Female,1984-05-31,42,Unemployed,Primary,Divorced,O+,Indian,Bengaluru Rural,PS0108
P008723,Megha Siddiqui,Female,1956-08-19,69,Government Employee,Diploma,Single,O-,Indian,Bengaluru Urban,PS0111
P008724,Suresh Kumar,Male,2003-09-09,22,Farmer,High School,Divorced,O-,Indian,Bagalkote,PS0006
P008725,Mahesh Kumar,Male,1968-12-07,57,Unemployed,High School,Married,AB+,Indian,Chikkaballapura,PS0243
P008726,Divya Bhat,Female,1997-09-13,28,Engineer,Post Graduate,Widowed,AB-,Indian,Bengaluru Urban,PS0140
P008727,Geetha Hegde,Female,1957-12-14,68,Student,No Formal Education,Married,A-,Indian,Bengaluru Urban,PS0142
P008728,Radhika Verma,Female,1992-10-22,33,Electrician,PhD,Single,AB+,Indian,Bidar,PS0157
P008729,Roopa Kumar,Female,1962-05-13,64,Nurse,Graduate,Widowed,A-,Indian,Belagavi,PS0046
P008730,Suraj Singh,Male,1991-12-09,34,Teacher,Graduate,Widowed,AB-,Indian,Ballari,PS0040
P008731,Manoj Kulkarni,Male,1960-12-17,65,Labour,High School,Single,B+,Indian,Ballari,PS0032
P008732,Anjali Joshi,Female,1971-01-23,55,Teacher,Diploma,Widowed,AB+,Indian,Bidar,PS0179
P008733,Preethi Poojary,Female,2001-10-13,24,Software Engineer,Primary,Married,O+,Indian,Bidar,PS0182
P008734,Lokesh Joshi,Male,2003-05-31,23,Student,Diploma,Divorced,O+,Indian,Bidar,PS0165
P008735,Naveen Kambali,Male,1958-07-02,68,Engineer,High School,Widowed,B+,Indian,Bidar,PS0188
P008736,Harish Naik,Male,1978-12-02,47,Farmer,Primary,Married,A-,Indian,Bengaluru Rural,PS0092
P008737,Lokesh Gowda,Male,1986-02-05,40,Mechanic,Diploma,Single,B-,Indian,Chamarajanagar,PS0225
P008738,Anitha Siddiqui,Female,1970-02-09,56,Nurse,PUC,Single,B-,Indian,Bagalkote,PS0023
P008739,Preethi Joshi,Female,1993-01-15,33,Student,PhD,Single,B+,Indian,Bengaluru Urban,PS0133
P008740,Sneha Naik,Female,2007-11-22,18,Police,Graduate,Married,B+,Indian,Bengaluru Urban,PS0129
P008741,Lokesh Rao,Male,1965-11-29,60,Doctor,Diploma,Married,B-,Indian,Bengaluru Rural,PS0076
P008742,Rohit Kulkarni,Male,1982-11-19,43,Government Employee,PhD,Single,AB+,Indian,Chamarajanagar,PS0209
P008743,Rohit Shetty,Male,1956-07-20,70,Nurse,No Formal Education,Divorced,B-,Indian,Bengaluru Urban,PS0115
P008744,Kusuma Bhat,Female,1976-12-07,49,Driver,Diploma,Divorced,A-,Indian,Bengaluru Urban,PS0138
P008745,Siddu Angadi,Male,2005-07-28,20,Business,PhD,Divorced,B-,Indian,Bidar,PS0166
P008746,Rahul Verma,Male,1981-04-02,45,Security Guard,Primary,Divorced,O-,Indian,Chamarajanagar,PS0231
P008747,Geetha Joshi,Female,1971-01-09,55,Sales Executive,PUC,Single,A+,Indian,Chikkaballapura,PS0250
P008748,Arjun Naik,Male,2002-10-31,23,Shop Owner,PhD,Single,O+,Indian,Chamarajanagar,PS0198
P008749,Manoj Hiremath,Male,1968-04-04,58,Lawyer,No Formal Education,Single,A-,Indian,Ballari,PS0037
P008750,Pooja Pujari,Female,1956-10-30,69,Doctor,Post Graduate,Single,O-,Indian,Bengaluru Rural,PS0095
P008751,Akash Pujari,Male,1964-05-23,62,Security Guard,PhD,Divorced,A+,Indian,Bidar,PS0187
P008752,Nandini Patil,Female,1961-08-27,64,Mechanic,No Formal Education,Widowed,O+,Indian,Bengaluru Rural,PS0093
P008753,Anitha Gowda,Female,1984-12-26,41,Labour,Graduate,Divorced,B-,Indian,Chamarajanagar,PS0209
P008754,Priya Gowda,Female,1968-06-18,58,Labour,PhD,Single,O+,Indian,Chamarajanagar,PS0206
P008755,Harish Patil,Male,1996-01-12,30,Sales Executive,Graduate,Married,AB-,Indian,Chikkaballapura,PS0245
P008756,Lakshmi Reddy,Female,1993-05-17,33,Farmer,Primary,Widowed,A-,Indian,Bidar,PS0182
P008757,Sunitha Shetty,Female,1965-05-13,61,Mechanic,Graduate,Married,B-,Indian,Bidar,PS0161
P008758,Rahul Bhat,Male,1979-08-18,46,Unemployed,High School,Married,AB+,Indian,Chamarajanagar,PS0198
P008759,Vidya Kambali,Female,1996-12-31,29,Nurse,Primary,Widowed,O+,Indian,Bengaluru Urban,PS0137
P008760,Kiran Kambali,Male,1988-05-21,38,Sales Executive,No Formal Education,Single,A-,Indian,Bengaluru Rural,PS0086
P008761,Shivakumar Hiremath,Male,1969-01-27,57,Engineer,PhD,Married,O-,Indian,Bidar,PS0171
P008762,Bhavya Hegde,Female,1987-03-18,39,Government Employee,Primary,Divorced,AB-,Indian,Chikkaballapura,PS0236
P008763,Pooja Hiremath,Female,1958-11-04,67,Business,Diploma,Single,B-,Indian,Bengaluru Rural,PS0095
P008764,Vidya Hegde,Female,1961-06-11,65,Sales Executive,Post Graduate,Widowed,B-,Indian,Chikkaballapura,PS0248
P008765,Sneha Poojary,Female,1970-04-12,56,Software Engineer,No Formal Education,Widowed,B-,Indian,Bidar,PS0170
P008766,Radhika Sharma,Female,1965-11-08,60,Driver,Primary,Divorced,A-,Indian,Ballari,PS0044
P008767,Rahul Angadi,Male,1964-09-17,61,Driver,High School,Divorced,O+,Indian,Bengaluru Rural,PS0090
P008768,Ramesh Reddy,Male,1963-09-12,62,Student,PUC,Divorced,A+,Indian,Ballari,PS0029
P008769,Keerthi Reddy,Female,1960-01-31,66,Security Guard,Primary,Married,A+,Indian,Belagavi,PS0063
P008770,Rekha Hegde,Female,2007-01-25,19,Police,PhD,Divorced,O+,Indian,Bengaluru Urban,PS0152
P008771,Ganesh Bhat,Male,1983-11-28,42,Police,Graduate,Divorced,O+,Indian,Bengaluru Rural,PS0101
P008772,Lokesh Singh,Male,1989-06-22,37,Driver,PUC,Single,A+,Indian,Belagavi,PS0048
P008773,Shivakumar Verma,Male,1975-11-29,50,Nurse,PUC,Widowed,AB-,Indian,Bengaluru Urban,PS0110
P008774,Sunitha Gowda,Female,2001-06-26,25,Doctor,Graduate,Single,A+,Indian,Chamarajanagar,PS0233
P008775,Nandini Kambali,Female,1975-04-22,51,Business,Post Graduate,Married,O+,Indian,Bengaluru Urban,PS0134
P008776,Suraj Bhat,Male,1990-07-29,35,Lawyer,Graduate,Divorced,O-,Indian,Bengaluru Rural,PS0079
P008777,Nisha Reddy,Female,1960-07-11,66,Engineer,High School,Widowed,O+,Indian,Bengaluru Urban,PS0129
P008778,Megha Shetty,Female,1997-07-24,28,Carpenter,PhD,Single,AB+,Indian,Bengaluru Urban,PS0113
P008779,Akash Kulkarni,Male,1986-05-16,40,Teacher,Primary,Widowed,AB-,Indian,Ballari,PS0043
P008780,Basavaraj Angadi,Male,1999-06-18,27,Security Guard,Diploma,Divorced,O-,Indian,Ballari,PS0044
P008781,Priya Reddy,Female,1984-12-10,41,Shop Owner,Post Graduate,Widowed,AB+,Indian,Bidar,PS0170
P008782,Harish Shetty,Male,1987-05-12,39,Lawyer,Graduate,Married,B-,Indian,Bengaluru Urban,PS0125
P008783,Ajay Kumar,Male,1967-05-28,59,Business,No Formal Education,Single,B+,Indian,Belagavi,PS0055
P008784,Puneeth Hiremath,Male,1980-04-22,46,Business,PhD,Single,AB-,Indian,Chikkaballapura,PS0241
P008785,Kiran Gowda,Male,1968-04-29,58,Police,Diploma,Single,AB+,Indian,Chikkaballapura,PS0243
P008786,Darshan Hiremath,Male,1960-01-13,66,Engineer,Diploma,Single,A-,Indian,Chikkaballapura,PS0249
P008787,Geetha Poojary,Female,1978-05-06,48,Unemployed,Primary,Married,B-,Indian,Bidar,PS0181
P008788,Suraj Hiremath,Male,1988-03-15,38,Farmer,Primary,Single,O+,Indian,Ballari,PS0032
P008789,Priya Shetty,Female,1981-07-26,44,Unemployed,Primary,Single,O+,Indian,Bagalkote,PS0016
P008790,Basavaraj Bhat,Male,1996-01-08,30,Shop Owner,PhD,Widowed,O+,Indian,Chamarajanagar,PS0193
P008791,Lokesh Poojary,Male,1979-06-27,47,Nurse,PhD,Married,A+,Indian,Bidar,PS0191
P008792,Sneha Naik,Female,1998-07-27,27,Shop Owner,High School,Single,B+,Indian,Belagavi,PS0062
P008793,Radhika Kumar,Female,1959-12-26,66,Nurse,Diploma,Widowed,AB+,Indian,Bengaluru Rural,PS0091
P008794,Ravi Poojary,Male,1977-04-01,49,Electrician,Graduate,Widowed,O+,Indian,Bagalkote,PS0006
P008795,Darshan Kulkarni,Male,2001-01-06,25,Sales Executive,PUC,Single,A-,Indian,Bengaluru Urban,PS0130
P008796,Shivakumar Rao,Male,1987-10-26,38,Electrician,High School,Divorced,O+,Indian,Bengaluru Rural,PS0072
P008797,Asha Hegde,Female,1991-08-01,34,Electrician,Diploma,Married,A-,Indian,Bagalkote,PS0020
P008798,Akash Kambali,Male,1964-11-27,61,Software Engineer,Post Graduate,Single,B-,Indian,Bengaluru Rural,PS0107
P008799,Sowmya Shetty,Female,1974-09-03,51,Police,High School,Single,AB+,Indian,Bagalkote,PS0002
P008800,Priya Pujari,Female,1981-04-11,45,Nurse,PhD,Divorced,A+,Indian,Chamarajanagar,PS0195
P008801,Sneha Bhat,Female,2002-06-04,24,Engineer,Primary,Widowed,O-,Indian,Bengaluru Rural,PS0107
P008802,Basavaraj Poojary,Male,1956-12-27,69,Shop Owner,Diploma,Single,AB-,Indian,Bagalkote,PS0025
P008803,Vinay Verma,Male,1964-07-04,62,Doctor,Graduate,Married,O-,Indian,Belagavi,PS0066
P008804,Rekha Kumar,Female,1996-10-14,29,Business,Post Graduate,Single,B-,Indian,Chikkaballapura,PS0248
P008805,Arjun Bhat,Male,1960-01-31,66,Nurse,PUC,Married,B+,Indian,Bengaluru Urban,PS0145
P008806,Mahesh Shetty,Male,2000-06-06,26,Farmer,PhD,Single,A-,Indian,Bidar,PS0175
P008807,Ramesh Kumar,Male,1997-08-07,28,Police,Post Graduate,Widowed,A-,Indian,Bidar,PS0155
P008808,Keerthi Naik,Female,2006-11-21,19,Sales Executive,Post Graduate,Widowed,A-,Indian,Ballari,PS0031
P008809,Pooja Desai,Female,1989-01-22,37,Government Employee,Primary,Divorced,A-,Indian,Bengaluru Rural,PS0077
P008810,Vidya Kambali,Female,1970-08-02,55,Labour,Graduate,Widowed,A+,Indian,Bidar,PS0190
P008811,Harish Rao,Male,1969-07-01,57,Farmer,High School,Widowed,A-,Indian,Chamarajanagar,PS0197
P008812,Rohit Kulkarni,Male,1966-01-24,60,Unemployed,PhD,Single,O+,Indian,Chikkaballapura,PS0245
P008813,Harish Sharma,Male,1964-10-20,61,Labour,PhD,Married,AB+,Indian,Bidar,PS0180
P008814,Ravi Joshi,Male,1967-12-19,58,Labour,PhD,Widowed,A-,Indian,Bengaluru Urban,PS0138
P008815,Sowmya Joshi,Female,1955-11-03,70,Carpenter,Diploma,Divorced,A-,Indian,Chamarajanagar,PS0201
P008816,Rahul Singh,Male,1964-07-01,62,Teacher,Post Graduate,Widowed,B-,Indian,Bidar,PS0161
P008817,Priya Naik,Female,1979-04-08,47,Lawyer,PhD,Widowed,A-,Indian,Belagavi,PS0059
P008818,Sowmya Siddiqui,Female,1966-04-06,60,Government Employee,Primary,Married,AB-,Indian,Chikkaballapura,PS0249
P008819,Ramesh Hiremath,Male,2005-06-28,21,Doctor,PhD,Married,O+,Indian,Ballari,PS0037
P008820,Geetha Joshi,Female,1969-03-30,57,Farmer,Graduate,Single,A-,Indian,Ballari,PS0045
P008821,Pradeep Desai,Male,1960-12-20,65,Student,Primary,Married,B+,Indian,Bidar,PS0186
P008822,Nandini Hegde,Female,1988-11-14,37,Software Engineer,PUC,Married,O-,Indian,Chikkaballapura,PS0247
P008823,Rekha Siddiqui,Female,1996-11-28,29,Police,High School,Widowed,AB+,Indian,Bidar,PS0185
P008824,Suresh Singh,Male,1995-05-22,31,Sales Executive,PUC,Single,A-,Indian,Bidar,PS0186
P008825,Sneha Rao,Female,1985-07-12,41,Teacher,PhD,Divorced,B-,Indian,Belagavi,PS0069
P008826,Kavya Verma,Female,1961-06-30,65,Nurse,High School,Widowed,O+,Indian,Bidar,PS0184
P008827,Asha Poojary,Female,2002-06-01,24,Electrician,Post Graduate,Single,AB-,Indian,Bengaluru Rural,PS0079
P008828,Asha Naik,Female,1975-08-02,50,Doctor,No Formal Education,Widowed,O+,Indian,Chamarajanagar,PS0207
P008829,Sunitha Gowda,Female,1968-10-08,57,Unemployed,PhD,Married,AB+,Indian,Bengaluru Rural,PS0077
P008830,Anjali Rao,Female,1986-10-28,39,Labour,No Formal Education,Single,A-,Indian,Bidar,PS0162
P008831,Vidya Pujari,Female,1956-04-09,70,Nurse,Primary,Single,O+,Indian,Chikkaballapura,PS0245
P008832,Kusuma Hiremath,Female,1987-09-12,38,Student,PUC,Widowed,B-,Indian,Chamarajanagar,PS0203
P008833,Suresh Shetty,Male,1975-05-06,51,Government Employee,Graduate,Single,AB-,Indian,Bagalkote,PS0025
P008834,Lakshmi Patil,Female,1971-08-01,54,Labour,No Formal Education,Married,O-,Indian,Ballari,PS0039
P008835,Bhavya Shetty,Female,1980-05-30,46,Engineer,Post Graduate,Married,O-,Indian,Bidar,PS0156
P008836,Radhika Joshi,Female,1986-12-26,39,Mechanic,PhD,Single,B+,Indian,Bidar,PS0179
P008837,Abhishek Kumar,Male,1997-04-05,29,Doctor,No Formal Education,Divorced,O+,Indian,Bidar,PS0186
P008838,Kavya Kumar,Female,1992-01-07,34,Sales Executive,Diploma,Single,AB-,Indian,Bengaluru Rural,PS0089
P008839,Nandini Angadi,Female,1983-07-20,43,Teacher,Diploma,Single,O-,Indian,Belagavi,PS0053
P008840,Geetha Naik,Female,1983-05-10,43,Software Engineer,No Formal Education,Widowed,AB-,Indian,Ballari,PS0030
P008841,Shreya Joshi,Female,1982-06-20,44,Security Guard,Post Graduate,Married,B+,Indian,Bengaluru Rural,PS0086
P008842,Suraj Kambali,Male,1965-10-07,60,Security Guard,Post Graduate,Divorced,B+,Indian,Bengaluru Rural,PS0071
P008843,Rekha Gowda,Female,1980-05-11,46,Business,Post Graduate,Divorced,AB+,Indian,Bagalkote,PS0015
P008844,Divya Hiremath,Female,1961-09-10,64,Labour,No Formal Education,Single,B+,Indian,Chamarajanagar,PS0215
P008845,Manoj Singh,Male,1984-09-08,41,Labour,PhD,Married,O+,Indian,Bengaluru Rural,PS0077
P008846,Sneha Bhat,Female,1975-07-30,50,Lawyer,Primary,Widowed,A-,Indian,Chamarajanagar,PS0221
P008847,Sowmya Gowda,Female,2003-03-12,23,Unemployed,Post Graduate,Divorced,O+,Indian,Chikkaballapura,PS0235
P008848,Suraj Singh,Male,1968-08-21,57,Farmer,Primary,Married,O+,Indian,Bengaluru Rural,PS0098
P008849,Sunitha Kulkarni,Female,1997-12-18,28,Lawyer,Primary,Married,B+,Indian,Bengaluru Urban,PS0137
P008850,Shreya Poojary,Female,1956-01-23,70,Lawyer,Diploma,Divorced,O-,Indian,Bengaluru Urban,PS0134
P008851,Ravi Desai,Male,2005-08-31,20,Electrician,Primary,Married,A+,Indian,Belagavi,PS0057
P008852,Kavya Kambali,Female,1959-09-10,66,Mechanic,Post Graduate,Married,B-,Indian,Chamarajanagar,PS0226
P008853,Sangeetha Hegde,Female,1998-03-17,28,Farmer,Diploma,Married,O-,Indian,Belagavi,PS0061
P008854,Sanjay Rao,Male,1962-07-10,64,Unemployed,Primary,Married,A-,Indian,Bidar,PS0174
P008855,Naveen Siddiqui,Male,2007-04-16,19,Carpenter,PUC,Divorced,B-,Indian,Bengaluru Urban,PS0131
P008856,Puneeth Bhat,Male,1965-09-13,60,Driver,Post Graduate,Widowed,O+,Indian,Bidar,PS0174
P008857,Darshan Gowda,Male,1993-03-12,33,Shop Owner,Graduate,Widowed,O+,Indian,Bengaluru Urban,PS0146
P008858,Siddu Angadi,Male,1955-04-26,71,Teacher,Graduate,Divorced,A-,Indian,Chamarajanagar,PS0233
P008859,Siddu Reddy,Male,1965-09-04,60,Teacher,No Formal Education,Single,AB-,Indian,Belagavi,PS0060
P008860,Manoj Desai,Male,1963-01-26,63,Carpenter,Graduate,Divorced,B+,Indian,Belagavi,PS0063
P008861,Rekha Verma,Female,1963-03-06,63,Lawyer,Primary,Single,AB+,Indian,Chikkaballapura,PS0242
P008862,Sneha Pujari,Female,2003-02-05,23,Government Employee,Post Graduate,Divorced,O+,Indian,Bidar,PS0189
P008863,Basavaraj Angadi,Male,1957-04-09,69,Lawyer,Graduate,Married,O+,Indian,Belagavi,PS0068
P008864,Naveen Naik,Male,2000-01-11,26,Software Engineer,Diploma,Widowed,AB+,Indian,Bidar,PS0185
P008865,Shivakumar Rao,Male,1998-08-16,27,Teacher,Primary,Single,B+,Indian,Bidar,PS0192
P008866,Ramesh Reddy,Male,1982-03-06,44,Lawyer,Post Graduate,Married,O+,Indian,Belagavi,PS0056
P008867,Sowmya Gowda,Female,1970-09-20,55,Unemployed,Graduate,Divorced,AB+,Indian,Chamarajanagar,PS0209
P008868,Sunitha Hiremath,Female,1995-02-14,31,Carpenter,High School,Widowed,AB-,Indian,Bagalkote,PS0014
P008869,Kavya Gowda,Female,1986-01-27,40,Labour,High School,Divorced,AB+,Indian,Belagavi,PS0054
P008870,Basavaraj Patil,Male,1957-12-01,68,Shop Owner,Primary,Single,O+,Indian,Bengaluru Urban,PS0114
P008871,Pradeep Angadi,Male,1991-11-15,34,Driver,PUC,Divorced,O+,Indian,Chamarajanagar,PS0197
P008872,Ramesh Desai,Male,1963-05-08,63,Carpenter,Primary,Single,A+,Indian,Belagavi,PS0064
P008873,Vinay Joshi,Male,2006-04-19,20,Teacher,Primary,Married,A+,Indian,Bengaluru Urban,PS0115
P008874,Radhika Pujari,Female,1989-08-29,36,Engineer,No Formal Education,Widowed,O-,Indian,Bengaluru Rural,PS0081
P008875,Keerthi Reddy,Female,1987-06-18,39,Software Engineer,Graduate,Widowed,B+,Indian,Ballari,PS0029
P008876,Sanjay Bhat,Male,1999-07-25,26,Labour,Diploma,Widowed,A-,Indian,Bengaluru Rural,PS0106
P008877,Geetha Hegde,Female,1995-12-17,30,Mechanic,Graduate,Single,AB-,Indian,Bidar,PS0176
P008878,Lokesh Kambali,Male,1957-08-06,68,Security Guard,Graduate,Single,AB-,Indian,Bengaluru Rural,PS0077
P008879,Priya Rao,Female,1966-07-01,60,Nurse,Post Graduate,Married,AB-,Indian,Bengaluru Rural,PS0093
P008880,Arjun Sharma,Male,1963-09-14,62,Software Engineer,PUC,Single,O-,Indian,Bidar,PS0168
P008881,Vijay Sharma,Male,1955-01-26,71,Driver,Diploma,Widowed,O-,Indian,Bengaluru Rural,PS0106
P008882,Shreya Angadi,Female,1992-09-04,33,Shop Owner,PhD,Single,O+,Indian,Ballari,PS0030
P008883,Divya Gowda,Female,2000-07-27,25,Engineer,Primary,Single,O-,Indian,Chamarajanagar,PS0212
P008884,Sanjay Angadi,Male,1993-12-04,32,Government Employee,High School,Married,AB+,Indian,Chamarajanagar,PS0222
P008885,Deepa Naik,Female,1985-08-13,40,Sales Executive,No Formal Education,Married,AB+,Indian,Chikkaballapura,PS0243
P008886,Suraj Hiremath,Male,1963-04-28,63,Sales Executive,Primary,Single,A+,Indian,Belagavi,PS0063
P008887,Chetan Siddiqui,Male,1985-09-30,40,Government Employee,No Formal Education,Divorced,B-,Indian,Belagavi,PS0069
P008888,Chetan Bhat,Male,1980-03-13,46,Police,PhD,Divorced,O-,Indian,Belagavi,PS0047
P008889,Kavya Singh,Female,1973-09-02,52,Nurse,Graduate,Married,B+,Indian,Bengaluru Urban,PS0147
P008890,Sangeetha Rao,Female,1988-09-19,37,Security Guard,PUC,Divorced,A-,Indian,Bengaluru Urban,PS0136
P008891,Basavaraj Kulkarni,Male,1967-04-14,59,Software Engineer,Post Graduate,Divorced,A-,Indian,Bengaluru Rural,PS0085
P008892,Deepa Gowda,Female,1993-09-16,32,Electrician,PUC,Married,A+,Indian,Ballari,PS0031
P008893,Megha Gowda,Female,1991-04-02,35,Security Guard,Post Graduate,Divorced,A-,Indian,Bengaluru Urban,PS0119
P008894,Sowmya Patil,Female,1989-07-22,37,Shop Owner,High School,Widowed,B+,Indian,Bidar,PS0184
P008895,Shreya Sharma,Female,1977-03-23,49,Engineer,No Formal Education,Married,B+,Indian,Bengaluru Rural,PS0084
P008896,Kusuma Reddy,Female,1963-03-13,63,Government Employee,PhD,Single,AB-,Indian,Bengaluru Urban,PS0121
P008897,Rekha Rao,Female,1993-06-28,33,Government Employee,PUC,Single,O-,Indian,Bagalkote,PS0018
P008898,Pooja Reddy,Female,1964-05-07,62,Carpenter,High School,Single,B+,Indian,Bidar,PS0172
P008899,Sangeetha Angadi,Female,1976-04-20,50,Labour,No Formal Education,Widowed,A+,Indian,Bengaluru Rural,PS0083
P008900,Lakshmi Angadi,Female,1988-04-09,38,Software Engineer,Primary,Married,A-,Indian,Belagavi,PS0048
P008901,Basavaraj Sharma,Male,2006-01-01,20,Shop Owner,Post Graduate,Widowed,B-,Indian,Bidar,PS0153
P008902,Radhika Bhat,Female,1964-01-04,62,Teacher,PUC,Single,O-,Indian,Chamarajanagar,PS0200
P008903,Bhavya Verma,Female,1982-01-25,44,Carpenter,PUC,Widowed,O-,Indian,Bengaluru Urban,PS0125
P008904,Lokesh Desai,Male,1977-10-01,48,Teacher,High School,Divorced,O+,Indian,Bengaluru Urban,PS0121
P008905,Ganesh Kulkarni,Male,1961-02-03,65,Labour,No Formal Education,Married,A-,Indian,Bengaluru Rural,PS0071
P008906,Rohit Angadi,Male,1962-04-14,64,Electrician,Diploma,Married,B-,Indian,Bengaluru Rural,PS0075
P008907,Suraj Hegde,Male,1979-10-01,46,Engineer,PUC,Married,O-,Indian,Bidar,PS0184
P008908,Anjali Hegde,Female,1977-11-12,48,Labour,Diploma,Married,B+,Indian,Bidar,PS0163
P008909,Deepa Hiremath,Female,1967-06-30,59,Teacher,PhD,Single,B+,Indian,Chamarajanagar,PS0193
P008910,Vinay Bhat,Male,1979-08-28,46,Doctor,Primary,Divorced,O+,Indian,Chamarajanagar,PS0208
P008911,Lokesh Poojary,Male,2000-08-06,25,Business,High School,Divorced,AB-,Indian,Chamarajanagar,PS0204
P008912,Ganesh Naik,Male,1969-11-06,56,Security Guard,Primary,Widowed,O+,Indian,Bagalkote,PS0016
P008913,Shivakumar Joshi,Male,1956-01-27,70,Student,PUC,Widowed,O-,Indian,Bengaluru Urban,PS0135
P008914,Rohit Poojary,Male,1967-12-30,58,Doctor,Graduate,Single,AB+,Indian,Bidar,PS0187
P008915,Sunitha Bhat,Female,1978-03-27,48,Engineer,No Formal Education,Single,AB-,Indian,Bengaluru Urban,PS0145
P008916,Roopa Sharma,Female,1963-02-01,63,Driver,High School,Married,O+,Indian,Bidar,PS0155
P008917,Preethi Shetty,Female,1974-11-20,51,Teacher,PhD,Married,AB+,Indian,Bagalkote,PS0025
P008918,Sunitha Siddiqui,Female,1987-03-17,39,Engineer,PUC,Married,AB+,Indian,Ballari,PS0032
P008919,Shreya Siddiqui,Female,1980-02-14,46,Unemployed,Graduate,Married,B-,Indian,Bengaluru Urban,PS0143
P008920,Shivakumar Hegde,Male,1972-11-15,53,Government Employee,PhD,Divorced,B+,Indian,Bengaluru Urban,PS0124
P008921,Chetan Singh,Male,1994-08-30,31,Doctor,Post Graduate,Divorced,AB+,Indian,Bagalkote,PS0016
P008922,Abhishek Kulkarni,Male,1965-12-06,60,Electrician,Graduate,Divorced,O+,Indian,Bengaluru Urban,PS0133
P008923,Mahesh Gowda,Male,1983-12-19,42,Carpenter,PUC,Divorced,AB-,Indian,Bidar,PS0178
P008924,Harini Pujari,Female,1985-05-03,41,Security Guard,Primary,Single,B-,Indian,Bengaluru Urban,PS0116
P008925,Nandini Verma,Female,1977-08-12,48,Lawyer,Graduate,Divorced,B-,Indian,Bagalkote,PS0004
P008926,Kiran Reddy,Male,1975-01-06,51,Engineer,PUC,Married,A-,Indian,Bengaluru Urban,PS0117
P008927,Kiran Singh,Male,1964-01-30,62,Sales Executive,Post Graduate,Married,AB-,Indian,Bengaluru Urban,PS0139
P008928,Abhishek Hiremath,Male,1995-11-15,30,Business,Primary,Single,B+,Indian,Bidar,PS0178
P008929,Ramesh Naik,Male,1967-11-15,58,Labour,Graduate,Married,A-,Indian,Bengaluru Urban,PS0111
P008930,Arjun Verma,Male,1980-06-05,46,Unemployed,PhD,Single,A+,Indian,Ballari,PS0037
P008931,Asha Pujari,Female,1981-03-03,45,Engineer,Diploma,Married,A+,Indian,Bengaluru Rural,PS0097
P008932,Ravi Desai,Male,1991-09-14,34,Labour,Graduate,Single,AB-,Indian,Bagalkote,PS0025
P008933,Lokesh Sharma,Male,1988-11-30,37,Teacher,High School,Married,B-,Indian,Chikkaballapura,PS0240
P008934,Mahesh Joshi,Male,1993-07-10,33,Security Guard,Graduate,Divorced,AB+,Indian,Bengaluru Urban,PS0121
P008935,Deepa Hiremath,Female,1967-11-17,58,Student,Graduate,Divorced,AB-,Indian,Chikkaballapura,PS0242
P008936,Harish Rao,Male,1968-06-25,58,Software Engineer,PhD,Single,O+,Indian,Bengaluru Urban,PS0138
P008937,Darshan Siddiqui,Male,1960-02-09,66,Government Employee,PhD,Married,O+,Indian,Chamarajanagar,PS0204
P008938,Prakash Shetty,Male,1973-11-03,52,Teacher,No Formal Education,Widowed,O+,Indian,Chamarajanagar,PS0198
P008939,Harish Patil,Male,1985-07-04,41,Engineer,PhD,Single,A-,Indian,Belagavi,PS0052
P008940,Abhishek Gowda,Male,1956-02-14,70,Shop Owner,Diploma,Single,O-,Indian,Bengaluru Urban,PS0119
P008941,Sowmya Pujari,Female,1969-06-07,57,Teacher,High School,Widowed,B+,Indian,Belagavi,PS0052
P008942,Sowmya Hegde,Female,1975-01-30,51,Doctor,PhD,Divorced,O-,Indian,Chamarajanagar,PS0204
P008943,Lakshmi Joshi,Female,1959-10-07,66,Software Engineer,PUC,Widowed,O-,Indian,Belagavi,PS0063
P008944,Keerthi Verma,Female,1956-02-04,70,Business,PhD,Married,O-,Indian,Chikkaballapura,PS0241
P008945,Nandini Patil,Female,2004-10-31,21,Engineer,PUC,Widowed,O-,Indian,Ballari,PS0041
P008946,Pradeep Hiremath,Male,2006-09-28,19,Security Guard,Diploma,Widowed,AB-,Indian,Bengaluru Rural,PS0091
P008947,Rohit Shetty,Male,1972-04-30,54,Carpenter,PhD,Married,B+,Indian,Belagavi,PS0063
P008948,Chetan Angadi,Male,1979-05-21,47,Unemployed,PhD,Single,B-,Indian,Bengaluru Rural,PS0107
P008949,Kavya Singh,Female,1968-08-12,57,Nurse,High School,Divorced,B-,Indian,Bengaluru Urban,PS0150
P008950,Megha Bhat,Female,1961-07-27,64,Lawyer,PhD,Widowed,O-,Indian,Bidar,PS0166
P008951,Swathi Hiremath,Female,2005-10-18,20,Lawyer,Primary,Married,O+,Indian,Belagavi,PS0068
P008952,Ravi Hiremath,Male,2002-03-06,24,Mechanic,No Formal Education,Married,B+,Indian,Chikkaballapura,PS0236
P008953,Harish Angadi,Male,1989-12-27,36,Electrician,Diploma,Single,O-,Indian,Chamarajanagar,PS0193
P008954,Geetha Kulkarni,Female,1966-08-17,59,Carpenter,PUC,Single,B+,Indian,Bidar,PS0166
P008955,Swathi Patil,Female,1983-10-18,42,Student,No Formal Education,Married,A+,Indian,Bidar,PS0163
P008956,Lakshmi Poojary,Female,1991-10-01,34,Engineer,High School,Widowed,O-,Indian,Bidar,PS0185
P008957,Ramesh Sharma,Male,1966-12-15,59,Farmer,Graduate,Married,O+,Indian,Chamarajanagar,PS0230
P008958,Arjun Rao,Male,1966-04-08,60,Mechanic,Graduate,Widowed,O-,Indian,Bengaluru Urban,PS0114
P008959,Nisha Siddiqui,Female,1989-07-03,37,Student,Diploma,Married,B-,Indian,Bidar,PS0178
P008960,Sneha Kambali,Female,1965-03-29,61,Sales Executive,Graduate,Single,O+,Indian,Bidar,PS0158
P008961,Pradeep Hiremath,Male,1981-05-02,45,Sales Executive,Primary,Single,O+,Indian,Bidar,PS0178
P008962,Divya Sharma,Female,1962-07-24,63,Security Guard,Primary,Divorced,B+,Indian,Bagalkote,PS0019
P008963,Keerthi Rao,Female,1956-05-26,70,Sales Executive,Diploma,Widowed,O+,Indian,Bagalkote,PS0001
P008964,Ravi Desai,Male,1981-08-07,44,Nurse,Primary,Single,O-,Indian,Bengaluru Rural,PS0075
P008965,Akash Verma,Male,1995-12-28,30,Unemployed,Diploma,Single,O-,Indian,Bidar,PS0175
P008966,Swathi Hegde,Female,2000-12-19,25,Unemployed,High School,Married,A-,Indian,Belagavi,PS0053
P008967,Rekha Patil,Female,1998-04-18,28,Engineer,Diploma,Single,AB+,Indian,Bengaluru Rural,PS0094
P008968,Ganesh Kulkarni,Male,1992-05-02,34,Teacher,PUC,Married,B-,Indian,Bengaluru Urban,PS0138
P008969,Kiran Desai,Male,1999-09-30,26,Driver,No Formal Education,Single,B-,Indian,Bagalkote,PS0022
P008970,Sneha Bhat,Female,1999-01-29,27,Engineer,Diploma,Single,AB-,Indian,Chikkaballapura,PS0250
P008971,Ramesh Gowda,Male,1998-10-27,27,Electrician,Graduate,Divorced,B+,Indian,Bidar,PS0178
P008972,Chetan Kumar,Male,1972-10-06,53,Software Engineer,High School,Single,AB-,Indian,Chamarajanagar,PS0195
P008973,Anitha Gowda,Female,2004-08-28,21,Business,High School,Married,O+,Indian,Bidar,PS0162
P008974,Basavaraj Kumar,Male,1973-06-17,53,Engineer,PhD,Married,O-,Indian,Bengaluru Urban,PS0143
P008975,Siddu Siddiqui,Male,1991-09-26,34,Lawyer,High School,Divorced,O+,Indian,Chikkaballapura,PS0243
P008976,Manoj Siddiqui,Male,1986-08-30,39,Government Employee,Primary,Married,B-,Indian,Bengaluru Rural,PS0105
P008977,Basavaraj Naik,Male,1992-10-31,33,Student,PUC,Single,B+,Indian,Belagavi,PS0069
P008978,Bhavya Sharma,Female,1962-02-28,64,Doctor,Diploma,Single,B+,Indian,Bidar,PS0178
P008979,Prakash Rao,Male,1959-06-23,67,Mechanic,No Formal Education,Divorced,A+,Indian,Chamarajanagar,PS0206
P008980,Harish Singh,Male,1961-06-20,65,Sales Executive,PhD,Single,B+,Indian,Chamarajanagar,PS0231
P008981,Vijay Patil,Male,1974-08-31,51,Lawyer,Graduate,Divorced,B+,Indian,Bagalkote,PS0025
P008982,Abhishek Rao,Male,1962-08-26,63,Government Employee,PhD,Single,O+,Indian,Bengaluru Rural,PS0106
P008983,Basavaraj Naik,Male,1979-08-10,46,Driver,PhD,Widowed,AB-,Indian,Bagalkote,PS0002
P008984,Swathi Verma,Female,1956-12-06,69,Government Employee,Post Graduate,Married,A-,Indian,Bagalkote,PS0016
P008985,Anjali Singh,Female,1974-08-11,51,Carpenter,No Formal Education,Married,A-,Indian,Bengaluru Rural,PS0075
P008986,Pooja Reddy,Female,1957-01-17,69,Nurse,Primary,Single,AB+,Indian,Bagalkote,PS0007
P008987,Arjun Desai,Male,1980-05-26,46,Carpenter,Graduate,Married,A+,Indian,Bidar,PS0191
P008988,Darshan Hiremath,Male,1977-11-07,48,Doctor,High School,Divorced,AB+,Indian,Bagalkote,PS0013
P008989,Anjali Desai,Female,1963-09-08,62,Unemployed,Diploma,Widowed,AB-,Indian,Bengaluru Urban,PS0139
P008990,Basavaraj Verma,Male,1955-03-22,71,Unemployed,High School,Married,O-,Indian,Bengaluru Urban,PS0110
P008991,Basavaraj Shetty,Male,1975-01-03,51,Driver,PUC,Widowed,O-,Indian,Bengaluru Urban,PS0119
P008992,Geetha Kumar,Female,2004-06-15,22,Security Guard,Graduate,Married,AB+,Indian,Chikkaballapura,PS0245
P008993,Prakash Reddy,Male,1999-07-10,27,Engineer,Primary,Married,AB-,Indian,Bengaluru Rural,PS0092
P008994,Darshan Shetty,Male,1965-10-31,60,Software Engineer,Graduate,Divorced,B+,Indian,Bengaluru Rural,PS0090
P008995,Harini Hiremath,Female,1977-05-27,49,Student,PhD,Single,B-,Indian,Bidar,PS0154
P008996,Abhishek Naik,Male,1991-04-08,35,Doctor,No Formal Education,Divorced,A-,Indian,Ballari,PS0027
P008997,Pradeep Shetty,Male,1960-11-16,65,Teacher,Post Graduate,Single,A+,Indian,Ballari,PS0037
P008998,Suresh Naik,Male,1959-05-10,67,Teacher,Post Graduate,Widowed,AB+,Indian,Bidar,PS0166
P008999,Kusuma Angadi,Female,1997-02-18,29,Sales Executive,No Formal Education,Married,AB+,Indian,Chamarajanagar,PS0207
P009000,Kiran Singh,Male,1975-11-22,50,Unemployed,PUC,Divorced,B-,Indian,Bengaluru Urban,PS0125
P009001,Deepa Verma,Female,1982-12-28,43,Security Guard,No Formal Education,Divorced,O-,Indian,Chikkaballapura,PS0239
P009002,Nandini Reddy,Female,1999-01-20,27,Sales Executive,Primary,Divorced,AB-,Indian,Chamarajanagar,PS0210
P009003,Megha Pujari,Female,2006-08-10,19,Nurse,Diploma,Married,B+,Indian,Bengaluru Rural,PS0079
P009004,Pradeep Joshi,Male,1990-03-07,36,Security Guard,Post Graduate,Married,A-,Indian,Bengaluru Rural,PS0104
P009005,Naveen Kambali,Male,1992-09-20,33,Student,PUC,Married,O+,Indian,Chikkaballapura,PS0240
P009006,Ajay Rao,Male,1959-09-01,66,Unemployed,High School,Widowed,B+,Indian,Chikkaballapura,PS0248
P009007,Siddu Bhat,Male,2000-12-20,25,Teacher,Diploma,Single,A-,Indian,Bagalkote,PS0015
P009008,Sneha Reddy,Female,1995-06-01,31,Business,Primary,Single,A-,Indian,Belagavi,PS0064
P009009,Nisha Rao,Female,1971-05-25,55,Electrician,PhD,Single,AB-,Indian,Ballari,PS0039
P009010,Naveen Kambali,Male,2007-07-10,19,Unemployed,Post Graduate,Widowed,B-,Indian,Bengaluru Rural,PS0079
P009011,Ramesh Naik,Male,1989-10-13,36,Security Guard,PhD,Married,A-,Indian,Bagalkote,PS0021
P009012,Anitha Kambali,Female,1977-06-18,49,Engineer,PhD,Married,AB+,Indian,Chamarajanagar,PS0203
P009013,Rohit Hiremath,Male,1956-10-31,69,Shop Owner,Graduate,Widowed,B-,Indian,Chamarajanagar,PS0222
P009014,Bhavya Angadi,Female,2001-04-06,25,Labour,PhD,Divorced,O-,Indian,Ballari,PS0042
P009015,Rohit Hegde,Male,1980-09-24,45,Teacher,High School,Widowed,A+,Indian,Bengaluru Urban,PS0123
P009016,Deepa Poojary,Female,1995-11-04,30,Driver,No Formal Education,Single,AB-,Indian,Bagalkote,PS0021
P009017,Suresh Kambali,Male,2002-01-30,24,Unemployed,No Formal Education,Widowed,AB+,Indian,Bengaluru Urban,PS0118
P009018,Naveen Sharma,Male,2003-11-15,22,Driver,No Formal Education,Single,O-,Indian,Bengaluru Urban,PS0148
P009019,Shreya Verma,Female,1962-02-06,64,Driver,Diploma,Divorced,A-,Indian,Bengaluru Rural,PS0083
P009020,Prakash Sharma,Male,1955-03-10,71,Unemployed,Primary,Married,O-,Indian,Bidar,PS0187
P009021,Basavaraj Verma,Male,1972-05-07,54,Nurse,Post Graduate,Married,A+,Indian,Bengaluru Urban,PS0146
P009022,Anitha Patil,Female,1999-07-23,27,Teacher,Diploma,Divorced,O-,Indian,Bengaluru Rural,PS0103
P009023,Siddu Hiremath,Male,2007-03-03,19,Labour,PhD,Divorced,AB-,Indian,Bidar,PS0158
P009024,Harish Reddy,Male,1993-09-25,32,Teacher,PUC,Married,AB-,Indian,Bengaluru Urban,PS0126
P009025,Suresh Kulkarni,Male,1987-09-14,38,Carpenter,PhD,Divorced,O-,Indian,Belagavi,PS0050
P009026,Roopa Pujari,Female,1966-01-02,60,Farmer,High School,Single,A+,Indian,Chikkaballapura,PS0248
P009027,Shreya Hegde,Female,1983-05-26,43,Software Engineer,PUC,Single,AB+,Indian,Bengaluru Rural,PS0104
P009028,Vinay Joshi,Male,1972-11-14,53,Unemployed,PUC,Widowed,B+,Indian,Bengaluru Urban,PS0149
P009029,Kusuma Kumar,Female,1997-08-26,28,Software Engineer,PUC,Married,AB-,Indian,Bagalkote,PS0013
P009030,Suraj Shetty,Male,1972-06-28,54,Shop Owner,Diploma,Divorced,B+,Indian,Bidar,PS0167
P009031,Pradeep Patil,Male,2003-11-15,22,Security Guard,No Formal Education,Single,O-,Indian,Bengaluru Urban,PS0136
P009032,Arjun Desai,Male,1973-01-22,53,Government Employee,Primary,Single,O+,Indian,Bagalkote,PS0023
P009033,Ravi Rao,Male,2007-05-29,19,Carpenter,Diploma,Married,AB+,Indian,Chamarajanagar,PS0210
P009034,Sunitha Poojary,Female,1961-12-24,64,Teacher,Diploma,Single,B-,Indian,Bengaluru Rural,PS0095
P009035,Sunitha Gowda,Female,1988-01-10,38,Shop Owner,PhD,Single,AB+,Indian,Ballari,PS0039
P009036,Sanjay Rao,Male,1965-03-22,61,Shop Owner,PhD,Married,B+,Indian,Bengaluru Urban,PS0146
P009037,Puneeth Rao,Male,1984-04-22,42,Farmer,Graduate,Single,O+,Indian,Bengaluru Rural,PS0085
P009038,Ramesh Sharma,Male,1982-05-03,44,Lawyer,No Formal Education,Divorced,B-,Indian,Bagalkote,PS0013
P009039,Vijay Rao,Male,1973-11-04,52,Sales Executive,PhD,Married,B-,Indian,Ballari,PS0036
P009040,Sangeetha Pujari,Female,1960-04-17,66,Carpenter,High School,Divorced,A-,Indian,Ballari,PS0040
P009041,Sowmya Kambali,Female,1956-01-31,70,Carpenter,Graduate,Single,AB-,Indian,Chamarajanagar,PS0214
P009042,Shreya Poojary,Female,1979-08-07,46,Nurse,Diploma,Married,B+,Indian,Ballari,PS0029
P009043,Lakshmi Gowda,Female,1958-05-03,68,Labour,PUC,Widowed,AB+,Indian,Bagalkote,PS0018
P009044,Kavya Joshi,Female,2002-01-02,24,Government Employee,No Formal Education,Divorced,B+,Indian,Chamarajanagar,PS0230
P009045,Ajay Kambali,Male,1964-10-03,61,Unemployed,High School,Divorced,AB+,Indian,Bidar,PS0178
P009046,Shreya Rao,Female,1972-07-19,54,Sales Executive,PhD,Married,A+,Indian,Bagalkote,PS0003
P009047,Sunitha Verma,Female,1958-08-27,67,Farmer,PUC,Single,B-,Indian,Bidar,PS0169
P009048,Shreya Kumar,Female,1979-04-04,47,Security Guard,Primary,Single,O-,Indian,Bengaluru Urban,PS0136
P009049,Priya Hegde,Female,1995-11-03,30,Security Guard,PhD,Married,A-,Indian,Chamarajanagar,PS0209
P009050,Ganesh Gowda,Male,1970-07-19,56,Government Employee,Primary,Married,O+,Indian,Chikkaballapura,PS0249
P009051,Siddu Shetty,Male,1983-06-29,43,Software Engineer,PhD,Divorced,A-,Indian,Bagalkote,PS0023
P009052,Vijay Patil,Male,1966-07-08,60,Teacher,Primary,Single,B-,Indian,Bidar,PS0167
P009053,Radhika Siddiqui,Female,1961-02-06,65,Shop Owner,Post Graduate,Widowed,A+,Indian,Bidar,PS0158
P009054,Priya Angadi,Female,1982-09-05,43,Doctor,Graduate,Widowed,B+,Indian,Bidar,PS0177
P009055,Divya Singh,Female,2005-01-03,21,Carpenter,Diploma,Divorced,B-,Indian,Bengaluru Rural,PS0106
P009056,Preethi Pujari,Female,1961-08-22,64,Engineer,Graduate,Married,AB+,Indian,Bidar,PS0161
P009057,Prakash Sharma,Male,1981-05-14,45,Government Employee,Diploma,Married,B-,Indian,Chikkaballapura,PS0243
P009058,Darshan Kambali,Male,1960-12-02,65,Engineer,PhD,Married,AB+,Indian,Bengaluru Rural,PS0103
P009059,Bhavya Kulkarni,Female,1961-06-01,65,Police,No Formal Education,Widowed,B+,Indian,Bidar,PS0185
P009060,Keerthi Bhat,Female,1983-12-02,42,Police,PUC,Widowed,B+,Indian,Bengaluru Urban,PS0116
P009061,Sangeetha Hiremath,Female,2005-09-10,20,Doctor,PhD,Single,B+,Indian,Bidar,PS0185
P009062,Anjali Hegde,Female,1971-09-09,54,Teacher,PhD,Married,O-,Indian,Bengaluru Urban,PS0124
P009063,Puneeth Patil,Male,1992-02-08,34,Business,Post Graduate,Single,O-,Indian,Bidar,PS0178
P009064,Mahesh Kambali,Male,1960-09-04,65,Business,PUC,Divorced,A-,Indian,Chamarajanagar,PS0232
P009065,Sowmya Naik,Female,1957-08-13,68,Software Engineer,High School,Divorced,AB-,Indian,Ballari,PS0038
P009066,Ramesh Hegde,Male,1995-09-13,30,Shop Owner,PUC,Divorced,AB+,Indian,Bengaluru Rural,PS0108
P009067,Rohit Naik,Male,1972-12-13,53,Carpenter,PhD,Widowed,A-,Indian,Bengaluru Rural,PS0097
P009068,Asha Bhat,Female,1957-01-27,69,Engineer,Graduate,Widowed,O-,Indian,Bidar,PS0174
P009069,Nisha Reddy,Female,1985-08-03,40,Driver,High School,Widowed,A-,Indian,Bagalkote,PS0005
P009070,Rahul Verma,Male,1982-05-13,44,Labour,Graduate,Divorced,A+,Indian,Bengaluru Urban,PS0140
P009071,Deepa Sharma,Female,1955-11-14,70,Driver,No Formal Education,Single,O+,Indian,Chamarajanagar,PS0219
P009072,Vidya Kulkarni,Female,1969-08-06,56,Business,High School,Single,AB+,Indian,Belagavi,PS0046
P009073,Siddu Kumar,Male,1980-12-06,45,Driver,High School,Divorced,O-,Indian,Bengaluru Rural,PS0081
P009074,Ajay Shetty,Male,2001-10-28,24,Electrician,Graduate,Single,A-,Indian,Bengaluru Urban,PS0110
P009075,Mahesh Poojary,Male,1967-05-13,59,Electrician,Graduate,Single,B-,Indian,Chamarajanagar,PS0197
P009076,Puneeth Gowda,Male,1956-12-21,69,Mechanic,Graduate,Widowed,AB-,Indian,Bidar,PS0181
P009077,Rohit Hiremath,Male,1975-04-17,51,Driver,Post Graduate,Divorced,AB+,Indian,Chamarajanagar,PS0229
P009078,Megha Sharma,Female,1963-11-19,62,Student,High School,Single,B+,Indian,Chamarajanagar,PS0224
P009079,Sanjay Poojary,Male,1994-02-01,32,Carpenter,PUC,Divorced,O-,Indian,Ballari,PS0041
P009080,Chetan Poojary,Male,2001-09-28,24,Labour,High School,Single,B+,Indian,Chamarajanagar,PS0209
P009081,Preethi Hiremath,Female,1999-05-25,27,Unemployed,PUC,Divorced,B-,Indian,Bengaluru Urban,PS0145
P009082,Sanjay Joshi,Male,2001-08-14,24,Student,PhD,Divorced,B+,Indian,Bidar,PS0169
P009083,Sowmya Angadi,Female,1955-10-16,70,Farmer,PhD,Divorced,A+,Indian,Belagavi,PS0069
P009084,Harish Poojary,Male,1986-03-27,40,Lawyer,PhD,Divorced,A+,Indian,Bagalkote,PS0018
P009085,Chetan Reddy,Male,1992-07-08,34,Mechanic,Primary,Divorced,O-,Indian,Ballari,PS0037
P009086,Suresh Singh,Male,1982-11-27,43,Student,Post Graduate,Single,A-,Indian,Bagalkote,PS0008
P009087,Rahul Kumar,Male,1973-11-13,52,Security Guard,No Formal Education,Single,O-,Indian,Bidar,PS0185
P009088,Darshan Bhat,Male,1994-10-01,31,Nurse,Graduate,Divorced,AB+,Indian,Chamarajanagar,PS0204
P009089,Kavya Kambali,Female,2003-06-23,23,Shop Owner,Graduate,Single,B-,Indian,Bengaluru Urban,PS0136
P009090,Pooja Reddy,Female,2006-06-08,20,Business,No Formal Education,Divorced,A-,Indian,Chikkaballapura,PS0249
P009091,Ganesh Siddiqui,Male,1981-10-09,44,Shop Owner,High School,Widowed,A+,Indian,Chikkaballapura,PS0244
P009092,Shreya Shetty,Female,1960-01-01,66,Shop Owner,PhD,Married,AB+,Indian,Belagavi,PS0052
P009093,Manoj Shetty,Male,1963-12-12,62,Software Engineer,Post Graduate,Married,AB+,Indian,Bidar,PS0176
P009094,Lokesh Poojary,Male,1992-09-27,33,Mechanic,High School,Divorced,B+,Indian,Bengaluru Urban,PS0127
P009095,Ganesh Naik,Male,1985-10-07,40,Electrician,PhD,Divorced,B-,Indian,Belagavi,PS0047
P009096,Basavaraj Siddiqui,Male,1986-12-19,39,Carpenter,PhD,Divorced,AB-,Indian,Bengaluru Rural,PS0097
P009097,Basavaraj Pujari,Male,1975-07-23,51,Software Engineer,No Formal Education,Widowed,AB-,Indian,Chikkaballapura,PS0237
P009098,Divya Rao,Female,2006-07-27,19,Student,PhD,Divorced,AB+,Indian,Bengaluru Rural,PS0094
P009099,Manoj Hiremath,Male,1998-07-05,28,Security Guard,High School,Single,B+,Indian,Bengaluru Rural,PS0073
P009100,Akash Naik,Male,1967-12-18,58,Police,PhD,Single,B-,Indian,Bengaluru Rural,PS0085
P009101,Chetan Siddiqui,Male,1967-05-19,59,Mechanic,PhD,Single,B+,Indian,Bidar,PS0167
P009102,Priya Gowda,Female,1986-08-04,39,Teacher,No Formal Education,Widowed,A-,Indian,Bagalkote,PS0023
P009103,Abhishek Pujari,Male,1980-10-08,45,Farmer,No Formal Education,Widowed,O-,Indian,Chikkaballapura,PS0236
P009104,Roopa Siddiqui,Female,1996-06-12,30,Carpenter,PUC,Married,B-,Indian,Bidar,PS0162
P009105,Lakshmi Siddiqui,Female,1998-06-15,28,Government Employee,PUC,Widowed,AB+,Indian,Bengaluru Rural,PS0075
P009106,Kiran Verma,Male,2004-01-09,22,Carpenter,PhD,Married,B+,Indian,Bagalkote,PS0010
P009107,Siddu Joshi,Male,1975-01-18,51,Nurse,Primary,Widowed,AB+,Indian,Bengaluru Urban,PS0142
P009108,Puneeth Rao,Male,2004-09-25,21,Engineer,Post Graduate,Single,A-,Indian,Bagalkote,PS0008
P009109,Sanjay Kambali,Male,1964-04-29,62,Government Employee,Diploma,Divorced,AB-,Indian,Chamarajanagar,PS0213
P009110,Pradeep Verma,Male,1983-09-18,42,Business,PhD,Single,A+,Indian,Bengaluru Rural,PS0098
P009111,Anjali Gowda,Female,1970-07-19,56,Business,PUC,Widowed,B+,Indian,Chamarajanagar,PS0230
P009112,Megha Reddy,Female,1961-02-28,65,Nurse,High School,Widowed,O-,Indian,Chamarajanagar,PS0221
P009113,Vijay Kambali,Male,1975-11-22,50,Doctor,PUC,Widowed,AB+,Indian,Bidar,PS0159
P009114,Basavaraj Sharma,Male,1993-09-27,32,Carpenter,PhD,Single,O+,Indian,Bengaluru Rural,PS0071
P009115,Sneha Hiremath,Female,1974-11-16,51,Doctor,No Formal Education,Single,A+,Indian,Bengaluru Rural,PS0086
P009116,Ravi Kulkarni,Male,1986-08-18,39,Lawyer,No Formal Education,Divorced,O-,Indian,Bengaluru Urban,PS0124
P009117,Megha Pujari,Female,1998-08-09,27,Student,PUC,Single,O-,Indian,Bengaluru Urban,PS0135
P009118,Vinay Joshi,Male,1998-05-20,28,Electrician,No Formal Education,Widowed,B+,Indian,Chamarajanagar,PS0198
P009119,Manoj Pujari,Male,1988-03-13,38,Business,PUC,Widowed,B-,Indian,Bengaluru Rural,PS0102
P009120,Sneha Rao,Female,1957-03-20,69,Carpenter,PhD,Widowed,B+,Indian,Chamarajanagar,PS0223
P009121,Pradeep Verma,Male,1969-12-12,56,Nurse,Post Graduate,Married,A-,Indian,Belagavi,PS0054
P009122,Vidya Pujari,Female,1985-06-19,41,Driver,Primary,Widowed,B+,Indian,Bidar,PS0160
P009123,Nisha Angadi,Female,1987-02-16,39,Nurse,PUC,Divorced,O-,Indian,Ballari,PS0043
P009124,Pooja Patil,Female,1977-10-24,48,Business,Diploma,Single,B-,Indian,Ballari,PS0028
P009125,Sneha Desai,Female,2007-06-21,19,Driver,Post Graduate,Married,AB+,Indian,Bidar,PS0171
P009126,Megha Kambali,Female,1973-11-12,52,Student,Diploma,Single,A+,Indian,Belagavi,PS0048
P009127,Megha Hegde,Female,2002-07-13,24,Unemployed,Post Graduate,Single,A-,Indian,Chikkaballapura,PS0249
P009128,Chetan Verma,Male,1998-12-28,27,Driver,Post Graduate,Widowed,AB-,Indian,Chamarajanagar,PS0197
P009129,Bhavya Kambali,Female,1957-02-12,69,Government Employee,PUC,Divorced,AB-,Indian,Chamarajanagar,PS0216
P009130,Geetha Naik,Female,1957-02-02,69,Sales Executive,Primary,Widowed,A+,Indian,Bidar,PS0169
P009131,Deepa Hegde,Female,1958-05-12,68,Driver,Post Graduate,Divorced,O-,Indian,Chamarajanagar,PS0204
P009132,Manoj Rao,Male,1961-11-21,64,Lawyer,Post Graduate,Divorced,B+,Indian,Ballari,PS0045
P009133,Manoj Kumar,Male,1995-01-05,31,Nurse,Graduate,Widowed,O+,Indian,Bagalkote,PS0025
P009134,Sunitha Verma,Female,1986-04-25,40,Mechanic,Primary,Married,AB+,Indian,Bengaluru Rural,PS0092
P009135,Abhishek Bhat,Male,1979-04-25,47,Sales Executive,PhD,Widowed,B+,Indian,Bengaluru Rural,PS0107
P009136,Mahesh Hiremath,Male,1989-07-10,37,Labour,PUC,Widowed,O+,Indian,Chamarajanagar,PS0193
P009137,Akash Kumar,Male,1978-05-30,48,Software Engineer,PhD,Widowed,O+,Indian,Bengaluru Rural,PS0076
P009138,Kusuma Siddiqui,Female,1977-08-29,48,Engineer,Diploma,Divorced,A+,Indian,Ballari,PS0028
P009139,Vidya Siddiqui,Female,1969-12-13,56,Software Engineer,Primary,Single,A-,Indian,Bengaluru Rural,PS0079
P009140,Roopa Kulkarni,Female,1993-06-21,33,Carpenter,High School,Married,O-,Indian,Bengaluru Rural,PS0077
P009141,Chetan Rao,Male,1991-05-11,35,Teacher,Diploma,Single,AB+,Indian,Bagalkote,PS0014
P009142,Nandini Poojary,Female,1974-08-17,51,Business,PUC,Divorced,A+,Indian,Bagalkote,PS0008
P009143,Chetan Verma,Male,2005-04-11,21,Nurse,High School,Widowed,B-,Indian,Bengaluru Rural,PS0090
P009144,Ajay Reddy,Male,1975-07-02,51,Carpenter,No Formal Education,Married,O-,Indian,Bidar,PS0154
P009145,Divya Bhat,Female,1961-05-12,65,Driver,No Formal Education,Single,A-,Indian,Ballari,PS0029
P009146,Mahesh Poojary,Male,1998-08-23,27,Police,Post Graduate,Divorced,B+,Indian,Ballari,PS0027
P009147,Harish Siddiqui,Male,1982-10-26,43,Sales Executive,Post Graduate,Single,A-,Indian,Bidar,PS0189
P009148,Swathi Kambali,Female,1980-05-23,46,Security Guard,PhD,Married,AB+,Indian,Bidar,PS0189
P009149,Rahul Pujari,Male,1964-12-21,61,Doctor,No Formal Education,Divorced,B+,Indian,Bengaluru Urban,PS0144
P009150,Akash Joshi,Male,1956-11-14,69,Government Employee,Post Graduate,Widowed,O-,Indian,Belagavi,PS0055
P009151,Rekha Naik,Female,2002-09-14,23,Nurse,Post Graduate,Divorced,AB-,Indian,Bidar,PS0153
P009152,Vijay Pujari,Male,1972-11-21,53,Sales Executive,PUC,Married,A-,Indian,Bengaluru Urban,PS0122
P009153,Basavaraj Verma,Male,1982-01-22,44,Sales Executive,Post Graduate,Single,B-,Indian,Bagalkote,PS0002
P009154,Arjun Poojary,Male,1994-10-17,31,Sales Executive,PUC,Divorced,B-,Indian,Bengaluru Urban,PS0127
P009155,Sanjay Singh,Male,1978-08-30,47,Doctor,Diploma,Divorced,A-,Indian,Bidar,PS0186
P009156,Vinay Kulkarni,Male,1998-01-19,28,Security Guard,No Formal Education,Married,O-,Indian,Chamarajanagar,PS0197
P009157,Arjun Angadi,Male,1972-09-11,53,Carpenter,High School,Divorced,A-,Indian,Bidar,PS0172
P009158,Rahul Angadi,Male,2002-08-05,23,Sales Executive,Graduate,Divorced,AB+,Indian,Bidar,PS0153
P009159,Nandini Gowda,Female,1955-12-10,70,Electrician,PhD,Divorced,O-,Indian,Ballari,PS0045
P009160,Siddu Naik,Male,1966-11-29,59,Mechanic,No Formal Education,Widowed,A+,Indian,Bengaluru Rural,PS0108
P009161,Ajay Naik,Male,1965-10-20,60,Nurse,PUC,Widowed,A-,Indian,Bengaluru Urban,PS0141
P009162,Rohit Kumar,Male,2002-07-16,24,Business,No Formal Education,Single,AB-,Indian,Chamarajanagar,PS0230
P009163,Naveen Siddiqui,Male,1967-05-20,59,Sales Executive,No Formal Education,Single,AB-,Indian,Bidar,PS0191
P009164,Kavya Pujari,Female,2002-10-19,23,Labour,PUC,Divorced,A-,Indian,Bengaluru Urban,PS0118
P009165,Sneha Kambali,Female,1982-12-22,43,Farmer,Diploma,Divorced,O-,Indian,Bengaluru Rural,PS0108
P009166,Bhavya Angadi,Female,1957-08-07,68,Software Engineer,PhD,Married,B-,Indian,Chamarajanagar,PS0215
P009167,Darshan Reddy,Male,2003-08-28,22,Business,Graduate,Widowed,O+,Indian,Chamarajanagar,PS0219
P009168,Lakshmi Pujari,Female,1975-10-23,50,Business,Graduate,Widowed,B+,Indian,Bengaluru Rural,PS0100
P009169,Anjali Angadi,Female,1986-02-12,40,Doctor,PhD,Widowed,B-,Indian,Bengaluru Urban,PS0138
P009170,Ravi Siddiqui,Male,2007-04-03,19,Driver,PhD,Widowed,AB-,Indian,Chamarajanagar,PS0227
P009171,Sowmya Poojary,Female,2006-01-12,20,Nurse,PhD,Married,O-,Indian,Bidar,PS0175
P009172,Bhavya Kambali,Female,2001-09-16,24,Engineer,Graduate,Widowed,O+,Indian,Ballari,PS0042
P009173,Sneha Naik,Female,1989-03-03,37,Business,Diploma,Widowed,O+,Indian,Chikkaballapura,PS0236
P009174,Kusuma Pujari,Female,1957-02-19,69,Farmer,No Formal Education,Divorced,A-,Indian,Chamarajanagar,PS0210
P009175,Ganesh Bhat,Male,1967-06-12,59,Nurse,Diploma,Single,A+,Indian,Belagavi,PS0061
P009176,Manoj Gowda,Male,1987-10-23,38,Shop Owner,PUC,Divorced,AB-,Indian,Chikkaballapura,PS0241
P009177,Sunitha Kambali,Female,2001-12-10,24,Student,PUC,Divorced,B+,Indian,Bidar,PS0176
P009178,Kusuma Shetty,Female,1995-02-25,31,Police,High School,Widowed,O+,Indian,Bengaluru Urban,PS0122
P009179,Suresh Verma,Male,1958-03-26,68,Nurse,High School,Divorced,A+,Indian,Bagalkote,PS0010
P009180,Shivakumar Poojary,Male,1970-01-18,56,Nurse,Primary,Single,A+,Indian,Chamarajanagar,PS0228
P009181,Shreya Gowda,Female,1988-10-03,37,Security Guard,PUC,Married,B-,Indian,Bengaluru Urban,PS0136
P009182,Puneeth Rao,Male,1993-09-09,32,Government Employee,PUC,Widowed,AB-,Indian,Bengaluru Rural,PS0090
P009183,Sangeetha Gowda,Female,1962-05-09,64,Security Guard,PhD,Married,A-,Indian,Belagavi,PS0056
P009184,Rohit Shetty,Male,1957-01-10,69,Teacher,PhD,Married,B+,Indian,Chikkaballapura,PS0249
P009185,Mahesh Sharma,Male,1961-01-12,65,Government Employee,Diploma,Single,B-,Indian,Ballari,PS0029
P009186,Darshan Verma,Male,1976-10-05,49,Police,Diploma,Single,AB-,Indian,Bagalkote,PS0001
P009187,Nisha Hegde,Female,1981-01-27,45,Labour,High School,Married,B+,Indian,Belagavi,PS0047
P009188,Sunitha Singh,Female,1967-06-24,59,Lawyer,High School,Widowed,O+,Indian,Ballari,PS0032
P009189,Sanjay Kumar,Male,1995-03-26,31,Lawyer,High School,Widowed,O+,Indian,Bengaluru Urban,PS0113
P009190,Ramesh Pujari,Male,1962-07-19,64,Driver,High School,Single,A+,Indian,Bengaluru Rural,PS0082
P009191,Siddu Sharma,Male,1997-05-20,29,Engineer,Post Graduate,Single,B-,Indian,Bidar,PS0173
P009192,Suraj Reddy,Male,1996-02-11,30,Police,PUC,Widowed,A-,Indian,Ballari,PS0029
P009193,Vijay Hiremath,Male,1974-07-09,52,Business,Primary,Divorced,AB-,Indian,Belagavi,PS0068
P009194,Roopa Siddiqui,Female,2007-04-25,19,Sales Executive,Graduate,Single,AB-,Indian,Bengaluru Urban,PS0116
P009195,Vijay Pujari,Male,1985-08-15,40,Shop Owner,PhD,Married,AB-,Indian,Bengaluru Rural,PS0098
P009196,Basavaraj Desai,Male,1996-01-01,30,Doctor,PUC,Married,B+,Indian,Chikkaballapura,PS0245
P009197,Harish Kumar,Male,2006-12-23,19,Student,PUC,Single,B-,Indian,Bengaluru Urban,PS0125
P009198,Bhavya Bhat,Female,1981-02-28,45,Police,No Formal Education,Single,AB-,Indian,Bengaluru Rural,PS0102
P009199,Vijay Hiremath,Male,1985-02-03,41,Shop Owner,PUC,Married,B+,Indian,Chamarajanagar,PS0200
P009200,Deepa Gowda,Female,1956-03-03,70,Farmer,High School,Single,AB+,Indian,Chikkaballapura,PS0247
P009201,Chetan Desai,Male,1981-11-19,44,Carpenter,No Formal Education,Married,A+,Indian,Ballari,PS0042
P009202,Mahesh Verma,Male,2006-08-13,19,Security Guard,Primary,Married,AB+,Indian,Bengaluru Rural,PS0071
P009203,Harini Gowda,Female,1989-03-29,37,Student,Post Graduate,Divorced,O+,Indian,Bagalkote,PS0015
P009204,Manoj Naik,Male,1999-03-24,27,Electrician,PhD,Married,O+,Indian,Chamarajanagar,PS0220
P009205,Pooja Rao,Female,1982-04-02,44,Engineer,Post Graduate,Widowed,O-,Indian,Bengaluru Rural,PS0097
P009206,Vinay Hegde,Male,1972-10-20,53,Shop Owner,Post Graduate,Widowed,O-,Indian,Bengaluru Rural,PS0082
P009207,Harish Rao,Male,1981-11-15,44,Teacher,Primary,Single,B-,Indian,Bengaluru Urban,PS0148
P009208,Mahesh Angadi,Male,2000-04-24,26,Teacher,PUC,Widowed,AB-,Indian,Ballari,PS0045
P009209,Pradeep Bhat,Male,1967-01-01,59,Student,Graduate,Widowed,O+,Indian,Bengaluru Urban,PS0125
P009210,Harish Sharma,Male,1987-02-26,39,Driver,Post Graduate,Widowed,AB-,Indian,Bagalkote,PS0001
P009211,Deepa Shetty,Female,2003-05-14,23,Student,Graduate,Married,A+,Indian,Bengaluru Urban,PS0116
P009212,Mahesh Naik,Male,1955-10-22,70,Student,Diploma,Widowed,A+,Indian,Bagalkote,PS0017
P009213,Anjali Kumar,Female,1957-01-23,69,Farmer,Graduate,Single,A+,Indian,Chikkaballapura,PS0249
P009214,Pooja Desai,Female,1979-05-10,47,Labour,High School,Widowed,A-,Indian,Bidar,PS0182
P009215,Keerthi Kulkarni,Female,1966-08-27,59,Student,Graduate,Married,AB-,Indian,Bagalkote,PS0001
P009216,Divya Kulkarni,Female,1999-08-14,26,Driver,PUC,Widowed,AB+,Indian,Bengaluru Urban,PS0125
P009217,Ajay Verma,Male,1980-05-24,46,Teacher,Graduate,Single,AB-,Indian,Bengaluru Urban,PS0142
P009218,Sunitha Bhat,Female,1993-06-13,33,Carpenter,Primary,Divorced,O+,Indian,Bengaluru Urban,PS0111
P009219,Bhavya Rao,Female,1964-11-17,61,Nurse,No Formal Education,Married,B+,Indian,Bagalkote,PS0015
P009220,Roopa Kambali,Female,2006-05-06,20,Government Employee,Diploma,Single,O-,Indian,Bengaluru Rural,PS0095
P009221,Suresh Sharma,Male,1986-12-18,39,Teacher,High School,Single,B+,Indian,Bengaluru Rural,PS0089
P009222,Kiran Bhat,Male,1972-04-11,54,Engineer,High School,Divorced,B+,Indian,Bengaluru Rural,PS0106
P009223,Rahul Siddiqui,Male,1966-05-16,60,Security Guard,No Formal Education,Divorced,B+,Indian,Belagavi,PS0063
P009224,Preethi Kambali,Female,1959-01-27,67,Shop Owner,PhD,Married,AB-,Indian,Chamarajanagar,PS0233
P009225,Ajay Desai,Male,1999-06-03,27,Student,PhD,Divorced,A+,Indian,Bidar,PS0184
P009226,Divya Desai,Female,1961-01-16,65,Police,Primary,Married,A-,Indian,Bengaluru Rural,PS0095
P009227,Sowmya Kambali,Female,2002-12-24,23,Mechanic,Primary,Widowed,B+,Indian,Bidar,PS0190
P009228,Shreya Desai,Female,2000-07-29,25,Government Employee,Diploma,Married,B+,Indian,Bidar,PS0192
P009229,Shivakumar Sharma,Male,2002-07-24,23,Electrician,Diploma,Divorced,O+,Indian,Belagavi,PS0064
P009230,Rohit Verma,Male,2005-12-13,20,Carpenter,Diploma,Divorced,O-,Indian,Bagalkote,PS0006
P009231,Darshan Reddy,Male,1994-07-28,31,Student,Diploma,Divorced,AB+,Indian,Chamarajanagar,PS0219
P009232,Prakash Rao,Male,1989-08-23,36,Farmer,Diploma,Divorced,A-,Indian,Chamarajanagar,PS0234
P009233,Rohit Sharma,Male,1968-07-23,58,Farmer,Primary,Widowed,O-,Indian,Bengaluru Rural,PS0097
P009234,Suraj Hiremath,Male,1964-04-28,62,Software Engineer,Post Graduate,Single,A+,Indian,Bidar,PS0172
P009235,Vinay Patil,Male,1993-09-28,32,Engineer,PhD,Widowed,AB-,Indian,Chamarajanagar,PS0200
P009236,Suresh Bhat,Male,1960-02-01,66,Labour,Diploma,Single,A+,Indian,Chikkaballapura,PS0246
P009237,Harini Bhat,Female,1981-05-28,45,Software Engineer,Primary,Married,B+,Indian,Chamarajanagar,PS0216
P009238,Vidya Patil,Female,1978-06-20,48,Driver,Primary,Single,O+,Indian,Bidar,PS0162
P009239,Vidya Bhat,Female,1997-09-04,28,Driver,Diploma,Married,B+,Indian,Bengaluru Urban,PS0136
P009240,Vidya Angadi,Female,1983-11-09,42,Government Employee,Diploma,Divorced,A-,Indian,Bengaluru Urban,PS0146
P009241,Ramesh Poojary,Male,1986-07-21,40,Security Guard,PUC,Married,AB+,Indian,Bidar,PS0159
P009242,Vidya Kambali,Female,1971-10-12,54,Business,Primary,Widowed,A-,Indian,Bidar,PS0156
P009243,Preethi Joshi,Female,1989-05-19,37,Sales Executive,Graduate,Widowed,B+,Indian,Bagalkote,PS0017
P009244,Suraj Siddiqui,Male,1995-12-05,30,Labour,No Formal Education,Widowed,B+,Indian,Chamarajanagar,PS0227
P009245,Nandini Hiremath,Female,1994-09-13,31,Software Engineer,Primary,Married,A-,Indian,Bengaluru Urban,PS0148
P009246,Sangeetha Joshi,Female,1992-07-11,34,Business,Post Graduate,Widowed,O+,Indian,Chikkaballapura,PS0240
P009247,Kiran Rao,Male,1993-12-03,32,Student,Post Graduate,Married,AB+,Indian,Chikkaballapura,PS0248
P009248,Asha Verma,Female,1971-06-09,55,Government Employee,High School,Divorced,AB-,Indian,Chamarajanagar,PS0230
P009249,Roopa Poojary,Female,1989-12-20,36,Unemployed,PhD,Divorced,A-,Indian,Chamarajanagar,PS0234
P009250,Lokesh Bhat,Male,2002-06-01,24,Security Guard,PUC,Married,B-,Indian,Ballari,PS0030
P009251,Sunitha Rao,Female,2005-10-14,20,Labour,No Formal Education,Single,AB+,Indian,Bengaluru Urban,PS0118
P009252,Nandini Naik,Female,1987-09-12,38,Security Guard,PhD,Widowed,A-,Indian,Bengaluru Urban,PS0128
P009253,Anitha Joshi,Female,1984-06-14,42,Unemployed,Graduate,Widowed,A-,Indian,Chamarajanagar,PS0222
P009254,Kavya Angadi,Female,1995-10-05,30,Sales Executive,Diploma,Single,AB+,Indian,Bidar,PS0178
P009255,Siddu Patil,Male,1989-02-17,37,Lawyer,No Formal Education,Divorced,B-,Indian,Bengaluru Urban,PS0136
P009256,Sneha Angadi,Female,1974-10-30,51,Driver,High School,Widowed,O+,Indian,Bengaluru Rural,PS0098
P009257,Lakshmi Gowda,Female,1984-03-17,42,Sales Executive,High School,Single,O+,Indian,Bengaluru Urban,PS0137
P009258,Swathi Sharma,Female,1966-08-11,59,Labour,Primary,Widowed,A-,Indian,Bidar,PS0183
P009259,Vidya Joshi,Female,2006-05-19,20,Security Guard,PUC,Divorced,AB-,Indian,Bidar,PS0180
P009260,Akash Verma,Male,1963-12-24,62,Mechanic,No Formal Education,Divorced,AB-,Indian,Bengaluru Rural,PS0091
P009261,Kusuma Poojary,Female,1959-07-24,66,Engineer,Post Graduate,Widowed,B-,Indian,Ballari,PS0034
P009262,Chetan Patil,Male,2005-06-22,21,Labour,High School,Single,AB-,Indian,Bengaluru Rural,PS0081
P009263,Anitha Sharma,Female,1975-11-12,50,Nurse,Diploma,Single,O-,Indian,Bagalkote,PS0014
P009264,Sneha Kambali,Female,1969-06-11,57,Sales Executive,Primary,Married,B+,Indian,Bengaluru Urban,PS0149
P009265,Nisha Naik,Female,1956-10-05,69,Security Guard,Post Graduate,Widowed,B+,Indian,Chikkaballapura,PS0245
P009266,Megha Gowda,Female,1994-06-22,32,Government Employee,Diploma,Single,O+,Indian,Bengaluru Urban,PS0129
P009267,Rahul Joshi,Male,1974-05-16,52,Driver,Primary,Married,O-,Indian,Chamarajanagar,PS0219
P009268,Lakshmi Naik,Female,1995-11-06,30,Sales Executive,Diploma,Married,O-,Indian,Bidar,PS0177
P009269,Lakshmi Poojary,Female,2003-11-11,22,Shop Owner,PhD,Married,AB+,Indian,Bengaluru Rural,PS0105
P009270,Harish Kulkarni,Male,1999-12-16,26,Doctor,Diploma,Single,O+,Indian,Belagavi,PS0046
P009271,Geetha Gowda,Female,1984-09-28,41,Shop Owner,No Formal Education,Divorced,B-,Indian,Chamarajanagar,PS0217
P009272,Suresh Bhat,Male,1994-08-01,31,Engineer,Graduate,Divorced,O-,Indian,Bengaluru Urban,PS0149
P009273,Lakshmi Joshi,Female,1958-03-22,68,Government Employee,PUC,Married,AB+,Indian,Chamarajanagar,PS0195
P009274,Bhavya Kambali,Female,2000-11-21,25,Security Guard,PUC,Married,B+,Indian,Ballari,PS0030
P009275,Chetan Poojary,Male,1962-10-25,63,Engineer,High School,Married,A-,Indian,Bidar,PS0188
P009276,Kavya Rao,Female,1973-03-15,53,Lawyer,PhD,Widowed,AB-,Indian,Bidar,PS0158
P009277,Ramesh Desai,Male,1994-09-19,31,Shop Owner,PUC,Divorced,AB+,Indian,Bidar,PS0162
P009278,Asha Hiremath,Female,1957-11-25,68,Shop Owner,Post Graduate,Widowed,A-,Indian,Belagavi,PS0059
P009279,Ganesh Patil,Male,1975-11-06,50,Farmer,Primary,Widowed,O-,Indian,Bidar,PS0169
P009280,Roopa Joshi,Female,1995-07-21,31,Carpenter,PUC,Married,AB-,Indian,Chikkaballapura,PS0247
P009281,Bhavya Sharma,Female,2001-07-06,25,Mechanic,High School,Married,B+,Indian,Bidar,PS0185
P009282,Priya Desai,Female,2007-01-28,19,Government Employee,PhD,Widowed,O-,Indian,Chamarajanagar,PS0206
P009283,Arjun Kambali,Male,1983-01-06,43,Driver,Graduate,Single,O-,Indian,Chamarajanagar,PS0210
P009284,Kavya Siddiqui,Female,1967-07-22,59,Business,Post Graduate,Single,A+,Indian,Bidar,PS0184
P009285,Kusuma Singh,Female,1975-10-06,50,Nurse,PUC,Married,A+,Indian,Bagalkote,PS0020
P009286,Prakash Bhat,Male,1988-09-12,37,Doctor,High School,Single,AB+,Indian,Bagalkote,PS0021
P009287,Puneeth Shetty,Male,1971-04-28,55,Shop Owner,Post Graduate,Widowed,B-,Indian,Bidar,PS0164
P009288,Darshan Hiremath,Male,1978-05-04,48,Farmer,Diploma,Married,O+,Indian,Bidar,PS0177
P009289,Roopa Naik,Female,1965-08-06,60,Shop Owner,Graduate,Single,B+,Indian,Bengaluru Rural,PS0084
P009290,Akash Siddiqui,Male,1974-01-25,52,Doctor,Graduate,Married,A-,Indian,Belagavi,PS0052
P009291,Sanjay Singh,Male,1961-04-07,65,Teacher,Diploma,Married,A+,Indian,Bengaluru Rural,PS0091
P009292,Ravi Bhat,Male,1975-10-05,50,Carpenter,PhD,Married,A+,Indian,Belagavi,PS0055
P009293,Suresh Hegde,Male,1997-03-29,29,Teacher,PhD,Married,A+,Indian,Chikkaballapura,PS0250
P009294,Suresh Hegde,Male,2004-07-31,21,Electrician,Graduate,Widowed,B-,Indian,Belagavi,PS0068
P009295,Darshan Joshi,Male,1986-01-17,40,Electrician,No Formal Education,Divorced,B-,Indian,Bengaluru Urban,PS0151
P009296,Priya Desai,Female,1984-05-09,42,Labour,Primary,Divorced,AB+,Indian,Bengaluru Rural,PS0079
P009297,Siddu Angadi,Male,2001-09-14,24,Software Engineer,High School,Single,O-,Indian,Bidar,PS0185
P009298,Pooja Siddiqui,Female,2005-10-14,20,Labour,High School,Married,B+,Indian,Bengaluru Urban,PS0111
P009299,Puneeth Bhat,Male,1991-12-22,34,Government Employee,Primary,Divorced,AB+,Indian,Belagavi,PS0057
P009300,Divya Verma,Female,1972-01-05,54,Teacher,PhD,Divorced,B-,Indian,Bengaluru Urban,PS0127
P009301,Darshan Verma,Male,1990-05-19,36,Nurse,PhD,Divorced,A+,Indian,Bengaluru Urban,PS0120
P009302,Kiran Siddiqui,Male,2001-07-27,24,Electrician,PhD,Widowed,O+,Indian,Bengaluru Urban,PS0150
P009303,Lakshmi Kulkarni,Female,2006-04-21,20,Nurse,No Formal Education,Widowed,A-,Indian,Belagavi,PS0048
P009304,Ajay Gowda,Male,2004-05-05,22,Lawyer,PhD,Widowed,AB-,Indian,Belagavi,PS0046
P009305,Rahul Kulkarni,Male,1989-03-24,37,Driver,High School,Divorced,O-,Indian,Bengaluru Urban,PS0117
P009306,Ravi Gowda,Male,1971-10-28,54,Mechanic,Primary,Divorced,B-,Indian,Bagalkote,PS0001
P009307,Anjali Gowda,Female,1980-09-16,45,Carpenter,High School,Widowed,A+,Indian,Belagavi,PS0057
P009308,Sangeetha Gowda,Female,1957-05-07,69,Sales Executive,Graduate,Single,O-,Indian,Ballari,PS0029
P009309,Swathi Patil,Female,1969-06-09,57,Doctor,PhD,Single,O+,Indian,Bengaluru Rural,PS0070
P009310,Nandini Verma,Female,1982-04-20,44,Mechanic,Primary,Married,A+,Indian,Chamarajanagar,PS0214
P009311,Mahesh Rao,Male,1993-08-25,32,Mechanic,Diploma,Married,O+,Indian,Bidar,PS0155
P009312,Ramesh Singh,Male,1962-05-11,64,Shop Owner,Primary,Married,AB-,Indian,Belagavi,PS0057
P009313,Radhika Singh,Female,1987-08-22,38,Sales Executive,High School,Widowed,B+,Indian,Bengaluru Rural,PS0107
P009314,Geetha Kambali,Female,1965-01-31,61,Mechanic,Diploma,Single,AB+,Indian,Belagavi,PS0057
P009315,Bhavya Shetty,Female,1976-04-12,50,Mechanic,No Formal Education,Married,O+,Indian,Bagalkote,PS0025
P009316,Kavya Angadi,Female,1980-12-18,45,Labour,Primary,Widowed,O-,Indian,Chikkaballapura,PS0239
P009317,Divya Singh,Female,1979-12-25,46,Doctor,Primary,Divorced,O+,Indian,Bagalkote,PS0024
P009318,Ajay Hiremath,Male,2006-11-29,19,Doctor,High School,Married,O+,Indian,Chikkaballapura,PS0250
P009319,Abhishek Patil,Male,1968-03-14,58,Mechanic,No Formal Education,Married,O-,Indian,Chamarajanagar,PS0202
P009320,Basavaraj Reddy,Male,1974-01-23,52,Electrician,PhD,Married,A+,Indian,Chikkaballapura,PS0241
P009321,Nandini Sharma,Female,2003-04-15,23,Labour,Post Graduate,Widowed,AB-,Indian,Chikkaballapura,PS0242
P009322,Lokesh Singh,Male,1988-08-02,37,Business,PhD,Widowed,O-,Indian,Bengaluru Urban,PS0138
P009323,Vijay Angadi,Male,1970-07-12,56,Government Employee,Diploma,Single,AB+,Indian,Bagalkote,PS0022
P009324,Ravi Sharma,Male,1994-09-10,31,Carpenter,No Formal Education,Divorced,B-,Indian,Bengaluru Rural,PS0103
P009325,Ravi Siddiqui,Male,1972-03-23,54,Business,Post Graduate,Single,A-,Indian,Chamarajanagar,PS0193
P009326,Shreya Poojary,Female,1965-01-13,61,Software Engineer,Primary,Single,B+,Indian,Bengaluru Urban,PS0137
P009327,Kavya Sharma,Female,1969-04-13,57,Driver,Diploma,Single,B-,Indian,Bidar,PS0168
P009328,Kavya Bhat,Female,1972-07-08,54,Sales Executive,Diploma,Divorced,AB-,Indian,Chamarajanagar,PS0202
P009329,Anitha Desai,Female,1994-02-21,32,Police,Diploma,Single,A-,Indian,Bagalkote,PS0005
P009330,Vinay Hegde,Male,2000-06-23,26,Lawyer,High School,Widowed,O-,Indian,Chamarajanagar,PS0221
P009331,Preethi Bhat,Female,1995-07-13,31,Unemployed,High School,Married,O-,Indian,Bidar,PS0164
P009332,Rohit Hiremath,Male,1968-07-13,58,Lawyer,Post Graduate,Widowed,AB-,Indian,Bengaluru Urban,PS0147
P009333,Nandini Angadi,Female,1989-05-08,37,Business,PUC,Widowed,A-,Indian,Bagalkote,PS0003
P009334,Lokesh Rao,Male,1983-08-20,42,Farmer,PhD,Single,O-,Indian,Chamarajanagar,PS0213
P009335,Suresh Hegde,Male,1959-09-29,66,Mechanic,Primary,Widowed,A+,Indian,Ballari,PS0043
P009336,Basavaraj Verma,Male,1990-06-23,36,Doctor,PUC,Divorced,B+,Indian,Belagavi,PS0052
P009337,Sneha Kambali,Female,1964-03-25,62,Labour,Diploma,Divorced,B-,Indian,Ballari,PS0045
P009338,Swathi Hegde,Female,1981-09-08,44,Driver,PhD,Married,AB+,Indian,Chamarajanagar,PS0222
P009339,Anitha Verma,Female,1986-01-09,40,Business,PhD,Married,A+,Indian,Bengaluru Rural,PS0070
P009340,Suraj Pujari,Male,1968-04-16,58,Unemployed,High School,Married,O-,Indian,Bengaluru Rural,PS0072
P009341,Prakash Hiremath,Male,1989-03-12,37,Shop Owner,Post Graduate,Divorced,A+,Indian,Bengaluru Urban,PS0141
P009342,Shreya Kumar,Female,1965-10-29,60,Doctor,Post Graduate,Divorced,AB-,Indian,Chamarajanagar,PS0212
P009343,Deepa Naik,Female,1962-04-26,64,Software Engineer,No Formal Education,Married,AB-,Indian,Ballari,PS0032
P009344,Deepa Kambali,Female,1964-03-26,62,Shop Owner,No Formal Education,Single,O+,Indian,Bagalkote,PS0025
P009345,Anitha Kumar,Female,1986-11-22,39,Labour,PhD,Widowed,B+,Indian,Chamarajanagar,PS0209
P009346,Ramesh Singh,Male,1956-08-03,69,Engineer,Diploma,Married,A+,Indian,Ballari,PS0034
P009347,Puneeth Singh,Male,1977-01-14,49,Unemployed,PUC,Widowed,B+,Indian,Bengaluru Rural,PS0082
P009348,Suresh Hiremath,Male,1965-03-26,61,Student,PhD,Widowed,B+,Indian,Belagavi,PS0056
P009349,Sanjay Naik,Male,1989-05-25,37,Business,No Formal Education,Single,O+,Indian,Bengaluru Urban,PS0126
P009350,Divya Singh,Female,2003-10-07,22,Engineer,No Formal Education,Divorced,O-,Indian,Bidar,PS0172
P009351,Kiran Hegde,Male,1972-11-10,53,Carpenter,PhD,Single,A+,Indian,Chamarajanagar,PS0231
P009352,Naveen Pujari,Male,1995-05-15,31,Doctor,PhD,Single,B+,Indian,Bidar,PS0183
P009353,Arjun Kulkarni,Male,1984-05-22,42,Software Engineer,No Formal Education,Single,O-,Indian,Chamarajanagar,PS0210
P009354,Arjun Siddiqui,Male,1984-02-22,42,Driver,Diploma,Married,B-,Indian,Ballari,PS0034
P009355,Prakash Kulkarni,Male,1978-10-03,47,Business,PUC,Divorced,B+,Indian,Bengaluru Urban,PS0139
P009356,Akash Siddiqui,Male,1962-07-07,64,Driver,Diploma,Married,A+,Indian,Chamarajanagar,PS0206
P009357,Naveen Pujari,Male,1973-03-13,53,Police,No Formal Education,Married,O+,Indian,Bagalkote,PS0007
P009358,Vijay Patil,Male,1967-07-13,59,Government Employee,Post Graduate,Single,AB+,Indian,Bidar,PS0155
P009359,Anitha Joshi,Female,1981-09-29,44,Government Employee,PUC,Single,A-,Indian,Bengaluru Urban,PS0141
P009360,Siddu Kumar,Male,1994-11-30,31,Shop Owner,No Formal Education,Widowed,O+,Indian,Bengaluru Rural,PS0072
P009361,Nandini Pujari,Female,1982-05-11,44,Carpenter,PUC,Married,AB+,Indian,Bengaluru Urban,PS0116
P009362,Puneeth Sharma,Male,1986-06-16,40,Sales Executive,Diploma,Married,O-,Indian,Bidar,PS0160
P009363,Abhishek Reddy,Male,1961-08-07,64,Mechanic,No Formal Education,Married,B-,Indian,Bengaluru Rural,PS0087
P009364,Kusuma Reddy,Female,1973-05-10,53,Nurse,PUC,Widowed,AB-,Indian,Ballari,PS0030
P009365,Suresh Kumar,Male,1983-01-25,43,Engineer,PUC,Married,AB-,Indian,Chikkaballapura,PS0239
P009366,Basavaraj Naik,Male,1990-06-12,36,Police,PhD,Divorced,AB-,Indian,Belagavi,PS0056
P009367,Anitha Sharma,Female,1992-01-03,34,Driver,Graduate,Married,A+,Indian,Ballari,PS0027
P009368,Ajay Siddiqui,Male,1966-04-10,60,Labour,No Formal Education,Married,O-,Indian,Bagalkote,PS0012
P009369,Akash Patil,Male,1991-01-06,35,Unemployed,High School,Widowed,B+,Indian,Bagalkote,PS0007
P009370,Priya Patil,Female,1971-07-19,55,Unemployed,Diploma,Single,A+,Indian,Chamarajanagar,PS0216
P009371,Swathi Reddy,Female,1961-04-04,65,Student,High School,Married,AB+,Indian,Bengaluru Rural,PS0091
P009372,Sanjay Hiremath,Male,1992-01-15,34,Software Engineer,Post Graduate,Widowed,AB-,Indian,Chikkaballapura,PS0235
P009373,Asha Kulkarni,Female,2002-01-02,24,Doctor,PhD,Single,B-,Indian,Bidar,PS0173
P009374,Vijay Shetty,Male,1968-01-06,58,Shop Owner,Diploma,Divorced,B+,Indian,Bidar,PS0171
P009375,Kiran Rao,Male,2003-11-17,22,Electrician,PUC,Married,B+,Indian,Belagavi,PS0059
P009376,Abhishek Sharma,Male,1975-08-31,50,Engineer,No Formal Education,Single,AB+,Indian,Ballari,PS0044
P009377,Lokesh Hegde,Male,1988-09-04,37,Student,PUC,Single,B+,Indian,Bidar,PS0175
P009378,Darshan Kumar,Male,2007-02-26,19,Carpenter,PhD,Married,A+,Indian,Bengaluru Urban,PS0141
P009379,Rahul Verma,Male,1986-11-24,39,Teacher,No Formal Education,Single,B+,Indian,Belagavi,PS0069
P009380,Deepa Desai,Female,1974-01-04,52,Doctor,Post Graduate,Single,O+,Indian,Bagalkote,PS0006
P009381,Vijay Siddiqui,Male,1965-07-03,61,Lawyer,PUC,Widowed,AB+,Indian,Belagavi,PS0048
P009382,Nisha Poojary,Female,1977-01-12,49,Student,Graduate,Married,AB-,Indian,Ballari,PS0028
P009383,Sneha Poojary,Female,1992-02-10,34,Police,No Formal Education,Single,O-,Indian,Bidar,PS0167
P009384,Sunitha Sharma,Female,1971-09-24,54,Carpenter,High School,Widowed,B-,Indian,Chikkaballapura,PS0237
P009385,Bhavya Poojary,Female,1978-03-20,48,Shop Owner,Primary,Married,A-,Indian,Bengaluru Urban,PS0134
P009386,Sneha Kumar,Female,1975-09-22,50,Government Employee,Graduate,Widowed,AB+,Indian,Bidar,PS0184
P009387,Basavaraj Bhat,Male,1977-04-08,49,Doctor,Diploma,Single,A-,Indian,Bagalkote,PS0006
P009388,Sanjay Pujari,Male,2005-04-28,21,Government Employee,Diploma,Married,AB-,Indian,Belagavi,PS0064
P009389,Pradeep Rao,Male,1996-06-11,30,Farmer,Diploma,Married,AB+,Indian,Bidar,PS0176
P009390,Basavaraj Kambali,Male,2002-10-28,23,Mechanic,Graduate,Widowed,B-,Indian,Chamarajanagar,PS0233
P009391,Akash Kambali,Male,1985-02-10,41,Teacher,Primary,Married,A+,Indian,Bidar,PS0168
P009392,Siddu Bhat,Male,1963-02-18,63,Nurse,Diploma,Divorced,A-,Indian,Bengaluru Rural,PS0088
P009393,Deepa Hiremath,Female,1991-05-12,35,Lawyer,PhD,Single,B-,Indian,Bengaluru Rural,PS0091
P009394,Kiran Pujari,Male,1996-07-22,30,Student,PUC,Divorced,A+,Indian,Bengaluru Rural,PS0092
P009395,Pooja Sharma,Female,1987-07-18,39,Unemployed,Diploma,Single,B+,Indian,Bengaluru Urban,PS0137
P009396,Suresh Hiremath,Male,2003-07-04,23,Engineer,Post Graduate,Single,B-,Indian,Bagalkote,PS0017
P009397,Anitha Desai,Female,1973-04-21,53,Nurse,High School,Married,AB+,Indian,Bengaluru Urban,PS0110
P009398,Shreya Shetty,Female,1993-06-21,33,Carpenter,Graduate,Widowed,A-,Indian,Bengaluru Urban,PS0138
P009399,Roopa Poojary,Female,1995-06-07,31,Teacher,PUC,Divorced,AB-,Indian,Bengaluru Rural,PS0081
P009400,Vinay Patil,Male,1996-05-23,30,Lawyer,Diploma,Widowed,B+,Indian,Ballari,PS0045
P009401,Kavya Kulkarni,Female,2006-12-13,19,Unemployed,Diploma,Divorced,O+,Indian,Bengaluru Rural,PS0082
P009402,Harish Sharma,Male,1983-04-17,43,Police,Post Graduate,Single,O+,Indian,Chamarajanagar,PS0193
P009403,Megha Poojary,Female,1955-03-30,71,Labour,PhD,Divorced,A+,Indian,Bengaluru Rural,PS0102
P009404,Darshan Shetty,Male,1989-08-05,36,Student,High School,Widowed,A+,Indian,Bagalkote,PS0025
P009405,Puneeth Verma,Male,1960-10-29,65,Farmer,No Formal Education,Widowed,AB+,Indian,Bengaluru Urban,PS0130
P009406,Abhishek Patil,Male,1972-06-08,54,Teacher,Graduate,Widowed,A+,Indian,Belagavi,PS0060
P009407,Abhishek Kambali,Male,2003-01-16,23,Farmer,Diploma,Divorced,AB+,Indian,Chikkaballapura,PS0246
P009408,Roopa Hegde,Female,1978-07-08,48,Doctor,Primary,Married,AB+,Indian,Chamarajanagar,PS0213
P009409,Manoj Angadi,Male,1991-11-21,34,Engineer,Post Graduate,Single,B-,Indian,Bidar,PS0186
P009410,Basavaraj Naik,Male,1997-07-11,29,Driver,Graduate,Married,A-,Indian,Ballari,PS0041
P009411,Shreya Verma,Female,2001-05-24,25,Teacher,PUC,Widowed,O-,Indian,Bidar,PS0158
P009412,Shreya Verma,Female,1991-12-16,34,Software Engineer,Diploma,Widowed,B-,Indian,Bengaluru Rural,PS0095
P009413,Harini Poojary,Female,2002-06-30,24,Software Engineer,Graduate,Widowed,A-,Indian,Ballari,PS0030
P009414,Abhishek Pujari,Male,1998-03-11,28,Teacher,Diploma,Single,O-,Indian,Chamarajanagar,PS0221
P009415,Suresh Rao,Male,1974-07-12,52,Government Employee,PhD,Divorced,O-,Indian,Bidar,PS0179
P009416,Pradeep Singh,Male,1994-09-23,31,Business,High School,Widowed,A-,Indian,Bengaluru Rural,PS0096
P009417,Suresh Reddy,Male,1985-03-18,41,Unemployed,PUC,Widowed,AB+,Indian,Bengaluru Urban,PS0146
P009418,Vinay Desai,Male,1966-12-20,59,Engineer,High School,Married,A+,Indian,Belagavi,PS0054
P009419,Megha Siddiqui,Female,2007-09-07,18,Carpenter,Post Graduate,Married,AB+,Indian,Belagavi,PS0062
P009420,Chetan Sharma,Male,1967-11-01,58,Lawyer,Graduate,Single,B+,Indian,Bengaluru Urban,PS0135
P009421,Darshan Reddy,Male,1980-08-14,45,Doctor,Diploma,Married,A-,Indian,Bengaluru Rural,PS0108
P009422,Sowmya Patil,Female,1985-09-28,40,Lawyer,Graduate,Single,AB+,Indian,Bengaluru Rural,PS0073
P009423,Suraj Rao,Male,2003-08-12,22,Teacher,Graduate,Single,A+,Indian,Belagavi,PS0056
P009424,Roopa Angadi,Female,2007-10-03,18,Teacher,No Formal Education,Divorced,A-,Indian,Bengaluru Rural,PS0096
P009425,Ramesh Joshi,Male,1961-09-19,64,Software Engineer,Diploma,Married,B-,Indian,Chamarajanagar,PS0213
P009426,Preethi Bhat,Female,1968-08-31,57,Mechanic,PUC,Divorced,B+,Indian,Chikkaballapura,PS0235
P009427,Kavya Singh,Female,1955-12-21,70,Sales Executive,PhD,Single,AB+,Indian,Bidar,PS0171
P009428,Bhavya Bhat,Female,1967-10-24,58,Police,Post Graduate,Single,O-,Indian,Belagavi,PS0067
P009429,Vijay Patil,Male,1983-01-13,43,Driver,High School,Married,AB+,Indian,Chamarajanagar,PS0201
P009430,Harish Siddiqui,Male,1996-01-03,30,Security Guard,High School,Single,A-,Indian,Bengaluru Rural,PS0077
P009431,Kavya Gowda,Female,1987-10-04,38,Driver,Diploma,Divorced,O+,Indian,Belagavi,PS0068
P009432,Lokesh Kumar,Male,1963-06-27,63,Driver,PhD,Single,O-,Indian,Chamarajanagar,PS0227
P009433,Siddu Gowda,Male,2005-07-06,21,Shop Owner,Diploma,Single,B+,Indian,Chamarajanagar,PS0223
P009434,Sunitha Gowda,Female,2006-08-01,19,Lawyer,PUC,Single,AB-,Indian,Bengaluru Rural,PS0104
P009435,Kiran Reddy,Male,1998-12-11,27,Farmer,PhD,Widowed,B+,Indian,Chamarajanagar,PS0221
P009436,Anitha Desai,Female,1963-02-12,63,Software Engineer,Post Graduate,Married,O+,Indian,Bidar,PS0183
P009437,Asha Desai,Female,1985-05-01,41,Student,Diploma,Divorced,O+,Indian,Chamarajanagar,PS0221
P009438,Priya Singh,Female,1969-05-10,57,Mechanic,Graduate,Married,O+,Indian,Bidar,PS0189
P009439,Geetha Bhat,Female,1970-04-09,56,Shop Owner,Primary,Widowed,A-,Indian,Chikkaballapura,PS0249
P009440,Siddu Rao,Male,1991-11-10,34,Police,Graduate,Divorced,B-,Indian,Bengaluru Rural,PS0092
P009441,Vijay Sharma,Male,1965-07-20,61,Doctor,High School,Widowed,A+,Indian,Bengaluru Rural,PS0105
P009442,Sangeetha Bhat,Female,1983-09-17,42,Electrician,PhD,Married,A+,Indian,Bengaluru Urban,PS0131
P009443,Kusuma Hiremath,Female,1997-07-07,29,Unemployed,Primary,Single,B-,Indian,Bagalkote,PS0009
P009444,Puneeth Rao,Male,1975-04-01,51,Government Employee,Primary,Widowed,A-,Indian,Bengaluru Urban,PS0141
P009445,Rekha Kumar,Female,1969-06-05,57,Unemployed,PhD,Widowed,O-,Indian,Bidar,PS0176
P009446,Abhishek Singh,Male,1978-02-02,48,Electrician,No Formal Education,Married,A+,Indian,Bagalkote,PS0021
P009447,Nandini Verma,Female,1993-03-10,33,Doctor,Diploma,Single,O+,Indian,Bengaluru Urban,PS0110
P009448,Mahesh Kumar,Male,1958-11-29,67,Software Engineer,Diploma,Married,O+,Indian,Bagalkote,PS0010
P009449,Prakash Poojary,Male,1980-03-10,46,Engineer,Graduate,Single,O-,Indian,Bengaluru Rural,PS0093
P009450,Asha Bhat,Female,1981-01-09,45,Doctor,PUC,Married,AB-,Indian,Chamarajanagar,PS0204
P009451,Puneeth Sharma,Male,1986-07-11,40,Carpenter,High School,Widowed,B-,Indian,Chamarajanagar,PS0201
P009452,Lakshmi Sharma,Female,2003-01-11,23,Engineer,Post Graduate,Single,O-,Indian,Bengaluru Urban,PS0138
P009453,Radhika Angadi,Female,2000-12-22,25,Security Guard,No Formal Education,Divorced,B-,Indian,Chamarajanagar,PS0202
P009454,Arjun Kumar,Male,1990-08-02,35,Business,Primary,Single,AB-,Indian,Bidar,PS0162
P009455,Priya Verma,Female,1991-02-22,35,Farmer,Diploma,Single,AB+,Indian,Chamarajanagar,PS0199
P009456,Sowmya Verma,Female,1965-02-13,61,Labour,No Formal Education,Widowed,B-,Indian,Bidar,PS0171
P009457,Ravi Patil,Male,1964-07-29,61,Engineer,High School,Single,A+,Indian,Bagalkote,PS0014
P009458,Kiran Joshi,Male,2002-02-26,24,Unemployed,High School,Single,O+,Indian,Bengaluru Urban,PS0140
P009459,Priya Hiremath,Female,2000-11-25,25,Unemployed,Diploma,Widowed,B-,Indian,Bengaluru Urban,PS0139
P009460,Darshan Desai,Male,1978-01-23,48,Nurse,No Formal Education,Widowed,A-,Indian,Bengaluru Urban,PS0139
P009461,Lokesh Singh,Male,1958-03-09,68,Police,PUC,Married,B+,Indian,Bengaluru Rural,PS0077
P009462,Ravi Siddiqui,Male,1969-11-16,56,Driver,PUC,Divorced,B-,Indian,Bagalkote,PS0015
P009463,Swathi Hegde,Female,1999-07-28,26,Teacher,PhD,Single,AB-,Indian,Bengaluru Rural,PS0079
P009464,Abhishek Siddiqui,Male,1983-06-09,43,Student,Primary,Widowed,B+,Indian,Belagavi,PS0061
P009465,Suresh Angadi,Male,1991-01-06,35,Software Engineer,PhD,Widowed,O+,Indian,Chamarajanagar,PS0208
P009466,Sangeetha Verma,Female,2004-01-20,22,Mechanic,PhD,Single,B-,Indian,Chamarajanagar,PS0208
P009467,Ganesh Siddiqui,Male,1977-10-20,48,Mechanic,PUC,Widowed,B+,Indian,Chamarajanagar,PS0199
P009468,Arjun Desai,Male,1993-02-21,33,Business,High School,Divorced,O+,Indian,Bagalkote,PS0023
P009469,Deepa Verma,Female,1982-10-26,43,Mechanic,PUC,Widowed,O-,Indian,Bengaluru Urban,PS0149
P009470,Suresh Reddy,Male,2005-11-22,20,Government Employee,Graduate,Single,A+,Indian,Bengaluru Urban,PS0131
P009471,Ganesh Reddy,Male,1981-10-21,44,Engineer,Diploma,Married,A+,Indian,Bengaluru Urban,PS0125
P009472,Prakash Rao,Male,1961-04-16,65,Software Engineer,No Formal Education,Single,AB-,Indian,Bagalkote,PS0020
P009473,Prakash Rao,Male,1982-02-19,44,Shop Owner,Graduate,Divorced,B+,Indian,Chikkaballapura,PS0248
P009474,Swathi Desai,Female,1961-03-03,65,Lawyer,Primary,Widowed,AB+,Indian,Bengaluru Rural,PS0108
P009475,Shivakumar Verma,Male,1989-12-27,36,Student,Primary,Married,B+,Indian,Chamarajanagar,PS0220
P009476,Nandini Hiremath,Female,2000-11-20,25,Farmer,Post Graduate,Divorced,B-,Indian,Ballari,PS0042
P009477,Sneha Joshi,Female,1991-07-08,35,Security Guard,PUC,Widowed,A+,Indian,Bidar,PS0181
P009478,Sunitha Shetty,Female,1984-06-06,42,Security Guard,No Formal Education,Divorced,A+,Indian,Bengaluru Urban,PS0112
P009479,Lokesh Sharma,Male,2006-06-09,20,Carpenter,Primary,Divorced,B-,Indian,Bengaluru Urban,PS0120
P009480,Ajay Bhat,Male,1987-06-25,39,Government Employee,Diploma,Married,AB+,Indian,Ballari,PS0039
P009481,Naveen Hiremath,Male,1986-11-03,39,Doctor,High School,Married,O+,Indian,Bidar,PS0160
P009482,Sneha Hiremath,Female,1974-12-05,51,Mechanic,High School,Single,A+,Indian,Chikkaballapura,PS0241
P009483,Sneha Kambali,Female,1989-04-03,37,Shop Owner,Graduate,Married,A-,Indian,Bagalkote,PS0018
P009484,Arjun Verma,Male,1975-02-06,51,Carpenter,No Formal Education,Single,B-,Indian,Bagalkote,PS0014
P009485,Puneeth Siddiqui,Male,1986-08-06,39,Sales Executive,No Formal Education,Divorced,AB+,Indian,Chamarajanagar,PS0209
P009486,Basavaraj Joshi,Male,2000-09-24,25,Teacher,High School,Divorced,B-,Indian,Chamarajanagar,PS0208
P009487,Akash Hegde,Male,1984-02-03,42,Mechanic,Graduate,Divorced,O-,Indian,Bengaluru Rural,PS0095
P009488,Lokesh Sharma,Male,1998-10-23,27,Lawyer,High School,Widowed,A+,Indian,Belagavi,PS0051
P009489,Deepa Gowda,Female,1967-02-27,59,Nurse,High School,Divorced,A-,Indian,Bagalkote,PS0024
P009490,Sunitha Sharma,Female,1983-06-06,43,Business,Graduate,Divorced,O+,Indian,Bengaluru Urban,PS0149
P009491,Harish Shetty,Male,1956-04-21,70,Government Employee,No Formal Education,Married,O+,Indian,Chikkaballapura,PS0244
P009492,Radhika Kambali,Female,2000-03-07,26,Unemployed,PUC,Widowed,B-,Indian,Bengaluru Rural,PS0103
P009493,Nisha Gowda,Female,1963-08-19,62,Software Engineer,High School,Widowed,O-,Indian,Chamarajanagar,PS0215
P009494,Harish Bhat,Male,2003-08-27,22,Doctor,Primary,Divorced,AB+,Indian,Bengaluru Rural,PS0086
P009495,Harini Hiremath,Female,1956-07-06,70,Software Engineer,High School,Single,AB+,Indian,Bengaluru Urban,PS0124
P009496,Kavya Hiremath,Female,1957-01-11,69,Engineer,High School,Divorced,AB-,Indian,Bidar,PS0163
P009497,Sowmya Patil,Female,1984-01-26,42,Sales Executive,PUC,Single,B-,Indian,Bidar,PS0166
P009498,Akash Shetty,Male,1957-10-18,68,Police,PhD,Married,AB-,Indian,Bengaluru Urban,PS0126
P009499,Kavya Kulkarni,Female,1975-11-19,50,Business,Diploma,Single,A-,Indian,Bidar,PS0159
P009500,Asha Verma,Female,2003-09-22,22,Software Engineer,No Formal Education,Widowed,A+,Indian,Bengaluru Urban,PS0146
P009501,Ramesh Poojary,Male,1961-03-13,65,Unemployed,Post Graduate,Divorced,AB-,Indian,Bengaluru Rural,PS0102
P009502,Rahul Patil,Male,1961-03-30,65,Electrician,Post Graduate,Divorced,AB+,Indian,Ballari,PS0041
P009503,Sanjay Rao,Male,1970-07-23,56,Driver,No Formal Education,Widowed,A-,Indian,Bengaluru Urban,PS0122
P009504,Pooja Hegde,Female,1957-09-01,68,Doctor,Primary,Widowed,O-,Indian,Chamarajanagar,PS0197
P009505,Preethi Hegde,Female,1956-11-15,69,Electrician,PhD,Single,A+,Indian,Chamarajanagar,PS0218
P009506,Pooja Patil,Female,1983-12-06,42,Engineer,Primary,Widowed,O-,Indian,Bengaluru Urban,PS0131
P009507,Radhika Reddy,Female,1996-09-14,29,Electrician,No Formal Education,Married,B-,Indian,Belagavi,PS0063
P009508,Suresh Kumar,Male,1982-08-26,43,Lawyer,PhD,Single,O-,Indian,Bengaluru Rural,PS0080
P009509,Suresh Singh,Male,1959-08-04,66,Software Engineer,PhD,Widowed,AB-,Indian,Bidar,PS0172
P009510,Vinay Rao,Male,2006-10-27,19,Shop Owner,PUC,Single,A-,Indian,Bidar,PS0168
P009511,Puneeth Hegde,Male,2000-03-04,26,Driver,High School,Single,O-,Indian,Ballari,PS0038
P009512,Kiran Singh,Male,1968-12-27,57,Electrician,Diploma,Divorced,AB-,Indian,Belagavi,PS0051
P009513,Mahesh Angadi,Male,1991-11-28,34,Doctor,PUC,Widowed,A+,Indian,Bengaluru Urban,PS0120
P009514,Ajay Kumar,Male,2003-07-22,23,Electrician,PhD,Divorced,B-,Indian,Bengaluru Urban,PS0149
P009515,Naveen Gowda,Male,1967-06-17,59,Sales Executive,Diploma,Married,B-,Indian,Ballari,PS0035
P009516,Shivakumar Hiremath,Male,1964-01-30,62,Nurse,Graduate,Divorced,AB-,Indian,Chikkaballapura,PS0244
P009517,Harini Kumar,Female,1991-10-21,34,Teacher,No Formal Education,Divorced,B+,Indian,Bidar,PS0155
P009518,Radhika Hegde,Female,1999-11-25,26,Nurse,No Formal Education,Widowed,B+,Indian,Bagalkote,PS0018
P009519,Kavya Angadi,Female,1972-01-18,54,Business,PUC,Single,B+,Indian,Bidar,PS0189
P009520,Basavaraj Singh,Male,2004-01-25,22,Driver,High School,Single,AB-,Indian,Bidar,PS0179
P009521,Basavaraj Pujari,Male,1980-05-08,46,Carpenter,High School,Single,B-,Indian,Bidar,PS0188
P009522,Preethi Verma,Female,2001-02-26,25,Carpenter,PhD,Divorced,B+,Indian,Bidar,PS0188
P009523,Manoj Desai,Male,1988-10-12,37,Doctor,No Formal Education,Married,B+,Indian,Ballari,PS0035
P009524,Kiran Pujari,Male,1992-01-15,34,Driver,No Formal Education,Divorced,A+,Indian,Bengaluru Urban,PS0136
P009525,Prakash Hegde,Male,1960-11-26,65,Police,No Formal Education,Widowed,B+,Indian,Bagalkote,PS0010
P009526,Pooja Singh,Female,1981-01-31,45,Unemployed,PhD,Widowed,A+,Indian,Chikkaballapura,PS0237
P009527,Priya Rao,Female,1981-02-28,45,Carpenter,Post Graduate,Married,A-,Indian,Bengaluru Urban,PS0137
P009528,Deepa Hegde,Female,1967-04-06,59,Government Employee,Diploma,Married,A-,Indian,Bidar,PS0188
P009529,Preethi Naik,Female,2007-05-30,19,Software Engineer,PhD,Divorced,AB+,Indian,Chamarajanagar,PS0222
P009530,Darshan Hiremath,Male,1956-05-15,70,Lawyer,Graduate,Divorced,A+,Indian,Chamarajanagar,PS0210
P009531,Swathi Bhat,Female,1999-07-29,26,Mechanic,High School,Married,AB+,Indian,Bagalkote,PS0005
P009532,Chetan Angadi,Male,2000-01-07,26,Mechanic,Post Graduate,Widowed,O+,Indian,Bidar,PS0175
P009533,Shivakumar Naik,Male,2002-05-18,24,Sales Executive,No Formal Education,Single,O-,Indian,Bengaluru Rural,PS0081
P009534,Radhika Kambali,Female,1956-02-20,70,Student,Post Graduate,Single,A+,Indian,Chamarajanagar,PS0211
P009535,Shivakumar Gowda,Male,1972-01-05,54,Farmer,Graduate,Divorced,O+,Indian,Bengaluru Urban,PS0133
P009536,Keerthi Hegde,Female,1971-08-27,54,Farmer,Post Graduate,Married,AB-,Indian,Bagalkote,PS0001
P009537,Chetan Joshi,Male,1980-02-22,46,Electrician,Graduate,Single,O-,Indian,Chamarajanagar,PS0206
P009538,Swathi Bhat,Female,1995-12-15,30,Mechanic,Primary,Divorced,AB-,Indian,Bengaluru Rural,PS0100
P009539,Lokesh Kambali,Male,2007-06-22,19,Sales Executive,PhD,Divorced,A-,Indian,Chikkaballapura,PS0249
P009540,Sneha Hegde,Female,1999-11-14,26,Student,PhD,Divorced,B+,Indian,Chamarajanagar,PS0218
P009541,Kiran Shetty,Male,1955-02-11,71,Business,PhD,Married,O+,Indian,Belagavi,PS0051
P009542,Rahul Naik,Male,1982-02-03,44,Carpenter,High School,Married,B+,Indian,Chamarajanagar,PS0194
P009543,Manoj Angadi,Male,1964-10-17,61,Electrician,High School,Single,AB+,Indian,Belagavi,PS0056
P009544,Vinay Hiremath,Male,1974-01-13,52,Security Guard,Graduate,Married,AB+,Indian,Bidar,PS0177
P009545,Rahul Poojary,Male,1961-05-08,65,Mechanic,Diploma,Widowed,O+,Indian,Ballari,PS0033
P009546,Lokesh Kumar,Male,1976-11-12,49,Carpenter,Primary,Divorced,A+,Indian,Bengaluru Rural,PS0074
P009547,Ramesh Sharma,Male,1963-09-19,62,Police,PUC,Widowed,A+,Indian,Bidar,PS0186
P009548,Rekha Poojary,Female,1968-04-20,58,Engineer,PhD,Married,A-,Indian,Bengaluru Rural,PS0085
P009549,Prakash Singh,Male,1998-12-04,27,Labour,High School,Married,O+,Indian,Belagavi,PS0056
P009550,Harini Patil,Female,1991-05-05,35,Police,No Formal Education,Single,O+,Indian,Belagavi,PS0054
P009551,Ganesh Gowda,Male,1971-12-13,54,Engineer,PUC,Widowed,AB+,Indian,Bengaluru Rural,PS0096
P009552,Mahesh Rao,Male,1980-05-09,46,Student,Graduate,Divorced,O-,Indian,Bidar,PS0159
P009553,Deepa Reddy,Female,1984-11-04,41,Nurse,PUC,Married,B+,Indian,Bagalkote,PS0022
P009554,Pradeep Kambali,Male,1961-01-03,65,Driver,No Formal Education,Single,A-,Indian,Chamarajanagar,PS0229
P009555,Nandini Kumar,Female,1962-03-10,64,Security Guard,High School,Widowed,O-,Indian,Belagavi,PS0058
P009556,Harish Hiremath,Male,1985-02-23,41,Nurse,PhD,Divorced,O-,Indian,Bidar,PS0159
P009557,Shreya Naik,Female,1968-11-13,57,Doctor,PhD,Widowed,AB+,Indian,Bengaluru Urban,PS0122
P009558,Megha Naik,Female,1985-12-31,40,Nurse,Graduate,Widowed,AB+,Indian,Bengaluru Urban,PS0149
P009559,Shivakumar Poojary,Male,1985-02-18,41,Unemployed,High School,Divorced,A-,Indian,Bengaluru Rural,PS0072
P009560,Manoj Kambali,Male,1965-06-12,61,Mechanic,No Formal Education,Single,B+,Indian,Belagavi,PS0055
P009561,Deepa Pujari,Female,1979-06-21,47,Lawyer,Graduate,Widowed,B-,Indian,Bengaluru Rural,PS0079
P009562,Pooja Desai,Female,1978-08-25,47,Engineer,PhD,Single,AB+,Indian,Bagalkote,PS0024
P009563,Ramesh Naik,Male,1958-09-22,67,Lawyer,Post Graduate,Divorced,B+,Indian,Bidar,PS0184
P009564,Megha Gowda,Female,1978-07-13,48,Software Engineer,Post Graduate,Divorced,AB-,Indian,Bidar,PS0174
P009565,Vidya Rao,Female,1961-01-11,65,Driver,No Formal Education,Married,B+,Indian,Bidar,PS0180
P009566,Swathi Naik,Female,1968-09-25,57,Security Guard,Diploma,Widowed,B+,Indian,Bengaluru Urban,PS0113
P009567,Mahesh Sharma,Male,1972-07-02,54,Sales Executive,No Formal Education,Single,AB-,Indian,Bengaluru Urban,PS0125
P009568,Rohit Rao,Male,1962-06-16,64,Driver,High School,Married,O-,Indian,Bidar,PS0188
P009569,Anjali Kulkarni,Female,2004-08-11,21,Lawyer,High School,Divorced,A-,Indian,Bengaluru Urban,PS0131
P009570,Ravi Poojary,Male,1981-07-21,45,Driver,High School,Married,A-,Indian,Bengaluru Rural,PS0074
P009571,Sowmya Rao,Female,1962-11-08,63,Business,High School,Widowed,AB-,Indian,Bidar,PS0180
P009572,Priya Rao,Female,1981-02-19,45,Student,PhD,Single,A-,Indian,Bidar,PS0165
P009573,Geetha Kambali,Female,1988-02-23,38,Electrician,PUC,Widowed,B+,Indian,Belagavi,PS0050
P009574,Anitha Joshi,Female,2001-09-12,24,Farmer,PhD,Married,A-,Indian,Bidar,PS0159
P009575,Sangeetha Kambali,Female,1983-03-14,43,Teacher,PhD,Widowed,AB+,Indian,Bengaluru Rural,PS0087
P009576,Siddu Pujari,Male,1977-09-17,48,Nurse,Graduate,Single,B+,Indian,Bengaluru Rural,PS0074
P009577,Divya Poojary,Female,1986-08-05,39,Shop Owner,Post Graduate,Married,O-,Indian,Bengaluru Rural,PS0086
P009578,Pooja Angadi,Female,1959-06-27,67,Engineer,PUC,Single,O+,Indian,Bengaluru Rural,PS0081
P009579,Arjun Patil,Male,2000-12-03,25,Doctor,Primary,Single,A-,Indian,Ballari,PS0043
P009580,Kavya Bhat,Female,1956-10-31,69,Electrician,PhD,Widowed,B-,Indian,Chamarajanagar,PS0232
P009581,Megha Pujari,Female,1959-06-04,67,Software Engineer,High School,Single,O-,Indian,Belagavi,PS0047
P009582,Manoj Gowda,Male,1999-10-27,26,Police,PhD,Single,A-,Indian,Chamarajanagar,PS0215
P009583,Roopa Sharma,Female,1966-03-07,60,Labour,High School,Divorced,A-,Indian,Chikkaballapura,PS0237
P009584,Siddu Verma,Male,1997-12-12,28,Farmer,Post Graduate,Widowed,O+,Indian,Bidar,PS0178
P009585,Kusuma Joshi,Female,1960-12-12,65,Nurse,Post Graduate,Single,O+,Indian,Bidar,PS0163
P009586,Harini Hegde,Female,2004-04-16,22,Mechanic,Diploma,Divorced,AB+,Indian,Bidar,PS0185
P009587,Suraj Hegde,Male,1960-03-23,66,Lawyer,Post Graduate,Divorced,AB-,Indian,Chamarajanagar,PS0214
P009588,Ganesh Singh,Male,2005-02-24,21,Electrician,Graduate,Single,B+,Indian,Bidar,PS0177
P009589,Swathi Shetty,Female,1999-04-09,27,Labour,Post Graduate,Widowed,B-,Indian,Bengaluru Rural,PS0087
P009590,Naveen Kulkarni,Male,1970-06-05,56,Carpenter,Diploma,Single,O-,Indian,Bengaluru Rural,PS0077
P009591,Akash Reddy,Male,1962-01-21,64,Teacher,Post Graduate,Single,O+,Indian,Bagalkote,PS0016
P009592,Priya Desai,Female,1974-04-02,52,Electrician,Graduate,Divorced,O+,Indian,Bengaluru Rural,PS0095
P009593,Nandini Reddy,Female,1955-02-12,71,Electrician,Graduate,Widowed,B+,Indian,Bagalkote,PS0020
P009594,Rekha Sharma,Female,1982-02-27,44,Driver,Diploma,Married,B-,Indian,Bidar,PS0174
P009595,Radhika Shetty,Female,2002-08-05,23,Mechanic,PhD,Single,A+,Indian,Bidar,PS0192
P009596,Sneha Kulkarni,Female,1962-05-13,64,Business,Post Graduate,Married,O-,Indian,Belagavi,PS0067
P009597,Naveen Kambali,Male,1991-02-26,35,Farmer,High School,Single,A-,Indian,Bidar,PS0166
P009598,Priya Kambali,Female,1979-07-07,47,Mechanic,PhD,Divorced,B+,Indian,Belagavi,PS0049
P009599,Anjali Kulkarni,Female,1982-12-15,43,Sales Executive,Primary,Married,A-,Indian,Belagavi,PS0052
P009600,Sneha Poojary,Female,1988-07-26,37,Sales Executive,PUC,Married,B+,Indian,Bengaluru Urban,PS0151
P009601,Rahul Singh,Male,1963-07-16,63,Farmer,PUC,Widowed,AB-,Indian,Bengaluru Urban,PS0126
P009602,Lokesh Poojary,Male,1980-06-13,46,Shop Owner,No Formal Education,Married,B-,Indian,Bengaluru Rural,PS0085
P009603,Chetan Kulkarni,Male,1969-05-09,57,Police,Graduate,Divorced,AB-,Indian,Bidar,PS0163
P009604,Nisha Kambali,Female,1974-03-31,52,Mechanic,Diploma,Widowed,A+,Indian,Bengaluru Urban,PS0148
P009605,Megha Hiremath,Female,1961-05-08,65,Nurse,Primary,Divorced,AB-,Indian,Bengaluru Rural,PS0099
P009606,Shreya Naik,Female,1972-05-11,54,Unemployed,Post Graduate,Single,AB+,Indian,Bengaluru Urban,PS0130
P009607,Anitha Hegde,Female,1965-06-12,61,Student,Diploma,Married,AB+,Indian,Bengaluru Urban,PS0128
P009608,Naveen Kambali,Male,1978-04-22,48,Nurse,Graduate,Married,B-,Indian,Ballari,PS0045
P009609,Basavaraj Hegde,Male,1997-10-12,28,Doctor,PhD,Widowed,AB-,Indian,Bengaluru Urban,PS0114
P009610,Ganesh Joshi,Male,2007-12-16,18,Unemployed,Diploma,Single,AB+,Indian,Bagalkote,PS0020
P009611,Keerthi Patil,Female,1997-01-23,29,Unemployed,PhD,Married,A+,Indian,Chamarajanagar,PS0222
P009612,Vinay Verma,Male,1961-08-07,64,Electrician,No Formal Education,Single,AB+,Indian,Belagavi,PS0063
P009613,Asha Gowda,Female,2002-05-06,24,Government Employee,Primary,Widowed,B-,Indian,Chamarajanagar,PS0210
P009614,Anjali Pujari,Female,2002-02-06,24,Carpenter,PhD,Divorced,B+,Indian,Chamarajanagar,PS0207
P009615,Deepa Shetty,Female,1965-04-06,61,Nurse,Diploma,Married,A+,Indian,Chamarajanagar,PS0203
P009616,Kiran Pujari,Male,1959-07-10,67,Mechanic,High School,Divorced,AB+,Indian,Chamarajanagar,PS0197
P009617,Sneha Reddy,Female,1962-05-02,64,Teacher,Primary,Divorced,AB+,Indian,Belagavi,PS0066
P009618,Nisha Rao,Female,1977-03-08,49,Shop Owner,Primary,Widowed,AB+,Indian,Bengaluru Rural,PS0087
P009619,Harish Singh,Male,1959-01-15,67,Farmer,PhD,Widowed,A+,Indian,Bidar,PS0167
P009620,Radhika Siddiqui,Female,1959-08-26,66,Carpenter,PUC,Married,O-,Indian,Bengaluru Rural,PS0083
P009621,Darshan Naik,Male,1976-03-11,50,Nurse,PUC,Widowed,AB-,Indian,Bengaluru Rural,PS0109
P009622,Ajay Siddiqui,Male,1974-06-06,52,Labour,Diploma,Widowed,B+,Indian,Bengaluru Rural,PS0076
P009623,Rekha Hiremath,Female,1959-12-27,66,Software Engineer,Diploma,Divorced,B+,Indian,Bagalkote,PS0013
P009624,Sanjay Gowda,Male,2007-04-12,19,Driver,Post Graduate,Widowed,A-,Indian,Bengaluru Urban,PS0150
P009625,Naveen Kambali,Male,1979-08-26,46,Student,Diploma,Widowed,O+,Indian,Bengaluru Urban,PS0129
P009626,Ganesh Sharma,Male,1957-06-04,69,Sales Executive,PUC,Divorced,AB+,Indian,Bidar,PS0153
P009627,Kavya Kumar,Female,1998-10-06,27,Security Guard,PhD,Divorced,A+,Indian,Ballari,PS0032
P009628,Vidya Singh,Female,2001-04-19,25,Software Engineer,Post Graduate,Divorced,AB+,Indian,Bengaluru Urban,PS0137
P009629,Naveen Hegde,Male,2006-09-23,19,Police,PUC,Divorced,O+,Indian,Chamarajanagar,PS0208
P009630,Megha Singh,Female,2004-01-12,22,Engineer,No Formal Education,Married,B+,Indian,Bidar,PS0165
P009631,Darshan Angadi,Male,1994-10-07,31,Labour,Diploma,Widowed,AB-,Indian,Bagalkote,PS0025
P009632,Rohit Poojary,Male,1988-07-15,38,Unemployed,Graduate,Widowed,B+,Indian,Chamarajanagar,PS0195
P009633,Asha Patil,Female,1974-05-23,52,Police,Diploma,Single,B+,Indian,Bidar,PS0170
P009634,Suraj Sharma,Male,1997-03-22,29,Student,PUC,Widowed,AB-,Indian,Bagalkote,PS0024
P009635,Mahesh Angadi,Male,1992-05-24,34,Mechanic,Graduate,Widowed,AB-,Indian,Bidar,PS0175
P009636,Lokesh Reddy,Male,1989-05-04,37,Unemployed,Primary,Married,AB+,Indian,Chamarajanagar,PS0204
P009637,Harini Angadi,Female,1975-09-11,50,Police,High School,Widowed,O+,Indian,Belagavi,PS0056
P009638,Geetha Reddy,Female,1988-10-04,37,Business,Diploma,Single,A-,Indian,Bengaluru Urban,PS0126
P009639,Sneha Patil,Female,1985-05-03,41,Farmer,High School,Divorced,O-,Indian,Bengaluru Urban,PS0120
P009640,Sowmya Naik,Female,1986-05-04,40,Business,High School,Divorced,O+,Indian,Bidar,PS0171
P009641,Chetan Desai,Male,1975-05-10,51,Unemployed,Primary,Single,AB-,Indian,Chamarajanagar,PS0224
P009642,Asha Shetty,Female,1958-02-24,68,Nurse,No Formal Education,Married,O+,Indian,Bidar,PS0188
P009643,Arjun Poojary,Male,2004-02-20,22,Security Guard,Diploma,Married,AB-,Indian,Bengaluru Urban,PS0113
P009644,Mahesh Naik,Male,1998-09-13,27,Sales Executive,High School,Married,B+,Indian,Bengaluru Rural,PS0088
P009645,Harish Kulkarni,Male,1961-06-29,65,Farmer,PUC,Divorced,O+,Indian,Bengaluru Urban,PS0147
P009646,Keerthi Hiremath,Female,1992-07-28,33,Shop Owner,Primary,Single,B-,Indian,Bengaluru Urban,PS0128
P009647,Arjun Patil,Male,1969-08-23,56,Lawyer,No Formal Education,Single,O-,Indian,Bagalkote,PS0009
P009648,Darshan Shetty,Male,2005-03-01,21,Doctor,Graduate,Divorced,AB+,Indian,Bagalkote,PS0010
P009649,Rohit Patil,Male,1978-04-26,48,Labour,PhD,Divorced,A+,Indian,Bagalkote,PS0015
P009650,Shivakumar Angadi,Male,1980-11-22,45,Student,Diploma,Married,O-,Indian,Bagalkote,PS0018
P009651,Shivakumar Bhat,Male,1961-04-14,65,Farmer,Graduate,Widowed,B-,Indian,Bidar,PS0155
P009652,Kavya Singh,Female,1975-10-29,50,Lawyer,No Formal Education,Divorced,A-,Indian,Bengaluru Urban,PS0124
P009653,Arjun Gowda,Male,1986-05-08,40,Sales Executive,High School,Married,AB-,Indian,Bidar,PS0165
P009654,Akash Verma,Male,2005-09-16,20,Farmer,High School,Married,B-,Indian,Bidar,PS0192
P009655,Suresh Poojary,Male,1965-08-25,60,Labour,High School,Widowed,A-,Indian,Bengaluru Urban,PS0112
P009656,Sunitha Hegde,Female,1982-08-11,43,Shop Owner,Primary,Divorced,AB+,Indian,Belagavi,PS0051
P009657,Chetan Sharma,Male,1974-09-13,51,Software Engineer,High School,Single,AB-,Indian,Chikkaballapura,PS0249
P009658,Kavya Patil,Female,1974-06-25,52,Driver,Diploma,Widowed,AB+,Indian,Chikkaballapura,PS0235
P009659,Sowmya Poojary,Female,2005-12-06,20,Teacher,PhD,Single,AB-,Indian,Bidar,PS0183
P009660,Sangeetha Reddy,Female,1975-08-18,50,Sales Executive,No Formal Education,Married,AB-,Indian,Chamarajanagar,PS0210
P009661,Kusuma Angadi,Female,1996-01-05,30,Shop Owner,No Formal Education,Widowed,AB+,Indian,Belagavi,PS0047
P009662,Harish Pujari,Male,1992-07-01,34,Government Employee,PUC,Married,O+,Indian,Chamarajanagar,PS0209
P009663,Sanjay Bhat,Male,2007-08-09,18,Carpenter,PhD,Married,A+,Indian,Chamarajanagar,PS0214
P009664,Arjun Rao,Male,1983-05-22,43,Driver,Primary,Single,AB+,Indian,Bengaluru Urban,PS0152
P009665,Kiran Joshi,Male,1992-06-12,34,Mechanic,Primary,Married,B-,Indian,Bengaluru Urban,PS0120
P009666,Rohit Rao,Male,2001-12-22,24,Labour,PUC,Divorced,B+,Indian,Chamarajanagar,PS0195
P009667,Basavaraj Hegde,Male,1967-01-20,59,Lawyer,PUC,Widowed,A-,Indian,Bengaluru Urban,PS0142
P009668,Ajay Naik,Male,1996-09-13,29,Nurse,High School,Divorced,A-,Indian,Bidar,PS0182
P009669,Vijay Siddiqui,Male,1955-08-10,70,Doctor,Post Graduate,Divorced,A+,Indian,Bengaluru Urban,PS0143
P009670,Priya Sharma,Female,1996-12-31,29,Nurse,High School,Single,A-,Indian,Bengaluru Urban,PS0119
P009671,Suresh Angadi,Male,1958-04-27,68,Lawyer,PUC,Single,A-,Indian,Bagalkote,PS0008
P009672,Anitha Pujari,Female,1968-03-12,58,Doctor,Primary,Married,A+,Indian,Bengaluru Urban,PS0116
P009673,Sneha Joshi,Female,1980-10-11,45,Doctor,Graduate,Single,A-,Indian,Bagalkote,PS0007
P009674,Sunitha Singh,Female,1981-03-01,45,Doctor,Graduate,Single,AB-,Indian,Belagavi,PS0053
P009675,Sangeetha Hegde,Female,1989-08-13,36,Mechanic,Primary,Single,B-,Indian,Chikkaballapura,PS0237
P009676,Nisha Reddy,Female,1985-05-05,41,Police,High School,Married,A-,Indian,Chamarajanagar,PS0211
P009677,Preethi Sharma,Female,1967-01-15,59,Mechanic,High School,Married,B-,Indian,Bagalkote,PS0019
P009678,Rekha Angadi,Female,1991-01-07,35,Police,Diploma,Widowed,B+,Indian,Chamarajanagar,PS0209
P009679,Pooja Joshi,Female,1994-11-22,31,Farmer,PUC,Single,O+,Indian,Chamarajanagar,PS0227
P009680,Pooja Verma,Female,1994-09-02,31,Business,No Formal Education,Widowed,B+,Indian,Bengaluru Rural,PS0081
P009681,Priya Sharma,Female,1990-07-12,36,Electrician,No Formal Education,Single,B+,Indian,Bengaluru Urban,PS0133
P009682,Geetha Bhat,Female,1955-10-29,70,Labour,Diploma,Widowed,O-,Indian,Bengaluru Urban,PS0136
P009683,Deepa Reddy,Female,1999-02-20,27,Teacher,PhD,Widowed,AB-,Indian,Chamarajanagar,PS0195
P009684,Akash Hiremath,Male,1965-02-17,61,Teacher,PUC,Widowed,AB-,Indian,Bengaluru Rural,PS0072
P009685,Shreya Bhat,Female,1978-03-11,48,Farmer,Diploma,Married,A+,Indian,Chikkaballapura,PS0249
P009686,Rohit Kulkarni,Male,1955-02-07,71,Business,High School,Divorced,A+,Indian,Bengaluru Rural,PS0083
P009687,Arjun Hiremath,Male,1969-09-23,56,Teacher,PUC,Divorced,B-,Indian,Bengaluru Urban,PS0139
P009688,Asha Bhat,Female,1988-02-24,38,Nurse,Post Graduate,Married,A+,Indian,Chikkaballapura,PS0235
P009689,Mahesh Singh,Male,2006-03-20,20,Carpenter,No Formal Education,Divorced,AB+,Indian,Bengaluru Urban,PS0127
P009690,Mahesh Singh,Male,1982-01-15,44,Electrician,Post Graduate,Divorced,A-,Indian,Belagavi,PS0047
P009691,Keerthi Naik,Female,1998-07-19,28,Security Guard,High School,Married,A+,Indian,Bengaluru Urban,PS0111
P009692,Manoj Pujari,Male,2000-02-29,26,Business,Diploma,Married,AB+,Indian,Bidar,PS0187
P009693,Swathi Hegde,Female,1958-09-15,67,Government Employee,Diploma,Married,B+,Indian,Bengaluru Rural,PS0097
P009694,Ramesh Poojary,Male,2007-01-30,19,Lawyer,Diploma,Single,A+,Indian,Bengaluru Urban,PS0142
P009695,Rohit Kumar,Male,1984-07-06,42,Labour,PhD,Widowed,A+,Indian,Chikkaballapura,PS0240
P009696,Puneeth Singh,Male,1978-02-04,48,Unemployed,Post Graduate,Divorced,AB+,Indian,Bidar,PS0161
P009697,Darshan Patil,Male,1965-04-26,61,Nurse,Post Graduate,Married,O+,Indian,Bagalkote,PS0018
P009698,Preethi Verma,Female,2007-02-06,19,Police,Diploma,Divorced,O+,Indian,Bidar,PS0175
P009699,Shivakumar Kulkarni,Male,1997-07-01,29,Teacher,High School,Married,A-,Indian,Bengaluru Rural,PS0098
P009700,Sneha Desai,Female,1957-12-28,68,Software Engineer,PhD,Divorced,A-,Indian,Bagalkote,PS0022
P009701,Keerthi Hegde,Female,2002-07-22,24,Farmer,No Formal Education,Single,A-,Indian,Bengaluru Urban,PS0141
P009702,Megha Bhat,Female,1996-03-21,30,Software Engineer,Primary,Married,AB+,Indian,Chamarajanagar,PS0227
P009703,Nandini Sharma,Female,1997-10-09,28,Security Guard,Diploma,Single,A+,Indian,Bengaluru Urban,PS0147
P009704,Basavaraj Kumar,Male,1974-12-25,51,Driver,PhD,Single,O-,Indian,Bengaluru Urban,PS0152
P009705,Rekha Reddy,Female,1997-12-10,28,Mechanic,PUC,Married,B+,Indian,Bidar,PS0155
P009706,Roopa Gowda,Female,1964-05-08,62,Software Engineer,Graduate,Widowed,B-,Indian,Bengaluru Urban,PS0120
P009707,Akash Patil,Male,1971-07-13,55,Police,High School,Widowed,A+,Indian,Belagavi,PS0062
P009708,Harish Kulkarni,Male,1980-09-02,45,Teacher,Post Graduate,Married,B+,Indian,Chikkaballapura,PS0243
P009709,Lokesh Hiremath,Male,1962-03-06,64,Teacher,Diploma,Married,B-,Indian,Bidar,PS0190
P009710,Harini Rao,Female,1958-05-17,68,Labour,Primary,Divorced,AB-,Indian,Bengaluru Urban,PS0113
P009711,Rekha Poojary,Female,1967-11-21,58,Sales Executive,Graduate,Widowed,B-,Indian,Bidar,PS0161
P009712,Manoj Rao,Male,1981-02-06,45,Shop Owner,Diploma,Widowed,O-,Indian,Bengaluru Rural,PS0089
P009713,Ajay Desai,Male,1997-03-27,29,Police,PUC,Single,B+,Indian,Chamarajanagar,PS0227
P009714,Vijay Verma,Male,1958-07-24,67,Farmer,PUC,Married,O-,Indian,Ballari,PS0045
P009715,Priya Rao,Female,1965-06-25,61,Labour,Diploma,Widowed,AB+,Indian,Chamarajanagar,PS0230
P009716,Ajay Reddy,Male,2003-04-14,23,Mechanic,Primary,Divorced,O-,Indian,Belagavi,PS0049
P009717,Geetha Kulkarni,Female,1962-06-13,64,Software Engineer,No Formal Education,Married,A-,Indian,Bengaluru Rural,PS0071
P009718,Asha Hegde,Female,2005-04-03,21,Teacher,Primary,Divorced,A-,Indian,Bengaluru Urban,PS0134
P009719,Divya Poojary,Female,1991-08-16,34,Police,Post Graduate,Single,A+,Indian,Bengaluru Rural,PS0106
P009720,Megha Kumar,Female,1975-01-03,51,Engineer,PUC,Married,AB-,Indian,Ballari,PS0041
P009721,Prakash Hegde,Male,1984-08-09,41,Security Guard,Graduate,Married,O-,Indian,Bengaluru Rural,PS0073
P009722,Rahul Hegde,Male,1992-02-19,34,Student,No Formal Education,Widowed,AB+,Indian,Bagalkote,PS0016
P009723,Rahul Angadi,Male,1970-07-25,55,Teacher,Graduate,Widowed,B-,Indian,Bagalkote,PS0022
P009724,Keerthi Gowda,Female,1994-12-28,31,Doctor,No Formal Education,Widowed,A+,Indian,Bengaluru Rural,PS0089
P009725,Puneeth Reddy,Male,1975-11-13,50,Student,PUC,Married,B+,Indian,Belagavi,PS0047
P009726,Darshan Shetty,Male,1977-05-29,49,Software Engineer,Diploma,Married,B-,Indian,Bagalkote,PS0015
P009727,Sangeetha Joshi,Female,1983-08-02,42,Business,Post Graduate,Divorced,O+,Indian,Ballari,PS0026
P009728,Basavaraj Patil,Male,1990-01-02,36,Government Employee,Diploma,Single,B+,Indian,Bidar,PS0161
P009729,Shivakumar Desai,Male,1974-10-12,51,Mechanic,High School,Divorced,AB-,Indian,Bengaluru Rural,PS0083
P009730,Pooja Shetty,Female,1975-05-10,51,Unemployed,PhD,Married,AB+,Indian,Bagalkote,PS0003
P009731,Lakshmi Hiremath,Female,1993-05-14,33,Engineer,Post Graduate,Single,O-,Indian,Chamarajanagar,PS0228
P009732,Sanjay Reddy,Male,1955-05-14,71,Software Engineer,Primary,Divorced,A+,Indian,Bagalkote,PS0009
P009733,Divya Siddiqui,Female,1960-05-12,66,Mechanic,Primary,Widowed,AB-,Indian,Chamarajanagar,PS0207
P009734,Pradeep Hegde,Male,2006-08-03,19,Shop Owner,Graduate,Single,AB-,Indian,Chamarajanagar,PS0216
P009735,Chetan Patil,Male,1960-07-23,66,Unemployed,High School,Married,AB-,Indian,Bidar,PS0161
P009736,Ajay Patil,Male,1979-09-07,46,Unemployed,Graduate,Single,A-,Indian,Ballari,PS0041
P009737,Pooja Kambali,Female,1956-04-22,70,Engineer,Post Graduate,Divorced,O+,Indian,Bengaluru Rural,PS0075
P009738,Chetan Hegde,Male,1995-02-03,31,Sales Executive,PUC,Married,AB+,Indian,Bengaluru Rural,PS0082
P009739,Rekha Angadi,Female,1990-11-28,35,Lawyer,High School,Widowed,B-,Indian,Ballari,PS0028
P009740,Sowmya Kumar,Female,1964-04-08,62,Driver,Post Graduate,Widowed,B-,Indian,Chamarajanagar,PS0201
P009741,Arjun Hegde,Male,1982-12-06,43,Sales Executive,Post Graduate,Divorced,B+,Indian,Bidar,PS0191
P009742,Radhika Joshi,Female,1982-07-15,44,Teacher,High School,Single,B-,Indian,Bengaluru Urban,PS0113
P009743,Naveen Kulkarni,Male,1962-05-23,64,Driver,Post Graduate,Widowed,A-,Indian,Bengaluru Urban,PS0128
P009744,Anitha Kambali,Female,1971-04-29,55,Sales Executive,High School,Widowed,B+,Indian,Ballari,PS0045
P009745,Vijay Singh,Male,1956-12-28,69,Shop Owner,Post Graduate,Widowed,A+,Indian,Ballari,PS0028
P009746,Manoj Hiremath,Male,1991-02-04,35,Police,Primary,Widowed,AB-,Indian,Bengaluru Rural,PS0078
P009747,Kiran Shetty,Male,1979-09-05,46,Engineer,Diploma,Single,B-,Indian,Bidar,PS0172
P009748,Anjali Poojary,Female,1992-06-22,34,Student,PhD,Single,B-,Indian,Bagalkote,PS0019
P009749,Nandini Poojary,Female,1974-06-06,52,Mechanic,Post Graduate,Divorced,A+,Indian,Bidar,PS0188
P009750,Keerthi Kumar,Female,1979-05-18,47,Teacher,No Formal Education,Widowed,O+,Indian,Bagalkote,PS0012
P009751,Nandini Pujari,Female,1992-07-21,34,Business,Graduate,Divorced,B-,Indian,Bidar,PS0189
P009752,Pradeep Reddy,Male,1968-05-03,58,Teacher,Post Graduate,Divorced,A-,Indian,Chamarajanagar,PS0210
P009753,Nisha Hegde,Female,1977-07-22,49,Business,Primary,Widowed,A+,Indian,Ballari,PS0038
P009754,Sunitha Gowda,Female,2004-04-22,22,Driver,High School,Single,O+,Indian,Chikkaballapura,PS0248
P009755,Puneeth Kulkarni,Male,1974-12-01,51,Driver,High School,Divorced,A+,Indian,Bengaluru Urban,PS0116
P009756,Anitha Kumar,Female,1999-09-04,26,Electrician,PUC,Married,AB+,Indian,Bengaluru Rural,PS0108
P009757,Suresh Patil,Male,1976-10-01,49,Teacher,Graduate,Married,O-,Indian,Bengaluru Urban,PS0148
P009758,Megha Kumar,Female,1967-07-31,58,Security Guard,Primary,Married,B-,Indian,Chamarajanagar,PS0232
P009759,Manoj Poojary,Male,1992-12-12,33,Student,PUC,Married,A-,Indian,Ballari,PS0027
P009760,Suresh Hegde,Male,1999-11-26,26,Engineer,Post Graduate,Divorced,B-,Indian,Chikkaballapura,PS0246
P009761,Vidya Hegde,Female,1960-08-28,65,Teacher,Post Graduate,Widowed,B-,Indian,Ballari,PS0045
P009762,Ganesh Kumar,Male,1983-12-22,42,Mechanic,PUC,Single,O-,Indian,Chamarajanagar,PS0225
P009763,Preethi Kumar,Female,1981-07-28,44,Nurse,PUC,Divorced,A+,Indian,Ballari,PS0033
P009764,Nandini Sharma,Female,1964-10-21,61,Shop Owner,Graduate,Married,O-,Indian,Chikkaballapura,PS0242
P009765,Deepa Sharma,Female,1974-07-25,51,Software Engineer,Diploma,Single,AB-,Indian,Chikkaballapura,PS0236
P009766,Siddu Rao,Male,1970-03-19,56,Lawyer,PUC,Married,AB-,Indian,Ballari,PS0033
P009767,Mahesh Hiremath,Male,2002-03-17,24,Electrician,Diploma,Married,B-,Indian,Bengaluru Urban,PS0120
P009768,Akash Hegde,Male,1978-11-04,47,Government Employee,Primary,Married,O-,Indian,Bengaluru Urban,PS0110
P009769,Siddu Desai,Male,1988-11-18,37,Lawyer,Diploma,Divorced,O+,Indian,Bagalkote,PS0009
P009770,Vidya Kambali,Female,1988-10-22,37,Mechanic,High School,Widowed,AB-,Indian,Bagalkote,PS0016
P009771,Anjali Patil,Female,1998-01-31,28,Engineer,Primary,Single,B-,Indian,Ballari,PS0045
P009772,Kavya Desai,Female,1975-04-23,51,Government Employee,No Formal Education,Divorced,AB-,Indian,Chamarajanagar,PS0218
P009773,Deepa Singh,Female,1985-03-20,41,Farmer,Graduate,Divorced,A-,Indian,Chikkaballapura,PS0245
P009774,Pooja Sharma,Female,2003-04-11,23,Labour,Primary,Divorced,AB-,Indian,Bagalkote,PS0002
P009775,Lokesh Bhat,Male,1966-03-18,60,Police,High School,Married,AB-,Indian,Bengaluru Urban,PS0112
P009776,Ajay Gowda,Male,1962-08-09,63,Student,Primary,Single,A+,Indian,Bengaluru Urban,PS0149
P009777,Kavya Bhat,Female,1982-08-18,43,Driver,Primary,Widowed,AB+,Indian,Belagavi,PS0063
P009778,Sowmya Gowda,Female,2002-05-08,24,Farmer,No Formal Education,Widowed,B-,Indian,Chikkaballapura,PS0241
P009779,Deepa Naik,Female,2006-12-10,19,Government Employee,High School,Widowed,B-,Indian,Chamarajanagar,PS0215
P009780,Rekha Joshi,Female,1987-01-19,39,Carpenter,Post Graduate,Divorced,B+,Indian,Ballari,PS0039
P009781,Nandini Singh,Female,2004-12-27,21,Teacher,Graduate,Divorced,AB-,Indian,Ballari,PS0037
P009782,Sneha Patil,Female,1959-04-21,67,Software Engineer,No Formal Education,Single,A-,Indian,Bidar,PS0172
P009783,Priya Kumar,Female,1967-07-23,59,Labour,Diploma,Widowed,O-,Indian,Belagavi,PS0056
P009784,Nandini Singh,Female,1965-11-20,60,Security Guard,High School,Single,B+,Indian,Bengaluru Rural,PS0095
P009785,Bhavya Sharma,Female,1994-06-07,32,Sales Executive,Graduate,Divorced,AB-,Indian,Chamarajanagar,PS0211
P009786,Radhika Bhat,Female,1975-11-01,50,Farmer,PUC,Widowed,O+,Indian,Bagalkote,PS0022
P009787,Divya Reddy,Female,1990-11-29,35,Driver,Graduate,Married,AB-,Indian,Bengaluru Rural,PS0080
P009788,Manoj Angadi,Male,1975-05-17,51,Shop Owner,Post Graduate,Married,A-,Indian,Chamarajanagar,PS0202
P009789,Anitha Hiremath,Female,1973-01-10,53,Sales Executive,Graduate,Married,O-,Indian,Bengaluru Urban,PS0152
P009790,Vinay Kulkarni,Male,1963-11-11,62,Business,Primary,Divorced,O+,Indian,Chikkaballapura,PS0236
P009791,Shivakumar Kumar,Male,1997-04-29,29,Doctor,PUC,Divorced,O-,Indian,Bidar,PS0185
P009792,Roopa Kambali,Female,1985-02-23,41,Electrician,No Formal Education,Widowed,AB+,Indian,Bengaluru Urban,PS0111
P009793,Nisha Angadi,Female,1974-01-13,52,Lawyer,Primary,Single,B+,Indian,Bagalkote,PS0022
P009794,Suresh Bhat,Male,1991-06-22,35,Driver,Graduate,Single,O+,Indian,Chikkaballapura,PS0238
P009795,Keerthi Patil,Female,1955-07-21,71,Nurse,Diploma,Widowed,AB+,Indian,Bengaluru Urban,PS0120
P009796,Pradeep Hegde,Male,1988-03-30,38,Student,PUC,Widowed,AB-,Indian,Chamarajanagar,PS0206
P009797,Kiran Singh,Male,1955-01-03,71,Carpenter,Graduate,Widowed,A+,Indian,Bengaluru Urban,PS0125
P009798,Kusuma Poojary,Female,2000-08-09,25,Sales Executive,Primary,Married,B-,Indian,Bengaluru Rural,PS0079
P009799,Sangeetha Shetty,Female,2004-11-14,21,Government Employee,PUC,Divorced,O-,Indian,Bengaluru Rural,PS0095
P009800,Geetha Pujari,Female,1987-02-05,39,Labour,Diploma,Married,O+,Indian,Bidar,PS0175
P009801,Lakshmi Angadi,Female,2007-01-03,19,Security Guard,No Formal Education,Divorced,AB+,Indian,Ballari,PS0026
P009802,Divya Poojary,Female,1994-05-04,32,Lawyer,Primary,Widowed,O+,Indian,Ballari,PS0032
P009803,Megha Joshi,Female,2002-02-22,24,Security Guard,Post Graduate,Single,AB-,Indian,Bidar,PS0183
P009804,Darshan Siddiqui,Male,1993-10-12,32,Student,No Formal Education,Single,AB+,Indian,Chamarajanagar,PS0218
P009805,Lakshmi Kulkarni,Female,2003-01-22,23,Police,Graduate,Single,A+,Indian,Bengaluru Rural,PS0075
P009806,Suresh Poojary,Male,1957-12-30,68,Sales Executive,Post Graduate,Single,B-,Indian,Bagalkote,PS0009
P009807,Sunitha Kulkarni,Female,1974-12-04,51,Student,No Formal Education,Widowed,B-,Indian,Bagalkote,PS0007
P009808,Divya Kulkarni,Female,1968-11-26,57,Government Employee,Diploma,Married,A-,Indian,Bidar,PS0171
P009809,Ravi Naik,Male,1977-01-17,49,Business,No Formal Education,Divorced,B-,Indian,Belagavi,PS0063
P009810,Kiran Kambali,Male,1959-12-04,66,Shop Owner,PhD,Divorced,B-,Indian,Bengaluru Rural,PS0100
P009811,Megha Naik,Female,1970-08-12,55,Labour,No Formal Education,Single,B+,Indian,Chamarajanagar,PS0198
P009812,Anitha Verma,Female,1978-11-28,47,Carpenter,Post Graduate,Single,AB+,Indian,Bengaluru Urban,PS0149
P009813,Abhishek Kumar,Male,1989-05-13,37,Teacher,Diploma,Widowed,B+,Indian,Bagalkote,PS0007
P009814,Siddu Shetty,Male,2005-05-07,21,Teacher,Graduate,Married,O+,Indian,Chamarajanagar,PS0202
P009815,Vidya Hegde,Female,1968-05-24,58,Teacher,No Formal Education,Divorced,B-,Indian,Bengaluru Rural,PS0105
P009816,Kusuma Pujari,Female,1960-07-29,65,Police,No Formal Education,Married,AB-,Indian,Bidar,PS0187
P009817,Prakash Verma,Male,1965-05-15,61,Nurse,Primary,Divorced,AB+,Indian,Bengaluru Urban,PS0125
P009818,Keerthi Patil,Female,1972-01-05,54,Unemployed,No Formal Education,Divorced,AB+,Indian,Bengaluru Urban,PS0138
P009819,Ravi Kulkarni,Male,1958-05-05,68,Sales Executive,Primary,Single,B-,Indian,Bidar,PS0191
P009820,Siddu Siddiqui,Male,1985-12-07,40,Doctor,Diploma,Widowed,B-,Indian,Bengaluru Rural,PS0087
P009821,Megha Verma,Female,1990-11-10,35,Software Engineer,Diploma,Divorced,AB+,Indian,Belagavi,PS0064
P009822,Shreya Shetty,Female,1955-03-03,71,Labour,PUC,Divorced,O+,Indian,Bengaluru Urban,PS0139
P009823,Lakshmi Verma,Female,1956-07-10,70,Driver,Primary,Widowed,O+,Indian,Bengaluru Urban,PS0139
P009824,Vinay Joshi,Male,1972-12-24,53,Teacher,Post Graduate,Divorced,A-,Indian,Ballari,PS0035
P009825,Pooja Shetty,Female,1987-04-21,39,Software Engineer,Primary,Divorced,AB-,Indian,Bengaluru Urban,PS0143
P009826,Priya Naik,Female,2003-09-06,22,Driver,No Formal Education,Single,A+,Indian,Chamarajanagar,PS0225
P009827,Arjun Shetty,Male,1988-12-14,37,Police,No Formal Education,Single,A-,Indian,Bengaluru Rural,PS0091
P009828,Harish Sharma,Male,2005-11-27,20,Lawyer,PUC,Divorced,A+,Indian,Belagavi,PS0050
P009829,Lokesh Gowda,Male,1992-12-27,33,Student,PhD,Widowed,A-,Indian,Chamarajanagar,PS0218
P009830,Pooja Angadi,Female,1998-08-16,27,Engineer,PUC,Divorced,AB-,Indian,Bengaluru Urban,PS0118
P009831,Darshan Kulkarni,Male,2003-12-02,22,Mechanic,High School,Single,B+,Indian,Bagalkote,PS0021
P009832,Asha Desai,Female,2007-11-20,18,Electrician,PUC,Widowed,AB+,Indian,Belagavi,PS0065
P009833,Manoj Hegde,Male,1998-12-29,27,Government Employee,PUC,Single,AB+,Indian,Bengaluru Urban,PS0152
P009834,Kiran Joshi,Male,1983-10-27,42,Business,High School,Married,B-,Indian,Bengaluru Urban,PS0132
P009835,Rohit Rao,Male,1958-04-09,68,Doctor,PUC,Widowed,B+,Indian,Bidar,PS0162
P009836,Mahesh Verma,Male,1970-07-11,56,Police,Graduate,Widowed,A-,Indian,Bengaluru Rural,PS0094
P009837,Lokesh Bhat,Male,1972-03-23,54,Labour,Primary,Divorced,O-,Indian,Chamarajanagar,PS0223
P009838,Bhavya Patil,Female,2007-08-13,18,Sales Executive,High School,Married,AB-,Indian,Bagalkote,PS0018
P009839,Lakshmi Reddy,Female,2002-09-18,23,Lawyer,Diploma,Divorced,O+,Indian,Belagavi,PS0046
P009840,Suraj Pujari,Male,2002-02-23,24,Business,Graduate,Widowed,B-,Indian,Chikkaballapura,PS0240
P009841,Nandini Naik,Female,1993-08-19,32,Shop Owner,No Formal Education,Single,O-,Indian,Bengaluru Rural,PS0081
P009842,Divya Gowda,Female,2003-11-25,22,Labour,Post Graduate,Divorced,AB+,Indian,Bengaluru Urban,PS0140
P009843,Mahesh Kulkarni,Male,1957-05-28,69,Engineer,High School,Married,AB-,Indian,Ballari,PS0034
P009844,Sangeetha Bhat,Female,1962-06-23,64,Electrician,No Formal Education,Widowed,O-,Indian,Bengaluru Urban,PS0122
P009845,Siddu Joshi,Male,1967-11-09,58,Doctor,No Formal Education,Divorced,AB+,Indian,Bengaluru Urban,PS0124
P009846,Naveen Reddy,Male,1972-02-28,54,Sales Executive,Primary,Married,AB+,Indian,Belagavi,PS0069
P009847,Rekha Hiremath,Female,2006-05-29,20,Teacher,High School,Single,A+,Indian,Bidar,PS0188
P009848,Harish Verma,Male,2003-08-12,22,Software Engineer,Graduate,Single,B+,Indian,Bengaluru Rural,PS0088
P009849,Kiran Verma,Male,1993-11-25,32,Security Guard,Post Graduate,Single,B-,Indian,Chamarajanagar,PS0201
P009850,Ajay Poojary,Male,2002-02-18,24,Labour,High School,Widowed,AB+,Indian,Chamarajanagar,PS0215
P009851,Vidya Reddy,Female,1990-07-19,36,Farmer,Graduate,Single,A-,Indian,Chikkaballapura,PS0243
P009852,Priya Hegde,Female,1956-02-27,70,Police,Graduate,Single,A+,Indian,Belagavi,PS0053
P009853,Harini Desai,Female,1961-02-21,65,Farmer,Diploma,Single,O-,Indian,Bengaluru Rural,PS0089
P009854,Keerthi Kumar,Female,1975-10-05,50,Electrician,PhD,Single,A+,Indian,Bidar,PS0153
P009855,Mahesh Rao,Male,1998-05-11,28,Electrician,Post Graduate,Divorced,O+,Indian,Bengaluru Rural,PS0080
P009856,Manoj Kulkarni,Male,1958-11-18,67,Sales Executive,Diploma,Widowed,O+,Indian,Bidar,PS0159
P009857,Rohit Hiremath,Male,2004-02-18,22,Security Guard,PUC,Married,AB-,Indian,Bagalkote,PS0008
P009858,Rahul Reddy,Male,1990-03-29,36,Mechanic,Diploma,Widowed,A+,Indian,Chikkaballapura,PS0242
P009859,Divya Hiremath,Female,2007-08-30,18,Teacher,Graduate,Widowed,AB-,Indian,Belagavi,PS0053
P009860,Kiran Verma,Male,1961-12-14,64,Lawyer,Diploma,Single,B-,Indian,Bengaluru Rural,PS0096
P009861,Pooja Kambali,Female,1995-12-07,30,Carpenter,Post Graduate,Widowed,B-,Indian,Bengaluru Urban,PS0130
P009862,Puneeth Naik,Male,1959-03-30,67,Farmer,PhD,Widowed,O+,Indian,Bidar,PS0162
P009863,Shivakumar Shetty,Male,1994-06-25,32,Unemployed,Primary,Married,O+,Indian,Chamarajanagar,PS0212
P009864,Prakash Joshi,Male,1958-04-18,68,Unemployed,Graduate,Widowed,A-,Indian,Bengaluru Urban,PS0123
P009865,Vijay Hiremath,Male,1973-02-09,53,Electrician,Primary,Single,A+,Indian,Chikkaballapura,PS0240
P009866,Ramesh Bhat,Male,1985-07-10,41,Business,PUC,Single,O-,Indian,Bidar,PS0182
P009867,Sangeetha Patil,Female,1967-12-16,58,Doctor,Post Graduate,Divorced,A-,Indian,Chamarajanagar,PS0198
P009868,Prakash Poojary,Male,2005-08-27,20,Doctor,PUC,Widowed,O-,Indian,Chikkaballapura,PS0238
P009869,Nisha Verma,Female,1968-01-17,58,Shop Owner,No Formal Education,Widowed,B-,Indian,Belagavi,PS0050
P009870,Roopa Kambali,Female,1966-12-25,59,Lawyer,Primary,Widowed,B+,Indian,Belagavi,PS0056
P009871,Anjali Rao,Female,1961-01-28,65,Doctor,Graduate,Married,AB-,Indian,Bagalkote,PS0025
P009872,Ravi Bhat,Male,1974-02-04,52,Lawyer,High School,Single,A-,Indian,Bagalkote,PS0005
P009873,Kiran Kambali,Male,1971-06-01,55,Shop Owner,High School,Single,AB+,Indian,Belagavi,PS0047
P009874,Megha Verma,Female,1958-12-06,67,Carpenter,Diploma,Married,B-,Indian,Bengaluru Rural,PS0071
P009875,Rohit Patil,Male,1983-10-09,42,Security Guard,Graduate,Divorced,B-,Indian,Bengaluru Rural,PS0100
P009876,Pradeep Joshi,Male,1981-03-13,45,Business,High School,Married,A+,Indian,Bidar,PS0175
P009877,Sowmya Siddiqui,Female,1964-11-07,61,Student,Graduate,Single,AB+,Indian,Ballari,PS0033
P009878,Puneeth Kambali,Male,1962-05-31,64,Nurse,PhD,Married,B-,Indian,Chamarajanagar,PS0219
P009879,Mahesh Hiremath,Male,1976-12-09,49,Software Engineer,Primary,Single,O-,Indian,Bengaluru Rural,PS0082
P009880,Ganesh Kulkarni,Male,1960-08-24,65,Carpenter,PUC,Divorced,B-,Indian,Ballari,PS0038
P009881,Shreya Poojary,Female,1980-08-11,45,Doctor,Graduate,Divorced,A+,Indian,Chamarajanagar,PS0232
P009882,Shreya Naik,Female,1994-11-13,31,Lawyer,Graduate,Divorced,O+,Indian,Chikkaballapura,PS0247
P009883,Basavaraj Poojary,Male,2004-11-05,21,Engineer,Primary,Widowed,A-,Indian,Bagalkote,PS0022
P009884,Divya Sharma,Female,1955-10-12,70,Student,Post Graduate,Married,AB+,Indian,Bengaluru Urban,PS0117
P009885,Sanjay Singh,Male,1963-08-30,62,Driver,High School,Widowed,B+,Indian,Bengaluru Urban,PS0142
P009886,Abhishek Desai,Male,1964-11-18,61,Shop Owner,Primary,Divorced,O-,Indian,Belagavi,PS0062
P009887,Keerthi Singh,Female,1980-10-08,45,Teacher,PUC,Widowed,AB-,Indian,Bengaluru Urban,PS0147
P009888,Harish Hiremath,Male,1957-08-21,68,Electrician,PhD,Divorced,AB-,Indian,Chikkaballapura,PS0246
P009889,Ramesh Kumar,Male,1976-10-29,49,Business,Graduate,Single,A-,Indian,Bagalkote,PS0021
P009890,Vijay Shetty,Male,2006-01-21,20,Student,No Formal Education,Single,A-,Indian,Bengaluru Rural,PS0108
P009891,Basavaraj Joshi,Male,1976-02-26,50,Lawyer,Primary,Divorced,B+,Indian,Bidar,PS0185
P009892,Rohit Shetty,Male,1962-07-10,64,Software Engineer,Primary,Single,A+,Indian,Chikkaballapura,PS0240
P009893,Pradeep Angadi,Male,2003-08-24,22,Security Guard,Graduate,Single,O+,Indian,Chamarajanagar,PS0200
P009894,Vidya Kulkarni,Female,1975-04-29,51,Carpenter,Post Graduate,Single,AB+,Indian,Bidar,PS0176
P009895,Rahul Kambali,Male,1963-10-07,62,Electrician,Graduate,Married,O+,Indian,Bengaluru Urban,PS0135
P009896,Mahesh Kambali,Male,1969-01-03,57,Doctor,PhD,Divorced,AB+,Indian,Bengaluru Rural,PS0076
P009897,Sangeetha Kumar,Female,1998-02-21,28,Lawyer,Graduate,Married,B+,Indian,Bengaluru Rural,PS0081
P009898,Radhika Angadi,Female,1978-09-07,47,Unemployed,PhD,Widowed,B-,Indian,Belagavi,PS0063
P009899,Mahesh Kumar,Male,1959-04-01,67,Sales Executive,Post Graduate,Divorced,A-,Indian,Belagavi,PS0064
P009900,Swathi Kambali,Female,1996-09-03,29,Student,Primary,Divorced,B+,Indian,Bagalkote,PS0010
P009901,Kavya Singh,Female,1976-12-17,49,Carpenter,Diploma,Single,O+,Indian,Chamarajanagar,PS0196
P009902,Sowmya Siddiqui,Female,1984-10-21,41,Police,No Formal Education,Divorced,AB+,Indian,Bagalkote,PS0008
P009903,Bhavya Verma,Female,1985-12-07,40,Security Guard,Primary,Widowed,B-,Indian,Chamarajanagar,PS0195
P009904,Chetan Bhat,Male,1973-10-06,52,Business,Graduate,Single,AB-,Indian,Bengaluru Urban,PS0123
P009905,Shivakumar Naik,Male,1966-05-27,60,Sales Executive,Diploma,Single,O+,Indian,Chamarajanagar,PS0214
P009906,Suresh Angadi,Male,2002-07-24,23,Software Engineer,High School,Single,AB-,Indian,Chikkaballapura,PS0249
P009907,Roopa Singh,Female,1955-08-15,70,Carpenter,PUC,Married,A-,Indian,Belagavi,PS0064
P009908,Sunitha Joshi,Female,1991-01-05,35,Software Engineer,Post Graduate,Married,B+,Indian,Bengaluru Urban,PS0132
P009909,Shreya Angadi,Female,1959-02-17,67,Driver,PhD,Widowed,A-,Indian,Bengaluru Rural,PS0081
P009910,Rekha Singh,Female,2003-03-11,23,Doctor,PUC,Single,A+,Indian,Bengaluru Rural,PS0100
P009911,Chetan Gowda,Male,2003-11-16,22,Government Employee,Diploma,Single,B+,Indian,Belagavi,PS0053
P009912,Siddu Singh,Male,1984-11-09,41,Student,No Formal Education,Married,A-,Indian,Bidar,PS0192
P009913,Ravi Hegde,Male,1995-12-24,30,Shop Owner,High School,Divorced,AB+,Indian,Bengaluru Urban,PS0149
P009914,Akash Kumar,Male,2000-12-19,25,Nurse,Graduate,Married,A+,Indian,Ballari,PS0042
P009915,Nandini Bhat,Female,2001-12-01,24,Nurse,No Formal Education,Married,AB-,Indian,Chamarajanagar,PS0229
P009916,Nisha Poojary,Female,2000-08-11,25,Doctor,Primary,Widowed,A+,Indian,Chamarajanagar,PS0197
P009917,Sneha Verma,Female,1976-10-20,49,Driver,Graduate,Divorced,O-,Indian,Chamarajanagar,PS0226
P009918,Preethi Poojary,Female,1978-12-06,47,Shop Owner,Diploma,Single,AB-,Indian,Bengaluru Urban,PS0133
P009919,Abhishek Shetty,Male,2002-01-04,24,Labour,Primary,Married,O-,Indian,Bidar,PS0153
P009920,Suresh Kumar,Male,1988-11-10,37,Carpenter,PhD,Widowed,B+,Indian,Chamarajanagar,PS0195
P009921,Nandini Patil,Female,2001-12-12,24,Driver,Diploma,Single,O-,Indian,Bagalkote,PS0025
P009922,Sowmya Gowda,Female,1978-08-11,47,Driver,PhD,Married,AB-,Indian,Chamarajanagar,PS0196
P009923,Keerthi Patil,Female,1981-08-07,44,Farmer,Graduate,Divorced,A-,Indian,Belagavi,PS0067
P009924,Nandini Reddy,Female,1997-08-17,28,Labour,High School,Widowed,O+,Indian,Bidar,PS0190
P009925,Geetha Shetty,Female,2002-12-09,23,Security Guard,High School,Divorced,O-,Indian,Chamarajanagar,PS0219
P009926,Vidya Kulkarni,Female,1984-10-22,41,Carpenter,Primary,Divorced,O+,Indian,Bengaluru Rural,PS0093
P009927,Radhika Hiremath,Female,2000-05-10,26,Police,Primary,Divorced,B-,Indian,Bagalkote,PS0008
P009928,Lokesh Angadi,Male,1985-12-26,40,Police,High School,Single,B-,Indian,Bidar,PS0189
P009929,Shivakumar Siddiqui,Male,1987-07-27,38,Police,No Formal Education,Divorced,O+,Indian,Chamarajanagar,PS0194
P009930,Asha Kambali,Female,1973-09-22,52,Police,No Formal Education,Widowed,O-,Indian,Bengaluru Rural,PS0096
P009931,Lokesh Naik,Male,1999-03-20,27,Electrician,High School,Divorced,A-,Indian,Chamarajanagar,PS0229
P009932,Radhika Verma,Female,1984-06-09,42,Labour,Post Graduate,Widowed,A-,Indian,Bengaluru Rural,PS0070
P009933,Anitha Kulkarni,Female,1966-03-26,60,Electrician,No Formal Education,Widowed,AB-,Indian,Bidar,PS0187
P009934,Anjali Sharma,Female,2005-07-26,20,Police,Diploma,Widowed,AB+,Indian,Bagalkote,PS0020
P009935,Geetha Gowda,Female,1959-05-11,67,Electrician,Diploma,Single,AB-,Indian,Bengaluru Rural,PS0099
P009936,Rahul Singh,Male,1958-04-04,68,Business,No Formal Education,Widowed,AB+,Indian,Ballari,PS0031
P009937,Abhishek Desai,Male,1975-11-13,50,Lawyer,Post Graduate,Single,AB-,Indian,Belagavi,PS0068
P009938,Swathi Kambali,Female,2000-10-26,25,Government Employee,PUC,Divorced,A+,Indian,Bengaluru Rural,PS0087
P009939,Harini Desai,Female,1977-04-03,49,Shop Owner,Diploma,Single,B-,Indian,Chamarajanagar,PS0193
P009940,Priya Verma,Female,2001-10-20,24,Government Employee,No Formal Education,Married,B-,Indian,Bengaluru Urban,PS0131
P009941,Abhishek Reddy,Male,1980-02-02,46,Doctor,Primary,Married,O+,Indian,Bengaluru Urban,PS0115
P009942,Suresh Gowda,Male,1989-11-07,36,Mechanic,High School,Single,O-,Indian,Chamarajanagar,PS0211
P009943,Shreya Joshi,Female,1990-10-28,35,Government Employee,No Formal Education,Divorced,O-,Indian,Bengaluru Urban,PS0145
P009944,Pooja Kumar,Female,1985-11-15,40,Engineer,No Formal Education,Single,A+,Indian,Bengaluru Urban,PS0112
P009945,Rohit Pujari,Male,1968-08-22,57,Labour,No Formal Education,Widowed,B+,Indian,Ballari,PS0026
P009946,Kiran Naik,Male,1955-09-14,70,Nurse,PhD,Single,A+,Indian,Bengaluru Rural,PS0089
P009947,Basavaraj Bhat,Male,1969-08-23,56,Police,High School,Widowed,O+,Indian,Ballari,PS0043
P009948,Pradeep Joshi,Male,1986-04-29,40,Nurse,Diploma,Divorced,A+,Indian,Bagalkote,PS0012
P009949,Sunitha Gowda,Female,1997-12-12,28,Security Guard,Diploma,Married,AB-,Indian,Belagavi,PS0063
P009950,Manoj Kumar,Male,1969-12-09,56,Doctor,PUC,Divorced,B+,Indian,Bengaluru Urban,PS0135
P009951,Vinay Singh,Male,1978-07-04,48,Police,Graduate,Married,B+,Indian,Belagavi,PS0050
P009952,Shreya Naik,Female,2000-09-21,25,Business,PhD,Single,A-,Indian,Bengaluru Urban,PS0110
P009953,Keerthi Poojary,Female,1982-06-16,44,Electrician,Primary,Widowed,O+,Indian,Bagalkote,PS0005
P009954,Kiran Bhat,Male,1984-03-18,42,Security Guard,Diploma,Divorced,O-,Indian,Chamarajanagar,PS0226
P009955,Suresh Siddiqui,Male,2006-05-14,20,Police,Post Graduate,Single,O-,Indian,Chikkaballapura,PS0249
P009956,Bhavya Kambali,Female,1970-04-25,56,Nurse,Primary,Divorced,A-,Indian,Bengaluru Rural,PS0101
P009957,Swathi Kumar,Female,1962-09-19,63,Electrician,Graduate,Widowed,A+,Indian,Belagavi,PS0053
P009958,Suraj Kumar,Male,1963-06-04,63,Government Employee,PUC,Married,O-,Indian,Bengaluru Urban,PS0110
P009959,Preethi Reddy,Female,1964-04-04,62,Driver,Post Graduate,Single,B-,Indian,Chamarajanagar,PS0193
P009960,Abhishek Pujari,Male,2001-04-12,25,Business,Graduate,Divorced,O-,Indian,Bidar,PS0179
P009961,Rohit Singh,Male,1957-07-27,68,Farmer,Post Graduate,Single,AB-,Indian,Chamarajanagar,PS0204
P009962,Pooja Kulkarni,Female,1977-05-24,49,Carpenter,High School,Divorced,B-,Indian,Chamarajanagar,PS0197
P009963,Priya Angadi,Female,1981-12-20,44,Teacher,No Formal Education,Widowed,AB-,Indian,Belagavi,PS0054
P009964,Anitha Joshi,Female,1979-08-27,46,Student,No Formal Education,Divorced,B+,Indian,Bengaluru Rural,PS0106
P009965,Siddu Naik,Male,1984-12-18,41,Electrician,Post Graduate,Married,A+,Indian,Bagalkote,PS0010
P009966,Lokesh Poojary,Male,1997-11-23,28,Teacher,Graduate,Single,B-,Indian,Bagalkote,PS0009
P009967,Ravi Siddiqui,Male,2007-12-05,18,Carpenter,PUC,Divorced,A-,Indian,Bengaluru Rural,PS0074
P009968,Akash Desai,Male,1975-03-02,51,Unemployed,Post Graduate,Divorced,B-,Indian,Bengaluru Rural,PS0070
P009969,Megha Joshi,Female,1998-07-19,28,Student,PhD,Divorced,AB-,Indian,Chamarajanagar,PS0216
P009970,Deepa Rao,Female,2002-11-07,23,Shop Owner,High School,Married,B-,Indian,Belagavi,PS0060
P009971,Priya Hiremath,Female,1965-10-31,60,Sales Executive,No Formal Education,Divorced,O-,Indian,Bengaluru Urban,PS0127
P009972,Lakshmi Pujari,Female,1967-12-09,58,Labour,PhD,Married,B+,Indian,Chamarajanagar,PS0214
P009973,Deepa Hiremath,Female,2001-08-07,24,Sales Executive,Post Graduate,Single,O-,Indian,Ballari,PS0034
P009974,Arjun Kulkarni,Male,1965-12-08,60,Police,Primary,Divorced,O+,Indian,Bengaluru Rural,PS0073
P009975,Sanjay Angadi,Male,1974-08-26,51,Business,Post Graduate,Married,AB+,Indian,Belagavi,PS0067
P009976,Sowmya Poojary,Female,1970-03-26,56,Police,Post Graduate,Married,O+,Indian,Bagalkote,PS0018
P009977,Ganesh Hegde,Male,2000-02-04,26,Electrician,Primary,Single,AB+,Indian,Bidar,PS0191
P009978,Nandini Kulkarni,Female,2002-05-18,24,Sales Executive,PUC,Widowed,A+,Indian,Chikkaballapura,PS0244
P009979,Kavya Verma,Female,1982-01-20,44,Carpenter,Primary,Single,AB-,Indian,Ballari,PS0040
P009980,Suraj Verma,Male,1961-09-02,64,Mechanic,PhD,Single,A+,Indian,Bagalkote,PS0008
P009981,Rahul Rao,Male,1955-02-07,71,Engineer,PUC,Divorced,B+,Indian,Bengaluru Rural,PS0076
P009982,Swathi Naik,Female,1996-08-10,29,Driver,Post Graduate,Married,B+,Indian,Bengaluru Rural,PS0104
P009983,Radhika Bhat,Female,2004-05-27,22,Government Employee,PUC,Widowed,A+,Indian,Belagavi,PS0053
P009984,Manoj Angadi,Male,2000-04-29,26,Electrician,Graduate,Divorced,B+,Indian,Bengaluru Urban,PS0139
P009985,Suraj Desai,Male,1964-01-10,62,Sales Executive,High School,Widowed,A+,Indian,Ballari,PS0044
P009986,Ravi Hiremath,Male,1965-06-21,61,Business,PhD,Married,A-,Indian,Bengaluru Urban,PS0144
P009987,Roopa Patil,Female,2003-07-26,22,Police,Post Graduate,Single,O+,Indian,Bidar,PS0173
P009988,Shreya Kambali,Female,2000-05-03,26,Lawyer,Diploma,Widowed,AB+,Indian,Bengaluru Rural,PS0098
P009989,Rohit Verma,Male,1972-05-10,54,Business,High School,Married,A+,Indian,Bidar,PS0169
P009990,Kusuma Shetty,Female,1980-01-03,46,Shop Owner,No Formal Education,Widowed,B+,Indian,Chikkaballapura,PS0236
P009991,Megha Rao,Female,1985-02-17,41,Mechanic,Graduate,Widowed,B-,Indian,Ballari,PS0027
P009992,Ganesh Poojary,Male,1978-10-30,47,Police,Diploma,Married,A+,Indian,Bidar,PS0181
P009993,Priya Shetty,Female,1980-09-03,45,Engineer,No Formal Education,Divorced,A+,Indian,Bagalkote,PS0009
P009994,Pradeep Bhat,Male,1986-03-18,40,Engineer,PUC,Widowed,B-,Indian,Chamarajanagar,PS0201
P009995,Priya Angadi,Female,1971-02-12,55,Nurse,High School,Divorced,B+,Indian,Bengaluru Rural,PS0094
P009996,Divya Poojary,Female,1988-04-30,38,Doctor,Graduate,Divorced,A-,Indian,Ballari,PS0028
P009997,Pradeep Shetty,Male,2000-07-05,26,Sales Executive,No Formal Education,Single,B+,Indian,Bagalkote,PS0010
P009998,Shivakumar Rao,Male,1993-07-06,33,Doctor,PUC,Married,B-,Indian,Chamarajanagar,PS0229
P009999,Ramesh Hiremath,Male,2000-04-17,26,Sales Executive,Diploma,Divorced,AB-,Indian,Chikkaballapura,PS0236
P010000,Shivakumar Shetty,Male,1968-02-21,58,Sales Executive,Post Graduate,Single,O-,Indian,Bidar,PS0177
